MMSI,BaseDateTime,LAT,LON,SOG,COG,Heading,VesselName,IMO,CallSign,VesselType,Status,Length,Width,Draft,Cargo,TransceiverClass
367861000,2020-08-20T00:00:01,36.94640,-76.32977,0.0,0.0,265.0,LARAMIE,IMO8906626,NLAR,80,5,193,29,,,A
215677000,2020-08-20T00:00:05,37.23581,-76.11932,0.0,305.5,49.0,RIZE,IMO9584035,9HA2781,70,1,229,32,14.5,,A
367078110,2020-08-20T00:00:04,36.83854,-76.28199,0.0,222.0,511.0,MARCELLE BORDELON,IMO9350379,WDJ2038,79,3,45,11,3.0,79,A
367821000,2020-08-20T00:00:08,36.97285,-76.43367,0.0,0.0,511.0,YANO,IMO7825409,NAQH,70,0,276,32,13.0,70,A
367078110,2020-08-20T00:01:45,36.83855,-76.28198,0.0,235.0,511.0,MARCELLE BORDELON,IMO9350379,WDJ2038,79,3,45,11,3.0,79,A
538002652,2020-08-20T00:00:51,36.87947,-76.32643,0.0,226.0,276.0,NAIAS,IMO9330800,V7KN8,70,5,225,32,14.0,70,A
477196100,2020-08-20T00:00:49,37.19555,-76.13686,0.1,351.5,75.0,DARYA MA,IMO9591674,VRJH5,70,1,229,32,14.5,,A
367821000,2020-08-20T00:01:17,36.97285,-76.43367,0.0,0.0,511.0,YANO,IMO7825409,NAQH,70,0,276,32,13.0,70,A
538006982,2020-08-20T00:02:16,36.96261,-76.42367,0.0,43.4,40.0,ANTE TOPIC,IMO9737072,V7TR4,70,5,,,,,A
368026000,2020-08-20T00:00:20,36.86576,-76.31603,0.0,270.5,2.0,BENAVIDEZ,IMO9218210,NBHG,70,5,289,32,10.9,70,A
211839000,2020-08-20T00:01:28,36.90657,-76.32671,0.0,353.0,353.0,CHICAGO EXPRESS,IMO9295268,DCUJ2,70,5,336,42,14.6,79,A
366839000,2020-08-20T00:01:04,36.85350,-76.31077,0.0,0.0,39.0,CAPE RISE,IMO7530808,KAFG,70,5,197,32,10.0,,A
367822000,2020-08-20T00:02:55,36.97309,-76.43385,0.0,0.0,239.0,USNS SHUGHART,IMO7825394,NAOQ,70,5,276,32,13.0,70,A
367078110,2020-08-20T00:02:56,36.83855,-76.28199,0.0,271.0,511.0,MARCELLE BORDELON,IMO9350379,WDJ2038,79,3,45,11,3.0,79,A
368026000,2020-08-20T00:03:20,36.86576,-76.31603,0.0,270.5,2.0,BENAVIDEZ,IMO9218210,NBHG,70,5,289,32,10.9,70,A
305855000,2020-08-20T00:02:48,36.86428,-76.31477,0.0,16.4,226.0,BBC PEARL,IMO9504786,V2FY8,70,5,153,23,9.1,70,A
477866300,2020-08-20T00:04:23,36.92732,-76.32989,0.0,7.4,355.0,BILBAO BRIDGE,IMO9492701,VRHY6,70,5,269,35,11.0,74,A
367861000,2020-08-20T00:03:01,36.94639,-76.32984,0.0,0.0,265.0,LARAMIE,IMO8906626,NLAR,80,5,193,29,,,A
215677000,2020-08-20T00:03:05,37.23579,-76.11930,0.0,305.5,49.0,RIZE,IMO9584035,9HA2781,70,1,229,32,14.5,,A
367078110,2020-08-20T00:04:05,36.83855,-76.28198,0.0,285.0,511.0,MARCELLE BORDELON,IMO9350379,WDJ2038,79,3,45,11,3.0,79,A
477196100,2020-08-20T00:03:51,37.19568,-76.13687,0.1,348.7,80.0,DARYA MA,IMO9591674,VRJH5,70,1,229,32,14.5,,A
367932000,2020-08-20T00:02:18,36.94918,-76.32969,0.0,107.0,279.0,JOHN LENTHALL,IMO8325547,NJLN,80,5,193,29,,,A
211839000,2020-08-20T00:04:29,36.90662,-76.32665,0.0,353.0,353.0,CHICAGO EXPRESS,IMO9295268,DCUJ2,70,5,336,42,14.6,79,A
366839000,2020-08-20T00:04:02,36.85351,-76.31079,0.0,0.0,39.0,CAPE RISE,IMO7530808,KAFG,70,5,197,32,10.0,,A
367821000,2020-08-20T00:04:47,36.97284,-76.43366,0.0,0.0,511.0,YANO,IMO7825409,NAQH,70,0,276,32,13.0,70,A
305855000,2020-08-20T00:05:49,36.86429,-76.31477,0.0,33.3,226.0,BBC PEARL,IMO9504786,V2FY8,70,5,153,23,9.1,70,A
367078110,2020-08-20T00:05:24,36.83854,-76.28199,0.0,242.0,511.0,MARCELLE BORDELON,IMO9350379,WDJ2038,79,3,45,11,3.0,79,A
367822000,2020-08-20T00:05:55,36.97312,-76.43381,0.0,0.0,239.0,USNS SHUGHART,IMO7825394,NAOQ,70,5,276,32,13.0,70,A
367078110,2020-08-20T00:06:54,36.83854,-76.28198,0.0,265.0,511.0,MARCELLE BORDELON,IMO9350379,WDJ2038,79,3,45,11,3.0,79,A
367821000,2020-08-20T00:07:18,36.97284,-76.43366,0.0,0.0,511.0,YANO,IMO7825409,NAQH,70,0,276,32,13.0,70,A
215677000,2020-08-20T00:09:04,37.23591,-76.11938,0.1,305.5,51.0,RIZE,IMO9584035,9HA2781,70,1,229,32,14.5,,A
538006982,2020-08-20T00:05:16,36.96257,-76.42368,0.0,43.4,40.0,ANTE TOPIC,IMO9737072,V7TR4,70,5,,,,,A
305855000,2020-08-20T00:08:47,36.86428,-76.31476,0.0,7.8,226.0,BBC PEARL,IMO9504786,V2FY8,70,5,153,23,9.1,70,A
367932000,2020-08-20T00:05:17,36.94917,-76.32958,0.0,107.0,279.0,JOHN LENTHALL,IMO8325547,NJLN,80,5,193,29,,,A
538002652,2020-08-20T00:09:52,36.87945,-76.32645,0.0,226.0,276.0,NAIAS,IMO9330800,V7KN8,70,5,225,32,14.0,70,A
477196100,2020-08-20T00:06:51,37.19577,-76.13691,0.2,336.6,84.0,DARYA MA,IMO9591674,VRJH5,70,1,229,32,14.5,,A
367861000,2020-08-20T00:06:00,36.94637,-76.32982,0.0,0.0,265.0,LARAMIE,IMO8906626,NLAR,80,5,193,29,,,A
367932000,2020-08-20T00:08:16,36.94917,-76.32967,0.0,107.0,279.0,JOHN LENTHALL,IMO8325547,NJLN,80,5,193,29,,,A
211839000,2020-08-20T00:10:30,36.90655,-76.32676,0.0,353.0,353.0,CHICAGO EXPRESS,IMO9295268,DCUJ2,70,5,336,42,14.6,79,A
367821000,2020-08-20T00:06:08,36.97284,-76.43366,0.0,0.0,511.0,YANO,IMO7825409,NAQH,70,0,276,32,13.0,70,A
538006982,2020-08-20T00:08:16,36.96256,-76.42364,0.0,43.4,40.0,ANTE TOPIC,IMO9737072,V7TR4,70,5,,,,,A
368026000,2020-08-20T00:06:21,36.86576,-76.31603,0.0,270.5,2.0,BENAVIDEZ,IMO9218210,NBHG,70,5,289,32,10.9,70,A
366839000,2020-08-20T00:07:06,36.85353,-76.31079,0.0,0.0,39.0,CAPE RISE,IMO7530808,KAFG,70,5,197,32,10.0,,A
538002652,2020-08-20T00:06:49,36.87943,-76.32645,0.0,226.0,276.0,NAIAS,IMO9330800,V7KN8,70,5,225,32,14.0,70,A
538006982,2020-08-20T00:11:16,36.96261,-76.42368,0.0,43.4,40.0,ANTE TOPIC,IMO9737072,V7TR4,70,5,,,,,A
215677000,2020-08-20T00:11:58,37.23602,-76.11950,0.2,308.4,52.0,RIZE,IMO9584035,9HA2781,70,1,229,32,14.5,,A
367861000,2020-08-20T00:12:00,36.94636,-76.32977,0.0,0.0,265.0,LARAMIE,IMO8906626,NLAR,80,5,193,29,,,A
367821000,2020-08-20T00:12:08,36.97285,-76.43366,0.0,0.0,511.0,YANO,IMO7825409,NAQH,70,0,276,32,13.0,70,A
477866300,2020-08-20T00:07:24,36.92746,-76.32983,0.0,7.4,355.0,BILBAO BRIDGE,IMO9492701,VRHY6,70,5,269,35,11.0,74,A
367078110,2020-08-20T00:08:05,36.83854,-76.28198,0.0,300.0,511.0,MARCELLE BORDELON,IMO9350379,WDJ2038,79,3,45,11,3.0,79,A
367078110,2020-08-20T00:12:45,36.83855,-76.28198,0.0,314.0,511.0,MARCELLE BORDELON,IMO9350379,WDJ2038,79,3,45,11,3.0,79,A
367078110,2020-08-20T00:09:16,36.83854,-76.28199,0.0,280.0,511.0,MARCELLE BORDELON,IMO9350379,WDJ2038,79,3,45,11,3.0,79,A
367822000,2020-08-20T00:08:55,36.97311,-76.43383,0.0,0.0,238.0,USNS SHUGHART,IMO7825394,NAOQ,70,5,276,32,13.0,70,A
367821000,2020-08-20T00:08:38,36.97284,-76.43366,0.0,0.0,511.0,YANO,IMO7825409,NAQH,70,0,276,32,13.0,70,A
538002652,2020-08-20T00:12:50,36.87942,-76.32648,0.0,226.0,276.0,NAIAS,IMO9330800,V7KN8,70,5,225,32,14.0,70,A
211839000,2020-08-20T00:07:32,36.90656,-76.32670,0.0,353.0,353.0,CHICAGO EXPRESS,IMO9295268,DCUJ2,70,5,336,42,14.6,79,A
477866300,2020-08-20T00:13:26,36.92746,-76.32979,0.0,5.2,355.0,BILBAO BRIDGE,IMO9492701,VRHY6,70,5,269,35,11.0,74,A
477866300,2020-08-20T00:10:23,36.92747,-76.32975,0.0,7.4,355.0,BILBAO BRIDGE,IMO9492701,VRHY6,70,5,269,35,11.0,74,A
367861000,2020-08-20T00:15:00,36.94642,-76.32985,0.0,0.0,265.0,LARAMIE,IMO8906626,NLAR,80,5,193,29,,,A
367861000,2020-08-20T00:09:00,36.94639,-76.32983,0.0,0.0,265.0,LARAMIE,IMO8906626,NLAR,80,5,193,29,,,A
367078110,2020-08-20T00:10:25,36.83855,-76.28198,0.0,352.0,511.0,MARCELLE BORDELON,IMO9350379,WDJ2038,79,3,45,11,3.0,79,A
367821000,2020-08-20T00:10:57,36.97284,-76.43366,0.0,0.0,511.0,YANO,IMO7825409,NAQH,70,0,276,32,13.0,70,A
368026000,2020-08-20T00:09:20,36.86574,-76.31604,0.0,270.5,2.0,BENAVIDEZ,IMO9218210,NBHG,70,5,289,32,10.9,70,A
367078110,2020-08-20T00:15:15,36.83855,-76.28199,0.0,276.0,511.0,MARCELLE BORDELON,IMO9350379,WDJ2038,79,3,45,11,3.0,79,A
367821000,2020-08-20T00:09:47,36.97284,-76.43366,0.0,0.0,511.0,YANO,IMO7825409,NAQH,70,0,276,32,13.0,70,A
477196100,2020-08-20T00:09:45,37.19587,-76.13692,0.1,339.3,87.0,DARYA MA,IMO9591674,VRJH5,70,1,229,32,14.5,,A
215677000,2020-08-20T00:15:04,37.23608,-76.11961,0.2,310.1,54.0,RIZE,IMO9584035,9HA2781,70,1,229,32,14.5,,A
366839000,2020-08-20T00:10:01,36.85350,-76.31082,0.0,0.0,39.0,CAPE RISE,IMO7530808,KAFG,70,5,197,32,10.0,,A
477196100,2020-08-20T00:12:49,37.19595,-76.13693,0.1,12.2,89.0,DARYA MA,IMO9591674,VRJH5,70,1,229,32,14.5,,A
367078110,2020-08-20T00:11:35,36.83854,-76.28199,0.0,326.0,511.0,MARCELLE BORDELON,IMO9350379,WDJ2038,79,3,45,11,3.0,79,A
368026000,2020-08-20T00:15:20,36.86577,-76.31605,0.0,270.5,2.0,BENAVIDEZ,IMO9218210,NBHG,70,5,289,32,10.9,70,A
367821000,2020-08-20T00:13:38,36.97285,-76.43366,0.0,0.0,511.0,YANO,IMO7825409,NAQH,70,0,276,32,13.0,70,A
538006982,2020-08-20T00:17:16,36.96253,-76.42370,0.1,193.7,40.0,ANTE TOPIC,IMO9737072,V7TR4,70,5,,,,,A
477196100,2020-08-20T00:15:46,37.19604,-76.13691,0.1,10.2,92.0,DARYA MA,IMO9591674,VRJH5,70,1,229,32,14.5,,A
367822000,2020-08-20T00:11:56,36.97311,-76.43384,0.0,0.0,238.0,USNS SHUGHART,IMO7825394,NAOQ,70,5,276,32,13.0,70,A
368026000,2020-08-20T00:18:21,36.86576,-76.31603,0.0,270.5,2.0,BENAVIDEZ,IMO9218210,NBHG,70,5,289,32,10.9,70,A
368026000,2020-08-20T00:12:20,36.86576,-76.31602,0.0,270.5,2.0,BENAVIDEZ,IMO9218210,NBHG,70,5,289,32,10.9,70,A
367822000,2020-08-20T00:14:56,36.97311,-76.43384,0.0,0.0,238.0,USNS SHUGHART,IMO7825394,NAOQ,70,5,276,32,13.0,70,A
211839000,2020-08-20T00:13:32,36.90652,-76.32675,0.0,352.0,352.0,CHICAGO EXPRESS,IMO9295268,DCUJ2,70,5,336,42,14.6,79,A
367822000,2020-08-20T00:17:54,36.97311,-76.43384,0.0,0.0,238.0,USNS SHUGHART,IMO7825394,NAOQ,70,5,276,32,13.0,70,A
367821000,2020-08-20T00:18:08,36.97285,-76.43366,0.0,0.0,511.0,YANO,IMO7825409,NAQH,70,0,276,32,13.0,70,A
367821000,2020-08-20T00:17:07,36.97285,-76.43366,0.0,0.0,511.0,YANO,IMO7825409,NAQH,70,0,276,32,13.0,70,A
367078110,2020-08-20T00:17:34,36.83855,-76.28199,0.0,317.0,511.0,MARCELLE BORDELON,IMO9350379,WDJ2038,79,3,45,11,3.0,79,A
367078110,2020-08-20T00:18:45,36.83855,-76.28199,0.0,247.0,511.0,MARCELLE BORDELON,IMO9350379,WDJ2038,79,3,45,11,3.0,79,A
538002652,2020-08-20T00:15:52,36.87947,-76.32645,0.0,21.0,276.0,NAIAS,IMO9330800,V7KN8,70,5,225,32,14.0,70,A
367078110,2020-08-20T00:13:55,36.83855,-76.28198,0.0,307.0,511.0,MARCELLE BORDELON,IMO9350379,WDJ2038,79,3,45,11,3.0,79,A
477196100,2020-08-20T00:18:50,37.19611,-76.13689,0.1,355.1,96.0,DARYA MA,IMO9591674,VRJH5,70,1,229,32,14.5,,A
538002652,2020-08-20T00:18:49,36.87943,-76.32647,0.0,21.0,276.0,NAIAS,IMO9330800,V7KN8,70,5,225,32,14.0,70,A
367821000,2020-08-20T00:19:27,36.97285,-76.43366,0.0,0.0,511.0,YANO,IMO7825409,NAQH,70,0,276,32,13.0,70,A
366839000,2020-08-20T00:13:05,36.85349,-76.31082,0.0,0.0,39.0,CAPE RISE,IMO7530808,KAFG,70,5,197,32,10.0,,A
366839000,2020-08-20T00:16:02,36.85348,-76.31083,0.0,0.0,39.0,CAPE RISE,IMO7530808,KAFG,70,5,197,32,10.0,,A
305855000,2020-08-20T00:14:46,36.86426,-76.31476,0.0,3.3,226.0,BBC PEARL,IMO9504786,V2FY8,70,5,153,23,9.1,70,A
211839000,2020-08-20T00:19:36,36.90652,-76.32674,0.0,352.0,352.0,CHICAGO EXPRESS,IMO9295268,DCUJ2,70,5,336,42,14.6,79,A
367078110,2020-08-20T00:19:55,36.83855,-76.28199,0.0,231.0,511.0,MARCELLE BORDELON,IMO9350379,WDJ2038,79,3,45,11,3.0,79,A
211839000,2020-08-20T00:16:35,36.90653,-76.32677,0.0,352.0,352.0,CHICAGO EXPRESS,IMO9295268,DCUJ2,70,5,336,42,14.6,79,A
367822000,2020-08-20T00:20:54,36.97312,-76.43384,0.0,0.0,238.0,USNS SHUGHART,IMO7825394,NAOQ,70,5,276,32,13.0,70,A
477866300,2020-08-20T00:19:24,36.92754,-76.32978,0.0,356.1,355.0,BILBAO BRIDGE,IMO9492701,VRHY6,70,5,269,35,11.0,74,A
367861000,2020-08-20T00:21:01,36.94633,-76.32976,0.0,0.0,265.0,LARAMIE,IMO8906626,NLAR,80,5,193,29,,,A
538006982,2020-08-20T00:20:16,36.96257,-76.42366,0.1,12.0,40.0,ANTE TOPIC,IMO9737072,V7TR4,70,5,,,,,A
477866300,2020-08-20T00:16:24,36.92758,-76.32977,0.0,5.2,355.0,BILBAO BRIDGE,IMO9492701,VRHY6,70,5,269,35,11.0,74,A
477866300,2020-08-20T00:22:23,36.92740,-76.32989,0.0,166.0,355.0,BILBAO BRIDGE,IMO9492701,VRHY6,70,5,269,35,11.0,74,A
367821000,2020-08-20T00:23:57,36.97285,-76.43366,0.0,0.0,511.0,YANO,IMO7825409,NAQH,70,0,276,32,13.0,70,A
368026000,2020-08-20T00:21:21,36.86576,-76.31605,0.0,270.5,2.0,BENAVIDEZ,IMO9218210,NBHG,70,5,289,32,10.9,70,A
538006982,2020-08-20T00:23:16,36.96254,-76.42367,0.0,14.7,40.0,ANTE TOPIC,IMO9737072,V7TR4,70,5,,,,,A
367821000,2020-08-20T00:22:08,36.97285,-76.43366,0.0,0.0,511.0,YANO,IMO7825409,NAQH,70,0,276,32,13.0,70,A
215677000,2020-08-20T00:18:03,37.23622,-76.11974,0.1,323.6,60.0,RIZE,IMO9584035,9HA2781,70,1,229,32,14.5,,A
538002652,2020-08-20T00:21:50,36.87947,-76.32643,0.0,21.0,276.0,NAIAS,IMO9330800,V7KN8,70,5,225,32,14.0,70,A
368026000,2020-08-20T00:24:21,36.86574,-76.31604,0.0,270.5,2.0,BENAVIDEZ,IMO9218210,NBHG,70,5,289,32,10.9,70,A
305855000,2020-08-20T00:20:48,36.86428,-76.31477,0.0,108.2,226.0,BBC PEARL,IMO9504786,V2FY8,70,5,153,23,9.1,70,A
367078110,2020-08-20T00:21:24,36.83856,-76.28198,0.0,93.0,511.0,MARCELLE BORDELON,IMO9350379,WDJ2038,79,3,45,11,3.0,79,A
367821000,2020-08-20T00:15:57,36.97285,-76.43365,0.0,0.0,511.0,YANO,IMO7825409,NAQH,70,0,276,32,13.0,70,A
366839000,2020-08-20T00:19:05,36.85351,-76.31082,0.0,0.0,39.0,CAPE RISE,IMO7530808,KAFG,70,5,197,32,10.0,,A
367821000,2020-08-20T00:20:48,36.97285,-76.43366,0.0,0.0,511.0,YANO,IMO7825409,NAQH,70,0,276,32,13.0,70,A
367861000,2020-08-20T00:24:00,36.94637,-76.32977,0.0,0.0,265.0,LARAMIE,IMO8906626,NLAR,80,5,193,29,,,A
367821000,2020-08-20T00:25:38,36.97285,-76.43366,0.0,0.0,511.0,YANO,IMO7825409,NAQH,70,0,276,32,13.0,70,A
477196100,2020-08-20T00:21:50,37.19620,-76.13688,0.1,350.4,99.0,DARYA MA,IMO9591674,VRJH5,70,1,229,32,14.5,,A
477866300,2020-08-20T00:25:25,36.92737,-76.32987,0.1,196.5,355.0,BILBAO BRIDGE,IMO9492701,VRHY6,70,5,269,35,11.0,74,A
215677000,2020-08-20T00:24:04,37.23652,-76.11986,0.2,351.1,70.0,RIZE,IMO9584035,9HA2781,70,1,229,32,14.5,,A
367078110,2020-08-20T00:23:24,36.83855,-76.28199,0.0,300.0,511.0,MARCELLE BORDELON,IMO9350379,WDJ2038,79,3,45,11,3.0,79,A
211839000,2020-08-20T00:25:36,36.90669,-76.32667,0.0,352.0,352.0,CHICAGO EXPRESS,IMO9295268,DCUJ2,70,5,336,42,14.6,79,A
366839000,2020-08-20T00:22:03,36.85351,-76.31083,0.0,0.0,39.0,CAPE RISE,IMO7530808,KAFG,70,5,197,32,10.0,,A
367078110,2020-08-20T00:26:25,36.83856,-76.28199,0.0,277.0,511.0,MARCELLE BORDELON,IMO9350379,WDJ2038,79,3,45,11,3.0,79,A
215677000,2020-08-20T00:21:04,37.23635,-76.11983,0.2,336.4,65.0,RIZE,IMO9584035,9HA2781,70,1,229,32,14.5,,A
305855000,2020-08-20T00:23:46,36.86428,-76.31477,0.0,135.2,226.0,BBC PEARL,IMO9504786,V2FY8,70,5,153,23,9.1,70,A
538006982,2020-08-20T00:26:16,36.96257,-76.42366,0.0,6.0,40.0,ANTE TOPIC,IMO9737072,V7TR4,70,5,,,,,A
366839000,2020-08-20T00:28:02,36.85350,-76.31080,0.0,0.0,39.0,CAPE RISE,IMO7530808,KAFG,70,5,197,32,10.0,,A
368026000,2020-08-20T00:27:21,36.86574,-76.31602,0.0,270.5,2.0,BENAVIDEZ,IMO9218210,NBHG,70,5,289,32,10.9,70,A
538002652,2020-08-20T00:27:52,36.87953,-76.32647,0.0,138.0,276.0,NAIAS,IMO9330800,V7KN8,70,5,225,32,14.0,70,A
215677000,2020-08-20T00:27:04,37.23667,-76.11988,0.2,350.4,76.0,RIZE,IMO9584035,9HA2781,70,1,229,32,14.5,,A
367932000,2020-08-20T00:23:17,36.94908,-76.32972,0.0,107.0,279.0,JOHN LENTHALL,IMO8325547,NJLN,80,5,193,29,,,A
367932000,2020-08-20T00:26:17,36.94913,-76.32971,0.0,107.0,279.0,JOHN LENTHALL,IMO8325547,NJLN,80,5,193,29,,,A
367822000,2020-08-20T00:29:56,36.97311,-76.43384,0.0,0.0,238.0,USNS SHUGHART,IMO7825394,NAOQ,70,5,276,32,13.0,70,A
477866300,2020-08-20T00:28:23,36.92757,-76.32998,0.0,168.5,355.0,BILBAO BRIDGE,IMO9492701,VRHY6,70,5,269,35,11.0,74,A
367078110,2020-08-20T00:25:16,36.83856,-76.28199,0.0,263.0,511.0,MARCELLE BORDELON,IMO9350379,WDJ2038,79,3,45,11,3.0,79,A
538002652,2020-08-20T00:24:51,36.87945,-76.32645,0.0,21.0,276.0,NAIAS,IMO9330800,V7KN8,70,5,225,32,14.0,70,A
305855000,2020-08-20T00:26:48,36.86428,-76.31477,0.0,150.9,226.0,BBC PEARL,IMO9504786,V2FY8,70,5,153,23,9.1,70,A
305855000,2020-08-20T00:29:46,36.86429,-76.31475,0.0,178.4,226.0,BBC PEARL,IMO9504786,V2FY8,70,5,153,23,9.1,70,A
477196100,2020-08-20T00:27:50,37.19635,-76.13681,0.1,14.1,103.0,DARYA MA,IMO9591674,VRJH5,70,1,229,32,14.5,,A
367821000,2020-08-20T00:29:57,36.97284,-76.43366,0.0,0.0,511.0,YANO,IMO7825409,NAQH,70,0,276,32,13.0,70,A
367821000,2020-08-20T00:28:48,36.97284,-76.43366,0.0,0.0,511.0,YANO,IMO7825409,NAQH,70,0,276,32,13.0,70,A
367078110,2020-08-20T00:29:16,36.83856,-76.28198,0.0,291.0,511.0,MARCELLE BORDELON,IMO9350379,WDJ2038,79,3,45,11,3.0,79,A
477196100,2020-08-20T00:30:49,37.19647,-76.13677,0.2,18.4,107.0,DARYA MA,IMO9591674,VRJH5,70,1,229,32,14.5,,A
367821000,2020-08-20T00:32:27,36.97284,-76.43366,0.0,0.0,511.0,YANO,IMO7825409,NAQH,70,0,276,32,13.0,70,A
367821000,2020-08-20T00:26:48,36.97284,-76.43366,0.0,0.0,511.0,YANO,IMO7825409,NAQH,70,0,276,32,13.0,70,A
215677000,2020-08-20T00:30:06,37.23687,-76.11991,0.2,348.0,81.0,RIZE,IMO9584035,9HA2781,70,1,229,32,14.5,,A
538002652,2020-08-20T00:30:49,36.87947,-76.32645,0.0,138.0,276.0,NAIAS,IMO9330800,V7KN8,70,5,225,32,14.0,70,A
538006982,2020-08-20T00:29:16,36.96259,-76.42366,0.1,135.9,40.0,ANTE TOPIC,IMO9737072,V7TR4,70,5,,,,,A
367822000,2020-08-20T00:26:55,36.97311,-76.43384,0.0,0.0,238.0,USNS SHUGHART,IMO7825394,NAOQ,70,5,276,32,13.0,70,A
368026000,2020-08-20T00:30:20,36.86576,-76.31602,0.0,270.5,2.0,BENAVIDEZ,IMO9218210,NBHG,70,5,289,32,10.9,70,A
367932000,2020-08-20T00:32:17,36.94919,-76.32968,0.0,107.0,279.0,JOHN LENTHALL,IMO8325547,NJLN,80,5,193,29,,,A
211839000,2020-08-20T00:28:40,36.90664,-76.32672,0.0,352.0,352.0,CHICAGO EXPRESS,IMO9295268,DCUJ2,70,5,336,42,14.6,79,A
368026000,2020-08-20T00:33:21,36.86574,-76.31606,0.0,270.5,2.0,BENAVIDEZ,IMO9218210,NBHG,70,5,289,32,10.9,70,A
367822000,2020-08-20T00:32:54,36.97310,-76.43384,0.0,0.0,238.0,USNS SHUGHART,IMO7825394,NAOQ,70,5,276,32,13.0,70,A
367861000,2020-08-20T00:30:01,36.94636,-76.32982,0.0,0.0,265.0,LARAMIE,IMO8906626,NLAR,80,5,193,29,,,A
367821000,2020-08-20T00:33:38,36.97284,-76.43366,0.0,0.0,511.0,YANO,IMO7825409,NAQH,70,0,276,32,13.0,70,A
538006982,2020-08-20T00:32:16,36.96258,-76.42365,0.1,117.2,40.0,ANTE TOPIC,IMO9737072,V7TR4,70,5,,,,,A
538006982,2020-08-20T00:35:16,36.96256,-76.42365,0.0,115.5,40.0,ANTE TOPIC,IMO9737072,V7TR4,70,5,,,,,A
367078110,2020-08-20T00:31:24,36.83856,-76.28199,0.0,300.0,511.0,MARCELLE BORDELON,IMO9350379,WDJ2038,79,3,45,11,3.0,79,A
305855000,2020-08-20T00:32:47,36.86426,-76.31475,0.0,148.8,226.0,BBC PEARL,IMO9504786,V2FY8,70,5,153,23,9.1,70,A
477196100,2020-08-20T00:33:49,37.19656,-76.13669,0.2,28.4,111.0,DARYA MA,IMO9591674,VRJH5,70,1,229,32,14.5,,A
367821000,2020-08-20T00:31:08,36.97284,-76.43366,0.0,0.0,511.0,YANO,IMO7825409,NAQH,70,0,276,32,13.0,70,A
367822000,2020-08-20T00:35:55,36.97310,-76.43384,0.0,0.0,238.0,USNS SHUGHART,IMO7825394,NAOQ,70,5,276,32,13.0,70,A
367861000,2020-08-20T00:27:00,36.94640,-76.32984,0.0,0.0,265.0,LARAMIE,IMO8906626,NLAR,80,5,193,29,,,A
538002652,2020-08-20T00:36:52,36.87950,-76.32647,0.0,138.0,276.0,NAIAS,IMO9330800,V7KN8,70,5,225,32,14.0,70,A
367078110,2020-08-20T00:35:04,36.83856,-76.28199,0.0,298.0,511.0,MARCELLE BORDELON,IMO9350379,WDJ2038,79,3,45,11,3.0,79,A
538006982,2020-08-20T00:38:16,36.96256,-76.42366,0.0,115.5,40.0,ANTE TOPIC,IMO9737072,V7TR4,70,5,,,,,A
367821000,2020-08-20T00:35:08,36.97273,-76.43372,0.0,0.0,511.0,YANO,IMO7825409,NAQH,70,0,276,32,13.0,70,A
215677000,2020-08-20T00:33:03,37.23698,-76.11996,0.1,346.4,86.0,RIZE,IMO9584035,9HA2781,70,1,229,32,14.5,,A
538002652,2020-08-20T00:33:51,36.87947,-76.32647,0.0,138.0,276.0,NAIAS,IMO9330800,V7KN8,70,5,225,32,14.0,70,A
367932000,2020-08-20T00:38:16,36.94918,-76.32971,0.0,107.0,279.0,JOHN LENTHALL,IMO8325547,NJLN,80,5,193,29,,,A
367822000,2020-08-20T00:38:54,36.97310,-76.43384,0.0,0.0,238.0,USNS SHUGHART,IMO7825394,NAOQ,70,5,276,32,13.0,70,A
477866300,2020-08-20T00:34:24,36.92722,-76.32998,0.0,201.8,355.0,BILBAO BRIDGE,IMO9492701,VRHY6,70,5,269,35,11.0,74,A
367078110,2020-08-20T00:39:25,36.83855,-76.28199,0.0,300.0,511.0,MARCELLE BORDELON,IMO9350379,WDJ2038,79,3,45,11,3.0,79,A
477196100,2020-08-20T00:39:47,37.19673,-76.13661,0.1,10.2,118.0,DARYA MA,IMO9591674,VRJH5,70,1,229,32,14.5,,A
367821000,2020-08-20T00:36:37,36.97280,-76.43368,0.0,0.0,511.0,YANO,IMO7825409,NAQH,70,0,276,32,13.0,70,A
367078110,2020-08-20T00:37:04,36.83856,-76.28198,0.0,234.0,511.0,MARCELLE BORDELON,IMO9350379,WDJ2038,79,3,45,11,3.0,79,A
367861000,2020-08-20T00:36:01,36.94642,-76.32979,0.0,0.0,265.0,LARAMIE,IMO8906626,NLAR,80,5,193,29,,,A
368026000,2020-08-20T00:42:20,36.86576,-76.31603,0.0,270.5,2.0,BENAVIDEZ,IMO9218210,NBHG,70,5,289,32,10.9,70,A
215677000,2020-08-20T00:39:05,37.23723,-76.11996,0.1,3.1,93.0,RIZE,IMO9584035,9HA2781,70,1,229,32,14.5,,A
477196100,2020-08-20T00:36:48,37.19665,-76.13666,0.1,10.2,115.0,DARYA MA,IMO9591674,VRJH5,70,1,229,32,14.5,,A
367861000,2020-08-20T00:39:01,36.94639,-76.32980,0.0,0.0,265.0,LARAMIE,IMO8906626,NLAR,80,5,193,29,,,A
368026000,2020-08-20T00:36:21,36.86576,-76.31605,0.0,270.5,2.0,BENAVIDEZ,IMO9218210,NBHG,70,5,289,32,10.9,70,A
367932000,2020-08-20T00:41:17,36.94918,-76.32966,0.0,107.0,279.0,JOHN LENTHALL,IMO8325547,NJLN,80,5,193,29,,,A
215677000,2020-08-20T00:36:08,37.23711,-76.11998,0.1,356.0,90.0,RIZE,IMO9584035,9HA2781,70,1,229,32,14.5,,A
305855000,2020-08-20T00:35:46,36.86427,-76.31476,0.0,195.6,226.0,BBC PEARL,IMO9504786,V2FY8,70,5,153,23,9.1,70,A
367932000,2020-08-20T00:29:18,36.94919,-76.32973,0.0,107.0,279.0,JOHN LENTHALL,IMO8325547,NJLN,80,5,193,29,,,A
477866300,2020-08-20T00:37:26,36.92737,-76.32989,0.0,148.6,355.0,BILBAO BRIDGE,IMO9492701,VRHY6,70,5,269,35,11.0,74,A
538002652,2020-08-20T00:39:50,36.87952,-76.32645,0.0,138.0,276.0,NAIAS,IMO9330800,V7KN8,70,5,225,32,14.0,70,A
367821000,2020-08-20T00:39:48,36.97280,-76.43367,0.0,0.0,511.0,YANO,IMO7825409,NAQH,70,0,276,32,13.0,70,A
367861000,2020-08-20T00:33:01,36.94643,-76.32981,0.0,0.0,265.0,LARAMIE,IMO8906626,NLAR,80,5,193,29,,,A
211839000,2020-08-20T00:31:42,36.90670,-76.32667,0.1,352.0,352.0,CHICAGO EXPRESS,IMO9295268,DCUJ2,70,5,336,42,14.6,79,A
477866300,2020-08-20T00:31:25,36.92758,-76.32985,0.0,214.0,355.0,BILBAO BRIDGE,IMO9492701,VRHY6,70,5,269,35,11.0,74,A
305855000,2020-08-20T00:38:46,36.86426,-76.31475,0.0,192.8,226.0,BBC PEARL,IMO9504786,V2FY8,70,5,153,23,9.1,70,A
305855000,2020-08-20T00:44:48,36.86429,-76.31475,0.0,87.0,226.0,BBC PEARL,IMO9504786,V2FY8,70,5,153,23,9.1,70,A
538002652,2020-08-20T00:45:51,36.87950,-76.32645,0.1,118.0,276.0,NAIAS,IMO9330800,V7KN8,70,5,225,32,14.0,70,A
211839000,2020-08-20T00:37:43,36.90663,-76.32677,0.0,352.0,352.0,CHICAGO EXPRESS,IMO9295268,DCUJ2,70,5,336,42,14.6,79,A
368026000,2020-08-20T00:39:22,36.86576,-76.31605,0.0,270.5,2.0,BENAVIDEZ,IMO9218210,NBHG,70,5,289,32,10.9,70,A
366839000,2020-08-20T00:37:05,36.85351,-76.31084,0.0,0.0,39.0,CAPE RISE,IMO7530808,KAFG,70,5,197,32,10.0,,A
211839000,2020-08-20T00:40:45,36.90659,-76.32674,0.0,352.0,352.0,CHICAGO EXPRESS,IMO9295268,DCUJ2,70,5,336,42,14.6,79,A
477866300,2020-08-20T00:40:25,36.92733,-76.32988,0.0,59.9,355.0,BILBAO BRIDGE,IMO9492701,VRHY6,70,5,269,35,11.0,74,A
367821000,2020-08-20T00:40:57,36.97280,-76.43368,0.0,0.0,511.0,YANO,IMO7825409,NAQH,70,0,276,32,13.0,70,A
538006982,2020-08-20T00:41:16,36.96258,-76.42364,0.0,115.5,40.0,ANTE TOPIC,IMO9737072,V7TR4,70,5,,,,,A
367078110,2020-08-20T00:41:44,36.83857,-76.28195,0.0,4.0,511.0,MARCELLE BORDELON,IMO9350379,WDJ2038,79,3,45,11,3.0,79,A
367861000,2020-08-20T00:45:01,36.94638,-76.32983,0.0,0.0,265.0,LARAMIE,IMO8906626,NLAR,80,5,193,29,,,A
367821000,2020-08-20T00:47:08,36.97279,-76.43368,0.0,0.0,511.0,YANO,IMO7825409,NAQH,70,0,276,32,13.0,70,A
367861000,2020-08-20T00:41:59,36.94638,-76.32981,0.0,0.0,265.0,LARAMIE,IMO8906626,NLAR,80,5,193,29,,,A
211839000,2020-08-20T00:34:43,36.90663,-76.32675,0.0,352.0,352.0,CHICAGO EXPRESS,IMO9295268,DCUJ2,70,5,336,42,14.6,79,A
367861000,2020-08-20T00:48:01,36.94634,-76.32983,0.0,0.0,265.0,LARAMIE,IMO8906626,NLAR,80,5,193,29,,,A
367822000,2020-08-20T00:41:55,36.97310,-76.43384,0.0,0.0,238.0,USNS SHUGHART,IMO7825394,NAOQ,70,5,276,32,13.0,70,A
215677000,2020-08-20T00:45:07,37.23750,-76.11992,0.2,8.9,99.0,RIZE,IMO9584035,9HA2781,70,1,229,32,14.5,,A
305855000,2020-08-20T00:47:46,36.86428,-76.31474,0.0,96.9,226.0,BBC PEARL,IMO9504786,V2FY8,70,5,153,23,9.1,70,A
305855000,2020-08-20T00:41:47,36.86428,-76.31475,0.0,339.1,226.0,BBC PEARL,IMO9504786,V2FY8,70,5,153,23,9.1,70,A
367078110,2020-08-20T00:43:44,36.83855,-76.28199,0.0,5.0,511.0,MARCELLE BORDELON,IMO9350379,WDJ2038,79,3,45,11,3.0,79,A
367822000,2020-08-20T00:50:55,36.97313,-76.43382,0.0,0.0,238.0,USNS SHUGHART,IMO7825394,NAOQ,70,5,276,32,13.0,70,A
367821000,2020-08-20T00:43:57,36.97279,-76.43367,0.0,0.0,511.0,YANO,IMO7825409,NAQH,70,0,276,32,13.0,70,A
366839000,2020-08-20T00:49:04,36.85348,-76.31082,0.0,0.0,39.0,CAPE RISE,IMO7530808,KAFG,70,5,197,32,10.0,,A
211839000,2020-08-20T00:43:46,36.90659,-76.32678,0.0,352.0,352.0,CHICAGO EXPRESS,IMO9295268,DCUJ2,70,5,336,42,14.6,79,A
538006982,2020-08-20T00:44:16,36.96256,-76.42364,0.0,115.5,40.0,ANTE TOPIC,IMO9737072,V7TR4,70,5,,,,,A
211839000,2020-08-20T00:46:46,36.90653,-76.32676,0.0,352.0,352.0,CHICAGO EXPRESS,IMO9295268,DCUJ2,70,5,336,42,14.6,79,A
367821000,2020-08-20T00:37:48,36.97280,-76.43369,0.0,0.0,511.0,YANO,IMO7825409,NAQH,70,0,276,32,13.0,70,A
367932000,2020-08-20T00:44:18,36.94917,-76.32968,0.0,107.0,279.0,JOHN LENTHALL,IMO8325547,NJLN,80,5,193,29,,,A
367821000,2020-08-20T00:52:08,36.97280,-76.43368,0.0,0.0,511.0,YANO,IMO7825409,NAQH,70,0,276,32,13.0,70,A
367861000,2020-08-20T00:51:01,36.94637,-76.32981,0.0,0.0,265.0,LARAMIE,IMO8906626,NLAR,80,5,193,29,,,A
368026000,2020-08-20T00:45:22,36.86577,-76.31604,0.0,270.5,2.0,BENAVIDEZ,IMO9218210,NBHG,70,5,289,32,10.9,70,A
477196100,2020-08-20T00:51:45,37.19693,-76.13638,0.1,10.2,128.0,DARYA MA,IMO9591674,VRJH5,70,1,229,32,14.5,,A
367078110,2020-08-20T00:52:25,36.83855,-76.28198,0.0,290.0,511.0,MARCELLE BORDELON,IMO9350379,WDJ2038,79,3,45,11,3.0,79,A
305855000,2020-08-20T00:50:48,36.86426,-76.31475,0.0,152.9,226.0,BBC PEARL,IMO9504786,V2FY8,70,5,153,23,9.1,70,A
366839000,2020-08-20T00:39:59,36.85348,-76.31083,0.0,0.0,39.0,CAPE RISE,IMO7530808,KAFG,70,5,197,32,10.0,,A
367078110,2020-08-20T00:54:55,36.83855,-76.28198,0.0,96.0,511.0,MARCELLE BORDELON,IMO9350379,WDJ2038,79,3,45,11,3.0,79,A
477196100,2020-08-20T00:48:51,37.19689,-76.13645,0.1,10.2,126.0,DARYA MA,IMO9591674,VRJH5,70,1,229,32,14.5,,A
367078110,2020-08-20T00:49:34,36.83855,-76.28198,0.0,324.0,511.0,MARCELLE BORDELON,IMO9350379,WDJ2038,79,3,45,11,3.0,79,A
367932000,2020-08-20T00:47:17,36.94917,-76.32966,0.0,107.0,279.0,JOHN LENTHALL,IMO8325547,NJLN,80,5,193,29,,,A
367861000,2020-08-20T00:54:00,36.94641,-76.32977,0.0,0.0,265.0,LARAMIE,IMO8906626,NLAR,80,5,193,29,,,A
538006982,2020-08-20T00:47:16,36.96258,-76.42366,0.0,147.3,40.0,ANTE TOPIC,IMO9737072,V7TR4,70,5,,,,,A
368026000,2020-08-20T00:48:21,36.86577,-76.31604,0.0,270.5,2.0,BENAVIDEZ,IMO9218210,NBHG,70,5,289,32,10.9,70,A
367078110,2020-08-20T00:50:54,36.83855,-76.28198,0.0,217.0,511.0,MARCELLE BORDELON,IMO9350379,WDJ2038,79,3,45,11,3.0,79,A
211839000,2020-08-20T00:52:50,36.90660,-76.32676,0.0,352.0,352.0,CHICAGO EXPRESS,IMO9295268,DCUJ2,70,5,336,42,14.6,79,A
367821000,2020-08-20T00:56:38,36.97281,-76.43368,0.0,0.0,511.0,YANO,IMO7825409,NAQH,70,0,276,32,13.0,70,A
215677000,2020-08-20T00:42:07,37.23736,-76.11995,0.1,4.2,96.0,RIZE,IMO9584035,9HA2781,70,1,229,32,14.5,,A
367078110,2020-08-20T00:56:55,36.83855,-76.28197,0.0,273.0,511.0,MARCELLE BORDELON,IMO9350379,WDJ2038,79,3,45,11,3.0,79,A
367821000,2020-08-20T00:42:08,36.97279,-76.43367,0.0,0.0,511.0,YANO,IMO7825409,NAQH,70,0,276,32,13.0,70,A
538002652,2020-08-20T00:42:51,36.87950,-76.32648,0.0,138.0,276.0,NAIAS,IMO9330800,V7KN8,70,5,225,32,14.0,70,A
367932000,2020-08-20T00:50:17,36.94917,-76.32963,0.0,107.0,279.0,JOHN LENTHALL,IMO8325547,NJLN,80,5,193,29,,,A
477196100,2020-08-20T00:42:48,37.19681,-76.13656,0.1,10.2,121.0,DARYA MA,IMO9591674,VRJH5,70,1,229,32,14.5,,A
211839000,2020-08-20T00:49:49,36.90656,-76.32677,0.0,352.0,352.0,CHICAGO EXPRESS,IMO9295268,DCUJ2,70,5,336,42,14.6,79,A
538002652,2020-08-20T00:48:52,36.87952,-76.32642,0.0,120.0,276.0,NAIAS,IMO9330800,V7KN8,70,5,225,32,14.0,70,A
215677000,2020-08-20T00:57:04,37.23793,-76.11975,0.1,21.9,111.0,RIZE,IMO9584035,9HA2781,70,1,229,32,14.5,,A
366839000,2020-08-20T00:43:06,36.85350,-76.31084,0.0,0.0,39.0,CAPE RISE,IMO7530808,KAFG,70,5,197,32,10.0,,A
366839000,2020-08-20T00:58:01,36.85348,-76.31082,0.0,0.0,39.0,CAPE RISE,IMO7530808,KAFG,70,5,197,32,10.0,,A
368026000,2020-08-20T00:57:21,36.86575,-76.31603,0.0,270.5,2.0,BENAVIDEZ,IMO9218210,NBHG,70,5,289,32,10.9,70,A
367821000,2020-08-20T00:59:38,36.97281,-76.43368,0.0,0.0,511.0,YANO,IMO7825409,NAQH,70,0,276,32,13.0,70,A
215677000,2020-08-20T00:51:06,37.23774,-76.11984,0.1,10.8,106.0,RIZE,IMO9584035,9HA2781,70,1,229,32,14.5,,A
477866300,2020-08-20T00:43:24,36.92738,-76.32994,0.0,141.9,355.0,BILBAO BRIDGE,IMO9492701,VRHY6,70,5,269,35,11.0,74,A
305855000,2020-08-20T00:53:48,36.86427,-76.31474,0.0,50.5,226.0,BBC PEARL,IMO9504786,V2FY8,70,5,153,23,9.1,70,A
367078110,2020-08-20T00:46:34,36.83855,-76.28199,0.0,350.0,511.0,MARCELLE BORDELON,IMO9350379,WDJ2038,79,3,45,11,3.0,79,A
367932000,2020-08-20T00:59:17,36.94918,-76.32965,0.0,107.0,279.0,JOHN LENTHALL,IMO8325547,NJLN,80,5,193,29,,,A
367932000,2020-08-20T00:56:17,36.94922,-76.32966,0.0,107.0,279.0,JOHN LENTHALL,IMO8325547,NJLN,80,5,193,29,,,A
368026000,2020-08-20T00:54:20,36.86575,-76.31604,0.0,270.5,2.0,BENAVIDEZ,IMO9218210,NBHG,70,5,289,32,10.9,70,A
215677000,2020-08-20T00:59:58,37.23800,-76.11971,0.1,18.9,113.0,RIZE,IMO9584035,9HA2781,70,1,229,32,14.5,,A
367078110,2020-08-20T01:00:05,36.83855,-76.28197,0.0,40.0,511.0,MARCELLE BORDELON,IMO9350379,WDJ2038,79,3,45,11,3.0,79,A
367821000,2020-08-20T01:00:07,36.97281,-76.43368,0.0,0.0,511.0,YANO,IMO7825409,NAQH,70,0,276,32,13.0,70,A
477196100,2020-08-20T00:54:45,37.19696,-76.13635,0.0,10.2,129.0,DARYA MA,IMO9591674,VRJH5,70,1,229,32,14.5,,A
367822000,2020-08-20T00:53:55,36.97313,-76.43385,0.0,0.0,238.0,USNS SHUGHART,IMO7825394,NAOQ,70,5,276,32,13.0,70,A
477866300,2020-08-20T00:55:24,36.92741,-76.32984,0.0,79.4,355.0,BILBAO BRIDGE,IMO9492701,VRHY6,70,5,269,35,11.0,74,A
211839000,2020-08-20T01:01:55,36.90656,-76.32672,0.0,352.0,352.0,CHICAGO EXPRESS,IMO9295268,DCUJ2,70,5,336,42,14.6,79,A
367078110,2020-08-20T00:59:16,36.83855,-76.28197,0.0,243.0,511.0,MARCELLE BORDELON,IMO9350379,WDJ2038,79,3,45,11,3.0,79,A
538006982,2020-08-20T00:56:16,36.96258,-76.42366,0.1,149.0,40.0,ANTE TOPIC,IMO9737072,V7TR4,70,5,,,,,A
367821000,2020-08-20T01:01:17,36.97281,-76.43368,0.0,0.0,511.0,YANO,IMO7825409,NAQH,70,0,276,32,13.0,70,A
477196100,2020-08-20T00:57:51,37.19696,-76.13630,0.1,10.2,129.0,DARYA MA,IMO9591674,VRJH5,70,1,229,32,14.5,,A
215677000,2020-08-20T00:48:08,37.23763,-76.11988,0.1,6.4,102.0,RIZE,IMO9584035,9HA2781,70,1,229,32,14.5,,A
367861000,2020-08-20T00:57:01,36.94640,-76.32984,0.0,0.0,265.0,LARAMIE,IMO8906626,NLAR,80,5,193,29,,,A
367822000,2020-08-20T00:56:54,36.97313,-76.43384,0.0,0.0,238.0,USNS SHUGHART,IMO7825394,NAOQ,70,5,276,32,13.0,70,A
367078110,2020-08-20T01:01:25,36.83855,-76.28197,0.0,47.0,511.0,MARCELLE BORDELON,IMO9350379,WDJ2038,79,3,45,11,3.0,79,A
366839000,2020-08-20T00:55:06,36.85348,-76.31082,0.0,0.0,39.0,CAPE RISE,IMO7530808,KAFG,70,5,197,32,10.0,,A
368026000,2020-08-20T00:51:20,36.86576,-76.31604,0.0,270.5,2.0,BENAVIDEZ,IMO9218210,NBHG,70,5,289,32,10.9,70,A
538002652,2020-08-20T00:57:53,36.87950,-76.32643,0.0,117.0,276.0,NAIAS,IMO9330800,V7KN8,70,5,225,32,14.0,70,A
215677000,2020-08-20T01:03:03,37.23811,-76.11968,0.1,20.7,114.0,RIZE,IMO9584035,9HA2781,70,1,229,32,14.5,,A
477866300,2020-08-20T00:49:26,36.92734,-76.32990,0.0,89.1,355.0,BILBAO BRIDGE,IMO9492701,VRHY6,70,5,269,35,11.0,74,A
305855000,2020-08-20T01:02:49,36.86427,-76.31476,0.0,47.3,226.0,BBC PEARL,IMO9504786,V2FY8,70,5,153,23,9.1,70,A
538006982,2020-08-20T00:50:16,36.96255,-76.42366,0.0,147.3,40.0,ANTE TOPIC,IMO9737072,V7TR4,70,5,,,,,A
366839000,2020-08-20T01:01:08,36.85347,-76.31083,0.0,0.0,39.0,CAPE RISE,IMO7530808,KAFG,70,5,197,32,10.0,,A
538006982,2020-08-20T00:59:16,36.96256,-76.42363,0.0,153.2,40.0,ANTE TOPIC,IMO9737072,V7TR4,70,5,,,,,A
538002652,2020-08-20T00:51:53,36.87950,-76.32645,0.0,120.0,276.0,NAIAS,IMO9330800,V7KN8,70,5,225,32,14.0,70,A
366839000,2020-08-20T00:52:03,36.85347,-76.31083,0.0,0.0,39.0,CAPE RISE,IMO7530808,KAFG,70,5,197,32,10.0,,A
367821000,2020-08-20T00:55:07,36.97281,-76.43368,0.0,0.0,511.0,YANO,IMO7825409,NAQH,70,0,276,32,13.0,70,A
367821000,2020-08-20T01:06:07,36.97281,-76.43367,0.0,0.0,511.0,YANO,IMO7825409,NAQH,70,0,276,32,13.0,70,A
367821000,2020-08-20T01:02:37,36.97281,-76.43368,0.0,0.0,511.0,YANO,IMO7825409,NAQH,70,0,276,32,13.0,70,A
477866300,2020-08-20T00:52:24,36.92738,-76.32985,0.0,101.9,355.0,BILBAO BRIDGE,IMO9492701,VRHY6,70,5,269,35,11.0,74,A
538006982,2020-08-20T00:53:16,36.96258,-76.42366,0.0,147.3,40.0,ANTE TOPIC,IMO9737072,V7TR4,70,5,,,,,A
367932000,2020-08-20T00:53:16,36.94918,-76.32971,0.0,107.0,279.0,JOHN LENTHALL,IMO8325547,NJLN,80,5,193,29,,,A
305855000,2020-08-20T00:59:45,36.86428,-76.31475,0.0,43.0,226.0,BBC PEARL,IMO9504786,V2FY8,70,5,153,23,9.1,70,A
367078110,2020-08-20T01:03:35,36.83855,-76.28197,0.0,300.0,511.0,MARCELLE BORDELON,IMO9350379,WDJ2038,79,3,45,11,3.0,79,A
211839000,2020-08-20T00:58:50,36.90659,-76.32672,0.0,353.0,353.0,CHICAGO EXPRESS,IMO9295268,DCUJ2,70,5,336,42,14.6,79,A
538002652,2020-08-20T01:03:50,36.87950,-76.32648,0.0,117.0,276.0,NAIAS,IMO9330800,V7KN8,70,5,225,32,14.0,70,A
477866300,2020-08-20T01:04:22,36.92741,-76.32988,0.0,147.9,355.0,BILBAO BRIDGE,IMO9492701,VRHY6,70,5,269,35,11.0,74,A
367821000,2020-08-20T01:03:47,36.97281,-76.43368,0.0,0.0,511.0,YANO,IMO7825409,NAQH,70,0,276,32,13.0,70,A
367078110,2020-08-20T01:07:14,36.83855,-76.28198,0.0,266.0,511.0,MARCELLE BORDELON,IMO9350379,WDJ2038,79,3,45,11,3.0,79,A
477196100,2020-08-20T01:03:52,37.19695,-76.13629,0.1,10.2,130.0,DARYA MA,IMO9591674,VRJH5,70,1,229,32,14.5,,A
538006982,2020-08-20T01:05:16,36.96257,-76.42364,0.1,123.6,40.0,ANTE TOPIC,IMO9737072,V7TR4,70,5,,,,,A
211839000,2020-08-20T01:04:55,36.90645,-76.32683,0.0,352.0,352.0,CHICAGO EXPRESS,IMO9295268,DCUJ2,70,5,336,42,14.6,79,A
367861000,2020-08-20T01:00:00,36.94637,-76.32976,0.0,0.0,265.0,LARAMIE,IMO8906626,NLAR,80,5,193,29,,,A
367078110,2020-08-20T01:04:44,36.83855,-76.28198,0.0,252.0,511.0,MARCELLE BORDELON,IMO9350379,WDJ2038,79,3,45,11,3.0,79,A
367821000,2020-08-20T00:58:07,36.97281,-76.43368,0.0,0.0,511.0,YANO,IMO7825409,NAQH,70,0,276,32,13.0,70,A
367821000,2020-08-20T01:04:57,36.97281,-76.43367,0.0,0.0,511.0,YANO,IMO7825409,NAQH,70,0,276,32,13.0,70,A
367078110,2020-08-20T01:08:35,36.83855,-76.28198,0.0,87.0,511.0,MARCELLE BORDELON,IMO9350379,WDJ2038,79,3,45,11,3.0,79,A
367822000,2020-08-20T01:05:54,36.97312,-76.43384,0.0,0.0,238.0,USNS SHUGHART,IMO7825394,NAOQ,70,5,276,32,13.0,70,A
477196100,2020-08-20T01:06:48,37.19691,-76.13631,0.1,10.2,128.0,DARYA MA,IMO9591674,VRJH5,70,1,229,32,14.5,,A
367861000,2020-08-20T01:09:01,36.94640,-76.32976,0.0,0.0,265.0,LARAMIE,IMO8906626,NLAR,80,5,193,29,,,A
477866300,2020-08-20T01:07:24,36.92740,-76.32986,0.0,130.4,355.0,BILBAO BRIDGE,IMO9492701,VRHY6,70,5,269,35,11.0,74,A
367078110,2020-08-20T00:58:04,36.83855,-76.28197,0.0,305.0,511.0,MARCELLE BORDELON,IMO9350379,WDJ2038,79,3,45,11,3.0,79,A
366839000,2020-08-20T01:04:01,36.85350,-76.31082,0.0,0.0,39.0,CAPE RISE,IMO7530808,KAFG,70,5,197,32,10.0,,A
368026000,2020-08-20T01:00:21,36.86576,-76.31605,0.0,270.5,2.0,BENAVIDEZ,IMO9218210,NBHG,70,5,289,32,10.9,70,A
477196100,2020-08-20T01:00:48,37.19696,-76.13630,0.0,10.2,131.0,DARYA MA,IMO9591674,VRJH5,70,1,229,32,14.5,,A
367821000,2020-08-20T01:10:57,36.97282,-76.43367,0.0,0.0,511.0,YANO,IMO7825409,NAQH,70,0,276,32,13.0,70,A
538002652,2020-08-20T01:00:49,36.87948,-76.32647,0.0,117.0,276.0,NAIAS,IMO9330800,V7KN8,70,5,225,32,14.0,70,A
367821000,2020-08-20T01:09:48,36.97282,-76.43367,0.0,0.0,511.0,YANO,IMO7825409,NAQH,70,0,276,32,13.0,70,A
367078110,2020-08-20T01:05:55,36.83856,-76.28198,0.0,258.0,511.0,MARCELLE BORDELON,IMO9350379,WDJ2038,79,3,45,11,3.0,79,A
305855000,2020-08-20T01:05:47,36.86427,-76.31476,0.0,46.8,226.0,BBC PEARL,IMO9504786,V2FY8,70,5,153,23,9.1,70,A
367822000,2020-08-20T01:08:55,36.97347,-76.43400,0.0,0.0,239.0,USNS SHUGHART,IMO7825394,NAOQ,70,5,276,32,13.0,70,A
211839000,2020-08-20T01:10:58,36.90658,-76.32679,0.0,352.0,352.0,CHICAGO EXPRESS,IMO9295268,DCUJ2,70,5,336,42,14.6,79,A
367932000,2020-08-20T01:02:17,36.94919,-76.32964,0.0,107.0,279.0,JOHN LENTHALL,IMO8325547,NJLN,80,5,193,29,,,A
367822000,2020-08-20T01:02:55,36.97312,-76.43384,0.0,0.0,238.0,USNS SHUGHART,IMO7825394,NAOQ,70,5,276,32,13.0,70,A
305855000,2020-08-20T01:11:48,36.86428,-76.31476,0.0,29.1,226.0,BBC PEARL,IMO9504786,V2FY8,70,5,153,23,9.1,70,A
538006982,2020-08-20T01:02:16,36.96256,-76.42363,0.0,153.2,40.0,ANTE TOPIC,IMO9737072,V7TR4,70,5,,,,,A
367822000,2020-08-20T01:11:56,36.97309,-76.43382,0.0,0.0,239.0,USNS SHUGHART,IMO7825394,NAOQ,70,5,276,32,13.0,70,A
477196100,2020-08-20T01:12:49,37.19698,-76.13628,0.1,10.2,129.0,DARYA MA,IMO9591674,VRJH5,70,1,229,32,14.5,,A
367821000,2020-08-20T01:11:58,36.97282,-76.43367,0.0,0.0,511.0,YANO,IMO7825409,NAQH,70,0,276,32,13.0,70,A
538006982,2020-08-20T01:11:16,36.96254,-76.42364,0.0,114.3,40.0,ANTE TOPIC,IMO9737072,V7TR4,70,5,,,,,A
538002652,2020-08-20T01:12:53,36.87948,-76.32645,0.0,117.0,276.0,NAIAS,IMO9330800,V7KN8,70,5,225,32,14.0,70,A
477866300,2020-08-20T01:13:24,36.92741,-76.32986,0.1,138.9,355.0,BILBAO BRIDGE,IMO9492701,VRHY6,70,5,269,35,11.0,74,A
367078110,2020-08-20T01:13:34,36.83855,-76.28197,0.0,270.0,511.0,MARCELLE BORDELON,IMO9350379,WDJ2038,79,3,45,11,3.0,79,A
538006982,2020-08-20T01:08:16,36.96258,-76.42364,0.1,125.7,40.0,ANTE TOPIC,IMO9737072,V7TR4,70,5,,,,,A
367078110,2020-08-20T01:12:05,36.83855,-76.28198,0.0,3.0,511.0,MARCELLE BORDELON,IMO9350379,WDJ2038,79,3,45,11,3.0,79,A
215677000,2020-08-20T01:09:05,37.23828,-76.11955,0.1,27.5,116.0,RIZE,IMO9584035,9HA2781,70,1,229,32,14.5,,A
367932000,2020-08-20T01:05:16,36.94916,-76.32964,0.0,107.0,279.0,JOHN LENTHALL,IMO8325547,NJLN,80,5,193,29,,,A
367821000,2020-08-20T01:13:08,36.97282,-76.43367,0.0,0.0,511.0,YANO,IMO7825409,NAQH,70,0,276,32,13.0,70,A
367822000,2020-08-20T01:14:56,36.97310,-76.43382,0.0,0.0,239.0,USNS SHUGHART,IMO7825394,NAOQ,70,5,276,32,13.0,70,A
477196100,2020-08-20T01:09:45,37.19693,-76.13630,0.1,10.2,128.0,DARYA MA,IMO9591674,VRJH5,70,1,229,32,14.5,,A
367932000,2020-08-20T01:14:16,36.94915,-76.32963,0.0,107.0,279.0,JOHN LENTHALL,IMO8325547,NJLN,80,5,193,29,,,A
368026000,2020-08-20T01:09:20,36.86574,-76.31605,0.0,270.5,2.0,BENAVIDEZ,IMO9218210,NBHG,70,5,289,32,10.9,70,A
367861000,2020-08-20T01:15:01,36.94640,-76.32979,0.0,0.0,265.0,LARAMIE,IMO8906626,NLAR,80,5,193,29,,,A
215677000,2020-08-20T01:15:03,37.23844,-76.11930,0.2,52.5,120.0,RIZE,IMO9584035,9HA2781,70,1,229,32,14.5,,A
366839000,2020-08-20T01:07:06,36.85351,-76.31081,0.0,0.0,39.0,CAPE RISE,IMO7530808,KAFG,70,5,197,32,10.0,,A
477866300,2020-08-20T01:16:24,36.92739,-76.32987,0.0,143.3,355.0,BILBAO BRIDGE,IMO9492701,VRHY6,70,5,269,35,11.0,74,A
215677000,2020-08-20T01:12:03,37.23836,-76.11943,0.2,41.7,117.0,RIZE,IMO9584035,9HA2781,70,1,229,32,14.5,,A
367821000,2020-08-20T01:07:08,36.97282,-76.43367,0.0,0.0,511.0,YANO,IMO7825409,NAQH,70,0,276,32,13.0,70,A
367821000,2020-08-20T01:16:28,36.97281,-76.43363,0.0,0.0,511.0,YANO,IMO7825409,NAQH,70,0,276,32,13.0,70,A
367078110,2020-08-20T01:15:56,36.83856,-76.28197,0.0,327.0,511.0,MARCELLE BORDELON,IMO9350379,WDJ2038,79,3,45,11,3.0,79,A
538006982,2020-08-20T01:17:16,36.96254,-76.42364,0.1,120.5,40.0,ANTE TOPIC,IMO9737072,V7TR4,70,5,,,,,A
211839000,2020-08-20T01:16:59,36.90645,-76.32677,0.0,352.0,352.0,CHICAGO EXPRESS,IMO9295268,DCUJ2,70,5,336,42,14.6,79,A
367861000,2020-08-20T01:18:00,36.94638,-76.32978,0.0,0.0,265.0,LARAMIE,IMO8906626,NLAR,80,5,193,29,,,A
215677000,2020-08-20T01:18:04,37.23852,-76.11914,0.1,50.2,123.0,RIZE,IMO9584035,9HA2781,70,1,229,32,14.5,,A
367078110,2020-08-20T01:17:34,36.83857,-76.28198,0.0,333.0,511.0,MARCELLE BORDELON,IMO9350379,WDJ2038,79,3,45,11,3.0,79,A
367861000,2020-08-20T01:06:01,36.94637,-76.32978,0.0,0.0,265.0,LARAMIE,IMO8906626,NLAR,80,5,193,29,,,A
368026000,2020-08-20T01:06:21,36.86574,-76.31603,0.0,270.5,2.0,BENAVIDEZ,IMO9218210,NBHG,70,5,289,32,10.9,70,A
367932000,2020-08-20T01:17:17,36.94919,-76.32967,0.0,107.0,279.0,JOHN LENTHALL,IMO8325547,NJLN,80,5,193,29,,,A
367078110,2020-08-20T01:10:54,36.83855,-76.28198,0.0,257.0,511.0,MARCELLE BORDELON,IMO9350379,WDJ2038,79,3,45,11,3.0,79,A
367821000,2020-08-20T01:14:09,36.97282,-76.43367,0.0,0.0,511.0,YANO,IMO7825409,NAQH,70,0,276,32,13.0,70,A
538002652,2020-08-20T01:18:49,36.87947,-76.32643,0.0,117.0,276.0,NAIAS,IMO9330800,V7KN8,70,5,225,32,14.0,70,A
211839000,2020-08-20T01:13:59,36.90651,-76.32674,0.1,82.0,352.0,CHICAGO EXPRESS,IMO9295268,DCUJ2,70,5,336,42,14.6,79,A
367861000,2020-08-20T01:21:01,36.94637,-76.32979,0.0,0.0,265.0,LARAMIE,IMO8906626,NLAR,80,5,193,29,,,A
215677000,2020-08-20T01:21:05,37.23860,-76.11897,0.2,48.7,128.0,RIZE,IMO9584035,9HA2781,70,1,229,32,14.5,,A
367078110,2020-08-20T01:14:45,36.83855,-76.28198,0.0,261.0,511.0,MARCELLE BORDELON,IMO9350379,WDJ2038,79,3,45,11,3.0,79,A
211839000,2020-08-20T01:20:00,36.90654,-76.32670,0.0,352.0,352.0,CHICAGO EXPRESS,IMO9295268,DCUJ2,70,5,336,42,14.6,79,A
305855000,2020-08-20T01:20:47,36.86429,-76.31476,0.0,36.8,226.0,BBC PEARL,IMO9504786,V2FY8,70,5,153,23,9.1,70,A
211839000,2020-08-20T01:07:58,36.90659,-76.32668,0.0,352.0,352.0,CHICAGO EXPRESS,IMO9295268,DCUJ2,70,5,336,42,14.6,79,A
368026000,2020-08-20T01:21:20,36.86574,-76.31603,0.0,270.5,2.0,BENAVIDEZ,IMO9218210,NBHG,70,5,289,32,10.9,70,A
367821000,2020-08-20T01:08:28,36.97282,-76.43367,0.0,0.0,511.0,YANO,IMO7825409,NAQH,70,0,276,32,13.0,70,A
366839000,2020-08-20T01:22:04,36.85348,-76.31085,0.0,0.0,39.0,CAPE RISE,IMO7530808,KAFG,70,5,197,32,10.0,,A
367821000,2020-08-20T01:20:37,36.97281,-76.43366,0.0,0.0,511.0,YANO,IMO7825409,NAQH,70,0,276,32,13.0,70,A
367932000,2020-08-20T01:08:17,36.94919,-76.32971,0.0,107.0,279.0,JOHN LENTHALL,IMO8325547,NJLN,80,5,193,29,,,A
367078110,2020-08-20T01:09:45,36.83854,-76.28198,0.0,227.0,511.0,MARCELLE BORDELON,IMO9350379,WDJ2038,79,3,45,11,3.0,79,A
367821000,2020-08-20T01:22:57,36.97282,-76.43365,0.0,0.0,511.0,YANO,IMO7825409,NAQH,70,0,276,32,13.0,70,A
367932000,2020-08-20T01:23:16,36.94917,-76.32960,0.0,107.0,279.0,JOHN LENTHALL,IMO8325547,NJLN,80,5,193,29,,,A
368026000,2020-08-20T01:18:22,36.86576,-76.31605,0.0,270.5,2.0,BENAVIDEZ,IMO9218210,NBHG,70,5,289,32,10.9,70,A
366839000,2020-08-20T01:19:06,36.85352,-76.31080,0.0,0.0,39.0,CAPE RISE,IMO7530808,KAFG,70,5,197,32,10.0,,A
538006982,2020-08-20T01:14:16,36.96258,-76.42365,0.1,109.5,40.0,ANTE TOPIC,IMO9737072,V7TR4,70,5,,,,,A
367078110,2020-08-20T01:24:34,36.83855,-76.28198,0.0,234.0,511.0,MARCELLE BORDELON,IMO9350379,WDJ2038,79,3,45,11,3.0,79,A
215677000,2020-08-20T01:23:58,37.23865,-76.11885,0.1,50.6,131.0,RIZE,IMO9584035,9HA2781,70,1,229,32,14.5,,A
538002652,2020-08-20T01:24:53,36.87950,-76.32647,0.0,117.0,276.0,NAIAS,IMO9330800,V7KN8,70,5,225,32,14.0,70,A
368026000,2020-08-20T01:24:21,36.86577,-76.31605,0.0,270.5,2.0,BENAVIDEZ,IMO9218210,NBHG,70,5,289,32,10.9,70,A
477196100,2020-08-20T01:18:48,37.19715,-76.13619,0.1,17.8,134.0,DARYA MA,IMO9591674,VRJH5,70,1,229,32,14.5,,A
368026000,2020-08-20T01:12:21,36.86576,-76.31605,0.0,270.5,2.0,BENAVIDEZ,IMO9218210,NBHG,70,5,289,32,10.9,70,A
367078110,2020-08-20T01:23:25,36.83855,-76.28198,0.0,286.0,511.0,MARCELLE BORDELON,IMO9350379,WDJ2038,79,3,45,11,3.0,79,A
366839000,2020-08-20T01:25:07,36.85349,-76.31083,0.0,0.0,39.0,CAPE RISE,IMO7530808,KAFG,70,5,197,32,10.0,,A
367822000,2020-08-20T01:26:56,36.97312,-76.43382,0.0,0.0,239.0,USNS SHUGHART,IMO7825394,NAOQ,70,5,276,32,13.0,70,A
367821000,2020-08-20T01:23:58,36.97282,-76.43365,0.0,0.0,511.0,YANO,IMO7825409,NAQH,70,0,276,32,13.0,70,A
367822000,2020-08-20T01:23:55,36.97311,-76.43382,0.0,0.0,239.0,USNS SHUGHART,IMO7825394,NAOQ,70,5,276,32,13.0,70,A
215677000,2020-08-20T01:27:04,37.23871,-76.11875,0.1,50.6,134.0,RIZE,IMO9584035,9HA2781,70,1,229,32,14.5,,A
477196100,2020-08-20T01:24:49,37.19730,-76.13599,0.1,37.8,139.0,DARYA MA,IMO9591674,VRJH5,70,1,229,32,14.5,,A
305855000,2020-08-20T01:14:49,36.86428,-76.31476,0.0,79.5,226.0,BBC PEARL,IMO9504786,V2FY8,70,5,153,23,9.1,70,A
305855000,2020-08-20T01:26:48,36.86429,-76.31475,0.0,47.8,226.0,BBC PEARL,IMO9504786,V2FY8,70,5,153,23,9.1,70,A
367932000,2020-08-20T01:26:16,36.94918,-76.32963,0.0,107.0,279.0,JOHN LENTHALL,IMO8325547,NJLN,80,5,193,29,,,A
367821000,2020-08-20T01:15:18,36.97284,-76.43364,0.0,0.0,511.0,YANO,IMO7825409,NAQH,70,0,276,32,13.0,70,A
477866300,2020-08-20T01:28:23,36.92726,-76.32986,0.1,162.8,355.0,BILBAO BRIDGE,IMO9492701,VRHY6,70,5,269,35,11.0,74,A
367078110,2020-08-20T01:28:24,36.83854,-76.28198,0.0,310.0,511.0,MARCELLE BORDELON,IMO9350379,WDJ2038,79,3,45,11,3.0,79,A
367821000,2020-08-20T01:17:37,36.97282,-76.43365,0.0,0.0,511.0,YANO,IMO7825409,NAQH,70,0,276,32,13.0,70,A
477196100,2020-08-20T01:15:48,37.19705,-76.13624,0.1,10.2,131.0,DARYA MA,IMO9591674,VRJH5,70,1,229,32,14.5,,A
305855000,2020-08-20T01:29:46,36.86429,-76.31476,0.0,71.6,226.0,BBC PEARL,IMO9504786,V2FY8,70,5,153,23,9.1,70,A
477866300,2020-08-20T00:01:23,36.92727,-76.32977,0.0,8.6,355.0,BILBAO BRIDGE,IMO9492701,VRHY6,70,5,269,35,11.0,74,A
367821000,2020-08-20T01:19:28,36.97281,-76.43365,0.0,0.0,511.0,YANO,IMO7825409,NAQH,70,0,276,32,13.0,70,A
305855000,2020-08-20T01:17:46,36.86431,-76.31475,0.0,67.2,226.0,BBC PEARL,IMO9504786,V2FY8,70,5,153,23,9.1,70,A
367822000,2020-08-20T01:29:56,36.97311,-76.43382,0.0,0.0,239.0,USNS SHUGHART,IMO7825394,NAOQ,70,5,276,32,13.0,70,A
367821000,2020-08-20T01:30:08,36.97282,-76.43366,0.0,0.0,511.0,YANO,IMO7825409,NAQH,70,0,276,32,13.0,70,A
538006982,2020-08-20T01:23:16,36.96257,-76.42366,0.0,105.9,40.0,ANTE TOPIC,IMO9737072,V7TR4,70,5,,,,,A
477866300,2020-08-20T01:19:24,36.92741,-76.32987,0.1,147.7,355.0,BILBAO BRIDGE,IMO9492701,VRHY6,70,5,269,35,11.0,74,A
367078110,2020-08-20T01:20:25,36.83856,-76.28199,0.0,8.0,511.0,MARCELLE BORDELON,IMO9350379,WDJ2038,79,3,45,11,3.0,79,A
367861000,2020-08-20T01:30:01,36.94636,-76.32985,0.0,0.0,265.0,LARAMIE,IMO8906626,NLAR,80,5,193,29,,,A
211839000,2020-08-20T01:29:05,36.90653,-76.32674,0.0,352.0,352.0,CHICAGO EXPRESS,IMO9295268,DCUJ2,70,5,336,42,14.6,79,A
538002652,2020-08-20T01:30:51,36.87948,-76.32643,0.0,117.0,276.0,NAIAS,IMO9330800,V7KN8,70,5,225,32,14.0,70,A
368026000,2020-08-20T01:30:20,36.86576,-76.31604,0.0,270.5,2.0,BENAVIDEZ,IMO9218210,NBHG,70,5,289,32,10.9,70,A
367932000,2020-08-20T01:20:17,36.94920,-76.32962,0.0,107.0,279.0,JOHN LENTHALL,IMO8325547,NJLN,80,5,193,29,,,A
477196100,2020-08-20T01:21:50,37.19723,-76.13609,0.1,33.2,136.0,DARYA MA,IMO9591674,VRJH5,70,1,229,32,14.5,,A
477866300,2020-08-20T01:25:24,36.92748,-76.32987,0.0,162.8,355.0,BILBAO BRIDGE,IMO9492701,VRHY6,70,5,269,35,11.0,74,A
538006982,2020-08-20T01:26:16,36.96258,-76.42369,0.0,105.9,40.0,ANTE TOPIC,IMO9737072,V7TR4,70,5,,,,,A
211839000,2020-08-20T01:26:06,36.90650,-76.32673,0.0,352.0,352.0,CHICAGO EXPRESS,IMO9295268,DCUJ2,70,5,336,42,14.6,79,A
211839000,2020-08-20T01:23:01,36.90654,-76.32673,0.0,352.0,352.0,CHICAGO EXPRESS,IMO9295268,DCUJ2,70,5,336,42,14.6,79,A
367821000,2020-08-20T01:31:18,36.97282,-76.43366,0.0,0.0,511.0,YANO,IMO7825409,NAQH,70,0,276,32,13.0,70,A
305855000,2020-08-20T01:32:46,36.86428,-76.31475,0.0,95.8,226.0,BBC PEARL,IMO9504786,V2FY8,70,5,153,23,9.1,70,A
366839000,2020-08-20T01:34:04,36.85345,-76.31082,0.0,0.0,39.0,CAPE RISE,IMO7530808,KAFG,70,5,197,32,10.0,,A
538002652,2020-08-20T01:27:52,36.87947,-76.32643,0.0,117.0,276.0,NAIAS,IMO9330800,V7KN8,70,5,225,32,14.0,70,A
538002652,2020-08-20T01:33:53,36.87945,-76.32645,0.0,117.0,276.0,NAIAS,IMO9330800,V7KN8,70,5,225,32,14.0,70,A
367078110,2020-08-20T01:27:15,36.83854,-76.28198,0.0,285.0,511.0,MARCELLE BORDELON,IMO9350379,WDJ2038,79,3,45,11,3.0,79,A
367821000,2020-08-20T01:35:18,36.97282,-76.43366,0.0,0.0,511.0,YANO,IMO7825409,NAQH,70,0,276,32,13.0,70,A
367932000,2020-08-20T01:32:17,36.94926,-76.32974,0.0,107.0,279.0,JOHN LENTHALL,IMO8325547,NJLN,80,5,193,29,,,A
477196100,2020-08-20T01:27:50,37.19731,-76.13590,0.1,37.8,142.0,DARYA MA,IMO9591674,VRJH5,70,1,229,32,14.5,,A
367861000,2020-08-20T01:36:00,36.94636,-76.32979,0.0,0.0,265.0,LARAMIE,IMO8906626,NLAR,80,5,193,29,,,A
367821000,2020-08-20T01:36:27,36.97282,-76.43367,0.0,0.0,511.0,YANO,IMO7825409,NAQH,70,0,276,32,13.0,70,A
367861000,2020-08-20T01:24:01,36.94639,-76.32980,0.0,0.0,265.0,LARAMIE,IMO8906626,NLAR,80,5,193,29,,,A
477196100,2020-08-20T01:36:49,37.19744,-76.13594,0.1,37.8,139.0,DARYA MA,IMO9591674,VRJH5,70,1,229,32,14.5,,A
367861000,2020-08-20T01:39:00,36.94638,-76.32976,0.0,0.0,265.0,LARAMIE,IMO8906626,NLAR,80,5,193,29,,,A
367932000,2020-08-20T01:29:16,36.94916,-76.32964,0.0,107.0,279.0,JOHN LENTHALL,IMO8325547,NJLN,80,5,193,29,,,A
215677000,2020-08-20T01:36:04,37.23888,-76.11853,0.1,49.1,142.0,RIZE,IMO9584035,9HA2781,70,1,229,32,14.5,,A
368026000,2020-08-20T01:36:21,36.86576,-76.31605,0.0,270.5,2.0,BENAVIDEZ,IMO9218210,NBHG,70,5,289,32,10.9,70,A
367078110,2020-08-20T01:34:34,36.83855,-76.28198,0.0,11.0,511.0,MARCELLE BORDELON,IMO9350379,WDJ2038,79,3,45,11,3.0,79,A
477866300,2020-08-20T01:31:22,36.92752,-76.32992,0.0,100.8,355.0,BILBAO BRIDGE,IMO9492701,VRHY6,70,5,269,35,11.0,74,A
305855000,2020-08-20T01:23:48,36.86428,-76.31477,0.0,27.5,226.0,BBC PEARL,IMO9504786,V2FY8,70,5,153,23,9.1,70,A
477196100,2020-08-20T01:30:45,37.19732,-76.13589,0.0,37.8,143.0,DARYA MA,IMO9591674,VRJH5,70,1,229,32,14.5,,A
367078110,2020-08-20T01:32:05,36.83854,-76.28198,0.0,16.0,511.0,MARCELLE BORDELON,IMO9350379,WDJ2038,79,3,45,11,3.0,79,A
538002652,2020-08-20T01:36:49,36.87948,-76.32647,0.0,117.0,276.0,NAIAS,IMO9330800,V7KN8,70,5,225,32,14.0,70,A
211839000,2020-08-20T01:38:10,36.90656,-76.32674,0.0,352.0,352.0,CHICAGO EXPRESS,IMO9295268,DCUJ2,70,5,336,42,14.6,79,A
367821000,2020-08-20T01:38:38,36.97282,-76.43367,0.0,0.0,511.0,YANO,IMO7825409,NAQH,70,0,276,32,13.0,70,A
367821000,2020-08-20T01:26:16,36.97282,-76.43366,0.0,0.0,511.0,YANO,IMO7825409,NAQH,70,0,276,32,13.0,70,A
366839000,2020-08-20T01:40:03,36.85348,-76.31084,0.0,0.0,39.0,CAPE RISE,IMO7530808,KAFG,70,5,197,32,10.0,,A
538006982,2020-08-20T01:32:16,36.96254,-76.42366,0.0,110.4,40.0,ANTE TOPIC,IMO9737072,V7TR4,70,5,,,,,A
538006982,2020-08-20T01:41:16,36.96259,-76.42363,0.1,93.0,40.0,ANTE TOPIC,IMO9737072,V7TR4,70,5,,,,,A
367821000,2020-08-20T01:27:17,36.97282,-76.43366,0.0,0.0,511.0,YANO,IMO7825409,NAQH,70,0,276,32,13.0,70,A
367821000,2020-08-20T01:28:47,36.97282,-76.43366,0.0,0.0,511.0,YANO,IMO7825409,NAQH,70,0,276,32,13.0,70,A
368026000,2020-08-20T01:27:22,36.86577,-76.31603,0.0,270.5,2.0,BENAVIDEZ,IMO9218210,NBHG,70,5,289,32,10.9,70,A
367821000,2020-08-20T01:34:07,36.97283,-76.43366,0.0,0.0,511.0,YANO,IMO7825409,NAQH,70,0,276,32,13.0,70,A
477196100,2020-08-20T01:39:51,37.19752,-76.13588,0.1,37.8,140.0,DARYA MA,IMO9591674,VRJH5,70,1,229,32,14.5,,A
366839000,2020-08-20T01:37:06,36.85349,-76.31081,0.0,0.0,39.0,CAPE RISE,IMO7530808,KAFG,70,5,197,32,10.0,,A
477866300,2020-08-20T01:34:25,36.92739,-76.32994,0.0,100.8,355.0,BILBAO BRIDGE,IMO9492701,VRHY6,70,5,269,35,11.0,74,A
366839000,2020-08-20T01:31:07,36.85350,-76.31079,0.0,0.0,39.0,CAPE RISE,IMO7530808,KAFG,70,5,197,32,10.0,,A
367821000,2020-08-20T01:44:48,36.97277,-76.43373,0.0,0.0,511.0,YANO,IMO7825409,NAQH,70,0,276,32,13.0,70,A
367932000,2020-08-20T01:35:18,36.94919,-76.32962,0.0,107.0,279.0,JOHN LENTHALL,IMO8325547,NJLN,80,5,193,29,,,A
211839000,2020-08-20T01:41:09,36.90652,-76.32675,0.0,352.0,352.0,CHICAGO EXPRESS,IMO9295268,DCUJ2,70,5,336,42,14.6,79,A
367861000,2020-08-20T01:27:00,36.94638,-76.32986,0.0,0.0,265.0,LARAMIE,IMO8906626,NLAR,80,5,193,29,,,A
367822000,2020-08-20T01:32:55,36.97311,-76.43382,0.0,0.0,239.0,USNS SHUGHART,IMO7825394,NAOQ,70,5,276,32,13.0,70,A
367821000,2020-08-20T01:40:08,36.97282,-76.43367,0.0,0.0,511.0,YANO,IMO7825409,NAQH,70,0,276,32,13.0,70,A
367932000,2020-08-20T01:38:17,36.94922,-76.32971,0.0,107.0,279.0,JOHN LENTHALL,IMO8325547,NJLN,80,5,193,29,,,A
477866300,2020-08-20T01:40:24,36.92741,-76.32990,0.0,128.9,355.0,BILBAO BRIDGE,IMO9492701,VRHY6,70,5,269,35,11.0,74,A
538002652,2020-08-20T01:42:53,36.87945,-76.32647,0.0,45.0,276.0,NAIAS,IMO9330800,V7KN8,70,5,225,32,14.0,70,A
538006982,2020-08-20T01:35:16,36.96256,-76.42363,0.0,110.4,40.0,ANTE TOPIC,IMO9737072,V7TR4,70,5,,,,,A
477866300,2020-08-20T01:43:23,36.92743,-76.32990,0.0,123.5,355.0,BILBAO BRIDGE,IMO9492701,VRHY6,70,5,269,35,11.0,74,A
215677000,2020-08-20T01:33:05,37.23883,-76.11861,0.1,38.9,139.0,RIZE,IMO9584035,9HA2781,70,1,229,32,14.5,,A
366839000,2020-08-20T01:43:05,36.85348,-76.31084,0.0,0.0,39.0,CAPE RISE,IMO7530808,KAFG,70,5,197,32,10.0,,A
367078110,2020-08-20T01:43:15,36.83855,-76.28198,0.0,335.0,511.0,MARCELLE BORDELON,IMO9350379,WDJ2038,79,3,45,11,3.0,79,A
305855000,2020-08-20T01:41:49,36.86431,-76.31477,0.0,148.4,226.0,BBC PEARL,IMO9504786,V2FY8,70,5,153,23,9.1,70,A
477196100,2020-08-20T01:45:49,37.19761,-76.13570,0.1,37.8,144.0,DARYA MA,IMO9591674,VRJH5,70,1,229,32,14.5,,A
367822000,2020-08-20T01:44:54,36.97315,-76.43388,0.0,0.0,238.0,USNS SHUGHART,IMO7825394,NAOQ,70,5,276,32,13.0,70,A
538002652,2020-08-20T01:45:49,36.87945,-76.32648,0.0,45.0,276.0,NAIAS,IMO9330800,V7KN8,70,5,225,32,14.0,70,A
538006982,2020-08-20T01:44:16,36.96260,-76.42364,0.0,91.2,40.0,ANTE TOPIC,IMO9737072,V7TR4,70,5,,,,,A
367078110,2020-08-20T01:38:14,36.83855,-76.28198,0.0,210.0,511.0,MARCELLE BORDELON,IMO9350379,WDJ2038,79,3,45,11,3.0,79,A
211839000,2020-08-20T01:35:07,36.90650,-76.32672,0.0,352.0,352.0,CHICAGO EXPRESS,IMO9295268,DCUJ2,70,5,336,42,14.6,79,A
367078110,2020-08-20T01:29:34,36.83854,-76.28198,0.0,147.0,511.0,MARCELLE BORDELON,IMO9350379,WDJ2038,79,3,45,11,3.0,79,A
367078110,2020-08-20T01:40:05,36.83855,-76.28198,0.0,253.0,511.0,MARCELLE BORDELON,IMO9350379,WDJ2038,79,3,45,11,3.0,79,A
367078110,2020-08-20T01:45:35,36.83855,-76.28198,0.0,213.0,511.0,MARCELLE BORDELON,IMO9350379,WDJ2038,79,3,45,11,3.0,79,A
215677000,2020-08-20T01:45:07,37.23909,-76.11818,0.1,56.2,149.0,RIZE,IMO9584035,9HA2781,70,1,229,32,14.5,,A
367078110,2020-08-20T01:42:05,36.83855,-76.28198,0.0,255.0,511.0,MARCELLE BORDELON,IMO9350379,WDJ2038,79,3,45,11,3.0,79,A
305855000,2020-08-20T01:35:49,36.86429,-76.31474,0.0,95.8,226.0,BBC PEARL,IMO9504786,V2FY8,70,5,153,23,9.1,70,A
211839000,2020-08-20T01:47:13,36.90649,-76.32677,0.0,352.0,352.0,CHICAGO EXPRESS,IMO9295268,DCUJ2,70,5,336,42,14.6,79,A
215677000,2020-08-20T01:30:02,37.23877,-76.11868,0.1,38.9,137.0,RIZE,IMO9584035,9HA2781,70,1,229,32,14.5,,A
367078110,2020-08-20T01:31:04,36.83854,-76.28198,0.0,231.0,511.0,MARCELLE BORDELON,IMO9350379,WDJ2038,79,3,45,11,3.0,79,A
366839000,2020-08-20T01:46:04,36.85349,-76.31083,0.0,0.0,39.0,CAPE RISE,IMO7530808,KAFG,70,5,197,32,10.0,,A
367821000,2020-08-20T01:49:38,36.97296,-76.43349,0.0,0.0,511.0,YANO,IMO7825409,NAQH,70,0,276,32,13.0,70,A
367821000,2020-08-20T01:32:58,36.97283,-76.43366,0.0,0.0,511.0,YANO,IMO7825409,NAQH,70,0,276,32,13.0,70,A
477866300,2020-08-20T01:37:23,36.92744,-76.32989,0.0,100.8,355.0,BILBAO BRIDGE,IMO9492701,VRHY6,70,5,269,35,11.0,74,A
367861000,2020-08-20T01:47:59,36.94638,-76.32983,0.0,0.0,265.0,LARAMIE,IMO8906626,NLAR,80,5,193,29,,,A
305855000,2020-08-20T01:44:46,36.86429,-76.31475,0.0,43.5,226.0,BBC PEARL,IMO9504786,V2FY8,70,5,153,23,9.1,70,A
367821000,2020-08-20T01:41:48,36.97282,-76.43367,0.0,0.0,511.0,YANO,IMO7825409,NAQH,70,0,276,32,13.0,70,A
367821000,2020-08-20T01:37:37,36.97282,-76.43367,0.0,0.0,511.0,YANO,IMO7825409,NAQH,70,0,276,32,13.0,70,A
367932000,2020-08-20T01:44:17,36.94916,-76.32969,0.0,107.0,279.0,JOHN LENTHALL,IMO8325547,NJLN,80,5,193,29,,,A
367078110,2020-08-20T01:33:24,36.83855,-76.28198,0.0,317.0,511.0,MARCELLE BORDELON,IMO9350379,WDJ2038,79,3,45,11,3.0,79,A
211839000,2020-08-20T01:32:08,36.90657,-76.32671,0.0,352.0,352.0,CHICAGO EXPRESS,IMO9295268,DCUJ2,70,5,336,42,14.6,79,A
215677000,2020-08-20T01:42:03,37.23901,-76.11828,0.1,56.2,148.0,RIZE,IMO9584035,9HA2781,70,1,229,32,14.5,,A
215677000,2020-08-20T01:39:07,37.23895,-76.11838,0.1,56.2,147.0,RIZE,IMO9584035,9HA2781,70,1,229,32,14.5,,A
367822000,2020-08-20T01:38:55,36.97311,-76.43382,0.0,0.0,239.0,USNS SHUGHART,IMO7825394,NAOQ,70,5,276,32,13.0,70,A
367861000,2020-08-20T01:33:01,36.94636,-76.32981,0.0,0.0,265.0,LARAMIE,IMO8906626,NLAR,80,5,193,29,,,A
367861000,2020-08-20T01:42:01,36.94638,-76.32977,0.0,0.0,265.0,LARAMIE,IMO8906626,NLAR,80,5,193,29,,,A
477196100,2020-08-20T01:33:49,37.19736,-76.13593,0.1,37.8,140.0,DARYA MA,IMO9591674,VRJH5,70,1,229,32,14.5,,A
538002652,2020-08-20T01:39:50,36.87948,-76.32642,0.0,117.0,276.0,NAIAS,IMO9330800,V7KN8,70,5,225,32,14.0,70,A
367932000,2020-08-20T01:50:17,36.94907,-76.32972,0.0,107.0,279.0,JOHN LENTHALL,IMO8325547,NJLN,80,5,193,29,,,A
367821000,2020-08-20T01:42:58,36.97275,-76.43369,0.0,0.0,511.0,YANO,IMO7825409,NAQH,70,0,276,32,13.0,70,A
211839000,2020-08-20T01:44:13,36.90648,-76.32667,0.0,353.0,353.0,CHICAGO EXPRESS,IMO9295268,DCUJ2,70,5,336,42,14.6,79,A
367078110,2020-08-20T01:44:25,36.83855,-76.28198,0.0,329.0,511.0,MARCELLE BORDELON,IMO9350379,WDJ2038,79,3,45,11,3.0,79,A
367822000,2020-08-20T01:41:55,36.97314,-76.43387,0.0,0.0,239.0,USNS SHUGHART,IMO7825394,NAOQ,70,5,276,32,13.0,70,A
367078110,2020-08-20T01:35:45,36.83855,-76.28198,0.0,300.0,511.0,MARCELLE BORDELON,IMO9350379,WDJ2038,79,3,45,11,3.0,79,A
367932000,2020-08-20T01:47:16,36.94916,-76.32964,0.0,107.0,279.0,JOHN LENTHALL,IMO8325547,NJLN,80,5,193,29,,,A
367821000,2020-08-20T01:47:38,36.97277,-76.43375,0.0,0.0,511.0,YANO,IMO7825409,NAQH,70,0,276,32,13.0,70,A
477866300,2020-08-20T01:46:25,36.92742,-76.32993,0.0,359.2,355.0,BILBAO BRIDGE,IMO9492701,VRHY6,70,5,269,35,11.0,74,A
368026000,2020-08-20T01:42:21,36.86577,-76.31605,0.0,270.5,2.0,BENAVIDEZ,IMO9218210,NBHG,70,5,289,32,10.9,70,A
305855000,2020-08-20T01:47:45,36.86429,-76.31475,0.0,19.0,226.0,BBC PEARL,IMO9504786,V2FY8,70,5,153,23,9.1,70,A
538002652,2020-08-20T01:48:50,36.87945,-76.32648,0.0,241.0,276.0,NAIAS,IMO9330800,V7KN8,70,5,225,32,14.0,70,A
367822000,2020-08-20T01:47:54,36.97313,-76.43387,0.0,0.0,238.0,USNS SHUGHART,IMO7825394,NAOQ,70,5,276,32,13.0,70,A
368026000,2020-08-20T01:48:21,36.86574,-76.31605,0.0,270.5,2.0,BENAVIDEZ,IMO9218210,NBHG,70,5,289,32,10.9,70,A
477866300,2020-08-20T01:49:24,36.92754,-76.32975,0.0,359.2,355.0,BILBAO BRIDGE,IMO9492701,VRHY6,70,5,269,35,11.0,74,A
477866300,2020-08-20T01:55:24,36.92767,-76.32975,0.0,359.2,355.0,BILBAO BRIDGE,IMO9492701,VRHY6,70,5,269,35,11.0,74,A
367078110,2020-08-20T01:53:24,36.83855,-76.28197,0.0,310.0,511.0,MARCELLE BORDELON,IMO9350379,WDJ2038,79,3,45,11,3.0,79,A
538002652,2020-08-20T01:54:51,36.87945,-76.32647,0.0,38.0,276.0,NAIAS,IMO9330800,V7KN8,70,5,225,32,14.0,70,A
305855000,2020-08-20T01:38:48,36.86431,-76.31473,0.0,29.5,226.0,BBC PEARL,IMO9504786,V2FY8,70,5,153,23,9.1,70,A
367821000,2020-08-20T01:46:27,36.97277,-76.43375,0.0,0.0,511.0,YANO,IMO7825409,NAQH,70,0,276,32,13.0,70,A
367078110,2020-08-20T01:49:15,36.83855,-76.28198,0.0,272.0,511.0,MARCELLE BORDELON,IMO9350379,WDJ2038,79,3,45,11,3.0,79,A
368026000,2020-08-20T01:45:20,36.86577,-76.31605,0.0,270.5,2.0,BENAVIDEZ,IMO9218210,NBHG,70,5,289,32,10.9,70,A
367821000,2020-08-20T01:56:08,36.97286,-76.43362,0.0,0.0,511.0,YANO,IMO7825409,NAQH,70,0,276,32,13.0,70,A
367822000,2020-08-20T01:56:55,36.97310,-76.43381,0.0,0.0,238.0,USNS SHUGHART,IMO7825394,NAOQ,70,5,276,32,13.0,70,A
367822000,2020-08-20T01:53:55,36.97311,-76.43380,0.0,0.0,238.0,USNS SHUGHART,IMO7825394,NAOQ,70,5,276,32,13.0,70,A
367078110,2020-08-20T01:51:35,36.83855,-76.28197,0.0,5.0,511.0,MARCELLE BORDELON,IMO9350379,WDJ2038,79,3,45,11,3.0,79,A
215677000,2020-08-20T01:54:04,37.23931,-76.11790,0.1,33.0,157.0,RIZE,IMO9584035,9HA2781,70,1,229,32,14.5,,A
215677000,2020-08-20T01:51:08,37.23927,-76.11802,0.1,33.0,155.0,RIZE,IMO9584035,9HA2781,70,1,229,32,14.5,,A
367821000,2020-08-20T01:52:47,36.97287,-76.43360,0.0,0.0,511.0,YANO,IMO7825409,NAQH,70,0,276,32,13.0,70,A
367821000,2020-08-20T01:57:17,36.97286,-76.43362,0.0,0.0,511.0,YANO,IMO7825409,NAQH,70,0,276,32,13.0,70,A
367821000,2020-08-20T01:59:37,36.97285,-76.43362,0.0,0.0,511.0,YANO,IMO7825409,NAQH,70,0,276,32,13.0,70,A
477196100,2020-08-20T01:51:49,37.19766,-76.13553,0.1,37.8,146.0,DARYA MA,IMO9591674,VRJH5,70,1,229,32,14.5,,A
367078110,2020-08-20T01:57:45,36.83853,-76.28197,0.0,349.0,511.0,MARCELLE BORDELON,IMO9350379,WDJ2038,79,3,45,11,3.0,79,A
368026000,2020-08-20T01:51:20,36.86576,-76.31603,0.0,270.5,2.0,BENAVIDEZ,IMO9218210,NBHG,70,5,289,32,10.9,70,A
368026000,2020-08-20T01:57:20,36.86578,-76.31605,0.0,270.5,2.0,BENAVIDEZ,IMO9218210,NBHG,70,5,289,32,10.9,70,A
538002652,2020-08-20T01:51:49,36.87947,-76.32643,0.0,38.0,276.0,NAIAS,IMO9330800,V7KN8,70,5,225,32,14.0,70,A
538006982,2020-08-20T01:47:16,36.96259,-76.42367,0.0,9.2,40.0,ANTE TOPIC,IMO9737072,V7TR4,70,5,,,,,A
367932000,2020-08-20T01:59:16,36.94924,-76.32964,0.0,107.0,279.0,JOHN LENTHALL,IMO8325547,NJLN,80,5,193,29,,,A
477196100,2020-08-20T01:42:49,37.19760,-76.13578,0.1,37.8,142.0,DARYA MA,IMO9591674,VRJH5,70,1,229,32,14.5,,A
538006982,2020-08-20T01:53:16,36.96260,-76.42365,0.1,22.5,40.0,ANTE TOPIC,IMO9737072,V7TR4,70,5,,,,,A
305855000,2020-08-20T01:53:49,36.86431,-76.31476,0.0,26.7,226.0,BBC PEARL,IMO9504786,V2FY8,70,5,153,23,9.1,70,A
367078110,2020-08-20T01:55:24,36.83854,-76.28198,0.0,328.0,511.0,MARCELLE BORDELON,IMO9350379,WDJ2038,79,3,45,11,3.0,79,A
211839000,2020-08-20T01:53:14,36.90655,-76.32672,0.0,352.0,352.0,CHICAGO EXPRESS,IMO9295268,DCUJ2,70,5,336,42,14.6,79,A
367861000,2020-08-20T02:00:00,36.94636,-76.32983,0.0,0.0,265.0,LARAMIE,IMO8906626,NLAR,80,5,193,29,,,A
367861000,2020-08-20T01:54:01,36.94637,-76.32980,0.0,0.0,265.0,LARAMIE,IMO8906626,NLAR,80,5,193,29,,,A
367821000,2020-08-20T02:01:18,36.97285,-76.43362,0.0,0.0,511.0,YANO,IMO7825409,NAQH,70,0,276,32,13.0,70,A
366839000,2020-08-20T01:48:59,36.85351,-76.31082,0.0,0.0,39.0,CAPE RISE,IMO7530808,KAFG,70,5,197,32,10.0,,A
477196100,2020-08-20T01:54:51,37.19768,-76.13545,0.0,37.8,147.0,DARYA MA,IMO9591674,VRJH5,70,1,229,32,14.5,,A
367861000,2020-08-20T01:44:59,36.94638,-76.32984,0.0,0.0,265.0,LARAMIE,IMO8906626,NLAR,80,5,193,29,,,A
366839000,2020-08-20T01:55:04,36.85351,-76.31081,0.0,0.0,39.0,CAPE RISE,IMO7530808,KAFG,70,5,197,32,10.0,,A
538006982,2020-08-20T01:50:16,36.96260,-76.42365,0.0,21.8,40.0,ANTE TOPIC,IMO9737072,V7TR4,70,5,,,,,A
477866300,2020-08-20T02:01:25,36.92742,-76.32992,0.0,358.9,355.0,BILBAO BRIDGE,IMO9492701,VRHY6,70,5,269,35,11.0,74,A
367932000,2020-08-20T02:02:17,36.94924,-76.32968,0.0,107.0,279.0,JOHN LENTHALL,IMO8325547,NJLN,80,5,193,29,,,A
305855000,2020-08-20T01:50:46,36.86429,-76.31474,0.0,14.5,226.0,BBC PEARL,IMO9504786,V2FY8,70,5,153,23,9.1,70,A
366839000,2020-08-20T01:52:06,36.85350,-76.31082,0.0,0.0,39.0,CAPE RISE,IMO7530808,KAFG,70,5,197,32,10.0,,A
477866300,2020-08-20T01:52:26,36.92733,-76.32988,0.0,359.2,355.0,BILBAO BRIDGE,IMO9492701,VRHY6,70,5,269,35,11.0,74,A
538006982,2020-08-20T01:56:16,36.96257,-76.42362,0.0,21.8,40.0,ANTE TOPIC,IMO9737072,V7TR4,70,5,,,,,A
215677000,2020-08-20T01:48:02,37.23919,-76.11809,0.1,37.2,152.0,RIZE,IMO9584035,9HA2781,70,1,229,32,14.5,,A
367932000,2020-08-20T01:56:17,36.94916,-76.32965,0.0,107.0,279.0,JOHN LENTHALL,IMO8325547,NJLN,80,5,193,29,,,A
367861000,2020-08-20T01:57:01,36.94638,-76.32980,0.0,0.0,265.0,LARAMIE,IMO8906626,NLAR,80,5,193,29,,,A
305855000,2020-08-20T02:02:48,36.86430,-76.31475,0.0,26.2,226.0,BBC PEARL,IMO9504786,V2FY8,70,5,153,23,9.1,70,A
368026000,2020-08-20T02:03:21,36.86576,-76.31606,0.0,270.5,2.0,BENAVIDEZ,IMO9218210,NBHG,70,5,289,32,10.9,70,A
538006982,2020-08-20T01:59:16,36.96258,-76.42365,0.0,21.8,40.0,ANTE TOPIC,IMO9737072,V7TR4,70,5,,,,,A
367078110,2020-08-20T01:58:54,36.83854,-76.28197,0.0,329.0,511.0,MARCELLE BORDELON,IMO9350379,WDJ2038,79,3,45,11,3.0,79,A
211839000,2020-08-20T01:59:18,36.90653,-76.32669,0.0,352.0,352.0,CHICAGO EXPRESS,IMO9295268,DCUJ2,70,5,336,42,14.6,79,A
367821000,2020-08-20T02:03:38,36.97285,-76.43363,0.0,0.0,511.0,YANO,IMO7825409,NAQH,70,0,276,32,13.0,70,A
367821000,2020-08-20T02:04:39,36.97285,-76.43363,0.0,0.0,511.0,YANO,IMO7825409,NAQH,70,0,276,32,13.0,70,A
367078110,2020-08-20T01:59:56,36.83854,-76.28197,0.0,339.0,511.0,MARCELLE BORDELON,IMO9350379,WDJ2038,79,3,45,11,3.0,79,A
477866300,2020-08-20T02:04:23,36.92757,-76.32985,0.0,358.9,355.0,BILBAO BRIDGE,IMO9492701,VRHY6,70,5,269,35,11.0,74,A
477866300,2020-08-20T01:58:22,36.92756,-76.32980,0.0,352.4,355.0,BILBAO BRIDGE,IMO9492701,VRHY6,70,5,269,35,11.0,74,A
367078110,2020-08-20T02:04:55,36.83853,-76.28198,0.0,6.0,511.0,MARCELLE BORDELON,IMO9350379,WDJ2038,79,3,45,11,3.0,79,A
215677000,2020-08-20T02:00:03,37.23931,-76.11764,0.1,90.9,161.0,RIZE,IMO9584035,9HA2781,70,1,229,32,14.5,,A
367821000,2020-08-20T02:05:47,36.97285,-76.43363,0.0,0.0,511.0,YANO,IMO7825409,NAQH,70,0,276,32,13.0,70,A
367932000,2020-08-20T02:05:16,36.94923,-76.32971,0.0,107.0,279.0,JOHN LENTHALL,IMO8325547,NJLN,80,5,193,29,,,A
367078110,2020-08-20T02:06:04,36.83853,-76.28198,0.0,321.0,511.0,MARCELLE BORDELON,IMO9350379,WDJ2038,79,3,45,11,3.0,79,A
538002652,2020-08-20T01:57:52,36.87943,-76.32650,0.0,243.0,276.0,NAIAS,IMO9330800,V7KN8,70,5,225,32,14.0,70,A
367078110,2020-08-20T02:00:05,36.83854,-76.28197,0.0,322.0,511.0,MARCELLE BORDELON,IMO9350379,WDJ2038,79,3,45,11,3.0,79,A
538002652,2020-08-20T02:06:51,36.87947,-76.32647,0.0,33.0,276.0,NAIAS,IMO9330800,V7KN8,70,5,225,32,14.0,70,A
367821000,2020-08-20T02:02:28,36.97285,-76.43363,0.0,0.0,511.0,YANO,IMO7825409,NAQH,70,0,276,32,13.0,70,A
368026000,2020-08-20T02:06:20,36.86577,-76.31603,0.0,270.5,2.0,BENAVIDEZ,IMO9218210,NBHG,70,5,289,32,10.9,70,A
211839000,2020-08-20T02:02:19,36.90657,-76.32686,0.0,352.0,352.0,CHICAGO EXPRESS,IMO9295268,DCUJ2,70,5,336,42,14.6,79,A
367822000,2020-08-20T01:59:56,36.97310,-76.43382,0.0,0.0,238.0,USNS SHUGHART,IMO7825394,NAOQ,70,5,276,32,13.0,70,A
538006982,2020-08-20T02:02:16,36.96254,-76.42363,0.0,8.1,40.0,ANTE TOPIC,IMO9737072,V7TR4,70,5,,,,,A
477196100,2020-08-20T01:57:48,37.19769,-76.13544,0.0,37.8,148.0,DARYA MA,IMO9591674,VRJH5,70,1,229,32,14.5,,A
211839000,2020-08-20T02:08:24,36.90646,-76.32675,0.0,352.0,352.0,CHICAGO EXPRESS,IMO9295268,DCUJ2,70,5,336,42,14.6,79,A
538002652,2020-08-20T02:00:52,36.87945,-76.32647,0.0,33.0,276.0,NAIAS,IMO9330800,V7KN8,70,5,225,32,14.0,70,A
538006982,2020-08-20T02:08:16,36.96262,-76.42368,0.1,170.2,40.0,ANTE TOPIC,IMO9737072,V7TR4,70,5,,,,,A
367078110,2020-08-20T02:08:26,36.83853,-76.28198,0.0,303.0,511.0,MARCELLE BORDELON,IMO9350379,WDJ2038,79,3,45,11,3.0,79,A
367078110,2020-08-20T01:56:34,36.83854,-76.28198,0.0,283.0,511.0,MARCELLE BORDELON,IMO9350379,WDJ2038,79,3,45,11,3.0,79,A
368026000,2020-08-20T02:00:20,36.86575,-76.31603,0.0,270.5,2.0,BENAVIDEZ,IMO9218210,NBHG,70,5,289,32,10.9,70,A
367861000,2020-08-20T02:03:00,36.94640,-76.32983,0.0,0.0,265.0,LARAMIE,IMO8906626,NLAR,80,5,193,29,,,A
215677000,2020-08-20T01:57:08,37.23932,-76.11777,0.1,33.0,158.0,RIZE,IMO9584035,9HA2781,70,1,229,32,14.5,,A
367861000,2020-08-20T02:09:00,36.94638,-76.32981,0.0,0.0,265.0,LARAMIE,IMO8906626,NLAR,80,5,193,29,,,A
366839000,2020-08-20T01:58:06,36.85350,-76.31081,0.0,0.0,39.0,CAPE RISE,IMO7530808,KAFG,70,5,197,32,10.0,,A
367078110,2020-08-20T02:03:46,36.83853,-76.28198,0.0,270.0,511.0,MARCELLE BORDELON,IMO9350379,WDJ2038,79,3,45,11,3.0,79,A
538002652,2020-08-20T02:03:52,36.87945,-76.32647,0.0,33.0,276.0,NAIAS,IMO9330800,V7KN8,70,5,225,32,14.0,70,A
305855000,2020-08-20T02:05:46,36.86427,-76.31474,0.0,46.4,226.0,BBC PEARL,IMO9504786,V2FY8,70,5,153,23,9.1,70,A
367821000,2020-08-20T02:00:08,36.97285,-76.43362,0.0,0.0,511.0,YANO,IMO7825409,NAQH,70,0,276,32,13.0,70,A
211839000,2020-08-20T02:11:22,36.90661,-76.32673,0.0,352.0,352.0,CHICAGO EXPRESS,IMO9295268,DCUJ2,70,5,336,42,14.6,79,A
367078110,2020-08-20T02:11:55,36.83854,-76.28198,0.0,265.0,511.0,MARCELLE BORDELON,IMO9350379,WDJ2038,79,3,45,11,3.0,79,A
538006982,2020-08-20T02:05:16,36.96256,-76.42363,0.0,8.1,40.0,ANTE TOPIC,IMO9737072,V7TR4,70,5,,,,,A
366839000,2020-08-20T02:01:04,36.85349,-76.31080,0.0,0.0,39.0,CAPE RISE,IMO7530808,KAFG,70,5,197,32,10.0,,A
367821000,2020-08-20T02:10:27,36.97285,-76.43363,0.0,0.0,511.0,YANO,IMO7825409,NAQH,70,0,276,32,13.0,70,A
477196100,2020-08-20T02:00:52,37.19768,-76.13540,0.1,37.8,148.0,DARYA MA,IMO9591674,VRJH5,70,1,229,32,14.5,,A
477866300,2020-08-20T02:07:24,36.92747,-76.32990,0.0,11.2,355.0,BILBAO BRIDGE,IMO9492701,VRHY6,70,5,269,35,11.0,74,A
211839000,2020-08-20T02:05:21,36.90658,-76.32668,0.0,352.0,352.0,CHICAGO EXPRESS,IMO9295268,DCUJ2,70,5,336,42,14.6,79,A
367078110,2020-08-20T02:07:14,36.83853,-76.28198,0.0,282.0,511.0,MARCELLE BORDELON,IMO9350379,WDJ2038,79,3,45,11,3.0,79,A
477196100,2020-08-20T02:12:51,37.19774,-76.13507,0.1,37.8,154.0,DARYA MA,IMO9591674,VRJH5,70,1,229,32,14.5,,A
367078110,2020-08-20T02:13:05,36.83854,-76.28197,0.0,169.0,511.0,MARCELLE BORDELON,IMO9350379,WDJ2038,79,3,45,11,3.0,79,A
215677000,2020-08-20T02:06:02,37.23927,-76.11733,0.1,96.4,166.0,RIZE,IMO9584035,9HA2781,70,1,229,32,14.5,,A
366839000,2020-08-20T02:13:04,36.85346,-76.31078,0.0,0.0,39.0,CAPE RISE,IMO7530808,KAFG,70,5,197,32,10.0,,A
367078110,2020-08-20T02:02:36,36.83853,-76.28198,0.0,206.0,511.0,MARCELLE BORDELON,IMO9350379,WDJ2038,79,3,45,11,3.0,79,A
215677000,2020-08-20T02:03:06,37.23929,-76.11748,0.1,96.4,163.0,RIZE,IMO9584035,9HA2781,70,1,229,32,14.5,,A
367822000,2020-08-20T02:14:55,36.97311,-76.43382,0.0,0.0,238.0,USNS SHUGHART,IMO7825394,NAOQ,70,5,276,32,13.0,70,A
367821000,2020-08-20T02:14:18,36.97285,-76.43363,0.0,0.0,511.0,YANO,IMO7825409,NAQH,70,0,276,32,13.0,70,A
477196100,2020-08-20T02:03:51,37.19770,-76.13535,0.1,37.8,149.0,DARYA MA,IMO9591674,VRJH5,70,1,229,32,14.5,,A
366839000,2020-08-20T02:04:00,36.85350,-76.31083,0.0,0.0,39.0,CAPE RISE,IMO7530808,KAFG,70,5,197,32,10.0,,A
367078110,2020-08-20T02:14:14,36.83853,-76.28198,0.0,64.0,511.0,MARCELLE BORDELON,IMO9350379,WDJ2038,79,3,45,11,3.0,79,A
367932000,2020-08-20T02:14:17,36.94916,-76.32963,0.0,107.0,279.0,JOHN LENTHALL,IMO8325547,NJLN,80,5,193,29,,,A
368026000,2020-08-20T02:09:21,36.86575,-76.31603,0.0,270.5,2.0,BENAVIDEZ,IMO9218210,NBHG,70,5,289,32,10.9,70,A
368026000,2020-08-20T02:15:21,36.86576,-76.31603,0.0,270.5,2.0,BENAVIDEZ,IMO9218210,NBHG,70,5,289,32,10.9,70,A
367821000,2020-08-20T02:09:18,36.97285,-76.43363,0.0,0.0,511.0,YANO,IMO7825409,NAQH,70,0,276,32,13.0,70,A
538002652,2020-08-20T02:09:49,36.87948,-76.32648,0.0,33.0,276.0,NAIAS,IMO9330800,V7KN8,70,5,225,32,14.0,70,A
477196100,2020-08-20T02:09:52,37.19774,-76.13514,0.1,37.8,153.0,DARYA MA,IMO9591674,VRJH5,70,1,229,32,14.5,,A
538006982,2020-08-20T02:11:16,36.96258,-76.42368,0.0,169.1,40.0,ANTE TOPIC,IMO9737072,V7TR4,70,5,,,,,A
305855000,2020-08-20T02:11:47,36.86424,-76.31475,0.0,46.6,226.0,BBC PEARL,IMO9504786,V2FY8,70,5,153,23,9.1,70,A
477866300,2020-08-20T02:10:25,36.92757,-76.32982,0.1,269.4,355.0,BILBAO BRIDGE,IMO9492701,VRHY6,70,5,269,35,11.0,74,A
367861000,2020-08-20T02:11:59,36.94638,-76.32981,0.0,0.0,265.0,LARAMIE,IMO8906626,NLAR,80,5,193,29,,,A
367821000,2020-08-20T02:11:37,36.97285,-76.43363,0.0,0.0,511.0,YANO,IMO7825409,NAQH,70,0,276,32,13.0,70,A
368026000,2020-08-20T02:12:21,36.86576,-76.31604,0.0,270.5,2.0,BENAVIDEZ,IMO9218210,NBHG,70,5,289,32,10.9,70,A
367822000,2020-08-20T02:11:56,36.97310,-76.43382,0.0,0.0,238.0,USNS SHUGHART,IMO7825394,NAOQ,70,5,276,32,13.0,70,A
538002652,2020-08-20T02:12:51,36.87952,-76.32647,0.0,33.0,276.0,NAIAS,IMO9330800,V7KN8,70,5,225,32,14.0,70,A
305855000,2020-08-20T02:17:46,36.86427,-76.31474,0.0,46.6,226.0,BBC PEARL,IMO9504786,V2FY8,70,5,153,23,9.1,70,A
538006982,2020-08-20T02:17:16,36.96256,-76.42364,0.0,169.1,40.0,ANTE TOPIC,IMO9737072,V7TR4,70,5,,,,,A
367861000,2020-08-20T02:06:01,36.94636,-76.32987,0.0,0.0,265.0,LARAMIE,IMO8906626,NLAR,80,5,193,29,,,A
367821000,2020-08-20T02:12:58,36.97285,-76.43363,0.0,0.0,511.0,YANO,IMO7825409,NAQH,70,0,276,32,13.0,70,A
367821000,2020-08-20T02:17:38,36.97285,-76.43363,0.0,0.0,511.0,YANO,IMO7825409,NAQH,70,0,276,32,13.0,70,A
477866300,2020-08-20T02:13:23,36.92745,-76.32988,0.0,6.5,355.0,BILBAO BRIDGE,IMO9492701,VRHY6,70,5,269,35,11.0,74,A
367932000,2020-08-20T02:17:17,36.94917,-76.32963,0.0,107.0,279.0,JOHN LENTHALL,IMO8325547,NJLN,80,5,193,29,,,A
368026000,2020-08-20T02:18:20,36.86576,-76.31603,0.0,270.5,2.0,BENAVIDEZ,IMO9218210,NBHG,70,5,289,32,10.9,70,A
477196100,2020-08-20T02:18:50,37.19787,-76.13491,0.1,37.8,157.0,DARYA MA,IMO9591674,VRJH5,70,1,229,32,14.5,,A
538002652,2020-08-20T02:18:51,36.87952,-76.32640,0.0,33.0,276.0,NAIAS,IMO9330800,V7KN8,70,5,225,32,14.0,70,A
366839000,2020-08-20T02:07:04,36.85349,-76.31084,0.0,0.0,39.0,CAPE RISE,IMO7530808,KAFG,70,5,197,32,10.0,,A
477866300,2020-08-20T02:19:26,36.92733,-76.32988,0.0,23.7,355.0,BILBAO BRIDGE,IMO9492701,VRHY6,70,5,269,35,11.0,74,A
477196100,2020-08-20T02:06:52,37.19772,-76.13523,0.1,37.8,151.0,DARYA MA,IMO9591674,VRJH5,70,1,229,32,14.5,,A
211839000,2020-08-20T02:14:26,36.90665,-76.32674,0.0,352.0,352.0,CHICAGO EXPRESS,IMO9295268,DCUJ2,70,5,336,42,14.6,79,A
305855000,2020-08-20T02:14:46,36.86428,-76.31475,0.0,46.6,226.0,BBC PEARL,IMO9504786,V2FY8,70,5,153,23,9.1,70,A
538006982,2020-08-20T02:14:16,36.96254,-76.42362,0.0,169.1,40.0,ANTE TOPIC,IMO9737072,V7TR4,70,5,,,,,A
367861000,2020-08-20T02:15:01,36.94634,-76.32978,0.0,0.0,265.0,LARAMIE,IMO8906626,NLAR,80,5,193,29,,,A
367821000,2020-08-20T02:06:58,36.97285,-76.43363,0.0,0.0,511.0,YANO,IMO7825409,NAQH,70,0,276,32,13.0,70,A
215677000,2020-08-20T02:21:07,37.23937,-76.11702,0.0,96.4,177.0,RIZE,IMO9584035,9HA2781,70,1,229,32,14.5,,A
305855000,2020-08-20T02:20:45,36.86427,-76.31474,0.0,46.6,226.0,BBC PEARL,IMO9504786,V2FY8,70,5,153,23,9.1,70,A
215677000,2020-08-20T02:15:09,37.23933,-76.11709,0.1,96.4,174.0,RIZE,IMO9584035,9HA2781,70,1,229,32,14.5,,A
367078110,2020-08-20T02:16:55,36.83875,-76.28182,1.3,18.0,511.0,MARCELLE BORDELON,IMO9350379,WDJ2038,79,3,45,11,3.0,79,A
305855000,2020-08-20T02:08:45,36.86429,-76.31476,0.0,46.6,226.0,BBC PEARL,IMO9504786,V2FY8,70,5,153,23,9.1,70,A
366839000,2020-08-20T02:15:59,36.85349,-76.31083,0.0,0.0,39.0,CAPE RISE,IMO7530808,KAFG,70,5,197,32,10.0,,A
367822000,2020-08-20T02:08:55,36.97310,-76.43382,0.0,0.0,238.0,USNS SHUGHART,IMO7825394,NAOQ,70,5,276,32,13.0,70,A
366839000,2020-08-20T02:09:59,36.85347,-76.31082,0.0,0.0,39.0,CAPE RISE,IMO7530808,KAFG,70,5,197,32,10.0,,A
367078110,2020-08-20T02:22:54,36.84078,-76.28080,0.4,294.0,511.0,MARCELLE BORDELON,IMO9350379,WDJ2038,79,3,45,11,3.0,79,A
538006982,2020-08-20T02:23:16,36.96257,-76.42366,0.0,169.1,40.0,ANTE TOPIC,IMO9737072,V7TR4,70,5,,,,,A
367861000,2020-08-20T02:17:59,36.94635,-76.32981,0.0,0.0,265.0,LARAMIE,IMO8906626,NLAR,80,5,193,29,,,A
367932000,2020-08-20T02:23:16,36.94917,-76.32967,0.0,107.0,279.0,JOHN LENTHALL,IMO8325547,NJLN,80,5,193,29,,,A
305855000,2020-08-20T02:23:48,36.86427,-76.31474,0.0,46.6,226.0,BBC PEARL,IMO9504786,V2FY8,70,5,153,23,9.1,70,A
215677000,2020-08-20T02:18:04,37.23937,-76.11705,0.1,96.4,176.0,RIZE,IMO9584035,9HA2781,70,1,229,32,14.5,,A
367078110,2020-08-20T02:10:45,36.83854,-76.28198,0.0,244.0,511.0,MARCELLE BORDELON,IMO9350379,WDJ2038,79,3,45,11,3.0,79,A
367078110,2020-08-20T02:24:05,36.84083,-76.28094,0.4,290.0,511.0,MARCELLE BORDELON,IMO9350379,WDJ2038,79,3,45,11,3.0,79,A
477866300,2020-08-20T02:25:24,36.92741,-76.32986,0.0,23.7,355.0,BILBAO BRIDGE,IMO9492701,VRHY6,70,5,269,35,11.0,74,A
367821000,2020-08-20T02:19:58,36.97285,-76.43363,0.0,0.0,511.0,YANO,IMO7825409,NAQH,70,0,276,32,13.0,70,A
368026000,2020-08-20T02:21:21,36.86574,-76.31605,0.0,270.5,2.0,BENAVIDEZ,IMO9218210,NBHG,70,5,289,32,10.9,70,A
367078110,2020-08-20T02:19:54,36.84040,-76.28056,1.9,58.0,511.0,MARCELLE BORDELON,IMO9350379,WDJ2038,79,3,45,11,3.0,79,A
367821000,2020-08-20T02:18:47,36.97285,-76.43363,0.0,0.0,511.0,YANO,IMO7825409,NAQH,70,0,276,32,13.0,70,A
215677000,2020-08-20T02:24:05,37.23938,-76.11702,0.0,96.4,178.0,RIZE,IMO9584035,9HA2781,70,1,229,32,14.5,,A
215677000,2020-08-20T02:12:00,37.23929,-76.11717,0.1,96.4,171.0,RIZE,IMO9584035,9HA2781,70,1,229,32,14.5,,A
367861000,2020-08-20T02:21:01,36.94635,-76.32985,0.0,0.0,265.0,LARAMIE,IMO8906626,NLAR,80,5,193,29,,,A
367821000,2020-08-20T02:26:38,36.97277,-76.43370,0.0,0.0,511.0,YANO,IMO7825409,NAQH,70,0,276,32,13.0,70,A
211839000,2020-08-20T02:26:31,36.90655,-76.32675,0.0,353.0,353.0,CHICAGO EXPRESS,IMO9295268,DCUJ2,70,5,336,42,14.6,79,A
367078110,2020-08-20T02:21:45,36.84070,-76.28061,0.7,306.0,511.0,MARCELLE BORDELON,IMO9350379,WDJ2038,79,3,45,11,3.0,79,A
211839000,2020-08-20T02:20:29,36.90651,-76.32670,0.0,353.0,353.0,CHICAGO EXPRESS,IMO9295268,DCUJ2,70,5,336,42,14.6,79,A
366839000,2020-08-20T02:22:01,36.85351,-76.31082,0.0,0.0,39.0,CAPE RISE,IMO7530808,KAFG,70,5,197,32,10.0,,A
367932000,2020-08-20T02:26:17,36.94918,-76.32969,0.0,107.0,279.0,JOHN LENTHALL,IMO8325547,NJLN,80,5,193,29,,,A
367821000,2020-08-20T02:15:27,36.97285,-76.43363,0.0,0.0,511.0,YANO,IMO7825409,NAQH,70,0,276,32,13.0,70,A
367821000,2020-08-20T02:22:58,36.97285,-76.43363,0.0,0.0,511.0,YANO,IMO7825409,NAQH,70,0,276,32,13.0,70,A
367821000,2020-08-20T02:16:28,36.97285,-76.43363,0.0,0.0,511.0,YANO,IMO7825409,NAQH,70,0,276,32,13.0,70,A
538002652,2020-08-20T02:15:51,36.87948,-76.32645,0.0,33.0,276.0,NAIAS,IMO9330800,V7KN8,70,5,225,32,14.0,70,A
215677000,2020-08-20T02:27:05,37.23935,-76.11699,0.0,96.4,178.0,RIZE,IMO9584035,9HA2781,70,1,229,32,14.5,,A
367822000,2020-08-20T02:26:55,36.97310,-76.43382,0.0,0.0,238.0,USNS SHUGHART,IMO7825394,NAOQ,70,5,276,32,13.0,70,A
477866300,2020-08-20T02:16:25,36.92734,-76.32986,0.0,23.7,355.0,BILBAO BRIDGE,IMO9492701,VRHY6,70,5,269,35,11.0,74,A
477196100,2020-08-20T02:15:53,37.19780,-76.13500,0.1,37.8,156.0,DARYA MA,IMO9591674,VRJH5,70,1,229,32,14.5,,A
367821000,2020-08-20T02:21:47,36.97285,-76.43363,0.0,0.0,511.0,YANO,IMO7825409,NAQH,70,0,276,32,13.0,70,A
538006982,2020-08-20T02:29:16,36.96251,-76.42364,0.0,169.1,40.0,ANTE TOPIC,IMO9737072,V7TR4,70,5,,,,,A
367822000,2020-08-20T02:17:56,36.97311,-76.43382,0.0,0.0,238.0,USNS SHUGHART,IMO7825394,NAOQ,70,5,276,32,13.0,70,A
367078110,2020-08-20T02:18:45,36.83983,-76.28126,2.9,29.0,511.0,MARCELLE BORDELON,IMO9350379,WDJ2038,79,3,45,11,3.0,79,A
368026000,2020-08-20T02:30:20,36.86576,-76.31604,0.0,270.5,2.0,BENAVIDEZ,IMO9218210,NBHG,70,5,289,32,10.9,70,A
367932000,2020-08-20T02:29:16,36.94919,-76.32975,0.0,107.0,279.0,JOHN LENTHALL,IMO8325547,NJLN,80,5,193,29,,,A
477866300,2020-08-20T02:22:24,36.92733,-76.32976,0.0,23.7,355.0,BILBAO BRIDGE,IMO9492701,VRHY6,70,5,269,35,11.0,74,A
367861000,2020-08-20T02:27:01,36.94638,-76.32980,0.0,0.0,265.0,LARAMIE,IMO8906626,NLAR,80,5,193,29,,,A
211839000,2020-08-20T02:23:29,36.90660,-76.32672,0.0,353.0,353.0,CHICAGO EXPRESS,IMO9295268,DCUJ2,70,5,336,42,14.6,79,A
368026000,2020-08-20T02:27:21,36.86576,-76.31603,0.0,270.5,2.0,BENAVIDEZ,IMO9218210,NBHG,70,5,289,32,10.9,70,A
477866300,2020-08-20T02:28:24,36.92736,-76.32985,0.0,23.7,355.0,BILBAO BRIDGE,IMO9492701,VRHY6,70,5,269,35,11.0,74,A
367821000,2020-08-20T02:32:27,36.97278,-76.43369,0.0,0.0,511.0,YANO,IMO7825409,NAQH,70,0,276,32,13.0,70,A
477196100,2020-08-20T02:27:55,37.19792,-76.13453,0.1,37.8,164.0,DARYA MA,IMO9591674,VRJH5,70,1,229,32,14.5,,A
367822000,2020-08-20T02:23:55,36.97312,-76.43383,0.0,0.0,238.0,USNS SHUGHART,IMO7825394,NAOQ,70,5,276,32,13.0,70,A
367821000,2020-08-20T02:24:38,36.97275,-76.43370,0.0,0.0,511.0,YANO,IMO7825409,NAQH,70,0,276,32,13.0,70,A
367821000,2020-08-20T02:28:58,36.97277,-76.43370,0.0,0.0,511.0,YANO,IMO7825409,NAQH,70,0,276,32,13.0,70,A
367078110,2020-08-20T02:30:34,36.84187,-76.28783,6.3,285.0,511.0,MARCELLE BORDELON,IMO9350379,WDJ2038,79,3,45,11,3.0,79,A
368026000,2020-08-20T02:24:20,36.86577,-76.31602,0.0,270.5,2.0,BENAVIDEZ,IMO9218210,NBHG,70,5,289,32,10.9,70,A
211839000,2020-08-20T02:32:34,36.90653,-76.32661,0.0,353.0,353.0,CHICAGO EXPRESS,IMO9295268,DCUJ2,70,5,336,42,14.6,79,A
538002652,2020-08-20T02:24:51,36.87947,-76.32645,0.0,33.0,276.0,NAIAS,IMO9330800,V7KN8,70,5,225,32,14.0,70,A
305855000,2020-08-20T02:32:46,36.86430,-76.31475,0.0,46.6,226.0,BBC PEARL,IMO9504786,V2FY8,70,5,153,23,9.1,70,A
367821000,2020-08-20T02:30:37,36.97278,-76.43368,0.0,0.0,511.0,YANO,IMO7825409,NAQH,70,0,276,32,13.0,70,A
477866300,2020-08-20T02:34:24,36.92748,-76.32991,0.0,23.7,355.0,BILBAO BRIDGE,IMO9492701,VRHY6,70,5,269,35,11.0,74,A
355919000,2020-08-20T02:29:36,37.03643,-76.06474,14.9,322.1,320.0,MSC MARIA ELENA,IMO9304423,3EGR2,70,0,336,45,15.0,71,A
367078110,2020-08-20T02:32:15,36.84261,-76.29155,7.0,283.0,511.0,MARCELLE BORDELON,IMO9350379,WDJ2038,79,3,45,11,3.0,79,A
367078110,2020-08-20T02:25:14,36.84087,-76.28102,0.1,308.0,511.0,MARCELLE BORDELON,IMO9350379,WDJ2038,79,3,45,11,3.0,79,A
355919000,2020-08-20T02:34:19,37.05198,-76.08013,15.2,321.2,322.0,MSC MARIA ELENA,IMO9304423,3EGR2,70,0,336,45,15.0,71,A
367822000,2020-08-20T02:32:56,36.97311,-76.43383,0.0,0.0,238.0,USNS SHUGHART,IMO7825394,NAOQ,70,5,276,32,13.0,70,A
215677000,2020-08-20T02:33:07,37.23934,-76.11688,0.0,96.4,180.0,RIZE,IMO9584035,9HA2781,70,1,229,32,14.5,,A
366839000,2020-08-20T02:31:07,36.85352,-76.31082,0.0,0.0,39.0,CAPE RISE,IMO7530808,KAFG,70,5,197,32,10.0,,A
477196100,2020-08-20T02:30:51,37.19791,-76.13442,0.1,37.8,165.0,DARYA MA,IMO9591674,VRJH5,70,1,229,32,14.5,,A
355919000,2020-08-20T02:33:06,37.04793,-76.07612,14.9,319.4,320.0,MSC MARIA ELENA,IMO9304423,3EGR2,70,0,336,45,15.0,71,A
538002652,2020-08-20T02:21:53,36.87947,-76.32645,0.0,33.0,276.0,NAIAS,IMO9330800,V7KN8,70,5,225,32,14.0,70,A
477196100,2020-08-20T02:33:54,37.19789,-76.13432,0.1,37.8,167.0,DARYA MA,IMO9591674,VRJH5,70,1,229,32,14.5,,A
367861000,2020-08-20T02:36:01,36.94639,-76.32975,0.0,0.0,265.0,LARAMIE,IMO8906626,NLAR,80,5,193,29,,,A
538006982,2020-08-20T02:32:16,36.96256,-76.42369,0.0,169.1,40.0,ANTE TOPIC,IMO9737072,V7TR4,70,5,,,,,A
367078110,2020-08-20T02:28:34,36.84117,-76.28377,5.0,280.0,511.0,MARCELLE BORDELON,IMO9350379,WDJ2038,79,3,45,11,3.0,79,A
538002652,2020-08-20T02:27:53,36.87947,-76.32645,0.0,33.0,276.0,NAIAS,IMO9330800,V7KN8,70,5,225,32,14.0,70,A
367821000,2020-08-20T02:27:47,36.97277,-76.43370,0.0,0.0,511.0,YANO,IMO7825409,NAQH,70,0,276,32,13.0,70,A
367822000,2020-08-20T02:35:55,36.97311,-76.43382,0.0,0.0,238.0,USNS SHUGHART,IMO7825394,NAOQ,70,5,276,32,13.0,70,A
367078110,2020-08-20T02:34:15,36.84447,-76.29573,7.0,313.0,511.0,MARCELLE BORDELON,IMO9350379,WDJ2038,79,3,45,11,3.0,79,A
538002652,2020-08-20T02:33:51,36.87947,-76.32643,0.0,33.0,276.0,NAIAS,IMO9330800,V7KN8,70,5,225,32,14.0,70,A
305855000,2020-08-20T02:38:46,36.86426,-76.31477,0.0,46.6,226.0,BBC PEARL,IMO9504786,V2FY8,70,5,153,23,9.1,70,A
367861000,2020-08-20T02:32:59,36.94635,-76.32979,0.0,0.0,265.0,LARAMIE,IMO8906626,NLAR,80,5,193,29,,,A
367932000,2020-08-20T02:35:17,36.94918,-76.32973,0.0,107.0,279.0,JOHN LENTHALL,IMO8325547,NJLN,80,5,193,29,,,A
211839000,2020-08-20T02:29:32,36.90665,-76.32667,0.0,353.0,353.0,CHICAGO EXPRESS,IMO9295268,DCUJ2,70,5,336,42,14.6,79,A
367861000,2020-08-20T02:30:01,36.94635,-76.32983,0.0,0.0,265.0,LARAMIE,IMO8906626,NLAR,80,5,193,29,,,A
368026000,2020-08-20T02:36:20,36.86576,-76.31606,0.0,270.5,2.0,BENAVIDEZ,IMO9218210,NBHG,70,5,289,32,10.9,70,A
355919000,2020-08-20T02:35:25,37.05571,-76.08362,14.9,323.2,322.0,MSC MARIA ELENA,IMO9304423,3EGR2,70,0,336,45,15.0,71,A
355919000,2020-08-20T02:40:43,37.07444,-76.09891,15.0,331.2,331.0,MSC MARIA ELENA,IMO9304423,3EGR2,70,0,336,45,15.0,71,A
538006982,2020-08-20T02:35:16,36.96258,-76.42366,0.0,169.1,40.0,ANTE TOPIC,IMO9737072,V7TR4,70,5,,,,,A
477196100,2020-08-20T02:24:49,37.19792,-76.13465,0.1,37.8,161.0,DARYA MA,IMO9591674,VRJH5,70,1,229,32,14.5,,A
367078110,2020-08-20T02:36:44,36.84825,-76.29931,7.0,324.0,511.0,MARCELLE BORDELON,IMO9350379,WDJ2038,79,3,45,11,3.0,79,A
367821000,2020-08-20T02:40:07,36.97278,-76.43368,0.0,0.0,511.0,YANO,IMO7825409,NAQH,70,0,276,32,13.0,70,A
215677000,2020-08-20T02:42:01,37.23939,-76.11686,0.0,96.4,183.0,RIZE,IMO9584035,9HA2781,70,1,229,32,14.5,,A
538006982,2020-08-20T02:38:16,36.96256,-76.42365,0.0,169.1,40.0,ANTE TOPIC,IMO9737072,V7TR4,70,5,,,,,A
211839000,2020-08-20T02:35:32,36.90658,-76.32668,0.0,353.0,353.0,CHICAGO EXPRESS,IMO9295268,DCUJ2,70,5,336,42,14.6,79,A
211839000,2020-08-20T02:38:36,36.90653,-76.32674,0.0,353.0,353.0,CHICAGO EXPRESS,IMO9295268,DCUJ2,70,5,336,42,14.6,79,A
366839000,2020-08-20T02:40:02,36.85349,-76.31083,0.0,0.0,39.0,CAPE RISE,IMO7530808,KAFG,70,5,197,32,10.0,,A
477866300,2020-08-20T02:37:24,36.92743,-76.32981,0.0,23.7,355.0,BILBAO BRIDGE,IMO9492701,VRHY6,70,5,269,35,11.0,74,A
538006982,2020-08-20T02:26:16,36.96256,-76.42367,0.0,169.1,40.0,ANTE TOPIC,IMO9737072,V7TR4,70,5,,,,,A
367821000,2020-08-20T02:38:58,36.97278,-76.43368,0.0,0.0,511.0,YANO,IMO7825409,NAQH,70,0,276,32,13.0,70,A
477866300,2020-08-20T02:31:25,36.92735,-76.32989,0.0,23.7,355.0,BILBAO BRIDGE,IMO9492701,VRHY6,70,5,269,35,11.0,74,A
366839000,2020-08-20T02:37:08,36.85348,-76.31079,0.0,0.0,39.0,CAPE RISE,IMO7530808,KAFG,70,5,197,32,10.0,,A
367078110,2020-08-20T02:41:54,36.85516,-76.30840,7.0,311.0,511.0,MARCELLE BORDELON,IMO9350379,WDJ2038,79,3,45,11,3.0,79,A
355919000,2020-08-20T02:39:06,37.06845,-76.09480,14.8,331.5,331.0,MSC MARIA ELENA,IMO9304423,3EGR2,70,0,336,45,15.0,71,A
477866300,2020-08-20T02:40:25,36.92726,-76.32993,0.0,23.7,355.0,BILBAO BRIDGE,IMO9492701,VRHY6,70,5,269,35,11.0,74,A
367078110,2020-08-20T02:39:34,36.85216,-76.30417,7.0,312.0,511.0,MARCELLE BORDELON,IMO9350379,WDJ2038,79,3,45,11,3.0,79,A
305855000,2020-08-20T02:26:49,36.86428,-76.31477,0.0,46.6,226.0,BBC PEARL,IMO9504786,V2FY8,70,5,153,23,9.1,70,A
368026000,2020-08-20T02:39:22,36.86577,-76.31605,0.0,270.5,2.0,BENAVIDEZ,IMO9218210,NBHG,70,5,289,32,10.9,70,A
368026000,2020-08-20T02:33:21,36.86575,-76.31603,0.0,270.5,2.0,BENAVIDEZ,IMO9218210,NBHG,70,5,289,32,10.9,70,A
368026000,2020-08-20T02:45:21,36.86577,-76.31605,0.0,270.5,2.0,BENAVIDEZ,IMO9218210,NBHG,70,5,289,32,10.9,70,A
367861000,2020-08-20T02:39:00,36.94640,-76.32979,0.0,0.0,265.0,LARAMIE,IMO8906626,NLAR,80,5,193,29,,,A
305855000,2020-08-20T02:41:48,36.86427,-76.31479,0.0,282.0,226.0,BBC PEARL,IMO9504786,V2FY8,70,5,153,23,9.1,70,A
215677000,2020-08-20T02:39:05,37.23939,-76.11685,0.0,96.4,183.0,RIZE,IMO9584035,9HA2781,70,1,229,32,14.5,,A
366839000,2020-08-20T02:28:01,36.85350,-76.31081,0.0,0.0,39.0,CAPE RISE,IMO7530808,KAFG,70,5,197,32,10.0,,A
367821000,2020-08-20T02:41:18,36.97278,-76.43368,0.0,0.0,511.0,YANO,IMO7825409,NAQH,70,0,276,32,13.0,70,A
355919000,2020-08-20T02:45:12,37.09114,-76.11049,15.0,329.4,327.0,MSC MARIA ELENA,IMO9304423,3EGR2,70,0,336,45,15.0,71,A
355919000,2020-08-20T02:43:12,37.08366,-76.10529,15.1,330.6,330.0,MSC MARIA ELENA,IMO9304423,3EGR2,70,0,336,45,15.0,71,A
477196100,2020-08-20T02:39:55,37.19788,-76.13419,0.1,37.8,170.0,DARYA MA,IMO9591674,VRJH5,70,1,229,32,14.5,,A
367861000,2020-08-20T02:45:01,36.94638,-76.32982,0.0,0.0,265.0,LARAMIE,IMO8906626,NLAR,80,5,193,29,,,A
367821000,2020-08-20T02:43:37,36.97279,-76.43367,0.0,0.0,511.0,YANO,IMO7825409,NAQH,70,0,276,32,13.0,70,A
538006982,2020-08-20T02:44:16,36.96261,-76.42365,0.0,169.1,40.0,ANTE TOPIC,IMO9737072,V7TR4,70,5,,,,,A
477866300,2020-08-20T02:43:25,36.92739,-76.32990,0.0,23.7,355.0,BILBAO BRIDGE,IMO9492701,VRHY6,70,5,269,35,11.0,74,A
477196100,2020-08-20T02:42:51,37.19790,-76.13412,0.0,37.8,171.0,DARYA MA,IMO9591674,VRJH5,70,1,229,32,14.5,,A
538002652,2020-08-20T02:45:52,36.87947,-76.32643,0.0,33.0,276.0,NAIAS,IMO9330800,V7KN8,70,5,225,32,14.0,70,A
355919000,2020-08-20T02:46:55,37.09743,-76.11524,15.1,329.1,327.0,MSC MARIA ELENA,IMO9304423,3EGR2,70,0,336,45,15.0,71,A
305855000,2020-08-20T02:44:45,36.86428,-76.31479,0.0,264.8,226.0,BBC PEARL,IMO9504786,V2FY8,70,5,153,23,9.1,70,A
367078110,2020-08-20T02:44:15,36.85818,-76.31269,7.0,312.0,511.0,MARCELLE BORDELON,IMO9350379,WDJ2038,79,3,45,11,3.0,79,A
367821000,2020-08-20T02:37:48,36.97278,-76.43368,0.0,0.0,511.0,YANO,IMO7825409,NAQH,70,0,276,32,13.0,70,A
367822000,2020-08-20T02:44:56,36.97311,-76.43382,0.0,0.0,238.0,USNS SHUGHART,IMO7825394,NAOQ,70,5,276,32,13.0,70,A
367822000,2020-08-20T02:41:55,36.97311,-76.43382,0.0,0.0,238.0,USNS SHUGHART,IMO7825394,NAOQ,70,5,276,32,13.0,70,A
367078110,2020-08-20T02:38:24,36.85063,-76.30210,6.9,314.0,511.0,MARCELLE BORDELON,IMO9350379,WDJ2038,79,3,45,11,3.0,79,A
367932000,2020-08-20T02:32:17,36.94921,-76.32968,0.0,107.0,279.0,JOHN LENTHALL,IMO8325547,NJLN,80,5,193,29,,,A
367078110,2020-08-20T02:47:34,36.86252,-76.31878,7.3,310.0,511.0,MARCELLE BORDELON,IMO9350379,WDJ2038,79,3,45,11,3.0,79,A
367821000,2020-08-20T02:33:48,36.97278,-76.43368,0.0,0.0,511.0,YANO,IMO7825409,NAQH,70,0,276,32,13.0,70,A
305855000,2020-08-20T02:47:46,36.86425,-76.31476,0.0,265.2,226.0,BBC PEARL,IMO9504786,V2FY8,70,5,153,23,9.1,70,A
366839000,2020-08-20T02:45:59,36.85349,-76.31081,0.0,0.0,39.0,CAPE RISE,IMO7530808,KAFG,70,5,197,32,10.0,,A
367821000,2020-08-20T02:46:28,36.97279,-76.43367,0.0,0.0,511.0,YANO,IMO7825409,NAQH,70,0,276,32,13.0,70,A
367932000,2020-08-20T02:50:17,36.94919,-76.32965,0.0,107.0,279.0,JOHN LENTHALL,IMO8325547,NJLN,80,5,193,29,,,A
367861000,2020-08-20T02:48:00,36.94641,-76.32977,0.0,0.0,265.0,LARAMIE,IMO8906626,NLAR,80,5,193,29,,,A
367822000,2020-08-20T02:47:55,36.97311,-76.43381,0.0,0.0,238.0,USNS SHUGHART,IMO7825394,NAOQ,70,5,276,32,13.0,70,A
367821000,2020-08-20T02:44:58,36.97279,-76.43367,0.0,0.0,511.0,YANO,IMO7825409,NAQH,70,0,276,32,13.0,70,A
367821000,2020-08-20T02:35:37,36.97278,-76.43368,0.0,0.0,511.0,YANO,IMO7825409,NAQH,70,0,276,32,13.0,70,A
538002652,2020-08-20T02:39:51,36.87947,-76.32643,0.0,33.0,276.0,NAIAS,IMO9330800,V7KN8,70,5,225,32,14.0,70,A
366839000,2020-08-20T02:49:06,36.85350,-76.31086,0.0,0.0,39.0,CAPE RISE,IMO7530808,KAFG,70,5,197,32,10.0,,A
367078110,2020-08-20T02:49:34,36.86516,-76.32266,7.4,311.0,511.0,MARCELLE BORDELON,IMO9350379,WDJ2038,79,3,45,11,3.0,79,A
367821000,2020-08-20T02:47:38,36.97279,-76.43367,0.0,0.0,511.0,YANO,IMO7825409,NAQH,70,0,276,32,13.0,70,A
215677000,2020-08-20T02:48:01,37.23935,-76.11687,0.0,96.4,181.0,RIZE,IMO9584035,9HA2781,70,1,229,32,14.5,,A
367078110,2020-08-20T02:45:25,36.85971,-76.31478,7.0,311.0,511.0,MARCELLE BORDELON,IMO9350379,WDJ2038,79,3,45,11,3.0,79,A
367821000,2020-08-20T02:50:27,36.97280,-76.43367,0.0,0.0,511.0,YANO,IMO7825409,NAQH,70,0,276,32,13.0,70,A
305855000,2020-08-20T02:50:48,36.86428,-76.31478,0.0,272.4,226.0,BBC PEARL,IMO9504786,V2FY8,70,5,153,23,9.1,70,A
368026000,2020-08-20T02:51:20,36.86578,-76.31602,0.0,270.5,2.0,BENAVIDEZ,IMO9218210,NBHG,70,5,289,32,10.9,70,A
477196100,2020-08-20T02:51:46,37.19794,-76.13392,0.1,37.8,177.0,DARYA MA,IMO9591674,VRJH5,70,1,229,32,14.5,,A
355919000,2020-08-20T02:48:43,37.10408,-76.12017,15.2,329.5,329.0,MSC MARIA ELENA,IMO9304423,3EGR2,70,0,336,45,15.0,71,A
355919000,2020-08-20T02:52:31,37.11825,-76.13019,15.1,330.7,329.0,MSC MARIA ELENA,IMO9304423,3EGR2,70,0,336,45,15.0,71,A
355919000,2020-08-20T02:37:06,37.06144,-76.08898,14.9,322.9,322.0,MSC MARIA ELENA,IMO9304423,3EGR2,70,0,336,45,15.0,71,A
367932000,2020-08-20T02:47:17,36.94913,-76.32963,0.0,107.0,279.0,JOHN LENTHALL,IMO8325547,NJLN,80,5,193,29,,,A
211839000,2020-08-20T02:47:38,36.90655,-76.32662,0.0,353.0,353.0,CHICAGO EXPRESS,IMO9295268,DCUJ2,70,5,336,42,14.6,79,A
538006982,2020-08-20T02:47:16,36.96259,-76.42367,0.0,169.1,40.0,ANTE TOPIC,IMO9737072,V7TR4,70,5,,,,,A
368026000,2020-08-20T02:42:21,36.86578,-76.31606,0.0,270.5,2.0,BENAVIDEZ,IMO9218210,NBHG,70,5,289,32,10.9,70,A
538002652,2020-08-20T02:42:52,36.87947,-76.32645,0.0,33.0,276.0,NAIAS,IMO9330800,V7KN8,70,5,225,32,14.0,70,A
367932000,2020-08-20T02:53:17,36.94915,-76.32966,0.0,107.0,279.0,JOHN LENTHALL,IMO8325547,NJLN,80,5,193,29,,,A
367078110,2020-08-20T02:43:04,36.85662,-76.31051,7.0,310.0,511.0,MARCELLE BORDELON,IMO9350379,WDJ2038,79,3,45,11,3.0,79,A
367078110,2020-08-20T02:54:55,36.87293,-76.33145,5.5,332.0,511.0,MARCELLE BORDELON,IMO9350379,WDJ2038,79,3,45,11,3.0,79,A
305855000,2020-08-20T02:53:48,36.86429,-76.31475,0.0,340.7,226.0,BBC PEARL,IMO9504786,V2FY8,70,5,153,23,9.1,70,A
367861000,2020-08-20T02:54:01,36.94640,-76.32977,0.0,0.0,265.0,LARAMIE,IMO8906626,NLAR,80,5,193,29,,,A
367822000,2020-08-20T02:50:54,36.97312,-76.43381,0.0,0.0,238.0,USNS SHUGHART,IMO7825394,NAOQ,70,5,276,32,13.0,70,A
367078110,2020-08-20T02:56:34,36.87507,-76.33252,4.8,343.0,511.0,MARCELLE BORDELON,IMO9350379,WDJ2038,79,3,45,11,3.0,79,A
211839000,2020-08-20T02:50:42,36.90653,-76.32665,0.0,353.0,353.0,CHICAGO EXPRESS,IMO9295268,DCUJ2,70,5,336,42,14.6,79,A
477196100,2020-08-20T02:45:56,37.19792,-76.13408,0.0,37.8,172.0,DARYA MA,IMO9591674,VRJH5,70,1,229,32,14.5,,A
538002652,2020-08-20T02:54:51,36.87943,-76.32647,0.0,33.0,276.0,NAIAS,IMO9330800,V7KN8,70,5,225,32,14.0,70,A
211839000,2020-08-20T02:44:40,36.90673,-76.32643,0.0,353.0,353.0,CHICAGO EXPRESS,IMO9295268,DCUJ2,70,5,336,42,14.6,79,A
368026000,2020-08-20T02:54:20,36.86576,-76.31604,0.0,270.5,2.0,BENAVIDEZ,IMO9218210,NBHG,70,5,289,32,10.9,70,A
367861000,2020-08-20T02:51:00,36.94640,-76.32977,0.0,0.0,265.0,LARAMIE,IMO8906626,NLAR,80,5,193,29,,,A
367822000,2020-08-20T02:53:55,36.97312,-76.43381,0.0,0.0,238.0,USNS SHUGHART,IMO7825394,NAOQ,70,5,276,32,13.0,70,A
355919000,2020-08-20T02:55:25,37.12900,-76.13777,15.0,330.2,329.0,MSC MARIA ELENA,IMO9304423,3EGR2,70,0,336,45,15.0,71,A
355919000,2020-08-20T02:53:43,37.12271,-76.13332,15.0,330.4,329.0,MSC MARIA ELENA,IMO9304423,3EGR2,70,0,336,45,15.0,71,A
477866300,2020-08-20T02:58:26,36.92738,-76.32989,0.0,23.7,355.0,BILBAO BRIDGE,IMO9492701,VRHY6,70,5,269,35,11.0,74,A
367861000,2020-08-20T03:00:00,36.94640,-76.32977,0.0,0.0,265.0,LARAMIE,IMO8906626,NLAR,80,5,193,29,,,A
211839000,2020-08-20T02:59:42,36.90642,-76.32664,0.0,353.0,353.0,CHICAGO EXPRESS,IMO9295268,DCUJ2,70,5,336,42,14.6,79,A
367932000,2020-08-20T02:41:17,36.94919,-76.32969,0.0,107.0,279.0,JOHN LENTHALL,IMO8325547,NJLN,80,5,193,29,,,A
215677000,2020-08-20T03:00:03,37.23934,-76.11665,0.1,96.4,187.0,RIZE,IMO9584035,9HA2781,70,1,229,32,14.5,,A
305855000,2020-08-20T02:56:48,36.86429,-76.31476,0.0,339.7,226.0,BBC PEARL,IMO9504786,V2FY8,70,5,153,23,9.1,70,A
211839000,2020-08-20T02:56:42,36.90663,-76.32639,0.1,353.0,353.0,CHICAGO EXPRESS,IMO9295268,DCUJ2,70,5,336,42,14.6,79,A
215677000,2020-08-20T02:57:05,37.23933,-76.11668,0.0,96.4,186.0,RIZE,IMO9584035,9HA2781,70,1,229,32,14.5,,A
215677000,2020-08-20T02:53:59,37.23930,-76.11674,0.1,96.4,184.0,RIZE,IMO9584035,9HA2781,70,1,229,32,14.5,,A
477196100,2020-08-20T02:48:51,37.19796,-76.13401,0.1,37.8,174.0,DARYA MA,IMO9591674,VRJH5,70,1,229,32,14.5,,A
367821000,2020-08-20T02:58:47,36.97280,-76.43367,0.0,0.0,511.0,YANO,IMO7825409,NAQH,70,0,276,32,13.0,70,A
367821000,2020-08-20T03:00:17,36.97280,-76.43367,0.0,0.0,511.0,YANO,IMO7825409,NAQH,70,0,276,32,13.0,70,A
538002652,2020-08-20T02:48:52,36.87945,-76.32648,0.0,33.0,276.0,NAIAS,IMO9330800,V7KN8,70,5,225,32,14.0,70,A
367861000,2020-08-20T02:57:01,36.94638,-76.32981,0.0,0.0,265.0,LARAMIE,IMO8906626,NLAR,80,5,193,29,,,A
366839000,2020-08-20T02:43:06,36.85348,-76.31082,0.0,0.0,39.0,CAPE RISE,IMO7530808,KAFG,70,5,197,32,10.0,,A
366839000,2020-08-20T02:55:05,36.85347,-76.31082,0.0,0.0,39.0,CAPE RISE,IMO7530808,KAFG,70,5,197,32,10.0,,A
477196100,2020-08-20T02:57:51,37.19790,-76.13380,0.1,37.8,179.0,DARYA MA,IMO9591674,VRJH5,70,1,229,32,14.5,,A
367078110,2020-08-20T03:01:15,36.88096,-76.33421,4.6,350.0,511.0,MARCELLE BORDELON,IMO9350379,WDJ2038,79,3,45,11,3.0,79,A
477866300,2020-08-20T02:55:25,36.92739,-76.32989,0.0,23.7,355.0,BILBAO BRIDGE,IMO9492701,VRHY6,70,5,269,35,11.0,74,A
367932000,2020-08-20T02:59:16,36.94911,-76.32959,0.0,107.0,279.0,JOHN LENTHALL,IMO8325547,NJLN,80,5,193,29,,,A
305855000,2020-08-20T02:59:46,36.86428,-76.31477,0.0,340.3,226.0,BBC PEARL,IMO9504786,V2FY8,70,5,153,23,9.1,70,A
538006982,2020-08-20T02:56:16,36.96256,-76.42367,0.0,169.1,40.0,ANTE TOPIC,IMO9737072,V7TR4,70,5,,,,,A
367078110,2020-08-20T02:58:25,36.87740,-76.33336,4.6,345.0,511.0,MARCELLE BORDELON,IMO9350379,WDJ2038,79,3,45,11,3.0,79,A
367078110,2020-08-20T02:50:45,36.86678,-76.32486,7.5,313.0,511.0,MARCELLE BORDELON,IMO9350379,WDJ2038,79,3,45,11,3.0,79,A
367932000,2020-08-20T02:44:16,36.94917,-76.32973,0.0,107.0,279.0,JOHN LENTHALL,IMO8325547,NJLN,80,5,193,29,,,A
538002652,2020-08-20T02:51:53,36.87948,-76.32640,0.0,33.0,276.0,NAIAS,IMO9330800,V7KN8,70,5,225,32,14.0,70,A
367821000,2020-08-20T02:54:27,36.97280,-76.43367,0.0,0.0,511.0,YANO,IMO7825409,NAQH,70,0,276,32,13.0,70,A
355919000,2020-08-20T03:01:07,37.15064,-76.14992,14.6,351.2,351.0,MSC MARIA ELENA,IMO9304423,3EGR2,70,0,336,45,15.0,71,A
367078110,2020-08-20T02:51:54,36.86844,-76.32702,7.2,314.0,511.0,MARCELLE BORDELON,IMO9350379,WDJ2038,79,3,45,11,3.0,79,A
367078110,2020-08-20T03:03:34,36.88396,-76.33481,4.8,352.0,511.0,MARCELLE BORDELON,IMO9350379,WDJ2038,79,3,45,11,3.0,79,A
367821000,2020-08-20T03:03:47,36.97283,-76.43368,0.0,0.0,511.0,YANO,IMO7825409,NAQH,70,0,276,32,13.0,70,A
366839000,2020-08-20T03:04:05,36.85349,-76.31087,0.0,0.0,39.0,CAPE RISE,IMO7530808,KAFG,70,5,197,32,10.0,,A
366839000,2020-08-20T03:01:05,36.85352,-76.31082,0.0,0.0,39.0,CAPE RISE,IMO7530808,KAFG,70,5,197,32,10.0,,A
368026000,2020-08-20T02:57:21,36.86577,-76.31604,0.0,270.5,2.0,BENAVIDEZ,IMO9218210,NBHG,70,5,289,32,10.9,70,A
355919000,2020-08-20T02:57:43,37.13747,-76.14371,14.8,330.1,329.0,MSC MARIA ELENA,IMO9304423,3EGR2,70,0,336,45,15.0,71,A
367821000,2020-08-20T02:56:27,36.97280,-76.43367,0.0,0.0,511.0,YANO,IMO7825409,NAQH,70,0,276,32,13.0,70,A
538002652,2020-08-20T03:00:50,36.87948,-76.32638,0.0,33.0,276.0,NAIAS,IMO9330800,V7KN8,70,5,225,32,14.0,70,A
367932000,2020-08-20T02:56:17,36.94916,-76.32966,0.0,107.0,279.0,JOHN LENTHALL,IMO8325547,NJLN,80,5,193,29,,,A
355919000,2020-08-20T03:04:37,37.16488,-76.15212,14.6,352.9,353.0,MSC MARIA ELENA,IMO9304423,3EGR2,70,0,336,45,15.0,71,A
367821000,2020-08-20T03:01:27,36.97282,-76.43368,0.0,0.0,511.0,YANO,IMO7825409,NAQH,70,0,276,32,13.0,70,A
366839000,2020-08-20T02:58:03,36.85351,-76.31081,0.0,0.0,39.0,CAPE RISE,IMO7530808,KAFG,70,5,197,32,10.0,,A
477196100,2020-08-20T02:54:49,37.19794,-76.13387,0.1,37.8,178.0,DARYA MA,IMO9591674,VRJH5,70,1,229,32,14.5,,A
215677000,2020-08-20T03:06:03,37.23933,-76.11669,0.1,96.4,189.0,RIZE,IMO9584035,9HA2781,70,1,229,32,14.5,,A
355919000,2020-08-20T03:06:54,37.17428,-76.15342,14.6,354.0,353.0,MSC MARIA ELENA,IMO9304423,3EGR2,70,0,336,45,15.0,71,A
367932000,2020-08-20T03:02:17,36.94916,-76.32961,0.0,107.0,279.0,JOHN LENTHALL,IMO8325547,NJLN,80,5,193,29,,,A
367861000,2020-08-20T03:06:01,36.94642,-76.32980,0.0,0.0,265.0,LARAMIE,IMO8906626,NLAR,80,5,193,29,,,A
357928000,2020-08-20T03:06:07,37.32626,-76.11993,12.1,179.7,180.0,ROYAL KNIGHT,IMO9552355,3FMB9,70,0,196,32,12.7,70,A
367821000,2020-08-20T02:48:57,36.97280,-76.43367,0.0,0.0,511.0,YANO,IMO7825409,NAQH,70,0,276,32,13.0,70,A
367821000,2020-08-20T03:06:18,36.97284,-76.43367,0.0,0.0,511.0,YANO,IMO7825409,NAQH,70,0,276,32,13.0,70,A
355919000,2020-08-20T02:56:37,37.13344,-76.14089,14.9,330.4,329.0,MSC MARIA ELENA,IMO9304423,3EGR2,70,0,336,45,15.0,71,A
367078110,2020-08-20T03:05:54,36.88626,-76.33525,2.5,350.0,511.0,MARCELLE BORDELON,IMO9350379,WDJ2038,79,3,45,11,3.0,79,A
355919000,2020-08-20T02:59:55,37.14581,-76.14856,14.7,344.2,345.0,MSC MARIA ELENA,IMO9304423,3EGR2,70,0,336,45,15.0,71,A
355919000,2020-08-20T02:49:49,37.10820,-76.12309,15.2,330.6,329.0,MSC MARIA ELENA,IMO9304423,3EGR2,70,0,336,45,15.0,71,A
368026000,2020-08-20T03:00:20,36.86577,-76.31602,0.0,270.5,2.0,BENAVIDEZ,IMO9218210,NBHG,70,5,289,32,10.9,70,A
477866300,2020-08-20T02:49:25,36.92736,-76.32987,0.1,23.7,355.0,BILBAO BRIDGE,IMO9492701,VRHY6,70,5,269,35,11.0,74,A
367821000,2020-08-20T03:02:37,36.97282,-76.43368,0.0,0.0,511.0,YANO,IMO7825409,NAQH,70,0,276,32,13.0,70,A
367821000,2020-08-20T03:07:29,36.97285,-76.43367,0.0,0.0,511.0,YANO,IMO7825409,NAQH,70,0,276,32,13.0,70,A
367861000,2020-08-20T03:03:01,36.94637,-76.32978,0.0,0.0,265.0,LARAMIE,IMO8906626,NLAR,80,5,193,29,,,A
477196100,2020-08-20T03:03:50,37.19780,-76.13373,0.0,37.8,181.0,DARYA MA,IMO9591674,VRJH5,70,1,229,32,14.5,,A
367821000,2020-08-20T02:52:27,36.97280,-76.43367,0.0,0.0,511.0,YANO,IMO7825409,NAQH,70,0,276,32,13.0,70,A
355919000,2020-08-20T02:58:48,37.14145,-76.14651,14.9,337.4,337.0,MSC MARIA ELENA,IMO9304423,3EGR2,70,0,336,45,15.0,71,A
367078110,2020-08-20T02:59:34,36.87885,-76.33374,4.6,350.0,511.0,MARCELLE BORDELON,IMO9350379,WDJ2038,79,3,45,11,3.0,79,A
367078110,2020-08-20T03:04:44,36.88534,-76.33506,3.5,351.0,511.0,MARCELLE BORDELON,IMO9350379,WDJ2038,79,3,45,11,3.0,79,A
367821000,2020-08-20T03:08:38,36.97285,-76.43367,0.0,0.0,511.0,YANO,IMO7825409,NAQH,70,0,276,32,13.0,70,A
355919000,2020-08-20T03:09:01,37.18311,-76.15460,14.8,0.3,1.0,MSC MARIA ELENA,IMO9304423,3EGR2,70,0,336,45,15.0,71,A
367078110,2020-08-20T03:02:25,36.88246,-76.33452,4.7,351.0,511.0,MARCELLE BORDELON,IMO9350379,WDJ2038,79,3,45,11,3.0,79,A
357928000,2020-08-20T03:02:28,37.33866,-76.12028,12.4,172.6,177.0,ROYAL KNIGHT,IMO9552355,3FMB9,70,0,196,32,12.7,70,A
538002652,2020-08-20T03:09:50,36.87947,-76.32645,0.0,33.0,276.0,NAIAS,IMO9330800,V7KN8,70,5,225,32,14.0,70,A
477196100,2020-08-20T03:09:51,37.19778,-76.13375,0.0,37.8,181.0,DARYA MA,IMO9591674,VRJH5,70,1,229,32,14.5,,A
367821000,2020-08-20T03:05:08,36.97284,-76.43368,0.0,0.0,511.0,YANO,IMO7825409,NAQH,70,0,276,32,13.0,70,A
367078110,2020-08-20T03:00:06,36.87949,-76.33389,4.6,351.0,511.0,MARCELLE BORDELON,IMO9350379,WDJ2038,79,3,45,11,3.0,79,A
477866300,2020-08-20T02:52:24,36.92740,-76.32987,0.0,23.7,355.0,BILBAO BRIDGE,IMO9492701,VRHY6,70,5,269,35,11.0,74,A
211839000,2020-08-20T03:02:47,36.90653,-76.32672,0.0,353.0,353.0,CHICAGO EXPRESS,IMO9295268,DCUJ2,70,5,336,42,14.6,79,A
538006982,2020-08-20T02:53:16,36.96254,-76.42366,0.0,169.1,40.0,ANTE TOPIC,IMO9737072,V7TR4,70,5,,,,,A
538006982,2020-08-20T03:05:16,36.96256,-76.42366,0.0,169.1,40.0,ANTE TOPIC,IMO9737072,V7TR4,70,5,,,,,A
538002652,2020-08-20T03:03:50,36.87945,-76.32643,0.0,33.0,276.0,NAIAS,IMO9330800,V7KN8,70,5,225,32,14.0,70,A
355919000,2020-08-20T03:11:43,37.19377,-76.15210,14.1,15.0,17.0,MSC MARIA ELENA,IMO9304423,3EGR2,70,0,336,45,15.0,71,A
367932000,2020-08-20T03:11:17,36.94917,-76.32966,0.0,107.0,279.0,JOHN LENTHALL,IMO8325547,NJLN,80,5,193,29,,,A
477866300,2020-08-20T03:01:26,36.92741,-76.32990,0.0,23.7,355.0,BILBAO BRIDGE,IMO9492701,VRHY6,70,5,269,35,11.0,74,A
355919000,2020-08-20T03:05:42,37.16933,-76.15275,14.7,353.7,353.0,MSC MARIA ELENA,IMO9304423,3EGR2,70,0,336,45,15.0,71,A
538006982,2020-08-20T03:08:16,36.96256,-76.42365,0.0,169.1,40.0,ANTE TOPIC,IMO9737072,V7TR4,70,5,,,,,A
357928000,2020-08-20T03:08:37,37.31793,-76.11985,11.9,179.5,180.0,ROYAL KNIGHT,IMO9552355,3FMB9,70,0,196,32,12.7,70,A
305855000,2020-08-20T03:05:45,36.86430,-76.31477,0.0,313.9,226.0,BBC PEARL,IMO9504786,V2FY8,70,5,153,23,9.1,70,A
211839000,2020-08-20T03:05:47,36.90648,-76.32660,0.0,353.0,353.0,CHICAGO EXPRESS,IMO9295268,DCUJ2,70,5,336,42,14.6,79,A
368026000,2020-08-20T03:06:22,36.86576,-76.31603,0.0,270.5,2.0,BENAVIDEZ,IMO9218210,NBHG,70,5,289,32,10.9,70,A
368026000,2020-08-20T03:09:22,36.86577,-76.31603,0.0,270.5,2.0,BENAVIDEZ,IMO9218210,NBHG,70,5,289,32,10.9,70,A
215677000,2020-08-20T03:15:01,37.23930,-76.11665,0.1,96.4,186.0,RIZE,IMO9584035,9HA2781,70,1,229,32,14.5,,A
477196100,2020-08-20T03:06:46,37.19778,-76.13376,0.0,37.8,181.0,DARYA MA,IMO9591674,VRJH5,70,1,229,32,14.5,,A
367078110,2020-08-20T03:09:34,36.88766,-76.33559,1.2,348.0,511.0,MARCELLE BORDELON,IMO9350379,WDJ2038,79,3,45,11,3.0,79,A
477196100,2020-08-20T03:15:52,37.19781,-76.13383,0.1,37.8,178.0,DARYA MA,IMO9591674,VRJH5,70,1,229,32,14.5,,A
366839000,2020-08-20T03:07:06,36.85348,-76.31083,0.0,0.0,39.0,CAPE RISE,IMO7530808,KAFG,70,5,197,32,10.0,,A
367078110,2020-08-20T03:07:05,36.88688,-76.33539,1.3,349.0,511.0,MARCELLE BORDELON,IMO9350379,WDJ2038,79,3,45,11,3.0,79,A
477866300,2020-08-20T03:07:23,36.92738,-76.32990,0.0,23.7,355.0,BILBAO BRIDGE,IMO9492701,VRHY6,70,5,269,35,11.0,74,A
367821000,2020-08-20T03:16:08,36.97284,-76.43367,0.0,0.0,511.0,YANO,IMO7825409,NAQH,70,0,276,32,13.0,70,A
367821000,2020-08-20T03:10:57,36.97284,-76.43366,0.0,0.0,511.0,YANO,IMO7825409,NAQH,70,0,276,32,13.0,70,A
367822000,2020-08-20T02:56:54,36.97312,-76.43381,0.0,0.0,238.0,USNS SHUGHART,IMO7825394,NAOQ,70,5,276,32,13.0,70,A
477866300,2020-08-20T03:04:24,36.92741,-76.32990,0.0,23.7,355.0,BILBAO BRIDGE,IMO9492701,VRHY6,70,5,269,35,11.0,74,A
367932000,2020-08-20T03:08:17,36.94914,-76.32967,0.0,107.0,279.0,JOHN LENTHALL,IMO8325547,NJLN,80,5,193,29,,,A
538006982,2020-08-20T03:17:16,36.96256,-76.42363,0.0,169.1,40.0,ANTE TOPIC,IMO9737072,V7TR4,70,5,,,,,A
368026000,2020-08-20T03:12:21,36.86577,-76.31605,0.0,270.5,2.0,BENAVIDEZ,IMO9218210,NBHG,70,5,289,32,10.9,70,A
367822000,2020-08-20T03:05:55,36.97311,-76.43381,0.0,0.0,238.0,USNS SHUGHART,IMO7825394,NAOQ,70,5,276,32,13.0,70,A
367932000,2020-08-20T03:05:16,36.94916,-76.32965,0.0,107.0,279.0,JOHN LENTHALL,IMO8325547,NJLN,80,5,193,29,,,A
538006982,2020-08-20T02:59:16,36.96254,-76.42367,0.0,169.1,40.0,ANTE TOPIC,IMO9737072,V7TR4,70,5,,,,,A
367861000,2020-08-20T03:09:01,36.94637,-76.32981,0.0,0.0,265.0,LARAMIE,IMO8906626,NLAR,80,5,193,29,,,A
367822000,2020-08-20T03:08:55,36.97311,-76.43381,0.0,0.0,238.0,USNS SHUGHART,IMO7825394,NAOQ,70,5,276,32,13.0,70,A
211839000,2020-08-20T03:08:49,36.90651,-76.32671,0.0,353.0,353.0,CHICAGO EXPRESS,IMO9295268,DCUJ2,70,5,336,42,14.6,79,A
355919000,2020-08-20T03:08:00,37.17883,-76.15404,14.7,354.6,353.0,MSC MARIA ELENA,IMO9304423,3EGR2,70,0,336,45,15.0,71,A
355919000,2020-08-20T03:18:13,37.21914,-76.14213,14.5,17.4,17.0,MSC MARIA ELENA,IMO9304423,3EGR2,70,0,336,45,15.0,71,A
366839000,2020-08-20T03:16:00,36.85352,-76.31077,0.0,0.0,39.0,CAPE RISE,IMO7530808,KAFG,70,5,197,32,10.0,,A
357928000,2020-08-20T03:17:27,37.28989,-76.12304,11.4,189.7,189.0,ROYAL KNIGHT,IMO9552355,3FMB9,70,0,196,32,12.7,70,A
366839000,2020-08-20T03:09:59,36.85350,-76.31082,0.0,0.0,39.0,CAPE RISE,IMO7530808,KAFG,70,5,197,32,10.0,,A
477866300,2020-08-20T03:19:23,36.92738,-76.32987,0.0,226.2,355.0,BILBAO BRIDGE,IMO9492701,VRHY6,70,5,269,35,11.0,74,A
367821000,2020-08-20T03:09:48,36.97284,-76.43367,0.0,0.0,511.0,YANO,IMO7825409,NAQH,70,0,276,32,13.0,70,A
305855000,2020-08-20T03:17:46,36.86427,-76.31476,0.0,295.6,226.0,BBC PEARL,IMO9504786,V2FY8,70,5,153,23,9.1,70,A
215677000,2020-08-20T03:09:02,37.23933,-76.11672,0.1,96.4,187.0,RIZE,IMO9584035,9HA2781,70,1,229,32,14.5,,A
357928000,2020-08-20T03:20:58,37.27891,-76.12539,11.5,189.9,189.0,ROYAL KNIGHT,IMO9552355,3FMB9,70,0,196,32,12.7,70,A
305855000,2020-08-20T03:14:46,36.86429,-76.31476,0.0,233.6,226.0,BBC PEARL,IMO9504786,V2FY8,70,5,153,23,9.1,70,A
355919000,2020-08-20T03:10:12,37.18791,-76.15417,14.5,13.8,16.0,MSC MARIA ELENA,IMO9304423,3EGR2,70,0,336,45,15.0,71,A
367821000,2020-08-20T03:21:07,36.97284,-76.43366,0.0,0.0,511.0,YANO,IMO7825409,NAQH,70,0,276,32,13.0,70,A
368026000,2020-08-20T03:21:21,36.86575,-76.31605,0.0,270.5,2.0,BENAVIDEZ,IMO9218210,NBHG,70,5,289,32,10.9,70,A
357928000,2020-08-20T03:09:47,37.31415,-76.11981,11.7,179.8,180.0,ROYAL KNIGHT,IMO9552355,3FMB9,70,0,196,32,12.7,70,A
357928000,2020-08-20T03:15:58,37.29460,-76.12211,11.4,188.8,188.0,ROYAL KNIGHT,IMO9552355,3FMB9,70,0,196,32,12.7,70,A
367078110,2020-08-20T03:16:54,36.89381,-76.33589,3.8,355.0,511.0,MARCELLE BORDELON,IMO9350379,WDJ2038,79,3,45,11,3.0,79,A
357928000,2020-08-20T03:10:57,37.31038,-76.11975,11.6,179.6,181.0,ROYAL KNIGHT,IMO9552355,3FMB9,70,0,196,32,12.7,70,A
367822000,2020-08-20T03:02:54,36.97311,-76.43382,0.0,0.0,238.0,USNS SHUGHART,IMO7825394,NAOQ,70,5,276,32,13.0,70,A
355919000,2020-08-20T03:17:01,37.21440,-76.14402,14.5,17.8,17.0,MSC MARIA ELENA,IMO9304423,3EGR2,70,0,336,45,15.0,71,A
305855000,2020-08-20T03:02:47,36.86428,-76.31477,0.0,273.5,226.0,BBC PEARL,IMO9504786,V2FY8,70,5,153,23,9.1,70,A
367078110,2020-08-20T03:21:55,36.89944,-76.33710,4.1,356.0,511.0,MARCELLE BORDELON,IMO9350379,WDJ2038,79,3,45,11,3.0,79,A
366839000,2020-08-20T03:19:07,36.85349,-76.31078,0.0,0.0,39.0,CAPE RISE,IMO7530808,KAFG,70,5,197,32,10.0,,A
367078110,2020-08-20T03:13:16,36.89023,-76.33590,3.8,1.0,511.0,MARCELLE BORDELON,IMO9350379,WDJ2038,79,3,45,11,3.0,79,A
355919000,2020-08-20T03:03:19,37.15955,-76.15142,14.5,353.6,354.0,MSC MARIA ELENA,IMO9304423,3EGR2,70,0,336,45,15.0,71,A
368026000,2020-08-20T03:03:21,36.86574,-76.31605,0.0,270.5,2.0,BENAVIDEZ,IMO9218210,NBHG,70,5,289,32,10.9,70,A
367822000,2020-08-20T03:11:55,36.97311,-76.43381,0.0,0.0,238.0,USNS SHUGHART,IMO7825394,NAOQ,70,5,276,32,13.0,70,A
367821000,2020-08-20T03:13:38,36.97284,-76.43367,0.0,0.0,511.0,YANO,IMO7825409,NAQH,70,0,276,32,13.0,70,A
538006982,2020-08-20T03:20:16,36.96255,-76.42363,0.0,169.1,40.0,ANTE TOPIC,IMO9737072,V7TR4,70,5,,,,,A
357928000,2020-08-20T03:04:58,37.33019,-76.11994,12.1,179.4,180.0,ROYAL KNIGHT,IMO9552355,3FMB9,70,0,196,32,12.7,70,A
367078110,2020-08-20T03:12:05,36.88905,-76.33589,3.3,357.0,511.0,MARCELLE BORDELON,IMO9350379,WDJ2038,79,3,45,11,3.0,79,A
366839000,2020-08-20T03:13:07,36.85347,-76.31083,0.0,0.0,39.0,CAPE RISE,IMO7530808,KAFG,70,5,197,32,10.0,,A
477196100,2020-08-20T03:12:49,37.19780,-76.13377,0.0,37.8,180.0,DARYA MA,IMO9591674,VRJH5,70,1,229,32,14.5,,A
477866300,2020-08-20T03:13:25,36.92739,-76.32986,0.0,23.7,355.0,BILBAO BRIDGE,IMO9492701,VRHY6,70,5,269,35,11.0,74,A
367822000,2020-08-20T03:23:56,36.97311,-76.43382,0.0,0.0,238.0,USNS SHUGHART,IMO7825394,NAOQ,70,5,276,32,13.0,70,A
367932000,2020-08-20T03:14:17,36.94917,-76.32961,0.0,107.0,279.0,JOHN LENTHALL,IMO8325547,NJLN,80,5,193,29,,,A
211839000,2020-08-20T03:14:51,36.90656,-76.32680,0.0,353.0,353.0,CHICAGO EXPRESS,IMO9295268,DCUJ2,70,5,336,42,14.6,79,A
357928000,2020-08-20T03:07:27,37.32184,-76.11988,12.0,179.5,180.0,ROYAL KNIGHT,IMO9552355,3FMB9,70,0,196,32,12.7,70,A
357928000,2020-08-20T03:25:08,37.26571,-76.12821,11.5,190.3,190.0,ROYAL KNIGHT,IMO9552355,3FMB9,70,0,196,32,12.7,70,A
367861000,2020-08-20T03:15:00,36.94638,-76.32979,0.0,0.0,265.0,LARAMIE,IMO8906626,NLAR,80,5,193,29,,,A
367821000,2020-08-20T03:25:07,36.97284,-76.43366,0.0,0.0,511.0,YANO,IMO7825409,NAQH,70,0,276,32,13.0,70,A
477196100,2020-08-20T03:21:46,37.19786,-76.13395,0.1,37.8,176.0,DARYA MA,IMO9591674,VRJH5,70,1,229,32,14.5,,A
477866300,2020-08-20T03:22:25,36.92739,-76.32989,0.0,229.0,355.0,BILBAO BRIDGE,IMO9492701,VRHY6,70,5,269,35,11.0,74,A
366839000,2020-08-20T03:22:02,36.85351,-76.31080,0.0,0.0,39.0,CAPE RISE,IMO7530808,KAFG,70,5,197,32,10.0,,A
367078110,2020-08-20T03:18:15,36.89529,-76.33612,4.1,349.0,511.0,MARCELLE BORDELON,IMO9350379,WDJ2038,79,3,45,11,3.0,79,A
367078110,2020-08-20T03:08:24,36.88731,-76.33550,1.2,350.0,511.0,MARCELLE BORDELON,IMO9350379,WDJ2038,79,3,45,11,3.0,79,A
538002652,2020-08-20T03:21:51,36.87947,-76.32643,0.0,33.0,276.0,NAIAS,IMO9330800,V7KN8,70,5,225,32,14.0,70,A
357928000,2020-08-20T03:23:37,37.27050,-76.12718,11.5,189.4,189.0,ROYAL KNIGHT,IMO9552355,3FMB9,70,0,196,32,12.7,70,A
355919000,2020-08-20T03:20:01,37.22630,-76.13946,14.6,15.3,16.0,MSC MARIA ELENA,IMO9304423,3EGR2,70,0,336,45,15.0,71,A
355919000,2020-08-20T03:27:54,37.25712,-76.12736,14.4,16.1,17.0,MSC MARIA ELENA,IMO9304423,3EGR2,70,0,336,45,15.0,71,A
367078110,2020-08-20T03:23:04,36.90075,-76.33728,4.2,352.0,511.0,MARCELLE BORDELON,IMO9350379,WDJ2038,79,3,45,11,3.0,79,A
477866300,2020-08-20T03:10:22,36.92741,-76.32988,0.0,23.7,355.0,BILBAO BRIDGE,IMO9492701,VRHY6,70,5,269,35,11.0,74,A
367822000,2020-08-20T03:26:55,36.97311,-76.43382,0.0,0.0,238.0,USNS SHUGHART,IMO7825394,NAOQ,70,5,276,32,13.0,70,A
355919000,2020-08-20T03:22:13,37.23489,-76.13622,14.6,16.8,17.0,MSC MARIA ELENA,IMO9304423,3EGR2,70,0,336,45,15.0,71,A
367821000,2020-08-20T03:22:38,36.97283,-76.43366,0.0,0.0,511.0,YANO,IMO7825409,NAQH,70,0,276,32,13.0,70,A
367861000,2020-08-20T03:21:00,36.94644,-76.32986,0.0,0.0,265.0,LARAMIE,IMO8906626,NLAR,80,5,193,29,,,A
211839000,2020-08-20T03:17:52,36.90646,-76.32668,0.0,353.0,353.0,CHICAGO EXPRESS,IMO9295268,DCUJ2,70,5,336,42,14.6,79,A
367078110,2020-08-20T03:20:44,36.89809,-76.33689,4.2,349.0,511.0,MARCELLE BORDELON,IMO9350379,WDJ2038,79,3,45,11,3.0,79,A
538002652,2020-08-20T03:27:51,36.87948,-76.32643,0.0,33.0,276.0,NAIAS,IMO9330800,V7KN8,70,5,225,32,14.0,70,A
538002652,2020-08-20T03:18:52,36.87947,-76.32643,0.0,33.0,276.0,NAIAS,IMO9330800,V7KN8,70,5,225,32,14.0,70,A
367078110,2020-08-20T03:10:55,36.88813,-76.33577,2.1,347.0,511.0,MARCELLE BORDELON,IMO9350379,WDJ2038,79,3,45,11,3.0,79,A
215677000,2020-08-20T03:12:03,37.23933,-76.11673,0.1,96.4,185.0,RIZE,IMO9584035,9HA2781,70,1,229,32,14.5,,A
215677000,2020-08-20T03:18:03,37.23926,-76.11659,0.0,96.4,188.0,RIZE,IMO9584035,9HA2781,70,1,229,32,14.5,,A
367861000,2020-08-20T03:12:00,36.94638,-76.32981,0.0,0.0,265.0,LARAMIE,IMO8906626,NLAR,80,5,193,29,,,A
367861000,2020-08-20T03:18:00,36.94637,-76.32981,0.0,0.0,265.0,LARAMIE,IMO8906626,NLAR,80,5,193,29,,,A
368026000,2020-08-20T03:18:21,36.86576,-76.31605,0.0,270.5,2.0,BENAVIDEZ,IMO9218210,NBHG,70,5,289,32,10.9,70,A
367821000,2020-08-20T03:12:28,36.97284,-76.43367,0.0,0.0,511.0,YANO,IMO7825409,NAQH,70,0,276,32,13.0,70,A
367821000,2020-08-20T03:18:38,36.97284,-76.43366,0.0,0.0,511.0,YANO,IMO7825409,NAQH,70,0,276,32,13.0,70,A
305855000,2020-08-20T03:11:49,36.86428,-76.31478,0.0,231.4,226.0,BBC PEARL,IMO9504786,V2FY8,70,5,153,23,9.1,70,A
357928000,2020-08-20T03:12:07,37.30661,-76.11990,11.4,185.5,187.0,ROYAL KNIGHT,IMO9552355,3FMB9,70,0,196,32,12.7,70,A
367861000,2020-08-20T03:24:01,36.94640,-76.32980,0.0,0.0,265.0,LARAMIE,IMO8906626,NLAR,80,5,193,29,,,A
355919000,2020-08-20T03:13:01,37.19879,-76.15017,14.3,17.4,18.0,MSC MARIA ELENA,IMO9304423,3EGR2,70,0,336,45,15.0,71,A
368026000,2020-08-20T03:24:21,36.86575,-76.31603,0.0,270.5,2.0,BENAVIDEZ,IMO9218210,NBHG,70,5,289,32,10.9,70,A
355919000,2020-08-20T03:30:54,37.26887,-76.12287,14.5,16.7,17.0,MSC MARIA ELENA,IMO9304423,3EGR2,70,0,336,45,15.0,71,A
538002652,2020-08-20T03:12:52,36.87947,-76.32643,0.0,33.0,276.0,NAIAS,IMO9330800,V7KN8,70,5,225,32,14.0,70,A
367078110,2020-08-20T03:24:14,36.90213,-76.33751,4.3,353.0,511.0,MARCELLE BORDELON,IMO9350379,WDJ2038,79,3,45,11,3.0,79,A
355919000,2020-08-20T03:26:19,37.25094,-76.12976,14.5,17.0,17.0,MSC MARIA ELENA,IMO9304423,3EGR2,70,0,336,45,15.0,71,A
367078110,2020-08-20T03:26:25,36.90459,-76.33798,4.0,354.0,511.0,MARCELLE BORDELON,IMO9350379,WDJ2038,79,3,45,11,3.0,79,A
211839000,2020-08-20T03:23:53,36.90645,-76.32673,0.0,353.0,353.0,CHICAGO EXPRESS,IMO9295268,DCUJ2,70,5,336,42,14.6,79,A
367932000,2020-08-20T03:20:17,36.94917,-76.32961,0.0,107.0,279.0,JOHN LENTHALL,IMO8325547,NJLN,80,5,193,29,,,A
305855000,2020-08-20T03:20:45,36.86429,-76.31477,0.0,220.5,226.0,BBC PEARL,IMO9504786,V2FY8,70,5,153,23,9.1,70,A
538002652,2020-08-20T03:24:50,36.87950,-76.32642,0.0,33.0,276.0,NAIAS,IMO9330800,V7KN8,70,5,225,32,14.0,70,A
367078110,2020-08-20T03:28:14,36.90669,-76.33815,4.2,354.0,511.0,MARCELLE BORDELON,IMO9350379,WDJ2038,79,3,45,11,3.0,79,A
357928000,2020-08-20T03:28:19,37.25565,-76.13039,11.6,189.6,189.0,ROYAL KNIGHT,IMO9552355,3FMB9,70,0,196,32,12.7,70,A
367822000,2020-08-20T03:20:56,36.97311,-76.43382,0.0,0.0,238.0,USNS SHUGHART,IMO7825394,NAOQ,70,5,276,32,13.0,70,A
215677000,2020-08-20T03:21:02,37.23927,-76.11662,0.1,96.4,188.0,RIZE,IMO9584035,9HA2781,70,1,229,32,14.5,,A
367821000,2020-08-20T03:27:37,36.97283,-76.43366,0.0,0.0,511.0,YANO,IMO7825409,NAQH,70,0,276,32,13.0,70,A
355919000,2020-08-20T03:14:13,37.20343,-76.14829,14.4,18.0,17.0,MSC MARIA ELENA,IMO9304423,3EGR2,70,0,336,45,15.0,71,A
367078110,2020-08-20T03:33:05,36.91316,-76.33869,5.7,358.0,511.0,MARCELLE BORDELON,IMO9350379,WDJ2038,79,3,45,11,3.0,79,A
477196100,2020-08-20T03:24:50,37.19785,-76.13397,0.1,37.8,174.0,DARYA MA,IMO9591674,VRJH5,70,1,229,32,14.5,,A
367821000,2020-08-20T03:14:57,36.97284,-76.43367,0.0,0.0,511.0,YANO,IMO7825409,NAQH,70,0,276,32,13.0,70,A
357928000,2020-08-20T03:22:29,37.27412,-76.12640,11.5,189.5,189.0,ROYAL KNIGHT,IMO9552355,3FMB9,70,0,196,32,12.7,70,A
367822000,2020-08-20T03:14:56,36.97311,-76.43381,0.0,0.0,238.0,USNS SHUGHART,IMO7825394,NAOQ,70,5,276,32,13.0,70,A
538006982,2020-08-20T03:23:16,36.96254,-76.42364,0.0,226.3,40.0,ANTE TOPIC,IMO9737072,V7TR4,70,5,,,,,A
305855000,2020-08-20T03:23:46,36.86426,-76.31479,0.0,223.5,226.0,BBC PEARL,IMO9504786,V2FY8,70,5,153,23,9.1,70,A
355919000,2020-08-20T03:33:54,37.28065,-76.11838,14.5,16.5,17.0,MSC MARIA ELENA,IMO9304423,3EGR2,70,0,336,45,15.0,71,A
368026000,2020-08-20T03:15:21,36.86576,-76.31603,0.0,270.5,2.0,BENAVIDEZ,IMO9218210,NBHG,70,5,289,32,10.9,70,A
357928000,2020-08-20T03:29:37,37.25146,-76.13128,11.8,189.5,189.0,ROYAL KNIGHT,IMO9552355,3FMB9,70,0,196,32,12.7,70,A
477866300,2020-08-20T03:25:25,36.92738,-76.32990,0.0,227.5,355.0,BILBAO BRIDGE,IMO9492701,VRHY6,70,5,269,35,11.0,74,A
538002652,2020-08-20T03:15:51,36.87947,-76.32643,0.0,33.0,276.0,NAIAS,IMO9330800,V7KN8,70,5,225,32,14.0,70,A
215677000,2020-08-20T03:30:06,37.23929,-76.11671,0.1,96.4,185.0,RIZE,IMO9584035,9HA2781,70,1,229,32,14.5,,A
211839000,2020-08-20T03:29:56,36.90627,-76.32680,0.0,353.0,353.0,CHICAGO EXPRESS,IMO9295268,DCUJ2,70,5,336,42,14.6,79,A
367822000,2020-08-20T03:29:55,36.97310,-76.43382,0.0,0.0,238.0,USNS SHUGHART,IMO7825394,NAOQ,70,5,276,32,13.0,70,A
367932000,2020-08-20T03:29:17,36.94916,-76.32968,0.0,107.0,279.0,JOHN LENTHALL,IMO8325547,NJLN,80,5,193,29,,,A
367861000,2020-08-20T03:33:00,36.94635,-76.32981,0.0,0.0,265.0,LARAMIE,IMO8906626,NLAR,80,5,193,29,,,A
305855000,2020-08-20T03:35:48,36.86431,-76.31477,0.0,273.8,226.0,BBC PEARL,IMO9504786,V2FY8,70,5,153,23,9.1,70,A
367822000,2020-08-20T03:35:56,36.97302,-76.43386,0.0,0.0,238.0,USNS SHUGHART,IMO7825394,NAOQ,70,5,276,32,13.0,70,A
367821000,2020-08-20T03:26:18,36.97284,-76.43366,0.0,0.0,511.0,YANO,IMO7825409,NAQH,70,0,276,32,13.0,70,A
211839000,2020-08-20T03:32:58,36.90659,-76.32676,0.0,353.0,353.0,CHICAGO EXPRESS,IMO9295268,DCUJ2,70,5,336,42,14.6,79,A
367932000,2020-08-20T03:26:16,36.94917,-76.32971,0.0,107.0,279.0,JOHN LENTHALL,IMO8325547,NJLN,80,5,193,29,,,A
215677000,2020-08-20T03:24:05,37.23927,-76.11666,0.1,96.4,186.0,RIZE,IMO9584035,9HA2781,70,1,229,32,14.5,,A
367932000,2020-08-20T03:32:17,36.94917,-76.32959,0.0,107.0,279.0,JOHN LENTHALL,IMO8325547,NJLN,80,5,193,29,,,A
305855000,2020-08-20T03:26:49,36.86428,-76.31476,0.0,291.9,226.0,BBC PEARL,IMO9504786,V2FY8,70,5,153,23,9.1,70,A
366839000,2020-08-20T03:34:01,36.85351,-76.31079,0.0,0.0,39.0,CAPE RISE,IMO7530808,KAFG,70,5,197,32,10.0,,A
367078110,2020-08-20T03:30:05,36.90892,-76.33834,4.5,356.0,511.0,MARCELLE BORDELON,IMO9350379,WDJ2038,79,3,45,11,3.0,79,A
367078110,2020-08-20T03:36:05,36.91799,-76.33869,5.8,0.0,511.0,MARCELLE BORDELON,IMO9350379,WDJ2038,79,3,45,11,3.0,79,A
357928000,2020-08-20T03:34:28,37.23588,-76.13551,11.8,195.5,195.0,ROYAL KNIGHT,IMO9552355,3FMB9,70,0,196,32,12.7,70,A
477866300,2020-08-20T03:34:23,36.92739,-76.32988,0.0,225.2,355.0,BILBAO BRIDGE,IMO9492701,VRHY6,70,5,269,35,11.0,74,A
367932000,2020-08-20T03:35:16,36.94915,-76.32967,0.0,107.0,279.0,JOHN LENTHALL,IMO8325547,NJLN,80,5,193,29,,,A
357928000,2020-08-20T03:27:08,37.25938,-76.12959,11.5,190.1,189.0,ROYAL KNIGHT,IMO9552355,3FMB9,70,0,196,32,12.7,70,A
477196100,2020-08-20T03:36:51,37.19775,-76.13409,0.1,37.8,171.0,DARYA MA,IMO9591674,VRJH5,70,1,229,32,14.5,,A
367078110,2020-08-20T03:39:14,36.92444,-76.33868,7.7,1.0,511.0,MARCELLE BORDELON,IMO9350379,WDJ2038,79,3,45,11,3.0,79,A
211839000,2020-08-20T03:26:57,36.90654,-76.32676,0.0,353.0,353.0,CHICAGO EXPRESS,IMO9295268,DCUJ2,70,5,336,42,14.6,79,A
477866300,2020-08-20T03:37:26,36.92741,-76.32986,0.0,225.6,355.0,BILBAO BRIDGE,IMO9492701,VRHY6,70,5,269,35,11.0,74,A
211839000,2020-08-20T03:35:58,36.90646,-76.32680,0.0,353.0,353.0,CHICAGO EXPRESS,IMO9295268,DCUJ2,70,5,336,42,14.6,79,A
367078110,2020-08-20T03:40:25,36.92698,-76.33850,7.6,3.0,511.0,MARCELLE BORDELON,IMO9350379,WDJ2038,79,3,45,11,3.0,79,A
477866300,2020-08-20T03:28:22,36.92740,-76.32988,0.0,226.7,355.0,BILBAO BRIDGE,IMO9492701,VRHY6,70,5,269,35,11.0,74,A
215677000,2020-08-20T03:39:03,37.23924,-76.11683,0.1,96.4,179.0,RIZE,IMO9584035,9HA2781,70,1,229,32,14.5,,A
366839000,2020-08-20T03:28:03,36.85349,-76.31079,0.0,0.0,39.0,CAPE RISE,IMO7530808,KAFG,70,5,197,32,10.0,,A
367822000,2020-08-20T03:32:55,36.97310,-76.43382,0.0,0.0,238.0,USNS SHUGHART,IMO7825394,NAOQ,70,5,276,32,13.0,70,A
367821000,2020-08-20T03:38:08,36.97282,-76.43371,0.0,0.0,511.0,YANO,IMO7825409,NAQH,70,0,276,32,13.0,70,A
538002652,2020-08-20T03:36:51,36.87948,-76.32642,0.0,33.0,276.0,NAIAS,IMO9330800,V7KN8,70,5,225,32,14.0,70,A
538006982,2020-08-20T03:32:16,36.96257,-76.42365,0.0,226.3,40.0,ANTE TOPIC,IMO9737072,V7TR4,70,5,,,,,A
355919000,2020-08-20T03:37:01,37.29293,-76.11369,14.5,25.6,28.0,MSC MARIA ELENA,IMO9304423,3EGR2,70,0,336,45,15.0,71,A
366839000,2020-08-20T03:31:01,36.85350,-76.31080,0.0,0.0,39.0,CAPE RISE,IMO7530808,KAFG,70,5,197,32,10.0,,A
477866300,2020-08-20T03:31:22,36.92739,-76.32989,0.0,173.4,355.0,BILBAO BRIDGE,IMO9492701,VRHY6,70,5,269,35,11.0,74,A
367821000,2020-08-20T03:30:47,36.97283,-76.43366,0.0,0.0,511.0,YANO,IMO7825409,NAQH,70,0,276,32,13.0,70,A
477196100,2020-08-20T03:33:52,37.19779,-76.13406,0.1,37.8,172.0,DARYA MA,IMO9591674,VRJH5,70,1,229,32,14.5,,A
215677000,2020-08-20T03:33:05,37.23929,-76.11677,0.1,96.4,183.0,RIZE,IMO9584035,9HA2781,70,1,229,32,14.5,,A
367821000,2020-08-20T03:46:07,36.97284,-76.43366,0.0,0.0,511.0,YANO,IMO7825409,NAQH,70,0,276,32,13.0,70,A
538006982,2020-08-20T03:26:16,36.96255,-76.42364,0.0,226.3,40.0,ANTE TOPIC,IMO9737072,V7TR4,70,5,,,,,A
538002652,2020-08-20T03:45:50,36.87953,-76.32640,0.0,206.0,276.0,NAIAS,IMO9330800,V7KN8,70,5,225,32,14.0,70,A
357928000,2020-08-20T03:32:47,37.24121,-76.13376,11.7,193.7,193.0,ROYAL KNIGHT,IMO9552355,3FMB9,70,0,196,32,12.7,70,A
367821000,2020-08-20T03:44:48,36.97284,-76.43367,0.0,0.0,511.0,YANO,IMO7825409,NAQH,70,0,276,32,13.0,70,A
367861000,2020-08-20T03:27:01,36.94633,-76.32980,0.0,0.0,265.0,LARAMIE,IMO8906626,NLAR,80,5,193,29,,,A
367078110,2020-08-20T03:31:54,36.91133,-76.33853,5.3,355.0,511.0,MARCELLE BORDELON,IMO9350379,WDJ2038,79,3,45,11,3.0,79,A
215677000,2020-08-20T03:27:04,37.23929,-76.11667,0.1,96.4,186.0,RIZE,IMO9584035,9HA2781,70,1,229,32,14.5,,A
367932000,2020-08-20T03:47:16,36.94912,-76.32967,0.0,107.0,279.0,JOHN LENTHALL,IMO8325547,NJLN,80,5,193,29,,,A
367821000,2020-08-20T03:32:28,36.97283,-76.43366,0.0,0.0,511.0,YANO,IMO7825409,NAQH,70,0,276,32,13.0,70,A
355919000,2020-08-20T03:35:54,37.28851,-76.11538,14.4,16.1,17.0,MSC MARIA ELENA,IMO9304423,3EGR2,70,0,336,45,15.0,71,A
305855000,2020-08-20T03:32:47,36.86430,-76.31477,0.0,260.1,226.0,BBC PEARL,IMO9504786,V2FY8,70,5,153,23,9.1,70,A
211839000,2020-08-20T03:39:03,36.90637,-76.32681,0.0,353.0,353.0,CHICAGO EXPRESS,IMO9295268,DCUJ2,70,5,336,42,14.6,79,A
367861000,2020-08-20T03:36:01,36.94636,-76.32979,0.0,0.0,265.0,LARAMIE,IMO8906626,NLAR,80,5,193,29,,,A
367821000,2020-08-20T03:39:27,36.97283,-76.43369,0.0,0.0,511.0,YANO,IMO7825409,NAQH,70,0,276,32,13.0,70,A
477196100,2020-08-20T03:27:51,37.19786,-76.13399,0.1,37.8,174.0,DARYA MA,IMO9591674,VRJH5,70,1,229,32,14.5,,A
215677000,2020-08-20T03:36:00,37.23928,-76.11681,0.1,96.4,181.0,RIZE,IMO9584035,9HA2781,70,1,229,32,14.5,,A
367861000,2020-08-20T03:48:00,36.94637,-76.32982,0.0,0.0,265.0,LARAMIE,IMO8906626,NLAR,80,5,193,29,,,A
357928000,2020-08-20T03:46:07,37.19933,-76.15007,11.9,199.5,198.0,ROYAL KNIGHT,IMO9552355,3FMB9,70,0,196,32,12.7,70,A
357928000,2020-08-20T03:47:57,37.19358,-76.15264,11.9,200.0,198.0,ROYAL KNIGHT,IMO9552355,3FMB9,70,0,196,32,12.7,70,A
305855000,2020-08-20T03:41:46,36.86428,-76.31477,0.0,261.6,226.0,BBC PEARL,IMO9504786,V2FY8,70,5,153,23,9.1,70,A
357928000,2020-08-20T03:38:57,37.22161,-76.14065,11.9,197.0,198.0,ROYAL KNIGHT,IMO9552355,3FMB9,70,0,196,32,12.7,70,A
357928000,2020-08-20T03:49:18,37.18941,-76.15453,11.8,198.2,189.0,ROYAL KNIGHT,IMO9552355,3FMB9,70,0,196,32,12.7,70,A
355919000,2020-08-20T03:42:49,37.31534,-76.09856,16.4,28.8,30.0,MSC MARIA ELENA,IMO9304423,3EGR2,70,0,336,45,15.0,71,A
305855000,2020-08-20T03:47:46,36.86428,-76.31476,0.0,235.4,226.0,BBC PEARL,IMO9504786,V2FY8,70,5,153,23,9.1,70,A
368026000,2020-08-20T03:36:20,36.86576,-76.31605,0.0,270.5,2.0,BENAVIDEZ,IMO9218210,NBHG,70,5,289,32,10.9,70,A
357928000,2020-08-20T03:44:57,37.20290,-76.14852,11.8,199.2,198.0,ROYAL KNIGHT,IMO9552355,3FMB9,70,0,196,32,12.7,70,A
357928000,2020-08-20T03:37:28,37.22634,-76.13895,11.9,196.1,196.0,ROYAL KNIGHT,IMO9552355,3FMB9,70,0,196,32,12.7,70,A
367822000,2020-08-20T03:50:56,36.97308,-76.43384,0.0,0.0,238.0,USNS SHUGHART,IMO7825394,NAOQ,70,5,276,32,13.0,70,A
368026000,2020-08-20T03:33:21,36.86575,-76.31606,0.0,270.5,2.0,BENAVIDEZ,IMO9218210,NBHG,70,5,289,32,10.9,70,A
538002652,2020-08-20T03:33:51,36.87947,-76.32643,0.0,33.0,276.0,NAIAS,IMO9330800,V7KN8,70,5,225,32,14.0,70,A
477196100,2020-08-20T03:30:49,37.19780,-76.13403,0.1,37.8,173.0,DARYA MA,IMO9591674,VRJH5,70,1,229,32,14.5,,A
305855000,2020-08-20T03:29:48,36.86429,-76.31477,0.0,253.4,226.0,BBC PEARL,IMO9504786,V2FY8,70,5,153,23,9.1,70,A
367932000,2020-08-20T03:44:16,36.94912,-76.32964,0.0,107.0,279.0,JOHN LENTHALL,IMO8325547,NJLN,80,5,193,29,,,A
357928000,2020-08-20T03:35:57,37.23123,-76.13717,11.9,196.0,196.0,ROYAL KNIGHT,IMO9552355,3FMB9,70,0,196,32,12.7,70,A
368026000,2020-08-20T03:30:20,36.86577,-76.31604,0.1,270.5,2.0,BENAVIDEZ,IMO9218210,NBHG,70,5,289,32,10.9,70,A
355919000,2020-08-20T03:32:48,37.27638,-76.12000,14.4,17.4,17.0,MSC MARIA ELENA,IMO9304423,3EGR2,70,0,336,45,15.0,71,A
477196100,2020-08-20T03:39:53,37.19775,-76.13411,0.1,37.8,170.0,DARYA MA,IMO9591674,VRJH5,70,1,229,32,14.5,,A
367822000,2020-08-20T03:41:55,36.97306,-76.43385,0.0,0.0,238.0,USNS SHUGHART,IMO7825394,NAOQ,70,5,276,32,13.0,70,A
538006982,2020-08-20T03:53:16,36.96255,-76.42368,0.1,232.7,40.0,ANTE TOPIC,IMO9737072,V7TR4,70,5,,,,,A
367822000,2020-08-20T03:38:56,36.97306,-76.43385,0.0,0.0,238.0,USNS SHUGHART,IMO7825394,NAOQ,70,5,276,32,13.0,70,A
477866300,2020-08-20T03:55:23,36.92743,-76.32989,0.0,200.6,355.0,BILBAO BRIDGE,IMO9492701,VRHY6,70,5,269,35,11.0,74,A
538002652,2020-08-20T03:42:51,36.87950,-76.32642,0.0,33.0,276.0,NAIAS,IMO9330800,V7KN8,70,5,225,32,14.0,70,A
538006982,2020-08-20T03:56:16,36.96257,-76.42368,0.0,229.4,40.0,ANTE TOPIC,IMO9737072,V7TR4,70,5,,,,,A
211839000,2020-08-20T03:54:06,36.90638,-76.32682,0.0,353.0,353.0,CHICAGO EXPRESS,IMO9295268,DCUJ2,70,5,336,42,14.6,79,A
477196100,2020-08-20T03:51:54,37.19780,-76.13422,0.0,37.8,168.0,DARYA MA,IMO9591674,VRJH5,70,1,229,32,14.5,,A
538002652,2020-08-20T03:51:53,36.87950,-76.32643,0.0,206.0,276.0,NAIAS,IMO9330800,V7KN8,70,5,225,32,14.0,70,A
367821000,2020-08-20T03:33:37,36.97283,-76.43366,0.0,0.0,511.0,YANO,IMO7825409,NAQH,70,0,276,32,13.0,70,A
367078110,2020-08-20T03:34:15,36.91504,-76.33873,5.9,359.0,511.0,MARCELLE BORDELON,IMO9350379,WDJ2038,79,3,45,11,3.0,79,A
367078110,2020-08-20T03:53:55,36.94997,-76.33773,4.6,6.0,511.0,MARCELLE BORDELON,IMO9350379,WDJ2038,79,3,45,11,3.0,79,A
367821000,2020-08-20T03:34:47,36.97283,-76.43366,0.0,0.0,511.0,YANO,IMO7825409,NAQH,70,0,276,32,13.0,70,A
367822000,2020-08-20T03:53:55,36.97308,-76.43384,0.0,0.0,238.0,USNS SHUGHART,IMO7825394,NAOQ,70,5,276,32,13.0,70,A
367861000,2020-08-20T03:54:01,36.94639,-76.32979,0.0,0.0,265.0,LARAMIE,IMO8906626,NLAR,80,5,193,29,,,A
538006982,2020-08-20T03:41:16,36.96254,-76.42368,0.0,226.3,40.0,ANTE TOPIC,IMO9737072,V7TR4,70,5,,,,,A
355919000,2020-08-20T03:39:25,37.30185,-76.10785,15.2,27.9,30.0,MSC MARIA ELENA,IMO9304423,3EGR2,70,0,336,45,15.0,71,A
367821000,2020-08-20T03:52:47,36.97285,-76.43366,0.0,0.0,511.0,YANO,IMO7825409,NAQH,70,0,276,32,13.0,70,A
357928000,2020-08-20T03:59:18,37.15743,-76.15086,11.8,173.5,173.0,ROYAL KNIGHT,IMO9552355,3FMB9,70,0,196,32,12.7,70,A
538006982,2020-08-20T03:38:16,36.96259,-76.42368,0.0,226.3,40.0,ANTE TOPIC,IMO9737072,V7TR4,70,5,,,,,A
355919000,2020-08-20T03:47:13,37.33367,-76.08732,16.3,15.3,14.0,MSC MARIA ELENA,IMO9304423,3EGR2,70,0,336,45,15.0,71,A
367932000,2020-08-20T03:38:17,36.94917,-76.32971,0.0,107.0,279.0,JOHN LENTHALL,IMO8325547,NJLN,80,5,193,29,,,A
367078110,2020-08-20T03:59:04,36.95977,-76.33576,7.3,10.0,511.0,MARCELLE BORDELON,IMO9350379,WDJ2038,79,3,45,11,3.0,79,A
477866300,2020-08-20T03:58:24,36.92740,-76.32985,0.0,186.1,355.0,BILBAO BRIDGE,IMO9492701,VRHY6,70,5,269,35,11.0,74,A
357928000,2020-08-20T03:43:37,37.20708,-76.14671,11.8,199.0,198.0,ROYAL KNIGHT,IMO9552355,3FMB9,70,0,196,32,12.7,70,A
477196100,2020-08-20T03:42:51,37.19776,-76.13413,0.0,37.8,170.0,DARYA MA,IMO9591674,VRJH5,70,1,229,32,14.5,,A
215677000,2020-08-20T03:42:04,37.23919,-76.11680,0.1,96.4,178.0,RIZE,IMO9584035,9HA2781,70,1,229,32,14.5,,A
538002652,2020-08-20T03:39:53,36.87948,-76.32643,0.0,33.0,276.0,NAIAS,IMO9330800,V7KN8,70,5,225,32,14.0,70,A
368026000,2020-08-20T03:42:22,36.86577,-76.31604,0.0,270.5,2.0,BENAVIDEZ,IMO9218210,NBHG,70,5,289,32,10.9,70,A
367821000,2020-08-20T03:55:28,36.97285,-76.43366,0.0,0.0,511.0,YANO,IMO7825409,NAQH,70,0,276,32,13.0,70,A
357928000,2020-08-20T03:55:48,37.16874,-76.15257,11.6,172.7,173.0,ROYAL KNIGHT,IMO9552355,3FMB9,70,0,196,32,12.7,70,A
367078110,2020-08-20T03:44:35,36.93595,-76.33864,7.9,0.0,511.0,MARCELLE BORDELON,IMO9350379,WDJ2038,79,3,45,11,3.0,79,A
367078110,2020-08-20T04:00:04,36.96180,-76.33532,7.5,10.0,511.0,MARCELLE BORDELON,IMO9350379,WDJ2038,79,3,45,11,3.0,79,A
367821000,2020-08-20T03:36:58,36.97280,-76.43376,0.0,0.0,511.0,YANO,IMO7825409,NAQH,70,0,276,32,13.0,70,A
215677000,2020-08-20T03:54:05,37.23908,-76.11658,0.0,142.9,184.0,RIZE,IMO9584035,9HA2781,70,1,229,32,14.5,,A
477866300,2020-08-20T03:40:25,36.92739,-76.32987,0.0,225.8,355.0,BILBAO BRIDGE,IMO9492701,VRHY6,70,5,269,35,11.0,74,A
355919000,2020-08-20T03:40:37,37.30652,-76.10466,15.8,28.4,30.0,MSC MARIA ELENA,IMO9304423,3EGR2,70,0,336,45,15.0,71,A
538002652,2020-08-20T04:00:52,36.87952,-76.32643,0.0,206.0,276.0,NAIAS,IMO9330800,V7KN8,70,5,225,32,14.0,70,A
477196100,2020-08-20T03:48:53,37.19781,-76.13419,0.1,37.8,169.0,DARYA MA,IMO9591674,VRJH5,70,1,229,32,14.5,,A
367078110,2020-08-20T03:42:35,36.93158,-76.33851,7.7,358.0,511.0,MARCELLE BORDELON,IMO9350379,WDJ2038,79,3,45,11,3.0,79,A
368026000,2020-08-20T03:39:20,36.86575,-76.31604,0.0,270.5,2.0,BENAVIDEZ,IMO9218210,NBHG,70,5,289,32,10.9,70,A
367821000,2020-08-20T03:57:28,36.97285,-76.43366,0.0,0.0,511.0,YANO,IMO7825409,NAQH,70,0,276,32,13.0,70,A
357928000,2020-08-20T03:57:38,37.16289,-76.15167,11.7,173.0,173.0,ROYAL KNIGHT,IMO9552355,3FMB9,70,0,196,32,12.7,70,A
477866300,2020-08-20T04:01:23,36.92743,-76.32988,0.0,206.6,355.0,BILBAO BRIDGE,IMO9492701,VRHY6,70,5,269,35,11.0,74,A
305855000,2020-08-20T03:38:46,36.86431,-76.31478,0.0,261.6,226.0,BBC PEARL,IMO9504786,V2FY8,70,5,153,23,9.1,70,A
215677000,2020-08-20T03:51:05,37.23905,-76.11658,0.0,142.9,185.0,RIZE,IMO9584035,9HA2781,70,1,229,32,14.5,,A
367861000,2020-08-20T03:51:00,36.94641,-76.32983,0.0,0.0,265.0,LARAMIE,IMO8906626,NLAR,80,5,193,29,,,A
367861000,2020-08-20T03:39:00,36.94642,-76.32980,0.0,0.0,265.0,LARAMIE,IMO8906626,NLAR,80,5,193,29,,,A
367078110,2020-08-20T03:52:45,36.94852,-76.33794,4.3,7.0,511.0,MARCELLE BORDELON,IMO9350379,WDJ2038,79,3,45,11,3.0,79,A
367932000,2020-08-20T03:50:17,36.94909,-76.32971,0.0,107.0,279.0,JOHN LENTHALL,IMO8325547,NJLN,80,5,193,29,,,A
367932000,2020-08-20T03:56:17,36.94913,-76.32970,0.0,107.0,279.0,JOHN LENTHALL,IMO8325547,NJLN,80,5,193,29,,,A
367821000,2020-08-20T03:41:18,36.97284,-76.43367,0.0,0.0,511.0,YANO,IMO7825409,NAQH,70,0,276,32,13.0,70,A
211839000,2020-08-20T03:57:09,36.90656,-76.32673,0.0,353.0,353.0,CHICAGO EXPRESS,IMO9295268,DCUJ2,70,5,336,42,14.6,79,A
367821000,2020-08-20T04:01:18,36.97285,-76.43365,0.0,0.0,511.0,YANO,IMO7825409,NAQH,70,0,276,32,13.0,70,A
538006982,2020-08-20T03:47:16,36.96256,-76.42367,0.0,226.3,40.0,ANTE TOPIC,IMO9737072,V7TR4,70,5,,,,,A
367822000,2020-08-20T03:56:56,36.97308,-76.43384,0.0,0.0,238.0,USNS SHUGHART,IMO7825394,NAOQ,70,5,276,32,13.0,70,A
538006982,2020-08-20T04:02:16,36.96259,-76.42371,0.0,230.9,40.0,ANTE TOPIC,IMO9737072,V7TR4,70,5,,,,,A
367861000,2020-08-20T03:45:01,36.94638,-76.32982,0.0,0.0,265.0,LARAMIE,IMO8906626,NLAR,80,5,193,29,,,A
367078110,2020-08-20T03:48:55,36.94411,-76.33829,4.8,2.0,511.0,MARCELLE BORDELON,IMO9350379,WDJ2038,79,3,45,11,3.0,79,A
477196100,2020-08-20T03:57:55,37.19779,-76.13424,0.0,37.8,167.0,DARYA MA,IMO9591674,VRJH5,70,1,229,32,14.5,,A
357928000,2020-08-20T03:42:27,37.21071,-76.14517,11.8,198.5,198.0,ROYAL KNIGHT,IMO9552355,3FMB9,70,0,196,32,12.7,70,A
367822000,2020-08-20T03:47:56,36.97308,-76.43384,0.0,0.0,238.0,USNS SHUGHART,IMO7825394,NAOQ,70,5,276,32,13.0,70,A
366839000,2020-08-20T03:52:02,36.85349,-76.31085,0.0,0.0,39.0,CAPE RISE,IMO7530808,KAFG,70,5,197,32,10.0,,A
538002652,2020-08-20T03:57:49,36.87950,-76.32643,0.0,206.0,276.0,NAIAS,IMO9330800,V7KN8,70,5,225,32,14.0,70,A
367932000,2020-08-20T04:02:17,36.94913,-76.32967,0.0,107.0,279.0,JOHN LENTHALL,IMO8325547,NJLN,80,5,193,29,,,A
477866300,2020-08-20T03:49:24,36.92739,-76.32989,0.0,225.0,355.0,BILBAO BRIDGE,IMO9492701,VRHY6,70,5,269,35,11.0,74,A
538006982,2020-08-20T03:44:16,36.96254,-76.42367,0.0,226.3,40.0,ANTE TOPIC,IMO9737072,V7TR4,70,5,,,,,A
305855000,2020-08-20T04:02:48,36.86427,-76.31480,0.0,224.3,226.0,BBC PEARL,IMO9504786,V2FY8,70,5,153,23,9.1,70,A
368026000,2020-08-20T03:54:21,36.86573,-76.31605,0.0,270.5,2.0,BENAVIDEZ,IMO9218210,NBHG,70,5,289,32,10.9,70,A
367861000,2020-08-20T03:42:01,36.94640,-76.32986,0.0,0.0,265.0,LARAMIE,IMO8906626,NLAR,80,5,193,29,,,A
367078110,2020-08-20T04:04:45,36.97119,-76.33251,7.4,30.0,511.0,MARCELLE BORDELON,IMO9350379,WDJ2038,79,3,45,11,3.0,79,A
477196100,2020-08-20T03:45:55,37.19781,-76.13416,0.0,37.8,169.0,DARYA MA,IMO9591674,VRJH5,70,1,229,32,14.5,,A
367821000,2020-08-20T03:59:58,36.97285,-76.43366,0.0,0.0,511.0,YANO,IMO7825409,NAQH,70,0,276,32,13.0,70,A
366839000,2020-08-20T03:49:05,36.85346,-76.31080,0.0,0.0,39.0,CAPE RISE,IMO7530808,KAFG,70,5,197,32,10.0,,A
366839000,2020-08-20T03:43:04,36.85351,-76.31082,0.0,0.0,39.0,CAPE RISE,IMO7530808,KAFG,70,5,197,32,10.0,,A
215677000,2020-08-20T03:45:04,37.23912,-76.11672,0.1,147.4,181.0,RIZE,IMO9584035,9HA2781,70,1,229,32,14.5,,A
305855000,2020-08-20T04:05:46,36.86424,-76.31479,0.0,225.2,226.0,BBC PEARL,IMO9504786,V2FY8,70,5,153,23,9.1,70,A
477866300,2020-08-20T03:43:25,36.92775,-76.32988,0.0,215.6,355.0,BILBAO BRIDGE,IMO9492701,VRHY6,70,5,269,35,11.0,74,A
368026000,2020-08-20T03:45:20,36.86574,-76.31606,0.0,270.5,2.0,BENAVIDEZ,IMO9218210,NBHG,70,5,289,32,10.9,70,A
215677000,2020-08-20T03:57:06,37.23911,-76.11657,0.0,142.9,185.0,RIZE,IMO9584035,9HA2781,70,1,229,32,14.5,,A
366839000,2020-08-20T03:46:00,36.85353,-76.31081,0.0,0.0,39.0,CAPE RISE,IMO7530808,KAFG,70,5,197,32,10.0,,A
211839000,2020-08-20T04:00:11,36.90638,-76.32683,0.0,353.0,353.0,CHICAGO EXPRESS,IMO9295268,DCUJ2,70,5,336,42,14.6,79,A
477866300,2020-08-20T03:46:23,36.92737,-76.32989,0.0,214.4,355.0,BILBAO BRIDGE,IMO9492701,VRHY6,70,5,269,35,11.0,74,A
211839000,2020-08-20T03:46:25,36.90657,-76.32678,0.0,353.0,353.0,CHICAGO EXPRESS,IMO9295268,DCUJ2,70,5,336,42,14.6,79,A
477196100,2020-08-20T04:00:46,37.19777,-76.13426,0.1,37.8,166.0,DARYA MA,IMO9591674,VRJH5,70,1,229,32,14.5,,A
215677000,2020-08-20T03:48:05,37.23907,-76.11664,0.1,142.9,184.0,RIZE,IMO9584035,9HA2781,70,1,229,32,14.5,,A
368026000,2020-08-20T03:51:21,36.86573,-76.31605,0.0,270.5,2.0,BENAVIDEZ,IMO9218210,NBHG,70,5,289,32,10.9,70,A
367821000,2020-08-20T03:48:28,36.97285,-76.43366,0.0,0.0,511.0,YANO,IMO7825409,NAQH,70,0,276,32,13.0,70,A
367078110,2020-08-20T04:02:25,36.96664,-76.33430,7.5,8.0,511.0,MARCELLE BORDELON,IMO9350379,WDJ2038,79,3,45,11,3.0,79,A
211839000,2020-08-20T03:48:05,36.90657,-76.32677,0.0,353.0,353.0,CHICAGO EXPRESS,IMO9295268,DCUJ2,70,5,336,42,14.6,79,A
357928000,2020-08-20T03:50:37,37.18524,-76.15510,11.4,178.9,175.0,ROYAL KNIGHT,IMO9552355,3FMB9,70,0,196,32,12.7,70,A
367861000,2020-08-20T04:03:00,36.94642,-76.32976,0.0,0.0,265.0,LARAMIE,IMO8906626,NLAR,80,5,193,29,,,A
368026000,2020-08-20T04:06:21,36.86576,-76.31603,0.0,270.5,3.0,BENAVIDEZ,IMO9218210,NBHG,70,5,289,32,10.9,70,A
366839000,2020-08-20T04:07:09,36.85350,-76.31080,0.0,0.0,39.0,CAPE RISE,IMO7530808,KAFG,70,5,197,32,10.0,,A
305855000,2020-08-20T03:50:47,36.86426,-76.31476,0.0,235.4,226.0,BBC PEARL,IMO9504786,V2FY8,70,5,153,23,9.1,70,A
477196100,2020-08-20T04:06:50,37.19777,-76.13421,0.0,37.8,167.0,DARYA MA,IMO9591674,VRJH5,70,1,229,32,14.5,,A
367861000,2020-08-20T04:00:01,36.94638,-76.32980,0.0,0.0,265.0,LARAMIE,IMO8906626,NLAR,80,5,193,29,,,A
366839000,2020-08-20T04:04:05,36.85350,-76.31083,0.0,0.0,39.0,CAPE RISE,IMO7530808,KAFG,70,5,197,32,10.0,,A
538002652,2020-08-20T03:48:51,36.87950,-76.32643,0.0,206.0,276.0,NAIAS,IMO9330800,V7KN8,70,5,225,32,14.0,70,A
357928000,2020-08-20T03:53:57,37.17472,-76.15353,11.6,172.8,173.0,ROYAL KNIGHT,IMO9552355,3FMB9,70,0,196,32,12.7,70,A
367821000,2020-08-20T03:51:08,36.97286,-76.43366,0.0,0.0,511.0,YANO,IMO7825409,NAQH,70,0,276,32,13.0,70,A
367821000,2020-08-20T04:08:18,36.97285,-76.43365,0.0,0.0,511.0,YANO,IMO7825409,NAQH,70,0,276,32,13.0,70,A
477866300,2020-08-20T03:52:25,36.92743,-76.32989,0.0,225.1,355.0,BILBAO BRIDGE,IMO9492701,VRHY6,70,5,269,35,11.0,74,A
367822000,2020-08-20T04:08:56,36.97308,-76.43384,0.0,0.0,238.0,USNS SHUGHART,IMO7825394,NAOQ,70,5,276,32,13.0,70,A
215677000,2020-08-20T04:08:59,37.23915,-76.11658,0.1,142.9,184.0,RIZE,IMO9584035,9HA2781,70,1,229,32,14.5,,A
305855000,2020-08-20T04:08:46,36.86427,-76.31476,0.0,222.6,226.0,BBC PEARL,IMO9504786,V2FY8,70,5,153,23,9.1,70,A
538002652,2020-08-20T03:54:53,36.87950,-76.32643,0.0,206.0,276.0,NAIAS,IMO9330800,V7KN8,70,5,225,32,14.0,70,A
357928000,2020-08-20T03:52:08,37.18044,-76.15446,11.5,172.4,173.0,ROYAL KNIGHT,IMO9552355,3FMB9,70,0,196,32,12.7,70,A
357928000,2020-08-20T04:09:47,37.12529,-76.13455,12.1,153.8,155.0,ROYAL KNIGHT,IMO9552355,3FMB9,70,0,196,32,12.7,70,A
211839000,2020-08-20T04:06:13,36.90655,-76.32678,0.0,353.0,353.0,CHICAGO EXPRESS,IMO9295268,DCUJ2,70,5,336,42,14.6,79,A
367861000,2020-08-20T04:06:01,36.94636,-76.32980,0.0,0.0,265.0,LARAMIE,IMO8906626,NLAR,80,5,193,29,,,A
367821000,2020-08-20T04:02:28,36.97285,-76.43365,0.0,0.0,511.0,YANO,IMO7825409,NAQH,70,0,276,32,13.0,70,A
367822000,2020-08-20T04:02:55,36.97308,-76.43384,0.0,0.0,238.0,USNS SHUGHART,IMO7825394,NAOQ,70,5,276,32,13.0,70,A
367078110,2020-08-20T04:10:36,36.98057,-76.32289,7.4,41.0,511.0,MARCELLE BORDELON,IMO9350379,WDJ2038,79,3,45,11,3.0,79,A
477866300,2020-08-20T04:10:26,36.92740,-76.32988,0.1,218.9,355.0,BILBAO BRIDGE,IMO9492701,VRHY6,70,5,269,35,11.0,74,A
366839000,2020-08-20T04:10:07,36.85348,-76.31079,0.0,0.0,39.0,CAPE RISE,IMO7530808,KAFG,70,5,197,32,10.0,,A
211839000,2020-08-20T03:51:07,36.90658,-76.32670,0.0,353.0,353.0,CHICAGO EXPRESS,IMO9295268,DCUJ2,70,5,336,42,14.6,79,A
357928000,2020-08-20T04:10:57,37.12178,-76.13235,12.1,152.1,153.0,ROYAL KNIGHT,IMO9552355,3FMB9,70,0,196,32,12.7,70,A
305855000,2020-08-20T03:53:47,36.86425,-76.31476,0.0,235.4,226.0,BBC PEARL,IMO9504786,V2FY8,70,5,153,23,9.1,70,A
357928000,2020-08-20T04:04:48,37.13993,-76.14517,12.3,149.2,151.0,ROYAL KNIGHT,IMO9552355,3FMB9,70,0,196,32,12.7,70,A
367821000,2020-08-20T04:11:47,36.97285,-76.43365,0.0,0.0,511.0,YANO,IMO7825409,NAQH,70,0,276,32,13.0,70,A
367861000,2020-08-20T04:11:59,36.94641,-76.32979,0.0,0.0,265.0,LARAMIE,IMO8906626,NLAR,80,5,193,29,,,A
215677000,2020-08-20T04:12:02,37.23907,-76.11647,0.1,133.8,187.0,RIZE,IMO9584035,9HA2781,70,1,229,32,14.5,,A
538002652,2020-08-20T04:12:51,36.87948,-76.32642,0.0,206.0,276.0,NAIAS,IMO9330800,V7KN8,70,5,225,32,14.0,70,A
477196100,2020-08-20T04:12:50,37.19780,-76.13424,0.0,37.8,166.0,DARYA MA,IMO9591674,VRJH5,70,1,229,32,14.5,,A
477196100,2020-08-20T03:54:53,37.19778,-76.13424,0.1,37.8,167.0,DARYA MA,IMO9591674,VRJH5,70,1,229,32,14.5,,A
367861000,2020-08-20T03:57:00,36.94638,-76.32981,0.0,0.0,265.0,LARAMIE,IMO8906626,NLAR,80,5,193,29,,,A
367821000,2020-08-20T04:00:07,36.97285,-76.43366,0.0,0.0,511.0,YANO,IMO7825409,NAQH,70,0,276,32,13.0,70,A
538002652,2020-08-20T04:09:52,36.87948,-76.32642,0.0,206.0,276.0,NAIAS,IMO9330800,V7KN8,70,5,225,32,14.0,70,A
357928000,2020-08-20T04:00:08,37.15471,-76.15048,11.8,173.5,173.0,ROYAL KNIGHT,IMO9552355,3FMB9,70,0,196,32,12.7,70,A
367078110,2020-08-20T04:07:06,36.97509,-76.32876,7.6,40.0,511.0,MARCELLE BORDELON,IMO9350379,WDJ2038,79,3,45,11,3.0,79,A
367932000,2020-08-20T04:14:16,36.94919,-76.32962,0.0,107.0,279.0,JOHN LENTHALL,IMO8325547,NJLN,80,5,193,29,,,A
305855000,2020-08-20T03:56:48,36.86427,-76.31475,0.0,235.4,226.0,BBC PEARL,IMO9504786,V2FY8,70,5,153,23,9.1,70,A
367821000,2020-08-20T04:07:07,36.97285,-76.43365,0.0,0.0,511.0,YANO,IMO7825409,NAQH,70,0,276,32,13.0,70,A
357928000,2020-08-20T04:14:27,37.11142,-76.12502,12.3,150.5,152.0,ROYAL KNIGHT,IMO9552355,3FMB9,70,0,196,32,12.7,70,A
367822000,2020-08-20T04:14:56,36.97314,-76.43383,0.0,0.0,238.0,USNS SHUGHART,IMO7825394,NAOQ,70,5,276,32,13.0,70,A
538002652,2020-08-20T04:06:51,36.87950,-76.32643,0.0,206.0,276.0,NAIAS,IMO9330800,V7KN8,70,5,225,32,14.0,70,A
367078110,2020-08-20T03:57:54,36.95742,-76.33626,7.4,10.0,511.0,MARCELLE BORDELON,IMO9350379,WDJ2038,79,3,45,11,3.0,79,A
368026000,2020-08-20T03:57:21,36.86576,-76.31604,0.0,270.5,2.0,BENAVIDEZ,IMO9218210,NBHG,70,5,289,32,10.9,70,A
367078110,2020-08-20T04:01:14,36.96420,-76.33482,7.5,10.0,511.0,MARCELLE BORDELON,IMO9350379,WDJ2038,79,3,45,11,3.0,79,A
367932000,2020-08-20T04:08:16,36.94915,-76.32972,0.0,107.0,279.0,JOHN LENTHALL,IMO8325547,NJLN,80,5,193,29,,,A
367932000,2020-08-20T03:59:17,36.94917,-76.32965,0.0,107.0,279.0,JOHN LENTHALL,IMO8325547,NJLN,80,5,193,29,,,A
477196100,2020-08-20T04:15:50,37.19779,-76.13427,0.0,37.8,166.0,DARYA MA,IMO9591674,VRJH5,70,1,229,32,14.5,,A
367078110,2020-08-20T04:09:25,36.97881,-76.32491,7.4,41.0,511.0,MARCELLE BORDELON,IMO9350379,WDJ2038,79,3,45,11,3.0,79,A
211839000,2020-08-20T04:15:17,36.90660,-76.32688,0.0,353.0,353.0,CHICAGO EXPRESS,IMO9295268,DCUJ2,70,5,336,42,14.6,79,A
357928000,2020-08-20T04:15:38,37.10787,-76.12251,12.4,150.4,152.0,ROYAL KNIGHT,IMO9552355,3FMB9,70,0,196,32,12.7,70,A
368026000,2020-08-20T04:00:21,36.86576,-76.31605,0.0,270.5,2.0,BENAVIDEZ,IMO9218210,NBHG,70,5,289,32,10.9,70,A
368026000,2020-08-20T04:03:20,36.86577,-76.31606,0.0,270.5,2.0,BENAVIDEZ,IMO9218210,NBHG,70,5,289,32,10.9,70,A
357928000,2020-08-20T04:01:18,37.15096,-76.14990,11.9,173.0,173.0,ROYAL KNIGHT,IMO9552355,3FMB9,70,0,196,32,12.7,70,A
367821000,2020-08-20T04:03:37,36.97285,-76.43365,0.0,0.0,511.0,YANO,IMO7825409,NAQH,70,0,276,32,13.0,70,A
367078110,2020-08-20T04:03:35,36.96904,-76.33375,7.5,17.0,511.0,MARCELLE BORDELON,IMO9350379,WDJ2038,79,3,45,11,3.0,79,A
538002652,2020-08-20T04:03:51,36.87952,-76.32640,0.0,206.0,276.0,NAIAS,IMO9330800,V7KN8,70,5,225,32,14.0,70,A
367861000,2020-08-20T04:18:01,36.94642,-76.32981,0.0,0.0,265.0,LARAMIE,IMO8906626,NLAR,80,5,193,29,,,A
367822000,2020-08-20T04:17:55,36.97314,-76.43384,0.0,0.0,238.0,USNS SHUGHART,IMO7825394,NAOQ,70,5,276,32,13.0,70,A
366839000,2020-08-20T04:01:08,36.85352,-76.31082,0.0,0.0,39.0,CAPE RISE,IMO7530808,KAFG,70,5,197,32,10.0,,A
366839000,2020-08-20T04:19:00,36.85352,-76.31083,0.0,0.0,39.0,CAPE RISE,IMO7530808,KAFG,70,5,197,32,10.0,,A
538002652,2020-08-20T04:15:49,36.87950,-76.32642,0.0,206.0,276.0,NAIAS,IMO9330800,V7KN8,70,5,225,32,14.0,70,A
305855000,2020-08-20T04:17:47,36.86427,-76.31480,0.0,219.2,226.0,BBC PEARL,IMO9504786,V2FY8,70,5,153,23,9.1,70,A
367821000,2020-08-20T04:13:17,36.97285,-76.43365,0.0,0.0,511.0,YANO,IMO7825409,NAQH,70,0,276,32,13.0,70,A
357928000,2020-08-20T04:02:27,37.14712,-76.14921,12.0,169.4,164.0,ROYAL KNIGHT,IMO9552355,3FMB9,70,0,196,32,12.7,70,A
538006982,2020-08-20T04:05:16,36.96256,-76.42366,0.0,226.1,40.0,ANTE TOPIC,IMO9737072,V7TR4,70,5,,,,,A
367822000,2020-08-20T04:05:56,36.97308,-76.43384,0.0,0.0,238.0,USNS SHUGHART,IMO7825394,NAOQ,70,5,276,32,13.0,70,A
357928000,2020-08-20T04:05:57,37.13665,-76.14258,12.3,147.2,151.0,ROYAL KNIGHT,IMO9552355,3FMB9,70,0,196,32,12.7,70,A
357928000,2020-08-20T04:07:07,37.13321,-76.13991,12.3,147.8,151.0,ROYAL KNIGHT,IMO9552355,3FMB9,70,0,196,32,12.7,70,A
367821000,2020-08-20T04:19:38,36.97287,-76.43365,0.0,0.0,511.0,YANO,IMO7825409,NAQH,70,0,276,32,13.0,70,A
357928000,2020-08-20T04:03:39,37.14340,-76.14754,12.1,155.8,155.0,ROYAL KNIGHT,IMO9552355,3FMB9,70,0,196,32,12.7,70,A
538006982,2020-08-20T04:20:16,36.96254,-76.42363,0.0,161.1,40.0,ANTE TOPIC,IMO9737072,V7TR4,70,5,,,,,A
477196100,2020-08-20T04:03:47,37.19776,-76.13423,0.1,37.8,167.0,DARYA MA,IMO9591674,VRJH5,70,1,229,32,14.5,,A
367078110,2020-08-20T04:05:55,36.97319,-76.33074,7.5,38.0,511.0,MARCELLE BORDELON,IMO9350379,WDJ2038,79,3,45,11,3.0,79,A
367861000,2020-08-20T04:21:00,36.94639,-76.32979,0.0,0.0,265.0,LARAMIE,IMO8906626,NLAR,80,5,193,29,,,A
215677000,2020-08-20T04:05:59,37.23919,-76.11662,0.1,142.9,183.0,RIZE,IMO9584035,9HA2781,70,1,229,32,14.5,,A
367821000,2020-08-20T04:18:18,36.97287,-76.43364,0.0,0.0,511.0,YANO,IMO7825409,NAQH,70,0,276,32,13.0,70,A
368026000,2020-08-20T04:15:22,36.86576,-76.31606,0.0,270.5,3.0,BENAVIDEZ,IMO9218210,NBHG,70,5,289,32,10.9,70,A
538006982,2020-08-20T04:08:16,36.96257,-76.42370,0.1,221.9,40.0,ANTE TOPIC,IMO9737072,V7TR4,70,5,,,,,A
367821000,2020-08-20T04:15:38,36.97285,-76.43364,0.0,0.0,511.0,YANO,IMO7825409,NAQH,70,0,276,32,13.0,70,A
367821000,2020-08-20T04:04:47,36.97285,-76.43365,0.0,0.0,511.0,YANO,IMO7825409,NAQH,70,0,276,32,13.0,70,A
367078110,2020-08-20T04:15:25,36.98772,-76.31421,7.4,49.0,511.0,MARCELLE BORDELON,IMO9350379,WDJ2038,79,3,45,11,3.0,79,A
367861000,2020-08-20T04:09:00,36.94642,-76.32982,0.0,0.0,265.0,LARAMIE,IMO8906626,NLAR,80,5,193,29,,,A
367078110,2020-08-20T04:21:25,36.99380,-76.30124,7.3,61.0,511.0,MARCELLE BORDELON,IMO9350379,WDJ2038,79,3,45,11,3.0,79,A
367821000,2020-08-20T04:05:57,36.97285,-76.43365,0.0,0.0,511.0,YANO,IMO7825409,NAQH,70,0,276,32,13.0,70,A
367932000,2020-08-20T04:05:16,36.94915,-76.32968,0.0,107.0,279.0,JOHN LENTHALL,IMO8325547,NJLN,80,5,193,29,,,A
367078110,2020-08-20T04:16:36,36.98909,-76.31176,7.3,56.0,511.0,MARCELLE BORDELON,IMO9350379,WDJ2038,79,3,45,11,3.0,79,A
367078110,2020-08-20T04:24:25,36.99629,-76.29448,7.0,66.0,511.0,MARCELLE BORDELON,IMO9350379,WDJ2038,79,3,45,11,3.0,79,A
367078110,2020-08-20T04:22:35,36.99480,-76.29860,7.2,65.0,511.0,MARCELLE BORDELON,IMO9350379,WDJ2038,79,3,45,11,3.0,79,A
357928000,2020-08-20T04:08:17,37.12985,-76.13740,12.2,151.6,155.0,ROYAL KNIGHT,IMO9552355,3FMB9,70,0,196,32,12.7,70,A
211839000,2020-08-20T04:18:17,36.90644,-76.32676,0.0,353.0,353.0,CHICAGO EXPRESS,IMO9295268,DCUJ2,70,5,336,42,14.6,79,A
477866300,2020-08-20T04:07:24,36.92742,-76.32990,0.1,213.1,355.0,BILBAO BRIDGE,IMO9492701,VRHY6,70,5,269,35,11.0,74,A
538006982,2020-08-20T04:23:16,36.96256,-76.42366,0.0,218.3,40.0,ANTE TOPIC,IMO9737072,V7TR4,70,5,,,,,A
215677000,2020-08-20T04:24:04,37.23890,-76.11620,0.0,125.9,195.0,RIZE,IMO9584035,9HA2781,70,1,229,32,14.5,,A
477866300,2020-08-20T04:19:22,36.92737,-76.32989,0.0,159.7,355.0,BILBAO BRIDGE,IMO9492701,VRHY6,70,5,269,35,11.0,74,A
368026000,2020-08-20T04:09:20,36.86576,-76.31605,0.0,270.5,3.0,BENAVIDEZ,IMO9218210,NBHG,70,5,289,32,10.9,70,A
368026000,2020-08-20T04:24:21,36.86576,-76.31603,0.0,270.5,3.0,BENAVIDEZ,IMO9218210,NBHG,70,5,289,32,10.9,70,A
477196100,2020-08-20T04:09:49,37.19776,-76.13421,0.1,37.8,167.0,DARYA MA,IMO9591674,VRJH5,70,1,229,32,14.5,,A
367078110,2020-08-20T04:20:04,36.99258,-76.30433,7.4,63.0,511.0,MARCELLE BORDELON,IMO9350379,WDJ2038,79,3,45,11,3.0,79,A
211839000,2020-08-20T04:21:22,36.90623,-76.32685,0.0,353.0,353.0,CHICAGO EXPRESS,IMO9295268,DCUJ2,70,5,336,42,14.6,79,A
305855000,2020-08-20T04:20:48,36.86427,-76.31479,0.0,219.5,226.0,BBC PEARL,IMO9504786,V2FY8,70,5,153,23,9.1,70,A
305855000,2020-08-20T04:11:47,36.86429,-76.31477,0.0,220.5,226.0,BBC PEARL,IMO9504786,V2FY8,70,5,153,23,9.1,70,A
538002652,2020-08-20T04:24:50,36.87950,-76.32642,0.0,206.0,276.0,NAIAS,IMO9330800,V7KN8,70,5,225,32,14.0,70,A
367821000,2020-08-20T04:09:27,36.97285,-76.43365,0.0,0.0,511.0,YANO,IMO7825409,NAQH,70,0,276,32,13.0,70,A
211839000,2020-08-20T04:09:16,36.90653,-76.32676,0.0,353.0,353.0,CHICAGO EXPRESS,IMO9295268,DCUJ2,70,5,336,42,14.6,79,A
477196100,2020-08-20T04:21:51,37.19778,-76.13432,0.0,37.8,165.0,DARYA MA,IMO9591674,VRJH5,70,1,229,32,14.5,,A
477866300,2020-08-20T04:22:23,36.92742,-76.32990,0.0,219.4,355.0,BILBAO BRIDGE,IMO9492701,VRHY6,70,5,269,35,11.0,74,A
367078110,2020-08-20T04:13:05,36.98431,-76.31853,7.5,43.0,511.0,MARCELLE BORDELON,IMO9350379,WDJ2038,79,3,45,11,3.0,79,A
367821000,2020-08-20T04:10:38,36.97285,-76.43365,0.0,0.0,511.0,YANO,IMO7825409,NAQH,70,0,276,32,13.0,70,A
367932000,2020-08-20T04:23:17,36.94919,-76.32968,0.0,107.0,279.0,JOHN LENTHALL,IMO8325547,NJLN,80,5,193,29,,,A
538006982,2020-08-20T04:26:16,36.96255,-76.42364,0.0,217.9,40.0,ANTE TOPIC,IMO9737072,V7TR4,70,5,,,,,A
368026000,2020-08-20T04:27:21,36.86573,-76.31601,0.0,270.5,3.0,BENAVIDEZ,IMO9218210,NBHG,70,5,289,32,10.9,70,A
367861000,2020-08-20T04:27:01,36.94639,-76.32984,0.0,0.0,265.0,LARAMIE,IMO8906626,NLAR,80,5,193,29,,,A
367932000,2020-08-20T04:26:17,36.94920,-76.32971,0.0,107.0,279.0,JOHN LENTHALL,IMO8325547,NJLN,80,5,193,29,,,A
367078110,2020-08-20T04:27:25,36.99865,-76.28760,7.3,71.0,511.0,MARCELLE BORDELON,IMO9350379,WDJ2038,79,3,45,11,3.0,79,A
215677000,2020-08-20T04:27:05,37.23888,-76.11615,0.0,125.9,196.0,RIZE,IMO9584035,9HA2781,70,1,229,32,14.5,,A
477866300,2020-08-20T04:28:24,36.92742,-76.32990,0.0,308.6,355.0,BILBAO BRIDGE,IMO9492701,VRHY6,70,5,269,35,11.0,74,A
538006982,2020-08-20T04:11:16,36.96257,-76.42369,0.0,221.1,40.0,ANTE TOPIC,IMO9737072,V7TR4,70,5,,,,,A
211839000,2020-08-20T04:24:21,36.90655,-76.32670,0.0,353.0,353.0,CHICAGO EXPRESS,IMO9295268,DCUJ2,70,5,336,42,14.6,79,A
367822000,2020-08-20T04:23:56,36.97312,-76.43384,0.0,0.0,238.0,USNS SHUGHART,IMO7825394,NAOQ,70,5,276,32,13.0,70,A
367078110,2020-08-20T04:11:44,36.98230,-76.32090,7.4,44.0,511.0,MARCELLE BORDELON,IMO9350379,WDJ2038,79,3,45,11,3.0,79,A
477866300,2020-08-20T04:13:26,36.92742,-76.32989,0.0,224.9,355.0,BILBAO BRIDGE,IMO9492701,VRHY6,70,5,269,35,11.0,74,A
538006982,2020-08-20T04:14:16,36.96257,-76.42364,0.0,222.5,40.0,ANTE TOPIC,IMO9737072,V7TR4,70,5,,,,,A
367822000,2020-08-20T04:11:55,36.97316,-76.43387,0.0,0.0,238.0,USNS SHUGHART,IMO7825394,NAOQ,70,5,276,32,13.0,70,A
357928000,2020-08-20T04:12:07,37.11834,-76.12994,12.2,150.4,152.0,ROYAL KNIGHT,IMO9552355,3FMB9,70,0,196,32,12.7,70,A
366839000,2020-08-20T04:25:00,36.85350,-76.31080,0.0,0.0,39.0,CAPE RISE,IMO7530808,KAFG,70,5,197,32,10.0,,A
366839000,2020-08-20T04:13:00,36.85348,-76.31078,0.0,0.0,39.0,CAPE RISE,IMO7530808,KAFG,70,5,197,32,10.0,,A
367078110,2020-08-20T04:26:14,36.99771,-76.29039,7.2,67.0,511.0,MARCELLE BORDELON,IMO9350379,WDJ2038,79,3,45,11,3.0,79,A
367861000,2020-08-20T04:15:00,36.94641,-76.32980,0.0,0.0,265.0,LARAMIE,IMO8906626,NLAR,80,5,193,29,,,A
367078110,2020-08-20T04:14:15,36.98607,-76.31640,7.4,45.0,511.0,MARCELLE BORDELON,IMO9350379,WDJ2038,79,3,45,11,3.0,79,A
367821000,2020-08-20T04:24:38,36.97287,-76.43364,0.0,0.0,511.0,YANO,IMO7825409,NAQH,70,0,276,32,13.0,70,A
367078110,2020-08-20T04:32:25,37.00174,-76.27561,7.2,76.0,511.0,MARCELLE BORDELON,IMO9350379,WDJ2038,79,3,45,11,3.0,79,A
538002652,2020-08-20T04:33:53,36.87945,-76.32643,0.0,226.0,276.0,NAIAS,IMO9330800,V7KN8,70,5,225,32,14.0,70,A
367861000,2020-08-20T04:33:01,36.94642,-76.32986,0.0,0.0,265.0,LARAMIE,IMO8906626,NLAR,80,5,193,29,,,A
357928000,2020-08-20T04:16:57,37.10390,-76.11969,12.5,150.5,153.0,ROYAL KNIGHT,IMO9552355,3FMB9,70,0,196,32,12.7,70,A
367822000,2020-08-20T04:32:55,36.97311,-76.43384,0.0,0.0,238.0,USNS SHUGHART,IMO7825394,NAOQ,70,5,276,32,13.0,70,A
366839000,2020-08-20T04:16:07,36.85353,-76.31080,0.0,0.0,39.0,CAPE RISE,IMO7530808,KAFG,70,5,197,32,10.0,,A
367821000,2020-08-20T04:31:28,36.97287,-76.43366,0.0,0.0,511.0,YANO,IMO7825409,NAQH,70,0,276,32,13.0,70,A
367821000,2020-08-20T04:14:28,36.97285,-76.43365,0.0,0.0,511.0,YANO,IMO7825409,NAQH,70,0,276,32,13.0,70,A
215677000,2020-08-20T04:15:05,37.23901,-76.11636,0.1,125.9,190.0,RIZE,IMO9584035,9HA2781,70,1,229,32,14.5,,A
367822000,2020-08-20T04:26:55,36.97312,-76.43384,0.0,0.0,238.0,USNS SHUGHART,IMO7825394,NAOQ,70,5,276,32,13.0,70,A
477866300,2020-08-20T04:16:22,36.92739,-76.32989,0.0,224.9,355.0,BILBAO BRIDGE,IMO9492701,VRHY6,70,5,269,35,11.0,74,A
477196100,2020-08-20T04:27:53,37.19781,-76.13437,0.0,37.8,163.0,DARYA MA,IMO9591674,VRJH5,70,1,229,32,14.5,,A
367821000,2020-08-20T04:17:07,36.97288,-76.43361,0.0,0.0,511.0,YANO,IMO7825409,NAQH,70,0,276,32,13.0,70,A
357928000,2020-08-20T04:33:28,37.05365,-76.08160,13.3,144.2,143.0,ROYAL KNIGHT,IMO9552355,3FMB9,70,0,196,32,12.7,70,A
538006982,2020-08-20T04:17:16,36.96257,-76.42365,0.0,160.8,40.0,ANTE TOPIC,IMO9737072,V7TR4,70,5,,,,,A
368026000,2020-08-20T04:18:20,36.86578,-76.31606,0.0,270.5,3.0,BENAVIDEZ,IMO9218210,NBHG,70,5,289,32,10.9,70,A
357928000,2020-08-20T04:30:07,37.06347,-76.09087,13.1,142.7,142.0,ROYAL KNIGHT,IMO9552355,3FMB9,70,0,196,32,12.7,70,A
215677000,2020-08-20T04:33:06,37.23886,-76.11602,0.1,125.9,200.0,RIZE,IMO9584035,9HA2781,70,1,229,32,14.5,,A
367078110,2020-08-20T04:36:36,37.00384,-76.26525,7.4,77.0,511.0,MARCELLE BORDELON,IMO9350379,WDJ2038,79,3,45,11,3.0,79,A
211839000,2020-08-20T04:36:28,36.90658,-76.32680,0.0,353.0,353.0,CHICAGO EXPRESS,IMO9295268,DCUJ2,70,5,336,42,14.6,79,A
367821000,2020-08-20T04:28:58,36.97287,-76.43365,0.0,0.0,511.0,YANO,IMO7825409,NAQH,70,0,276,32,13.0,70,A
357928000,2020-08-20T04:36:37,37.04443,-76.07305,13.2,142.3,144.0,ROYAL KNIGHT,IMO9552355,3FMB9,70,0,196,32,12.7,70,A
367821000,2020-08-20T04:33:38,36.97287,-76.43365,0.0,0.0,511.0,YANO,IMO7825409,NAQH,70,0,276,32,13.0,70,A
215677000,2020-08-20T04:18:02,37.23897,-76.11626,0.1,125.9,193.0,RIZE,IMO9584035,9HA2781,70,1,229,32,14.5,,A
367078110,2020-08-20T04:17:46,36.99036,-76.30938,7.0,59.0,511.0,MARCELLE BORDELON,IMO9350379,WDJ2038,79,3,45,11,3.0,79,A
211839000,2020-08-20T04:30:24,36.90658,-76.32673,0.0,353.0,353.0,CHICAGO EXPRESS,IMO9295268,DCUJ2,70,5,336,42,14.6,79,A
305855000,2020-08-20T04:35:46,36.86427,-76.31477,0.0,232.6,226.0,BBC PEARL,IMO9504786,V2FY8,70,5,153,23,9.1,70,A
538002652,2020-08-20T04:18:51,36.87950,-76.32642,0.0,206.0,276.0,NAIAS,IMO9330800,V7KN8,70,5,225,32,14.0,70,A
367078110,2020-08-20T04:30:45,37.00077,-76.27961,7.3,72.0,511.0,MARCELLE BORDELON,IMO9350379,WDJ2038,79,3,45,11,3.0,79,A
357928000,2020-08-20T04:18:07,37.10043,-76.11722,12.6,150.5,152.0,ROYAL KNIGHT,IMO9552355,3FMB9,70,0,196,32,12.7,70,A
357928000,2020-08-20T04:19:18,37.09678,-76.11463,12.6,150.4,152.0,ROYAL KNIGHT,IMO9552355,3FMB9,70,0,196,32,12.7,70,A
357928000,2020-08-20T04:38:08,37.03998,-76.06902,13.1,147.1,150.0,ROYAL KNIGHT,IMO9552355,3FMB9,70,0,196,32,12.7,70,A
367821000,2020-08-20T04:27:47,36.97287,-76.43365,0.0,0.0,511.0,YANO,IMO7825409,NAQH,70,0,276,32,13.0,70,A
357928000,2020-08-20T04:22:07,37.08814,-76.10858,12.7,151.6,152.0,ROYAL KNIGHT,IMO9552355,3FMB9,70,0,196,32,12.7,70,A
538002652,2020-08-20T04:27:51,36.87950,-76.32643,0.0,206.0,276.0,NAIAS,IMO9330800,V7KN8,70,5,225,32,14.0,70,A
367822000,2020-08-20T04:35:56,36.97311,-76.43384,0.0,0.0,238.0,USNS SHUGHART,IMO7825394,NAOQ,70,5,276,32,13.0,70,A
538006982,2020-08-20T04:29:16,36.96257,-76.42368,0.1,256.7,40.0,ANTE TOPIC,IMO9737072,V7TR4,70,5,,,,,A
305855000,2020-08-20T04:29:46,36.86427,-76.31475,0.0,216.2,226.0,BBC PEARL,IMO9504786,V2FY8,70,5,153,23,9.1,70,A
367821000,2020-08-20T04:30:18,36.97287,-76.43366,0.0,0.0,511.0,YANO,IMO7825409,NAQH,70,0,276,32,13.0,70,A
368026000,2020-08-20T04:36:21,36.86577,-76.31606,0.0,270.5,3.0,BENAVIDEZ,IMO9218210,NBHG,70,5,289,32,10.9,70,A
368026000,2020-08-20T04:30:21,36.86575,-76.31604,0.0,270.5,3.0,BENAVIDEZ,IMO9218210,NBHG,70,5,289,32,10.9,70,A
357928000,2020-08-20T04:23:39,37.08344,-76.10539,12.7,151.4,151.0,ROYAL KNIGHT,IMO9552355,3FMB9,70,0,196,32,12.7,70,A
367861000,2020-08-20T04:30:00,36.94649,-76.32982,0.0,0.0,265.0,LARAMIE,IMO8906626,NLAR,80,5,193,29,,,A
357928000,2020-08-20T04:31:48,37.05863,-76.08619,13.3,142.5,143.0,ROYAL KNIGHT,IMO9552355,3FMB9,70,0,196,32,12.7,70,A
215677000,2020-08-20T04:39:08,37.23877,-76.11594,0.1,125.9,203.0,RIZE,IMO9584035,9HA2781,70,1,229,32,14.5,,A
538002652,2020-08-20T04:30:51,36.87945,-76.32640,0.0,206.0,276.0,NAIAS,IMO9330800,V7KN8,70,5,225,32,14.0,70,A
357928000,2020-08-20T04:20:28,37.09325,-76.11214,12.6,150.6,152.0,ROYAL KNIGHT,IMO9552355,3FMB9,70,0,196,32,12.7,70,A
367078110,2020-08-20T04:39:04,37.00402,-76.25905,7.2,90.0,511.0,MARCELLE BORDELON,IMO9350379,WDJ2038,79,3,45,11,3.0,79,A
367821000,2020-08-20T04:23:28,36.97287,-76.43364,0.0,0.0,511.0,YANO,IMO7825409,NAQH,70,0,276,32,13.0,70,A
367822000,2020-08-20T04:20:55,36.97313,-76.43385,0.0,0.0,238.0,USNS SHUGHART,IMO7825394,NAOQ,70,5,276,32,13.0,70,A
538006982,2020-08-20T04:32:16,36.96257,-76.42368,0.0,247.9,40.0,ANTE TOPIC,IMO9737072,V7TR4,70,5,,,,,A
305855000,2020-08-20T04:32:47,36.86428,-76.31475,0.0,216.2,226.0,BBC PEARL,IMO9504786,V2FY8,70,5,153,23,9.1,70,A
215677000,2020-08-20T04:21:06,37.23892,-76.11621,0.0,125.9,194.0,RIZE,IMO9584035,9HA2781,70,1,229,32,14.5,,A
367822000,2020-08-20T04:38:56,36.97310,-76.43384,0.0,0.0,238.0,USNS SHUGHART,IMO7825394,NAOQ,70,5,276,32,13.0,70,A
538002652,2020-08-20T04:39:52,36.87945,-76.32638,0.0,151.0,276.0,NAIAS,IMO9330800,V7KN8,70,5,225,32,14.0,70,A
215677000,2020-08-20T04:36:05,37.23882,-76.11596,0.1,125.9,201.0,RIZE,IMO9584035,9HA2781,70,1,229,32,14.5,,A
367932000,2020-08-20T04:41:18,36.94917,-76.32967,0.0,107.0,279.0,JOHN LENTHALL,IMO8325547,NJLN,80,5,193,29,,,A
538006982,2020-08-20T04:41:16,36.96257,-76.42362,0.0,247.9,40.0,ANTE TOPIC,IMO9737072,V7TR4,70,5,,,,,A
367821000,2020-08-20T04:22:18,36.97287,-76.43365,0.0,0.0,511.0,YANO,IMO7825409,NAQH,70,0,276,32,13.0,70,A
538002652,2020-08-20T04:21:53,36.87950,-76.32642,0.0,206.0,276.0,NAIAS,IMO9330800,V7KN8,70,5,225,32,14.0,70,A
357928000,2020-08-20T04:35:27,37.04785,-76.07631,13.1,142.7,143.0,ROYAL KNIGHT,IMO9552355,3FMB9,70,0,196,32,12.7,70,A
366839000,2020-08-20T04:40:05,36.85352,-76.31083,0.0,0.0,39.0,CAPE RISE,IMO7530808,KAFG,70,5,197,32,10.0,,A
367821000,2020-08-20T04:42:48,36.97286,-76.43366,0.0,0.0,511.0,YANO,IMO7825409,NAQH,70,0,276,32,13.0,70,A
367078110,2020-08-20T04:37:45,37.00400,-76.26236,7.2,90.0,511.0,MARCELLE BORDELON,IMO9350379,WDJ2038,79,3,45,11,3.0,79,A
368026000,2020-08-20T04:42:21,36.86574,-76.31603,0.0,270.5,2.0,BENAVIDEZ,IMO9218210,NBHG,70,5,289,32,10.9,70,A
305855000,2020-08-20T04:23:49,36.86427,-76.31478,0.0,218.7,226.0,BBC PEARL,IMO9504786,V2FY8,70,5,153,23,9.1,70,A
367861000,2020-08-20T04:39:00,36.94633,-76.32985,0.0,0.0,265.0,LARAMIE,IMO8906626,NLAR,80,5,193,29,,,A
367861000,2020-08-20T04:24:00,36.94643,-76.32979,0.0,0.0,265.0,LARAMIE,IMO8906626,NLAR,80,5,193,29,,,A
477196100,2020-08-20T04:24:51,37.19776,-76.13433,0.1,37.8,164.0,DARYA MA,IMO9591674,VRJH5,70,1,229,32,14.5,,A
366839000,2020-08-20T04:43:05,36.85353,-76.31084,0.0,0.0,39.0,CAPE RISE,IMO7530808,KAFG,70,5,197,32,10.0,,A
368026000,2020-08-20T04:39:21,36.86575,-76.31602,0.0,270.5,2.0,BENAVIDEZ,IMO9218210,NBHG,70,5,289,32,10.9,70,A
211839000,2020-08-20T04:42:30,36.90650,-76.32673,0.0,353.0,353.0,CHICAGO EXPRESS,IMO9295268,DCUJ2,70,5,336,42,14.6,79,A
477866300,2020-08-20T04:25:23,36.92742,-76.32989,0.1,218.0,355.0,BILBAO BRIDGE,IMO9492701,VRHY6,70,5,269,35,11.0,74,A
357928000,2020-08-20T04:28:38,37.06800,-76.09452,12.9,151.1,151.0,ROYAL KNIGHT,IMO9552355,3FMB9,70,0,196,32,12.7,70,A
538002652,2020-08-20T04:42:53,36.87945,-76.32642,0.0,311.0,276.0,NAIAS,IMO9330800,V7KN8,70,5,225,32,14.0,70,A
357928000,2020-08-20T04:25:57,37.07630,-76.10036,12.8,150.6,151.0,ROYAL KNIGHT,IMO9552355,3FMB9,70,0,196,32,12.7,70,A
477866300,2020-08-20T04:37:23,36.92741,-76.32988,0.0,321.8,355.0,BILBAO BRIDGE,IMO9492701,VRHY6,70,5,269,35,11.0,74,A
477866300,2020-08-20T04:43:22,36.92743,-76.32991,0.0,300.0,355.0,BILBAO BRIDGE,IMO9492701,VRHY6,70,5,269,35,11.0,74,A
477196100,2020-08-20T04:39:52,37.19777,-76.13449,0.1,37.8,160.0,DARYA MA,IMO9591674,VRJH5,70,1,229,32,14.5,,A
538006982,2020-08-20T04:38:16,36.96256,-76.42366,0.0,247.9,40.0,ANTE TOPIC,IMO9737072,V7TR4,70,5,,,,,A
357928000,2020-08-20T04:27:28,37.07160,-76.09702,12.8,150.4,151.0,ROYAL KNIGHT,IMO9552355,3FMB9,70,0,196,32,12.7,70,A
211839000,2020-08-20T04:27:24,36.90655,-76.32677,0.0,353.0,353.0,CHICAGO EXPRESS,IMO9295268,DCUJ2,70,5,336,42,14.6,79,A
367078110,2020-08-20T04:29:36,37.00003,-76.28235,7.3,71.0,511.0,MARCELLE BORDELON,IMO9350379,WDJ2038,79,3,45,11,3.0,79,A
367078110,2020-08-20T04:28:35,36.99939,-76.28480,7.2,72.0,511.0,MARCELLE BORDELON,IMO9350379,WDJ2038,79,3,45,11,3.0,79,A
367821000,2020-08-20T04:40:37,36.97286,-76.43366,0.0,0.0,511.0,YANO,IMO7825409,NAQH,70,0,276,32,13.0,70,A
367932000,2020-08-20T04:29:17,36.94920,-76.32968,0.0,107.0,279.0,JOHN LENTHALL,IMO8325547,NJLN,80,5,193,29,,,A
367078110,2020-08-20T04:49:24,37.00139,-76.23419,6.8,104.0,511.0,MARCELLE BORDELON,IMO9350379,WDJ2038,79,3,45,11,3.0,79,A
477866300,2020-08-20T04:40:24,36.92742,-76.32988,0.0,300.0,355.0,BILBAO BRIDGE,IMO9492701,VRHY6,70,5,269,35,11.0,74,A
477196100,2020-08-20T04:30:46,37.19781,-76.13443,0.1,37.8,162.0,DARYA MA,IMO9591674,VRJH5,70,1,229,32,14.5,,A
367822000,2020-08-20T04:29:55,36.97311,-76.43384,0.0,0.0,238.0,USNS SHUGHART,IMO7825394,NAOQ,70,5,276,32,13.0,70,A
367932000,2020-08-20T04:47:17,36.94917,-76.32963,0.0,107.0,279.0,JOHN LENTHALL,IMO8325547,NJLN,80,5,193,29,,,A
215677000,2020-08-20T04:30:02,37.23887,-76.11608,0.0,125.9,198.0,RIZE,IMO9584035,9HA2781,70,1,229,32,14.5,,A
367078110,2020-08-20T04:40:15,37.00402,-76.25610,7.2,90.0,511.0,MARCELLE BORDELON,IMO9350379,WDJ2038,79,3,45,11,3.0,79,A
366839000,2020-08-20T04:49:00,36.85351,-76.31082,0.0,0.0,39.0,CAPE RISE,IMO7530808,KAFG,70,5,197,32,10.0,,A
368026000,2020-08-20T04:33:21,36.86576,-76.31605,0.0,270.5,3.0,BENAVIDEZ,IMO9218210,NBHG,70,5,289,32,10.9,70,A
367861000,2020-08-20T04:48:00,36.94637,-76.32979,0.0,0.0,265.0,LARAMIE,IMO8906626,NLAR,80,5,193,29,,,A
367932000,2020-08-20T04:32:16,36.94918,-76.32963,0.0,107.0,279.0,JOHN LENTHALL,IMO8325547,NJLN,80,5,193,29,,,A
215677000,2020-08-20T04:42:05,37.23868,-76.11594,0.1,181.2,205.0,RIZE,IMO9584035,9HA2781,70,1,229,32,14.5,,A
367822000,2020-08-20T04:41:55,36.97310,-76.43384,0.0,0.0,238.0,USNS SHUGHART,IMO7825394,NAOQ,70,5,276,32,13.0,70,A
367821000,2020-08-20T04:32:37,36.97287,-76.43365,0.0,0.0,511.0,YANO,IMO7825409,NAQH,70,0,276,32,13.0,70,A
215677000,2020-08-20T04:51:09,37.23854,-76.11584,0.1,181.2,210.0,RIZE,IMO9584035,9HA2781,70,1,229,32,14.5,,A
477196100,2020-08-20T04:33:54,37.19783,-76.13448,0.0,37.8,161.0,DARYA MA,IMO9591674,VRJH5,70,1,229,32,14.5,,A
538006982,2020-08-20T04:50:16,36.96258,-76.42368,0.0,246.1,40.0,ANTE TOPIC,IMO9737072,V7TR4,70,5,,,,,A
211839000,2020-08-20T04:33:24,36.90666,-76.32668,0.0,353.0,353.0,CHICAGO EXPRESS,IMO9295268,DCUJ2,70,5,336,42,14.6,79,A
367821000,2020-08-20T04:51:47,36.97285,-76.43366,0.0,0.0,511.0,YANO,IMO7825409,NAQH,70,0,276,32,13.0,70,A
367078110,2020-08-20T04:53:24,36.99916,-76.22495,7.0,108.0,511.0,MARCELLE BORDELON,IMO9350379,WDJ2038,79,3,45,11,3.0,79,A
368026000,2020-08-20T04:51:21,36.86576,-76.31600,0.0,270.5,2.0,BENAVIDEZ,IMO9218210,NBHG,70,5,289,32,10.9,70,A
366839000,2020-08-20T04:52:00,36.85349,-76.31083,0.0,0.0,39.0,CAPE RISE,IMO7530808,KAFG,70,5,197,32,10.0,,A
240626000,2020-08-20T04:52:04,37.05643,-76.08438,13.5,320.0,321.0,ARIS T,IMO9343895,SVHY,70,0,229,36,14.7,70,A
367078110,2020-08-20T04:44:45,37.00327,-76.24477,7.1,95.0,511.0,MARCELLE BORDELON,IMO9350379,WDJ2038,79,3,45,11,3.0,79,A
367078110,2020-08-20T04:35:04,37.00309,-76.26905,7.2,78.0,511.0,MARCELLE BORDELON,IMO9350379,WDJ2038,79,3,45,11,3.0,79,A
305855000,2020-08-20T04:44:47,36.86428,-76.31478,0.0,218.4,226.0,BBC PEARL,IMO9504786,V2FY8,70,5,153,23,9.1,70,A
366839000,2020-08-20T04:34:03,36.85352,-76.31079,0.0,0.0,39.0,CAPE RISE,IMO7530808,KAFG,70,5,197,32,10.0,,A
477866300,2020-08-20T04:34:24,36.92739,-76.32992,0.0,308.6,355.0,BILBAO BRIDGE,IMO9492701,VRHY6,70,5,269,35,11.0,74,A
477866300,2020-08-20T04:55:25,36.92745,-76.32993,0.0,216.3,355.0,BILBAO BRIDGE,IMO9492701,VRHY6,70,5,269,35,11.0,74,A
367821000,2020-08-20T04:46:28,36.97286,-76.43365,0.0,0.0,511.0,YANO,IMO7825409,NAQH,70,0,276,32,13.0,70,A
367821000,2020-08-20T04:34:48,36.97287,-76.43365,0.0,0.0,511.0,YANO,IMO7825409,NAQH,70,0,276,32,13.0,70,A
538006982,2020-08-20T04:44:16,36.96257,-76.42363,0.0,246.1,40.0,ANTE TOPIC,IMO9737072,V7TR4,70,5,,,,,A
368026000,2020-08-20T04:57:20,36.86576,-76.31600,0.0,270.5,2.0,BENAVIDEZ,IMO9218210,NBHG,70,5,289,32,10.9,70,A
538002652,2020-08-20T04:36:52,36.87945,-76.32638,0.0,298.0,276.0,NAIAS,IMO9330800,V7KN8,70,5,225,32,14.0,70,A
538002652,2020-08-20T04:48:49,36.87947,-76.32642,0.0,311.0,276.0,NAIAS,IMO9330800,V7KN8,70,5,225,32,14.0,70,A
538006982,2020-08-20T04:35:16,36.96258,-76.42367,0.0,247.9,40.0,ANTE TOPIC,IMO9737072,V7TR4,70,5,,,,,A
367821000,2020-08-20T04:35:58,36.97286,-76.43365,0.0,0.0,511.0,YANO,IMO7825409,NAQH,70,0,276,32,13.0,70,A
240626000,2020-08-20T04:56:35,37.07035,-76.09548,13.0,330.0,329.0,ARIS T,IMO9343895,SVHY,70,0,229,36,14.7,70,A
477866300,2020-08-20T04:49:24,36.92739,-76.32987,0.0,236.2,355.0,BILBAO BRIDGE,IMO9492701,VRHY6,70,5,269,35,11.0,74,A
305855000,2020-08-20T04:56:48,36.86427,-76.31478,0.0,242.3,227.0,BBC PEARL,IMO9504786,V2FY8,70,5,153,23,9.1,70,A
367822000,2020-08-20T04:50:56,36.97310,-76.43384,0.0,0.0,238.0,USNS SHUGHART,IMO7825394,NAOQ,70,5,276,32,13.0,70,A
305855000,2020-08-20T04:38:49,36.86429,-76.31477,0.0,225.2,226.0,BBC PEARL,IMO9504786,V2FY8,70,5,153,23,9.1,70,A
366839000,2020-08-20T04:37:05,36.85350,-76.31079,0.0,0.0,39.0,CAPE RISE,IMO7530808,KAFG,70,5,197,32,10.0,,A
477196100,2020-08-20T04:36:50,37.19782,-76.13449,0.0,37.8,161.0,DARYA MA,IMO9591674,VRJH5,70,1,229,32,14.5,,A
367822000,2020-08-20T04:47:55,36.97310,-76.43383,0.0,0.0,238.0,USNS SHUGHART,IMO7825394,NAOQ,70,5,276,32,13.0,70,A
305855000,2020-08-20T04:50:47,36.86429,-76.31478,0.0,322.2,226.0,BBC PEARL,IMO9504786,V2FY8,70,5,153,23,9.1,70,A
367078110,2020-08-20T04:42:04,37.00379,-76.25151,7.3,95.0,511.0,MARCELLE BORDELON,IMO9350379,WDJ2038,79,3,45,11,3.0,79,A
367078110,2020-08-20T04:54:34,36.99849,-76.22225,7.0,107.0,511.0,MARCELLE BORDELON,IMO9350379,WDJ2038,79,3,45,11,3.0,79,A
367932000,2020-08-20T04:53:16,36.94918,-76.32967,0.0,107.0,279.0,JOHN LENTHALL,IMO8325547,NJLN,80,5,193,29,,,A
366839000,2020-08-20T05:01:03,36.85351,-76.31084,0.0,0.0,39.0,CAPE RISE,IMO7530808,KAFG,70,5,197,32,10.0,,A
538006982,2020-08-20T04:53:16,36.96259,-76.42367,0.0,246.1,40.0,ANTE TOPIC,IMO9737072,V7TR4,70,5,,,,,A
538002652,2020-08-20T04:54:52,36.87943,-76.32642,0.0,150.0,276.0,NAIAS,IMO9330800,V7KN8,70,5,225,32,14.0,70,A
477196100,2020-08-20T04:54:48,37.19771,-76.13444,0.0,37.8,161.0,DARYA MA,IMO9591674,VRJH5,70,1,229,32,14.5,,A
367861000,2020-08-20T04:42:01,36.94641,-76.32978,0.0,0.0,265.0,LARAMIE,IMO8906626,NLAR,80,5,193,29,,,A
211839000,2020-08-20T04:54:34,36.90655,-76.32672,0.0,353.0,353.0,CHICAGO EXPRESS,IMO9295268,DCUJ2,70,5,336,42,14.6,79,A
240626000,2020-08-20T05:01:05,37.08472,-76.10585,13.3,329.0,328.0,ARIS T,IMO9343895,SVHY,70,0,229,36,14.7,70,A
367821000,2020-08-20T05:00:07,36.97286,-76.43365,0.0,0.0,511.0,YANO,IMO7825409,NAQH,70,0,276,32,13.0,70,A
367078110,2020-08-20T05:00:05,36.99534,-76.20950,7.0,106.0,511.0,MARCELLE BORDELON,IMO9350379,WDJ2038,79,3,45,11,3.0,79,A
477196100,2020-08-20T04:57:50,37.19770,-76.13449,0.1,37.8,160.0,DARYA MA,IMO9591674,VRJH5,70,1,229,32,14.5,,A
367078110,2020-08-20T04:57:34,36.99678,-76.21533,7.0,107.0,511.0,MARCELLE BORDELON,IMO9350379,WDJ2038,79,3,45,11,3.0,79,A
367932000,2020-08-20T04:50:18,36.94915,-76.32966,0.0,107.0,279.0,JOHN LENTHALL,IMO8325547,NJLN,80,5,193,29,,,A
477866300,2020-08-20T05:01:24,36.92741,-76.32992,0.0,216.3,355.0,BILBAO BRIDGE,IMO9492701,VRHY6,70,5,269,35,11.0,74,A
477196100,2020-08-20T04:42:52,37.19777,-76.13447,0.1,37.8,161.0,DARYA MA,IMO9591674,VRJH5,70,1,229,32,14.5,,A
211839000,2020-08-20T04:39:30,36.90654,-76.32668,0.0,353.0,353.0,CHICAGO EXPRESS,IMO9295268,DCUJ2,70,5,336,42,14.6,79,A
367821000,2020-08-20T05:01:28,36.97286,-76.43365,0.0,0.0,511.0,YANO,IMO7825409,NAQH,70,0,276,32,13.0,70,A
367821000,2020-08-20T04:53:08,36.97286,-76.43366,0.0,0.0,511.0,YANO,IMO7825409,NAQH,70,0,276,32,13.0,70,A
367821000,2020-08-20T04:43:57,36.97286,-76.43366,0.0,0.0,511.0,YANO,IMO7825409,NAQH,70,0,276,32,13.0,70,A
367078110,2020-08-20T04:45:54,37.00308,-76.24205,6.7,96.0,511.0,MARCELLE BORDELON,IMO9350379,WDJ2038,79,3,45,11,3.0,79,A
367821000,2020-08-20T05:03:47,36.97286,-76.43365,0.0,0.0,511.0,YANO,IMO7825409,NAQH,70,0,276,32,13.0,70,A
240626000,2020-08-20T04:55:24,37.06653,-76.09283,13.0,331.0,329.0,ARIS T,IMO9343895,SVHY,70,0,229,36,14.7,70,A
240626000,2020-08-20T05:02:14,37.08852,-76.10857,13.3,330.0,328.0,ARIS T,IMO9343895,SVHY,70,0,229,36,14.7,70,A
305855000,2020-08-20T04:41:46,36.86429,-76.31478,0.0,235.2,226.0,BBC PEARL,IMO9504786,V2FY8,70,5,153,23,9.1,70,A
368026000,2020-08-20T05:03:21,36.86575,-76.31604,0.0,270.5,2.0,BENAVIDEZ,IMO9218210,NBHG,70,5,289,32,10.9,70,A
367078110,2020-08-20T04:56:05,36.99762,-76.21874,7.0,106.0,511.0,MARCELLE BORDELON,IMO9350379,WDJ2038,79,3,45,11,3.0,79,A
240626000,2020-08-20T05:04:35,37.09608,-76.11400,13.2,330.0,328.0,ARIS T,IMO9343895,SVHY,70,0,229,36,14.7,70,A
367078110,2020-08-20T04:47:45,37.00247,-76.23784,6.7,113.0,511.0,MARCELLE BORDELON,IMO9350379,WDJ2038,79,3,45,11,3.0,79,A
477866300,2020-08-20T04:58:24,36.92747,-76.32993,0.0,216.3,355.0,BILBAO BRIDGE,IMO9492701,VRHY6,70,5,269,35,11.0,74,A
477866300,2020-08-20T04:46:23,36.92742,-76.32990,0.0,235.7,355.0,BILBAO BRIDGE,IMO9492701,VRHY6,70,5,269,35,11.0,74,A
215677000,2020-08-20T05:03:09,37.23845,-76.11541,0.1,132.3,222.0,RIZE,IMO9584035,9HA2781,70,1,229,32,14.5,,A
367821000,2020-08-20T04:48:07,36.97286,-76.43365,0.0,0.0,511.0,YANO,IMO7825409,NAQH,70,0,276,32,13.0,70,A
477866300,2020-08-20T05:07:23,36.92742,-76.32989,0.0,216.3,355.0,BILBAO BRIDGE,IMO9492701,VRHY6,70,5,269,35,11.0,74,A
538006982,2020-08-20T04:47:16,36.96257,-76.42367,0.0,246.1,40.0,ANTE TOPIC,IMO9737072,V7TR4,70,5,,,,,A
367821000,2020-08-20T05:08:28,36.97286,-76.43364,0.0,0.0,511.0,YANO,IMO7825409,NAQH,70,0,276,32,13.0,70,A
240626000,2020-08-20T04:46:05,37.03937,-76.06692,13.2,322.0,320.0,ARIS T,IMO9343895,SVHY,70,0,229,36,14.7,70,A
215677000,2020-08-20T04:45:09,37.23862,-76.11593,0.1,181.2,207.0,RIZE,IMO9584035,9HA2781,70,1,229,32,14.5,,A
305855000,2020-08-20T04:47:49,36.86429,-76.31478,0.0,323.0,226.0,BBC PEARL,IMO9504786,V2FY8,70,5,153,23,9.1,70,A
538006982,2020-08-20T04:59:16,36.96259,-76.42368,0.0,246.1,40.0,ANTE TOPIC,IMO9737072,V7TR4,70,5,,,,,A
211839000,2020-08-20T05:00:36,36.90658,-76.32668,0.0,353.0,353.0,CHICAGO EXPRESS,IMO9295268,DCUJ2,70,5,336,42,14.6,79,A
211839000,2020-08-20T04:48:31,36.90654,-76.32670,0.0,353.0,353.0,CHICAGO EXPRESS,IMO9295268,DCUJ2,70,5,336,42,14.6,79,A
368026000,2020-08-20T04:45:21,36.86576,-76.31602,0.0,270.5,2.0,BENAVIDEZ,IMO9218210,NBHG,70,5,289,32,10.9,70,A
367078110,2020-08-20T05:09:16,36.99056,-76.18846,6.9,106.0,511.0,MARCELLE BORDELON,IMO9350379,WDJ2038,79,3,45,11,3.0,79,A
367932000,2020-08-20T05:08:17,36.94917,-76.32970,0.0,107.0,279.0,JOHN LENTHALL,IMO8325547,NJLN,80,5,193,29,,,A
240626000,2020-08-20T04:59:24,37.07930,-76.10193,13.1,329.0,328.0,ARIS T,IMO9343895,SVHY,70,0,229,36,14.7,70,A
538006982,2020-08-20T05:08:16,36.96256,-76.42366,0.0,246.1,40.0,ANTE TOPIC,IMO9737072,V7TR4,70,5,,,,,A
367078110,2020-08-20T05:03:24,36.99352,-76.20182,7.0,106.0,511.0,MARCELLE BORDELON,IMO9350379,WDJ2038,79,3,45,11,3.0,79,A
215677000,2020-08-20T04:48:05,37.23856,-76.11590,0.1,181.2,209.0,RIZE,IMO9584035,9HA2781,70,1,229,32,14.5,,A
367861000,2020-08-20T04:51:00,36.94640,-76.32983,0.0,0.0,265.0,LARAMIE,IMO8906626,NLAR,80,5,193,29,,,A
367078110,2020-08-20T04:50:34,37.00077,-76.23150,7.0,106.0,511.0,MARCELLE BORDELON,IMO9350379,WDJ2038,79,3,45,11,3.0,79,A
240626000,2020-08-20T04:49:04,37.04788,-76.07538,13.3,320.0,319.0,ARIS T,IMO9343895,SVHY,70,0,229,36,14.7,70,A
367078110,2020-08-20T04:52:04,36.99995,-76.22803,7.0,107.0,511.0,MARCELLE BORDELON,IMO9350379,WDJ2038,79,3,45,11,3.0,79,A
240626000,2020-08-20T04:50:44,37.05267,-76.08043,13.3,319.0,320.0,ARIS T,IMO9343895,SVHY,70,0,229,36,14.7,70,A
477196100,2020-08-20T04:51:52,37.19771,-76.13445,0.0,37.8,161.0,DARYA MA,IMO9591674,VRJH5,70,1,229,32,14.5,,A
477866300,2020-08-20T04:52:26,36.92739,-76.32990,0.1,217.0,355.0,BILBAO BRIDGE,IMO9492701,VRHY6,70,5,269,35,11.0,74,A
367821000,2020-08-20T04:50:38,36.97286,-76.43366,0.0,0.0,511.0,YANO,IMO7825409,NAQH,70,0,276,32,13.0,70,A
538002652,2020-08-20T05:00:51,36.87947,-76.32647,0.0,150.0,276.0,NAIAS,IMO9330800,V7KN8,70,5,225,32,14.0,70,A
211839000,2020-08-20T05:03:37,36.90659,-76.32672,0.1,308.9,354.0,CHICAGO EXPRESS,IMO9295268,DCUJ2,70,5,336,42,14.6,79,A
211839000,2020-08-20T04:51:32,36.90653,-76.32671,0.0,353.0,353.0,CHICAGO EXPRESS,IMO9295268,DCUJ2,70,5,336,42,14.6,79,A
367822000,2020-08-20T04:53:55,36.97309,-76.43382,0.0,0.0,238.0,USNS SHUGHART,IMO7825394,NAOQ,70,5,276,32,13.0,70,A
367821000,2020-08-20T04:56:27,36.97286,-76.43366,0.0,0.0,511.0,YANO,IMO7825409,NAQH,70,0,276,32,13.0,70,A
240626000,2020-08-20T04:53:54,37.06182,-76.08960,13.2,323.0,328.0,ARIS T,IMO9343895,SVHY,70,0,229,36,14.7,70,A
240626000,2020-08-20T05:06:55,37.10362,-76.11937,13.3,330.0,328.0,ARIS T,IMO9343895,SVHY,70,0,229,36,14.7,70,A
215677000,2020-08-20T05:12:04,37.23805,-76.11521,0.2,171.2,235.0,RIZE,IMO9584035,9HA2781,70,1,229,32,14.5,,A
240626000,2020-08-20T05:13:54,37.12642,-76.13563,13.4,329.0,328.0,ARIS T,IMO9343895,SVHY,70,0,229,36,14.7,70,A
538006982,2020-08-20T04:56:16,36.96257,-76.42366,0.0,246.1,40.0,ANTE TOPIC,IMO9737072,V7TR4,70,5,,,,,A
367821000,2020-08-20T05:11:58,36.97286,-76.43363,0.0,0.0,511.0,YANO,IMO7825409,NAQH,70,0,276,32,13.0,70,A
211839000,2020-08-20T05:15:34,36.90706,-76.32757,1.8,329.4,341.0,CHICAGO EXPRESS,IMO9295268,DCUJ2,70,0,336,42,14.6,79,A
368026000,2020-08-20T04:54:21,36.86576,-76.31602,0.0,270.5,2.0,BENAVIDEZ,IMO9218210,NBHG,70,5,289,32,10.9,70,A
367078110,2020-08-20T05:14:16,36.98792,-76.17694,6.9,108.0,511.0,MARCELLE BORDELON,IMO9350379,WDJ2038,79,3,45,11,3.0,79,A
305855000,2020-08-20T05:14:45,36.86428,-76.31476,0.0,265.9,226.0,BBC PEARL,IMO9504786,V2FY8,70,5,153,23,9.1,70,A
215677000,2020-08-20T04:54:04,37.23855,-76.11579,0.1,181.2,212.0,RIZE,IMO9584035,9HA2781,70,1,229,32,14.5,,A
240626000,2020-08-20T04:58:14,37.07572,-76.09933,13.0,329.0,328.0,ARIS T,IMO9343895,SVHY,70,0,229,36,14.7,70,A
367932000,2020-08-20T04:56:16,36.94916,-76.32968,0.0,107.0,279.0,JOHN LENTHALL,IMO8325547,NJLN,80,5,193,29,,,A
367078110,2020-08-20T05:08:04,36.99117,-76.19121,6.8,105.0,511.0,MARCELLE BORDELON,IMO9350379,WDJ2038,79,3,45,11,3.0,79,A
367861000,2020-08-20T04:57:00,36.94639,-76.32980,0.0,0.0,265.0,LARAMIE,IMO8906626,NLAR,80,5,193,29,,,A
240626000,2020-08-20T05:16:25,37.13457,-76.14138,13.3,330.0,328.0,ARIS T,IMO9343895,SVHY,70,0,229,36,14.7,70,A
367821000,2020-08-20T00:02:28,36.97284,-76.43366,0.0,0.0,511.0,YANO,IMO7825409,NAQH,70,0,276,32,13.0,70,A
366839000,2020-08-20T04:58:05,36.85348,-76.31081,0.0,0.0,39.0,CAPE RISE,IMO7530808,KAFG,70,5,197,32,10.0,,A
366839000,2020-08-20T04:55:02,36.85348,-76.31083,0.0,0.0,39.0,CAPE RISE,IMO7530808,KAFG,70,5,197,32,10.0,,A
211839000,2020-08-20T05:09:06,36.90651,-76.32670,0.0,353.0,353.0,CHICAGO EXPRESS,IMO9295268,DCUJ2,70,0,336,42,14.6,79,A
538002652,2020-08-20T04:57:50,36.87943,-76.32645,0.0,150.0,276.0,NAIAS,IMO9330800,V7KN8,70,5,225,32,14.0,70,A
305855000,2020-08-20T05:05:48,36.86431,-76.31477,0.0,268.0,227.0,BBC PEARL,IMO9504786,V2FY8,70,5,153,23,9.1,70,A
367822000,2020-08-20T04:56:55,36.97310,-76.43382,0.0,0.0,238.0,USNS SHUGHART,IMO7825394,NAOQ,70,5,276,32,13.0,70,A
538006982,2020-08-20T05:14:16,36.96258,-76.42366,0.0,246.1,40.0,ANTE TOPIC,IMO9737072,V7TR4,70,5,,,,,A
305855000,2020-08-20T04:59:49,36.86427,-76.31478,0.0,219.2,227.0,BBC PEARL,IMO9504786,V2FY8,70,5,153,23,9.1,70,A
367078110,2020-08-20T04:59:05,36.99593,-76.21187,7.0,107.0,511.0,MARCELLE BORDELON,IMO9350379,WDJ2038,79,3,45,11,3.0,79,A
215677000,2020-08-20T05:00:04,37.23854,-76.11556,0.1,110.5,216.0,RIZE,IMO9584035,9HA2781,70,1,229,32,14.5,,A
211839000,2020-08-20T04:57:36,36.90667,-76.32681,0.0,353.0,353.0,CHICAGO EXPRESS,IMO9295268,DCUJ2,70,5,336,42,14.6,79,A
367932000,2020-08-20T04:59:17,36.94920,-76.32966,0.0,107.0,279.0,JOHN LENTHALL,IMO8325547,NJLN,80,5,193,29,,,A
367932000,2020-08-20T05:14:17,36.94920,-76.32974,0.0,107.0,279.0,JOHN LENTHALL,IMO8325547,NJLN,80,5,193,29,,,A
477866300,2020-08-20T05:10:23,36.92743,-76.32992,0.0,216.3,355.0,BILBAO BRIDGE,IMO9492701,VRHY6,70,5,269,35,11.0,74,A
367821000,2020-08-20T04:59:47,36.97286,-76.43366,0.0,0.0,511.0,YANO,IMO7825409,NAQH,70,0,276,32,13.0,70,A
477196100,2020-08-20T05:09:51,37.19758,-76.13474,0.1,37.8,153.0,DARYA MA,IMO9591674,VRJH5,70,1,229,32,14.5,,A
477196100,2020-08-20T05:15:51,37.19752,-76.13490,0.1,37.8,149.0,DARYA MA,IMO9591674,VRJH5,70,1,229,32,14.5,,A
240626000,2020-08-20T05:00:04,37.08167,-76.10363,13.2,329.0,328.0,ARIS T,IMO9343895,SVHY,70,0,229,36,14.7,70,A
367821000,2020-08-20T05:10:48,36.97286,-76.43363,0.0,0.0,511.0,YANO,IMO7825409,NAQH,70,0,276,32,13.0,70,A
367821000,2020-08-20T05:16:58,36.97286,-76.43363,0.0,0.0,511.0,YANO,IMO7825409,NAQH,70,0,276,32,13.0,70,A
368026000,2020-08-20T05:00:20,36.86575,-76.31601,0.0,270.5,2.0,BENAVIDEZ,IMO9218210,NBHG,70,5,289,32,10.9,70,A
367861000,2020-08-20T04:59:59,36.94638,-76.32978,0.0,0.0,265.0,LARAMIE,IMO8906626,NLAR,80,5,193,29,,,A
367822000,2020-08-20T04:59:56,36.97310,-76.43382,0.0,0.0,238.0,USNS SHUGHART,IMO7825394,NAOQ,70,5,276,32,13.0,70,A
367078110,2020-08-20T05:02:15,36.99414,-76.20448,6.9,106.0,511.0,MARCELLE BORDELON,IMO9350379,WDJ2038,79,3,45,11,3.0,79,A
538006982,2020-08-20T05:17:16,36.96257,-76.42367,0.0,246.1,40.0,ANTE TOPIC,IMO9737072,V7TR4,70,5,,,,,A
305855000,2020-08-20T05:02:46,36.86431,-76.31478,0.0,255.5,227.0,BBC PEARL,IMO9504786,V2FY8,70,5,153,23,9.1,70,A
367822000,2020-08-20T05:11:56,36.97311,-76.43383,0.0,0.0,238.0,USNS SHUGHART,IMO7825394,NAOQ,70,5,276,32,13.0,70,A
211839000,2020-08-20T05:18:05,36.90885,-76.32867,3.4,335.9,341.0,CHICAGO EXPRESS,IMO9295268,DCUJ2,70,0,336,42,14.6,79,A
367932000,2020-08-20T05:02:16,36.94917,-76.32970,0.0,107.0,279.0,JOHN LENTHALL,IMO8325547,NJLN,80,5,193,29,,,A
367078110,2020-08-20T05:17:15,36.98620,-76.17007,6.9,107.0,511.0,MARCELLE BORDELON,IMO9350379,WDJ2038,79,3,45,11,3.0,79,A
240626000,2020-08-20T05:11:34,37.11893,-76.13028,13.3,330.0,328.0,ARIS T,IMO9343895,SVHY,70,0,229,36,14.7,70,A
211839000,2020-08-20T05:20:55,36.91167,-76.33027,4.2,326.7,320.0,CHICAGO EXPRESS,IMO9295268,DCUJ2,70,0,336,42,14.6,79,A
367822000,2020-08-20T05:02:55,36.97311,-76.43382,0.0,0.0,238.0,USNS SHUGHART,IMO7825394,NAOQ,70,5,276,32,13.0,70,A
477866300,2020-08-20T05:04:25,36.92737,-76.32986,0.0,216.3,355.0,BILBAO BRIDGE,IMO9492701,VRHY6,70,5,269,35,11.0,74,A
367078110,2020-08-20T05:21:35,36.98376,-76.16031,6.7,107.0,511.0,MARCELLE BORDELON,IMO9350379,WDJ2038,79,3,45,11,3.0,79,A
538006982,2020-08-20T05:02:16,36.96258,-76.42366,0.0,246.1,40.0,ANTE TOPIC,IMO9737072,V7TR4,70,5,,,,,A
240626000,2020-08-20T05:09:15,37.11073,-76.12438,13.4,330.0,328.0,ARIS T,IMO9343895,SVHY,70,0,229,36,14.7,70,A
240626000,2020-08-20T05:03:25,37.09237,-76.11133,13.3,330.0,328.0,ARIS T,IMO9343895,SVHY,70,0,229,36,14.7,70,A
240626000,2020-08-20T05:12:45,37.12278,-76.13302,13.4,330.0,328.0,ARIS T,IMO9343895,SVHY,70,0,229,36,14.7,70,A
367821000,2020-08-20T05:13:07,36.97286,-76.43363,0.0,0.0,511.0,YANO,IMO7825409,NAQH,70,0,276,32,13.0,70,A
366839000,2020-08-20T05:13:04,36.85348,-76.31081,0.0,0.0,39.0,CAPE RISE,IMO7530808,KAFG,70,5,197,32,10.0,,A
367078110,2020-08-20T05:04:35,36.99290,-76.19910,6.8,106.0,511.0,MARCELLE BORDELON,IMO9350379,WDJ2038,79,3,45,11,3.0,79,A
367078110,2020-08-20T05:18:55,36.98530,-76.16632,6.6,105.0,511.0,MARCELLE BORDELON,IMO9350379,WDJ2038,79,3,45,11,3.0,79,A
367932000,2020-08-20T05:05:17,36.94922,-76.32964,0.0,107.0,279.0,JOHN LENTHALL,IMO8325547,NJLN,80,5,193,29,,,A
367078110,2020-08-20T05:01:14,36.99470,-76.20683,7.0,107.0,511.0,MARCELLE BORDELON,IMO9350379,WDJ2038,79,3,45,11,3.0,79,A
367861000,2020-08-20T05:06:01,36.94638,-76.32977,0.0,0.0,265.0,LARAMIE,IMO8906626,NLAR,80,5,193,29,,,A
240626000,2020-08-20T05:05:45,37.09993,-76.11673,13.3,330.0,328.0,ARIS T,IMO9343895,SVHY,70,0,229,36,14.7,70,A
305855000,2020-08-20T05:11:46,36.86430,-76.31476,0.0,265.9,226.0,BBC PEARL,IMO9504786,V2FY8,70,5,153,23,9.1,70,A
240626000,2020-08-20T05:10:25,37.11455,-76.12715,13.3,330.0,328.0,ARIS T,IMO9343895,SVHY,70,0,229,36,14.7,70,A
368026000,2020-08-20T05:06:20,36.86576,-76.31606,0.0,270.5,2.0,BENAVIDEZ,IMO9218210,NBHG,70,5,289,32,10.9,70,A
367078110,2020-08-20T05:11:44,36.98930,-76.18277,6.7,104.0,511.0,MARCELLE BORDELON,IMO9350379,WDJ2038,79,3,45,11,3.0,79,A
367821000,2020-08-20T05:15:48,36.97286,-76.43363,0.0,0.0,511.0,YANO,IMO7825409,NAQH,70,0,276,32,13.0,70,A
538002652,2020-08-20T05:15:53,36.87947,-76.32643,0.0,296.0,276.0,NAIAS,IMO9330800,V7KN8,70,5,225,32,14.0,70,A
367861000,2020-08-20T05:12:01,36.94640,-76.32980,0.0,0.0,265.0,LARAMIE,IMO8906626,NLAR,80,5,193,29,,,A
211839000,2020-08-20T05:25:55,36.91600,-76.33625,5.2,315.5,321.0,CHICAGO EXPRESS,IMO9295268,DCUJ2,70,0,336,42,14.6,79,A
366839000,2020-08-20T05:07:04,36.85350,-76.31082,0.0,0.0,39.0,CAPE RISE,IMO7530808,KAFG,70,5,197,32,10.0,,A
240626000,2020-08-20T05:24:34,37.16293,-76.15152,12.9,352.0,351.0,ARIS T,IMO9343895,SVHY,70,0,229,36,14.7,70,A
367821000,2020-08-20T05:07:17,36.97285,-76.43364,0.0,0.0,511.0,YANO,IMO7825409,NAQH,70,0,276,32,13.0,70,A
477196100,2020-08-20T05:12:49,37.19755,-76.13481,0.1,37.8,151.0,DARYA MA,IMO9591674,VRJH5,70,1,229,32,14.5,,A
477196100,2020-08-20T05:03:51,37.19763,-76.13460,0.1,37.8,157.0,DARYA MA,IMO9591674,VRJH5,70,1,229,32,14.5,,A
538002652,2020-08-20T05:03:52,36.87938,-76.32645,0.0,249.0,276.0,NAIAS,IMO9330800,V7KN8,70,5,225,32,14.0,70,A
366839000,2020-08-20T05:04:04,36.85347,-76.31083,0.0,0.0,39.0,CAPE RISE,IMO7530808,KAFG,70,5,197,32,10.0,,A
477196100,2020-08-20T05:18:47,37.19751,-76.13495,0.1,37.8,148.0,DARYA MA,IMO9591674,VRJH5,70,1,229,32,14.5,,A
215677000,2020-08-20T05:18:05,37.23771,-76.11517,0.2,178.5,249.0,RIZE,IMO9584035,9HA2781,70,1,229,32,14.5,,A
367861000,2020-08-20T05:18:01,36.94638,-76.32977,0.0,0.0,265.0,LARAMIE,IMO8906626,NLAR,80,5,193,29,,,A
367822000,2020-08-20T05:17:56,36.97312,-76.43383,0.0,0.0,238.0,USNS SHUGHART,IMO7825394,NAOQ,70,5,276,32,13.0,70,A
367078110,2020-08-20T05:26:54,36.98069,-76.14828,6.9,106.0,511.0,MARCELLE BORDELON,IMO9350379,WDJ2038,79,3,45,11,3.0,79,A
367821000,2020-08-20T05:23:48,36.97287,-76.43364,0.0,0.0,511.0,YANO,IMO7825409,NAQH,70,0,276,32,13.0,70,A
215677000,2020-08-20T05:15:08,37.23787,-76.11519,0.2,176.1,242.0,RIZE,IMO9584035,9HA2781,70,1,229,32,14.5,,A
367822000,2020-08-20T05:23:56,36.97312,-76.43383,0.0,0.0,238.0,USNS SHUGHART,IMO7825394,NAOQ,70,5,276,32,13.0,70,A
367861000,2020-08-20T05:15:00,36.94642,-76.32977,0.0,0.0,265.0,LARAMIE,IMO8906626,NLAR,80,5,193,29,,,A
367078110,2020-08-20T05:16:05,36.98688,-76.17279,7.0,109.0,511.0,MARCELLE BORDELON,IMO9350379,WDJ2038,79,3,45,11,3.0,79,A
367821000,2020-08-20T05:04:57,36.97280,-76.43365,0.0,0.0,511.0,YANO,IMO7825409,NAQH,70,0,276,32,13.0,70,A
240626000,2020-08-20T05:14:55,37.12980,-76.13802,13.3,330.0,328.0,ARIS T,IMO9343895,SVHY,70,0,229,36,14.7,70,A
538006982,2020-08-20T05:05:16,36.96257,-76.42368,0.0,246.1,40.0,ANTE TOPIC,IMO9737072,V7TR4,70,5,,,,,A
211839000,2020-08-20T05:16:55,36.90792,-76.32815,2.7,331.5,340.0,CHICAGO EXPRESS,IMO9295268,DCUJ2,70,0,336,42,14.6,79,A
477196100,2020-08-20T05:24:51,37.19744,-76.13506,0.1,37.8,146.0,DARYA MA,IMO9591674,VRJH5,70,1,229,32,14.5,,A
367078110,2020-08-20T05:05:44,36.99231,-76.19650,6.8,105.0,511.0,MARCELLE BORDELON,IMO9350379,WDJ2038,79,3,45,11,3.0,79,A
368026000,2020-08-20T05:09:20,36.86578,-76.31607,0.0,270.5,2.0,BENAVIDEZ,IMO9218210,NBHG,70,5,289,32,10.9,70,A
477196100,2020-08-20T05:06:51,37.19761,-76.13466,0.1,37.8,155.0,DARYA MA,IMO9591674,VRJH5,70,1,229,32,14.5,,A
367861000,2020-08-20T05:27:01,36.94642,-76.32984,0.0,0.0,265.0,LARAMIE,IMO8906626,NLAR,80,5,193,29,,,A
311004900,2020-08-20T05:26:30,37.31745,-76.10485,17.1,195.0,195.0,SWIFT ACE,IMO9338838,C6XB8,70,0,199,32,9.8,70,A
367078110,2020-08-20T05:06:45,36.99182,-76.19420,6.8,105.0,511.0,MARCELLE BORDELON,IMO9350379,WDJ2038,79,3,45,11,3.0,79,A
367821000,2020-08-20T05:06:07,36.97284,-76.43364,0.0,0.0,511.0,YANO,IMO7825409,NAQH,70,0,276,32,13.0,70,A
367821000,2020-08-20T05:20:58,36.97287,-76.43363,0.0,0.0,511.0,YANO,IMO7825409,NAQH,70,0,276,32,13.0,70,A
538002652,2020-08-20T05:27:52,36.87947,-76.32642,0.0,296.0,277.0,NAIAS,IMO9330800,V7KN8,70,5,225,32,14.0,70,A
367861000,2020-08-20T05:21:01,36.94639,-76.32976,0.0,0.0,265.0,LARAMIE,IMO8906626,NLAR,80,5,193,29,,,A
211839000,2020-08-20T05:11:24,36.90651,-76.32680,0.2,263.0,353.0,CHICAGO EXPRESS,IMO9295268,DCUJ2,70,0,336,42,14.6,79,A
211839000,2020-08-20T05:22:04,36.91278,-76.33135,4.4,321.8,310.0,CHICAGO EXPRESS,IMO9295268,DCUJ2,70,0,336,42,14.6,79,A
240626000,2020-08-20T05:08:04,37.10735,-76.12202,13.3,330.0,328.0,ARIS T,IMO9343895,SVHY,70,0,229,36,14.7,70,A
240626000,2020-08-20T05:22:15,37.15453,-76.15027,13.1,353.0,352.0,ARIS T,IMO9343895,SVHY,70,0,229,36,14.7,70,A
368026000,2020-08-20T05:18:22,36.86576,-76.31603,0.0,270.5,2.0,BENAVIDEZ,IMO9218210,NBHG,70,5,289,32,10.9,70,A
367822000,2020-08-20T05:08:55,36.97311,-76.43383,0.0,0.0,238.0,USNS SHUGHART,IMO7825394,NAOQ,70,5,276,32,13.0,70,A
305855000,2020-08-20T05:08:47,36.86430,-76.31480,0.0,265.9,226.0,BBC PEARL,IMO9504786,V2FY8,70,5,153,23,9.1,70,A
211839000,2020-08-20T05:08:05,36.90657,-76.32680,0.0,353.0,353.0,CHICAGO EXPRESS,IMO9295268,DCUJ2,70,0,336,42,14.6,79,A
367861000,2020-08-20T05:09:01,36.94638,-76.32979,0.0,0.0,265.0,LARAMIE,IMO8906626,NLAR,80,5,193,29,,,A
538002652,2020-08-20T05:18:51,36.87947,-76.32645,0.0,296.0,276.0,NAIAS,IMO9330800,V7KN8,70,5,225,32,14.0,70,A
211839000,2020-08-20T05:10:14,36.90649,-76.32679,0.0,353.0,353.0,CHICAGO EXPRESS,IMO9295268,DCUJ2,70,0,336,42,14.6,79,A
367078110,2020-08-20T05:29:45,36.97911,-76.14181,6.9,107.0,511.0,MARCELLE BORDELON,IMO9350379,WDJ2038,79,3,45,11,3.0,79,A
211839000,2020-08-20T05:19:45,36.91054,-76.32941,3.9,339.8,328.0,CHICAGO EXPRESS,IMO9295268,DCUJ2,70,0,336,42,14.6,79,A
538006982,2020-08-20T05:11:16,36.96260,-76.42366,0.0,246.1,40.0,ANTE TOPIC,IMO9737072,V7TR4,70,5,,,,,A
367078110,2020-08-20T05:10:35,36.98989,-76.18547,6.9,106.0,511.0,MARCELLE BORDELON,IMO9350379,WDJ2038,79,3,45,11,3.0,79,A
477866300,2020-08-20T05:13:26,36.92747,-76.32990,0.0,216.3,355.0,BILBAO BRIDGE,IMO9492701,VRHY6,70,5,269,35,11.0,74,A
305855000,2020-08-20T05:23:46,36.86427,-76.31479,0.0,265.9,226.0,BBC PEARL,IMO9504786,V2FY8,70,5,153,23,9.1,70,A
311004900,2020-08-20T05:29:54,37.30187,-76.11033,17.2,195.0,195.0,SWIFT ACE,IMO9338838,C6XB8,70,0,199,32,9.8,70,A
311004900,2020-08-20T05:24:18,37.32743,-76.10128,16.9,197.0,197.0,SWIFT ACE,IMO9338838,C6XB8,70,0,199,32,9.8,70,A
240626000,2020-08-20T05:23:24,37.15865,-76.15088,13.0,352.0,352.0,ARIS T,IMO9343895,SVHY,70,0,229,36,14.7,70,A
367861000,2020-08-20T05:29:59,36.94640,-76.32979,0.0,0.0,265.0,LARAMIE,IMO8906626,NLAR,80,5,193,29,,,A
477196100,2020-08-20T05:30:50,37.19734,-76.13519,0.1,37.8,143.0,DARYA MA,IMO9591674,VRJH5,70,1,229,32,14.5,,A
311004900,2020-08-20T05:33:00,37.28767,-76.11520,17.3,193.0,193.0,SWIFT ACE,IMO9338838,C6XB8,70,0,199,32,9.8,70,A
240626000,2020-08-20T05:31:44,37.18922,-76.15348,13.0,13.0,16.0,ARIS T,IMO9343895,SVHY,70,0,229,36,14.7,70,A
477196100,2020-08-20T05:21:51,37.19750,-76.13501,0.1,37.8,147.0,DARYA MA,IMO9591674,VRJH5,70,1,229,32,14.5,,A
211839000,2020-08-20T05:12:45,36.90650,-76.32687,0.2,261.0,351.0,CHICAGO EXPRESS,IMO9295268,DCUJ2,70,0,336,42,14.6,79,A
538002652,2020-08-20T05:21:52,36.87947,-76.32643,0.0,296.0,276.0,NAIAS,IMO9330800,V7KN8,70,5,225,32,14.0,70,A
367078110,2020-08-20T05:13:05,36.98859,-76.17965,6.9,108.0,511.0,MARCELLE BORDELON,IMO9350379,WDJ2038,79,3,45,11,3.0,79,A
366839000,2020-08-20T05:22:06,36.85351,-76.31080,0.0,0.0,39.0,CAPE RISE,IMO7530808,KAFG,70,5,197,32,10.0,,A
367861000,2020-08-20T05:33:01,36.94641,-76.32983,0.0,0.0,265.0,LARAMIE,IMO8906626,NLAR,80,5,193,29,,,A
305855000,2020-08-20T05:26:49,36.86428,-76.31475,0.0,265.9,226.0,BBC PEARL,IMO9504786,V2FY8,70,5,153,23,9.1,70,A
367821000,2020-08-20T05:34:57,36.97287,-76.43364,0.0,0.0,511.0,YANO,IMO7825409,NAQH,70,0,276,32,13.0,70,A
367078110,2020-08-20T05:34:45,36.97618,-76.13042,6.8,107.0,511.0,MARCELLE BORDELON,IMO9350379,WDJ2038,79,3,45,11,3.0,79,A
367822000,2020-08-20T05:26:55,36.97312,-76.43383,0.0,0.0,238.0,USNS SHUGHART,IMO7825394,NAOQ,70,5,276,32,13.0,70,A
366839000,2020-08-20T05:16:05,36.85353,-76.31085,0.0,0.0,39.0,CAPE RISE,IMO7530808,KAFG,70,5,197,32,10.0,,A
211839000,2020-08-20T05:13:54,36.90652,-76.32705,0.4,269.0,345.0,CHICAGO EXPRESS,IMO9295268,DCUJ2,70,0,336,42,14.6,79,A
368026000,2020-08-20T05:27:21,36.86575,-76.31603,0.0,270.5,2.0,BENAVIDEZ,IMO9218210,NBHG,70,5,289,32,10.9,70,A
367822000,2020-08-20T05:32:54,36.97310,-76.43384,0.0,0.0,238.0,USNS SHUGHART,IMO7825394,NAOQ,70,5,276,32,13.0,70,A
367822000,2020-08-20T05:14:56,36.97312,-76.43383,0.0,0.0,238.0,USNS SHUGHART,IMO7825394,NAOQ,70,5,276,32,13.0,70,A
368026000,2020-08-20T05:15:20,36.86576,-76.31604,0.0,270.5,2.0,BENAVIDEZ,IMO9218210,NBHG,70,5,289,32,10.9,70,A
367861000,2020-08-20T05:36:01,36.94642,-76.32986,0.0,0.0,265.0,LARAMIE,IMO8906626,NLAR,80,5,193,29,,,A
477866300,2020-08-20T05:28:26,36.92741,-76.32988,0.0,233.1,355.0,BILBAO BRIDGE,IMO9492701,VRHY6,70,5,269,35,11.0,74,A
477866300,2020-08-20T05:16:26,36.92739,-76.32986,0.0,216.3,355.0,BILBAO BRIDGE,IMO9492701,VRHY6,70,5,269,35,11.0,74,A
366839000,2020-08-20T05:28:04,36.85349,-76.31082,0.0,0.0,39.0,CAPE RISE,IMO7530808,KAFG,70,5,197,32,10.0,,A
367821000,2020-08-20T05:38:17,36.97287,-76.43364,0.0,0.0,511.0,YANO,IMO7825409,NAQH,70,0,276,32,13.0,70,A
368026000,2020-08-20T05:36:21,36.86577,-76.31604,0.0,270.5,2.0,BENAVIDEZ,IMO9218210,NBHG,70,5,289,32,10.9,70,A
240626000,2020-08-20T05:17:34,37.13837,-76.14413,13.3,329.0,328.0,ARIS T,IMO9343895,SVHY,70,0,229,36,14.7,70,A
367821000,2020-08-20T05:30:38,36.97288,-76.43364,0.0,0.0,511.0,YANO,IMO7825409,NAQH,70,0,276,32,13.0,70,A
211839000,2020-08-20T05:38:36,36.93835,-76.33773,9.5,2.0,2.0,CHICAGO EXPRESS,IMO9295268,DCUJ2,70,0,336,42,14.6,79,A
367932000,2020-08-20T05:17:18,36.94917,-76.32967,0.0,107.0,279.0,JOHN LENTHALL,IMO8325547,NJLN,80,5,193,29,,,A
367821000,2020-08-20T05:19:37,36.97286,-76.43363,0.0,0.0,511.0,YANO,IMO7825409,NAQH,70,0,276,32,13.0,70,A
367078110,2020-08-20T05:20:05,36.98463,-76.16365,6.8,108.0,511.0,MARCELLE BORDELON,IMO9350379,WDJ2038,79,3,45,11,3.0,79,A
477866300,2020-08-20T05:19:25,36.92740,-76.32988,0.0,216.3,355.0,BILBAO BRIDGE,IMO9492701,VRHY6,70,5,269,35,11.0,74,A
367821000,2020-08-20T05:25:48,36.97287,-76.43364,0.0,0.0,511.0,YANO,IMO7825409,NAQH,70,0,276,32,13.0,70,A
367078110,2020-08-20T05:25:35,36.98136,-76.15131,6.8,107.0,511.0,MARCELLE BORDELON,IMO9350379,WDJ2038,79,3,45,11,3.0,79,A
311004900,2020-08-20T05:25:24,37.32252,-76.10305,17.0,195.0,195.0,SWIFT ACE,IMO9338838,C6XB8,70,0,199,32,9.8,70,A
240626000,2020-08-20T05:18:44,37.14217,-76.14690,13.4,329.0,334.0,ARIS T,IMO9343895,SVHY,70,0,229,36,14.7,70,A
366839000,2020-08-20T05:25:00,36.85350,-76.31078,0.0,0.0,39.0,CAPE RISE,IMO7530808,KAFG,70,5,197,32,10.0,,A
366839000,2020-08-20T05:19:02,36.85349,-76.31081,0.0,0.0,39.0,CAPE RISE,IMO7530808,KAFG,70,5,197,32,10.0,,A
368026000,2020-08-20T05:39:21,36.86579,-76.31604,0.0,270.5,2.0,BENAVIDEZ,IMO9218210,NBHG,70,5,289,32,10.9,70,A
367078110,2020-08-20T05:39:05,36.97382,-76.12066,6.9,108.0,511.0,MARCELLE BORDELON,IMO9350379,WDJ2038,79,3,45,11,3.0,79,A
367932000,2020-08-20T05:20:17,36.94918,-76.32974,0.0,107.0,279.0,JOHN LENTHALL,IMO8325547,NJLN,80,5,193,29,,,A
477866300,2020-08-20T05:31:23,36.92738,-76.32985,0.0,217.1,355.0,BILBAO BRIDGE,IMO9492701,VRHY6,70,5,269,35,11.0,74,A
367822000,2020-08-20T05:20:56,36.97312,-76.43383,0.0,0.0,238.0,USNS SHUGHART,IMO7825394,NAOQ,70,5,276,32,13.0,70,A
211839000,2020-08-20T05:32:56,36.92565,-76.33855,5.8,4.0,5.0,CHICAGO EXPRESS,IMO9295268,DCUJ2,70,0,336,42,14.6,79,A
240626000,2020-08-20T05:19:55,37.14615,-76.14883,13.3,342.0,348.0,ARIS T,IMO9343895,SVHY,70,0,229,36,14.7,70,A
215677000,2020-08-20T05:21:07,37.23754,-76.11518,0.2,180.9,257.0,RIZE,IMO9584035,9HA2781,70,1,229,32,14.5,,A
215677000,2020-08-20T05:39:09,37.23616,-76.11525,0.3,197.7,303.0,RIZE,IMO9584035,9HA2781,70,1,229,32,14.5,,A
538002652,2020-08-20T05:39:51,36.87943,-76.32647,0.0,296.0,277.0,NAIAS,IMO9330800,V7KN8,70,5,225,32,14.0,70,A
367932000,2020-08-20T05:32:17,36.94914,-76.32987,0.0,107.0,279.0,JOHN LENTHALL,IMO8325547,NJLN,80,5,193,29,,,A
538006982,2020-08-20T05:20:16,36.96259,-76.42367,0.0,325.5,40.0,ANTE TOPIC,IMO9737072,V7TR4,70,5,,,,,A
240626000,2020-08-20T05:21:05,37.15037,-76.14967,13.1,352.0,352.0,ARIS T,IMO9343895,SVHY,70,0,229,36,14.7,70,A
311004900,2020-08-20T05:22:24,37.33608,-76.09803,16.8,197.0,196.0,SWIFT ACE,IMO9338838,C6XB8,70,0,199,32,9.8,70,A
477866300,2020-08-20T05:34:25,36.92738,-76.32989,0.0,217.1,355.0,BILBAO BRIDGE,IMO9492701,VRHY6,70,5,269,35,11.0,74,A
368026000,2020-08-20T05:21:22,36.86577,-76.31606,0.0,270.5,2.0,BENAVIDEZ,IMO9218210,NBHG,70,5,289,32,10.9,70,A
311004900,2020-08-20T05:27:36,37.31247,-76.10660,17.2,195.0,195.0,SWIFT ACE,IMO9338838,C6XB8,70,0,199,32,9.8,70,A
367861000,2020-08-20T05:39:00,36.94641,-76.32983,0.0,0.0,265.0,LARAMIE,IMO8906626,NLAR,80,5,193,29,,,A
240626000,2020-08-20T05:27:15,37.17268,-76.15315,13.0,352.0,351.0,ARIS T,IMO9343895,SVHY,70,0,229,36,14.7,70,A
311004900,2020-08-20T05:35:42,37.27560,-76.11922,16.7,197.0,199.0,SWIFT ACE,IMO9338838,C6XB8,70,0,199,32,9.8,70,A
211839000,2020-08-20T05:36:55,36.93400,-76.33790,8.6,2.6,2.0,CHICAGO EXPRESS,IMO9295268,DCUJ2,70,0,336,42,14.6,79,A
477866300,2020-08-20T05:40:25,36.92740,-76.32988,0.0,217.1,355.0,BILBAO BRIDGE,IMO9492701,VRHY6,70,5,269,35,11.0,74,A
367078110,2020-08-20T05:23:05,36.98286,-76.15696,6.8,109.0,511.0,MARCELLE BORDELON,IMO9350379,WDJ2038,79,3,45,11,3.0,79,A
211839000,2020-08-20T05:24:04,36.91426,-76.33384,4.6,303.5,311.0,CHICAGO EXPRESS,IMO9295268,DCUJ2,70,0,336,42,14.6,79,A
367821000,2020-08-20T05:28:27,36.97287,-76.43364,0.0,0.0,511.0,YANO,IMO7825409,NAQH,70,0,276,32,13.0,70,A
367861000,2020-08-20T05:23:59,36.94637,-76.32979,0.0,0.0,265.0,LARAMIE,IMO8906626,NLAR,80,5,193,29,,,A
538002652,2020-08-20T05:24:50,36.87947,-76.32643,0.0,296.0,276.0,NAIAS,IMO9330800,V7KN8,70,5,225,32,14.0,70,A
215677000,2020-08-20T05:24:05,37.23737,-76.11517,0.2,177.5,265.0,RIZE,IMO9584035,9HA2781,70,1,229,32,14.5,,A
367078110,2020-08-20T05:24:16,36.98214,-76.15434,7.0,109.0,511.0,MARCELLE BORDELON,IMO9350379,WDJ2038,79,3,45,11,3.0,79,A
305855000,2020-08-20T05:41:47,36.86425,-76.31474,0.0,265.9,226.0,BBC PEARL,IMO9504786,V2FY8,70,5,153,23,9.1,70,A
368026000,2020-08-20T05:24:20,36.86575,-76.31605,0.0,270.5,2.0,BENAVIDEZ,IMO9218210,NBHG,70,5,289,32,10.9,70,A
538006982,2020-08-20T05:23:16,36.96260,-76.42370,0.0,325.5,40.0,ANTE TOPIC,IMO9737072,V7TR4,70,5,,,,,A
240626000,2020-08-20T05:37:34,37.20940,-76.14558,13.0,17.0,17.0,ARIS T,IMO9343895,SVHY,70,0,229,36,14.7,70,A
240626000,2020-08-20T05:25:45,37.16715,-76.15223,12.9,352.0,351.0,ARIS T,IMO9343895,SVHY,70,0,229,36,14.7,70,A
367932000,2020-08-20T05:23:17,36.94914,-76.32970,0.0,107.0,279.0,JOHN LENTHALL,IMO8325547,NJLN,80,5,193,29,,,A
477866300,2020-08-20T05:25:26,36.92741,-76.32990,0.0,225.6,355.0,BILBAO BRIDGE,IMO9492701,VRHY6,70,5,269,35,11.0,74,A
477866300,2020-08-20T05:37:26,36.92740,-76.32988,0.0,217.1,355.0,BILBAO BRIDGE,IMO9492701,VRHY6,70,5,269,35,11.0,74,A
538006982,2020-08-20T05:26:16,36.96257,-76.42366,0.0,325.5,40.0,ANTE TOPIC,IMO9737072,V7TR4,70,5,,,,,A
538006982,2020-08-20T05:44:16,36.96258,-76.42363,0.0,325.5,40.0,ANTE TOPIC,IMO9737072,V7TR4,70,5,,,,,A
367821000,2020-08-20T05:26:58,36.97287,-76.43364,0.0,0.0,511.0,YANO,IMO7825409,NAQH,70,0,276,32,13.0,70,A
211839000,2020-08-20T05:29:34,36.92060,-76.33912,4.9,357.6,7.0,CHICAGO EXPRESS,IMO9295268,DCUJ2,70,0,336,42,14.6,79,A
211839000,2020-08-20T05:47:25,36.96393,-76.33569,11.1,4.9,6.0,CHICAGO EXPRESS,IMO9295268,DCUJ2,70,0,336,42,14.6,79,A
538002652,2020-08-20T05:42:52,36.87943,-76.32647,0.0,296.0,277.0,NAIAS,IMO9330800,V7KN8,70,5,225,32,14.0,70,A
215677000,2020-08-20T05:30:04,37.23695,-76.11512,0.3,176.7,281.0,RIZE,IMO9584035,9HA2781,70,1,229,32,14.5,,A
240626000,2020-08-20T05:39:05,37.21467,-76.14348,13.1,17.0,16.0,ARIS T,IMO9343895,SVHY,70,0,229,36,14.7,70,A
367078110,2020-08-20T05:48:04,36.96738,-76.09933,7.2,109.0,511.0,MARCELLE BORDELON,IMO9350379,WDJ2038,79,3,45,11,3.0,79,A
215677000,2020-08-20T05:27:09,37.23716,-76.11514,0.2,173.8,273.0,RIZE,IMO9584035,9HA2781,70,1,229,32,14.5,,A
211839000,2020-08-20T05:28:28,36.91911,-76.33896,5.2,332.5,0.0,CHICAGO EXPRESS,IMO9295268,DCUJ2,70,0,336,42,14.6,79,A
311004900,2020-08-20T05:28:42,37.30735,-76.10838,17.2,195.0,195.0,SWIFT ACE,IMO9338838,C6XB8,70,0,199,32,9.8,70,A
477196100,2020-08-20T05:27:52,37.19740,-76.13513,0.1,37.8,144.0,DARYA MA,IMO9591674,VRJH5,70,1,229,32,14.5,,A
240626000,2020-08-20T05:28:34,37.17753,-76.15393,13.0,352.0,351.0,ARIS T,IMO9343895,SVHY,70,0,229,36,14.7,70,A
367932000,2020-08-20T05:26:16,36.94922,-76.32977,0.0,107.0,279.0,JOHN LENTHALL,IMO8325547,NJLN,80,5,193,29,,,A
538006982,2020-08-20T05:29:16,36.96256,-76.42365,0.0,325.5,40.0,ANTE TOPIC,IMO9737072,V7TR4,70,5,,,,,A
367821000,2020-08-20T05:33:38,36.97287,-76.43364,0.0,0.0,511.0,YANO,IMO7825409,NAQH,70,0,276,32,13.0,70,A
215677000,2020-08-20T05:45:09,37.23567,-76.11574,0.4,238.3,318.0,RIZE,IMO9584035,9HA2781,70,1,229,32,14.5,,A
215677000,2020-08-20T05:42:02,37.23588,-76.11542,0.3,215.5,310.0,RIZE,IMO9584035,9HA2781,70,1,229,32,14.5,,A
367822000,2020-08-20T05:29:56,36.97311,-76.43388,0.0,0.0,238.0,USNS SHUGHART,IMO7825394,NAOQ,70,5,276,32,13.0,70,A
311004900,2020-08-20T05:31:00,37.29685,-76.11208,17.2,195.0,194.0,SWIFT ACE,IMO9338838,C6XB8,70,0,199,32,9.8,70,A
367932000,2020-08-20T05:29:18,36.94918,-76.32971,0.0,107.0,279.0,JOHN LENTHALL,IMO8325547,NJLN,80,5,193,29,,,A
215677000,2020-08-20T05:33:09,37.23669,-76.11511,0.3,182.6,290.0,RIZE,IMO9584035,9HA2781,70,1,229,32,14.5,,A
211839000,2020-08-20T05:42:55,36.95088,-76.33715,10.9,3.4,5.0,CHICAGO EXPRESS,IMO9295268,DCUJ2,70,0,336,42,14.6,79,A
368026000,2020-08-20T05:33:21,36.86576,-76.31605,0.0,270.5,2.0,BENAVIDEZ,IMO9218210,NBHG,70,5,289,32,10.9,70,A
240626000,2020-08-20T05:34:34,37.19885,-76.14968,12.8,17.0,16.0,ARIS T,IMO9343895,SVHY,70,0,229,36,14.7,70,A
367932000,2020-08-20T05:41:16,36.94922,-76.32966,0.0,107.0,279.0,JOHN LENTHALL,IMO8325547,NJLN,80,5,193,29,,,A
367821000,2020-08-20T05:32:27,36.97288,-76.43364,0.0,0.0,511.0,YANO,IMO7825409,NAQH,70,0,276,32,13.0,70,A
367821000,2020-08-20T05:51:08,36.97285,-76.43367,0.0,0.0,511.0,YANO,IMO7825409,NAQH,70,0,276,32,13.0,70,A
367078110,2020-08-20T05:32:05,36.97771,-76.13648,6.9,108.0,511.0,MARCELLE BORDELON,IMO9350379,WDJ2038,79,3,45,11,3.0,79,A
211839000,2020-08-20T05:31:44,36.92377,-76.33878,5.5,6.0,6.0,CHICAGO EXPRESS,IMO9295268,DCUJ2,70,0,336,42,14.6,79,A
538002652,2020-08-20T05:33:51,36.87945,-76.32645,0.0,296.0,277.0,NAIAS,IMO9330800,V7KN8,70,5,225,32,14.0,70,A
305855000,2020-08-20T05:29:48,36.86428,-76.31478,0.0,265.9,226.0,BBC PEARL,IMO9504786,V2FY8,70,5,153,23,9.1,70,A
305855000,2020-08-20T05:32:49,36.86428,-76.31476,0.0,265.9,226.0,BBC PEARL,IMO9504786,V2FY8,70,5,153,23,9.1,70,A
211839000,2020-08-20T05:54:40,36.98610,-76.31711,14.9,46.5,45.0,CHICAGO EXPRESS,IMO9295268,DCUJ2,70,0,336,42,14.6,79,A
367078110,2020-08-20T05:53:44,36.96372,-76.08592,7.2,110.0,511.0,MARCELLE BORDELON,IMO9350379,WDJ2038,79,3,45,11,3.0,79,A
367078110,2020-08-20T05:31:04,36.97832,-76.13881,7.2,110.0,511.0,MARCELLE BORDELON,IMO9350379,WDJ2038,79,3,45,11,3.0,79,A
477866300,2020-08-20T05:43:24,36.92741,-76.32989,0.0,217.1,355.0,BILBAO BRIDGE,IMO9492701,VRHY6,70,5,269,35,11.0,74,A
538006982,2020-08-20T05:32:16,36.96259,-76.42367,0.0,325.5,40.0,ANTE TOPIC,IMO9737072,V7TR4,70,5,,,,,A
367821000,2020-08-20T05:43:58,36.97285,-76.43366,0.0,0.0,511.0,YANO,IMO7825409,NAQH,70,0,276,32,13.0,70,A
240626000,2020-08-20T05:45:55,37.23912,-76.13368,13.2,18.0,14.0,ARIS T,IMO9343895,SVHY,70,0,229,36,14.7,70,A
367078110,2020-08-20T05:36:36,36.97520,-76.12627,6.8,107.0,511.0,MARCELLE BORDELON,IMO9350379,WDJ2038,79,3,45,11,3.0,79,A
311004900,2020-08-20T05:46:54,37.22983,-76.13848,14.4,194.0,195.0,SWIFT ACE,IMO9338838,C6XB8,70,0,199,32,9.8,70,A
366839000,2020-08-20T05:34:05,36.85350,-76.31082,0.0,0.0,39.0,CAPE RISE,IMO7530808,KAFG,70,5,197,32,10.0,,A
367821000,2020-08-20T05:48:18,36.97285,-76.43367,0.0,0.0,511.0,YANO,IMO7825409,NAQH,70,0,276,32,13.0,70,A
367821000,2020-08-20T05:49:38,36.97285,-76.43367,0.0,0.0,511.0,YANO,IMO7825409,NAQH,70,0,276,32,13.0,70,A
240626000,2020-08-20T05:36:24,37.20523,-76.14723,12.9,17.0,17.0,ARIS T,IMO9343895,SVHY,70,0,229,36,14.7,70,A
477196100,2020-08-20T05:48:52,37.19698,-76.13593,0.2,228.9,132.0,DARYA MA,IMO9591674,VRJH5,70,1,229,32,14.5,,A
366839000,2020-08-20T05:46:05,36.85349,-76.31084,0.0,0.0,39.0,CAPE RISE,IMO7530808,KAFG,70,5,197,32,10.0,,A
366839000,2020-08-20T05:31:02,36.85350,-76.31079,0.0,0.0,39.0,CAPE RISE,IMO7530808,KAFG,70,5,197,32,10.0,,A
240626000,2020-08-20T05:52:45,37.26295,-76.12457,12.7,17.0,16.0,ARIS T,IMO9343895,SVHY,70,0,229,36,14.7,70,A
538006982,2020-08-20T05:35:16,36.96258,-76.42365,0.0,325.5,40.0,ANTE TOPIC,IMO9737072,V7TR4,70,5,,,,,A
367078110,2020-08-20T05:37:45,36.97457,-76.12364,6.7,106.0,511.0,MARCELLE BORDELON,IMO9350379,WDJ2038,79,3,45,11,3.0,79,A
211839000,2020-08-20T05:49:25,36.97073,-76.33391,13.0,15.6,25.0,CHICAGO EXPRESS,IMO9295268,DCUJ2,70,0,336,42,14.6,79,A
215677000,2020-08-20T05:35:59,37.23645,-76.11514,0.3,190.1,297.0,RIZE,IMO9584035,9HA2781,70,1,229,32,14.5,,A
367932000,2020-08-20T05:35:17,36.94917,-76.32971,0.0,107.0,279.0,JOHN LENTHALL,IMO8325547,NJLN,80,5,193,29,,,A
211839000,2020-08-20T05:35:45,36.93122,-76.33807,7.9,3.2,4.0,CHICAGO EXPRESS,IMO9295268,DCUJ2,70,0,336,42,14.6,79,A
538002652,2020-08-20T05:36:52,36.87945,-76.32645,0.0,296.0,277.0,NAIAS,IMO9330800,V7KN8,70,5,225,32,14.0,70,A
215677000,2020-08-20T05:48:04,37.23556,-76.11608,0.3,248.9,325.0,RIZE,IMO9584035,9HA2781,70,1,229,32,14.5,,A
538002652,2020-08-20T05:48:51,36.87945,-76.32637,0.0,296.0,276.0,NAIAS,IMO9330800,V7KN8,70,5,225,32,14.0,70,A
477866300,2020-08-20T05:52:23,36.92740,-76.32993,0.0,253.6,355.0,BILBAO BRIDGE,IMO9492701,VRHY6,70,5,269,35,11.0,74,A
477196100,2020-08-20T05:36:49,37.19722,-76.13541,0.2,239.7,139.0,DARYA MA,IMO9591674,VRJH5,70,1,229,32,14.5,,A
477196100,2020-08-20T05:33:51,37.19727,-76.13528,0.1,37.8,142.0,DARYA MA,IMO9591674,VRJH5,70,1,229,32,14.5,,A
215677000,2020-08-20T05:51:10,37.23544,-76.11644,0.3,251.0,333.0,RIZE,IMO9584035,9HA2781,70,1,229,32,14.5,,A
368026000,2020-08-20T05:48:20,36.86577,-76.31605,0.0,270.5,2.0,BENAVIDEZ,IMO9218210,NBHG,70,5,289,32,10.9,70,A
305855000,2020-08-20T05:38:48,36.86426,-76.31476,0.0,265.9,226.0,BBC PEARL,IMO9504786,V2FY8,70,5,153,23,9.1,70,A
311004900,2020-08-20T05:57:45,37.19337,-76.15252,12.1,197.0,197.0,SWIFT ACE,IMO9338838,C6XB8,70,0,199,32,9.8,70,A
477866300,2020-08-20T05:49:24,36.92740,-76.32988,0.0,217.1,355.0,BILBAO BRIDGE,IMO9492701,VRHY6,70,5,269,35,11.0,74,A
311004900,2020-08-20T05:40:54,37.25373,-76.12932,16.1,199.0,200.0,SWIFT ACE,IMO9338838,C6XB8,70,0,199,32,9.8,70,A
538006982,2020-08-20T05:50:16,36.96261,-76.42365,0.0,325.5,40.0,ANTE TOPIC,IMO9737072,V7TR4,70,5,,,,,A
477196100,2020-08-20T05:39:47,37.19716,-76.13554,0.1,240.9,137.0,DARYA MA,IMO9591674,VRJH5,70,1,229,32,14.5,,A
477866300,2020-08-20T05:58:26,36.92740,-76.32987,0.0,304.2,355.0,BILBAO BRIDGE,IMO9492701,VRHY6,70,5,269,35,11.0,74,A
366839000,2020-08-20T05:40:03,36.85348,-76.31079,0.0,0.0,39.0,CAPE RISE,IMO7530808,KAFG,70,5,197,32,10.0,,A
305855000,2020-08-20T05:35:48,36.86429,-76.31477,0.0,265.9,226.0,BBC PEARL,IMO9504786,V2FY8,70,5,153,23,9.1,70,A
367861000,2020-08-20T05:42:01,36.94637,-76.32979,0.0,0.0,265.0,LARAMIE,IMO8906626,NLAR,80,5,193,29,,,A
367822000,2020-08-20T05:53:56,36.97311,-76.43382,0.0,0.0,238.0,USNS SHUGHART,IMO7825394,NAOQ,70,5,276,32,13.0,70,A
367821000,2020-08-20T05:36:57,36.97287,-76.43364,0.0,0.0,511.0,YANO,IMO7825409,NAQH,70,0,276,32,13.0,70,A
538006982,2020-08-20T05:41:16,36.96258,-76.42365,0.0,325.5,40.0,ANTE TOPIC,IMO9737072,V7TR4,70,5,,,,,A
367078110,2020-08-20T05:58:14,36.96082,-76.07594,6.8,111.0,511.0,MARCELLE BORDELON,IMO9350379,WDJ2038,79,3,45,11,3.0,79,A
538002652,2020-08-20T05:57:52,36.87943,-76.32647,0.0,296.0,276.0,NAIAS,IMO9330800,V7KN8,70,5,225,32,14.0,70,A
366839000,2020-08-20T05:55:06,36.85347,-76.31081,0.0,0.0,39.0,CAPE RISE,IMO7530808,KAFG,70,5,197,32,10.0,,A
366839000,2020-08-20T05:37:04,36.85347,-76.31079,0.0,0.0,39.0,CAPE RISE,IMO7530808,KAFG,70,5,197,32,10.0,,A
367932000,2020-08-20T05:53:17,36.94917,-76.32970,0.0,107.0,279.0,JOHN LENTHALL,IMO8325547,NJLN,80,5,193,29,,,A
311004900,2020-08-20T05:37:54,37.26618,-76.12370,16.3,200.0,200.0,SWIFT ACE,IMO9338838,C6XB8,70,0,199,32,9.8,70,A
215677000,2020-08-20T05:56:59,37.23532,-76.11715,0.3,265.9,349.0,RIZE,IMO9584035,9HA2781,70,1,229,32,14.5,,A
477196100,2020-08-20T05:42:51,37.19712,-76.13567,0.1,246.8,136.0,DARYA MA,IMO9591674,VRJH5,70,1,229,32,14.5,,A
367822000,2020-08-20T05:59:56,36.97311,-76.43382,0.0,0.0,238.0,USNS SHUGHART,IMO7825394,NAOQ,70,5,276,32,13.0,70,A
311004900,2020-08-20T05:39:48,37.25820,-76.12732,16.2,200.0,200.0,SWIFT ACE,IMO9338838,C6XB8,70,0,199,32,9.8,70,A
367932000,2020-08-20T05:38:17,36.94925,-76.32964,0.0,107.0,279.0,JOHN LENTHALL,IMO8325547,NJLN,80,5,193,29,,,A
367822000,2020-08-20T05:56:54,36.97311,-76.43382,0.0,0.0,238.0,USNS SHUGHART,IMO7825394,NAOQ,70,5,276,32,13.0,70,A
367822000,2020-08-20T05:38:56,36.97310,-76.43382,0.0,0.0,238.0,USNS SHUGHART,IMO7825394,NAOQ,70,5,276,32,13.0,70,A
240626000,2020-08-20T05:42:34,37.22707,-76.13860,13.2,18.0,17.0,ARIS T,IMO9343895,SVHY,70,0,229,36,14.7,70,A
211839000,2020-08-20T05:41:06,36.94543,-76.33743,10.5,2.0,2.0,CHICAGO EXPRESS,IMO9295268,DCUJ2,70,0,336,42,14.6,79,A
367821000,2020-08-20T05:39:38,36.97284,-76.43369,0.0,0.0,511.0,YANO,IMO7825409,NAQH,70,0,276,32,13.0,70,A
477196100,2020-08-20T05:57:51,37.19667,-76.13625,0.2,213.3,119.0,DARYA MA,IMO9591674,VRJH5,70,1,229,32,14.5,,A
305855000,2020-08-20T05:59:45,36.86425,-76.31477,0.0,39.1,226.0,BBC PEARL,IMO9504786,V2FY8,70,5,153,23,9.1,70,A
538006982,2020-08-20T05:38:16,36.96257,-76.42362,0.0,325.5,40.0,ANTE TOPIC,IMO9737072,V7TR4,70,5,,,,,A
367078110,2020-08-20T05:40:15,36.97307,-76.11795,7.1,111.0,511.0,MARCELLE BORDELON,IMO9350379,WDJ2038,79,3,45,11,3.0,79,A
305855000,2020-08-20T05:44:48,36.86427,-76.31474,0.0,265.9,226.0,BBC PEARL,IMO9504786,V2FY8,70,5,153,23,9.1,70,A
367822000,2020-08-20T05:44:55,36.97311,-76.43382,0.0,0.0,238.0,USNS SHUGHART,IMO7825394,NAOQ,70,5,276,32,13.0,70,A
367822000,2020-08-20T05:41:55,36.97310,-76.43382,0.0,0.0,238.0,USNS SHUGHART,IMO7825394,NAOQ,70,5,276,32,13.0,70,A
367821000,2020-08-20T06:00:07,36.97284,-76.43366,0.0,0.0,511.0,YANO,IMO7825409,NAQH,70,0,276,32,13.0,70,A
477196100,2020-08-20T05:45:51,37.19708,-76.13580,0.1,245.6,135.0,DARYA MA,IMO9591674,VRJH5,70,1,229,32,14.5,,A
240626000,2020-08-20T05:48:34,37.24848,-76.13025,13.0,17.0,16.0,ARIS T,IMO9343895,SVHY,70,0,229,36,14.7,70,A
240626000,2020-08-20T05:47:15,37.24380,-76.13202,13.1,15.0,14.0,ARIS T,IMO9343895,SVHY,70,0,229,36,14.7,70,A
477866300,2020-08-20T05:46:26,36.92741,-76.32985,0.0,217.1,355.0,BILBAO BRIDGE,IMO9492701,VRHY6,70,5,269,35,11.0,74,A
311004900,2020-08-20T05:50:05,37.21823,-76.14245,13.3,196.0,196.0,SWIFT ACE,IMO9338838,C6XB8,70,0,199,32,9.8,70,A
211839000,2020-08-20T05:50:44,36.97506,-76.33100,13.5,31.3,42.0,CHICAGO EXPRESS,IMO9295268,DCUJ2,70,0,336,42,14.6,79,A
311004900,2020-08-20T05:42:00,37.24915,-76.13118,15.8,198.0,199.0,SWIFT ACE,IMO9338838,C6XB8,70,0,199,32,9.8,70,A
311004900,2020-08-20T05:43:06,37.24478,-76.13310,15.7,198.0,198.0,SWIFT ACE,IMO9338838,C6XB8,70,0,199,32,9.8,70,A
368026000,2020-08-20T06:00:20,36.86574,-76.31602,0.0,270.5,2.0,BENAVIDEZ,IMO9218210,NBHG,70,5,289,32,10.9,70,A
367078110,2020-08-20T06:01:14,36.95889,-76.06927,6.9,110.0,511.0,MARCELLE BORDELON,IMO9350379,WDJ2038,79,3,45,11,3.0,79,A
367078110,2020-08-20T05:41:24,36.97225,-76.11527,7.3,112.0,511.0,MARCELLE BORDELON,IMO9350379,WDJ2038,79,3,45,11,3.0,79,A
367078110,2020-08-20T05:49:44,36.96625,-76.09540,7.3,110.0,511.0,MARCELLE BORDELON,IMO9350379,WDJ2038,79,3,45,11,3.0,79,A
311004900,2020-08-20T05:48:48,37.22285,-76.14075,13.7,194.0,195.0,SWIFT ACE,IMO9338838,C6XB8,70,0,199,32,9.8,70,A
538006982,2020-08-20T06:02:16,36.96259,-76.42365,0.0,325.5,40.0,ANTE TOPIC,IMO9737072,V7TR4,70,5,,,,,A
240626000,2020-08-20T05:40:14,37.21892,-76.14187,13.1,16.0,17.0,ARIS T,IMO9343895,SVHY,70,0,229,36,14.7,70,A
311004900,2020-08-20T05:44:12,37.24035,-76.13488,15.1,197.0,197.0,SWIFT ACE,IMO9338838,C6XB8,70,0,199,32,9.8,70,A
240626000,2020-08-20T06:01:14,37.29217,-76.11403,12.8,16.0,20.0,ARIS T,IMO9343895,SVHY,70,0,229,36,14.7,70,A
368026000,2020-08-20T05:45:21,36.86579,-76.31607,0.0,270.5,2.0,BENAVIDEZ,IMO9218210,NBHG,70,5,289,32,10.9,70,A
305855000,2020-08-20T05:47:46,36.86427,-76.31475,0.0,265.9,226.0,BBC PEARL,IMO9504786,V2FY8,70,5,153,23,9.1,70,A
305855000,2020-08-20T06:02:48,36.86429,-76.31475,0.0,39.1,226.0,BBC PEARL,IMO9504786,V2FY8,70,5,153,23,9.1,70,A
367861000,2020-08-20T05:45:01,36.94637,-76.32984,0.0,0.0,265.0,LARAMIE,IMO8906626,NLAR,80,5,193,29,,,A
211839000,2020-08-20T06:03:23,37.00538,-76.27099,18.1,76.6,76.0,CHICAGO EXPRESS,IMO9295268,DCUJ2,70,0,336,42,14.6,79,A
367078110,2020-08-20T06:02:15,36.95822,-76.06694,6.9,110.0,511.0,MARCELLE BORDELON,IMO9350379,WDJ2038,79,3,45,11,3.0,79,A
240626000,2020-08-20T05:50:35,37.25543,-76.12747,12.8,16.0,15.0,ARIS T,IMO9343895,SVHY,70,0,229,36,14.7,70,A
367078110,2020-08-20T06:03:25,36.95747,-76.06436,6.9,110.0,511.0,MARCELLE BORDELON,IMO9350379,WDJ2038,79,3,45,11,3.0,79,A
367821000,2020-08-20T06:03:37,36.97284,-76.43366,0.0,0.0,511.0,YANO,IMO7825409,NAQH,70,0,276,32,13.0,70,A
211839000,2020-08-20T06:04:29,37.00671,-76.26417,18.1,76.4,78.0,CHICAGO EXPRESS,IMO9295268,DCUJ2,70,0,336,42,14.6,79,A
538006982,2020-08-20T05:47:16,36.96256,-76.42365,0.0,325.5,40.0,ANTE TOPIC,IMO9737072,V7TR4,70,5,,,,,A
215677000,2020-08-20T06:03:03,37.23534,-76.11775,0.2,275.7,6.0,RIZE,IMO9584035,9HA2781,70,1,229,32,14.5,,A
366839000,2020-08-20T05:43:02,36.85345,-76.31085,0.0,0.0,39.0,CAPE RISE,IMO7530808,KAFG,70,5,197,32,10.0,,A
477196100,2020-08-20T06:03:53,37.19631,-76.13643,0.2,199.0,108.0,DARYA MA,IMO9591674,VRJH5,70,1,229,32,14.5,,A
311004900,2020-08-20T06:03:26,37.17385,-76.15362,12.9,172.0,173.0,SWIFT ACE,IMO9338838,C6XB8,70,0,199,32,9.8,70,A
240626000,2020-08-20T05:55:14,37.27137,-76.12130,12.7,15.0,14.0,ARIS T,IMO9343895,SVHY,70,0,229,36,14.7,70,A
538006982,2020-08-20T06:05:16,36.96255,-76.42367,0.0,325.5,40.0,ANTE TOPIC,IMO9737072,V7TR4,70,5,,,,,A
211839000,2020-08-20T06:05:34,37.00764,-76.25739,18.1,81.2,86.0,CHICAGO EXPRESS,IMO9295268,DCUJ2,70,0,336,42,14.6,79,A
367822000,2020-08-20T05:47:56,36.97311,-76.43382,0.0,0.0,238.0,USNS SHUGHART,IMO7825394,NAOQ,70,5,276,32,13.0,70,A
367078110,2020-08-20T05:57:04,36.96155,-76.07849,6.7,110.0,511.0,MARCELLE BORDELON,IMO9350379,WDJ2038,79,3,45,11,3.0,79,A
367932000,2020-08-20T06:05:16,36.94939,-76.32937,0.0,107.0,279.0,JOHN LENTHALL,IMO8325547,NJLN,80,5,193,29,,,A
311004900,2020-08-20T06:04:36,37.16960,-76.15297,13.2,172.0,173.0,SWIFT ACE,IMO9338838,C6XB8,70,0,199,32,9.8,70,A
367822000,2020-08-20T06:05:54,36.97309,-76.43380,0.0,0.0,238.0,USNS SHUGHART,IMO7825394,NAOQ,70,5,276,32,13.0,70,A
366839000,2020-08-20T05:49:05,36.85350,-76.31082,0.0,0.0,39.0,CAPE RISE,IMO7530808,KAFG,70,5,197,32,10.0,,A
538002652,2020-08-20T05:45:50,36.87943,-76.32647,0.0,296.0,276.0,NAIAS,IMO9330800,V7KN8,70,5,225,32,14.0,70,A
240626000,2020-08-20T05:53:54,37.26688,-76.12298,12.7,17.0,16.0,ARIS T,IMO9343895,SVHY,70,0,229,36,14.7,70,A
211839000,2020-08-20T06:06:40,37.00788,-76.25080,17.8,88.3,90.0,CHICAGO EXPRESS,IMO9295268,DCUJ2,70,0,336,42,14.6,79,A
367822000,2020-08-20T05:50:55,36.97311,-76.43382,0.0,0.0,238.0,USNS SHUGHART,IMO7825394,NAOQ,70,5,276,32,13.0,70,A
368026000,2020-08-20T06:06:22,36.86576,-76.31602,0.0,270.5,2.0,BENAVIDEZ,IMO9218210,NBHG,70,5,289,32,10.9,70,A
366839000,2020-08-20T06:07:02,36.85349,-76.31082,0.0,0.0,39.0,CAPE RISE,IMO7530808,KAFG,70,5,197,32,10.0,,A
367861000,2020-08-20T05:51:00,36.94643,-76.32980,0.0,0.0,265.0,LARAMIE,IMO8906626,NLAR,80,5,193,29,,,A
477196100,2020-08-20T06:06:51,37.19613,-76.13655,0.2,199.1,103.0,DARYA MA,IMO9591674,VRJH5,70,1,229,32,14.5,,A
477196100,2020-08-20T05:51:46,37.19691,-76.13607,0.2,222.0,128.0,DARYA MA,IMO9591674,VRJH5,70,1,229,32,14.5,,A
240626000,2020-08-20T05:57:44,37.27992,-76.11837,12.7,15.0,15.0,ARIS T,IMO9343895,SVHY,70,0,229,36,14.7,70,A
305855000,2020-08-20T05:53:46,36.86429,-76.31477,0.0,255.4,226.0,BBC PEARL,IMO9504786,V2FY8,70,5,153,23,9.1,70,A
368026000,2020-08-20T05:51:21,36.86576,-76.31606,0.0,270.5,2.0,BENAVIDEZ,IMO9218210,NBHG,70,5,289,32,10.9,70,A
366839000,2020-08-20T05:52:05,36.85348,-76.31084,0.0,0.0,39.0,CAPE RISE,IMO7530808,KAFG,70,5,197,32,10.0,,A
477196100,2020-08-20T05:54:52,37.19680,-76.13617,0.2,214.7,124.0,DARYA MA,IMO9591674,VRJH5,70,1,229,32,14.5,,A
311004900,2020-08-20T05:51:42,37.21262,-76.14448,13.2,196.0,196.0,SWIFT ACE,IMO9338838,C6XB8,70,0,199,32,9.8,70,A
367821000,2020-08-20T06:07:27,36.97284,-76.43366,0.0,0.0,511.0,YANO,IMO7825409,NAQH,70,0,276,32,13.0,70,A
240626000,2020-08-20T06:07:45,37.31422,-76.10277,13.2,22.0,22.0,ARIS T,IMO9343895,SVHY,70,0,229,36,14.7,70,A
367078110,2020-08-20T05:55:24,36.96261,-76.08213,6.8,110.0,511.0,MARCELLE BORDELON,IMO9350379,WDJ2038,79,3,45,11,3.0,79,A
311004900,2020-08-20T06:08:16,37.15567,-76.15077,14.0,172.0,172.0,SWIFT ACE,IMO9338838,C6XB8,70,0,199,32,9.8,70,A
538002652,2020-08-20T06:06:53,36.87945,-76.32648,0.0,296.0,276.0,NAIAS,IMO9330800,V7KN8,70,5,225,32,14.0,70,A
367861000,2020-08-20T05:57:00,36.94639,-76.32985,0.0,0.0,265.0,LARAMIE,IMO8906626,NLAR,80,5,193,29,,,A
367932000,2020-08-20T05:56:16,36.94919,-76.32971,0.0,107.0,279.0,JOHN LENTHALL,IMO8325547,NJLN,80,5,193,29,,,A
211839000,2020-08-20T06:08:53,37.00693,-76.23763,16.8,100.5,104.0,CHICAGO EXPRESS,IMO9295268,DCUJ2,70,0,336,42,14.6,79,A
367821000,2020-08-20T05:53:08,36.97285,-76.43367,0.0,0.0,511.0,YANO,IMO7825409,NAQH,70,0,276,32,13.0,70,A
240626000,2020-08-20T05:56:24,37.27527,-76.11997,12.7,15.0,15.0,ARIS T,IMO9343895,SVHY,70,0,229,36,14.7,70,A
367861000,2020-08-20T05:48:01,36.94644,-76.32985,0.0,0.0,265.0,LARAMIE,IMO8906626,NLAR,80,5,193,29,,,A
215677000,2020-08-20T05:54:03,37.23536,-76.11680,0.3,256.4,341.0,RIZE,IMO9584035,9HA2781,70,1,229,32,14.5,,A
211839000,2020-08-20T05:57:46,36.99435,-76.30284,17.2,59.9,59.0,CHICAGO EXPRESS,IMO9295268,DCUJ2,70,0,336,42,14.6,79,A
240626000,2020-08-20T06:08:55,37.31832,-76.10065,13.3,22.0,22.0,ARIS T,IMO9343895,SVHY,70,0,229,36,14.7,70,A
368026000,2020-08-20T05:54:21,36.86577,-76.31606,0.0,270.5,2.0,BENAVIDEZ,IMO9218210,NBHG,70,5,289,32,10.9,70,A
367822000,2020-08-20T06:08:54,36.97310,-76.43381,0.0,0.0,238.0,USNS SHUGHART,IMO7825394,NAOQ,70,5,276,32,13.0,70,A
311004900,2020-08-20T06:09:22,37.15128,-76.15012,14.4,173.0,173.0,SWIFT ACE,IMO9338838,C6XB8,70,0,199,32,9.8,70,A
311004900,2020-08-20T05:59:25,37.18783,-76.15458,12.4,194.0,193.0,SWIFT ACE,IMO9338838,C6XB8,70,0,199,32,9.8,70,A
311004900,2020-08-20T06:00:05,37.18553,-76.15493,12.4,186.0,185.0,SWIFT ACE,IMO9338838,C6XB8,70,0,199,32,9.8,70,A
367821000,2020-08-20T05:56:07,36.97284,-76.43367,0.0,0.0,511.0,YANO,IMO7825409,NAQH,70,0,276,32,13.0,70,A
538002652,2020-08-20T05:54:50,36.87940,-76.32647,0.0,296.0,276.0,NAIAS,IMO9330800,V7KN8,70,5,225,32,14.0,70,A
211839000,2020-08-20T05:55:46,36.98935,-76.31268,15.8,47.9,53.0,CHICAGO EXPRESS,IMO9295268,DCUJ2,70,0,336,42,14.6,79,A
305855000,2020-08-20T06:11:48,36.86422,-76.31487,0.0,251.8,226.0,BBC PEARL,IMO9504786,V2FY8,70,5,153,23,9.1,70,A
367821000,2020-08-20T06:10:58,36.97284,-76.43366,0.0,0.0,511.0,YANO,IMO7825409,NAQH,70,0,276,32,13.0,70,A
311004900,2020-08-20T05:56:25,37.19762,-76.15077,11.8,200.0,200.0,SWIFT ACE,IMO9338838,C6XB8,70,0,199,32,9.8,70,A
211839000,2020-08-20T06:11:05,37.00433,-76.22567,16.1,106.9,108.0,CHICAGO EXPRESS,IMO9295268,DCUJ2,70,0,336,42,14.6,79,A
538002652,2020-08-20T05:51:51,36.87945,-76.32645,0.0,296.0,276.0,NAIAS,IMO9330800,V7KN8,70,5,225,32,14.0,70,A
240626000,2020-08-20T06:11:24,37.32687,-76.09615,13.3,22.0,22.0,ARIS T,IMO9343895,SVHY,70,0,229,36,14.7,70,A
367821000,2020-08-20T06:12:07,36.97281,-76.43363,0.0,0.0,511.0,YANO,IMO7825409,NAQH,70,0,276,32,13.0,70,A
311004900,2020-08-20T06:11:58,37.14108,-76.14640,14.8,155.0,154.0,SWIFT ACE,IMO9338838,C6XB8,70,0,199,32,9.8,70,A
538006982,2020-08-20T05:53:16,36.96256,-76.42363,0.0,325.5,40.0,ANTE TOPIC,IMO9737072,V7TR4,70,5,,,,,A
367078110,2020-08-20T06:00:04,36.95964,-76.07188,6.8,109.0,511.0,MARCELLE BORDELON,IMO9350379,WDJ2038,79,3,45,11,3.0,79,A
215677000,2020-08-20T06:12:06,37.23543,-76.11822,0.1,280.6,18.0,RIZE,IMO9584035,9HA2781,70,1,229,32,14.5,,A
367822000,2020-08-20T06:11:56,36.97310,-76.43379,0.0,0.0,238.0,USNS SHUGHART,IMO7825394,NAOQ,70,5,276,32,13.0,70,A
367932000,2020-08-20T06:02:17,36.94912,-76.32964,0.0,107.0,279.0,JOHN LENTHALL,IMO8325547,NJLN,80,5,193,29,,,A
477196100,2020-08-20T06:00:47,37.19649,-76.13634,0.2,204.9,114.0,DARYA MA,IMO9591674,VRJH5,70,1,229,32,14.5,,A
367861000,2020-08-20T06:12:01,36.94635,-76.32983,0.0,0.0,265.0,LARAMIE,IMO8906626,NLAR,80,5,193,29,,,A
240626000,2020-08-20T06:12:45,37.33163,-76.09370,13.2,21.0,20.0,ARIS T,IMO9343895,SVHY,70,0,229,36,14.7,70,A
368026000,2020-08-20T06:12:21,36.86578,-76.31603,0.0,270.5,2.0,BENAVIDEZ,IMO9218210,NBHG,70,5,289,32,10.9,70,A
367861000,2020-08-20T06:03:01,36.94640,-76.32989,0.0,0.0,265.0,LARAMIE,IMO8906626,NLAR,80,5,193,29,,,A
240626000,2020-08-20T05:59:04,37.28445,-76.11673,12.7,16.0,15.0,ARIS T,IMO9343895,SVHY,70,0,229,36,14.7,70,A
311004900,2020-08-20T06:01:15,37.18157,-76.15485,12.4,176.0,176.0,SWIFT ACE,IMO9338838,C6XB8,70,0,199,32,9.8,70,A
367821000,2020-08-20T06:01:17,36.97284,-76.43366,0.0,0.0,511.0,YANO,IMO7825409,NAQH,70,0,276,32,13.0,70,A
538002652,2020-08-20T06:00:53,36.87943,-76.32648,0.0,296.0,276.0,NAIAS,IMO9330800,V7KN8,70,5,225,32,14.0,70,A
367821000,2020-08-20T06:13:17,36.97284,-76.43363,0.0,0.0,511.0,YANO,IMO7825409,NAQH,70,0,276,32,13.0,70,A
211839000,2020-08-20T06:13:35,37.00092,-76.21266,15.5,108.0,108.0,CHICAGO EXPRESS,IMO9295268,DCUJ2,70,0,336,42,14.6,79,A
211839000,2020-08-20T06:01:14,37.00264,-76.28397,18.2,64.1,73.0,CHICAGO EXPRESS,IMO9295268,DCUJ2,70,0,336,42,14.6,79,A
538006982,2020-08-20T06:14:16,36.96254,-76.42366,0.0,325.5,40.0,ANTE TOPIC,IMO9737072,V7TR4,70,5,,,,,A
211839000,2020-08-20T06:02:17,37.00409,-76.27762,18.2,75.0,76.0,CHICAGO EXPRESS,IMO9295268,DCUJ2,70,0,336,42,14.6,79,A
368026000,2020-08-20T05:57:21,36.86574,-76.31603,0.0,270.5,2.0,BENAVIDEZ,IMO9218210,NBHG,70,5,289,32,10.9,70,A
366839000,2020-08-20T05:58:00,36.85349,-76.31084,0.0,0.0,39.0,CAPE RISE,IMO7530808,KAFG,70,5,197,32,10.0,,A
240626000,2020-08-20T06:14:15,37.33682,-76.09125,13.3,20.0,20.0,ARIS T,IMO9343895,SVHY,70,0,229,36,14.7,70,A
211839000,2020-08-20T06:14:58,36.99910,-76.20567,15.4,108.2,109.0,CHICAGO EXPRESS,IMO9295268,DCUJ2,70,0,336,42,14.6,79,A
367821000,2020-08-20T06:02:27,36.97285,-76.43366,0.0,0.0,511.0,YANO,IMO7825409,NAQH,70,0,276,32,13.0,70,A
311004900,2020-08-20T06:14:39,37.13132,-76.13947,15.2,150.0,150.0,SWIFT ACE,IMO9338838,C6XB8,70,0,199,32,9.8,70,A
367932000,2020-08-20T06:14:16,36.94920,-76.32968,0.0,107.0,279.0,JOHN LENTHALL,IMO8325547,NJLN,80,5,193,29,,,A
240626000,2020-08-20T06:02:15,37.29553,-76.11243,12.8,21.0,24.0,ARIS T,IMO9343895,SVHY,70,0,229,36,14.7,70,A
367078110,2020-08-20T05:59:24,36.96008,-76.07340,6.8,110.0,511.0,MARCELLE BORDELON,IMO9350379,WDJ2038,79,3,45,11,3.0,79,A
538002652,2020-08-20T06:03:51,36.87943,-76.32647,0.0,296.0,276.0,NAIAS,IMO9330800,V7KN8,70,5,225,32,14.0,70,A
240626000,2020-08-20T06:04:24,37.30277,-76.10868,12.9,21.0,22.0,ARIS T,IMO9343895,SVHY,70,0,229,36,14.7,70,A
240626000,2020-08-20T06:03:16,37.29885,-76.11065,12.8,22.0,22.0,ARIS T,IMO9343895,SVHY,70,0,229,36,14.7,70,A
367932000,2020-08-20T05:59:17,36.94918,-76.32964,0.0,107.0,279.0,JOHN LENTHALL,IMO8325547,NJLN,80,5,193,29,,,A
367821000,2020-08-20T06:04:58,36.97285,-76.43366,0.0,0.0,511.0,YANO,IMO7825409,NAQH,70,0,276,32,13.0,70,A
311004900,2020-08-20T06:05:56,37.16468,-76.15218,13.3,172.0,173.0,SWIFT ACE,IMO9338838,C6XB8,70,0,199,32,9.8,70,A
215677000,2020-08-20T06:06:05,37.23536,-76.11796,0.2,277.2,12.0,RIZE,IMO9584035,9HA2781,70,1,229,32,14.5,,A
240626000,2020-08-20T06:00:05,37.28808,-76.11545,12.7,15.0,15.0,ARIS T,IMO9343895,SVHY,70,0,229,36,14.7,70,A
477196100,2020-08-20T06:15:54,37.19600,-76.13656,0.1,51.9,98.0,DARYA MA,IMO9591674,VRJH5,70,1,229,32,14.5,,A
477866300,2020-08-20T06:04:23,36.92739,-76.32988,0.0,229.5,355.0,BILBAO BRIDGE,IMO9492701,VRHY6,70,5,269,35,11.0,74,A
211839000,2020-08-20T06:16:05,36.99753,-76.19991,15.7,108.9,110.0,CHICAGO EXPRESS,IMO9295268,DCUJ2,70,0,336,42,14.6,79,A
538006982,2020-08-20T06:17:16,36.96256,-76.42368,0.0,325.5,40.0,ANTE TOPIC,IMO9737072,V7TR4,70,5,,,,,A
367822000,2020-08-20T06:17:55,36.97310,-76.43380,0.0,0.0,238.0,USNS SHUGHART,IMO7825394,NAOQ,70,5,276,32,13.0,70,A
477866300,2020-08-20T06:07:23,36.92735,-76.32992,0.0,229.4,355.0,BILBAO BRIDGE,IMO9492701,VRHY6,70,5,269,35,11.0,74,A
240626000,2020-08-20T06:06:35,37.31027,-76.10485,13.2,22.0,22.0,ARIS T,IMO9343895,SVHY,70,0,229,36,14.7,70,A
311004900,2020-08-20T06:07:06,37.16020,-76.15150,13.7,172.0,173.0,SWIFT ACE,IMO9338838,C6XB8,70,0,199,32,9.8,70,A
367861000,2020-08-20T06:18:01,36.94633,-76.32974,0.0,0.0,265.0,LARAMIE,IMO8906626,NLAR,80,5,193,29,,,A
368026000,2020-08-20T06:18:20,36.86575,-76.31605,0.0,270.5,2.0,BENAVIDEZ,IMO9218210,NBHG,70,5,289,32,10.9,70,A
311004900,2020-08-20T06:02:16,37.17797,-76.15430,12.5,172.0,173.0,SWIFT ACE,IMO9338838,C6XB8,70,0,199,32,9.8,70,A
538006982,2020-08-20T06:08:16,36.96260,-76.42364,0.0,325.5,40.0,ANTE TOPIC,IMO9737072,V7TR4,70,5,,,,,A
477866300,2020-08-20T06:19:25,36.92744,-76.32989,0.0,236.7,355.0,BILBAO BRIDGE,IMO9492701,VRHY6,70,5,269,35,11.0,74,A
311004900,2020-08-20T06:20:16,37.10955,-76.12418,16.2,150.0,151.0,SWIFT ACE,IMO9338838,C6XB8,70,0,199,32,9.8,70,A
211839000,2020-08-20T06:20:46,36.99061,-76.17486,16.6,107.3,108.0,CHICAGO EXPRESS,IMO9295268,DCUJ2,70,0,336,42,14.6,79,A
538002652,2020-08-20T06:09:51,36.87945,-76.32640,0.0,296.0,276.0,NAIAS,IMO9330800,V7KN8,70,5,225,32,14.0,70,A
311004900,2020-08-20T06:10:39,37.14608,-76.14895,14.5,167.0,166.0,SWIFT ACE,IMO9338838,C6XB8,70,0,199,32,9.8,70,A
477196100,2020-08-20T06:21:52,37.19616,-76.13651,0.2,342.9,103.0,DARYA MA,IMO9591674,VRJH5,70,1,229,32,14.5,,A
366839000,2020-08-20T06:04:03,36.85348,-76.31081,0.0,0.0,39.0,CAPE RISE,IMO7530808,KAFG,70,5,197,32,10.0,,A
211839000,2020-08-20T06:19:35,36.99227,-76.18137,16.5,109.6,109.0,CHICAGO EXPRESS,IMO9295268,DCUJ2,70,0,336,42,14.6,79,A
305855000,2020-08-20T06:05:46,36.86430,-76.31474,0.0,255.4,226.0,BBC PEARL,IMO9504786,V2FY8,70,5,153,23,9.1,70,A
240626000,2020-08-20T06:05:25,37.30615,-76.10698,13.0,22.0,22.0,ARIS T,IMO9343895,SVHY,70,0,229,36,14.7,70,A
211839000,2020-08-20T06:12:16,37.00269,-76.21937,15.8,108.0,108.0,CHICAGO EXPRESS,IMO9295268,DCUJ2,70,0,336,42,14.6,79,A
477196100,2020-08-20T06:12:52,37.19596,-76.13656,0.1,134.5,96.0,DARYA MA,IMO9591674,VRJH5,70,1,229,32,14.5,,A
538006982,2020-08-20T06:23:16,36.96259,-76.42364,0.0,325.5,40.0,ANTE TOPIC,IMO9737072,V7TR4,70,5,,,,,A
367821000,2020-08-20T06:06:07,36.97284,-76.43366,0.0,0.0,511.0,YANO,IMO7825409,NAQH,70,0,276,32,13.0,70,A
366839000,2020-08-20T06:10:04,36.85348,-76.31082,0.0,0.0,39.0,CAPE RISE,IMO7530808,KAFG,70,5,197,32,10.0,,A
538002652,2020-08-20T06:24:50,36.87947,-76.32632,0.0,296.0,276.0,NAIAS,IMO9330800,V7KN8,70,5,225,32,14.0,70,A
367861000,2020-08-20T06:06:00,36.94643,-76.32985,0.0,0.0,265.0,LARAMIE,IMO8906626,NLAR,80,5,193,29,,,A
367932000,2020-08-20T06:23:16,36.94915,-76.32969,0.0,107.0,279.0,JOHN LENTHALL,IMO8325547,NJLN,80,5,193,29,,,A
366839000,2020-08-20T06:22:07,36.85350,-76.31082,0.0,0.0,39.0,CAPE RISE,IMO7530808,KAFG,70,5,197,32,10.0,,A
305855000,2020-08-20T06:23:47,36.86429,-76.31476,0.0,251.8,226.0,BBC PEARL,IMO9504786,V2FY8,70,5,153,23,9.1,70,A
305855000,2020-08-20T06:08:49,36.86428,-76.31476,0.0,251.8,226.0,BBC PEARL,IMO9504786,V2FY8,70,5,153,23,9.1,70,A
367932000,2020-08-20T06:08:17,36.94920,-76.32963,0.0,107.0,279.0,JOHN LENTHALL,IMO8325547,NJLN,80,5,193,29,,,A
477866300,2020-08-20T06:22:24,36.92742,-76.32987,0.0,236.7,355.0,BILBAO BRIDGE,IMO9492701,VRHY6,70,5,269,35,11.0,74,A
368026000,2020-08-20T06:09:20,36.86576,-76.31604,0.0,270.5,2.0,BENAVIDEZ,IMO9218210,NBHG,70,5,289,32,10.9,70,A
477196100,2020-08-20T06:24:53,37.19620,-76.13651,0.1,320.3,105.0,DARYA MA,IMO9591674,VRJH5,70,1,229,32,14.5,,A
211839000,2020-08-20T06:09:58,37.00572,-76.23166,16.3,104.6,105.0,CHICAGO EXPRESS,IMO9295268,DCUJ2,70,0,336,42,14.6,79,A
367821000,2020-08-20T06:09:47,36.97284,-76.43366,0.0,0.0,511.0,YANO,IMO7825409,NAQH,70,0,276,32,13.0,70,A
367821000,2020-08-20T06:15:38,36.97284,-76.43363,0.0,0.0,511.0,YANO,IMO7825409,NAQH,70,0,276,32,13.0,70,A
538006982,2020-08-20T06:26:16,36.96258,-76.42366,0.0,205.9,40.0,ANTE TOPIC,IMO9737072,V7TR4,70,5,,,,,A
211839000,2020-08-20T06:28:28,36.97977,-76.13222,16.3,108.6,109.0,CHICAGO EXPRESS,IMO9295268,DCUJ2,70,0,336,42,14.6,79,A
538006982,2020-08-20T06:11:16,36.96258,-76.42366,0.0,325.5,40.0,ANTE TOPIC,IMO9737072,V7TR4,70,5,,,,,A
367861000,2020-08-20T06:09:01,36.94638,-76.32978,0.0,0.0,265.0,LARAMIE,IMO8906626,NLAR,80,5,193,29,,,A
215677000,2020-08-20T06:27:04,37.23545,-76.11823,0.0,280.6,20.0,RIZE,IMO9584035,9HA2781,70,1,229,32,14.5,,A
367821000,2020-08-20T06:27:07,36.97284,-76.43364,0.0,0.0,511.0,YANO,IMO7825409,NAQH,70,0,276,32,13.0,70,A
211839000,2020-08-20T06:26:40,36.98233,-76.14187,16.6,107.9,109.0,CHICAGO EXPRESS,IMO9295268,DCUJ2,70,0,336,42,14.6,79,A
477866300,2020-08-20T06:28:25,36.92741,-76.32989,0.0,236.7,355.0,BILBAO BRIDGE,IMO9492701,VRHY6,70,5,269,35,11.0,74,A
477196100,2020-08-20T06:09:54,37.19599,-76.13659,0.1,190.6,98.0,DARYA MA,IMO9591674,VRJH5,70,1,229,32,14.5,,A
305855000,2020-08-20T06:26:45,36.86430,-76.31476,0.0,216.6,226.0,BBC PEARL,IMO9504786,V2FY8,70,5,153,23,9.1,70,A
367861000,2020-08-20T06:15:00,36.94638,-76.32977,0.0,0.0,265.0,LARAMIE,IMO8906626,NLAR,80,5,193,29,,,A
477196100,2020-08-20T06:27:53,37.19628,-76.13656,0.1,319.8,107.0,DARYA MA,IMO9591674,VRJH5,70,1,229,32,14.5,,A
367822000,2020-08-20T06:14:56,36.97310,-76.43380,0.0,0.0,238.0,USNS SHUGHART,IMO7825394,NAOQ,70,5,276,32,13.0,70,A
477196100,2020-08-20T06:18:54,37.19609,-76.13659,0.1,10.6,101.0,DARYA MA,IMO9591674,VRJH5,70,1,229,32,14.5,,A
305855000,2020-08-20T06:14:46,36.86426,-76.31477,0.0,251.8,226.0,BBC PEARL,IMO9504786,V2FY8,70,5,153,23,9.1,70,A
215677000,2020-08-20T06:30:03,37.23545,-76.11820,0.1,280.6,19.0,RIZE,IMO9584035,9HA2781,70,1,229,32,14.5,,A
305855000,2020-08-20T06:29:48,36.86429,-76.31477,0.0,235.4,226.0,BBC PEARL,IMO9504786,V2FY8,70,5,153,23,9.1,70,A
305855000,2020-08-20T06:32:48,36.86431,-76.31478,0.0,242.4,226.0,BBC PEARL,IMO9504786,V2FY8,70,5,153,23,9.1,70,A
367932000,2020-08-20T06:11:16,36.94922,-76.32958,0.0,107.0,279.0,JOHN LENTHALL,IMO8325547,NJLN,80,5,193,29,,,A
311004900,2020-08-20T06:17:34,37.12020,-76.13163,15.7,151.0,151.0,SWIFT ACE,IMO9338838,C6XB8,70,0,199,32,9.8,70,A
215677000,2020-08-20T06:18:04,37.23546,-76.11831,0.1,280.6,21.0,RIZE,IMO9584035,9HA2781,70,1,229,32,14.5,,A
311004900,2020-08-20T06:32:34,37.05848,-76.08687,17.9,143.0,143.0,SWIFT ACE,IMO9338838,C6XB8,70,0,199,32,9.8,70,A
311004900,2020-08-20T06:16:21,37.12495,-76.13485,15.4,150.0,151.0,SWIFT ACE,IMO9338838,C6XB8,70,0,199,32,9.8,70,A
367821000,2020-08-20T06:33:47,36.97284,-76.43364,0.0,0.0,511.0,YANO,IMO7825409,NAQH,70,0,276,32,13.0,70,A
311004900,2020-08-20T06:31:28,37.06292,-76.09100,17.7,144.0,145.0,SWIFT ACE,IMO9338838,C6XB8,70,0,199,32,9.8,70,A
366839000,2020-08-20T06:13:05,36.85347,-76.31082,0.0,0.0,39.0,CAPE RISE,IMO7530808,KAFG,70,5,197,32,10.0,,A
211839000,2020-08-20T06:21:52,36.98909,-76.16886,16.7,107.6,108.0,CHICAGO EXPRESS,IMO9295268,DCUJ2,70,0,336,42,14.6,79,A
367932000,2020-08-20T06:32:16,36.94919,-76.32965,0.0,107.0,279.0,JOHN LENTHALL,IMO8325547,NJLN,80,5,193,29,,,A
367821000,2020-08-20T06:21:58,36.97284,-76.43364,0.0,0.0,511.0,YANO,IMO7825409,NAQH,70,0,276,32,13.0,70,A
311004900,2020-08-20T06:21:34,37.10435,-76.12057,16.5,151.0,151.0,SWIFT ACE,IMO9338838,C6XB8,70,0,199,32,9.8,70,A
367821000,2020-08-20T06:20:08,36.97283,-76.43364,0.0,0.0,511.0,YANO,IMO7825409,NAQH,70,0,276,32,13.0,70,A
367821000,2020-08-20T06:35:28,36.97284,-76.43364,0.0,0.0,511.0,YANO,IMO7825409,NAQH,70,0,276,32,13.0,70,A
367822000,2020-08-20T06:32:56,36.97311,-76.43381,0.0,0.0,238.0,USNS SHUGHART,IMO7825394,NAOQ,70,5,276,32,13.0,70,A
305855000,2020-08-20T06:17:48,36.86433,-76.31474,0.0,251.8,226.0,BBC PEARL,IMO9504786,V2FY8,70,5,153,23,9.1,70,A
211839000,2020-08-20T06:18:28,36.99394,-76.18739,16.3,109.6,110.0,CHICAGO EXPRESS,IMO9295268,DCUJ2,70,0,336,42,14.6,79,A
367821000,2020-08-20T06:23:08,36.97284,-76.43364,0.0,0.0,511.0,YANO,IMO7825409,NAQH,70,0,276,32,13.0,70,A
367821000,2020-08-20T06:17:58,36.97283,-76.43364,0.0,0.0,511.0,YANO,IMO7825409,NAQH,70,0,276,32,13.0,70,A
367822000,2020-08-20T06:35:55,36.97311,-76.43382,0.0,0.0,238.0,USNS SHUGHART,IMO7825394,NAOQ,70,5,276,32,13.0,70,A
367932000,2020-08-20T06:35:17,36.94919,-76.32965,0.0,107.0,279.0,JOHN LENTHALL,IMO8325547,NJLN,80,5,193,29,,,A
538002652,2020-08-20T06:18:50,36.87945,-76.32638,0.0,296.0,276.0,NAIAS,IMO9330800,V7KN8,70,5,225,32,14.0,70,A
368026000,2020-08-20T06:21:21,36.86577,-76.31604,0.0,270.5,2.0,BENAVIDEZ,IMO9218210,NBHG,70,5,289,32,10.9,70,A
311004900,2020-08-20T06:22:52,37.09903,-76.11683,16.8,150.0,151.0,SWIFT ACE,IMO9338838,C6XB8,70,0,199,32,9.8,70,A
538006982,2020-08-20T06:35:16,36.96256,-76.42366,0.0,205.4,40.0,ANTE TOPIC,IMO9737072,V7TR4,70,5,,,,,A
215677000,2020-08-20T06:33:02,37.23542,-76.11813,0.1,280.6,19.0,RIZE,IMO9584035,9HA2781,70,1,229,32,14.5,,A
538006982,2020-08-20T06:20:16,36.96257,-76.42364,0.0,325.5,40.0,ANTE TOPIC,IMO9737072,V7TR4,70,5,,,,,A
211839000,2020-08-20T06:23:35,36.98667,-76.15915,16.9,107.3,108.0,CHICAGO EXPRESS,IMO9295268,DCUJ2,70,0,336,42,14.6,79,A
311004900,2020-08-20T06:34:46,37.04973,-76.07852,18.0,141.0,142.0,SWIFT ACE,IMO9338838,C6XB8,70,0,199,32,9.8,70,A
538002652,2020-08-20T06:15:51,36.87943,-76.32643,0.0,296.0,276.0,NAIAS,IMO9330800,V7KN8,70,5,225,32,14.0,70,A
215677000,2020-08-20T06:39:04,37.23542,-76.11806,0.0,280.6,18.0,RIZE,IMO9584035,9HA2781,70,1,229,32,14.5,,A
368026000,2020-08-20T06:15:21,36.86575,-76.31605,0.0,270.5,2.0,BENAVIDEZ,IMO9218210,NBHG,70,5,289,32,10.9,70,A
477866300,2020-08-20T06:16:26,36.92736,-76.32988,0.0,239.9,355.0,BILBAO BRIDGE,IMO9492701,VRHY6,70,5,269,35,11.0,74,A
211839000,2020-08-20T06:17:10,36.99594,-76.19438,15.9,109.6,110.0,CHICAGO EXPRESS,IMO9295268,DCUJ2,70,0,336,42,14.6,79,A
215677000,2020-08-20T06:24:03,37.23545,-76.11827,0.0,280.6,20.0,RIZE,IMO9584035,9HA2781,70,1,229,32,14.5,,A
367821000,2020-08-20T06:42:08,36.97284,-76.43364,0.0,0.0,511.0,YANO,IMO7825409,NAQH,70,0,276,32,13.0,70,A
367821000,2020-08-20T06:29:27,36.97284,-76.43364,0.0,0.0,511.0,YANO,IMO7825409,NAQH,70,0,276,32,13.0,70,A
366839000,2020-08-20T06:25:00,36.85350,-76.31082,0.0,0.0,39.0,CAPE RISE,IMO7530808,KAFG,70,5,197,32,10.0,,A
367821000,2020-08-20T06:37:28,36.97284,-76.43364,0.0,0.0,511.0,YANO,IMO7825409,NAQH,70,0,276,32,13.0,70,A
477866300,2020-08-20T06:25:23,36.92740,-76.32988,0.0,236.7,355.0,BILBAO BRIDGE,IMO9492701,VRHY6,70,5,269,35,11.0,74,A
211839000,2020-08-20T06:31:04,36.97598,-76.11841,15.9,109.6,110.0,CHICAGO EXPRESS,IMO9295268,DCUJ2,70,0,336,42,14.6,79,A
367861000,2020-08-20T06:30:00,36.94640,-76.32976,0.0,0.0,265.0,LARAMIE,IMO8906626,NLAR,80,5,193,29,,,A
477866300,2020-08-20T06:43:25,36.92739,-76.32989,0.0,236.7,355.0,BILBAO BRIDGE,IMO9492701,VRHY6,70,5,269,35,11.0,74,A
538006982,2020-08-20T06:44:16,36.96257,-76.42365,0.0,205.4,40.0,ANTE TOPIC,IMO9737072,V7TR4,70,5,,,,,A
368026000,2020-08-20T06:30:21,36.86576,-76.31605,0.0,270.5,2.0,BENAVIDEZ,IMO9218210,NBHG,70,5,289,32,10.9,70,A
367861000,2020-08-20T06:27:00,36.94638,-76.32983,0.0,0.0,265.0,LARAMIE,IMO8906626,NLAR,80,5,193,29,,,A
367822000,2020-08-20T06:44:55,36.97310,-76.43385,0.0,0.0,238.0,USNS SHUGHART,IMO7825394,NAOQ,70,5,276,32,13.0,70,A
367822000,2020-08-20T06:26:56,36.97311,-76.43381,0.0,0.0,238.0,USNS SHUGHART,IMO7825394,NAOQ,70,5,276,32,13.0,70,A
367932000,2020-08-20T06:26:17,36.94918,-76.32968,0.0,107.0,279.0,JOHN LENTHALL,IMO8325547,NJLN,80,5,193,29,,,A
366839000,2020-08-20T06:19:06,36.85350,-76.31081,0.0,0.0,39.0,CAPE RISE,IMO7530808,KAFG,70,5,197,32,10.0,,A
538006982,2020-08-20T06:38:16,36.96257,-76.42365,0.0,205.4,40.0,ANTE TOPIC,IMO9737072,V7TR4,70,5,,,,,A
211839000,2020-08-20T06:39:58,36.96312,-76.06919,17.5,107.0,107.0,CHICAGO EXPRESS,IMO9295268,DCUJ2,70,0,336,42,14.6,79,A
367822000,2020-08-20T06:38:55,36.97310,-76.43382,0.0,0.0,238.0,USNS SHUGHART,IMO7825394,NAOQ,70,5,276,32,13.0,70,A
477866300,2020-08-20T06:31:23,36.92740,-76.32991,0.0,236.7,355.0,BILBAO BRIDGE,IMO9492701,VRHY6,70,5,269,35,11.0,74,A
367821000,2020-08-20T06:39:47,36.97284,-76.43364,0.0,0.0,511.0,YANO,IMO7825409,NAQH,70,0,276,32,13.0,70,A
368026000,2020-08-20T06:27:21,36.86575,-76.31602,0.0,270.5,2.0,BENAVIDEZ,IMO9218210,NBHG,70,5,289,32,10.9,70,A
367821000,2020-08-20T06:28:18,36.97284,-76.43364,0.0,0.0,511.0,YANO,IMO7825409,NAQH,70,0,276,32,13.0,70,A
477866300,2020-08-20T06:40:24,36.92740,-76.32989,0.0,236.7,355.0,BILBAO BRIDGE,IMO9492701,VRHY6,70,5,269,35,11.0,74,A
538002652,2020-08-20T06:39:51,36.87945,-76.32643,0.0,219.0,276.0,NAIAS,IMO9330800,V7KN8,70,5,225,32,14.0,70,A
211839000,2020-08-20T06:29:40,36.97803,-76.12577,16.0,107.9,109.0,CHICAGO EXPRESS,IMO9295268,DCUJ2,70,0,336,42,14.6,79,A
368026000,2020-08-20T06:33:21,36.86576,-76.31604,0.0,270.5,2.0,BENAVIDEZ,IMO9218210,NBHG,70,5,289,32,10.9,70,A
215677000,2020-08-20T06:42:04,37.23540,-76.11803,0.1,280.6,18.0,RIZE,IMO9584035,9HA2781,70,1,229,32,14.5,,A
367822000,2020-08-20T06:20:55,36.97311,-76.43381,0.0,0.0,238.0,USNS SHUGHART,IMO7825394,NAOQ,70,5,276,32,13.0,70,A
538006982,2020-08-20T06:41:16,36.96258,-76.42367,0.0,205.4,40.0,ANTE TOPIC,IMO9737072,V7TR4,70,5,,,,,A
367932000,2020-08-20T06:29:16,36.94917,-76.32970,0.0,107.0,279.0,JOHN LENTHALL,IMO8325547,NJLN,80,5,193,29,,,A
538006982,2020-08-20T06:29:16,36.96256,-76.42369,0.0,205.4,40.0,ANTE TOPIC,IMO9737072,V7TR4,70,5,,,,,A
367932000,2020-08-20T06:47:17,36.94910,-76.32963,0.0,107.0,279.0,JOHN LENTHALL,IMO8325547,NJLN,80,5,193,29,,,A
367861000,2020-08-20T06:48:00,36.94639,-76.32981,0.0,0.0,265.0,LARAMIE,IMO8906626,NLAR,80,5,193,29,,,A
367821000,2020-08-20T06:30:38,36.97284,-76.43364,0.0,0.0,511.0,YANO,IMO7825409,NAQH,70,0,276,32,13.0,70,A
366733250,2020-08-20T06:48:23,37.32487,-76.06350,6.1,191.5,511.0,ATLANTIC SURVEYOR,,WTR5417,70,15,31,7,,,A
477866300,2020-08-20T06:49:25,36.92739,-76.32990,0.0,236.7,355.0,BILBAO BRIDGE,IMO9492701,VRHY6,70,5,269,35,11.0,74,A
477196100,2020-08-20T06:30:52,37.19630,-76.13653,0.1,348.1,107.0,DARYA MA,IMO9591674,VRJH5,70,1,229,32,14.5,,A
367821000,2020-08-20T06:43:37,36.97284,-76.43364,0.0,0.0,511.0,YANO,IMO7825409,NAQH,70,0,276,32,13.0,70,A
367821000,2020-08-20T06:32:37,36.97284,-76.43364,0.0,0.0,511.0,YANO,IMO7825409,NAQH,70,0,276,32,13.0,70,A
366733250,2020-08-20T06:49:31,37.32297,-76.06400,6.1,191.2,511.0,ATLANTIC SURVEYOR,,WTR5417,70,15,31,7,,,A
368026000,2020-08-20T06:42:21,36.86577,-76.31603,0.0,270.5,2.0,BENAVIDEZ,IMO9218210,NBHG,70,5,289,32,10.9,70,A
368026000,2020-08-20T06:24:21,36.86577,-76.31604,0.0,270.5,2.0,BENAVIDEZ,IMO9218210,NBHG,70,5,289,32,10.9,70,A
211839000,2020-08-20T06:25:22,36.98418,-76.14912,17.1,107.3,108.0,CHICAGO EXPRESS,IMO9295268,DCUJ2,70,0,336,42,14.6,79,A
311004900,2020-08-20T06:25:10,37.08938,-76.11010,17.1,150.0,151.0,SWIFT ACE,IMO9338838,C6XB8,70,0,199,32,9.8,70,A
311004900,2020-08-20T06:38:21,37.03513,-76.06518,18.3,149.0,151.0,SWIFT ACE,IMO9338838,C6XB8,70,0,199,32,9.8,70,A
211839000,2020-08-20T06:35:10,36.96989,-76.09656,16.7,108.6,108.0,CHICAGO EXPRESS,IMO9295268,DCUJ2,70,0,336,42,14.6,79,A
477866300,2020-08-20T06:46:24,36.92740,-76.32988,0.0,236.7,355.0,BILBAO BRIDGE,IMO9492701,VRHY6,70,5,269,35,11.0,74,A
367861000,2020-08-20T06:33:01,36.94640,-76.32975,0.0,0.0,265.0,LARAMIE,IMO8906626,NLAR,80,5,193,29,,,A
538002652,2020-08-20T06:27:49,36.87947,-76.32642,0.0,296.0,276.0,NAIAS,IMO9330800,V7KN8,70,5,225,32,14.0,70,A
538002652,2020-08-20T06:33:50,36.87945,-76.32645,0.0,296.0,276.0,NAIAS,IMO9330800,V7KN8,70,5,225,32,14.0,70,A
538006982,2020-08-20T06:47:16,36.96259,-76.42363,0.0,205.4,40.0,ANTE TOPIC,IMO9737072,V7TR4,70,5,,,,,A
367822000,2020-08-20T06:53:56,36.97309,-76.43385,0.0,0.0,238.0,USNS SHUGHART,IMO7825394,NAOQ,70,5,276,32,13.0,70,A
215677000,2020-08-20T06:36:05,37.23544,-76.11811,0.1,280.6,19.0,RIZE,IMO9584035,9HA2781,70,1,229,32,14.5,,A
366839000,2020-08-20T06:28:00,36.85346,-76.31082,0.0,0.0,39.0,CAPE RISE,IMO7530808,KAFG,70,5,197,32,10.0,,A
305855000,2020-08-20T06:47:48,36.86428,-76.31475,0.0,239.5,226.0,BBC PEARL,IMO9504786,V2FY8,70,5,153,23,9.1,70,A
367861000,2020-08-20T06:36:00,36.94638,-76.32977,0.0,0.0,265.0,LARAMIE,IMO8906626,NLAR,80,5,193,29,,,A
211839000,2020-08-20T06:38:28,36.96525,-76.07787,17.4,106.6,107.0,CHICAGO EXPRESS,IMO9295268,DCUJ2,70,0,336,42,14.6,79,A
367821000,2020-08-20T06:51:18,36.97290,-76.43361,0.0,0.0,511.0,YANO,IMO7825409,NAQH,70,0,276,32,13.0,70,A
538002652,2020-08-20T06:36:51,36.87948,-76.32653,0.0,296.0,276.0,NAIAS,IMO9330800,V7KN8,70,5,225,32,14.0,70,A
367861000,2020-08-20T06:39:00,36.94640,-76.32976,0.0,0.0,265.0,LARAMIE,IMO8906626,NLAR,80,5,193,29,,,A
538002652,2020-08-20T06:42:52,36.87943,-76.32645,0.0,219.0,276.0,NAIAS,IMO9330800,V7KN8,70,5,225,32,14.0,70,A
367822000,2020-08-20T06:29:55,36.97311,-76.43381,0.0,0.0,238.0,USNS SHUGHART,IMO7825394,NAOQ,70,5,276,32,13.0,70,A
367821000,2020-08-20T06:38:38,36.97284,-76.43364,0.0,0.0,511.0,YANO,IMO7825409,NAQH,70,0,276,32,13.0,70,A
305855000,2020-08-20T06:50:47,36.86429,-76.31474,0.0,240.8,226.0,BBC PEARL,IMO9504786,V2FY8,70,5,153,23,9.1,70,A
366839000,2020-08-20T06:43:03,36.85348,-76.31084,0.0,0.0,39.0,CAPE RISE,IMO7530808,KAFG,70,5,197,32,10.0,,A
366839000,2020-08-20T06:37:00,36.85348,-76.31081,0.0,0.0,39.0,CAPE RISE,IMO7530808,KAFG,70,5,197,32,10.0,,A
477196100,2020-08-20T06:57:48,37.19494,-76.13639,0.5,153.9,64.0,DARYA MA,IMO9591674,VRJH5,70,1,229,32,14.5,,A
215677000,2020-08-20T06:57:06,37.23542,-76.11730,0.3,87.9,4.0,RIZE,IMO9584035,9HA2781,70,1,229,32,14.5,,A
366839000,2020-08-20T06:31:02,36.85345,-76.31084,0.0,0.0,39.0,CAPE RISE,IMO7530808,KAFG,70,5,197,32,10.0,,A
477866300,2020-08-20T06:52:23,36.92739,-76.32988,0.0,236.7,355.0,BILBAO BRIDGE,IMO9492701,VRHY6,70,5,269,35,11.0,74,A
538002652,2020-08-20T06:30:51,36.87945,-76.32643,0.0,296.0,276.0,NAIAS,IMO9330800,V7KN8,70,5,225,32,14.0,70,A
211839000,2020-08-20T06:33:10,36.97290,-76.10749,16.4,110.3,110.0,CHICAGO EXPRESS,IMO9295268,DCUJ2,70,0,336,42,14.6,79,A
367861000,2020-08-20T07:00:01,36.94635,-76.32980,0.0,0.0,265.0,LARAMIE,IMO8906626,NLAR,80,5,193,29,,,A
367822000,2020-08-20T06:50:54,36.97309,-76.43385,0.0,0.0,238.0,USNS SHUGHART,IMO7825394,NAOQ,70,5,276,32,13.0,70,A
305855000,2020-08-20T06:38:47,36.86427,-76.31476,0.0,227.7,226.0,BBC PEARL,IMO9504786,V2FY8,70,5,153,23,9.1,70,A
367932000,2020-08-20T06:38:17,36.94914,-76.32964,0.0,107.0,279.0,JOHN LENTHALL,IMO8325547,NJLN,80,5,193,29,,,A
366839000,2020-08-20T06:52:00,36.85348,-76.31083,0.0,0.0,39.0,CAPE RISE,IMO7530808,KAFG,70,5,197,32,10.0,,A
367861000,2020-08-20T06:45:00,36.94643,-76.32981,0.0,0.0,265.0,LARAMIE,IMO8906626,NLAR,80,5,193,29,,,A
538006982,2020-08-20T06:53:16,36.96256,-76.42368,0.0,205.4,40.0,ANTE TOPIC,IMO9737072,V7TR4,70,5,,,,,A
367822000,2020-08-20T06:47:55,36.97309,-76.43385,0.0,0.0,238.0,USNS SHUGHART,IMO7825394,NAOQ,70,5,276,32,13.0,70,A
367861000,2020-08-20T06:54:01,36.94639,-76.32982,0.0,0.0,265.0,LARAMIE,IMO8906626,NLAR,80,5,193,29,,,A
368026000,2020-08-20T06:39:20,36.86576,-76.31606,0.0,270.5,2.0,BENAVIDEZ,IMO9218210,NBHG,70,5,289,32,10.9,70,A
367821000,2020-08-20T06:55:27,36.97289,-76.43361,0.0,0.0,511.0,YANO,IMO7825409,NAQH,70,0,276,32,13.0,70,A
366733250,2020-08-20T07:01:21,37.30258,-76.06909,6.4,191.6,511.0,ATLANTIC SURVEYOR,,WTR5417,70,15,31,7,,,A
477866300,2020-08-20T06:34:23,36.92739,-76.32989,0.0,236.7,355.0,BILBAO BRIDGE,IMO9492701,VRHY6,70,5,269,35,11.0,74,A
477196100,2020-08-20T06:39:53,37.19613,-76.13641,0.1,176.8,103.0,DARYA MA,IMO9591674,VRJH5,70,1,229,32,14.5,,A
367821000,2020-08-20T06:56:47,36.97289,-76.43361,0.0,0.0,511.0,YANO,IMO7825409,NAQH,70,0,276,32,13.0,70,A
366839000,2020-08-20T06:34:05,36.85348,-76.31083,0.0,0.0,39.0,CAPE RISE,IMO7530808,KAFG,70,5,197,32,10.0,,A
367821000,2020-08-20T06:49:47,36.97289,-76.43361,0.0,0.0,511.0,YANO,IMO7825409,NAQH,70,0,276,32,13.0,70,A
367822000,2020-08-20T07:02:55,36.97309,-76.43386,0.0,0.0,238.0,USNS SHUGHART,IMO7825394,NAOQ,70,5,276,32,13.0,70,A
477196100,2020-08-20T06:42:52,37.19604,-76.13644,0.2,203.7,100.0,DARYA MA,IMO9591674,VRJH5,70,1,229,32,14.5,,A
367822000,2020-08-20T06:41:55,36.97311,-76.43385,0.0,0.0,238.0,USNS SHUGHART,IMO7825394,NAOQ,70,5,276,32,13.0,70,A
211839000,2020-08-20T06:36:35,36.96786,-76.08864,17.0,107.0,107.0,CHICAGO EXPRESS,IMO9295268,DCUJ2,70,0,336,42,14.6,79,A
538002652,2020-08-20T06:54:51,36.87945,-76.32643,0.0,219.0,276.0,NAIAS,IMO9330800,V7KN8,70,5,225,32,14.0,70,A
538002652,2020-08-20T06:57:51,36.87945,-76.32640,0.0,219.0,276.0,NAIAS,IMO9330800,V7KN8,70,5,225,32,14.0,70,A
215677000,2020-08-20T07:00:06,37.23546,-76.11692,0.3,83.1,357.0,RIZE,IMO9584035,9HA2781,70,1,229,32,14.5,,A
477196100,2020-08-20T06:36:51,37.19624,-76.13640,0.1,74.2,106.0,DARYA MA,IMO9591674,VRJH5,70,1,229,32,14.5,,A
215677000,2020-08-20T06:45:02,37.23542,-76.11798,0.0,280.6,16.0,RIZE,IMO9584035,9HA2781,70,1,229,32,14.5,,A
477866300,2020-08-20T06:37:25,36.92742,-76.32989,0.0,236.7,355.0,BILBAO BRIDGE,IMO9492701,VRHY6,70,5,269,35,11.0,74,A
368026000,2020-08-20T07:00:21,36.86575,-76.31605,0.0,270.5,2.0,BENAVIDEZ,IMO9218210,NBHG,70,5,289,32,10.9,70,A
367821000,2020-08-20T06:59:07,36.97288,-76.43362,0.0,0.0,511.0,YANO,IMO7825409,NAQH,70,0,276,32,13.0,70,A
367932000,2020-08-20T07:05:17,36.94913,-76.32966,0.0,107.0,279.0,JOHN LENTHALL,IMO8325547,NJLN,80,5,193,29,,,A
367821000,2020-08-20T06:46:18,36.97289,-76.43362,0.0,0.0,511.0,YANO,IMO7825409,NAQH,70,0,276,32,13.0,70,A
367932000,2020-08-20T06:44:16,36.94908,-76.32949,0.0,107.0,279.0,JOHN LENTHALL,IMO8325547,NJLN,80,5,193,29,,,A
477196100,2020-08-20T06:45:53,37.19590,-76.13649,0.2,208.0,96.0,DARYA MA,IMO9591674,VRJH5,70,1,229,32,14.5,,A
366839000,2020-08-20T07:07:03,36.85348,-76.31083,0.0,0.0,39.0,CAPE RISE,IMO7530808,KAFG,70,5,197,32,10.0,,A
368026000,2020-08-20T06:45:21,36.86577,-76.31604,0.0,270.5,2.0,BENAVIDEZ,IMO9218210,NBHG,70,5,289,32,10.9,70,A
367821000,2020-08-20T06:48:28,36.97290,-76.43360,0.0,0.0,511.0,YANO,IMO7825409,NAQH,70,0,276,32,13.0,70,A
215677000,2020-08-20T06:51:05,37.23539,-76.11784,0.1,280.6,16.0,RIZE,IMO9584035,9HA2781,70,1,229,32,14.5,,A
367821000,2020-08-20T06:53:58,36.97289,-76.43361,0.0,0.0,511.0,YANO,IMO7825409,NAQH,70,0,276,32,13.0,70,A
366733250,2020-08-20T06:55:42,37.31243,-76.06665,6.3,191.7,511.0,ATLANTIC SURVEYOR,,WTR5417,70,15,31,7,,,A
366733250,2020-08-20T07:03:42,37.29844,-76.07009,6.4,190.6,511.0,ATLANTIC SURVEYOR,,WTR5417,70,15,31,7,,,A
305855000,2020-08-20T06:53:47,36.86429,-76.31479,0.0,233.7,226.0,BBC PEARL,IMO9504786,V2FY8,70,5,153,23,9.1,70,A
368026000,2020-08-20T06:54:20,36.86577,-76.31604,0.0,270.5,2.0,BENAVIDEZ,IMO9218210,NBHG,70,5,289,32,10.9,70,A
367932000,2020-08-20T07:02:16,36.94915,-76.32964,0.0,107.0,279.0,JOHN LENTHALL,IMO8325547,NJLN,80,5,193,29,,,A
477866300,2020-08-20T07:04:24,36.92742,-76.32989,0.0,166.5,355.0,BILBAO BRIDGE,IMO9492701,VRHY6,70,5,269,35,11.0,74,A
366733250,2020-08-20T06:57:21,37.30957,-76.06735,6.3,191.3,511.0,ATLANTIC SURVEYOR,,WTR5417,70,15,31,7,,,A
366839000,2020-08-20T06:40:00,36.85350,-76.31085,0.0,0.0,39.0,CAPE RISE,IMO7530808,KAFG,70,5,197,32,10.0,,A
367821000,2020-08-20T07:04:48,36.97288,-76.43362,0.0,0.0,511.0,YANO,IMO7825409,NAQH,70,0,276,32,13.0,70,A
367821000,2020-08-20T07:10:57,36.97286,-76.43363,0.0,0.0,511.0,YANO,IMO7825409,NAQH,70,0,276,32,13.0,70,A
366733250,2020-08-20T07:11:11,37.28490,-76.07323,6.7,191.0,511.0,ATLANTIC SURVEYOR,,WTR5417,70,15,31,7,,,A
477866300,2020-08-20T06:55:23,36.92741,-76.32988,0.0,241.3,355.0,BILBAO BRIDGE,IMO9492701,VRHY6,70,5,269,35,11.0,74,A
305855000,2020-08-20T07:11:46,36.86431,-76.31479,0.0,284.0,226.0,BBC PEARL,IMO9504786,V2FY8,70,5,153,23,9.1,70,A
366839000,2020-08-20T06:49:03,36.85348,-76.31084,0.0,0.0,39.0,CAPE RISE,IMO7530808,KAFG,70,5,197,32,10.0,,A
367932000,2020-08-20T07:11:17,36.94912,-76.32968,0.0,107.0,279.0,JOHN LENTHALL,IMO8325547,NJLN,80,5,193,29,,,A
368026000,2020-08-20T06:51:20,36.86577,-76.31605,0.0,270.5,2.0,BENAVIDEZ,IMO9218210,NBHG,70,5,289,32,10.9,70,A
538002652,2020-08-20T06:51:51,36.87945,-76.32640,0.0,219.0,276.0,NAIAS,IMO9330800,V7KN8,70,5,225,32,14.0,70,A
367861000,2020-08-20T07:12:00,36.94633,-76.32982,0.0,0.0,265.0,LARAMIE,IMO8906626,NLAR,80,5,193,29,,,A
366839000,2020-08-20T07:13:03,36.85350,-76.31083,0.0,0.0,39.0,CAPE RISE,IMO7530808,KAFG,70,5,197,32,10.0,,A
305855000,2020-08-20T06:56:48,36.86427,-76.31478,0.0,185.1,226.0,BBC PEARL,IMO9504786,V2FY8,70,5,153,23,9.1,70,A
538006982,2020-08-20T06:50:16,36.96257,-76.42364,0.0,205.4,40.0,ANTE TOPIC,IMO9737072,V7TR4,70,5,,,,,A
305855000,2020-08-20T06:44:47,36.86427,-76.31478,0.0,201.6,226.0,BBC PEARL,IMO9504786,V2FY8,70,5,153,23,9.1,70,A
367861000,2020-08-20T07:15:00,36.94642,-76.32977,0.0,0.0,265.0,LARAMIE,IMO8906626,NLAR,80,5,193,29,,,A
367821000,2020-08-20T07:08:28,36.97287,-76.43363,0.0,0.0,511.0,YANO,IMO7825409,NAQH,70,0,276,32,13.0,70,A
215677000,2020-08-20T06:54:06,37.23540,-76.11763,0.2,90.1,12.0,RIZE,IMO9584035,9HA2781,70,1,229,32,14.5,,A
367932000,2020-08-20T07:08:17,36.94915,-76.32968,0.0,107.0,279.0,JOHN LENTHALL,IMO8325547,NJLN,80,5,193,29,,,A
366733250,2020-08-20T07:08:31,37.28978,-76.07205,6.6,190.6,511.0,ATLANTIC SURVEYOR,,WTR5417,70,15,31,7,,,A
538006982,2020-08-20T07:08:16,36.96256,-76.42365,0.0,205.4,40.0,ANTE TOPIC,IMO9737072,V7TR4,70,5,,,,,A
367932000,2020-08-20T07:17:17,36.94917,-76.32968,0.0,107.0,279.0,JOHN LENTHALL,IMO8325547,NJLN,80,5,193,29,,,A
366733250,2020-08-20T07:09:42,37.28762,-76.07259,6.7,190.9,511.0,ATLANTIC SURVEYOR,,WTR5417,70,15,31,7,,,A
367932000,2020-08-20T06:56:17,36.94908,-76.32948,0.0,107.0,279.0,JOHN LENTHALL,IMO8325547,NJLN,80,5,193,29,,,A
215677000,2020-08-20T07:09:04,37.23574,-76.11594,0.3,59.9,332.0,RIZE,IMO9584035,9HA2781,70,1,229,32,14.5,,A
215677000,2020-08-20T06:48:04,37.23539,-76.11791,0.0,280.6,16.0,RIZE,IMO9584035,9HA2781,70,1,229,32,14.5,,A
367821000,2020-08-20T06:57:58,36.97288,-76.43362,0.0,0.0,511.0,YANO,IMO7825409,NAQH,70,0,276,32,13.0,70,A
367821000,2020-08-20T07:09:37,36.97287,-76.43363,0.0,0.0,511.0,YANO,IMO7825409,NAQH,70,0,276,32,13.0,70,A
477196100,2020-08-20T06:48:53,37.19574,-76.13661,0.2,199.1,90.0,DARYA MA,IMO9591674,VRJH5,70,1,229,32,14.5,,A
368026000,2020-08-20T06:57:21,36.86576,-76.31604,0.0,270.5,2.0,BENAVIDEZ,IMO9218210,NBHG,70,5,289,32,10.9,70,A
366839000,2020-08-20T07:01:04,36.85349,-76.31082,0.0,0.0,39.0,CAPE RISE,IMO7530808,KAFG,70,5,197,32,10.0,,A
366733250,2020-08-20T06:58:33,37.30752,-76.06788,6.3,192.0,511.0,ATLANTIC SURVEYOR,,WTR5417,70,15,31,7,,,A
366733250,2020-08-20T06:51:42,37.31930,-76.06499,6.2,191.7,511.0,ATLANTIC SURVEYOR,,WTR5417,70,15,31,7,,,A
305855000,2020-08-20T06:59:49,36.86429,-76.31481,0.0,258.1,226.0,BBC PEARL,IMO9504786,V2FY8,70,5,153,23,9.1,70,A
477866300,2020-08-20T07:01:24,36.92742,-76.32987,0.0,166.5,355.0,BILBAO BRIDGE,IMO9492701,VRHY6,70,5,269,35,11.0,74,A
477196100,2020-08-20T06:51:54,37.19550,-76.13663,0.3,182.8,82.0,DARYA MA,IMO9591674,VRJH5,70,1,229,32,14.5,,A
367822000,2020-08-20T06:59:56,36.97309,-76.43386,0.0,0.0,238.0,USNS SHUGHART,IMO7825394,NAOQ,70,5,276,32,13.0,70,A
366733250,2020-08-20T07:02:32,37.30050,-76.06960,6.4,190.9,511.0,ATLANTIC SURVEYOR,,WTR5417,70,15,31,7,,,A
367821000,2020-08-20T07:13:18,36.97286,-76.43363,0.0,0.0,511.0,YANO,IMO7825409,NAQH,70,0,276,32,13.0,70,A
367932000,2020-08-20T06:50:17,36.94912,-76.32969,0.0,107.0,279.0,JOHN LENTHALL,IMO8325547,NJLN,80,5,193,29,,,A
367861000,2020-08-20T06:51:00,36.94642,-76.32987,0.0,0.0,265.0,LARAMIE,IMO8906626,NLAR,80,5,193,29,,,A
305855000,2020-08-20T07:02:49,36.86427,-76.31478,0.0,182.3,226.0,BBC PEARL,IMO9504786,V2FY8,70,5,153,23,9.1,70,A
367821000,2020-08-20T00:03:38,36.97284,-76.43366,0.0,0.0,511.0,YANO,IMO7825409,NAQH,70,0,276,32,13.0,70,A
366839000,2020-08-20T07:22:03,36.85346,-76.31081,0.0,0.0,39.0,CAPE RISE,IMO7530808,KAFG,70,5,197,32,10.0,,A
366733250,2020-08-20T07:23:32,37.26148,-76.07861,7.1,190.3,511.0,ATLANTIC SURVEYOR,,WTR5417,70,15,31,7,,,A
538002652,2020-08-20T00:03:52,36.87945,-76.32643,0.0,226.0,276.0,NAIAS,IMO9330800,V7KN8,70,5,225,32,14.0,70,A
367822000,2020-08-20T07:14:55,36.97310,-76.43385,0.0,0.0,238.0,USNS SHUGHART,IMO7825394,NAOQ,70,5,276,32,13.0,70,A
367821000,2020-08-20T07:16:18,36.97284,-76.43367,0.0,0.0,511.0,YANO,IMO7825409,NAQH,70,0,276,32,13.0,70,A
366733250,2020-08-20T07:13:31,37.28057,-76.07428,6.8,190.6,511.0,ATLANTIC SURVEYOR,,WTR5417,70,15,31,7,,,A
368026000,2020-08-20T07:15:20,36.86576,-76.31605,0.0,270.5,2.0,BENAVIDEZ,IMO9218210,NBHG,70,5,289,32,10.9,70,A
366839000,2020-08-20T07:04:05,36.85350,-76.31083,0.0,0.0,39.0,CAPE RISE,IMO7530808,KAFG,70,5,197,32,10.0,,A
477196100,2020-08-20T07:24:50,37.19402,-76.13389,0.1,83.6,354.0,DARYA MA,IMO9591674,VRJH5,70,1,229,32,14.5,,A
366733250,2020-08-20T06:52:52,37.31735,-76.06547,6.2,190.8,511.0,ATLANTIC SURVEYOR,,WTR5417,70,15,31,7,,,A
367861000,2020-08-20T07:03:01,36.94638,-76.32983,0.0,0.0,265.0,LARAMIE,IMO8906626,NLAR,80,5,193,29,,,A
538006982,2020-08-20T07:05:16,36.96257,-76.42364,0.0,205.4,40.0,ANTE TOPIC,IMO9737072,V7TR4,70,5,,,,,A
366733250,2020-08-20T07:04:53,37.29638,-76.07057,6.5,189.2,511.0,ATLANTIC SURVEYOR,,WTR5417,70,15,31,7,,,A
305855000,2020-08-20T07:05:46,36.86429,-76.31478,0.0,265.7,226.0,BBC PEARL,IMO9504786,V2FY8,70,5,153,23,9.1,70,A
538006982,2020-08-20T07:26:16,36.96256,-76.42365,0.0,205.4,40.0,ANTE TOPIC,IMO9737072,V7TR4,70,5,,,,,A
368026000,2020-08-20T07:06:21,36.86577,-76.31605,0.0,270.5,2.0,BENAVIDEZ,IMO9218210,NBHG,70,5,289,32,10.9,70,A
215677000,2020-08-20T07:06:00,37.23561,-76.11627,0.3,71.6,340.0,RIZE,IMO9584035,9HA2781,70,1,229,32,14.5,,A
367821000,2020-08-20T07:03:37,36.97288,-76.43362,0.0,0.0,511.0,YANO,IMO7825409,NAQH,70,0,276,32,13.0,70,A
477196100,2020-08-20T06:54:55,37.19525,-76.13657,0.4,165.3,74.0,DARYA MA,IMO9591674,VRJH5,70,1,229,32,14.5,,A
477866300,2020-08-20T07:16:23,36.92740,-76.32987,0.0,172.1,355.0,BILBAO BRIDGE,IMO9492701,VRHY6,70,5,269,35,11.0,74,A
367821000,2020-08-20T07:25:57,36.97282,-76.43368,0.0,0.0,511.0,YANO,IMO7825409,NAQH,70,0,276,32,13.0,70,A
367822000,2020-08-20T07:17:55,36.97310,-76.43385,0.0,0.0,238.0,USNS SHUGHART,IMO7825394,NAOQ,70,5,276,32,13.0,70,A
215677000,2020-08-20T07:03:04,37.23552,-76.11657,0.3,78.3,348.0,RIZE,IMO9584035,9HA2781,70,1,229,32,14.5,,A
538002652,2020-08-20T07:03:51,36.87945,-76.32643,0.0,219.0,276.0,NAIAS,IMO9330800,V7KN8,70,5,225,32,14.0,70,A
367821000,2020-08-20T07:29:27,36.97282,-76.43367,0.0,0.0,511.0,YANO,IMO7825409,NAQH,70,0,276,32,13.0,70,A
367861000,2020-08-20T07:30:00,36.94638,-76.32985,0.0,0.0,265.0,LARAMIE,IMO8906626,NLAR,80,5,193,29,,,A
538006982,2020-08-20T07:29:16,36.96258,-76.42367,0.0,205.4,40.0,ANTE TOPIC,IMO9737072,V7TR4,70,5,,,,,A
305855000,2020-08-20T07:29:46,36.86428,-76.31476,0.0,77.1,227.0,BBC PEARL,IMO9504786,V2FY8,70,5,153,23,9.1,70,A
367932000,2020-08-20T06:59:17,36.94912,-76.32972,0.0,107.0,279.0,JOHN LENTHALL,IMO8325547,NJLN,80,5,193,29,,,A
366839000,2020-08-20T07:19:03,36.85348,-76.31085,0.0,0.0,39.0,CAPE RISE,IMO7530808,KAFG,70,5,197,32,10.0,,A
367822000,2020-08-20T07:08:56,36.97309,-76.43386,0.0,0.0,238.0,USNS SHUGHART,IMO7825394,NAOQ,70,5,276,32,13.0,70,A
367821000,2020-08-20T07:19:57,36.97283,-76.43369,0.0,0.0,511.0,YANO,IMO7825409,NAQH,70,0,276,32,13.0,70,A
367861000,2020-08-20T07:21:00,36.94631,-76.32973,0.0,0.0,265.0,LARAMIE,IMO8906626,NLAR,80,5,193,29,,,A
368026000,2020-08-20T07:21:21,36.86573,-76.31602,0.0,270.5,2.0,BENAVIDEZ,IMO9218210,NBHG,70,5,289,32,10.9,70,A
366839000,2020-08-20T06:58:04,36.85348,-76.31084,0.0,0.0,39.0,CAPE RISE,IMO7530808,KAFG,70,5,197,32,10.0,,A
215677000,2020-08-20T07:18:03,37.23608,-76.11537,0.1,69.6,312.0,RIZE,IMO9584035,9HA2781,70,1,229,32,14.5,,A
538002652,2020-08-20T07:06:52,36.87947,-76.32643,0.0,219.0,276.0,NAIAS,IMO9330800,V7KN8,70,5,225,32,14.0,70,A
477196100,2020-08-20T07:09:52,37.19384,-76.13471,0.4,104.4,8.0,DARYA MA,IMO9591674,VRJH5,70,1,229,32,14.5,,A
538002652,2020-08-20T07:09:50,36.87947,-76.32643,0.0,219.0,276.0,NAIAS,IMO9330800,V7KN8,70,5,225,32,14.0,70,A
366733250,2020-08-20T07:06:01,37.29432,-76.07102,6.6,190.1,511.0,ATLANTIC SURVEYOR,,WTR5417,70,15,31,7,,,A
367861000,2020-08-20T07:09:00,36.94640,-76.32979,0.0,0.0,265.0,LARAMIE,IMO8906626,NLAR,80,5,193,29,,,A
477196100,2020-08-20T07:00:53,37.19457,-76.13607,0.5,145.3,50.0,DARYA MA,IMO9591674,VRJH5,70,1,229,32,14.5,,A
368026000,2020-08-20T07:09:20,36.86576,-76.31602,0.1,270.5,2.0,BENAVIDEZ,IMO9218210,NBHG,70,5,289,32,10.9,70,A
366733250,2020-08-20T07:00:12,37.30464,-76.06860,6.4,191.3,511.0,ATLANTIC SURVEYOR,,WTR5417,70,15,31,7,,,A
305855000,2020-08-20T07:20:49,36.86428,-76.31477,0.0,263.4,227.0,BBC PEARL,IMO9504786,V2FY8,70,5,153,23,9.1,70,A
477866300,2020-08-20T07:07:25,36.92740,-76.32988,0.0,172.1,355.0,BILBAO BRIDGE,IMO9492701,VRHY6,70,5,269,35,11.0,74,A
538002652,2020-08-20T07:00:52,36.87947,-76.32643,0.0,219.0,276.0,NAIAS,IMO9330800,V7KN8,70,5,225,32,14.0,70,A
477866300,2020-08-20T07:34:26,36.92744,-76.32990,0.0,166.0,355.0,BILBAO BRIDGE,IMO9492701,VRHY6,70,5,269,35,11.0,74,A
367822000,2020-08-20T07:11:56,36.97308,-76.43385,0.0,0.0,238.0,USNS SHUGHART,IMO7825394,NAOQ,70,5,276,32,13.0,70,A
367932000,2020-08-20T07:23:16,36.94915,-76.32963,0.0,107.0,279.0,JOHN LENTHALL,IMO8325547,NJLN,80,5,193,29,,,A
477866300,2020-08-20T07:13:23,36.92738,-76.32990,0.0,172.1,355.0,BILBAO BRIDGE,IMO9492701,VRHY6,70,5,269,35,11.0,74,A
538002652,2020-08-20T07:24:52,36.87940,-76.32643,0.0,219.0,276.0,NAIAS,IMO9330800,V7KN8,70,5,225,32,14.0,70,A
367821000,2020-08-20T07:02:28,36.97288,-76.43362,0.0,0.0,511.0,YANO,IMO7825409,NAQH,70,0,276,32,13.0,70,A
367821000,2020-08-20T07:24:49,36.97281,-76.43368,0.0,0.0,511.0,YANO,IMO7825409,NAQH,70,0,276,32,13.0,70,A
538006982,2020-08-20T07:11:16,36.96257,-76.42366,0.0,205.4,40.0,ANTE TOPIC,IMO9737072,V7TR4,70,5,,,,,A
538006982,2020-08-20T07:14:16,36.96257,-76.42367,0.0,205.4,40.0,ANTE TOPIC,IMO9737072,V7TR4,70,5,,,,,A
367932000,2020-08-20T07:38:17,36.94920,-76.32977,0.0,107.0,279.0,JOHN LENTHALL,IMO8325547,NJLN,80,5,193,29,,,A
305855000,2020-08-20T07:26:48,36.86428,-76.31476,0.0,78.7,227.0,BBC PEARL,IMO9504786,V2FY8,70,5,153,23,9.1,70,A
538002652,2020-08-20T07:12:50,36.87943,-76.32640,0.0,219.0,276.0,NAIAS,IMO9330800,V7KN8,70,5,225,32,14.0,70,A
368026000,2020-08-20T07:27:21,36.86574,-76.31604,0.0,270.5,2.0,BENAVIDEZ,IMO9218210,NBHG,70,5,289,32,10.9,70,A
367822000,2020-08-20T07:26:55,36.97309,-76.43384,0.0,0.0,238.0,USNS SHUGHART,IMO7825394,NAOQ,70,5,276,32,13.0,70,A
367822000,2020-08-20T07:41:56,36.97310,-76.43384,0.0,0.0,238.0,USNS SHUGHART,IMO7825394,NAOQ,70,5,276,32,13.0,70,A
215677000,2020-08-20T07:12:03,37.23591,-76.11570,0.2,50.7,323.0,RIZE,IMO9584035,9HA2781,70,1,229,32,14.5,,A
477196100,2020-08-20T07:27:53,37.19397,-76.13381,0.1,83.6,350.0,DARYA MA,IMO9591674,VRJH5,70,1,229,32,14.5,,A
367861000,2020-08-20T07:27:01,36.94634,-76.32980,0.0,0.0,265.0,LARAMIE,IMO8906626,NLAR,80,5,193,29,,,A
477866300,2020-08-20T07:28:25,36.92739,-76.32988,0.1,178.5,355.0,BILBAO BRIDGE,IMO9492701,VRHY6,70,5,269,35,11.0,74,A
367822000,2020-08-20T07:05:55,36.97309,-76.43386,0.0,0.0,238.0,USNS SHUGHART,IMO7825394,NAOQ,70,5,276,32,13.0,70,A
367932000,2020-08-20T07:14:17,36.94914,-76.32963,0.0,107.0,279.0,JOHN LENTHALL,IMO8325547,NJLN,80,5,193,29,,,A
367821000,2020-08-20T07:12:07,36.97286,-76.43363,0.0,0.0,511.0,YANO,IMO7825409,NAQH,70,0,276,32,13.0,70,A
477196100,2020-08-20T07:06:51,37.19399,-76.13515,0.5,117.9,20.0,DARYA MA,IMO9591674,VRJH5,70,1,229,32,14.5,,A
366839000,2020-08-20T07:16:04,36.85349,-76.31085,0.0,0.0,39.0,CAPE RISE,IMO7530808,KAFG,70,5,197,32,10.0,,A
366733250,2020-08-20T07:07:11,37.29220,-76.07150,6.6,190.4,511.0,ATLANTIC SURVEYOR,,WTR5417,70,15,31,7,,,A
477738200,2020-08-20T07:43:57,36.98798,-76.16260,16.0,287.3,287.0,COSCO PHILIPPINES,IMO9448762,VRGM7,70,0,334,42,14.5,72,A
538006982,2020-08-20T07:17:16,36.96258,-76.42368,0.0,205.4,40.0,ANTE TOPIC,IMO9737072,V7TR4,70,5,,,,,A
367821000,2020-08-20T07:07:18,36.97287,-76.43363,0.0,0.0,511.0,YANO,IMO7825409,NAQH,70,0,276,32,13.0,70,A
367932000,2020-08-20T07:41:17,36.94917,-76.32970,0.0,107.0,279.0,JOHN LENTHALL,IMO8325547,NJLN,80,5,193,29,,,A
368026000,2020-08-20T07:18:22,36.86576,-76.31605,0.0,270.5,2.0,BENAVIDEZ,IMO9218210,NBHG,70,5,289,32,10.9,70,A
477738200,2020-08-20T07:31:46,36.97082,-76.09667,16.6,288.6,288.0,COSCO PHILIPPINES,IMO9448762,VRGM7,70,0,334,42,14.5,72,A
215677000,2020-08-20T07:33:04,37.23577,-76.11561,0.1,225.9,319.0,RIZE,IMO9584035,9HA2781,70,1,229,32,14.5,,A
367822000,2020-08-20T07:44:56,36.97310,-76.43383,0.0,0.0,238.0,USNS SHUGHART,IMO7825394,NAOQ,70,5,276,32,13.0,70,A
368026000,2020-08-20T07:33:21,36.86575,-76.31604,0.0,270.5,2.0,BENAVIDEZ,IMO9218210,NBHG,70,5,289,32,10.9,70,A
367861000,2020-08-20T07:45:01,36.94636,-76.32984,0.0,0.0,265.0,LARAMIE,IMO8906626,NLAR,80,5,193,29,,,A
538006982,2020-08-20T07:32:16,36.96259,-76.42364,0.0,205.4,40.0,ANTE TOPIC,IMO9737072,V7TR4,70,5,,,,,A
477196100,2020-08-20T07:33:54,37.19392,-76.13364,0.1,83.6,346.0,DARYA MA,IMO9591674,VRJH5,70,1,229,32,14.5,,A
367932000,2020-08-20T07:20:17,36.94918,-76.32963,0.0,107.0,279.0,JOHN LENTHALL,IMO8325547,NJLN,80,5,193,29,,,A
477196100,2020-08-20T07:18:50,37.19391,-76.13414,0.1,83.6,358.0,DARYA MA,IMO9591674,VRJH5,70,1,229,32,14.5,,A
366733250,2020-08-20T07:19:12,37.26990,-76.07669,7.0,191.2,511.0,ATLANTIC SURVEYOR,,WTR5417,70,15,31,7,,,A
367821000,2020-08-20T07:23:48,36.97282,-76.43368,0.0,0.0,511.0,YANO,IMO7825409,NAQH,70,0,276,32,13.0,70,A
366733250,2020-08-20T07:48:42,37.22511,-76.07225,4.0,161.1,511.0,ATLANTIC SURVEYOR,,WTR5417,70,15,31,7,,,A
366733250,2020-08-20T07:12:23,37.28271,-76.07377,6.8,190.4,511.0,ATLANTIC SURVEYOR,,WTR5417,70,15,31,7,,,A
477866300,2020-08-20T07:46:23,36.92743,-76.32986,0.0,166.0,355.0,BILBAO BRIDGE,IMO9492701,VRHY6,70,5,269,35,11.0,74,A
477196100,2020-08-20T07:12:50,37.19385,-76.13439,0.2,86.8,0.0,DARYA MA,IMO9591674,VRJH5,70,1,229,32,14.5,,A
368026000,2020-08-20T07:12:21,36.86576,-76.31604,0.0,270.5,2.0,BENAVIDEZ,IMO9218210,NBHG,70,5,289,32,10.9,70,A
368026000,2020-08-20T07:36:20,36.86574,-76.31603,0.0,270.5,2.0,BENAVIDEZ,IMO9218210,NBHG,70,5,289,32,10.9,70,A
538002652,2020-08-20T07:36:50,36.87945,-76.32648,0.0,219.0,276.0,NAIAS,IMO9330800,V7KN8,70,5,225,32,14.0,70,A
538002652,2020-08-20T07:21:52,36.87947,-76.32643,0.0,219.0,276.0,NAIAS,IMO9330800,V7KN8,70,5,225,32,14.0,70,A
367821000,2020-08-20T07:22:17,36.97282,-76.43368,0.0,0.0,511.0,YANO,IMO7825409,NAQH,70,0,276,32,13.0,70,A
538006982,2020-08-20T07:35:16,36.96259,-76.42365,0.0,170.7,40.0,ANTE TOPIC,IMO9737072,V7TR4,70,5,,,,,A
367822000,2020-08-20T07:35:55,36.97310,-76.43384,0.0,0.0,238.0,USNS SHUGHART,IMO7825394,NAOQ,70,5,276,32,13.0,70,A
367861000,2020-08-20T07:48:00,36.94637,-76.32983,0.0,0.0,265.0,LARAMIE,IMO8906626,NLAR,80,5,193,29,,,A
477738200,2020-08-20T07:50:45,36.99681,-76.19865,15.9,287.0,289.0,COSCO PHILIPPINES,IMO9448762,VRGM7,70,0,334,42,14.5,72,A
477196100,2020-08-20T07:48:53,37.19387,-76.13380,0.1,83.6,345.0,DARYA MA,IMO9591674,VRJH5,70,1,229,32,14.5,,A
538002652,2020-08-20T07:48:52,36.87948,-76.32652,0.0,219.0,276.0,NAIAS,IMO9330800,V7KN8,70,5,225,32,14.0,70,A
367821000,2020-08-20T07:48:08,36.97283,-76.43366,0.0,0.0,511.0,YANO,IMO7825409,NAQH,70,0,276,32,13.0,70,A
367821000,2020-08-20T07:21:08,36.97282,-76.43369,0.0,0.0,511.0,YANO,IMO7825409,NAQH,70,0,276,32,13.0,70,A
305855000,2020-08-20T07:14:47,36.86429,-76.31477,0.0,286.3,226.0,BBC PEARL,IMO9504786,V2FY8,70,5,153,23,9.1,70,A
366733250,2020-08-20T07:15:01,37.27778,-76.07492,6.8,189.5,511.0,ATLANTIC SURVEYOR,,WTR5417,70,15,31,7,,,A
366733250,2020-08-20T07:26:02,37.25664,-76.07973,7.1,190.4,511.0,ATLANTIC SURVEYOR,,WTR5417,70,15,31,7,,,A
366839000,2020-08-20T07:25:04,36.85347,-76.31083,0.0,0.0,39.0,CAPE RISE,IMO7530808,KAFG,70,5,197,32,10.0,,A
366839000,2020-08-20T07:37:03,36.85348,-76.31082,0.0,0.0,39.0,CAPE RISE,IMO7530808,KAFG,70,5,197,32,10.0,,A
538006982,2020-08-20T07:38:16,36.96259,-76.42364,0.0,170.7,40.0,ANTE TOPIC,IMO9737072,V7TR4,70,5,,,,,A
305855000,2020-08-20T07:50:47,36.86429,-76.31476,0.0,157.0,226.0,BBC PEARL,IMO9504786,V2FY8,70,5,153,23,9.1,70,A
366733250,2020-08-20T07:16:31,37.27495,-76.07553,6.8,189.8,511.0,ATLANTIC SURVEYOR,,WTR5417,70,15,31,7,,,A
305855000,2020-08-20T07:17:47,36.86427,-76.31480,0.0,295.9,226.0,BBC PEARL,IMO9504786,V2FY8,70,5,153,23,9.1,70,A
477196100,2020-08-20T07:39:47,37.19388,-76.13367,0.1,83.6,342.0,DARYA MA,IMO9591674,VRJH5,70,1,229,32,14.5,,A
477738200,2020-08-20T07:40:15,36.98307,-76.14307,16.2,287.5,287.0,COSCO PHILIPPINES,IMO9448762,VRGM7,70,0,334,42,14.5,72,A
367861000,2020-08-20T07:39:01,36.94638,-76.32981,0.0,0.0,265.0,LARAMIE,IMO8906626,NLAR,80,5,193,29,,,A
367821000,2020-08-20T07:27:08,36.97282,-76.43367,0.0,0.0,511.0,YANO,IMO7825409,NAQH,70,0,276,32,13.0,70,A
477738200,2020-08-20T07:28:21,36.96605,-76.07785,16.8,287.0,287.0,COSCO PHILIPPINES,IMO9448762,VRGM7,70,0,334,42,14.5,72,A
215677000,2020-08-20T07:27:04,37.23590,-76.11545,0.2,228.0,314.0,RIZE,IMO9584035,9HA2781,70,1,229,32,14.5,,A
366733250,2020-08-20T07:24:42,37.25924,-76.07912,7.1,190.8,511.0,ATLANTIC SURVEYOR,,WTR5417,70,15,31,7,,,A
477738200,2020-08-20T07:42:51,36.98655,-76.15688,16.0,287.3,287.0,COSCO PHILIPPINES,IMO9448762,VRGM7,70,0,334,42,14.5,72,A
477738200,2020-08-20T07:29:33,36.96765,-76.08447,16.7,286.5,287.0,COSCO PHILIPPINES,IMO9448762,VRGM7,70,0,334,42,14.5,72,A
366733250,2020-08-20T07:18:01,37.27212,-76.07617,6.9,190.4,511.0,ATLANTIC SURVEYOR,,WTR5417,70,15,31,7,,,A
305855000,2020-08-20T07:41:46,36.86428,-76.31475,0.0,157.0,226.0,BBC PEARL,IMO9504786,V2FY8,70,5,153,23,9.1,70,A
538006982,2020-08-20T07:41:16,36.96258,-76.42367,0.0,170.7,40.0,ANTE TOPIC,IMO9737072,V7TR4,70,5,,,,,A
477738200,2020-08-20T07:30:39,36.96918,-76.09055,16.7,287.8,288.0,COSCO PHILIPPINES,IMO9448762,VRGM7,70,0,334,42,14.5,72,A
215677000,2020-08-20T07:54:08,37.23554,-76.11602,0.1,225.9,330.0,RIZE,IMO9584035,9HA2781,70,1,229,32,14.5,,A
368026000,2020-08-20T07:42:20,36.86575,-76.31604,0.0,270.5,2.0,BENAVIDEZ,IMO9218210,NBHG,70,5,289,32,10.9,70,A
368026000,2020-08-20T07:30:22,36.86577,-76.31606,0.0,270.5,2.0,BENAVIDEZ,IMO9218210,NBHG,70,5,289,32,10.9,70,A
538002652,2020-08-20T07:18:52,36.87948,-76.32642,0.0,219.0,276.0,NAIAS,IMO9330800,V7KN8,70,5,225,32,14.0,70,A
367822000,2020-08-20T07:29:56,36.97310,-76.43384,0.0,0.0,238.0,USNS SHUGHART,IMO7825394,NAOQ,70,5,276,32,13.0,70,A
366733250,2020-08-20T07:44:31,37.22956,-76.07411,4.0,162.9,511.0,ATLANTIC SURVEYOR,,WTR5417,70,15,31,7,,,A
367821000,2020-08-20T07:30:38,36.97283,-76.43367,0.0,0.0,511.0,YANO,IMO7825409,NAQH,70,0,276,32,13.0,70,A
538002652,2020-08-20T07:30:50,36.87942,-76.32645,0.0,219.0,276.0,NAIAS,IMO9330800,V7KN8,70,5,225,32,14.0,70,A
477866300,2020-08-20T07:19:23,36.92739,-76.32986,0.0,178.1,355.0,BILBAO BRIDGE,IMO9492701,VRHY6,70,5,269,35,11.0,74,A
477738200,2020-08-20T07:32:57,36.97257,-76.10309,16.4,288.6,288.0,COSCO PHILIPPINES,IMO9448762,VRGM7,70,0,334,42,14.5,72,A
366733250,2020-08-20T07:29:31,37.24976,-76.08121,7.2,189.6,511.0,ATLANTIC SURVEYOR,,WTR5417,70,15,31,7,,,A
366733250,2020-08-20T07:45:52,37.22811,-76.07352,4.0,161.6,511.0,ATLANTIC SURVEYOR,,WTR5417,70,15,31,7,,,A
477738200,2020-08-20T07:58:51,37.00873,-76.24127,15.7,284.3,276.0,COSCO PHILIPPINES,IMO9448762,VRGM7,70,0,334,42,14.5,72,A
477196100,2020-08-20T07:42:50,37.19390,-76.13375,0.1,83.6,343.0,DARYA MA,IMO9591674,VRJH5,70,1,229,32,14.5,,A
366733250,2020-08-20T07:30:51,37.24705,-76.08166,7.1,174.6,511.0,ATLANTIC SURVEYOR,,WTR5417,70,15,31,7,,,A
367861000,2020-08-20T07:57:00,36.94637,-76.32983,0.0,0.0,265.0,LARAMIE,IMO8906626,NLAR,80,5,193,29,,,A
477738200,2020-08-20T07:34:45,36.97521,-76.11289,16.7,288.4,288.0,COSCO PHILIPPINES,IMO9448762,VRGM7,70,0,334,42,14.5,72,A
366733250,2020-08-20T07:32:11,37.24455,-76.08048,7.3,156.7,511.0,ATLANTIC SURVEYOR,,WTR5417,70,15,31,7,,,A
215677000,2020-08-20T07:36:03,37.23571,-76.11566,0.1,225.9,321.0,RIZE,IMO9584035,9HA2781,70,1,229,32,14.5,,A
477866300,2020-08-20T07:58:23,36.92744,-76.32990,0.0,124.9,355.0,BILBAO BRIDGE,IMO9492701,VRHY6,70,5,269,35,11.0,74,A
477196100,2020-08-20T07:57:53,37.19385,-76.13388,0.0,83.6,349.0,DARYA MA,IMO9591674,VRJH5,70,1,229,32,14.5,,A
366839000,2020-08-20T07:31:05,36.85349,-76.31083,0.0,0.0,39.0,CAPE RISE,IMO7530808,KAFG,70,5,197,32,10.0,,A
367821000,2020-08-20T07:46:58,36.97283,-76.43366,0.0,0.0,511.0,YANO,IMO7825409,NAQH,70,0,276,32,13.0,70,A
367861000,2020-08-20T07:33:01,36.94640,-76.32984,0.0,0.0,265.0,LARAMIE,IMO8906626,NLAR,80,5,193,29,,,A
477866300,2020-08-20T07:31:26,36.92742,-76.32988,0.0,166.0,355.0,BILBAO BRIDGE,IMO9492701,VRHY6,70,5,269,35,11.0,74,A
368026000,2020-08-20T07:45:21,36.86576,-76.31603,0.0,270.5,2.0,BENAVIDEZ,IMO9218210,NBHG,70,5,289,32,10.9,70,A
477738200,2020-08-20T07:37:15,36.97896,-76.12682,16.8,288.0,287.0,COSCO PHILIPPINES,IMO9448762,VRGM7,70,0,334,42,14.5,72,A
477196100,2020-08-20T07:21:53,37.19397,-76.13399,0.1,83.6,356.0,DARYA MA,IMO9591674,VRJH5,70,1,229,32,14.5,,A
477196100,2020-08-20T07:45:47,37.19388,-76.13377,0.0,83.6,344.0,DARYA MA,IMO9591674,VRJH5,70,1,229,32,14.5,,A
215677000,2020-08-20T07:21:04,37.23603,-76.11530,0.1,69.6,311.0,RIZE,IMO9584035,9HA2781,70,1,229,32,14.5,,A
366733250,2020-08-20T07:22:01,37.26443,-76.07790,7.0,190.0,511.0,ATLANTIC SURVEYOR,,WTR5417,70,15,31,7,,,A
366733250,2020-08-20T07:35:31,37.23997,-76.07817,4.5,163.7,511.0,ATLANTIC SURVEYOR,,WTR5417,70,15,31,7,,,A
477196100,2020-08-20T07:36:47,37.19387,-76.13362,0.0,83.6,343.0,DARYA MA,IMO9591674,VRJH5,70,1,229,32,14.5,,A
477738200,2020-08-20T07:49:39,36.99539,-76.19283,15.9,286.5,287.0,COSCO PHILIPPINES,IMO9448762,VRGM7,70,0,334,42,14.5,72,A
538002652,2020-08-20T07:33:49,36.87950,-76.32637,0.0,219.0,276.0,NAIAS,IMO9330800,V7KN8,70,5,225,32,14.0,70,A
367932000,2020-08-20T07:35:16,36.94915,-76.32964,0.0,107.0,279.0,JOHN LENTHALL,IMO8325547,NJLN,80,5,193,29,,,A
366733250,2020-08-20T07:50:42,37.22301,-76.07135,3.9,160.6,511.0,ATLANTIC SURVEYOR,,WTR5417,70,15,31,7,,,A
367861000,2020-08-20T07:51:01,36.94638,-76.32982,0.0,0.0,265.0,LARAMIE,IMO8906626,NLAR,80,5,193,29,,,A
367821000,2020-08-20T07:37:48,36.97282,-76.43366,0.0,0.0,511.0,YANO,IMO7825409,NAQH,70,0,276,32,13.0,70,A
366839000,2020-08-20T07:49:05,36.85349,-76.31082,0.0,0.0,39.0,CAPE RISE,IMO7530808,KAFG,70,5,197,32,10.0,,A
366733250,2020-08-20T07:38:22,37.23648,-76.07685,4.6,163.1,511.0,ATLANTIC SURVEYOR,,WTR5417,70,15,31,7,,,A
477738200,2020-08-20T07:51:57,36.99853,-76.20494,16.1,289.0,289.0,COSCO PHILIPPINES,IMO9448762,VRGM7,70,0,334,42,14.5,72,A
215677000,2020-08-20T07:24:04,37.23596,-76.11536,0.1,69.6,311.0,RIZE,IMO9584035,9HA2781,70,1,229,32,14.5,,A
367822000,2020-08-20T07:23:56,36.97310,-76.43384,0.0,0.0,238.0,USNS SHUGHART,IMO7825394,NAOQ,70,5,276,32,13.0,70,A
367822000,2020-08-20T07:38:55,36.97310,-76.43384,0.0,0.0,238.0,USNS SHUGHART,IMO7825394,NAOQ,70,5,276,32,13.0,70,A
538006982,2020-08-20T07:50:16,36.96259,-76.42364,0.0,170.7,40.0,ANTE TOPIC,IMO9737072,V7TR4,70,5,,,,,A
477866300,2020-08-20T07:37:23,36.92744,-76.32988,0.0,166.0,355.0,BILBAO BRIDGE,IMO9492701,VRHY6,70,5,269,35,11.0,74,A
215677000,2020-08-20T07:39:06,37.23567,-76.11576,0.1,225.9,323.0,RIZE,IMO9584035,9HA2781,70,1,229,32,14.5,,A
215677000,2020-08-20T07:51:05,37.23557,-76.11599,0.1,225.9,330.0,RIZE,IMO9584035,9HA2781,70,1,229,32,14.5,,A
477738200,2020-08-20T07:41:33,36.98480,-76.14991,16.0,287.3,287.0,COSCO PHILIPPINES,IMO9448762,VRGM7,70,0,334,42,14.5,72,A
367932000,2020-08-20T07:50:17,36.94924,-76.32965,0.0,107.0,279.0,JOHN LENTHALL,IMO8325547,NJLN,80,5,193,29,,,A
477738200,2020-08-20T07:26:03,36.96291,-76.06537,17.1,287.8,287.0,COSCO PHILIPPINES,IMO9448762,VRGM7,70,0,334,42,14.5,72,A
367821000,2020-08-20T07:41:07,36.97283,-76.43366,0.0,0.0,511.0,YANO,IMO7825409,NAQH,70,0,276,32,13.0,70,A
367821000,2020-08-20T07:52:08,36.97283,-76.43365,0.0,0.0,511.0,YANO,IMO7825409,NAQH,70,0,276,32,13.0,70,A
367861000,2020-08-20T07:54:00,36.94642,-76.32985,0.0,0.0,265.0,LARAMIE,IMO8906626,NLAR,80,5,193,29,,,A
477738200,2020-08-20T07:53:45,37.00117,-76.21433,16.1,289.1,289.0,COSCO PHILIPPINES,IMO9448762,VRGM7,70,0,334,42,14.5,72,A
367932000,2020-08-20T07:26:18,36.94915,-76.32964,0.0,107.0,279.0,JOHN LENTHALL,IMO8325547,NJLN,80,5,193,29,,,A
477866300,2020-08-20T07:52:25,36.92741,-76.32989,0.0,166.0,355.0,BILBAO BRIDGE,IMO9492701,VRHY6,70,5,269,35,11.0,74,A
367861000,2020-08-20T07:42:01,36.94635,-76.32978,0.0,0.0,265.0,LARAMIE,IMO8906626,NLAR,80,5,193,29,,,A
215677000,2020-08-20T07:42:05,37.23564,-76.11584,0.1,225.9,326.0,RIZE,IMO9584035,9HA2781,70,1,229,32,14.5,,A
366839000,2020-08-20T07:43:06,36.85350,-76.31082,0.0,0.0,39.0,CAPE RISE,IMO7530808,KAFG,70,5,197,32,10.0,,A
477738200,2020-08-20T08:03:21,37.00724,-76.26504,15.4,259.1,258.0,COSCO PHILIPPINES,IMO9448762,VRGM7,70,0,334,42,14.5,72,A
367821000,2020-08-20T07:42:18,36.97283,-76.43366,0.0,0.0,511.0,YANO,IMO7825409,NAQH,70,0,276,32,13.0,70,A
366733250,2020-08-20T07:54:12,37.21931,-76.06976,3.9,160.4,511.0,ATLANTIC SURVEYOR,,WTR5417,70,15,31,7,,,A
215677000,2020-08-20T07:45:06,37.23562,-76.11592,0.1,225.9,328.0,RIZE,IMO9584035,9HA2781,70,1,229,32,14.5,,A
366839000,2020-08-20T07:40:07,36.85347,-76.31081,0.0,0.0,39.0,CAPE RISE,IMO7530808,KAFG,70,5,197,32,10.0,,A
367821000,2020-08-20T07:28:18,36.97282,-76.43367,0.0,0.0,511.0,YANO,IMO7825409,NAQH,70,0,276,32,13.0,70,A
477866300,2020-08-20T07:55:25,36.92739,-76.32987,0.0,166.0,355.0,BILBAO BRIDGE,IMO9492701,VRHY6,70,5,269,35,11.0,74,A
367821000,2020-08-20T07:43:28,36.97283,-76.43366,0.0,0.0,511.0,YANO,IMO7825409,NAQH,70,0,276,32,13.0,70,A
367821000,2020-08-20T08:03:37,36.97285,-76.43363,0.0,0.0,511.0,YANO,IMO7825409,NAQH,70,0,276,32,13.0,70,A
366733250,2020-08-20T07:28:22,37.25201,-76.08071,7.2,190.2,511.0,ATLANTIC SURVEYOR,,WTR5417,70,15,31,7,,,A
366733250,2020-08-20T07:42:22,37.23187,-76.07503,4.0,162.0,511.0,ATLANTIC SURVEYOR,,WTR5417,70,15,31,7,,,A
366839000,2020-08-20T08:04:09,36.85349,-76.31082,0.0,0.0,39.0,CAPE RISE,IMO7530808,KAFG,70,5,197,32,10.0,,A
367932000,2020-08-20T07:53:16,36.94920,-76.32974,0.0,107.0,279.0,JOHN LENTHALL,IMO8325547,NJLN,80,5,193,29,,,A
367932000,2020-08-20T07:29:16,36.94916,-76.32964,0.0,107.0,279.0,JOHN LENTHALL,IMO8325547,NJLN,80,5,193,29,,,A
367821000,2020-08-20T07:56:48,36.97286,-76.43364,0.0,0.0,511.0,YANO,IMO7825409,NAQH,70,0,276,32,13.0,70,A
367821000,2020-08-20T07:44:37,36.97283,-76.43366,0.0,0.0,511.0,YANO,IMO7825409,NAQH,70,0,276,32,13.0,70,A
215677000,2020-08-20T07:30:04,37.23582,-76.11556,0.1,225.9,318.0,RIZE,IMO9584035,9HA2781,70,1,229,32,14.5,,A
538002652,2020-08-20T07:45:49,36.87945,-76.32652,0.0,219.0,276.0,NAIAS,IMO9330800,V7KN8,70,5,225,32,14.0,70,A
477196100,2020-08-20T07:30:52,37.19400,-76.13371,0.1,83.6,348.0,DARYA MA,IMO9591674,VRJH5,70,1,229,32,14.5,,A
477738200,2020-08-20T07:57:27,37.00676,-76.23391,16.0,289.7,289.0,COSCO PHILIPPINES,IMO9448762,VRGM7,70,0,334,42,14.5,72,A
538006982,2020-08-20T07:47:16,36.96259,-76.42365,0.0,170.7,40.0,ANTE TOPIC,IMO9737072,V7TR4,70,5,,,,,A
367822000,2020-08-20T07:32:56,36.97310,-76.43384,0.0,0.0,238.0,USNS SHUGHART,IMO7825394,NAOQ,70,5,276,32,13.0,70,A
368026000,2020-08-20T07:48:20,36.86576,-76.31602,0.0,270.5,2.0,BENAVIDEZ,IMO9218210,NBHG,70,5,289,32,10.9,70,A
366733250,2020-08-20T08:00:02,37.21359,-76.06646,3.9,154.0,511.0,ATLANTIC SURVEYOR,,WTR5417,70,15,31,7,,,A
367821000,2020-08-20T07:34:48,36.97283,-76.43367,0.0,0.0,511.0,YANO,IMO7825409,NAQH,70,0,276,32,13.0,70,A
538002652,2020-08-20T08:00:50,36.87948,-76.32643,0.0,219.0,276.0,NAIAS,IMO9330800,V7KN8,70,5,225,32,14.0,70,A
538002652,2020-08-20T07:51:51,36.87948,-76.32640,0.0,219.0,276.0,NAIAS,IMO9330800,V7KN8,70,5,225,32,14.0,70,A
368026000,2020-08-20T07:57:21,36.86576,-76.31602,0.0,270.5,2.0,BENAVIDEZ,IMO9218210,NBHG,70,5,289,32,10.9,70,A
366839000,2020-08-20T07:52:07,36.85350,-76.31082,0.0,0.0,39.0,CAPE RISE,IMO7530808,KAFG,70,5,197,32,10.0,,A
366733250,2020-08-20T07:51:52,37.22178,-76.07083,4.0,160.8,511.0,ATLANTIC SURVEYOR,,WTR5417,70,15,31,7,,,A
305855000,2020-08-20T07:47:46,36.86429,-76.31476,0.0,157.0,226.0,BBC PEARL,IMO9504786,V2FY8,70,5,153,23,9.1,70,A
366733250,2020-08-20T07:53:02,37.22056,-76.07031,4.0,160.0,511.0,ATLANTIC SURVEYOR,,WTR5417,70,15,31,7,,,A
477738200,2020-08-20T07:55:27,37.00373,-76.22340,16.2,289.5,289.0,COSCO PHILIPPINES,IMO9448762,VRGM7,70,0,334,42,14.5,72,A
367822000,2020-08-20T07:47:55,36.97313,-76.43381,0.0,0.0,238.0,USNS SHUGHART,IMO7825394,NAOQ,70,5,276,32,13.0,70,A
538006982,2020-08-20T07:53:16,36.96258,-76.42366,0.0,170.7,40.0,ANTE TOPIC,IMO9737072,V7TR4,70,5,,,,,A
367821000,2020-08-20T07:35:58,36.97282,-76.43367,0.0,0.0,511.0,YANO,IMO7825409,NAQH,70,0,276,32,13.0,70,A
367821000,2020-08-20T07:53:17,36.97288,-76.43360,0.0,0.0,511.0,YANO,IMO7825409,NAQH,70,0,276,32,13.0,70,A
477738200,2020-08-20T08:08:51,37.00088,-76.29288,15.1,246.6,242.0,COSCO PHILIPPINES,IMO9448762,VRGM7,70,0,334,42,14.5,72,A
367821000,2020-08-20T08:04:48,36.97285,-76.43363,0.0,0.0,511.0,YANO,IMO7825409,NAQH,70,0,276,32,13.0,70,A
477866300,2020-08-20T07:49:25,36.92743,-76.32989,0.0,166.0,355.0,BILBAO BRIDGE,IMO9492701,VRHY6,70,5,269,35,11.0,74,A
305855000,2020-08-20T08:05:46,36.86428,-76.31474,0.0,157.0,226.0,BBC PEARL,IMO9504786,V2FY8,70,5,153,23,9.1,70,A
367861000,2020-08-20T08:06:00,36.94635,-76.32977,0.0,0.0,265.0,LARAMIE,IMO8906626,NLAR,80,5,193,29,,,A
367861000,2020-08-20T08:03:01,36.94637,-76.32977,0.0,0.0,265.0,LARAMIE,IMO8906626,NLAR,80,5,193,29,,,A
368026000,2020-08-20T07:54:20,36.86575,-76.31602,0.0,270.5,2.0,BENAVIDEZ,IMO9218210,NBHG,70,5,289,32,10.9,70,A
477196100,2020-08-20T07:54:52,37.19387,-76.13389,0.1,83.6,348.0,DARYA MA,IMO9591674,VRJH5,70,1,229,32,14.5,,A
538002652,2020-08-20T08:09:51,36.87948,-76.32645,0.0,219.0,276.0,NAIAS,IMO9330800,V7KN8,70,5,225,32,14.0,70,A
367822000,2020-08-20T07:50:56,36.97312,-76.43382,0.0,0.0,238.0,USNS SHUGHART,IMO7825394,NAOQ,70,5,276,32,13.0,70,A
477738200,2020-08-20T08:07:45,37.00256,-76.28750,15.2,249.4,248.0,COSCO PHILIPPINES,IMO9448762,VRGM7,70,0,334,42,14.5,72,A
368026000,2020-08-20T08:03:21,36.86576,-76.31604,0.0,270.5,2.0,BENAVIDEZ,IMO9218210,NBHG,70,5,289,32,10.9,70,A
366733250,2020-08-20T07:39:31,37.23507,-76.07631,4.6,162.9,511.0,ATLANTIC SURVEYOR,,WTR5417,70,15,31,7,,,A
477738200,2020-08-20T07:38:21,36.98049,-76.13282,16.5,287.5,287.0,COSCO PHILIPPINES,IMO9448762,VRGM7,70,0,334,42,14.5,72,A
305855000,2020-08-20T07:56:47,36.86429,-76.31475,0.0,157.0,226.0,BBC PEARL,IMO9504786,V2FY8,70,5,153,23,9.1,70,A
367861000,2020-08-20T08:00:00,36.94637,-76.32981,0.0,0.0,265.0,LARAMIE,IMO8906626,NLAR,80,5,193,29,,,A
305855000,2020-08-20T07:38:48,36.86429,-76.31475,0.0,157.0,226.0,BBC PEARL,IMO9504786,V2FY8,70,5,153,23,9.1,70,A
305855000,2020-08-20T07:53:47,36.86429,-76.31475,0.0,157.0,226.0,BBC PEARL,IMO9504786,V2FY8,70,5,153,23,9.1,70,A
477738200,2020-08-20T08:11:03,36.99636,-76.30283,15.0,240.0,241.0,COSCO PHILIPPINES,IMO9448762,VRGM7,70,0,334,42,14.5,72,A
367822000,2020-08-20T07:53:55,36.97312,-76.43382,0.0,0.0,238.0,USNS SHUGHART,IMO7825394,NAOQ,70,5,276,32,13.0,70,A
305855000,2020-08-20T08:08:48,36.86427,-76.31477,0.0,92.7,226.0,BBC PEARL,IMO9504786,V2FY8,70,5,153,23,9.1,70,A
215677000,2020-08-20T08:09:03,37.23539,-76.11646,0.1,225.9,339.0,RIZE,IMO9584035,9HA2781,70,1,229,32,14.5,,A
368026000,2020-08-20T07:39:20,36.86577,-76.31604,0.0,270.5,2.0,BENAVIDEZ,IMO9218210,NBHG,70,5,289,32,10.9,70,A
366839000,2020-08-20T07:58:09,36.85348,-76.31085,0.0,0.0,39.0,CAPE RISE,IMO7530808,KAFG,70,5,197,32,10.0,,A
367821000,2020-08-20T07:57:57,36.97286,-76.43364,0.0,0.0,511.0,YANO,IMO7825409,NAQH,70,0,276,32,13.0,70,A
367821000,2020-08-20T07:55:37,36.97289,-76.43366,0.0,0.0,511.0,YANO,IMO7825409,NAQH,70,0,276,32,13.0,70,A
368026000,2020-08-20T08:09:20,36.86576,-76.31604,0.0,270.5,2.0,BENAVIDEZ,IMO9218210,NBHG,70,5,289,32,10.9,70,A
367821000,2020-08-20T08:00:08,36.97285,-76.43362,0.0,0.0,511.0,YANO,IMO7825409,NAQH,70,0,276,32,13.0,70,A
367821000,2020-08-20T07:59:08,36.97286,-76.43363,0.0,0.0,511.0,YANO,IMO7825409,NAQH,70,0,276,32,13.0,70,A
215677000,2020-08-20T08:06:05,37.23540,-76.11637,0.1,225.9,336.0,RIZE,IMO9584035,9HA2781,70,1,229,32,14.5,,A
367932000,2020-08-20T08:11:17,36.94917,-76.32968,0.0,107.0,279.0,JOHN LENTHALL,IMO8325547,NJLN,80,5,193,29,,,A
477196100,2020-08-20T08:12:52,37.19387,-76.13408,0.1,83.6,349.0,DARYA MA,IMO9591674,VRJH5,70,1,229,32,14.5,,A
367821000,2020-08-20T08:05:58,36.97285,-76.43363,0.0,0.0,511.0,YANO,IMO7825409,NAQH,70,0,276,32,13.0,70,A
305855000,2020-08-20T07:59:49,36.86427,-76.31475,0.0,157.0,226.0,BBC PEARL,IMO9504786,V2FY8,70,5,153,23,9.1,70,A
477738200,2020-08-20T08:14:39,36.98780,-76.31650,13.3,227.5,228.0,COSCO PHILIPPINES,IMO9448762,VRGM7,70,0,334,42,14.5,72,A
367822000,2020-08-20T07:56:54,36.97312,-76.43382,0.0,0.0,238.0,USNS SHUGHART,IMO7825394,NAOQ,70,5,276,32,13.0,70,A
538002652,2020-08-20T07:57:51,36.87947,-76.32643,0.0,219.0,276.0,NAIAS,IMO9330800,V7KN8,70,5,225,32,14.0,70,A
368026000,2020-08-20T08:00:21,36.86575,-76.31604,0.0,270.5,2.0,BENAVIDEZ,IMO9218210,NBHG,70,5,289,32,10.9,70,A
538006982,2020-08-20T08:08:16,36.96261,-76.42367,0.0,170.7,40.0,ANTE TOPIC,IMO9737072,V7TR4,70,5,,,,,A
368026000,2020-08-20T08:15:20,36.86575,-76.31605,0.0,270.5,2.0,BENAVIDEZ,IMO9218210,NBHG,70,5,289,32,10.9,70,A
367822000,2020-08-20T08:08:55,36.97312,-76.43383,0.0,0.0,238.0,USNS SHUGHART,IMO7825394,NAOQ,70,5,276,32,13.0,70,A
477866300,2020-08-20T08:01:24,36.92742,-76.32986,0.0,124.9,355.0,BILBAO BRIDGE,IMO9492701,VRHY6,70,5,269,35,11.0,74,A
477866300,2020-08-20T07:43:25,36.92741,-76.32989,0.0,166.0,355.0,BILBAO BRIDGE,IMO9492701,VRHY6,70,5,269,35,11.0,74,A
215677000,2020-08-20T08:00:00,37.23548,-76.11616,0.1,225.9,333.0,RIZE,IMO9584035,9HA2781,70,1,229,32,14.5,,A
477738200,2020-08-20T07:45:27,36.98997,-76.17059,15.9,287.0,287.0,COSCO PHILIPPINES,IMO9448762,VRGM7,70,0,334,42,14.5,72,A
366733250,2020-08-20T08:01:12,37.21247,-76.06577,3.8,153.3,511.0,ATLANTIC SURVEYOR,,WTR5417,70,15,31,7,,,A
477196100,2020-08-20T08:15:47,37.19384,-76.13420,0.1,83.6,353.0,DARYA MA,IMO9591674,VRJH5,70,1,229,32,14.5,,A
367932000,2020-08-20T07:59:17,36.94920,-76.32971,0.0,107.0,279.0,JOHN LENTHALL,IMO8325547,NJLN,80,5,193,29,,,A
477738200,2020-08-20T07:46:34,36.99143,-76.17642,15.9,287.1,287.0,COSCO PHILIPPINES,IMO9448762,VRGM7,70,0,334,42,14.5,72,A
368026000,2020-08-20T08:12:20,36.86575,-76.31605,0.0,270.5,2.0,BENAVIDEZ,IMO9218210,NBHG,70,5,289,32,10.9,70,A
538006982,2020-08-20T08:02:16,36.96256,-76.42365,0.0,170.7,40.0,ANTE TOPIC,IMO9737072,V7TR4,70,5,,,,,A
367932000,2020-08-20T07:44:17,36.94917,-76.32965,0.0,107.0,279.0,JOHN LENTHALL,IMO8325547,NJLN,80,5,193,29,,,A
366733250,2020-08-20T08:03:32,37.21021,-76.06433,3.8,152.4,511.0,ATLANTIC SURVEYOR,,WTR5417,70,15,31,7,,,A
538002652,2020-08-20T08:15:52,36.87943,-76.32642,0.0,219.0,276.0,NAIAS,IMO9330800,V7KN8,70,5,225,32,14.0,70,A
367821000,2020-08-20T07:45:48,36.97283,-76.43366,0.0,0.0,511.0,YANO,IMO7825409,NAQH,70,0,276,32,13.0,70,A
367822000,2020-08-20T08:02:54,36.97312,-76.43383,0.0,0.0,238.0,USNS SHUGHART,IMO7825394,NAOQ,70,5,276,32,13.0,70,A
477738200,2020-08-20T08:05:34,37.00529,-76.27651,15.3,258.2,253.0,COSCO PHILIPPINES,IMO9448762,VRGM7,70,0,334,42,14.5,72,A
538002652,2020-08-20T08:03:52,36.87947,-76.32647,0.0,219.0,276.0,NAIAS,IMO9330800,V7KN8,70,5,225,32,14.0,70,A
366733250,2020-08-20T08:04:42,37.20906,-76.06360,3.9,152.5,511.0,ATLANTIC SURVEYOR,,WTR5417,70,15,31,7,,,A
477196100,2020-08-20T08:09:54,37.19391,-76.13403,0.1,83.6,347.0,DARYA MA,IMO9591674,VRJH5,70,1,229,32,14.5,,A
366839000,2020-08-20T08:01:03,36.85350,-76.31084,0.0,0.0,39.0,CAPE RISE,IMO7530808,KAFG,70,5,197,32,10.0,,A
477738200,2020-08-20T08:01:10,37.00900,-76.25364,15.3,263.8,259.0,COSCO PHILIPPINES,IMO9448762,VRGM7,70,0,334,42,14.5,72,A
215677000,2020-08-20T07:48:06,37.23561,-76.11596,0.1,225.9,329.0,RIZE,IMO9584035,9HA2781,70,1,229,32,14.5,,A
366733250,2020-08-20T08:02:22,37.21133,-76.06504,3.9,153.3,511.0,ATLANTIC SURVEYOR,,WTR5417,70,15,31,7,,,A
367821000,2020-08-20T08:12:08,36.97285,-76.43363,0.0,0.0,511.0,YANO,IMO7825409,NAQH,70,0,276,32,13.0,70,A
368026000,2020-08-20T08:06:21,36.86575,-76.31603,0.0,270.5,2.0,BENAVIDEZ,IMO9218210,NBHG,70,5,289,32,10.9,70,A
477196100,2020-08-20T08:06:53,37.19391,-76.13395,0.0,83.6,348.0,DARYA MA,IMO9591674,VRJH5,70,1,229,32,14.5,,A
367821000,2020-08-20T08:18:08,36.97285,-76.43363,0.0,0.0,511.0,YANO,IMO7825409,NAQH,70,0,276,32,13.0,70,A
368026000,2020-08-20T08:21:21,36.86576,-76.31605,0.0,270.5,2.0,BENAVIDEZ,IMO9218210,NBHG,70,5,289,32,10.9,70,A
538006982,2020-08-20T08:17:16,36.96258,-76.42366,0.0,170.7,40.0,ANTE TOPIC,IMO9737072,V7TR4,70,5,,,,,A
215677000,2020-08-20T08:21:05,37.23537,-76.11647,0.0,225.9,342.0,RIZE,IMO9584035,9HA2781,70,1,229,32,14.5,,A
477196100,2020-08-20T07:51:53,37.19388,-76.13383,0.1,83.6,346.0,DARYA MA,IMO9591674,VRJH5,70,1,229,32,14.5,,A
368026000,2020-08-20T07:51:21,36.86575,-76.31603,0.0,270.5,2.0,BENAVIDEZ,IMO9218210,NBHG,70,5,289,32,10.9,70,A
477738200,2020-08-20T08:04:27,37.00629,-76.27073,15.1,257.6,256.0,COSCO PHILIPPINES,IMO9448762,VRGM7,70,0,334,42,14.5,72,A
367821000,2020-08-20T08:23:27,36.97285,-76.43363,0.0,0.0,511.0,YANO,IMO7825409,NAQH,70,0,276,32,13.0,70,A
367861000,2020-08-20T08:15:01,36.94633,-76.32975,0.0,0.0,265.0,LARAMIE,IMO8906626,NLAR,80,5,193,29,,,A
477738200,2020-08-20T08:16:12,36.98403,-76.32165,12.8,227.2,226.0,COSCO PHILIPPINES,IMO9448762,VRGM7,70,0,334,42,14.5,72,A
215677000,2020-08-20T08:24:05,37.23537,-76.11648,0.0,225.9,341.0,RIZE,IMO9584035,9HA2781,70,1,229,32,14.5,,A
367821000,2020-08-20T08:25:27,36.97285,-76.43364,0.0,0.0,511.0,YANO,IMO7825409,NAQH,70,0,276,32,13.0,70,A
367821000,2020-08-20T08:20:37,36.97285,-76.43363,0.0,0.0,511.0,YANO,IMO7825409,NAQH,70,0,276,32,13.0,70,A
367821000,2020-08-20T07:54:27,36.97289,-76.43365,0.0,0.0,511.0,YANO,IMO7825409,NAQH,70,0,276,32,13.0,70,A
366839000,2020-08-20T08:16:07,36.85351,-76.31083,0.0,0.0,39.0,CAPE RISE,IMO7530808,KAFG,70,5,197,32,10.0,,A
366733250,2020-08-20T07:57:12,37.21635,-76.06813,3.8,154.7,511.0,ATLANTIC SURVEYOR,,WTR5417,70,15,31,7,,,A
366839000,2020-08-20T08:10:08,36.85349,-76.31083,0.0,0.0,39.0,CAPE RISE,IMO7530808,KAFG,70,5,197,32,10.0,,A
305855000,2020-08-20T08:20:46,36.86428,-76.31475,0.0,75.7,226.0,BBC PEARL,IMO9504786,V2FY8,70,5,153,23,9.1,70,A
367821000,2020-08-20T08:22:08,36.97285,-76.43363,0.0,0.0,511.0,YANO,IMO7825409,NAQH,70,0,276,32,13.0,70,A
477738200,2020-08-20T08:06:39,37.00410,-76.28195,15.2,254.4,251.0,COSCO PHILIPPINES,IMO9448762,VRGM7,70,0,334,42,14.5,72,A
367822000,2020-08-20T08:05:56,36.97312,-76.43383,0.0,0.0,238.0,USNS SHUGHART,IMO7825394,NAOQ,70,5,276,32,13.0,70,A
367861000,2020-08-20T08:18:01,36.94639,-76.32974,0.0,0.0,265.0,LARAMIE,IMO8906626,NLAR,80,5,193,29,,,A
367861000,2020-08-20T08:12:00,36.94638,-76.32987,0.0,0.0,265.0,LARAMIE,IMO8906626,NLAR,80,5,193,29,,,A
477738200,2020-08-20T08:12:15,36.99379,-76.30803,14.3,235.2,232.0,COSCO PHILIPPINES,IMO9448762,VRGM7,70,0,334,42,14.5,72,A
305855000,2020-08-20T08:11:49,36.86429,-76.31475,0.0,90.6,226.0,BBC PEARL,IMO9504786,V2FY8,70,5,153,23,9.1,70,A
477866300,2020-08-20T08:07:24,36.92742,-76.32990,0.0,124.9,355.0,BILBAO BRIDGE,IMO9492701,VRHY6,70,5,269,35,11.0,74,A
367821000,2020-08-20T08:08:38,36.97286,-76.43363,0.0,0.0,511.0,YANO,IMO7825409,NAQH,70,0,276,32,13.0,70,A
368026000,2020-08-20T08:18:20,36.86577,-76.31603,0.0,270.5,2.0,BENAVIDEZ,IMO9218210,NBHG,70,5,289,32,10.9,70,A
215677000,2020-08-20T08:27:05,37.23536,-76.11651,0.0,225.9,341.0,RIZE,IMO9584035,9HA2781,70,1,229,32,14.5,,A
538006982,2020-08-20T08:26:16,36.96258,-76.42365,0.0,170.7,40.0,ANTE TOPIC,IMO9737072,V7TR4,70,5,,,,,A
538006982,2020-08-20T07:59:16,36.96257,-76.42364,0.0,170.7,40.0,ANTE TOPIC,IMO9737072,V7TR4,70,5,,,,,A
366839000,2020-08-20T08:13:01,36.85350,-76.31084,0.0,0.0,39.0,CAPE RISE,IMO7530808,KAFG,70,5,197,32,10.0,,A
477738200,2020-08-20T08:20:41,36.97420,-76.33343,10.7,219.6,211.0,COSCO PHILIPPINES,IMO9448762,VRGM7,70,0,334,42,14.5,72,A
367932000,2020-08-20T08:20:16,36.94915,-76.32969,0.0,107.0,279.0,JOHN LENTHALL,IMO8325547,NJLN,80,5,193,29,,,A
367821000,2020-08-20T08:28:28,36.97285,-76.43363,0.0,0.0,511.0,YANO,IMO7825409,NAQH,70,0,276,32,13.0,70,A
477866300,2020-08-20T08:21:01,36.92743,-76.32991,0.0,124.9,355.0,BILBAO BRIDGE,IMO9492701,VRHY6,70,0,269,35,11.0,74,A
215677000,2020-08-20T08:15:03,37.23537,-76.11648,0.0,225.9,342.0,RIZE,IMO9584035,9HA2781,70,1,229,32,14.5,,A
477738200,2020-08-20T08:00:03,37.00927,-76.24771,15.4,273.1,268.0,COSCO PHILIPPINES,IMO9448762,VRGM7,70,0,334,42,14.5,72,A
477196100,2020-08-20T08:21:50,37.19382,-76.13416,0.0,83.6,355.0,DARYA MA,IMO9591674,VRJH5,70,1,229,32,14.5,,A
477866300,2020-08-20T08:22:22,36.92744,-76.32990,0.0,124.9,355.0,BILBAO BRIDGE,IMO9492701,VRHY6,70,0,269,35,11.0,74,A
477866300,2020-08-20T08:28:52,36.92741,-76.32991,0.1,234.7,354.0,BILBAO BRIDGE,IMO9492701,VRHY6,70,0,269,35,11.0,74,A
367932000,2020-08-20T08:14:17,36.94917,-76.32970,0.0,107.0,279.0,JOHN LENTHALL,IMO8325547,NJLN,80,5,193,29,,,A
477866300,2020-08-20T08:16:31,36.92739,-76.32989,0.0,124.9,355.0,BILBAO BRIDGE,IMO9492701,VRHY6,70,0,269,35,11.0,74,A
477196100,2020-08-20T08:00:51,37.19386,-76.13390,0.0,83.6,349.0,DARYA MA,IMO9591674,VRJH5,70,1,229,32,14.5,,A
477738200,2020-08-20T08:02:15,37.00813,-76.25928,15.3,258.6,258.0,COSCO PHILIPPINES,IMO9448762,VRGM7,70,0,334,42,14.5,72,A
367821000,2020-08-20T08:02:28,36.97285,-76.43363,0.0,0.0,511.0,YANO,IMO7825409,NAQH,70,0,276,32,13.0,70,A
367932000,2020-08-20T08:02:17,36.94918,-76.32969,0.0,107.0,279.0,JOHN LENTHALL,IMO8325547,NJLN,80,5,193,29,,,A
477866300,2020-08-20T08:25:32,36.92741,-76.32989,0.0,124.9,355.0,BILBAO BRIDGE,IMO9492701,VRHY6,70,0,269,35,11.0,74,A
477866300,2020-08-20T08:10:24,36.92741,-76.32991,0.0,124.9,355.0,BILBAO BRIDGE,IMO9492701,VRHY6,70,5,269,35,11.0,74,A
305855000,2020-08-20T08:02:45,36.86427,-76.31475,0.0,157.0,226.0,BBC PEARL,IMO9504786,V2FY8,70,5,153,23,9.1,70,A
477738200,2020-08-20T08:17:21,36.98135,-76.32515,11.9,225.8,226.0,COSCO PHILIPPINES,IMO9448762,VRGM7,70,0,334,42,14.5,72,A
215677000,2020-08-20T08:03:01,37.23545,-76.11626,0.1,225.9,334.0,RIZE,IMO9584035,9HA2781,70,1,229,32,14.5,,A
538002652,2020-08-20T08:24:52,36.87945,-76.32640,0.0,219.0,276.0,NAIAS,IMO9330800,V7KN8,70,5,225,32,14.0,70,A
305855000,2020-08-20T08:17:47,36.86429,-76.31477,0.0,73.3,226.0,BBC PEARL,IMO9504786,V2FY8,70,5,153,23,9.1,70,A
367822000,2020-08-20T08:17:54,36.97312,-76.43383,0.0,0.0,238.0,USNS SHUGHART,IMO7825394,NAOQ,70,5,276,32,13.0,70,A
215677000,2020-08-20T08:18:01,37.23539,-76.11647,0.0,225.9,342.0,RIZE,IMO9584035,9HA2781,70,1,229,32,14.5,,A
215677000,2020-08-20T08:30:06,37.23535,-76.11656,0.1,225.9,342.0,RIZE,IMO9584035,9HA2781,70,1,229,32,14.5,,A
538002652,2020-08-20T08:30:53,36.87945,-76.32645,0.0,219.0,276.0,NAIAS,IMO9330800,V7KN8,70,5,225,32,14.0,70,A
215677000,2020-08-20T08:12:05,37.23539,-76.11652,0.0,225.9,341.0,RIZE,IMO9584035,9HA2781,70,1,229,32,14.5,,A
477738200,2020-08-20T08:18:31,36.97891,-76.32832,10.6,226.2,224.0,COSCO PHILIPPINES,IMO9448762,VRGM7,70,0,334,42,14.5,72,A
367861000,2020-08-20T08:27:00,36.94636,-76.32979,0.0,0.0,265.0,LARAMIE,IMO8906626,NLAR,80,5,193,29,,,A
367861000,2020-08-20T08:24:00,36.94633,-76.32981,0.0,0.0,265.0,LARAMIE,IMO8906626,NLAR,80,5,193,29,,,A
367821000,2020-08-20T08:26:28,36.97285,-76.43363,0.0,0.0,511.0,YANO,IMO7825409,NAQH,70,0,276,32,13.0,70,A
367822000,2020-08-20T08:23:55,36.97312,-76.43383,0.0,0.0,238.0,USNS SHUGHART,IMO7825394,NAOQ,70,5,276,32,13.0,70,A
366839000,2020-08-20T08:25:08,36.85348,-76.31081,0.0,0.0,39.0,CAPE RISE,IMO7530808,KAFG,70,5,197,32,10.0,,A
368026000,2020-08-20T08:27:21,36.86576,-76.31601,0.0,270.5,2.0,BENAVIDEZ,IMO9218210,NBHG,70,5,289,32,10.9,70,A
538006982,2020-08-20T08:20:16,36.96259,-76.42365,0.0,170.7,40.0,ANTE TOPIC,IMO9737072,V7TR4,70,5,,,,,A
367932000,2020-08-20T08:05:18,36.94919,-76.32971,0.0,107.0,279.0,JOHN LENTHALL,IMO8325547,NJLN,80,5,193,29,,,A
305855000,2020-08-20T08:26:47,36.86429,-76.31473,0.0,78.9,226.0,BBC PEARL,IMO9504786,V2FY8,70,5,153,23,9.1,70,A
538006982,2020-08-20T08:14:16,36.96257,-76.42365,0.0,170.7,40.0,ANTE TOPIC,IMO9737072,V7TR4,70,5,,,,,A
366839000,2020-08-20T08:07:01,36.85349,-76.31081,0.0,0.0,39.0,CAPE RISE,IMO7530808,KAFG,70,5,197,32,10.0,,A
367821000,2020-08-20T08:07:07,36.97285,-76.43363,0.0,0.0,511.0,YANO,IMO7825409,NAQH,70,0,276,32,13.0,70,A
538002652,2020-08-20T08:06:53,36.87947,-76.32645,0.0,219.0,276.0,NAIAS,IMO9330800,V7KN8,70,5,225,32,14.0,70,A
477738200,2020-08-20T08:22:02,36.97057,-76.33582,10.7,199.9,190.0,COSCO PHILIPPINES,IMO9448762,VRGM7,70,0,334,42,14.5,72,A
477196100,2020-08-20T08:27:50,37.19385,-76.13411,0.0,83.6,354.0,DARYA MA,IMO9591674,VRJH5,70,1,229,32,14.5,,A
477738200,2020-08-20T08:30:22,36.94774,-76.33770,9.5,183.1,183.0,COSCO PHILIPPINES,IMO9448762,VRGM7,70,0,334,42,14.5,72,A
366839000,2020-08-20T08:22:07,36.85349,-76.31084,0.0,0.0,39.0,CAPE RISE,IMO7530808,KAFG,70,5,197,32,10.0,,A
367861000,2020-08-20T08:09:01,36.94639,-76.32977,0.0,0.0,265.0,LARAMIE,IMO8906626,NLAR,80,5,193,29,,,A
477738200,2020-08-20T08:38:00,36.92782,-76.33914,9.9,184.3,184.0,COSCO PHILIPPINES,IMO9448762,VRGM7,70,0,334,42,14.5,72,A
305855000,2020-08-20T08:35:46,36.86428,-76.31474,0.0,57.9,226.0,BBC PEARL,IMO9504786,V2FY8,70,5,153,23,9.1,70,A
538006982,2020-08-20T08:23:16,36.96258,-76.42365,0.0,170.7,40.0,ANTE TOPIC,IMO9737072,V7TR4,70,5,,,,,A
477866300,2020-08-20T08:38:21,36.92828,-76.33311,4.1,297.7,295.0,BILBAO BRIDGE,IMO9492701,VRHY6,70,0,269,35,11.0,74,A
367932000,2020-08-20T08:23:16,36.94915,-76.32963,0.0,107.0,279.0,JOHN LENTHALL,IMO8325547,NJLN,80,5,193,29,,,A
367861000,2020-08-20T08:33:00,36.94636,-76.32980,0.0,0.0,265.0,LARAMIE,IMO8906626,NLAR,80,5,193,29,,,A
538006982,2020-08-20T08:32:16,36.96257,-76.42364,0.0,170.7,40.0,ANTE TOPIC,IMO9737072,V7TR4,70,5,,,,,A
305855000,2020-08-20T08:32:49,36.86428,-76.31473,0.0,84.5,226.0,BBC PEARL,IMO9504786,V2FY8,70,5,153,23,9.1,70,A
368026000,2020-08-20T08:33:21,36.86576,-76.31605,0.0,270.5,2.0,BENAVIDEZ,IMO9218210,NBHG,70,5,289,32,10.9,70,A
367822000,2020-08-20T08:32:55,36.97311,-76.43383,0.0,0.0,238.0,USNS SHUGHART,IMO7825394,NAOQ,70,5,276,32,13.0,70,A
477866300,2020-08-20T08:26:52,36.92741,-76.32990,0.0,124.9,355.0,BILBAO BRIDGE,IMO9492701,VRHY6,70,0,269,35,11.0,74,A
477866300,2020-08-20T08:17:41,36.92741,-76.32988,0.0,124.9,355.0,BILBAO BRIDGE,IMO9492701,VRHY6,70,0,269,35,11.0,74,A
477196100,2020-08-20T08:18:53,37.19383,-76.13422,0.1,83.6,355.0,DARYA MA,IMO9591674,VRJH5,70,1,229,32,14.5,,A
477738200,2020-08-20T08:19:32,36.97680,-76.33076,10.2,220.9,219.0,COSCO PHILIPPINES,IMO9448762,VRGM7,70,0,334,42,14.5,72,A
366839000,2020-08-20T08:40:07,36.85345,-76.31083,0.0,0.0,39.0,CAPE RISE,IMO7530808,KAFG,70,5,197,32,10.0,,A
367821000,2020-08-20T08:40:28,36.97284,-76.43365,0.0,0.0,511.0,YANO,IMO7825409,NAQH,70,0,276,32,13.0,70,A
477738200,2020-08-20T08:29:01,36.95138,-76.33738,10.0,183.2,184.0,COSCO PHILIPPINES,IMO9448762,VRGM7,70,0,334,42,14.5,72,A
477196100,2020-08-20T08:36:51,37.19382,-76.13416,0.1,83.6,352.0,DARYA MA,IMO9591674,VRJH5,70,1,229,32,14.5,,A
538006982,2020-08-20T08:38:16,36.96257,-76.42367,0.0,170.7,40.0,ANTE TOPIC,IMO9737072,V7TR4,70,5,,,,,A
538006982,2020-08-20T08:35:16,36.96258,-76.42364,0.0,170.7,40.0,ANTE TOPIC,IMO9737072,V7TR4,70,5,,,,,A
477866300,2020-08-20T08:36:33,36.92731,-76.33131,2.0,322.7,309.0,BILBAO BRIDGE,IMO9492701,VRHY6,70,0,269,35,11.0,74,A
367861000,2020-08-20T08:39:00,36.94639,-76.32979,0.0,0.0,265.0,LARAMIE,IMO8906626,NLAR,80,5,193,29,,,A
538002652,2020-08-20T08:12:51,36.87945,-76.32643,0.0,219.0,276.0,NAIAS,IMO9330800,V7KN8,70,5,225,32,14.0,70,A
367821000,2020-08-20T08:29:38,36.97284,-76.43357,0.0,0.0,511.0,YANO,IMO7825409,NAQH,70,0,276,32,13.0,70,A
367821000,2020-08-20T08:13:28,36.97285,-76.43363,0.0,0.0,511.0,YANO,IMO7825409,NAQH,70,0,276,32,13.0,70,A
215677000,2020-08-20T08:36:07,37.23530,-76.11667,0.1,225.9,344.0,RIZE,IMO9584035,9HA2781,70,1,229,32,14.5,,A
477738200,2020-08-20T08:27:12,36.95630,-76.33701,9.3,182.8,184.0,COSCO PHILIPPINES,IMO9448762,VRGM7,70,0,334,42,14.5,72,A
538002652,2020-08-20T08:21:52,36.87945,-76.32637,0.0,219.0,276.0,NAIAS,IMO9330800,V7KN8,70,5,225,32,14.0,70,A
367932000,2020-08-20T08:44:17,36.94919,-76.32967,0.0,107.0,279.0,JOHN LENTHALL,IMO8325547,NJLN,80,5,193,29,,,A
366839000,2020-08-20T08:31:07,36.85348,-76.31086,0.0,0.0,39.0,CAPE RISE,IMO7530808,KAFG,70,5,197,32,10.0,,A
477866300,2020-08-20T08:23:32,36.92742,-76.32988,0.0,124.9,355.0,BILBAO BRIDGE,IMO9492701,VRHY6,70,0,269,35,11.0,74,A
538002652,2020-08-20T08:27:50,36.87943,-76.32642,0.0,219.0,276.0,NAIAS,IMO9330800,V7KN8,70,5,225,32,14.0,70,A
368026000,2020-08-20T08:45:21,36.86576,-76.31603,0.0,270.5,2.0,BENAVIDEZ,IMO9218210,NBHG,70,5,289,32,10.9,70,A
367932000,2020-08-20T08:38:17,36.94919,-76.32966,0.0,107.0,279.0,JOHN LENTHALL,IMO8325547,NJLN,80,5,193,29,,,A
367822000,2020-08-20T08:38:56,36.97311,-76.43383,0.0,0.0,238.0,USNS SHUGHART,IMO7825394,NAOQ,70,5,276,32,13.0,70,A
477738200,2020-08-20T08:23:31,36.96634,-76.33642,10.3,182.4,184.0,COSCO PHILIPPINES,IMO9448762,VRGM7,70,0,334,42,14.5,72,A
367821000,2020-08-20T08:16:18,36.97285,-76.43363,0.0,0.0,511.0,YANO,IMO7825409,NAQH,70,0,276,32,13.0,70,A
305855000,2020-08-20T08:38:46,36.86427,-76.31479,0.0,71.4,226.0,BBC PEARL,IMO9504786,V2FY8,70,5,153,23,9.1,70,A
477196100,2020-08-20T08:39:54,37.19388,-76.13428,0.1,281.4,352.0,DARYA MA,IMO9591674,VRJH5,70,1,229,32,14.5,,A
367861000,2020-08-20T08:30:00,36.94640,-76.32981,0.0,0.0,265.0,LARAMIE,IMO8906626,NLAR,80,5,193,29,,,A
367861000,2020-08-20T08:42:00,36.94638,-76.32978,0.0,0.0,265.0,LARAMIE,IMO8906626,NLAR,80,5,193,29,,,A
367821000,2020-08-20T08:42:17,36.97284,-76.43365,0.0,0.0,511.0,YANO,IMO7825409,NAQH,70,0,276,32,13.0,70,A
538002652,2020-08-20T08:45:51,36.87945,-76.32645,0.0,99.0,276.0,NAIAS,IMO9330800,V7KN8,70,5,225,32,14.0,70,A
367932000,2020-08-20T08:29:17,36.94913,-76.32966,0.0,107.0,279.0,JOHN LENTHALL,IMO8325547,NJLN,80,5,193,29,,,A
366839000,2020-08-20T08:34:07,36.85349,-76.31087,0.0,0.0,39.0,CAPE RISE,IMO7530808,KAFG,70,5,197,32,10.0,,A
538006982,2020-08-20T08:41:16,36.96255,-76.42364,0.0,170.7,40.0,ANTE TOPIC,IMO9737072,V7TR4,70,5,,,,,A
368026000,2020-08-20T08:42:21,36.86577,-76.31604,0.0,270.5,2.0,BENAVIDEZ,IMO9218210,NBHG,70,5,289,32,10.9,70,A
305855000,2020-08-20T08:23:49,36.86429,-76.31475,0.0,67.9,226.0,BBC PEARL,IMO9504786,V2FY8,70,5,153,23,9.1,70,A
305855000,2020-08-20T08:41:49,36.86429,-76.31474,0.0,71.4,226.0,BBC PEARL,IMO9504786,V2FY8,70,5,153,23,9.1,70,A
477738200,2020-08-20T08:24:32,36.96345,-76.33657,10.3,182.7,184.0,COSCO PHILIPPINES,IMO9448762,VRGM7,70,0,334,42,14.5,72,A
477738200,2020-08-20T08:26:01,36.95935,-76.33681,9.6,182.4,184.0,COSCO PHILIPPINES,IMO9448762,VRGM7,70,0,334,42,14.5,72,A
477738200,2020-08-20T08:45:01,36.91083,-76.33918,7.8,172.8,172.0,COSCO PHILIPPINES,IMO9448762,VRGM7,70,0,334,42,14.5,72,A
477738200,2020-08-20T08:36:22,36.93243,-76.33871,10.3,184.0,184.0,COSCO PHILIPPINES,IMO9448762,VRGM7,70,0,334,42,14.5,72,A
367821000,2020-08-20T08:19:18,36.97285,-76.43363,0.0,0.0,511.0,YANO,IMO7825409,NAQH,70,0,276,32,13.0,70,A
477866300,2020-08-20T08:19:01,36.92741,-76.32991,0.0,124.9,355.0,BILBAO BRIDGE,IMO9492701,VRHY6,70,0,269,35,11.0,74,A
477738200,2020-08-20T08:33:51,36.93924,-76.33816,8.7,182.6,184.0,COSCO PHILIPPINES,IMO9448762,VRGM7,70,0,334,42,14.5,72,A
367821000,2020-08-20T08:44:57,36.97284,-76.43366,0.0,0.0,511.0,YANO,IMO7825409,NAQH,70,0,276,32,13.0,70,A
215677000,2020-08-20T08:33:05,37.23533,-76.11662,0.1,225.9,343.0,RIZE,IMO9584035,9HA2781,70,1,229,32,14.5,,A
477196100,2020-08-20T08:45:53,37.19382,-76.13443,0.1,270.8,358.0,DARYA MA,IMO9591674,VRJH5,70,1,229,32,14.5,,A
366839000,2020-08-20T08:19:06,36.85348,-76.31084,0.0,0.0,39.0,CAPE RISE,IMO7530808,KAFG,70,5,197,32,10.0,,A
538006982,2020-08-20T08:44:16,36.96259,-76.42364,0.0,170.7,40.0,ANTE TOPIC,IMO9737072,V7TR4,70,5,,,,,A
477738200,2020-08-20T08:46:22,36.90804,-76.33873,7.5,172.8,172.0,COSCO PHILIPPINES,IMO9448762,VRGM7,70,0,334,42,14.5,72,A
215677000,2020-08-20T08:45:08,37.23526,-76.11699,0.1,225.9,347.0,RIZE,IMO9584035,9HA2781,70,1,229,32,14.5,,A
368026000,2020-08-20T08:36:20,36.86574,-76.31604,0.0,270.5,2.0,BENAVIDEZ,IMO9218210,NBHG,70,5,289,32,10.9,70,A
305855000,2020-08-20T08:47:46,36.86428,-76.31476,0.0,71.4,226.0,BBC PEARL,IMO9504786,V2FY8,70,5,153,23,9.1,70,A
367932000,2020-08-20T08:26:17,36.94916,-76.32971,0.0,107.0,279.0,JOHN LENTHALL,IMO8325547,NJLN,80,5,193,29,,,A
477738200,2020-08-20T08:35:00,36.93624,-76.33841,9.5,183.7,184.0,COSCO PHILIPPINES,IMO9448762,VRGM7,70,0,334,42,14.5,72,A
367822000,2020-08-20T08:35:56,36.97311,-76.43383,0.0,0.0,238.0,USNS SHUGHART,IMO7825394,NAOQ,70,5,276,32,13.0,70,A
367821000,2020-08-20T08:34:37,36.97284,-76.43365,0.0,0.0,511.0,YANO,IMO7825409,NAQH,70,0,276,32,13.0,70,A
367932000,2020-08-20T08:50:17,36.94919,-76.32966,0.0,107.0,279.0,JOHN LENTHALL,IMO8325547,NJLN,80,5,193,29,,,A
538006982,2020-08-20T08:47:16,36.96258,-76.42365,0.0,170.7,40.0,ANTE TOPIC,IMO9737072,V7TR4,70,5,,,,,A
477866300,2020-08-20T08:48:41,36.94891,-76.33570,9.7,4.3,2.0,BILBAO BRIDGE,IMO9492701,VRHY6,70,0,269,35,11.0,74,A
366839000,2020-08-20T08:46:09,36.85348,-76.31083,0.0,0.0,39.0,CAPE RISE,IMO7530808,KAFG,70,5,197,32,10.0,,A
477738200,2020-08-20T08:40:31,36.92126,-76.33974,9.2,184.2,184.0,COSCO PHILIPPINES,IMO9448762,VRGM7,70,0,334,42,14.5,72,A
538002652,2020-08-20T08:36:53,36.87943,-76.32647,0.0,99.0,276.0,NAIAS,IMO9330800,V7KN8,70,5,225,32,14.0,70,A
367821000,2020-08-20T08:54:27,36.97284,-76.43366,0.0,0.0,511.0,YANO,IMO7825409,NAQH,70,0,276,32,13.0,70,A
367932000,2020-08-20T08:41:17,36.94917,-76.32971,0.0,107.0,279.0,JOHN LENTHALL,IMO8325547,NJLN,80,5,193,29,,,A
366839000,2020-08-20T08:37:06,36.85348,-76.31084,0.0,0.0,39.0,CAPE RISE,IMO7530808,KAFG,70,5,197,32,10.0,,A
367861000,2020-08-20T08:51:01,36.94638,-76.32973,0.0,0.0,265.0,LARAMIE,IMO8906626,NLAR,80,5,193,29,,,A
367821000,2020-08-20T08:43:47,36.97285,-76.43366,0.0,0.0,511.0,YANO,IMO7825409,NAQH,70,0,276,32,13.0,70,A
477738200,2020-08-20T08:56:22,36.88979,-76.33564,5.9,168.8,168.0,COSCO PHILIPPINES,IMO9448762,VRGM7,70,0,334,42,14.5,72,A
477866300,2020-08-20T08:40:59,36.93083,-76.33760,6.4,323.0,345.0,BILBAO BRIDGE,IMO9492701,VRHY6,70,0,269,35,11.0,74,A
477196100,2020-08-20T08:42:52,37.19388,-76.13440,0.1,270.8,356.0,DARYA MA,IMO9591674,VRJH5,70,1,229,32,14.5,,A
367821000,2020-08-20T08:30:48,36.97285,-76.43365,0.0,0.0,511.0,YANO,IMO7825409,NAQH,70,0,276,32,13.0,70,A
367821000,2020-08-20T08:57:27,36.97283,-76.43366,0.0,0.0,511.0,YANO,IMO7825409,NAQH,70,0,276,32,13.0,70,A
367861000,2020-08-20T08:54:00,36.94635,-76.32977,0.0,0.0,265.0,LARAMIE,IMO8906626,NLAR,80,5,193,29,,,A
538002652,2020-08-20T08:54:49,36.87945,-76.32647,0.0,99.0,276.0,NAIAS,IMO9330800,V7KN8,70,5,225,32,14.0,70,A
367821000,2020-08-20T08:46:57,36.97284,-76.43366,0.0,0.0,511.0,YANO,IMO7825409,NAQH,70,0,276,32,13.0,70,A
477866300,2020-08-20T08:44:32,36.93803,-76.33738,8.1,8.6,8.0,BILBAO BRIDGE,IMO9492701,VRHY6,70,0,269,35,11.0,74,A
367821000,2020-08-20T08:58:48,36.97283,-76.43366,0.0,0.0,511.0,YANO,IMO7825409,NAQH,70,0,276,32,13.0,70,A
477196100,2020-08-20T08:48:52,37.19378,-76.13439,0.1,270.8,359.0,DARYA MA,IMO9591674,VRJH5,70,1,229,32,14.5,,A
477866300,2020-08-20T08:59:11,36.98094,-76.32320,15.3,45.6,45.0,BILBAO BRIDGE,IMO9492701,VRHY6,70,0,269,35,11.0,74,A
368026000,2020-08-20T08:57:22,36.86577,-76.31604,0.0,270.5,2.0,BENAVIDEZ,IMO9218210,NBHG,70,5,289,32,10.9,70,A
477738200,2020-08-20T08:50:01,36.90083,-76.33766,6.6,173.1,170.0,COSCO PHILIPPINES,IMO9448762,VRGM7,70,0,334,42,14.5,72,A
366839000,2020-08-20T08:49:04,36.85350,-76.31081,0.0,0.0,39.0,CAPE RISE,IMO7530808,KAFG,70,5,197,32,10.0,,A
367821000,2020-08-20T08:49:27,36.97284,-76.43366,0.0,0.0,511.0,YANO,IMO7825409,NAQH,70,0,276,32,13.0,70,A
367822000,2020-08-20T08:47:56,36.97312,-76.43383,0.0,0.0,238.0,USNS SHUGHART,IMO7825394,NAOQ,70,5,276,32,13.0,70,A
305855000,2020-08-20T08:56:46,36.86427,-76.31475,0.0,71.4,226.0,BBC PEARL,IMO9504786,V2FY8,70,5,153,23,9.1,70,A
368026000,2020-08-20T08:48:21,36.86576,-76.31604,0.0,270.5,2.0,BENAVIDEZ,IMO9218210,NBHG,70,5,289,32,10.9,70,A
477738200,2020-08-20T08:59:40,36.88504,-76.33468,4.8,172.5,178.0,COSCO PHILIPPINES,IMO9448762,VRGM7,70,0,334,42,14.5,72,A
366839000,2020-08-20T08:52:09,36.85349,-76.31083,0.0,0.0,39.0,CAPE RISE,IMO7530808,KAFG,70,5,197,32,10.0,,A
538006982,2020-08-20T08:53:16,36.96259,-76.42362,0.0,170.7,40.0,ANTE TOPIC,IMO9737072,V7TR4,70,5,,,,,A
367821000,2020-08-20T08:51:27,36.97284,-76.43366,0.0,0.0,511.0,YANO,IMO7825409,NAQH,70,0,276,32,13.0,70,A
477196100,2020-08-20T08:51:55,37.19381,-76.13436,0.0,270.8,358.0,DARYA MA,IMO9591674,VRJH5,70,1,229,32,14.5,,A
477866300,2020-08-20T08:31:11,36.92733,-76.33015,0.6,246.0,351.0,BILBAO BRIDGE,IMO9492701,VRHY6,70,0,269,35,11.0,74,A
367822000,2020-08-20T08:29:56,36.97312,-76.43384,0.0,0.0,238.0,USNS SHUGHART,IMO7825394,NAOQ,70,5,276,32,13.0,70,A
477196100,2020-08-20T09:00:53,37.19382,-76.13444,0.1,270.8,359.0,DARYA MA,IMO9591674,VRJH5,70,1,229,32,14.5,,A
477738200,2020-08-20T09:01:11,36.88285,-76.33457,4.6,183.6,199.0,COSCO PHILIPPINES,IMO9448762,VRGM7,70,0,334,42,14.5,72,A
368026000,2020-08-20T08:30:21,36.86576,-76.31605,0.0,270.5,2.0,BENAVIDEZ,IMO9218210,NBHG,70,5,289,32,10.9,70,A
366839000,2020-08-20T09:01:05,36.85349,-76.31084,0.0,0.0,39.0,CAPE RISE,IMO7530808,KAFG,70,5,197,32,10.0,,A
477866300,2020-08-20T08:35:22,36.92702,-76.33089,1.8,240.4,325.0,BILBAO BRIDGE,IMO9492701,VRHY6,70,0,269,35,11.0,74,A
215677000,2020-08-20T08:51:09,37.23527,-76.11723,0.1,268.2,352.0,RIZE,IMO9584035,9HA2781,70,1,229,32,14.5,,A
477738200,2020-08-20T08:48:41,36.90331,-76.33798,7.2,172.2,171.0,COSCO PHILIPPINES,IMO9448762,VRGM7,70,0,334,42,14.5,72,A
367822000,2020-08-20T08:50:55,36.97312,-76.43383,0.0,0.0,238.0,USNS SHUGHART,IMO7825394,NAOQ,70,5,276,32,13.0,70,A
368026000,2020-08-20T08:51:20,36.86577,-76.31604,0.0,270.5,2.0,BENAVIDEZ,IMO9218210,NBHG,70,5,289,32,10.9,70,A
367821000,2020-08-20T08:35:48,36.97284,-76.43364,0.0,0.0,511.0,YANO,IMO7825409,NAQH,70,0,276,32,13.0,70,A
367821000,2020-08-20T08:31:58,36.97284,-76.43366,0.0,0.0,511.0,YANO,IMO7825409,NAQH,70,0,276,32,13.0,70,A
477866300,2020-08-20T08:32:22,36.92725,-76.33034,0.7,248.9,348.0,BILBAO BRIDGE,IMO9492701,VRHY6,70,0,269,35,11.0,74,A
538002652,2020-08-20T08:51:52,36.87947,-76.32647,0.0,99.0,276.0,NAIAS,IMO9330800,V7KN8,70,5,225,32,14.0,70,A
538002652,2020-08-20T08:33:50,36.87945,-76.32647,0.0,219.0,276.0,NAIAS,IMO9330800,V7KN8,70,5,225,32,14.0,70,A
477738200,2020-08-20T08:53:52,36.89406,-76.33647,6.5,171.6,170.0,COSCO PHILIPPINES,IMO9448762,VRGM7,70,0,334,42,14.5,72,A
367822000,2020-08-20T08:56:55,36.97308,-76.43379,0.0,0.0,238.0,USNS SHUGHART,IMO7825394,NAOQ,70,5,276,32,13.0,70,A
538006982,2020-08-20T09:02:16,36.96260,-76.42364,0.0,170.7,40.0,ANTE TOPIC,IMO9737072,V7TR4,70,5,,,,,A
477866300,2020-08-20T08:33:31,36.92718,-76.33054,1.1,243.3,342.0,BILBAO BRIDGE,IMO9492701,VRHY6,70,0,269,35,11.0,74,A
367821000,2020-08-20T09:02:27,36.97282,-76.43367,0.0,0.0,511.0,YANO,IMO7825409,NAQH,70,0,276,32,13.0,70,A
215677000,2020-08-20T09:03:09,37.23524,-76.11735,0.1,268.2,358.0,RIZE,IMO9584035,9HA2781,70,1,229,32,14.5,,A
477866300,2020-08-20T08:39:41,36.92916,-76.33553,5.9,296.8,313.0,BILBAO BRIDGE,IMO9492701,VRHY6,70,0,269,35,11.0,74,A
367822000,2020-08-20T09:02:55,36.97311,-76.43383,0.0,0.0,238.0,USNS SHUGHART,IMO7825394,NAOQ,70,5,276,32,13.0,70,A
367821000,2020-08-20T08:39:18,36.97285,-76.43365,0.0,0.0,511.0,YANO,IMO7825409,NAQH,70,0,276,32,13.0,70,A
538002652,2020-08-20T08:48:50,36.87945,-76.32645,0.0,99.0,276.0,NAIAS,IMO9330800,V7KN8,70,5,225,32,14.0,70,A
215677000,2020-08-20T09:00:01,37.23522,-76.11730,0.0,268.2,357.0,RIZE,IMO9584035,9HA2781,70,1,229,32,14.5,,A
367932000,2020-08-20T08:35:16,36.94916,-76.32965,0.0,107.0,279.0,JOHN LENTHALL,IMO8325547,NJLN,80,5,193,29,,,A
477196100,2020-08-20T08:54:54,37.19380,-76.13433,0.1,270.8,356.0,DARYA MA,IMO9591674,VRJH5,70,1,229,32,14.5,,A
477738200,2020-08-20T09:00:02,36.88455,-76.33459,4.9,171.9,182.0,COSCO PHILIPPINES,IMO9448762,VRGM7,70,0,334,42,14.5,72,A
368026000,2020-08-20T08:39:21,36.86574,-76.31603,0.0,270.5,2.0,BENAVIDEZ,IMO9218210,NBHG,70,5,289,32,10.9,70,A
538006982,2020-08-20T09:05:16,36.96256,-76.42364,0.0,170.7,40.0,ANTE TOPIC,IMO9737072,V7TR4,70,5,,,,,A
367932000,2020-08-20T09:05:18,36.94919,-76.32967,0.0,107.0,279.0,JOHN LENTHALL,IMO8325547,NJLN,80,5,193,29,,,A
477866300,2020-08-20T09:05:41,37.00072,-76.29065,18.6,58.9,66.0,BILBAO BRIDGE,IMO9492701,VRHY6,70,0,269,35,11.0,74,A
538006982,2020-08-20T08:59:16,36.96259,-76.42364,0.0,170.7,40.0,ANTE TOPIC,IMO9737072,V7TR4,70,5,,,,,A
367821000,2020-08-20T08:59:57,36.97281,-76.43366,0.0,0.0,511.0,YANO,IMO7825409,NAQH,70,0,276,32,13.0,70,A
477866300,2020-08-20T09:00:00,36.98355,-76.31983,16.0,46.1,45.0,BILBAO BRIDGE,IMO9492701,VRHY6,70,0,269,35,11.0,74,A
367821000,2020-08-20T09:00:08,36.97281,-76.43364,0.0,0.0,511.0,YANO,IMO7825409,NAQH,70,0,276,32,13.0,70,A
477738200,2020-08-20T08:43:31,36.91409,-76.33971,8.1,172.8,172.0,COSCO PHILIPPINES,IMO9448762,VRGM7,70,0,334,42,14.5,72,A
477866300,2020-08-20T09:01:05,36.98718,-76.31512,16.5,46.1,46.0,BILBAO BRIDGE,IMO9492701,VRHY6,70,0,269,35,11.0,74,A
215677000,2020-08-20T08:42:05,37.23527,-76.11685,0.1,225.9,345.0,RIZE,IMO9584035,9HA2781,70,1,229,32,14.5,,A
538002652,2020-08-20T08:42:50,36.87940,-76.32645,0.0,99.0,276.0,NAIAS,IMO9330800,V7KN8,70,5,225,32,14.0,70,A
477738200,2020-08-20T09:03:31,36.88007,-76.33604,4.6,213.9,229.0,COSCO PHILIPPINES,IMO9448762,VRGM7,70,0,334,42,14.5,72,A
368026000,2020-08-20T08:54:21,36.86576,-76.31605,0.0,270.5,2.0,BENAVIDEZ,IMO9218210,NBHG,70,5,289,32,10.9,70,A
367821000,2020-08-20T09:07:17,36.97283,-76.43369,0.0,0.0,511.0,YANO,IMO7825409,NAQH,70,0,276,32,13.0,70,A
538006982,2020-08-20T09:08:16,36.96256,-76.42365,0.0,170.7,40.0,ANTE TOPIC,IMO9737072,V7TR4,70,5,,,,,A
305855000,2020-08-20T09:02:45,36.86429,-76.31475,0.0,71.4,226.0,BBC PEARL,IMO9504786,V2FY8,70,5,153,23,9.1,70,A
477866300,2020-08-20T08:42:01,36.93280,-76.33826,6.4,353.3,6.0,BILBAO BRIDGE,IMO9492701,VRHY6,70,0,269,35,11.0,74,A
477738200,2020-08-20T09:07:11,36.87771,-76.34083,4.4,247.4,253.0,COSCO PHILIPPINES,IMO9448762,VRGM7,70,0,334,42,14.5,72,A
477738200,2020-08-20T09:04:50,36.87881,-76.33768,4.6,231.2,245.0,COSCO PHILIPPINES,IMO9448762,VRGM7,70,0,334,42,14.5,72,A
538002652,2020-08-20T08:39:52,36.87943,-76.32643,0.0,99.0,276.0,NAIAS,IMO9330800,V7KN8,70,5,225,32,14.0,70,A
215677000,2020-08-20T09:09:10,37.23523,-76.11747,0.1,268.2,0.0,RIZE,IMO9584035,9HA2781,70,1,229,32,14.5,,A
538002652,2020-08-20T08:57:52,36.87943,-76.32652,0.0,99.0,276.0,NAIAS,IMO9330800,V7KN8,70,5,225,32,14.0,70,A
367861000,2020-08-20T09:09:00,36.94637,-76.32980,0.0,0.0,265.0,LARAMIE,IMO8906626,NLAR,80,5,193,29,,,A
367861000,2020-08-20T09:06:00,36.94633,-76.32976,0.0,0.0,265.0,LARAMIE,IMO8906626,NLAR,80,5,193,29,,,A
367861000,2020-08-20T08:57:01,36.94635,-76.32980,0.0,0.0,265.0,LARAMIE,IMO8906626,NLAR,80,5,193,29,,,A
305855000,2020-08-20T09:05:45,36.86428,-76.31476,0.0,71.4,226.0,BBC PEARL,IMO9504786,V2FY8,70,5,153,23,9.1,70,A
368026000,2020-08-20T09:09:21,36.86577,-76.31602,0.0,270.5,2.0,BENAVIDEZ,IMO9218210,NBHG,70,5,289,32,10.9,70,A
368026000,2020-08-20T09:06:21,36.86579,-76.31606,0.0,270.5,2.0,BENAVIDEZ,IMO9218210,NBHG,70,5,289,32,10.9,70,A
477738200,2020-08-20T08:41:32,36.91876,-76.34000,8.9,183.5,179.0,COSCO PHILIPPINES,IMO9448762,VRGM7,70,0,334,42,14.5,72,A
366839000,2020-08-20T08:58:09,36.85350,-76.31082,0.0,0.0,39.0,CAPE RISE,IMO7530808,KAFG,70,5,197,32,10.0,,A
305855000,2020-08-20T08:44:48,36.86427,-76.31475,0.0,71.4,226.0,BBC PEARL,IMO9504786,V2FY8,70,5,153,23,9.1,70,A
305855000,2020-08-20T09:11:47,36.86429,-76.31474,0.0,67.3,226.0,BBC PEARL,IMO9504786,V2FY8,70,5,153,23,9.1,70,A
477738200,2020-08-20T09:06:01,36.87819,-76.33938,4.6,247.7,249.0,COSCO PHILIPPINES,IMO9448762,VRGM7,70,0,334,42,14.5,72,A
367821000,2020-08-20T09:11:27,36.97282,-76.43368,0.0,0.0,511.0,YANO,IMO7825409,NAQH,70,0,276,32,13.0,70,A
215677000,2020-08-20T09:06:04,37.23526,-76.11743,0.1,268.2,359.0,RIZE,IMO9584035,9HA2781,70,1,229,32,14.5,,A
477866300,2020-08-20T09:06:47,37.00298,-76.28311,19.0,72.2,75.0,BILBAO BRIDGE,IMO9492701,VRHY6,70,0,269,35,11.0,74,A
477196100,2020-08-20T09:06:52,37.19378,-76.13443,0.1,270.8,1.0,DARYA MA,IMO9591674,VRJH5,70,1,229,32,14.5,,A
367861000,2020-08-20T08:45:01,36.94634,-76.32983,0.0,0.0,265.0,LARAMIE,IMO8906626,NLAR,80,5,193,29,,,A
477866300,2020-08-20T09:12:27,37.00889,-76.24641,19.3,94.3,104.0,BILBAO BRIDGE,IMO9492701,VRHY6,70,0,269,35,11.0,74,A
215677000,2020-08-20T09:12:01,37.23522,-76.11749,0.0,268.2,0.0,RIZE,IMO9584035,9HA2781,70,1,229,32,14.5,,A
215677000,2020-08-20T08:48:04,37.23527,-76.11713,0.1,268.2,350.0,RIZE,IMO9584035,9HA2781,70,1,229,32,14.5,,A
305855000,2020-08-20T09:08:48,36.86427,-76.31476,0.0,67.3,226.0,BBC PEARL,IMO9504786,V2FY8,70,5,153,23,9.1,70,A
367821000,2020-08-20T09:13:57,36.97282,-76.43368,0.0,0.0,511.0,YANO,IMO7825409,NAQH,70,0,276,32,13.0,70,A
538002652,2020-08-20T09:09:52,36.87942,-76.32645,0.0,99.0,276.0,NAIAS,IMO9330800,V7KN8,70,5,225,32,14.0,70,A
477866300,2020-08-20T09:09:11,37.00603,-76.26795,19.4,76.1,75.0,BILBAO BRIDGE,IMO9492701,VRHY6,70,0,269,35,11.0,74,A
477738200,2020-08-20T08:47:31,36.90566,-76.33834,7.4,172.5,172.0,COSCO PHILIPPINES,IMO9448762,VRGM7,70,0,334,42,14.5,72,A
368026000,2020-08-20T09:00:21,36.86575,-76.31605,0.0,270.5,2.0,BENAVIDEZ,IMO9218210,NBHG,70,5,289,32,10.9,70,A
366839000,2020-08-20T09:10:01,36.85345,-76.31081,0.0,0.0,40.0,CAPE RISE,IMO7530808,KAFG,70,5,197,32,10.0,,A
367821000,2020-08-20T09:09:57,36.97282,-76.43368,0.0,0.0,511.0,YANO,IMO7825409,NAQH,70,0,276,32,13.0,70,A
367932000,2020-08-20T09:14:18,36.94918,-76.32961,0.0,107.0,279.0,JOHN LENTHALL,IMO8325547,NJLN,80,5,193,29,,,A
367821000,2020-08-20T09:15:07,36.97282,-76.43368,0.0,0.0,511.0,YANO,IMO7825409,NAQH,70,0,276,32,13.0,70,A
477866300,2020-08-20T09:11:23,37.00877,-76.25340,19.5,78.6,83.0,BILBAO BRIDGE,IMO9492701,VRHY6,70,0,269,35,11.0,74,A
538006982,2020-08-20T09:11:16,36.96261,-76.42367,0.0,170.7,40.0,ANTE TOPIC,IMO9737072,V7TR4,70,5,,,,,A
367932000,2020-08-20T09:11:16,36.94914,-76.32975,0.0,107.0,279.0,JOHN LENTHALL,IMO8325547,NJLN,80,5,193,29,,,A
477738200,2020-08-20T09:13:22,36.87660,-76.34703,1.9,276.2,306.0,COSCO PHILIPPINES,IMO9448762,VRGM7,70,0,334,42,14.5,72,A
367822000,2020-08-20T09:11:56,36.97311,-76.43382,0.0,0.0,238.0,USNS SHUGHART,IMO7825394,NAOQ,70,5,276,32,13.0,70,A
367932000,2020-08-20T08:47:16,36.94919,-76.32963,0.0,107.0,279.0,JOHN LENTHALL,IMO8325547,NJLN,80,5,193,29,,,A
477738200,2020-08-20T08:55:11,36.89167,-76.33605,6.4,170.9,168.0,COSCO PHILIPPINES,IMO9448762,VRGM7,70,0,334,42,14.5,72,A
367821000,2020-08-20T09:12:48,36.97282,-76.43368,0.0,0.0,511.0,YANO,IMO7825409,NAQH,70,0,276,32,13.0,70,A
477866300,2020-08-20T09:13:41,37.00723,-76.23865,19.0,105.9,105.0,BILBAO BRIDGE,IMO9492701,VRHY6,70,0,269,35,11.0,74,A
538002652,2020-08-20T09:12:53,36.87942,-76.32647,0.0,99.0,276.0,NAIAS,IMO9330800,V7KN8,70,5,225,32,14.0,70,A
477196100,2020-08-20T09:03:55,37.19381,-76.13448,0.0,270.8,2.0,DARYA MA,IMO9591674,VRJH5,70,1,229,32,14.5,,A
366839000,2020-08-20T09:13:05,36.85349,-76.31080,0.0,0.0,40.0,CAPE RISE,IMO7530808,KAFG,70,5,197,32,10.0,,A
477738200,2020-08-20T08:51:22,36.89851,-76.33725,6.4,172.7,171.0,COSCO PHILIPPINES,IMO9448762,VRGM7,70,0,334,42,14.5,72,A
367822000,2020-08-20T09:17:54,36.97311,-76.43382,0.0,0.0,238.0,USNS SHUGHART,IMO7825394,NAOQ,70,5,276,32,13.0,70,A
367822000,2020-08-20T08:53:54,36.97312,-76.43383,0.0,0.0,238.0,USNS SHUGHART,IMO7825394,NAOQ,70,5,276,32,13.0,70,A
366839000,2020-08-20T08:55:03,36.85348,-76.31084,0.0,0.0,39.0,CAPE RISE,IMO7530808,KAFG,70,5,197,32,10.0,,A
538002652,2020-08-20T09:18:52,36.87937,-76.32642,0.0,99.0,276.0,NAIAS,IMO9330800,V7KN8,70,5,225,32,14.0,70,A
367821000,2020-08-20T09:04:57,36.97282,-76.43369,0.0,0.0,511.0,YANO,IMO7825409,NAQH,70,0,276,32,13.0,70,A
367821000,2020-08-20T09:19:07,36.97282,-76.43368,0.0,0.0,511.0,YANO,IMO7825409,NAQH,70,0,276,32,13.0,70,A
477738200,2020-08-20T09:14:41,36.87674,-76.34787,1.4,285.3,322.0,COSCO PHILIPPINES,IMO9448762,VRGM7,70,0,334,42,14.5,72,A
538006982,2020-08-20T09:14:16,36.96260,-76.42366,0.0,170.7,40.0,ANTE TOPIC,IMO9737072,V7TR4,70,5,,,,,A
367822000,2020-08-20T09:05:55,36.97310,-76.43383,0.0,0.0,238.0,USNS SHUGHART,IMO7825394,NAOQ,70,5,276,32,13.0,70,A
477866300,2020-08-20T09:14:47,37.00564,-76.23182,19.0,105.9,106.0,BILBAO BRIDGE,IMO9492701,VRHY6,70,0,269,35,11.0,74,A
367861000,2020-08-20T09:15:01,36.94639,-76.32983,0.0,0.0,265.0,LARAMIE,IMO8906626,NLAR,80,5,193,29,,,A
305855000,2020-08-20T09:14:46,36.86427,-76.31474,0.0,67.3,226.0,BBC PEARL,IMO9504786,V2FY8,70,5,153,23,9.1,70,A
215677000,2020-08-20T09:15:10,37.23522,-76.11752,0.1,268.2,1.0,RIZE,IMO9584035,9HA2781,70,1,229,32,14.5,,A
477866300,2020-08-20T08:53:52,36.96412,-76.33495,10.8,2.2,0.0,BILBAO BRIDGE,IMO9492701,VRHY6,70,0,269,35,11.0,74,A
538002652,2020-08-20T09:15:52,36.87940,-76.32653,0.0,99.0,276.0,NAIAS,IMO9330800,V7KN8,70,5,225,32,14.0,70,A
215677000,2020-08-20T09:21:08,37.23521,-76.11755,0.0,268.2,2.0,RIZE,IMO9584035,9HA2781,70,1,229,32,14.5,,A
538006982,2020-08-20T09:17:16,36.96258,-76.42368,0.0,170.7,40.0,ANTE TOPIC,IMO9737072,V7TR4,70,5,,,,,A
477866300,2020-08-20T09:16:17,37.00309,-76.22228,18.9,108.8,107.0,BILBAO BRIDGE,IMO9492701,VRHY6,70,0,269,35,11.0,74,A
477866300,2020-08-20T08:55:21,36.96906,-76.33452,11.4,8.2,18.0,BILBAO BRIDGE,IMO9492701,VRHY6,70,0,269,35,11.0,74,A
477866300,2020-08-20T09:17:47,37.00050,-76.21284,19.0,109.0,107.0,BILBAO BRIDGE,IMO9492701,VRHY6,70,0,269,35,11.0,74,A
367822000,2020-08-20T09:08:56,36.97311,-76.43382,0.0,0.0,238.0,USNS SHUGHART,IMO7825394,NAOQ,70,5,276,32,13.0,70,A
477738200,2020-08-20T09:23:12,36.87748,-76.34958,0.1,244.4,347.0,COSCO PHILIPPINES,IMO9448762,VRGM7,70,0,334,42,14.5,72,A
538002652,2020-08-20T09:00:53,36.87942,-76.32645,0.0,99.0,276.0,NAIAS,IMO9330800,V7KN8,70,5,225,32,14.0,70,A
367822000,2020-08-20T09:23:56,36.97313,-76.43382,0.0,0.0,238.0,USNS SHUGHART,IMO7825394,NAOQ,70,5,276,32,13.0,70,A
367932000,2020-08-20T09:17:16,36.94917,-76.32969,0.0,107.0,279.0,JOHN LENTHALL,IMO8325547,NJLN,80,5,193,29,,,A
477866300,2020-08-20T09:24:11,36.98983,-76.17374,18.6,108.7,106.0,BILBAO BRIDGE,IMO9492701,VRHY6,70,0,269,35,11.0,74,A
366839000,2020-08-20T09:19:04,36.85348,-76.31082,0.0,0.0,40.0,CAPE RISE,IMO7530808,KAFG,70,5,197,32,10.0,,A
367190000,2020-08-20T09:24:13,37.05562,-76.08425,16.1,322.4,323.0,DENEBOLA,IMO7325253,NDSP,70,0,288,32,9.0,70,A
367190000,2020-08-20T09:19:43,37.03970,-76.06891,15.7,322.8,323.0,DENEBOLA,IMO7325253,NDSP,70,0,288,32,9.0,70,A
477738200,2020-08-20T09:19:21,36.87740,-76.34926,0.4,306.4,344.0,COSCO PHILIPPINES,IMO9448762,VRGM7,70,0,334,42,14.5,72,A
477738200,2020-08-20T09:11:01,36.87664,-76.34508,2.7,256.8,279.0,COSCO PHILIPPINES,IMO9448762,VRGM7,70,0,334,42,14.5,72,A
367821000,2020-08-20T09:23:48,36.97282,-76.43368,0.0,0.0,511.0,YANO,IMO7825409,NAQH,70,0,276,32,13.0,70,A
477866300,2020-08-20T09:03:17,36.99383,-76.30414,17.3,56.7,56.0,BILBAO BRIDGE,IMO9492701,VRHY6,70,0,269,35,11.0,74,A
477196100,2020-08-20T09:24:53,37.19381,-76.13456,0.1,270.8,3.0,DARYA MA,IMO9591674,VRJH5,70,1,229,32,14.5,,A
368026000,2020-08-20T09:03:20,36.86576,-76.31603,0.0,270.5,2.0,BENAVIDEZ,IMO9218210,NBHG,70,5,289,32,10.9,70,A
367932000,2020-08-20T09:02:16,36.94920,-76.32967,0.0,107.0,279.0,JOHN LENTHALL,IMO8325547,NJLN,80,5,193,29,,,A
367821000,2020-08-20T09:21:28,36.97282,-76.43368,0.0,0.0,511.0,YANO,IMO7825409,NAQH,70,0,276,32,13.0,70,A
477866300,2020-08-20T09:26:47,36.98581,-76.15782,18.3,107.6,106.0,BILBAO BRIDGE,IMO9492701,VRHY6,70,0,269,35,11.0,74,A
368026000,2020-08-20T09:21:20,36.86574,-76.31605,0.0,270.5,2.0,BENAVIDEZ,IMO9218210,NBHG,70,5,289,32,10.9,70,A
367821000,2020-08-20T09:03:38,36.97283,-76.43368,0.0,0.0,511.0,YANO,IMO7825409,NAQH,70,0,276,32,13.0,70,A
477196100,2020-08-20T08:57:54,37.19383,-76.13437,0.1,270.8,356.0,DARYA MA,IMO9591674,VRJH5,70,1,229,32,14.5,,A
367190000,2020-08-20T09:22:30,37.04953,-76.07835,15.9,322.3,323.0,DENEBOLA,IMO7325253,NDSP,70,0,288,32,9.0,70,A
477196100,2020-08-20T09:21:56,37.19381,-76.13461,0.0,270.8,4.0,DARYA MA,IMO9591674,VRJH5,70,1,229,32,14.5,,A
477866300,2020-08-20T09:04:29,36.99727,-76.29752,18.0,57.2,56.0,BILBAO BRIDGE,IMO9492701,VRHY6,70,0,269,35,11.0,74,A
367822000,2020-08-20T08:59:56,36.97310,-76.43383,0.0,0.0,238.0,USNS SHUGHART,IMO7825394,NAOQ,70,5,276,32,13.0,70,A
366839000,2020-08-20T09:22:06,36.85348,-76.31080,0.0,0.0,40.0,CAPE RISE,IMO7530808,KAFG,70,5,197,32,10.0,,A
477738200,2020-08-20T09:27:21,36.87752,-76.34977,0.1,277.2,347.0,COSCO PHILIPPINES,IMO9448762,VRGM7,70,0,334,42,14.5,72,A
367190000,2020-08-20T09:21:13,37.04503,-76.07402,15.8,322.2,322.0,DENEBOLA,IMO7325253,NDSP,70,0,288,32,9.0,70,A
538006982,2020-08-20T09:20:16,36.96257,-76.42368,0.0,170.7,40.0,ANTE TOPIC,IMO9737072,V7TR4,70,5,,,,,A
367932000,2020-08-20T08:59:17,36.94919,-76.32967,0.0,107.0,279.0,JOHN LENTHALL,IMO8325547,NJLN,80,5,193,29,,,A
538006982,2020-08-20T09:29:16,36.96258,-76.42366,0.0,170.7,40.0,ANTE TOPIC,IMO9737072,V7TR4,70,5,,,,,A
538002652,2020-08-20T09:21:52,36.87943,-76.32643,0.0,33.0,276.0,NAIAS,IMO9330800,V7KN8,70,5,225,32,14.0,70,A
215677000,2020-08-20T09:24:03,37.23522,-76.11759,0.0,268.2,2.0,RIZE,IMO9584035,9HA2781,70,1,229,32,14.5,,A
538002652,2020-08-20T09:06:53,36.87945,-76.32643,0.0,99.0,276.0,NAIAS,IMO9330800,V7KN8,70,5,225,32,14.0,70,A
477866300,2020-08-20T09:02:11,36.99063,-76.31009,16.9,52.0,55.0,BILBAO BRIDGE,IMO9492701,VRHY6,70,0,269,35,11.0,74,A
477196100,2020-08-20T09:15:57,37.19380,-76.13448,0.1,270.8,359.0,DARYA MA,IMO9591674,VRJH5,70,1,229,32,14.5,,A
366839000,2020-08-20T09:16:05,36.85351,-76.31080,0.0,0.0,40.0,CAPE RISE,IMO7530808,KAFG,70,5,197,32,10.0,,A
367861000,2020-08-20T09:03:01,36.94638,-76.32973,0.0,0.0,265.0,LARAMIE,IMO8906626,NLAR,80,5,193,29,,,A
367861000,2020-08-20T09:24:01,36.94637,-76.32976,0.0,0.0,265.0,LARAMIE,IMO8906626,NLAR,80,5,193,29,,,A
366839000,2020-08-20T09:25:04,36.85348,-76.31084,0.0,0.0,39.0,CAPE RISE,IMO7530808,KAFG,70,5,197,32,10.0,,A
215677000,2020-08-20T09:18:01,37.23523,-76.11755,0.0,268.2,2.0,RIZE,IMO9584035,9HA2781,70,1,229,32,14.5,,A
367822000,2020-08-20T09:29:55,36.97313,-76.43381,0.0,0.0,238.0,USNS SHUGHART,IMO7825394,NAOQ,70,5,276,32,13.0,70,A
477738200,2020-08-20T09:24:21,36.87748,-76.34968,0.2,280.1,347.0,COSCO PHILIPPINES,IMO9448762,VRGM7,70,0,334,42,14.5,72,A
366839000,2020-08-20T09:31:04,36.85348,-76.31082,0.0,0.0,39.0,CAPE RISE,IMO7530808,KAFG,70,5,197,32,10.0,,A
367190000,2020-08-20T09:18:30,37.03550,-76.06490,15.9,321.9,322.0,DENEBOLA,IMO7325253,NDSP,70,0,288,32,9.0,70,A
477738200,2020-08-20T09:08:22,36.87726,-76.34230,3.7,249.5,258.0,COSCO PHILIPPINES,IMO9448762,VRGM7,70,0,334,42,14.5,72,A
477196100,2020-08-20T09:18:52,37.19383,-76.13455,0.1,270.8,2.0,DARYA MA,IMO9591674,VRJH5,70,1,229,32,14.5,,A
368026000,2020-08-20T09:18:21,36.86576,-76.31605,0.0,270.5,2.0,BENAVIDEZ,IMO9218210,NBHG,70,5,289,32,10.9,70,A
538006982,2020-08-20T09:32:16,36.96256,-76.42368,0.0,170.7,40.0,ANTE TOPIC,IMO9737072,V7TR4,70,5,,,,,A
366839000,2020-08-20T09:04:08,36.85351,-76.31085,0.0,0.0,39.0,CAPE RISE,IMO7530808,KAFG,70,5,197,32,10.0,,A
367822000,2020-08-20T09:26:56,36.97314,-76.43381,0.0,0.0,238.0,USNS SHUGHART,IMO7825394,NAOQ,70,5,276,32,13.0,70,A
538006982,2020-08-20T09:26:16,36.96261,-76.42368,0.0,170.7,40.0,ANTE TOPIC,IMO9737072,V7TR4,70,5,,,,,A
367861000,2020-08-20T09:33:00,36.94638,-76.32978,0.0,0.0,265.0,LARAMIE,IMO8906626,NLAR,80,5,193,29,,,A
366839000,2020-08-20T09:34:03,36.85347,-76.31082,0.0,0.0,39.0,CAPE RISE,IMO7530808,KAFG,70,5,197,32,10.0,,A
477196100,2020-08-20T09:09:55,37.19381,-76.13437,0.0,270.8,359.0,DARYA MA,IMO9591674,VRJH5,70,1,229,32,14.5,,A
477196100,2020-08-20T09:33:50,37.19384,-76.13472,0.2,272.4,3.0,DARYA MA,IMO9591674,VRJH5,70,1,229,32,14.5,,A
477866300,2020-08-20T09:35:05,36.97279,-76.10673,19.2,108.7,108.0,BILBAO BRIDGE,IMO9492701,VRHY6,70,0,269,35,11.0,74,A
305855000,2020-08-20T09:35:47,36.86426,-76.31477,0.0,353.2,226.0,BBC PEARL,IMO9504786,V2FY8,70,5,153,23,9.1,70,A
477196100,2020-08-20T09:27:48,37.19382,-76.13453,0.0,270.8,1.0,DARYA MA,IMO9591674,VRJH5,70,1,229,32,14.5,,A
368026000,2020-08-20T09:27:20,36.86574,-76.31604,0.0,270.5,2.0,BENAVIDEZ,IMO9218210,NBHG,70,5,289,32,10.9,70,A
366839000,2020-08-20T09:07:07,36.85348,-76.31083,0.0,0.0,39.0,CAPE RISE,IMO7530808,KAFG,70,5,197,32,10.0,,A
367190000,2020-08-20T09:30:01,37.07742,-76.10175,16.5,332.5,333.0,DENEBOLA,IMO7325253,NDSP,70,0,288,32,9.0,70,A
538002652,2020-08-20T09:27:53,36.87948,-76.32653,0.0,30.0,276.0,NAIAS,IMO9330800,V7KN8,70,5,225,32,14.0,70,A
477866300,2020-08-20T09:37:41,36.96831,-76.09011,19.4,108.4,107.0,BILBAO BRIDGE,IMO9492701,VRHY6,70,0,269,35,11.0,74,A
367861000,2020-08-20T09:12:00,36.94638,-76.32981,0.0,0.0,265.0,LARAMIE,IMO8906626,NLAR,80,5,193,29,,,A
538002652,2020-08-20T09:36:51,36.87945,-76.32653,0.0,30.0,276.0,NAIAS,IMO9330800,V7KN8,70,5,225,32,14.0,70,A
477196100,2020-08-20T09:36:52,37.19385,-76.13482,0.1,271.7,8.0,DARYA MA,IMO9591674,VRJH5,70,1,229,32,14.5,,A
477738200,2020-08-20T09:30:32,36.87747,-76.34981,0.0,189.3,346.0,COSCO PHILIPPINES,IMO9448762,VRGM7,70,0,334,42,14.5,72,A
367861000,2020-08-20T09:30:00,36.94636,-76.32982,0.0,0.0,265.0,LARAMIE,IMO8906626,NLAR,80,5,193,29,,,A
367932000,2020-08-20T09:08:17,36.94920,-76.32970,0.0,107.0,279.0,JOHN LENTHALL,IMO8325547,NJLN,80,5,193,29,,,A
477196100,2020-08-20T09:30:52,37.19383,-76.13458,0.1,270.8,0.0,DARYA MA,IMO9591674,VRJH5,70,1,229,32,14.5,,A
477866300,2020-08-20T09:08:05,37.00468,-76.27469,19.3,76.0,75.0,BILBAO BRIDGE,IMO9492701,VRHY6,70,0,269,35,11.0,74,A
538006982,2020-08-20T09:23:16,36.96262,-76.42366,0.0,170.7,40.0,ANTE TOPIC,IMO9737072,V7TR4,70,5,,,,,A
477738200,2020-08-20T09:39:21,36.87751,-76.34982,0.0,150.2,347.0,COSCO PHILIPPINES,IMO9448762,VRGM7,70,0,334,42,14.5,72,A
305855000,2020-08-20T09:23:45,36.86429,-76.31475,0.0,67.3,226.0,BBC PEARL,IMO9504786,V2FY8,70,5,153,23,9.1,70,A
367821000,2020-08-20T09:31:48,36.97284,-76.43362,0.0,0.0,511.0,YANO,IMO7825409,NAQH,70,0,276,32,13.0,70,A
367821000,2020-08-20T09:08:38,36.97282,-76.43368,0.0,0.0,511.0,YANO,IMO7825409,NAQH,70,0,276,32,13.0,70,A
477866300,2020-08-20T09:25:28,36.98770,-76.16533,18.4,107.7,106.0,BILBAO BRIDGE,IMO9492701,VRHY6,70,0,269,35,11.0,74,A
215677000,2020-08-20T09:39:06,37.23515,-76.11795,0.0,268.2,11.0,RIZE,IMO9584035,9HA2781,70,1,229,32,14.5,,A
368026000,2020-08-20T09:39:21,36.86575,-76.31604,0.0,270.5,2.0,BENAVIDEZ,IMO9218210,NBHG,70,5,289,32,10.9,70,A
477738200,2020-08-20T09:09:50,36.87688,-76.34391,3.1,254.9,266.0,COSCO PHILIPPINES,IMO9448762,VRGM7,70,0,334,42,14.5,72,A
538002652,2020-08-20T09:39:52,36.87947,-76.32652,0.0,30.0,276.0,NAIAS,IMO9330800,V7KN8,70,5,225,32,14.0,70,A
367821000,2020-08-20T09:33:57,36.97284,-76.43362,0.0,0.0,511.0,YANO,IMO7825409,NAQH,70,0,276,32,13.0,70,A
367190000,2020-08-20T09:42:24,37.13077,-76.13900,17.8,332.7,333.0,DENEBOLA,IMO7325253,NDSP,70,0,288,32,9.0,70,A
477738200,2020-08-20T09:42:37,36.87750,-76.34981,0.0,150.2,347.0,COSCO PHILIPPINES,IMO9448762,VRGM7,70,5,334,42,14.5,72,A
368026000,2020-08-20T09:15:20,36.86575,-76.31604,0.0,270.5,2.0,BENAVIDEZ,IMO9218210,NBHG,70,5,289,32,10.9,70,A
477738200,2020-08-20T09:16:01,36.87703,-76.34850,1.2,300.6,332.0,COSCO PHILIPPINES,IMO9448762,VRGM7,70,0,334,42,14.5,72,A
367190000,2020-08-20T09:34:01,37.09435,-76.11328,17.9,330.1,331.0,DENEBOLA,IMO7325253,NDSP,70,0,288,32,9.0,70,A
367190000,2020-08-20T09:27:18,37.06672,-76.09444,16.1,328.1,329.0,DENEBOLA,IMO7325253,NDSP,70,0,288,32,9.0,70,A
366839000,2020-08-20T09:43:05,36.85346,-76.31082,0.0,0.0,39.0,CAPE RISE,IMO7530808,KAFG,70,5,197,32,10.0,,A
477738200,2020-08-20T09:12:11,36.87654,-76.34612,2.2,266.9,294.0,COSCO PHILIPPINES,IMO9448762,VRGM7,70,0,334,42,14.5,72,A
367821000,2020-08-20T09:27:08,36.97284,-76.43362,0.0,0.0,511.0,YANO,IMO7825409,NAQH,70,0,276,32,13.0,70,A
477196100,2020-08-20T09:12:51,37.19379,-76.13438,0.0,270.8,358.0,DARYA MA,IMO9591674,VRJH5,70,1,229,32,14.5,,A
477738200,2020-08-20T09:45:40,36.87747,-76.34982,0.0,215.7,347.0,COSCO PHILIPPINES,IMO9448762,VRGM7,70,5,334,42,14.5,72,A
367821000,2020-08-20T09:36:17,36.97284,-76.43363,0.0,0.0,511.0,YANO,IMO7825409,NAQH,70,0,276,32,13.0,70,A
366839000,2020-08-20T09:28:05,36.85348,-76.31083,0.0,0.0,39.0,CAPE RISE,IMO7530808,KAFG,70,5,197,32,10.0,,A
367861000,2020-08-20T09:36:01,36.94640,-76.32979,0.0,0.0,265.0,LARAMIE,IMO8906626,NLAR,80,5,193,29,,,A
477866300,2020-08-20T09:19:11,36.99813,-76.20424,19.0,108.9,107.0,BILBAO BRIDGE,IMO9492701,VRHY6,70,0,269,35,11.0,74,A
477866300,2020-08-20T09:38:53,36.96632,-76.08259,19.4,108.4,108.0,BILBAO BRIDGE,IMO9492701,VRHY6,70,0,269,35,11.0,74,A
367821000,2020-08-20T09:47:28,36.97284,-76.43364,0.0,0.0,511.0,YANO,IMO7825409,NAQH,70,0,276,32,13.0,70,A
367190000,2020-08-20T09:37:42,37.11037,-76.12476,18.0,330.3,331.0,DENEBOLA,IMO7325253,NDSP,70,0,288,32,9.0,70,A
477196100,2020-08-20T09:45:54,37.19380,-76.13461,0.1,271.7,4.0,DARYA MA,IMO9591674,VRJH5,70,1,229,32,14.5,,A
367861000,2020-08-20T09:48:01,36.94640,-76.32984,0.0,0.0,265.0,LARAMIE,IMO8906626,NLAR,80,5,193,29,,,A
368026000,2020-08-20T09:30:21,36.86577,-76.31603,0.0,270.5,2.0,BENAVIDEZ,IMO9218210,NBHG,70,5,289,32,10.9,70,A
305855000,2020-08-20T09:20:48,36.86429,-76.31477,0.0,67.3,226.0,BBC PEARL,IMO9504786,V2FY8,70,5,153,23,9.1,70,A
477866300,2020-08-20T09:20:17,36.99621,-76.19737,19.0,108.9,107.0,BILBAO BRIDGE,IMO9492701,VRHY6,70,0,269,35,11.0,74,A
367932000,2020-08-20T09:41:16,36.94920,-76.32963,0.0,107.0,279.0,JOHN LENTHALL,IMO8325547,NJLN,80,5,193,29,,,A
367821000,2020-08-20T09:39:27,36.97284,-76.43363,0.0,0.0,511.0,YANO,IMO7825409,NAQH,70,0,276,32,13.0,70,A
538006982,2020-08-20T09:50:16,36.96260,-76.42367,0.1,182.0,40.0,ANTE TOPIC,IMO9737072,V7TR4,70,5,,,,,A
538006982,2020-08-20T09:47:16,36.96256,-76.42365,0.0,321.9,40.0,ANTE TOPIC,IMO9737072,V7TR4,70,5,,,,,A
305855000,2020-08-20T09:47:47,36.86427,-76.31477,0.0,341.7,226.0,BBC PEARL,IMO9504786,V2FY8,70,5,153,23,9.1,70,A
366839000,2020-08-20T09:40:04,36.85347,-76.31082,0.0,0.0,39.0,CAPE RISE,IMO7530808,KAFG,70,5,197,32,10.0,,A
477196100,2020-08-20T09:48:52,37.19380,-76.13463,0.1,271.7,1.0,DARYA MA,IMO9591674,VRJH5,70,1,229,32,14.5,,A
477738200,2020-08-20T09:48:39,36.87755,-76.34982,0.0,215.7,347.0,COSCO PHILIPPINES,IMO9448762,VRGM7,70,5,334,42,14.5,72,A
367821000,2020-08-20T09:51:28,36.97284,-76.43364,0.0,0.0,511.0,YANO,IMO7825409,NAQH,70,0,276,32,13.0,70,A
477866300,2020-08-20T09:32:53,36.97645,-76.12056,18.7,107.1,106.0,BILBAO BRIDGE,IMO9492701,VRHY6,70,0,269,35,11.0,74,A
477866300,2020-08-20T09:41:17,36.96227,-76.06725,19.4,107.7,106.0,BILBAO BRIDGE,IMO9492701,VRHY6,70,0,269,35,11.0,74,A
367932000,2020-08-20T09:38:17,36.94919,-76.32964,0.0,107.0,279.0,JOHN LENTHALL,IMO8325547,NJLN,80,5,193,29,,,A
538002652,2020-08-20T09:24:52,36.87935,-76.32663,0.0,33.0,276.0,NAIAS,IMO9330800,V7KN8,70,5,225,32,14.0,70,A
367932000,2020-08-20T09:50:17,36.94918,-76.32966,0.0,107.0,279.0,JOHN LENTHALL,IMO8325547,NJLN,80,5,193,29,,,A
368026000,2020-08-20T09:33:22,36.86576,-76.31605,0.0,270.5,2.0,BENAVIDEZ,IMO9218210,NBHG,70,5,289,32,10.9,70,A
368026000,2020-08-20T09:24:21,36.86577,-76.31605,0.0,270.5,2.0,BENAVIDEZ,IMO9218210,NBHG,70,5,289,32,10.9,70,A
538006982,2020-08-20T09:44:16,36.96256,-76.42363,0.0,321.9,40.0,ANTE TOPIC,IMO9737072,V7TR4,70,5,,,,,A
477738200,2020-08-20T09:18:12,36.87730,-76.34908,0.5,294.1,343.0,COSCO PHILIPPINES,IMO9448762,VRGM7,70,0,334,42,14.5,72,A
367821000,2020-08-20T09:17:57,36.97282,-76.43368,0.0,0.0,511.0,YANO,IMO7825409,NAQH,70,0,276,32,13.0,70,A
367821000,2020-08-20T09:45:07,36.97284,-76.43363,0.0,0.0,511.0,YANO,IMO7825409,NAQH,70,0,276,32,13.0,70,A
538002652,2020-08-20T09:42:52,36.87943,-76.32655,0.0,30.0,276.0,NAIAS,IMO9330800,V7KN8,70,5,225,32,14.0,70,A
367821000,2020-08-20T09:52:57,36.97284,-76.43364,0.0,0.0,511.0,YANO,IMO7825409,NAQH,70,0,276,32,13.0,70,A
477866300,2020-08-20T09:36:23,36.97051,-76.09837,19.3,109.3,107.0,BILBAO BRIDGE,IMO9492701,VRHY6,70,0,269,35,11.0,74,A
367190000,2020-08-20T09:45:42,37.14522,-76.14862,17.7,331.9,333.0,DENEBOLA,IMO7325253,NDSP,70,0,288,32,9.0,70,A
367861000,2020-08-20T09:18:00,36.94637,-76.32980,0.0,0.0,265.0,LARAMIE,IMO8906626,NLAR,80,5,193,29,,,A
477738200,2020-08-20T09:36:52,36.87749,-76.34982,0.0,150.2,347.0,COSCO PHILIPPINES,IMO9448762,VRGM7,70,0,334,42,14.5,72,A
367190000,2020-08-20T09:53:01,37.17570,-76.15392,13.5,354.1,355.0,DENEBOLA,IMO7325253,NDSP,70,0,288,32,9.0,70,A
366839000,2020-08-20T09:37:07,36.85349,-76.31084,0.0,0.0,39.0,CAPE RISE,IMO7530808,KAFG,70,5,197,32,10.0,,A
367932000,2020-08-20T09:35:17,36.94922,-76.32968,0.0,107.0,279.0,JOHN LENTHALL,IMO8325547,NJLN,80,5,193,29,,,A
367822000,2020-08-20T09:44:54,36.97312,-76.43382,0.0,0.0,238.0,USNS SHUGHART,IMO7825394,NAOQ,70,5,276,32,13.0,70,A
477866300,2020-08-20T09:27:53,36.98419,-76.15126,18.4,107.3,106.0,BILBAO BRIDGE,IMO9492701,VRHY6,70,0,269,35,11.0,74,A
538006982,2020-08-20T09:38:16,36.96261,-76.42365,0.0,150.7,40.0,ANTE TOPIC,IMO9737072,V7TR4,70,5,,,,,A
367932000,2020-08-20T09:26:18,36.94916,-76.32965,0.0,107.0,279.0,JOHN LENTHALL,IMO8325547,NJLN,80,5,193,29,,,A
367821000,2020-08-20T09:37:27,36.97284,-76.43363,0.0,0.0,511.0,YANO,IMO7825409,NAQH,70,0,276,32,13.0,70,A
538002652,2020-08-20T09:51:52,36.87945,-76.32655,0.0,247.0,276.0,NAIAS,IMO9330800,V7KN8,70,5,225,32,14.0,70,A
367190000,2020-08-20T09:38:55,37.11566,-76.12848,17.9,330.6,331.0,DENEBOLA,IMO7325253,NDSP,70,0,288,32,9.0,70,A
367821000,2020-08-20T09:48:48,36.97284,-76.43364,0.0,0.0,511.0,YANO,IMO7825409,NAQH,70,0,276,32,13.0,70,A
367190000,2020-08-20T09:48:25,37.15734,-76.15173,15.6,354.7,355.0,DENEBOLA,IMO7325253,NDSP,70,0,288,32,9.0,70,A
367932000,2020-08-20T09:47:17,36.94916,-76.32968,0.0,107.0,279.0,JOHN LENTHALL,IMO8325547,NJLN,80,5,193,29,,,A
367861000,2020-08-20T09:53:59,36.94640,-76.32981,0.0,0.0,265.0,LARAMIE,IMO8906626,NLAR,80,5,193,29,,,A
367861000,2020-08-20T09:42:00,36.94637,-76.32980,0.0,0.0,265.0,LARAMIE,IMO8906626,NLAR,80,5,193,29,,,A
477738200,2020-08-20T09:54:40,36.87750,-76.34982,0.0,104.6,347.0,COSCO PHILIPPINES,IMO9448762,VRGM7,70,5,334,42,14.5,72,A
538006982,2020-08-20T09:41:16,36.96256,-76.42367,0.0,321.9,40.0,ANTE TOPIC,IMO9737072,V7TR4,70,5,,,,,A
367932000,2020-08-20T09:20:17,36.94923,-76.32971,0.0,107.0,279.0,JOHN LENTHALL,IMO8325547,NJLN,80,5,193,29,,,A
477866300,2020-08-20T09:22:11,36.99307,-76.18587,18.7,108.7,107.0,BILBAO BRIDGE,IMO9492701,VRHY6,70,0,269,35,11.0,74,A
215677000,2020-08-20T09:30:06,37.23521,-76.11769,0.1,268.2,3.0,RIZE,IMO9584035,9HA2781,70,1,229,32,14.5,,A
367190000,2020-08-20T09:51:25,37.16960,-76.15313,14.0,354.3,354.0,DENEBOLA,IMO7325253,NDSP,70,0,288,32,9.0,70,A
367190000,2020-08-20T09:31:48,37.08487,-76.10657,17.3,332.9,333.0,DENEBOLA,IMO7325253,NDSP,70,0,288,32,9.0,70,A
367821000,2020-08-20T09:22:38,36.97282,-76.43368,0.0,0.0,511.0,YANO,IMO7825409,NAQH,70,0,276,32,13.0,70,A
366839000,2020-08-20T09:58:06,36.85346,-76.31080,0.0,0.0,40.0,CAPE RISE,IMO7530808,KAFG,70,5,197,32,10.0,,A
367190000,2020-08-20T09:57:07,37.19050,-76.15287,12.7,16.9,17.0,DENEBOLA,IMO7325253,NDSP,70,0,288,32,9.0,70,A
367190000,2020-08-20T09:58:47,37.19623,-76.15070,12.9,16.3,15.0,DENEBOLA,IMO7325253,NDSP,70,0,288,32,9.0,70,A
215677000,2020-08-20T09:48:07,37.23513,-76.11771,0.0,268.2,6.0,RIZE,IMO9584035,9HA2781,70,1,229,32,14.5,,A
367822000,2020-08-20T09:47:55,36.97312,-76.43382,0.0,0.0,238.0,USNS SHUGHART,IMO7825394,NAOQ,70,5,276,32,13.0,70,A
538002652,2020-08-20T09:30:51,36.87940,-76.32655,0.0,30.0,276.0,NAIAS,IMO9330800,V7KN8,70,5,225,32,14.0,70,A
367932000,2020-08-20T09:23:17,36.94919,-76.32970,0.0,107.0,279.0,JOHN LENTHALL,IMO8325547,NJLN,80,5,193,29,,,A
366839000,2020-08-20T09:49:03,36.85347,-76.31079,0.0,0.0,39.0,CAPE RISE,IMO7530808,KAFG,70,5,197,32,10.0,,A
305855000,2020-08-20T09:41:48,36.86427,-76.31474,0.0,346.6,226.0,BBC PEARL,IMO9504786,V2FY8,70,5,153,23,9.1,70,A
367822000,2020-08-20T09:50:55,36.97312,-76.43383,0.0,0.0,238.0,USNS SHUGHART,IMO7825394,NAOQ,70,5,276,32,13.0,70,A
477196100,2020-08-20T09:51:53,37.19389,-76.13475,0.1,293.9,3.0,DARYA MA,IMO9591674,VRJH5,70,1,229,32,14.5,,A
368026000,2020-08-20T09:51:21,36.86576,-76.31603,0.0,270.5,2.0,BENAVIDEZ,IMO9218210,NBHG,70,5,289,32,10.9,70,A
366839000,2020-08-20T09:52:03,36.85349,-76.31079,0.0,0.0,40.0,CAPE RISE,IMO7530808,KAFG,70,5,197,32,10.0,,A
477738200,2020-08-20T09:33:11,36.87746,-76.34980,0.1,153.2,346.0,COSCO PHILIPPINES,IMO9448762,VRGM7,70,0,334,42,14.5,72,A
367932000,2020-08-20T09:53:17,36.94917,-76.32967,0.0,107.0,279.0,JOHN LENTHALL,IMO8325547,NJLN,80,5,193,29,,,A
538006982,2020-08-20T09:59:16,36.96257,-76.42365,0.0,186.5,40.0,ANTE TOPIC,IMO9737072,V7TR4,70,5,,,,,A
367822000,2020-08-20T09:32:55,36.97313,-76.43381,0.0,0.0,238.0,USNS SHUGHART,IMO7825394,NAOQ,70,5,276,32,13.0,70,A
477738200,2020-08-20T09:26:12,36.87752,-76.34974,0.1,312.4,347.0,COSCO PHILIPPINES,IMO9448762,VRGM7,70,0,334,42,14.5,72,A
477866300,2020-08-20T09:33:59,36.97471,-76.11371,19.0,108.3,108.0,BILBAO BRIDGE,IMO9492701,VRHY6,70,0,269,35,11.0,74,A
367861000,2020-08-20T09:51:00,36.94637,-76.32981,0.0,0.0,265.0,LARAMIE,IMO8906626,NLAR,80,5,193,29,,,A
367932000,2020-08-20T09:59:17,36.94911,-76.32964,0.0,107.0,279.0,JOHN LENTHALL,IMO8325547,NJLN,80,5,193,29,,,A
367190000,2020-08-20T09:32:54,37.08955,-76.10986,17.6,330.1,331.0,DENEBOLA,IMO7325253,NDSP,70,0,288,32,9.0,70,A
367821000,2020-08-20T10:01:17,36.97285,-76.43362,0.0,0.0,511.0,YANO,IMO7825409,NAQH,70,0,276,32,13.0,70,A
477196100,2020-08-20T09:42:54,37.19385,-76.13466,0.1,271.7,6.0,DARYA MA,IMO9591674,VRJH5,70,1,229,32,14.5,,A
367190000,2020-08-20T10:01:16,37.20492,-76.14743,13.4,17.8,17.0,DENEBOLA,IMO7325253,NDSP,70,0,288,32,9.0,70,A
215677000,2020-08-20T09:45:06,37.23514,-76.11777,0.1,268.2,9.0,RIZE,IMO9584035,9HA2781,70,1,229,32,14.5,,A
367821000,2020-08-20T10:02:28,36.97286,-76.43362,0.0,0.0,511.0,YANO,IMO7825409,NAQH,70,0,276,32,13.0,70,A
477196100,2020-08-20T09:57:53,37.19380,-76.13485,0.0,206.4,9.0,DARYA MA,IMO9591674,VRJH5,70,1,229,32,14.5,,A
477196100,2020-08-20T09:54:52,37.19387,-76.13484,0.1,290.0,6.0,DARYA MA,IMO9591674,VRJH5,70,1,229,32,14.5,,A
366839000,2020-08-20T09:46:01,36.85346,-76.31080,0.0,0.0,39.0,CAPE RISE,IMO7530808,KAFG,70,5,197,32,10.0,,A
538002652,2020-08-20T09:33:53,36.87948,-76.32643,0.0,30.0,276.0,NAIAS,IMO9330800,V7KN8,70,5,225,32,14.0,70,A
367190000,2020-08-20T09:36:31,37.10523,-76.12110,18.0,330.4,331.0,DENEBOLA,IMO7325253,NDSP,70,0,288,32,9.0,70,A
367821000,2020-08-20T09:56:57,36.97284,-76.43361,0.0,0.0,511.0,YANO,IMO7825409,NAQH,70,0,276,32,13.0,70,A
215677000,2020-08-20T09:54:07,37.23511,-76.11774,0.1,268.2,4.0,RIZE,IMO9584035,9HA2781,70,1,229,32,14.5,,A
367822000,2020-08-20T10:02:55,36.97310,-76.43387,0.0,0.0,238.0,USNS SHUGHART,IMO7825394,NAOQ,70,5,276,32,13.0,70,A
367821000,2020-08-20T10:03:38,36.97286,-76.43362,0.0,0.0,511.0,YANO,IMO7825409,NAQH,70,0,276,32,13.0,70,A
367861000,2020-08-20T09:56:59,36.94637,-76.32980,0.0,0.0,265.0,LARAMIE,IMO8906626,NLAR,80,5,193,29,,,A
215677000,2020-08-20T09:27:10,37.23521,-76.11763,0.1,268.2,2.0,RIZE,IMO9584035,9HA2781,70,1,229,32,14.5,,A
305855000,2020-08-20T09:26:49,36.86430,-76.31476,0.0,67.3,226.0,BBC PEARL,IMO9504786,V2FY8,70,5,153,23,9.1,70,A
477738200,2020-08-20T10:03:39,36.87752,-76.34978,0.0,174.7,347.0,COSCO PHILIPPINES,IMO9448762,VRGM7,70,5,334,42,14.5,72,A
367821000,2020-08-20T09:28:37,36.97285,-76.43361,0.0,0.0,511.0,YANO,IMO7825409,NAQH,70,0,276,32,13.0,70,A
368026000,2020-08-20T10:00:21,36.86576,-76.31604,0.0,270.5,2.0,BENAVIDEZ,IMO9218210,NBHG,70,5,289,32,10.9,70,A
367861000,2020-08-20T10:00:00,36.94633,-76.32982,0.0,0.0,265.0,LARAMIE,IMO8906626,NLAR,80,5,193,29,,,A
538002652,2020-08-20T10:03:52,36.87953,-76.32638,0.0,259.0,276.0,NAIAS,IMO9330800,V7KN8,70,5,225,32,14.0,70,A
367190000,2020-08-20T09:28:48,37.07256,-76.09858,16.0,330.4,331.0,DENEBOLA,IMO7325253,NDSP,70,0,288,32,9.0,70,A
477738200,2020-08-20T09:29:11,36.87749,-76.34982,0.1,194.0,346.0,COSCO PHILIPPINES,IMO9448762,VRGM7,70,0,334,42,14.5,72,A
477866300,2020-08-20T09:39:59,36.96446,-76.07557,19.4,108.0,107.0,BILBAO BRIDGE,IMO9492701,VRHY6,70,0,269,35,11.0,74,A
367190000,2020-08-20T09:40:42,37.12336,-76.13395,17.8,330.4,331.0,DENEBOLA,IMO7325253,NDSP,70,0,288,32,9.0,70,A
367190000,2020-08-20T10:02:27,37.20919,-76.14574,13.4,17.4,17.0,DENEBOLA,IMO7325253,NDSP,70,0,288,32,9.0,70,A
367861000,2020-08-20T10:00:00,36.94633,-76.32982,0.0,0.0,265.0,LARAMIE,IMO8906626,NLAR,80,5,193,29,,,A
367822000,2020-08-20T09:38:55,36.97313,-76.43382,0.0,0.0,238.0,USNS SHUGHART,IMO7825394,NAOQ,70,5,276,32,13.0,70,A
305855000,2020-08-20T09:29:49,36.86427,-76.31476,0.0,21.3,226.0,BBC PEARL,IMO9504786,V2FY8,70,5,153,23,9.1,70,A
368026000,2020-08-20T09:48:20,36.86576,-76.31604,0.0,270.5,2.0,BENAVIDEZ,IMO9218210,NBHG,70,5,289,32,10.9,70,A
477738200,2020-08-20T10:00:39,36.87752,-76.34982,0.1,137.5,347.0,COSCO PHILIPPINES,IMO9448762,VRGM7,70,5,334,42,14.5,72,A
367932000,2020-08-20T09:29:18,36.94922,-76.32966,0.0,107.0,279.0,JOHN LENTHALL,IMO8325547,NJLN,80,5,193,29,,,A
305855000,2020-08-20T10:05:48,36.86427,-76.31479,0.0,189.1,226.0,BBC PEARL,IMO9504786,V2FY8,70,5,153,23,9.1,70,A
305855000,2020-08-20T09:59:45,36.86430,-76.31474,0.0,86.6,226.0,BBC PEARL,IMO9504786,V2FY8,70,5,153,23,9.1,70,A
477738200,2020-08-20T09:31:41,36.87748,-76.34982,0.0,189.3,346.0,COSCO PHILIPPINES,IMO9448762,VRGM7,70,0,334,42,14.5,72,A
367822000,2020-08-20T09:59:55,36.97309,-76.43387,0.0,0.0,238.0,USNS SHUGHART,IMO7825394,NAOQ,70,5,276,32,13.0,70,A
367190000,2020-08-20T10:00:06,37.20085,-76.14902,13.2,16.1,15.0,DENEBOLA,IMO7325253,NDSP,70,0,288,32,9.0,70,A
367821000,2020-08-20T09:41:48,36.97284,-76.43363,0.0,0.0,511.0,YANO,IMO7825409,NAQH,70,0,276,32,13.0,70,A
477196100,2020-08-20T10:00:50,37.19384,-76.13472,0.1,206.4,8.0,DARYA MA,IMO9591674,VRJH5,70,1,229,32,14.5,,A
366839000,2020-08-20T10:04:08,36.85348,-76.31081,0.0,0.0,39.0,CAPE RISE,IMO7530808,KAFG,70,5,197,32,10.0,,A
367821000,2020-08-20T09:42:58,36.97284,-76.43363,0.0,0.0,511.0,YANO,IMO7825409,NAQH,70,0,276,32,13.0,70,A
305855000,2020-08-20T10:02:46,36.86429,-76.31476,0.0,193.6,226.0,BBC PEARL,IMO9504786,V2FY8,70,5,153,23,9.1,70,A
367190000,2020-08-20T10:09:14,37.23485,-76.13574,16.2,19.5,19.0,DENEBOLA,IMO7325253,NDSP,70,0,288,32,9.0,70,A
305855000,2020-08-20T09:32:46,36.86428,-76.31477,0.0,7.4,226.0,BBC PEARL,IMO9504786,V2FY8,70,5,153,23,9.1,70,A
367861000,2020-08-20T09:45:00,36.94637,-76.32980,0.0,0.0,265.0,LARAMIE,IMO8906626,NLAR,80,5,193,29,,,A
215677000,2020-08-20T10:09:04,37.23512,-76.11764,0.1,268.2,5.0,RIZE,IMO9584035,9HA2781,70,1,229,32,14.5,,A
477738200,2020-08-20T09:35:11,36.87747,-76.34980,0.0,150.2,346.0,COSCO PHILIPPINES,IMO9448762,VRGM7,70,0,334,42,14.5,72,A
367822000,2020-08-20T10:05:55,36.97310,-76.43387,0.0,0.0,238.0,USNS SHUGHART,IMO7825394,NAOQ,70,5,276,32,13.0,70,A
538002652,2020-08-20T09:45:51,36.87943,-76.32653,0.0,247.0,276.0,NAIAS,IMO9330800,V7KN8,70,5,225,32,14.0,70,A
366839000,2020-08-20T10:07:02,36.85347,-76.31082,0.0,0.0,39.0,CAPE RISE,IMO7530808,KAFG,70,5,197,32,10.0,,A
538006982,2020-08-20T09:35:16,36.96254,-76.42363,0.1,158.4,40.0,ANTE TOPIC,IMO9737072,V7TR4,70,5,,,,,A
368026000,2020-08-20T09:36:22,36.86577,-76.31607,0.0,270.5,2.0,BENAVIDEZ,IMO9218210,NBHG,70,5,289,32,10.9,70,A
367821000,2020-08-20T10:04:47,36.97286,-76.43361,0.0,0.0,511.0,YANO,IMO7825409,NAQH,70,0,276,32,13.0,70,A
367821000,2020-08-20T10:07:07,36.97287,-76.43361,0.0,0.0,511.0,YANO,IMO7825409,NAQH,70,0,276,32,13.0,70,A
477738200,2020-08-20T09:38:02,36.87748,-76.34982,0.0,150.2,347.0,COSCO PHILIPPINES,IMO9448762,VRGM7,70,0,334,42,14.5,72,A
367861000,2020-08-20T10:06:00,36.94641,-76.32981,0.0,0.0,265.0,LARAMIE,IMO8906626,NLAR,80,5,193,29,,,A
367821000,2020-08-20T09:40:38,36.97284,-76.43363,0.0,0.0,511.0,YANO,IMO7825409,NAQH,70,0,276,32,13.0,70,A
367190000,2020-08-20T09:55:25,37.18458,-76.15447,13.0,4.8,5.0,DENEBOLA,IMO7325253,NDSP,70,0,288,32,9.0,70,A
305855000,2020-08-20T09:38:49,36.86427,-76.31476,0.0,339.5,226.0,BBC PEARL,IMO9504786,V2FY8,70,5,153,23,9.1,70,A
367821000,2020-08-20T10:09:47,36.97288,-76.43361,0.0,0.0,511.0,YANO,IMO7825409,NAQH,70,0,276,32,13.0,70,A
477196100,2020-08-20T09:39:53,37.19382,-76.13479,0.1,271.7,9.0,DARYA MA,IMO9591674,VRJH5,70,1,229,32,14.5,,A
368026000,2020-08-20T10:06:20,36.86575,-76.31605,0.0,270.5,2.0,BENAVIDEZ,IMO9218210,NBHG,70,5,289,32,10.9,70,A
477738200,2020-08-20T09:57:39,36.87745,-76.34980,0.0,205.3,347.0,COSCO PHILIPPINES,IMO9448762,VRGM7,70,5,334,42,14.5,72,A
368026000,2020-08-20T10:12:21,36.86577,-76.31603,0.1,270.5,2.0,BENAVIDEZ,IMO9218210,NBHG,70,5,289,32,10.9,70,A
367821000,2020-08-20T09:50:07,36.97284,-76.43364,0.0,0.0,511.0,YANO,IMO7825409,NAQH,70,0,276,32,13.0,70,A
367190000,2020-08-20T10:11:44,37.24604,-76.13113,17.3,16.3,15.0,DENEBOLA,IMO7325253,NDSP,70,0,288,32,9.0,70,A
367822000,2020-08-20T09:56:55,36.97310,-76.43387,0.0,0.0,238.0,USNS SHUGHART,IMO7825394,NAOQ,70,5,276,32,13.0,70,A
367190000,2020-08-20T09:44:30,37.13995,-76.14513,17.9,332.1,333.0,DENEBOLA,IMO7325253,NDSP,70,0,288,32,9.0,70,A
215677000,2020-08-20T10:06:10,37.23513,-76.11768,0.0,268.2,6.0,RIZE,IMO9584035,9HA2781,70,1,229,32,14.5,,A
368026000,2020-08-20T09:42:21,36.86576,-76.31606,0.0,270.5,2.0,BENAVIDEZ,IMO9218210,NBHG,70,5,289,32,10.9,70,A
305855000,2020-08-20T09:44:45,36.86429,-76.31477,0.0,345.4,226.0,BBC PEARL,IMO9504786,V2FY8,70,5,153,23,9.1,70,A
367821000,2020-08-20T10:08:17,36.97287,-76.43361,0.0,0.0,511.0,YANO,IMO7825409,NAQH,70,0,276,32,13.0,70,A
366733250,2020-08-20T10:08:31,37.20181,-76.06337,1.2,349.4,511.0,ATLANTIC SURVEYOR,,WTR5417,70,15,31,7,,,A
367932000,2020-08-20T09:44:17,36.94917,-76.32967,0.0,107.0,279.0,JOHN LENTHALL,IMO8325547,NJLN,80,5,193,29,,,A
367190000,2020-08-20T10:10:32,37.24056,-76.13335,16.9,19.0,18.0,DENEBOLA,IMO7325253,NDSP,70,0,288,32,9.0,70,A
538006982,2020-08-20T10:14:16,36.96257,-76.42366,0.0,155.8,40.0,ANTE TOPIC,IMO9737072,V7TR4,70,5,,,,,A
477738200,2020-08-20T10:09:38,36.87749,-76.34980,0.1,172.8,347.0,COSCO PHILIPPINES,IMO9448762,VRGM7,70,5,334,42,14.5,72,A
305855000,2020-08-20T10:08:48,36.86428,-76.31476,0.0,120.3,226.0,BBC PEARL,IMO9504786,V2FY8,70,5,153,23,9.1,70,A
368026000,2020-08-20T10:15:21,36.86576,-76.31603,0.0,270.5,2.0,BENAVIDEZ,IMO9218210,NBHG,70,5,289,32,10.9,70,A
367821000,2020-08-20T10:11:17,36.97287,-76.43361,0.0,0.0,511.0,YANO,IMO7825409,NAQH,70,0,276,32,13.0,70,A
367190000,2020-08-20T09:54:19,37.18052,-76.15449,13.3,354.8,355.0,DENEBOLA,IMO7325253,NDSP,70,0,288,32,9.0,70,A
215677000,2020-08-20T10:00:09,37.23511,-76.11781,0.0,268.2,8.0,RIZE,IMO9584035,9HA2781,70,1,229,32,14.5,,A
538002652,2020-08-20T10:09:51,36.87953,-76.32642,0.0,259.0,276.0,NAIAS,IMO9330800,V7KN8,70,5,225,32,14.0,70,A
367190000,2020-08-20T09:49:49,37.16314,-76.15242,14.8,355.6,356.0,DENEBOLA,IMO7325253,NDSP,70,0,288,32,9.0,70,A
305855000,2020-08-20T10:11:47,36.86428,-76.31476,0.0,90.9,226.0,BBC PEARL,IMO9504786,V2FY8,70,5,153,23,9.1,70,A
538002652,2020-08-20T10:00:50,36.87952,-76.32645,0.0,259.0,276.0,NAIAS,IMO9330800,V7KN8,70,5,225,32,14.0,70,A
367821000,2020-08-20T10:12:27,36.97288,-76.43362,0.0,0.0,511.0,YANO,IMO7825409,NAQH,70,0,276,32,13.0,70,A
477196100,2020-08-20T10:15:56,37.19390,-76.13514,0.1,217.7,13.0,DARYA MA,IMO9591674,VRJH5,70,1,229,32,14.5,,A
367190000,2020-08-20T10:19:14,37.28266,-76.11708,19.1,17.8,17.0,DENEBOLA,IMO7325253,NDSP,70,0,288,32,9.0,70,A
367822000,2020-08-20T10:11:55,36.97310,-76.43388,0.0,0.0,238.0,USNS SHUGHART,IMO7825394,NAOQ,70,5,276,32,13.0,70,A
538006982,2020-08-20T09:53:16,36.96257,-76.42367,0.0,186.5,40.0,ANTE TOPIC,IMO9737072,V7TR4,70,5,,,,,A
367822000,2020-08-20T09:53:54,36.97310,-76.43387,0.0,0.0,238.0,USNS SHUGHART,IMO7825394,NAOQ,70,5,276,32,13.0,70,A
477196100,2020-08-20T10:12:53,37.19396,-76.13504,0.2,280.6,10.0,DARYA MA,IMO9591674,VRJH5,70,1,229,32,14.5,,A
368026000,2020-08-20T10:18:21,36.86574,-76.31604,0.0,270.5,2.0,BENAVIDEZ,IMO9218210,NBHG,70,5,289,32,10.9,70,A
366733250,2020-08-20T10:13:42,37.20355,-76.06383,1.3,343.7,511.0,ATLANTIC SURVEYOR,,WTR5417,70,15,31,7,,,A
215677000,2020-08-20T09:51:05,37.23510,-76.11769,0.0,268.2,4.0,RIZE,IMO9584035,9HA2781,70,1,229,32,14.5,,A
477738200,2020-08-20T09:51:36,36.87752,-76.34982,0.1,97.7,347.0,COSCO PHILIPPINES,IMO9448762,VRGM7,70,5,334,42,14.5,72,A
367190000,2020-08-20T10:20:45,37.29046,-76.11386,19.9,19.1,18.0,DENEBOLA,IMO7325253,NDSP,70,0,288,32,9.0,70,A
305855000,2020-08-20T10:14:48,36.86425,-76.31476,0.0,145.4,226.0,BBC PEARL,IMO9504786,V2FY8,70,5,153,23,9.1,70,A
367932000,2020-08-20T09:56:17,36.94914,-76.32963,0.0,107.0,279.0,JOHN LENTHALL,IMO8325547,NJLN,80,5,193,29,,,A
367861000,2020-08-20T10:15:00,36.94639,-76.32977,0.0,0.0,265.0,LARAMIE,IMO8906626,NLAR,80,5,193,29,,,A
538006982,2020-08-20T10:20:16,36.96258,-76.42367,0.0,155.8,40.0,ANTE TOPIC,IMO9737072,V7TR4,70,5,,,,,A
367821000,2020-08-20T09:58:08,36.97283,-76.43362,0.0,0.0,511.0,YANO,IMO7825409,NAQH,70,0,276,32,13.0,70,A
367821000,2020-08-20T10:14:38,36.97288,-76.43362,0.0,0.0,511.0,YANO,IMO7825409,NAQH,70,0,276,32,13.0,70,A
368026000,2020-08-20T09:54:20,36.86576,-76.31606,0.0,270.5,2.0,BENAVIDEZ,IMO9218210,NBHG,70,5,289,32,10.9,70,A
366839000,2020-08-20T10:16:08,36.85349,-76.31085,0.0,0.0,39.0,CAPE RISE,IMO7530808,KAFG,70,5,197,32,10.0,,A
367932000,2020-08-20T10:05:17,36.94912,-76.32971,0.0,107.0,279.0,JOHN LENTHALL,IMO8325547,NJLN,80,5,193,29,,,A
366839000,2020-08-20T09:55:04,36.85347,-76.31079,0.0,0.0,40.0,CAPE RISE,IMO7530808,KAFG,70,5,197,32,10.0,,A
367190000,2020-08-20T10:17:02,37.27160,-76.12120,18.6,18.3,17.0,DENEBOLA,IMO7325253,NDSP,70,0,288,32,9.0,70,A
477738200,2020-08-20T10:21:38,36.87749,-76.34977,0.1,155.1,347.0,COSCO PHILIPPINES,IMO9448762,VRGM7,70,5,334,42,14.5,72,A
215677000,2020-08-20T10:21:05,37.23510,-76.11772,0.1,268.2,8.0,RIZE,IMO9584035,9HA2781,70,1,229,32,14.5,,A
477738200,2020-08-20T10:06:37,36.87750,-76.34980,0.1,175.2,347.0,COSCO PHILIPPINES,IMO9448762,VRGM7,70,5,334,42,14.5,72,A
367821000,2020-08-20T10:18:08,36.97288,-76.43362,0.0,0.0,511.0,YANO,IMO7825409,NAQH,70,0,276,32,13.0,70,A
367190000,2020-08-20T10:18:08,37.27707,-76.11915,18.7,15.4,14.0,DENEBOLA,IMO7325253,NDSP,70,0,288,32,9.0,70,A
215677000,2020-08-20T10:18:01,37.23512,-76.11779,0.1,268.2,9.0,RIZE,IMO9584035,9HA2781,70,1,229,32,14.5,,A
367190000,2020-08-20T10:22:26,37.29951,-76.10879,21.5,26.5,26.0,DENEBOLA,IMO7325253,NDSP,70,0,288,32,9.0,70,A
367822000,2020-08-20T10:17:54,36.97309,-76.43387,0.0,0.0,238.0,USNS SHUGHART,IMO7825394,NAOQ,70,5,276,32,13.0,70,A
215677000,2020-08-20T09:57:04,37.23513,-76.11780,0.1,268.2,6.0,RIZE,IMO9584035,9HA2781,70,1,229,32,14.5,,A
366733250,2020-08-20T10:24:22,37.20711,-76.06545,1.0,346.8,511.0,ATLANTIC SURVEYOR,,WTR5417,70,15,31,7,,,A
538002652,2020-08-20T10:18:50,36.87945,-76.32645,0.0,259.0,276.0,NAIAS,IMO9330800,V7KN8,70,5,225,32,14.0,70,A
215677000,2020-08-20T10:24:06,37.23512,-76.11769,0.1,268.2,6.0,RIZE,IMO9584035,9HA2781,70,1,229,32,14.5,,A
366839000,2020-08-20T10:19:05,36.85349,-76.31082,0.0,0.0,39.0,CAPE RISE,IMO7530808,KAFG,70,5,197,32,10.0,,A
367932000,2020-08-20T10:08:17,36.94914,-76.32966,0.0,107.0,279.0,JOHN LENTHALL,IMO8325547,NJLN,80,5,193,29,,,A
366839000,2020-08-20T10:01:06,36.85345,-76.31081,0.0,0.0,40.0,CAPE RISE,IMO7530808,KAFG,70,5,197,32,10.0,,A
367932000,2020-08-20T10:20:17,36.94910,-76.32973,0.0,107.0,279.0,JOHN LENTHALL,IMO8325547,NJLN,80,5,193,29,,,A
367821000,2020-08-20T10:20:58,36.97288,-76.43362,0.0,0.0,511.0,YANO,IMO7825409,NAQH,70,0,276,32,13.0,70,A
366733250,2020-08-20T10:09:42,37.20219,-76.06345,1.2,350.2,511.0,ATLANTIC SURVEYOR,,WTR5417,70,15,31,7,,,A
366733250,2020-08-20T10:26:31,37.20764,-76.06567,0.8,343.8,511.0,ATLANTIC SURVEYOR,,WTR5417,70,15,31,7,,,A
367932000,2020-08-20T10:02:18,36.94915,-76.32963,0.0,107.0,279.0,JOHN LENTHALL,IMO8325547,NJLN,80,5,193,29,,,A
367190000,2020-08-20T10:25:39,37.31695,-76.09811,21.5,26.1,25.0,DENEBOLA,IMO7325253,NDSP,70,0,288,32,9.0,70,A
477196100,2020-08-20T10:21:55,37.19392,-76.13501,0.1,217.7,12.0,DARYA MA,IMO9591674,VRJH5,70,1,229,32,14.5,,A
368026000,2020-08-20T10:03:20,36.86577,-76.31605,0.0,270.5,2.0,BENAVIDEZ,IMO9218210,NBHG,70,5,289,32,10.9,70,A
367190000,2020-08-20T10:03:36,37.21336,-76.14415,13.5,16.3,15.0,DENEBOLA,IMO7325253,NDSP,70,0,288,32,9.0,70,A
367821000,2020-08-20T10:00:08,36.97285,-76.43362,0.0,0.0,511.0,YANO,IMO7825409,NAQH,70,0,276,32,13.0,70,A
367190000,2020-08-20T09:59:56,37.20024,-76.14922,13.1,16.0,15.0,DENEBOLA,IMO7325253,NDSP,70,0,288,32,9.0,70,A
305855000,2020-08-20T10:23:48,36.86424,-76.31480,0.0,180.9,226.0,BBC PEARL,IMO9504786,V2FY8,70,5,153,23,9.1,70,A
367861000,2020-08-20T10:27:00,36.94636,-76.32980,0.0,0.0,265.0,LARAMIE,IMO8906626,NLAR,80,5,193,29,,,A
366839000,2020-08-20T10:28:07,36.85348,-76.31084,0.0,0.0,39.0,CAPE RISE,IMO7530808,KAFG,70,5,197,32,10.0,,A
367861000,2020-08-20T10:24:01,36.94635,-76.32986,0.0,0.0,265.0,LARAMIE,IMO8906626,NLAR,80,5,193,29,,,A
367190000,2020-08-20T10:12:50,37.25122,-76.12923,17.7,16.3,15.0,DENEBOLA,IMO7325253,NDSP,70,0,288,32,9.0,70,A
367821000,2020-08-20T10:24:58,36.97288,-76.43362,0.0,0.0,511.0,YANO,IMO7825409,NAQH,70,0,276,32,13.0,70,A
305855000,2020-08-20T10:26:49,36.86429,-76.31476,0.0,154.3,226.0,BBC PEARL,IMO9504786,V2FY8,70,5,153,23,9.1,70,A
538002652,2020-08-20T10:24:53,36.87938,-76.32653,0.0,259.0,276.0,NAIAS,IMO9330800,V7KN8,70,5,225,32,14.0,70,A
366839000,2020-08-20T10:25:04,36.85349,-76.31082,0.0,0.0,39.0,CAPE RISE,IMO7530808,KAFG,70,5,197,32,10.0,,A
367821000,2020-08-20T10:27:58,36.97288,-76.43363,0.0,0.0,511.0,YANO,IMO7825409,NAQH,70,0,276,32,13.0,70,A
215677000,2020-08-20T10:03:04,37.23511,-76.11777,0.1,268.2,8.0,RIZE,IMO9584035,9HA2781,70,1,229,32,14.5,,A
538006982,2020-08-20T10:05:16,36.96258,-76.42367,0.0,176.4,40.0,ANTE TOPIC,IMO9737072,V7TR4,70,5,,,,,A
368026000,2020-08-20T10:27:21,36.86574,-76.31603,0.0,270.5,2.0,BENAVIDEZ,IMO9218210,NBHG,70,5,289,32,10.9,70,A
367822000,2020-08-20T10:26:55,36.97309,-76.43387,0.0,0.0,238.0,USNS SHUGHART,IMO7825394,NAOQ,70,5,276,32,13.0,70,A
477196100,2020-08-20T10:30:53,37.19403,-76.13533,0.2,291.7,15.0,DARYA MA,IMO9591674,VRJH5,70,1,229,32,14.5,,A
367190000,2020-08-20T10:29:39,37.33860,-76.08630,20.9,22.2,21.0,DENEBOLA,IMO7325253,NDSP,70,0,288,32,9.0,70,A
477738200,2020-08-20T10:27:38,36.87750,-76.34980,0.1,152.9,347.0,COSCO PHILIPPINES,IMO9448762,VRGM7,70,5,334,42,14.5,72,A
366733250,2020-08-20T10:27:52,37.20794,-76.06582,0.9,336.0,511.0,ATLANTIC SURVEYOR,,WTR5417,70,15,31,7,,,A
367861000,2020-08-20T10:30:00,36.94637,-76.32983,0.0,0.0,265.0,LARAMIE,IMO8906626,NLAR,80,5,193,29,,,A
477196100,2020-08-20T10:27:53,37.19392,-76.13515,0.2,300.6,10.0,DARYA MA,IMO9591674,VRJH5,70,1,229,32,14.5,,A
538002652,2020-08-20T10:12:51,36.87955,-76.32640,0.0,259.0,276.0,NAIAS,IMO9330800,V7KN8,70,5,225,32,14.0,70,A
367190000,2020-08-20T10:28:21,37.33145,-76.08988,21.1,22.5,21.0,DENEBOLA,IMO7325253,NDSP,70,0,288,32,9.0,70,A
366733250,2020-08-20T10:14:52,37.20395,-76.06399,1.2,342.6,511.0,ATLANTIC SURVEYOR,,WTR5417,70,15,31,7,,,A
367821000,2020-08-20T10:05:58,36.97286,-76.43361,0.0,0.0,511.0,YANO,IMO7825409,NAQH,70,0,276,32,13.0,70,A
477738200,2020-08-20T10:30:40,36.87750,-76.34980,0.0,149.2,347.0,COSCO PHILIPPINES,IMO9448762,VRGM7,70,5,334,42,14.5,72,A
367190000,2020-08-20T10:05:56,37.22183,-76.14122,13.6,18.0,17.0,DENEBOLA,IMO7325253,NDSP,70,0,288,32,9.0,70,A
367190000,2020-08-20T10:15:21,37.26329,-76.12455,18.3,18.3,17.0,DENEBOLA,IMO7325253,NDSP,70,0,288,32,9.0,70,A
305855000,2020-08-20T10:29:47,36.86427,-76.31477,0.0,165.2,226.0,BBC PEARL,IMO9504786,V2FY8,70,5,153,23,9.1,70,A
366733250,2020-08-20T10:30:31,37.20855,-76.06614,0.9,333.8,511.0,ATLANTIC SURVEYOR,,WTR5417,70,15,31,7,,,A
538006982,2020-08-20T10:29:16,36.96257,-76.42366,0.0,155.8,40.0,ANTE TOPIC,IMO9737072,V7TR4,70,5,,,,,A
366839000,2020-08-20T10:31:04,36.85349,-76.31081,0.0,0.0,39.0,CAPE RISE,IMO7530808,KAFG,70,5,197,32,10.0,,A
367822000,2020-08-20T10:32:56,36.97309,-76.43387,0.0,0.0,238.0,USNS SHUGHART,IMO7825394,NAOQ,70,5,276,32,13.0,70,A
477196100,2020-08-20T10:06:50,37.19381,-76.13464,0.1,206.4,1.0,DARYA MA,IMO9591674,VRJH5,70,1,229,32,14.5,,A
538002652,2020-08-20T10:15:52,36.87953,-76.32638,0.0,259.0,276.0,NAIAS,IMO9330800,V7KN8,70,5,225,32,14.0,70,A
367190000,2020-08-20T10:08:09,37.23029,-76.13769,15.2,18.6,18.0,DENEBOLA,IMO7325253,NDSP,70,0,288,32,9.0,70,A
477738200,2020-08-20T10:33:37,36.87747,-76.34980,0.0,149.2,347.0,COSCO PHILIPPINES,IMO9448762,VRGM7,70,5,334,42,14.5,72,A
367821000,2020-08-20T10:32:48,36.97288,-76.43363,0.0,0.0,511.0,YANO,IMO7825409,NAQH,70,0,276,32,13.0,70,A
367190000,2020-08-20T10:07:06,37.22617,-76.13944,14.2,18.3,17.0,DENEBOLA,IMO7325253,NDSP,70,0,288,32,9.0,70,A
538002652,2020-08-20T10:33:51,36.87952,-76.32648,0.0,209.0,276.0,NAIAS,IMO9330800,V7KN8,70,5,225,32,14.0,70,A
367822000,2020-08-20T10:08:56,36.97309,-76.43387,0.0,0.0,238.0,USNS SHUGHART,IMO7825394,NAOQ,70,5,276,32,13.0,70,A
367861000,2020-08-20T10:33:00,36.94638,-76.32981,0.0,0.0,266.0,LARAMIE,IMO8906626,NLAR,80,5,193,29,,,A
538002652,2020-08-20T10:30:51,36.87943,-76.32647,0.1,210.0,276.0,NAIAS,IMO9330800,V7KN8,70,5,225,32,14.0,70,A
538006982,2020-08-20T10:08:16,36.96255,-76.42366,0.0,176.4,40.0,ANTE TOPIC,IMO9737072,V7TR4,70,5,,,,,A
367821000,2020-08-20T10:34:48,36.97288,-76.43363,0.0,0.0,511.0,YANO,IMO7825409,NAQH,70,0,276,32,13.0,70,A
368026000,2020-08-20T10:09:21,36.86576,-76.31604,0.0,270.5,2.0,BENAVIDEZ,IMO9218210,NBHG,70,5,289,32,10.9,70,A
366733250,2020-08-20T10:36:22,37.20993,-76.06691,0.9,335.4,511.0,ATLANTIC SURVEYOR,,WTR5417,70,15,31,7,,,A
305855000,2020-08-20T10:32:48,36.86429,-76.31477,0.0,198.2,226.0,BBC PEARL,IMO9504786,V2FY8,70,5,153,23,9.1,70,A
477196100,2020-08-20T10:09:54,37.19389,-76.13485,0.2,298.3,5.0,DARYA MA,IMO9591674,VRJH5,70,1,229,32,14.5,,A
366733250,2020-08-20T10:18:42,37.20525,-76.06460,1.2,337.4,511.0,ATLANTIC SURVEYOR,,WTR5417,70,15,31,7,,,A
367932000,2020-08-20T10:35:17,36.94921,-76.32958,0.0,107.0,279.0,JOHN LENTHALL,IMO8325547,NJLN,80,5,193,29,,,A
366839000,2020-08-20T10:10:09,36.85346,-76.31082,0.0,0.0,39.0,CAPE RISE,IMO7530808,KAFG,70,5,197,32,10.0,,A
366733250,2020-08-20T10:33:22,37.20922,-76.06653,0.9,334.6,511.0,ATLANTIC SURVEYOR,,WTR5417,70,15,31,7,,,A
538006982,2020-08-20T10:11:16,36.96255,-76.42365,0.0,155.8,40.0,ANTE TOPIC,IMO9737072,V7TR4,70,5,,,,,A
367932000,2020-08-20T10:38:16,36.94914,-76.32966,0.0,107.0,279.0,JOHN LENTHALL,IMO8325547,NJLN,80,5,193,29,,,A
366733250,2020-08-20T10:10:52,37.20258,-76.06356,1.2,347.7,511.0,ATLANTIC SURVEYOR,,WTR5417,70,15,31,7,,,A
366733250,2020-08-20T10:19:51,37.20563,-76.06479,1.2,335.5,511.0,ATLANTIC SURVEYOR,,WTR5417,70,15,31,7,,,A
477196100,2020-08-20T10:36:55,37.19403,-76.13561,0.0,263.1,25.0,DARYA MA,IMO9591674,VRJH5,70,1,229,32,14.5,,A
477738200,2020-08-20T10:36:37,36.87752,-76.34980,0.1,151.3,347.0,COSCO PHILIPPINES,IMO9448762,VRGM7,70,5,334,42,14.5,72,A
477738200,2020-08-20T10:39:38,36.87750,-76.34981,0.1,154.5,347.0,COSCO PHILIPPINES,IMO9448762,VRGM7,70,5,334,42,14.5,72,A
368026000,2020-08-20T10:36:21,36.86576,-76.31606,0.0,270.5,2.0,BENAVIDEZ,IMO9218210,NBHG,70,5,289,32,10.9,70,A
368026000,2020-08-20T10:39:21,36.86577,-76.31604,0.0,270.5,2.0,BENAVIDEZ,IMO9218210,NBHG,70,5,289,32,10.9,70,A
215677000,2020-08-20T10:33:08,37.23513,-76.11791,0.1,268.2,8.0,RIZE,IMO9584035,9HA2781,70,1,229,32,14.5,,A
367821000,2020-08-20T10:37:08,36.97288,-76.43363,0.0,0.0,511.0,YANO,IMO7825409,NAQH,70,0,276,32,13.0,70,A
367861000,2020-08-20T10:12:01,36.94640,-76.32976,0.0,0.0,265.0,LARAMIE,IMO8906626,NLAR,80,5,193,29,,,A
538006982,2020-08-20T10:38:16,36.96255,-76.42367,0.0,125.0,40.0,ANTE TOPIC,IMO9737072,V7TR4,70,5,,,,,A
366733250,2020-08-20T10:34:42,37.20955,-76.06669,1.0,336.9,511.0,ATLANTIC SURVEYOR,,WTR5417,70,15,31,7,,,A
366733250,2020-08-20T10:12:31,37.20315,-76.06371,1.2,344.4,511.0,ATLANTIC SURVEYOR,,WTR5417,70,15,31,7,,,A
305855000,2020-08-20T10:38:49,36.86430,-76.31477,0.0,199.9,226.0,BBC PEARL,IMO9504786,V2FY8,70,5,153,23,9.1,70,A
477738200,2020-08-20T10:12:36,36.87752,-76.34984,0.0,144.8,347.0,COSCO PHILIPPINES,IMO9448762,VRGM7,70,5,334,42,14.5,72,A
538006982,2020-08-20T10:35:16,36.96257,-76.42365,0.0,155.8,40.0,ANTE TOPIC,IMO9737072,V7TR4,70,5,,,,,A
366839000,2020-08-20T10:13:04,36.85347,-76.31082,0.0,0.0,39.0,CAPE RISE,IMO7530808,KAFG,70,5,197,32,10.0,,A
477196100,2020-08-20T10:39:52,37.19403,-76.13550,0.1,263.1,24.0,DARYA MA,IMO9591674,VRJH5,70,1,229,32,14.5,,A
367861000,2020-08-20T10:39:00,36.94636,-76.32977,0.0,0.0,266.0,LARAMIE,IMO8906626,NLAR,80,5,193,29,,,A
366733250,2020-08-20T10:22:52,37.20663,-76.06525,1.2,340.7,511.0,ATLANTIC SURVEYOR,,WTR5417,70,15,31,7,,,A
305855000,2020-08-20T10:35:48,36.86427,-76.31477,0.0,205.4,226.0,BBC PEARL,IMO9504786,V2FY8,70,5,153,23,9.1,70,A
366839000,2020-08-20T10:22:01,36.85349,-76.31083,0.0,0.0,39.0,CAPE RISE,IMO7530808,KAFG,70,5,197,32,10.0,,A
367821000,2020-08-20T10:35:58,36.97288,-76.43363,0.0,0.0,511.0,YANO,IMO7825409,NAQH,70,0,276,32,13.0,70,A
367821000,2020-08-20T10:39:28,36.97288,-76.43363,0.0,0.0,511.0,YANO,IMO7825409,NAQH,70,0,276,32,13.0,70,A
367822000,2020-08-20T10:14:56,36.97309,-76.43387,0.0,0.0,238.0,USNS SHUGHART,IMO7825394,NAOQ,70,5,276,32,13.0,70,A
366733250,2020-08-20T10:16:11,37.20440,-76.06418,1.3,341.6,511.0,ATLANTIC SURVEYOR,,WTR5417,70,15,31,7,,,A
367821000,2020-08-20T10:15:47,36.97288,-76.43362,0.0,0.0,511.0,YANO,IMO7825409,NAQH,70,0,276,32,13.0,70,A
366733250,2020-08-20T10:17:22,37.20480,-76.06437,1.3,336.9,511.0,ATLANTIC SURVEYOR,,WTR5417,70,15,31,7,,,A
305855000,2020-08-20T10:17:47,36.86429,-76.31477,0.0,100.2,226.0,BBC PEARL,IMO9504786,V2FY8,70,5,153,23,9.1,70,A
215677000,2020-08-20T10:45:09,37.23506,-76.11810,0.1,293.0,9.0,RIZE,IMO9584035,9HA2781,70,1,229,32,14.5,,A
367932000,2020-08-20T10:17:16,36.94912,-76.32968,0.0,107.0,279.0,JOHN LENTHALL,IMO8325547,NJLN,80,5,193,29,,,A
366839000,2020-08-20T10:40:08,36.85350,-76.31082,0.0,0.0,39.0,CAPE RISE,IMO7530808,KAFG,70,5,197,32,10.0,,A
477738200,2020-08-20T10:18:37,36.87748,-76.34983,0.1,146.2,347.0,COSCO PHILIPPINES,IMO9448762,VRGM7,70,5,334,42,14.5,72,A
367821000,2020-08-20T10:42:28,36.97282,-76.43365,0.0,0.0,511.0,YANO,IMO7825409,NAQH,70,0,276,32,13.0,70,A
367861000,2020-08-20T10:18:01,36.94642,-76.32981,0.0,0.0,265.0,LARAMIE,IMO8906626,NLAR,80,5,193,29,,,A
367821000,2020-08-20T10:26:48,36.97288,-76.43362,0.0,0.0,511.0,YANO,IMO7825409,NAQH,70,0,276,32,13.0,70,A
477196100,2020-08-20T10:18:54,37.19389,-76.13513,0.1,217.7,15.0,DARYA MA,IMO9591674,VRJH5,70,1,229,32,14.5,,A
367861000,2020-08-20T10:42:01,36.94640,-76.32979,0.0,0.0,266.0,LARAMIE,IMO8906626,NLAR,80,5,193,29,,,A
366733250,2020-08-20T10:44:31,37.21185,-76.06788,0.8,343.0,511.0,ATLANTIC SURVEYOR,,WTR5417,70,15,31,7,,,A
367821000,2020-08-20T10:47:37,36.97281,-76.43366,0.0,0.0,511.0,YANO,IMO7825409,NAQH,70,0,276,32,13.0,70,A
367821000,2020-08-20T10:22:08,36.97288,-76.43362,0.0,0.0,511.0,YANO,IMO7825409,NAQH,70,0,276,32,13.0,70,A
538002652,2020-08-20T10:21:51,36.87927,-76.32663,0.0,259.0,276.0,NAIAS,IMO9330800,V7KN8,70,5,225,32,14.0,70,A
538002652,2020-08-20T10:27:49,36.87937,-76.32653,0.0,259.0,276.0,NAIAS,IMO9330800,V7KN8,70,5,225,32,14.0,70,A
366733250,2020-08-20T10:45:51,37.21217,-76.06799,0.9,343.6,511.0,ATLANTIC SURVEYOR,,WTR5417,70,15,31,7,,,A
538006982,2020-08-20T10:47:16,36.96256,-76.42365,0.0,125.0,40.0,ANTE TOPIC,IMO9737072,V7TR4,70,5,,,,,A
367190000,2020-08-20T10:23:44,37.30659,-76.10447,21.8,25.9,25.0,DENEBOLA,IMO7325253,NDSP,70,0,288,32,9.0,70,A
366733250,2020-08-20T10:21:12,37.20608,-76.06501,1.2,337.0,511.0,ATLANTIC SURVEYOR,,WTR5417,70,15,31,7,,,A
367932000,2020-08-20T10:23:17,36.94917,-76.32975,0.0,107.0,279.0,JOHN LENTHALL,IMO8325547,NJLN,80,5,193,29,,,A
477738200,2020-08-20T10:24:38,36.87749,-76.34978,0.1,154.6,347.0,COSCO PHILIPPINES,IMO9448762,VRGM7,70,5,334,42,14.5,72,A
477738200,2020-08-20T10:48:39,36.87752,-76.34980,0.1,135.0,347.0,COSCO PHILIPPINES,IMO9448762,VRGM7,70,5,334,42,14.5,72,A
367822000,2020-08-20T10:23:56,36.97309,-76.43387,0.0,0.0,238.0,USNS SHUGHART,IMO7825394,NAOQ,70,5,276,32,13.0,70,A
305855000,2020-08-20T10:20:47,36.86425,-76.31476,0.0,197.4,226.0,BBC PEARL,IMO9504786,V2FY8,70,5,153,23,9.1,70,A
367821000,2020-08-20T10:43:38,36.97279,-76.43365,0.0,0.0,511.0,YANO,IMO7825409,NAQH,70,0,276,32,13.0,70,A
367821000,2020-08-20T10:45:37,36.97281,-76.43367,0.0,0.0,511.0,YANO,IMO7825409,NAQH,70,0,276,32,13.0,70,A
367822000,2020-08-20T10:29:55,36.97309,-76.43387,0.0,0.0,238.0,USNS SHUGHART,IMO7825394,NAOQ,70,5,276,32,13.0,70,A
538002652,2020-08-20T10:48:51,36.87945,-76.32643,0.0,209.0,276.0,NAIAS,IMO9330800,V7KN8,70,5,225,32,14.0,70,A
367932000,2020-08-20T10:44:17,36.94907,-76.32963,0.0,107.0,279.0,JOHN LENTHALL,IMO8325547,NJLN,80,5,193,29,,,A
368026000,2020-08-20T10:21:21,36.86578,-76.31604,0.0,270.5,2.0,BENAVIDEZ,IMO9218210,NBHG,70,5,289,32,10.9,70,A
538006982,2020-08-20T10:50:16,36.96255,-76.42366,0.0,125.0,40.0,ANTE TOPIC,IMO9737072,V7TR4,70,5,,,,,A
538006982,2020-08-20T10:44:16,36.96257,-76.42366,0.0,125.0,40.0,ANTE TOPIC,IMO9737072,V7TR4,70,5,,,,,A
477738200,2020-08-20T10:45:36,36.87753,-76.34983,0.1,153.7,347.0,COSCO PHILIPPINES,IMO9448762,VRGM7,70,5,334,42,14.5,72,A
368026000,2020-08-20T10:33:21,36.86576,-76.31603,0.0,270.5,2.0,BENAVIDEZ,IMO9218210,NBHG,70,5,289,32,10.9,70,A
367822000,2020-08-20T10:50:56,36.97312,-76.43385,0.0,0.0,238.0,USNS SHUGHART,IMO7825394,NAOQ,70,5,276,32,13.0,70,A
367190000,2020-08-20T10:27:15,37.32556,-76.09291,21.3,24.3,22.0,DENEBOLA,IMO7325253,NDSP,70,0,288,32,9.0,70,A
366733250,2020-08-20T10:50:51,37.21341,-76.06849,0.9,342.9,511.0,ATLANTIC SURVEYOR,,WTR5417,70,15,31,7,,,A
366733250,2020-08-20T10:49:42,37.21313,-76.06835,0.9,342.0,511.0,ATLANTIC SURVEYOR,,WTR5417,70,15,31,7,,,A
305855000,2020-08-20T10:47:47,36.86428,-76.31477,0.0,140.8,226.0,BBC PEARL,IMO9504786,V2FY8,70,5,153,23,9.1,70,A
366839000,2020-08-20T10:46:07,36.85350,-76.31084,0.0,0.0,39.0,CAPE RISE,IMO7530808,KAFG,70,5,197,32,10.0,,A
368026000,2020-08-20T10:48:21,36.86575,-76.31603,0.0,270.5,2.0,BENAVIDEZ,IMO9218210,NBHG,70,5,289,32,10.9,70,A
538006982,2020-08-20T10:23:16,36.96257,-76.42369,0.0,155.8,40.0,ANTE TOPIC,IMO9737072,V7TR4,70,5,,,,,A
367861000,2020-08-20T10:51:00,36.94646,-76.32986,0.0,0.0,266.0,LARAMIE,IMO8906626,NLAR,80,5,193,29,,,A
367821000,2020-08-20T10:55:17,36.97281,-76.43366,0.0,0.0,511.0,YANO,IMO7825409,NAQH,70,0,276,32,13.0,70,A
477196100,2020-08-20T10:33:53,37.19404,-76.13552,0.1,263.1,20.0,DARYA MA,IMO9591674,VRJH5,70,1,229,32,14.5,,A
305855000,2020-08-20T10:53:45,36.86428,-76.31475,0.0,196.5,226.0,BBC PEARL,IMO9504786,V2FY8,70,5,153,23,9.1,70,A
366733250,2020-08-20T10:52:02,37.21369,-76.06859,0.9,343.2,511.0,ATLANTIC SURVEYOR,,WTR5417,70,15,31,7,,,A
367821000,2020-08-20T10:49:37,36.97281,-76.43367,0.0,0.0,511.0,YANO,IMO7825409,NAQH,70,0,276,32,13.0,70,A
477196100,2020-08-20T10:24:53,37.19389,-76.13502,0.1,217.7,9.0,DARYA MA,IMO9591674,VRJH5,70,1,229,32,14.5,,A
367861000,2020-08-20T10:35:59,36.94641,-76.32982,0.0,0.0,266.0,LARAMIE,IMO8906626,NLAR,80,5,193,29,,,A
538006982,2020-08-20T10:26:16,36.96258,-76.42368,0.0,155.8,40.0,ANTE TOPIC,IMO9737072,V7TR4,70,5,,,,,A
367932000,2020-08-20T10:29:17,36.94915,-76.32963,0.0,107.0,279.0,JOHN LENTHALL,IMO8325547,NJLN,80,5,193,29,,,A
367821000,2020-08-20T10:53:48,36.97281,-76.43366,0.0,0.0,511.0,YANO,IMO7825409,NAQH,70,0,276,32,13.0,70,A
538002652,2020-08-20T10:51:53,36.87942,-76.32637,0.0,209.0,276.0,NAIAS,IMO9330800,V7KN8,70,5,225,32,14.0,70,A
367861000,2020-08-20T10:54:01,36.94636,-76.32975,0.0,0.0,266.0,LARAMIE,IMO8906626,NLAR,80,5,193,29,,,A
477196100,2020-08-20T10:54:55,37.19409,-76.13557,0.1,287.3,20.0,DARYA MA,IMO9591674,VRJH5,70,1,229,32,14.5,,A
366839000,2020-08-20T10:37:02,36.85349,-76.31084,0.0,0.0,39.0,CAPE RISE,IMO7530808,KAFG,70,5,197,32,10.0,,A
215677000,2020-08-20T10:51:11,37.23512,-76.11828,0.1,298.5,12.0,RIZE,IMO9584035,9HA2781,70,1,229,32,14.5,,A
477196100,2020-08-20T10:51:48,37.19403,-76.13541,0.1,130.5,15.0,DARYA MA,IMO9591674,VRJH5,70,1,229,32,14.5,,A
367932000,2020-08-20T10:56:16,36.94915,-76.32968,0.0,107.0,279.0,JOHN LENTHALL,IMO8325547,NJLN,80,5,193,29,,,A
538006982,2020-08-20T10:56:16,36.96258,-76.42367,0.0,151.9,40.0,ANTE TOPIC,IMO9737072,V7TR4,70,5,,,,,A
366839000,2020-08-20T10:52:07,36.85348,-76.31081,0.0,0.0,39.0,CAPE RISE,IMO7530808,KAFG,70,5,197,32,10.0,,A
366733250,2020-08-20T10:57:32,37.21513,-76.06917,1.0,338.8,511.0,ATLANTIC SURVEYOR,,WTR5417,70,15,31,7,,,A
538002652,2020-08-20T10:57:53,36.87953,-76.32637,0.0,209.0,276.0,NAIAS,IMO9330800,V7KN8,70,5,225,32,14.0,70,A
538006982,2020-08-20T10:32:16,36.96257,-76.42366,0.0,155.8,40.0,ANTE TOPIC,IMO9737072,V7TR4,70,5,,,,,A
477738200,2020-08-20T10:57:37,36.87751,-76.34981,0.1,143.8,347.0,COSCO PHILIPPINES,IMO9448762,VRGM7,70,5,334,42,14.5,72,A
366733250,2020-08-20T10:42:41,37.21140,-76.06768,0.8,338.5,511.0,ATLANTIC SURVEYOR,,WTR5417,70,15,31,7,,,A
538002652,2020-08-20T10:39:50,36.87947,-76.32643,0.0,209.0,276.0,NAIAS,IMO9330800,V7KN8,70,5,225,32,14.0,70,A
367822000,2020-08-20T10:59:55,36.97312,-76.43385,0.0,0.0,238.0,USNS SHUGHART,IMO7825394,NAOQ,70,5,276,32,13.0,70,A
367821000,2020-08-20T10:29:08,36.97288,-76.43363,0.0,0.0,511.0,YANO,IMO7825409,NAQH,70,0,276,32,13.0,70,A
367821000,2020-08-20T10:58:28,36.97282,-76.43366,0.0,0.0,511.0,YANO,IMO7825409,NAQH,70,0,276,32,13.0,70,A
305855000,2020-08-20T10:59:47,36.86427,-76.31476,0.0,141.5,226.0,BBC PEARL,IMO9504786,V2FY8,70,5,153,23,9.1,70,A
538006982,2020-08-20T10:59:16,36.96257,-76.42366,0.0,151.9,40.0,ANTE TOPIC,IMO9737072,V7TR4,70,5,,,,,A
367821000,2020-08-20T10:59:48,36.97282,-76.43366,0.0,0.0,511.0,YANO,IMO7825409,NAQH,70,0,276,32,13.0,70,A
367821000,2020-08-20T10:30:28,36.97288,-76.43363,0.0,0.0,511.0,YANO,IMO7825409,NAQH,70,0,276,32,13.0,70,A
215677000,2020-08-20T10:30:06,37.23512,-76.11782,0.1,268.2,6.0,RIZE,IMO9584035,9HA2781,70,1,229,32,14.5,,A
215677000,2020-08-20T10:42:05,37.23505,-76.11799,0.1,268.2,7.0,RIZE,IMO9584035,9HA2781,70,1,229,32,14.5,,A
366839000,2020-08-20T10:43:03,36.85348,-76.31083,0.0,0.0,39.0,CAPE RISE,IMO7530808,KAFG,70,5,197,32,10.0,,A
367932000,2020-08-20T10:59:16,36.94920,-76.32966,0.0,107.0,279.0,JOHN LENTHALL,IMO8325547,NJLN,80,5,193,29,,,A
215677000,2020-08-20T11:00:04,37.23511,-76.11836,0.0,298.5,16.0,RIZE,IMO9584035,9HA2781,70,1,229,32,14.5,,A
477738200,2020-08-20T10:42:36,36.87750,-76.34979,0.1,124.1,347.0,COSCO PHILIPPINES,IMO9448762,VRGM7,70,5,334,42,14.5,72,A
367861000,2020-08-20T11:00:01,36.94639,-76.32981,0.0,0.0,266.0,LARAMIE,IMO8906626,NLAR,80,5,193,29,,,A
367821000,2020-08-20T11:01:18,36.97283,-76.43366,0.0,0.0,511.0,YANO,IMO7825409,NAQH,70,0,276,32,13.0,70,A
477738200,2020-08-20T11:00:37,36.87753,-76.34977,0.1,143.0,347.0,COSCO PHILIPPINES,IMO9448762,VRGM7,70,5,334,42,14.5,72,A
305855000,2020-08-20T10:44:46,36.86427,-76.31477,0.0,166.4,226.0,BBC PEARL,IMO9504786,V2FY8,70,5,153,23,9.1,70,A
367822000,2020-08-20T11:02:55,36.97313,-76.43385,0.0,0.0,238.0,USNS SHUGHART,IMO7825394,NAOQ,70,5,276,32,13.0,70,A
366733250,2020-08-20T11:01:13,37.21617,-76.06953,1.1,346.4,511.0,ATLANTIC SURVEYOR,,WTR5417,70,15,31,7,,,A
366733250,2020-08-20T10:38:41,37.21046,-76.06723,0.9,335.7,511.0,ATLANTIC SURVEYOR,,WTR5417,70,15,31,7,,,A
477196100,2020-08-20T10:57:52,37.19408,-76.13566,0.1,284.2,24.0,DARYA MA,IMO9591674,VRJH5,70,1,229,32,14.5,,A
368026000,2020-08-20T11:03:20,36.86577,-76.31604,0.0,270.5,2.0,BENAVIDEZ,IMO9218210,NBHG,70,5,289,32,10.9,70,A
367821000,2020-08-20T10:38:17,36.97288,-76.43363,0.0,0.0,511.0,YANO,IMO7825409,NAQH,70,0,276,32,13.0,70,A
367932000,2020-08-20T10:47:16,36.94909,-76.32962,0.0,107.0,279.0,JOHN LENTHALL,IMO8325547,NJLN,80,5,193,29,,,A
367821000,2020-08-20T10:56:18,36.97282,-76.43366,0.0,0.0,511.0,YANO,IMO7825409,NAQH,70,0,276,32,13.0,70,A
215677000,2020-08-20T10:48:06,37.23508,-76.11819,0.1,298.5,11.0,RIZE,IMO9584035,9HA2781,70,1,229,32,14.5,,A
215677000,2020-08-20T10:39:10,37.23510,-76.11795,0.1,268.2,9.0,RIZE,IMO9584035,9HA2781,70,1,229,32,14.5,,A
366733250,2020-08-20T10:41:02,37.21101,-76.06750,0.8,337.0,511.0,ATLANTIC SURVEYOR,,WTR5417,70,15,31,7,,,A
367822000,2020-08-20T10:56:56,36.97312,-76.43385,0.0,0.0,238.0,USNS SHUGHART,IMO7825394,NAOQ,70,5,276,32,13.0,70,A
367822000,2020-08-20T10:41:56,36.97310,-76.43384,0.0,0.0,238.0,USNS SHUGHART,IMO7825394,NAOQ,70,5,276,32,13.0,70,A
477738200,2020-08-20T11:03:38,36.87754,-76.34980,0.1,122.6,347.0,COSCO PHILIPPINES,IMO9448762,VRGM7,70,5,334,42,14.5,72,A
477738200,2020-08-20T10:51:38,36.87750,-76.34977,0.1,132.6,347.0,COSCO PHILIPPINES,IMO9448762,VRGM7,70,5,334,42,14.5,72,A
538002652,2020-08-20T10:36:51,36.87947,-76.32645,0.0,209.0,276.0,NAIAS,IMO9330800,V7KN8,70,5,225,32,14.0,70,A
366733250,2020-08-20T10:37:31,37.21020,-76.06707,0.9,333.2,511.0,ATLANTIC SURVEYOR,,WTR5417,70,15,31,7,,,A
367861000,2020-08-20T11:03:00,36.94642,-76.32982,0.0,0.0,265.0,LARAMIE,IMO8906626,NLAR,80,5,193,29,,,A
368026000,2020-08-20T10:42:21,36.86576,-76.31605,0.0,270.5,2.0,BENAVIDEZ,IMO9218210,NBHG,70,5,289,32,10.9,70,A
367821000,2020-08-20T11:03:38,36.97283,-76.43365,0.0,0.0,511.0,YANO,IMO7825409,NAQH,70,0,276,32,13.0,70,A
367822000,2020-08-20T10:35:55,36.97309,-76.43387,0.0,0.0,238.0,USNS SHUGHART,IMO7825394,NAOQ,70,5,276,32,13.0,70,A
477196100,2020-08-20T10:42:56,37.19396,-76.13536,0.1,130.5,19.0,DARYA MA,IMO9591674,VRJH5,70,1,229,32,14.5,,A
366733250,2020-08-20T11:05:51,37.21762,-76.06995,1.1,346.8,511.0,ATLANTIC SURVEYOR,,WTR5417,70,15,31,7,,,A
368026000,2020-08-20T11:00:21,36.86577,-76.31604,0.0,270.5,2.0,BENAVIDEZ,IMO9218210,NBHG,70,5,289,32,10.9,70,A
366839000,2020-08-20T11:07:06,36.85347,-76.31080,0.0,0.0,39.0,CAPE RISE,IMO7530808,KAFG,70,5,197,32,10.0,,A
477196100,2020-08-20T11:06:55,37.19404,-76.13557,0.0,284.2,20.0,DARYA MA,IMO9591674,VRJH5,70,1,229,32,14.5,,A
477196100,2020-08-20T10:45:48,37.19393,-76.13527,0.1,130.5,14.0,DARYA MA,IMO9591674,VRJH5,70,1,229,32,14.5,,A
367821000,2020-08-20T11:07:18,36.97283,-76.43365,0.0,0.0,511.0,YANO,IMO7825409,NAQH,70,0,276,32,13.0,70,A
367822000,2020-08-20T10:38:55,36.97312,-76.43380,0.0,0.0,238.0,USNS SHUGHART,IMO7825394,NAOQ,70,5,276,32,13.0,70,A
366733250,2020-08-20T11:08:02,37.21829,-76.07019,1.2,344.7,511.0,ATLANTIC SURVEYOR,,WTR5417,70,15,31,7,,,A
368026000,2020-08-20T11:06:21,36.86577,-76.31605,0.0,270.5,2.0,BENAVIDEZ,IMO9218210,NBHG,70,5,289,32,10.9,70,A
366733250,2020-08-20T10:47:21,37.21254,-76.06814,0.8,339.9,511.0,ATLANTIC SURVEYOR,,WTR5417,70,15,31,7,,,A
366733250,2020-08-20T11:02:23,37.21654,-76.06964,1.1,345.4,511.0,ATLANTIC SURVEYOR,,WTR5417,70,15,31,7,,,A
367821000,2020-08-20T10:40:38,36.97288,-76.43364,0.0,0.0,511.0,YANO,IMO7825409,NAQH,70,0,276,32,13.0,70,A
367821000,2020-08-20T11:08:38,36.97283,-76.43365,0.0,0.0,511.0,YANO,IMO7825409,NAQH,70,0,276,32,13.0,70,A
538006982,2020-08-20T11:08:16,36.96258,-76.42365,0.0,151.9,40.0,ANTE TOPIC,IMO9737072,V7TR4,70,5,,,,,A
367822000,2020-08-20T11:08:56,36.97315,-76.43384,0.0,0.0,238.0,USNS SHUGHART,IMO7825394,NAOQ,70,5,276,32,13.0,70,A
367861000,2020-08-20T11:09:01,36.94635,-76.32977,0.0,0.0,265.0,LARAMIE,IMO8906626,NLAR,80,5,193,29,,,A
305855000,2020-08-20T11:08:46,36.86429,-76.31477,0.0,134.5,226.0,BBC PEARL,IMO9504786,V2FY8,70,5,153,23,9.1,70,A
366733250,2020-08-20T11:09:11,37.21865,-76.07031,1.1,346.7,511.0,ATLANTIC SURVEYOR,,WTR5417,70,15,31,7,,,A
215677000,2020-08-20T11:09:01,37.23515,-76.11846,0.1,298.5,18.0,RIZE,IMO9584035,9HA2781,70,1,229,32,14.5,,A
477738200,2020-08-20T11:09:37,36.87747,-76.34984,0.1,159.8,347.0,COSCO PHILIPPINES,IMO9448762,VRGM7,70,5,334,42,14.5,72,A
305855000,2020-08-20T10:41:46,36.86429,-76.31476,0.0,152.5,226.0,BBC PEARL,IMO9504786,V2FY8,70,5,153,23,9.1,70,A
305855000,2020-08-20T11:11:47,36.86428,-76.31476,0.0,139.2,226.0,BBC PEARL,IMO9504786,V2FY8,70,5,153,23,9.1,70,A
367821000,2020-08-20T11:09:48,36.97283,-76.43365,0.0,0.0,511.0,YANO,IMO7825409,NAQH,70,0,276,32,13.0,70,A
367821000,2020-08-20T11:10:57,36.97288,-76.43362,0.0,0.0,511.0,YANO,IMO7825409,NAQH,70,0,276,32,13.0,70,A
366733250,2020-08-20T11:10:22,37.21903,-76.07041,1.1,347.0,511.0,ATLANTIC SURVEYOR,,WTR5417,70,15,31,7,,,A
366839000,2020-08-20T10:49:02,36.85348,-76.31082,0.0,0.0,39.0,CAPE RISE,IMO7530808,KAFG,70,5,197,32,10.0,,A
538006982,2020-08-20T11:11:16,36.96257,-76.42365,0.0,151.9,40.0,ANTE TOPIC,IMO9737072,V7TR4,70,5,,,,,A
367821000,2020-08-20T10:51:37,36.97281,-76.43366,0.0,0.0,511.0,YANO,IMO7825409,NAQH,70,0,276,32,13.0,70,A
368026000,2020-08-20T10:45:21,36.86575,-76.31604,0.0,270.5,2.0,BENAVIDEZ,IMO9218210,NBHG,70,5,289,32,10.9,70,A
367821000,2020-08-20T11:06:07,36.97283,-76.43365,0.0,0.0,511.0,YANO,IMO7825409,NAQH,70,0,276,32,13.0,70,A
215677000,2020-08-20T11:12:05,37.23518,-76.11850,0.1,298.5,20.0,RIZE,IMO9584035,9HA2781,70,1,229,32,14.5,,A
367822000,2020-08-20T11:11:55,36.97314,-76.43385,0.0,0.0,238.0,USNS SHUGHART,IMO7825394,NAOQ,70,5,276,32,13.0,70,A
367861000,2020-08-20T11:06:01,36.94636,-76.32978,0.0,0.0,265.0,LARAMIE,IMO8906626,NLAR,80,5,193,29,,,A
477196100,2020-08-20T11:12:56,37.19415,-76.13569,0.1,284.2,22.0,DARYA MA,IMO9591674,VRJH5,70,1,229,32,14.5,,A
366839000,2020-08-20T11:13:06,36.85348,-76.31084,0.0,0.0,39.0,CAPE RISE,IMO7530808,KAFG,70,5,197,32,10.0,,A
367932000,2020-08-20T10:50:17,36.94914,-76.32969,0.0,107.0,279.0,JOHN LENTHALL,IMO8325547,NJLN,80,5,193,29,,,A
366733250,2020-08-20T11:07:01,37.21797,-76.07008,1.0,346.0,511.0,ATLANTIC SURVEYOR,,WTR5417,70,15,31,7,,,A
367821000,2020-08-20T11:00:07,36.97282,-76.43366,0.0,0.0,511.0,YANO,IMO7825409,NAQH,70,0,276,32,13.0,70,A
366733250,2020-08-20T10:53:03,37.21395,-76.06871,0.8,340.8,511.0,ATLANTIC SURVEYOR,,WTR5417,70,15,31,7,,,A
366733250,2020-08-20T11:15:12,37.22064,-76.07089,1.1,348.3,511.0,ATLANTIC SURVEYOR,,WTR5417,70,15,31,7,,,A
367822000,2020-08-20T11:14:55,36.97314,-76.43386,0.0,0.0,238.0,USNS SHUGHART,IMO7825394,NAOQ,70,5,276,32,13.0,70,A
538002652,2020-08-20T10:54:52,36.87943,-76.32643,0.0,209.0,276.0,NAIAS,IMO9330800,V7KN8,70,5,225,32,14.0,70,A
215677000,2020-08-20T10:57:09,37.23512,-76.11835,0.0,298.5,15.0,RIZE,IMO9584035,9HA2781,70,1,229,32,14.5,,A
477196100,2020-08-20T11:09:51,37.19409,-76.13561,0.1,284.2,21.0,DARYA MA,IMO9591674,VRJH5,70,1,229,32,14.5,,A
367821000,2020-08-20T11:17:37,36.97286,-76.43362,0.0,0.0,511.0,YANO,IMO7825409,NAQH,70,0,276,32,13.0,70,A
366839000,2020-08-20T11:16:06,36.85346,-76.31080,0.0,0.0,39.0,CAPE RISE,IMO7530808,KAFG,70,5,197,32,10.0,,A
368026000,2020-08-20T11:18:20,36.86576,-76.31603,0.0,270.5,2.0,BENAVIDEZ,IMO9218210,NBHG,70,5,289,32,10.9,70,A
538006982,2020-08-20T11:17:16,36.96257,-76.42366,0.0,151.9,40.0,ANTE TOPIC,IMO9737072,V7TR4,70,5,,,,,A
477196100,2020-08-20T10:48:55,37.19398,-76.13531,0.1,130.5,13.0,DARYA MA,IMO9591674,VRJH5,70,1,229,32,14.5,,A
367821000,2020-08-20T11:04:48,36.97283,-76.43365,0.0,0.0,511.0,YANO,IMO7825409,NAQH,70,0,276,32,13.0,70,A
367932000,2020-08-20T11:17:17,36.94917,-76.32970,0.0,107.0,279.0,JOHN LENTHALL,IMO8325547,NJLN,80,5,193,29,,,A
215677000,2020-08-20T11:18:04,37.23515,-76.11850,0.0,298.5,19.0,RIZE,IMO9584035,9HA2781,70,1,229,32,14.5,,A
367861000,2020-08-20T11:17:59,36.94637,-76.32977,0.0,0.0,265.0,LARAMIE,IMO8906626,NLAR,80,5,193,29,,,A
366733250,2020-08-20T11:19:43,37.22215,-76.07141,1.2,343.8,511.0,ATLANTIC SURVEYOR,,WTR5417,70,15,31,7,,,A
367821000,2020-08-20T11:12:07,36.97288,-76.43361,0.0,0.0,511.0,YANO,IMO7825409,NAQH,70,0,276,32,13.0,70,A
477196100,2020-08-20T11:00:55,37.19407,-76.13562,0.1,284.2,24.0,DARYA MA,IMO9591674,VRJH5,70,1,229,32,14.5,,A
367821000,2020-08-20T11:19:57,36.97286,-76.43362,0.0,0.0,511.0,YANO,IMO7825409,NAQH,70,0,276,32,13.0,70,A
366733250,2020-08-20T11:13:51,37.22018,-76.07074,1.1,344.2,511.0,ATLANTIC SURVEYOR,,WTR5417,70,15,31,7,,,A
538002652,2020-08-20T11:09:50,36.87945,-76.32642,0.0,209.0,276.0,NAIAS,IMO9330800,V7KN8,70,5,225,32,14.0,70,A
538002652,2020-08-20T11:21:49,36.87940,-76.32648,0.0,209.0,276.0,NAIAS,IMO9330800,V7KN8,70,5,225,32,14.0,70,A
215677000,2020-08-20T11:21:05,37.23520,-76.11855,0.1,298.5,19.0,RIZE,IMO9584035,9HA2781,70,1,229,32,14.5,,A
367932000,2020-08-20T10:53:18,36.94923,-76.32963,0.0,107.0,279.0,JOHN LENTHALL,IMO8325547,NJLN,80,5,193,29,,,A
477738200,2020-08-20T11:15:37,36.87754,-76.34980,0.1,148.9,347.0,COSCO PHILIPPINES,IMO9448762,VRGM7,70,5,334,42,14.5,72,A
367821000,2020-08-20T11:14:57,36.97287,-76.43361,0.0,0.0,511.0,YANO,IMO7825409,NAQH,70,0,276,32,13.0,70,A
305855000,2020-08-20T11:02:47,36.86430,-76.31478,0.0,137.9,226.0,BBC PEARL,IMO9504786,V2FY8,70,5,153,23,9.1,70,A
368026000,2020-08-20T11:21:21,36.86574,-76.31602,0.0,270.5,2.0,BENAVIDEZ,IMO9218210,NBHG,70,5,289,32,10.9,70,A
366733250,2020-08-20T11:23:21,37.22329,-76.07183,1.1,343.2,511.0,ATLANTIC SURVEYOR,,WTR5417,70,15,31,7,,,A
367821000,2020-08-20T11:23:18,36.97287,-76.43363,0.0,0.0,511.0,YANO,IMO7825409,NAQH,70,0,276,32,13.0,70,A
366733250,2020-08-20T11:22:11,37.22294,-76.07171,1.1,340.5,511.0,ATLANTIC SURVEYOR,,WTR5417,70,15,31,7,,,A
366733250,2020-08-20T11:03:32,37.21689,-76.06973,1.0,350.0,511.0,ATLANTIC SURVEYOR,,WTR5417,70,15,31,7,,,A
366839000,2020-08-20T10:58:02,36.85349,-76.31084,0.0,0.0,39.0,CAPE RISE,IMO7530808,KAFG,70,5,197,32,10.0,,A
477196100,2020-08-20T11:03:52,37.19405,-76.13555,0.0,284.2,21.0,DARYA MA,IMO9591674,VRJH5,70,1,229,32,14.5,,A
366733250,2020-08-20T10:58:51,37.21550,-76.06930,1.0,345.0,511.0,ATLANTIC SURVEYOR,,WTR5417,70,15,31,7,,,A
305855000,2020-08-20T11:23:45,36.86427,-76.31475,0.0,137.1,226.0,BBC PEARL,IMO9504786,V2FY8,70,5,153,23,9.1,70,A
366839000,2020-08-20T11:04:04,36.85349,-76.31082,0.0,0.0,39.0,CAPE RISE,IMO7530808,KAFG,70,5,197,32,10.0,,A
368026000,2020-08-20T11:12:20,36.86576,-76.31602,0.0,270.5,2.0,BENAVIDEZ,IMO9218210,NBHG,70,5,289,32,10.9,70,A
477738200,2020-08-20T11:12:37,36.87755,-76.34979,0.1,123.2,347.0,COSCO PHILIPPINES,IMO9448762,VRGM7,70,5,334,42,14.5,72,A
367932000,2020-08-20T11:23:16,36.94917,-76.32968,0.0,107.0,279.0,JOHN LENTHALL,IMO8325547,NJLN,80,5,193,29,,,A
366733250,2020-08-20T11:24:31,37.22363,-76.07196,1.0,344.7,511.0,ATLANTIC SURVEYOR,,WTR5417,70,15,31,7,,,A
477738200,2020-08-20T11:24:40,36.87753,-76.34981,0.1,129.7,347.0,COSCO PHILIPPINES,IMO9448762,VRGM7,70,5,334,42,14.5,72,A
367821000,2020-08-20T11:24:27,36.97287,-76.43363,0.0,0.0,511.0,YANO,IMO7825409,NAQH,70,0,276,32,13.0,70,A
538002652,2020-08-20T11:12:51,36.87947,-76.32643,0.0,209.0,276.0,NAIAS,IMO9330800,V7KN8,70,5,225,32,14.0,70,A
366733250,2020-08-20T11:16:21,37.22103,-76.07101,1.2,344.7,511.0,ATLANTIC SURVEYOR,,WTR5417,70,15,31,7,,,A
366839000,2020-08-20T11:25:09,36.85345,-76.31082,0.0,0.0,39.0,CAPE RISE,IMO7530808,KAFG,70,5,197,32,10.0,,A
367821000,2020-08-20T11:25:28,36.97286,-76.43363,0.0,0.0,511.0,YANO,IMO7825409,NAQH,70,0,276,32,13.0,70,A
367821000,2020-08-20T11:26:57,36.97286,-76.43363,0.0,0.0,511.0,YANO,IMO7825409,NAQH,70,0,276,32,13.0,70,A
368026000,2020-08-20T11:15:20,36.86575,-76.31605,0.0,270.5,2.0,BENAVIDEZ,IMO9218210,NBHG,70,5,289,32,10.9,70,A
367821000,2020-08-20T10:57:27,36.97282,-76.43366,0.0,0.0,511.0,YANO,IMO7825409,NAQH,70,0,276,32,13.0,70,A
215677000,2020-08-20T11:15:04,37.23517,-76.11850,0.0,298.5,20.0,RIZE,IMO9584035,9HA2781,70,1,229,32,14.5,,A
366733250,2020-08-20T11:25:41,37.22397,-76.07208,1.0,342.9,511.0,ATLANTIC SURVEYOR,,WTR5417,70,15,31,7,,,A
367822000,2020-08-20T11:26:56,36.97313,-76.43385,0.0,0.0,238.0,USNS SHUGHART,IMO7825394,NAOQ,70,5,276,32,13.0,70,A
538006982,2020-08-20T11:05:16,36.96258,-76.42365,0.0,151.9,40.0,ANTE TOPIC,IMO9737072,V7TR4,70,5,,,,,A
477196100,2020-08-20T11:27:49,37.19433,-76.13608,0.1,284.2,35.0,DARYA MA,IMO9591674,VRJH5,70,1,229,32,14.5,,A
538002652,2020-08-20T11:18:49,36.87945,-76.32645,0.0,209.0,276.0,NAIAS,IMO9330800,V7KN8,70,5,225,32,14.0,70,A
215677000,2020-08-20T11:27:04,37.23529,-76.11878,0.1,298.5,24.0,RIZE,IMO9584035,9HA2781,70,1,229,32,14.5,,A
368026000,2020-08-20T11:27:21,36.86574,-76.31603,0.0,270.5,2.0,BENAVIDEZ,IMO9218210,NBHG,70,5,289,32,10.9,70,A
366733250,2020-08-20T11:28:01,37.22467,-76.07233,1.1,346.9,511.0,ATLANTIC SURVEYOR,,WTR5417,70,15,31,7,,,A
366733250,2020-08-20T11:18:32,37.22175,-76.07127,1.3,338.7,511.0,ATLANTIC SURVEYOR,,WTR5417,70,15,31,7,,,A
477196100,2020-08-20T11:18:56,37.19426,-76.13589,0.1,284.2,29.0,DARYA MA,IMO9591674,VRJH5,70,1,229,32,14.5,,A
367822000,2020-08-20T11:17:56,36.97314,-76.43386,0.0,0.0,238.0,USNS SHUGHART,IMO7825394,NAOQ,70,5,276,32,13.0,70,A
538002652,2020-08-20T11:00:49,36.87955,-76.32638,0.0,209.0,276.0,NAIAS,IMO9330800,V7KN8,70,5,225,32,14.0,70,A
477738200,2020-08-20T11:06:39,36.87750,-76.34980,0.1,148.7,347.0,COSCO PHILIPPINES,IMO9448762,VRGM7,70,5,334,42,14.5,72,A
367821000,2020-08-20T11:30:28,36.97286,-76.43363,0.0,0.0,511.0,YANO,IMO7825409,NAQH,70,0,276,32,13.0,70,A
305855000,2020-08-20T11:29:47,36.86427,-76.31475,0.0,126.8,226.0,BBC PEARL,IMO9504786,V2FY8,70,5,153,23,9.1,70,A
477738200,2020-08-20T11:18:37,36.87754,-76.34984,0.1,147.3,347.0,COSCO PHILIPPINES,IMO9448762,VRGM7,70,5,334,42,14.5,72,A
366733250,2020-08-20T11:29:22,37.22507,-76.07246,1.1,341.0,511.0,ATLANTIC SURVEYOR,,WTR5417,70,15,31,7,,,A
366733250,2020-08-20T11:30:42,37.22547,-76.07260,1.0,339.0,511.0,ATLANTIC SURVEYOR,,WTR5417,70,15,31,7,,,A
367822000,2020-08-20T11:29:56,36.97313,-76.43385,0.0,0.0,238.0,USNS SHUGHART,IMO7825394,NAOQ,70,5,276,32,13.0,70,A
538006982,2020-08-20T11:02:16,36.96258,-76.42365,0.0,151.9,40.0,ANTE TOPIC,IMO9737072,V7TR4,70,5,,,,,A
366839000,2020-08-20T11:31:09,36.85351,-76.31080,0.0,0.0,39.0,CAPE RISE,IMO7530808,KAFG,70,5,197,32,10.0,,A
215677000,2020-08-20T11:30:07,37.23531,-76.11885,0.1,298.5,27.0,RIZE,IMO9584035,9HA2781,70,1,229,32,14.5,,A
367932000,2020-08-20T11:08:16,36.94920,-76.32969,0.0,107.0,279.0,JOHN LENTHALL,IMO8325547,NJLN,80,5,193,29,,,A
367821000,2020-08-20T11:02:28,36.97283,-76.43365,0.0,0.0,511.0,YANO,IMO7825409,NAQH,70,0,276,32,13.0,70,A
215677000,2020-08-20T11:03:11,37.23510,-76.11837,0.0,298.5,16.0,RIZE,IMO9584035,9HA2781,70,1,229,32,14.5,,A
366733250,2020-08-20T11:21:02,37.22259,-76.07157,1.2,344.2,511.0,ATLANTIC SURVEYOR,,WTR5417,70,15,31,7,,,A
367821000,2020-08-20T11:21:27,36.97286,-76.43362,0.0,0.0,511.0,YANO,IMO7825409,NAQH,70,0,276,32,13.0,70,A
215677000,2020-08-20T11:33:02,37.23531,-76.11887,0.1,298.5,28.0,RIZE,IMO9584035,9HA2781,70,1,229,32,14.5,,A
538002652,2020-08-20T11:03:51,36.87948,-76.32643,0.0,209.0,276.0,NAIAS,IMO9330800,V7KN8,70,5,225,32,14.0,70,A
368026000,2020-08-20T11:24:21,36.86575,-76.31604,0.0,270.5,2.0,BENAVIDEZ,IMO9218210,NBHG,70,5,289,32,10.9,70,A
368026000,2020-08-20T11:09:21,36.86576,-76.31604,0.0,270.5,2.0,BENAVIDEZ,IMO9218210,NBHG,70,5,289,32,10.9,70,A
477738200,2020-08-20T11:33:39,36.87772,-76.34980,0.0,155.6,347.0,COSCO PHILIPPINES,IMO9448762,VRGM7,70,5,334,42,14.5,72,A
366733250,2020-08-20T11:04:41,37.21725,-76.06984,1.1,347.5,511.0,ATLANTIC SURVEYOR,,WTR5417,70,15,31,7,,,A
477196100,2020-08-20T11:21:51,37.19427,-76.13598,0.1,284.2,32.0,DARYA MA,IMO9591674,VRJH5,70,1,229,32,14.5,,A
367821000,2020-08-20T11:32:48,36.97285,-76.43363,0.0,0.0,511.0,YANO,IMO7825409,NAQH,70,0,276,32,13.0,70,A
538006982,2020-08-20T11:32:16,36.96260,-76.42365,0.0,151.9,40.0,ANTE TOPIC,IMO9737072,V7TR4,70,5,,,,,A
367932000,2020-08-20T11:32:16,36.94916,-76.32969,0.0,107.0,279.0,JOHN LENTHALL,IMO8325547,NJLN,80,5,193,29,,,A
367861000,2020-08-20T11:33:01,36.94639,-76.32975,0.0,0.0,265.0,LARAMIE,IMO8906626,NLAR,80,5,193,29,,,A
305855000,2020-08-20T11:05:48,36.86429,-76.31476,0.0,97.9,226.0,BBC PEARL,IMO9504786,V2FY8,70,5,153,23,9.1,70,A
215677000,2020-08-20T11:06:06,37.23512,-76.11840,0.0,298.5,17.0,RIZE,IMO9584035,9HA2781,70,1,229,32,14.5,,A
538002652,2020-08-20T11:06:51,36.87948,-76.32640,0.0,209.0,276.0,NAIAS,IMO9330800,V7KN8,70,5,225,32,14.0,70,A
367821000,2020-08-20T11:33:58,36.97285,-76.43363,0.0,0.0,511.0,YANO,IMO7825409,NAQH,70,0,276,32,13.0,70,A
367821000,2020-08-20T11:35:37,36.97285,-76.43363,0.0,0.0,511.0,YANO,IMO7825409,NAQH,70,0,276,32,13.0,70,A
366733250,2020-08-20T11:34:42,37.22664,-76.07311,1.1,341.1,511.0,ATLANTIC SURVEYOR,,WTR5417,70,15,31,7,,,A
366839000,2020-08-20T11:34:06,36.85350,-76.31080,0.0,0.0,39.0,CAPE RISE,IMO7530808,KAFG,70,5,197,32,10.0,,A
538002652,2020-08-20T11:36:51,36.87940,-76.32645,0.0,209.0,277.0,NAIAS,IMO9330800,V7KN8,70,5,225,32,14.0,70,A
367821000,2020-08-20T11:36:48,36.97285,-76.43364,0.0,0.0,511.0,YANO,IMO7825409,NAQH,70,0,276,32,13.0,70,A
367861000,2020-08-20T11:12:01,36.94640,-76.32979,0.0,0.0,266.0,LARAMIE,IMO8906626,NLAR,80,5,193,29,,,A
367822000,2020-08-20T11:23:56,36.97313,-76.43385,0.0,0.0,238.0,USNS SHUGHART,IMO7825394,NAOQ,70,5,276,32,13.0,70,A
367821000,2020-08-20T11:28:57,36.97286,-76.43363,0.0,0.0,511.0,YANO,IMO7825409,NAQH,70,0,276,32,13.0,70,A
367861000,2020-08-20T11:24:01,36.94637,-76.32977,0.0,0.0,265.0,LARAMIE,IMO8906626,NLAR,80,5,193,29,,,A
368026000,2020-08-20T11:36:21,36.86575,-76.31603,0.0,270.5,2.0,BENAVIDEZ,IMO9218210,NBHG,70,5,289,32,10.9,70,A
366733250,2020-08-20T11:37:51,37.22762,-76.07351,1.1,339.7,511.0,ATLANTIC SURVEYOR,,WTR5417,70,15,31,7,,,A
538006982,2020-08-20T11:29:16,36.96258,-76.42364,0.0,151.9,40.0,ANTE TOPIC,IMO9737072,V7TR4,70,5,,,,,A
366839000,2020-08-20T11:10:02,36.85349,-76.31083,0.0,0.0,39.0,CAPE RISE,IMO7530808,KAFG,70,5,197,32,10.0,,A
367932000,2020-08-20T11:14:17,36.94922,-76.32969,0.0,107.0,279.0,JOHN LENTHALL,IMO8325547,NJLN,80,5,193,29,,,A
538006982,2020-08-20T11:14:16,36.96256,-76.42365,0.0,151.9,40.0,ANTE TOPIC,IMO9737072,V7TR4,70,5,,,,,A
368026000,2020-08-20T11:30:20,36.86575,-76.31604,0.0,270.5,2.0,BENAVIDEZ,IMO9218210,NBHG,70,5,289,32,10.9,70,A
367822000,2020-08-20T11:38:56,36.97313,-76.43384,0.0,0.0,238.0,USNS SHUGHART,IMO7825394,NAOQ,70,5,276,32,13.0,70,A
538006982,2020-08-20T11:35:16,36.96258,-76.42364,0.0,151.9,40.0,ANTE TOPIC,IMO9737072,V7TR4,70,5,,,,,A
367932000,2020-08-20T11:26:17,36.94917,-76.32958,0.0,107.0,279.0,JOHN LENTHALL,IMO8325547,NJLN,80,5,193,29,,,A
368026000,2020-08-20T11:39:20,36.86575,-76.31603,0.0,270.5,2.0,BENAVIDEZ,IMO9218210,NBHG,70,5,289,32,10.9,70,A
366733250,2020-08-20T11:26:51,37.22431,-76.07220,1.1,344.8,511.0,ATLANTIC SURVEYOR,,WTR5417,70,15,31,7,,,A
366733250,2020-08-20T11:11:32,37.21941,-76.07053,1.2,343.2,511.0,ATLANTIC SURVEYOR,,WTR5417,70,15,31,7,,,A
367861000,2020-08-20T11:15:00,36.94642,-76.32979,0.0,0.0,265.0,LARAMIE,IMO8906626,NLAR,80,5,193,29,,,A
367822000,2020-08-20T11:41:55,36.97313,-76.43384,0.0,0.0,238.0,USNS SHUGHART,IMO7825394,NAOQ,70,5,276,32,13.0,70,A
477738200,2020-08-20T11:27:38,36.87749,-76.34981,0.1,141.3,347.0,COSCO PHILIPPINES,IMO9448762,VRGM7,70,5,334,42,14.5,72,A
366733250,2020-08-20T11:40:51,37.22854,-76.07395,1.1,336.8,511.0,ATLANTIC SURVEYOR,,WTR5417,70,15,31,7,,,A
477196100,2020-08-20T11:15:48,37.19422,-76.13580,0.1,284.2,26.0,DARYA MA,IMO9591674,VRJH5,70,1,229,32,14.5,,A
538002652,2020-08-20T11:15:49,36.87942,-76.32647,0.0,209.0,276.0,NAIAS,IMO9330800,V7KN8,70,5,225,32,14.0,70,A
366839000,2020-08-20T11:28:04,36.85348,-76.31083,0.0,0.0,39.0,CAPE RISE,IMO7530808,KAFG,70,5,197,32,10.0,,A
367821000,2020-08-20T11:43:37,36.97284,-76.43364,0.0,0.0,511.0,YANO,IMO7825409,NAQH,70,0,276,32,13.0,70,A
366733250,2020-08-20T11:12:41,37.21979,-76.07063,1.1,349.3,511.0,ATLANTIC SURVEYOR,,WTR5417,70,15,31,7,,,A
538002652,2020-08-20T11:30:52,36.87945,-76.32650,0.0,209.0,276.0,NAIAS,IMO9330800,V7KN8,70,5,225,32,14.0,70,A
367821000,2020-08-20T11:13:48,36.97287,-76.43361,0.0,0.0,511.0,YANO,IMO7825409,NAQH,70,0,276,32,13.0,70,A
367821000,2020-08-20T11:45:37,36.97284,-76.43364,0.0,0.0,511.0,YANO,IMO7825409,NAQH,70,0,276,32,13.0,70,A
366733250,2020-08-20T11:45:22,37.22995,-76.07469,1.3,339.5,511.0,ATLANTIC SURVEYOR,,WTR5417,70,15,31,7,,,A
305855000,2020-08-20T11:17:47,36.86427,-76.31476,0.0,137.1,226.0,BBC PEARL,IMO9504786,V2FY8,70,5,153,23,9.1,70,A
305855000,2020-08-20T11:38:48,36.86428,-76.31477,0.0,122.6,226.0,BBC PEARL,IMO9504786,V2FY8,70,5,153,23,9.1,70,A
305855000,2020-08-20T11:32:48,36.86429,-76.31476,0.0,120.5,226.0,BBC PEARL,IMO9504786,V2FY8,70,5,153,23,9.1,70,A
305855000,2020-08-20T11:14:46,36.86428,-76.31475,0.0,139.2,226.0,BBC PEARL,IMO9504786,V2FY8,70,5,153,23,9.1,70,A
215677000,2020-08-20T11:39:05,37.23531,-76.11888,0.0,298.5,29.0,RIZE,IMO9584035,9HA2781,70,1,229,32,14.5,,A
367821000,2020-08-20T11:18:48,36.97287,-76.43362,0.0,0.0,511.0,YANO,IMO7825409,NAQH,70,0,276,32,13.0,70,A
367821000,2020-08-20T11:42:17,36.97285,-76.43364,0.0,0.0,511.0,YANO,IMO7825409,NAQH,70,0,276,32,13.0,70,A
366839000,2020-08-20T11:19:08,36.85349,-76.31079,0.0,0.0,39.0,CAPE RISE,IMO7530808,KAFG,70,5,197,32,10.0,,A
367932000,2020-08-20T11:44:17,36.94916,-76.32969,0.0,107.0,279.0,JOHN LENTHALL,IMO8325547,NJLN,80,5,193,29,,,A
538006982,2020-08-20T11:41:16,36.96258,-76.42365,0.0,151.9,40.0,ANTE TOPIC,IMO9737072,V7TR4,70,5,,,,,A
367861000,2020-08-20T11:42:00,36.94643,-76.32988,0.0,0.0,265.0,LARAMIE,IMO8906626,NLAR,80,5,193,29,,,A
367932000,2020-08-20T11:41:17,36.94919,-76.32961,0.0,107.0,279.0,JOHN LENTHALL,IMO8325547,NJLN,80,5,193,29,,,A
538006982,2020-08-20T11:20:16,36.96256,-76.42367,0.0,151.9,40.0,ANTE TOPIC,IMO9737072,V7TR4,70,5,,,,,A
305855000,2020-08-20T11:44:46,36.86429,-76.31478,0.0,145.1,227.0,BBC PEARL,IMO9504786,V2FY8,70,5,153,23,9.1,70,A
215677000,2020-08-20T11:36:06,37.23532,-76.11888,0.0,298.5,29.0,RIZE,IMO9584035,9HA2781,70,1,229,32,14.5,,A
366839000,2020-08-20T11:22:06,36.85349,-76.31079,0.0,0.0,39.0,CAPE RISE,IMO7530808,KAFG,70,5,197,32,10.0,,A
368026000,2020-08-20T11:45:21,36.86576,-76.31604,0.0,270.5,2.0,BENAVIDEZ,IMO9218210,NBHG,70,5,289,32,10.9,70,A
367861000,2020-08-20T11:48:01,36.94633,-76.32978,0.0,0.0,265.0,LARAMIE,IMO8906626,NLAR,80,5,193,29,,,A
305855000,2020-08-20T11:35:46,36.86427,-76.31477,0.0,118.0,226.0,BBC PEARL,IMO9504786,V2FY8,70,5,153,23,9.1,70,A
368026000,2020-08-20T11:48:20,36.86576,-76.31602,0.0,270.5,2.0,BENAVIDEZ,IMO9218210,NBHG,70,5,289,32,10.9,70,A
367821000,2020-08-20T11:39:07,36.97285,-76.43364,0.0,0.0,511.0,YANO,IMO7825409,NAQH,70,0,276,32,13.0,70,A
215677000,2020-08-20T11:24:04,37.23524,-76.11869,0.1,298.5,21.0,RIZE,IMO9584035,9HA2781,70,1,229,32,14.5,,A
366839000,2020-08-20T11:37:11,36.85349,-76.31082,0.0,0.0,39.0,CAPE RISE,IMO7530808,KAFG,70,5,197,32,10.0,,A
366733250,2020-08-20T11:39:41,37.22818,-76.07377,1.2,339.8,511.0,ATLANTIC SURVEYOR,,WTR5417,70,15,31,7,,,A
367822000,2020-08-20T11:47:56,36.97315,-76.43385,0.0,0.0,238.0,USNS SHUGHART,IMO7825394,NAOQ,70,5,276,32,13.0,70,A
367821000,2020-08-20T11:48:47,36.97285,-76.43364,0.0,0.0,511.0,YANO,IMO7825409,NAQH,70,0,276,32,13.0,70,A
367821000,2020-08-20T11:47:37,36.97285,-76.43364,0.0,0.0,511.0,YANO,IMO7825409,NAQH,70,0,276,32,13.0,70,A
538002652,2020-08-20T11:45:52,36.87943,-76.32642,0.0,209.0,277.0,NAIAS,IMO9330800,V7KN8,70,5,225,32,14.0,70,A
477738200,2020-08-20T11:39:39,36.87756,-76.34981,0.0,127.7,347.0,COSCO PHILIPPINES,IMO9448762,VRGM7,70,5,334,42,14.5,72,A
367821000,2020-08-20T11:41:07,36.97285,-76.43364,0.0,0.0,511.0,YANO,IMO7825409,NAQH,70,0,276,32,13.0,70,A
367861000,2020-08-20T11:39:00,36.94639,-76.32984,0.0,0.0,265.0,LARAMIE,IMO8906626,NLAR,80,5,193,29,,,A
366839000,2020-08-20T11:52:09,36.85351,-76.31084,0.0,0.0,39.0,CAPE RISE,IMO7530808,KAFG,70,5,197,32,10.0,,A
305855000,2020-08-20T11:41:46,36.86429,-76.31477,0.0,116.8,226.0,BBC PEARL,IMO9504786,V2FY8,70,5,153,23,9.1,70,A
477196100,2020-08-20T11:24:56,37.19431,-76.13603,0.1,284.2,34.0,DARYA MA,IMO9591674,VRJH5,70,1,229,32,14.5,,A
366733250,2020-08-20T11:52:02,37.23230,-76.07588,1.4,340.1,511.0,ATLANTIC SURVEYOR,,WTR5417,70,15,31,7,,,A
368026000,2020-08-20T11:42:21,36.86576,-76.31604,0.0,270.5,2.0,BENAVIDEZ,IMO9218210,NBHG,70,5,289,32,10.9,70,A
368026000,2020-08-20T11:51:20,36.86575,-76.31603,0.0,270.5,2.0,BENAVIDEZ,IMO9218210,NBHG,70,5,289,32,10.9,70,A
538006982,2020-08-20T11:53:16,36.96257,-76.42365,0.0,151.9,40.0,ANTE TOPIC,IMO9737072,V7TR4,70,5,,,,,A
367822000,2020-08-20T11:20:55,36.97313,-76.43385,0.0,0.0,238.0,USNS SHUGHART,IMO7825394,NAOQ,70,5,276,32,13.0,70,A
477738200,2020-08-20T11:42:40,36.87754,-76.34982,0.0,116.0,347.0,COSCO PHILIPPINES,IMO9448762,VRGM7,70,5,334,42,14.5,72,A
538002652,2020-08-20T11:42:53,36.87947,-76.32645,0.0,209.0,277.0,NAIAS,IMO9330800,V7KN8,70,5,225,32,14.0,70,A
367821000,2020-08-20T11:57:37,36.97285,-76.43364,0.0,0.0,511.0,YANO,IMO7825409,NAQH,70,0,276,32,13.0,70,A
477196100,2020-08-20T11:42:56,37.19448,-76.13623,0.1,284.2,40.0,DARYA MA,IMO9591674,VRJH5,70,1,229,32,14.5,,A
305855000,2020-08-20T11:53:45,36.86431,-76.31477,0.0,138.5,227.0,BBC PEARL,IMO9504786,V2FY8,70,5,153,23,9.1,70,A
538006982,2020-08-20T11:23:16,36.96257,-76.42367,0.0,151.9,40.0,ANTE TOPIC,IMO9737072,V7TR4,70,5,,,,,A
305855000,2020-08-20T11:56:49,36.86431,-76.31477,0.0,151.7,227.0,BBC PEARL,IMO9504786,V2FY8,70,5,153,23,9.1,70,A
367932000,2020-08-20T11:50:17,36.94911,-76.32968,0.0,107.0,279.0,JOHN LENTHALL,IMO8325547,NJLN,80,5,193,29,,,A
367932000,2020-08-20T11:47:16,36.94916,-76.32972,0.0,107.0,279.0,JOHN LENTHALL,IMO8325547,NJLN,80,5,193,29,,,A
367861000,2020-08-20T12:00:00,36.94642,-76.32980,0.0,0.0,265.0,LARAMIE,IMO8906626,NLAR,80,5,193,29,,,A
305855000,2020-08-20T11:26:49,36.86427,-76.31475,0.0,135.3,226.0,BBC PEARL,IMO9504786,V2FY8,70,5,153,23,9.1,70,A
538006982,2020-08-20T11:47:16,36.96257,-76.42364,0.0,151.9,40.0,ANTE TOPIC,IMO9737072,V7TR4,70,5,,,,,A
368026000,2020-08-20T12:00:20,36.86574,-76.31603,0.0,270.5,2.0,BENAVIDEZ,IMO9218210,NBHG,70,5,289,32,10.9,70,A
477196100,2020-08-20T11:57:48,37.19457,-76.13642,0.1,37.6,47.0,DARYA MA,IMO9591674,VRJH5,70,1,229,32,14.5,,A
305855000,2020-08-20T11:59:46,36.86430,-76.31478,0.0,106.8,227.0,BBC PEARL,IMO9504786,V2FY8,70,5,153,23,9.1,70,A
368026000,2020-08-20T11:33:21,36.86575,-76.31603,0.0,270.5,2.0,BENAVIDEZ,IMO9218210,NBHG,70,5,289,32,10.9,70,A
477196100,2020-08-20T11:48:48,37.19456,-76.13639,0.1,302.0,47.0,DARYA MA,IMO9591674,VRJH5,70,1,229,32,14.5,,A
367821000,2020-08-20T11:59:37,36.97290,-76.43362,0.0,0.0,511.0,YANO,IMO7825409,NAQH,70,0,276,32,13.0,70,A
538006982,2020-08-20T12:02:16,36.96259,-76.42367,0.0,151.9,40.0,ANTE TOPIC,IMO9737072,V7TR4,70,5,,,,,A
366733250,2020-08-20T12:01:11,37.23551,-76.07751,1.3,337.2,511.0,ATLANTIC SURVEYOR,,WTR5417,70,15,31,7,,,A
477738200,2020-08-20T11:30:38,36.87750,-76.34982,0.1,139.1,347.0,COSCO PHILIPPINES,IMO9448762,VRGM7,70,5,334,42,14.5,72,A
368026000,2020-08-20T11:57:21,36.86577,-76.31607,0.0,270.5,2.0,BENAVIDEZ,IMO9218210,NBHG,70,5,289,32,10.9,70,A
215677000,2020-08-20T11:51:06,37.23537,-76.11892,0.1,298.5,29.0,RIZE,IMO9584035,9HA2781,70,1,229,32,14.5,,A
538002652,2020-08-20T11:33:50,36.87938,-76.32645,0.0,209.0,277.0,NAIAS,IMO9330800,V7KN8,70,5,225,32,14.0,70,A
367821000,2020-08-20T11:49:58,36.97285,-76.43364,0.0,0.0,511.0,YANO,IMO7825409,NAQH,70,0,276,32,13.0,70,A
477196100,2020-08-20T11:30:58,37.19436,-76.13613,0.1,284.2,36.0,DARYA MA,IMO9591674,VRJH5,70,1,229,32,14.5,,A
366733250,2020-08-20T11:32:42,37.22606,-76.07285,1.0,339.2,511.0,ATLANTIC SURVEYOR,,WTR5417,70,15,31,7,,,A
477196100,2020-08-20T11:33:48,37.19440,-76.13614,0.1,284.2,38.0,DARYA MA,IMO9591674,VRJH5,70,1,229,32,14.5,,A
367821000,2020-08-20T11:54:28,36.97285,-76.43364,0.0,0.0,511.0,YANO,IMO7825409,NAQH,70,0,276,32,13.0,70,A
366733250,2020-08-20T11:50:52,37.23187,-76.07566,1.3,340.6,511.0,ATLANTIC SURVEYOR,,WTR5417,70,15,31,7,,,A
367822000,2020-08-20T11:32:54,36.97313,-76.43384,0.0,0.0,238.0,USNS SHUGHART,IMO7825394,NAOQ,70,5,276,32,13.0,70,A
367821000,2020-08-20T11:51:08,36.97285,-76.43364,0.0,0.0,511.0,YANO,IMO7825409,NAQH,70,0,276,32,13.0,70,A
538002652,2020-08-20T11:51:52,36.87942,-76.32638,0.0,209.0,277.0,NAIAS,IMO9330800,V7KN8,70,5,225,32,14.0,70,A
215677000,2020-08-20T12:03:06,37.23544,-76.11906,0.1,298.5,33.0,RIZE,IMO9584035,9HA2781,70,1,229,32,14.5,,A
367861000,2020-08-20T12:00:00,36.94642,-76.32980,0.0,0.0,265.0,LARAMIE,IMO8906626,NLAR,80,5,193,29,,,A
367932000,2020-08-20T11:35:17,36.94915,-76.32964,0.0,107.0,279.0,JOHN LENTHALL,IMO8325547,NJLN,80,5,193,29,,,A
366733250,2020-08-20T11:56:11,37.23377,-76.07657,1.3,339.7,511.0,ATLANTIC SURVEYOR,,WTR5417,70,15,31,7,,,A
367932000,2020-08-20T12:02:18,36.94896,-76.32956,0.0,107.0,279.0,JOHN LENTHALL,IMO8325547,NJLN,80,5,193,29,,,A
538002652,2020-08-20T11:54:52,36.87930,-76.32637,0.0,209.0,277.0,NAIAS,IMO9330800,V7KN8,70,5,225,32,14.0,70,A
477196100,2020-08-20T11:36:57,37.19437,-76.13617,0.0,284.2,38.0,DARYA MA,IMO9591674,VRJH5,70,1,229,32,14.5,,A
366733250,2020-08-20T12:05:32,37.23707,-76.07839,1.4,329.9,511.0,ATLANTIC SURVEYOR,,WTR5417,70,15,31,7,,,A
366733250,2020-08-20T12:02:12,37.23588,-76.07771,1.4,335.9,511.0,ATLANTIC SURVEYOR,,WTR5417,70,15,31,7,,,A
367822000,2020-08-20T11:53:55,36.97312,-76.43383,0.0,0.0,238.0,USNS SHUGHART,IMO7825394,NAOQ,70,5,276,32,13.0,70,A
477738200,2020-08-20T12:03:40,36.87763,-76.34985,0.1,30.9,347.0,COSCO PHILIPPINES,IMO9448762,VRGM7,70,5,334,42,14.5,72,A
366733250,2020-08-20T11:36:41,37.22727,-76.07336,1.1,342.6,511.0,ATLANTIC SURVEYOR,,WTR5417,70,15,31,7,,,A
477738200,2020-08-20T12:06:40,36.87757,-76.34984,0.1,27.0,347.0,COSCO PHILIPPINES,IMO9448762,VRGM7,70,5,334,42,14.5,72,A
367932000,2020-08-20T11:56:17,36.94917,-76.32970,0.0,107.0,279.0,JOHN LENTHALL,IMO8325547,NJLN,80,5,193,29,,,A
366839000,2020-08-20T12:07:02,36.85352,-76.31082,0.0,0.0,39.0,CAPE RISE,IMO7530808,KAFG,70,5,197,32,10.0,,A
366839000,2020-08-20T12:04:02,36.85352,-76.31085,0.0,0.0,39.0,CAPE RISE,IMO7530808,KAFG,70,5,197,32,10.0,,A
477196100,2020-08-20T12:03:49,37.19470,-76.13650,0.2,304.5,52.0,DARYA MA,IMO9591674,VRJH5,70,1,229,32,14.5,,A
215677000,2020-08-20T00:06:07,37.23583,-76.11932,0.1,305.5,50.0,RIZE,IMO9584035,9HA2781,70,1,229,32,14.5,,A
477196100,2020-08-20T11:39:54,37.19441,-76.13618,0.1,284.2,38.0,DARYA MA,IMO9591674,VRJH5,70,1,229,32,14.5,,A
367861000,2020-08-20T11:57:01,36.94641,-76.32982,0.0,0.0,265.0,LARAMIE,IMO8906626,NLAR,80,5,193,29,,,A
367821000,2020-08-20T12:05:07,36.97283,-76.43365,0.0,0.0,511.0,YANO,IMO7825409,NAQH,70,0,276,32,13.0,70,A
305855000,2020-08-20T12:05:45,36.86427,-76.31477,0.0,143.1,226.0,BBC PEARL,IMO9504786,V2FY8,70,5,153,23,9.1,70,A
538006982,2020-08-20T12:08:16,36.96257,-76.42366,0.0,151.9,40.0,ANTE TOPIC,IMO9737072,V7TR4,70,5,,,,,A
215677000,2020-08-20T12:00:05,37.23543,-76.11903,0.1,298.5,32.0,RIZE,IMO9584035,9HA2781,70,1,229,32,14.5,,A
215677000,2020-08-20T11:42:05,37.23531,-76.11884,0.0,298.5,28.0,RIZE,IMO9584035,9HA2781,70,1,229,32,14.5,,A
367932000,2020-08-20T11:59:17,36.94915,-76.32963,0.0,107.0,279.0,JOHN LENTHALL,IMO8325547,NJLN,80,5,193,29,,,A
366839000,2020-08-20T12:01:12,36.85350,-76.31090,0.0,0.0,39.0,CAPE RISE,IMO7530808,KAFG,70,5,197,32,10.0,,A
367821000,2020-08-20T12:00:08,36.97286,-76.43364,0.0,0.0,511.0,YANO,IMO7825409,NAQH,70,0,276,32,13.0,70,A
477738200,2020-08-20T12:00:37,36.87766,-76.34980,0.0,123.4,347.0,COSCO PHILIPPINES,IMO9448762,VRGM7,70,5,334,42,14.5,72,A
366839000,2020-08-20T12:10:07,36.85350,-76.31081,0.0,0.0,39.0,CAPE RISE,IMO7530808,KAFG,70,5,197,32,10.0,,A
366733250,2020-08-20T12:11:31,37.23912,-76.07973,1.3,335.2,511.0,ATLANTIC SURVEYOR,,WTR5417,70,15,31,7,,,A
367821000,2020-08-20T12:07:47,36.97283,-76.43365,0.0,0.0,511.0,YANO,IMO7825409,NAQH,70,0,276,32,13.0,70,A
367821000,2020-08-20T12:01:17,36.97287,-76.43365,0.0,0.0,511.0,YANO,IMO7825409,NAQH,70,0,276,32,13.0,70,A
367861000,2020-08-20T11:45:00,36.94642,-76.32981,0.0,0.0,265.0,LARAMIE,IMO8906626,NLAR,80,5,193,29,,,A
367932000,2020-08-20T12:11:17,36.94918,-76.32968,0.0,107.0,279.0,JOHN LENTHALL,IMO8325547,NJLN,80,5,193,29,,,A
366839000,2020-08-20T11:46:07,36.85348,-76.31082,0.0,0.0,39.0,CAPE RISE,IMO7530808,KAFG,70,5,197,32,10.0,,A
477738200,2020-08-20T11:45:37,36.87752,-76.34980,0.0,151.4,347.0,COSCO PHILIPPINES,IMO9448762,VRGM7,70,5,334,42,14.5,72,A
366733250,2020-08-20T11:43:41,37.22941,-76.07443,1.2,333.7,511.0,ATLANTIC SURVEYOR,,WTR5417,70,15,31,7,,,A
367822000,2020-08-20T12:11:55,36.97311,-76.43381,0.0,0.0,238.0,USNS SHUGHART,IMO7825394,NAOQ,70,5,276,32,13.0,70,A
366733250,2020-08-20T11:46:31,37.23034,-76.07489,1.3,340.3,511.0,ATLANTIC SURVEYOR,,WTR5417,70,15,31,7,,,A
538002652,2020-08-20T11:48:51,36.87942,-76.32640,0.0,209.0,277.0,NAIAS,IMO9330800,V7KN8,70,5,225,32,14.0,70,A
215677000,2020-08-20T12:06:06,37.23547,-76.11911,0.1,298.5,34.0,RIZE,IMO9584035,9HA2781,70,1,229,32,14.5,,A
368026000,2020-08-20T12:06:21,36.86576,-76.31603,0.0,270.5,2.0,BENAVIDEZ,IMO9218210,NBHG,70,5,289,32,10.9,70,A
367821000,2020-08-20T12:13:48,36.97284,-76.43365,0.0,0.0,511.0,YANO,IMO7825409,NAQH,70,0,276,32,13.0,70,A
366733250,2020-08-20T11:47:41,37.23073,-76.07509,1.4,339.6,511.0,ATLANTIC SURVEYOR,,WTR5417,70,15,31,7,,,A
367359930,2020-08-20T12:14:52,36.82403,-76.28907,0.0,2.8,511.0,SUNNY WILLIAMS,,WDE4940,80,0,25,8,,80,A
366733250,2020-08-20T12:06:41,37.23747,-76.07863,1.3,334.4,511.0,ATLANTIC SURVEYOR,,WTR5417,70,15,31,7,,,A
367861000,2020-08-20T12:14:59,36.94637,-76.32982,0.0,0.0,265.0,LARAMIE,IMO8906626,NLAR,80,5,193,29,,,A
305855000,2020-08-20T12:14:49,36.86431,-76.31475,0.0,67.7,226.0,BBC PEARL,IMO9504786,V2FY8,70,5,153,23,9.1,70,A
367822000,2020-08-20T12:14:55,36.97311,-76.43381,0.0,0.0,238.0,USNS SHUGHART,IMO7825394,NAOQ,70,5,276,32,13.0,70,A
215677000,2020-08-20T11:45:04,37.23531,-76.11885,0.0,298.5,28.0,RIZE,IMO9584035,9HA2781,70,1,229,32,14.5,,A
367359930,2020-08-20T12:16:23,36.82404,-76.28907,0.0,2.8,511.0,SUNNY WILLIAMS,,WDE4940,80,0,25,8,,80,A
366733250,2020-08-20T12:16:22,37.24097,-76.08067,1.5,341.3,511.0,ATLANTIC SURVEYOR,,WTR5417,70,15,31,7,,,A
366839000,2020-08-20T12:16:08,36.85350,-76.31085,0.0,0.0,39.0,CAPE RISE,IMO7530808,KAFG,70,5,197,32,10.0,,A
477738200,2020-08-20T12:12:38,36.87757,-76.34988,0.1,154.0,347.0,COSCO PHILIPPINES,IMO9448762,VRGM7,70,5,334,42,14.5,72,A
367821000,2020-08-20T12:12:38,36.97284,-76.43366,0.0,0.0,511.0,YANO,IMO7825409,NAQH,70,0,276,32,13.0,70,A
366839000,2020-08-20T11:49:11,36.85348,-76.31082,0.0,0.0,39.0,CAPE RISE,IMO7530808,KAFG,70,5,197,32,10.0,,A
538006982,2020-08-20T12:05:16,36.96259,-76.42366,0.0,151.9,40.0,ANTE TOPIC,IMO9737072,V7TR4,70,5,,,,,A
366733250,2020-08-20T11:49:41,37.23144,-76.07544,1.4,340.6,511.0,ATLANTIC SURVEYOR,,WTR5417,70,15,31,7,,,A
368026000,2020-08-20T12:18:21,36.86575,-76.31604,0.0,270.5,2.0,BENAVIDEZ,IMO9218210,NBHG,70,5,289,32,10.9,70,A
366733250,2020-08-20T12:10:01,37.23863,-76.07937,1.3,329.6,511.0,ATLANTIC SURVEYOR,,WTR5417,70,15,31,7,,,A
367822000,2020-08-20T11:50:55,36.97313,-76.43384,0.0,0.0,238.0,USNS SHUGHART,IMO7825394,NAOQ,70,5,276,32,13.0,70,A
477196100,2020-08-20T12:18:57,37.19498,-76.13669,0.2,331.6,62.0,DARYA MA,IMO9591674,VRJH5,70,1,229,32,14.5,,A
367359930,2020-08-20T12:17:52,36.82405,-76.28907,0.0,2.8,511.0,SUNNY WILLIAMS,,WDE4940,80,0,25,8,,80,A
366733250,2020-08-20T12:15:12,37.24048,-76.08045,1.4,340.4,511.0,ATLANTIC SURVEYOR,,WTR5417,70,15,31,7,,,A
538002652,2020-08-20T12:06:51,36.87945,-76.32638,0.0,209.0,277.0,NAIAS,IMO9330800,V7KN8,70,5,225,32,14.0,70,A
367932000,2020-08-20T12:17:16,36.94911,-76.32963,0.0,107.0,279.0,JOHN LENTHALL,IMO8325547,NJLN,80,5,193,29,,,A
367821000,2020-08-20T11:52:18,36.97285,-76.43364,0.0,0.0,511.0,YANO,IMO7825409,NAQH,70,0,276,32,13.0,70,A
477196100,2020-08-20T11:51:53,37.19457,-76.13636,0.0,302.0,50.0,DARYA MA,IMO9591674,VRJH5,70,1,229,32,14.5,,A
305855000,2020-08-20T12:20:46,36.86430,-76.31477,0.0,55.8,225.0,BBC PEARL,IMO9504786,V2FY8,70,5,153,23,9.1,70,A
215677000,2020-08-20T12:21:06,37.23558,-76.11925,0.0,298.5,39.0,RIZE,IMO9584035,9HA2781,70,1,229,32,14.5,,A
305855000,2020-08-20T12:11:46,36.86428,-76.31476,0.0,74.1,226.0,BBC PEARL,IMO9504786,V2FY8,70,5,153,23,9.1,70,A
367932000,2020-08-20T12:20:17,36.94918,-76.32962,0.0,107.0,279.0,JOHN LENTHALL,IMO8325547,NJLN,80,5,193,29,,,A
368026000,2020-08-20T11:54:20,36.86576,-76.31604,0.0,270.5,2.0,BENAVIDEZ,IMO9218210,NBHG,70,5,289,32,10.9,70,A
538006982,2020-08-20T11:50:16,36.96259,-76.42366,0.0,151.9,40.0,ANTE TOPIC,IMO9737072,V7TR4,70,5,,,,,A
366733250,2020-08-20T12:20:12,37.24261,-76.08139,1.7,339.3,511.0,ATLANTIC SURVEYOR,,WTR5417,70,15,31,7,,,A
367821000,2020-08-20T12:22:28,36.97283,-76.43366,0.0,0.0,511.0,YANO,IMO7825409,NAQH,70,0,276,32,13.0,70,A
367821000,2020-08-20T12:17:18,36.97284,-76.43366,0.0,0.0,511.0,YANO,IMO7825409,NAQH,70,0,276,32,13.0,70,A
366839000,2020-08-20T11:55:10,36.85349,-76.31084,0.0,0.0,39.0,CAPE RISE,IMO7530808,KAFG,70,5,197,32,10.0,,A
367822000,2020-08-20T12:08:56,36.97311,-76.43382,0.0,0.0,238.0,USNS SHUGHART,IMO7825394,NAOQ,70,5,276,32,13.0,70,A
367822000,2020-08-20T12:17:56,36.97311,-76.43381,0.0,0.0,238.0,USNS SHUGHART,IMO7825394,NAOQ,70,5,276,32,13.0,70,A
366733250,2020-08-20T11:58:01,37.23440,-76.07691,1.3,337.3,511.0,ATLANTIC SURVEYOR,,WTR5417,70,15,31,7,,,A
305855000,2020-08-20T12:17:47,36.86429,-76.31475,0.0,84.1,225.0,BBC PEARL,IMO9504786,V2FY8,70,5,153,23,9.1,70,A
305855000,2020-08-20T12:08:49,36.86427,-76.31477,0.0,132.6,226.0,BBC PEARL,IMO9504786,V2FY8,70,5,153,23,9.1,70,A
367861000,2020-08-20T11:50:59,36.94637,-76.32980,0.0,0.0,265.0,LARAMIE,IMO8906626,NLAR,80,5,193,29,,,A
366733250,2020-08-20T11:59:11,37.23481,-76.07713,1.3,338.1,511.0,ATLANTIC SURVEYOR,,WTR5417,70,15,31,7,,,A
477738200,2020-08-20T12:18:36,36.87765,-76.34982,0.1,70.8,347.0,COSCO PHILIPPINES,IMO9448762,VRGM7,70,5,334,42,14.5,72,A
367359930,2020-08-20T12:19:02,36.82404,-76.28908,0.0,2.8,511.0,SUNNY WILLIAMS,,WDE4940,80,0,25,8,,80,A
367821000,2020-08-20T12:18:28,36.97284,-76.43366,0.0,0.0,511.0,YANO,IMO7825409,NAQH,70,0,276,32,13.0,70,A
215677000,2020-08-20T12:15:07,37.23557,-76.11923,0.1,298.5,38.0,RIZE,IMO9584035,9HA2781,70,1,229,32,14.5,,A
538002652,2020-08-20T12:15:49,36.87952,-76.32650,0.0,209.0,277.0,NAIAS,IMO9330800,V7KN8,70,5,225,32,14.0,70,A
538006982,2020-08-20T11:56:16,36.96258,-76.42365,0.0,151.9,40.0,ANTE TOPIC,IMO9737072,V7TR4,70,5,,,,,A
477738200,2020-08-20T11:51:38,36.87750,-76.34974,0.0,151.4,347.0,COSCO PHILIPPINES,IMO9448762,VRGM7,70,5,334,42,14.5,72,A
366839000,2020-08-20T12:22:06,36.85351,-76.31084,0.0,0.0,39.0,CAPE RISE,IMO7530808,KAFG,70,5,197,32,10.0,,A
477196100,2020-08-20T12:09:51,37.19483,-76.13659,0.1,348.8,57.0,DARYA MA,IMO9591674,VRJH5,70,1,229,32,14.5,,A
538002652,2020-08-20T12:18:50,36.87947,-76.32643,0.0,209.0,277.0,NAIAS,IMO9330800,V7KN8,70,5,225,32,14.0,70,A
367359930,2020-08-20T12:26:13,36.82404,-76.28908,0.0,2.8,511.0,SUNNY WILLIAMS,,WDE4940,80,0,25,8,,80,A
367821000,2020-08-20T12:26:57,36.97284,-76.43366,0.0,0.0,511.0,YANO,IMO7825409,NAQH,70,0,276,32,13.0,70,A
538006982,2020-08-20T12:17:16,36.96258,-76.42365,0.0,151.9,40.0,ANTE TOPIC,IMO9737072,V7TR4,70,5,,,,,A
367821000,2020-08-20T12:10:07,36.97284,-76.43365,0.0,0.0,511.0,YANO,IMO7825409,NAQH,70,0,276,32,13.0,70,A
367821000,2020-08-20T11:55:37,36.97285,-76.43364,0.0,0.0,511.0,YANO,IMO7825409,NAQH,70,0,276,32,13.0,70,A
477738200,2020-08-20T11:54:37,36.87751,-76.34978,0.0,151.4,347.0,COSCO PHILIPPINES,IMO9448762,VRGM7,70,5,334,42,14.5,72,A
367861000,2020-08-20T11:54:00,36.94637,-76.32977,0.0,0.0,265.0,LARAMIE,IMO8906626,NLAR,80,5,193,29,,,A
367861000,2020-08-20T12:18:01,36.94640,-76.32979,0.0,0.0,265.0,LARAMIE,IMO8906626,NLAR,80,5,193,29,,,A
538006982,2020-08-20T12:11:16,36.96259,-76.42365,0.0,151.9,40.0,ANTE TOPIC,IMO9737072,V7TR4,70,5,,,,,A
305855000,2020-08-20T12:23:46,36.86431,-76.31476,0.0,68.7,226.0,BBC PEARL,IMO9504786,V2FY8,70,5,153,23,9.1,70,A
367359930,2020-08-20T12:30:12,36.82405,-76.28907,0.0,2.8,511.0,SUNNY WILLIAMS,,WDE4940,80,0,25,8,,80,A
366733250,2020-08-20T12:00:01,37.23510,-76.07729,1.6,332.1,511.0,ATLANTIC SURVEYOR,,WTR5417,70,15,31,7,,,A
477196100,2020-08-20T12:00:52,37.19465,-76.13642,0.1,339.8,49.0,DARYA MA,IMO9591674,VRJH5,70,1,229,32,14.5,,A
538002652,2020-08-20T12:00:49,36.87943,-76.32640,0.0,209.0,277.0,NAIAS,IMO9330800,V7KN8,70,5,225,32,14.0,70,A
477196100,2020-08-20T12:30:57,37.19531,-76.13685,0.1,346.2,75.0,DARYA MA,IMO9591674,VRJH5,70,1,229,32,14.5,,A
366733250,2020-08-20T12:12:42,37.23953,-76.07997,1.5,333.4,511.0,ATLANTIC SURVEYOR,,WTR5417,70,15,31,7,,,A
366733250,2020-08-20T12:23:11,37.24391,-76.08197,1.6,341.7,511.0,ATLANTIC SURVEYOR,,WTR5417,70,15,31,7,,,A
215677000,2020-08-20T11:57:04,37.23541,-76.11899,0.0,298.5,31.0,RIZE,IMO9584035,9HA2781,70,1,229,32,14.5,,A
538002652,2020-08-20T11:57:52,36.87943,-76.32642,0.0,209.0,277.0,NAIAS,IMO9330800,V7KN8,70,5,225,32,14.0,70,A
477738200,2020-08-20T11:57:40,36.87752,-76.34990,0.0,123.4,347.0,COSCO PHILIPPINES,IMO9448762,VRGM7,70,5,334,42,14.5,72,A
367822000,2020-08-20T12:20:56,36.97311,-76.43381,0.0,0.0,238.0,USNS SHUGHART,IMO7825394,NAOQ,70,5,276,32,13.0,70,A
538006982,2020-08-20T11:59:16,36.96259,-76.42366,0.0,151.9,40.0,ANTE TOPIC,IMO9737072,V7TR4,70,5,,,,,A
368026000,2020-08-20T12:30:20,36.86573,-76.31601,0.0,270.5,2.0,BENAVIDEZ,IMO9218210,NBHG,70,5,289,32,10.9,70,A
368026000,2020-08-20T12:21:21,36.86577,-76.31604,0.0,270.5,2.0,BENAVIDEZ,IMO9218210,NBHG,70,5,289,32,10.9,70,A
538006982,2020-08-20T12:26:16,36.96258,-76.42365,0.0,151.9,40.0,ANTE TOPIC,IMO9737072,V7TR4,70,5,,,,,A
477738200,2020-08-20T12:30:40,36.87742,-76.34979,0.0,161.9,347.0,COSCO PHILIPPINES,IMO9448762,VRGM7,70,5,334,42,14.5,72,A
367932000,2020-08-20T12:14:17,36.94915,-76.32971,0.0,107.0,279.0,JOHN LENTHALL,IMO8325547,NJLN,80,5,193,29,,,A
367822000,2020-08-20T12:26:56,36.97311,-76.43381,0.0,0.0,238.0,USNS SHUGHART,IMO7825394,NAOQ,70,5,276,32,13.0,70,A
367861000,2020-08-20T12:03:01,36.94642,-76.32981,0.0,0.0,265.0,LARAMIE,IMO8906626,NLAR,80,5,193,29,,,A
366733250,2020-08-20T12:03:21,37.23629,-76.07793,1.3,338.4,511.0,ATLANTIC SURVEYOR,,WTR5417,70,15,31,7,,,A
538002652,2020-08-20T12:27:52,36.87947,-76.32642,0.0,209.0,277.0,NAIAS,IMO9330800,V7KN8,70,5,225,32,14.0,70,A
368026000,2020-08-20T12:15:20,36.86575,-76.31603,0.0,270.5,2.0,BENAVIDEZ,IMO9218210,NBHG,70,5,289,32,10.9,70,A
215677000,2020-08-20T12:27:07,37.23565,-76.11932,0.1,298.5,41.0,RIZE,IMO9584035,9HA2781,70,1,229,32,14.5,,A
538002652,2020-08-20T12:03:52,36.87943,-76.32638,0.0,209.0,277.0,NAIAS,IMO9330800,V7KN8,70,5,225,32,14.0,70,A
367359930,2020-08-20T12:33:32,36.82404,-76.28907,0.0,2.8,511.0,SUNNY WILLIAMS,,WDE4940,80,0,25,8,,80,A
367821000,2020-08-20T12:16:08,36.97284,-76.43366,0.0,0.0,511.0,YANO,IMO7825409,NAQH,70,0,276,32,13.0,70,A
366733250,2020-08-20T12:04:31,37.23671,-76.07816,1.3,335.5,511.0,ATLANTIC SURVEYOR,,WTR5417,70,15,31,7,,,A
367359930,2020-08-20T12:28:32,36.82404,-76.28908,0.0,2.8,511.0,SUNNY WILLIAMS,,WDE4940,80,0,25,8,,80,A
477738200,2020-08-20T12:33:39,36.87753,-76.34975,0.0,7.3,347.0,COSCO PHILIPPINES,IMO9448762,VRGM7,70,5,334,42,14.5,72,A
368026000,2020-08-20T12:27:21,36.86575,-76.31602,0.0,270.5,2.0,BENAVIDEZ,IMO9218210,NBHG,70,5,289,32,10.9,70,A
366733250,2020-08-20T12:24:21,37.24443,-76.08225,1.7,337.2,511.0,ATLANTIC SURVEYOR,,WTR5417,70,15,31,7,,,A
367821000,2020-08-20T12:32:57,36.97284,-76.43365,0.0,0.0,511.0,YANO,IMO7825409,NAQH,70,0,276,32,13.0,70,A
367821000,2020-08-20T12:24:17,36.97284,-76.43366,0.0,0.0,511.0,YANO,IMO7825409,NAQH,70,0,276,32,13.0,70,A
367861000,2020-08-20T12:24:01,36.94636,-76.32980,0.0,0.0,265.0,LARAMIE,IMO8906626,NLAR,80,5,193,29,,,A
477738200,2020-08-20T12:27:38,36.87752,-76.34976,0.0,178.7,347.0,COSCO PHILIPPINES,IMO9448762,VRGM7,70,5,334,42,14.5,72,A
367821000,2020-08-20T12:02:37,36.97283,-76.43366,0.0,0.0,511.0,YANO,IMO7825409,NAQH,70,0,276,32,13.0,70,A
477196100,2020-08-20T12:36:57,37.19543,-76.13684,0.1,346.2,79.0,DARYA MA,IMO9591674,VRJH5,70,1,229,32,14.5,,A
367359930,2020-08-20T12:37:13,36.82404,-76.28907,0.0,2.8,511.0,SUNNY WILLIAMS,,WDE4940,80,0,25,8,,80,A
368026000,2020-08-20T12:03:21,36.86574,-76.31602,0.0,270.5,2.0,BENAVIDEZ,IMO9218210,NBHG,70,5,289,32,10.9,70,A
538006982,2020-08-20T12:35:16,36.96255,-76.42364,0.0,151.9,40.0,ANTE TOPIC,IMO9737072,V7TR4,70,5,,,,,A
538006907,2020-08-20T12:35:45,37.06830,-76.09453,13.2,330.8,333.0,PALANCA RIO,IMO9747998,V7QS4,80,0,133,,,,A
367359930,2020-08-20T12:35:03,36.82404,-76.28907,0.0,2.8,511.0,SUNNY WILLIAMS,,WDE4940,80,0,25,8,,80,A
215677000,2020-08-20T12:18:07,37.23555,-76.11921,0.1,298.5,39.0,RIZE,IMO9584035,9HA2781,70,1,229,32,14.5,,A
477738200,2020-08-20T12:36:37,36.87749,-76.34980,0.1,125.7,347.0,COSCO PHILIPPINES,IMO9448762,VRGM7,70,5,334,42,14.5,72,A
367821000,2020-08-20T12:06:17,36.97283,-76.43365,0.0,0.0,511.0,YANO,IMO7825409,NAQH,70,0,276,32,13.0,70,A
366733250,2020-08-20T12:39:11,37.25179,-76.08589,2.1,338.8,511.0,ATLANTIC SURVEYOR,,WTR5417,70,15,31,7,,,A
367821000,2020-08-20T12:19:57,36.97284,-76.43366,0.0,0.0,511.0,YANO,IMO7825409,NAQH,70,0,276,32,13.0,70,A
366733250,2020-08-20T12:33:42,37.24891,-76.08441,1.9,337.9,511.0,ATLANTIC SURVEYOR,,WTR5417,70,15,31,7,,,A
477196100,2020-08-20T12:06:54,37.19480,-76.13657,0.1,334.8,55.0,DARYA MA,IMO9591674,VRJH5,70,1,229,32,14.5,,A
367932000,2020-08-20T12:38:16,36.94917,-76.32965,0.0,107.0,279.0,JOHN LENTHALL,IMO8325547,NJLN,80,5,193,29,,,A
367861000,2020-08-20T12:06:01,36.94641,-76.32989,0.0,0.0,265.0,LARAMIE,IMO8906626,NLAR,80,5,193,29,,,A
215677000,2020-08-20T12:39:08,37.23595,-76.11961,0.1,318.2,50.0,RIZE,IMO9584035,9HA2781,70,1,229,32,14.5,,A
367359930,2020-08-20T12:20:12,36.82402,-76.28905,0.0,2.8,511.0,SUNNY WILLIAMS,,WDE4940,80,0,25,8,,80,A
367821000,2020-08-20T12:29:48,36.97284,-76.43365,0.0,0.0,511.0,YANO,IMO7825409,NAQH,70,0,276,32,13.0,70,A
477196100,2020-08-20T12:27:53,37.19523,-76.13681,0.1,346.2,72.0,DARYA MA,IMO9591674,VRJH5,70,1,229,32,14.5,,A
366733250,2020-08-20T12:07:42,37.23782,-76.07883,1.3,333.3,511.0,ATLANTIC SURVEYOR,,WTR5417,70,15,31,7,,,A
305855000,2020-08-20T12:32:48,36.86429,-76.31475,0.0,41.4,226.0,BBC PEARL,IMO9504786,V2FY8,70,5,153,23,9.1,70,A
367822000,2020-08-20T12:32:54,36.97311,-76.43381,0.0,0.0,238.0,USNS SHUGHART,IMO7825394,NAOQ,70,5,276,32,13.0,70,A
367861000,2020-08-20T12:33:00,36.94640,-76.32984,0.0,0.0,265.0,LARAMIE,IMO8906626,NLAR,80,5,193,29,,,A
367861000,2020-08-20T12:36:01,36.94638,-76.32983,0.0,0.0,265.0,LARAMIE,IMO8906626,NLAR,80,5,193,29,,,A
477196100,2020-08-20T12:33:54,37.19537,-76.13684,0.1,346.2,77.0,DARYA MA,IMO9591674,VRJH5,70,1,229,32,14.5,,A
367821000,2020-08-20T12:34:08,36.97284,-76.43365,0.0,0.0,511.0,YANO,IMO7825409,NAQH,70,0,276,32,13.0,70,A
366839000,2020-08-20T12:37:05,36.85350,-76.31082,0.0,0.0,39.0,CAPE RISE,IMO7530808,KAFG,70,5,197,32,10.0,,A
366733250,2020-08-20T12:08:51,37.23823,-76.07907,1.4,332.9,511.0,ATLANTIC SURVEYOR,,WTR5417,70,15,31,7,,,A
477196100,2020-08-20T12:21:51,37.19507,-76.13677,0.1,322.8,65.0,DARYA MA,IMO9591674,VRJH5,70,1,229,32,14.5,,A
367821000,2020-08-20T12:08:57,36.97284,-76.43365,0.0,0.0,511.0,YANO,IMO7825409,NAQH,70,0,276,32,13.0,70,A
367821000,2020-08-20T12:31:48,36.97284,-76.43365,0.0,0.0,511.0,YANO,IMO7825409,NAQH,70,0,276,32,13.0,70,A
367861000,2020-08-20T12:09:00,36.94636,-76.32983,0.0,0.0,265.0,LARAMIE,IMO8906626,NLAR,80,5,193,29,,,A
367932000,2020-08-20T12:29:18,36.94913,-76.32964,0.0,107.0,279.0,JOHN LENTHALL,IMO8325547,NJLN,80,5,193,29,,,A
367359930,2020-08-20T12:22:32,36.82404,-76.28908,0.0,2.8,511.0,SUNNY WILLIAMS,,WDE4940,80,0,25,8,,80,A
538006907,2020-08-20T12:39:44,37.08110,-76.10338,13.3,330.9,333.0,PALANCA RIO,IMO9747998,V7QS4,80,0,133,,,,A
305855000,2020-08-20T12:29:46,36.86427,-76.31476,0.0,45.6,226.0,BBC PEARL,IMO9504786,V2FY8,70,5,153,23,9.1,70,A
367822000,2020-08-20T12:35:56,36.97311,-76.43381,0.0,0.0,238.0,USNS SHUGHART,IMO7825394,NAOQ,70,5,276,32,13.0,70,A
477738200,2020-08-20T12:09:39,36.87758,-76.34980,0.1,29.8,347.0,COSCO PHILIPPINES,IMO9448762,VRGM7,70,5,334,42,14.5,72,A
538006907,2020-08-20T12:38:33,37.07740,-76.10082,13.3,330.8,333.0,PALANCA RIO,IMO9747998,V7QS4,80,0,133,,,,A
367861000,2020-08-20T12:42:01,36.94641,-76.32983,0.0,0.0,265.0,LARAMIE,IMO8906626,NLAR,80,5,193,29,,,A
366733250,2020-08-20T12:42:11,37.25349,-76.08678,2.2,338.5,511.0,ATLANTIC SURVEYOR,,WTR5417,70,15,31,7,,,A
366839000,2020-08-20T12:40:07,36.85349,-76.31082,0.0,0.0,39.0,CAPE RISE,IMO7530808,KAFG,70,5,197,32,10.0,,A
367359930,2020-08-20T12:42:02,36.82405,-76.28907,0.0,2.8,511.0,SUNNY WILLIAMS,,WDE4940,80,0,25,8,,80,A
538002652,2020-08-20T12:24:52,36.87950,-76.32640,0.0,209.0,277.0,NAIAS,IMO9330800,V7KN8,70,5,225,32,14.0,70,A
538002652,2020-08-20T12:09:53,36.87943,-76.32640,0.0,209.0,277.0,NAIAS,IMO9330800,V7KN8,70,5,225,32,14.0,70,A
215677000,2020-08-20T12:42:09,37.23602,-76.11967,0.1,321.6,54.0,RIZE,IMO9584035,9HA2781,70,1,229,32,14.5,,A
477738200,2020-08-20T12:24:37,36.87746,-76.34983,0.1,157.3,347.0,COSCO PHILIPPINES,IMO9448762,VRGM7,70,5,334,42,14.5,72,A
305855000,2020-08-20T12:38:48,36.86426,-76.31476,0.0,110.3,226.0,BBC PEARL,IMO9504786,V2FY8,70,5,153,23,9.1,70,A
538006907,2020-08-20T12:24:44,37.03573,-76.06422,13.1,321.9,324.0,PALANCA RIO,IMO9747998,V7QS4,80,0,133,,,,A
538006907,2020-08-20T12:46:03,37.10155,-76.11763,13.3,329.6,330.0,PALANCA RIO,IMO9747998,V7QS4,80,0,133,,,,A
538006982,2020-08-20T12:32:16,36.96258,-76.42366,0.0,151.9,40.0,ANTE TOPIC,IMO9737072,V7TR4,70,5,,,,,A
477196100,2020-08-20T12:24:57,37.19515,-76.13679,0.2,345.1,69.0,DARYA MA,IMO9591674,VRJH5,70,1,229,32,14.5,,A
367821000,2020-08-20T12:11:27,36.97284,-76.43365,0.0,0.0,511.0,YANO,IMO7825409,NAQH,70,0,276,32,13.0,70,A
305855000,2020-08-20T12:26:48,36.86428,-76.31476,0.0,97.0,226.0,BBC PEARL,IMO9504786,V2FY8,70,5,153,23,9.1,70,A
368026000,2020-08-20T12:42:21,36.86575,-76.31603,0.0,270.5,2.0,BENAVIDEZ,IMO9218210,NBHG,70,5,289,32,10.9,70,A
215677000,2020-08-20T12:12:07,37.23553,-76.11918,0.1,298.5,36.0,RIZE,IMO9584035,9HA2781,70,1,229,32,14.5,,A
367821000,2020-08-20T12:45:18,36.97284,-76.43365,0.0,0.0,511.0,YANO,IMO7825409,NAQH,70,0,276,32,13.0,70,A
367821000,2020-08-20T12:47:18,36.97284,-76.43370,0.0,0.0,511.0,YANO,IMO7825409,NAQH,70,0,276,32,13.0,70,A
477738200,2020-08-20T12:42:37,36.87750,-76.34981,0.1,129.9,347.0,COSCO PHILIPPINES,IMO9448762,VRGM7,70,5,334,42,14.5,72,A
366733250,2020-08-20T12:29:12,37.24670,-76.08331,1.7,337.8,511.0,ATLANTIC SURVEYOR,,WTR5417,70,15,31,7,,,A
305855000,2020-08-20T12:41:49,36.86427,-76.31476,0.0,138.6,226.0,BBC PEARL,IMO9504786,V2FY8,70,5,153,23,9.1,70,A
477196100,2020-08-20T12:12:55,37.19487,-76.13666,0.1,319.0,60.0,DARYA MA,IMO9591674,VRJH5,70,1,229,32,14.5,,A
367822000,2020-08-20T12:29:56,36.97311,-76.43381,0.0,0.0,238.0,USNS SHUGHART,IMO7825394,NAOQ,70,5,276,32,13.0,70,A
367821000,2020-08-20T12:49:08,36.97284,-76.43369,0.0,0.0,511.0,YANO,IMO7825409,NAQH,70,0,276,32,13.0,70,A
366733250,2020-08-20T12:14:02,37.24003,-76.08023,1.5,338.5,511.0,ATLANTIC SURVEYOR,,WTR5417,70,15,31,7,,,A
538006982,2020-08-20T12:29:16,36.96259,-76.42364,0.0,151.9,40.0,ANTE TOPIC,IMO9737072,V7TR4,70,5,,,,,A
538006907,2020-08-20T12:30:45,37.05327,-76.08120,13.4,322.3,324.0,PALANCA RIO,IMO9747998,V7QS4,80,0,133,,,,A
215677000,2020-08-20T12:30:07,37.23569,-76.11938,0.1,298.5,42.0,RIZE,IMO9584035,9HA2781,70,1,229,32,14.5,,A
367359930,2020-08-20T12:45:42,36.82405,-76.28909,0.0,2.8,511.0,SUNNY WILLIAMS,,WDE4940,80,0,25,8,,80,A
367359930,2020-08-20T12:31:43,36.82405,-76.28907,0.0,2.8,511.0,SUNNY WILLIAMS,,WDE4940,80,0,25,8,,80,A
305855000,2020-08-20T12:44:46,36.86428,-76.31478,0.0,164.9,226.0,BBC PEARL,IMO9504786,V2FY8,70,5,153,23,9.1,70,A
367821000,2020-08-20T12:50:47,36.97284,-76.43369,0.0,0.0,511.0,YANO,IMO7825409,NAQH,70,0,276,32,13.0,70,A
538002652,2020-08-20T12:12:50,36.87940,-76.32638,0.0,209.0,277.0,NAIAS,IMO9330800,V7KN8,70,5,225,32,14.0,70,A
215677000,2020-08-20T12:48:07,37.23613,-76.11976,0.1,321.6,60.0,RIZE,IMO9584035,9HA2781,70,1,229,32,14.5,,A
538006982,2020-08-20T12:44:16,36.96258,-76.42366,0.0,106.0,40.0,ANTE TOPIC,IMO9737072,V7TR4,70,5,,,,,A
366839000,2020-08-20T12:49:07,36.85352,-76.31086,0.0,0.0,39.0,CAPE RISE,IMO7530808,KAFG,70,5,197,32,10.0,,A
538002652,2020-08-20T12:48:50,36.87945,-76.32652,0.0,120.0,276.0,NAIAS,IMO9330800,V7KN8,70,5,225,32,14.0,70,A
367821000,2020-08-20T12:14:57,36.97284,-76.43366,0.0,0.0,511.0,YANO,IMO7825409,NAQH,70,0,276,32,13.0,70,A
477196100,2020-08-20T12:15:52,37.19491,-76.13666,0.1,304.3,61.0,DARYA MA,IMO9591674,VRJH5,70,1,229,32,14.5,,A
477738200,2020-08-20T12:15:40,36.87737,-76.34984,0.0,137.9,347.0,COSCO PHILIPPINES,IMO9448762,VRGM7,70,5,334,42,14.5,72,A
538006907,2020-08-20T12:48:24,37.10910,-76.12302,13.3,330.1,331.0,PALANCA RIO,IMO9747998,V7QS4,80,0,133,,,,A
538006907,2020-08-20T12:34:33,37.06447,-76.09182,13.2,328.4,331.0,PALANCA RIO,IMO9747998,V7QS4,80,0,133,,,,A
367822000,2020-08-20T12:47:55,36.97311,-76.43383,0.0,0.0,238.0,USNS SHUGHART,IMO7825394,NAOQ,70,5,276,32,13.0,70,A
367822000,2020-08-20T12:38:55,36.97311,-76.43381,0.0,0.0,238.0,USNS SHUGHART,IMO7825394,NAOQ,70,5,276,32,13.0,70,A
366733250,2020-08-20T12:17:41,37.24152,-76.08092,1.5,340.9,511.0,ATLANTIC SURVEYOR,,WTR5417,70,15,31,7,,,A
477738200,2020-08-20T12:48:36,36.87745,-76.34987,0.1,112.0,347.0,COSCO PHILIPPINES,IMO9448762,VRGM7,70,5,334,42,14.5,72,A
367861000,2020-08-20T12:39:00,36.94641,-76.32979,0.0,0.0,265.0,LARAMIE,IMO8906626,NLAR,80,5,193,29,,,A
538006982,2020-08-20T12:38:16,36.96256,-76.42364,0.0,151.9,40.0,ANTE TOPIC,IMO9737072,V7TR4,70,5,,,,,A
367821000,2020-08-20T12:41:38,36.97284,-76.43365,0.0,0.0,511.0,YANO,IMO7825409,NAQH,70,0,276,32,13.0,70,A
367932000,2020-08-20T12:35:17,36.94916,-76.32962,0.0,107.0,279.0,JOHN LENTHALL,IMO8325547,NJLN,80,5,193,29,,,A
538002652,2020-08-20T12:36:51,36.87938,-76.32655,0.0,216.0,276.0,NAIAS,IMO9330800,V7KN8,70,5,225,32,14.0,70,A
477196100,2020-08-20T12:51:51,37.19557,-76.13684,0.1,346.2,84.0,DARYA MA,IMO9591674,VRJH5,70,1,229,32,14.5,,A
367359930,2020-08-20T12:40:41,36.82404,-76.28908,0.0,2.8,511.0,SUNNY WILLIAMS,,WDE4940,80,0,25,8,,80,A
367932000,2020-08-20T12:53:16,36.94918,-76.32970,0.0,107.0,279.0,JOHN LENTHALL,IMO8325547,NJLN,80,5,193,29,,,A
538006907,2020-08-20T12:55:24,37.13152,-76.13948,13.4,328.4,329.0,PALANCA RIO,IMO9747998,V7QS4,80,0,133,,,,A
366733250,2020-08-20T12:53:12,37.25987,-76.09015,2.2,333.2,511.0,ATLANTIC SURVEYOR,,WTR5417,70,15,31,7,,,A
477196100,2020-08-20T12:39:52,37.19547,-76.13684,0.0,346.2,81.0,DARYA MA,IMO9591674,VRJH5,70,1,229,32,14.5,,A
538002652,2020-08-20T12:39:51,36.87955,-76.32645,0.0,120.0,276.0,NAIAS,IMO9330800,V7KN8,70,5,225,32,14.0,70,A
368026000,2020-08-20T12:54:21,36.86575,-76.31605,0.0,270.5,2.0,BENAVIDEZ,IMO9218210,NBHG,70,5,289,32,10.9,70,A
215677000,2020-08-20T12:51:08,37.23620,-76.11975,0.1,321.6,61.0,RIZE,IMO9584035,9HA2781,70,1,229,32,14.5,,A
367821000,2020-08-20T12:21:08,36.97284,-76.43366,0.0,0.0,511.0,YANO,IMO7825409,NAQH,70,0,276,32,13.0,70,A
366733250,2020-08-20T12:54:42,37.26065,-76.09069,2.1,330.7,511.0,ATLANTIC SURVEYOR,,WTR5417,70,15,31,7,,,A
367359930,2020-08-20T12:21:23,36.82404,-76.28907,0.0,2.8,511.0,SUNNY WILLIAMS,,WDE4940,80,0,25,8,,80,A
477738200,2020-08-20T12:21:40,36.87753,-76.34980,0.1,150.9,347.0,COSCO PHILIPPINES,IMO9448762,VRGM7,70,5,334,42,14.5,72,A
367822000,2020-08-20T12:41:55,36.97311,-76.43387,0.0,0.0,238.0,USNS SHUGHART,IMO7825394,NAOQ,70,5,276,32,13.0,70,A
477196100,2020-08-20T12:54:58,37.19563,-76.13684,0.1,346.2,85.0,DARYA MA,IMO9591674,VRJH5,70,1,229,32,14.5,,A
367359930,2020-08-20T12:56:52,36.82407,-76.28906,0.0,2.8,511.0,SUNNY WILLIAMS,,WDE4940,80,0,25,8,,80,A
538002652,2020-08-20T12:57:50,36.87940,-76.32652,0.0,40.0,276.0,NAIAS,IMO9330800,V7KN8,70,5,225,32,14.0,70,A
538006982,2020-08-20T12:41:16,36.96259,-76.42365,0.1,109.2,40.0,ANTE TOPIC,IMO9737072,V7TR4,70,5,,,,,A
538006982,2020-08-20T12:20:16,36.96257,-76.42365,0.0,151.9,40.0,ANTE TOPIC,IMO9737072,V7TR4,70,5,,,,,A
538006982,2020-08-20T12:56:16,36.96258,-76.42365,0.1,146.8,40.0,ANTE TOPIC,IMO9737072,V7TR4,70,5,,,,,A
305855000,2020-08-20T12:56:46,36.86428,-76.31476,0.0,168.7,227.0,BBC PEARL,IMO9504786,V2FY8,70,5,153,23,9.1,70,A
538006907,2020-08-20T12:56:44,37.13582,-76.14277,13.4,328.5,329.0,PALANCA RIO,IMO9747998,V7QS4,80,0,133,,,,A
368026000,2020-08-20T12:24:20,36.86576,-76.31604,0.0,270.5,2.0,BENAVIDEZ,IMO9218210,NBHG,70,5,289,32,10.9,70,A
366733250,2020-08-20T12:58:22,37.26248,-76.09203,2.0,328.6,511.0,ATLANTIC SURVEYOR,,WTR5417,70,15,31,7,,,A
366733250,2020-08-20T12:25:31,37.24495,-76.08249,1.7,340.1,511.0,ATLANTIC SURVEYOR,,WTR5417,70,15,31,7,,,A
538002652,2020-08-20T12:42:50,36.87948,-76.32650,0.0,120.0,276.0,NAIAS,IMO9330800,V7KN8,70,5,225,32,14.0,70,A
477196100,2020-08-20T12:57:51,37.19569,-76.13687,0.1,336.6,87.0,DARYA MA,IMO9591674,VRJH5,70,1,229,32,14.5,,A
538006982,2020-08-20T12:59:16,36.96258,-76.42366,0.0,169.2,40.0,ANTE TOPIC,IMO9737072,V7TR4,70,5,,,,,A
367861000,2020-08-20T12:45:00,36.94638,-76.32982,0.0,0.0,265.0,LARAMIE,IMO8906626,NLAR,80,5,193,29,,,A
367359930,2020-08-20T12:58:01,36.82407,-76.28907,0.0,2.8,511.0,SUNNY WILLIAMS,,WDE4940,80,0,25,8,,80,A
366733250,2020-08-20T12:59:31,37.26307,-76.09248,2.1,327.9,511.0,ATLANTIC SURVEYOR,,WTR5417,70,15,31,7,,,A
477738200,2020-08-20T12:45:38,36.87749,-76.34979,0.0,143.0,347.0,COSCO PHILIPPINES,IMO9448762,VRGM7,70,5,334,42,14.5,72,A
538006982,2020-08-20T12:23:16,36.96258,-76.42367,0.0,151.9,40.0,ANTE TOPIC,IMO9737072,V7TR4,70,5,,,,,A
305855000,2020-08-20T12:59:48,36.86424,-76.31476,0.1,185.5,226.0,BBC PEARL,IMO9504786,V2FY8,70,5,153,23,9.1,70,A
305855000,2020-08-20T12:47:46,36.86425,-76.31475,0.0,169.0,226.0,BBC PEARL,IMO9504786,V2FY8,70,5,153,23,9.1,70,A
366733250,2020-08-20T12:30:22,37.24726,-76.08357,1.8,338.4,511.0,ATLANTIC SURVEYOR,,WTR5417,70,15,31,7,,,A
367861000,2020-08-20T13:00:00,36.94638,-76.32983,0.0,0.0,265.0,LARAMIE,IMO8906626,NLAR,80,5,193,29,,,A
367932000,2020-08-20T12:47:16,36.94919,-76.32970,0.0,107.0,279.0,JOHN LENTHALL,IMO8325547,NJLN,80,5,193,29,,,A
368026000,2020-08-20T12:48:21,36.86574,-76.31605,0.0,270.5,2.0,BENAVIDEZ,IMO9218210,NBHG,70,5,289,32,10.9,70,A
538006907,2020-08-20T12:28:14,37.04590,-76.07410,13.3,321.4,324.0,PALANCA RIO,IMO9747998,V7QS4,80,0,133,,,,A
477196100,2020-08-20T12:48:56,37.19553,-76.13685,0.0,346.2,83.0,DARYA MA,IMO9591674,VRJH5,70,1,229,32,14.5,,A
367359930,2020-08-20T12:50:42,36.82404,-76.28907,0.0,2.8,511.0,SUNNY WILLIAMS,,WDE4940,80,0,25,8,,80,A
367822000,2020-08-20T12:59:56,36.97312,-76.43382,0.0,0.0,238.0,USNS SHUGHART,IMO7825394,NAOQ,70,5,276,32,13.0,70,A
215677000,2020-08-20T12:24:06,37.23561,-76.11929,0.1,298.5,40.0,RIZE,IMO9584035,9HA2781,70,1,229,32,14.5,,A
367822000,2020-08-20T12:23:56,36.97311,-76.43381,0.0,0.0,238.0,USNS SHUGHART,IMO7825394,NAOQ,70,5,276,32,13.0,70,A
367821000,2020-08-20T12:25:28,36.97283,-76.43366,0.0,0.0,511.0,YANO,IMO7825409,NAQH,70,0,276,32,13.0,70,A
367861000,2020-08-20T12:30:00,36.94634,-76.32978,0.0,0.0,265.0,LARAMIE,IMO8906626,NLAR,80,5,193,29,,,A
538002652,2020-08-20T13:00:51,36.87945,-76.32652,0.0,40.0,277.0,NAIAS,IMO9330800,V7KN8,70,5,225,32,14.0,70,A
477196100,2020-08-20T13:00:59,37.19577,-76.13689,0.1,344.4,90.0,DARYA MA,IMO9591674,VRJH5,70,1,229,32,14.5,,A
367359930,2020-08-20T12:52:01,36.82405,-76.28907,0.0,2.8,511.0,SUNNY WILLIAMS,,WDE4940,80,0,25,8,,80,A
538006907,2020-08-20T12:26:14,37.04012,-76.06845,13.1,322.3,324.0,PALANCA RIO,IMO9747998,V7QS4,80,0,133,,,,A
538006982,2020-08-20T12:50:16,36.96258,-76.42364,0.0,106.0,40.0,ANTE TOPIC,IMO9737072,V7TR4,70,5,,,,,A
367821000,2020-08-20T13:01:17,36.97285,-76.43367,0.0,0.0,511.0,YANO,IMO7825409,NAQH,70,0,276,32,13.0,70,A
367932000,2020-08-20T12:32:17,36.94915,-76.32963,0.0,107.0,279.0,JOHN LENTHALL,IMO8325547,NJLN,80,5,193,29,,,A
366733250,2020-08-20T13:02:21,37.26446,-76.09360,2.0,325.6,511.0,ATLANTIC SURVEYOR,,WTR5417,70,15,31,7,,,A
368026000,2020-08-20T12:51:21,36.86575,-76.31603,0.0,270.5,2.0,BENAVIDEZ,IMO9218210,NBHG,70,5,289,32,10.9,70,A
368026000,2020-08-20T13:03:22,36.86574,-76.31605,0.0,270.5,2.0,BENAVIDEZ,IMO9218210,NBHG,70,5,289,32,10.9,70,A
367821000,2020-08-20T13:03:37,36.97284,-76.43367,0.0,0.0,511.0,YANO,IMO7825409,NAQH,70,0,276,32,13.0,70,A
366733250,2020-08-20T12:57:12,37.26190,-76.09161,2.0,329.6,511.0,ATLANTIC SURVEYOR,,WTR5417,70,15,31,7,,,A
477738200,2020-08-20T13:03:37,36.87751,-76.34980,0.1,157.7,347.0,COSCO PHILIPPINES,IMO9448762,VRGM7,70,5,334,42,14.5,72,A
367821000,2020-08-20T13:02:28,36.97284,-76.43367,0.0,0.0,511.0,YANO,IMO7825409,NAQH,70,0,276,32,13.0,70,A
368026000,2020-08-20T12:33:21,36.86576,-76.31604,0.0,270.5,2.0,BENAVIDEZ,IMO9218210,NBHG,70,5,289,32,10.9,70,A
538006982,2020-08-20T12:53:16,36.96257,-76.42366,0.1,172.0,40.0,ANTE TOPIC,IMO9737072,V7TR4,70,5,,,,,A
305855000,2020-08-20T12:53:47,36.86426,-76.31477,0.0,172.0,226.0,BBC PEARL,IMO9504786,V2FY8,70,5,153,23,9.1,70,A
366839000,2020-08-20T13:04:02,36.85349,-76.31082,0.0,0.0,40.0,CAPE RISE,IMO7530808,KAFG,70,5,197,32,10.0,,A
366733250,2020-08-20T12:36:22,37.25027,-76.08515,2.0,337.6,511.0,ATLANTIC SURVEYOR,,WTR5417,70,15,31,7,,,A
367359930,2020-08-20T13:03:33,36.82405,-76.28906,0.0,2.8,511.0,SUNNY WILLIAMS,,WDE4940,80,0,25,8,,80,A
305855000,2020-08-20T12:35:46,36.86427,-76.31479,0.1,49.3,226.0,BBC PEARL,IMO9504786,V2FY8,70,5,153,23,9.1,70,A
305855000,2020-08-20T13:05:48,36.86426,-76.31477,0.1,186.1,226.0,BBC PEARL,IMO9504786,V2FY8,70,5,153,23,9.1,70,A
367822000,2020-08-20T12:56:55,36.97312,-76.43383,0.0,0.0,238.0,USNS SHUGHART,IMO7825394,NAOQ,70,5,276,32,13.0,70,A
367821000,2020-08-20T12:37:18,36.97284,-76.43365,0.0,0.0,511.0,YANO,IMO7825409,NAQH,70,0,276,32,13.0,70,A
215677000,2020-08-20T12:36:08,37.23585,-76.11952,0.1,323.9,46.0,RIZE,IMO9584035,9HA2781,70,1,229,32,14.5,,A
477738200,2020-08-20T12:54:39,36.87743,-76.34986,0.1,132.3,347.0,COSCO PHILIPPINES,IMO9448762,VRGM7,70,5,334,42,14.5,72,A
367821000,2020-08-20T12:58:17,36.97285,-76.43367,0.0,0.0,511.0,YANO,IMO7825409,NAQH,70,0,276,32,13.0,70,A
477196100,2020-08-20T13:06:58,37.19591,-76.13682,0.1,350.4,94.0,DARYA MA,IMO9591674,VRJH5,70,1,229,32,14.5,,A
367359930,2020-08-20T13:05:53,36.82407,-76.28907,0.0,2.8,511.0,SUNNY WILLIAMS,,WDE4940,80,0,25,8,,80,A
215677000,2020-08-20T13:00:06,37.23627,-76.11981,0.0,321.6,65.0,RIZE,IMO9584035,9HA2781,70,1,229,32,14.5,,A
215677000,2020-08-20T13:06:05,37.23635,-76.11983,0.1,321.6,67.0,RIZE,IMO9584035,9HA2781,70,1,229,32,14.5,,A
366733250,2020-08-20T13:01:11,37.26388,-76.09313,2.0,326.2,511.0,ATLANTIC SURVEYOR,,WTR5417,70,15,31,7,,,A
366733250,2020-08-20T13:09:31,37.26761,-76.09661,1.9,322.4,511.0,ATLANTIC SURVEYOR,,WTR5417,70,15,31,7,,,A
367821000,2020-08-20T13:08:28,36.97284,-76.43367,0.0,0.0,511.0,YANO,IMO7825409,NAQH,70,0,276,32,13.0,70,A
538006982,2020-08-20T13:08:16,36.96256,-76.42362,0.1,128.0,40.0,ANTE TOPIC,IMO9737072,V7TR4,70,5,,,,,A
366733250,2020-08-20T13:07:02,37.26655,-76.09557,2.0,321.2,511.0,ATLANTIC SURVEYOR,,WTR5417,70,15,31,7,,,A
538006907,2020-08-20T13:09:15,37.17938,-76.15472,13.1,354.5,355.0,PALANCA RIO,IMO9747998,V7QS4,80,0,133,,,,A
366839000,2020-08-20T12:34:05,36.85349,-76.31084,0.0,0.0,39.0,CAPE RISE,IMO7530808,KAFG,70,5,197,32,10.0,,A
215677000,2020-08-20T12:33:06,37.23577,-76.11944,0.1,323.1,44.0,RIZE,IMO9584035,9HA2781,70,1,229,32,14.5,,A
538002652,2020-08-20T12:33:51,36.87945,-76.32645,0.0,216.0,277.0,NAIAS,IMO9330800,V7KN8,70,5,225,32,14.0,70,A
367861000,2020-08-20T13:03:00,36.94640,-76.32980,0.0,0.0,265.0,LARAMIE,IMO8906626,NLAR,80,5,193,29,,,A
367822000,2020-08-20T13:02:55,36.97312,-76.43383,0.0,0.0,238.0,USNS SHUGHART,IMO7825394,NAOQ,70,5,276,32,13.0,70,A
215677000,2020-08-20T13:03:07,37.23631,-76.11982,0.1,321.6,66.0,RIZE,IMO9584035,9HA2781,70,1,229,32,14.5,,A
215677000,2020-08-20T13:09:05,37.23642,-76.11988,0.1,327.7,69.0,RIZE,IMO9584035,9HA2781,70,1,229,32,14.5,,A
538006907,2020-08-20T12:43:03,37.09177,-76.11082,13.3,329.8,332.0,PALANCA RIO,IMO9747998,V7QS4,80,0,133,,,,A
367932000,2020-08-20T13:08:17,36.94914,-76.32967,0.0,107.0,279.0,JOHN LENTHALL,IMO8325547,NJLN,80,5,193,29,,,A
366733250,2020-08-20T13:10:41,37.26812,-76.09711,1.9,322.5,511.0,ATLANTIC SURVEYOR,,WTR5417,70,15,31,7,,,A
368026000,2020-08-20T13:00:21,36.86577,-76.31605,0.0,270.5,2.0,BENAVIDEZ,IMO9218210,NBHG,70,5,289,32,10.9,70,A
538006907,2020-08-20T13:10:35,37.18422,-76.15533,13.1,354.9,355.0,PALANCA RIO,IMO9747998,V7QS4,80,0,133,,,,A
538006907,2020-08-20T13:04:43,37.16302,-76.15257,13.0,353.9,355.0,PALANCA RIO,IMO9747998,V7QS4,80,0,133,,,,A
367932000,2020-08-20T12:44:16,36.94914,-76.32965,0.0,107.0,279.0,JOHN LENTHALL,IMO8325547,NJLN,80,5,193,29,,,A
368026000,2020-08-20T13:06:21,36.86575,-76.31603,0.0,270.5,2.0,BENAVIDEZ,IMO9218210,NBHG,70,5,289,32,10.9,70,A
366733250,2020-08-20T12:40:22,37.25245,-76.08623,2.2,337.9,511.0,ATLANTIC SURVEYOR,,WTR5417,70,15,31,7,,,A
367821000,2020-08-20T12:39:47,36.97284,-76.43366,0.0,0.0,511.0,YANO,IMO7825409,NAQH,70,0,276,32,13.0,70,A
538002652,2020-08-20T13:12:49,36.87948,-76.32653,0.0,40.0,277.0,NAIAS,IMO9330800,V7KN8,70,5,225,32,14.0,70,A
305855000,2020-08-20T13:11:46,36.86427,-76.31474,0.0,143.3,226.0,BBC PEARL,IMO9504786,V2FY8,70,5,153,23,9.1,70,A
368026000,2020-08-20T12:45:20,36.86576,-76.31603,0.0,270.5,2.0,BENAVIDEZ,IMO9218210,NBHG,70,5,289,32,10.9,70,A
477196100,2020-08-20T12:45:52,37.19551,-76.13684,0.0,346.2,83.0,DARYA MA,IMO9591674,VRJH5,70,1,229,32,14.5,,A
366733250,2020-08-20T13:13:32,37.26938,-76.09836,2.0,321.6,511.0,ATLANTIC SURVEYOR,,WTR5417,70,15,31,7,,,A
366839000,2020-08-20T12:46:08,36.85347,-76.31087,0.0,0.0,39.0,CAPE RISE,IMO7530808,KAFG,70,5,197,32,10.0,,A
367932000,2020-08-20T13:14:17,36.94919,-76.32975,0.0,107.0,279.0,JOHN LENTHALL,IMO8325547,NJLN,80,5,193,29,,,A
367932000,2020-08-20T13:05:17,36.94919,-76.32967,0.0,107.0,279.0,JOHN LENTHALL,IMO8325547,NJLN,80,5,193,29,,,A
305855000,2020-08-20T13:14:49,36.86425,-76.31473,0.0,125.7,226.0,BBC PEARL,IMO9504786,V2FY8,70,5,153,23,9.1,70,A
305855000,2020-08-20T13:08:46,36.86426,-76.31474,0.0,143.2,226.0,BBC PEARL,IMO9504786,V2FY8,70,5,153,23,9.1,70,A
367861000,2020-08-20T13:06:01,36.94640,-76.32979,0.0,0.0,265.0,LARAMIE,IMO8906626,NLAR,80,5,193,29,,,A
367822000,2020-08-20T13:14:55,36.97315,-76.43383,0.0,0.0,238.0,USNS SHUGHART,IMO7825394,NAOQ,70,5,276,32,13.0,70,A
366733250,2020-08-20T13:05:51,37.26604,-76.09505,2.0,321.7,511.0,ATLANTIC SURVEYOR,,WTR5417,70,15,31,7,,,A
367821000,2020-08-20T13:06:07,36.97285,-76.43367,0.0,0.0,511.0,YANO,IMO7825409,NAQH,70,0,276,32,13.0,70,A
215677000,2020-08-20T13:15:05,37.23656,-76.11992,0.1,330.6,73.0,RIZE,IMO9584035,9HA2781,70,1,229,32,14.5,,A
367359930,2020-08-20T13:15:03,36.82406,-76.28908,0.0,2.8,511.0,SUNNY WILLIAMS,,WDE4940,80,0,25,8,,80,A
367359930,2020-08-20T13:07:11,36.82405,-76.28906,0.0,2.8,511.0,SUNNY WILLIAMS,,WDE4940,80,0,25,8,,80,A
367861000,2020-08-20T13:09:00,36.94638,-76.32984,0.0,0.0,265.0,LARAMIE,IMO8906626,NLAR,80,5,193,29,,,A
367932000,2020-08-20T12:50:16,36.94917,-76.32967,0.0,107.0,279.0,JOHN LENTHALL,IMO8325547,NJLN,80,5,193,29,,,A
368026000,2020-08-20T13:15:21,36.86577,-76.31604,0.0,270.5,2.0,BENAVIDEZ,IMO9218210,NBHG,70,5,289,32,10.9,70,A
367821000,2020-08-20T13:15:57,36.97284,-76.43367,0.0,0.0,511.0,YANO,IMO7825409,NAQH,70,0,276,32,13.0,70,A
367822000,2020-08-20T13:08:55,36.97312,-76.43383,0.0,0.0,238.0,USNS SHUGHART,IMO7825394,NAOQ,70,5,276,32,13.0,70,A
367359930,2020-08-20T13:09:52,36.82406,-76.28907,0.0,2.8,511.0,SUNNY WILLIAMS,,WDE4940,80,0,25,8,,80,A
538002652,2020-08-20T13:15:52,36.87943,-76.32657,0.0,40.0,277.0,NAIAS,IMO9330800,V7KN8,70,5,225,32,14.0,70,A
538006982,2020-08-20T13:14:16,36.96256,-76.42366,0.1,190.4,40.0,ANTE TOPIC,IMO9737072,V7TR4,70,5,,,,,A
538006907,2020-08-20T12:51:24,37.11875,-76.12990,13.4,329.5,329.0,PALANCA RIO,IMO9747998,V7QS4,80,0,133,,,,A
366839000,2020-08-20T13:07:09,36.85349,-76.31083,0.0,0.0,40.0,CAPE RISE,IMO7530808,KAFG,70,5,197,32,10.0,,A
368026000,2020-08-20T12:39:20,36.86576,-76.31602,0.0,270.5,2.0,BENAVIDEZ,IMO9218210,NBHG,70,5,289,32,10.9,70,A
367821000,2020-08-20T12:42:47,36.97284,-76.43365,0.0,0.0,511.0,YANO,IMO7825409,NAQH,70,0,276,32,13.0,70,A
538006907,2020-08-20T13:14:43,37.19848,-76.15435,12.2,15.4,17.0,PALANCA RIO,IMO9747998,V7QS4,80,0,133,,,,A
538006982,2020-08-20T13:17:16,36.96255,-76.42366,0.0,187.3,40.0,ANTE TOPIC,IMO9737072,V7TR4,70,5,,,,,A
538002652,2020-08-20T12:54:50,36.87943,-76.32647,0.0,40.0,276.0,NAIAS,IMO9330800,V7KN8,70,5,225,32,14.0,70,A
477738200,2020-08-20T12:51:38,36.87751,-76.34980,0.1,128.5,347.0,COSCO PHILIPPINES,IMO9448762,VRGM7,70,5,334,42,14.5,72,A
367359930,2020-08-20T12:54:01,36.82406,-76.28908,0.0,2.8,511.0,SUNNY WILLIAMS,,WDE4940,80,0,25,8,,80,A
367359930,2020-08-20T13:11:03,36.82405,-76.28907,0.0,2.8,511.0,SUNNY WILLIAMS,,WDE4940,80,0,25,8,,80,A
367861000,2020-08-20T12:51:00,36.94638,-76.32981,0.0,0.0,265.0,LARAMIE,IMO8906626,NLAR,80,5,193,29,,,A
538006907,2020-08-20T13:17:34,37.20795,-76.15113,12.3,15.4,17.0,PALANCA RIO,IMO9747998,V7QS4,80,0,133,,,,A
366733250,2020-08-20T13:17:42,37.27124,-76.10018,2.1,321.7,511.0,ATLANTIC SURVEYOR,,WTR5417,70,15,31,7,,,A
366733250,2020-08-20T13:08:12,37.26705,-76.09605,1.9,320.3,511.0,ATLANTIC SURVEYOR,,WTR5417,70,15,31,7,,,A
367821000,2020-08-20T12:55:58,36.97285,-76.43367,0.0,0.0,511.0,YANO,IMO7825409,NAQH,70,0,276,32,13.0,70,A
367861000,2020-08-20T13:18:01,36.94634,-76.32977,0.0,0.0,265.0,LARAMIE,IMO8906626,NLAR,80,5,193,29,,,A
369390000,2020-08-20T13:17:47,36.96317,-76.06917,18.5,288.0,288.0,SAFMARINE MAFADI,IMO9314210,KRIJ,70,0,292,32,11.8,70,A
368026000,2020-08-20T13:18:21,36.86575,-76.31604,0.0,270.5,2.0,BENAVIDEZ,IMO9218210,NBHG,70,5,289,32,10.9,70,A
367822000,2020-08-20T13:17:55,36.97315,-76.43382,0.0,0.0,238.0,USNS SHUGHART,IMO7825394,NAOQ,70,5,276,32,13.0,70,A
538006907,2020-08-20T12:44:44,37.09727,-76.11460,13.3,331.5,331.0,PALANCA RIO,IMO9747998,V7QS4,80,0,133,,,,A
538006907,2020-08-20T13:12:04,37.18957,-76.15563,12.6,1.6,3.0,PALANCA RIO,IMO9747998,V7QS4,80,0,133,,,,A
538006907,2020-08-20T13:08:14,37.17575,-76.15423,13.2,353.9,355.0,PALANCA RIO,IMO9747998,V7QS4,80,0,133,,,,A
366733250,2020-08-20T13:19:02,37.27187,-76.10081,2.1,321.5,511.0,ATLANTIC SURVEYOR,,WTR5417,70,15,31,7,,,A
367822000,2020-08-20T13:11:54,36.97317,-76.43384,0.0,0.0,238.0,USNS SHUGHART,IMO7825394,NAOQ,70,5,276,32,13.0,70,A
477196100,2020-08-20T12:42:56,37.19550,-76.13684,0.1,346.2,81.0,DARYA MA,IMO9591674,VRJH5,70,1,229,32,14.5,,A
538006907,2020-08-20T13:18:44,37.21182,-76.14982,12.3,14.8,17.0,PALANCA RIO,IMO9747998,V7QS4,80,0,133,,,,A
368026000,2020-08-20T13:12:21,36.86576,-76.31605,0.0,270.5,2.0,BENAVIDEZ,IMO9218210,NBHG,70,5,289,32,10.9,70,A
215677000,2020-08-20T13:18:07,37.23664,-76.11993,0.1,330.6,76.0,RIZE,IMO9584035,9HA2781,70,1,229,32,14.5,,A
538006907,2020-08-20T13:20:34,37.21780,-76.14777,12.3,15.1,18.0,PALANCA RIO,IMO9747998,V7QS4,80,0,133,,,,A
305855000,2020-08-20T13:20:48,36.86425,-76.31472,0.0,132.4,225.0,BBC PEARL,IMO9504786,V2FY8,70,5,153,23,9.1,70,A
367932000,2020-08-20T13:20:17,36.94909,-76.32958,0.0,107.0,279.0,JOHN LENTHALL,IMO8325547,NJLN,80,5,193,29,,,A
367821000,2020-08-20T13:18:17,36.97283,-76.43363,0.0,0.0,511.0,YANO,IMO7825409,NAQH,70,0,276,32,13.0,70,A
538006982,2020-08-20T13:20:16,36.96258,-76.42365,0.1,173.9,40.0,ANTE TOPIC,IMO9737072,V7TR4,70,5,,,,,A
367861000,2020-08-20T12:54:00,36.94633,-76.32979,0.0,0.0,265.0,LARAMIE,IMO8906626,NLAR,80,5,193,29,,,A
367822000,2020-08-20T12:53:56,36.97312,-76.43383,0.0,0.0,238.0,USNS SHUGHART,IMO7825394,NAOQ,70,5,276,32,13.0,70,A
366733250,2020-08-20T12:47:11,37.25641,-76.08830,2.2,337.7,511.0,ATLANTIC SURVEYOR,,WTR5417,70,15,31,7,,,A
538002652,2020-08-20T12:45:50,36.87948,-76.32647,0.0,120.0,276.0,NAIAS,IMO9330800,V7KN8,70,5,225,32,14.0,70,A
366733250,2020-08-20T12:49:32,37.25777,-76.08899,2.3,338.7,511.0,ATLANTIC SURVEYOR,,WTR5417,70,15,31,7,,,A
538006907,2020-08-20T13:21:44,37.22170,-76.14643,12.2,14.9,17.0,PALANCA RIO,IMO9747998,V7QS4,80,0,133,,,,A
538006907,2020-08-20T12:59:44,37.14537,-76.14935,12.8,345.2,350.0,PALANCA RIO,IMO9747998,V7QS4,80,0,133,,,,A
367861000,2020-08-20T12:57:01,36.94636,-76.32976,0.0,0.0,265.0,LARAMIE,IMO8906626,NLAR,80,5,193,29,,,A
367861000,2020-08-20T12:48:01,36.94638,-76.32980,0.0,0.0,265.0,LARAMIE,IMO8906626,NLAR,80,5,193,29,,,A
477738200,2020-08-20T12:57:39,36.87743,-76.34984,0.1,135.5,347.0,COSCO PHILIPPINES,IMO9448762,VRGM7,70,5,334,42,14.5,72,A
368026000,2020-08-20T12:57:20,36.86574,-76.31605,0.0,270.5,2.0,BENAVIDEZ,IMO9218210,NBHG,70,5,289,32,10.9,70,A
367821000,2020-08-20T13:12:07,36.97284,-76.43367,0.0,0.0,511.0,YANO,IMO7825409,NAQH,70,0,276,32,13.0,70,A
367359930,2020-08-20T13:24:33,36.82406,-76.28907,0.1,2.8,511.0,SUNNY WILLIAMS,,WDE4940,80,0,25,8,,80,A
367861000,2020-08-20T13:24:00,36.94637,-76.32985,0.0,0.0,265.0,LARAMIE,IMO8906626,NLAR,80,5,193,29,,,A
369390000,2020-08-20T13:25:47,36.97550,-76.11633,17.5,287.0,286.0,SAFMARINE MAFADI,IMO9314210,KRIJ,70,0,292,32,11.8,70,A
366839000,2020-08-20T13:25:02,36.85351,-76.31083,0.0,0.0,39.0,CAPE RISE,IMO7530808,KAFG,70,5,197,32,10.0,,A
367932000,2020-08-20T12:59:16,36.94922,-76.32969,0.0,107.0,279.0,JOHN LENTHALL,IMO8325547,NJLN,80,5,193,29,,,A
538006907,2020-08-20T13:13:13,37.19357,-76.15555,12.5,1.5,7.0,PALANCA RIO,IMO9747998,V7QS4,80,0,133,,,,A
538006907,2020-08-20T13:24:55,37.23207,-76.14287,12.2,16.4,17.0,PALANCA RIO,IMO9747998,V7QS4,80,0,133,,,,A
367821000,2020-08-20T13:13:38,36.97284,-76.43367,0.0,0.0,511.0,YANO,IMO7825409,NAQH,70,0,276,32,13.0,70,A
367821000,2020-08-20T13:00:08,36.97285,-76.43367,0.0,0.0,511.0,YANO,IMO7825409,NAQH,70,0,276,32,13.0,70,A
367359930,2020-08-20T13:25:43,36.82404,-76.28908,0.0,2.8,511.0,SUNNY WILLIAMS,,WDE4940,80,0,25,8,,80,A
367861000,2020-08-20T13:27:00,36.94644,-76.32980,0.0,0.0,265.0,LARAMIE,IMO8906626,NLAR,80,5,193,29,,,A
366839000,2020-08-20T13:01:07,36.85348,-76.31080,0.0,0.0,39.0,CAPE RISE,IMO7530808,KAFG,70,5,197,32,10.0,,A
477196100,2020-08-20T13:21:51,37.19594,-76.13665,0.1,74.4,97.0,DARYA MA,IMO9591674,VRJH5,70,1,229,32,14.5,,A
367821000,2020-08-20T13:14:47,36.97284,-76.43367,0.0,0.0,511.0,YANO,IMO7825409,NAQH,70,0,276,32,13.0,70,A
538006907,2020-08-20T13:01:13,37.15058,-76.15047,12.7,351.6,353.0,PALANCA RIO,IMO9747998,V7QS4,80,0,133,,,,A
369390000,2020-08-20T13:23:11,36.97183,-76.10133,17.6,288.0,286.0,SAFMARINE MAFADI,IMO9314210,KRIJ,70,0,292,32,11.8,70,A
366839000,2020-08-20T13:22:06,36.85350,-76.31080,0.0,0.0,39.0,CAPE RISE,IMO7530808,KAFG,70,5,197,32,10.0,,A
367932000,2020-08-20T13:26:17,36.94918,-76.32967,0.0,107.0,279.0,JOHN LENTHALL,IMO8325547,NJLN,80,5,193,29,,,A
367861000,2020-08-20T13:15:01,36.94644,-76.32982,0.0,0.0,265.0,LARAMIE,IMO8906626,NLAR,80,5,193,29,,,A
367822000,2020-08-20T12:50:54,36.97312,-76.43383,0.0,0.0,238.0,USNS SHUGHART,IMO7825394,NAOQ,70,5,276,32,13.0,70,A
538006907,2020-08-20T12:52:44,37.12303,-76.13308,13.4,329.6,329.0,PALANCA RIO,IMO9747998,V7QS4,80,0,133,,,,A
367821000,2020-08-20T12:53:58,36.97285,-76.43368,0.0,0.0,511.0,YANO,IMO7825409,NAQH,70,0,276,32,13.0,70,A
367359930,2020-08-20T13:02:22,36.82405,-76.28907,0.0,2.8,511.0,SUNNY WILLIAMS,,WDE4940,80,0,25,8,,80,A
538006982,2020-08-20T13:02:16,36.96257,-76.42364,0.1,144.2,40.0,ANTE TOPIC,IMO9737072,V7TR4,70,5,,,,,A
367932000,2020-08-20T13:02:18,36.94915,-76.32968,0.0,107.0,279.0,JOHN LENTHALL,IMO8325547,NJLN,80,5,193,29,,,A
477738200,2020-08-20T13:27:37,36.87754,-76.34979,0.1,142.7,347.0,COSCO PHILIPPINES,IMO9448762,VRGM7,70,5,334,42,14.5,72,A
477738200,2020-08-20T13:18:36,36.87756,-76.34983,0.1,180.2,347.0,COSCO PHILIPPINES,IMO9448762,VRGM7,70,5,334,42,14.5,72,A
367821000,2020-08-20T13:27:37,36.97285,-76.43364,0.0,0.0,511.0,YANO,IMO7825409,NAQH,70,0,276,32,13.0,70,A
538006982,2020-08-20T13:26:16,36.96258,-76.42367,0.0,185.9,40.0,ANTE TOPIC,IMO9737072,V7TR4,70,5,,,,,A
538002652,2020-08-20T13:27:51,36.87950,-76.32652,0.0,12.0,277.0,NAIAS,IMO9330800,V7KN8,70,5,225,32,14.0,70,A
538006907,2020-08-20T13:16:13,37.20348,-76.15267,12.3,15.2,18.0,PALANCA RIO,IMO9747998,V7QS4,80,0,133,,,,A
366733250,2020-08-20T13:03:31,37.26500,-76.09409,2.1,322.2,511.0,ATLANTIC SURVEYOR,,WTR5417,70,15,31,7,,,A
367359930,2020-08-20T13:19:43,36.82406,-76.28909,0.0,2.8,511.0,SUNNY WILLIAMS,,WDE4940,80,0,25,8,,80,A
367821000,2020-08-20T13:19:38,36.97285,-76.43365,0.0,0.0,511.0,YANO,IMO7825409,NAQH,70,0,276,32,13.0,70,A
477196100,2020-08-20T13:27:50,37.19608,-76.13671,0.1,321.8,102.0,DARYA MA,IMO9591674,VRJH5,70,1,229,32,14.5,,A
367359930,2020-08-20T13:28:03,36.82404,-76.28906,0.0,2.8,511.0,SUNNY WILLIAMS,,WDE4940,80,0,25,8,,80,A
366839000,2020-08-20T13:16:06,36.85350,-76.31081,0.0,0.0,40.0,CAPE RISE,IMO7530808,KAFG,70,5,197,32,10.0,,A
368026000,2020-08-20T13:27:20,36.86574,-76.31604,0.0,270.5,2.0,BENAVIDEZ,IMO9218210,NBHG,70,5,289,32,10.9,70,A
367359930,2020-08-20T13:04:43,36.82405,-76.28907,0.0,2.8,511.0,SUNNY WILLIAMS,,WDE4940,80,0,25,8,,80,A
366733250,2020-08-20T13:31:01,37.27772,-76.10578,2.1,328.5,511.0,ATLANTIC SURVEYOR,,WTR5417,70,15,31,7,,,A
215677000,2020-08-20T12:57:07,37.23623,-76.11977,0.1,321.6,64.0,RIZE,IMO9584035,9HA2781,70,1,229,32,14.5,,A
215677000,2020-08-20T13:21:06,37.23672,-76.11995,0.1,330.6,79.0,RIZE,IMO9584035,9HA2781,70,1,229,32,14.5,,A
367359930,2020-08-20T12:59:12,36.82405,-76.28907,0.0,2.8,511.0,SUNNY WILLIAMS,,WDE4940,80,0,25,8,,80,A
366839000,2020-08-20T12:58:08,36.85350,-76.31080,0.0,0.0,39.0,CAPE RISE,IMO7530808,KAFG,70,5,197,32,10.0,,A
368026000,2020-08-20T13:21:20,36.86575,-76.31603,0.0,270.5,2.0,BENAVIDEZ,IMO9218210,NBHG,70,5,289,32,10.9,70,A
367932000,2020-08-20T13:29:17,36.94914,-76.32961,0.0,107.0,279.0,JOHN LENTHALL,IMO8325547,NJLN,80,5,193,29,,,A
215677000,2020-08-20T13:30:07,37.23690,-76.11997,0.0,330.6,84.0,RIZE,IMO9584035,9HA2781,70,1,229,32,14.5,,A
367821000,2020-08-20T13:21:48,36.97285,-76.43365,0.0,0.0,511.0,YANO,IMO7825409,NAQH,70,0,276,32,13.0,70,A
367821000,2020-08-20T12:59:28,36.97285,-76.43367,0.0,0.0,511.0,YANO,IMO7825409,NAQH,70,0,276,32,13.0,70,A
367821000,2020-08-20T13:29:27,36.97285,-76.43364,0.0,0.0,511.0,YANO,IMO7825409,NAQH,70,0,276,32,13.0,70,A
367359930,2020-08-20T13:30:23,36.82405,-76.28905,0.0,2.8,511.0,SUNNY WILLIAMS,,WDE4940,80,0,25,8,,80,A
368026000,2020-08-20T13:30:20,36.86574,-76.31604,0.0,270.5,2.0,BENAVIDEZ,IMO9218210,NBHG,70,5,289,32,10.9,70,A
477738200,2020-08-20T13:30:37,36.87752,-76.34977,0.0,173.6,347.0,COSCO PHILIPPINES,IMO9448762,VRGM7,70,5,334,42,14.5,72,A
367821000,2020-08-20T13:32:27,36.97285,-76.43364,0.0,0.0,511.0,YANO,IMO7825409,NAQH,70,0,276,32,13.0,70,A
367861000,2020-08-20T13:33:01,36.94639,-76.32983,0.0,0.0,265.0,LARAMIE,IMO8906626,NLAR,80,5,193,29,,,A
369390000,2020-08-20T13:31:41,36.98433,-76.14983,17.2,288.0,289.0,SAFMARINE MAFADI,IMO9314210,KRIJ,70,0,292,32,11.8,70,A
367822000,2020-08-20T13:32:56,36.97313,-76.43382,0.0,0.0,238.0,USNS SHUGHART,IMO7825394,NAOQ,70,5,276,32,13.0,70,A
367822000,2020-08-20T13:20:56,36.97314,-76.43382,0.0,0.0,238.0,USNS SHUGHART,IMO7825394,NAOQ,70,5,276,32,13.0,70,A
367359930,2020-08-20T13:22:23,36.82407,-76.28908,0.0,2.8,511.0,SUNNY WILLIAMS,,WDE4940,80,0,25,8,,80,A
538006982,2020-08-20T13:32:16,36.96259,-76.42364,0.0,185.9,40.0,ANTE TOPIC,IMO9737072,V7TR4,70,5,,,,,A
369390000,2020-08-20T13:24:17,36.97333,-76.10767,17.4,287.0,286.0,SAFMARINE MAFADI,IMO9314210,KRIJ,70,0,292,32,11.8,70,A
367359930,2020-08-20T13:23:32,36.82406,-76.28907,0.1,2.8,511.0,SUNNY WILLIAMS,,WDE4940,80,0,25,8,,80,A
366733250,2020-08-20T13:23:11,37.27383,-76.10264,2.1,323.8,511.0,ATLANTIC SURVEYOR,,WTR5417,70,15,31,7,,,A
367821000,2020-08-20T13:30:37,36.97285,-76.43364,0.0,0.0,511.0,YANO,IMO7825409,NAQH,70,0,276,32,13.0,70,A
367359930,2020-08-20T13:32:41,36.82404,-76.28905,0.0,2.8,511.0,SUNNY WILLIAMS,,WDE4940,80,0,25,8,,80,A
367861000,2020-08-20T13:30:01,36.94640,-76.32982,0.0,0.0,265.0,LARAMIE,IMO8906626,NLAR,80,5,193,29,,,A
368026000,2020-08-20T13:33:21,36.86576,-76.31604,0.0,270.5,2.0,BENAVIDEZ,IMO9218210,NBHG,70,5,289,32,10.9,70,A
538006907,2020-08-20T13:34:53,37.26500,-76.13157,12.4,14.8,17.0,PALANCA RIO,IMO9747998,V7QS4,80,0,133,,,,A
538002652,2020-08-20T13:30:52,36.87950,-76.32658,0.0,56.0,277.0,NAIAS,IMO9330800,V7KN8,70,5,225,32,14.0,70,A
366733250,2020-08-20T13:35:31,37.28005,-76.10741,2.0,333.5,511.0,ATLANTIC SURVEYOR,,WTR5417,70,15,31,7,,,A
367359930,2020-08-20T13:31:32,36.82403,-76.28905,0.0,2.8,511.0,SUNNY WILLIAMS,,WDE4940,80,0,25,8,,80,A
305855000,2020-08-20T13:02:48,36.86422,-76.31478,0.0,145.3,226.0,BBC PEARL,IMO9504786,V2FY8,70,5,153,23,9.1,70,A
305855000,2020-08-20T13:35:49,36.86426,-76.31477,0.0,145.0,227.0,BBC PEARL,IMO9504786,V2FY8,70,5,153,23,9.1,70,A
367932000,2020-08-20T13:23:16,36.94914,-76.32965,0.0,107.0,279.0,JOHN LENTHALL,IMO8325547,NJLN,80,5,193,29,,,A
367359930,2020-08-20T13:36:03,36.82402,-76.28907,0.0,2.8,511.0,SUNNY WILLIAMS,,WDE4940,80,0,25,8,,80,A
367861000,2020-08-20T13:36:00,36.94636,-76.32979,0.0,0.0,265.0,LARAMIE,IMO8906626,NLAR,80,5,193,29,,,A
538006907,2020-08-20T13:02:23,37.15468,-76.15123,12.8,351.9,354.0,PALANCA RIO,IMO9747998,V7QS4,80,0,133,,,,A
538006907,2020-08-20T13:33:34,37.26060,-76.13302,12.4,13.5,17.0,PALANCA RIO,IMO9747998,V7QS4,80,0,133,,,,A
369390000,2020-08-20T13:38:05,36.99350,-76.18500,16.3,286.0,286.0,SAFMARINE MAFADI,IMO9314210,KRIJ,70,0,292,32,11.8,70,A
368026000,2020-08-20T13:09:21,36.86576,-76.31602,0.1,270.5,2.0,BENAVIDEZ,IMO9218210,NBHG,70,5,289,32,10.9,70,A
538002652,2020-08-20T13:03:51,36.87947,-76.32642,0.0,40.0,277.0,NAIAS,IMO9330800,V7KN8,70,5,225,32,14.0,70,A
477738200,2020-08-20T13:36:38,36.87750,-76.34990,0.0,186.6,347.0,COSCO PHILIPPINES,IMO9448762,VRGM7,70,5,334,42,14.5,72,A
305855000,2020-08-20T13:38:46,36.86428,-76.31478,0.0,131.9,227.0,BBC PEARL,IMO9504786,V2FY8,70,5,153,23,9.1,70,A
477196100,2020-08-20T13:03:50,37.19586,-76.13687,0.1,350.4,92.0,DARYA MA,IMO9591674,VRJH5,70,1,229,32,14.5,,A
366839000,2020-08-20T13:10:02,36.85349,-76.31084,0.0,0.0,40.0,CAPE RISE,IMO7530808,KAFG,70,5,197,32,10.0,,A
369390000,2020-08-20T13:35:41,36.99017,-76.17200,16.6,289.0,288.0,SAFMARINE MAFADI,IMO9314210,KRIJ,70,0,292,32,11.8,70,A
367359930,2020-08-20T13:37:12,36.82402,-76.28907,0.0,2.8,511.0,SUNNY WILLIAMS,,WDE4940,80,0,25,8,,80,A
367821000,2020-08-20T13:09:47,36.97284,-76.43367,0.0,0.0,511.0,YANO,IMO7825409,NAQH,70,0,276,32,13.0,70,A
367821000,2020-08-20T13:25:17,36.97285,-76.43364,0.0,0.0,511.0,YANO,IMO7825409,NAQH,70,0,276,32,13.0,70,A
367821000,2020-08-20T13:04:57,36.97285,-76.43367,0.0,0.0,511.0,YANO,IMO7825409,NAQH,70,0,276,32,13.0,70,A
538002652,2020-08-20T13:09:53,36.87947,-76.32648,0.0,40.0,277.0,NAIAS,IMO9330800,V7KN8,70,5,225,32,14.0,70,A
366839000,2020-08-20T13:28:07,36.85352,-76.31083,0.0,0.0,39.0,CAPE RISE,IMO7530808,KAFG,70,5,197,32,10.0,,A
367821000,2020-08-20T13:38:08,36.97286,-76.43365,0.0,0.0,511.0,YANO,IMO7825409,NAQH,70,0,276,32,13.0,70,A
366733250,2020-08-20T13:04:42,37.26552,-76.09459,1.9,324.3,511.0,ATLANTIC SURVEYOR,,WTR5417,70,15,31,7,,,A
366733250,2020-08-20T13:27:01,37.27571,-76.10421,2.0,326.2,511.0,ATLANTIC SURVEYOR,,WTR5417,70,15,31,7,,,A
367821000,2020-08-20T13:10:57,36.97284,-76.43367,0.0,0.0,511.0,YANO,IMO7825409,NAQH,70,0,276,32,13.0,70,A
538006907,2020-08-20T13:29:55,37.24845,-76.13705,12.4,13.9,17.0,PALANCA RIO,IMO9747998,V7QS4,80,0,133,,,,A
369390000,2020-08-20T13:40:29,36.99667,-76.19783,16.1,289.0,290.0,SAFMARINE MAFADI,IMO9314210,KRIJ,70,0,292,32,11.8,70,A
369390000,2020-08-20T13:27:11,36.97750,-76.12433,17.3,287.0,286.0,SAFMARINE MAFADI,IMO9314210,KRIJ,70,0,292,32,11.8,70,A
367822000,2020-08-20T13:05:56,36.97312,-76.43383,0.0,0.0,238.0,USNS SHUGHART,IMO7825394,NAOQ,70,5,276,32,13.0,70,A
368026000,2020-08-20T13:39:22,36.86575,-76.31603,0.1,270.5,2.0,BENAVIDEZ,IMO9218210,NBHG,70,5,289,32,10.9,70,A
215677000,2020-08-20T13:27:08,37.23683,-76.11996,0.1,330.6,83.0,RIZE,IMO9584035,9HA2781,70,1,229,32,14.5,,A
538002652,2020-08-20T13:39:51,36.87952,-76.32648,0.0,207.0,277.0,NAIAS,IMO9330800,V7KN8,70,5,225,32,14.0,70,A
367359930,2020-08-20T13:12:13,36.82406,-76.28907,0.1,2.8,511.0,SUNNY WILLIAMS,,WDE4940,80,0,25,8,,80,A
538006907,2020-08-20T13:40:54,37.28553,-76.12600,12.6,12.6,14.0,PALANCA RIO,IMO9747998,V7QS4,80,0,133,,,,A
477738200,2020-08-20T13:06:39,36.87751,-76.34983,0.1,158.0,347.0,COSCO PHILIPPINES,IMO9448762,VRGM7,70,5,334,42,14.5,72,A
366839000,2020-08-20T13:40:05,36.85344,-76.31079,0.0,0.0,39.0,CAPE RISE,IMO7530808,KAFG,70,5,197,32,10.0,,A
477196100,2020-08-20T13:39:51,37.19627,-76.13670,0.1,323.8,107.0,DARYA MA,IMO9591674,VRJH5,70,1,229,32,14.5,,A
215677000,2020-08-20T13:39:10,37.23715,-76.11999,0.1,330.6,89.0,RIZE,IMO9584035,9HA2781,70,1,229,32,14.5,,A
215677000,2020-08-20T13:12:06,37.23649,-76.11992,0.1,330.6,71.0,RIZE,IMO9584035,9HA2781,70,1,229,32,14.5,,A
367359930,2020-08-20T13:42:42,36.82404,-76.28907,0.0,2.8,511.0,SUNNY WILLIAMS,,WDE4940,80,0,25,8,,80,A
538006982,2020-08-20T13:38:16,36.96256,-76.42366,0.0,187.5,40.0,ANTE TOPIC,IMO9737072,V7TR4,70,5,,,,,A
367821000,2020-08-20T13:41:57,36.97286,-76.43365,0.0,0.0,511.0,YANO,IMO7825409,NAQH,70,0,276,32,13.0,70,A
538002652,2020-08-20T13:06:53,36.87947,-76.32647,0.0,40.0,277.0,NAIAS,IMO9330800,V7KN8,70,5,225,32,14.0,70,A
477196100,2020-08-20T13:12:58,37.19590,-76.13672,0.1,350.4,96.0,DARYA MA,IMO9591674,VRJH5,70,1,229,32,14.5,,A
366733250,2020-08-20T13:44:21,37.27712,-76.10483,1.8,139.7,511.0,ATLANTIC SURVEYOR,,WTR5417,70,15,31,7,,,A
538006907,2020-08-20T13:07:04,37.17145,-76.15368,13.1,353.6,355.0,PALANCA RIO,IMO9747998,V7QS4,80,0,133,,,,A
305855000,2020-08-20T13:32:48,36.86427,-76.31478,0.0,252.7,226.0,BBC PEARL,IMO9504786,V2FY8,70,5,153,23,9.1,70,A
368026000,2020-08-20T13:42:21,36.86577,-76.31604,0.1,270.5,2.0,BENAVIDEZ,IMO9218210,NBHG,70,5,289,32,10.9,70,A
367822000,2020-08-20T13:41:56,36.97312,-76.43381,0.0,0.0,238.0,USNS SHUGHART,IMO7825394,NAOQ,70,5,276,32,13.0,70,A
477738200,2020-08-20T13:42:39,36.87749,-76.34982,0.0,135.0,347.0,COSCO PHILIPPINES,IMO9448762,VRGM7,70,5,334,42,14.5,72,A
538002652,2020-08-20T13:42:51,36.87952,-76.32647,0.0,217.0,277.0,NAIAS,IMO9330800,V7KN8,70,5,225,32,14.0,70,A
367932000,2020-08-20T13:41:17,36.94906,-76.32958,0.0,107.0,279.0,JOHN LENTHALL,IMO8325547,NJLN,80,5,193,29,,,A
369390000,2020-08-20T13:30:35,36.98267,-76.14362,17.2,288.0,289.0,SAFMARINE MAFADI,IMO9314210,KRIJ,70,0,292,32,11.8,70,A
477196100,2020-08-20T13:42:55,37.19639,-76.13670,0.1,355.6,109.0,DARYA MA,IMO9591674,VRJH5,70,1,229,32,14.5,,A
367359930,2020-08-20T13:08:22,36.82405,-76.28906,0.0,2.8,511.0,SUNNY WILLIAMS,,WDE4940,80,0,25,8,,80,A
367359930,2020-08-20T13:29:12,36.82404,-76.28905,0.0,2.8,511.0,SUNNY WILLIAMS,,WDE4940,80,0,25,8,,80,A
477738200,2020-08-20T13:39:37,36.87751,-76.34984,0.1,135.0,347.0,COSCO PHILIPPINES,IMO9448762,VRGM7,70,5,334,42,14.5,72,A
538002652,2020-08-20T13:33:53,36.87955,-76.32642,0.0,56.0,277.0,NAIAS,IMO9330800,V7KN8,70,5,225,32,14.0,70,A
367359930,2020-08-20T13:45:03,36.82403,-76.28908,0.0,2.8,511.0,SUNNY WILLIAMS,,WDE4940,80,0,25,8,,80,A
477196100,2020-08-20T13:15:52,37.19591,-76.13668,0.1,350.4,96.0,DARYA MA,IMO9591674,VRJH5,70,1,229,32,14.5,,A
366733250,2020-08-20T13:16:31,37.27070,-76.09967,2.0,323.2,511.0,ATLANTIC SURVEYOR,,WTR5417,70,15,31,7,,,A
367932000,2020-08-20T13:35:16,36.94920,-76.32965,0.0,107.0,279.0,JOHN LENTHALL,IMO8325547,NJLN,80,5,193,29,,,A
367359930,2020-08-20T13:47:03,36.82403,-76.28907,0.1,2.8,511.0,SUNNY WILLIAMS,,WDE4940,80,0,25,8,,80,A
367822000,2020-08-20T13:35:56,36.97312,-76.43382,0.0,0.0,238.0,USNS SHUGHART,IMO7825394,NAOQ,70,5,276,32,13.0,70,A
477738200,2020-08-20T13:45:37,36.87746,-76.34977,0.0,135.0,347.0,COSCO PHILIPPINES,IMO9448762,VRGM7,70,5,334,42,14.5,72,A
367932000,2020-08-20T13:32:16,36.94913,-76.32962,0.0,107.0,279.0,JOHN LENTHALL,IMO8325547,NJLN,80,5,193,29,,,A
366733250,2020-08-20T13:37:31,37.28046,-76.10747,0.7,178.5,511.0,ATLANTIC SURVEYOR,,WTR5417,70,15,31,7,,,A
366839000,2020-08-20T13:37:07,36.85350,-76.31082,0.0,0.0,39.0,CAPE RISE,IMO7530808,KAFG,70,5,197,32,10.0,,A
215677000,2020-08-20T13:33:10,37.23696,-76.11997,0.1,330.6,86.0,RIZE,IMO9584035,9HA2781,70,1,229,32,14.5,,A
367359930,2020-08-20T13:38:51,36.82403,-76.28907,0.1,2.8,511.0,SUNNY WILLIAMS,,WDE4940,80,0,25,8,,80,A
215677000,2020-08-20T13:48:05,37.23748,-76.11996,0.1,354.6,98.0,RIZE,IMO9584035,9HA2781,70,1,229,32,14.5,,A
367821000,2020-08-20T13:43:07,36.97286,-76.43365,0.0,0.0,511.0,YANO,IMO7825409,NAQH,70,0,276,32,13.0,70,A
367821000,2020-08-20T13:45:38,36.97286,-76.43365,0.0,0.0,511.0,YANO,IMO7825409,NAQH,70,0,276,32,13.0,70,A
366733250,2020-08-20T13:49:22,37.27506,-76.10275,1.8,141.0,511.0,ATLANTIC SURVEYOR,,WTR5417,70,15,31,7,,,A
367359930,2020-08-20T13:48:42,36.82403,-76.28909,0.0,2.8,511.0,SUNNY WILLIAMS,,WDE4940,80,0,25,8,,80,A
538006982,2020-08-20T13:44:16,36.96258,-76.42365,0.0,187.5,40.0,ANTE TOPIC,IMO9737072,V7TR4,70,5,,,,,A
366839000,2020-08-20T13:13:08,36.85349,-76.31083,0.0,0.0,40.0,CAPE RISE,IMO7530808,KAFG,70,5,197,32,10.0,,A
367359930,2020-08-20T13:13:52,36.82406,-76.28907,0.0,2.8,511.0,SUNNY WILLIAMS,,WDE4940,80,0,25,8,,80,A
367359930,2020-08-20T13:17:22,36.82407,-76.28907,0.1,2.8,511.0,SUNNY WILLIAMS,,WDE4940,80,0,25,8,,80,A
367359930,2020-08-20T13:34:53,36.82404,-76.28905,0.0,2.8,511.0,SUNNY WILLIAMS,,WDE4940,80,0,25,8,,80,A
538006907,2020-08-20T13:47:43,37.30885,-76.11963,12.6,12.7,14.0,PALANCA RIO,IMO9747998,V7QS4,80,0,133,,,,A
477738200,2020-08-20T13:33:39,36.87754,-76.34979,0.1,189.9,347.0,COSCO PHILIPPINES,IMO9448762,VRGM7,70,5,334,42,14.5,72,A
367359930,2020-08-20T13:40:03,36.82405,-76.28907,0.0,2.8,511.0,SUNNY WILLIAMS,,WDE4940,80,0,25,8,,80,A
366839000,2020-08-20T13:49:06,36.85352,-76.31084,0.0,0.0,39.0,CAPE RISE,IMO7530808,KAFG,70,5,197,32,10.0,,A
367861000,2020-08-20T13:45:00,36.94635,-76.32981,0.0,0.0,265.0,LARAMIE,IMO8906626,NLAR,80,5,193,29,,,A
367861000,2020-08-20T13:51:01,36.94635,-76.32980,0.0,0.0,265.0,LARAMIE,IMO8906626,NLAR,80,5,193,29,,,A
367822000,2020-08-20T13:50:56,36.97309,-76.43384,0.0,0.0,238.0,USNS SHUGHART,IMO7825394,NAOQ,70,5,276,32,13.0,70,A
367359930,2020-08-20T13:18:32,36.82408,-76.28908,0.1,2.8,511.0,SUNNY WILLIAMS,,WDE4940,80,0,25,8,,80,A
538006982,2020-08-20T13:35:16,36.96257,-76.42366,0.0,187.5,40.0,ANTE TOPIC,IMO9737072,V7TR4,70,5,,,,,A
477738200,2020-08-20T13:48:39,36.87754,-76.34985,0.0,136.3,347.0,COSCO PHILIPPINES,IMO9448762,VRGM7,70,5,334,42,14.5,72,A
366733250,2020-08-20T13:15:02,37.27004,-76.09902,1.9,322.1,511.0,ATLANTIC SURVEYOR,,WTR5417,70,15,31,7,,,A
367821000,2020-08-20T13:40:48,36.97286,-76.43365,0.0,0.0,511.0,YANO,IMO7825409,NAQH,70,0,276,32,13.0,70,A
538006907,2020-08-20T13:54:14,37.33117,-76.11353,12.6,12.3,14.0,PALANCA RIO,IMO9747998,V7QS4,80,0,133,,,,A
366733250,2020-08-20T13:43:01,37.27769,-76.10541,1.9,138.3,511.0,ATLANTIC SURVEYOR,,WTR5417,70,15,31,7,,,A
367359930,2020-08-20T13:16:13,36.82407,-76.28906,0.0,2.8,511.0,SUNNY WILLIAMS,,WDE4940,80,0,25,8,,80,A
368026000,2020-08-20T13:51:20,36.86577,-76.31604,0.0,270.5,2.0,BENAVIDEZ,IMO9218210,NBHG,70,5,289,32,10.9,70,A
367822000,2020-08-20T13:53:56,36.97310,-76.43384,0.0,0.0,238.0,USNS SHUGHART,IMO7825394,NAOQ,70,5,276,32,13.0,70,A
305855000,2020-08-20T13:41:46,36.86427,-76.31475,0.0,122.1,227.0,BBC PEARL,IMO9504786,V2FY8,70,5,153,23,9.1,70,A
538002652,2020-08-20T13:36:51,36.87948,-76.32647,0.1,210.0,277.0,NAIAS,IMO9330800,V7KN8,70,5,225,32,14.0,70,A
366733250,2020-08-20T13:38:51,37.27978,-76.10733,2.4,158.9,511.0,ATLANTIC SURVEYOR,,WTR5417,70,15,31,7,,,A
367359930,2020-08-20T13:43:52,36.82404,-76.28907,0.1,2.8,511.0,SUNNY WILLIAMS,,WDE4940,80,0,25,8,,80,A
367359930,2020-08-20T13:20:52,36.82406,-76.28909,0.0,2.8,511.0,SUNNY WILLIAMS,,WDE4940,80,0,25,8,,80,A
367821000,2020-08-20T13:49:38,36.97286,-76.43365,0.0,0.0,511.0,YANO,IMO7825409,NAQH,70,0,276,32,13.0,70,A
367861000,2020-08-20T13:54:01,36.94642,-76.32976,0.0,0.0,265.0,LARAMIE,IMO8906626,NLAR,80,5,193,29,,,A
369390000,2020-08-20T13:20:18,36.96728,-76.08442,18.4,289.0,288.0,SAFMARINE MAFADI,IMO9314210,KRIJ,70,0,292,32,11.8,70,A
366733250,2020-08-20T13:22:02,37.27328,-76.10215,2.1,323.9,511.0,ATLANTIC SURVEYOR,,WTR5417,70,15,31,7,,,A
538002652,2020-08-20T13:21:49,36.87953,-76.32648,0.0,193.0,277.0,NAIAS,IMO9330800,V7KN8,70,5,225,32,14.0,70,A
305855000,2020-08-20T13:47:46,36.86427,-76.31476,0.0,173.8,227.0,BBC PEARL,IMO9504786,V2FY8,70,5,153,23,9.1,70,A
477738200,2020-08-20T13:21:38,36.87756,-76.34981,0.1,170.8,347.0,COSCO PHILIPPINES,IMO9448762,VRGM7,70,5,334,42,14.5,72,A
368026000,2020-08-20T13:48:20,36.86577,-76.31605,0.1,270.5,2.0,BENAVIDEZ,IMO9218210,NBHG,70,5,289,32,10.9,70,A
367932000,2020-08-20T13:17:18,36.94915,-76.32974,0.0,107.0,279.0,JOHN LENTHALL,IMO8325547,NJLN,80,5,193,29,,,A
366839000,2020-08-20T13:19:08,36.85348,-76.31079,0.0,0.0,40.0,CAPE RISE,IMO7530808,KAFG,70,5,197,32,10.0,,A
367932000,2020-08-20T13:38:17,36.94915,-76.32966,0.0,107.0,279.0,JOHN LENTHALL,IMO8325547,NJLN,80,5,193,29,,,A
369390000,2020-08-20T13:19:11,36.96550,-76.07767,18.5,288.0,288.0,SAFMARINE MAFADI,IMO9314210,KRIJ,70,0,292,32,11.8,70,A
305855000,2020-08-20T13:53:47,36.86429,-76.31477,0.0,200.9,227.0,BBC PEARL,IMO9504786,V2FY8,70,5,153,23,9.1,70,A
538002652,2020-08-20T13:45:53,36.87943,-76.32660,0.0,82.0,277.0,NAIAS,IMO9330800,V7KN8,70,5,225,32,14.0,70,A
366733250,2020-08-20T13:46:01,37.27644,-76.10416,1.8,139.8,511.0,ATLANTIC SURVEYOR,,WTR5417,70,15,31,7,,,A
367861000,2020-08-20T13:39:01,36.94636,-76.32977,0.0,0.0,265.0,LARAMIE,IMO8906626,NLAR,80,5,193,29,,,A
367359930,2020-08-20T13:56:42,36.82405,-76.28908,0.1,2.8,511.0,SUNNY WILLIAMS,,WDE4940,80,0,25,8,,80,A
367821000,2020-08-20T13:22:57,36.97284,-76.43365,0.0,0.0,511.0,YANO,IMO7825409,NAQH,70,0,276,32,13.0,70,A
366733250,2020-08-20T13:50:32,37.27459,-76.10224,1.8,138.1,511.0,ATLANTIC SURVEYOR,,WTR5417,70,15,31,7,,,A
366733250,2020-08-20T13:20:11,37.27240,-76.10133,2.1,323.8,511.0,ATLANTIC SURVEYOR,,WTR5417,70,15,31,7,,,A
369390000,2020-08-20T13:55:17,37.00700,-76.26600,10.6,259.0,258.0,SAFMARINE MAFADI,IMO9314210,KRIJ,70,0,292,32,11.8,70,A
366733250,2020-08-20T13:51:42,37.27414,-76.10176,1.7,136.9,511.0,ATLANTIC SURVEYOR,,WTR5417,70,15,31,7,,,A
367822000,2020-08-20T13:23:55,36.97313,-76.43382,0.0,0.0,238.0,USNS SHUGHART,IMO7825394,NAOQ,70,5,276,32,13.0,70,A
366839000,2020-08-20T13:55:04,36.85350,-76.31085,0.0,0.0,39.0,CAPE RISE,IMO7530808,KAFG,70,5,197,32,10.0,,A
215677000,2020-08-20T13:24:02,37.23677,-76.11993,0.0,330.6,81.0,RIZE,IMO9584035,9HA2781,70,1,229,32,14.5,,A
305855000,2020-08-20T13:23:47,36.86426,-76.31474,0.0,132.6,226.0,BBC PEARL,IMO9504786,V2FY8,70,5,153,23,9.1,70,A
368026000,2020-08-20T13:24:21,36.86576,-76.31607,0.1,270.5,2.0,BENAVIDEZ,IMO9218210,NBHG,70,5,289,32,10.9,70,A
367821000,2020-08-20T13:24:07,36.97285,-76.43365,0.0,0.0,511.0,YANO,IMO7825409,NAQH,70,0,276,32,13.0,70,A
477196100,2020-08-20T13:24:57,37.19602,-76.13667,0.1,324.6,100.0,DARYA MA,IMO9591674,VRJH5,70,1,229,32,14.5,,A
366733250,2020-08-20T13:58:21,37.27177,-76.09907,1.7,139.1,511.0,ATLANTIC SURVEYOR,,WTR5417,70,15,31,7,,,A
305855000,2020-08-20T13:56:48,36.86430,-76.31476,0.0,167.1,227.0,BBC PEARL,IMO9504786,V2FY8,70,5,153,23,9.1,70,A
367822000,2020-08-20T13:47:55,36.97310,-76.43384,0.0,0.0,238.0,USNS SHUGHART,IMO7825394,NAOQ,70,5,276,32,13.0,70,A
366733250,2020-08-20T13:53:53,37.27335,-76.10085,1.7,140.8,511.0,ATLANTIC SURVEYOR,,WTR5417,70,15,31,7,,,A
215677000,2020-08-20T13:57:08,37.23774,-76.11991,0.1,8.1,106.0,RIZE,IMO9584035,9HA2781,70,1,229,32,14.5,,A
367821000,2020-08-20T13:39:38,36.97286,-76.43365,0.0,0.0,511.0,YANO,IMO7825409,NAQH,70,0,276,32,13.0,70,A
367821000,2020-08-20T13:20:47,36.97285,-76.43363,0.0,0.0,511.0,YANO,IMO7825409,NAQH,70,0,276,32,13.0,70,A
369390000,2020-08-20T13:42:23,36.99967,-76.20767,16.0,291.0,288.0,SAFMARINE MAFADI,IMO9314210,KRIJ,70,0,292,32,11.8,70,A
477196100,2020-08-20T13:57:54,37.19673,-76.13654,0.1,17.8,120.0,DARYA MA,IMO9591674,VRJH5,70,1,229,32,14.5,,A
367821000,2020-08-20T13:52:27,36.97286,-76.43365,0.0,0.0,511.0,YANO,IMO7825409,NAQH,70,0,276,32,13.0,70,A
369390000,2020-08-20T13:21:24,36.96906,-76.09093,18.1,289.0,288.0,SAFMARINE MAFADI,IMO9314210,KRIJ,70,0,292,32,11.8,70,A
367861000,2020-08-20T13:42:01,36.94636,-76.32977,0.0,0.0,265.0,LARAMIE,IMO8906626,NLAR,80,5,193,29,,,A
538006907,2020-08-20T13:26:04,37.23582,-76.14157,12.2,13.9,17.0,PALANCA RIO,IMO9747998,V7QS4,80,0,133,,,,A
538006907,2020-08-20T13:53:03,37.32712,-76.11463,12.6,12.2,14.0,PALANCA RIO,IMO9747998,V7QS4,80,0,133,,,,A
369390000,2020-08-20T13:43:59,37.00183,-76.21617,15.9,287.0,288.0,SAFMARINE MAFADI,IMO9314210,KRIJ,70,0,292,32,11.8,70,A
305855000,2020-08-20T13:26:47,36.86428,-76.31477,0.0,128.6,226.0,BBC PEARL,IMO9504786,V2FY8,70,5,153,23,9.1,70,A
305855000,2020-08-20T13:59:47,36.86428,-76.31477,0.0,218.7,226.0,BBC PEARL,IMO9504786,V2FY8,70,5,153,23,9.1,70,A
369390000,2020-08-20T13:28:47,36.98000,-76.13333,17.1,289.0,288.0,SAFMARINE MAFADI,IMO9314210,KRIJ,70,0,292,32,11.8,70,A
538006907,2020-08-20T13:23:44,37.22818,-76.14420,12.2,15.6,17.0,PALANCA RIO,IMO9747998,V7QS4,80,0,133,,,,A
368026000,2020-08-20T13:45:20,36.86573,-76.31602,0.0,270.5,2.0,BENAVIDEZ,IMO9218210,NBHG,70,5,289,32,10.9,70,A
538002652,2020-08-20T13:57:53,36.87950,-76.32658,0.0,233.0,276.0,NAIAS,IMO9330800,V7KN8,70,5,225,32,14.0,70,A
538006907,2020-08-20T13:28:24,37.24340,-76.13890,12.3,17.4,20.0,PALANCA RIO,IMO9747998,V7QS4,80,0,133,,,,A
368026000,2020-08-20T14:00:20,36.86574,-76.31602,0.0,270.5,2.0,BENAVIDEZ,IMO9218210,NBHG,70,5,289,32,10.9,70,A
366733250,2020-08-20T13:56:21,37.27249,-76.09982,1.6,139.3,511.0,ATLANTIC SURVEYOR,,WTR5417,70,15,31,7,,,A
215677000,2020-08-20T13:54:05,37.23764,-76.11995,0.1,5.5,103.0,RIZE,IMO9584035,9HA2781,70,1,229,32,14.5,,A
367821000,2020-08-20T13:57:08,36.97286,-76.43365,0.0,0.0,511.0,YANO,IMO7825409,NAQH,70,0,276,32,13.0,70,A
367359930,2020-08-20T14:03:31,36.82403,-76.28906,0.0,2.8,511.0,SUNNY WILLIAMS,,WDE4940,80,0,25,8,,80,A
367861000,2020-08-20T14:00:01,36.94640,-76.32984,0.0,0.0,265.0,LARAMIE,IMO8906626,NLAR,80,5,193,29,,,A
367861000,2020-08-20T13:56:59,36.94640,-76.32978,0.0,0.0,265.0,LARAMIE,IMO8906626,NLAR,80,5,193,29,,,A
367822000,2020-08-20T13:56:55,36.97310,-76.43384,0.0,0.0,238.0,USNS SHUGHART,IMO7825394,NAOQ,70,5,276,32,13.0,70,A
369390000,2020-08-20T13:56:26,37.00633,-76.27000,10.3,259.0,258.0,SAFMARINE MAFADI,IMO9314210,KRIJ,70,0,292,32,11.8,70,A
477196100,2020-08-20T14:00:49,37.19675,-76.13648,0.1,17.8,121.0,DARYA MA,IMO9591674,VRJH5,70,1,229,32,14.5,,A
369390000,2020-08-20T14:04:57,37.00067,-76.29733,9.7,250.0,243.0,SAFMARINE MAFADI,IMO9314210,KRIJ,70,0,292,32,11.8,70,A
366839000,2020-08-20T14:01:07,36.85346,-76.31079,0.0,0.0,39.0,CAPE RISE,IMO7530808,KAFG,70,5,197,32,10.0,,A
367359930,2020-08-20T14:01:11,36.82405,-76.28907,0.0,2.8,511.0,SUNNY WILLIAMS,,WDE4940,80,0,25,8,,80,A
538002652,2020-08-20T14:00:49,36.87952,-76.32645,0.0,235.0,276.0,NAIAS,IMO9330800,V7KN8,70,5,225,32,14.0,70,A
369390000,2020-08-20T14:01:17,37.00383,-76.28583,9.3,259.0,252.0,SAFMARINE MAFADI,IMO9314210,KRIJ,70,0,292,32,11.8,70,A
538006907,2020-08-20T13:36:53,37.27177,-76.12972,12.5,11.5,14.0,PALANCA RIO,IMO9747998,V7QS4,80,0,133,,,,A
367822000,2020-08-20T13:26:55,36.97313,-76.43382,0.0,0.0,238.0,USNS SHUGHART,IMO7825394,NAOQ,70,5,276,32,13.0,70,A
538006982,2020-08-20T13:47:16,36.96257,-76.42366,0.0,187.5,40.0,ANTE TOPIC,IMO9737072,V7TR4,70,5,,,,,A
367359930,2020-08-20T13:50:42,36.82404,-76.28907,0.0,2.8,511.0,SUNNY WILLIAMS,,WDE4940,80,0,25,8,,80,A
367932000,2020-08-20T13:47:18,36.94918,-76.32967,0.0,107.0,279.0,JOHN LENTHALL,IMO8325547,NJLN,80,5,193,29,,,A
477196100,2020-08-20T13:36:54,37.19628,-76.13672,0.1,323.8,106.0,DARYA MA,IMO9591674,VRJH5,70,1,229,32,14.5,,A
215677000,2020-08-20T13:36:03,37.23704,-76.11999,0.1,330.6,88.0,RIZE,IMO9584035,9HA2781,70,1,229,32,14.5,,A
477738200,2020-08-20T14:00:38,36.87750,-76.34975,0.0,138.5,347.0,COSCO PHILIPPINES,IMO9448762,VRGM7,70,5,334,42,14.5,72,A
367359930,2020-08-20T13:26:53,36.82404,-76.28907,0.0,2.8,511.0,SUNNY WILLIAMS,,WDE4940,80,0,25,8,,80,A
367821000,2020-08-20T14:04:47,36.97286,-76.43364,0.0,0.0,511.0,YANO,IMO7825409,NAQH,70,0,276,32,13.0,70,A
369390000,2020-08-20T13:50:23,37.00883,-76.24700,12.5,273.0,270.0,SAFMARINE MAFADI,IMO9314210,KRIJ,70,0,292,32,11.8,70,A
367861000,2020-08-20T13:48:01,36.94636,-76.32984,0.0,0.0,265.0,LARAMIE,IMO8906626,NLAR,80,5,193,29,,,A
538002652,2020-08-20T13:48:53,36.87953,-76.32642,0.0,82.0,277.0,NAIAS,IMO9330800,V7KN8,70,5,225,32,14.0,70,A
367821000,2020-08-20T14:01:18,36.97286,-76.43365,0.0,0.0,511.0,YANO,IMO7825409,NAQH,70,0,276,32,13.0,70,A
367822000,2020-08-20T14:02:55,36.97310,-76.43383,0.0,0.0,238.0,USNS SHUGHART,IMO7825394,NAOQ,70,5,276,32,13.0,70,A
366733250,2020-08-20T14:02:11,37.27046,-76.09753,1.6,133.6,511.0,ATLANTIC SURVEYOR,,WTR5417,70,15,31,7,,,A
367821000,2020-08-20T14:02:28,36.97287,-76.43365,0.0,0.0,511.0,YANO,IMO7825409,NAQH,70,0,276,32,13.0,70,A
538006982,2020-08-20T13:29:16,36.96256,-76.42366,0.0,185.9,40.0,ANTE TOPIC,IMO9737072,V7TR4,70,5,,,,,A
538006907,2020-08-20T13:48:54,37.31285,-76.11853,12.6,12.3,14.0,PALANCA RIO,IMO9747998,V7QS4,80,0,133,,,,A
538006907,2020-08-20T13:51:04,37.32030,-76.11650,12.7,12.3,14.0,PALANCA RIO,IMO9747998,V7QS4,80,0,133,,,,A
366733250,2020-08-20T13:41:21,37.27840,-76.10617,2.1,138.2,511.0,ATLANTIC SURVEYOR,,WTR5417,70,15,31,7,,,A
305855000,2020-08-20T13:29:47,36.86429,-76.31477,0.0,253.5,226.0,BBC PEARL,IMO9504786,V2FY8,70,5,153,23,9.1,70,A
538002652,2020-08-20T13:51:51,36.87955,-76.32648,0.0,82.0,277.0,NAIAS,IMO9330800,V7KN8,70,5,225,32,14.0,70,A
367822000,2020-08-20T13:29:55,36.97313,-76.43382,0.0,0.0,238.0,USNS SHUGHART,IMO7825394,NAOQ,70,5,276,32,13.0,70,A
367861000,2020-08-20T14:03:00,36.94639,-76.32976,0.0,0.0,265.0,LARAMIE,IMO8906626,NLAR,80,5,193,29,,,A
305855000,2020-08-20T13:50:45,36.86429,-76.31476,0.0,200.9,227.0,BBC PEARL,IMO9504786,V2FY8,70,5,153,23,9.1,70,A
366733250,2020-08-20T14:06:43,37.26908,-76.09538,1.8,124.9,511.0,ATLANTIC SURVEYOR,,WTR5417,70,15,31,7,,,A
538002652,2020-08-20T14:06:53,36.87947,-76.32655,0.0,231.0,276.0,NAIAS,IMO9330800,V7KN8,70,5,225,32,14.0,70,A
538006982,2020-08-20T13:41:16,36.96256,-76.42368,0.0,187.5,40.0,ANTE TOPIC,IMO9737072,V7TR4,70,5,,,,,A
215677000,2020-08-20T13:42:04,37.23723,-76.12002,0.1,330.6,91.0,RIZE,IMO9584035,9HA2781,70,1,229,32,14.5,,A
477738200,2020-08-20T13:51:36,36.87746,-76.34964,0.0,138.5,347.0,COSCO PHILIPPINES,IMO9448762,VRGM7,70,5,334,42,14.5,72,A
366839000,2020-08-20T13:43:07,36.85352,-76.31083,0.0,0.0,39.0,CAPE RISE,IMO7530808,KAFG,70,5,197,32,10.0,,A
538002652,2020-08-20T14:09:50,36.87942,-76.32662,0.0,227.0,276.0,NAIAS,IMO9330800,V7KN8,70,5,225,32,14.0,70,A
215677000,2020-08-20T14:06:06,37.23807,-76.11969,0.2,13.7,114.0,RIZE,IMO9584035,9HA2781,70,1,229,32,14.5,,A
369390000,2020-08-20T14:06:07,36.99917,-76.30083,9.8,244.0,242.0,SAFMARINE MAFADI,IMO9314210,KRIJ,70,0,292,32,11.8,70,A
477196100,2020-08-20T13:51:52,37.19657,-76.13668,0.1,337.4,112.0,DARYA MA,IMO9591674,VRJH5,70,1,229,32,14.5,,A
367821000,2020-08-20T14:05:59,36.97287,-76.43365,0.0,0.0,511.0,YANO,IMO7825409,NAQH,70,0,276,32,13.0,70,A
366839000,2020-08-20T14:10:07,36.85348,-76.31084,0.0,0.0,39.0,CAPE RISE,IMO7530808,KAFG,70,5,197,32,10.0,,A
367932000,2020-08-20T13:44:16,36.94918,-76.32967,0.0,107.0,279.0,JOHN LENTHALL,IMO8325547,NJLN,80,5,193,29,,,A
369390000,2020-08-20T13:33:59,36.98774,-76.16280,17.0,288.0,288.0,SAFMARINE MAFADI,IMO9314210,KRIJ,70,0,292,32,11.8,70,A
366733250,2020-08-20T13:52:52,37.27371,-76.10126,1.8,139.7,511.0,ATLANTIC SURVEYOR,,WTR5417,70,15,31,7,,,A
369390000,2020-08-20T14:11:07,36.98950,-76.31833,14.0,228.0,225.0,SAFMARINE MAFADI,IMO9314210,KRIJ,70,0,292,32,11.8,70,A
367821000,2020-08-20T13:33:28,36.97285,-76.43365,0.0,0.0,511.0,YANO,IMO7825409,NAQH,70,0,276,32,13.0,70,A
366733250,2020-08-20T14:11:12,37.26746,-76.09332,1.8,139.7,511.0,ATLANTIC SURVEYOR,,WTR5417,70,15,31,7,,,A
367359930,2020-08-20T14:11:03,36.82406,-76.28908,0.0,2.8,511.0,SUNNY WILLIAMS,,WDE4940,80,0,25,8,,80,A
477196100,2020-08-20T13:33:49,37.19627,-76.13674,0.2,344.9,107.0,DARYA MA,IMO9591674,VRJH5,70,1,229,32,14.5,,A
366839000,2020-08-20T13:34:02,36.85351,-76.31082,0.0,0.0,39.0,CAPE RISE,IMO7530808,KAFG,70,5,197,32,10.0,,A
367932000,2020-08-20T14:08:18,36.94917,-76.32963,0.0,107.0,279.0,JOHN LENTHALL,IMO8325547,NJLN,80,5,193,29,,,A
366733250,2020-08-20T14:12:22,37.26697,-76.09287,1.7,143.7,511.0,ATLANTIC SURVEYOR,,WTR5417,70,15,31,7,,,A
366733250,2020-08-20T13:47:21,37.27589,-76.10361,1.8,142.0,511.0,ATLANTIC SURVEYOR,,WTR5417,70,15,31,7,,,A
367822000,2020-08-20T14:05:56,36.97310,-76.43383,0.0,0.0,238.0,USNS SHUGHART,IMO7825394,NAOQ,70,5,276,32,13.0,70,A
367861000,2020-08-20T14:06:01,36.94638,-76.32980,0.0,0.0,265.0,LARAMIE,IMO8906626,NLAR,80,5,193,29,,,A
538002652,2020-08-20T14:12:51,36.87950,-76.32647,0.0,58.0,276.0,NAIAS,IMO9330800,V7KN8,70,5,225,32,14.0,70,A
369390000,2020-08-20T13:47:41,37.00700,-76.23500,14.7,289.0,289.0,SAFMARINE MAFADI,IMO9314210,KRIJ,70,0,292,32,11.8,70,A
369390000,2020-08-20T13:59:17,37.00483,-76.27950,9.7,258.0,258.0,SAFMARINE MAFADI,IMO9314210,KRIJ,70,0,292,32,11.8,70,A
367932000,2020-08-20T13:56:18,36.94914,-76.32976,0.0,107.0,279.0,JOHN LENTHALL,IMO8325547,NJLN,80,5,193,29,,,A
538006907,2020-08-20T13:46:34,37.30492,-76.12073,12.6,12.4,14.0,PALANCA RIO,IMO9747998,V7QS4,80,0,133,,,,A
367359930,2020-08-20T14:07:23,36.82404,-76.28907,0.0,2.8,511.0,SUNNY WILLIAMS,,WDE4940,80,0,25,8,,80,A
367821000,2020-08-20T13:46:47,36.97286,-76.43365,0.0,0.0,511.0,YANO,IMO7825409,NAQH,70,0,276,32,13.0,70,A
367821000,2020-08-20T14:10:47,36.97286,-76.43364,0.0,0.0,511.0,YANO,IMO7825409,NAQH,70,0,276,32,13.0,70,A
367861000,2020-08-20T14:09:00,36.94639,-76.32983,0.0,0.0,265.0,LARAMIE,IMO8906626,NLAR,80,5,193,29,,,A
538006907,2020-08-20T13:38:24,37.27693,-76.12833,12.5,11.8,14.0,PALANCA RIO,IMO9747998,V7QS4,80,0,133,,,,A
305855000,2020-08-20T14:08:46,36.86427,-76.31475,0.0,331.9,226.0,BBC PEARL,IMO9504786,V2FY8,70,5,153,23,9.1,70,A
367359930,2020-08-20T13:57:52,36.82405,-76.28907,0.0,2.8,511.0,SUNNY WILLIAMS,,WDE4940,80,0,25,8,,80,A
366733250,2020-08-20T13:59:22,37.27141,-76.09869,1.6,142.1,511.0,ATLANTIC SURVEYOR,,WTR5417,70,15,31,7,,,A
369390000,2020-08-20T14:09:46,36.99293,-76.31352,13.1,234.0,225.0,SAFMARINE MAFADI,IMO9314210,KRIJ,70,0,292,32,11.8,70,A
367822000,2020-08-20T14:14:56,36.97310,-76.43382,0.0,0.0,238.0,USNS SHUGHART,IMO7825394,NAOQ,70,5,276,32,13.0,70,A
369390000,2020-08-20T13:51:43,37.00900,-76.25250,12.0,271.0,263.0,SAFMARINE MAFADI,IMO9314210,KRIJ,70,0,292,32,11.8,70,A
367822000,2020-08-20T13:38:56,36.97312,-76.43382,0.0,0.0,238.0,USNS SHUGHART,IMO7825394,NAOQ,70,5,276,32,13.0,70,A
367822000,2020-08-20T14:11:54,36.97310,-76.43383,0.0,0.0,238.0,USNS SHUGHART,IMO7825394,NAOQ,70,5,276,32,13.0,70,A
369390000,2020-08-20T14:13:43,36.98167,-76.32733,14.9,219.0,214.0,SAFMARINE MAFADI,IMO9314210,KRIJ,70,0,292,32,11.8,70,A
369390000,2020-08-20T14:16:29,36.97300,-76.33533,13.3,217.0,202.0,SAFMARINE MAFADI,IMO9314210,KRIJ,70,0,292,32,11.8,70,A
367821000,2020-08-20T14:12:07,36.97286,-76.43364,0.0,0.0,511.0,YANO,IMO7825409,NAQH,70,0,276,32,13.0,70,A
367932000,2020-08-20T13:50:18,36.94918,-76.32974,0.0,107.0,279.0,JOHN LENTHALL,IMO8325547,NJLN,80,5,193,29,,,A
369390000,2020-08-20T14:15:01,36.97750,-76.33117,14.4,217.0,215.0,SAFMARINE MAFADI,IMO9314210,KRIJ,70,0,292,32,11.8,70,A
215677000,2020-08-20T13:51:08,37.23755,-76.11995,0.1,5.5,100.0,RIZE,IMO9584035,9HA2781,70,1,229,32,14.5,,A
538006907,2020-08-20T13:42:34,37.29125,-76.12448,12.6,11.6,14.0,PALANCA RIO,IMO9747998,V7QS4,80,0,133,,,,A
367359930,2020-08-20T14:15:22,36.82405,-76.28907,0.0,2.8,511.0,SUNNY WILLIAMS,,WDE4940,80,0,25,8,,80,A
369390000,2020-08-20T13:54:07,37.00767,-76.26167,11.0,258.0,258.0,SAFMARINE MAFADI,IMO9314210,KRIJ,70,0,292,32,11.8,70,A
367932000,2020-08-20T14:02:16,36.94920,-76.32970,0.0,107.0,279.0,JOHN LENTHALL,IMO8325547,NJLN,80,5,193,29,,,A
367821000,2020-08-20T14:15:37,36.97286,-76.43364,0.0,0.0,511.0,YANO,IMO7825409,NAQH,70,0,276,32,13.0,70,A
368026000,2020-08-20T14:12:20,36.86576,-76.31601,0.0,270.5,2.0,BENAVIDEZ,IMO9218210,NBHG,70,5,289,32,10.9,70,A
367861000,2020-08-20T14:12:01,36.94641,-76.32986,0.0,0.0,265.0,LARAMIE,IMO8906626,NLAR,80,5,193,29,,,A
477738200,2020-08-20T14:15:38,36.87757,-76.34973,0.0,301.6,347.0,COSCO PHILIPPINES,IMO9448762,VRGM7,70,5,334,42,14.5,72,A
477738200,2020-08-20T14:18:38,36.87777,-76.34981,0.0,301.6,347.0,COSCO PHILIPPINES,IMO9448762,VRGM7,70,5,334,42,14.5,72,A
215677000,2020-08-20T14:12:07,37.23837,-76.11952,0.1,35.9,119.0,RIZE,IMO9584035,9HA2781,70,1,229,32,14.5,,A
538002652,2020-08-20T14:18:51,36.87947,-76.32647,0.0,58.0,276.0,NAIAS,IMO9330800,V7KN8,70,5,225,32,14.0,70,A
366733250,2020-08-20T14:18:13,37.26468,-76.09097,1.6,146.2,511.0,ATLANTIC SURVEYOR,,WTR5417,70,15,31,7,,,A
305855000,2020-08-20T14:02:48,36.86427,-76.31474,0.0,339.3,226.0,BBC PEARL,IMO9504786,V2FY8,70,5,153,23,9.1,70,A
367821000,2020-08-20T14:13:18,36.97286,-76.43364,0.0,0.0,511.0,YANO,IMO7825409,NAQH,70,0,276,32,13.0,70,A
538006907,2020-08-20T13:45:24,37.30093,-76.12183,12.6,12.5,14.0,PALANCA RIO,IMO9747998,V7QS4,80,0,133,,,,A
366733250,2020-08-20T14:03:12,37.27013,-76.09705,1.7,130.5,511.0,ATLANTIC SURVEYOR,,WTR5417,70,15,31,7,,,A
366733250,2020-08-20T14:13:31,37.26650,-76.09247,1.8,146.5,511.0,ATLANTIC SURVEYOR,,WTR5417,70,15,31,7,,,A
366733250,2020-08-20T14:04:21,37.26979,-76.09651,1.6,132.1,511.0,ATLANTIC SURVEYOR,,WTR5417,70,15,31,7,,,A
215677000,2020-08-20T13:45:08,37.23734,-76.11999,0.2,352.4,95.0,RIZE,IMO9584035,9HA2781,70,1,229,32,14.5,,A
366733250,2020-08-20T14:14:51,37.26596,-76.09203,1.6,146.4,511.0,ATLANTIC SURVEYOR,,WTR5417,70,15,31,7,,,A
538006907,2020-08-20T13:56:03,37.33738,-76.11183,12.6,12.7,14.0,PALANCA RIO,IMO9747998,V7QS4,80,0,133,,,,A
367359930,2020-08-20T14:04:52,36.82405,-76.28907,0.1,2.8,511.0,SUNNY WILLIAMS,,WDE4940,80,0,25,8,,80,A
477196100,2020-08-20T13:45:53,37.19647,-76.13671,0.1,355.6,111.0,DARYA MA,IMO9591674,VRJH5,70,1,229,32,14.5,,A
538002652,2020-08-20T13:54:50,36.87952,-76.32662,0.0,236.0,277.0,NAIAS,IMO9330800,V7KN8,70,5,225,32,14.0,70,A
367821000,2020-08-20T14:14:28,36.97286,-76.43364,0.0,0.0,511.0,YANO,IMO7825409,NAQH,70,0,276,32,13.0,70,A
366839000,2020-08-20T13:46:07,36.85350,-76.31079,0.0,0.0,39.0,CAPE RISE,IMO7530808,KAFG,70,5,197,32,10.0,,A
305855000,2020-08-20T14:17:48,36.86427,-76.31476,0.0,287.6,226.0,BBC PEARL,IMO9504786,V2FY8,70,5,153,23,9.1,70,A
369390000,2020-08-20T14:18:37,36.96667,-76.33683,10.5,182.0,174.0,SAFMARINE MAFADI,IMO9314210,KRIJ,70,0,292,32,11.8,70,A
367359930,2020-08-20T14:17:41,36.82403,-76.28907,0.0,2.8,511.0,SUNNY WILLIAMS,,WDE4940,80,0,25,8,,80,A
368026000,2020-08-20T14:18:21,36.86574,-76.31605,0.0,270.5,2.0,BENAVIDEZ,IMO9218210,NBHG,70,5,289,32,10.9,70,A
477196100,2020-08-20T14:15:54,37.19686,-76.13559,0.2,64.2,131.0,DARYA MA,IMO9591674,VRJH5,70,1,229,32,14.5,,A
369390000,2020-08-20T13:48:55,37.00850,-76.24050,13.8,288.0,276.0,SAFMARINE MAFADI,IMO9314210,KRIJ,70,0,292,32,11.8,70,A
368026000,2020-08-20T14:06:21,36.86575,-76.31603,0.0,270.5,2.0,BENAVIDEZ,IMO9218210,NBHG,70,5,289,32,10.9,70,A
368026000,2020-08-20T13:57:21,36.86576,-76.31602,0.0,270.5,2.0,BENAVIDEZ,IMO9218210,NBHG,70,5,289,32,10.9,70,A
367821000,2020-08-20T13:59:28,36.97286,-76.43358,0.0,0.0,511.0,YANO,IMO7825409,NAQH,70,0,276,32,13.0,70,A
367821000,2020-08-20T14:18:08,36.97286,-76.43364,0.0,0.0,511.0,YANO,IMO7825409,NAQH,70,0,276,32,13.0,70,A
477738200,2020-08-20T13:57:36,36.87752,-76.34970,0.0,138.5,347.0,COSCO PHILIPPINES,IMO9448762,VRGM7,70,5,334,42,14.5,72,A
366733250,2020-08-20T14:17:02,37.26514,-76.09133,1.5,147.2,511.0,ATLANTIC SURVEYOR,,WTR5417,70,15,31,7,,,A
369390000,2020-08-20T14:17:31,36.97000,-76.33667,11.6,203.0,180.0,SAFMARINE MAFADI,IMO9314210,KRIJ,70,0,292,32,11.8,70,A
367359930,2020-08-20T14:16:33,36.82404,-76.28906,0.0,2.8,511.0,SUNNY WILLIAMS,,WDE4940,80,0,25,8,,80,A
367359930,2020-08-20T13:59:01,36.82404,-76.28908,0.0,2.8,511.0,SUNNY WILLIAMS,,WDE4940,80,0,25,8,,80,A
367932000,2020-08-20T13:59:18,36.94914,-76.32972,0.0,107.0,279.0,JOHN LENTHALL,IMO8325547,NJLN,80,5,193,29,,,A
367359930,2020-08-20T14:08:31,36.82405,-76.28907,0.0,2.8,511.0,SUNNY WILLIAMS,,WDE4940,80,0,25,8,,80,A
215677000,2020-08-20T14:21:06,37.23847,-76.11910,0.1,53.7,124.0,RIZE,IMO9584035,9HA2781,70,1,229,32,14.5,,A
477196100,2020-08-20T14:21:55,37.19700,-76.13538,0.1,50.9,139.0,DARYA MA,IMO9591674,VRJH5,70,1,229,32,14.5,,A
367821000,2020-08-20T14:20:38,36.97286,-76.43364,0.0,0.0,511.0,YANO,IMO7825409,NAQH,70,0,276,32,13.0,70,A
367359930,2020-08-20T14:20:02,36.82404,-76.28907,0.0,2.8,511.0,SUNNY WILLIAMS,,WDE4940,80,0,25,8,,80,A
367359930,2020-08-20T14:18:52,36.82404,-76.28906,0.0,2.8,511.0,SUNNY WILLIAMS,,WDE4940,80,0,25,8,,80,A
366839000,2020-08-20T14:22:07,36.85349,-76.31078,0.0,0.0,39.0,CAPE RISE,IMO7530808,KAFG,70,5,197,32,10.0,,A
366733250,2020-08-20T14:20:31,37.26381,-76.09023,1.6,143.9,511.0,ATLANTIC SURVEYOR,,WTR5417,70,15,31,7,,,A
367821000,2020-08-20T14:19:17,36.97286,-76.43364,0.0,0.0,511.0,YANO,IMO7825409,NAQH,70,0,276,32,13.0,70,A
367359930,2020-08-20T14:09:33,36.82404,-76.28908,0.0,2.8,511.0,SUNNY WILLIAMS,,WDE4940,80,0,25,8,,80,A
369390000,2020-08-20T14:23:33,36.95350,-76.33633,9.5,182.0,182.0,SAFMARINE MAFADI,IMO9314210,KRIJ,70,0,292,32,11.8,70,A
366733250,2020-08-20T14:01:03,37.27084,-76.09803,1.6,134.4,511.0,ATLANTIC SURVEYOR,,WTR5417,70,15,31,7,,,A
366733250,2020-08-20T14:19:22,37.26424,-76.09060,1.6,146.9,511.0,ATLANTIC SURVEYOR,,WTR5417,70,15,31,7,,,A
367359930,2020-08-20T13:54:13,36.82405,-76.28907,0.0,2.8,511.0,SUNNY WILLIAMS,,WDE4940,80,0,25,8,,80,A
366839000,2020-08-20T13:52:09,36.85351,-76.31084,0.0,0.0,39.0,CAPE RISE,IMO7530808,KAFG,70,5,197,32,10.0,,A
538002652,2020-08-20T14:21:53,36.87943,-76.32652,0.0,52.0,276.0,NAIAS,IMO9330800,V7KN8,70,5,225,32,14.0,70,A
538006982,2020-08-20T14:23:16,36.96261,-76.42370,0.0,337.6,40.0,ANTE TOPIC,IMO9737072,V7TR4,70,5,,,,,A
367861000,2020-08-20T14:24:00,36.94637,-76.32979,0.0,0.0,265.0,LARAMIE,IMO8906626,NLAR,80,5,193,29,,,A
366733250,2020-08-20T14:24:32,37.26234,-76.08885,1.5,141.3,511.0,ATLANTIC SURVEYOR,,WTR5417,70,15,31,7,,,A
367932000,2020-08-20T14:23:16,36.94919,-76.32968,0.0,107.0,279.0,JOHN LENTHALL,IMO8325547,NJLN,80,5,193,29,,,A
538006982,2020-08-20T14:11:16,36.96258,-76.42367,0.0,337.2,40.0,ANTE TOPIC,IMO9737072,V7TR4,70,5,,,,,A
305855000,2020-08-20T14:23:46,36.86426,-76.31477,0.0,287.6,226.0,BBC PEARL,IMO9504786,V2FY8,70,5,153,23,9.1,70,A
477738200,2020-08-20T13:54:37,36.87747,-76.34980,0.0,138.5,347.0,COSCO PHILIPPINES,IMO9448762,VRGM7,70,5,334,42,14.5,72,A
477196100,2020-08-20T13:54:52,37.19665,-76.13661,0.1,17.9,115.0,DARYA MA,IMO9591674,VRJH5,70,1,229,32,14.5,,A
368026000,2020-08-20T14:03:20,36.86574,-76.31602,0.0,270.5,2.0,BENAVIDEZ,IMO9218210,NBHG,70,5,289,32,10.9,70,A
367821000,2020-08-20T14:25:17,36.97286,-76.43363,0.0,0.0,511.0,YANO,IMO7825409,NAQH,70,0,276,32,13.0,70,A
366839000,2020-08-20T14:04:04,36.85350,-76.31083,0.0,0.0,39.0,CAPE RISE,IMO7530808,KAFG,70,5,197,32,10.0,,A
369390000,2020-08-20T14:12:39,36.98500,-76.32400,14.7,225.0,216.0,SAFMARINE MAFADI,IMO9314210,KRIJ,70,0,292,32,11.8,70,A
538002652,2020-08-20T14:24:53,36.87943,-76.32642,0.0,52.0,276.0,NAIAS,IMO9330800,V7KN8,70,5,225,32,14.0,70,A
369390000,2020-08-20T14:24:54,36.94989,-76.33641,9.4,182.0,184.0,SAFMARINE MAFADI,IMO9314210,KRIJ,70,0,292,32,11.8,70,A
369390000,2020-08-20T14:26:23,36.94600,-76.33667,9.4,184.0,184.0,SAFMARINE MAFADI,IMO9314210,KRIJ,70,0,292,32,11.8,70,A
538006982,2020-08-20T14:26:16,36.96258,-76.42366,0.0,337.6,40.0,ANTE TOPIC,IMO9737072,V7TR4,70,5,,,,,A
367359930,2020-08-20T14:14:03,36.82406,-76.28907,0.1,2.8,511.0,SUNNY WILLIAMS,,WDE4940,80,0,25,8,,80,A
366839000,2020-08-20T14:13:07,36.85349,-76.31087,0.0,0.0,39.0,CAPE RISE,IMO7530808,KAFG,70,5,197,32,10.0,,A
366733250,2020-08-20T14:05:32,37.26943,-76.09597,1.7,129.9,511.0,ATLANTIC SURVEYOR,,WTR5417,70,15,31,7,,,A
538006982,2020-08-20T14:05:16,36.96257,-76.42366,0.1,333.2,40.0,ANTE TOPIC,IMO9737072,V7TR4,70,5,,,,,A
366839000,2020-08-20T13:58:03,36.85349,-76.31083,0.0,0.0,39.0,CAPE RISE,IMO7530808,KAFG,70,5,197,32,10.0,,A
477738200,2020-08-20T14:24:37,36.87741,-76.34975,0.0,33.1,347.0,COSCO PHILIPPINES,IMO9448762,VRGM7,70,5,334,42,14.5,72,A
367932000,2020-08-20T14:26:16,36.94920,-76.32966,0.0,107.0,279.0,JOHN LENTHALL,IMO8325547,NJLN,80,5,193,29,,,A
366733250,2020-08-20T14:27:32,37.26137,-76.08800,1.4,164.1,511.0,ATLANTIC SURVEYOR,,WTR5417,70,15,31,7,,,A
367861000,2020-08-20T14:27:01,36.94639,-76.32979,0.0,0.0,265.0,LARAMIE,IMO8906626,NLAR,80,5,193,29,,,A
366839000,2020-08-20T14:28:09,36.85351,-76.31083,0.0,0.0,39.0,CAPE RISE,IMO7530808,KAFG,70,5,197,32,10.0,,A
367359930,2020-08-20T14:28:13,36.82405,-76.28906,0.0,2.8,511.0,SUNNY WILLIAMS,,WDE4940,80,0,25,8,,80,A
477196100,2020-08-20T14:06:55,37.19676,-76.13618,0.2,71.2,123.0,DARYA MA,IMO9591674,VRJH5,70,1,229,32,14.5,,A
538006982,2020-08-20T13:59:16,36.96258,-76.42364,0.0,284.6,40.0,ANTE TOPIC,IMO9737072,V7TR4,70,5,,,,,A
366839000,2020-08-20T14:07:08,36.85350,-76.31079,0.0,0.0,39.0,CAPE RISE,IMO7530808,KAFG,70,5,197,32,10.0,,A
367821000,2020-08-20T14:07:17,36.97287,-76.43364,0.0,0.0,511.0,YANO,IMO7825409,NAQH,70,0,276,32,13.0,70,A
366733250,2020-08-20T14:00:02,37.27118,-76.09842,1.6,138.6,511.0,ATLANTIC SURVEYOR,,WTR5417,70,15,31,7,,,A
366733250,2020-08-20T14:07:51,37.26873,-76.09480,1.8,124.7,511.0,ATLANTIC SURVEYOR,,WTR5417,70,15,31,7,,,A
369390000,2020-08-20T14:08:27,36.99583,-76.30867,11.9,240.0,231.0,SAFMARINE MAFADI,IMO9314210,KRIJ,70,0,292,32,11.8,70,A
367861000,2020-08-20T14:30:00,36.94638,-76.32978,0.0,0.0,265.0,LARAMIE,IMO8906626,NLAR,80,5,193,29,,,A
367821000,2020-08-20T14:00:08,36.97285,-76.43362,0.0,0.0,511.0,YANO,IMO7825409,NAQH,70,0,276,32,13.0,70,A
538006982,2020-08-20T14:08:16,36.96263,-76.42369,0.0,337.2,40.0,ANTE TOPIC,IMO9737072,V7TR4,70,5,,,,,A
477738200,2020-08-20T14:27:40,36.87746,-76.34975,0.0,82.4,347.0,COSCO PHILIPPINES,IMO9448762,VRGM7,70,5,334,42,14.5,72,A
368026000,2020-08-20T14:30:21,36.86576,-76.31604,0.0,270.5,2.0,BENAVIDEZ,IMO9218210,NBHG,70,5,289,32,10.9,70,A
367822000,2020-08-20T14:29:54,36.97311,-76.43382,0.0,0.0,238.0,USNS SHUGHART,IMO7825394,NAOQ,70,5,276,32,13.0,70,A
367932000,2020-08-20T14:29:16,36.94918,-76.32966,0.0,107.0,279.0,JOHN LENTHALL,IMO8325547,NJLN,80,5,193,29,,,A
367821000,2020-08-20T14:16:48,36.97286,-76.43364,0.0,0.0,511.0,YANO,IMO7825409,NAQH,70,0,276,32,13.0,70,A
367821000,2020-08-20T14:08:28,36.97287,-76.43364,0.0,0.0,511.0,YANO,IMO7825409,NAQH,70,0,276,32,13.0,70,A
369390000,2020-08-20T14:30:34,36.93516,-76.33743,9.3,180.0,181.0,SAFMARINE MAFADI,IMO9314210,KRIJ,70,0,292,32,11.8,70,A
366839000,2020-08-20T14:31:07,36.85351,-76.31082,0.0,0.0,39.0,CAPE RISE,IMO7530808,KAFG,70,5,197,32,10.0,,A
366733250,2020-08-20T14:31:41,37.25965,-76.08753,1.5,169.3,511.0,ATLANTIC SURVEYOR,,WTR5417,70,15,31,7,,,A
366733250,2020-08-20T14:09:02,37.26834,-76.09419,1.8,135.5,511.0,ATLANTIC SURVEYOR,,WTR5417,70,15,31,7,,,A
367821000,2020-08-20T14:32:38,36.97285,-76.43363,0.0,0.0,511.0,YANO,IMO7825409,NAQH,70,0,276,32,13.0,70,A
215677000,2020-08-20T14:18:07,37.23844,-76.11923,0.1,53.7,122.0,RIZE,IMO9584035,9HA2781,70,1,229,32,14.5,,A
366839000,2020-08-20T14:19:03,36.85347,-76.31085,0.0,0.0,39.0,CAPE RISE,IMO7530808,KAFG,70,5,197,32,10.0,,A
367359930,2020-08-20T14:32:13,36.82404,-76.28908,0.0,2.8,511.0,SUNNY WILLIAMS,,WDE4940,80,0,25,8,,80,A
369390000,2020-08-20T14:19:43,36.96367,-76.33667,10.0,176.0,175.0,SAFMARINE MAFADI,IMO9314210,KRIJ,70,0,292,32,11.8,70,A
369390000,2020-08-20T14:31:43,36.93217,-76.33767,9.3,182.0,184.0,SAFMARINE MAFADI,IMO9314210,KRIJ,70,0,292,32,11.8,70,A
538006982,2020-08-20T14:32:16,36.96260,-76.42366,0.1,349.0,40.0,ANTE TOPIC,IMO9737072,V7TR4,70,5,,,,,A
369390000,2020-08-20T14:02:28,37.00290,-76.28951,9.3,253.0,250.0,SAFMARINE MAFADI,IMO9314210,KRIJ,70,0,292,32,11.8,70,A
367359930,2020-08-20T14:34:03,36.82404,-76.28907,0.0,2.8,511.0,SUNNY WILLIAMS,,WDE4940,80,0,25,8,,80,A
366733250,2020-08-20T14:33:21,37.25894,-76.08737,1.5,170.1,511.0,ATLANTIC SURVEYOR,,WTR5417,70,15,31,7,,,A
367821000,2020-08-20T14:30:18,36.97285,-76.43363,0.0,0.0,511.0,YANO,IMO7825409,NAQH,70,0,276,32,13.0,70,A
367821000,2020-08-20T14:03:38,36.97286,-76.43364,0.0,0.0,511.0,YANO,IMO7825409,NAQH,70,0,276,32,13.0,70,A
367821000,2020-08-20T14:34:27,36.97285,-76.43363,0.0,0.0,511.0,YANO,IMO7825409,NAQH,70,0,276,32,13.0,70,A
367861000,2020-08-20T14:33:01,36.94638,-76.32984,0.0,0.0,265.0,LARAMIE,IMO8906626,NLAR,80,5,193,29,,,A
477738200,2020-08-20T14:12:38,36.87767,-76.34994,0.0,164.2,347.0,COSCO PHILIPPINES,IMO9448762,VRGM7,70,5,334,42,14.5,72,A
538002652,2020-08-20T14:33:51,36.87945,-76.32652,0.0,20.0,276.0,NAIAS,IMO9330800,V7KN8,70,5,225,32,14.0,70,A
368026000,2020-08-20T14:33:21,36.86576,-76.31602,0.0,270.5,2.0,BENAVIDEZ,IMO9218210,NBHG,70,5,289,32,10.9,70,A
477196100,2020-08-20T14:12:53,37.19680,-76.13578,0.2,77.4,128.0,DARYA MA,IMO9591674,VRJH5,70,1,229,32,14.5,,A
367359930,2020-08-20T14:22:21,36.82404,-76.28907,0.0,2.8,511.0,SUNNY WILLIAMS,,WDE4940,80,0,25,8,,80,A
305855000,2020-08-20T14:35:49,36.86429,-76.31475,0.0,287.6,226.0,BBC PEARL,IMO9504786,V2FY8,70,5,153,23,9.1,70,A
367821000,2020-08-20T14:35:38,36.97284,-76.43363,0.0,0.0,511.0,YANO,IMO7825409,NAQH,70,0,276,32,13.0,70,A
367861000,2020-08-20T14:36:00,36.94637,-76.32983,0.0,0.0,265.0,LARAMIE,IMO8906626,NLAR,80,5,193,29,,,A
366839000,2020-08-20T14:34:07,36.85345,-76.31087,0.0,0.0,39.0,CAPE RISE,IMO7530808,KAFG,70,5,197,32,10.0,,A
367822000,2020-08-20T14:35:56,36.97311,-76.43382,0.0,0.0,238.0,USNS SHUGHART,IMO7825394,NAOQ,70,5,276,32,13.0,70,A
367932000,2020-08-20T14:32:18,36.94920,-76.32966,0.0,107.0,279.0,JOHN LENTHALL,IMO8325547,NJLN,80,5,193,29,,,A
367932000,2020-08-20T14:14:16,36.94917,-76.32976,0.0,107.0,279.0,JOHN LENTHALL,IMO8325547,NJLN,80,5,193,29,,,A
367359930,2020-08-20T14:36:23,36.82405,-76.28907,0.0,2.8,511.0,SUNNY WILLIAMS,,WDE4940,80,0,25,8,,80,A
368026000,2020-08-20T14:36:20,36.86577,-76.31604,0.0,270.5,2.0,BENAVIDEZ,IMO9218210,NBHG,70,5,289,32,10.9,70,A
305855000,2020-08-20T14:14:46,36.86428,-76.31477,0.0,287.6,226.0,BBC PEARL,IMO9504786,V2FY8,70,5,153,23,9.1,70,A
368026000,2020-08-20T14:15:20,36.86577,-76.31605,0.0,270.5,2.0,BENAVIDEZ,IMO9218210,NBHG,70,5,289,32,10.9,70,A
369390000,2020-08-20T14:35:24,36.92299,-76.33899,8.8,189.0,188.0,SAFMARINE MAFADI,IMO9314210,KRIJ,70,0,292,32,11.8,70,A
366839000,2020-08-20T14:25:03,36.85343,-76.31078,0.0,0.0,39.0,CAPE RISE,IMO7530808,KAFG,70,5,197,32,10.0,,A
366733250,2020-08-20T14:36:02,37.25785,-76.08708,1.4,166.1,511.0,ATLANTIC SURVEYOR,,WTR5417,70,15,31,7,,,A
215677000,2020-08-20T14:27:05,37.23870,-76.11883,0.2,44.2,136.0,RIZE,IMO9584035,9HA2781,70,1,229,32,14.5,,A
367821000,2020-08-20T14:37:38,36.97284,-76.43363,0.0,0.0,511.0,YANO,IMO7825409,NAQH,70,0,276,32,13.0,70,A
538006982,2020-08-20T14:38:16,36.96259,-76.42368,0.0,347.6,40.0,ANTE TOPIC,IMO9737072,V7TR4,70,5,,,,,A
368026000,2020-08-20T14:27:21,36.86576,-76.31605,0.0,270.5,2.0,BENAVIDEZ,IMO9218210,NBHG,70,5,289,32,10.9,70,A
305855000,2020-08-20T14:38:45,36.86426,-76.31478,0.0,287.6,226.0,BBC PEARL,IMO9504786,V2FY8,70,5,153,23,9.1,70,A
367821000,2020-08-20T14:28:08,36.97285,-76.43363,0.0,0.0,511.0,YANO,IMO7825409,NAQH,70,0,276,32,13.0,70,A
477196100,2020-08-20T14:27:56,37.19709,-76.13540,0.1,50.9,140.0,DARYA MA,IMO9591674,VRJH5,70,1,229,32,14.5,,A
338403000,2020-08-20T14:36:50,36.96157,-76.06395,11.6,288.3,290.0,MAERSK HARTFORD,IMO9333008,WMHA,70,0,299,40,14.5,,A
338403000,2020-08-20T14:38:00,36.96278,-76.06832,12.0,298.8,290.0,MAERSK HARTFORD,IMO9333008,WMHA,70,0,299,40,14.5,,A
367359930,2020-08-20T14:39:12,36.82405,-76.28908,0.0,2.8,511.0,SUNNY WILLIAMS,,WDE4940,80,0,25,8,,80,A
477738200,2020-08-20T14:06:39,36.87747,-76.34976,0.0,312.7,347.0,COSCO PHILIPPINES,IMO9448762,VRGM7,70,5,334,42,14.5,72,A
215677000,2020-08-20T14:36:04,37.23884,-76.11857,0.0,51.4,148.0,RIZE,IMO9584035,9HA2781,70,1,229,32,14.5,,A
215677000,2020-08-20T14:39:09,37.23880,-76.11858,0.0,51.4,145.0,RIZE,IMO9584035,9HA2781,70,1,229,32,14.5,,A
368026000,2020-08-20T14:39:20,36.86576,-76.31604,0.0,270.5,2.0,BENAVIDEZ,IMO9218210,NBHG,70,5,289,32,10.9,70,A
477196100,2020-08-20T14:18:53,37.19694,-76.13546,0.1,50.9,135.0,DARYA MA,IMO9591674,VRJH5,70,1,229,32,14.5,,A
369390000,2020-08-20T14:07:18,36.99766,-76.30464,10.4,243.0,238.0,SAFMARINE MAFADI,IMO9314210,KRIJ,70,0,292,32,11.8,70,A
369390000,2020-08-20T14:29:33,36.93783,-76.33733,9.3,183.0,180.0,SAFMARINE MAFADI,IMO9314210,KRIJ,70,0,292,32,11.8,70,A
367821000,2020-08-20T14:38:48,36.97266,-76.43369,0.0,0.0,511.0,YANO,IMO7825409,NAQH,70,0,276,32,13.0,70,A
367932000,2020-08-20T14:20:16,36.94923,-76.32970,0.0,107.0,279.0,JOHN LENTHALL,IMO8325547,NJLN,80,5,193,29,,,A
538006982,2020-08-20T14:29:16,36.96258,-76.42370,0.0,337.6,40.0,ANTE TOPIC,IMO9737072,V7TR4,70,5,,,,,A
367359930,2020-08-20T14:43:03,36.82403,-76.28907,0.0,2.8,511.0,SUNNY WILLIAMS,,WDE4940,80,0,25,8,,80,A
367359930,2020-08-20T14:21:13,36.82404,-76.28907,0.0,2.8,511.0,SUNNY WILLIAMS,,WDE4940,80,0,25,8,,80,A
215677000,2020-08-20T14:09:02,37.23824,-76.11962,0.2,15.5,116.0,RIZE,IMO9584035,9HA2781,70,1,229,32,14.5,,A
367861000,2020-08-20T14:21:01,36.94638,-76.32980,0.0,0.0,265.0,LARAMIE,IMO8906626,NLAR,80,5,193,29,,,A
367822000,2020-08-20T14:08:55,36.97310,-76.43383,0.0,0.0,238.0,USNS SHUGHART,IMO7825394,NAOQ,70,5,276,32,13.0,70,A
368026000,2020-08-20T14:09:21,36.86563,-76.31593,0.1,270.5,2.0,BENAVIDEZ,IMO9218210,NBHG,70,5,289,32,10.9,70,A
477738200,2020-08-20T14:42:39,36.87753,-76.34979,0.0,82.4,347.0,COSCO PHILIPPINES,IMO9448762,VRGM7,70,5,334,42,14.5,72,A
477196100,2020-08-20T14:39:55,37.19740,-76.13524,0.1,50.9,145.0,DARYA MA,IMO9591674,VRJH5,70,1,229,32,14.5,,A
477196100,2020-08-20T14:09:55,37.19677,-76.13596,0.2,83.9,126.0,DARYA MA,IMO9591674,VRJH5,70,1,229,32,14.5,,A
366839000,2020-08-20T14:43:06,36.85345,-76.31082,0.0,0.0,39.0,CAPE RISE,IMO7530808,KAFG,70,5,197,32,10.0,,A
368026000,2020-08-20T14:21:20,36.86573,-76.31605,0.0,270.5,2.0,BENAVIDEZ,IMO9218210,NBHG,70,5,289,32,10.9,70,A
477738200,2020-08-20T14:09:37,36.87775,-76.35001,0.0,323.3,347.0,COSCO PHILIPPINES,IMO9448762,VRGM7,70,5,334,42,14.5,72,A
366733250,2020-08-20T14:40:22,37.25623,-76.08654,1.3,162.9,511.0,ATLANTIC SURVEYOR,,WTR5417,70,15,31,7,,,A
367932000,2020-08-20T14:44:17,36.94914,-76.32967,0.0,107.0,279.0,JOHN LENTHALL,IMO8325547,NJLN,80,5,193,29,,,A
369390000,2020-08-20T14:44:24,36.90487,-76.33812,6.6,169.0,170.0,SAFMARINE MAFADI,IMO9314210,KRIJ,70,0,292,32,11.8,70,A
477738200,2020-08-20T14:21:39,36.87746,-76.34973,0.0,33.1,347.0,COSCO PHILIPPINES,IMO9448762,VRGM7,70,5,334,42,14.5,72,A
366733250,2020-08-20T14:44:41,37.25471,-76.08604,1.3,168.0,511.0,ATLANTIC SURVEYOR,,WTR5417,70,15,31,7,,,A
538002652,2020-08-20T14:30:53,36.87933,-76.32650,0.0,28.0,276.0,NAIAS,IMO9330800,V7KN8,70,5,225,32,14.0,70,A
369390000,2020-08-20T14:22:03,36.95733,-76.33617,9.6,177.0,181.0,SAFMARINE MAFADI,IMO9314210,KRIJ,70,0,292,32,11.8,70,A
367861000,2020-08-20T14:45:00,36.94642,-76.32991,0.0,0.0,265.0,LARAMIE,IMO8906626,NLAR,80,5,193,29,,,A
366733250,2020-08-20T14:41:31,37.25582,-76.08639,1.3,162.9,511.0,ATLANTIC SURVEYOR,,WTR5417,70,15,31,7,,,A
367359930,2020-08-20T14:40:22,36.82406,-76.28908,0.0,2.8,511.0,SUNNY WILLIAMS,,WDE4940,80,0,25,8,,80,A
477196100,2020-08-20T14:45:54,37.19742,-76.13518,0.1,50.9,146.0,DARYA MA,IMO9591674,VRJH5,70,1,229,32,14.5,,A
366839000,2020-08-20T14:46:07,36.85349,-76.31081,0.0,0.0,39.0,CAPE RISE,IMO7530808,KAFG,70,5,197,32,10.0,,A
367822000,2020-08-20T14:32:55,36.97311,-76.43382,0.0,0.0,238.0,USNS SHUGHART,IMO7825394,NAOQ,70,5,276,32,13.0,70,A
367359930,2020-08-20T14:44:42,36.82406,-76.28908,0.0,2.8,511.0,SUNNY WILLIAMS,,WDE4940,80,0,25,8,,80,A
538006982,2020-08-20T14:44:16,36.96256,-76.42365,0.0,347.6,40.0,ANTE TOPIC,IMO9737072,V7TR4,70,5,,,,,A
477738200,2020-08-20T14:33:39,36.87748,-76.34979,0.0,82.4,347.0,COSCO PHILIPPINES,IMO9448762,VRGM7,70,5,334,42,14.5,72,A
215677000,2020-08-20T14:45:11,37.23879,-76.11854,0.1,51.4,143.0,RIZE,IMO9584035,9HA2781,70,1,229,32,14.5,,A
368026000,2020-08-20T14:45:20,36.86574,-76.31605,0.0,270.5,2.0,BENAVIDEZ,IMO9218210,NBHG,70,5,289,32,10.9,70,A
477738200,2020-08-20T14:45:38,36.87753,-76.34979,0.0,82.4,347.0,COSCO PHILIPPINES,IMO9448762,VRGM7,70,5,334,42,14.5,72,A
367359930,2020-08-20T14:23:33,36.82404,-76.28907,0.0,2.8,511.0,SUNNY WILLIAMS,,WDE4940,80,0,25,8,,80,A
368026000,2020-08-20T14:48:20,36.86580,-76.31605,0.0,270.5,2.0,BENAVIDEZ,IMO9218210,NBHG,70,5,289,32,10.9,70,A
368026000,2020-08-20T14:24:20,36.86578,-76.31604,0.0,270.5,2.0,BENAVIDEZ,IMO9218210,NBHG,70,5,289,32,10.9,70,A
367822000,2020-08-20T14:23:56,36.97310,-76.43381,0.0,0.0,238.0,USNS SHUGHART,IMO7825394,NAOQ,70,5,276,32,13.0,70,A
215677000,2020-08-20T14:24:03,37.23856,-76.11900,0.2,41.5,128.0,RIZE,IMO9584035,9HA2781,70,1,229,32,14.5,,A
538002652,2020-08-20T14:48:50,36.87945,-76.32645,0.0,20.0,276.0,NAIAS,IMO9330800,V7KN8,70,5,225,32,14.0,70,A
369390000,2020-08-20T14:48:33,36.89700,-76.33633,7.0,171.0,170.0,SAFMARINE MAFADI,IMO9314210,KRIJ,70,0,292,32,11.8,70,A
538006982,2020-08-20T14:47:16,36.96259,-76.42364,0.0,9.6,40.0,ANTE TOPIC,IMO9737072,V7TR4,70,5,,,,,A
215677000,2020-08-20T14:15:07,37.23842,-76.11937,0.1,53.7,121.0,RIZE,IMO9584035,9HA2781,70,1,229,32,14.5,,A
477196100,2020-08-20T14:51:53,37.19742,-76.13510,0.0,50.9,147.0,DARYA MA,IMO9591674,VRJH5,70,1,229,32,14.5,,A
338403000,2020-08-20T14:51:39,36.98152,-76.13840,16.8,286.6,286.0,MAERSK HARTFORD,IMO9333008,WMHA,70,0,299,40,14.5,,A
367821000,2020-08-20T14:47:17,36.97277,-76.43371,0.0,0.0,511.0,YANO,IMO7825409,NAQH,70,0,276,32,13.0,70,A
367359930,2020-08-20T14:50:32,36.82406,-76.28908,0.0,2.8,511.0,SUNNY WILLIAMS,,WDE4940,80,0,25,8,,80,A
366733250,2020-08-20T14:25:41,37.26196,-76.08847,1.5,141.6,511.0,ATLANTIC SURVEYOR,,WTR5417,70,15,31,7,,,A
366839000,2020-08-20T14:16:07,36.85349,-76.31083,0.0,0.0,39.0,CAPE RISE,IMO7530808,KAFG,70,5,197,32,10.0,,A
367821000,2020-08-20T14:50:27,36.97278,-76.43372,0.0,0.0,511.0,YANO,IMO7825409,NAQH,70,0,276,32,13.0,70,A
367932000,2020-08-20T14:35:16,36.94909,-76.32972,0.0,107.0,279.0,JOHN LENTHALL,IMO8325547,NJLN,80,5,193,29,,,A
338403000,2020-08-20T14:47:39,36.97585,-76.11611,16.8,287.1,287.0,MAERSK HARTFORD,IMO9333008,WMHA,70,0,299,40,14.5,,A
366733250,2020-08-20T14:48:31,37.25330,-76.08565,1.4,170.0,511.0,ATLANTIC SURVEYOR,,WTR5417,70,15,31,7,,,A
369390000,2020-08-20T14:52:13,36.88983,-76.33500,7.2,173.0,172.0,SAFMARINE MAFADI,IMO9314210,KRIJ,70,0,292,32,11.8,70,A
538006982,2020-08-20T14:50:16,36.96258,-76.42363,0.1,7.1,40.0,ANTE TOPIC,IMO9737072,V7TR4,70,5,,,,,A
367932000,2020-08-20T14:17:17,36.94912,-76.32971,0.0,107.0,279.0,JOHN LENTHALL,IMO8325547,NJLN,80,5,193,29,,,A
367822000,2020-08-20T14:17:55,36.97310,-76.43383,0.0,0.0,238.0,USNS SHUGHART,IMO7825394,NAOQ,70,5,276,32,13.0,70,A
477738200,2020-08-20T14:48:38,36.87752,-76.34981,0.0,6.3,347.0,COSCO PHILIPPINES,IMO9448762,VRGM7,70,5,334,42,14.5,72,A
366733250,2020-08-20T14:28:41,37.26091,-76.08785,1.4,170.2,511.0,ATLANTIC SURVEYOR,,WTR5417,70,15,31,7,,,A
366839000,2020-08-20T14:37:07,36.85350,-76.31084,0.0,0.0,39.0,CAPE RISE,IMO7530808,KAFG,70,5,197,32,10.0,,A
369390000,2020-08-20T14:39:24,36.91394,-76.33960,7.6,175.0,175.0,SAFMARINE MAFADI,IMO9314210,KRIJ,70,0,292,32,11.8,70,A
367861000,2020-08-20T14:48:01,36.94636,-76.32991,0.0,0.0,265.0,LARAMIE,IMO8906626,NLAR,80,5,193,29,,,A
305855000,2020-08-20T14:47:46,36.86427,-76.31476,0.0,11.9,226.0,BBC PEARL,IMO9504786,V2FY8,70,5,153,23,9.1,70,A
367359930,2020-08-20T14:29:22,36.82404,-76.28907,0.0,2.8,511.0,SUNNY WILLIAMS,,WDE4940,80,0,25,8,,80,A
367821000,2020-08-20T14:53:57,36.97278,-76.43372,0.0,0.0,511.0,YANO,IMO7825409,NAQH,70,0,276,32,13.0,70,A
367932000,2020-08-20T14:50:17,36.94911,-76.32967,0.0,107.0,279.0,JOHN LENTHALL,IMO8325547,NJLN,80,5,193,29,,,A
367359930,2020-08-20T14:53:13,36.82405,-76.28907,0.0,2.8,511.0,SUNNY WILLIAMS,,WDE4940,80,0,25,8,,80,A
369390000,2020-08-20T14:49:42,36.89474,-76.33591,7.1,171.0,170.0,SAFMARINE MAFADI,IMO9314210,KRIJ,70,0,292,32,11.8,70,A
538002652,2020-08-20T14:51:51,36.87953,-76.32648,0.0,20.0,276.0,NAIAS,IMO9330800,V7KN8,70,5,225,32,14.0,70,A
538006982,2020-08-20T14:20:16,36.96262,-76.42369,0.0,337.6,40.0,ANTE TOPIC,IMO9737072,V7TR4,70,5,,,,,A
367861000,2020-08-20T14:51:00,36.94637,-76.32983,0.0,0.0,265.0,LARAMIE,IMO8906626,NLAR,80,5,193,29,,,A
366839000,2020-08-20T14:40:08,36.85347,-76.31085,0.0,0.0,39.0,CAPE RISE,IMO7530808,KAFG,70,5,197,32,10.0,,A
305855000,2020-08-20T14:50:48,36.86428,-76.31477,0.0,11.4,226.0,BBC PEARL,IMO9504786,V2FY8,70,5,153,23,9.1,70,A
367822000,2020-08-20T14:50:56,36.97312,-76.43382,0.0,0.0,238.0,USNS SHUGHART,IMO7825394,NAOQ,70,5,276,32,13.0,70,A
369390000,2020-08-20T14:56:14,36.88289,-76.33447,5.8,182.0,204.0,SAFMARINE MAFADI,IMO9314210,KRIJ,70,0,292,32,11.8,70,A
367821000,2020-08-20T14:52:37,36.97278,-76.43371,0.0,0.0,511.0,YANO,IMO7825409,NAQH,70,0,276,32,13.0,70,A
368026000,2020-08-20T14:51:21,36.86580,-76.31605,0.0,270.5,2.0,BENAVIDEZ,IMO9218210,NBHG,70,5,289,32,10.9,70,A
305855000,2020-08-20T14:20:47,36.86427,-76.31477,0.0,287.6,226.0,BBC PEARL,IMO9504786,V2FY8,70,5,153,23,9.1,70,A
366733250,2020-08-20T14:21:32,37.26342,-76.08988,1.6,142.8,511.0,ATLANTIC SURVEYOR,,WTR5417,70,15,31,7,,,A
215677000,2020-08-20T14:54:04,37.23879,-76.11842,0.1,51.4,149.0,RIZE,IMO9584035,9HA2781,70,1,229,32,14.5,,A
538002652,2020-08-20T14:54:52,36.87943,-76.32633,0.0,82.0,276.0,NAIAS,IMO9330800,V7KN8,70,5,225,32,14.0,70,A
369390000,2020-08-20T14:54:23,36.88583,-76.33450,6.3,173.0,180.0,SAFMARINE MAFADI,IMO9314210,KRIJ,70,0,292,32,11.8,70,A
367359930,2020-08-20T14:56:13,36.82404,-76.28907,0.0,2.8,511.0,SUNNY WILLIAMS,,WDE4940,80,0,25,8,,80,A
538006982,2020-08-20T14:41:16,36.96256,-76.42366,0.0,347.6,40.0,ANTE TOPIC,IMO9737072,V7TR4,70,5,,,,,A
538006982,2020-08-20T14:53:16,36.96261,-76.42364,0.0,7.7,40.0,ANTE TOPIC,IMO9737072,V7TR4,70,5,,,,,A
366733250,2020-08-20T14:43:32,37.25511,-76.08617,1.2,169.9,511.0,ATLANTIC SURVEYOR,,WTR5417,70,15,31,7,,,A
477196100,2020-08-20T14:54:53,37.19744,-76.13508,0.0,50.9,148.0,DARYA MA,IMO9591674,VRJH5,70,1,229,32,14.5,,A
305855000,2020-08-20T14:53:48,36.86427,-76.31476,0.0,342.8,226.0,BBC PEARL,IMO9504786,V2FY8,70,5,153,23,9.1,70,A
338403000,2020-08-20T14:57:27,36.98993,-76.17062,16.7,299.9,289.0,MAERSK HARTFORD,IMO9333008,WMHA,70,0,299,40,14.5,,A
338403000,2020-08-20T14:43:34,36.97005,-76.09422,15.7,290.1,288.0,MAERSK HARTFORD,IMO9333008,WMHA,70,0,299,40,14.5,,A
369390000,2020-08-20T14:57:23,36.88117,-76.33533,5.5,201.0,221.0,SAFMARINE MAFADI,IMO9314210,KRIJ,70,0,292,32,11.8,70,A
366839000,2020-08-20T14:55:05,36.85352,-76.31077,0.0,0.0,39.0,CAPE RISE,IMO7530808,KAFG,70,5,197,32,10.0,,A
538002652,2020-08-20T14:42:52,36.87943,-76.32635,0.0,20.0,276.0,NAIAS,IMO9330800,V7KN8,70,5,225,32,14.0,70,A
366733250,2020-08-20T14:55:42,37.25085,-76.08521,0.6,180.1,511.0,ATLANTIC SURVEYOR,,WTR5417,70,15,31,7,,,A
338403000,2020-08-20T14:45:27,36.97274,-76.10410,16.3,287.7,287.0,MAERSK HARTFORD,IMO9333008,WMHA,70,0,299,40,14.5,,A
367821000,2020-08-20T14:23:38,36.97286,-76.43363,0.0,0.0,511.0,YANO,IMO7825409,NAQH,70,0,276,32,13.0,70,A
305855000,2020-08-20T14:32:48,36.86427,-76.31476,0.0,287.6,226.0,BBC PEARL,IMO9504786,V2FY8,70,5,153,23,9.1,70,A
366733250,2020-08-20T14:22:51,37.26293,-76.08942,1.6,146.5,511.0,ATLANTIC SURVEYOR,,WTR5417,70,15,31,7,,,A
367822000,2020-08-20T14:56:56,36.97317,-76.43382,0.0,0.0,238.0,USNS SHUGHART,IMO7825394,NAOQ,70,5,276,32,13.0,70,A
367359930,2020-08-20T14:58:33,36.82404,-76.28907,0.0,2.8,511.0,SUNNY WILLIAMS,,WDE4940,80,0,25,8,,80,A
305855000,2020-08-20T14:56:47,36.86429,-76.31475,0.0,4.4,226.0,BBC PEARL,IMO9504786,V2FY8,70,5,153,23,9.1,70,A
366733250,2020-08-20T14:56:51,37.25060,-76.08518,0.7,171.5,511.0,ATLANTIC SURVEYOR,,WTR5417,70,15,31,7,,,A
477196100,2020-08-20T14:24:50,37.19702,-76.13539,0.1,50.9,140.0,DARYA MA,IMO9591674,VRJH5,70,1,229,32,14.5,,A
367359930,2020-08-20T14:46:42,36.82405,-76.28907,0.0,2.8,511.0,SUNNY WILLIAMS,,WDE4940,80,0,25,8,,80,A
215677000,2020-08-20T14:57:11,37.23874,-76.11847,0.1,51.4,144.0,RIZE,IMO9584035,9HA2781,70,1,229,32,14.5,,A
366733250,2020-08-20T14:58:02,37.25036,-76.08512,0.7,166.7,511.0,ATLANTIC SURVEYOR,,WTR5417,70,15,31,7,,,A
477196100,2020-08-20T14:57:55,37.19747,-76.13508,0.0,50.9,150.0,DARYA MA,IMO9591674,VRJH5,70,1,229,32,14.5,,A
367932000,2020-08-20T14:56:18,36.94908,-76.32968,0.0,107.0,279.0,JOHN LENTHALL,IMO8325547,NJLN,80,5,193,29,,,A
538006982,2020-08-20T14:59:16,36.96259,-76.42364,0.0,1.4,40.0,ANTE TOPIC,IMO9737072,V7TR4,70,5,,,,,A
366733250,2020-08-20T14:34:32,37.25846,-76.08724,1.5,168.3,511.0,ATLANTIC SURVEYOR,,WTR5417,70,15,31,7,,,A
367821000,2020-08-20T14:26:38,36.97286,-76.43363,0.0,0.0,511.0,YANO,IMO7825409,NAQH,70,0,276,32,13.0,70,A
367359930,2020-08-20T15:00:12,36.82404,-76.28907,0.0,2.8,511.0,SUNNY WILLIAMS,,WDE4940,80,0,25,8,,80,A
368026000,2020-08-20T15:00:21,36.86575,-76.31605,0.0,270.5,2.0,BENAVIDEZ,IMO9218210,NBHG,70,5,289,32,10.9,70,A
369390000,2020-08-20T14:36:34,36.92021,-76.33947,8.7,188.0,188.0,SAFMARINE MAFADI,IMO9314210,KRIJ,70,0,292,32,11.8,70,A
338403000,2020-08-20T15:01:10,36.99555,-76.19112,16.6,288.0,286.0,MAERSK HARTFORD,IMO9333008,WMHA,70,0,299,40,14.5,,A
215677000,2020-08-20T15:00:07,37.23870,-76.11853,0.1,51.4,138.0,RIZE,IMO9584035,9HA2781,70,1,229,32,14.5,,A
369390000,2020-08-20T14:27:53,36.94217,-76.33717,9.4,184.0,184.0,SAFMARINE MAFADI,IMO9314210,KRIJ,70,0,292,32,11.8,70,A
366733250,2020-08-20T15:01:11,37.24970,-76.08495,0.8,169.9,511.0,ATLANTIC SURVEYOR,,WTR5417,70,15,31,7,,,A
538002652,2020-08-20T14:36:52,36.87947,-76.32638,0.0,20.0,276.0,NAIAS,IMO9330800,V7KN8,70,5,225,32,14.0,70,A
477738200,2020-08-20T14:36:36,36.87752,-76.34975,0.0,82.4,347.0,COSCO PHILIPPINES,IMO9448762,VRGM7,70,5,334,42,14.5,72,A
369390000,2020-08-20T15:01:14,36.87764,-76.34074,5.4,244.0,248.0,SAFMARINE MAFADI,IMO9314210,KRIJ,70,0,292,32,11.8,70,A
338403000,2020-08-20T15:02:16,36.99699,-76.19697,16.4,297.0,286.0,MAERSK HARTFORD,IMO9333008,WMHA,70,0,299,40,14.5,,A
367359930,2020-08-20T15:01:22,36.82404,-76.28906,0.0,2.8,511.0,SUNNY WILLIAMS,,WDE4940,80,0,25,8,,80,A
367359930,2020-08-20T15:02:33,36.82404,-76.28907,0.0,2.8,511.0,SUNNY WILLIAMS,,WDE4940,80,0,25,8,,80,A
367861000,2020-08-20T15:03:00,36.94641,-76.32979,0.0,0.0,265.0,LARAMIE,IMO8906626,NLAR,80,5,193,29,,,A
305855000,2020-08-20T15:02:46,36.86426,-76.31476,0.0,5.1,226.0,BBC PEARL,IMO9504786,V2FY8,70,5,153,23,9.1,70,A
366733250,2020-08-20T14:30:12,37.26029,-76.08767,1.4,167.1,511.0,ATLANTIC SURVEYOR,,WTR5417,70,15,31,7,,,A
367359930,2020-08-20T14:52:03,36.82406,-76.28906,0.0,2.8,511.0,SUNNY WILLIAMS,,WDE4940,80,0,25,8,,80,A
215677000,2020-08-20T15:03:11,37.23872,-76.11852,0.1,51.4,135.0,RIZE,IMO9584035,9HA2781,70,1,229,32,14.5,,A
538002652,2020-08-20T14:39:52,36.87940,-76.32637,0.0,20.0,276.0,NAIAS,IMO9330800,V7KN8,70,5,225,32,14.0,70,A
215677000,2020-08-20T14:51:12,37.23883,-76.11840,0.1,51.4,149.0,RIZE,IMO9584035,9HA2781,70,1,229,32,14.5,,A
338403000,2020-08-20T14:53:21,36.98399,-76.14781,16.8,287.9,287.0,MAERSK HARTFORD,IMO9333008,WMHA,70,0,299,40,14.5,,A
367822000,2020-08-20T15:02:56,36.97316,-76.43382,0.0,0.0,238.0,USNS SHUGHART,IMO7825394,NAOQ,70,5,276,32,13.0,70,A
477738200,2020-08-20T14:39:38,36.87757,-76.34979,0.0,82.4,347.0,COSCO PHILIPPINES,IMO9448762,VRGM7,70,5,334,42,14.5,72,A
477738200,2020-08-20T15:03:39,36.87757,-76.34980,0.1,9.6,347.0,COSCO PHILIPPINES,IMO9448762,VRGM7,70,5,334,42,14.5,72,A
367359930,2020-08-20T15:03:52,36.82404,-76.28906,0.0,2.8,511.0,SUNNY WILLIAMS,,WDE4940,80,0,25,8,,80,A
367821000,2020-08-20T15:03:47,36.97278,-76.43371,0.0,0.0,511.0,YANO,IMO7825409,NAQH,70,0,276,32,13.0,70,A
477738200,2020-08-20T14:51:39,36.87754,-76.34982,0.1,4.7,347.0,COSCO PHILIPPINES,IMO9448762,VRGM7,70,5,334,42,14.5,72,A
367932000,2020-08-20T14:38:17,36.94924,-76.32966,0.0,107.0,279.0,JOHN LENTHALL,IMO8325547,NJLN,80,5,193,29,,,A
367359930,2020-08-20T14:31:03,36.82404,-76.28907,0.0,2.8,511.0,SUNNY WILLIAMS,,WDE4940,80,0,25,8,,80,A
367821000,2020-08-20T14:39:58,36.97270,-76.43372,0.0,0.0,511.0,YANO,IMO7825409,NAQH,70,0,276,32,13.0,70,A
305855000,2020-08-20T15:05:49,36.86426,-76.31477,0.0,1.5,226.0,BBC PEARL,IMO9504786,V2FY8,70,5,153,23,9.1,70,A
538006982,2020-08-20T15:05:16,36.96261,-76.42365,0.0,2.6,40.0,ANTE TOPIC,IMO9737072,V7TR4,70,5,,,,,A
538002652,2020-08-20T15:06:51,36.87938,-76.32645,0.0,82.0,276.0,NAIAS,IMO9330800,V7KN8,70,5,225,32,14.0,70,A
366733250,2020-08-20T14:54:31,37.25106,-76.08520,0.5,163.9,511.0,ATLANTIC SURVEYOR,,WTR5417,70,15,31,7,,,A
369390000,2020-08-20T15:03:43,36.87650,-76.34417,3.9,250.0,262.0,SAFMARINE MAFADI,IMO9314210,KRIJ,70,0,292,32,11.8,70,A
338403000,2020-08-20T15:04:33,37.00024,-76.20982,16.7,298.0,287.0,MAERSK HARTFORD,IMO9333008,WMHA,70,0,299,40,14.5,,A
477196100,2020-08-20T15:06:54,37.19748,-76.13498,0.0,50.9,150.0,DARYA MA,IMO9591674,VRJH5,70,1,229,32,14.5,,A
367822000,2020-08-20T15:05:56,36.97315,-76.43382,0.0,0.0,238.0,USNS SHUGHART,IMO7825394,NAOQ,70,5,276,32,13.0,70,A
367861000,2020-08-20T15:06:00,36.94638,-76.32983,0.0,0.0,265.0,LARAMIE,IMO8906626,NLAR,80,5,193,29,,,A
367821000,2020-08-20T15:06:07,36.97278,-76.43370,0.0,0.0,511.0,YANO,IMO7825409,NAQH,70,0,276,32,13.0,70,A
369390000,2020-08-20T14:32:53,36.92915,-76.33791,9.3,185.0,186.0,SAFMARINE MAFADI,IMO9314210,KRIJ,70,0,292,32,11.8,70,A
369390000,2020-08-20T15:05:50,36.87592,-76.34557,1.7,236.0,296.0,SAFMARINE MAFADI,IMO9314210,KRIJ,70,0,292,32,11.8,70,A
368026000,2020-08-20T15:06:21,36.86576,-76.31604,0.0,270.5,2.0,BENAVIDEZ,IMO9218210,NBHG,70,5,289,32,10.9,70,A
367359930,2020-08-20T15:06:12,36.82405,-76.28907,0.0,2.8,511.0,SUNNY WILLIAMS,,WDE4940,80,0,25,8,,80,A
366733250,2020-08-20T15:05:42,37.24880,-76.08474,0.6,166.8,511.0,ATLANTIC SURVEYOR,,WTR5417,70,15,31,7,,,A
367822000,2020-08-20T14:41:55,36.97312,-76.43382,0.0,0.0,238.0,USNS SHUGHART,IMO7825394,NAOQ,70,5,276,32,13.0,70,A
538006982,2020-08-20T15:08:16,36.96257,-76.42366,0.0,5.5,40.0,ANTE TOPIC,IMO9737072,V7TR4,70,5,,,,,A
367861000,2020-08-20T14:42:01,36.94636,-76.32985,0.0,0.0,265.0,LARAMIE,IMO8906626,NLAR,80,5,193,29,,,A
367821000,2020-08-20T14:43:28,36.97277,-76.43372,0.0,0.0,511.0,YANO,IMO7825409,NAQH,70,0,276,32,13.0,70,A
368026000,2020-08-20T14:54:22,36.86576,-76.31605,0.0,270.5,2.0,BENAVIDEZ,IMO9218210,NBHG,70,5,289,32,10.9,70,A
367359930,2020-08-20T15:07:52,36.82405,-76.28907,0.0,2.8,511.0,SUNNY WILLIAMS,,WDE4940,80,0,25,8,,80,A
367822000,2020-08-20T15:08:54,36.97315,-76.43381,0.0,0.0,238.0,USNS SHUGHART,IMO7825394,NAOQ,70,5,276,32,13.0,70,A
338403000,2020-08-20T15:05:39,37.00186,-76.21617,17.1,287.5,287.0,MAERSK HARTFORD,IMO9333008,WMHA,70,0,299,40,14.5,,A
368026000,2020-08-20T14:42:20,36.86575,-76.31603,0.0,270.5,2.0,BENAVIDEZ,IMO9218210,NBHG,70,5,289,32,10.9,70,A
215677000,2020-08-20T15:06:07,37.23876,-76.11845,0.1,51.4,138.0,RIZE,IMO9584035,9HA2781,70,1,229,32,14.5,,A
338403000,2020-08-20T15:07:52,37.00502,-76.22864,17.2,287.5,287.0,MAERSK HARTFORD,IMO9333008,WMHA,70,0,299,40,14.5,,A
367359930,2020-08-20T15:10:12,36.82405,-76.28907,0.0,2.8,511.0,SUNNY WILLIAMS,,WDE4940,80,0,25,8,,80,A
366733250,2020-08-20T14:47:11,37.25381,-76.08576,1.3,167.5,511.0,ATLANTIC SURVEYOR,,WTR5417,70,15,31,7,,,A
338403000,2020-08-20T14:46:34,36.97434,-76.11017,16.6,288.2,287.0,MAERSK HARTFORD,IMO9333008,WMHA,70,0,299,40,14.5,,A
215677000,2020-08-20T15:09:10,37.23877,-76.11841,0.1,51.4,139.0,RIZE,IMO9584035,9HA2781,70,1,229,32,14.5,,A
368026000,2020-08-20T15:09:21,36.86577,-76.31603,0.0,270.5,2.0,BENAVIDEZ,IMO9218210,NBHG,70,5,289,32,10.9,70,A
305855000,2020-08-20T15:08:47,36.86427,-76.31474,0.0,11.3,226.0,BBC PEARL,IMO9504786,V2FY8,70,5,153,23,9.1,70,A
538002652,2020-08-20T15:09:51,36.87945,-76.32642,0.0,82.0,276.0,NAIAS,IMO9330800,V7KN8,70,5,225,32,14.0,70,A
367821000,2020-08-20T15:09:37,36.97278,-76.43370,0.0,0.0,511.0,YANO,IMO7825409,NAQH,70,0,276,32,13.0,70,A
367861000,2020-08-20T15:09:01,36.94637,-76.32987,0.0,0.0,265.0,LARAMIE,IMO8906626,NLAR,80,5,193,29,,,A
369390000,2020-08-20T15:11:13,36.87383,-76.34733,2.3,195.0,4.0,SAFMARINE MAFADI,IMO9314210,KRIJ,70,0,292,32,11.8,70,A
369390000,2020-08-20T15:10:03,36.87467,-76.34717,1.9,202.0,4.0,SAFMARINE MAFADI,IMO9314210,KRIJ,70,0,292,32,11.8,70,A
366839000,2020-08-20T14:58:10,36.85351,-76.31085,0.0,0.0,39.0,CAPE RISE,IMO7530808,KAFG,70,5,197,32,10.0,,A
538002652,2020-08-20T14:57:53,36.87945,-76.32642,0.0,82.0,276.0,NAIAS,IMO9330800,V7KN8,70,5,225,32,14.0,70,A
477196100,2020-08-20T14:36:55,37.19734,-76.13530,0.1,50.9,143.0,DARYA MA,IMO9591674,VRJH5,70,1,229,32,14.5,,A
338403000,2020-08-20T15:12:46,37.00833,-76.25691,16.7,257.5,257.0,MAERSK HARTFORD,IMO9333008,WMHA,70,0,299,40,14.5,,A
366733250,2020-08-20T15:11:01,37.24774,-76.08433,0.8,158.6,511.0,ATLANTIC SURVEYOR,,WTR5417,70,15,31,7,,,A
367821000,2020-08-20T14:49:17,36.97277,-76.43372,0.0,0.0,511.0,YANO,IMO7825409,NAQH,70,0,276,32,13.0,70,A
367359930,2020-08-20T14:49:03,36.82406,-76.28907,0.0,2.8,511.0,SUNNY WILLIAMS,,WDE4940,80,0,25,8,,80,A
367359930,2020-08-20T14:37:53,36.82407,-76.28907,0.0,2.8,511.0,SUNNY WILLIAMS,,WDE4940,80,0,25,8,,80,A
367861000,2020-08-20T14:39:00,36.94637,-76.32986,0.0,0.0,265.0,LARAMIE,IMO8906626,NLAR,80,5,193,29,,,A
366733250,2020-08-20T15:00:02,37.24995,-76.08501,0.7,163.3,511.0,ATLANTIC SURVEYOR,,WTR5417,70,15,31,7,,,A
366733250,2020-08-20T15:13:52,37.24712,-76.08407,0.8,162.3,511.0,ATLANTIC SURVEYOR,,WTR5417,70,15,31,7,,,A
477196100,2020-08-20T14:48:55,37.19743,-76.13514,0.0,50.9,148.0,DARYA MA,IMO9591674,VRJH5,70,1,229,32,14.5,,A
338403000,2020-08-20T15:14:57,37.00615,-76.26939,16.7,256.5,257.0,MAERSK HARTFORD,IMO9333008,WMHA,70,0,299,40,14.5,,A
369390000,2020-08-20T14:41:24,36.91016,-76.33919,6.6,174.0,171.0,SAFMARINE MAFADI,IMO9314210,KRIJ,70,0,292,32,11.8,70,A
367821000,2020-08-20T15:14:27,36.97278,-76.43370,0.0,0.0,511.0,YANO,IMO7825409,NAQH,70,0,276,32,13.0,70,A
366733250,2020-08-20T14:49:41,37.25285,-76.08557,1.4,172.3,511.0,ATLANTIC SURVEYOR,,WTR5417,70,15,31,7,,,A
538006982,2020-08-20T15:02:16,36.96259,-76.42364,0.0,0.2,40.0,ANTE TOPIC,IMO9737072,V7TR4,70,5,,,,,A
368026000,2020-08-20T15:12:22,36.86577,-76.31604,0.0,270.5,2.0,BENAVIDEZ,IMO9218210,NBHG,70,5,289,32,10.9,70,A
369390000,2020-08-20T15:12:34,36.87291,-76.34756,2.6,187.0,357.0,SAFMARINE MAFADI,IMO9314210,KRIJ,70,0,292,32,11.8,70,A
366733250,2020-08-20T14:52:31,37.25173,-76.08536,1.4,173.5,511.0,ATLANTIC SURVEYOR,,WTR5417,70,15,31,7,,,A
538006982,2020-08-20T15:14:16,36.96259,-76.42366,0.1,16.5,40.0,ANTE TOPIC,IMO9737072,V7TR4,70,5,,,,,A
368026000,2020-08-20T15:15:21,36.86576,-76.31603,0.0,270.5,2.0,BENAVIDEZ,IMO9218210,NBHG,70,5,289,32,10.9,70,A
367932000,2020-08-20T14:41:17,36.94922,-76.32965,0.0,107.0,279.0,JOHN LENTHALL,IMO8325547,NJLN,80,5,193,29,,,A
305855000,2020-08-20T15:14:47,36.86432,-76.31475,0.0,0.3,226.0,BBC PEARL,IMO9504786,V2FY8,70,5,153,23,9.1,70,A
477738200,2020-08-20T15:15:37,36.87748,-76.34979,0.0,357.8,347.0,COSCO PHILIPPINES,IMO9448762,VRGM7,70,5,334,42,14.5,72,A
369390000,2020-08-20T15:15:54,36.87128,-76.34782,0.8,196.0,355.0,SAFMARINE MAFADI,IMO9314210,KRIJ,70,0,292,32,11.8,70,A
366839000,2020-08-20T14:52:09,36.85350,-76.31081,0.0,0.0,39.0,CAPE RISE,IMO7530808,KAFG,70,5,197,32,10.0,,A
367359930,2020-08-20T15:13:12,36.82406,-76.28908,0.0,2.8,511.0,SUNNY WILLIAMS,,WDE4940,80,0,25,8,,80,A
338403000,2020-08-20T14:54:27,36.98551,-76.15400,16.8,288.4,287.0,MAERSK HARTFORD,IMO9333008,WMHA,70,0,299,40,14.5,,A
366733250,2020-08-20T15:02:13,37.24948,-76.08489,0.7,172.2,511.0,ATLANTIC SURVEYOR,,WTR5417,70,15,31,7,,,A
369390000,2020-08-20T14:42:33,36.90816,-76.33884,6.2,172.0,170.0,SAFMARINE MAFADI,IMO9314210,KRIJ,70,0,292,32,11.8,70,A
367932000,2020-08-20T15:14:17,36.94917,-76.32971,0.0,107.0,279.0,JOHN LENTHALL,IMO8325547,NJLN,80,5,193,29,,,A
367861000,2020-08-20T14:54:01,36.94639,-76.32987,0.0,0.0,265.0,LARAMIE,IMO8906626,NLAR,80,5,193,29,,,A
366733250,2020-08-20T15:16:41,37.24649,-76.08385,0.7,165.7,511.0,ATLANTIC SURVEYOR,,WTR5417,70,15,31,7,,,A
366733250,2020-08-20T15:17:51,37.24627,-76.08375,0.7,163.6,511.0,ATLANTIC SURVEYOR,,WTR5417,70,15,31,7,,,A
305855000,2020-08-20T14:44:49,36.86428,-76.31477,0.0,10.8,226.0,BBC PEARL,IMO9504786,V2FY8,70,5,153,23,9.1,70,A
367822000,2020-08-20T14:44:55,36.97312,-76.43382,0.0,0.0,238.0,USNS SHUGHART,IMO7825394,NAOQ,70,5,276,32,13.0,70,A
367822000,2020-08-20T15:14:56,36.97315,-76.43382,0.0,0.0,238.0,USNS SHUGHART,IMO7825394,NAOQ,70,5,276,32,13.0,70,A
368026000,2020-08-20T15:18:20,36.86578,-76.31602,0.0,270.5,2.0,BENAVIDEZ,IMO9218210,NBHG,70,5,289,32,10.9,70,A
215677000,2020-08-20T15:18:04,37.23866,-76.11834,0.0,51.4,139.0,RIZE,IMO9584035,9HA2781,70,1,229,32,14.5,,A
369390000,2020-08-20T15:14:53,36.87150,-76.34783,2.0,188.0,356.0,SAFMARINE MAFADI,IMO9314210,KRIJ,70,0,292,32,11.8,70,A
538002652,2020-08-20T14:45:51,36.87943,-76.32638,0.0,20.0,276.0,NAIAS,IMO9330800,V7KN8,70,5,225,32,14.0,70,A
338403000,2020-08-20T15:17:34,37.00344,-76.28417,16.8,256.5,257.0,MAERSK HARTFORD,IMO9333008,WMHA,70,0,299,40,14.5,,A
477196100,2020-08-20T15:15:53,37.19750,-76.13495,0.0,50.9,152.0,DARYA MA,IMO9591674,VRJH5,70,1,229,32,14.5,,A
369390000,2020-08-20T14:58:40,36.87970,-76.33672,5.5,218.0,234.0,SAFMARINE MAFADI,IMO9314210,KRIJ,70,0,292,32,11.8,70,A
366839000,2020-08-20T15:16:07,36.85350,-76.31084,0.0,0.0,39.0,CAPE RISE,IMO7530808,KAFG,70,5,197,32,10.0,,A
367932000,2020-08-20T15:05:17,36.94914,-76.32968,0.0,107.0,279.0,JOHN LENTHALL,IMO8325547,NJLN,80,5,193,29,,,A
538006982,2020-08-20T15:20:16,36.96257,-76.42365,0.0,2.6,40.0,ANTE TOPIC,IMO9737072,V7TR4,70,5,,,,,A
477738200,2020-08-20T15:18:38,36.87748,-76.34982,0.1,358.4,347.0,COSCO PHILIPPINES,IMO9448762,VRGM7,70,5,334,42,14.5,72,A
338403000,2020-08-20T15:18:39,37.00231,-76.29028,16.7,255.9,249.0,MAERSK HARTFORD,IMO9333008,WMHA,70,0,299,40,14.5,,A
338403000,2020-08-20T15:19:57,37.00022,-76.29719,15.9,244.2,237.0,MAERSK HARTFORD,IMO9333008,WMHA,70,0,299,40,14.5,,A
367821000,2020-08-20T14:59:27,36.97278,-76.43371,0.0,0.0,511.0,YANO,IMO7825409,NAQH,70,0,276,32,13.0,70,A
367821000,2020-08-20T15:19:47,36.97279,-76.43370,0.0,0.0,511.0,YANO,IMO7825409,NAQH,70,0,276,32,13.0,70,A
477196100,2020-08-20T15:18:54,37.19753,-76.13492,0.1,50.9,152.0,DARYA MA,IMO9591674,VRJH5,70,1,229,32,14.5,,A
538002652,2020-08-20T15:18:53,36.87945,-76.32647,0.0,82.0,276.0,NAIAS,IMO9330800,V7KN8,70,5,225,32,14.0,70,A
369390000,2020-08-20T14:59:44,36.87868,-76.33827,5.4,230.0,243.0,SAFMARINE MAFADI,IMO9314210,KRIJ,70,0,292,32,11.8,70,A
369390000,2020-08-20T15:22:24,36.87098,-76.34816,0.2,222.0,345.0,SAFMARINE MAFADI,IMO9314210,KRIJ,70,0,292,32,11.8,70,A
367821000,2020-08-20T15:18:38,36.97278,-76.43370,0.0,0.0,511.0,YANO,IMO7825409,NAQH,70,0,276,32,13.0,70,A
366733250,2020-08-20T14:59:11,37.25012,-76.08505,0.8,171.2,511.0,ATLANTIC SURVEYOR,,WTR5417,70,15,31,7,,,A
367821000,2020-08-20T15:20:48,36.97283,-76.43366,0.0,0.0,511.0,YANO,IMO7825409,NAQH,70,0,276,32,13.0,70,A
367359930,2020-08-20T14:59:42,36.82404,-76.28907,0.0,2.8,511.0,SUNNY WILLIAMS,,WDE4940,80,0,25,8,,80,A
477738200,2020-08-20T15:06:37,36.87766,-76.34974,0.1,9.6,347.0,COSCO PHILIPPINES,IMO9448762,VRGM7,70,5,334,42,14.5,72,A
477738200,2020-08-20T15:21:39,36.87754,-76.34979,0.0,358.4,347.0,COSCO PHILIPPINES,IMO9448762,VRGM7,70,5,334,42,14.5,72,A
215677000,2020-08-20T15:24:07,37.23872,-76.11833,0.1,51.4,138.0,RIZE,IMO9584035,9HA2781,70,1,229,32,14.5,,A
367821000,2020-08-20T15:22:28,36.97278,-76.43364,0.0,0.0,511.0,YANO,IMO7825409,NAQH,70,0,276,32,13.0,70,A
369390000,2020-08-20T15:00:03,36.87842,-76.33881,5.4,234.0,245.0,SAFMARINE MAFADI,IMO9314210,KRIJ,70,0,292,32,11.8,70,A
366839000,2020-08-20T14:49:04,36.85348,-76.31081,0.0,0.0,39.0,CAPE RISE,IMO7530808,KAFG,70,5,197,32,10.0,,A
366733250,2020-08-20T15:25:32,37.24482,-76.08299,0.8,160.3,511.0,ATLANTIC SURVEYOR,,WTR5417,70,15,31,7,,,A
366733250,2020-08-20T15:22:42,37.24535,-76.08333,0.7,151.9,511.0,ATLANTIC SURVEYOR,,WTR5417,70,15,31,7,,,A
369390000,2020-08-20T15:07:57,36.87550,-76.34650,1.4,244.0,340.0,SAFMARINE MAFADI,IMO9314210,KRIJ,70,0,292,32,11.8,70,A
477196100,2020-08-20T15:24:54,37.19748,-76.13487,0.0,50.9,154.0,DARYA MA,IMO9591674,VRJH5,70,1,229,32,14.5,,A
538002652,2020-08-20T15:21:52,36.87947,-76.32645,0.0,82.0,276.0,NAIAS,IMO9330800,V7KN8,70,5,225,32,14.0,70,A
538002652,2020-08-20T15:00:52,36.87942,-76.32645,0.0,82.0,276.0,NAIAS,IMO9330800,V7KN8,70,5,225,32,14.0,70,A
367821000,2020-08-20T15:00:18,36.97279,-76.43371,0.0,0.0,511.0,YANO,IMO7825409,NAQH,70,0,276,32,13.0,70,A
367821000,2020-08-20T15:08:28,36.97278,-76.43370,0.0,0.0,511.0,YANO,IMO7825409,NAQH,70,0,276,32,13.0,70,A
366733250,2020-08-20T15:24:01,37.24511,-76.08317,0.8,159.5,511.0,ATLANTIC SURVEYOR,,WTR5417,70,15,31,7,,,A
367359930,2020-08-20T15:23:42,36.82405,-76.28908,0.0,2.8,511.0,SUNNY WILLIAMS,,WDE4940,80,0,25,8,,80,A
367359930,2020-08-20T14:54:32,36.82404,-76.28907,0.0,2.8,511.0,SUNNY WILLIAMS,,WDE4940,80,0,25,8,,80,A
369390000,2020-08-20T15:26:43,36.87100,-76.34817,0.0,33.0,346.0,SAFMARINE MAFADI,IMO9314210,KRIJ,70,0,292,32,11.8,70,A
367821000,2020-08-20T15:01:28,36.97278,-76.43371,0.0,0.0,511.0,YANO,IMO7825409,NAQH,70,0,276,32,13.0,70,A
305855000,2020-08-20T15:23:47,36.86428,-76.31477,0.0,2.6,227.0,BBC PEARL,IMO9504786,V2FY8,70,5,153,23,9.1,70,A
477738200,2020-08-20T15:27:38,36.87748,-76.34982,0.0,358.4,347.0,COSCO PHILIPPINES,IMO9448762,VRGM7,70,5,334,42,14.5,72,A
477738200,2020-08-20T15:09:39,36.87752,-76.34978,0.0,6.1,347.0,COSCO PHILIPPINES,IMO9448762,VRGM7,70,5,334,42,14.5,72,A
368026000,2020-08-20T15:24:21,36.86577,-76.31605,0.0,270.5,2.0,BENAVIDEZ,IMO9218210,NBHG,70,5,289,32,10.9,70,A
305855000,2020-08-20T15:26:49,36.86426,-76.31477,0.0,350.7,227.0,BBC PEARL,IMO9504786,V2FY8,70,5,153,23,9.1,70,A
367821000,2020-08-20T14:56:27,36.97278,-76.43371,0.0,0.0,511.0,YANO,IMO7825409,NAQH,70,0,276,32,13.0,70,A
367822000,2020-08-20T14:53:56,36.97318,-76.43381,0.0,0.0,238.0,USNS SHUGHART,IMO7825394,NAOQ,70,5,276,32,13.0,70,A
538006982,2020-08-20T15:23:16,36.96257,-76.42365,0.0,2.6,40.0,ANTE TOPIC,IMO9737072,V7TR4,70,5,,,,,A
338403000,2020-08-20T14:56:15,36.98812,-76.16393,16.8,289.1,289.0,MAERSK HARTFORD,IMO9333008,WMHA,70,0,299,40,14.5,,A
338403000,2020-08-20T15:03:21,36.99851,-76.20310,16.9,287.0,287.0,MAERSK HARTFORD,IMO9333008,WMHA,70,0,299,40,14.5,,A
367821000,2020-08-20T15:10:47,36.97278,-76.43370,0.0,0.0,511.0,YANO,IMO7825409,NAQH,70,0,276,32,13.0,70,A
477738200,2020-08-20T14:57:37,36.87755,-76.34982,0.1,11.5,347.0,COSCO PHILIPPINES,IMO9448762,VRGM7,70,5,334,42,14.5,72,A
367359930,2020-08-20T15:30:02,36.82406,-76.28908,0.0,2.8,511.0,SUNNY WILLIAMS,,WDE4940,80,0,25,8,,80,A
338403000,2020-08-20T15:24:45,36.98774,-76.31773,14.7,230.1,226.0,MAERSK HARTFORD,IMO9333008,WMHA,70,0,299,40,14.5,,A
215677000,2020-08-20T15:12:03,37.23874,-76.11837,0.1,51.4,139.0,RIZE,IMO9584035,9HA2781,70,1,229,32,14.5,,A
367861000,2020-08-20T15:12:01,36.94638,-76.32990,0.0,0.0,265.0,LARAMIE,IMO8906626,NLAR,80,5,193,29,,,A
366733250,2020-08-20T15:04:31,37.24903,-76.08479,0.6,166.3,511.0,ATLANTIC SURVEYOR,,WTR5417,70,15,31,7,,,A
367932000,2020-08-20T15:11:18,36.94914,-76.32968,0.0,107.0,279.0,JOHN LENTHALL,IMO8325547,NJLN,80,5,193,29,,,A
367821000,2020-08-20T15:13:08,36.97278,-76.43370,0.0,0.0,511.0,YANO,IMO7825409,NAQH,70,0,276,32,13.0,70,A
338403000,2020-08-20T15:23:33,36.99090,-76.31294,15.1,230.1,230.0,MAERSK HARTFORD,IMO9333008,WMHA,70,0,299,40,14.5,,A
338403000,2020-08-20T14:58:57,36.99214,-76.17884,16.8,288.4,289.0,MAERSK HARTFORD,IMO9333008,WMHA,70,0,299,40,14.5,,A
477196100,2020-08-20T15:30:53,37.19751,-76.13484,0.0,50.9,153.0,DARYA MA,IMO9591674,VRJH5,70,1,229,32,14.5,,A
367821000,2020-08-20T15:26:28,36.97279,-76.43366,0.0,0.0,511.0,YANO,IMO7825409,NAQH,70,0,276,32,13.0,70,A
538002652,2020-08-20T15:27:50,36.87948,-76.32640,0.0,82.0,276.0,NAIAS,IMO9330800,V7KN8,70,5,225,32,14.0,70,A
215677000,2020-08-20T15:27:11,37.23881,-76.11835,0.1,51.4,139.0,RIZE,IMO9584035,9HA2781,70,1,229,32,14.5,,A
367821000,2020-08-20T15:23:38,36.97278,-76.43365,0.0,0.0,511.0,YANO,IMO7825409,NAQH,70,0,276,32,13.0,70,A
338403000,2020-08-20T15:27:45,36.97949,-76.32821,13.1,231.1,220.0,MAERSK HARTFORD,IMO9333008,WMHA,70,0,299,40,14.5,,A
369390000,2020-08-20T15:13:42,36.87211,-76.34765,2.5,185.0,355.0,SAFMARINE MAFADI,IMO9314210,KRIJ,70,0,292,32,11.8,70,A
369390000,2020-08-20T15:27:53,36.87095,-76.34822,0.0,358.0,346.0,SAFMARINE MAFADI,IMO9314210,KRIJ,70,5,292,32,11.8,70,A
367822000,2020-08-20T15:26:55,36.97314,-76.43381,0.0,0.0,238.0,USNS SHUGHART,IMO7825394,NAOQ,70,5,276,32,13.0,70,A
305855000,2020-08-20T14:59:47,36.86428,-76.31474,0.0,15.1,226.0,BBC PEARL,IMO9504786,V2FY8,70,5,153,23,9.1,70,A
366733250,2020-08-20T15:28:01,37.24432,-76.08267,0.7,151.9,511.0,ATLANTIC SURVEYOR,,WTR5417,70,15,31,7,,,A
367932000,2020-08-20T14:59:17,36.94926,-76.32952,0.0,107.0,279.0,JOHN LENTHALL,IMO8325547,NJLN,80,5,193,29,,,A
367821000,2020-08-20T15:27:38,36.97279,-76.43367,0.0,0.0,511.0,YANO,IMO7825409,NAQH,70,0,276,32,13.0,70,A
366733250,2020-08-20T15:29:52,37.24397,-76.08243,0.7,150.3,511.0,ATLANTIC SURVEYOR,,WTR5417,70,15,31,7,,,A
338403000,2020-08-20T15:00:03,36.99381,-76.18492,16.7,289.1,289.0,MAERSK HARTFORD,IMO9333008,WMHA,70,0,299,40,14.5,,A
338403000,2020-08-20T15:16:27,37.00461,-76.27786,16.8,257.0,257.0,MAERSK HARTFORD,IMO9333008,WMHA,70,0,299,40,14.5,,A
215677000,2020-08-20T15:15:11,37.23869,-76.11834,0.1,51.4,139.0,RIZE,IMO9584035,9HA2781,70,1,229,32,14.5,,A
367359930,2020-08-20T15:16:12,36.82406,-76.28909,0.0,2.8,511.0,SUNNY WILLIAMS,,WDE4940,80,0,25,8,,80,A
538006982,2020-08-20T15:29:16,36.96258,-76.42365,0.1,3.5,40.0,ANTE TOPIC,IMO9737072,V7TR4,70,5,,,,,A
305855000,2020-08-20T15:29:46,36.86427,-76.31477,0.0,350.7,227.0,BBC PEARL,IMO9504786,V2FY8,70,5,153,23,9.1,70,A
538002652,2020-08-20T15:30:49,36.87947,-76.32642,0.0,82.0,276.0,NAIAS,IMO9330800,V7KN8,70,5,225,32,14.0,70,A
368026000,2020-08-20T15:30:20,36.86576,-76.31603,0.0,270.5,2.0,BENAVIDEZ,IMO9218210,NBHG,70,5,289,32,10.9,70,A
338403000,2020-08-20T15:30:55,36.97121,-76.33601,9.3,189.3,181.0,MAERSK HARTFORD,IMO9333008,WMHA,70,0,299,40,14.5,,A
366839000,2020-08-20T15:01:04,36.85351,-76.31080,0.0,0.0,39.0,CAPE RISE,IMO7530808,KAFG,70,5,197,32,10.0,,A
305855000,2020-08-20T15:32:48,36.86427,-76.31476,0.0,336.4,227.0,BBC PEARL,IMO9504786,V2FY8,70,5,153,23,9.1,70,A
367359930,2020-08-20T15:31:12,36.82406,-76.28908,0.0,2.8,511.0,SUNNY WILLIAMS,,WDE4940,80,0,25,8,,80,A
367821000,2020-08-20T15:31:17,36.97279,-76.43367,0.0,0.0,511.0,YANO,IMO7825409,NAQH,70,0,276,32,13.0,70,A
367821000,2020-08-20T15:32:38,36.97279,-76.43368,0.0,0.0,511.0,YANO,IMO7825409,NAQH,70,0,276,32,13.0,70,A
367359930,2020-08-20T15:09:02,36.82405,-76.28908,0.0,2.8,511.0,SUNNY WILLIAMS,,WDE4940,80,0,25,8,,80,A
367359930,2020-08-20T15:32:33,36.82406,-76.28909,0.0,2.8,511.0,SUNNY WILLIAMS,,WDE4940,80,0,25,8,,80,A
366733250,2020-08-20T15:32:12,37.24354,-76.08211,0.7,150.7,511.0,ATLANTIC SURVEYOR,,WTR5417,70,15,31,7,,,A
367822000,2020-08-20T15:17:54,36.97314,-76.43381,0.0,0.0,238.0,USNS SHUGHART,IMO7825394,NAOQ,70,5,276,32,13.0,70,A
368026000,2020-08-20T15:27:21,36.86577,-76.31603,0.0,270.5,2.0,BENAVIDEZ,IMO9218210,NBHG,70,5,289,32,10.9,70,A
368026000,2020-08-20T15:03:21,36.86575,-76.31605,0.0,270.5,2.0,BENAVIDEZ,IMO9218210,NBHG,70,5,289,32,10.9,70,A
366733250,2020-08-20T15:09:52,37.24798,-76.08444,0.8,159.2,511.0,ATLANTIC SURVEYOR,,WTR5417,70,15,31,7,,,A
366733250,2020-08-20T15:03:21,37.24925,-76.08486,0.5,169.6,511.0,ATLANTIC SURVEYOR,,WTR5417,70,15,31,7,,,A
538006982,2020-08-20T15:32:16,36.96256,-76.42367,0.0,0.6,40.0,ANTE TOPIC,IMO9737072,V7TR4,70,5,,,,,A
338403000,2020-08-20T15:29:51,36.97392,-76.33407,11.3,216.7,204.0,MAERSK HARTFORD,IMO9333008,WMHA,70,0,299,40,14.5,,A
367359930,2020-08-20T15:18:51,36.82406,-76.28908,0.0,2.8,511.0,SUNNY WILLIAMS,,WDE4940,80,0,25,8,,80,A
366733250,2020-08-20T15:36:32,37.24273,-76.08155,0.7,144.8,511.0,ATLANTIC SURVEYOR,,WTR5417,70,15,31,7,,,A
538002652,2020-08-20T15:03:49,36.87942,-76.32643,0.0,82.0,276.0,NAIAS,IMO9330800,V7KN8,70,5,225,32,14.0,70,A
366733250,2020-08-20T15:37:51,37.24250,-76.08137,0.7,147.7,511.0,ATLANTIC SURVEYOR,,WTR5417,70,15,31,7,,,A
367821000,2020-08-20T15:35:08,36.97279,-76.43368,0.0,0.0,511.0,YANO,IMO7825409,NAQH,70,0,276,32,13.0,70,A
477738200,2020-08-20T15:36:38,36.87749,-76.34978,0.1,204.2,347.0,COSCO PHILIPPINES,IMO9448762,VRGM7,70,5,334,42,14.5,72,A
366733250,2020-08-20T15:35:02,37.24300,-76.08173,0.8,160.4,511.0,ATLANTIC SURVEYOR,,WTR5417,70,15,31,7,,,A
477196100,2020-08-20T15:33:52,37.19753,-76.13482,0.1,50.9,155.0,DARYA MA,IMO9591674,VRJH5,70,1,229,32,14.5,,A
367359930,2020-08-20T15:05:03,36.82406,-76.28908,0.0,2.8,511.0,SUNNY WILLIAMS,,WDE4940,80,0,25,8,,80,A
369390000,2020-08-20T15:04:47,36.87617,-76.34500,2.5,247.0,276.0,SAFMARINE MAFADI,IMO9314210,KRIJ,70,0,292,32,11.8,70,A
367821000,2020-08-20T15:04:57,36.97278,-76.43371,0.0,0.0,511.0,YANO,IMO7825409,NAQH,70,0,276,32,13.0,70,A
367861000,2020-08-20T15:39:01,36.94635,-76.32980,0.0,0.0,265.0,LARAMIE,IMO8906626,NLAR,80,5,193,29,,,A
367861000,2020-08-20T15:20:59,36.94637,-76.32979,0.0,0.0,265.0,LARAMIE,IMO8906626,NLAR,80,5,193,29,,,A
366839000,2020-08-20T15:31:10,36.85351,-76.31085,0.0,0.0,39.0,CAPE RISE,IMO7530808,KAFG,70,5,197,32,10.0,,A
215677000,2020-08-20T15:21:13,37.23871,-76.11834,0.1,51.4,139.0,RIZE,IMO9584035,9HA2781,70,1,229,32,14.5,,A
338403000,2020-08-20T15:39:05,36.95275,-76.33672,7.0,181.9,182.0,MAERSK HARTFORD,IMO9333008,WMHA,70,0,299,40,14.5,,A
367932000,2020-08-20T15:30:08,36.94916,-76.32965,0.0,107.0,279.0,JOHN LENTHALL,IMO8325547,NJLN,80,5,193,29,,,A
366733250,2020-08-20T15:06:51,37.24859,-76.08468,0.7,172.6,511.0,ATLANTIC SURVEYOR,,WTR5417,70,15,31,7,,,A
366733250,2020-08-20T15:12:12,37.24748,-76.08422,0.8,157.1,511.0,ATLANTIC SURVEYOR,,WTR5417,70,15,31,7,,,A
368026000,2020-08-20T15:36:20,36.86573,-76.31605,0.1,270.5,2.0,BENAVIDEZ,IMO9218210,NBHG,70,5,289,32,10.9,70,A
477738200,2020-08-20T15:12:40,36.87750,-76.34982,0.0,6.1,347.0,COSCO PHILIPPINES,IMO9448762,VRGM7,70,5,334,42,14.5,72,A
477738200,2020-08-20T15:39:39,36.87750,-76.34981,0.1,203.9,347.0,COSCO PHILIPPINES,IMO9448762,VRGM7,70,5,334,42,14.5,72,A
215677000,2020-08-20T15:39:12,37.23879,-76.11818,0.1,51.4,143.0,RIZE,IMO9584035,9HA2781,70,1,229,32,14.5,,A
338403000,2020-08-20T15:06:46,37.00343,-76.22246,17.2,287.6,287.0,MAERSK HARTFORD,IMO9333008,WMHA,70,0,299,40,14.5,,A
338403000,2020-08-20T15:31:56,36.96871,-76.33639,8.7,189.6,179.0,MAERSK HARTFORD,IMO9333008,WMHA,70,0,299,40,14.5,,A
369390000,2020-08-20T15:06:54,36.87569,-76.34607,1.5,239.0,319.0,SAFMARINE MAFADI,IMO9314210,KRIJ,70,0,292,32,11.8,70,A
538002652,2020-08-20T15:12:51,36.87947,-76.32640,0.0,82.0,276.0,NAIAS,IMO9330800,V7KN8,70,5,225,32,14.0,70,A
367932000,2020-08-20T15:39:09,36.94913,-76.32960,0.0,107.0,279.0,JOHN LENTHALL,IMO8325547,NJLN,80,5,193,29,,,A
366839000,2020-08-20T15:07:08,36.85352,-76.31078,0.0,0.0,39.0,CAPE RISE,IMO7530808,KAFG,70,5,197,32,10.0,,A
367861000,2020-08-20T15:36:01,36.94639,-76.32977,0.0,0.0,265.0,LARAMIE,IMO8906626,NLAR,80,5,193,29,,,A
367821000,2020-08-20T15:07:17,36.97278,-76.43370,0.0,0.0,511.0,YANO,IMO7825409,NAQH,70,0,276,32,13.0,70,A
366733250,2020-08-20T15:08:21,37.24830,-76.08457,0.7,157.3,511.0,ATLANTIC SURVEYOR,,WTR5417,70,15,31,7,,,A
477738200,2020-08-20T15:33:39,36.87761,-76.34976,0.1,209.5,347.0,COSCO PHILIPPINES,IMO9448762,VRGM7,70,5,334,42,14.5,72,A
369390000,2020-08-20T15:25:34,36.87094,-76.34817,0.0,22.0,346.0,SAFMARINE MAFADI,IMO9314210,KRIJ,70,0,292,32,11.8,70,A
367861000,2020-08-20T15:15:00,36.94636,-76.32979,0.0,0.0,265.0,LARAMIE,IMO8906626,NLAR,80,5,193,29,,,A
367861000,2020-08-20T15:23:59,36.94636,-76.32981,0.0,0.0,265.0,LARAMIE,IMO8906626,NLAR,80,5,193,29,,,A
538006982,2020-08-20T15:38:16,36.96258,-76.42364,0.0,0.6,40.0,ANTE TOPIC,IMO9737072,V7TR4,70,5,,,,,A
367822000,2020-08-20T15:35:56,36.97311,-76.43383,0.0,0.0,238.0,USNS SHUGHART,IMO7825394,NAOQ,70,5,276,32,13.0,70,A
338403000,2020-08-20T15:40:15,36.95052,-76.33681,6.4,181.8,182.0,MAERSK HARTFORD,IMO9333008,WMHA,70,0,299,40,14.5,,A
338403000,2020-08-20T15:26:34,36.98277,-76.32442,14.0,225.7,223.0,MAERSK HARTFORD,IMO9333008,WMHA,70,0,299,40,14.5,,A
366839000,2020-08-20T15:25:11,36.85349,-76.31084,0.0,0.0,39.0,CAPE RISE,IMO7530808,KAFG,70,5,197,32,10.0,,A
338403000,2020-08-20T15:37:05,36.95697,-76.33661,7.8,181.4,182.0,MAERSK HARTFORD,IMO9333008,WMHA,70,0,299,40,14.5,,A
338403000,2020-08-20T15:42:35,36.94648,-76.33705,5.6,181.9,181.0,MAERSK HARTFORD,IMO9333008,WMHA,70,0,299,40,14.5,,A
366733250,2020-08-20T15:39:01,37.24229,-76.08119,0.7,144.0,511.0,ATLANTIC SURVEYOR,,WTR5417,70,15,31,7,,,A
366839000,2020-08-20T15:37:11,36.85349,-76.31080,0.0,0.0,39.0,CAPE RISE,IMO7530808,KAFG,70,5,197,32,10.0,,A
367359930,2020-08-20T15:44:23,36.82404,-76.28909,0.0,2.8,511.0,SUNNY WILLIAMS,,WDE4940,80,0,25,8,,80,A
215677000,2020-08-20T15:42:06,37.23882,-76.11813,0.0,51.4,145.0,RIZE,IMO9584035,9HA2781,70,1,229,32,14.5,,A
367821000,2020-08-20T15:17:27,36.97278,-76.43370,0.0,0.0,511.0,YANO,IMO7825409,NAQH,70,0,276,32,13.0,70,A
338403000,2020-08-20T15:10:27,37.00853,-76.24365,17.0,287.2,276.0,MAERSK HARTFORD,IMO9333008,WMHA,70,0,299,40,14.5,,A
538002652,2020-08-20T15:39:52,36.87943,-76.32642,0.0,82.0,276.0,NAIAS,IMO9330800,V7KN8,70,5,225,32,14.0,70,A
305855000,2020-08-20T15:41:45,36.86427,-76.31476,0.0,313.9,227.0,BBC PEARL,IMO9504786,V2FY8,70,5,153,23,9.1,70,A
369390000,2020-08-20T15:17:03,36.87114,-76.34786,0.4,193.0,353.0,SAFMARINE MAFADI,IMO9314210,KRIJ,70,0,292,32,11.8,70,A
367822000,2020-08-20T15:41:55,36.97312,-76.43382,0.0,0.0,238.0,USNS SHUGHART,IMO7825394,NAOQ,70,5,276,32,13.0,70,A
367821000,2020-08-20T15:28:57,36.97279,-76.43367,0.0,0.0,511.0,YANO,IMO7825409,NAQH,70,0,276,32,13.0,70,A
367359930,2020-08-20T15:28:43,36.82405,-76.28909,0.0,2.8,511.0,SUNNY WILLIAMS,,WDE4940,80,0,25,8,,80,A
367359930,2020-08-20T15:11:33,36.82406,-76.28907,0.0,2.8,511.0,SUNNY WILLIAMS,,WDE4940,80,0,25,8,,80,A
368026000,2020-08-20T15:42:21,36.86577,-76.31606,0.0,270.5,2.0,BENAVIDEZ,IMO9218210,NBHG,70,5,289,32,10.9,70,A
477196100,2020-08-20T15:27:53,37.19748,-76.13486,0.1,50.9,153.0,DARYA MA,IMO9591674,VRJH5,70,1,229,32,14.5,,A
338403000,2020-08-20T15:41:24,36.94850,-76.33690,5.5,191.1,181.0,MAERSK HARTFORD,IMO9333008,WMHA,70,0,299,40,14.5,,A
367821000,2020-08-20T15:11:58,36.97278,-76.43370,0.0,0.0,511.0,YANO,IMO7825409,NAQH,70,0,276,32,13.0,70,A
367861000,2020-08-20T15:18:00,36.94635,-76.32980,0.0,0.0,265.0,LARAMIE,IMO8906626,NLAR,80,5,193,29,,,A
369390000,2020-08-20T15:18:44,36.87113,-76.34793,0.1,254.0,349.0,SAFMARINE MAFADI,IMO9314210,KRIJ,70,0,292,32,11.8,70,A
305855000,2020-08-20T15:11:46,36.86429,-76.31474,0.0,2.8,226.0,BBC PEARL,IMO9504786,V2FY8,70,5,153,23,9.1,70,A
538006982,2020-08-20T15:44:16,36.96257,-76.42366,0.0,0.6,40.0,ANTE TOPIC,IMO9737072,V7TR4,70,5,,,,,A
338403000,2020-08-20T15:43:36,36.94498,-76.33704,5.3,181.6,181.0,MAERSK HARTFORD,IMO9333008,WMHA,70,0,299,40,14.5,,A
366839000,2020-08-20T15:46:03,36.85350,-76.31080,0.0,0.0,39.0,CAPE RISE,IMO7530808,KAFG,70,5,197,32,10.0,,A
367821000,2020-08-20T15:30:08,36.97279,-76.43367,0.0,0.0,511.0,YANO,IMO7825409,NAQH,70,0,276,32,13.0,70,A
366839000,2020-08-20T15:13:08,36.85352,-76.31081,0.0,0.0,39.0,CAPE RISE,IMO7530808,KAFG,70,5,197,32,10.0,,A
477196100,2020-08-20T15:12:55,37.19751,-76.13497,0.0,50.9,152.0,DARYA MA,IMO9591674,VRJH5,70,1,229,32,14.5,,A
367359930,2020-08-20T15:14:42,36.82406,-76.28907,0.0,2.8,511.0,SUNNY WILLIAMS,,WDE4940,80,0,25,8,,80,A
367821000,2020-08-20T15:38:28,36.97279,-76.43367,0.0,0.0,511.0,YANO,IMO7825409,NAQH,70,0,276,32,13.0,70,A
367822000,2020-08-20T15:44:55,36.97312,-76.43382,0.0,0.0,238.0,USNS SHUGHART,IMO7825394,NAOQ,70,5,276,32,13.0,70,A
538002652,2020-08-20T15:42:53,36.87947,-76.32642,0.0,82.0,276.0,NAIAS,IMO9330800,V7KN8,70,5,225,32,14.0,70,A
369390000,2020-08-20T15:30:06,36.87102,-76.34820,0.0,228.0,346.0,SAFMARINE MAFADI,IMO9314210,KRIJ,70,5,292,32,11.8,70,A
369390000,2020-08-20T15:19:54,36.87110,-76.34802,0.3,254.0,348.0,SAFMARINE MAFADI,IMO9314210,KRIJ,70,0,292,32,11.8,70,A
338403000,2020-08-20T15:13:52,37.00727,-76.26315,16.8,257.2,257.0,MAERSK HARTFORD,IMO9333008,WMHA,70,0,299,40,14.5,,A
367932000,2020-08-20T15:45:08,36.94916,-76.32966,0.0,107.0,279.0,JOHN LENTHALL,IMO8325547,NJLN,80,5,193,29,,,A
367861000,2020-08-20T15:45:00,36.94639,-76.32983,0.0,0.0,265.0,LARAMIE,IMO8906626,NLAR,80,5,193,29,,,A
305855000,2020-08-20T15:44:47,36.86427,-76.31476,0.0,162.1,227.0,BBC PEARL,IMO9504786,V2FY8,70,5,153,23,9.1,70,A
366733250,2020-08-20T15:21:22,37.24559,-76.08344,0.7,161.1,511.0,ATLANTIC SURVEYOR,,WTR5417,70,15,31,7,,,A
366733250,2020-08-20T15:15:01,37.24687,-76.08398,0.8,168.5,511.0,ATLANTIC SURVEYOR,,WTR5417,70,15,31,7,,,A
369390000,2020-08-20T15:45:06,36.87096,-76.34823,0.0,173.0,346.0,SAFMARINE MAFADI,IMO9314210,KRIJ,70,5,292,32,11.8,70,A
305855000,2020-08-20T15:20:49,36.86424,-76.31474,0.0,2.6,227.0,BBC PEARL,IMO9504786,V2FY8,70,5,153,23,9.1,70,A
368026000,2020-08-20T15:21:20,36.86579,-76.31604,0.0,270.5,2.0,BENAVIDEZ,IMO9218210,NBHG,70,5,289,32,10.9,70,A
368026000,2020-08-20T15:45:20,36.86574,-76.31605,0.1,270.5,2.0,BENAVIDEZ,IMO9218210,NBHG,70,5,289,32,10.9,70,A
367359930,2020-08-20T15:48:33,36.82405,-76.28908,0.0,2.8,511.0,SUNNY WILLIAMS,,WDE4940,80,0,25,8,,80,A
538006982,2020-08-20T15:17:16,36.96256,-76.42366,0.0,2.6,40.0,ANTE TOPIC,IMO9737072,V7TR4,70,5,,,,,A
366839000,2020-08-20T15:22:09,36.85352,-76.31083,0.0,0.0,39.0,CAPE RISE,IMO7530808,KAFG,70,5,197,32,10.0,,A
338403000,2020-08-20T15:33:36,36.96475,-76.33642,8.2,179.3,181.0,MAERSK HARTFORD,IMO9333008,WMHA,70,0,299,40,14.5,,A
477196100,2020-08-20T15:21:49,37.19757,-76.13484,0.1,50.9,154.0,DARYA MA,IMO9591674,VRJH5,70,1,229,32,14.5,,A
538002652,2020-08-20T15:33:52,36.87947,-76.32635,0.0,82.0,276.0,NAIAS,IMO9330800,V7KN8,70,5,225,32,14.0,70,A
367822000,2020-08-20T15:47:56,36.97312,-76.43382,0.0,0.0,238.0,USNS SHUGHART,IMO7825394,NAOQ,70,5,276,32,13.0,70,A
366733250,2020-08-20T15:33:21,37.24332,-76.08196,0.7,153.3,511.0,ATLANTIC SURVEYOR,,WTR5417,70,15,31,7,,,A
368026000,2020-08-20T15:33:20,36.86578,-76.31605,0.0,270.5,2.0,BENAVIDEZ,IMO9218210,NBHG,70,5,289,32,10.9,70,A
366839000,2020-08-20T15:49:03,36.85350,-76.31082,0.0,0.0,39.0,CAPE RISE,IMO7530808,KAFG,70,5,197,32,10.0,,A
338403000,2020-08-20T15:50:15,36.93517,-76.33744,5.6,176.8,175.0,MAERSK HARTFORD,IMO9333008,WMHA,70,0,299,40,14.5,,A
367861000,2020-08-20T15:42:01,36.94638,-76.32981,0.0,0.0,265.0,LARAMIE,IMO8906626,NLAR,80,5,193,29,,,A
367821000,2020-08-20T15:45:07,36.97279,-76.43367,0.0,0.0,511.0,YANO,IMO7825409,NAQH,70,0,276,32,13.0,70,A
366839000,2020-08-20T15:19:10,36.85347,-76.31083,0.0,0.0,39.0,CAPE RISE,IMO7530808,KAFG,70,5,197,32,10.0,,A
338403000,2020-08-20T15:52:15,36.93197,-76.33721,5.3,187.4,180.0,MAERSK HARTFORD,IMO9333008,WMHA,70,0,299,40,14.5,,A
538002652,2020-08-20T15:51:52,36.87950,-76.32642,0.0,82.0,276.0,NAIAS,IMO9330800,V7KN8,70,5,225,32,14.0,70,A
369390000,2020-08-20T15:23:34,36.87093,-76.34822,0.2,212.0,346.0,SAFMARINE MAFADI,IMO9314210,KRIJ,70,0,292,32,11.8,70,A
367821000,2020-08-20T15:25:18,36.97279,-76.43366,0.0,0.0,511.0,YANO,IMO7825409,NAQH,70,0,276,32,13.0,70,A
367821000,2020-08-20T15:36:17,36.97279,-76.43367,0.0,0.0,511.0,YANO,IMO7825409,NAQH,70,0,276,32,13.0,70,A
367822000,2020-08-20T15:23:54,36.97314,-76.43381,0.0,0.0,238.0,USNS SHUGHART,IMO7825394,NAOQ,70,5,276,32,13.0,70,A
215677000,2020-08-20T15:51:03,37.23895,-76.11804,0.0,51.4,148.0,RIZE,IMO9584035,9HA2781,70,1,229,32,14.5,,A
338403000,2020-08-20T15:21:21,36.99681,-76.30366,15.8,240.5,230.0,MAERSK HARTFORD,IMO9333008,WMHA,70,0,299,40,14.5,,A
367821000,2020-08-20T15:37:27,36.97279,-76.43367,0.0,0.0,511.0,YANO,IMO7825409,NAQH,70,0,276,32,13.0,70,A
477196100,2020-08-20T15:45:54,37.19750,-76.13484,0.0,50.9,154.0,DARYA MA,IMO9591674,VRJH5,70,1,229,32,14.5,,A
538002652,2020-08-20T15:24:52,36.87945,-76.32647,0.0,82.0,276.0,NAIAS,IMO9330800,V7KN8,70,5,225,32,14.0,70,A
338403000,2020-08-20T15:46:35,36.94070,-76.33732,4.7,189.7,180.0,MAERSK HARTFORD,IMO9333008,WMHA,70,0,299,40,14.5,,A
367821000,2020-08-20T15:53:08,36.97279,-76.43367,0.0,0.0,511.0,YANO,IMO7825409,NAQH,70,0,276,32,13.0,70,A
366839000,2020-08-20T15:52:08,36.85348,-76.31084,0.0,0.0,39.0,CAPE RISE,IMO7530808,KAFG,70,5,197,32,10.0,,A
367359930,2020-08-20T15:22:33,36.82405,-76.28907,0.0,2.8,511.0,SUNNY WILLIAMS,,WDE4940,80,0,25,8,,80,A
366733250,2020-08-20T15:53:32,37.23957,-76.07900,0.7,151.4,511.0,ATLANTIC SURVEYOR,,WTR5417,70,15,31,7,,,A
367821000,2020-08-20T15:50:38,36.97279,-76.43367,0.0,0.0,511.0,YANO,IMO7825409,NAQH,70,0,276,32,13.0,70,A
477738200,2020-08-20T15:54:38,36.87753,-76.34981,0.0,195.7,347.0,COSCO PHILIPPINES,IMO9448762,VRGM7,70,5,334,42,14.5,72,A
367932000,2020-08-20T15:51:08,36.94916,-76.32964,0.0,107.0,279.0,JOHN LENTHALL,IMO8325547,NJLN,80,5,193,29,,,A
338403000,2020-08-20T15:22:28,36.99384,-76.30837,15.4,240.8,230.0,MAERSK HARTFORD,IMO9333008,WMHA,70,0,299,40,14.5,,A
366733250,2020-08-20T15:48:02,37.24056,-76.07975,0.7,155.4,511.0,ATLANTIC SURVEYOR,,WTR5417,70,15,31,7,,,A
367359930,2020-08-20T15:47:23,36.82405,-76.28908,0.0,2.8,511.0,SUNNY WILLIAMS,,WDE4940,80,0,25,8,,80,A
367359930,2020-08-20T15:37:12,36.82405,-76.28908,0.1,2.8,511.0,SUNNY WILLIAMS,,WDE4940,80,0,25,8,,80,A
367359930,2020-08-20T15:39:21,36.82404,-76.28909,0.0,2.8,511.0,SUNNY WILLIAMS,,WDE4940,80,0,25,8,,80,A
367822000,2020-08-20T15:53:55,36.97313,-76.43382,0.0,0.0,238.0,USNS SHUGHART,IMO7825394,NAOQ,70,5,276,32,13.0,70,A
538006982,2020-08-20T15:53:16,36.96258,-76.42367,0.0,0.6,40.0,ANTE TOPIC,IMO9737072,V7TR4,70,5,,,,,A
369390000,2020-08-20T15:54:06,36.87105,-76.34823,0.0,152.0,347.0,SAFMARINE MAFADI,IMO9314210,KRIJ,70,5,292,32,11.8,70,A
305855000,2020-08-20T15:47:48,36.86428,-76.31478,0.0,299.6,227.0,BBC PEARL,IMO9504786,V2FY8,70,5,153,23,9.1,70,A
367861000,2020-08-20T15:27:01,36.94633,-76.32977,0.0,0.0,265.0,LARAMIE,IMO8906626,NLAR,80,5,193,29,,,A
369390000,2020-08-20T15:57:06,36.87085,-76.34814,0.0,225.0,347.0,SAFMARINE MAFADI,IMO9314210,KRIJ,70,5,292,32,11.8,70,A
369390000,2020-08-20T15:39:06,36.87098,-76.34822,0.0,255.0,346.0,SAFMARINE MAFADI,IMO9314210,KRIJ,70,5,292,32,11.8,70,A
367359930,2020-08-20T15:57:12,36.82405,-76.28907,0.0,2.8,511.0,SUNNY WILLIAMS,,WDE4940,80,0,25,8,,80,A
368026000,2020-08-20T15:39:21,36.86575,-76.31603,0.0,270.5,2.0,BENAVIDEZ,IMO9218210,NBHG,70,5,289,32,10.9,70,A
338403000,2020-08-20T15:47:46,36.93903,-76.33739,5.3,189.4,180.0,MAERSK HARTFORD,IMO9333008,WMHA,70,0,299,40,14.5,,A
367932000,2020-08-20T15:27:09,36.94918,-76.32969,0.0,107.0,279.0,JOHN LENTHALL,IMO8325547,NJLN,80,5,193,29,,,A
538002652,2020-08-20T15:54:50,36.87947,-76.32643,0.0,82.0,276.0,NAIAS,IMO9330800,V7KN8,70,5,225,32,14.0,70,A
366733250,2020-08-20T15:40:11,37.24209,-76.08099,0.8,141.8,511.0,ATLANTIC SURVEYOR,,WTR5417,70,15,31,7,,,A
368026000,2020-08-20T15:48:21,36.86575,-76.31607,0.0,270.5,2.0,BENAVIDEZ,IMO9218210,NBHG,70,5,289,32,10.9,70,A
366839000,2020-08-20T15:28:07,36.85349,-76.31081,0.0,0.0,39.0,CAPE RISE,IMO7530808,KAFG,70,5,197,32,10.0,,A
477196100,2020-08-20T15:48:53,37.19747,-76.13484,0.0,50.9,153.0,DARYA MA,IMO9591674,VRJH5,70,1,229,32,14.5,,A
366733250,2020-08-20T15:41:21,37.24186,-76.08079,0.8,141.9,511.0,ATLANTIC SURVEYOR,,WTR5417,70,15,31,7,,,A
366839000,2020-08-20T15:58:06,36.85348,-76.31084,0.0,0.0,39.0,CAPE RISE,IMO7530808,KAFG,70,5,197,32,10.0,,A
366733250,2020-08-20T15:43:31,37.24144,-76.08041,0.8,144.5,511.0,ATLANTIC SURVEYOR,,WTR5417,70,15,31,7,,,A
338403000,2020-08-20T15:58:36,36.92777,-76.33689,0.8,80.1,232.0,MAERSK HARTFORD,IMO9333008,WMHA,70,0,299,40,14.5,,A
538006982,2020-08-20T15:50:16,36.96259,-76.42368,0.0,0.6,40.0,ANTE TOPIC,IMO9737072,V7TR4,70,5,,,,,A
367359930,2020-08-20T15:26:52,36.82405,-76.28909,0.0,2.8,511.0,SUNNY WILLIAMS,,WDE4940,80,0,25,8,,80,A
366733250,2020-08-20T15:31:02,37.24376,-76.08227,0.8,154.8,511.0,ATLANTIC SURVEYOR,,WTR5417,70,15,31,7,,,A
367821000,2020-08-20T15:59:37,36.97279,-76.43367,0.0,0.0,511.0,YANO,IMO7825409,NAQH,70,0,276,32,13.0,70,A
367861000,2020-08-20T15:50:59,36.94636,-76.32980,0.0,0.0,265.0,LARAMIE,IMO8906626,NLAR,80,5,193,29,,,A
367861000,2020-08-20T16:00:00,36.94637,-76.32982,0.0,0.0,265.0,LARAMIE,IMO8906626,NLAR,80,5,193,29,,,A
477738200,2020-08-20T15:57:40,36.87752,-76.34977,0.1,257.8,347.0,COSCO PHILIPPINES,IMO9448762,VRGM7,70,5,334,42,14.5,72,A
369390000,2020-08-20T15:51:05,36.87083,-76.34817,0.0,40.0,347.0,SAFMARINE MAFADI,IMO9314210,KRIJ,70,5,292,32,11.8,70,A
215677000,2020-08-20T15:33:11,37.23880,-76.11829,0.1,51.4,139.0,RIZE,IMO9584035,9HA2781,70,1,229,32,14.5,,A
366733250,2020-08-20T16:00:01,37.23834,-76.07808,0.9,147.2,511.0,ATLANTIC SURVEYOR,,WTR5417,70,15,31,7,,,A
367861000,2020-08-20T15:54:00,36.94633,-76.32977,0.0,0.0,265.0,LARAMIE,IMO8906626,NLAR,80,5,193,29,,,A
338403000,2020-08-20T15:59:46,36.92783,-76.33651,1.2,84.4,248.0,MAERSK HARTFORD,IMO9333008,WMHA,70,0,299,40,14.5,,A
367821000,2020-08-20T15:46:27,36.97279,-76.43367,0.0,0.0,511.0,YANO,IMO7825409,NAQH,70,0,276,32,13.0,70,A
368026000,2020-08-20T16:00:20,36.86576,-76.31605,0.0,270.5,2.0,BENAVIDEZ,IMO9218210,NBHG,70,5,289,32,10.9,70,A
369390000,2020-08-20T15:33:06,36.87096,-76.34822,0.0,209.0,346.0,SAFMARINE MAFADI,IMO9314210,KRIJ,70,5,292,32,11.8,70,A
369390000,2020-08-20T16:00:05,36.87100,-76.34817,0.0,211.0,347.0,SAFMARINE MAFADI,IMO9314210,KRIJ,70,5,292,32,11.8,70,A
367861000,2020-08-20T15:32:59,36.94636,-76.32982,0.0,0.0,265.0,LARAMIE,IMO8906626,NLAR,80,5,193,29,,,A
477738200,2020-08-20T16:00:39,36.87752,-76.34981,0.0,258.4,347.0,COSCO PHILIPPINES,IMO9448762,VRGM7,70,5,334,42,14.5,72,A
366839000,2020-08-20T15:34:08,36.85345,-76.31082,0.0,0.0,39.0,CAPE RISE,IMO7530808,KAFG,70,5,197,32,10.0,,A
367932000,2020-08-20T15:33:08,36.94917,-76.32957,0.0,107.0,279.0,JOHN LENTHALL,IMO8325547,NJLN,80,5,193,29,,,A
538006982,2020-08-20T15:47:16,36.96258,-76.42365,0.0,0.6,40.0,ANTE TOPIC,IMO9737072,V7TR4,70,5,,,,,A
367359930,2020-08-20T15:36:02,36.82405,-76.28908,0.1,2.8,511.0,SUNNY WILLIAMS,,WDE4940,80,0,25,8,,80,A
367821000,2020-08-20T15:49:27,36.97279,-76.43367,0.0,0.0,511.0,YANO,IMO7825409,NAQH,70,0,276,32,13.0,70,A
367822000,2020-08-20T15:29:55,36.97311,-76.43384,0.0,0.0,238.0,USNS SHUGHART,IMO7825394,NAOQ,70,5,276,32,13.0,70,A
367932000,2020-08-20T16:00:09,36.94914,-76.32965,0.0,107.0,279.0,JOHN LENTHALL,IMO8325547,NJLN,80,5,193,29,,,A
366733250,2020-08-20T15:56:01,37.23910,-76.07869,0.8,152.9,511.0,ATLANTIC SURVEYOR,,WTR5417,70,15,31,7,,,A
366733250,2020-08-20T16:01:02,37.23814,-76.07791,1.0,132.0,511.0,ATLANTIC SURVEYOR,,WTR5417,70,15,31,7,,,A
215677000,2020-08-20T15:54:07,37.23895,-76.11802,0.0,51.4,149.0,RIZE,IMO9584035,9HA2781,70,1,229,32,14.5,,A
338403000,2020-08-20T16:01:15,36.92794,-76.33574,1.9,86.8,261.0,MAERSK HARTFORD,IMO9333008,WMHA,70,0,299,40,14.5,,A
367359930,2020-08-20T16:02:12,36.82404,-76.28907,0.0,2.8,511.0,SUNNY WILLIAMS,,WDE4940,80,0,25,8,,80,A
305855000,2020-08-20T15:35:49,36.86428,-76.31477,0.0,336.4,227.0,BBC PEARL,IMO9504786,V2FY8,70,5,153,23,9.1,70,A
367932000,2020-08-20T16:03:09,36.94912,-76.32968,0.0,107.0,279.0,JOHN LENTHALL,IMO8325547,NJLN,80,5,193,29,,,A
366733250,2020-08-20T16:02:23,37.23787,-76.07768,1.0,126.2,511.0,ATLANTIC SURVEYOR,,WTR5417,70,15,31,7,,,A
367821000,2020-08-20T16:02:27,36.97275,-76.43367,0.0,0.0,511.0,YANO,IMO7825409,NAQH,70,0,276,32,13.0,70,A
367359930,2020-08-20T16:03:21,36.82404,-76.28908,0.1,2.8,511.0,SUNNY WILLIAMS,,WDE4940,80,0,25,8,,80,A
367359930,2020-08-20T15:34:02,36.82405,-76.28908,0.0,2.8,511.0,SUNNY WILLIAMS,,WDE4940,80,0,25,8,,80,A
338403000,2020-08-20T16:04:46,36.92757,-76.33317,2.0,118.3,292.0,MAERSK HARTFORD,IMO9333008,WMHA,70,0,299,40,14.5,,A
477196100,2020-08-20T16:03:53,37.19720,-76.13518,0.1,227.2,145.0,DARYA MA,IMO9591674,VRJH5,70,1,229,32,14.5,,A
366733250,2020-08-20T15:59:01,37.23854,-76.07824,0.9,144.4,511.0,ATLANTIC SURVEYOR,,WTR5417,70,15,31,7,,,A
477196100,2020-08-20T15:57:53,37.19736,-76.13498,0.1,224.0,150.0,DARYA MA,IMO9591674,VRJH5,70,1,229,32,14.5,,A
367359930,2020-08-20T15:59:02,36.82406,-76.28908,0.0,2.8,511.0,SUNNY WILLIAMS,,WDE4940,80,0,25,8,,80,A
368026000,2020-08-20T15:57:21,36.86576,-76.31603,0.0,270.5,2.0,BENAVIDEZ,IMO9218210,NBHG,70,5,289,32,10.9,70,A
367822000,2020-08-20T15:32:55,36.97311,-76.43383,0.0,0.0,238.0,USNS SHUGHART,IMO7825394,NAOQ,70,5,276,32,13.0,70,A
538002652,2020-08-20T15:57:50,36.87947,-76.32643,0.0,82.0,276.0,NAIAS,IMO9330800,V7KN8,70,5,225,32,14.0,70,A
367861000,2020-08-20T16:06:01,36.94638,-76.32977,0.0,0.0,265.0,LARAMIE,IMO8906626,NLAR,80,5,193,29,,,A
368026000,2020-08-20T16:06:20,36.86576,-76.31604,0.0,270.5,2.0,BENAVIDEZ,IMO9218210,NBHG,70,5,289,32,10.9,70,A
367359930,2020-08-20T15:54:12,36.82404,-76.28907,0.0,2.8,511.0,SUNNY WILLIAMS,,WDE4940,80,0,25,8,,80,A
538006982,2020-08-20T15:35:16,36.96259,-76.42364,0.0,0.6,40.0,ANTE TOPIC,IMO9737072,V7TR4,70,5,,,,,A
369390000,2020-08-20T16:06:06,36.87088,-76.34821,0.0,303.0,347.0,SAFMARINE MAFADI,IMO9314210,KRIJ,70,5,292,32,11.8,70,A
338403000,2020-08-20T16:07:05,36.92685,-76.33203,1.7,112.9,313.0,MAERSK HARTFORD,IMO9333008,WMHA,70,0,299,40,14.5,,A
367821000,2020-08-20T15:41:48,36.97279,-76.43367,0.0,0.0,511.0,YANO,IMO7825409,NAQH,70,0,276,32,13.0,70,A
367822000,2020-08-20T16:05:55,36.97313,-76.43381,0.0,0.0,238.0,USNS SHUGHART,IMO7825394,NAOQ,70,5,276,32,13.0,70,A
538002652,2020-08-20T16:06:50,36.87948,-76.32643,0.0,16.0,276.0,NAIAS,IMO9330800,V7KN8,70,5,225,32,14.0,70,A
367359930,2020-08-20T16:08:01,36.82404,-76.28906,0.0,258.1,511.0,SUNNY WILLIAMS,,WDE4940,80,0,25,8,,80,A
366733250,2020-08-20T15:54:52,37.23931,-76.07883,0.7,153.6,511.0,ATLANTIC SURVEYOR,,WTR5417,70,15,31,7,,,A
367359930,2020-08-20T16:06:53,36.82405,-76.28906,0.0,256.7,511.0,SUNNY WILLIAMS,,WDE4940,80,0,25,8,,80,A
477196100,2020-08-20T16:00:53,37.19726,-76.13507,0.1,227.1,147.0,DARYA MA,IMO9591674,VRJH5,70,1,229,32,14.5,,A
367821000,2020-08-20T15:43:07,36.97279,-76.43367,0.0,0.0,511.0,YANO,IMO7825409,NAQH,70,0,276,32,13.0,70,A
477738200,2020-08-20T15:42:36,36.87752,-76.34980,0.1,199.8,347.0,COSCO PHILIPPINES,IMO9448762,VRGM7,70,5,334,42,14.5,72,A
477196100,2020-08-20T15:36:51,37.19752,-76.13483,0.1,50.9,156.0,DARYA MA,IMO9591674,VRJH5,70,1,229,32,14.5,,A
366839000,2020-08-20T16:07:02,36.85350,-76.31084,0.0,0.0,39.0,CAPE RISE,IMO7530808,KAFG,70,5,197,32,10.0,,A
367932000,2020-08-20T15:36:08,36.94911,-76.32958,0.0,107.0,279.0,JOHN LENTHALL,IMO8325547,NJLN,80,5,193,29,,,A
367359930,2020-08-20T15:55:43,36.82405,-76.28908,0.0,2.8,511.0,SUNNY WILLIAMS,,WDE4940,80,0,25,8,,80,A
538006982,2020-08-20T15:41:16,36.96259,-76.42362,0.0,0.6,40.0,ANTE TOPIC,IMO9737072,V7TR4,70,5,,,,,A
368026000,2020-08-20T15:54:20,36.86576,-76.31606,0.0,270.5,2.0,BENAVIDEZ,IMO9218210,NBHG,70,5,289,32,10.9,70,A
538002652,2020-08-20T15:36:50,36.87952,-76.32637,0.0,82.0,276.0,NAIAS,IMO9330800,V7KN8,70,5,225,32,14.0,70,A
367821000,2020-08-20T16:07:07,36.97278,-76.43367,0.0,0.0,511.0,YANO,IMO7825409,NAQH,70,0,276,32,13.0,70,A
367932000,2020-08-20T15:54:07,36.94914,-76.32968,0.0,107.0,279.0,JOHN LENTHALL,IMO8325547,NJLN,80,5,193,29,,,A
477196100,2020-08-20T15:54:50,37.19741,-76.13489,0.1,50.9,152.0,DARYA MA,IMO9591674,VRJH5,70,1,229,32,14.5,,A
366839000,2020-08-20T15:55:05,36.85349,-76.31082,0.0,0.0,39.0,CAPE RISE,IMO7530808,KAFG,70,5,197,32,10.0,,A
215677000,2020-08-20T16:09:07,37.23880,-76.11790,0.0,51.4,151.0,RIZE,IMO9584035,9HA2781,70,1,229,32,14.5,,A
366733250,2020-08-20T16:09:21,37.23652,-76.07641,0.9,147.2,511.0,ATLANTIC SURVEYOR,,WTR5417,70,15,31,7,,,A
215677000,2020-08-20T15:57:07,37.23895,-76.11797,0.1,51.4,150.0,RIZE,IMO9584035,9HA2781,70,1,229,32,14.5,,A
338403000,2020-08-20T16:02:25,36.92790,-76.33494,2.1,92.8,270.0,MAERSK HARTFORD,IMO9333008,WMHA,70,0,299,40,14.5,,A
367861000,2020-08-20T16:09:01,36.94636,-76.32978,0.0,0.0,265.0,LARAMIE,IMO8906626,NLAR,80,5,193,29,,,A
305855000,2020-08-20T15:56:47,36.86426,-76.31477,0.0,235.2,227.0,BBC PEARL,IMO9504786,V2FY8,70,5,153,23,9.1,70,A
367821000,2020-08-20T15:40:28,36.97279,-76.43367,0.0,0.0,511.0,YANO,IMO7825409,NAQH,70,0,276,32,13.0,70,A
366733250,2020-08-20T15:46:02,37.24094,-76.08001,0.8,150.0,511.0,ATLANTIC SURVEYOR,,WTR5417,70,15,31,7,,,A
538002652,2020-08-20T16:09:52,36.87948,-76.32643,0.0,16.0,276.0,NAIAS,IMO9330800,V7KN8,70,5,225,32,14.0,70,A
368026000,2020-08-20T16:03:20,36.86575,-76.31604,0.1,270.5,2.0,BENAVIDEZ,IMO9218210,NBHG,70,5,289,32,10.9,70,A
215677000,2020-08-20T15:45:11,37.23885,-76.11811,0.1,51.4,146.0,RIZE,IMO9584035,9HA2781,70,1,229,32,14.5,,A
215677000,2020-08-20T16:03:07,37.23886,-76.11788,0.1,51.4,151.0,RIZE,IMO9584035,9HA2781,70,1,229,32,14.5,,A
538002652,2020-08-20T15:45:52,36.87945,-76.32648,0.0,82.0,276.0,NAIAS,IMO9330800,V7KN8,70,5,225,32,14.0,70,A
367359930,2020-08-20T16:10:23,36.82403,-76.28906,0.0,261.1,511.0,SUNNY WILLIAMS,,WDE4940,80,0,25,8,,80,A
367821000,2020-08-20T16:10:58,36.97278,-76.43367,0.0,0.0,511.0,YANO,IMO7825409,NAQH,70,0,276,32,13.0,70,A
477196100,2020-08-20T15:39:51,37.19751,-76.13482,0.0,50.9,154.0,DARYA MA,IMO9591674,VRJH5,70,1,229,32,14.5,,A
367359930,2020-08-20T16:00:02,36.82405,-76.28907,0.0,2.8,511.0,SUNNY WILLIAMS,,WDE4940,80,0,25,8,,80,A
367359930,2020-08-20T16:11:51,36.82404,-76.28906,0.0,263.0,511.0,SUNNY WILLIAMS,,WDE4940,80,0,25,8,,80,A
305855000,2020-08-20T15:59:48,36.86428,-76.31477,0.0,256.1,227.0,BBC PEARL,IMO9504786,V2FY8,70,5,153,23,9.1,70,A
367822000,2020-08-20T15:38:55,36.97312,-76.43382,0.0,0.0,238.0,USNS SHUGHART,IMO7825394,NAOQ,70,5,276,32,13.0,70,A
367822000,2020-08-20T15:59:55,36.97313,-76.43381,0.0,0.0,238.0,USNS SHUGHART,IMO7825394,NAOQ,70,5,276,32,13.0,70,A
366733250,2020-08-20T16:10:51,37.23618,-76.07613,0.9,146.3,511.0,ATLANTIC SURVEYOR,,WTR5417,70,15,31,7,,,A
338403000,2020-08-20T16:00:06,36.92786,-76.33636,1.3,81.0,251.0,MAERSK HARTFORD,IMO9333008,WMHA,70,0,299,40,14.5,,A
367359930,2020-08-20T15:41:32,36.82405,-76.28909,0.0,2.8,511.0,SUNNY WILLIAMS,,WDE4940,80,0,25,8,,80,A
367821000,2020-08-20T16:00:07,36.97282,-76.43354,0.0,0.0,511.0,YANO,IMO7825409,NAQH,70,0,276,32,13.0,70,A
367821000,2020-08-20T16:01:18,36.97275,-76.43367,0.0,0.0,511.0,YANO,IMO7825409,NAQH,70,0,276,32,13.0,70,A
366733250,2020-08-20T16:04:42,37.23750,-76.07728,0.9,147.3,511.0,ATLANTIC SURVEYOR,,WTR5417,70,15,31,7,,,A
538006982,2020-08-20T16:05:16,36.96259,-76.42368,0.0,0.6,40.0,ANTE TOPIC,IMO9737072,V7TR4,70,5,,,,,A
367359930,2020-08-20T16:13:01,36.82404,-76.28906,0.0,264.1,511.0,SUNNY WILLIAMS,,WDE4940,80,0,25,8,,80,A
477738200,2020-08-20T16:12:40,36.87752,-76.34974,0.1,241.1,347.0,COSCO PHILIPPINES,IMO9448762,VRGM7,70,5,334,42,14.5,72,A
367359930,2020-08-20T15:43:13,36.82403,-76.28909,0.0,2.8,511.0,SUNNY WILLIAMS,,WDE4940,80,0,25,8,,80,A
367821000,2020-08-20T16:13:18,36.97278,-76.43367,0.0,0.0,511.0,YANO,IMO7825409,NAQH,70,0,276,32,13.0,70,A
369390000,2020-08-20T15:42:05,36.87100,-76.34817,0.0,28.0,346.0,SAFMARINE MAFADI,IMO9314210,KRIJ,70,5,292,32,11.8,70,A
477738200,2020-08-20T16:06:37,36.87751,-76.34980,0.1,257.2,347.0,COSCO PHILIPPINES,IMO9448762,VRGM7,70,5,334,42,14.5,72,A
367932000,2020-08-20T15:42:08,36.94912,-76.32966,0.0,107.0,279.0,JOHN LENTHALL,IMO8325547,NJLN,80,5,193,29,,,A
368026000,2020-08-20T16:12:20,36.86579,-76.31604,0.1,270.5,2.0,BENAVIDEZ,IMO9218210,NBHG,70,5,289,32,10.9,70,A
367861000,2020-08-20T16:03:01,36.94637,-76.32976,0.0,0.0,265.0,LARAMIE,IMO8906626,NLAR,80,5,193,29,,,A
366733250,2020-08-20T15:50:12,37.24017,-76.07948,0.7,152.1,511.0,ATLANTIC SURVEYOR,,WTR5417,70,15,31,7,,,A
215677000,2020-08-20T15:48:08,37.23889,-76.11808,0.1,51.4,147.0,RIZE,IMO9584035,9HA2781,70,1,229,32,14.5,,A
477196100,2020-08-20T15:42:55,37.19752,-76.13483,0.0,50.9,155.0,DARYA MA,IMO9591674,VRJH5,70,1,229,32,14.5,,A
367359930,2020-08-20T15:50:12,36.82404,-76.28909,0.0,2.8,511.0,SUNNY WILLIAMS,,WDE4940,80,0,25,8,,80,A
366733250,2020-08-20T16:03:32,37.23772,-76.07749,0.7,145.4,511.0,ATLANTIC SURVEYOR,,WTR5417,70,15,31,7,,,A
366733250,2020-08-20T16:13:02,37.23571,-76.07573,0.9,147.4,511.0,ATLANTIC SURVEYOR,,WTR5417,70,15,31,7,,,A
366733250,2020-08-20T16:14:13,37.23544,-76.07555,0.9,151.9,511.0,ATLANTIC SURVEYOR,,WTR5417,70,15,31,7,,,A
338403000,2020-08-20T16:14:36,36.92483,-76.32999,0.4,133.0,349.0,MAERSK HARTFORD,IMO9333008,WMHA,70,0,299,40,14.5,,A
367821000,2020-08-20T16:03:37,36.97276,-76.43367,0.0,0.0,511.0,YANO,IMO7825409,NAQH,70,0,276,32,13.0,70,A
366839000,2020-08-20T16:13:07,36.85349,-76.31084,0.0,0.0,39.0,CAPE RISE,IMO7530808,KAFG,70,5,197,32,10.0,,A
367821000,2020-08-20T16:14:27,36.97278,-76.43367,0.0,0.0,511.0,YANO,IMO7825409,NAQH,70,0,276,32,13.0,70,A
305855000,2020-08-20T16:14:47,36.86427,-76.31476,0.0,258.7,226.0,BBC PEARL,IMO9504786,V2FY8,70,5,153,23,9.1,70,A
368026000,2020-08-20T16:15:21,36.86576,-76.31604,0.0,270.5,2.0,BENAVIDEZ,IMO9218210,NBHG,70,5,289,32,10.9,70,A
477196100,2020-08-20T16:09:54,37.19712,-76.13532,0.1,227.2,144.0,DARYA MA,IMO9591674,VRJH5,70,1,229,32,14.5,,A
477196100,2020-08-20T15:51:54,37.19745,-76.13487,0.1,50.9,153.0,DARYA MA,IMO9591674,VRJH5,70,1,229,32,14.5,,A
367932000,2020-08-20T16:15:07,36.94918,-76.32968,0.0,107.0,279.0,JOHN LENTHALL,IMO8325547,NJLN,80,5,193,29,,,A
305855000,2020-08-20T16:05:49,36.86427,-76.31476,0.0,251.1,226.0,BBC PEARL,IMO9504786,V2FY8,70,5,153,23,9.1,70,A
338403000,2020-08-20T16:10:46,36.92592,-76.33091,1.5,151.8,339.0,MAERSK HARTFORD,IMO9333008,WMHA,70,0,299,40,14.5,,A
338403000,2020-08-20T16:05:56,36.92721,-76.33251,1.9,100.4,304.0,MAERSK HARTFORD,IMO9333008,WMHA,70,0,299,40,14.5,,A
366733250,2020-08-20T16:15:33,37.23515,-76.07535,0.8,152.8,511.0,ATLANTIC SURVEYOR,,WTR5417,70,15,31,7,,,A
538002652,2020-08-20T16:15:51,36.87947,-76.32643,0.0,16.0,276.0,NAIAS,IMO9330800,V7KN8,70,5,225,32,14.0,70,A
477738200,2020-08-20T15:51:37,36.87755,-76.34980,0.0,195.7,347.0,COSCO PHILIPPINES,IMO9448762,VRGM7,70,5,334,42,14.5,72,A
367359930,2020-08-20T16:15:42,36.82405,-76.28906,0.0,270.2,511.0,SUNNY WILLIAMS,,WDE4940,80,0,25,8,,80,A
367821000,2020-08-20T15:54:18,36.97279,-76.43367,0.0,0.0,511.0,YANO,IMO7825409,NAQH,70,0,276,32,13.0,70,A
477196100,2020-08-20T16:15:55,37.19703,-76.13553,0.1,237.2,141.0,DARYA MA,IMO9591674,VRJH5,70,1,229,32,14.5,,A
367861000,2020-08-20T15:48:01,36.94637,-76.32978,0.0,0.0,265.0,LARAMIE,IMO8906626,NLAR,80,5,193,29,,,A
367359930,2020-08-20T16:17:32,36.82404,-76.28905,0.0,268.8,511.0,SUNNY WILLIAMS,,WDE4940,80,0,25,8,,80,A
367822000,2020-08-20T16:17:54,36.97317,-76.43381,0.0,0.0,238.0,USNS SHUGHART,IMO7825394,NAOQ,70,5,276,32,13.0,70,A
338403000,2020-08-20T16:17:06,36.92475,-76.32981,0.1,101.9,354.0,MAERSK HARTFORD,IMO9333008,WMHA,70,0,299,40,14.5,,A
366733250,2020-08-20T16:16:42,37.23490,-76.07517,0.8,153.8,511.0,ATLANTIC SURVEYOR,,WTR5417,70,15,31,7,,,A
215677000,2020-08-20T16:18:10,37.23885,-76.11798,0.1,51.4,148.0,RIZE,IMO9584035,9HA2781,70,1,229,32,14.5,,A
338403000,2020-08-20T16:18:15,36.92477,-76.32979,0.0,101.9,354.0,MAERSK HARTFORD,IMO9333008,WMHA,70,0,299,40,14.5,,A
367359930,2020-08-20T16:18:41,36.82404,-76.28904,0.0,274.7,511.0,SUNNY WILLIAMS,,WDE4940,80,0,25,8,,80,A
308299000,2020-08-20T16:18:04,37.05116,-76.07907,13.0,321.2,323.0,CSL ARGOSY,IMO7915412,C6UZ9,70,0,244,32,13.5,70,A
369390000,2020-08-20T15:48:06,36.87095,-76.34821,0.0,302.0,346.0,SAFMARINE MAFADI,IMO9314210,KRIJ,70,5,292,32,11.8,70,A
366733250,2020-08-20T16:17:53,37.23464,-76.07499,0.9,148.9,511.0,ATLANTIC SURVEYOR,,WTR5417,70,15,31,7,,,A
367932000,2020-08-20T15:48:09,36.94916,-76.32966,0.0,107.0,279.0,JOHN LENTHALL,IMO8325547,NJLN,80,5,193,29,,,A
538002652,2020-08-20T16:18:49,36.87942,-76.32643,0.0,16.0,276.0,NAIAS,IMO9330800,V7KN8,70,5,225,32,14.0,70,A
538002652,2020-08-20T15:48:52,36.87945,-76.32645,0.0,82.0,276.0,NAIAS,IMO9330800,V7KN8,70,5,225,32,14.0,70,A
366733250,2020-08-20T15:51:32,37.23994,-76.07928,0.8,150.2,511.0,ATLANTIC SURVEYOR,,WTR5417,70,15,31,7,,,A
338403000,2020-08-20T16:19:26,36.92478,-76.32972,0.0,354.2,354.0,MAERSK HARTFORD,IMO9333008,WMHA,70,0,299,40,14.5,,A
367359930,2020-08-20T16:20:32,36.82403,-76.28906,0.0,274.1,511.0,SUNNY WILLIAMS,,WDE4940,80,0,25,8,,80,A
367821000,2020-08-20T15:57:18,36.97279,-76.43367,0.0,0.0,511.0,YANO,IMO7825409,NAQH,70,0,276,32,13.0,70,A
367822000,2020-08-20T16:14:55,36.97314,-76.43381,0.0,0.0,238.0,USNS SHUGHART,IMO7825394,NAOQ,70,5,276,32,13.0,70,A
369390000,2020-08-20T16:21:05,36.87100,-76.34817,0.0,188.0,347.0,SAFMARINE MAFADI,IMO9314210,KRIJ,70,5,292,32,11.8,70,A
538006982,2020-08-20T16:20:16,36.96256,-76.42367,0.1,239.7,40.0,ANTE TOPIC,IMO9737072,V7TR4,70,5,,,,,A
367821000,2020-08-20T16:08:17,36.97278,-76.43367,0.0,0.0,511.0,YANO,IMO7825409,NAQH,70,0,276,32,13.0,70,A
367821000,2020-08-20T16:20:17,36.97279,-76.43367,0.0,0.0,511.0,YANO,IMO7825409,NAQH,70,0,276,32,13.0,70,A
367822000,2020-08-20T15:50:55,36.97313,-76.43382,0.0,0.0,238.0,USNS SHUGHART,IMO7825394,NAOQ,70,5,276,32,13.0,70,A
367822000,2020-08-20T16:20:56,36.97317,-76.43381,0.0,0.0,238.0,USNS SHUGHART,IMO7825394,NAOQ,70,5,276,32,13.0,70,A
338403000,2020-08-20T16:09:15,36.92630,-76.33134,1.1,128.8,328.0,MAERSK HARTFORD,IMO9333008,WMHA,70,0,299,40,14.5,,A
305855000,2020-08-20T15:50:45,36.86428,-76.31475,0.0,283.6,227.0,BBC PEARL,IMO9504786,V2FY8,70,5,153,23,9.1,70,A
305855000,2020-08-20T15:53:48,36.86430,-76.31475,0.0,262.1,227.0,BBC PEARL,IMO9504786,V2FY8,70,5,153,23,9.1,70,A
477738200,2020-08-20T16:09:37,36.87753,-76.34978,0.1,222.9,347.0,COSCO PHILIPPINES,IMO9448762,VRGM7,70,5,334,42,14.5,72,A
367932000,2020-08-20T16:09:07,36.94914,-76.32969,0.0,107.0,279.0,JOHN LENTHALL,IMO8325547,NJLN,80,5,193,29,,,A
367932000,2020-08-20T15:57:08,36.94911,-76.32962,0.0,107.0,279.0,JOHN LENTHALL,IMO8325547,NJLN,80,5,193,29,,,A
366839000,2020-08-20T16:22:05,36.85349,-76.31082,0.0,0.0,39.0,CAPE RISE,IMO7530808,KAFG,70,5,197,32,10.0,,A
308299000,2020-08-20T16:21:55,37.06204,-76.09001,13.0,321.4,323.0,CSL ARGOSY,IMO7915412,C6UZ9,70,0,244,32,13.5,70,A
367822000,2020-08-20T15:56:56,36.97313,-76.43382,0.0,0.0,238.0,USNS SHUGHART,IMO7825394,NAOQ,70,5,276,32,13.0,70,A
538006982,2020-08-20T16:17:16,36.96257,-76.42365,0.1,238.4,40.0,ANTE TOPIC,IMO9737072,V7TR4,70,5,,,,,A
338403000,2020-08-20T15:54:15,36.92922,-76.33731,4.1,185.9,183.0,MAERSK HARTFORD,IMO9333008,WMHA,70,0,299,40,14.5,,A
367821000,2020-08-20T16:23:38,36.97279,-76.43367,0.0,0.0,511.0,YANO,IMO7825409,NAQH,70,0,276,32,13.0,70,A
367821000,2020-08-20T16:21:38,36.97279,-76.43367,0.0,0.0,511.0,YANO,IMO7825409,NAQH,70,0,276,32,13.0,70,A
338403000,2020-08-20T16:21:46,36.92477,-76.32969,0.0,101.9,354.0,MAERSK HARTFORD,IMO9333008,WMHA,70,0,299,40,14.5,,A
366839000,2020-08-20T16:10:07,36.85347,-76.31081,0.0,0.0,39.0,CAPE RISE,IMO7530808,KAFG,70,5,197,32,10.0,,A
366733250,2020-08-20T16:23:33,37.23331,-76.07411,0.9,155.3,511.0,ATLANTIC SURVEYOR,,WTR5417,70,15,31,7,,,A
308299000,2020-08-20T16:23:44,37.06746,-76.09451,12.8,331.1,332.0,CSL ARGOSY,IMO7915412,C6UZ9,70,0,244,32,13.5,70,A
366733250,2020-08-20T16:19:01,37.23438,-76.07481,0.9,153.8,511.0,ATLANTIC SURVEYOR,,WTR5417,70,15,31,7,,,A
338403000,2020-08-20T16:25:23,36.92478,-76.32972,0.0,101.9,354.0,MAERSK HARTFORD,IMO9333008,WMHA,70,5,299,40,14.5,,A
367861000,2020-08-20T16:24:01,36.94638,-76.32978,0.0,0.0,265.0,LARAMIE,IMO8906626,NLAR,80,5,193,29,,,A
308299000,2020-08-20T16:12:15,37.03460,-76.06350,12.8,323.4,324.0,CSL ARGOSY,IMO7915412,C6UZ9,70,0,244,32,13.5,70,A
215677000,2020-08-20T16:24:11,37.23887,-76.11790,0.1,51.4,151.0,RIZE,IMO9584035,9HA2781,70,1,229,32,14.5,,A
366839000,2020-08-20T16:01:06,36.85348,-76.31080,0.0,0.0,39.0,CAPE RISE,IMO7530808,KAFG,70,5,197,32,10.0,,A
538006982,2020-08-20T15:56:16,36.96258,-76.42366,0.0,0.6,40.0,ANTE TOPIC,IMO9737072,V7TR4,70,5,,,,,A
367861000,2020-08-20T16:21:01,36.94636,-76.32977,0.0,0.0,265.0,LARAMIE,IMO8906626,NLAR,80,5,193,29,,,A
367821000,2020-08-20T16:26:18,36.97279,-76.43367,0.0,0.0,511.0,YANO,IMO7825409,NAQH,70,0,276,32,13.0,70,A
366733250,2020-08-20T16:24:43,37.23303,-76.07395,0.9,154.3,511.0,ATLANTIC SURVEYOR,,WTR5417,70,15,31,7,,,A
368026000,2020-08-20T16:24:21,36.86577,-76.31604,0.0,270.5,2.0,BENAVIDEZ,IMO9218210,NBHG,70,5,289,32,10.9,70,A
367861000,2020-08-20T15:57:01,36.94639,-76.32981,0.0,0.0,265.0,LARAMIE,IMO8906626,NLAR,80,5,193,29,,,A
538006982,2020-08-20T16:02:16,36.96259,-76.42366,0.0,0.6,40.0,ANTE TOPIC,IMO9737072,V7TR4,70,5,,,,,A
367822000,2020-08-20T16:26:56,36.97315,-76.43380,0.0,0.0,238.0,USNS SHUGHART,IMO7825394,NAOQ,70,5,276,32,13.0,70,A
366839000,2020-08-20T16:25:03,36.85347,-76.31080,0.0,0.0,39.0,CAPE RISE,IMO7530808,KAFG,70,5,197,32,10.0,,A
305855000,2020-08-20T16:26:48,36.86428,-76.31477,0.0,234.8,226.0,BBC PEARL,IMO9504786,V2FY8,70,5,153,23,9.1,70,A
367359930,2020-08-20T16:14:32,36.82404,-76.28906,0.0,267.7,511.0,SUNNY WILLIAMS,,WDE4940,80,0,25,8,,80,A
367822000,2020-08-20T16:02:55,36.97313,-76.43381,0.0,0.0,238.0,USNS SHUGHART,IMO7825394,NAOQ,70,5,276,32,13.0,70,A
308299000,2020-08-20T16:26:04,37.07460,-76.09954,12.9,331.0,331.0,CSL ARGOSY,IMO7915412,C6UZ9,70,0,244,32,13.5,70,A
308299000,2020-08-20T16:27:24,37.07883,-76.10250,12.9,330.1,331.0,CSL ARGOSY,IMO7915412,C6UZ9,70,0,244,32,13.5,70,A
369390000,2020-08-20T16:03:05,36.87100,-76.34817,0.0,198.0,347.0,SAFMARINE MAFADI,IMO9314210,KRIJ,70,5,292,32,11.8,70,A
366733250,2020-08-20T16:27:42,37.23225,-76.07344,1.0,152.7,511.0,ATLANTIC SURVEYOR,,WTR5417,70,15,31,7,,,A
368026000,2020-08-20T16:27:21,36.86576,-76.31604,0.0,270.5,2.0,BENAVIDEZ,IMO9218210,NBHG,70,5,289,32,10.9,70,A
538002652,2020-08-20T16:21:52,36.87947,-76.32643,0.0,16.0,277.0,NAIAS,IMO9330800,V7KN8,70,5,225,32,14.0,70,A
367359930,2020-08-20T16:21:43,36.82401,-76.28904,0.0,280.8,511.0,SUNNY WILLIAMS,,WDE4940,80,0,25,8,,80,A
367821000,2020-08-20T16:27:57,36.97279,-76.43367,0.0,0.0,511.0,YANO,IMO7825409,NAQH,70,0,276,32,13.0,70,A
367359930,2020-08-20T16:04:33,36.82405,-76.28908,0.1,2.8,511.0,SUNNY WILLIAMS,,WDE4940,80,0,25,8,,80,A
538006982,2020-08-20T16:23:16,36.96258,-76.42365,0.1,241.9,40.0,ANTE TOPIC,IMO9737072,V7TR4,70,5,,,,,A
338403000,2020-08-20T16:22:55,36.92482,-76.32970,0.0,101.9,354.0,MAERSK HARTFORD,IMO9333008,WMHA,70,5,299,40,14.5,,A
367359930,2020-08-20T16:24:32,36.82403,-76.28906,0.0,292.1,511.0,SUNNY WILLIAMS,,WDE4940,80,0,25,8,,80,A
367359930,2020-08-20T16:29:33,36.82403,-76.28904,0.0,285.6,511.0,SUNNY WILLIAMS,,WDE4940,80,0,25,8,,80,A
538002652,2020-08-20T16:00:49,36.87947,-76.32645,0.0,82.0,276.0,NAIAS,IMO9330800,V7KN8,70,5,225,32,14.0,70,A
367821000,2020-08-20T16:16:48,36.97279,-76.43367,0.0,0.0,511.0,YANO,IMO7825409,NAQH,70,0,276,32,13.0,70,A
477196100,2020-08-20T16:24:50,37.19685,-76.13573,0.1,238.6,133.0,DARYA MA,IMO9591674,VRJH5,70,1,229,32,14.5,,A
367359930,2020-08-20T16:30:41,36.82404,-76.28905,0.0,282.3,511.0,SUNNY WILLIAMS,,WDE4940,80,0,25,8,,80,A
367932000,2020-08-20T16:24:08,36.94913,-76.32957,0.0,107.0,279.0,JOHN LENTHALL,IMO8325547,NJLN,80,5,193,29,,,A
305855000,2020-08-20T16:29:48,36.86429,-76.31477,0.0,217.1,226.0,BBC PEARL,IMO9504786,V2FY8,70,5,153,23,9.1,70,A
367822000,2020-08-20T16:29:54,36.97315,-76.43380,0.0,0.0,238.0,USNS SHUGHART,IMO7825394,NAOQ,70,5,276,32,13.0,70,A
477738200,2020-08-20T16:24:37,36.87745,-76.34978,0.1,217.8,347.0,COSCO PHILIPPINES,IMO9448762,VRGM7,70,5,334,42,14.5,72,A
367821000,2020-08-20T16:32:18,36.97279,-76.43367,0.0,0.0,511.0,YANO,IMO7825409,NAQH,70,0,276,32,13.0,70,A
308299000,2020-08-20T16:30:45,37.08951,-76.10980,13.2,332.3,331.0,CSL ARGOSY,IMO7915412,C6UZ9,70,0,244,32,13.5,70,A
308299000,2020-08-20T16:32:14,37.09432,-76.11307,13.2,330.4,330.0,CSL ARGOSY,IMO7915412,C6UZ9,70,0,244,32,13.5,70,A
477196100,2020-08-20T16:30:51,37.19680,-76.13572,0.0,238.6,131.0,DARYA MA,IMO9591674,VRJH5,70,1,229,32,14.5,,A
367932000,2020-08-20T16:06:08,36.94910,-76.32972,0.0,107.0,279.0,JOHN LENTHALL,IMO8325547,NJLN,80,5,193,29,,,A
369390000,2020-08-20T16:18:05,36.87083,-76.34800,0.0,124.0,347.0,SAFMARINE MAFADI,IMO9314210,KRIJ,70,5,292,32,11.8,70,A
368026000,2020-08-20T16:18:20,36.86575,-76.31602,0.0,270.5,2.0,BENAVIDEZ,IMO9218210,NBHG,70,5,289,32,10.9,70,A
538006982,2020-08-20T16:26:16,36.96256,-76.42367,0.0,222.9,40.0,ANTE TOPIC,IMO9737072,V7TR4,70,5,,,,,A
338403000,2020-08-20T16:31:24,36.92482,-76.32971,0.0,101.9,355.0,MAERSK HARTFORD,IMO9333008,WMHA,70,5,299,40,14.5,,A
308299000,2020-08-20T16:19:25,37.05496,-76.08286,13.0,321.3,323.0,CSL ARGOSY,IMO7915412,C6UZ9,70,0,244,32,13.5,70,A
338403000,2020-08-20T16:03:35,36.92779,-76.33406,2.1,102.1,280.0,MAERSK HARTFORD,IMO9333008,WMHA,70,0,299,40,14.5,,A
477738200,2020-08-20T16:03:36,36.87750,-76.34981,0.0,258.4,347.0,COSCO PHILIPPINES,IMO9448762,VRGM7,70,5,334,42,14.5,72,A
367822000,2020-08-20T16:32:55,36.97314,-76.43380,0.0,0.0,238.0,USNS SHUGHART,IMO7825394,NAOQ,70,5,276,32,13.0,70,A
338403000,2020-08-20T16:08:06,36.92658,-76.33168,1.3,137.3,321.0,MAERSK HARTFORD,IMO9333008,WMHA,70,0,299,40,14.5,,A
367821000,2020-08-20T16:33:28,36.97280,-76.43367,0.0,0.0,511.0,YANO,IMO7825409,NAQH,70,0,276,32,13.0,70,A
366839000,2020-08-20T16:04:06,36.85348,-76.31080,0.0,0.0,39.0,CAPE RISE,IMO7530808,KAFG,70,5,197,32,10.0,,A
538006982,2020-08-20T16:08:16,36.96259,-76.42366,0.0,238.5,40.0,ANTE TOPIC,IMO9737072,V7TR4,70,5,,,,,A
366733250,2020-08-20T16:34:51,37.23023,-76.07224,1.1,153.9,511.0,ATLANTIC SURVEYOR,,WTR5417,70,15,31,7,,,A
305855000,2020-08-20T16:08:47,36.86426,-76.31477,0.0,283.8,226.0,BBC PEARL,IMO9504786,V2FY8,70,5,153,23,9.1,70,A
367359930,2020-08-20T16:34:33,36.82404,-76.28905,0.0,293.3,511.0,SUNNY WILLIAMS,,WDE4940,80,0,25,8,,80,A
367359930,2020-08-20T16:09:13,36.82403,-76.28906,0.0,260.1,511.0,SUNNY WILLIAMS,,WDE4940,80,0,25,8,,80,A
477196100,2020-08-20T16:33:54,37.19681,-76.13571,0.1,238.6,131.0,DARYA MA,IMO9591674,VRJH5,70,1,229,32,14.5,,A
538002652,2020-08-20T16:33:51,36.87947,-76.32643,0.0,16.0,277.0,NAIAS,IMO9330800,V7KN8,70,5,225,32,14.0,70,A
477738200,2020-08-20T16:33:37,36.87745,-76.34978,0.1,198.5,347.0,COSCO PHILIPPINES,IMO9448762,VRGM7,70,5,334,42,14.5,72,A
366733250,2020-08-20T16:30:42,37.23142,-76.07293,1.0,155.9,511.0,ATLANTIC SURVEYOR,,WTR5417,70,15,31,7,,,A
367821000,2020-08-20T16:30:18,36.97279,-76.43367,0.0,0.0,511.0,YANO,IMO7825409,NAQH,70,0,276,32,13.0,70,A
308299000,2020-08-20T16:37:05,37.11002,-76.12389,13.5,331.4,330.0,CSL ARGOSY,IMO7915412,C6UZ9,70,0,244,32,13.5,70,A
368026000,2020-08-20T16:21:21,36.86578,-76.31604,0.0,270.5,2.0,BENAVIDEZ,IMO9218210,NBHG,70,5,289,32,10.9,70,A
367861000,2020-08-20T16:36:01,36.94635,-76.32983,0.0,0.0,265.0,LARAMIE,IMO8906626,NLAR,80,5,193,29,,,A
367359930,2020-08-20T16:05:42,36.82405,-76.28907,0.0,2.8,511.0,SUNNY WILLIAMS,,WDE4940,80,0,25,8,,80,A
367359930,2020-08-20T16:35:41,36.82402,-76.28904,0.0,294.0,511.0,SUNNY WILLIAMS,,WDE4940,80,0,25,8,,80,A
367822000,2020-08-20T16:35:55,36.97314,-76.43381,0.0,0.0,238.0,USNS SHUGHART,IMO7825394,NAOQ,70,5,276,32,13.0,70,A
477738200,2020-08-20T16:30:38,36.87739,-76.34953,0.1,164.4,347.0,COSCO PHILIPPINES,IMO9448762,VRGM7,70,5,334,42,14.5,72,A
366733250,2020-08-20T16:39:01,37.22900,-76.07157,1.1,156.8,511.0,ATLANTIC SURVEYOR,,WTR5417,70,15,31,7,,,A
367821000,2020-08-20T16:05:58,36.97277,-76.43367,0.0,0.0,511.0,YANO,IMO7825409,NAQH,70,0,276,32,13.0,70,A
367821000,2020-08-20T16:25:07,36.97279,-76.43367,0.0,0.0,511.0,YANO,IMO7825409,NAQH,70,0,276,32,13.0,70,A
308299000,2020-08-20T16:24:55,37.07104,-76.09704,12.8,330.9,331.0,CSL ARGOSY,IMO7915412,C6UZ9,70,0,244,32,13.5,70,A
366733250,2020-08-20T16:05:52,37.23726,-76.07706,0.7,145.1,511.0,ATLANTIC SURVEYOR,,WTR5417,70,15,31,7,,,A
215677000,2020-08-20T16:33:07,37.23881,-76.11789,0.1,51.4,151.0,RIZE,IMO9584035,9HA2781,70,1,229,32,14.5,,A
369390000,2020-08-20T16:24:05,36.87083,-76.34817,0.0,253.0,347.0,SAFMARINE MAFADI,IMO9314210,KRIJ,70,5,292,32,11.8,70,A
367861000,2020-08-20T16:12:01,36.94637,-76.32978,0.0,0.0,265.0,LARAMIE,IMO8906626,NLAR,80,5,193,29,,,A
538006982,2020-08-20T16:11:16,36.96258,-76.42365,0.0,238.5,40.0,ANTE TOPIC,IMO9737072,V7TR4,70,5,,,,,A
538006982,2020-08-20T16:32:16,36.96256,-76.42365,0.1,220.7,40.0,ANTE TOPIC,IMO9737072,V7TR4,70,5,,,,,A
305855000,2020-08-20T16:11:46,36.86427,-76.31477,0.0,242.6,226.0,BBC PEARL,IMO9504786,V2FY8,70,5,153,23,9.1,70,A
367822000,2020-08-20T16:11:55,36.97314,-76.43381,0.0,0.0,238.0,USNS SHUGHART,IMO7825394,NAOQ,70,5,276,32,13.0,70,A
369390000,2020-08-20T16:39:06,36.87101,-76.34820,0.0,7.0,347.0,SAFMARINE MAFADI,IMO9314210,KRIJ,70,5,292,32,11.8,70,A
369390000,2020-08-20T16:12:06,36.87122,-76.34807,0.0,177.0,347.0,SAFMARINE MAFADI,IMO9314210,KRIJ,70,5,292,32,11.8,70,A
366839000,2020-08-20T16:37:06,36.85347,-76.31080,0.0,0.0,39.0,CAPE RISE,IMO7530808,KAFG,70,5,197,32,10.0,,A
367932000,2020-08-20T16:12:09,36.94924,-76.32967,0.0,107.0,279.0,JOHN LENTHALL,IMO8325547,NJLN,80,5,193,29,,,A
305855000,2020-08-20T16:38:49,36.86430,-76.31477,0.0,224.8,226.0,BBC PEARL,IMO9504786,V2FY8,70,5,153,23,9.1,70,A
367359930,2020-08-20T16:26:32,36.82403,-76.28906,0.0,290.6,511.0,SUNNY WILLIAMS,,WDE4940,80,0,25,8,,80,A
308299000,2020-08-20T16:39:35,37.11820,-76.12950,13.5,331.3,330.0,CSL ARGOSY,IMO7915412,C6UZ9,70,0,244,32,13.5,70,A
367821000,2020-08-20T16:37:18,36.97280,-76.43367,0.0,0.0,511.0,YANO,IMO7825409,NAQH,70,0,276,32,13.0,70,A
369390000,2020-08-20T16:27:06,36.87101,-76.34811,0.0,326.0,347.0,SAFMARINE MAFADI,IMO9314210,KRIJ,70,5,292,32,11.8,70,A
366733250,2020-08-20T16:37:32,37.22945,-76.07182,1.1,157.2,511.0,ATLANTIC SURVEYOR,,WTR5417,70,15,31,7,,,A
477738200,2020-08-20T16:27:37,36.87749,-76.34980,0.1,235.8,347.0,COSCO PHILIPPINES,IMO9448762,VRGM7,70,5,334,42,14.5,72,A
215677000,2020-08-20T16:27:03,37.23884,-76.11788,0.1,51.4,151.0,RIZE,IMO9584035,9HA2781,70,1,229,32,14.5,,A
538006982,2020-08-20T16:38:16,36.96258,-76.42365,0.0,247.3,40.0,ANTE TOPIC,IMO9737072,V7TR4,70,5,,,,,A
367932000,2020-08-20T16:27:08,36.94917,-76.32957,0.0,107.0,279.0,JOHN LENTHALL,IMO8325547,NJLN,80,5,193,29,,,A
477738200,2020-08-20T16:39:37,36.87748,-76.34980,0.1,192.9,347.0,COSCO PHILIPPINES,IMO9448762,VRGM7,70,5,334,42,14.5,72,A
368026000,2020-08-20T16:39:21,36.86577,-76.31604,0.0,270.5,2.0,BENAVIDEZ,IMO9218210,NBHG,70,5,289,32,10.9,70,A
538002652,2020-08-20T16:36:52,36.87947,-76.32642,0.0,16.0,277.0,NAIAS,IMO9330800,V7KN8,70,5,225,32,14.0,70,A
366839000,2020-08-20T16:28:06,36.85346,-76.31084,0.0,0.0,39.0,CAPE RISE,IMO7530808,KAFG,70,5,197,32,10.0,,A
366733250,2020-08-20T16:41:11,37.22837,-76.07116,1.1,154.8,511.0,ATLANTIC SURVEYOR,,WTR5417,70,15,31,7,,,A
367359930,2020-08-20T16:40:53,36.82406,-76.28905,0.0,304.2,511.0,SUNNY WILLIAMS,,WDE4940,80,0,25,8,,80,A
366839000,2020-08-20T16:40:07,36.85350,-76.31082,0.0,0.0,39.0,CAPE RISE,IMO7530808,KAFG,70,5,197,32,10.0,,A
368026000,2020-08-20T16:09:22,36.86577,-76.31605,0.0,270.5,2.0,BENAVIDEZ,IMO9218210,NBHG,70,5,289,32,10.9,70,A
308299000,2020-08-20T16:15:44,37.04454,-76.07263,12.8,324.7,324.0,CSL ARGOSY,IMO7915412,C6UZ9,70,0,244,32,13.5,70,A
367821000,2020-08-20T16:09:48,36.97278,-76.43367,0.0,0.0,511.0,YANO,IMO7825409,NAQH,70,0,276,32,13.0,70,A
305855000,2020-08-20T16:41:48,36.86429,-76.31476,0.0,239.6,226.0,BBC PEARL,IMO9504786,V2FY8,70,5,153,23,9.1,70,A
367861000,2020-08-20T16:15:00,36.94636,-76.32982,0.0,0.0,265.0,LARAMIE,IMO8906626,NLAR,80,5,193,29,,,A
338403000,2020-08-20T16:15:55,36.92477,-76.32986,0.4,95.3,352.0,MAERSK HARTFORD,IMO9333008,WMHA,70,0,299,40,14.5,,A
367821000,2020-08-20T16:39:57,36.97280,-76.43366,0.0,0.0,511.0,YANO,IMO7825409,NAQH,70,0,276,32,13.0,70,A
367821000,2020-08-20T16:15:38,36.97279,-76.43367,0.0,0.0,511.0,YANO,IMO7825409,NAQH,70,0,276,32,13.0,70,A
477738200,2020-08-20T16:15:40,36.87752,-76.34982,0.1,205.2,347.0,COSCO PHILIPPINES,IMO9448762,VRGM7,70,5,334,42,14.5,72,A
369390000,2020-08-20T16:45:05,36.87100,-76.34817,0.1,266.0,347.0,SAFMARINE MAFADI,IMO9314210,KRIJ,70,5,292,32,11.8,70,A
308299000,2020-08-20T16:40:45,37.12204,-76.13215,13.6,330.7,330.0,CSL ARGOSY,IMO7915412,C6UZ9,70,0,244,32,13.5,70,A
338403000,2020-08-20T16:11:55,36.92550,-76.33062,1.4,146.5,343.0,MAERSK HARTFORD,IMO9333008,WMHA,70,0,299,40,14.5,,A
477738200,2020-08-20T16:42:38,36.87749,-76.34978,0.1,248.7,347.0,COSCO PHILIPPINES,IMO9448762,VRGM7,70,5,334,42,14.5,72,A
367359930,2020-08-20T16:44:53,36.82408,-76.28905,0.0,302.9,511.0,SUNNY WILLIAMS,,WDE4940,80,0,25,8,,80,A
368026000,2020-08-20T16:42:21,36.86578,-76.31602,0.0,270.5,2.0,BENAVIDEZ,IMO9218210,NBHG,70,5,289,32,10.9,70,A
366839000,2020-08-20T16:43:06,36.85348,-76.31081,0.0,0.0,39.0,CAPE RISE,IMO7530808,KAFG,70,5,197,32,10.0,,A
367932000,2020-08-20T16:42:07,36.94921,-76.32967,0.0,107.0,279.0,JOHN LENTHALL,IMO8325547,NJLN,80,5,193,29,,,A
338403000,2020-08-20T16:43:22,36.92474,-76.32964,0.0,101.9,355.0,MAERSK HARTFORD,IMO9333008,WMHA,70,5,299,40,14.5,,A
367359930,2020-08-20T16:46:03,36.82407,-76.28905,0.0,292.9,511.0,SUNNY WILLIAMS,,WDE4940,80,0,25,8,,80,A
369390000,2020-08-20T16:30:05,36.87100,-76.34817,0.0,64.0,347.0,SAFMARINE MAFADI,IMO9314210,KRIJ,70,5,292,32,11.8,70,A
367821000,2020-08-20T16:42:38,36.97280,-76.43366,0.0,0.0,511.0,YANO,IMO7825409,NAQH,70,0,276,32,13.0,70,A
477196100,2020-08-20T16:12:55,37.19708,-76.13541,0.1,236.8,144.0,DARYA MA,IMO9591674,VRJH5,70,1,229,32,14.5,,A
538002652,2020-08-20T16:30:51,36.87945,-76.32642,0.0,16.0,277.0,NAIAS,IMO9330800,V7KN8,70,5,225,32,14.0,70,A
367821000,2020-08-20T16:44:48,36.97280,-76.43366,0.0,0.0,511.0,YANO,IMO7825409,NAQH,70,0,276,32,13.0,70,A
308299000,2020-08-20T16:13:34,37.03831,-76.06691,12.8,323.0,324.0,CSL ARGOSY,IMO7915412,C6UZ9,70,0,244,32,13.5,70,A
366733250,2020-08-20T16:47:02,37.22656,-76.06995,1.4,154.2,511.0,ATLANTIC SURVEYOR,,WTR5417,70,15,31,7,,,A
308299000,2020-08-20T16:33:24,37.09806,-76.11572,13.3,331.0,332.0,CSL ARGOSY,IMO7915412,C6UZ9,70,0,244,32,13.5,70,A
538006982,2020-08-20T16:14:16,36.96258,-76.42366,0.0,238.5,40.0,ANTE TOPIC,IMO9737072,V7TR4,70,5,,,,,A
367932000,2020-08-20T16:45:07,36.94918,-76.32965,0.0,107.0,279.0,JOHN LENTHALL,IMO8325547,NJLN,80,5,193,29,,,A
367821000,2020-08-20T16:47:48,36.97279,-76.43366,0.0,0.0,511.0,YANO,IMO7825409,NAQH,70,0,276,32,13.0,70,A
366733250,2020-08-20T16:44:11,37.22745,-76.07058,1.2,150.2,511.0,ATLANTIC SURVEYOR,,WTR5417,70,15,31,7,,,A
369390000,2020-08-20T16:15:05,36.87083,-76.34817,0.1,222.0,347.0,SAFMARINE MAFADI,IMO9314210,KRIJ,70,5,292,32,11.8,70,A
477196100,2020-08-20T16:48:51,37.19688,-76.13559,0.0,238.6,136.0,DARYA MA,IMO9591674,VRJH5,70,1,229,32,14.5,,A
538002652,2020-08-20T16:42:52,36.87947,-76.32642,0.0,16.0,277.0,NAIAS,IMO9330800,V7KN8,70,5,225,32,14.0,70,A
308299000,2020-08-20T16:20:44,37.05874,-76.08662,13.0,321.2,322.0,CSL ARGOSY,IMO7915412,C6UZ9,70,0,244,32,13.5,70,A
305855000,2020-08-20T16:44:46,36.86428,-76.31477,0.0,200.1,226.0,BBC PEARL,IMO9504786,V2FY8,70,5,153,23,9.1,70,A
366839000,2020-08-20T16:49:07,36.85346,-76.31082,0.0,0.0,39.0,CAPE RISE,IMO7530808,KAFG,70,5,197,32,10.0,,A
366839000,2020-08-20T16:16:06,36.85350,-76.31081,0.0,0.0,39.0,CAPE RISE,IMO7530808,KAFG,70,5,197,32,10.0,,A
215677000,2020-08-20T16:21:07,37.23891,-76.11793,0.1,51.4,150.0,RIZE,IMO9584035,9HA2781,70,1,229,32,14.5,,A
305855000,2020-08-20T16:20:48,36.86428,-76.31477,0.0,240.6,226.0,BBC PEARL,IMO9504786,V2FY8,70,5,153,23,9.1,70,A
367932000,2020-08-20T16:21:08,36.94911,-76.32969,0.0,107.0,279.0,JOHN LENTHALL,IMO8325547,NJLN,80,5,193,29,,,A
538002652,2020-08-20T16:45:50,36.87947,-76.32643,0.0,16.0,277.0,NAIAS,IMO9330800,V7KN8,70,5,225,32,14.0,70,A
308299000,2020-08-20T16:47:24,37.14363,-76.14735,13.1,340.9,343.0,CSL ARGOSY,IMO7915412,C6UZ9,70,0,244,32,13.5,70,A
366839000,2020-08-20T16:34:03,36.85348,-76.31079,0.0,0.0,39.0,CAPE RISE,IMO7530808,KAFG,70,5,197,32,10.0,,A
338403000,2020-08-20T16:34:27,36.92477,-76.32972,0.0,355.0,355.0,MAERSK HARTFORD,IMO9333008,WMHA,70,5,299,40,14.5,,A
338403000,2020-08-20T16:49:24,36.92477,-76.32974,0.0,101.9,355.0,MAERSK HARTFORD,IMO9333008,WMHA,70,5,299,40,14.5,,A
367359930,2020-08-20T16:49:53,36.82406,-76.28906,0.0,290.3,511.0,SUNNY WILLIAMS,,WDE4940,80,0,25,8,,80,A
477196100,2020-08-20T16:18:55,37.19694,-76.13566,0.1,238.6,138.0,DARYA MA,IMO9591674,VRJH5,70,1,229,32,14.5,,A
367821000,2020-08-20T16:52:27,36.97283,-76.43366,0.0,0.0,511.0,YANO,IMO7825409,NAQH,70,0,276,32,13.0,70,A
367932000,2020-08-20T16:48:07,36.94916,-76.32965,0.0,107.0,279.0,JOHN LENTHALL,IMO8325547,NJLN,80,5,193,29,,,A
308299000,2020-08-20T16:52:54,37.16322,-76.15202,13.3,352.6,354.0,CSL ARGOSY,IMO7915412,C6UZ9,70,0,244,32,13.5,70,A
367359930,2020-08-20T16:53:01,36.82406,-76.28907,0.0,302.2,511.0,SUNNY WILLIAMS,,WDE4940,80,0,25,8,,80,A
369390000,2020-08-20T16:36:06,36.87108,-76.34820,0.0,349.0,347.0,SAFMARINE MAFADI,IMO9314210,KRIJ,70,5,292,32,11.8,70,A
366733250,2020-08-20T16:49:22,37.22579,-76.06942,1.3,148.5,511.0,ATLANTIC SURVEYOR,,WTR5417,70,15,31,7,,,A
367861000,2020-08-20T16:51:01,36.94638,-76.32984,0.0,0.0,265.0,LARAMIE,IMO8906626,NLAR,80,5,193,29,,,A
366839000,2020-08-20T16:52:08,36.85346,-76.31081,0.0,0.0,39.0,CAPE RISE,IMO7530808,KAFG,70,5,197,32,10.0,,A
367821000,2020-08-20T16:55:18,36.97283,-76.43365,0.0,0.0,511.0,YANO,IMO7825409,NAQH,70,0,276,32,13.0,70,A
366733250,2020-08-20T16:20:03,37.23414,-76.07467,0.9,157.2,511.0,ATLANTIC SURVEYOR,,WTR5417,70,15,31,7,,,A
366733250,2020-08-20T16:21:11,37.23388,-76.07450,0.9,153.2,511.0,ATLANTIC SURVEYOR,,WTR5417,70,15,31,7,,,A
338403000,2020-08-20T16:20:36,36.92477,-76.32969,0.0,354.5,354.0,MAERSK HARTFORD,IMO9333008,WMHA,70,0,299,40,14.5,,A
367822000,2020-08-20T16:47:56,36.97313,-76.43381,0.0,0.0,239.0,USNS SHUGHART,IMO7825394,NAOQ,70,5,276,32,13.0,70,A
477196100,2020-08-20T16:36:54,37.19682,-76.13568,0.1,238.6,130.0,DARYA MA,IMO9591674,VRJH5,70,1,229,32,14.5,,A
367822000,2020-08-20T16:53:56,36.97313,-76.43382,0.0,0.0,238.0,USNS SHUGHART,IMO7825394,NAOQ,70,5,276,32,13.0,70,A
367861000,2020-08-20T16:54:00,36.94640,-76.32977,0.0,0.0,265.0,LARAMIE,IMO8906626,NLAR,80,5,193,29,,,A
368026000,2020-08-20T16:48:20,36.86574,-76.31605,0.0,270.5,2.0,BENAVIDEZ,IMO9218210,NBHG,70,5,289,32,10.9,70,A
367359930,2020-08-20T16:38:03,36.82405,-76.28904,0.0,297.6,511.0,SUNNY WILLIAMS,,WDE4940,80,0,25,8,,80,A
369390000,2020-08-20T16:48:04,36.87093,-76.34821,0.0,20.0,347.0,SAFMARINE MAFADI,IMO9314210,KRIJ,70,5,292,32,11.8,70,A
477738200,2020-08-20T16:48:39,36.87747,-76.34979,0.1,175.7,347.0,COSCO PHILIPPINES,IMO9448762,VRGM7,70,5,334,42,14.5,72,A
367359930,2020-08-20T16:39:43,36.82406,-76.28905,0.0,298.9,511.0,SUNNY WILLIAMS,,WDE4940,80,0,25,8,,80,A
305855000,2020-08-20T16:53:47,36.86429,-76.31475,0.0,310.3,226.0,BBC PEARL,IMO9504786,V2FY8,70,5,153,23,9.1,70,A
367932000,2020-08-20T16:51:08,36.94915,-76.32964,0.0,107.0,279.0,JOHN LENTHALL,IMO8325547,NJLN,80,5,193,29,,,A
366733250,2020-08-20T16:53:42,37.22430,-76.06843,1.3,154.7,511.0,ATLANTIC SURVEYOR,,WTR5417,70,15,31,7,,,A
367822000,2020-08-20T16:38:55,36.97314,-76.43381,0.0,0.0,238.0,USNS SHUGHART,IMO7825394,NAOQ,70,5,276,32,13.0,70,A
338403000,2020-08-20T16:52:25,36.92485,-76.32973,0.0,355.6,355.0,MAERSK HARTFORD,IMO9333008,WMHA,70,5,299,40,14.5,,A
367932000,2020-08-20T16:54:07,36.94908,-76.32971,0.0,107.0,279.0,JOHN LENTHALL,IMO8325547,NJLN,80,5,193,29,,,A
538002652,2020-08-20T16:54:49,36.87938,-76.32647,0.0,16.0,276.0,NAIAS,IMO9330800,V7KN8,70,5,225,32,14.0,70,A
538006982,2020-08-20T16:56:16,36.96257,-76.42365,0.0,189.1,40.0,ANTE TOPIC,IMO9737072,V7TR4,70,5,,,,,A
538006982,2020-08-20T16:53:16,36.96259,-76.42364,0.0,303.5,40.0,ANTE TOPIC,IMO9737072,V7TR4,70,5,,,,,A
538002652,2020-08-20T16:39:50,36.87947,-76.32642,0.0,16.0,277.0,NAIAS,IMO9330800,V7KN8,70,5,225,32,14.0,70,A
367821000,2020-08-20T16:41:27,36.97280,-76.43366,0.0,0.0,511.0,YANO,IMO7825409,NAQH,70,0,276,32,13.0,70,A
215677000,2020-08-20T16:51:06,37.23881,-76.11781,0.1,144.2,143.0,RIZE,IMO9584035,9HA2781,70,1,229,32,14.5,,A
369390000,2020-08-20T16:54:05,36.87083,-76.34817,0.0,319.0,347.0,SAFMARINE MAFADI,IMO9314210,KRIJ,70,5,292,32,11.8,70,A
477196100,2020-08-20T16:39:56,37.19683,-76.13563,0.1,238.6,131.0,DARYA MA,IMO9591674,VRJH5,70,1,229,32,14.5,,A
368026000,2020-08-20T16:57:20,36.86577,-76.31606,0.0,270.5,2.0,BENAVIDEZ,IMO9218210,NBHG,70,5,289,32,10.9,70,A
367359930,2020-08-20T16:54:23,36.82407,-76.28906,0.0,305.9,511.0,SUNNY WILLIAMS,,WDE4940,80,0,25,8,,80,A
366839000,2020-08-20T16:58:06,36.85348,-76.31083,0.0,0.0,39.0,CAPE RISE,IMO7530808,KAFG,70,5,197,32,10.0,,A
308299000,2020-08-20T16:43:04,37.12948,-76.13770,13.5,328.7,328.0,CSL ARGOSY,IMO7915412,C6UZ9,70,0,244,32,13.5,70,A
369390000,2020-08-20T16:57:06,36.87092,-76.34820,0.0,265.0,347.0,SAFMARINE MAFADI,IMO9314210,KRIJ,70,5,292,32,11.8,70,A
366733250,2020-08-20T16:54:51,37.22389,-76.06817,1.4,151.3,511.0,ATLANTIC SURVEYOR,,WTR5417,70,15,31,7,,,A
538002652,2020-08-20T16:24:52,36.87948,-76.32643,0.0,16.0,277.0,NAIAS,IMO9330800,V7KN8,70,5,225,32,14.0,70,A
215677000,2020-08-20T16:42:10,37.23890,-76.11806,0.1,316.1,144.0,RIZE,IMO9584035,9HA2781,70,1,229,32,14.5,,A
369390000,2020-08-20T16:42:05,36.87133,-76.34817,0.0,307.0,347.0,SAFMARINE MAFADI,IMO9314210,KRIJ,70,5,292,32,11.8,70,A
477738200,2020-08-20T16:57:36,36.87751,-76.34979,0.1,261.1,347.0,COSCO PHILIPPINES,IMO9448762,VRGM7,70,5,334,42,14.5,72,A
366733250,2020-08-20T16:25:51,37.23274,-76.07375,1.1,152.9,511.0,ATLANTIC SURVEYOR,,WTR5417,70,15,31,7,,,A
367861000,2020-08-20T16:27:00,36.94635,-76.32981,0.0,0.0,265.0,LARAMIE,IMO8906626,NLAR,80,5,193,29,,,A
367932000,2020-08-20T16:57:08,36.94912,-76.32966,0.0,107.0,279.0,JOHN LENTHALL,IMO8325547,NJLN,80,5,193,29,,,A
477196100,2020-08-20T16:27:54,37.19680,-76.13571,0.0,238.6,132.0,DARYA MA,IMO9591674,VRJH5,70,1,229,32,14.5,,A
305855000,2020-08-20T16:59:49,36.86429,-76.31476,0.0,304.8,226.0,BBC PEARL,IMO9504786,V2FY8,70,5,153,23,9.1,70,A
366733250,2020-08-20T16:59:32,37.22219,-76.06711,1.4,156.5,511.0,ATLANTIC SURVEYOR,,WTR5417,70,15,31,7,,,A
366733250,2020-08-20T16:45:32,37.22703,-76.07029,1.3,151.8,511.0,ATLANTIC SURVEYOR,,WTR5417,70,15,31,7,,,A
366733250,2020-08-20T16:29:01,37.23190,-76.07322,1.1,157.8,511.0,ATLANTIC SURVEYOR,,WTR5417,70,15,31,7,,,A
308299000,2020-08-20T17:00:06,37.18949,-76.15352,12.9,13.5,17.0,CSL ARGOSY,IMO7915412,C6UZ9,70,0,244,32,13.5,70,A
367821000,2020-08-20T16:56:27,36.97283,-76.43365,0.0,0.0,511.0,YANO,IMO7825409,NAQH,70,0,276,32,13.0,70,A
308299000,2020-08-20T16:29:34,37.08570,-76.10722,13.1,331.1,331.0,CSL ARGOSY,IMO7915412,C6UZ9,70,0,244,32,13.5,70,A
338403000,2020-08-20T16:28:25,36.92481,-76.32971,0.0,101.9,354.0,MAERSK HARTFORD,IMO9333008,WMHA,70,5,299,40,14.5,,A
538006982,2020-08-20T16:59:16,36.96258,-76.42365,0.0,189.1,40.0,ANTE TOPIC,IMO9737072,V7TR4,70,5,,,,,A
367861000,2020-08-20T16:48:00,36.94639,-76.32976,0.0,0.0,265.0,LARAMIE,IMO8906626,NLAR,80,5,193,29,,,A
367821000,2020-08-20T17:01:18,36.97283,-76.43365,0.0,0.0,511.0,YANO,IMO7825409,NAQH,70,0,276,32,13.0,70,A
366733250,2020-08-20T17:00:02,37.22201,-76.06703,1.4,157.4,511.0,ATLANTIC SURVEYOR,,WTR5417,70,15,31,7,,,A
366733250,2020-08-20T17:01:12,37.22159,-76.06676,1.4,156.6,511.0,ATLANTIC SURVEYOR,,WTR5417,70,15,31,7,,,A
538002652,2020-08-20T17:00:51,36.87945,-76.32642,0.0,16.0,276.0,NAIAS,IMO9330800,V7KN8,70,5,225,32,14.0,70,A
215677000,2020-08-20T17:01:14,37.23759,-76.11562,3.0,142.2,179.0,RIZE,IMO9584035,9HA2781,70,1,229,32,14.5,,A
367932000,2020-08-20T16:30:08,36.94917,-76.32960,0.0,107.0,279.0,JOHN LENTHALL,IMO8325547,NJLN,80,5,193,29,,,A
477738200,2020-08-20T17:00:36,36.87752,-76.34981,0.1,251.2,347.0,COSCO PHILIPPINES,IMO9448762,VRGM7,70,5,334,42,14.5,72,A
538006982,2020-08-20T17:02:16,36.96259,-76.42364,0.0,189.1,40.0,ANTE TOPIC,IMO9737072,V7TR4,70,5,,,,,A
366733250,2020-08-20T16:56:02,37.22346,-76.06793,1.4,153.9,511.0,ATLANTIC SURVEYOR,,WTR5417,70,15,31,7,,,A
215677000,2020-08-20T17:02:24,37.23671,-76.11517,3.0,168.1,201.0,RIZE,IMO9584035,9HA2781,70,1,229,32,14.5,,A
367821000,2020-08-20T17:02:27,36.97283,-76.43365,0.0,0.0,511.0,YANO,IMO7825409,NAQH,70,0,276,32,13.0,70,A
367821000,2020-08-20T17:03:37,36.97284,-76.43365,0.0,0.0,511.0,YANO,IMO7825409,NAQH,70,0,276,32,13.0,70,A
338403000,2020-08-20T17:01:24,36.92482,-76.32970,0.0,355.6,355.0,MAERSK HARTFORD,IMO9333008,WMHA,70,5,299,40,14.5,,A
368026000,2020-08-20T16:30:20,36.86577,-76.31604,0.0,270.5,2.0,BENAVIDEZ,IMO9218210,NBHG,70,5,289,32,10.9,70,A
215677000,2020-08-20T16:48:11,37.23886,-76.11788,0.1,316.1,144.0,RIZE,IMO9584035,9HA2781,70,1,229,32,14.5,,A
366733250,2020-08-20T16:32:21,37.23096,-76.07266,1.1,156.9,511.0,ATLANTIC SURVEYOR,,WTR5417,70,15,31,7,,,A
308299000,2020-08-20T17:02:26,37.19743,-76.15081,13.0,14.4,18.0,CSL ARGOSY,IMO7915412,C6UZ9,70,0,244,32,13.5,70,A
367861000,2020-08-20T17:00:00,36.94639,-76.32980,0.0,0.0,265.0,LARAMIE,IMO8906626,NLAR,80,5,193,29,,,A
367359930,2020-08-20T16:31:53,36.82403,-76.28904,0.0,286.9,511.0,SUNNY WILLIAMS,,WDE4940,80,0,25,8,,80,A
367932000,2020-08-20T16:33:07,36.94911,-76.32967,0.0,107.0,279.0,JOHN LENTHALL,IMO8325547,NJLN,80,5,193,29,,,A
538006982,2020-08-20T17:05:16,36.96257,-76.42363,0.0,189.1,40.0,ANTE TOPIC,IMO9737072,V7TR4,70,5,,,,,A
305855000,2020-08-20T16:32:46,36.86429,-76.31476,0.0,215.6,226.0,BBC PEARL,IMO9504786,V2FY8,70,5,153,23,9.1,70,A
366733250,2020-08-20T16:33:32,37.23061,-76.07245,1.1,157.0,511.0,ATLANTIC SURVEYOR,,WTR5417,70,15,31,7,,,A
366839000,2020-08-20T17:04:07,36.85346,-76.31085,0.0,0.0,39.0,CAPE RISE,IMO7530808,KAFG,70,5,197,32,10.0,,A
308299000,2020-08-20T17:04:54,37.20598,-76.14749,13.1,17.5,19.0,CSL ARGOSY,IMO7915412,C6UZ9,70,0,244,32,13.5,70,A
368026000,2020-08-20T16:33:21,36.86577,-76.31606,0.0,270.5,2.0,BENAVIDEZ,IMO9218210,NBHG,70,5,289,32,10.9,70,A
308299000,2020-08-20T16:35:25,37.10456,-76.12019,13.4,332.0,331.0,CSL ARGOSY,IMO7915412,C6UZ9,70,0,244,32,13.5,70,A
367821000,2020-08-20T16:35:18,36.97280,-76.43367,0.0,0.0,511.0,YANO,IMO7825409,NAQH,70,0,276,32,13.0,70,A
366733250,2020-08-20T17:05:41,37.21992,-76.06570,1.6,151.2,511.0,ATLANTIC SURVEYOR,,WTR5417,70,15,31,7,,,A
366733250,2020-08-20T16:52:31,37.22471,-76.06869,1.3,152.3,511.0,ATLANTIC SURVEYOR,,WTR5417,70,15,31,7,,,A
366839000,2020-08-20T17:07:03,36.85347,-76.31084,0.0,0.0,39.0,CAPE RISE,IMO7530808,KAFG,70,5,197,32,10.0,,A
538006982,2020-08-20T16:50:16,36.96260,-76.42363,0.1,298.8,40.0,ANTE TOPIC,IMO9737072,V7TR4,70,5,,,,,A
367359930,2020-08-20T17:06:01,36.82406,-76.28905,0.0,313.2,511.0,SUNNY WILLIAMS,,WDE4940,80,0,25,8,,80,A
308299000,2020-08-20T17:06:05,37.21015,-76.14581,13.2,18.5,19.0,CSL ARGOSY,IMO7915412,C6UZ9,70,0,244,32,13.5,70,A
368026000,2020-08-20T16:51:21,36.86576,-76.31603,0.0,270.5,2.0,BENAVIDEZ,IMO9218210,NBHG,70,5,289,32,10.9,70,A
215677000,2020-08-20T17:07:05,37.23322,-76.11853,4.6,236.5,238.0,RIZE,IMO9584035,9HA2781,70,0,229,32,14.5,,A
477196100,2020-08-20T17:00:54,37.19694,-76.13543,0.1,238.6,138.0,DARYA MA,IMO9591674,VRJH5,70,1,229,32,14.5,,A
538006982,2020-08-20T16:35:16,36.96257,-76.42365,0.0,247.3,40.0,ANTE TOPIC,IMO9737072,V7TR4,70,5,,,,,A
366733250,2020-08-20T16:36:22,37.22980,-76.07199,1.1,153.5,511.0,ATLANTIC SURVEYOR,,WTR5417,70,15,31,7,,,A
367359930,2020-08-20T16:36:43,36.82404,-76.28906,0.0,296.1,511.0,SUNNY WILLIAMS,,WDE4940,80,0,25,8,,80,A
477738200,2020-08-20T16:36:38,36.87751,-76.34973,0.0,195.7,347.0,COSCO PHILIPPINES,IMO9448762,VRGM7,70,5,334,42,14.5,72,A
477738200,2020-08-20T16:54:38,36.87750,-76.34980,0.1,260.4,347.0,COSCO PHILIPPINES,IMO9448762,VRGM7,70,5,334,42,14.5,72,A
215677000,2020-08-20T16:54:11,37.23870,-76.11770,0.2,140.7,141.0,RIZE,IMO9584035,9HA2781,70,1,229,32,14.5,,A
305855000,2020-08-20T17:08:47,36.86428,-76.31475,0.0,203.6,227.0,BBC PEARL,IMO9504786,V2FY8,70,5,153,23,9.1,70,A
308299000,2020-08-20T16:38:25,37.11434,-76.12686,13.5,331.4,330.0,CSL ARGOSY,IMO7915412,C6UZ9,70,0,244,32,13.5,70,A
366839000,2020-08-20T16:55:09,36.85346,-76.31078,0.0,0.0,39.0,CAPE RISE,IMO7530808,KAFG,70,5,197,32,10.0,,A
367359930,2020-08-20T17:10:42,36.82405,-76.28905,0.0,288.2,511.0,SUNNY WILLIAMS,,WDE4940,80,0,25,8,,80,A
477738200,2020-08-20T17:03:38,36.87749,-76.34980,0.1,174.0,347.0,COSCO PHILIPPINES,IMO9448762,VRGM7,70,5,334,42,14.5,72,A
338403000,2020-08-20T16:37:24,36.92477,-76.32977,0.0,101.9,355.0,MAERSK HARTFORD,IMO9333008,WMHA,70,5,299,40,14.5,,A
368026000,2020-08-20T17:09:21,36.86576,-76.31604,0.0,270.5,2.0,BENAVIDEZ,IMO9218210,NBHG,70,5,289,32,10.9,70,A
367359930,2020-08-20T16:56:42,36.82406,-76.28908,0.0,313.0,511.0,SUNNY WILLIAMS,,WDE4940,80,0,25,8,,80,A
338403000,2020-08-20T17:04:25,36.92476,-76.32971,0.0,101.9,355.0,MAERSK HARTFORD,IMO9333008,WMHA,70,5,299,40,14.5,,A
367821000,2020-08-20T17:10:47,36.97284,-76.43365,0.0,0.0,511.0,YANO,IMO7825409,NAQH,70,0,276,32,13.0,70,A
367861000,2020-08-20T16:39:01,36.94635,-76.32985,0.0,0.0,265.0,LARAMIE,IMO8906626,NLAR,80,5,193,29,,,A
477196100,2020-08-20T17:03:50,37.19696,-76.13541,0.1,238.6,139.0,DARYA MA,IMO9591674,VRJH5,70,1,229,32,14.5,,A
305855000,2020-08-20T17:11:46,36.86429,-76.31475,0.0,279.5,226.0,BBC PEARL,IMO9504786,V2FY8,70,5,153,23,9.1,70,A
367359930,2020-08-20T17:11:53,36.82405,-76.28905,0.0,285.3,511.0,SUNNY WILLIAMS,,WDE4940,80,0,25,8,,80,A
367359930,2020-08-20T17:04:52,36.82405,-76.28906,0.0,316.6,511.0,SUNNY WILLIAMS,,WDE4940,80,0,25,8,,80,A
215677000,2020-08-20T17:11:46,37.22939,-76.12665,7.3,238.9,239.0,RIZE,IMO9584035,9HA2781,70,0,229,32,14.5,,A
477196100,2020-08-20T16:57:56,37.19695,-76.13548,0.1,238.6,137.0,DARYA MA,IMO9591674,VRJH5,70,1,229,32,14.5,,A
367821000,2020-08-20T17:11:58,36.97284,-76.43365,0.0,0.0,511.0,YANO,IMO7825409,NAQH,70,0,276,32,13.0,70,A
367861000,2020-08-20T17:12:00,36.94640,-76.32980,0.0,0.0,265.0,LARAMIE,IMO8906626,NLAR,80,5,193,29,,,A
308299000,2020-08-20T17:13:15,37.23502,-76.13539,13.2,18.5,19.0,CSL ARGOSY,IMO7915412,C6UZ9,70,0,244,32,13.5,70,A
366733250,2020-08-20T17:12:02,37.21739,-76.06407,1.7,155.9,511.0,ATLANTIC SURVEYOR,,WTR5417,70,15,31,7,,,A
477738200,2020-08-20T17:12:37,36.87750,-76.34981,0.0,311.3,347.0,COSCO PHILIPPINES,IMO9448762,VRGM7,70,5,334,42,14.5,72,A
538002652,2020-08-20T17:12:50,36.87942,-76.32642,0.0,16.0,276.0,NAIAS,IMO9330800,V7KN8,70,5,225,32,14.0,70,A
308299000,2020-08-20T16:41:55,37.12584,-76.13493,13.5,329.0,328.0,CSL ARGOSY,IMO7915412,C6UZ9,70,0,244,32,13.5,70,A
369390000,2020-08-20T17:12:05,36.87100,-76.34817,0.0,123.0,347.0,SAFMARINE MAFADI,IMO9314210,KRIJ,70,5,292,32,11.8,70,A
477196100,2020-08-20T17:12:55,37.19698,-76.13540,0.1,238.6,142.0,DARYA MA,IMO9591674,VRJH5,70,1,229,32,14.5,,A
366733250,2020-08-20T17:13:13,37.21691,-76.06378,1.6,152.7,511.0,ATLANTIC SURVEYOR,,WTR5417,70,15,31,7,,,A
367822000,2020-08-20T16:41:56,36.97314,-76.43381,0.0,0.0,239.0,USNS SHUGHART,IMO7825394,NAOQ,70,5,276,32,13.0,70,A
538002652,2020-08-20T17:06:51,36.87945,-76.32645,0.0,16.0,276.0,NAIAS,IMO9330800,V7KN8,70,5,225,32,14.0,70,A
338403000,2020-08-20T16:40:26,36.92481,-76.32970,0.0,101.9,355.0,MAERSK HARTFORD,IMO9333008,WMHA,70,5,299,40,14.5,,A
338403000,2020-08-20T17:13:24,36.92482,-76.32967,0.0,101.9,355.0,MAERSK HARTFORD,IMO9333008,WMHA,70,5,299,40,14.5,,A
367359930,2020-08-20T17:13:03,36.82406,-76.28905,0.0,289.6,511.0,SUNNY WILLIAMS,,WDE4940,80,0,25,8,,80,A
367359930,2020-08-20T16:42:32,36.82406,-76.28904,0.0,303.7,511.0,SUNNY WILLIAMS,,WDE4940,80,0,25,8,,80,A
366839000,2020-08-20T17:13:03,36.85349,-76.31086,0.0,0.0,39.0,CAPE RISE,IMO7530808,KAFG,70,5,197,32,10.0,,A
308299000,2020-08-20T17:14:34,37.23969,-76.13352,13.1,16.6,17.0,CSL ARGOSY,IMO7915412,C6UZ9,70,0,244,32,13.5,70,A
308299000,2020-08-20T17:07:06,37.21364,-76.14441,13.2,19.1,19.0,CSL ARGOSY,IMO7915412,C6UZ9,70,0,244,32,13.5,70,A
538006982,2020-08-20T17:08:16,36.96256,-76.42365,0.1,304.0,40.0,ANTE TOPIC,IMO9737072,V7TR4,70,5,,,,,A
367861000,2020-08-20T16:42:00,36.94639,-76.32977,0.0,0.0,265.0,LARAMIE,IMO8906626,NLAR,80,5,193,29,,,A
367821000,2020-08-20T16:43:47,36.97280,-76.43366,0.0,0.0,511.0,YANO,IMO7825409,NAQH,70,0,276,32,13.0,70,A
367821000,2020-08-20T17:14:17,36.97285,-76.43365,0.0,0.0,511.0,YANO,IMO7825409,NAQH,70,0,276,32,13.0,70,A
367821000,2020-08-20T17:15:27,36.97285,-76.43365,0.0,0.0,511.0,YANO,IMO7825409,NAQH,70,0,276,32,13.0,70,A
308299000,2020-08-20T16:45:35,37.13757,-76.14389,13.4,327.4,330.0,CSL ARGOSY,IMO7915412,C6UZ9,70,0,244,32,13.5,70,A
369390000,2020-08-20T17:00:04,36.87100,-76.34817,0.0,348.0,347.0,SAFMARINE MAFADI,IMO9314210,KRIJ,70,5,292,32,11.8,70,A
368026000,2020-08-20T17:15:21,36.86578,-76.31604,0.0,270.5,2.0,BENAVIDEZ,IMO9218210,NBHG,70,5,289,32,10.9,70,A
367821000,2020-08-20T17:00:07,36.97283,-76.43365,0.0,0.0,511.0,YANO,IMO7825409,NAQH,70,0,276,32,13.0,70,A
477738200,2020-08-20T17:09:38,36.87750,-76.34982,0.0,260.3,347.0,COSCO PHILIPPINES,IMO9448762,VRGM7,70,5,334,42,14.5,72,A
538006982,2020-08-20T16:44:16,36.96256,-76.42364,0.0,247.3,40.0,ANTE TOPIC,IMO9737072,V7TR4,70,5,,,,,A
367861000,2020-08-20T16:45:01,36.94640,-76.32980,0.0,0.0,265.0,LARAMIE,IMO8906626,NLAR,80,5,193,29,,,A
367822000,2020-08-20T16:44:55,36.97314,-76.43381,0.0,0.0,239.0,USNS SHUGHART,IMO7825394,NAOQ,70,5,276,32,13.0,70,A
366733250,2020-08-20T16:42:21,37.22801,-76.07095,1.2,153.5,511.0,ATLANTIC SURVEYOR,,WTR5417,70,15,31,7,,,A
368026000,2020-08-20T16:45:20,36.86578,-76.31605,0.0,270.5,2.0,BENAVIDEZ,IMO9218210,NBHG,70,5,289,32,10.9,70,A
215677000,2020-08-20T16:45:07,37.23892,-76.11801,0.1,316.1,144.0,RIZE,IMO9584035,9HA2781,70,1,229,32,14.5,,A
215677000,2020-08-20T17:15:55,37.22330,-76.13554,9.0,220.7,220.0,RIZE,IMO9584035,9HA2781,70,0,229,32,14.5,,A
477196100,2020-08-20T17:09:54,37.19698,-76.13543,0.0,238.6,141.0,DARYA MA,IMO9591674,VRJH5,70,1,229,32,14.5,,A
477196100,2020-08-20T16:45:54,37.19687,-76.13557,0.1,238.6,135.0,DARYA MA,IMO9591674,VRJH5,70,1,229,32,14.5,,A
215677000,2020-08-20T17:09:24,37.23157,-76.12205,5.5,239.3,239.0,RIZE,IMO9584035,9HA2781,70,0,229,32,14.5,,A
215677000,2020-08-20T17:10:35,37.23055,-76.12419,6.5,239.2,239.0,RIZE,IMO9584035,9HA2781,70,0,229,32,14.5,,A
366839000,2020-08-20T16:46:03,36.85348,-76.31079,0.0,0.0,39.0,CAPE RISE,IMO7530808,KAFG,70,5,197,32,10.0,,A
215677000,2020-08-20T17:17:05,37.22094,-76.13802,9.6,220.2,220.0,RIZE,IMO9584035,9HA2781,70,0,229,32,14.5,,A
305855000,2020-08-20T17:02:47,36.86429,-76.31477,0.0,248.7,227.0,BBC PEARL,IMO9504786,V2FY8,70,5,153,23,9.1,70,A
367359930,2020-08-20T17:16:51,36.82406,-76.28906,0.0,305.6,511.0,SUNNY WILLIAMS,,WDE4940,80,0,25,8,,80,A
369390000,2020-08-20T17:03:05,36.87083,-76.34817,0.0,20.0,347.0,SAFMARINE MAFADI,IMO9314210,KRIJ,70,5,292,32,11.8,70,A
308299000,2020-08-20T17:18:24,37.25288,-76.12878,12.8,16.5,18.0,CSL ARGOSY,IMO7915412,C6UZ9,70,0,244,32,13.5,70,A
366839000,2020-08-20T17:19:06,36.85351,-76.31086,0.0,0.0,39.0,CAPE RISE,IMO7530808,KAFG,70,5,197,32,10.0,,A
368026000,2020-08-20T17:03:21,36.86574,-76.31604,0.0,270.5,2.0,BENAVIDEZ,IMO9218210,NBHG,70,5,289,32,10.9,70,A
308299000,2020-08-20T17:11:45,37.22984,-76.13757,13.3,19.0,19.0,CSL ARGOSY,IMO7915412,C6UZ9,70,0,244,32,13.5,70,A
308299000,2020-08-20T16:48:35,37.14766,-76.14882,13.1,348.0,350.0,CSL ARGOSY,IMO7915412,C6UZ9,70,0,244,32,13.5,70,A
305855000,2020-08-20T17:17:49,36.86427,-76.31476,0.0,311.1,226.0,BBC PEARL,IMO9504786,V2FY8,70,5,153,23,9.1,70,A
308299000,2020-08-20T16:50:54,37.15600,-76.15080,13.2,351.8,353.0,CSL ARGOSY,IMO7915412,C6UZ9,70,0,244,32,13.5,70,A
308299000,2020-08-20T17:19:35,37.25696,-76.12728,12.8,15.7,17.0,CSL ARGOSY,IMO7915412,C6UZ9,70,0,244,32,13.5,70,A
215677000,2020-08-20T17:18:45,37.21740,-76.14173,9.9,215.6,209.0,RIZE,IMO9584035,9HA2781,70,0,229,32,14.5,,A
367359930,2020-08-20T17:20:52,36.82404,-76.28905,0.0,293.2,511.0,SUNNY WILLIAMS,,WDE4940,80,0,25,8,,80,A
367359930,2020-08-20T16:48:43,36.82406,-76.28905,0.0,283.2,511.0,SUNNY WILLIAMS,,WDE4940,80,0,25,8,,80,A
367821000,2020-08-20T17:19:27,36.97281,-76.43362,0.0,0.0,511.0,YANO,IMO7825409,NAQH,70,0,276,32,13.0,70,A
215677000,2020-08-20T17:20:25,37.21355,-76.14406,8.8,198.0,197.0,RIZE,IMO9584035,9HA2781,70,0,229,32,14.5,,A
477196100,2020-08-20T16:51:55,37.19690,-76.13556,0.1,238.6,137.0,DARYA MA,IMO9591674,VRJH5,70,1,229,32,14.5,,A
367822000,2020-08-20T17:05:56,36.97313,-76.43384,0.0,0.0,238.0,USNS SHUGHART,IMO7825394,NAOQ,70,5,276,32,13.0,70,A
368026000,2020-08-20T17:06:21,36.86575,-76.31603,0.0,270.5,2.0,BENAVIDEZ,IMO9218210,NBHG,70,5,289,32,10.9,70,A
367861000,2020-08-20T17:06:00,36.94640,-76.32976,0.0,0.0,265.0,LARAMIE,IMO8906626,NLAR,80,5,193,29,,,A
367821000,2020-08-20T17:05:57,36.97284,-76.43365,0.0,0.0,511.0,YANO,IMO7825409,NAQH,70,0,276,32,13.0,70,A
367932000,2020-08-20T17:21:08,36.94919,-76.32970,0.0,107.0,279.0,JOHN LENTHALL,IMO8325547,NJLN,80,5,193,29,,,A
308299000,2020-08-20T17:21:14,37.26251,-76.12529,12.7,16.5,18.0,CSL ARGOSY,IMO7915412,C6UZ9,70,0,244,32,13.5,70,A
305855000,2020-08-20T16:50:49,36.86428,-76.31475,0.0,241.6,226.0,BBC PEARL,IMO9504786,V2FY8,70,5,153,23,9.1,70,A
477738200,2020-08-20T17:06:40,36.87750,-76.34985,0.0,232.4,347.0,COSCO PHILIPPINES,IMO9448762,VRGM7,70,5,334,42,14.5,72,A
369390000,2020-08-20T17:06:06,36.87090,-76.34819,0.0,231.0,347.0,SAFMARINE MAFADI,IMO9314210,KRIJ,70,5,292,32,11.8,70,A
367359930,2020-08-20T17:19:42,36.82402,-76.28906,0.0,299.3,511.0,SUNNY WILLIAMS,,WDE4940,80,0,25,8,,80,A
367822000,2020-08-20T16:50:55,36.97313,-76.43382,0.0,0.0,239.0,USNS SHUGHART,IMO7825394,NAOQ,70,5,276,32,13.0,70,A
367932000,2020-08-20T17:06:08,36.94917,-76.32967,0.0,107.0,279.0,JOHN LENTHALL,IMO8325547,NJLN,80,5,193,29,,,A
369390000,2020-08-20T16:51:06,36.87089,-76.34817,0.0,297.0,347.0,SAFMARINE MAFADI,IMO9314210,KRIJ,70,5,292,32,11.8,70,A
367359930,2020-08-20T17:14:12,36.82405,-76.28904,0.0,299.6,511.0,SUNNY WILLIAMS,,WDE4940,80,0,25,8,,80,A
368026000,2020-08-20T17:21:21,36.86577,-76.31604,0.0,270.5,2.0,BENAVIDEZ,IMO9218210,NBHG,70,5,289,32,10.9,70,A
367821000,2020-08-20T17:08:28,36.97285,-76.43365,0.0,0.0,511.0,YANO,IMO7825409,NAQH,70,0,276,32,13.0,70,A
367359930,2020-08-20T17:22:52,36.82405,-76.28905,0.0,275.6,511.0,SUNNY WILLIAMS,,WDE4940,80,0,25,8,,80,A
538002652,2020-08-20T16:51:50,36.87950,-76.32637,0.0,16.0,276.0,NAIAS,IMO9330800,V7KN8,70,5,225,32,14.0,70,A
367861000,2020-08-20T17:21:00,36.94638,-76.32982,0.0,0.0,265.0,LARAMIE,IMO8906626,NLAR,80,5,193,29,,,A
308299000,2020-08-20T16:54:25,37.16875,-76.15295,13.3,353.0,353.0,CSL ARGOSY,IMO7915412,C6UZ9,70,0,244,32,13.5,70,A
538002652,2020-08-20T17:09:52,36.87947,-76.32642,0.0,16.0,276.0,NAIAS,IMO9330800,V7KN8,70,5,225,32,14.0,70,A
538002652,2020-08-20T17:21:50,36.87942,-76.32645,0.0,16.0,276.0,NAIAS,IMO9330800,V7KN8,70,5,225,32,14.0,70,A
305855000,2020-08-20T17:14:47,36.86426,-76.31475,0.0,309.6,226.0,BBC PEARL,IMO9504786,V2FY8,70,5,153,23,9.1,70,A
368026000,2020-08-20T16:54:21,36.86578,-76.31602,0.0,270.5,2.0,BENAVIDEZ,IMO9218210,NBHG,70,5,289,32,10.9,70,A
367821000,2020-08-20T17:24:07,36.97282,-76.43366,0.0,0.0,511.0,YANO,IMO7825409,NAQH,70,0,276,32,13.0,70,A
367359930,2020-08-20T17:15:42,36.82405,-76.28905,0.0,309.9,511.0,SUNNY WILLIAMS,,WDE4940,80,0,25,8,,80,A
538006982,2020-08-20T17:23:16,36.96258,-76.42364,0.0,302.8,40.0,ANTE TOPIC,IMO9737072,V7TR4,70,5,,,,,A
369390000,2020-08-20T17:15:06,36.87091,-76.34818,0.0,253.0,347.0,SAFMARINE MAFADI,IMO9314210,KRIJ,70,5,292,32,11.8,70,A
308299000,2020-08-20T17:23:35,37.27051,-76.12240,12.8,16.6,20.0,CSL ARGOSY,IMO7915412,C6UZ9,70,0,244,32,13.5,70,A
367822000,2020-08-20T16:56:56,36.97309,-76.43384,0.0,0.0,238.0,USNS SHUGHART,IMO7825394,NAOQ,70,5,276,32,13.0,70,A
305855000,2020-08-20T17:23:48,36.86428,-76.31476,0.0,306.9,226.0,BBC PEARL,IMO9504786,V2FY8,70,5,153,23,9.1,70,A
367359930,2020-08-20T16:59:52,36.82407,-76.28907,0.0,320.5,511.0,SUNNY WILLIAMS,,WDE4940,80,0,25,8,,80,A
368026000,2020-08-20T17:24:21,36.86575,-76.31605,0.0,270.5,2.0,BENAVIDEZ,IMO9218210,NBHG,70,5,289,32,10.9,70,A
538002652,2020-08-20T17:15:53,36.87943,-76.32643,0.0,16.0,276.0,NAIAS,IMO9330800,V7KN8,70,5,225,32,14.0,70,A
538002652,2020-08-20T17:24:53,36.87940,-76.32645,0.0,12.0,276.0,NAIAS,IMO9330800,V7KN8,70,5,225,32,14.0,70,A
367861000,2020-08-20T17:23:59,36.94638,-76.32981,0.0,0.0,265.0,LARAMIE,IMO8906626,NLAR,80,5,193,29,,,A
367932000,2020-08-20T17:24:08,36.94911,-76.32977,0.0,107.0,279.0,JOHN LENTHALL,IMO8325547,NJLN,80,5,193,29,,,A
215677000,2020-08-20T17:26:45,37.20067,-76.14920,7.0,198.3,199.0,RIZE,IMO9584035,9HA2781,70,0,229,32,14.5,,A
338403000,2020-08-20T17:16:25,36.92481,-76.32970,0.0,355.5,355.0,MAERSK HARTFORD,IMO9333008,WMHA,70,5,299,40,14.5,,A
308299000,2020-08-20T17:24:46,37.27447,-76.12073,12.8,19.8,20.0,CSL ARGOSY,IMO7915412,C6UZ9,70,0,244,32,13.5,70,A
367821000,2020-08-20T17:25:47,36.97283,-76.43366,0.0,0.0,511.0,YANO,IMO7825409,NAQH,70,0,276,32,13.0,70,A
367932000,2020-08-20T17:12:09,36.94920,-76.32958,0.0,107.0,279.0,JOHN LENTHALL,IMO8325547,NJLN,80,5,193,29,,,A
538006982,2020-08-20T17:17:16,36.96259,-76.42364,0.0,302.8,40.0,ANTE TOPIC,IMO9737072,V7TR4,70,5,,,,,A
477196100,2020-08-20T16:54:53,37.19691,-76.13553,0.0,238.6,137.0,DARYA MA,IMO9591674,VRJH5,70,1,229,32,14.5,,A
215677000,2020-08-20T17:25:05,37.20383,-76.14788,7.2,198.5,199.0,RIZE,IMO9584035,9HA2781,70,0,229,32,14.5,,A
367359930,2020-08-20T16:55:32,36.82408,-76.28906,0.0,311.9,511.0,SUNNY WILLIAMS,,WDE4940,80,0,25,8,,80,A
367932000,2020-08-20T17:18:09,36.94918,-76.32967,0.0,107.0,279.0,JOHN LENTHALL,IMO8325547,NJLN,80,5,193,29,,,A
367821000,2020-08-20T16:59:18,36.97283,-76.43365,0.0,0.0,511.0,YANO,IMO7825409,NAQH,70,0,276,32,13.0,70,A
305855000,2020-08-20T16:56:49,36.86427,-76.31475,0.0,305.8,226.0,BBC PEARL,IMO9504786,V2FY8,70,5,153,23,9.1,70,A
538006982,2020-08-20T17:14:16,36.96257,-76.42364,0.0,302.8,40.0,ANTE TOPIC,IMO9737072,V7TR4,70,5,,,,,A
367359930,2020-08-20T17:26:52,36.82405,-76.28903,0.0,248.0,511.0,SUNNY WILLIAMS,,WDE4940,80,0,25,8,,80,A
308299000,2020-08-20T16:59:26,37.18711,-76.15420,12.9,10.2,16.0,CSL ARGOSY,IMO7915412,C6UZ9,70,0,244,32,13.5,70,A
215677000,2020-08-20T17:14:45,37.22546,-76.13328,8.4,220.4,220.0,RIZE,IMO9584035,9HA2781,70,0,229,32,14.5,,A
215677000,2020-08-20T16:57:05,37.23860,-76.11751,0.2,128.8,139.0,RIZE,IMO9584035,9HA2781,70,1,229,32,14.5,,A
367861000,2020-08-20T16:57:01,36.94638,-76.32979,0.0,0.0,265.0,LARAMIE,IMO8906626,NLAR,80,5,193,29,,,A
538002652,2020-08-20T16:57:53,36.87943,-76.32642,0.0,16.0,276.0,NAIAS,IMO9330800,V7KN8,70,5,225,32,14.0,70,A
369390000,2020-08-20T17:27:05,36.87100,-76.34817,0.0,208.0,347.0,SAFMARINE MAFADI,IMO9314210,KRIJ,70,5,292,32,11.8,70,A
367822000,2020-08-20T17:14:55,36.97313,-76.43383,0.0,0.0,238.0,USNS SHUGHART,IMO7825394,NAOQ,70,5,276,32,13.0,70,A
367822000,2020-08-20T17:26:55,36.97314,-76.43385,0.0,0.0,238.0,USNS SHUGHART,IMO7825394,NAOQ,70,5,276,32,13.0,70,A
477738200,2020-08-20T17:27:39,36.87774,-76.34970,0.0,203.2,347.0,COSCO PHILIPPINES,IMO9448762,VRGM7,70,5,334,42,14.5,72,A
338403000,2020-08-20T16:58:23,36.92488,-76.32972,0.0,101.9,355.0,MAERSK HARTFORD,IMO9333008,WMHA,70,5,299,40,14.5,,A
367822000,2020-08-20T16:59:56,36.97312,-76.43385,0.0,0.0,238.0,USNS SHUGHART,IMO7825394,NAOQ,70,5,276,32,13.0,70,A
477738200,2020-08-20T17:15:40,36.87745,-76.34980,0.0,319.0,347.0,COSCO PHILIPPINES,IMO9448762,VRGM7,70,5,334,42,14.5,72,A
477196100,2020-08-20T17:27:53,37.19687,-76.13577,0.1,239.2,136.0,DARYA MA,IMO9591674,VRJH5,70,1,229,32,14.5,,A
367359930,2020-08-20T17:00:01,36.82406,-76.28907,0.0,321.7,511.0,SUNNY WILLIAMS,,WDE4940,80,0,25,8,,80,A
308299000,2020-08-20T17:27:54,37.28504,-76.11637,12.8,16.8,18.0,CSL ARGOSY,IMO7915412,C6UZ9,70,0,244,32,13.5,70,A
367821000,2020-08-20T17:16:38,36.97285,-76.43365,0.0,0.0,511.0,YANO,IMO7825409,NAQH,70,0,276,32,13.0,70,A
367821000,2020-08-20T17:30:47,36.97283,-76.43366,0.0,0.0,511.0,YANO,IMO7825409,NAQH,70,0,276,32,13.0,70,A
538006982,2020-08-20T17:29:16,36.96259,-76.42364,0.0,300.5,40.0,ANTE TOPIC,IMO9737072,V7TR4,70,5,,,,,A
308299000,2020-08-20T17:01:15,37.19336,-76.15221,12.9,15.6,18.0,CSL ARGOSY,IMO7915412,C6UZ9,70,0,244,32,13.5,70,A
305855000,2020-08-20T17:29:49,36.86429,-76.31475,0.0,272.5,226.0,BBC PEARL,IMO9504786,V2FY8,70,5,153,23,9.1,70,A
367821000,2020-08-20T17:18:18,36.97278,-76.43364,0.0,0.0,511.0,YANO,IMO7825409,NAQH,70,0,276,32,13.0,70,A
308299000,2020-08-20T17:22:24,37.26648,-76.12381,12.8,16.2,17.0,CSL ARGOSY,IMO7915412,C6UZ9,70,0,244,32,13.5,70,A
367821000,2020-08-20T17:20:37,36.97281,-76.43363,0.0,0.0,511.0,YANO,IMO7825409,NAQH,70,0,276,32,13.0,70,A
477196100,2020-08-20T17:30:54,37.19682,-76.13584,0.1,239.2,134.0,DARYA MA,IMO9591674,VRJH5,70,1,229,32,14.5,,A
366839000,2020-08-20T17:01:10,36.85346,-76.31082,0.0,0.0,39.0,CAPE RISE,IMO7530808,KAFG,70,5,197,32,10.0,,A
367861000,2020-08-20T17:18:01,36.94638,-76.32981,0.0,0.0,265.0,LARAMIE,IMO8906626,NLAR,80,5,193,29,,,A
477738200,2020-08-20T17:30:37,36.87753,-76.34985,0.0,318.7,347.0,COSCO PHILIPPINES,IMO9448762,VRGM7,70,5,334,42,14.5,72,A
367932000,2020-08-20T17:30:08,36.94919,-76.32976,0.0,107.0,279.0,JOHN LENTHALL,IMO8325547,NJLN,80,5,193,29,,,A
367359930,2020-08-20T17:18:32,36.82406,-76.28906,0.0,309.3,511.0,SUNNY WILLIAMS,,WDE4940,80,0,25,8,,80,A
367359930,2020-08-20T17:01:12,36.82403,-76.28909,0.0,325.7,511.0,SUNNY WILLIAMS,,WDE4940,80,0,25,8,,80,A
215677000,2020-08-20T17:21:35,37.21090,-76.14503,8.3,197.0,198.0,RIZE,IMO9584035,9HA2781,70,0,229,32,14.5,,A
367359930,2020-08-20T17:30:22,36.82409,-76.28905,0.0,253.4,511.0,SUNNY WILLIAMS,,WDE4940,80,0,25,8,,80,A
367861000,2020-08-20T17:33:00,36.94635,-76.32989,0.0,0.0,265.0,LARAMIE,IMO8906626,NLAR,80,5,193,29,,,A
308299000,2020-08-20T17:33:24,37.30283,-76.10693,12.8,28.3,31.0,CSL ARGOSY,IMO7915412,C6UZ9,70,0,244,32,13.5,70,A
215677000,2020-08-20T17:22:46,37.20843,-76.14599,7.8,197.0,199.0,RIZE,IMO9584035,9HA2781,70,0,229,32,14.5,,A
367359930,2020-08-20T17:24:22,36.82405,-76.28905,0.0,269.4,511.0,SUNNY WILLIAMS,,WDE4940,80,0,25,8,,80,A
305855000,2020-08-20T17:32:49,36.86429,-76.31477,0.0,275.5,226.0,BBC PEARL,IMO9504786,V2FY8,70,5,153,23,9.1,70,A
477738200,2020-08-20T17:33:39,36.87756,-76.34996,0.0,318.7,347.0,COSCO PHILIPPINES,IMO9448762,VRGM7,70,5,334,42,14.5,72,A
367359930,2020-08-20T17:32:42,36.82407,-76.28906,0.0,268.1,511.0,SUNNY WILLIAMS,,WDE4940,80,0,25,8,,80,A
367861000,2020-08-20T17:03:00,36.94639,-76.32982,0.0,0.0,265.0,LARAMIE,IMO8906626,NLAR,80,5,193,29,,,A
367359930,2020-08-20T17:34:02,36.82407,-76.28905,0.0,259.7,511.0,SUNNY WILLIAMS,,WDE4940,80,0,25,8,,80,A
367821000,2020-08-20T17:34:48,36.97282,-76.43366,0.0,0.0,511.0,YANO,IMO7825409,NAQH,70,0,276,32,13.0,70,A
215677000,2020-08-20T17:04:45,37.23489,-76.11598,3.3,220.7,229.0,RIZE,IMO9584035,9HA2781,70,1,229,32,14.5,,A
215677000,2020-08-20T17:03:36,37.23573,-76.11531,3.0,199.0,219.0,RIZE,IMO9584035,9HA2781,70,1,229,32,14.5,,A
477196100,2020-08-20T17:33:52,37.19680,-76.13586,0.1,239.2,134.0,DARYA MA,IMO9591674,VRJH5,70,1,229,32,14.5,,A
538006982,2020-08-20T17:20:16,36.96258,-76.42364,0.0,302.8,40.0,ANTE TOPIC,IMO9737072,V7TR4,70,5,,,,,A
538002652,2020-08-20T17:33:51,36.87942,-76.32645,0.0,12.0,276.0,NAIAS,IMO9330800,V7KN8,70,5,225,32,14.0,70,A
538006982,2020-08-20T17:26:16,36.96259,-76.42360,0.0,300.5,40.0,ANTE TOPIC,IMO9737072,V7TR4,70,5,,,,,A
305855000,2020-08-20T17:20:47,36.86428,-76.31476,0.0,308.7,226.0,BBC PEARL,IMO9504786,V2FY8,70,5,153,23,9.1,70,A
369390000,2020-08-20T17:21:05,36.87100,-76.34817,0.0,315.0,347.0,SAFMARINE MAFADI,IMO9314210,KRIJ,70,5,292,32,11.8,70,A
215677000,2020-08-20T17:05:55,37.23406,-76.11709,4.0,230.0,234.0,RIZE,IMO9584035,9HA2781,70,0,229,32,14.5,,A
366733250,2020-08-20T17:04:31,37.22037,-76.06599,1.5,152.2,511.0,ATLANTIC SURVEYOR,,WTR5417,70,15,31,7,,,A
538006982,2020-08-20T17:35:16,36.96257,-76.42368,0.0,300.5,40.0,ANTE TOPIC,IMO9737072,V7TR4,70,5,,,,,A
367822000,2020-08-20T17:20:55,36.97313,-76.43382,0.0,0.0,238.0,USNS SHUGHART,IMO7825394,NAOQ,70,5,276,32,13.0,70,A
308299000,2020-08-20T17:36:54,37.31395,-76.09959,13.0,28.5,31.0,CSL ARGOSY,IMO7915412,C6UZ9,70,0,244,32,13.5,70,A
308299000,2020-08-20T17:35:34,37.30977,-76.10233,12.9,28.6,30.0,CSL ARGOSY,IMO7915412,C6UZ9,70,0,244,32,13.5,70,A
477196100,2020-08-20T17:21:53,37.19692,-76.13556,0.1,238.6,140.0,DARYA MA,IMO9591674,VRJH5,70,1,229,32,14.5,,A
367932000,2020-08-20T17:27:08,36.94907,-76.32968,0.0,107.0,279.0,JOHN LENTHALL,IMO8325547,NJLN,80,5,193,29,,,A
366733250,2020-08-20T17:06:51,37.21947,-76.06541,1.5,154.5,511.0,ATLANTIC SURVEYOR,,WTR5417,70,15,31,7,,,A
367359930,2020-08-20T17:07:13,36.82404,-76.28906,0.0,303.4,511.0,SUNNY WILLIAMS,,WDE4940,80,0,25,8,,80,A
338403000,2020-08-20T17:22:24,36.92478,-76.32973,0.0,101.9,355.0,MAERSK HARTFORD,IMO9333008,WMHA,70,5,299,40,14.5,,A
338403000,2020-08-20T17:28:26,36.92475,-76.32973,0.0,101.9,355.0,MAERSK HARTFORD,IMO9333008,WMHA,70,5,299,40,14.5,,A
367821000,2020-08-20T17:04:47,36.97284,-76.43365,0.0,0.0,511.0,YANO,IMO7825409,NAQH,70,0,276,32,13.0,70,A
367359930,2020-08-20T17:29:11,36.82406,-76.28905,0.0,245.2,511.0,SUNNY WILLIAMS,,WDE4940,80,0,25,8,,80,A
215677000,2020-08-20T17:23:54,37.20610,-76.14694,7.6,198.3,199.0,RIZE,IMO9584035,9HA2781,70,0,229,32,14.5,,A
367932000,2020-08-20T17:36:08,36.94908,-76.32986,0.0,107.0,279.0,JOHN LENTHALL,IMO8325547,NJLN,80,5,193,29,,,A
308299000,2020-08-20T17:30:35,37.29408,-76.11266,12.7,24.9,30.0,CSL ARGOSY,IMO7915412,C6UZ9,70,0,244,32,13.5,70,A
215677000,2020-08-20T17:39:15,37.17952,-76.15357,5.3,177.5,180.0,RIZE,IMO9584035,9HA2781,70,0,229,32,14.5,,A
338403000,2020-08-20T17:31:23,36.92476,-76.32972,0.0,101.9,355.0,MAERSK HARTFORD,IMO9333008,WMHA,70,5,299,40,14.5,,A
308299000,2020-08-20T17:08:15,37.21768,-76.14272,13.2,19.0,20.0,CSL ARGOSY,IMO7915412,C6UZ9,70,0,244,32,13.5,70,A
369390000,2020-08-20T17:24:06,36.87092,-76.34819,0.0,238.0,347.0,SAFMARINE MAFADI,IMO9314210,KRIJ,70,5,292,32,11.8,70,A
369390000,2020-08-20T17:09:05,36.87083,-76.34817,0.0,282.0,347.0,SAFMARINE MAFADI,IMO9314210,KRIJ,70,5,292,32,11.8,70,A
367821000,2020-08-20T17:07:18,36.97284,-76.43365,0.0,0.0,511.0,YANO,IMO7825409,NAQH,70,0,276,32,13.0,70,A
367821000,2020-08-20T17:09:37,36.97284,-76.43365,0.0,0.0,511.0,YANO,IMO7825409,NAQH,70,0,276,32,13.0,70,A
366839000,2020-08-20T17:31:08,36.85350,-76.31086,0.0,0.0,39.0,CAPE RISE,IMO7530808,KAFG,70,5,197,32,10.0,,A
366733250,2020-08-20T17:09:13,37.21855,-76.06479,1.6,153.7,511.0,ATLANTIC SURVEYOR,,WTR5417,70,15,31,7,,,A
367861000,2020-08-20T17:39:00,36.94634,-76.32980,0.0,0.0,265.0,LARAMIE,IMO8906626,NLAR,80,5,193,29,,,A
367822000,2020-08-20T17:08:56,36.97313,-76.43383,0.0,0.0,238.0,USNS SHUGHART,IMO7825394,NAOQ,70,5,276,32,13.0,70,A
338403000,2020-08-20T17:07:23,36.92479,-76.32975,0.0,101.9,355.0,MAERSK HARTFORD,IMO9333008,WMHA,70,5,299,40,14.5,,A
367821000,2020-08-20T17:38:27,36.97282,-76.43366,0.0,0.0,511.0,YANO,IMO7825409,NAQH,70,0,276,32,13.0,70,A
477196100,2020-08-20T17:36:54,37.19680,-76.13590,0.1,239.2,132.0,DARYA MA,IMO9591674,VRJH5,70,1,229,32,14.5,,A
367359930,2020-08-20T17:25:42,36.82404,-76.28904,0.0,253.4,511.0,SUNNY WILLIAMS,,WDE4940,80,0,25,8,,80,A
367932000,2020-08-20T17:09:07,36.94918,-76.32965,0.0,107.0,279.0,JOHN LENTHALL,IMO8325547,NJLN,80,5,193,29,,,A
215677000,2020-08-20T17:08:14,37.23243,-76.12019,5.0,240.6,239.0,RIZE,IMO9584035,9HA2781,70,0,229,32,14.5,,A
338403000,2020-08-20T17:37:23,36.92472,-76.32974,0.0,101.9,355.0,MAERSK HARTFORD,IMO9333008,WMHA,70,5,299,40,14.5,,A
366733250,2020-08-20T17:08:01,37.21902,-76.06511,1.5,151.6,511.0,ATLANTIC SURVEYOR,,WTR5417,70,15,31,7,,,A
366733250,2020-08-20T17:10:41,37.21794,-76.06441,1.5,154.8,511.0,ATLANTIC SURVEYOR,,WTR5417,70,15,31,7,,,A
308299000,2020-08-20T17:10:44,37.22628,-76.13907,13.3,18.6,19.0,CSL ARGOSY,IMO7915412,C6UZ9,70,0,244,32,13.5,70,A
538006982,2020-08-20T17:32:16,36.96258,-76.42363,0.0,300.5,40.0,ANTE TOPIC,IMO9737072,V7TR4,70,5,,,,,A
538006982,2020-08-20T17:11:16,36.96256,-76.42367,0.0,302.8,40.0,ANTE TOPIC,IMO9737072,V7TR4,70,5,,,,,A
308299000,2020-08-20T17:41:45,37.32937,-76.08933,12.8,29.1,25.0,CSL ARGOSY,IMO7915412,C6UZ9,70,0,244,32,13.5,70,A
367932000,2020-08-20T17:39:08,36.94911,-76.32972,0.0,107.0,279.0,JOHN LENTHALL,IMO8325547,NJLN,80,5,193,29,,,A
308299000,2020-08-20T17:26:45,37.28110,-76.11785,12.8,17.7,18.0,CSL ARGOSY,IMO7915412,C6UZ9,70,0,244,32,13.5,70,A
305855000,2020-08-20T17:38:49,36.86428,-76.31475,0.0,282.9,227.0,BBC PEARL,IMO9504786,V2FY8,70,5,153,23,9.1,70,A
367359930,2020-08-20T17:42:02,36.82405,-76.28906,0.0,244.8,511.0,SUNNY WILLIAMS,,WDE4940,80,0,25,8,,80,A
367359930,2020-08-20T17:08:23,36.82403,-76.28906,0.0,295.2,511.0,SUNNY WILLIAMS,,WDE4940,80,0,25,8,,80,A
477196100,2020-08-20T17:39:52,37.19673,-76.13596,0.1,206.6,129.0,DARYA MA,IMO9591674,VRJH5,70,1,229,32,14.5,,A
367861000,2020-08-20T17:09:01,36.94637,-76.32978,0.0,0.0,265.0,LARAMIE,IMO8906626,NLAR,80,5,193,29,,,A
368026000,2020-08-20T17:39:21,36.86572,-76.31601,0.0,270.5,2.0,BENAVIDEZ,IMO9218210,NBHG,70,5,289,32,10.9,70,A
308299000,2020-08-20T17:09:16,37.22106,-76.14126,13.3,18.8,19.0,CSL ARGOSY,IMO7915412,C6UZ9,70,0,244,32,13.5,70,A
305855000,2020-08-20T17:41:49,36.86425,-76.31477,0.0,242.7,227.0,BBC PEARL,IMO9504786,V2FY8,70,5,153,23,9.1,70,A
367932000,2020-08-20T17:33:08,36.94921,-76.32976,0.0,107.0,279.0,JOHN LENTHALL,IMO8325547,NJLN,80,5,193,29,,,A
215677000,2020-08-20T17:13:14,37.22778,-76.13011,7.9,237.4,230.0,RIZE,IMO9584035,9HA2781,70,0,229,32,14.5,,A
367822000,2020-08-20T17:38:54,36.97311,-76.43386,0.0,0.0,238.0,USNS SHUGHART,IMO7825394,NAOQ,70,5,276,32,13.0,70,A
338403000,2020-08-20T17:40:25,36.92473,-76.32975,0.0,355.3,355.0,MAERSK HARTFORD,IMO9333008,WMHA,70,5,299,40,14.5,,A
367821000,2020-08-20T17:39:28,36.97281,-76.43366,0.0,0.0,511.0,YANO,IMO7825409,NAQH,70,0,276,32,13.0,70,A
366839000,2020-08-20T17:10:08,36.85350,-76.31084,0.0,0.0,39.0,CAPE RISE,IMO7530808,KAFG,70,5,197,32,10.0,,A
367359930,2020-08-20T17:44:23,36.82406,-76.28906,0.0,236.1,511.0,SUNNY WILLIAMS,,WDE4940,80,0,25,8,,80,A
367821000,2020-08-20T17:41:18,36.97282,-76.43366,0.0,0.0,511.0,YANO,IMO7825409,NAQH,70,0,276,32,13.0,70,A
367861000,2020-08-20T17:27:00,36.94641,-76.32979,0.0,0.0,265.0,LARAMIE,IMO8906626,NLAR,80,5,193,29,,,A
366733250,2020-08-20T17:14:22,37.21643,-76.06346,1.6,150.4,511.0,ATLANTIC SURVEYOR,,WTR5417,70,15,31,7,,,A
367821000,2020-08-20T17:27:38,36.97283,-76.43366,0.0,0.0,511.0,YANO,IMO7825409,NAQH,70,0,276,32,13.0,70,A
538002652,2020-08-20T17:42:51,36.87947,-76.32647,0.0,259.0,276.0,NAIAS,IMO9330800,V7KN8,70,5,225,32,14.0,70,A
215677000,2020-08-20T17:35:56,37.18466,-76.15385,6.1,177.6,180.0,RIZE,IMO9584035,9HA2781,70,0,229,32,14.5,,A
367821000,2020-08-20T17:42:27,36.97281,-76.43366,0.0,0.0,511.0,YANO,IMO7825409,NAQH,70,0,276,32,13.0,70,A
367821000,2020-08-20T17:28:47,36.97283,-76.43366,0.0,0.0,511.0,YANO,IMO7825409,NAQH,70,0,276,32,13.0,70,A
367861000,2020-08-20T17:36:00,36.94636,-76.32980,0.0,0.0,265.0,LARAMIE,IMO8906626,NLAR,80,5,193,29,,,A
477196100,2020-08-20T17:42:56,37.19662,-76.13605,0.2,219.7,125.0,DARYA MA,IMO9591674,VRJH5,70,1,229,32,14.5,,A
477738200,2020-08-20T17:42:38,36.87773,-76.34979,0.0,318.7,347.0,COSCO PHILIPPINES,IMO9448762,VRGM7,70,5,334,42,14.5,72,A
366839000,2020-08-20T17:28:09,36.85350,-76.31082,0.0,0.0,39.0,CAPE RISE,IMO7530808,KAFG,70,5,197,32,10.0,,A
215677000,2020-08-20T17:37:05,37.18275,-76.15372,5.7,177.2,180.0,RIZE,IMO9584035,9HA2781,70,0,229,32,14.5,,A
368026000,2020-08-20T17:12:21,36.86575,-76.31603,0.0,270.5,2.0,BENAVIDEZ,IMO9218210,NBHG,70,5,289,32,10.9,70,A
366839000,2020-08-20T17:37:07,36.85350,-76.31083,0.0,0.0,39.0,CAPE RISE,IMO7530808,KAFG,70,5,197,32,10.0,,A
367861000,2020-08-20T17:15:01,36.94638,-76.32979,0.0,0.0,265.0,LARAMIE,IMO8906626,NLAR,80,5,193,29,,,A
367861000,2020-08-20T17:42:01,36.94640,-76.32983,0.0,0.0,265.0,LARAMIE,IMO8906626,NLAR,80,5,193,29,,,A
308299000,2020-08-20T17:29:06,37.28907,-76.11484,12.8,16.3,19.0,CSL ARGOSY,IMO7915412,C6UZ9,70,0,244,32,13.5,70,A
308299000,2020-08-20T17:38:54,37.32041,-76.09536,13.0,27.0,30.0,CSL ARGOSY,IMO7915412,C6UZ9,70,0,244,32,13.5,70,A
477196100,2020-08-20T17:15:53,37.19698,-76.13543,0.1,238.6,142.0,DARYA MA,IMO9591674,VRJH5,70,1,229,32,14.5,,A
215677000,2020-08-20T17:44:45,37.17112,-76.15267,5.8,174.7,177.0,RIZE,IMO9584035,9HA2781,70,0,229,32,14.5,,A
367821000,2020-08-20T17:44:48,36.97281,-76.43366,0.0,0.0,511.0,YANO,IMO7825409,NAQH,70,0,276,32,13.0,70,A
367821000,2020-08-20T17:43:38,36.97281,-76.43366,0.0,0.0,511.0,YANO,IMO7825409,NAQH,70,0,276,32,13.0,70,A
368026000,2020-08-20T17:45:20,36.86577,-76.31601,0.0,270.5,2.0,BENAVIDEZ,IMO9218210,NBHG,70,5,289,32,10.9,70,A
367359930,2020-08-20T17:39:12,36.82406,-76.28905,0.0,260.0,511.0,SUNNY WILLIAMS,,WDE4940,80,0,25,8,,80,A
368026000,2020-08-20T17:30:21,36.86578,-76.31604,0.0,270.5,2.0,BENAVIDEZ,IMO9218210,NBHG,70,5,289,32,10.9,70,A
367822000,2020-08-20T17:29:56,36.97312,-76.43386,0.0,0.0,238.0,USNS SHUGHART,IMO7825394,NAOQ,70,5,276,32,13.0,70,A
538002652,2020-08-20T17:39:50,36.87947,-76.32640,0.0,12.0,276.0,NAIAS,IMO9330800,V7KN8,70,5,225,32,14.0,70,A
308299000,2020-08-20T17:32:14,37.29921,-76.10930,12.7,27.8,30.0,CSL ARGOSY,IMO7915412,C6UZ9,70,0,244,32,13.5,70,A
367359930,2020-08-20T17:48:12,36.82405,-76.28905,0.0,219.0,511.0,SUNNY WILLIAMS,,WDE4940,80,0,25,8,,80,A
369390000,2020-08-20T17:18:06,36.87092,-76.34818,0.0,280.0,347.0,SAFMARINE MAFADI,IMO9314210,KRIJ,70,5,292,32,11.8,70,A
477738200,2020-08-20T17:18:37,36.87748,-76.34978,0.1,169.3,347.0,COSCO PHILIPPINES,IMO9448762,VRGM7,70,5,334,42,14.5,72,A
367359930,2020-08-20T17:31:32,36.82409,-76.28906,0.0,260.7,511.0,SUNNY WILLIAMS,,WDE4940,80,0,25,8,,80,A
338403000,2020-08-20T17:46:26,36.92478,-76.32971,0.0,101.9,355.0,MAERSK HARTFORD,IMO9333008,WMHA,70,5,299,40,14.5,,A
368026000,2020-08-20T17:18:21,36.86577,-76.31604,0.0,270.5,2.0,BENAVIDEZ,IMO9218210,NBHG,70,5,289,32,10.9,70,A
367932000,2020-08-20T17:15:08,36.94917,-76.32967,0.0,107.0,279.0,JOHN LENTHALL,IMO8325547,NJLN,80,5,193,29,,,A
367821000,2020-08-20T17:47:38,36.97281,-76.43366,0.0,0.0,511.0,YANO,IMO7825409,NAQH,70,0,276,32,13.0,70,A
477196100,2020-08-20T17:18:55,37.19696,-76.13547,0.1,238.6,141.0,DARYA MA,IMO9591674,VRJH5,70,1,229,32,14.5,,A
308299000,2020-08-20T17:15:45,37.24381,-76.13205,13.0,16.3,17.0,CSL ARGOSY,IMO7915412,C6UZ9,70,0,244,32,13.5,70,A
367821000,2020-08-20T17:49:48,36.97281,-76.43367,0.0,0.0,511.0,YANO,IMO7825409,NAQH,70,0,276,32,13.0,70,A
366839000,2020-08-20T17:43:06,36.85347,-76.31082,0.0,0.0,39.0,CAPE RISE,IMO7530808,KAFG,70,5,197,32,10.0,,A
367821000,2020-08-20T17:22:07,36.97282,-76.43363,0.0,0.0,511.0,YANO,IMO7825409,NAQH,70,0,276,32,13.0,70,A
367822000,2020-08-20T17:17:54,36.97313,-76.43382,0.0,0.0,238.0,USNS SHUGHART,IMO7825394,NAOQ,70,5,276,32,13.0,70,A
367822000,2020-08-20T17:50:55,36.97311,-76.43385,0.0,0.0,238.0,USNS SHUGHART,IMO7825394,NAOQ,70,5,276,32,13.0,70,A
367821000,2020-08-20T17:52:57,36.97281,-76.43367,0.0,0.0,511.0,YANO,IMO7825409,NAQH,70,0,276,32,13.0,70,A
367861000,2020-08-20T17:45:00,36.94642,-76.32981,0.0,0.0,265.0,LARAMIE,IMO8906626,NLAR,80,5,193,29,,,A
367932000,2020-08-20T17:45:09,36.94918,-76.32968,0.0,107.0,279.0,JOHN LENTHALL,IMO8325547,NJLN,80,5,193,29,,,A
215677000,2020-08-20T17:53:46,37.15396,-76.15069,8.5,174.6,177.0,RIZE,IMO9584035,9HA2781,70,0,229,32,14.5,,A
538002652,2020-08-20T17:18:52,36.87943,-76.32643,0.0,16.0,276.0,NAIAS,IMO9330800,V7KN8,70,5,225,32,14.0,70,A
367932000,2020-08-20T17:54:07,36.94909,-76.32971,0.0,107.0,279.0,JOHN LENTHALL,IMO8325547,NJLN,80,5,193,29,,,A
367359930,2020-08-20T17:55:32,36.82404,-76.28906,0.0,198.3,511.0,SUNNY WILLIAMS,,WDE4940,80,0,25,8,,80,A
538006982,2020-08-20T17:47:16,36.96255,-76.42364,0.0,300.5,40.0,ANTE TOPIC,IMO9737072,V7TR4,70,5,,,,,A
367822000,2020-08-20T17:47:55,36.97310,-76.43385,0.0,0.0,238.0,USNS SHUGHART,IMO7825394,NAOQ,70,5,276,32,13.0,70,A
367821000,2020-08-20T17:55:57,36.97281,-76.43366,0.0,0.0,511.0,YANO,IMO7825409,NAQH,70,0,276,32,13.0,70,A
477738200,2020-08-20T17:21:39,36.87745,-76.34974,0.1,307.0,347.0,COSCO PHILIPPINES,IMO9448762,VRGM7,70,5,334,42,14.5,72,A
477196100,2020-08-20T17:54:58,37.19620,-76.13667,0.2,221.3,108.0,DARYA MA,IMO9591674,VRJH5,70,1,229,32,14.5,,A
215677000,2020-08-20T17:56:45,37.14667,-76.14921,9.2,161.3,156.0,RIZE,IMO9584035,9HA2781,70,0,229,32,14.5,,A
368026000,2020-08-20T17:54:21,36.86574,-76.31603,0.1,270.5,2.0,BENAVIDEZ,IMO9218210,NBHG,70,5,289,32,10.9,70,A
215677000,2020-08-20T17:52:06,37.15777,-76.15109,7.9,174.9,177.0,RIZE,IMO9584035,9HA2781,70,0,229,32,14.5,,A
538006982,2020-08-20T17:50:16,36.96253,-76.42366,0.0,300.5,40.0,ANTE TOPIC,IMO9737072,V7TR4,70,5,,,,,A
538006982,2020-08-20T17:56:16,36.96257,-76.42365,0.0,300.5,40.0,ANTE TOPIC,IMO9737072,V7TR4,70,5,,,,,A
367822000,2020-08-20T17:23:55,36.97313,-76.43383,0.0,0.0,238.0,USNS SHUGHART,IMO7825394,NAOQ,70,5,276,32,13.0,70,A
338403000,2020-08-20T17:58:25,36.92476,-76.32969,0.0,355.3,355.0,MAERSK HARTFORD,IMO9333008,WMHA,70,5,299,40,14.5,,A
368026000,2020-08-20T17:51:21,36.86577,-76.31605,0.0,270.5,2.0,BENAVIDEZ,IMO9218210,NBHG,70,5,289,32,10.9,70,A
538002652,2020-08-20T17:27:52,36.87942,-76.32642,0.0,12.0,276.0,NAIAS,IMO9330800,V7KN8,70,5,225,32,14.0,70,A
215677000,2020-08-20T17:27:55,37.19857,-76.15007,6.9,198.5,199.0,RIZE,IMO9584035,9HA2781,70,0,229,32,14.5,,A
367822000,2020-08-20T17:56:56,36.97311,-76.43385,0.0,0.0,238.0,USNS SHUGHART,IMO7825394,NAOQ,70,5,276,32,13.0,70,A
367359930,2020-08-20T17:58:41,36.82406,-76.28905,0.0,217.2,511.0,SUNNY WILLIAMS,,WDE4940,80,0,25,8,,80,A
538002652,2020-08-20T17:54:51,36.87942,-76.32645,0.0,259.0,277.0,NAIAS,IMO9330800,V7KN8,70,5,225,32,14.0,70,A
215677000,2020-08-20T17:59:35,37.13992,-76.14464,10.2,151.0,154.0,RIZE,IMO9584035,9HA2781,70,0,229,32,14.5,,A
366839000,2020-08-20T17:25:03,36.85350,-76.31081,0.0,0.0,39.0,CAPE RISE,IMO7530808,KAFG,70,5,197,32,10.0,,A
367822000,2020-08-20T17:59:54,36.97310,-76.43385,0.0,0.0,238.0,USNS SHUGHART,IMO7825394,NAOQ,70,5,276,32,13.0,70,A
477196100,2020-08-20T17:57:56,37.19610,-76.13679,0.2,218.4,102.0,DARYA MA,IMO9591674,VRJH5,70,1,229,32,14.5,,A
215677000,2020-08-20T17:41:34,37.17606,-76.15328,5.5,174.1,177.0,RIZE,IMO9584035,9HA2781,70,0,229,32,14.5,,A
538002652,2020-08-20T17:57:50,36.87940,-76.32648,0.0,259.0,277.0,NAIAS,IMO9330800,V7KN8,70,5,225,32,14.0,70,A
367821000,2020-08-20T17:59:27,36.97282,-76.43366,0.0,0.0,511.0,YANO,IMO7825409,NAQH,70,0,276,32,13.0,70,A
538006982,2020-08-20T17:59:16,36.96258,-76.42363,0.0,300.5,40.0,ANTE TOPIC,IMO9737072,V7TR4,70,5,,,,,A
367861000,2020-08-20T18:00:01,36.94638,-76.32978,0.0,0.0,265.0,LARAMIE,IMO8906626,NLAR,80,5,193,29,,,A
367932000,2020-08-20T18:00:09,36.94918,-76.32970,0.0,107.0,279.0,JOHN LENTHALL,IMO8325547,NJLN,80,5,193,29,,,A
367821000,2020-08-20T17:57:07,36.97281,-76.43366,0.0,0.0,511.0,YANO,IMO7825409,NAQH,70,0,276,32,13.0,70,A
477196100,2020-08-20T17:24:54,37.19691,-76.13568,0.1,238.6,138.0,DARYA MA,IMO9591674,VRJH5,70,1,229,32,14.5,,A
215677000,2020-08-20T17:30:34,37.19380,-76.15205,6.6,198.6,199.0,RIZE,IMO9584035,9HA2781,70,0,229,32,14.5,,A
369390000,2020-08-20T18:00:05,36.87100,-76.34817,0.0,324.0,347.0,SAFMARINE MAFADI,IMO9314210,KRIJ,70,5,292,32,11.8,70,A
367861000,2020-08-20T17:54:01,36.94633,-76.32977,0.0,0.0,265.0,LARAMIE,IMO8906626,NLAR,80,5,193,29,,,A
367821000,2020-08-20T18:00:07,36.97282,-76.43366,0.0,0.0,511.0,YANO,IMO7825409,NAQH,70,0,276,32,13.0,70,A
367861000,2020-08-20T17:30:01,36.94638,-76.32980,0.0,0.0,265.0,LARAMIE,IMO8906626,NLAR,80,5,193,29,,,A
368026000,2020-08-20T17:57:21,36.86577,-76.31604,0.0,270.5,2.0,BENAVIDEZ,IMO9218210,NBHG,70,5,289,32,10.9,70,A
366839000,2020-08-20T17:55:07,36.85351,-76.31085,0.0,0.0,39.0,CAPE RISE,IMO7530808,KAFG,70,5,197,32,10.0,,A
369390000,2020-08-20T17:30:05,36.87100,-76.34817,0.0,321.0,347.0,SAFMARINE MAFADI,IMO9314210,KRIJ,70,5,292,32,11.8,70,A
367359930,2020-08-20T18:01:11,36.82404,-76.28905,0.0,208.1,511.0,SUNNY WILLIAMS,,WDE4940,80,0,25,8,,80,A
367821000,2020-08-20T18:01:17,36.97284,-76.43362,0.0,0.0,511.0,YANO,IMO7825409,NAQH,70,0,276,32,13.0,70,A
368026000,2020-08-20T17:42:21,36.86576,-76.31604,0.0,270.5,2.0,BENAVIDEZ,IMO9218210,NBHG,70,5,289,32,10.9,70,A
367932000,2020-08-20T17:57:08,36.94913,-76.32966,0.0,107.0,279.0,JOHN LENTHALL,IMO8325547,NJLN,80,5,193,29,,,A
338403000,2020-08-20T18:01:26,36.92484,-76.32969,0.0,355.3,355.0,MAERSK HARTFORD,IMO9333008,WMHA,70,5,299,40,14.5,,A
305855000,2020-08-20T17:26:47,36.86429,-76.31476,0.0,313.0,226.0,BBC PEARL,IMO9504786,V2FY8,70,5,153,23,9.1,70,A
367822000,2020-08-20T18:02:55,36.97310,-76.43385,0.0,0.0,238.0,USNS SHUGHART,IMO7825394,NAOQ,70,5,276,32,13.0,70,A
215677000,2020-08-20T18:03:34,37.12927,-76.13748,11.4,150.8,153.0,RIZE,IMO9584035,9HA2781,70,0,229,32,14.5,,A
366839000,2020-08-20T18:04:08,36.85347,-76.31082,0.0,0.0,39.0,CAPE RISE,IMO7530808,KAFG,70,5,197,32,10.0,,A
369390000,2020-08-20T18:03:06,36.87097,-76.34820,0.0,1.0,347.0,SAFMARINE MAFADI,IMO9314210,KRIJ,70,5,292,32,11.8,70,A
338403000,2020-08-20T17:43:23,36.92473,-76.32971,0.0,355.3,355.0,MAERSK HARTFORD,IMO9333008,WMHA,70,5,299,40,14.5,,A
367359930,2020-08-20T18:03:32,36.82406,-76.28906,0.0,213.2,511.0,SUNNY WILLIAMS,,WDE4940,80,0,25,8,,80,A
369390000,2020-08-20T17:45:05,36.87100,-76.34817,0.0,208.0,347.0,SAFMARINE MAFADI,IMO9314210,KRIJ,70,5,292,32,11.8,70,A
215677000,2020-08-20T18:04:46,37.12586,-76.13516,11.7,151.0,153.0,RIZE,IMO9584035,9HA2781,70,0,229,32,14.5,,A
367359930,2020-08-20T17:28:01,36.82406,-76.28906,0.0,248.7,511.0,SUNNY WILLIAMS,,WDE4940,80,0,25,8,,80,A
367932000,2020-08-20T18:03:09,36.94914,-76.32966,0.0,107.0,279.0,JOHN LENTHALL,IMO8325547,NJLN,80,5,193,29,,,A
305855000,2020-08-20T17:44:47,36.86425,-76.31479,0.0,298.3,227.0,BBC PEARL,IMO9504786,V2FY8,70,5,153,23,9.1,70,A
477196100,2020-08-20T17:45:54,37.19651,-76.13616,0.2,226.6,121.0,DARYA MA,IMO9591674,VRJH5,70,1,229,32,14.5,,A
368026000,2020-08-20T17:33:20,36.86578,-76.31603,0.0,270.5,2.0,BENAVIDEZ,IMO9218210,NBHG,70,5,289,32,10.9,70,A
366839000,2020-08-20T17:34:03,36.85350,-76.31082,0.0,0.0,39.0,CAPE RISE,IMO7530808,KAFG,70,5,197,32,10.0,,A
367359930,2020-08-20T17:36:02,36.82406,-76.28904,0.0,270.3,511.0,SUNNY WILLIAMS,,WDE4940,80,0,25,8,,80,A
367821000,2020-08-20T17:58:17,36.97282,-76.43367,0.0,0.0,511.0,YANO,IMO7825409,NAQH,70,0,276,32,13.0,70,A
367821000,2020-08-20T18:05:57,36.97285,-76.43365,0.0,0.0,511.0,YANO,IMO7825409,NAQH,70,0,276,32,13.0,70,A
477738200,2020-08-20T18:06:39,36.87767,-76.34981,0.0,18.4,347.0,COSCO PHILIPPINES,IMO9448762,VRGM7,70,5,334,42,14.5,72,A
368026000,2020-08-20T17:36:20,36.86575,-76.31601,0.0,270.5,2.0,BENAVIDEZ,IMO9218210,NBHG,70,5,289,32,10.9,70,A
367822000,2020-08-20T17:35:55,36.97311,-76.43386,0.0,0.0,238.0,USNS SHUGHART,IMO7825394,NAOQ,70,5,276,32,13.0,70,A
368026000,2020-08-20T18:06:21,36.86579,-76.31604,0.0,270.5,2.0,BENAVIDEZ,IMO9218210,NBHG,70,5,289,32,10.9,70,A
367359930,2020-08-20T17:38:03,36.82406,-76.28905,0.0,260.6,511.0,SUNNY WILLIAMS,,WDE4940,80,0,25,8,,80,A
367359930,2020-08-20T18:06:52,36.82406,-76.28905,0.0,213.8,511.0,SUNNY WILLIAMS,,WDE4940,80,0,25,8,,80,A
305855000,2020-08-20T17:47:47,36.86427,-76.31477,0.0,324.1,227.0,BBC PEARL,IMO9504786,V2FY8,70,5,153,23,9.1,70,A
369390000,2020-08-20T18:06:04,36.87097,-76.34820,0.0,353.0,347.0,SAFMARINE MAFADI,IMO9314210,KRIJ,70,5,292,32,11.8,70,A
367359930,2020-08-20T17:51:02,36.82404,-76.28905,0.0,204.2,511.0,SUNNY WILLIAMS,,WDE4940,80,0,25,8,,80,A
367861000,2020-08-20T18:06:01,36.94636,-76.32972,0.0,0.0,265.0,LARAMIE,IMO8906626,NLAR,80,5,193,29,,,A
367821000,2020-08-20T17:32:18,36.97283,-76.43366,0.0,0.0,511.0,YANO,IMO7825409,NAQH,70,0,276,32,13.0,70,A
477196100,2020-08-20T18:06:58,37.19583,-76.13687,0.2,162.4,93.0,DARYA MA,IMO9591674,VRJH5,70,1,229,32,14.5,,A
338403000,2020-08-20T17:49:21,36.92480,-76.32971,0.0,101.9,355.0,MAERSK HARTFORD,IMO9333008,WMHA,70,5,299,40,14.5,,A
538006982,2020-08-20T18:02:16,36.96258,-76.42365,0.0,300.5,40.0,ANTE TOPIC,IMO9737072,V7TR4,70,5,,,,,A
538006982,2020-08-20T17:38:16,36.96257,-76.42366,0.0,300.5,40.0,ANTE TOPIC,IMO9737072,V7TR4,70,5,,,,,A
367359930,2020-08-20T18:08:01,36.82406,-76.28905,0.0,202.2,511.0,SUNNY WILLIAMS,,WDE4940,80,0,25,8,,80,A
369390000,2020-08-20T18:09:05,36.87100,-76.34817,0.0,359.0,347.0,SAFMARINE MAFADI,IMO9314210,KRIJ,70,5,292,32,11.8,70,A
367359930,2020-08-20T18:02:21,36.82405,-76.28906,0.0,214.1,511.0,SUNNY WILLIAMS,,WDE4940,80,0,25,8,,80,A
367932000,2020-08-20T18:09:07,36.94908,-76.32977,0.0,107.0,279.0,JOHN LENTHALL,IMO8325547,NJLN,80,5,193,29,,,A
477196100,2020-08-20T17:51:52,37.19635,-76.13649,0.2,227.6,114.0,DARYA MA,IMO9591674,VRJH5,70,1,229,32,14.5,,A
538002652,2020-08-20T18:03:51,36.87940,-76.32650,0.0,259.0,277.0,NAIAS,IMO9330800,V7KN8,70,5,225,32,14.0,70,A
538002652,2020-08-20T17:51:50,36.87947,-76.32645,0.0,259.0,277.0,NAIAS,IMO9330800,V7KN8,70,5,225,32,14.0,70,A
338403000,2020-08-20T18:10:24,36.92480,-76.32967,0.0,355.3,355.0,MAERSK HARTFORD,IMO9333008,WMHA,70,5,299,40,14.5,,A
369390000,2020-08-20T17:54:05,36.87100,-76.34817,0.0,172.0,347.0,SAFMARINE MAFADI,IMO9314210,KRIJ,70,5,292,32,11.8,70,A
215677000,2020-08-20T17:55:06,37.15072,-76.15035,8.9,173.5,171.0,RIZE,IMO9584035,9HA2781,70,0,229,32,14.5,,A
369390000,2020-08-20T17:33:06,36.87091,-76.34819,0.0,291.0,347.0,SAFMARINE MAFADI,IMO9314210,KRIJ,70,5,292,32,11.8,70,A
367822000,2020-08-20T18:08:55,36.97310,-76.43385,0.0,0.0,238.0,USNS SHUGHART,IMO7825394,NAOQ,70,5,276,32,13.0,70,A
477738200,2020-08-20T18:09:36,36.87770,-76.34976,0.0,349.5,347.0,COSCO PHILIPPINES,IMO9448762,VRGM7,70,5,334,42,14.5,72,A
308299000,2020-08-20T17:40:06,37.32420,-76.09286,13.0,27.5,30.0,CSL ARGOSY,IMO7915412,C6UZ9,70,0,244,32,13.5,70,A
538002652,2020-08-20T18:09:53,36.87942,-76.32648,0.0,259.0,277.0,NAIAS,IMO9330800,V7KN8,70,5,225,32,14.0,70,A
215677000,2020-08-20T17:34:45,37.18667,-76.15396,6.0,178.3,180.0,RIZE,IMO9584035,9HA2781,70,0,229,32,14.5,,A
367821000,2020-08-20T18:11:47,36.97286,-76.43365,0.0,0.0,511.0,YANO,IMO7825409,NAQH,70,0,276,32,13.0,70,A
367932000,2020-08-20T17:42:08,36.94915,-76.32974,0.0,107.0,279.0,JOHN LENTHALL,IMO8325547,NJLN,80,5,193,29,,,A
367359930,2020-08-20T17:40:21,36.82402,-76.28908,0.0,263.3,511.0,SUNNY WILLIAMS,,WDE4940,80,0,25,8,,80,A
369390000,2020-08-20T17:36:06,36.87091,-76.34819,0.0,225.0,347.0,SAFMARINE MAFADI,IMO9314210,KRIJ,70,5,292,32,11.8,70,A
367932000,2020-08-20T18:12:08,36.94918,-76.32963,0.0,107.0,279.0,JOHN LENTHALL,IMO8325547,NJLN,80,5,193,29,,,A
538006982,2020-08-20T18:05:16,36.96259,-76.42365,0.0,300.5,40.0,ANTE TOPIC,IMO9737072,V7TR4,70,5,,,,,A
366839000,2020-08-20T17:58:06,36.85351,-76.31081,0.0,0.0,39.0,CAPE RISE,IMO7530808,KAFG,70,5,197,32,10.0,,A
367821000,2020-08-20T17:37:18,36.97282,-76.43366,0.0,0.0,511.0,YANO,IMO7825409,NAQH,70,0,276,32,13.0,70,A
215677000,2020-08-20T17:43:34,37.17298,-76.15290,5.7,174.8,177.0,RIZE,IMO9584035,9HA2781,70,0,229,32,14.5,,A
477196100,2020-08-20T18:12:57,37.19562,-76.13681,0.1,172.3,89.0,DARYA MA,IMO9591674,VRJH5,70,1,229,32,14.5,,A
367822000,2020-08-20T18:11:55,36.97310,-76.43386,0.0,0.0,238.0,USNS SHUGHART,IMO7825394,NAOQ,70,5,276,32,13.0,70,A
477738200,2020-08-20T18:12:39,36.87752,-76.34980,0.0,347.5,347.0,COSCO PHILIPPINES,IMO9448762,VRGM7,70,5,334,42,14.5,72,A
477738200,2020-08-20T17:36:38,36.87750,-76.34979,0.0,318.7,347.0,COSCO PHILIPPINES,IMO9448762,VRGM7,70,5,334,42,14.5,72,A
367821000,2020-08-20T18:12:57,36.97285,-76.43364,0.0,0.0,511.0,YANO,IMO7825409,NAQH,70,0,276,32,13.0,70,A
366839000,2020-08-20T18:13:08,36.85349,-76.31081,0.0,0.0,39.0,CAPE RISE,IMO7530808,KAFG,70,5,197,32,10.0,,A
338403000,2020-08-20T18:07:21,36.92478,-76.32968,0.0,121.7,355.0,MAERSK HARTFORD,IMO9333008,WMHA,70,5,299,40,14.5,,A
369390000,2020-08-20T18:15:06,36.87096,-76.34819,0.0,344.0,347.0,SAFMARINE MAFADI,IMO9314210,KRIJ,70,5,292,32,11.8,70,A
305855000,2020-08-20T18:08:49,36.86429,-76.31476,0.0,299.6,227.0,BBC PEARL,IMO9504786,V2FY8,70,5,153,23,9.1,70,A
367861000,2020-08-20T18:15:01,36.94631,-76.32986,0.0,0.0,265.0,LARAMIE,IMO8906626,NLAR,80,5,193,29,,,A
367359930,2020-08-20T17:47:02,36.82405,-76.28906,0.0,220.6,511.0,SUNNY WILLIAMS,,WDE4940,80,0,25,8,,80,A
367359930,2020-08-20T18:16:02,36.82408,-76.28904,0.0,273.6,511.0,SUNNY WILLIAMS,,WDE4940,80,0,25,8,,80,A
367821000,2020-08-20T18:09:27,36.97285,-76.43365,0.0,0.0,511.0,YANO,IMO7825409,NAQH,70,0,276,32,13.0,70,A
538006982,2020-08-20T18:14:16,36.96254,-76.42367,0.0,300.5,40.0,ANTE TOPIC,IMO9737072,V7TR4,70,5,,,,,A
367821000,2020-08-20T18:15:28,36.97285,-76.43365,0.0,0.0,511.0,YANO,IMO7825409,NAQH,70,0,276,32,13.0,70,A
366839000,2020-08-20T18:10:08,36.85350,-76.31079,0.0,0.0,39.0,CAPE RISE,IMO7530808,KAFG,70,5,197,32,10.0,,A
538002652,2020-08-20T18:15:50,36.87945,-76.32650,0.0,259.0,277.0,NAIAS,IMO9330800,V7KN8,70,5,225,32,14.0,70,A
366839000,2020-08-20T17:40:06,36.85347,-76.31082,0.0,0.0,39.0,CAPE RISE,IMO7530808,KAFG,70,5,197,32,10.0,,A
366733250,2020-08-20T18:15:51,37.21943,-76.07739,9.0,250.1,511.0,ATLANTIC SURVEYOR,,WTR5417,70,15,31,7,,,A
368026000,2020-08-20T18:15:20,36.86576,-76.31604,0.0,270.5,2.0,BENAVIDEZ,IMO9218210,NBHG,70,5,289,32,10.9,70,A
538006982,2020-08-20T17:41:16,36.96257,-76.42366,0.0,300.5,40.0,ANTE TOPIC,IMO9737072,V7TR4,70,5,,,,,A
477196100,2020-08-20T17:48:57,37.19642,-76.13632,0.2,229.8,117.0,DARYA MA,IMO9591674,VRJH5,70,1,229,32,14.5,,A
369390000,2020-08-20T17:42:05,36.87100,-76.34817,0.0,256.0,347.0,SAFMARINE MAFADI,IMO9314210,KRIJ,70,5,292,32,11.8,70,A
308299000,2020-08-20T17:43:45,37.33604,-76.08637,12.6,17.5,18.0,CSL ARGOSY,IMO7915412,C6UZ9,70,0,244,32,13.5,70,A
215677000,2020-08-20T18:17:45,37.08725,-76.10802,12.7,150.6,153.0,RIZE,IMO9584035,9HA2781,70,0,229,32,14.5,,A
368026000,2020-08-20T18:12:20,36.86577,-76.31602,0.0,270.5,2.0,BENAVIDEZ,IMO9218210,NBHG,70,5,289,32,10.9,70,A
367821000,2020-08-20T17:51:37,36.97281,-76.43367,0.0,0.0,511.0,YANO,IMO7825409,NAQH,70,0,276,32,13.0,70,A
338403000,2020-08-20T18:16:26,36.92478,-76.32974,0.0,121.7,355.0,MAERSK HARTFORD,IMO9333008,WMHA,70,5,299,40,14.5,,A
366733250,2020-08-20T18:13:22,37.22146,-76.07005,9.0,253.5,511.0,ATLANTIC SURVEYOR,,WTR5417,70,15,31,7,,,A
367821000,2020-08-20T18:16:38,36.97285,-76.43365,0.0,0.0,511.0,YANO,IMO7825409,NAQH,70,0,276,32,13.0,70,A
477196100,2020-08-20T18:18:50,37.19552,-76.13686,0.1,182.2,83.0,DARYA MA,IMO9591674,VRJH5,70,1,229,32,14.5,,A
366733250,2020-08-20T18:14:32,37.22054,-76.07345,9.0,250.3,511.0,ATLANTIC SURVEYOR,,WTR5417,70,15,31,7,,,A
538006982,2020-08-20T17:44:16,36.96257,-76.42363,0.0,300.5,40.0,ANTE TOPIC,IMO9737072,V7TR4,70,5,,,,,A
305855000,2020-08-20T18:14:49,36.86428,-76.31475,0.0,270.5,226.0,BBC PEARL,IMO9504786,V2FY8,70,5,153,23,9.1,70,A
367861000,2020-08-20T17:51:01,36.94637,-76.32979,0.0,0.0,265.0,LARAMIE,IMO8906626,NLAR,80,5,193,29,,,A
215677000,2020-08-20T17:46:55,37.16753,-76.15224,6.0,174.5,177.0,RIZE,IMO9584035,9HA2781,70,0,229,32,14.5,,A
215677000,2020-08-20T18:14:35,37.09698,-76.11487,12.5,150.3,153.0,RIZE,IMO9584035,9HA2781,70,0,229,32,14.5,,A
366733250,2020-08-20T18:19:21,37.21667,-76.08765,8.8,251.5,511.0,ATLANTIC SURVEYOR,,WTR5417,70,15,31,7,,,A
477738200,2020-08-20T17:45:40,36.87750,-76.34985,0.0,318.7,347.0,COSCO PHILIPPINES,IMO9448762,VRGM7,70,5,334,42,14.5,72,A
367932000,2020-08-20T18:18:08,36.94914,-76.32969,0.0,107.0,279.0,JOHN LENTHALL,IMO8325547,NJLN,80,5,193,29,,,A
367821000,2020-08-20T18:18:57,36.97284,-76.43365,0.0,0.0,511.0,YANO,IMO7825409,NAQH,70,0,276,32,13.0,70,A
538002652,2020-08-20T17:48:51,36.87943,-76.32643,0.0,259.0,276.0,NAIAS,IMO9330800,V7KN8,70,5,225,32,14.0,70,A
215677000,2020-08-20T17:49:06,37.16377,-76.15179,6.4,175.6,177.0,RIZE,IMO9584035,9HA2781,70,0,229,32,14.5,,A
338403000,2020-08-20T18:19:24,36.92477,-76.32976,0.0,121.7,355.0,MAERSK HARTFORD,IMO9333008,WMHA,70,5,299,40,14.5,,A
367932000,2020-08-20T18:15:09,36.94918,-76.32964,0.0,107.0,279.0,JOHN LENTHALL,IMO8325547,NJLN,80,5,193,29,,,A
477738200,2020-08-20T17:48:37,36.87751,-76.34982,0.0,318.7,347.0,COSCO PHILIPPINES,IMO9448762,VRGM7,70,5,334,42,14.5,72,A
366733250,2020-08-20T18:20:51,37.21550,-76.09203,8.9,253.2,511.0,ATLANTIC SURVEYOR,,WTR5417,70,15,31,7,,,A
367821000,2020-08-20T18:04:47,36.97286,-76.43366,0.0,0.0,511.0,YANO,IMO7825409,NAQH,70,0,276,32,13.0,70,A
538006982,2020-08-20T18:20:16,36.96255,-76.42367,0.0,300.5,40.0,ANTE TOPIC,IMO9737072,V7TR4,70,5,,,,,A
367861000,2020-08-20T18:21:00,36.94632,-76.32986,0.0,0.0,265.0,LARAMIE,IMO8906626,NLAR,80,5,193,29,,,A
368026000,2020-08-20T17:48:21,36.86576,-76.31605,0.0,270.5,2.0,BENAVIDEZ,IMO9218210,NBHG,70,5,289,32,10.9,70,A
367822000,2020-08-20T17:53:56,36.97311,-76.43385,0.0,0.0,238.0,USNS SHUGHART,IMO7825394,NAOQ,70,5,276,32,13.0,70,A
338403000,2020-08-20T18:04:24,36.92484,-76.32971,0.2,121.7,355.0,MAERSK HARTFORD,IMO9333008,WMHA,70,5,299,40,14.5,,A
367359930,2020-08-20T17:57:01,36.82408,-76.28906,0.0,212.3,511.0,SUNNY WILLIAMS,,WDE4940,80,0,25,8,,80,A
369390000,2020-08-20T18:21:06,36.87098,-76.34821,0.0,190.0,347.0,SAFMARINE MAFADI,IMO9314210,KRIJ,70,5,292,32,11.8,70,A
366733250,2020-08-20T18:22:02,37.21462,-76.09542,8.8,251.5,511.0,ATLANTIC SURVEYOR,,WTR5417,70,15,31,7,,,A
367359930,2020-08-20T18:05:42,36.82406,-76.28905,0.0,207.4,511.0,SUNNY WILLIAMS,,WDE4940,80,0,25,8,,80,A
338403000,2020-08-20T18:22:25,36.92473,-76.32977,0.0,121.7,355.0,MAERSK HARTFORD,IMO9333008,WMHA,70,5,299,40,14.5,,A
305855000,2020-08-20T18:17:49,36.86429,-76.31473,0.0,261.6,226.0,BBC PEARL,IMO9504786,V2FY8,70,5,153,23,9.1,70,A
477738200,2020-08-20T18:21:38,36.87761,-76.34973,0.0,242.1,347.0,COSCO PHILIPPINES,IMO9448762,VRGM7,70,5,334,42,14.5,72,A
215677000,2020-08-20T18:07:15,37.11872,-76.13012,11.9,150.5,153.0,RIZE,IMO9584035,9HA2781,70,0,229,32,14.5,,A
369390000,2020-08-20T17:51:06,36.87094,-76.34820,0.0,189.0,347.0,SAFMARINE MAFADI,IMO9314210,KRIJ,70,5,292,32,11.8,70,A
366839000,2020-08-20T18:07:04,36.85348,-76.31084,0.0,0.0,39.0,CAPE RISE,IMO7530808,KAFG,70,5,197,32,10.0,,A
366839000,2020-08-20T18:22:08,36.85350,-76.31081,0.0,0.0,39.0,CAPE RISE,IMO7530808,KAFG,70,5,197,32,10.0,,A
305855000,2020-08-20T17:50:47,36.86428,-76.31477,0.0,293.1,227.0,BBC PEARL,IMO9504786,V2FY8,70,5,153,23,9.1,70,A
477196100,2020-08-20T18:21:56,37.19542,-76.13686,0.1,182.2,78.0,DARYA MA,IMO9591674,VRJH5,70,1,229,32,14.5,,A
366733250,2020-08-20T18:23:13,37.21370,-76.09886,8.8,252.1,511.0,ATLANTIC SURVEYOR,,WTR5417,70,15,31,7,,,A
367359930,2020-08-20T18:24:22,36.82405,-76.28906,0.0,301.5,511.0,SUNNY WILLIAMS,,WDE4940,80,0,25,8,,80,A
366839000,2020-08-20T17:52:06,36.85349,-76.31081,0.0,0.0,39.0,CAPE RISE,IMO7530808,KAFG,70,5,197,32,10.0,,A
367821000,2020-08-20T18:08:08,36.97286,-76.43365,0.0,0.0,511.0,YANO,IMO7825409,NAQH,70,0,276,32,13.0,70,A
366839000,2020-08-20T18:19:09,36.85346,-76.31084,0.0,0.0,39.0,CAPE RISE,IMO7530808,KAFG,70,5,197,32,10.0,,A
538006982,2020-08-20T18:08:16,36.96261,-76.42366,0.0,300.5,40.0,ANTE TOPIC,IMO9737072,V7TR4,70,5,,,,,A
538006982,2020-08-20T17:53:16,36.96254,-76.42365,0.0,300.5,40.0,ANTE TOPIC,IMO9737072,V7TR4,70,5,,,,,A
367821000,2020-08-20T17:54:48,36.97281,-76.43366,0.0,0.0,511.0,YANO,IMO7825409,NAQH,70,0,276,32,13.0,70,A
305855000,2020-08-20T18:23:49,36.86426,-76.31475,0.0,249.7,226.0,BBC PEARL,IMO9504786,V2FY8,70,5,153,23,9.1,70,A
215677000,2020-08-20T18:08:16,37.11577,-76.12807,12.0,150.9,153.0,RIZE,IMO9584035,9HA2781,70,0,229,32,14.5,,A
538002652,2020-08-20T18:24:50,36.87943,-76.32645,0.0,259.0,277.0,NAIAS,IMO9330800,V7KN8,70,5,225,32,14.0,70,A
338403000,2020-08-20T17:55:20,36.92476,-76.32970,0.0,101.9,355.0,MAERSK HARTFORD,IMO9333008,WMHA,70,5,299,40,14.5,,A
215677000,2020-08-20T18:09:25,37.11245,-76.12574,12.1,150.9,153.0,RIZE,IMO9584035,9HA2781,70,0,229,32,14.5,,A
477738200,2020-08-20T18:24:39,36.87744,-76.34976,0.0,202.5,347.0,COSCO PHILIPPINES,IMO9448762,VRGM7,70,5,334,42,14.5,72,A
366839000,2020-08-20T18:25:11,36.85349,-76.31082,0.0,0.0,39.0,CAPE RISE,IMO7530808,KAFG,70,5,197,32,10.0,,A
367861000,2020-08-20T17:57:01,36.94634,-76.32982,0.0,0.0,265.0,LARAMIE,IMO8906626,NLAR,80,5,193,29,,,A
477738200,2020-08-20T17:57:37,36.87751,-76.34981,0.0,318.7,347.0,COSCO PHILIPPINES,IMO9448762,VRGM7,70,5,334,42,14.5,72,A
477196100,2020-08-20T18:09:57,37.19572,-76.13681,0.2,161.3,91.0,DARYA MA,IMO9591674,VRJH5,70,1,229,32,14.5,,A
305855000,2020-08-20T17:53:47,36.86424,-76.31476,0.0,256.0,227.0,BBC PEARL,IMO9504786,V2FY8,70,5,153,23,9.1,70,A
367359930,2020-08-20T18:21:22,36.82405,-76.28906,0.0,292.8,511.0,SUNNY WILLIAMS,,WDE4940,80,0,25,8,,80,A
367359930,2020-08-20T18:10:33,36.82404,-76.28904,0.1,236.5,511.0,SUNNY WILLIAMS,,WDE4940,80,0,25,8,,80,A
215677000,2020-08-20T18:10:36,37.10895,-76.12330,12.2,150.8,153.0,RIZE,IMO9584035,9HA2781,70,0,229,32,14.5,,A
215677000,2020-08-20T18:27:24,37.05731,-76.08568,13.6,141.8,143.0,RIZE,IMO9584035,9HA2781,70,0,229,32,14.5,,A
215677000,2020-08-20T18:00:05,37.13866,-76.14380,10.4,152.1,154.0,RIZE,IMO9584035,9HA2781,70,0,229,32,14.5,,A
538002652,2020-08-20T18:21:50,36.87943,-76.32647,0.0,259.0,277.0,NAIAS,IMO9330800,V7KN8,70,5,225,32,14.0,70,A
477738200,2020-08-20T17:54:37,36.87750,-76.34981,0.0,318.7,347.0,COSCO PHILIPPINES,IMO9448762,VRGM7,70,5,334,42,14.5,72,A
367821000,2020-08-20T18:26:18,36.97283,-76.43366,0.0,0.0,511.0,YANO,IMO7825409,NAQH,70,0,276,32,13.0,70,A
367359930,2020-08-20T18:26:41,36.82405,-76.28906,0.0,312.6,511.0,SUNNY WILLIAMS,,WDE4940,80,0,25,8,,80,A
368026000,2020-08-20T18:00:20,36.86575,-76.31603,0.0,270.5,2.0,BENAVIDEZ,IMO9218210,NBHG,70,5,289,32,10.9,70,A
215677000,2020-08-20T18:01:15,37.13560,-76.14175,10.9,152.3,154.0,RIZE,IMO9584035,9HA2781,70,0,229,32,14.5,,A
367821000,2020-08-20T18:27:28,36.97283,-76.43366,0.0,0.0,511.0,YANO,IMO7825409,NAQH,70,0,276,32,13.0,70,A
367822000,2020-08-20T18:23:55,36.97311,-76.43382,0.0,0.0,238.0,USNS SHUGHART,IMO7825394,NAOQ,70,5,276,32,13.0,70,A
367861000,2020-08-20T18:11:59,36.94634,-76.32986,0.0,0.0,265.0,LARAMIE,IMO8906626,NLAR,80,5,193,29,,,A
367861000,2020-08-20T18:27:00,36.94637,-76.32986,0.0,0.0,265.0,LARAMIE,IMO8906626,NLAR,80,5,193,29,,,A
366733250,2020-08-20T18:29:21,37.20884,-76.11707,9.0,252.8,511.0,ATLANTIC SURVEYOR,,WTR5417,70,15,31,7,,,A
367821000,2020-08-20T18:28:37,36.97283,-76.43366,0.0,0.0,511.0,YANO,IMO7825409,NAQH,70,0,276,32,13.0,70,A
338403000,2020-08-20T18:28:27,36.92480,-76.32970,0.0,121.7,355.0,MAERSK HARTFORD,IMO9333008,WMHA,70,5,299,40,14.5,,A
215677000,2020-08-20T18:29:35,37.05066,-76.07932,13.9,143.4,145.0,RIZE,IMO9584035,9HA2781,70,0,229,32,14.5,,A
367861000,2020-08-20T18:02:59,36.94642,-76.32977,0.0,0.0,265.0,LARAMIE,IMO8906626,NLAR,80,5,193,29,,,A
367359930,2020-08-20T18:25:32,36.82405,-76.28906,0.0,301.1,511.0,SUNNY WILLIAMS,,WDE4940,80,0,25,8,,80,A
366733250,2020-08-20T18:31:41,37.20717,-76.12414,9.0,254.9,511.0,ATLANTIC SURVEYOR,,WTR5417,70,15,31,7,,,A
367822000,2020-08-20T18:29:55,36.97312,-76.43381,0.0,0.0,238.0,USNS SHUGHART,IMO7825394,NAOQ,70,5,276,32,13.0,70,A
367359930,2020-08-20T17:59:51,36.82405,-76.28905,0.0,219.2,511.0,SUNNY WILLIAMS,,WDE4940,80,0,25,8,,80,A
367359930,2020-08-20T18:30:53,36.82405,-76.28905,0.0,319.4,511.0,SUNNY WILLIAMS,,WDE4940,80,0,25,8,,80,A
477196100,2020-08-20T18:03:55,37.19598,-76.13686,0.1,182.3,95.0,DARYA MA,IMO9591674,VRJH5,70,1,229,32,14.5,,A
367821000,2020-08-20T18:03:38,36.97288,-76.43366,0.0,0.0,511.0,YANO,IMO7825409,NAQH,70,0,276,32,13.0,70,A
305855000,2020-08-20T18:26:45,36.86425,-76.31477,0.0,226.9,226.0,BBC PEARL,IMO9504786,V2FY8,70,5,153,23,9.1,70,A
477738200,2020-08-20T18:00:40,36.87750,-76.34980,0.0,344.7,347.0,COSCO PHILIPPINES,IMO9448762,VRGM7,70,5,334,42,14.5,72,A
367822000,2020-08-20T18:26:56,36.97312,-76.43381,0.0,0.0,238.0,USNS SHUGHART,IMO7825394,NAOQ,70,5,276,32,13.0,70,A
367359930,2020-08-20T18:04:41,36.82405,-76.28906,0.1,211.0,511.0,SUNNY WILLIAMS,,WDE4940,80,0,25,8,,80,A
367359930,2020-08-20T18:27:51,36.82405,-76.28906,0.0,317.5,511.0,SUNNY WILLIAMS,,WDE4940,80,0,25,8,,80,A
477196100,2020-08-20T18:00:58,37.19603,-76.13686,0.1,203.0,97.0,DARYA MA,IMO9591674,VRJH5,70,1,229,32,14.5,,A
538002652,2020-08-20T18:00:50,36.87942,-76.32643,0.0,259.0,277.0,NAIAS,IMO9330800,V7KN8,70,5,225,32,14.0,70,A
367359930,2020-08-20T18:14:33,36.82403,-76.28905,0.0,267.7,511.0,SUNNY WILLIAMS,,WDE4940,80,0,25,8,,80,A
367821000,2020-08-20T18:14:07,36.97285,-76.43364,0.0,0.0,511.0,YANO,IMO7825409,NAQH,70,0,276,32,13.0,70,A
305855000,2020-08-20T18:05:46,36.86431,-76.31476,0.0,301.7,227.0,BBC PEARL,IMO9504786,V2FY8,70,5,153,23,9.1,70,A
367861000,2020-08-20T18:33:00,36.94635,-76.32989,0.0,0.0,265.0,LARAMIE,IMO8906626,NLAR,80,5,193,29,,,A
367821000,2020-08-20T18:33:48,36.97283,-76.43366,0.0,0.0,511.0,YANO,IMO7825409,NAQH,70,0,276,32,13.0,70,A
215677000,2020-08-20T18:05:54,37.12260,-76.13288,11.8,150.6,153.0,RIZE,IMO9584035,9HA2781,70,0,229,32,14.5,,A
366733250,2020-08-20T18:32:52,37.20636,-76.12772,9.0,253.5,511.0,ATLANTIC SURVEYOR,,WTR5417,70,15,31,7,,,A
367822000,2020-08-20T18:05:56,36.97310,-76.43385,0.0,0.0,238.0,USNS SHUGHART,IMO7825394,NAOQ,70,5,276,32,13.0,70,A
367822000,2020-08-20T18:32:56,36.97312,-76.43381,0.0,0.0,238.0,USNS SHUGHART,IMO7825394,NAOQ,70,5,276,32,13.0,70,A
247281100,2020-08-20T18:34:24,37.04061,-76.06852,15.8,319.7,319.0,GRANDE MAROCCO,IMO9437907,IBOQ,70,0,211,32,9.8,,A
305855000,2020-08-20T18:32:45,36.86427,-76.31475,0.0,233.9,226.0,BBC PEARL,IMO9504786,V2FY8,70,5,153,23,9.1,70,A
215677000,2020-08-20T18:02:25,37.13247,-76.13961,11.2,152.1,154.0,RIZE,IMO9584035,9HA2781,70,0,229,32,14.5,,A
477196100,2020-08-20T18:15:57,37.19558,-76.13680,0.1,182.2,86.0,DARYA MA,IMO9591674,VRJH5,70,1,229,32,14.5,,A
477196100,2020-08-20T18:33:58,37.19563,-76.13692,0.1,353.2,83.0,DARYA MA,IMO9591674,VRJH5,70,1,229,32,14.5,,A
367359930,2020-08-20T18:29:03,36.82404,-76.28906,0.0,311.6,511.0,SUNNY WILLIAMS,,WDE4940,80,0,25,8,,80,A
367861000,2020-08-20T18:30:01,36.94634,-76.32983,0.0,0.0,265.0,LARAMIE,IMO8906626,NLAR,80,5,193,29,,,A
477738200,2020-08-20T18:03:38,36.87750,-76.34986,0.0,348.6,347.0,COSCO PHILIPPINES,IMO9448762,VRGM7,70,5,334,42,14.5,72,A
247281100,2020-08-20T18:35:30,37.04431,-76.07236,15.7,321.3,321.0,GRANDE MAROCCO,IMO9437907,IBOQ,70,0,211,32,9.8,,A
367359930,2020-08-20T18:09:13,36.82406,-76.28904,0.0,206.9,511.0,SUNNY WILLIAMS,,WDE4940,80,0,25,8,,80,A
366733250,2020-08-20T18:37:12,37.20568,-76.14086,8.7,277.7,511.0,ATLANTIC SURVEYOR,,WTR5417,70,15,31,7,,,A
367359930,2020-08-20T18:35:03,36.82403,-76.28906,0.0,313.6,511.0,SUNNY WILLIAMS,,WDE4940,80,0,25,8,,80,A
368026000,2020-08-20T18:30:20,36.86578,-76.31604,0.0,270.5,2.0,BENAVIDEZ,IMO9218210,NBHG,70,5,289,32,10.9,70,A
215677000,2020-08-20T18:32:25,37.04171,-76.07120,14.2,146.2,148.0,RIZE,IMO9584035,9HA2781,70,0,229,32,14.5,,A
247281100,2020-08-20T18:37:35,37.05166,-76.07940,16.1,323.2,321.0,GRANDE MAROCCO,IMO9437907,IBOQ,70,0,211,32,9.8,,A
367821000,2020-08-20T18:36:37,36.97283,-76.43366,0.0,0.0,511.0,YANO,IMO7825409,NAQH,70,0,276,32,13.0,70,A
215677000,2020-08-20T18:19:15,37.08262,-76.10481,12.7,150.6,153.0,RIZE,IMO9584035,9HA2781,70,0,229,32,14.5,,A
538006982,2020-08-20T18:32:16,36.96256,-76.42368,0.0,307.0,40.0,ANTE TOPIC,IMO9737072,V7TR4,70,5,,,,,A
215677000,2020-08-20T18:20:45,37.07793,-76.10159,12.9,150.9,153.0,RIZE,IMO9584035,9HA2781,70,0,229,32,14.5,,A
247281100,2020-08-20T18:33:00,37.03579,-76.06355,16.1,322.9,322.0,GRANDE MAROCCO,IMO9437907,IBOQ,70,0,211,32,9.8,,A
367359930,2020-08-20T18:19:43,36.82406,-76.28905,0.0,289.0,511.0,SUNNY WILLIAMS,,WDE4940,80,0,25,8,,80,A
477738200,2020-08-20T18:36:40,36.87753,-76.34978,0.1,233.0,347.0,COSCO PHILIPPINES,IMO9448762,VRGM7,70,5,334,42,14.5,72,A
247281100,2020-08-20T18:39:00,37.05662,-76.08417,15.9,322.6,321.0,GRANDE MAROCCO,IMO9437907,IBOQ,70,0,211,32,9.8,,A
366733250,2020-08-20T18:39:12,37.20539,-76.14685,8.6,261.6,511.0,ATLANTIC SURVEYOR,,WTR5417,70,15,31,7,,,A
367821000,2020-08-20T18:35:28,36.97283,-76.43366,0.0,0.0,511.0,YANO,IMO7825409,NAQH,70,0,276,32,13.0,70,A
368026000,2020-08-20T18:21:21,36.86575,-76.31604,0.0,270.5,2.0,BENAVIDEZ,IMO9218210,NBHG,70,5,289,32,10.9,70,A
367822000,2020-08-20T18:20:56,36.97310,-76.43382,0.0,0.0,238.0,USNS SHUGHART,IMO7825394,NAOQ,70,5,276,32,13.0,70,A
367932000,2020-08-20T18:21:09,36.94913,-76.32975,0.0,107.0,279.0,JOHN LENTHALL,IMO8325547,NJLN,80,5,193,29,,,A
215677000,2020-08-20T18:23:25,37.06956,-76.09581,13.0,151.0,153.0,RIZE,IMO9584035,9HA2781,70,0,229,32,14.5,,A
247281100,2020-08-20T18:40:54,37.06343,-76.09060,16.0,326.0,327.0,GRANDE MAROCCO,IMO9437907,IBOQ,70,0,211,32,9.8,,A
305855000,2020-08-20T18:11:46,36.86427,-76.31478,0.0,238.9,226.0,BBC PEARL,IMO9504786,V2FY8,70,5,153,23,9.1,70,A
538002652,2020-08-20T18:12:49,36.87943,-76.32637,0.0,259.0,277.0,NAIAS,IMO9330800,V7KN8,70,5,225,32,14.0,70,A
367821000,2020-08-20T18:39:58,36.97283,-76.43366,0.0,0.0,511.0,YANO,IMO7825409,NAQH,70,0,276,32,13.0,70,A
367359930,2020-08-20T18:13:02,36.82404,-76.28904,0.0,264.1,511.0,SUNNY WILLIAMS,,WDE4940,80,0,25,8,,80,A
367359930,2020-08-20T18:39:53,36.82404,-76.28911,0.0,285.4,511.0,SUNNY WILLIAMS,,WDE4940,80,0,25,8,,80,A
368026000,2020-08-20T18:09:21,36.86576,-76.31606,0.1,270.5,2.0,BENAVIDEZ,IMO9218210,NBHG,70,5,289,32,10.9,70,A
369390000,2020-08-20T18:36:05,36.87100,-76.34817,0.0,173.0,347.0,SAFMARINE MAFADI,IMO9314210,KRIJ,70,5,292,32,11.8,70,A
305855000,2020-08-20T18:41:47,36.86428,-76.31477,0.0,227.5,226.0,BBC PEARL,IMO9504786,V2FY8,70,5,153,23,9.1,70,A
538002652,2020-08-20T18:39:52,36.87947,-76.32638,0.0,259.0,277.0,NAIAS,IMO9330800,V7KN8,70,5,225,32,14.0,70,A
366733250,2020-08-20T18:24:21,37.21279,-76.10225,8.9,252.1,511.0,ATLANTIC SURVEYOR,,WTR5417,70,15,31,7,,,A
338403000,2020-08-20T18:40:24,36.92474,-76.32973,0.0,355.3,355.0,MAERSK HARTFORD,IMO9333008,WMHA,70,5,299,40,14.5,,A
367932000,2020-08-20T18:24:08,36.94912,-76.32961,0.0,107.0,279.0,JOHN LENTHALL,IMO8325547,NJLN,80,5,193,29,,,A
367821000,2020-08-20T18:10:38,36.97286,-76.43365,0.0,0.0,511.0,YANO,IMO7825409,NAQH,70,0,276,32,13.0,70,A
367821000,2020-08-20T18:37:38,36.97283,-76.43366,0.0,0.0,511.0,YANO,IMO7825409,NAQH,70,0,276,32,13.0,70,A
366839000,2020-08-20T18:43:12,36.85351,-76.31084,0.0,0.0,39.0,CAPE RISE,IMO7530808,KAFG,70,5,197,32,10.0,,A
538006982,2020-08-20T18:26:16,36.96256,-76.42365,0.0,300.5,40.0,ANTE TOPIC,IMO9737072,V7TR4,70,5,,,,,A
366733250,2020-08-20T18:44:01,37.20135,-76.16009,8.6,246.3,511.0,ATLANTIC SURVEYOR,,WTR5417,70,15,31,7,,,A
338403000,2020-08-20T18:43:21,36.92474,-76.32972,0.0,121.7,355.0,MAERSK HARTFORD,IMO9333008,WMHA,70,5,299,40,14.5,,A
369390000,2020-08-20T18:12:06,36.87095,-76.34820,0.0,1.0,347.0,SAFMARINE MAFADI,IMO9314210,KRIJ,70,5,292,32,11.8,70,A
368026000,2020-08-20T18:42:21,36.86575,-76.31602,0.0,270.5,2.0,BENAVIDEZ,IMO9218210,NBHG,70,5,289,32,10.9,70,A
215677000,2020-08-20T18:11:46,37.10541,-76.12085,12.4,150.3,152.0,RIZE,IMO9584035,9HA2781,70,0,229,32,14.5,,A
367822000,2020-08-20T18:38:56,36.97312,-76.43382,0.0,0.0,238.0,USNS SHUGHART,IMO7825394,NAOQ,70,5,276,32,13.0,70,A
305855000,2020-08-20T18:38:48,36.86428,-76.31477,0.0,208.7,226.0,BBC PEARL,IMO9504786,V2FY8,70,5,153,23,9.1,70,A
369390000,2020-08-20T18:27:05,36.87094,-76.34819,0.0,333.0,347.0,SAFMARINE MAFADI,IMO9314210,KRIJ,70,5,292,32,11.8,70,A
368026000,2020-08-20T18:39:21,36.86576,-76.31604,0.0,270.5,2.0,BENAVIDEZ,IMO9218210,NBHG,70,5,289,32,10.9,70,A
366839000,2020-08-20T18:16:07,36.85349,-76.31081,0.0,0.0,39.0,CAPE RISE,IMO7530808,KAFG,70,5,197,32,10.0,,A
477738200,2020-08-20T18:27:36,36.87749,-76.34982,0.1,240.0,347.0,COSCO PHILIPPINES,IMO9448762,VRGM7,70,5,334,42,14.5,72,A
215677000,2020-08-20T18:13:24,37.10050,-76.11736,12.5,149.9,153.0,RIZE,IMO9584035,9HA2781,70,0,229,32,14.5,,A
367822000,2020-08-20T18:44:56,36.97312,-76.43381,0.0,0.0,238.0,USNS SHUGHART,IMO7825394,NAOQ,70,5,276,32,13.0,70,A
367821000,2020-08-20T18:46:47,36.97284,-76.43366,0.0,0.0,511.0,YANO,IMO7825409,NAQH,70,0,276,32,13.0,70,A
338403000,2020-08-20T18:13:23,36.92480,-76.32967,0.0,121.7,355.0,MAERSK HARTFORD,IMO9333008,WMHA,70,5,299,40,14.5,,A
477738200,2020-08-20T18:42:39,36.87750,-76.34979,0.1,296.2,347.0,COSCO PHILIPPINES,IMO9448762,VRGM7,70,5,334,42,14.5,72,A
368026000,2020-08-20T18:45:20,36.86576,-76.31602,0.0,270.5,2.0,BENAVIDEZ,IMO9218210,NBHG,70,5,289,32,10.9,70,A
369390000,2020-08-20T18:45:05,36.87100,-76.34817,0.0,113.0,347.0,SAFMARINE MAFADI,IMO9314210,KRIJ,70,5,292,32,11.8,70,A
477738200,2020-08-20T18:18:40,36.87758,-76.34973,0.1,242.1,347.0,COSCO PHILIPPINES,IMO9448762,VRGM7,70,5,334,42,14.5,72,A
367359930,2020-08-20T18:46:51,36.82405,-76.28907,0.0,291.2,511.0,SUNNY WILLIAMS,,WDE4940,80,0,25,8,,80,A
477196100,2020-08-20T18:42:56,37.19580,-76.13686,0.1,40.3,91.0,DARYA MA,IMO9591674,VRJH5,70,1,229,32,14.5,,A
538002652,2020-08-20T18:45:53,36.87947,-76.32645,0.0,259.0,277.0,NAIAS,IMO9330800,V7KN8,70,5,225,32,14.0,70,A
215677000,2020-08-20T18:16:15,37.09186,-76.11125,12.6,150.8,153.0,RIZE,IMO9584035,9HA2781,70,0,229,32,14.5,,A
367359930,2020-08-20T18:18:33,36.82406,-76.28905,0.0,280.4,511.0,SUNNY WILLIAMS,,WDE4940,80,0,25,8,,80,A
367932000,2020-08-20T18:42:08,36.94912,-76.32948,0.0,107.0,279.0,JOHN LENTHALL,IMO8325547,NJLN,80,5,193,29,,,A
215677000,2020-08-20T18:31:07,37.04594,-76.07496,14.0,144.2,146.0,RIZE,IMO9584035,9HA2781,70,0,229,32,14.5,,A
247281100,2020-08-20T18:45:54,37.08298,-76.10451,16.4,329.2,328.0,GRANDE MAROCCO,IMO9437907,IBOQ,70,0,211,32,9.8,,A
477738200,2020-08-20T18:15:37,36.87782,-76.34955,0.0,350.6,347.0,COSCO PHILIPPINES,IMO9448762,VRGM7,70,5,334,42,14.5,72,A
477738200,2020-08-20T18:30:36,36.87751,-76.34981,0.1,235.7,347.0,COSCO PHILIPPINES,IMO9448762,VRGM7,70,5,334,42,14.5,72,A
367932000,2020-08-20T18:30:09,36.94915,-76.32966,0.0,107.0,279.0,JOHN LENTHALL,IMO8325547,NJLN,80,5,193,29,,,A
305855000,2020-08-20T18:47:48,36.86427,-76.31478,0.0,230.7,226.0,BBC PEARL,IMO9504786,V2FY8,70,5,153,23,9.1,70,A
367359930,2020-08-20T18:50:21,36.82405,-76.28906,0.0,298.2,511.0,SUNNY WILLIAMS,,WDE4940,80,0,25,8,,80,A
477196100,2020-08-20T18:45:55,37.19580,-76.13684,0.1,40.3,92.0,DARYA MA,IMO9591674,VRJH5,70,1,229,32,14.5,,A
477738200,2020-08-20T18:45:36,36.87753,-76.34980,0.0,294.9,347.0,COSCO PHILIPPINES,IMO9448762,VRGM7,70,5,334,42,14.5,72,A
366733250,2020-08-20T18:17:21,37.21818,-76.08177,8.8,253.3,511.0,ATLANTIC SURVEYOR,,WTR5417,70,15,31,7,,,A
367821000,2020-08-20T18:50:07,36.97284,-76.43366,0.0,0.0,511.0,YANO,IMO7825409,NAQH,70,0,276,32,13.0,70,A
367861000,2020-08-20T18:48:01,36.94633,-76.32988,0.0,0.0,265.0,LARAMIE,IMO8906626,NLAR,80,5,193,29,,,A
367359930,2020-08-20T18:53:03,36.82404,-76.28907,0.0,291.9,511.0,SUNNY WILLIAMS,,WDE4940,80,0,25,8,,80,A
367861000,2020-08-20T18:50:59,36.94635,-76.32985,0.0,0.0,265.0,LARAMIE,IMO8906626,NLAR,80,5,193,29,,,A
367821000,2020-08-20T18:17:47,36.97284,-76.43365,0.0,0.0,511.0,YANO,IMO7825409,NAQH,70,0,276,32,13.0,70,A
367932000,2020-08-20T18:48:09,36.94918,-76.32966,0.0,107.0,279.0,JOHN LENTHALL,IMO8325547,NJLN,80,5,193,29,,,A
477738200,2020-08-20T18:33:37,36.87754,-76.34977,0.1,231.3,347.0,COSCO PHILIPPINES,IMO9448762,VRGM7,70,5,334,42,14.5,72,A
477738200,2020-08-20T18:51:38,36.87750,-76.34982,0.0,294.9,347.0,COSCO PHILIPPINES,IMO9448762,VRGM7,70,5,334,42,14.5,72,A
368026000,2020-08-20T18:18:20,36.86576,-76.31603,0.0,270.5,2.0,BENAVIDEZ,IMO9218210,NBHG,70,5,289,32,10.9,70,A
367861000,2020-08-20T18:18:00,36.94631,-76.32990,0.0,0.0,265.0,LARAMIE,IMO8906626,NLAR,80,5,193,29,,,A
215677000,2020-08-20T18:34:49,37.03363,-76.06468,14.5,146.9,148.0,RIZE,IMO9584035,9HA2781,70,0,229,32,14.5,,A
367822000,2020-08-20T18:50:56,36.97312,-76.43381,0.0,0.0,238.0,USNS SHUGHART,IMO7825394,NAOQ,70,5,276,32,13.0,70,A
366839000,2020-08-20T18:34:04,36.85349,-76.31083,0.0,0.0,39.0,CAPE RISE,IMO7530808,KAFG,70,5,197,32,10.0,,A
367861000,2020-08-20T18:36:01,36.94641,-76.32986,0.0,0.0,265.0,LARAMIE,IMO8906626,NLAR,80,5,193,29,,,A
305855000,2020-08-20T18:35:47,36.86429,-76.31476,0.0,253.3,226.0,BBC PEARL,IMO9504786,V2FY8,70,5,153,23,9.1,70,A
368026000,2020-08-20T18:48:20,36.86577,-76.31603,0.0,270.5,2.0,BENAVIDEZ,IMO9218210,NBHG,70,5,289,32,10.9,70,A
215677000,2020-08-20T18:22:15,37.07321,-76.09833,12.9,150.7,153.0,RIZE,IMO9584035,9HA2781,70,0,229,32,14.5,,A
247281100,2020-08-20T18:49:06,37.09553,-76.11372,16.4,329.6,328.0,GRANDE MAROCCO,IMO9437907,IBOQ,70,0,211,32,9.8,,A
367359930,2020-08-20T18:36:13,36.82403,-76.28906,0.0,305.6,511.0,SUNNY WILLIAMS,,WDE4940,80,0,25,8,,80,A
367359930,2020-08-20T18:23:01,36.82404,-76.28906,0.0,295.3,511.0,SUNNY WILLIAMS,,WDE4940,80,0,25,8,,80,A
368026000,2020-08-20T18:36:21,36.86577,-76.31604,0.0,270.5,2.0,BENAVIDEZ,IMO9218210,NBHG,70,5,289,32,10.9,70,A
366839000,2020-08-20T18:37:11,36.85347,-76.31086,0.0,0.0,39.0,CAPE RISE,IMO7530808,KAFG,70,5,197,32,10.0,,A
338403000,2020-08-20T18:37:24,36.92480,-76.32973,0.0,121.7,355.0,MAERSK HARTFORD,IMO9333008,WMHA,70,5,299,40,14.5,,A
367821000,2020-08-20T18:51:17,36.97284,-76.43365,0.0,0.0,511.0,YANO,IMO7825409,NAQH,70,0,276,32,13.0,70,A
369390000,2020-08-20T18:54:05,36.87100,-76.34817,0.0,266.0,347.0,SAFMARINE MAFADI,IMO9314210,KRIJ,70,5,292,32,11.8,70,A
367359930,2020-08-20T18:55:53,36.82404,-76.28906,0.0,285.7,511.0,SUNNY WILLIAMS,,WDE4940,80,0,25,8,,80,A
338403000,2020-08-20T18:52:26,36.92480,-76.32976,0.0,355.3,355.0,MAERSK HARTFORD,IMO9333008,WMHA,70,5,299,40,14.5,,A
367822000,2020-08-20T18:53:56,36.97312,-76.43381,0.0,0.0,238.0,USNS SHUGHART,IMO7825394,NAOQ,70,5,276,32,13.0,70,A
477196100,2020-08-20T18:54:56,37.19579,-76.13678,0.1,40.3,511.0,DARYA MA,IMO9591674,VRJH5,70,1,229,32,14.5,,A
367821000,2020-08-20T18:23:18,36.97284,-76.43366,0.0,0.0,511.0,YANO,IMO7825409,NAQH,70,0,276,32,13.0,70,A
368026000,2020-08-20T18:54:20,36.86576,-76.31604,0.0,270.5,2.0,BENAVIDEZ,IMO9218210,NBHG,70,5,289,32,10.9,70,A
338403000,2020-08-20T18:55:22,36.92475,-76.32976,0.0,121.7,355.0,MAERSK HARTFORD,IMO9333008,WMHA,70,5,299,40,14.5,,A
538006982,2020-08-20T18:53:16,36.96255,-76.42365,0.0,214.6,40.0,ANTE TOPIC,IMO9737072,V7TR4,70,5,,,,,A
367932000,2020-08-20T18:54:07,36.94924,-76.32966,0.0,107.0,279.0,JOHN LENTHALL,IMO8325547,NJLN,80,5,193,29,,,A
367821000,2020-08-20T18:56:07,36.97285,-76.43365,0.0,0.0,511.0,YANO,IMO7825409,NAQH,70,0,276,32,13.0,70,A
367861000,2020-08-20T18:54:00,36.94640,-76.32987,0.0,0.0,265.0,LARAMIE,IMO8906626,NLAR,80,5,193,29,,,A
367861000,2020-08-20T18:57:01,36.94640,-76.32988,0.0,0.0,265.0,LARAMIE,IMO8906626,NLAR,80,5,193,29,,,A
477196100,2020-08-20T18:57:57,37.19569,-76.13683,0.1,190.0,511.0,DARYA MA,IMO9591674,VRJH5,70,1,229,32,14.5,,A
367359930,2020-08-20T18:57:53,36.82403,-76.28906,0.0,261.7,511.0,SUNNY WILLIAMS,,WDE4940,80,0,25,8,,80,A
247281100,2020-08-20T18:54:30,37.11690,-76.12931,16.4,330.1,329.0,GRANDE MAROCCO,IMO9437907,IBOQ,70,0,211,32,9.8,,A
369390000,2020-08-20T18:57:06,36.87091,-76.34818,0.0,333.0,347.0,SAFMARINE MAFADI,IMO9314210,KRIJ,70,5,292,32,11.8,70,A
368026000,2020-08-20T18:24:20,36.86577,-76.31603,0.0,270.5,2.0,BENAVIDEZ,IMO9218210,NBHG,70,5,289,32,10.9,70,A
367861000,2020-08-20T18:39:00,36.94635,-76.32991,0.0,0.0,265.0,LARAMIE,IMO8906626,NLAR,80,5,193,29,,,A
367821000,2020-08-20T18:24:57,36.97283,-76.43366,0.0,0.0,511.0,YANO,IMO7825409,NAQH,70,0,276,32,13.0,70,A
367821000,2020-08-20T18:38:48,36.97283,-76.43366,0.0,0.0,511.0,YANO,IMO7825409,NAQH,70,0,276,32,13.0,70,A
366733250,2020-08-20T18:58:31,37.19265,-76.20175,8.7,248.2,511.0,ATLANTIC SURVEYOR,,WTR5417,70,15,31,7,,,A
367932000,2020-08-20T18:39:09,36.94911,-76.32973,0.0,107.0,279.0,JOHN LENTHALL,IMO8325547,NJLN,80,5,193,29,,,A
366733250,2020-08-20T18:25:31,37.21185,-76.10571,9.1,250.7,511.0,ATLANTIC SURVEYOR,,WTR5417,70,15,31,7,,,A
215677000,2020-08-20T18:26:15,37.06072,-76.08895,13.3,143.2,144.0,RIZE,IMO9584035,9HA2781,70,0,229,32,14.5,,A
366733250,2020-08-20T18:41:21,37.20397,-76.15290,8.4,245.7,511.0,ATLANTIC SURVEYOR,,WTR5417,70,15,31,7,,,A
366839000,2020-08-20T18:58:06,36.85352,-76.31081,0.0,0.0,39.0,CAPE RISE,IMO7530808,KAFG,70,5,197,32,10.0,,A
247281100,2020-08-20T18:56:12,37.12362,-76.13413,16.4,329.8,329.0,GRANDE MAROCCO,IMO9437907,IBOQ,70,0,211,32,9.8,,A
247281100,2020-08-20T18:42:54,37.07121,-76.09593,16.0,330.1,329.0,GRANDE MAROCCO,IMO9437907,IBOQ,70,0,211,32,9.8,,A
367861000,2020-08-20T18:42:00,36.94637,-76.32982,0.0,0.0,265.0,LARAMIE,IMO8906626,NLAR,80,5,193,29,,,A
338403000,2020-08-20T18:58:24,36.92479,-76.32971,0.0,121.7,355.0,MAERSK HARTFORD,IMO9333008,WMHA,70,5,299,40,14.5,,A
366733250,2020-08-20T18:27:31,37.21023,-76.11164,9.0,248.8,511.0,ATLANTIC SURVEYOR,,WTR5417,70,15,31,7,,,A
369390000,2020-08-20T18:42:06,36.87088,-76.34824,0.0,45.0,347.0,SAFMARINE MAFADI,IMO9314210,KRIJ,70,5,292,32,11.8,70,A
367861000,2020-08-20T19:00:00,36.94640,-76.32981,0.0,0.0,265.0,LARAMIE,IMO8906626,NLAR,80,5,193,29,,,A
367932000,2020-08-20T18:57:07,36.94915,-76.32967,0.0,107.0,279.0,JOHN LENTHALL,IMO8325547,NJLN,80,5,193,29,,,A
538006982,2020-08-20T18:56:16,36.96256,-76.42366,0.0,214.6,40.0,ANTE TOPIC,IMO9737072,V7TR4,70,5,,,,,A
366733250,2020-08-20T18:59:42,37.19159,-76.20507,8.7,248.3,511.0,ATLANTIC SURVEYOR,,WTR5417,70,15,31,7,,,A
367861000,2020-08-20T18:24:00,36.94635,-76.32986,0.0,0.0,265.0,LARAMIE,IMO8906626,NLAR,80,5,193,29,,,A
368026000,2020-08-20T18:27:21,36.86574,-76.31605,0.0,270.5,2.0,BENAVIDEZ,IMO9218210,NBHG,70,5,289,32,10.9,70,A
477196100,2020-08-20T19:00:55,37.19558,-76.13683,0.2,185.0,511.0,DARYA MA,IMO9591674,VRJH5,70,1,229,32,14.5,,A
215677000,2020-08-20T18:24:36,37.06580,-76.09322,13.2,151.8,150.0,RIZE,IMO9584035,9HA2781,70,0,229,32,14.5,,A
538002652,2020-08-20T18:27:51,36.87945,-76.32645,0.0,259.0,277.0,NAIAS,IMO9330800,V7KN8,70,5,225,32,14.0,70,A
538002652,2020-08-20T19:00:52,36.87957,-76.32640,0.0,259.0,276.0,NAIAS,IMO9330800,V7KN8,70,5,225,32,14.0,70,A
367359930,2020-08-20T19:00:02,36.82406,-76.28905,0.0,248.4,511.0,SUNNY WILLIAMS,,WDE4940,80,0,25,8,,80,A
366733250,2020-08-20T19:00:03,37.19132,-76.20589,6.4,246.0,511.0,ATLANTIC SURVEYOR,,WTR5417,70,15,31,7,,,A
367861000,2020-08-20T18:45:00,36.94634,-76.32978,0.0,0.0,265.0,LARAMIE,IMO8906626,NLAR,80,5,193,29,,,A
369390000,2020-08-20T19:00:05,36.87083,-76.34817,0.0,276.0,347.0,SAFMARINE MAFADI,IMO9314210,KRIJ,70,5,292,32,11.8,70,A
367932000,2020-08-20T18:45:08,36.94917,-76.32958,0.0,107.0,279.0,JOHN LENTHALL,IMO8325547,NJLN,80,5,193,29,,,A
366733250,2020-08-20T18:48:01,37.19868,-76.17141,8.4,258.6,511.0,ATLANTIC SURVEYOR,,WTR5417,70,15,31,7,,,A
366733250,2020-08-20T19:02:22,37.19084,-76.20891,3.3,264.6,511.0,ATLANTIC SURVEYOR,,WTR5417,70,15,31,7,,,A
247281100,2020-08-20T19:02:12,37.14794,-76.14918,16.0,351.0,351.0,GRANDE MAROCCO,IMO9437907,IBOQ,70,0,211,32,9.8,,A
538006982,2020-08-20T19:02:16,36.96256,-76.42364,0.0,214.6,40.0,ANTE TOPIC,IMO9737072,V7TR4,70,5,,,,,A
366839000,2020-08-20T19:01:10,36.85349,-76.31081,0.0,0.0,39.0,CAPE RISE,IMO7530808,KAFG,70,5,197,32,10.0,,A
367359930,2020-08-20T19:02:21,36.82405,-76.28905,0.0,240.1,511.0,SUNNY WILLIAMS,,WDE4940,80,0,25,8,,80,A
367861000,2020-08-20T19:03:01,36.94637,-76.32982,0.0,0.0,265.0,LARAMIE,IMO8906626,NLAR,80,5,193,29,,,A
367821000,2020-08-20T19:02:28,36.97285,-76.43365,0.0,0.0,511.0,YANO,IMO7825409,NAQH,70,0,276,32,13.0,70,A
367932000,2020-08-20T19:03:08,36.94911,-76.32962,0.0,107.0,279.0,JOHN LENTHALL,IMO8325547,NJLN,80,5,193,29,,,A
368026000,2020-08-20T19:03:21,36.86576,-76.31605,0.0,270.5,2.0,BENAVIDEZ,IMO9218210,NBHG,70,5,289,32,10.9,70,A
338403000,2020-08-20T18:46:24,36.92473,-76.32974,0.0,121.7,355.0,MAERSK HARTFORD,IMO9333008,WMHA,70,5,299,40,14.5,,A
215677000,2020-08-20T19:02:22,36.96370,-76.06638,12.7,271.1,278.0,RIZE,IMO9584035,9HA2781,70,0,229,32,14.5,,A
215677000,2020-08-20T18:28:34,37.05381,-76.08227,13.8,141.7,145.0,RIZE,IMO9584035,9HA2781,70,0,229,32,14.5,,A
477196100,2020-08-20T18:48:57,37.19580,-76.13683,0.0,40.3,92.0,DARYA MA,IMO9591674,VRJH5,70,1,229,32,14.5,,A
366733250,2020-08-20T19:04:51,37.19126,-76.20847,4.6,94.0,511.0,ATLANTIC SURVEYOR,,WTR5417,70,15,31,7,,,A
366839000,2020-08-20T18:49:13,36.85347,-76.31084,0.0,0.0,39.0,CAPE RISE,IMO7530808,KAFG,70,5,197,32,10.0,,A
477196100,2020-08-20T18:51:57,37.19581,-76.13681,0.0,40.3,511.0,DARYA MA,IMO9591674,VRJH5,70,1,229,32,14.5,,A
366839000,2020-08-20T19:04:05,36.85344,-76.31083,0.0,0.0,39.0,CAPE RISE,IMO7530808,KAFG,70,5,197,32,10.0,,A
369390000,2020-08-20T19:06:05,36.87100,-76.34817,0.0,293.0,347.0,SAFMARINE MAFADI,IMO9314210,KRIJ,70,5,292,32,11.8,70,A
366733250,2020-08-20T18:34:01,37.20570,-76.13115,8.7,263.7,511.0,ATLANTIC SURVEYOR,,WTR5417,70,15,31,7,,,A
366733250,2020-08-20T19:06:03,37.19068,-76.20763,2.3,205.3,511.0,ATLANTIC SURVEYOR,,WTR5417,70,15,31,7,,,A
367821000,2020-08-20T18:31:38,36.97283,-76.43366,0.0,0.0,511.0,YANO,IMO7825409,NAQH,70,0,276,32,13.0,70,A
538006982,2020-08-20T18:50:16,36.96254,-76.42364,0.0,214.6,40.0,ANTE TOPIC,IMO9737072,V7TR4,70,5,,,,,A
247281100,2020-08-20T19:06:35,37.16594,-76.15213,13.9,352.3,351.0,GRANDE MAROCCO,IMO9437907,IBOQ,70,0,211,32,9.8,,A
538002652,2020-08-20T19:06:51,36.87950,-76.32642,0.0,211.0,276.0,NAIAS,IMO9330800,V7KN8,70,5,225,32,14.0,70,A
477738200,2020-08-20T19:06:37,36.87752,-76.34985,0.0,177.8,347.0,COSCO PHILIPPINES,IMO9448762,VRGM7,70,5,334,42,14.5,72,A
215677000,2020-08-20T19:05:53,36.96692,-76.08083,12.3,286.8,287.0,RIZE,IMO9584035,9HA2781,70,0,229,32,14.5,,A
538002652,2020-08-20T18:51:52,36.87948,-76.32643,0.0,259.0,276.0,NAIAS,IMO9330800,V7KN8,70,5,225,32,14.0,70,A
367822000,2020-08-20T19:05:55,36.97313,-76.43381,0.0,0.0,238.0,USNS SHUGHART,IMO7825394,NAOQ,70,5,276,32,13.0,70,A
247281100,2020-08-20T18:51:18,37.10412,-76.12005,16.4,329.7,328.0,GRANDE MAROCCO,IMO9437907,IBOQ,70,0,211,32,9.8,,A
247281100,2020-08-20T19:05:30,37.16176,-76.15144,14.3,352.5,351.0,GRANDE MAROCCO,IMO9437907,IBOQ,70,0,211,32,9.8,,A
538006982,2020-08-20T18:35:16,36.96255,-76.42367,0.0,307.0,40.0,ANTE TOPIC,IMO9737072,V7TR4,70,5,,,,,A
366839000,2020-08-20T19:07:04,36.85348,-76.31080,0.0,0.0,39.0,CAPE RISE,IMO7530808,KAFG,70,5,197,32,10.0,,A
247281100,2020-08-20T19:07:36,37.16972,-76.15279,13.7,352.1,351.0,GRANDE MAROCCO,IMO9437907,IBOQ,70,0,211,32,9.8,,A
367359930,2020-08-20T19:06:02,36.82406,-76.28905,0.0,239.5,511.0,SUNNY WILLIAMS,,WDE4940,80,0,25,8,,80,A
338403000,2020-08-20T19:07:24,36.92485,-76.32968,0.0,355.4,355.0,MAERSK HARTFORD,IMO9333008,WMHA,70,5,299,40,14.5,,A
367822000,2020-08-20T18:35:56,36.97312,-76.43381,0.0,0.0,238.0,USNS SHUGHART,IMO7825394,NAOQ,70,5,276,32,13.0,70,A
367359930,2020-08-20T18:37:42,36.82404,-76.28905,0.0,291.9,511.0,SUNNY WILLIAMS,,WDE4940,80,0,25,8,,80,A
367821000,2020-08-20T18:52:28,36.97285,-76.43366,0.0,0.0,511.0,YANO,IMO7825409,NAQH,70,0,276,32,13.0,70,A
247281100,2020-08-20T19:08:41,37.17385,-76.15350,13.5,351.7,351.0,GRANDE MAROCCO,IMO9437907,IBOQ,70,0,211,32,9.8,,A
366733250,2020-08-20T19:07:11,37.19074,-76.20843,3.0,283.9,511.0,ATLANTIC SURVEYOR,,WTR5417,70,15,31,7,,,A
367822000,2020-08-20T19:08:55,36.97312,-76.43381,0.0,0.0,238.0,USNS SHUGHART,IMO7825394,NAOQ,70,5,276,32,13.0,70,A
305855000,2020-08-20T19:08:49,36.86425,-76.31479,0.0,196.4,226.0,BBC PEARL,IMO9504786,V2FY8,70,5,153,23,9.1,70,A
366733250,2020-08-20T18:54:21,37.19524,-76.18971,8.5,257.7,511.0,ATLANTIC SURVEYOR,,WTR5417,70,15,31,7,,,A
366733250,2020-08-20T18:55:22,37.19473,-76.19268,8.5,257.6,511.0,ATLANTIC SURVEYOR,,WTR5417,70,15,31,7,,,A
367821000,2020-08-20T19:08:17,36.97288,-76.43366,0.0,0.0,511.0,YANO,IMO7825409,NAQH,70,0,276,32,13.0,70,A
367821000,2020-08-20T19:07:07,36.97289,-76.43367,0.0,0.0,511.0,YANO,IMO7825409,NAQH,70,0,276,32,13.0,70,A
367932000,2020-08-20T19:09:09,36.94916,-76.32968,0.0,107.0,279.0,JOHN LENTHALL,IMO8325547,NJLN,80,5,193,29,,,A
369390000,2020-08-20T18:33:05,36.87100,-76.34817,0.0,275.0,347.0,SAFMARINE MAFADI,IMO9314210,KRIJ,70,5,292,32,11.8,70,A
367359930,2020-08-20T19:08:32,36.82407,-76.28906,0.0,244.0,511.0,SUNNY WILLIAMS,,WDE4940,80,0,25,8,,80,A
477738200,2020-08-20T19:09:38,36.87748,-76.34987,0.0,331.9,347.0,COSCO PHILIPPINES,IMO9448762,VRGM7,70,5,334,42,14.5,72,A
215677000,2020-08-20T19:08:14,36.96919,-76.09042,12.3,286.7,287.0,RIZE,IMO9584035,9HA2781,70,0,229,32,14.5,,A
366839000,2020-08-20T18:55:11,36.85350,-76.31083,0.0,0.0,39.0,CAPE RISE,IMO7530808,KAFG,70,5,197,32,10.0,,A
369390000,2020-08-20T18:39:06,36.87095,-76.34820,0.0,163.0,347.0,SAFMARINE MAFADI,IMO9314210,KRIJ,70,5,292,32,11.8,70,A
477738200,2020-08-20T18:39:38,36.87753,-76.34978,0.1,230.9,347.0,COSCO PHILIPPINES,IMO9448762,VRGM7,70,5,334,42,14.5,72,A
366839000,2020-08-20T19:10:07,36.85349,-76.31081,0.0,0.0,39.0,CAPE RISE,IMO7530808,KAFG,70,5,197,32,10.0,,A
369390000,2020-08-20T19:09:06,36.87095,-76.34822,0.0,156.0,347.0,SAFMARINE MAFADI,IMO9314210,KRIJ,70,5,292,32,11.8,70,A
538002652,2020-08-20T19:09:52,36.87948,-76.32647,0.0,211.0,276.0,NAIAS,IMO9330800,V7KN8,70,5,225,32,14.0,70,A
366839000,2020-08-20T18:40:04,36.85347,-76.31082,0.0,0.0,39.0,CAPE RISE,IMO7530808,KAFG,70,5,197,32,10.0,,A
368026000,2020-08-20T18:57:21,36.86576,-76.31604,0.0,270.5,2.0,BENAVIDEZ,IMO9218210,NBHG,70,5,289,32,10.9,70,A
366733250,2020-08-20T19:08:21,37.18998,-76.20994,7.1,230.8,511.0,ATLANTIC SURVEYOR,,WTR5417,70,15,31,7,,,A
367821000,2020-08-20T19:10:37,36.97288,-76.43366,0.0,0.0,511.0,YANO,IMO7825409,NAQH,70,0,276,32,13.0,70,A
367359930,2020-08-20T18:42:13,36.82404,-76.28909,0.0,299.7,511.0,SUNNY WILLIAMS,,WDE4940,80,0,25,8,,80,A
247281100,2020-08-20T19:09:52,37.17819,-76.15424,13.4,352.4,351.0,GRANDE MAROCCO,IMO9437907,IBOQ,70,0,211,32,9.8,,A
538006982,2020-08-20T18:41:16,36.96258,-76.42367,0.1,199.1,40.0,ANTE TOPIC,IMO9737072,V7TR4,70,5,,,,,A
538002652,2020-08-20T18:36:51,36.87947,-76.32645,0.0,259.0,277.0,NAIAS,IMO9330800,V7KN8,70,5,225,32,14.0,70,A
367822000,2020-08-20T19:11:56,36.97317,-76.43385,0.0,0.0,238.0,USNS SHUGHART,IMO7825394,NAOQ,70,5,276,32,13.0,70,A
367821000,2020-08-20T18:41:07,36.97283,-76.43366,0.0,0.0,511.0,YANO,IMO7825409,NAQH,70,0,276,32,13.0,70,A
367821000,2020-08-20T18:43:07,36.97284,-76.43366,0.0,0.0,511.0,YANO,IMO7825409,NAQH,70,0,276,32,13.0,70,A
367822000,2020-08-20T18:41:55,36.97312,-76.43382,0.0,0.0,238.0,USNS SHUGHART,IMO7825394,NAOQ,70,5,276,32,13.0,70,A
338403000,2020-08-20T19:10:26,36.92480,-76.32969,0.0,121.7,355.0,MAERSK HARTFORD,IMO9333008,WMHA,70,5,299,40,14.5,,A
367359930,2020-08-20T18:43:22,36.82404,-76.28908,0.0,288.9,511.0,SUNNY WILLIAMS,,WDE4940,80,0,25,8,,80,A
367359930,2020-08-20T19:11:02,36.82406,-76.28906,0.0,239.3,511.0,SUNNY WILLIAMS,,WDE4940,80,0,25,8,,80,A
369390000,2020-08-20T19:12:05,36.87095,-76.34821,0.0,34.0,347.0,SAFMARINE MAFADI,IMO9314210,KRIJ,70,5,292,32,11.8,70,A
538002652,2020-08-20T18:42:53,36.87948,-76.32643,0.0,259.0,277.0,NAIAS,IMO9330800,V7KN8,70,5,225,32,14.0,70,A
477738200,2020-08-20T19:12:38,36.87748,-76.34980,0.1,150.1,347.0,COSCO PHILIPPINES,IMO9448762,VRGM7,70,5,334,42,14.5,72,A
367821000,2020-08-20T19:12:57,36.97287,-76.43366,0.0,0.0,511.0,YANO,IMO7825409,NAQH,70,0,276,32,13.0,70,A
215677000,2020-08-20T19:11:42,36.97280,-76.10447,12.3,287.7,289.0,RIZE,IMO9584035,9HA2781,70,0,229,32,14.5,,A
247281100,2020-08-20T19:11:03,37.18257,-76.15480,13.4,358.6,2.0,GRANDE MAROCCO,IMO9437907,IBOQ,70,0,211,32,9.8,,A
305855000,2020-08-20T19:11:47,36.86426,-76.31475,0.0,203.5,226.0,BBC PEARL,IMO9504786,V2FY8,70,5,153,23,9.1,70,A
366733250,2020-08-20T19:13:21,37.18279,-76.22144,8.7,237.4,511.0,ATLANTIC SURVEYOR,,WTR5417,70,15,31,7,,,A
367359930,2020-08-20T19:01:12,36.82406,-76.28905,0.0,249.0,511.0,SUNNY WILLIAMS,,WDE4940,80,0,25,8,,80,A
367861000,2020-08-20T19:12:00,36.94634,-76.32983,0.0,0.0,265.0,LARAMIE,IMO8906626,NLAR,80,5,193,29,,,A
367821000,2020-08-20T18:45:07,36.97284,-76.43366,0.0,0.0,511.0,YANO,IMO7825409,NAQH,70,0,276,32,13.0,70,A
538006982,2020-08-20T18:44:16,36.96257,-76.42364,0.1,200.5,40.0,ANTE TOPIC,IMO9737072,V7TR4,70,5,,,,,A
538006982,2020-08-20T19:14:16,36.96258,-76.42368,0.0,198.2,40.0,ANTE TOPIC,IMO9737072,V7TR4,70,5,,,,,A
366733250,2020-08-20T18:45:11,37.20023,-76.16329,8.5,249.2,511.0,ATLANTIC SURVEYOR,,WTR5417,70,15,31,7,,,A
215677000,2020-08-20T19:13:12,36.97440,-76.11056,12.4,288.5,289.0,RIZE,IMO9584035,9HA2781,70,0,229,32,14.5,,A
367861000,2020-08-20T19:15:00,36.94639,-76.32979,0.0,0.0,265.0,LARAMIE,IMO8906626,NLAR,80,5,193,29,,,A
367822000,2020-08-20T19:14:55,36.97311,-76.43382,0.0,0.0,238.0,USNS SHUGHART,IMO7825394,NAOQ,70,5,276,32,13.0,70,A
366839000,2020-08-20T18:46:03,36.85350,-76.31083,0.0,0.0,39.0,CAPE RISE,IMO7530808,KAFG,70,5,197,32,10.0,,A
366839000,2020-08-20T19:13:06,36.85351,-76.31083,0.0,0.0,39.0,CAPE RISE,IMO7530808,KAFG,70,5,197,32,10.0,,A
367359930,2020-08-20T19:13:22,36.82408,-76.28906,0.0,249.6,511.0,SUNNY WILLIAMS,,WDE4940,80,0,25,8,,80,A
369390000,2020-08-20T19:15:05,36.87100,-76.34817,0.0,210.0,347.0,SAFMARINE MAFADI,IMO9314210,KRIJ,70,5,292,32,11.8,70,A
367359930,2020-08-20T19:15:33,36.82408,-76.28906,0.0,256.0,511.0,SUNNY WILLIAMS,,WDE4940,80,0,25,8,,80,A
367359930,2020-08-20T19:17:03,36.82408,-76.28907,0.0,259.8,511.0,SUNNY WILLIAMS,,WDE4940,80,0,25,8,,80,A
215677000,2020-08-20T19:14:42,36.97607,-76.11670,12.5,287.7,288.0,RIZE,IMO9584035,9HA2781,70,0,229,32,14.5,,A
247281100,2020-08-20T18:48:00,37.09126,-76.11060,16.4,329.3,328.0,GRANDE MAROCCO,IMO9437907,IBOQ,70,0,211,32,9.8,,A
305855000,2020-08-20T19:02:46,36.86425,-76.31477,0.0,159.4,226.0,BBC PEARL,IMO9504786,V2FY8,70,5,153,23,9.1,70,A
477196100,2020-08-20T19:15:55,37.19475,-76.13655,0.3,143.1,511.0,DARYA MA,IMO9591674,VRJH5,70,1,229,32,14.5,,A
367932000,2020-08-20T19:15:08,36.94914,-76.32966,0.0,107.0,279.0,JOHN LENTHALL,IMO8325547,NJLN,80,5,193,29,,,A
247281100,2020-08-20T19:17:12,37.20448,-76.14759,13.6,15.6,14.0,GRANDE MAROCCO,IMO9437907,IBOQ,70,0,211,32,9.8,,A
366733250,2020-08-20T19:14:51,37.18102,-76.22540,8.6,241.8,511.0,ATLANTIC SURVEYOR,,WTR5417,70,15,31,7,,,A
367821000,2020-08-20T19:17:37,36.97286,-76.43366,0.0,0.0,511.0,YANO,IMO7825409,NAQH,70,0,276,32,13.0,70,A
247281100,2020-08-20T19:16:03,37.20029,-76.14905,13.1,16.2,14.0,GRANDE MAROCCO,IMO9437907,IBOQ,70,0,211,32,9.8,,A
477196100,2020-08-20T19:03:56,37.19543,-76.13681,0.2,176.5,511.0,DARYA MA,IMO9591674,VRJH5,70,1,229,32,14.5,,A
367359930,2020-08-20T19:03:31,36.82406,-76.28906,0.0,243.6,511.0,SUNNY WILLIAMS,,WDE4940,80,0,25,8,,80,A
367821000,2020-08-20T19:15:17,36.97286,-76.43366,0.0,0.0,511.0,YANO,IMO7825409,NAQH,70,0,276,32,13.0,70,A
305855000,2020-08-20T19:14:49,36.86429,-76.31475,0.0,196.7,226.0,BBC PEARL,IMO9504786,V2FY8,70,5,153,23,9.1,70,A
367822000,2020-08-20T18:47:55,36.97312,-76.43381,0.0,0.0,238.0,USNS SHUGHART,IMO7825394,NAOQ,70,5,276,32,13.0,70,A
477738200,2020-08-20T19:15:37,36.87750,-76.34985,0.1,153.0,347.0,COSCO PHILIPPINES,IMO9448762,VRGM7,70,5,334,42,14.5,72,A
338403000,2020-08-20T19:04:26,36.92481,-76.32968,0.0,121.7,355.0,MAERSK HARTFORD,IMO9333008,WMHA,70,5,299,40,14.5,,A
367359930,2020-08-20T19:04:43,36.82406,-76.28906,0.0,241.6,511.0,SUNNY WILLIAMS,,WDE4940,80,0,25,8,,80,A
538002652,2020-08-20T19:18:51,36.87952,-76.32647,0.0,211.0,276.0,NAIAS,IMO9330800,V7KN8,70,5,225,32,14.0,70,A
368026000,2020-08-20T19:15:21,36.86576,-76.31604,0.0,270.5,2.0,BENAVIDEZ,IMO9218210,NBHG,70,5,289,32,10.9,70,A
367821000,2020-08-20T19:19:28,36.97286,-76.43366,0.0,0.0,511.0,YANO,IMO7825409,NAQH,70,0,276,32,13.0,70,A
338403000,2020-08-20T18:49:24,36.92475,-76.32974,0.0,121.7,355.0,MAERSK HARTFORD,IMO9333008,WMHA,70,5,299,40,14.5,,A
369390000,2020-08-20T18:51:06,36.87093,-76.34817,0.0,101.0,347.0,SAFMARINE MAFADI,IMO9314210,KRIJ,70,5,292,32,11.8,70,A
477738200,2020-08-20T19:18:38,36.87752,-76.34982,0.1,197.8,347.0,COSCO PHILIPPINES,IMO9448762,VRGM7,70,5,334,42,14.5,72,A
366839000,2020-08-20T19:16:08,36.85350,-76.31084,0.0,0.0,39.0,CAPE RISE,IMO7530808,KAFG,70,5,197,32,10.0,,A
367359930,2020-08-20T18:44:33,36.82404,-76.28907,0.0,289.6,511.0,SUNNY WILLIAMS,,WDE4940,80,0,25,8,,80,A
305855000,2020-08-20T18:44:49,36.86428,-76.31477,0.0,227.9,226.0,BBC PEARL,IMO9504786,V2FY8,70,5,153,23,9.1,70,A
247281100,2020-08-20T19:18:30,37.20936,-76.14592,14.3,14.9,15.0,GRANDE MAROCCO,IMO9437907,IBOQ,70,0,211,32,9.8,,A
368026000,2020-08-20T19:18:21,36.86576,-76.31604,0.1,270.5,2.0,BENAVIDEZ,IMO9218210,NBHG,70,5,289,32,10.9,70,A
368026000,2020-08-20T18:51:21,36.86576,-76.31606,0.0,270.5,2.0,BENAVIDEZ,IMO9218210,NBHG,70,5,289,32,10.9,70,A
305855000,2020-08-20T19:17:48,36.86429,-76.31476,0.0,204.5,226.0,BBC PEARL,IMO9504786,V2FY8,70,5,153,23,9.1,70,A
366733250,2020-08-20T19:18:32,37.17710,-76.23522,6.7,281.1,511.0,ATLANTIC SURVEYOR,,WTR5417,70,15,31,7,,,A
367932000,2020-08-20T00:11:16,36.94919,-76.32970,0.0,107.0,279.0,JOHN LENTHALL,IMO8325547,NJLN,80,5,193,29,,,A
367932000,2020-08-20T19:06:08,36.94918,-76.32965,0.0,107.0,279.0,JOHN LENTHALL,IMO8325547,NJLN,80,5,193,29,,,A
367359930,2020-08-20T19:07:23,36.82406,-76.28906,0.0,242.2,511.0,SUNNY WILLIAMS,,WDE4940,80,0,25,8,,80,A
538006982,2020-08-20T19:20:16,36.96257,-76.42365,0.0,198.2,40.0,ANTE TOPIC,IMO9737072,V7TR4,70,5,,,,,A
215677000,2020-08-20T19:19:43,36.98147,-76.13741,12.5,287.9,288.0,RIZE,IMO9584035,9HA2781,70,0,229,32,14.5,,A
215677000,2020-08-20T19:07:03,36.96806,-76.08558,12.3,286.1,287.0,RIZE,IMO9584035,9HA2781,70,0,229,32,14.5,,A
477738200,2020-08-20T18:54:37,36.87753,-76.34986,0.0,56.1,347.0,COSCO PHILIPPINES,IMO9448762,VRGM7,70,5,334,42,14.5,72,A
367822000,2020-08-20T19:17:55,36.97312,-76.43383,0.0,0.0,238.0,USNS SHUGHART,IMO7825394,NAOQ,70,5,276,32,13.0,70,A
367359930,2020-08-20T19:18:12,36.82406,-76.28907,0.0,262.0,511.0,SUNNY WILLIAMS,,WDE4940,80,0,25,8,,80,A
477196100,2020-08-20T19:18:55,37.19458,-76.13636,0.2,139.5,39.0,DARYA MA,IMO9591674,VRJH5,70,1,229,32,14.5,,A
367822000,2020-08-20T19:20:56,36.97313,-76.43384,0.0,0.0,238.0,USNS SHUGHART,IMO7825394,NAOQ,70,5,276,32,13.0,70,A
367861000,2020-08-20T19:20:59,36.94638,-76.32979,0.0,0.0,265.0,LARAMIE,IMO8906626,NLAR,80,5,193,29,,,A
538006982,2020-08-20T18:47:16,36.96256,-76.42364,0.0,214.6,40.0,ANTE TOPIC,IMO9737072,V7TR4,70,5,,,,,A
305855000,2020-08-20T18:56:48,36.86428,-76.31476,0.0,154.5,226.0,BBC PEARL,IMO9504786,V2FY8,70,5,153,23,9.1,70,A
367359930,2020-08-20T19:23:43,36.82407,-76.28907,0.0,280.1,511.0,SUNNY WILLIAMS,,WDE4940,80,0,25,8,,80,A
538002652,2020-08-20T18:48:51,36.87947,-76.32643,0.0,259.0,276.0,NAIAS,IMO9330800,V7KN8,70,5,225,32,14.0,70,A
367821000,2020-08-20T19:22:57,36.97285,-76.43366,0.0,0.0,511.0,YANO,IMO7825409,NAQH,70,0,276,32,13.0,70,A
477738200,2020-08-20T18:48:38,36.87751,-76.34980,0.0,294.9,347.0,COSCO PHILIPPINES,IMO9448762,VRGM7,70,5,334,42,14.5,72,A
538006982,2020-08-20T19:23:16,36.96259,-76.42367,0.0,198.2,40.0,ANTE TOPIC,IMO9737072,V7TR4,70,5,,,,,A
367932000,2020-08-20T19:21:08,36.94914,-76.32967,0.0,107.0,279.0,JOHN LENTHALL,IMO8325547,NJLN,80,5,193,29,,,A
367821000,2020-08-20T19:24:08,36.97285,-76.43366,0.0,0.0,511.0,YANO,IMO7825409,NAQH,70,0,276,32,13.0,70,A
305855000,2020-08-20T19:23:48,36.86429,-76.31474,0.0,183.2,226.0,BBC PEARL,IMO9504786,V2FY8,70,5,153,23,9.1,70,A
367861000,2020-08-20T19:24:00,36.94633,-76.32981,0.0,0.0,265.0,LARAMIE,IMO8906626,NLAR,80,5,193,29,,,A
367822000,2020-08-20T19:23:56,36.97312,-76.43383,0.0,0.0,238.0,USNS SHUGHART,IMO7825394,NAOQ,70,5,276,32,13.0,70,A
538006982,2020-08-20T19:11:16,36.96257,-76.42368,0.0,198.2,40.0,ANTE TOPIC,IMO9737072,V7TR4,70,5,,,,,A
368026000,2020-08-20T19:24:21,36.86574,-76.31604,0.0,270.5,2.0,BENAVIDEZ,IMO9218210,NBHG,70,5,289,32,10.9,70,A
369390000,2020-08-20T19:21:05,36.87100,-76.34817,0.0,337.0,347.0,SAFMARINE MAFADI,IMO9314210,KRIJ,70,5,292,32,11.8,70,A
247281100,2020-08-20T18:50:12,37.09983,-76.11692,16.4,329.1,328.0,GRANDE MAROCCO,IMO9437907,IBOQ,70,0,211,32,9.8,,A
305855000,2020-08-20T18:50:48,36.86425,-76.31478,0.0,224.4,226.0,BBC PEARL,IMO9504786,V2FY8,70,5,153,23,9.1,70,A
215677000,2020-08-20T19:21:43,36.98360,-76.14566,12.5,287.1,287.0,RIZE,IMO9584035,9HA2781,70,0,229,32,14.5,,A
477196100,2020-08-20T19:21:57,37.19440,-76.13614,0.3,143.1,37.0,DARYA MA,IMO9591674,VRJH5,70,1,229,32,14.5,,A
367359930,2020-08-20T19:22:13,36.82407,-76.28907,0.0,274.7,511.0,SUNNY WILLIAMS,,WDE4940,80,0,25,8,,80,A
366733250,2020-08-20T19:22:22,37.17551,-76.23661,4.8,175.3,511.0,ATLANTIC SURVEYOR,,WTR5417,70,15,31,7,,,A
367932000,2020-08-20T18:51:08,36.94927,-76.32968,0.0,107.0,279.0,JOHN LENTHALL,IMO8325547,NJLN,80,5,193,29,,,A
367932000,2020-08-20T19:12:07,36.94910,-76.32960,0.0,107.0,279.0,JOHN LENTHALL,IMO8325547,NJLN,80,5,193,29,,,A
367359930,2020-08-20T18:54:12,36.82404,-76.28907,0.0,288.5,511.0,SUNNY WILLIAMS,,WDE4940,80,0,25,8,,80,A
367821000,2020-08-20T19:27:08,36.97285,-76.43366,0.0,0.0,511.0,YANO,IMO7825409,NAQH,70,0,276,32,13.0,70,A
366733250,2020-08-20T19:27:02,37.17656,-76.23487,4.5,229.6,511.0,ATLANTIC SURVEYOR,,WTR5417,70,15,31,7,,,A
477738200,2020-08-20T19:24:37,36.87747,-76.34982,0.1,153.1,347.0,COSCO PHILIPPINES,IMO9448762,VRGM7,70,5,334,42,14.5,72,A
247281100,2020-08-20T19:28:11,37.24915,-76.13092,15.9,16.6,16.0,GRANDE MAROCCO,IMO9437907,IBOQ,70,0,211,32,9.8,,A
538002652,2020-08-20T19:24:53,36.87950,-76.32648,0.0,67.0,276.0,NAIAS,IMO9330800,V7KN8,70,5,225,32,14.0,70,A
247281100,2020-08-20T19:14:51,37.19614,-76.15063,13.1,17.6,16.0,GRANDE MAROCCO,IMO9437907,IBOQ,70,0,211,32,9.8,,A
367359930,2020-08-20T19:28:01,36.82407,-76.28907,0.0,284.9,511.0,SUNNY WILLIAMS,,WDE4940,80,0,25,8,,80,A
305855000,2020-08-20T19:26:45,36.86429,-76.31475,0.0,222.0,227.0,BBC PEARL,IMO9504786,V2FY8,70,5,153,23,9.1,70,A
305855000,2020-08-20T18:53:46,36.86427,-76.31476,0.0,227.1,226.0,BBC PEARL,IMO9504786,V2FY8,70,5,153,23,9.1,70,A
368026000,2020-08-20T19:27:21,36.86577,-76.31604,0.0,270.5,2.0,BENAVIDEZ,IMO9218210,NBHG,70,5,289,32,10.9,70,A
305855000,2020-08-20T18:59:47,36.86426,-76.31478,0.0,212.5,226.0,BBC PEARL,IMO9504786,V2FY8,70,5,153,23,9.1,70,A
538002652,2020-08-20T18:54:51,36.87955,-76.32653,0.0,259.0,276.0,NAIAS,IMO9330800,V7KN8,70,5,225,32,14.0,70,A
367861000,2020-08-20T19:27:01,36.94638,-76.32972,0.0,0.0,265.0,LARAMIE,IMO8906626,NLAR,80,5,193,29,,,A
367821000,2020-08-20T19:00:07,36.97285,-76.43365,0.0,0.0,511.0,YANO,IMO7825409,NAQH,70,0,276,32,13.0,70,A
247281100,2020-08-20T18:57:30,37.12877,-76.13782,16.4,330.1,329.0,GRANDE MAROCCO,IMO9437907,IBOQ,70,0,211,32,9.8,,A
247281100,2020-08-20T19:00:00,37.13864,-76.14488,16.4,329.3,329.0,GRANDE MAROCCO,IMO9437907,IBOQ,70,0,211,32,9.8,,A
367359930,2020-08-20T19:29:33,36.82406,-76.28905,0.0,290.5,511.0,SUNNY WILLIAMS,,WDE4940,80,0,25,8,,80,A
477738200,2020-08-20T19:00:38,36.87750,-76.34979,0.0,235.3,347.0,COSCO PHILIPPINES,IMO9448762,VRGM7,70,5,334,42,14.5,72,A
366733250,2020-08-20T19:16:01,37.17969,-76.22847,8.7,241.7,511.0,ATLANTIC SURVEYOR,,WTR5417,70,15,31,7,,,A
215677000,2020-08-20T19:15:53,36.97734,-76.12152,12.5,287.8,288.0,RIZE,IMO9584035,9HA2781,70,0,229,32,14.5,,A
367821000,2020-08-20T18:58:28,36.97285,-76.43365,0.0,0.0,511.0,YANO,IMO7825409,NAQH,70,0,276,32,13.0,70,A
215677000,2020-08-20T19:29:33,36.99164,-76.17790,12.4,288.3,289.0,RIZE,IMO9584035,9HA2781,70,0,229,32,14.5,,A
366733250,2020-08-20T19:28:11,37.17697,-76.23746,8.7,308.6,511.0,ATLANTIC SURVEYOR,,WTR5417,70,15,31,7,,,A
215677000,2020-08-20T19:26:13,36.98817,-76.16427,12.4,287.4,288.0,RIZE,IMO9584035,9HA2781,70,0,229,32,14.5,,A
538006982,2020-08-20T19:26:16,36.96259,-76.42365,0.0,188.0,40.0,ANTE TOPIC,IMO9737072,V7TR4,70,5,,,,,A
477738200,2020-08-20T18:57:39,36.87750,-76.34980,0.0,236.9,347.0,COSCO PHILIPPINES,IMO9448762,VRGM7,70,5,334,42,14.5,72,A
367822000,2020-08-20T19:29:54,36.97313,-76.43384,0.0,0.0,238.0,USNS SHUGHART,IMO7825394,NAOQ,70,5,276,32,13.0,70,A
215677000,2020-08-20T19:27:43,36.98975,-76.17038,12.4,287.3,288.0,RIZE,IMO9584035,9HA2781,70,0,229,32,14.5,,A
338403000,2020-08-20T19:01:25,36.92479,-76.32967,0.0,121.7,355.0,MAERSK HARTFORD,IMO9333008,WMHA,70,5,299,40,14.5,,A
338403000,2020-08-20T19:31:28,36.92481,-76.32971,0.0,355.4,355.0,MAERSK HARTFORD,IMO9333008,WMHA,70,5,299,40,14.5,,A
366839000,2020-08-20T19:19:03,36.85348,-76.31083,0.0,0.0,39.0,CAPE RISE,IMO7530808,KAFG,70,5,197,32,10.0,,A
367822000,2020-08-20T18:59:56,36.97312,-76.43380,0.0,0.0,238.0,USNS SHUGHART,IMO7825394,NAOQ,70,5,276,32,13.0,70,A
368026000,2020-08-20T19:00:21,36.86577,-76.31605,0.0,270.5,2.0,BENAVIDEZ,IMO9218210,NBHG,70,5,289,32,10.9,70,A
366839000,2020-08-20T19:31:06,36.85351,-76.31085,0.0,0.0,39.0,CAPE RISE,IMO7530808,KAFG,70,5,197,32,10.0,,A
338403000,2020-08-20T19:19:26,36.92480,-76.32974,0.0,355.4,355.0,MAERSK HARTFORD,IMO9333008,WMHA,70,5,299,40,14.5,,A
367821000,2020-08-20T19:31:57,36.97286,-76.43366,0.0,0.0,511.0,YANO,IMO7825409,NAQH,70,0,276,32,13.0,70,A
247281100,2020-08-20T19:20:53,37.21884,-76.14256,15.2,15.6,15.0,GRANDE MAROCCO,IMO9437907,IBOQ,70,0,211,32,9.8,,A
367359930,2020-08-20T19:21:02,36.82406,-76.28907,0.0,271.8,511.0,SUNNY WILLIAMS,,WDE4940,80,0,25,8,,80,A
305855000,2020-08-20T19:32:47,36.86427,-76.31476,0.0,169.1,226.0,BBC PEARL,IMO9504786,V2FY8,70,5,153,23,9.1,70,A
247281100,2020-08-20T19:01:06,37.14319,-76.14780,16.5,337.6,341.0,GRANDE MAROCCO,IMO9437907,IBOQ,70,0,211,32,9.8,,A
366839000,2020-08-20T19:28:06,36.85351,-76.31082,0.0,0.0,39.0,CAPE RISE,IMO7530808,KAFG,70,5,197,32,10.0,,A
367359930,2020-08-20T19:34:32,36.82404,-76.28905,0.0,308.2,511.0,SUNNY WILLIAMS,,WDE4940,80,0,25,8,,80,A
368026000,2020-08-20T19:33:21,36.86577,-76.31605,0.0,270.5,2.0,BENAVIDEZ,IMO9218210,NBHG,70,5,289,32,10.9,70,A
215677000,2020-08-20T19:03:34,36.96442,-76.07151,12.4,287.2,289.0,RIZE,IMO9584035,9HA2781,70,0,229,32,14.5,,A
538006982,2020-08-20T19:32:16,36.96261,-76.42365,0.1,187.0,40.0,ANTE TOPIC,IMO9737072,V7TR4,70,5,,,,,A
367861000,2020-08-20T19:33:00,36.94634,-76.32983,0.0,0.0,265.0,LARAMIE,IMO8906626,NLAR,80,5,193,29,,,A
338403000,2020-08-20T19:34:26,36.92480,-76.32970,0.0,355.4,355.0,MAERSK HARTFORD,IMO9333008,WMHA,70,5,299,40,14.5,,A
366839000,2020-08-20T19:22:07,36.85352,-76.31082,0.0,0.0,39.0,CAPE RISE,IMO7530808,KAFG,70,5,197,32,10.0,,A
477738200,2020-08-20T19:33:39,36.87749,-76.34980,0.1,152.0,347.0,COSCO PHILIPPINES,IMO9448762,VRGM7,70,5,334,42,14.5,72,A
367359930,2020-08-20T19:38:42,36.82402,-76.28905,0.0,311.1,511.0,SUNNY WILLIAMS,,WDE4940,80,0,25,8,,80,A
338403000,2020-08-20T19:37:27,36.92482,-76.32972,0.0,121.7,355.0,MAERSK HARTFORD,IMO9333008,WMHA,70,5,299,40,14.5,,A
367821000,2020-08-20T19:35:38,36.97286,-76.43365,0.0,0.0,511.0,YANO,IMO7825409,NAQH,70,0,276,32,13.0,70,A
368026000,2020-08-20T19:36:21,36.86576,-76.31603,0.0,270.5,2.0,BENAVIDEZ,IMO9218210,NBHG,70,5,289,32,10.9,70,A
247281100,2020-08-20T19:04:24,37.15736,-76.15074,14.7,352.9,351.0,GRANDE MAROCCO,IMO9437907,IBOQ,70,0,211,32,9.8,,A
477738200,2020-08-20T19:03:37,36.87749,-76.34984,0.1,186.0,347.0,COSCO PHILIPPINES,IMO9448762,VRGM7,70,5,334,42,14.5,72,A
366733250,2020-08-20T19:32:02,37.18299,-76.24704,9.2,308.4,511.0,ATLANTIC SURVEYOR,,WTR5417,70,15,31,7,,,A
367821000,2020-08-20T19:03:37,36.97290,-76.43372,0.0,0.0,511.0,YANO,IMO7825409,NAQH,70,0,276,32,13.0,70,A
538002652,2020-08-20T19:36:49,36.87948,-76.32643,0.0,191.0,276.0,NAIAS,IMO9330800,V7KN8,70,5,225,32,14.0,70,A
366839000,2020-08-20T19:37:08,36.85350,-76.31080,0.0,0.0,40.0,CAPE RISE,IMO7530808,KAFG,70,5,197,32,10.0,,A
368026000,2020-08-20T19:30:21,36.86574,-76.31601,0.0,270.5,2.0,BENAVIDEZ,IMO9218210,NBHG,70,5,289,32,10.9,70,A
538006982,2020-08-20T19:05:16,36.96256,-76.42364,0.1,211.7,40.0,ANTE TOPIC,IMO9737072,V7TR4,70,5,,,,,A
215677000,2020-08-20T19:37:32,37.00018,-76.21009,12.1,288.2,290.0,RIZE,IMO9584035,9HA2781,70,0,229,32,14.5,,A
538002652,2020-08-20T19:30:52,36.87953,-76.32645,0.0,67.0,276.0,NAIAS,IMO9330800,V7KN8,70,5,225,32,14.0,70,A
215677000,2020-08-20T19:40:52,37.00379,-76.22312,11.8,288.0,288.0,RIZE,IMO9584035,9HA2781,70,0,229,32,14.5,,A
366839000,2020-08-20T19:40:09,36.85350,-76.31082,0.0,0.0,39.0,CAPE RISE,IMO7530808,KAFG,70,5,197,32,10.0,,A
477196100,2020-08-20T19:24:57,37.19422,-76.13593,0.3,121.9,34.0,DARYA MA,IMO9591674,VRJH5,70,1,229,32,14.5,,A
247281100,2020-08-20T19:37:36,37.28943,-76.11491,16.5,17.6,17.0,GRANDE MAROCCO,IMO9437907,IBOQ,70,0,211,32,9.8,,A
366733250,2020-08-20T19:38:11,37.19255,-76.26107,8.2,311.9,511.0,ATLANTIC SURVEYOR,,WTR5417,70,15,31,7,,,A
366733250,2020-08-20T19:24:53,37.17628,-76.23700,8.0,44.1,511.0,ATLANTIC SURVEYOR,,WTR5417,70,15,31,7,,,A
366839000,2020-08-20T19:25:04,36.85350,-76.31083,0.0,0.0,39.0,CAPE RISE,IMO7530808,KAFG,70,5,197,32,10.0,,A
367861000,2020-08-20T19:06:01,36.94642,-76.32984,0.0,0.0,265.0,LARAMIE,IMO8906626,NLAR,80,5,193,29,,,A
368026000,2020-08-20T19:06:20,36.86576,-76.31603,0.0,270.5,2.0,BENAVIDEZ,IMO9218210,NBHG,70,5,289,32,10.9,70,A
366733250,2020-08-20T19:41:21,37.19714,-76.26810,8.3,310.1,511.0,ATLANTIC SURVEYOR,,WTR5417,70,15,31,7,,,A
369390000,2020-08-20T19:39:06,36.87108,-76.34832,0.0,286.0,347.0,SAFMARINE MAFADI,IMO9314210,KRIJ,70,5,292,32,11.8,70,A
369390000,2020-08-20T19:27:06,36.87098,-76.34824,0.0,2.0,347.0,SAFMARINE MAFADI,IMO9314210,KRIJ,70,5,292,32,11.8,70,A
367821000,2020-08-20T19:28:38,36.97286,-76.43366,0.0,0.0,511.0,YANO,IMO7825409,NAQH,70,0,276,32,13.0,70,A
367932000,2020-08-20T19:33:08,36.94916,-76.32966,0.0,107.0,279.0,JOHN LENTHALL,IMO8325547,NJLN,80,5,193,29,,,A
247281100,2020-08-20T19:42:48,37.31034,-76.10070,16.4,31.2,30.0,GRANDE MAROCCO,IMO9437907,IBOQ,70,0,211,32,9.8,,A
367822000,2020-08-20T19:35:56,36.97313,-76.43384,0.0,0.0,238.0,USNS SHUGHART,IMO7825394,NAOQ,70,5,276,32,13.0,70,A
338403000,2020-08-20T19:43:28,36.92482,-76.32969,0.0,121.7,355.0,MAERSK HARTFORD,IMO9333008,WMHA,70,5,299,40,14.5,,A
538006982,2020-08-20T19:35:16,36.96257,-76.42365,0.1,186.1,40.0,ANTE TOPIC,IMO9737072,V7TR4,70,5,,,,,A
305855000,2020-08-20T19:41:47,36.86428,-76.31475,0.0,131.3,227.0,BBC PEARL,IMO9504786,V2FY8,70,5,153,23,9.1,70,A
247281100,2020-08-20T19:41:05,37.30375,-76.10571,16.6,31.2,30.0,GRANDE MAROCCO,IMO9437907,IBOQ,70,0,211,32,9.8,,A
367861000,2020-08-20T19:39:01,36.94633,-76.32976,0.0,0.0,265.0,LARAMIE,IMO8906626,NLAR,80,5,193,29,,,A
367359930,2020-08-20T19:35:52,36.82403,-76.28904,0.0,298.4,511.0,SUNNY WILLIAMS,,WDE4940,80,0,25,8,,80,A
367821000,2020-08-20T19:09:27,36.97288,-76.43366,0.0,0.0,511.0,YANO,IMO7825409,NAQH,70,0,276,32,13.0,70,A
366733250,2020-08-20T19:09:31,37.18842,-76.21235,7.6,233.1,511.0,ATLANTIC SURVEYOR,,WTR5417,70,15,31,7,,,A
338403000,2020-08-20T19:28:26,36.92479,-76.32972,0.0,121.7,355.0,MAERSK HARTFORD,IMO9333008,WMHA,70,5,299,40,14.5,,A
477196100,2020-08-20T19:36:51,37.19412,-76.13527,0.1,104.9,23.0,DARYA MA,IMO9591674,VRJH5,70,1,229,32,14.5,,A
367359930,2020-08-20T19:09:42,36.82405,-76.28906,0.0,245.1,511.0,SUNNY WILLIAMS,,WDE4940,80,0,25,8,,80,A
367821000,2020-08-20T19:30:07,36.97286,-76.43366,0.0,0.0,511.0,YANO,IMO7825409,NAQH,70,0,276,32,13.0,70,A
477738200,2020-08-20T19:42:37,36.87749,-76.34978,0.1,144.0,347.0,COSCO PHILIPPINES,IMO9448762,VRGM7,70,5,334,42,14.5,72,A
367821000,2020-08-20T19:38:08,36.97286,-76.43365,0.0,0.0,511.0,YANO,IMO7825409,NAQH,70,0,276,32,13.0,70,A
366733250,2020-08-20T19:10:42,37.18674,-76.21508,8.7,232.9,511.0,ATLANTIC SURVEYOR,,WTR5417,70,15,31,7,,,A
247281100,2020-08-20T19:30:17,37.25807,-76.12748,16.0,15.8,16.0,GRANDE MAROCCO,IMO9437907,IBOQ,70,0,211,32,9.8,,A
366839000,2020-08-20T19:43:07,36.85347,-76.31082,0.0,0.0,39.0,CAPE RISE,IMO7530808,KAFG,70,5,197,32,10.0,,A
367821000,2020-08-20T19:11:47,36.97288,-76.43366,0.0,0.0,511.0,YANO,IMO7825409,NAQH,70,0,276,32,13.0,70,A
247281100,2020-08-20T19:12:12,37.18680,-76.15405,13.2,12.7,13.0,GRANDE MAROCCO,IMO9437907,IBOQ,70,0,211,32,9.8,,A
369390000,2020-08-20T19:30:06,36.87102,-76.34822,0.0,152.0,347.0,SAFMARINE MAFADI,IMO9314210,KRIJ,70,5,292,32,11.8,70,A
215677000,2020-08-20T19:09:23,36.97031,-76.09510,12.2,287.6,289.0,RIZE,IMO9584035,9HA2781,70,0,229,32,14.5,,A
247281100,2020-08-20T19:46:30,37.32515,-76.09004,16.3,21.7,18.0,GRANDE MAROCCO,IMO9437907,IBOQ,70,0,211,32,9.8,,A
367359930,2020-08-20T19:12:13,36.82405,-76.28907,0.0,246.6,511.0,SUNNY WILLIAMS,,WDE4940,80,0,25,8,,80,A
538006982,2020-08-20T19:44:16,36.96258,-76.42364,0.0,179.6,40.0,ANTE TOPIC,IMO9737072,V7TR4,70,5,,,,,A
367821000,2020-08-20T19:33:18,36.97286,-76.43366,0.0,0.0,511.0,YANO,IMO7825409,NAQH,70,0,276,32,13.0,70,A
367359930,2020-08-20T19:33:21,36.82404,-76.28904,0.0,290.0,511.0,SUNNY WILLIAMS,,WDE4940,80,0,25,8,,80,A
215677000,2020-08-20T19:47:33,37.00787,-76.24881,11.2,272.1,272.0,RIZE,IMO9584035,9HA2781,70,0,229,32,14.5,,A
477196100,2020-08-20T19:48:55,37.19421,-76.13520,0.1,104.9,17.0,DARYA MA,IMO9591674,VRJH5,70,1,229,32,14.5,,A
538002652,2020-08-20T19:45:50,36.87955,-76.32642,0.0,191.0,276.0,NAIAS,IMO9330800,V7KN8,70,5,225,32,14.0,70,A
215677000,2020-08-20T19:42:52,37.00576,-76.23083,11.6,288.1,288.0,RIZE,IMO9584035,9HA2781,70,0,229,32,14.5,,A
367821000,2020-08-20T19:42:38,36.97286,-76.43365,0.0,0.0,511.0,YANO,IMO7825409,NAQH,70,0,276,32,13.0,70,A
367821000,2020-08-20T19:46:38,36.97283,-76.43361,0.0,0.0,511.0,YANO,IMO7825409,NAQH,70,0,276,32,13.0,70,A
367821000,2020-08-20T19:14:07,36.97287,-76.43366,0.0,0.0,511.0,YANO,IMO7825409,NAQH,70,0,276,32,13.0,70,A
367359930,2020-08-20T19:39:52,36.82406,-76.28906,0.0,303.1,511.0,SUNNY WILLIAMS,,WDE4940,80,0,25,8,,80,A
366839000,2020-08-20T19:46:10,36.85347,-76.31085,0.0,0.0,39.0,CAPE RISE,IMO7530808,KAFG,70,5,197,32,10.0,,A
305855000,2020-08-20T19:50:49,36.86427,-76.31477,0.0,182.4,227.0,BBC PEARL,IMO9504786,V2FY8,70,5,153,23,9.1,70,A
215677000,2020-08-20T19:49:02,37.00807,-76.25455,11.1,268.8,262.0,RIZE,IMO9584035,9HA2781,70,0,229,32,14.5,,A
247281100,2020-08-20T19:48:35,37.33425,-76.08664,16.5,15.5,15.0,GRANDE MAROCCO,IMO9437907,IBOQ,70,0,211,32,9.8,,A
215677000,2020-08-20T19:51:02,37.00697,-76.26205,11.1,257.2,258.0,RIZE,IMO9584035,9HA2781,70,0,229,32,14.5,,A
367822000,2020-08-20T19:44:55,36.97313,-76.43384,0.0,0.0,238.0,USNS SHUGHART,IMO7825394,NAOQ,70,5,276,32,13.0,70,A
367932000,2020-08-20T19:45:07,36.94922,-76.32974,0.0,107.0,279.0,JOHN LENTHALL,IMO8325547,NJLN,80,5,193,29,,,A
367822000,2020-08-20T19:41:55,36.97314,-76.43384,0.0,0.0,238.0,USNS SHUGHART,IMO7825394,NAOQ,70,5,276,32,13.0,70,A
538002652,2020-08-20T19:48:52,36.87932,-76.32650,0.0,191.0,276.0,NAIAS,IMO9330800,V7KN8,70,5,225,32,14.0,70,A
538002652,2020-08-20T19:33:51,36.87950,-76.32642,0.0,191.0,276.0,NAIAS,IMO9330800,V7KN8,70,5,225,32,14.0,70,A
369390000,2020-08-20T19:48:05,36.87100,-76.34817,0.0,212.0,347.0,SAFMARINE MAFADI,IMO9314210,KRIJ,70,5,292,32,11.8,70,A
368026000,2020-08-20T19:12:22,36.86577,-76.31603,0.0,270.5,2.0,BENAVIDEZ,IMO9218210,NBHG,70,5,289,32,10.9,70,A
367932000,2020-08-20T19:42:07,36.94920,-76.32967,0.0,107.0,279.0,JOHN LENTHALL,IMO8325547,NJLN,80,5,193,29,,,A
367821000,2020-08-20T19:50:17,36.97286,-76.43364,0.0,0.0,511.0,YANO,IMO7825409,NAQH,70,0,276,32,13.0,70,A
477196100,2020-08-20T19:12:50,37.19496,-76.13670,0.3,168.1,511.0,DARYA MA,IMO9591674,VRJH5,70,1,229,32,14.5,,A
367359930,2020-08-20T19:49:52,36.82405,-76.28905,0.0,311.7,511.0,SUNNY WILLIAMS,,WDE4940,80,0,25,8,,80,A
338403000,2020-08-20T19:49:29,36.92484,-76.32973,0.0,121.7,355.0,MAERSK HARTFORD,IMO9333008,WMHA,70,5,299,40,14.5,,A
305855000,2020-08-20T19:35:48,36.86427,-76.31474,0.0,157.7,226.0,BBC PEARL,IMO9504786,V2FY8,70,5,153,23,9.1,70,A
367359930,2020-08-20T19:52:32,36.82406,-76.28903,0.0,318.3,511.0,SUNNY WILLIAMS,,WDE4940,80,0,25,8,,80,A
215677000,2020-08-20T19:38:52,37.00164,-76.21533,11.9,289.5,290.0,RIZE,IMO9584035,9HA2781,70,0,229,32,14.5,,A
368026000,2020-08-20T19:48:20,36.86577,-76.31605,0.0,270.5,2.0,BENAVIDEZ,IMO9218210,NBHG,70,5,289,32,10.9,70,A
366733250,2020-08-20T19:50:21,37.20768,-76.28635,1.2,332.4,511.0,ATLANTIC SURVEYOR,,WTR5417,70,15,31,7,,,A
477738200,2020-08-20T19:51:37,36.87750,-76.34978,0.1,137.0,347.0,COSCO PHILIPPINES,IMO9448762,VRGM7,70,5,334,42,14.5,72,A
477738200,2020-08-20T19:36:37,36.87751,-76.34983,0.0,186.4,347.0,COSCO PHILIPPINES,IMO9448762,VRGM7,70,5,334,42,14.5,72,A
366733250,2020-08-20T19:17:12,37.17830,-76.23169,8.7,240.4,511.0,ATLANTIC SURVEYOR,,WTR5417,70,15,31,7,,,A
367861000,2020-08-20T19:36:00,36.94636,-76.32984,0.0,0.0,265.0,LARAMIE,IMO8906626,NLAR,80,5,193,29,,,A
338403000,2020-08-20T19:16:27,36.92482,-76.32974,0.0,121.7,355.0,MAERSK HARTFORD,IMO9333008,WMHA,70,5,299,40,14.5,,A
338403000,2020-08-20T19:13:25,36.92475,-76.32968,0.0,121.7,355.0,MAERSK HARTFORD,IMO9333008,WMHA,70,5,299,40,14.5,,A
247281100,2020-08-20T19:38:48,37.29459,-76.11243,16.8,24.5,27.0,GRANDE MAROCCO,IMO9437907,IBOQ,70,0,211,32,9.8,,A
247281100,2020-08-20T19:13:23,37.19098,-76.15259,13.2,16.1,14.0,GRANDE MAROCCO,IMO9437907,IBOQ,70,0,211,32,9.8,,A
538006982,2020-08-20T19:50:16,36.96258,-76.42363,0.0,177.0,40.0,ANTE TOPIC,IMO9737072,V7TR4,70,5,,,,,A
367359930,2020-08-20T19:14:32,36.82407,-76.28907,0.0,254.4,511.0,SUNNY WILLIAMS,,WDE4940,80,0,25,8,,80,A
477196100,2020-08-20T19:51:52,37.19425,-76.13524,0.0,104.9,17.0,DARYA MA,IMO9591674,VRJH5,70,1,229,32,14.5,,A
367932000,2020-08-20T19:51:08,36.94915,-76.32963,0.0,107.0,279.0,JOHN LENTHALL,IMO8325547,NJLN,80,5,193,29,,,A
367821000,2020-08-20T19:48:07,36.97284,-76.43364,0.0,0.0,511.0,YANO,IMO7825409,NAQH,70,0,276,32,13.0,70,A
367821000,2020-08-20T19:55:27,36.97288,-76.43364,0.0,0.0,511.0,YANO,IMO7825409,NAQH,70,0,276,32,13.0,70,A
367822000,2020-08-20T19:50:55,36.97315,-76.43383,0.0,0.0,238.0,USNS SHUGHART,IMO7825394,NAOQ,70,5,276,32,13.0,70,A
338403000,2020-08-20T19:52:28,36.92481,-76.32972,0.0,355.4,355.0,MAERSK HARTFORD,IMO9333008,WMHA,70,5,299,40,14.5,,A
366839000,2020-08-20T19:52:04,36.85349,-76.31082,0.0,0.0,39.0,CAPE RISE,IMO7530808,KAFG,70,5,197,32,10.0,,A
367932000,2020-08-20T19:18:07,36.94913,-76.32964,0.0,107.0,279.0,JOHN LENTHALL,IMO8325547,NJLN,80,5,193,29,,,A
366733250,2020-08-20T19:52:42,37.20877,-76.28593,2.2,24.6,511.0,ATLANTIC SURVEYOR,,WTR5417,70,15,31,7,,,A
538002652,2020-08-20T19:51:51,36.87937,-76.32650,0.0,191.0,276.0,NAIAS,IMO9330800,V7KN8,70,5,225,32,14.0,70,A
367822000,2020-08-20T19:38:56,36.97314,-76.43384,0.0,0.0,238.0,USNS SHUGHART,IMO7825394,NAOQ,70,5,276,32,13.0,70,A
367821000,2020-08-20T19:16:28,36.97286,-76.43366,0.0,0.0,511.0,YANO,IMO7825409,NAQH,70,0,276,32,13.0,70,A
477196100,2020-08-20T19:39:53,37.19417,-76.13521,0.1,104.9,20.0,DARYA MA,IMO9591674,VRJH5,70,1,229,32,14.5,,A
367932000,2020-08-20T19:54:08,36.94920,-76.32970,0.0,107.0,279.0,JOHN LENTHALL,IMO8325547,NJLN,80,5,193,29,,,A
538006982,2020-08-20T19:47:16,36.96258,-76.42364,0.0,177.0,40.0,ANTE TOPIC,IMO9737072,V7TR4,70,5,,,,,A
305855000,2020-08-20T19:56:48,36.86430,-76.31477,0.0,175.3,227.0,BBC PEARL,IMO9504786,V2FY8,70,5,153,23,9.1,70,A
366733250,2020-08-20T19:21:12,37.17514,-76.23749,5.7,284.0,511.0,ATLANTIC SURVEYOR,,WTR5417,70,15,31,7,,,A
215677000,2020-08-20T19:16:54,36.97848,-76.12578,12.5,287.9,288.0,RIZE,IMO9584035,9HA2781,70,0,229,32,14.5,,A
538006982,2020-08-20T19:17:16,36.96257,-76.42368,0.0,198.2,40.0,ANTE TOPIC,IMO9737072,V7TR4,70,5,,,,,A
477738200,2020-08-20T19:54:36,36.87751,-76.34981,0.1,68.8,347.0,COSCO PHILIPPINES,IMO9448762,VRGM7,70,5,334,42,14.5,72,A
215677000,2020-08-20T19:18:03,36.97969,-76.13044,12.5,287.8,288.0,RIZE,IMO9584035,9HA2781,70,0,229,32,14.5,,A
369390000,2020-08-20T19:18:06,36.87093,-76.34822,0.0,128.0,347.0,SAFMARINE MAFADI,IMO9314210,KRIJ,70,5,292,32,11.8,70,A
247281100,2020-08-20T19:22:00,37.22338,-76.14088,15.3,17.0,16.0,GRANDE MAROCCO,IMO9437907,IBOQ,70,0,211,32,9.8,,A
367861000,2020-08-20T19:18:01,36.94638,-76.32980,0.0,0.0,265.0,LARAMIE,IMO8906626,NLAR,80,5,193,29,,,A
367821000,2020-08-20T19:21:48,36.97285,-76.43366,0.0,0.0,511.0,YANO,IMO7825409,NAQH,70,0,276,32,13.0,70,A
367822000,2020-08-20T19:59:56,36.97313,-76.43384,0.0,0.0,238.0,USNS SHUGHART,IMO7825394,NAOQ,70,5,276,32,13.0,70,A
247281100,2020-08-20T19:19:48,37.21445,-76.14410,14.9,15.8,15.0,GRANDE MAROCCO,IMO9437907,IBOQ,70,0,211,32,9.8,,A
247281100,2020-08-20T19:44:48,37.31824,-76.09471,16.5,31.1,30.0,GRANDE MAROCCO,IMO9437907,IBOQ,70,0,211,32,9.8,,A
366733250,2020-08-20T19:51:32,37.20814,-76.28624,2.0,20.3,511.0,ATLANTIC SURVEYOR,,WTR5417,70,15,31,7,,,A
338403000,2020-08-20T19:22:26,36.92485,-76.32975,0.0,121.7,355.0,MAERSK HARTFORD,IMO9333008,WMHA,70,5,299,40,14.5,,A
367861000,2020-08-20T19:54:00,36.94637,-76.32984,0.0,0.0,266.0,LARAMIE,IMO8906626,NLAR,80,5,193,29,,,A
367932000,2020-08-20T20:00:07,36.94920,-76.32969,0.0,107.0,279.0,JOHN LENTHALL,IMO8325547,NJLN,80,5,193,29,,,A
338403000,2020-08-20T19:55:27,36.92479,-76.32972,0.0,121.7,355.0,MAERSK HARTFORD,IMO9333008,WMHA,70,5,299,40,14.5,,A
367359930,2020-08-20T19:19:22,36.82406,-76.28906,0.0,260.3,511.0,SUNNY WILLIAMS,,WDE4940,80,0,25,8,,80,A
367359930,2020-08-20T19:56:13,36.82406,-76.28905,0.0,307.3,511.0,SUNNY WILLIAMS,,WDE4940,80,0,25,8,,80,A
367861000,2020-08-20T19:57:01,36.94635,-76.32980,0.0,0.0,266.0,LARAMIE,IMO8906626,NLAR,80,5,193,29,,,A
477196100,2020-08-20T19:42:53,37.19418,-76.13525,0.0,104.9,20.0,DARYA MA,IMO9591674,VRJH5,70,1,229,32,14.5,,A
367821000,2020-08-20T19:20:37,36.97285,-76.43366,0.0,0.0,511.0,YANO,IMO7825409,NAQH,70,0,276,32,13.0,70,A
369390000,2020-08-20T19:57:05,36.87100,-76.34817,0.0,310.0,347.0,SAFMARINE MAFADI,IMO9314210,KRIJ,70,5,292,32,11.8,70,A
366733250,2020-08-20T20:01:22,37.20608,-76.28155,4.4,145.3,511.0,ATLANTIC SURVEYOR,,WTR5417,70,15,31,7,,,A
538002652,2020-08-20T19:57:49,36.87932,-76.32653,0.0,191.0,276.0,NAIAS,IMO9330800,V7KN8,70,5,225,32,14.0,70,A
369390000,2020-08-20T19:45:06,36.87088,-76.34819,0.0,186.0,347.0,SAFMARINE MAFADI,IMO9314210,KRIJ,70,5,292,32,11.8,70,A
367822000,2020-08-20T19:53:56,36.97314,-76.43383,0.0,0.0,238.0,USNS SHUGHART,IMO7825394,NAOQ,70,5,276,32,13.0,70,A
367359930,2020-08-20T19:25:02,36.82406,-76.28907,0.0,275.6,511.0,SUNNY WILLIAMS,,WDE4940,80,0,25,8,,80,A
367359930,2020-08-20T19:58:41,36.82404,-76.28905,0.0,307.2,511.0,SUNNY WILLIAMS,,WDE4940,80,0,25,8,,80,A
367821000,2020-08-20T19:25:17,36.97285,-76.43366,0.0,0.0,511.0,YANO,IMO7825409,NAQH,70,0,276,32,13.0,70,A
369390000,2020-08-20T19:54:05,36.87094,-76.34824,0.0,137.0,347.0,SAFMARINE MAFADI,IMO9314210,KRIJ,70,5,292,32,11.8,70,A
477196100,2020-08-20T19:54:54,37.19431,-76.13516,0.1,104.9,15.0,DARYA MA,IMO9591674,VRJH5,70,1,229,32,14.5,,A
215677000,2020-08-20T20:00:03,36.99751,-76.29406,11.0,240.7,243.0,RIZE,IMO9584035,9HA2781,70,0,229,32,14.5,,A
367359930,2020-08-20T20:02:21,36.82406,-76.28905,0.0,317.9,511.0,SUNNY WILLIAMS,,WDE4940,80,0,25,8,,80,A
367932000,2020-08-20T19:24:08,36.94918,-76.32964,0.0,107.0,279.0,JOHN LENTHALL,IMO8325547,NJLN,80,5,193,29,,,A
538006982,2020-08-20T19:56:16,36.96259,-76.42368,0.0,177.0,40.0,ANTE TOPIC,IMO9737072,V7TR4,70,5,,,,,A
366733250,2020-08-20T19:59:22,37.20800,-76.28351,4.2,141.5,511.0,ATLANTIC SURVEYOR,,WTR5417,70,15,31,7,,,A
215677000,2020-08-20T19:59:33,36.99826,-76.29240,11.0,240.9,243.0,RIZE,IMO9584035,9HA2781,70,0,229,32,14.5,,A
367359930,2020-08-20T19:57:21,36.82404,-76.28905,0.0,309.2,511.0,SUNNY WILLIAMS,,WDE4940,80,0,25,8,,80,A
477738200,2020-08-20T19:57:37,36.87751,-76.34982,0.0,66.3,347.0,COSCO PHILIPPINES,IMO9448762,VRGM7,70,5,334,42,14.5,72,A
369390000,2020-08-20T20:00:05,36.87093,-76.34821,0.0,326.0,347.0,SAFMARINE MAFADI,IMO9314210,KRIJ,70,5,292,32,11.8,70,A
366733250,2020-08-20T19:23:32,37.17500,-76.23732,2.1,275.1,511.0,ATLANTIC SURVEYOR,,WTR5417,70,15,31,7,,,A
367822000,2020-08-20T19:26:54,36.97313,-76.43383,0.0,0.0,238.0,USNS SHUGHART,IMO7825394,NAOQ,70,5,276,32,13.0,70,A
366839000,2020-08-20T19:58:04,36.85349,-76.31082,0.0,0.0,39.0,CAPE RISE,IMO7530808,KAFG,70,5,197,32,10.0,,A
338403000,2020-08-20T19:58:28,36.92481,-76.32975,0.0,121.7,355.0,MAERSK HARTFORD,IMO9333008,WMHA,70,5,299,40,14.5,,A
367932000,2020-08-20T19:27:09,36.94920,-76.32969,0.0,107.0,279.0,JOHN LENTHALL,IMO8325547,NJLN,80,5,193,29,,,A
369390000,2020-08-20T19:24:06,36.87091,-76.34821,0.0,196.0,347.0,SAFMARINE MAFADI,IMO9314210,KRIJ,70,5,292,32,11.8,70,A
538002652,2020-08-20T19:27:50,36.87950,-76.32652,0.0,67.0,276.0,NAIAS,IMO9330800,V7KN8,70,5,225,32,14.0,70,A
366733250,2020-08-20T20:04:51,37.20297,-76.27809,4.4,138.9,511.0,ATLANTIC SURVEYOR,,WTR5417,70,15,31,7,,,A
305855000,2020-08-20T20:02:48,36.86429,-76.31475,0.0,179.5,227.0,BBC PEARL,IMO9504786,V2FY8,70,5,153,23,9.1,70,A
367359930,2020-08-20T19:26:13,36.82408,-76.28908,0.0,277.1,511.0,SUNNY WILLIAMS,,WDE4940,80,0,25,8,,80,A
338403000,2020-08-20T19:25:28,36.92484,-76.32973,0.0,121.7,355.0,MAERSK HARTFORD,IMO9333008,WMHA,70,5,299,40,14.5,,A
366733250,2020-08-20T19:49:12,37.20760,-76.28539,3.7,260.8,511.0,ATLANTIC SURVEYOR,,WTR5417,70,15,31,7,,,A
367359930,2020-08-20T19:32:03,36.82404,-76.28905,0.0,290.8,511.0,SUNNY WILLIAMS,,WDE4940,80,0,25,8,,80,A
367359930,2020-08-20T19:53:52,36.82407,-76.28904,0.0,308.5,511.0,SUNNY WILLIAMS,,WDE4940,80,0,25,8,,80,A
367821000,2020-08-20T20:01:17,36.97288,-76.43365,0.0,0.0,511.0,YANO,IMO7825409,NAQH,70,0,276,32,13.0,70,A
367932000,2020-08-20T20:03:07,36.94915,-76.32963,0.0,107.0,279.0,JOHN LENTHALL,IMO8325547,NJLN,80,5,193,29,,,A
477196100,2020-08-20T20:03:56,37.19425,-76.13497,0.0,104.9,5.0,DARYA MA,IMO9591674,VRJH5,70,1,229,32,14.5,,A
367861000,2020-08-20T19:30:00,36.94633,-76.32978,0.0,0.0,265.0,LARAMIE,IMO8906626,NLAR,80,5,193,29,,,A
367359930,2020-08-20T20:01:11,36.82406,-76.28904,0.0,312.5,511.0,SUNNY WILLIAMS,,WDE4940,80,0,25,8,,80,A
477196100,2020-08-20T19:30:59,37.19408,-76.13544,0.1,104.9,24.0,DARYA MA,IMO9591674,VRJH5,70,1,229,32,14.5,,A
368026000,2020-08-20T19:51:21,36.86575,-76.31604,0.0,270.5,2.0,BENAVIDEZ,IMO9218210,NBHG,70,5,289,32,10.9,70,A
369390000,2020-08-20T19:51:06,36.87089,-76.34821,0.0,183.0,347.0,SAFMARINE MAFADI,IMO9314210,KRIJ,70,5,292,32,11.8,70,A
369390000,2020-08-20T19:33:05,36.87100,-76.34817,0.0,156.0,347.0,SAFMARINE MAFADI,IMO9314210,KRIJ,70,5,292,32,11.8,70,A
367359930,2020-08-20T20:05:51,36.82406,-76.28905,0.0,324.4,511.0,SUNNY WILLIAMS,,WDE4940,80,0,25,8,,80,A
247281100,2020-08-20T19:33:06,37.26998,-76.12278,16.0,17.8,17.0,GRANDE MAROCCO,IMO9437907,IBOQ,70,0,211,32,9.8,,A
367821000,2020-08-20T20:05:57,36.97288,-76.43365,0.0,0.0,511.0,YANO,IMO7825409,NAQH,70,0,276,32,13.0,70,A
215677000,2020-08-20T19:56:33,37.00273,-76.28245,10.9,242.7,243.0,RIZE,IMO9584035,9HA2781,70,0,229,32,14.5,,A
353554000,2020-08-20T20:05:52,37.32972,-76.10110,12.2,193.3,192.0,MEDI SEGESTA,IMO9403164,3FCG6,70,0,190,32,12.8,70,A
215677000,2020-08-20T20:03:23,36.99271,-76.30527,11.0,242.4,242.0,RIZE,IMO9584035,9HA2781,70,0,229,32,14.5,,A
538002652,2020-08-20T20:06:50,36.87942,-76.32642,0.0,191.0,276.0,NAIAS,IMO9330800,V7KN8,70,5,225,32,14.0,70,A
367359930,2020-08-20T20:07:03,36.82404,-76.28906,0.0,321.7,511.0,SUNNY WILLIAMS,,WDE4940,80,0,25,8,,80,A
367359930,2020-08-20T19:31:01,36.82406,-76.28905,0.0,288.6,511.0,SUNNY WILLIAMS,,WDE4940,80,0,25,8,,80,A
366733250,2020-08-20T19:30:42,37.18098,-76.24361,9.1,307.1,511.0,ATLANTIC SURVEYOR,,WTR5417,70,15,31,7,,,A
367821000,2020-08-20T20:07:08,36.97288,-76.43365,0.0,0.0,511.0,YANO,IMO7825409,NAQH,70,0,276,32,13.0,70,A
369390000,2020-08-20T20:03:05,36.87100,-76.34817,0.0,306.0,347.0,SAFMARINE MAFADI,IMO9314210,KRIJ,70,5,292,32,11.8,70,A
366733250,2020-08-20T20:07:12,37.20079,-76.27570,4.2,138.9,511.0,ATLANTIC SURVEYOR,,WTR5417,70,15,31,7,,,A
366839000,2020-08-20T19:34:06,36.85344,-76.31080,0.0,0.0,39.0,CAPE RISE,IMO7530808,KAFG,70,5,197,32,10.0,,A
367359930,2020-08-20T20:08:22,36.82403,-76.28905,0.0,327.3,511.0,SUNNY WILLIAMS,,WDE4940,80,0,25,8,,80,A
367821000,2020-08-20T19:58:37,36.97288,-76.43364,0.0,0.0,511.0,YANO,IMO7825409,NAQH,70,0,276,32,13.0,70,A
538006982,2020-08-20T19:29:16,36.96260,-76.42364,0.0,186.7,40.0,ANTE TOPIC,IMO9737072,V7TR4,70,5,,,,,A
305855000,2020-08-20T19:29:48,36.86428,-76.31475,0.0,188.5,227.0,BBC PEARL,IMO9504786,V2FY8,70,5,153,23,9.1,70,A
366733250,2020-08-20T20:03:41,37.20403,-76.27925,4.2,137.7,511.0,ATLANTIC SURVEYOR,,WTR5417,70,15,31,7,,,A
305855000,2020-08-20T20:05:46,36.86429,-76.31476,0.0,130.0,226.0,BBC PEARL,IMO9504786,V2FY8,70,5,153,23,9.1,70,A
353554000,2020-08-20T20:08:11,37.32207,-76.10338,12.3,193.5,192.0,MEDI SEGESTA,IMO9403164,3FCG6,70,0,190,32,12.8,70,A
367821000,2020-08-20T20:04:47,36.97288,-76.43365,0.0,0.0,511.0,YANO,IMO7825409,NAQH,70,0,276,32,13.0,70,A
367861000,2020-08-20T20:09:00,36.94637,-76.32969,0.0,0.0,266.0,LARAMIE,IMO8906626,NLAR,80,5,193,29,,,A
305855000,2020-08-20T20:08:47,36.86427,-76.31476,0.0,119.8,226.0,BBC PEARL,IMO9504786,V2FY8,70,5,153,23,9.1,70,A
367932000,2020-08-20T19:30:09,36.94917,-76.32967,0.0,107.0,279.0,JOHN LENTHALL,IMO8325547,NJLN,80,5,193,29,,,A
368026000,2020-08-20T20:09:21,36.86575,-76.31605,0.0,270.5,2.0,BENAVIDEZ,IMO9218210,NBHG,70,5,289,32,10.9,70,A
367932000,2020-08-20T20:09:08,36.94923,-76.32967,0.0,107.0,279.0,JOHN LENTHALL,IMO8325547,NJLN,80,5,193,29,,,A
369390000,2020-08-20T19:36:05,36.87100,-76.34833,0.0,278.0,347.0,SAFMARINE MAFADI,IMO9314210,KRIJ,70,5,292,32,11.8,70,A
538002652,2020-08-20T20:09:52,36.87943,-76.32643,0.0,191.0,276.0,NAIAS,IMO9330800,V7KN8,70,5,225,32,14.0,70,A
367821000,2020-08-20T20:09:28,36.97288,-76.43365,0.0,0.0,511.0,YANO,IMO7825409,NAQH,70,0,276,32,13.0,70,A
477196100,2020-08-20T20:09:56,37.19423,-76.13494,0.1,104.9,0.0,DARYA MA,IMO9591674,VRJH5,70,1,229,32,14.5,,A
367822000,2020-08-20T19:56:56,36.97314,-76.43384,0.0,0.0,238.0,USNS SHUGHART,IMO7825394,NAOQ,70,5,276,32,13.0,70,A
215677000,2020-08-20T20:10:23,36.97907,-76.32590,11.4,228.7,229.0,RIZE,IMO9584035,9HA2781,70,0,229,32,14.5,,A
477738200,2020-08-20T20:06:38,36.87748,-76.34978,0.0,138.2,347.0,COSCO PHILIPPINES,IMO9448762,VRGM7,70,5,334,42,14.5,72,A
368026000,2020-08-20T20:06:21,36.86576,-76.31605,0.0,270.5,2.0,BENAVIDEZ,IMO9218210,NBHG,70,5,289,32,10.9,70,A
367932000,2020-08-20T19:57:07,36.94915,-76.32963,0.0,107.0,279.0,JOHN LENTHALL,IMO8325547,NJLN,80,5,193,29,,,A
367359930,2020-08-20T20:11:02,36.82406,-76.28906,0.0,318.4,511.0,SUNNY WILLIAMS,,WDE4940,80,0,25,8,,80,A
367821000,2020-08-20T20:10:38,36.97288,-76.43365,0.0,0.0,511.0,YANO,IMO7825409,NAQH,70,0,276,32,13.0,70,A
215677000,2020-08-20T20:11:32,36.97666,-76.32934,11.4,228.1,227.0,RIZE,IMO9584035,9HA2781,70,0,229,32,14.5,,A
369390000,2020-08-20T20:12:04,36.87091,-76.34824,0.0,144.0,347.0,SAFMARINE MAFADI,IMO9314210,KRIJ,70,5,292,32,11.8,70,A
338403000,2020-08-20T20:10:27,36.92481,-76.32970,0.0,121.7,355.0,MAERSK HARTFORD,IMO9333008,WMHA,70,5,299,40,14.5,,A
353554000,2020-08-20T20:07:02,37.32587,-76.10226,12.3,193.1,192.0,MEDI SEGESTA,IMO9403164,3FCG6,70,0,190,32,12.8,70,A
367821000,2020-08-20T20:11:47,36.97288,-76.43366,0.0,0.0,511.0,YANO,IMO7825409,NAQH,70,0,276,32,13.0,70,A
367821000,2020-08-20T19:59:47,36.97288,-76.43365,0.0,0.0,511.0,YANO,IMO7825409,NAQH,70,0,276,32,13.0,70,A
247281100,2020-08-20T19:36:30,37.28455,-76.11686,16.3,18.2,17.0,GRANDE MAROCCO,IMO9437907,IBOQ,70,0,211,32,9.8,,A
477738200,2020-08-20T20:12:37,36.87751,-76.34981,0.1,124.5,347.0,COSCO PHILIPPINES,IMO9448762,VRGM7,70,5,334,42,14.5,72,A
353554000,2020-08-20T20:11:51,37.30980,-76.10708,12.4,196.4,196.0,MEDI SEGESTA,IMO9403164,3FCG6,70,0,190,32,12.8,70,A
353554000,2020-08-20T20:09:22,37.31811,-76.10456,12.3,193.3,192.0,MEDI SEGESTA,IMO9403164,3FCG6,70,0,190,32,12.8,70,A
367861000,2020-08-20T20:00:01,36.94633,-76.32979,0.0,0.0,266.0,LARAMIE,IMO8906626,NLAR,80,5,193,29,,,A
538006982,2020-08-20T19:38:16,36.96258,-76.42364,0.0,183.5,40.0,ANTE TOPIC,IMO9737072,V7TR4,70,5,,,,,A
367359930,2020-08-20T20:00:02,36.82405,-76.28903,0.0,317.1,511.0,SUNNY WILLIAMS,,WDE4940,80,0,25,8,,80,A
367821000,2020-08-20T20:08:17,36.97288,-76.43365,0.0,0.0,511.0,YANO,IMO7825409,NAQH,70,0,276,32,13.0,70,A
368026000,2020-08-20T19:39:20,36.86575,-76.31604,0.0,270.5,2.0,BENAVIDEZ,IMO9218210,NBHG,70,5,289,32,10.9,70,A
367822000,2020-08-20T20:08:54,36.97313,-76.43383,0.0,0.0,238.0,USNS SHUGHART,IMO7825394,NAOQ,70,5,276,32,13.0,70,A
367821000,2020-08-20T19:39:17,36.97286,-76.43365,0.0,0.0,511.0,YANO,IMO7825409,NAQH,70,0,276,32,13.0,70,A
477738200,2020-08-20T19:39:40,36.87747,-76.34981,0.0,186.4,347.0,COSCO PHILIPPINES,IMO9448762,VRGM7,70,5,334,42,14.5,72,A
366733250,2020-08-20T20:10:51,37.19616,-76.26875,7.5,124.7,511.0,ATLANTIC SURVEYOR,,WTR5417,70,15,31,7,,,A
367359930,2020-08-20T19:43:13,36.82406,-76.28906,0.0,312.5,511.0,SUNNY WILLIAMS,,WDE4940,80,0,25,8,,80,A
538006982,2020-08-20T20:11:16,36.96257,-76.42366,0.0,177.0,40.0,ANTE TOPIC,IMO9737072,V7TR4,70,5,,,,,A
367359930,2020-08-20T20:09:43,36.82406,-76.28907,0.0,315.2,511.0,SUNNY WILLIAMS,,WDE4940,80,0,25,8,,80,A
477738200,2020-08-20T20:09:37,36.87751,-76.34984,0.0,138.2,347.0,COSCO PHILIPPINES,IMO9448762,VRGM7,70,5,334,42,14.5,72,A
353554000,2020-08-20T20:14:11,37.30208,-76.11003,12.4,198.0,197.0,MEDI SEGESTA,IMO9403164,3FCG6,70,0,190,32,12.8,70,A
538006982,2020-08-20T20:02:16,36.96258,-76.42365,0.0,177.0,40.0,ANTE TOPIC,IMO9737072,V7TR4,70,5,,,,,A
367861000,2020-08-20T19:42:01,36.94642,-76.32978,0.0,0.0,265.0,LARAMIE,IMO8906626,NLAR,80,5,193,29,,,A
367822000,2020-08-20T20:02:55,36.97313,-76.43384,0.0,0.0,238.0,USNS SHUGHART,IMO7825394,NAOQ,70,5,276,32,13.0,70,A
367861000,2020-08-20T20:12:00,36.94640,-76.32974,0.0,0.0,266.0,LARAMIE,IMO8906626,NLAR,80,5,193,29,,,A
366733250,2020-08-20T19:42:31,37.19891,-76.27063,8.2,313.0,511.0,ATLANTIC SURVEYOR,,WTR5417,70,15,31,7,,,A
367359930,2020-08-20T20:03:41,36.82407,-76.28905,0.0,316.6,511.0,SUNNY WILLIAMS,,WDE4940,80,0,25,8,,80,A
367822000,2020-08-20T20:14:56,36.97313,-76.43384,0.0,0.0,238.0,USNS SHUGHART,IMO7825394,NAOQ,70,5,276,32,13.0,70,A
367821000,2020-08-20T20:13:07,36.97287,-76.43366,0.0,0.0,511.0,YANO,IMO7825409,NAQH,70,0,276,32,13.0,70,A
367821000,2020-08-20T20:15:57,36.97287,-76.43366,0.0,0.0,511.0,YANO,IMO7825409,NAQH,70,0,276,32,13.0,70,A
353554000,2020-08-20T20:03:32,37.33743,-76.09877,12.1,193.4,192.0,MEDI SEGESTA,IMO9403164,3FCG6,70,0,190,32,12.8,70,A
368026000,2020-08-20T20:15:21,36.86576,-76.31605,0.0,270.5,2.0,BENAVIDEZ,IMO9218210,NBHG,70,5,289,32,10.9,70,A
366839000,2020-08-20T20:04:07,36.85347,-76.31080,0.0,0.0,39.0,CAPE RISE,IMO7530808,KAFG,70,5,197,32,10.0,,A
538002652,2020-08-20T20:12:51,36.87938,-76.32638,0.0,191.0,276.0,NAIAS,IMO9330800,V7KN8,70,5,225,32,14.0,70,A
367821000,2020-08-20T19:36:57,36.97286,-76.43365,0.0,0.0,511.0,YANO,IMO7825409,NAQH,70,0,276,32,13.0,70,A
367359930,2020-08-20T20:16:13,36.82407,-76.28905,0.1,324.2,511.0,SUNNY WILLIAMS,,WDE4940,80,0,25,8,,80,A
367359930,2020-08-20T19:46:43,36.82405,-76.28906,0.0,311.1,511.0,SUNNY WILLIAMS,,WDE4940,80,0,25,8,,80,A
215677000,2020-08-20T20:16:13,36.96637,-76.34334,12.0,227.0,227.0,RIZE,IMO9584035,9HA2781,70,0,229,32,14.5,,A
215677000,2020-08-20T20:17:32,36.96330,-76.34734,12.2,226.6,231.0,RIZE,IMO9584035,9HA2781,70,0,229,32,14.5,,A
367822000,2020-08-20T20:11:56,36.97313,-76.43384,0.0,0.0,238.0,USNS SHUGHART,IMO7825394,NAOQ,70,5,276,32,13.0,70,A
305855000,2020-08-20T19:38:46,36.86429,-76.31476,0.0,133.5,227.0,BBC PEARL,IMO9504786,V2FY8,70,5,153,23,9.1,70,A
366733250,2020-08-20T20:12:01,37.19480,-76.26624,7.3,122.8,511.0,ATLANTIC SURVEYOR,,WTR5417,70,15,31,7,,,A
538006982,2020-08-20T20:17:16,36.96256,-76.42366,0.0,177.0,40.0,ANTE TOPIC,IMO9737072,V7TR4,70,5,,,,,A
367932000,2020-08-20T20:12:07,36.94915,-76.32964,0.0,107.0,279.0,JOHN LENTHALL,IMO8325547,NJLN,80,5,193,29,,,A
367932000,2020-08-20T19:39:07,36.94914,-76.32968,0.0,107.0,279.0,JOHN LENTHALL,IMO8325547,NJLN,80,5,193,29,,,A
368026000,2020-08-20T19:45:21,36.86577,-76.31604,0.0,270.5,2.0,BENAVIDEZ,IMO9218210,NBHG,70,5,289,32,10.9,70,A
367359930,2020-08-20T20:12:12,36.82405,-76.28907,0.0,314.2,511.0,SUNNY WILLIAMS,,WDE4940,80,0,25,8,,80,A
215677000,2020-08-20T20:15:03,36.96899,-76.33979,11.8,228.0,227.0,RIZE,IMO9584035,9HA2781,70,0,229,32,14.5,,A
367932000,2020-08-20T20:06:08,36.94919,-76.32965,0.0,107.0,279.0,JOHN LENTHALL,IMO8325547,NJLN,80,5,193,29,,,A
338403000,2020-08-20T20:13:27,36.92488,-76.32972,0.0,121.7,355.0,MAERSK HARTFORD,IMO9333008,WMHA,70,5,299,40,14.5,,A
338403000,2020-08-20T19:46:26,36.92482,-76.32973,0.0,121.7,355.0,MAERSK HARTFORD,IMO9333008,WMHA,70,5,299,40,14.5,,A
367861000,2020-08-20T20:06:01,36.94638,-76.32984,0.0,0.0,266.0,LARAMIE,IMO8906626,NLAR,80,5,193,29,,,A
367861000,2020-08-20T20:18:00,36.94639,-76.32981,0.0,0.0,266.0,LARAMIE,IMO8906626,NLAR,80,5,193,29,,,A
477738200,2020-08-20T20:18:37,36.87751,-76.34979,0.0,111.6,347.0,COSCO PHILIPPINES,IMO9448762,VRGM7,70,5,334,42,14.5,72,A
215677000,2020-08-20T20:18:44,36.96089,-76.35138,12.3,240.1,245.0,RIZE,IMO9584035,9HA2781,70,0,229,32,14.5,,A
367932000,2020-08-20T20:18:08,36.94913,-76.32962,0.0,107.0,279.0,JOHN LENTHALL,IMO8325547,NJLN,80,5,193,29,,,A
538006982,2020-08-20T19:41:16,36.96258,-76.42365,0.0,183.5,40.0,ANTE TOPIC,IMO9737072,V7TR4,70,5,,,,,A
367359930,2020-08-20T20:13:51,36.82406,-76.28906,0.0,318.8,511.0,SUNNY WILLIAMS,,WDE4940,80,0,25,8,,80,A
367821000,2020-08-20T19:44:38,36.97286,-76.43365,0.0,0.0,511.0,YANO,IMO7825409,NAQH,70,0,276,32,13.0,70,A
366839000,2020-08-20T20:19:11,36.85350,-76.31082,0.0,0.0,39.0,CAPE RISE,IMO7530808,KAFG,70,5,197,32,10.0,,A
368026000,2020-08-20T19:42:21,36.86573,-76.31604,0.0,270.5,2.0,BENAVIDEZ,IMO9218210,NBHG,70,5,289,32,10.9,70,A
367821000,2020-08-20T20:20:37,36.97286,-76.43366,0.0,0.0,511.0,YANO,IMO7825409,NAQH,70,0,276,32,13.0,70,A
367822000,2020-08-20T20:20:55,36.97313,-76.43384,0.0,0.0,238.0,USNS SHUGHART,IMO7825394,NAOQ,70,5,276,32,13.0,70,A
366733250,2020-08-20T20:14:51,37.19120,-76.26040,7.5,132.0,511.0,ATLANTIC SURVEYOR,,WTR5417,70,15,31,7,,,A
367861000,2020-08-20T20:15:01,36.94636,-76.32978,0.0,0.0,266.0,LARAMIE,IMO8906626,NLAR,80,5,193,29,,,A
538006982,2020-08-20T20:20:16,36.96258,-76.42364,0.0,177.0,40.0,ANTE TOPIC,IMO9737072,V7TR4,70,5,,,,,A
538006982,2020-08-20T20:08:16,36.96258,-76.42367,0.0,177.0,40.0,ANTE TOPIC,IMO9737072,V7TR4,70,5,,,,,A
305855000,2020-08-20T20:17:45,36.86427,-76.31475,0.0,173.0,225.0,BBC PEARL,IMO9504786,V2FY8,70,5,153,23,9.1,70,A
367359930,2020-08-20T19:48:43,36.82405,-76.28906,0.1,310.5,511.0,SUNNY WILLIAMS,,WDE4940,80,0,25,8,,80,A
215677000,2020-08-20T20:22:23,36.95795,-76.36629,12.0,261.6,262.0,RIZE,IMO9584035,9HA2781,70,0,229,32,14.5,,A
477738200,2020-08-20T19:48:39,36.87749,-76.34980,0.1,139.0,347.0,COSCO PHILIPPINES,IMO9448762,VRGM7,70,5,334,42,14.5,72,A
215677000,2020-08-20T20:09:12,36.98153,-76.32238,11.3,228.8,229.0,RIZE,IMO9584035,9HA2781,70,0,229,32,14.5,,A
367821000,2020-08-20T20:23:27,36.97283,-76.43369,0.0,0.0,511.0,YANO,IMO7825409,NAQH,70,0,276,32,13.0,70,A
366733250,2020-08-20T20:17:11,37.18803,-76.25567,7.6,128.5,511.0,ATLANTIC SURVEYOR,,WTR5417,70,15,31,7,,,A
477738200,2020-08-20T20:15:37,36.87751,-76.34980,0.0,130.7,347.0,COSCO PHILIPPINES,IMO9448762,VRGM7,70,5,334,42,14.5,72,A
367861000,2020-08-20T20:24:01,36.94637,-76.32982,0.0,0.0,266.0,LARAMIE,IMO8906626,NLAR,80,5,193,29,,,A
353554000,2020-08-20T20:16:32,37.29428,-76.11310,12.5,197.6,197.0,MEDI SEGESTA,IMO9403164,3FCG6,70,0,190,32,12.8,70,A
305855000,2020-08-20T20:23:48,36.86431,-76.31476,0.0,153.7,225.0,BBC PEARL,IMO9504786,V2FY8,70,5,153,23,9.1,70,A
367821000,2020-08-20T19:53:27,36.97288,-76.43364,0.0,0.0,511.0,YANO,IMO7825409,NAQH,70,0,276,32,13.0,70,A
538002652,2020-08-20T20:24:52,36.87933,-76.32648,0.0,169.0,276.0,NAIAS,IMO9330800,V7KN8,70,5,225,32,14.0,70,A
215677000,2020-08-20T20:25:23,36.95662,-76.37838,11.6,262.8,263.0,RIZE,IMO9584035,9HA2781,70,0,229,32,14.5,,A
367821000,2020-08-20T20:25:07,36.97284,-76.43369,0.0,0.0,511.0,YANO,IMO7825409,NAQH,70,0,276,32,13.0,70,A
353554000,2020-08-20T20:10:42,37.31360,-76.10580,12.4,193.0,194.0,MEDI SEGESTA,IMO9403164,3FCG6,70,0,190,32,12.8,70,A
353554000,2020-08-20T20:24:51,37.26680,-76.12375,12.4,197.0,196.0,MEDI SEGESTA,IMO9403164,3FCG6,70,0,190,32,12.8,70,A
477738200,2020-08-20T20:24:39,36.87755,-76.34981,0.0,90.8,347.0,COSCO PHILIPPINES,IMO9448762,VRGM7,70,5,334,42,14.5,72,A
305855000,2020-08-20T00:11:47,36.86428,-76.31476,0.0,21.6,226.0,BBC PEARL,IMO9504786,V2FY8,70,5,153,23,9.1,70,A
215677000,2020-08-20T19:54:13,37.00483,-76.27402,11.1,256.8,258.0,RIZE,IMO9584035,9HA2781,70,0,229,32,14.5,,A
338403000,2020-08-20T20:19:21,36.92484,-76.32977,0.0,121.6,355.0,MAERSK HARTFORD,IMO9333008,WMHA,70,5,299,40,14.5,,A
367861000,2020-08-20T20:21:00,36.94633,-76.32976,0.0,0.0,266.0,LARAMIE,IMO8906626,NLAR,80,5,193,29,,,A
366733250,2020-08-20T20:20:43,37.18759,-76.25338,2.9,302.4,511.0,ATLANTIC SURVEYOR,,WTR5417,70,15,31,7,,,A
367822000,2020-08-20T19:47:55,36.97313,-76.43384,0.0,0.0,238.0,USNS SHUGHART,IMO7825394,NAOQ,70,5,276,32,13.0,70,A
367821000,2020-08-20T20:19:27,36.97286,-76.43366,0.0,0.0,511.0,YANO,IMO7825409,NAQH,70,0,276,32,13.0,70,A
353554000,2020-08-20T20:26:51,37.26005,-76.12619,12.4,196.7,196.0,MEDI SEGESTA,IMO9403164,3FCG6,70,0,190,32,12.8,70,A
353554000,2020-08-20T20:18:52,37.28656,-76.11618,12.4,197.0,196.0,MEDI SEGESTA,IMO9403164,3FCG6,70,0,190,32,12.8,70,A
305855000,2020-08-20T20:11:48,36.86428,-76.31475,0.0,167.0,225.0,BBC PEARL,IMO9504786,V2FY8,70,5,153,23,9.1,70,A
366839000,2020-08-20T20:25:10,36.85348,-76.31084,0.0,0.0,39.0,CAPE RISE,IMO7530808,KAFG,70,5,197,32,10.0,,A
366839000,2020-08-20T19:49:09,36.85348,-76.31084,0.0,0.0,39.0,CAPE RISE,IMO7530808,KAFG,70,5,197,32,10.0,,A
477738200,2020-08-20T20:21:36,36.87749,-76.34980,0.0,109.3,347.0,COSCO PHILIPPINES,IMO9448762,VRGM7,70,5,334,42,14.5,72,A
538002652,2020-08-20T20:18:53,36.87935,-76.32645,0.0,204.0,276.0,NAIAS,IMO9330800,V7KN8,70,5,225,32,14.0,70,A
367359930,2020-08-20T20:26:42,36.82404,-76.28906,0.0,301.6,511.0,SUNNY WILLIAMS,,WDE4940,80,0,25,8,,80,A
368026000,2020-08-20T19:54:21,36.86575,-76.31604,0.0,270.5,2.0,BENAVIDEZ,IMO9218210,NBHG,70,5,289,32,10.9,70,A
538002652,2020-08-20T19:54:53,36.87937,-76.32652,0.0,191.0,276.0,NAIAS,IMO9330800,V7KN8,70,5,225,32,14.0,70,A
368026000,2020-08-20T20:27:21,36.86576,-76.31606,0.0,270.5,2.0,BENAVIDEZ,IMO9218210,NBHG,70,5,289,32,10.9,70,A
305855000,2020-08-20T20:26:46,36.86430,-76.31478,0.0,158.4,225.0,BBC PEARL,IMO9504786,V2FY8,70,5,153,23,9.1,70,A
369390000,2020-08-20T20:21:06,36.87089,-76.34811,0.0,167.0,347.0,SAFMARINE MAFADI,IMO9314210,KRIJ,70,5,292,32,11.8,70,A
477196100,2020-08-20T20:27:51,37.19434,-76.13499,0.1,104.9,6.0,DARYA MA,IMO9591674,VRJH5,70,1,229,32,14.5,,A
367359930,2020-08-20T20:28:32,36.82405,-76.28908,0.0,308.3,511.0,SUNNY WILLIAMS,,WDE4940,80,0,25,8,,80,A
367359930,2020-08-20T19:55:02,36.82406,-76.28903,0.0,313.3,511.0,SUNNY WILLIAMS,,WDE4940,80,0,25,8,,80,A
538006982,2020-08-20T19:59:16,36.96257,-76.42365,0.0,177.0,40.0,ANTE TOPIC,IMO9737072,V7TR4,70,5,,,,,A
353554000,2020-08-20T20:28:51,37.25348,-76.12874,12.4,195.1,194.0,MEDI SEGESTA,IMO9403164,3FCG6,70,0,190,32,12.8,70,A
367821000,2020-08-20T20:29:27,36.97283,-76.43368,0.0,0.0,511.0,YANO,IMO7825409,NAQH,70,0,276,32,13.0,70,A
367359930,2020-08-20T19:59:53,36.82405,-76.28904,0.0,317.5,511.0,SUNNY WILLIAMS,,WDE4940,80,0,25,8,,80,A
367359930,2020-08-20T20:29:42,36.82402,-76.28904,0.1,304.6,511.0,SUNNY WILLIAMS,,WDE4940,80,0,25,8,,80,A
369390000,2020-08-20T20:30:05,36.87100,-76.34817,0.0,91.0,347.0,SAFMARINE MAFADI,IMO9314210,KRIJ,70,5,292,32,11.8,70,A
366839000,2020-08-20T20:22:10,36.85348,-76.31082,0.0,0.0,39.0,CAPE RISE,IMO7530808,KAFG,70,5,197,32,10.0,,A
367821000,2020-08-20T19:56:37,36.97288,-76.43364,0.0,0.0,511.0,YANO,IMO7825409,NAQH,70,0,276,32,13.0,70,A
305855000,2020-08-20T20:29:46,36.86428,-76.31477,0.0,152.6,225.0,BBC PEARL,IMO9504786,V2FY8,70,5,153,23,9.1,70,A
368026000,2020-08-20T20:30:21,36.86577,-76.31603,0.0,270.5,2.0,BENAVIDEZ,IMO9218210,NBHG,70,5,289,32,10.9,70,A
366733250,2020-08-20T20:18:22,37.18646,-76.25325,7.6,126.6,511.0,ATLANTIC SURVEYOR,,WTR5417,70,15,31,7,,,A
477738200,2020-08-20T20:00:37,36.87750,-76.34978,0.1,127.9,347.0,COSCO PHILIPPINES,IMO9448762,VRGM7,70,5,334,42,14.5,72,A
366839000,2020-08-20T20:31:09,36.85348,-76.31079,0.0,0.0,39.0,CAPE RISE,IMO7530808,KAFG,70,5,197,32,10.0,,A
367359930,2020-08-20T20:18:33,36.82406,-76.28907,0.0,319.5,511.0,SUNNY WILLIAMS,,WDE4940,80,0,25,8,,80,A
477738200,2020-08-20T20:30:37,36.87755,-76.34978,0.0,304.3,347.0,COSCO PHILIPPINES,IMO9448762,VRGM7,70,5,334,42,14.5,72,A
215677000,2020-08-20T20:01:04,36.99603,-76.29741,11.1,241.3,243.0,RIZE,IMO9584035,9HA2781,70,0,229,32,14.5,,A
368026000,2020-08-20T20:24:21,36.86576,-76.31605,0.0,270.5,2.0,BENAVIDEZ,IMO9218210,NBHG,70,5,289,32,10.9,70,A
215677000,2020-08-20T20:27:33,36.95582,-76.38646,10.2,263.7,263.0,RIZE,IMO9584035,9HA2781,70,0,229,32,14.5,,A
366733250,2020-08-20T20:25:22,37.18960,-76.25727,2.9,299.5,511.0,ATLANTIC SURVEYOR,,WTR5417,70,15,31,7,,,A
215677000,2020-08-20T20:32:14,36.95447,-76.40032,7.3,262.9,262.0,RIZE,IMO9584035,9HA2781,70,0,229,32,14.5,,A
367821000,2020-08-20T20:02:27,36.97288,-76.43365,0.0,0.0,511.0,YANO,IMO7825409,NAQH,70,0,276,32,13.0,70,A
477738200,2020-08-20T20:27:38,36.87765,-76.34991,0.0,304.3,347.0,COSCO PHILIPPINES,IMO9448762,VRGM7,70,5,334,42,14.5,72,A
305855000,2020-08-20T20:32:48,36.86428,-76.31476,0.0,146.1,226.0,BBC PEARL,IMO9504786,V2FY8,70,5,153,23,9.1,70,A
367821000,2020-08-20T20:03:37,36.97288,-76.43365,0.0,0.0,511.0,YANO,IMO7825409,NAQH,70,0,276,32,13.0,70,A
477738200,2020-08-20T20:03:37,36.87750,-76.34980,0.0,109.4,347.0,COSCO PHILIPPINES,IMO9448762,VRGM7,70,5,334,42,14.5,72,A
538006982,2020-08-20T20:26:16,36.96258,-76.42365,0.0,177.0,40.0,ANTE TOPIC,IMO9737072,V7TR4,70,5,,,,,A
353554000,2020-08-20T20:29:52,37.25005,-76.12986,12.4,195.0,194.0,MEDI SEGESTA,IMO9403164,3FCG6,70,0,190,32,12.8,70,A
305855000,2020-08-20T19:59:47,36.86429,-76.31477,0.0,168.5,227.0,BBC PEARL,IMO9504786,V2FY8,70,5,153,23,9.1,70,A
367861000,2020-08-20T20:27:01,36.94640,-76.32980,0.0,0.0,266.0,LARAMIE,IMO8906626,NLAR,80,5,193,29,,,A
477196100,2020-08-20T20:33:53,37.19422,-76.13477,0.1,133.5,359.0,DARYA MA,IMO9591674,VRJH5,70,1,229,32,14.5,,A
367821000,2020-08-20T20:00:08,36.97288,-76.43365,0.0,0.0,511.0,YANO,IMO7825409,NAQH,70,0,276,32,13.0,70,A
366733250,2020-08-20T20:00:13,37.20721,-76.28270,4.4,140.0,511.0,ATLANTIC SURVEYOR,,WTR5417,70,15,31,7,,,A
366733250,2020-08-20T20:34:13,37.19442,-76.26381,2.9,317.5,511.0,ATLANTIC SURVEYOR,,WTR5417,70,15,31,7,,,A
367359930,2020-08-20T20:20:52,36.82406,-76.28908,0.0,313.3,511.0,SUNNY WILLIAMS,,WDE4940,80,0,25,8,,80,A
368026000,2020-08-20T20:00:20,36.86577,-76.31605,0.0,270.5,2.0,BENAVIDEZ,IMO9218210,NBHG,70,5,289,32,10.9,70,A
367821000,2020-08-20T20:21:47,36.97286,-76.43366,0.0,0.0,511.0,YANO,IMO7825409,NAQH,70,0,276,32,13.0,70,A
538002652,2020-08-20T20:00:51,36.87938,-76.32647,0.0,191.0,276.0,NAIAS,IMO9330800,V7KN8,70,5,225,32,14.0,70,A
366733250,2020-08-20T20:35:23,37.19507,-76.26474,3.0,309.3,511.0,ATLANTIC SURVEYOR,,WTR5417,70,15,31,7,,,A
538002652,2020-08-20T20:21:52,36.87945,-76.32643,0.0,169.0,276.0,NAIAS,IMO9330800,V7KN8,70,5,225,32,14.0,70,A
367821000,2020-08-20T20:30:57,36.97282,-76.43368,0.0,0.0,511.0,YANO,IMO7825409,NAQH,70,0,276,32,13.0,70,A
367861000,2020-08-20T20:36:00,36.94640,-76.32980,0.0,0.0,265.0,LARAMIE,IMO8906626,NLAR,80,5,193,29,,,A
353554000,2020-08-20T20:31:01,37.24627,-76.13116,12.4,195.0,194.0,MEDI SEGESTA,IMO9403164,3FCG6,70,0,190,32,12.8,70,A
215677000,2020-08-20T20:23:52,36.95724,-76.37232,11.7,262.1,263.0,RIZE,IMO9584035,9HA2781,70,0,229,32,14.5,,A
338403000,2020-08-20T20:31:27,36.92477,-76.32969,0.0,121.6,355.0,MAERSK HARTFORD,IMO9333008,WMHA,70,5,299,40,14.5,,A
366733250,2020-08-20T20:02:32,37.20491,-76.28049,4.5,139.2,511.0,ATLANTIC SURVEYOR,,WTR5417,70,15,31,7,,,A
215677000,2020-08-20T20:02:13,36.99438,-76.30131,11.0,242.9,243.0,RIZE,IMO9584035,9HA2781,70,0,229,32,14.5,,A
367932000,2020-08-20T20:30:08,36.94920,-76.32965,0.0,107.0,279.0,JOHN LENTHALL,IMO8325547,NJLN,80,5,193,29,,,A
477196100,2020-08-20T20:36:55,37.19420,-76.13489,0.3,264.7,356.0,DARYA MA,IMO9591674,VRJH5,70,1,229,32,14.5,,A
366839000,2020-08-20T20:07:10,36.85352,-76.31081,0.0,0.0,39.0,CAPE RISE,IMO7530808,KAFG,70,5,197,32,10.0,,A
366733250,2020-08-20T20:37:42,37.19627,-76.26674,3.1,306.0,511.0,ATLANTIC SURVEYOR,,WTR5417,70,15,31,7,,,A
367861000,2020-08-20T20:02:59,36.94635,-76.32985,0.0,0.0,266.0,LARAMIE,IMO8906626,NLAR,80,5,193,29,,,A
367821000,2020-08-20T20:38:48,36.97283,-76.43367,0.0,0.0,511.0,YANO,IMO7825409,NAQH,70,0,276,32,13.0,70,A
368026000,2020-08-20T20:03:22,36.86577,-76.31604,0.0,270.5,2.0,BENAVIDEZ,IMO9218210,NBHG,70,5,289,32,10.9,70,A
367861000,2020-08-20T20:39:00,36.94640,-76.32978,0.0,0.0,265.0,LARAMIE,IMO8906626,NLAR,80,5,193,29,,,A
215677000,2020-08-20T20:06:53,36.98635,-76.31567,10.9,227.1,229.0,RIZE,IMO9584035,9HA2781,70,0,229,32,14.5,,A
215677000,2020-08-20T20:39:42,36.95492,-76.41513,5.0,298.7,300.0,RIZE,IMO9584035,9HA2781,70,0,229,32,14.5,,A
215677000,2020-08-20T20:41:33,36.95620,-76.41788,5.0,306.2,310.0,RIZE,IMO9584035,9HA2781,70,0,229,32,14.5,,A
215677000,2020-08-20T20:04:33,36.99100,-76.30922,10.8,237.9,232.0,RIZE,IMO9584035,9HA2781,70,0,229,32,14.5,,A
366733250,2020-08-20T20:26:51,37.19030,-76.25848,2.8,307.9,511.0,ATLANTIC SURVEYOR,,WTR5417,70,15,31,7,,,A
367821000,2020-08-20T20:33:08,36.97282,-76.43367,0.0,0.0,511.0,YANO,IMO7825409,NAQH,70,0,276,32,13.0,70,A
538006982,2020-08-20T20:05:16,36.96261,-76.42366,0.0,177.0,40.0,ANTE TOPIC,IMO9737072,V7TR4,70,5,,,,,A
366733250,2020-08-20T20:08:31,37.19922,-76.27345,7.5,129.4,511.0,ATLANTIC SURVEYOR,,WTR5417,70,15,31,7,,,A
353554000,2020-08-20T20:04:41,37.33369,-76.09986,12.1,193.6,192.0,MEDI SEGESTA,IMO9403164,3FCG6,70,0,190,32,12.8,70,A
367821000,2020-08-20T20:26:18,36.97284,-76.43369,0.0,0.0,511.0,YANO,IMO7825409,NAQH,70,0,276,32,13.0,70,A
366733250,2020-08-20T20:06:01,37.20188,-76.27691,4.4,139.2,511.0,ATLANTIC SURVEYOR,,WTR5417,70,15,31,7,,,A
366733250,2020-08-20T20:43:31,37.19905,-76.27170,2.8,305.7,511.0,ATLANTIC SURVEYOR,,WTR5417,70,15,31,7,,,A
367821000,2020-08-20T20:43:38,36.97283,-76.43367,0.0,0.0,511.0,YANO,IMO7825409,NAQH,70,0,276,32,13.0,70,A
367822000,2020-08-20T20:05:55,36.97313,-76.43383,0.0,0.0,238.0,USNS SHUGHART,IMO7825394,NAOQ,70,5,276,32,13.0,70,A
215677000,2020-08-20T20:05:43,36.98873,-76.31251,10.7,226.2,229.0,RIZE,IMO9584035,9HA2781,70,0,229,32,14.5,,A
366839000,2020-08-20T20:34:08,36.85349,-76.31078,0.0,0.0,39.0,CAPE RISE,IMO7530808,KAFG,70,5,197,32,10.0,,A
338403000,2020-08-20T20:07:27,36.92480,-76.32974,0.0,121.7,355.0,MAERSK HARTFORD,IMO9333008,WMHA,70,5,299,40,14.5,,A
338403000,2020-08-20T20:43:24,36.92482,-76.32967,0.0,355.4,355.0,MAERSK HARTFORD,IMO9333008,WMHA,70,5,299,40,14.5,,A
305855000,2020-08-20T20:35:47,36.86429,-76.31477,0.0,146.1,226.0,BBC PEARL,IMO9504786,V2FY8,70,5,153,23,9.1,70,A
368026000,2020-08-20T20:36:21,36.86574,-76.31604,0.0,270.5,2.0,BENAVIDEZ,IMO9218210,NBHG,70,5,289,32,10.9,70,A
538002652,2020-08-20T20:42:52,36.87945,-76.32640,0.0,169.0,276.0,NAIAS,IMO9330800,V7KN8,70,5,225,32,14.0,70,A
367359930,2020-08-20T20:37:02,36.82405,-76.28904,0.1,315.3,511.0,SUNNY WILLIAMS,,WDE4940,80,0,25,8,,80,A
215677000,2020-08-20T20:08:03,36.98395,-76.31899,11.1,228.0,229.0,RIZE,IMO9584035,9HA2781,70,0,229,32,14.5,,A
215677000,2020-08-20T20:45:02,36.95924,-76.42177,3.6,313.0,306.0,RIZE,IMO9584035,9HA2781,70,0,229,32,14.5,,A
353554000,2020-08-20T20:46:22,37.19991,-76.14902,9.6,196.7,197.0,MEDI SEGESTA,IMO9403164,3FCG6,70,0,190,32,12.8,70,A
338403000,2020-08-20T20:28:27,36.92489,-76.32972,0.0,355.4,355.0,MAERSK HARTFORD,IMO9333008,WMHA,70,5,299,40,14.5,,A
368026000,2020-08-20T20:45:21,36.86578,-76.31604,0.0,270.5,2.0,BENAVIDEZ,IMO9218210,NBHG,70,5,289,32,10.9,70,A
366733250,2020-08-20T20:36:31,37.19566,-76.26573,3.1,305.5,511.0,ATLANTIC SURVEYOR,,WTR5417,70,15,31,7,,,A
368026000,2020-08-20T20:12:20,36.86574,-76.31603,0.0,270.5,2.0,BENAVIDEZ,IMO9218210,NBHG,70,5,289,32,10.9,70,A
367932000,2020-08-20T20:45:07,36.94920,-76.32978,0.0,107.0,279.0,JOHN LENTHALL,IMO8325547,NJLN,80,5,193,29,,,A
477196100,2020-08-20T20:45:53,37.19425,-76.13550,0.1,286.1,20.0,DARYA MA,IMO9591674,VRJH5,70,1,229,32,14.5,,A
477196100,2020-08-20T20:39:53,37.19422,-76.13519,0.3,283.6,7.0,DARYA MA,IMO9591674,VRJH5,70,1,229,32,14.5,,A
538006982,2020-08-20T20:38:16,36.96257,-76.42364,0.0,177.0,40.0,ANTE TOPIC,IMO9737072,V7TR4,70,5,,,,,A
215677000,2020-08-20T20:29:53,36.95511,-76.39390,8.5,263.7,263.0,RIZE,IMO9584035,9HA2781,70,0,229,32,14.5,,A
538002652,2020-08-20T20:45:49,36.87942,-76.32638,0.0,169.0,276.0,NAIAS,IMO9330800,V7KN8,70,5,225,32,14.0,70,A
367821000,2020-08-20T20:47:28,36.97283,-76.43367,0.0,0.0,511.0,YANO,IMO7825409,NAQH,70,0,276,32,13.0,70,A
367821000,2020-08-20T20:37:37,36.97283,-76.43367,0.0,0.0,511.0,YANO,IMO7825409,NAQH,70,0,276,32,13.0,70,A
477738200,2020-08-20T20:45:36,36.87745,-76.34966,0.0,274.7,347.0,COSCO PHILIPPINES,IMO9448762,VRGM7,70,5,334,42,14.5,72,A
338403000,2020-08-20T20:40:21,36.92480,-76.32972,0.0,121.6,355.0,MAERSK HARTFORD,IMO9333008,WMHA,70,5,299,40,14.5,,A
369390000,2020-08-20T20:09:06,36.87091,-76.34821,0.0,77.0,347.0,SAFMARINE MAFADI,IMO9314210,KRIJ,70,5,292,32,11.8,70,A
353554000,2020-08-20T20:48:01,37.19567,-76.15067,9.9,198.2,198.0,MEDI SEGESTA,IMO9403164,3FCG6,70,0,190,32,12.8,70,A
305855000,2020-08-20T20:38:47,36.86430,-76.31477,0.0,146.1,226.0,BBC PEARL,IMO9504786,V2FY8,70,5,153,23,9.1,70,A
368026000,2020-08-20T20:39:20,36.86576,-76.31604,0.0,270.5,2.0,BENAVIDEZ,IMO9218210,NBHG,70,5,289,32,10.9,70,A
369390000,2020-08-20T20:39:05,36.87100,-76.34817,0.0,268.0,347.0,SAFMARINE MAFADI,IMO9314210,KRIJ,70,5,292,32,11.8,70,A
477738200,2020-08-20T20:39:38,36.87754,-76.34978,0.0,132.3,347.0,COSCO PHILIPPINES,IMO9448762,VRGM7,70,5,334,42,14.5,72,A
367359930,2020-08-20T20:48:13,36.82405,-76.28905,0.0,295.2,511.0,SUNNY WILLIAMS,,WDE4940,80,0,25,8,,80,A
353554000,2020-08-20T20:50:01,37.19024,-76.15281,10.4,197.4,198.0,MEDI SEGESTA,IMO9403164,3FCG6,70,0,190,32,12.8,70,A
366839000,2020-08-20T20:10:05,36.85349,-76.31082,0.0,0.0,39.0,CAPE RISE,IMO7530808,KAFG,70,5,197,32,10.0,,A
538006982,2020-08-20T20:32:16,36.96257,-76.42364,0.0,177.0,40.0,ANTE TOPIC,IMO9737072,V7TR4,70,5,,,,,A
367821000,2020-08-20T20:41:07,36.97283,-76.43367,0.0,0.0,511.0,YANO,IMO7825409,NAQH,70,0,276,32,13.0,70,A
338403000,2020-08-20T20:49:25,36.92479,-76.32976,0.0,121.6,355.0,MAERSK HARTFORD,IMO9333008,WMHA,70,5,299,40,14.5,,A
305855000,2020-08-20T20:41:49,36.86426,-76.31477,0.0,146.1,226.0,BBC PEARL,IMO9504786,V2FY8,70,5,153,23,9.1,70,A
215677000,2020-08-20T20:42:42,36.95725,-76.41935,4.8,313.8,311.0,RIZE,IMO9584035,9HA2781,70,0,229,32,14.5,,A
367359930,2020-08-20T20:41:43,36.82407,-76.28906,0.0,316.2,511.0,SUNNY WILLIAMS,,WDE4940,80,0,25,8,,80,A
477196100,2020-08-20T20:42:55,37.19427,-76.13542,0.1,283.5,15.0,DARYA MA,IMO9591674,VRJH5,70,1,229,32,14.5,,A
538006982,2020-08-20T20:50:16,36.96254,-76.42363,0.0,177.0,40.0,ANTE TOPIC,IMO9737072,V7TR4,70,5,,,,,A
366733250,2020-08-20T20:13:12,37.19340,-76.26372,7.5,123.7,511.0,ATLANTIC SURVEYOR,,WTR5417,70,15,31,7,,,A
367822000,2020-08-20T20:44:56,36.97313,-76.43383,0.0,0.0,238.0,USNS SHUGHART,IMO7825394,NAOQ,70,5,276,32,13.0,70,A
367932000,2020-08-20T20:33:08,36.94916,-76.32966,0.0,107.0,279.0,JOHN LENTHALL,IMO8325547,NJLN,80,5,193,29,,,A
353554000,2020-08-20T20:51:11,37.18703,-76.15415,10.6,197.7,193.0,MEDI SEGESTA,IMO9403164,3FCG6,70,0,190,32,12.8,70,A
367821000,2020-08-20T20:14:17,36.97287,-76.43366,0.0,0.0,511.0,YANO,IMO7825409,NAQH,70,0,276,32,13.0,70,A
305855000,2020-08-20T20:44:47,36.86426,-76.31476,0.0,146.1,226.0,BBC PEARL,IMO9504786,V2FY8,70,5,153,23,9.1,70,A
538006982,2020-08-20T20:44:16,36.96256,-76.42365,0.0,177.0,40.0,ANTE TOPIC,IMO9737072,V7TR4,70,5,,,,,A
215677000,2020-08-20T20:43:53,36.95833,-76.42067,4.4,316.2,310.0,RIZE,IMO9584035,9HA2781,70,0,229,32,14.5,,A
367932000,2020-08-20T20:15:08,36.94918,-76.32966,0.0,107.0,279.0,JOHN LENTHALL,IMO8325547,NJLN,80,5,193,29,,,A
367822000,2020-08-20T20:35:56,36.97313,-76.43383,0.0,0.0,238.0,USNS SHUGHART,IMO7825394,NAOQ,70,5,276,32,13.0,70,A
477196100,2020-08-20T20:12:55,37.19424,-76.13503,0.1,104.9,2.0,DARYA MA,IMO9591674,VRJH5,70,1,229,32,14.5,,A
367359930,2020-08-20T20:46:51,36.82404,-76.28905,0.0,296.8,511.0,SUNNY WILLIAMS,,WDE4940,80,0,25,8,,80,A
215677000,2020-08-20T20:12:43,36.97414,-76.33277,11.5,227.7,227.0,RIZE,IMO9584035,9HA2781,70,0,229,32,14.5,,A
215677000,2020-08-20T20:37:32,36.95392,-76.41143,5.4,275.2,285.0,RIZE,IMO9584035,9HA2781,70,0,229,32,14.5,,A
353554000,2020-08-20T20:35:42,37.23103,-76.13683,11.9,197.1,197.0,MEDI SEGESTA,IMO9403164,3FCG6,70,0,190,32,12.8,70,A
367821000,2020-08-20T20:44:48,36.97283,-76.43367,0.0,0.0,511.0,YANO,IMO7825409,NAQH,70,0,276,32,13.0,70,A
477196100,2020-08-20T20:15:54,37.19423,-76.13509,0.0,104.9,5.0,DARYA MA,IMO9591674,VRJH5,70,1,229,32,14.5,,A
353554000,2020-08-20T20:13:02,37.30586,-76.10854,12.4,196.7,196.0,MEDI SEGESTA,IMO9403164,3FCG6,70,0,190,32,12.8,70,A
366839000,2020-08-20T20:16:04,36.85351,-76.31082,0.0,0.0,39.0,CAPE RISE,IMO7530808,KAFG,70,5,197,32,10.0,,A
366839000,2020-08-20T20:46:09,36.85351,-76.31084,0.0,0.0,39.0,CAPE RISE,IMO7530808,KAFG,70,5,197,32,10.0,,A
367932000,2020-08-20T20:48:07,36.94914,-76.32971,0.0,107.0,279.0,JOHN LENTHALL,IMO8325547,NJLN,80,5,193,29,,,A
367822000,2020-08-20T20:38:56,36.97313,-76.43383,0.0,0.0,238.0,USNS SHUGHART,IMO7825394,NAOQ,70,5,276,32,13.0,70,A
366733250,2020-08-20T20:45:52,37.20011,-76.27355,2.7,307.2,511.0,ATLANTIC SURVEYOR,,WTR5417,70,15,31,7,,,A
215677000,2020-08-20T20:48:43,36.96063,-76.42424,1.5,297.4,318.0,RIZE,IMO9584035,9HA2781,70,0,229,32,14.5,,A
538002652,2020-08-20T20:36:52,36.87943,-76.32638,0.0,169.0,276.0,NAIAS,IMO9330800,V7KN8,70,5,225,32,14.0,70,A
369390000,2020-08-20T20:15:05,36.87083,-76.34817,0.0,26.0,347.0,SAFMARINE MAFADI,IMO9314210,KRIJ,70,5,292,32,11.8,70,A
338403000,2020-08-20T20:46:24,36.92487,-76.32973,0.0,121.6,355.0,MAERSK HARTFORD,IMO9333008,WMHA,70,5,299,40,14.5,,A
338403000,2020-08-20T20:37:21,36.92482,-76.32971,0.0,121.6,355.0,MAERSK HARTFORD,IMO9333008,WMHA,70,5,299,40,14.5,,A
477738200,2020-08-20T20:54:38,36.87749,-76.34991,0.0,274.7,347.0,COSCO PHILIPPINES,IMO9448762,VRGM7,70,5,334,42,14.5,72,A
367822000,2020-08-20T20:47:56,36.97313,-76.43383,0.0,0.0,238.0,USNS SHUGHART,IMO7825394,NAOQ,70,5,276,32,13.0,70,A
538002652,2020-08-20T20:15:53,36.87942,-76.32645,0.0,204.0,276.0,NAIAS,IMO9330800,V7KN8,70,5,225,32,14.0,70,A
366733250,2020-08-20T20:16:02,37.18958,-76.25803,7.5,127.7,511.0,ATLANTIC SURVEYOR,,WTR5417,70,15,31,7,,,A
367861000,2020-08-20T20:48:00,36.94635,-76.32982,0.0,0.0,265.0,LARAMIE,IMO8906626,NLAR,80,5,193,29,,,A
538006982,2020-08-20T20:56:16,36.96259,-76.42364,0.0,177.0,40.0,ANTE TOPIC,IMO9737072,V7TR4,70,5,,,,,A
367359930,2020-08-20T20:39:13,36.82407,-76.28901,0.0,327.5,511.0,SUNNY WILLIAMS,,WDE4940,80,0,25,8,,80,A
367359930,2020-08-20T20:17:21,36.82407,-76.28906,0.0,314.1,511.0,SUNNY WILLIAMS,,WDE4940,80,0,25,8,,80,A
477196100,2020-08-20T20:54:57,37.19418,-76.13585,0.1,265.4,30.0,DARYA MA,IMO9591674,VRJH5,70,1,229,32,14.5,,A
367821000,2020-08-20T20:55:38,36.97283,-76.43367,0.0,0.0,511.0,YANO,IMO7825409,NAQH,70,0,276,32,13.0,70,A
367821000,2020-08-20T20:48:48,36.97283,-76.43367,0.0,0.0,511.0,YANO,IMO7825409,NAQH,70,0,276,32,13.0,70,A
366733250,2020-08-20T20:48:12,37.20117,-76.27537,2.9,307.0,511.0,ATLANTIC SURVEYOR,,WTR5417,70,15,31,7,,,A
369390000,2020-08-20T20:18:05,36.87083,-76.34817,0.0,224.0,347.0,SAFMARINE MAFADI,IMO9314210,KRIJ,70,5,292,32,11.8,70,A
215677000,2020-08-20T20:50:37,36.96096,-76.42500,1.3,308.6,350.0,RIZE,IMO9584035,9HA2781,70,0,229,32,14.5,,A
367822000,2020-08-20T20:17:56,36.97313,-76.43384,0.0,0.0,238.0,USNS SHUGHART,IMO7825394,NAOQ,70,5,276,32,13.0,70,A
305855000,2020-08-20T20:56:47,36.86434,-76.31467,0.0,146.1,226.0,BBC PEARL,IMO9504786,V2FY8,70,5,153,23,9.1,70,A
368026000,2020-08-20T20:48:21,36.86576,-76.31603,0.1,270.5,2.0,BENAVIDEZ,IMO9218210,NBHG,70,5,289,32,10.9,70,A
366839000,2020-08-20T20:49:11,36.85351,-76.31081,0.0,0.0,39.0,CAPE RISE,IMO7530808,KAFG,70,5,197,32,10.0,,A
368026000,2020-08-20T20:18:20,36.86576,-76.31605,0.0,270.5,2.0,BENAVIDEZ,IMO9218210,NBHG,70,5,289,32,10.9,70,A
215677000,2020-08-20T20:38:33,36.95421,-76.41327,5.2,287.6,295.0,RIZE,IMO9584035,9HA2781,70,0,229,32,14.5,,A
538002652,2020-08-20T20:48:52,36.87938,-76.32638,0.0,300.0,276.0,NAIAS,IMO9330800,V7KN8,70,5,225,32,14.0,70,A
367821000,2020-08-20T20:17:07,36.97287,-76.43366,0.0,0.0,511.0,YANO,IMO7825409,NAQH,70,0,276,32,13.0,70,A
366733250,2020-08-20T20:49:21,37.20172,-76.27626,2.8,307.2,511.0,ATLANTIC SURVEYOR,,WTR5417,70,15,31,7,,,A
367821000,2020-08-20T20:49:57,36.97283,-76.43367,0.0,0.0,511.0,YANO,IMO7825409,NAQH,70,0,276,32,13.0,70,A
367359930,2020-08-20T20:51:13,36.82405,-76.28906,0.0,285.6,511.0,SUNNY WILLIAMS,,WDE4940,80,0,25,8,,80,A
353554000,2020-08-20T20:40:42,37.21555,-76.14302,11.3,197.5,197.0,MEDI SEGESTA,IMO9403164,3FCG6,70,0,190,32,12.8,70,A
353554000,2020-08-20T20:17:42,37.29046,-76.11468,12.4,198.1,197.0,MEDI SEGESTA,IMO9403164,3FCG6,70,0,190,32,12.8,70,A
367821000,2020-08-20T20:56:59,36.97283,-76.43366,0.0,0.0,511.0,YANO,IMO7825409,NAQH,70,0,276,32,13.0,70,A
477196100,2020-08-20T20:18:54,37.19423,-76.13507,0.1,104.9,5.0,DARYA MA,IMO9591674,VRJH5,70,1,229,32,14.5,,A
367359930,2020-08-20T20:40:21,36.82407,-76.28906,0.0,320.1,511.0,SUNNY WILLIAMS,,WDE4940,80,0,25,8,,80,A
369390000,2020-08-20T20:51:04,36.87083,-76.34817,0.0,12.0,347.0,SAFMARINE MAFADI,IMO9314210,KRIJ,70,5,292,32,11.8,70,A
368026000,2020-08-20T20:21:20,36.86577,-76.31603,0.0,270.5,2.0,BENAVIDEZ,IMO9218210,NBHG,70,5,289,32,10.9,70,A
353554000,2020-08-20T20:20:42,37.28056,-76.11854,12.4,197.2,196.0,MEDI SEGESTA,IMO9403164,3FCG6,70,0,190,32,12.8,70,A
353554000,2020-08-20T20:41:51,37.21211,-76.14434,11.0,197.3,197.0,MEDI SEGESTA,IMO9403164,3FCG6,70,0,190,32,12.8,70,A
353554000,2020-08-20T20:59:01,37.16291,-76.15198,11.8,173.0,171.0,MEDI SEGESTA,IMO9403164,3FCG6,70,0,190,32,12.8,70,A
367822000,2020-08-20T20:53:55,36.97312,-76.43383,0.0,0.0,238.0,USNS SHUGHART,IMO7825394,NAOQ,70,5,276,32,13.0,70,A
215677000,2020-08-20T20:20:32,36.95884,-76.35863,12.1,261.4,262.0,RIZE,IMO9584035,9HA2781,70,0,229,32,14.5,,A
369390000,2020-08-20T20:54:05,36.87100,-76.34817,0.0,225.0,347.0,SAFMARINE MAFADI,IMO9314210,KRIJ,70,5,292,32,11.8,70,A
367359930,2020-08-20T20:56:43,36.82405,-76.28906,0.0,275.9,511.0,SUNNY WILLIAMS,,WDE4940,80,0,25,8,,80,A
367932000,2020-08-20T20:51:07,36.94916,-76.32972,0.0,107.0,279.0,JOHN LENTHALL,IMO8325547,NJLN,80,5,193,29,,,A
366839000,2020-08-20T20:43:10,36.85348,-76.31082,0.0,0.0,39.0,CAPE RISE,IMO7530808,KAFG,70,5,197,32,10.0,,A
538002652,2020-08-20T21:00:51,36.87943,-76.32642,0.0,300.0,276.0,NAIAS,IMO9330800,V7KN8,70,5,225,32,14.0,70,A
215677000,2020-08-20T20:54:23,36.96244,-76.42494,1.4,14.2,25.0,RIZE,IMO9584035,9HA2781,70,0,229,32,14.5,,A
477196100,2020-08-20T20:21:51,37.19430,-76.13499,0.0,104.9,2.0,DARYA MA,IMO9591674,VRJH5,70,1,229,32,14.5,,A
368026000,2020-08-20T20:42:21,36.86576,-76.31603,0.0,270.5,2.0,BENAVIDEZ,IMO9218210,NBHG,70,5,289,32,10.9,70,A
538006982,2020-08-20T20:53:16,36.96256,-76.42364,0.0,177.0,40.0,ANTE TOPIC,IMO9737072,V7TR4,70,5,,,,,A
367359930,2020-08-20T20:55:01,36.82404,-76.28907,0.0,276.6,511.0,SUNNY WILLIAMS,,WDE4940,80,0,25,8,,80,A
366733250,2020-08-20T20:55:31,37.20484,-76.28084,2.7,316.3,511.0,ATLANTIC SURVEYOR,,WTR5417,70,15,31,7,,,A
366733250,2020-08-20T20:21:51,37.18807,-76.25431,2.7,305.1,511.0,ATLANTIC SURVEYOR,,WTR5417,70,15,31,7,,,A
366839000,2020-08-20T20:55:13,36.85347,-76.31082,0.0,0.0,39.0,CAPE RISE,IMO7530808,KAFG,70,5,197,32,10.0,,A
338403000,2020-08-20T20:22:27,36.92479,-76.32975,0.0,121.6,355.0,MAERSK HARTFORD,IMO9333008,WMHA,70,5,299,40,14.5,,A
538006982,2020-08-20T20:23:16,36.96259,-76.42366,0.0,177.0,40.0,ANTE TOPIC,IMO9737072,V7TR4,70,5,,,,,A
367359930,2020-08-20T20:22:02,36.82405,-76.28907,0.0,307.4,511.0,SUNNY WILLIAMS,,WDE4940,80,0,25,8,,80,A
353554000,2020-08-20T20:23:31,37.27117,-76.12207,12.4,196.5,196.0,MEDI SEGESTA,IMO9403164,3FCG6,70,0,190,32,12.8,70,A
353554000,2020-08-20T20:21:52,37.27667,-76.11998,12.4,197.6,196.0,MEDI SEGESTA,IMO9403164,3FCG6,70,0,190,32,12.8,70,A
367822000,2020-08-20T20:23:56,36.97313,-76.43384,0.0,0.0,238.0,USNS SHUGHART,IMO7825394,NAOQ,70,5,276,32,13.0,70,A
366733250,2020-08-20T20:23:03,37.18858,-76.25533,2.9,297.3,511.0,ATLANTIC SURVEYOR,,WTR5417,70,15,31,7,,,A
367861000,2020-08-20T21:03:00,36.94636,-76.32982,0.0,0.0,265.0,LARAMIE,IMO8906626,NLAR,80,5,193,29,,,A
353554000,2020-08-20T20:56:32,37.17088,-76.15327,11.4,172.4,171.0,MEDI SEGESTA,IMO9403164,3FCG6,70,0,190,32,12.8,70,A
338403000,2020-08-20T20:25:26,36.92491,-76.32968,0.0,121.6,355.0,MAERSK HARTFORD,IMO9333008,WMHA,70,5,299,40,14.5,,A
367359930,2020-08-20T20:25:33,36.82404,-76.28907,0.0,303.9,511.0,SUNNY WILLIAMS,,WDE4940,80,0,25,8,,80,A
366733250,2020-08-20T20:24:12,37.18910,-76.25629,2.8,303.8,511.0,ATLANTIC SURVEYOR,,WTR5417,70,15,31,7,,,A
215677000,2020-08-20T20:55:32,36.96285,-76.42469,1.3,34.6,36.0,RIZE,IMO9584035,9HA2781,70,0,229,32,14.5,,A
369390000,2020-08-20T20:24:05,36.87100,-76.34817,0.0,342.0,347.0,SAFMARINE MAFADI,IMO9314210,KRIJ,70,5,292,32,11.8,70,A
353554000,2020-08-20T21:03:32,37.14779,-76.14952,12.4,173.2,166.0,MEDI SEGESTA,IMO9403164,3FCG6,70,0,190,32,12.8,70,A
366733250,2020-08-20T20:58:21,37.20639,-76.28267,2.6,315.6,511.0,ATLANTIC SURVEYOR,,WTR5417,70,15,31,7,,,A
367359930,2020-08-20T20:24:22,36.82405,-76.28908,0.0,302.6,511.0,SUNNY WILLIAMS,,WDE4940,80,0,25,8,,80,A
366839000,2020-08-20T21:04:07,36.85351,-76.31082,0.0,0.0,39.0,CAPE RISE,IMO7530808,KAFG,70,5,197,32,10.0,,A
215677000,2020-08-20T20:59:02,36.96297,-76.42424,0.2,174.8,39.0,RIZE,IMO9584035,9HA2781,70,5,229,32,14.5,,A
367861000,2020-08-20T20:57:01,36.94638,-76.32980,0.0,0.0,265.0,LARAMIE,IMO8906626,NLAR,80,5,193,29,,,A
367861000,2020-08-20T20:51:01,36.94635,-76.32979,0.0,0.0,265.0,LARAMIE,IMO8906626,NLAR,80,5,193,29,,,A
367359930,2020-08-20T20:59:12,36.82403,-76.28906,0.0,277.9,511.0,SUNNY WILLIAMS,,WDE4940,80,0,25,8,,80,A
305855000,2020-08-20T21:05:47,36.86428,-76.31474,0.0,26.6,226.0,BBC PEARL,IMO9504786,V2FY8,70,5,153,23,9.1,70,A
477196100,2020-08-20T20:57:53,37.19420,-76.13583,0.0,265.4,34.0,DARYA MA,IMO9591674,VRJH5,70,1,229,32,14.5,,A
477196100,2020-08-20T20:48:55,37.19419,-76.13561,0.1,286.1,21.0,DARYA MA,IMO9591674,VRJH5,70,1,229,32,14.5,,A
366733250,2020-08-20T20:51:52,37.20295,-76.27826,2.8,309.2,511.0,ATLANTIC SURVEYOR,,WTR5417,70,15,31,7,,,A
367359930,2020-08-20T20:57:52,36.82404,-76.28906,0.0,279.1,511.0,SUNNY WILLIAMS,,WDE4940,80,0,25,8,,80,A
367821000,2020-08-20T21:03:37,36.97286,-76.43363,0.0,0.0,511.0,YANO,IMO7825409,NAQH,70,0,276,32,13.0,70,A
368026000,2020-08-20T21:06:22,36.86576,-76.31606,0.0,270.5,2.0,BENAVIDEZ,IMO9218210,NBHG,70,5,289,32,10.9,70,A
366839000,2020-08-20T21:07:06,36.85348,-76.31080,0.0,0.0,39.0,CAPE RISE,IMO7530808,KAFG,70,5,197,32,10.0,,A
305855000,2020-08-20T20:59:46,36.86431,-76.31470,0.0,146.1,226.0,BBC PEARL,IMO9504786,V2FY8,70,5,153,23,9.1,70,A
368026000,2020-08-20T21:00:20,36.86576,-76.31601,0.0,270.5,2.0,BENAVIDEZ,IMO9218210,NBHG,70,5,289,32,10.9,70,A
338403000,2020-08-20T21:07:27,36.92486,-76.32969,0.0,121.6,355.0,MAERSK HARTFORD,IMO9333008,WMHA,70,5,299,40,14.5,,A
367822000,2020-08-20T20:59:56,36.97312,-76.43383,0.0,0.0,238.0,USNS SHUGHART,IMO7825394,NAOQ,70,5,276,32,13.0,70,A
367821000,2020-08-20T21:05:47,36.97283,-76.43363,0.0,0.0,511.0,YANO,IMO7825409,NAQH,70,0,276,32,13.0,70,A
367861000,2020-08-20T21:06:01,36.94638,-76.32979,0.0,0.0,265.0,LARAMIE,IMO8906626,NLAR,80,5,193,29,,,A
367822000,2020-08-20T20:26:55,36.97305,-76.43384,0.0,0.0,238.0,USNS SHUGHART,IMO7825394,NAOQ,70,5,276,32,13.0,70,A
367821000,2020-08-20T21:01:17,36.97283,-76.43366,0.0,0.0,511.0,YANO,IMO7825409,NAQH,70,0,276,32,13.0,70,A
367821000,2020-08-20T21:06:57,36.97283,-76.43364,0.0,0.0,511.0,YANO,IMO7825409,NAQH,70,0,276,32,13.0,70,A
338403000,2020-08-20T21:01:24,36.92480,-76.32970,0.0,121.6,355.0,MAERSK HARTFORD,IMO9333008,WMHA,70,5,299,40,14.5,,A
366733250,2020-08-20T21:01:12,37.20793,-76.28446,2.7,316.9,511.0,ATLANTIC SURVEYOR,,WTR5417,70,15,31,7,,,A
477196100,2020-08-20T20:30:56,37.19427,-76.13485,0.2,133.4,4.0,DARYA MA,IMO9591674,VRJH5,70,1,229,32,14.5,,A
366733250,2020-08-20T20:30:51,37.19238,-76.26145,2.8,318.2,511.0,ATLANTIC SURVEYOR,,WTR5417,70,15,31,7,,,A
367359930,2020-08-20T21:08:41,36.82404,-76.28907,0.0,312.0,511.0,SUNNY WILLIAMS,,WDE4940,80,0,25,8,,80,A
367861000,2020-08-20T20:29:59,36.94635,-76.32982,0.0,0.0,265.0,LARAMIE,IMO8906626,NLAR,80,5,193,29,,,A
477196100,2020-08-20T21:00:58,37.19415,-76.13576,0.1,265.4,32.0,DARYA MA,IMO9591674,VRJH5,70,1,229,32,14.5,,A
367822000,2020-08-20T21:02:55,36.97312,-76.43383,0.0,0.0,238.0,USNS SHUGHART,IMO7825394,NAOQ,70,5,276,32,13.0,70,A
215677000,2020-08-20T21:01:51,36.96291,-76.42421,0.0,147.3,38.0,RIZE,IMO9584035,9HA2781,70,5,229,32,14.5,,A
367861000,2020-08-20T20:54:01,36.94635,-76.32980,0.0,0.0,265.0,LARAMIE,IMO8906626,NLAR,80,5,193,29,,,A
538006982,2020-08-20T20:29:16,36.96258,-76.42364,0.0,177.0,40.0,ANTE TOPIC,IMO9737072,V7TR4,70,5,,,,,A
305855000,2020-08-20T21:02:46,36.86426,-76.31478,0.0,146.1,226.0,BBC PEARL,IMO9504786,V2FY8,70,5,153,23,9.1,70,A
538002652,2020-08-20T20:30:50,36.87947,-76.32638,0.0,169.0,276.0,NAIAS,IMO9330800,V7KN8,70,5,225,32,14.0,70,A
215677000,2020-08-20T20:31:03,36.95480,-76.39717,7.9,262.6,262.0,RIZE,IMO9584035,9HA2781,70,0,229,32,14.5,,A
538002652,2020-08-20T21:03:50,36.87942,-76.32640,0.0,300.0,276.0,NAIAS,IMO9330800,V7KN8,70,5,225,32,14.0,70,A
367822000,2020-08-20T20:29:55,36.97314,-76.43381,0.0,0.0,238.0,USNS SHUGHART,IMO7825394,NAOQ,70,5,276,32,13.0,70,A
477196100,2020-08-20T21:09:54,37.19414,-76.13572,0.0,265.4,31.0,DARYA MA,IMO9591674,VRJH5,70,1,229,32,14.5,,A
353554000,2020-08-20T21:10:11,37.12779,-76.13742,12.1,151.0,148.0,MEDI SEGESTA,IMO9403164,3FCG6,70,0,190,32,12.8,70,A
366733250,2020-08-20T21:03:21,37.20907,-76.28585,2.6,316.7,511.0,ATLANTIC SURVEYOR,,WTR5417,70,15,31,7,,,A
477738200,2020-08-20T21:03:38,36.87753,-76.34979,0.0,307.4,347.0,COSCO PHILIPPINES,IMO9448762,VRGM7,70,5,334,42,14.5,72,A
353554000,2020-08-20T21:09:01,37.13124,-76.13980,12.1,150.7,148.0,MEDI SEGESTA,IMO9403164,3FCG6,70,0,190,32,12.8,70,A
366839000,2020-08-20T21:10:10,36.85347,-76.31085,0.0,0.0,39.0,CAPE RISE,IMO7530808,KAFG,70,5,197,32,10.0,,A
366733250,2020-08-20T20:32:02,37.19309,-76.26227,3.0,317.5,511.0,ATLANTIC SURVEYOR,,WTR5417,70,15,31,7,,,A
367359930,2020-08-20T20:30:52,36.82404,-76.28906,0.0,306.1,511.0,SUNNY WILLIAMS,,WDE4940,80,0,25,8,,80,A
367359930,2020-08-20T20:32:03,36.82405,-76.28907,0.0,301.5,511.0,SUNNY WILLIAMS,,WDE4940,80,0,25,8,,80,A
367359930,2020-08-20T21:03:42,36.82405,-76.28906,0.0,281.4,511.0,SUNNY WILLIAMS,,WDE4940,80,0,25,8,,80,A
367861000,2020-08-20T20:33:01,36.94636,-76.32980,0.0,0.0,265.0,LARAMIE,IMO8906626,NLAR,80,5,193,29,,,A
338403000,2020-08-20T21:04:27,36.92482,-76.32966,0.0,121.6,355.0,MAERSK HARTFORD,IMO9333008,WMHA,70,5,299,40,14.5,,A
353554000,2020-08-20T20:33:22,37.23852,-76.13386,12.1,196.9,197.0,MEDI SEGESTA,IMO9403164,3FCG6,70,0,190,32,12.8,70,A
215677000,2020-08-20T21:04:50,36.96293,-76.42419,0.0,147.3,39.0,RIZE,IMO9584035,9HA2781,70,5,229,32,14.5,,A
215677000,2020-08-20T20:33:24,36.95413,-76.40305,6.7,261.3,265.0,RIZE,IMO9584035,9HA2781,70,0,229,32,14.5,,A
369390000,2020-08-20T20:33:04,36.87094,-76.34820,0.0,221.0,347.0,SAFMARINE MAFADI,IMO9314210,KRIJ,70,5,292,32,11.8,70,A
367821000,2020-08-20T20:59:37,36.97283,-76.43366,0.0,0.0,511.0,YANO,IMO7825409,NAQH,70,0,276,32,13.0,70,A
367359930,2020-08-20T20:35:52,36.82403,-76.28903,0.1,316.5,511.0,SUNNY WILLIAMS,,WDE4940,80,0,25,8,,80,A
367359930,2020-08-20T20:33:13,36.82404,-76.28906,0.0,305.2,511.0,SUNNY WILLIAMS,,WDE4940,80,0,25,8,,80,A
353554000,2020-08-20T20:32:11,37.24242,-76.13246,12.3,196.2,196.0,MEDI SEGESTA,IMO9403164,3FCG6,70,0,190,32,12.8,70,A
367822000,2020-08-20T20:56:56,36.97312,-76.43383,0.0,0.0,238.0,USNS SHUGHART,IMO7825394,NAOQ,70,5,276,32,13.0,70,A
367822000,2020-08-20T21:11:56,36.97312,-76.43382,0.0,0.0,238.0,USNS SHUGHART,IMO7825394,NAOQ,70,5,276,32,13.0,70,A
338403000,2020-08-20T20:34:28,36.92486,-76.32971,0.0,355.4,355.0,MAERSK HARTFORD,IMO9333008,WMHA,70,5,299,40,14.5,,A
367821000,2020-08-20T20:35:08,36.97283,-76.43367,0.0,0.0,511.0,YANO,IMO7825409,NAQH,70,0,276,32,13.0,70,A
215677000,2020-08-20T20:35:32,36.95390,-76.40759,5.7,268.1,271.0,RIZE,IMO9584035,9HA2781,70,0,229,32,14.5,,A
367822000,2020-08-20T20:32:55,36.97313,-76.43382,0.0,0.0,238.0,USNS SHUGHART,IMO7825394,NAOQ,70,5,276,32,13.0,70,A
477738200,2020-08-20T20:33:36,36.87748,-76.34979,0.1,86.2,347.0,COSCO PHILIPPINES,IMO9448762,VRGM7,70,5,334,42,14.5,72,A
367821000,2020-08-20T20:36:27,36.97283,-76.43367,0.0,0.0,511.0,YANO,IMO7825409,NAQH,70,0,276,32,13.0,70,A
367861000,2020-08-20T21:11:59,36.94637,-76.32980,0.0,0.0,265.0,LARAMIE,IMO8906626,NLAR,80,5,193,29,,,A
353554000,2020-08-20T21:11:42,37.12322,-76.13425,12.1,150.7,148.0,MEDI SEGESTA,IMO9403164,3FCG6,70,0,190,32,12.8,70,A
366733250,2020-08-20T21:00:01,37.20729,-76.28372,2.7,315.8,511.0,ATLANTIC SURVEYOR,,WTR5417,70,15,31,7,,,A
538002652,2020-08-20T21:12:52,36.87940,-76.32637,0.0,340.0,276.0,NAIAS,IMO9330800,V7KN8,70,5,225,32,14.0,70,A
353554000,2020-08-20T20:34:32,37.23472,-76.13541,12.0,197.2,197.0,MEDI SEGESTA,IMO9403164,3FCG6,70,0,190,32,12.8,70,A
477738200,2020-08-20T21:06:38,36.87753,-76.34970,0.0,241.9,347.0,COSCO PHILIPPINES,IMO9448762,VRGM7,70,5,334,42,14.5,72,A
338403000,2020-08-20T21:13:25,36.92473,-76.32973,0.0,121.6,355.0,MAERSK HARTFORD,IMO9333008,WMHA,70,5,299,40,14.5,,A
369390000,2020-08-20T21:06:06,36.87098,-76.34825,0.0,315.0,347.0,SAFMARINE MAFADI,IMO9314210,KRIJ,70,5,292,32,11.8,70,A
477738200,2020-08-20T21:00:38,36.87757,-76.34991,0.0,63.2,347.0,COSCO PHILIPPINES,IMO9448762,VRGM7,70,5,334,42,14.5,72,A
367932000,2020-08-20T20:36:07,36.94911,-76.32967,0.0,107.0,279.0,JOHN LENTHALL,IMO8325547,NJLN,80,5,193,29,,,A
353554000,2020-08-20T20:37:32,37.22529,-76.13909,11.7,198.3,198.0,MEDI SEGESTA,IMO9403164,3FCG6,70,0,190,32,12.8,70,A
367359930,2020-08-20T21:00:13,36.82401,-76.28906,0.0,279.2,511.0,SUNNY WILLIAMS,,WDE4940,80,0,25,8,,80,A
369390000,2020-08-20T21:15:06,36.87090,-76.34819,0.0,206.0,347.0,SAFMARINE MAFADI,IMO9314210,KRIJ,70,5,292,32,11.8,70,A
366839000,2020-08-20T21:01:04,36.85354,-76.31079,0.0,0.0,39.0,CAPE RISE,IMO7530808,KAFG,70,5,197,32,10.0,,A
353554000,2020-08-20T21:07:51,37.13466,-76.14221,12.0,151.2,148.0,MEDI SEGESTA,IMO9403164,3FCG6,70,0,190,32,12.8,70,A
477738200,2020-08-20T20:36:37,36.87744,-76.34984,0.0,132.3,347.0,COSCO PHILIPPINES,IMO9448762,VRGM7,70,5,334,42,14.5,72,A
538006982,2020-08-20T21:02:16,36.96260,-76.42366,0.0,177.0,40.0,ANTE TOPIC,IMO9737072,V7TR4,70,5,,,,,A
353554000,2020-08-20T21:01:12,37.15565,-76.15081,12.0,172.6,171.0,MEDI SEGESTA,IMO9403164,3FCG6,70,0,190,32,12.8,70,A
366733250,2020-08-20T21:02:13,37.20846,-76.28510,2.7,318.5,511.0,ATLANTIC SURVEYOR,,WTR5417,70,15,31,7,,,A
477738200,2020-08-20T21:15:40,36.87759,-76.34974,0.0,5.8,347.0,COSCO PHILIPPINES,IMO9448762,VRGM7,70,5,334,42,14.5,72,A
366839000,2020-08-20T20:37:08,36.85346,-76.31079,0.0,0.0,39.0,CAPE RISE,IMO7530808,KAFG,70,5,197,32,10.0,,A
367821000,2020-08-20T21:16:27,36.97283,-76.43366,0.0,0.0,511.0,YANO,IMO7825409,NAQH,70,0,276,32,13.0,70,A
367932000,2020-08-20T21:15:09,36.94915,-76.32965,0.0,107.0,279.0,JOHN LENTHALL,IMO8325547,NJLN,80,5,193,29,,,A
305855000,2020-08-20T21:08:49,36.86430,-76.31473,0.0,52.0,226.0,BBC PEARL,IMO9504786,V2FY8,70,5,153,23,9.1,70,A
367359930,2020-08-20T21:09:52,36.82408,-76.28910,0.0,311.0,511.0,SUNNY WILLIAMS,,WDE4940,80,0,25,8,,80,A
368026000,2020-08-20T21:09:21,36.86576,-76.31603,0.0,270.5,2.0,BENAVIDEZ,IMO9218210,NBHG,70,5,289,32,10.9,70,A
367822000,2020-08-20T21:08:55,36.97312,-76.43382,0.0,0.0,238.0,USNS SHUGHART,IMO7825394,NAOQ,70,5,276,32,13.0,70,A
366839000,2020-08-20T20:40:09,36.85349,-76.31082,0.0,0.0,39.0,CAPE RISE,IMO7530808,KAFG,70,5,197,32,10.0,,A
366839000,2020-08-20T21:16:08,36.85352,-76.31076,0.0,0.0,39.0,CAPE RISE,IMO7530808,KAFG,70,5,197,32,10.0,,A
367821000,2020-08-20T20:39:58,36.97283,-76.43367,0.0,0.0,511.0,YANO,IMO7825409,NAQH,70,0,276,32,13.0,70,A
367932000,2020-08-20T21:03:08,36.94915,-76.32968,0.0,107.0,279.0,JOHN LENTHALL,IMO8325547,NJLN,80,5,193,29,,,A
367359930,2020-08-20T21:17:03,36.82404,-76.28906,0.0,306.2,511.0,SUNNY WILLIAMS,,WDE4940,80,0,25,8,,80,A
353554000,2020-08-20T20:39:32,37.21911,-76.14160,11.6,198.0,197.0,MEDI SEGESTA,IMO9403164,3FCG6,70,0,190,32,12.8,70,A
366733250,2020-08-20T21:10:32,37.21291,-76.29055,2.8,311.5,511.0,ATLANTIC SURVEYOR,,WTR5417,70,15,31,7,,,A
477196100,2020-08-20T21:03:56,37.19417,-76.13571,0.0,265.4,30.0,DARYA MA,IMO9591674,VRJH5,70,1,229,32,14.5,,A
538006982,2020-08-20T20:41:16,36.96257,-76.42363,0.0,177.0,40.0,ANTE TOPIC,IMO9737072,V7TR4,70,5,,,,,A
369390000,2020-08-20T20:42:06,36.87100,-76.34814,0.0,98.0,347.0,SAFMARINE MAFADI,IMO9314210,KRIJ,70,5,292,32,11.8,70,A
366733250,2020-08-20T21:11:41,37.21351,-76.29137,2.7,313.3,511.0,ATLANTIC SURVEYOR,,WTR5417,70,15,31,7,,,A
367861000,2020-08-20T21:18:00,36.94637,-76.32977,0.0,0.0,265.0,LARAMIE,IMO8906626,NLAR,80,5,193,29,,,A
367932000,2020-08-20T21:18:08,36.94917,-76.32965,0.0,107.0,279.0,JOHN LENTHALL,IMO8325547,NJLN,80,5,193,29,,,A
305855000,2020-08-20T21:11:49,36.86430,-76.31474,0.0,52.0,226.0,BBC PEARL,IMO9504786,V2FY8,70,5,153,23,9.1,70,A
538002652,2020-08-20T20:39:50,36.87952,-76.32635,0.0,169.0,276.0,NAIAS,IMO9330800,V7KN8,70,5,225,32,14.0,70,A
538002652,2020-08-20T21:18:50,36.87940,-76.32638,0.0,336.0,276.0,NAIAS,IMO9330800,V7KN8,70,5,225,32,14.0,70,A
366839000,2020-08-20T21:13:09,36.85349,-76.31080,0.0,0.0,39.0,CAPE RISE,IMO7530808,KAFG,70,5,197,32,10.0,,A
477738200,2020-08-20T21:12:37,36.87754,-76.34971,0.0,273.0,347.0,COSCO PHILIPPINES,IMO9448762,VRGM7,70,5,334,42,14.5,72,A
367359930,2020-08-20T21:13:22,36.82404,-76.28906,0.0,306.4,511.0,SUNNY WILLIAMS,,WDE4940,80,0,25,8,,80,A
367359930,2020-08-20T21:06:12,36.82405,-76.28906,0.0,294.7,511.0,SUNNY WILLIAMS,,WDE4940,80,0,25,8,,80,A
366733250,2020-08-20T20:42:12,37.19844,-76.27064,2.8,305.8,511.0,ATLANTIC SURVEYOR,,WTR5417,70,15,31,7,,,A
477738200,2020-08-20T21:18:37,36.87747,-76.34974,0.0,249.1,347.0,COSCO PHILIPPINES,IMO9448762,VRGM7,70,5,334,42,14.5,72,A
538002652,2020-08-20T21:06:50,36.87947,-76.32638,0.0,300.0,276.0,NAIAS,IMO9330800,V7KN8,70,5,225,32,14.0,70,A
366733250,2020-08-20T21:13:21,37.21439,-76.29255,2.8,311.9,511.0,ATLANTIC SURVEYOR,,WTR5417,70,15,31,7,,,A
215677000,2020-08-20T21:19:52,36.96291,-76.42421,0.0,147.3,39.0,RIZE,IMO9584035,9HA2781,70,5,229,32,14.5,,A
477196100,2020-08-20T21:15:55,37.19398,-76.13523,0.4,111.3,22.0,DARYA MA,IMO9591674,VRJH5,70,1,229,32,14.5,,A
353554000,2020-08-20T20:43:42,37.20692,-76.14637,10.3,197.2,197.0,MEDI SEGESTA,IMO9403164,3FCG6,70,0,190,32,12.8,70,A
367822000,2020-08-20T21:20:54,36.97312,-76.43381,0.0,0.0,238.0,USNS SHUGHART,IMO7825394,NAOQ,70,5,276,32,13.0,70,A
367359930,2020-08-20T21:21:52,36.82404,-76.28907,0.0,299.7,511.0,SUNNY WILLIAMS,,WDE4940,80,0,25,8,,80,A
367359930,2020-08-20T21:15:52,36.82405,-76.28906,0.0,308.4,511.0,SUNNY WILLIAMS,,WDE4940,80,0,25,8,,80,A
367359930,2020-08-20T21:07:31,36.82403,-76.28908,0.0,304.6,511.0,SUNNY WILLIAMS,,WDE4940,80,0,25,8,,80,A
215677000,2020-08-20T21:16:53,36.96290,-76.42421,0.0,147.3,39.0,RIZE,IMO9584035,9HA2781,70,5,229,32,14.5,,A
369390000,2020-08-20T20:45:06,36.87096,-76.34818,0.0,294.0,347.0,SAFMARINE MAFADI,IMO9314210,KRIJ,70,5,292,32,11.8,70,A
353554000,2020-08-20T21:20:22,37.09748,-76.11567,12.4,150.3,147.0,MEDI SEGESTA,IMO9403164,3FCG6,70,0,190,32,12.8,70,A
477738200,2020-08-20T20:42:37,36.87761,-76.34987,0.0,327.7,347.0,COSCO PHILIPPINES,IMO9448762,VRGM7,70,5,334,42,14.5,72,A
366733250,2020-08-20T21:20:41,37.21852,-76.29911,3.4,306.0,511.0,ATLANTIC SURVEYOR,,WTR5417,70,15,31,7,,,A
367822000,2020-08-20T21:14:54,36.97313,-76.43382,0.0,0.0,238.0,USNS SHUGHART,IMO7825394,NAOQ,70,5,276,32,13.0,70,A
367359930,2020-08-20T20:42:53,36.82405,-76.28908,0.0,315.1,511.0,SUNNY WILLIAMS,,WDE4940,80,0,25,8,,80,A
353554000,2020-08-20T21:14:01,37.11639,-76.12947,12.3,151.1,148.0,MEDI SEGESTA,IMO9403164,3FCG6,70,0,190,32,12.8,70,A
353554000,2020-08-20T21:21:30,37.09414,-76.11320,12.4,149.9,146.0,MEDI SEGESTA,IMO9403164,3FCG6,70,0,190,32,12.8,70,A
215677000,2020-08-20T20:47:32,36.96037,-76.42361,2.0,299.2,307.0,RIZE,IMO9584035,9HA2781,70,0,229,32,14.5,,A
538002652,2020-08-20T21:21:53,36.87945,-76.32650,0.0,336.0,276.0,NAIAS,IMO9330800,V7KN8,70,5,225,32,14.0,70,A
366839000,2020-08-20T21:22:09,36.85350,-76.31083,0.0,0.0,39.0,CAPE RISE,IMO7530808,KAFG,70,5,197,32,10.0,,A
353554000,2020-08-20T20:45:01,37.20339,-76.14771,9.8,197.1,197.0,MEDI SEGESTA,IMO9403164,3FCG6,70,0,190,32,12.8,70,A
353554000,2020-08-20T21:15:41,37.11140,-76.12588,12.3,149.8,147.0,MEDI SEGESTA,IMO9403164,3FCG6,70,0,190,32,12.8,70,A
538002652,2020-08-20T21:09:52,36.87942,-76.32648,0.0,340.0,276.0,NAIAS,IMO9330800,V7KN8,70,5,225,32,14.0,70,A
366733250,2020-08-20T20:44:42,37.19959,-76.27264,2.7,306.9,511.0,ATLANTIC SURVEYOR,,WTR5417,70,15,31,7,,,A
367932000,2020-08-20T21:09:09,36.94916,-76.32969,0.0,107.0,279.0,JOHN LENTHALL,IMO8325547,NJLN,80,5,193,29,,,A
367821000,2020-08-20T21:18:57,36.97283,-76.43366,0.0,0.0,511.0,YANO,IMO7825409,NAQH,70,0,276,32,13.0,70,A
367822000,2020-08-20T21:23:56,36.97312,-76.43381,0.0,0.0,238.0,USNS SHUGHART,IMO7825394,NAOQ,70,5,276,32,13.0,70,A
367821000,2020-08-20T21:10:17,36.97283,-76.43365,0.0,0.0,511.0,YANO,IMO7825409,NAQH,70,0,276,32,13.0,70,A
305855000,2020-08-20T21:23:49,36.86427,-76.31478,0.0,351.9,226.0,BBC PEARL,IMO9504786,V2FY8,70,5,153,23,9.1,70,A
369390000,2020-08-20T21:24:06,36.87097,-76.34822,0.0,7.0,347.0,SAFMARINE MAFADI,IMO9314210,KRIJ,70,5,292,32,11.8,70,A
538006982,2020-08-20T21:11:16,36.96260,-76.42365,0.0,177.0,40.0,ANTE TOPIC,IMO9737072,V7TR4,70,5,,,,,A
538006982,2020-08-20T20:47:16,36.96254,-76.42365,0.0,177.0,40.0,ANTE TOPIC,IMO9737072,V7TR4,70,5,,,,,A
477738200,2020-08-20T21:24:37,36.87769,-76.34967,0.0,20.2,347.0,COSCO PHILIPPINES,IMO9448762,VRGM7,70,5,334,42,14.5,72,A
215677000,2020-08-20T21:10:50,36.96291,-76.42420,0.0,147.3,39.0,RIZE,IMO9584035,9HA2781,70,5,229,32,14.5,,A
215677000,2020-08-20T20:51:43,36.96132,-76.42508,1.2,0.9,3.0,RIZE,IMO9584035,9HA2781,70,0,229,32,14.5,,A
366733250,2020-08-20T20:47:02,37.20063,-76.27445,2.8,304.7,511.0,ATLANTIC SURVEYOR,,WTR5417,70,15,31,7,,,A
366839000,2020-08-20T20:52:10,36.85350,-76.31080,0.0,0.0,39.0,CAPE RISE,IMO7530808,KAFG,70,5,197,32,10.0,,A
367821000,2020-08-20T21:22:27,36.97282,-76.43366,0.0,0.0,511.0,YANO,IMO7825409,NAQH,70,0,276,32,13.0,70,A
305855000,2020-08-20T20:47:46,36.86427,-76.31474,0.0,146.1,226.0,BBC PEARL,IMO9504786,V2FY8,70,5,153,23,9.1,70,A
369390000,2020-08-20T21:18:05,36.87096,-76.34820,0.0,26.0,347.0,SAFMARINE MAFADI,IMO9314210,KRIJ,70,5,292,32,11.8,70,A
369390000,2020-08-20T20:48:05,36.87100,-76.34817,0.0,183.0,347.0,SAFMARINE MAFADI,IMO9314210,KRIJ,70,5,292,32,11.8,70,A
477738200,2020-08-20T20:48:39,36.87744,-76.34963,0.0,274.7,347.0,COSCO PHILIPPINES,IMO9448762,VRGM7,70,5,334,42,14.5,72,A
367822000,2020-08-20T20:50:55,36.97312,-76.43383,0.0,0.0,238.0,USNS SHUGHART,IMO7825394,NAOQ,70,5,276,32,13.0,70,A
367822000,2020-08-20T21:17:56,36.97313,-76.43381,0.0,0.0,238.0,USNS SHUGHART,IMO7825394,NAOQ,70,5,276,32,13.0,70,A
367359930,2020-08-20T21:23:02,36.82404,-76.28906,0.0,299.8,511.0,SUNNY WILLIAMS,,WDE4940,80,0,25,8,,80,A
353554000,2020-08-20T21:18:01,37.10455,-76.12079,12.4,149.3,147.0,MEDI SEGESTA,IMO9403164,3FCG6,70,0,190,32,12.8,70,A
477738200,2020-08-20T20:51:39,36.87742,-76.34969,0.0,274.7,347.0,COSCO PHILIPPINES,IMO9448762,VRGM7,70,5,334,42,14.5,72,A
368026000,2020-08-20T20:51:21,36.86576,-76.31603,0.0,270.5,2.0,BENAVIDEZ,IMO9218210,NBHG,70,5,289,32,10.9,70,A
366733250,2020-08-20T20:53:52,37.20396,-76.27971,2.9,315.0,511.0,ATLANTIC SURVEYOR,,WTR5417,70,15,31,7,,,A
366733250,2020-08-20T21:23:02,37.21986,-76.30144,3.5,303.9,511.0,ATLANTIC SURVEYOR,,WTR5417,70,15,31,7,,,A
366733250,2020-08-20T21:26:02,37.22159,-76.30449,3.6,307.1,511.0,ATLANTIC SURVEYOR,,WTR5417,70,15,31,7,,,A
353554000,2020-08-20T21:26:42,37.07867,-76.10187,12.4,150.2,148.0,MEDI SEGESTA,IMO9403164,3FCG6,70,0,190,32,12.8,70,A
538006982,2020-08-20T21:26:16,36.96262,-76.42363,0.1,168.6,40.0,ANTE TOPIC,IMO9737072,V7TR4,70,5,,,,,A
538002652,2020-08-20T20:51:50,36.87943,-76.32638,0.0,300.0,276.0,NAIAS,IMO9330800,V7KN8,70,5,225,32,14.0,70,A
477738200,2020-08-20T21:27:37,36.87744,-76.34983,0.0,39.1,347.0,COSCO PHILIPPINES,IMO9448762,VRGM7,70,5,334,42,14.5,72,A
367821000,2020-08-20T21:28:27,36.97282,-76.43367,0.0,0.0,511.0,YANO,IMO7825409,NAQH,70,0,276,32,13.0,70,A
367932000,2020-08-20T21:24:08,36.94911,-76.32971,0.0,107.0,279.0,JOHN LENTHALL,IMO8325547,NJLN,80,5,193,29,,,A
367821000,2020-08-20T20:51:07,36.97283,-76.43367,0.0,0.0,511.0,YANO,IMO7825409,NAQH,70,0,276,32,13.0,70,A
367821000,2020-08-20T20:53:18,36.97283,-76.43367,0.0,0.0,511.0,YANO,IMO7825409,NAQH,70,0,276,32,13.0,70,A
366733250,2020-08-20T21:27:41,37.22250,-76.30605,2.8,302.9,511.0,ATLANTIC SURVEYOR,,WTR5417,70,15,31,7,,,A
367932000,2020-08-20T21:27:09,36.94913,-76.32973,0.0,107.0,279.0,JOHN LENTHALL,IMO8325547,NJLN,80,5,193,29,,,A
477196100,2020-08-20T20:51:53,37.19416,-76.13574,0.2,260.6,23.0,DARYA MA,IMO9591674,VRJH5,70,1,229,32,14.5,,A
338403000,2020-08-20T21:16:28,36.92474,-76.32975,0.0,121.6,355.0,MAERSK HARTFORD,IMO9333008,WMHA,70,5,299,40,14.5,,A
353554000,2020-08-20T20:54:42,37.17660,-76.15411,11.0,174.1,172.0,MEDI SEGESTA,IMO9403164,3FCG6,70,0,190,32,12.8,70,A
538006982,2020-08-20T21:23:16,36.96264,-76.42364,0.0,344.6,40.0,ANTE TOPIC,IMO9737072,V7TR4,70,5,,,,,A
305855000,2020-08-20T20:53:46,36.86427,-76.31476,0.0,146.1,226.0,BBC PEARL,IMO9504786,V2FY8,70,5,153,23,9.1,70,A
367821000,2020-08-20T21:23:48,36.97282,-76.43367,0.0,0.0,511.0,YANO,IMO7825409,NAQH,70,0,276,32,13.0,70,A
353554000,2020-08-20T21:30:21,37.06753,-76.09441,12.4,152.2,148.0,MEDI SEGESTA,IMO9403164,3FCG6,70,0,190,32,12.8,70,A
366839000,2020-08-20T21:25:08,36.85347,-76.31080,0.0,0.0,39.0,CAPE RISE,IMO7530808,KAFG,70,5,197,32,10.0,,A
367359930,2020-08-20T21:29:51,36.82405,-76.28905,0.0,299.6,511.0,SUNNY WILLIAMS,,WDE4940,80,0,25,8,,80,A
366733250,2020-08-20T21:24:52,37.22093,-76.30332,3.6,302.5,511.0,ATLANTIC SURVEYOR,,WTR5417,70,15,31,7,,,A
538002652,2020-08-20T21:24:49,36.87937,-76.32637,0.0,47.0,276.0,NAIAS,IMO9330800,V7KN8,70,5,225,32,14.0,70,A
369390000,2020-08-20T21:30:04,36.87100,-76.34833,0.0,248.0,347.0,SAFMARINE MAFADI,IMO9314210,KRIJ,70,5,292,32,11.8,70,A
367932000,2020-08-20T20:54:09,36.94920,-76.32965,0.0,107.0,279.0,JOHN LENTHALL,IMO8325547,NJLN,80,5,193,29,,,A
367932000,2020-08-20T21:30:09,36.94917,-76.32967,0.0,107.0,279.0,JOHN LENTHALL,IMO8325547,NJLN,80,5,193,29,,,A
366733250,2020-08-20T20:56:42,37.20549,-76.28160,2.7,317.0,511.0,ATLANTIC SURVEYOR,,WTR5417,70,15,31,7,,,A
366733250,2020-08-20T20:59:31,37.20702,-76.28341,2.6,319.4,511.0,ATLANTIC SURVEYOR,,WTR5417,70,15,31,7,,,A
215677000,2020-08-20T21:25:52,36.96291,-76.42421,0.0,147.3,40.0,RIZE,IMO9584035,9HA2781,70,5,229,32,14.5,,A
367359930,2020-08-20T21:27:32,36.82406,-76.28907,0.0,306.7,511.0,SUNNY WILLIAMS,,WDE4940,80,0,25,8,,80,A
366733250,2020-08-20T21:31:31,37.22381,-76.30858,2.1,300.1,511.0,ATLANTIC SURVEYOR,,WTR5417,70,15,31,7,,,A
366733250,2020-08-20T21:33:02,37.22428,-76.30955,2.2,297.6,511.0,ATLANTIC SURVEYOR,,WTR5417,70,15,31,7,,,A
367861000,2020-08-20T21:33:00,36.94634,-76.32980,0.0,0.0,265.0,LARAMIE,IMO8906626,NLAR,80,5,193,29,,,A
353554000,2020-08-20T21:33:01,37.06004,-76.08795,12.3,143.4,141.0,MEDI SEGESTA,IMO9403164,3FCG6,70,0,190,32,12.8,70,A
538006982,2020-08-20T20:59:16,36.96259,-76.42367,0.0,177.0,40.0,ANTE TOPIC,IMO9737072,V7TR4,70,5,,,,,A
369390000,2020-08-20T21:27:06,36.87084,-76.34811,0.0,329.0,347.0,SAFMARINE MAFADI,IMO9314210,KRIJ,70,5,292,32,11.8,70,A
477738200,2020-08-20T20:57:39,36.87758,-76.34988,0.1,17.7,347.0,COSCO PHILIPPINES,IMO9448762,VRGM7,70,5,334,42,14.5,72,A
338403000,2020-08-20T20:58:25,36.92482,-76.32976,0.0,355.4,355.0,MAERSK HARTFORD,IMO9333008,WMHA,70,5,299,40,14.5,,A
477196100,2020-08-20T21:33:53,37.19408,-76.13532,0.1,263.2,25.0,DARYA MA,IMO9591674,VRJH5,70,1,229,32,14.5,,A
366733250,2020-08-20T21:21:52,37.21920,-76.30030,3.5,308.2,511.0,ATLANTIC SURVEYOR,,WTR5417,70,15,31,7,,,A
369390000,2020-08-20T21:00:05,36.87100,-76.34833,0.0,359.0,347.0,SAFMARINE MAFADI,IMO9314210,KRIJ,70,5,292,32,11.8,70,A
367861000,2020-08-20T21:00:00,36.94631,-76.32971,0.0,0.0,265.0,LARAMIE,IMO8906626,NLAR,80,5,193,29,,,A
353554000,2020-08-20T20:57:42,37.16714,-76.15264,11.6,172.4,171.0,MEDI SEGESTA,IMO9403164,3FCG6,70,0,190,32,12.8,70,A
367821000,2020-08-20T21:00:07,36.97283,-76.43366,0.0,0.0,511.0,YANO,IMO7825409,NAQH,70,0,276,32,13.0,70,A
366733250,2020-08-20T21:34:42,37.22476,-76.31066,2.2,294.6,511.0,ATLANTIC SURVEYOR,,WTR5417,70,15,31,7,,,A
338403000,2020-08-20T21:22:27,36.92470,-76.32973,0.0,121.6,355.0,MAERSK HARTFORD,IMO9333008,WMHA,70,5,299,40,14.5,,A
368026000,2020-08-20T21:27:21,36.86576,-76.31602,0.1,270.5,2.0,BENAVIDEZ,IMO9218210,NBHG,70,5,289,32,10.9,70,A
215677000,2020-08-20T21:28:50,36.96292,-76.42419,0.0,147.3,40.0,RIZE,IMO9584035,9HA2781,70,5,229,32,14.5,,A
353554000,2020-08-20T21:31:31,37.06414,-76.09174,12.3,144.8,141.0,MEDI SEGESTA,IMO9403164,3FCG6,70,0,190,32,12.8,70,A
367821000,2020-08-20T21:34:48,36.97282,-76.43367,0.0,0.0,511.0,YANO,IMO7825409,NAQH,70,0,276,32,13.0,70,A
353554000,2020-08-20T21:29:01,37.07163,-76.09709,12.4,151.9,150.0,MEDI SEGESTA,IMO9403164,3FCG6,70,0,190,32,12.8,70,A
538006982,2020-08-20T21:35:16,36.96259,-76.42364,0.0,183.6,40.0,ANTE TOPIC,IMO9737072,V7TR4,70,5,,,,,A
477738200,2020-08-20T21:33:40,36.87748,-76.34998,0.1,48.8,347.0,COSCO PHILIPPINES,IMO9448762,VRGM7,70,5,334,42,14.5,72,A
367359930,2020-08-20T21:01:21,36.82403,-76.28906,0.0,284.1,511.0,SUNNY WILLIAMS,,WDE4940,80,0,25,8,,80,A
477738200,2020-08-20T21:36:38,36.87772,-76.34995,0.1,64.4,347.0,COSCO PHILIPPINES,IMO9448762,VRGM7,70,5,334,42,14.5,72,A
367359930,2020-08-20T21:02:33,36.82406,-76.28905,0.0,278.0,511.0,SUNNY WILLIAMS,,WDE4940,80,0,25,8,,80,A
538002652,2020-08-20T21:33:51,36.87937,-76.32665,0.0,47.0,276.0,NAIAS,IMO9330800,V7KN8,70,5,225,32,14.0,70,A
215677000,2020-08-20T21:37:53,36.96290,-76.42421,0.1,147.3,40.0,RIZE,IMO9584035,9HA2781,70,5,229,32,14.5,,A
367932000,2020-08-20T21:36:08,36.94916,-76.32964,0.0,107.0,279.0,JOHN LENTHALL,IMO8325547,NJLN,80,5,193,29,,,A
353554000,2020-08-20T21:02:21,37.15181,-76.15017,12.2,171.8,171.0,MEDI SEGESTA,IMO9403164,3FCG6,70,0,190,32,12.8,70,A
367359930,2020-08-20T21:40:02,36.82405,-76.28904,0.0,300.8,511.0,SUNNY WILLIAMS,,WDE4940,80,0,25,8,,80,A
477196100,2020-08-20T21:36:56,37.19398,-76.13524,0.2,118.9,23.0,DARYA MA,IMO9591674,VRJH5,70,1,229,32,14.5,,A
353554000,2020-08-20T21:25:31,37.08224,-76.10446,12.4,150.2,148.0,MEDI SEGESTA,IMO9403164,3FCG6,70,0,190,32,12.8,70,A
338403000,2020-08-20T21:25:24,36.92480,-76.32973,0.0,355.3,355.0,MAERSK HARTFORD,IMO9333008,WMHA,70,5,299,40,14.5,,A
338403000,2020-08-20T21:31:25,36.92481,-76.32983,0.0,121.6,355.0,MAERSK HARTFORD,IMO9333008,WMHA,70,5,299,40,14.5,,A
477196100,2020-08-20T21:30:58,37.19412,-76.13526,0.1,283.5,18.0,DARYA MA,IMO9591674,VRJH5,70,1,229,32,14.5,,A
215677000,2020-08-20T21:31:48,36.96291,-76.42422,0.1,147.3,40.0,RIZE,IMO9584035,9HA2781,70,5,229,32,14.5,,A
538006982,2020-08-20T21:05:16,36.96258,-76.42367,0.0,177.0,40.0,ANTE TOPIC,IMO9737072,V7TR4,70,5,,,,,A
538006982,2020-08-20T21:38:16,36.96254,-76.42368,0.1,189.8,40.0,ANTE TOPIC,IMO9737072,V7TR4,70,5,,,,,A
366733250,2020-08-20T21:37:42,37.22560,-76.31273,2.3,297.3,511.0,ATLANTIC SURVEYOR,,WTR5417,70,15,31,7,,,A
367821000,2020-08-20T21:27:18,36.97282,-76.43367,0.0,0.0,511.0,YANO,IMO7825409,NAQH,70,0,276,32,13.0,70,A
338403000,2020-08-20T21:28:29,36.92481,-76.32975,0.0,121.6,355.0,MAERSK HARTFORD,IMO9333008,WMHA,70,5,299,40,14.5,,A
366733250,2020-08-20T21:42:32,37.22696,-76.31610,2.2,296.0,511.0,ATLANTIC SURVEYOR,,WTR5417,70,15,31,7,,,A
538006982,2020-08-20T21:29:16,36.96262,-76.42367,0.0,175.0,40.0,ANTE TOPIC,IMO9737072,V7TR4,70,5,,,,,A
367821000,2020-08-20T21:04:38,36.97285,-76.43363,0.0,0.0,511.0,YANO,IMO7825409,NAQH,70,0,276,32,13.0,70,A
367821000,2020-08-20T21:30:28,36.97282,-76.43367,0.0,0.0,511.0,YANO,IMO7825409,NAQH,70,0,276,32,13.0,70,A
367821000,2020-08-20T21:39:28,36.97281,-76.43369,0.0,0.0,511.0,YANO,IMO7825409,NAQH,70,0,276,32,13.0,70,A
353554000,2020-08-20T21:41:21,37.03726,-76.06610,12.5,142.5,140.0,MEDI SEGESTA,IMO9403164,3FCG6,70,0,190,32,12.8,70,A
353554000,2020-08-20T21:27:51,37.07524,-76.09948,12.4,152.2,150.0,MEDI SEGESTA,IMO9403164,3FCG6,70,0,190,32,12.8,70,A
369390000,2020-08-20T21:33:05,36.87095,-76.34832,0.0,246.0,347.0,SAFMARINE MAFADI,IMO9314210,KRIJ,70,5,292,32,11.8,70,A
338403000,2020-08-20T21:40:22,36.92480,-76.32970,0.0,355.3,355.0,MAERSK HARTFORD,IMO9333008,WMHA,70,5,299,40,14.5,,A
366839000,2020-08-20T21:40:09,36.85351,-76.31082,0.0,0.0,39.0,CAPE RISE,IMO7530808,KAFG,70,5,197,32,10.0,,A
367359930,2020-08-20T21:05:02,36.82405,-76.28908,0.1,286.8,511.0,SUNNY WILLIAMS,,WDE4940,80,0,25,8,,80,A
367359930,2020-08-20T21:31:12,36.82404,-76.28905,0.0,303.4,511.0,SUNNY WILLIAMS,,WDE4940,80,0,25,8,,80,A
366733250,2020-08-20T21:06:52,37.21097,-76.28811,2.6,316.3,511.0,ATLANTIC SURVEYOR,,WTR5417,70,15,31,7,,,A
369390000,2020-08-20T21:39:06,36.87098,-76.34824,0.0,5.0,347.0,SAFMARINE MAFADI,IMO9314210,KRIJ,70,5,292,32,11.8,70,A
366733250,2020-08-20T21:08:12,37.21167,-76.28897,2.7,315.7,511.0,ATLANTIC SURVEYOR,,WTR5417,70,15,31,7,,,A
538006982,2020-08-20T21:08:16,36.96261,-76.42369,0.0,177.0,40.0,ANTE TOPIC,IMO9737072,V7TR4,70,5,,,,,A
367821000,2020-08-20T21:08:07,36.97283,-76.43365,0.0,0.0,511.0,YANO,IMO7825409,NAQH,70,0,276,32,13.0,70,A
538006982,2020-08-20T21:44:16,36.96257,-76.42367,0.1,179.7,40.0,ANTE TOPIC,IMO9737072,V7TR4,70,5,,,,,A
353554000,2020-08-20T21:05:42,37.14102,-76.14636,11.9,153.4,149.0,MEDI SEGESTA,IMO9403164,3FCG6,70,0,190,32,12.8,70,A
369390000,2020-08-20T21:36:05,36.87083,-76.34817,0.0,191.0,347.0,SAFMARINE MAFADI,IMO9314210,KRIJ,70,5,292,32,11.8,70,A
215677000,2020-08-20T21:34:51,36.96292,-76.42421,0.0,147.3,40.0,RIZE,IMO9584035,9HA2781,70,5,229,32,14.5,,A
367821000,2020-08-20T21:09:08,36.97283,-76.43365,0.0,0.0,511.0,YANO,IMO7825409,NAQH,70,0,276,32,13.0,70,A
477196100,2020-08-20T21:06:51,37.19416,-76.13571,0.0,265.4,30.0,DARYA MA,IMO9591674,VRJH5,70,1,229,32,14.5,,A
367932000,2020-08-20T21:06:08,36.94914,-76.32966,0.0,107.0,279.0,JOHN LENTHALL,IMO8325547,NJLN,80,5,193,29,,,A
369390000,2020-08-20T21:45:04,36.87083,-76.34817,0.0,273.0,347.0,SAFMARINE MAFADI,IMO9314210,KRIJ,70,5,292,32,11.8,70,A
477738200,2020-08-20T21:45:37,36.87745,-76.35000,0.0,208.5,347.0,COSCO PHILIPPINES,IMO9448762,VRGM7,70,5,334,42,14.5,72,A
353554000,2020-08-20T21:06:50,37.13761,-76.14419,12.0,153.2,149.0,MEDI SEGESTA,IMO9403164,3FCG6,70,0,190,32,12.8,70,A
368026000,2020-08-20T21:45:20,36.86575,-76.31605,0.0,270.5,2.0,BENAVIDEZ,IMO9218210,NBHG,70,5,289,32,10.9,70,A
367821000,2020-08-20T21:33:38,36.97282,-76.43365,0.0,0.0,511.0,YANO,IMO7825409,NAQH,70,0,276,32,13.0,70,A
367932000,2020-08-20T21:48:07,36.94911,-76.32956,0.0,107.0,279.0,JOHN LENTHALL,IMO8325547,NJLN,80,5,193,29,,,A
477738200,2020-08-20T21:09:40,36.87752,-76.34983,0.0,273.0,347.0,COSCO PHILIPPINES,IMO9448762,VRGM7,70,5,334,42,14.5,72,A
367359930,2020-08-20T21:11:03,36.82404,-76.28907,0.0,305.2,511.0,SUNNY WILLIAMS,,WDE4940,80,0,25,8,,80,A
305855000,2020-08-20T21:47:48,36.86427,-76.31475,0.0,177.1,226.0,BBC PEARL,IMO9504786,V2FY8,70,5,153,23,9.1,70,A
215677000,2020-08-20T21:07:50,36.96291,-76.42420,0.0,147.3,39.0,RIZE,IMO9584035,9HA2781,70,5,229,32,14.5,,A
305855000,2020-08-20T21:41:48,36.86427,-76.31476,0.0,191.5,226.0,BBC PEARL,IMO9504786,V2FY8,70,5,153,23,9.1,70,A
367359930,2020-08-20T21:42:22,36.82404,-76.28903,0.0,288.5,511.0,SUNNY WILLIAMS,,WDE4940,80,0,25,8,,80,A
477738200,2020-08-20T21:42:39,36.87743,-76.34981,0.1,195.2,347.0,COSCO PHILIPPINES,IMO9448762,VRGM7,70,5,334,42,14.5,72,A
367822000,2020-08-20T21:32:55,36.97313,-76.43382,0.0,0.0,238.0,USNS SHUGHART,IMO7825394,NAOQ,70,5,276,32,13.0,70,A
367822000,2020-08-20T21:38:55,36.97313,-76.43382,0.0,0.0,238.0,USNS SHUGHART,IMO7825394,NAOQ,70,5,276,32,13.0,70,A
369390000,2020-08-20T21:09:04,36.87087,-76.34821,0.0,319.0,347.0,SAFMARINE MAFADI,IMO9314210,KRIJ,70,5,292,32,11.8,70,A
367861000,2020-08-20T21:09:01,36.94638,-76.32977,0.0,0.0,265.0,LARAMIE,IMO8906626,NLAR,80,5,193,29,,,A
369390000,2020-08-20T21:48:06,36.87091,-76.34817,0.0,267.0,347.0,SAFMARINE MAFADI,IMO9314210,KRIJ,70,5,292,32,11.8,70,A
538002652,2020-08-20T21:39:51,36.87950,-76.32653,0.0,63.0,276.0,NAIAS,IMO9330800,V7KN8,70,5,225,32,14.0,70,A
366839000,2020-08-20T21:43:04,36.85348,-76.31082,0.0,0.0,39.0,CAPE RISE,IMO7530808,KAFG,70,5,197,32,10.0,,A
477738200,2020-08-20T21:39:39,36.87749,-76.34995,0.0,23.1,347.0,COSCO PHILIPPINES,IMO9448762,VRGM7,70,5,334,42,14.5,72,A
338403000,2020-08-20T21:10:26,36.92483,-76.32971,0.0,355.4,355.0,MAERSK HARTFORD,IMO9333008,WMHA,70,5,299,40,14.5,,A
367359930,2020-08-20T21:12:11,36.82404,-76.28906,0.0,309.7,511.0,SUNNY WILLIAMS,,WDE4940,80,0,25,8,,80,A
367932000,2020-08-20T21:39:07,36.94913,-76.32975,0.0,107.0,279.0,JOHN LENTHALL,IMO8325547,NJLN,80,5,193,29,,,A
338403000,2020-08-20T21:46:27,36.92480,-76.32968,0.0,121.6,355.0,MAERSK HARTFORD,IMO9333008,WMHA,70,5,299,40,14.5,,A
338403000,2020-08-20T21:43:26,36.92484,-76.32970,0.0,355.3,355.0,MAERSK HARTFORD,IMO9333008,WMHA,70,5,299,40,14.5,,A
367822000,2020-08-20T21:35:56,36.97313,-76.43382,0.0,0.0,238.0,USNS SHUGHART,IMO7825394,NAOQ,70,5,276,32,13.0,70,A
366733250,2020-08-20T21:45:52,37.22789,-76.31842,2.2,295.9,511.0,ATLANTIC SURVEYOR,,WTR5417,70,15,31,7,,,A
366733250,2020-08-20T21:35:53,37.22508,-76.31146,2.2,294.8,511.0,ATLANTIC SURVEYOR,,WTR5417,70,15,31,7,,,A
367821000,2020-08-20T21:45:28,36.97281,-76.43367,0.0,0.0,511.0,YANO,IMO7825409,NAQH,70,0,276,32,13.0,70,A
367359930,2020-08-20T21:35:33,36.82406,-76.28905,0.0,294.6,511.0,SUNNY WILLIAMS,,WDE4940,80,0,25,8,,80,A
477738200,2020-08-20T21:48:37,36.87753,-76.34990,0.1,216.3,347.0,COSCO PHILIPPINES,IMO9448762,VRGM7,70,5,334,42,14.5,72,A
367821000,2020-08-20T21:14:08,36.97283,-76.43365,0.0,0.0,511.0,YANO,IMO7825409,NAQH,70,0,276,32,13.0,70,A
353554000,2020-08-20T21:37:31,37.04775,-76.07626,12.3,142.1,140.0,MEDI SEGESTA,IMO9403164,3FCG6,70,0,190,32,12.8,70,A
367821000,2020-08-20T21:12:57,36.97283,-76.43365,0.0,0.0,511.0,YANO,IMO7825409,NAQH,70,0,276,32,13.0,70,A
538002652,2020-08-20T21:36:52,36.87943,-76.32647,0.0,55.0,276.0,NAIAS,IMO9330800,V7KN8,70,5,225,32,14.0,70,A
367821000,2020-08-20T21:37:08,36.97281,-76.43368,0.0,0.0,511.0,YANO,IMO7825409,NAQH,70,0,276,32,13.0,70,A
367822000,2020-08-20T21:44:54,36.97313,-76.43378,0.0,0.0,238.0,USNS SHUGHART,IMO7825394,NAOQ,70,5,276,32,13.0,70,A
367822000,2020-08-20T21:47:55,36.97313,-76.43381,0.0,0.0,238.0,USNS SHUGHART,IMO7825394,NAOQ,70,5,276,32,13.0,70,A
368026000,2020-08-20T21:42:21,36.86575,-76.31606,0.0,270.5,2.0,BENAVIDEZ,IMO9218210,NBHG,70,5,289,32,10.9,70,A
367359930,2020-08-20T21:14:43,36.82404,-76.28905,0.0,306.5,511.0,SUNNY WILLIAMS,,WDE4940,80,0,25,8,,80,A
477196100,2020-08-20T21:12:54,37.19412,-76.13556,0.2,112.3,31.0,DARYA MA,IMO9591674,VRJH5,70,1,229,32,14.5,,A
215677000,2020-08-20T21:49:54,36.96290,-76.42419,0.0,147.3,40.0,RIZE,IMO9584035,9HA2781,70,5,229,32,14.5,,A
367821000,2020-08-20T21:51:47,36.97282,-76.43367,0.0,0.0,511.0,YANO,IMO7825409,NAQH,70,0,276,32,13.0,70,A
538002652,2020-08-20T21:48:51,36.87943,-76.32657,0.0,29.0,276.0,NAIAS,IMO9330800,V7KN8,70,5,225,32,14.0,70,A
538002652,2020-08-20T21:42:51,36.87937,-76.32662,0.0,152.0,276.0,NAIAS,IMO9330800,V7KN8,70,5,225,32,14.0,70,A
366839000,2020-08-20T21:49:07,36.85348,-76.31080,0.0,0.0,39.0,CAPE RISE,IMO7530808,KAFG,70,5,197,32,10.0,,A
367359930,2020-08-20T21:44:13,36.82408,-76.28906,0.0,282.0,511.0,SUNNY WILLIAMS,,WDE4940,80,0,25,8,,80,A
366733250,2020-08-20T21:14:31,37.21503,-76.29342,3.0,314.8,511.0,ATLANTIC SURVEYOR,,WTR5417,70,15,31,7,,,A
367359930,2020-08-20T21:52:22,36.82404,-76.28906,0.0,233.2,511.0,SUNNY WILLIAMS,,WDE4940,80,0,25,8,,80,A
215677000,2020-08-20T21:13:52,36.96290,-76.42417,0.0,147.3,39.0,RIZE,IMO9584035,9HA2781,70,5,229,32,14.5,,A
538006982,2020-08-20T21:50:16,36.96255,-76.42363,0.1,181.2,40.0,ANTE TOPIC,IMO9737072,V7TR4,70,5,,,,,A
538006982,2020-08-20T21:14:16,36.96260,-76.42364,0.0,177.0,40.0,ANTE TOPIC,IMO9737072,V7TR4,70,5,,,,,A
338403000,2020-08-20T21:52:21,36.92483,-76.32975,0.0,355.2,355.0,MAERSK HARTFORD,IMO9333008,WMHA,70,5,299,40,14.5,,A
367861000,2020-08-20T21:39:00,36.94638,-76.32977,0.0,0.0,265.0,LARAMIE,IMO8906626,NLAR,80,5,193,29,,,A
368026000,2020-08-20T21:39:20,36.86577,-76.31604,0.0,270.5,2.0,BENAVIDEZ,IMO9218210,NBHG,70,5,289,32,10.9,70,A
367821000,2020-08-20T21:15:17,36.97283,-76.43365,0.0,0.0,511.0,YANO,IMO7825409,NAQH,70,0,276,32,13.0,70,A
366733250,2020-08-20T21:16:12,37.21596,-76.29484,3.3,308.2,511.0,ATLANTIC SURVEYOR,,WTR5417,70,15,31,7,,,A
367359930,2020-08-20T21:47:22,36.82405,-76.28905,0.0,246.9,511.0,SUNNY WILLIAMS,,WDE4940,80,0,25,8,,80,A
368026000,2020-08-20T21:15:21,36.86574,-76.31601,0.0,270.5,2.0,BENAVIDEZ,IMO9218210,NBHG,70,5,289,32,10.9,70,A
538002652,2020-08-20T21:15:52,36.87940,-76.32647,0.0,336.0,276.0,NAIAS,IMO9330800,V7KN8,70,5,225,32,14.0,70,A
367359930,2020-08-20T21:41:13,36.82404,-76.28903,0.0,296.2,511.0,SUNNY WILLIAMS,,WDE4940,80,0,25,8,,80,A
538002652,2020-08-20T21:45:52,36.87950,-76.32653,0.0,29.0,276.0,NAIAS,IMO9330800,V7KN8,70,5,225,32,14.0,70,A
477196100,2020-08-20T21:45:55,37.19413,-76.13540,0.2,295.0,23.0,DARYA MA,IMO9591674,VRJH5,70,1,229,32,14.5,,A
538006982,2020-08-20T21:17:16,36.96261,-76.42366,0.0,177.0,40.0,ANTE TOPIC,IMO9737072,V7TR4,70,5,,,,,A
305855000,2020-08-20T21:54:29,36.86429,-76.31476,0.1,191.9,226.0,BBC PEARL,IMO9504786,V2FY8,70,0,153,23,9.1,70,A
366733250,2020-08-20T21:49:02,37.22875,-76.32064,2.3,299.0,511.0,ATLANTIC SURVEYOR,,WTR5417,70,15,31,7,,,A
538006982,2020-08-20T21:47:16,36.96256,-76.42365,0.1,176.8,40.0,ANTE TOPIC,IMO9737072,V7TR4,70,5,,,,,A
367359930,2020-08-20T21:18:13,36.82403,-76.28906,0.0,300.4,511.0,SUNNY WILLIAMS,,WDE4940,80,0,25,8,,80,A
538006982,2020-08-20T21:53:16,36.96258,-76.42363,0.1,178.9,40.0,ANTE TOPIC,IMO9737072,V7TR4,70,5,,,,,A
477196100,2020-08-20T21:54:56,37.19407,-76.13508,0.1,98.6,20.0,DARYA MA,IMO9591674,VRJH5,70,1,229,32,14.5,,A
366733250,2020-08-20T21:50:52,37.22931,-76.32193,2.3,298.0,511.0,ATLANTIC SURVEYOR,,WTR5417,70,15,31,7,,,A
366733250,2020-08-20T21:18:31,37.21730,-76.29699,3.4,306.4,511.0,ATLANTIC SURVEYOR,,WTR5417,70,15,31,7,,,A
367359930,2020-08-20T21:19:52,36.82403,-76.28907,0.0,303.2,511.0,SUNNY WILLIAMS,,WDE4940,80,0,25,8,,80,A
366839000,2020-08-20T21:19:09,36.85346,-76.31082,0.0,0.0,39.0,CAPE RISE,IMO7530808,KAFG,70,5,197,32,10.0,,A
353554000,2020-08-20T21:16:51,37.10798,-76.12337,12.4,149.8,147.0,MEDI SEGESTA,IMO9403164,3FCG6,70,0,190,32,12.8,70,A
369390000,2020-08-20T21:51:04,36.87100,-76.34817,0.0,265.0,347.0,SAFMARINE MAFADI,IMO9314210,KRIJ,70,5,292,32,11.8,70,A
538002652,2020-08-20T21:54:51,36.87957,-76.32637,0.0,196.0,276.0,NAIAS,IMO9330800,V7KN8,70,5,225,32,14.0,70,A
366733250,2020-08-20T21:17:22,37.21663,-76.29589,3.4,308.2,511.0,ATLANTIC SURVEYOR,,WTR5417,70,15,31,7,,,A
366733250,2020-08-20T21:19:32,37.21786,-76.29799,3.4,305.0,511.0,ATLANTIC SURVEYOR,,WTR5417,70,15,31,7,,,A
305855000,2020-08-20T21:17:48,36.86427,-76.31477,0.0,47.6,226.0,BBC PEARL,IMO9504786,V2FY8,70,5,153,23,9.1,70,A
367932000,2020-08-20T21:51:07,36.94914,-76.32961,0.0,107.0,279.0,JOHN LENTHALL,IMO8325547,NJLN,80,5,193,29,,,A
338403000,2020-08-20T21:19:24,36.92479,-76.32973,0.0,121.6,355.0,MAERSK HARTFORD,IMO9333008,WMHA,70,5,299,40,14.5,,A
477196100,2020-08-20T21:51:54,37.19407,-76.13527,0.2,110.5,27.0,DARYA MA,IMO9591674,VRJH5,70,1,229,32,14.5,,A
367359930,2020-08-20T21:54:22,36.82405,-76.28906,0.0,237.3,511.0,SUNNY WILLIAMS,,WDE4940,80,0,25,8,,80,A
367821000,2020-08-20T21:59:47,36.97281,-76.43367,0.0,0.0,511.0,YANO,IMO7825409,NAQH,70,0,276,32,13.0,70,A
215677000,2020-08-20T21:52:53,36.96289,-76.42421,0.0,147.3,40.0,RIZE,IMO9584035,9HA2781,70,5,229,32,14.5,,A
367359930,2020-08-20T21:55:52,36.82406,-76.28906,0.0,232.9,511.0,SUNNY WILLIAMS,,WDE4940,80,0,25,8,,80,A
367822000,2020-08-20T21:59:54,36.97314,-76.43382,0.0,0.0,238.0,USNS SHUGHART,IMO7825394,NAOQ,70,5,276,32,13.0,70,A
367861000,2020-08-20T21:57:00,36.94632,-76.32977,0.0,0.0,265.0,LARAMIE,IMO8906626,NLAR,80,5,193,29,,,A
366839000,2020-08-20T21:58:08,36.85350,-76.31081,0.0,0.0,39.0,CAPE RISE,IMO7530808,KAFG,70,5,197,32,10.0,,A
477738200,2020-08-20T21:54:39,36.87760,-76.35002,0.0,286.2,347.0,COSCO PHILIPPINES,IMO9448762,VRGM7,70,5,334,42,14.5,72,A
477196100,2020-08-20T21:18:56,37.19386,-76.13491,0.2,113.5,10.0,DARYA MA,IMO9591674,VRJH5,70,1,229,32,14.5,,A
367932000,2020-08-20T21:57:09,36.94919,-76.32964,0.0,107.0,279.0,JOHN LENTHALL,IMO8325547,NJLN,80,5,193,29,,,A
367359930,2020-08-20T21:46:13,36.82406,-76.28906,0.0,257.9,511.0,SUNNY WILLIAMS,,WDE4940,80,0,25,8,,80,A
305855000,2020-08-20T21:58:00,36.86416,-76.31520,1.8,236.0,228.0,BBC PEARL,IMO9504786,V2FY8,70,0,153,23,9.1,70,A
477196100,2020-08-20T21:21:54,37.19382,-76.13483,0.1,115.1,4.0,DARYA MA,IMO9591674,VRJH5,70,1,229,32,14.5,,A
538006982,2020-08-20T21:59:16,36.96258,-76.42365,0.1,175.7,40.0,ANTE TOPIC,IMO9737072,V7TR4,70,5,,,,,A
477738200,2020-08-20T21:21:37,36.87769,-76.34968,0.0,220.0,347.0,COSCO PHILIPPINES,IMO9448762,VRGM7,70,5,334,42,14.5,72,A
353554000,2020-08-20T21:19:12,37.10094,-76.11820,12.4,149.9,146.0,MEDI SEGESTA,IMO9403164,3FCG6,70,0,190,32,12.8,70,A
367932000,2020-08-20T21:45:07,36.94922,-76.32958,0.0,107.0,279.0,JOHN LENTHALL,IMO8325547,NJLN,80,5,193,29,,,A
367822000,2020-08-20T21:56:56,36.97314,-76.43382,0.0,0.0,238.0,USNS SHUGHART,IMO7825394,NAOQ,70,5,276,32,13.0,70,A
367822000,2020-08-20T21:53:55,36.97314,-76.43381,0.0,0.0,238.0,USNS SHUGHART,IMO7825394,NAOQ,70,5,276,32,13.0,70,A
338403000,2020-08-20T21:58:21,36.92481,-76.32976,0.0,121.6,355.0,MAERSK HARTFORD,IMO9333008,WMHA,70,5,299,40,14.5,,A
538006982,2020-08-20T21:20:16,36.96265,-76.42368,0.1,345.2,40.0,ANTE TOPIC,IMO9737072,V7TR4,70,5,,,,,A
367359930,2020-08-20T21:24:32,36.82404,-76.28906,0.0,304.9,511.0,SUNNY WILLIAMS,,WDE4940,80,0,25,8,,80,A
305855000,2020-08-20T21:20:46,36.86431,-76.31473,0.0,45.1,226.0,BBC PEARL,IMO9504786,V2FY8,70,5,153,23,9.1,70,A
366733250,2020-08-20T22:01:02,37.23256,-76.32909,2.2,300.5,511.0,ATLANTIC SURVEYOR,,WTR5417,70,15,31,7,,,A
367861000,2020-08-20T21:21:01,36.94639,-76.32974,0.0,0.0,265.0,LARAMIE,IMO8906626,NLAR,80,5,193,29,,,A
369390000,2020-08-20T21:21:05,36.87083,-76.34817,0.0,333.0,347.0,SAFMARINE MAFADI,IMO9314210,KRIJ,70,5,292,32,11.8,70,A
367932000,2020-08-20T21:21:08,36.94916,-76.32965,0.0,107.0,279.0,JOHN LENTHALL,IMO8325547,NJLN,80,5,193,29,,,A
338403000,2020-08-20T22:01:25,36.92478,-76.32978,0.0,121.6,355.0,MAERSK HARTFORD,IMO9333008,WMHA,70,5,299,40,14.5,,A
367821000,2020-08-20T21:24:58,36.97282,-76.43367,0.0,0.0,511.0,YANO,IMO7825409,NAQH,70,0,276,32,13.0,70,A
367821000,2020-08-20T22:01:17,36.97281,-76.43367,0.0,0.0,511.0,YANO,IMO7825409,NAQH,70,0,276,32,13.0,70,A
366733250,2020-08-20T21:58:52,37.23187,-76.32760,2.3,299.0,511.0,ATLANTIC SURVEYOR,,WTR5417,70,15,31,7,,,A
367821000,2020-08-20T22:03:38,36.97281,-76.43368,0.0,0.0,511.0,YANO,IMO7825409,NAQH,70,0,276,32,13.0,70,A
366733250,2020-08-20T22:03:12,37.23329,-76.33057,2.3,302.6,511.0,ATLANTIC SURVEYOR,,WTR5417,70,15,31,7,,,A
367861000,2020-08-20T22:03:00,36.94631,-76.32975,0.0,0.0,265.0,LARAMIE,IMO8906626,NLAR,80,5,193,29,,,A
366839000,2020-08-20T22:01:07,36.85348,-76.31081,0.0,0.0,39.0,CAPE RISE,IMO7530808,KAFG,70,5,197,32,10.0,,A
305855000,2020-08-20T22:03:19,36.86393,-76.32237,5.2,307.1,311.0,BBC PEARL,IMO9504786,V2FY8,70,0,153,23,9.1,70,A
477196100,2020-08-20T21:57:53,37.19410,-76.13507,0.1,98.6,18.0,DARYA MA,IMO9591674,VRJH5,70,1,229,32,14.5,,A
367359930,2020-08-20T21:59:11,36.82406,-76.28907,0.0,236.6,511.0,SUNNY WILLIAMS,,WDE4940,80,0,25,8,,80,A
367861000,2020-08-20T22:00:01,36.94632,-76.32977,0.0,0.0,265.0,LARAMIE,IMO8906626,NLAR,80,5,193,29,,,A
367359930,2020-08-20T22:00:11,36.82405,-76.28908,0.1,234.0,511.0,SUNNY WILLIAMS,,WDE4940,80,0,25,8,,80,A
369390000,2020-08-20T22:00:04,36.87100,-76.34817,0.0,320.0,347.0,SAFMARINE MAFADI,IMO9314210,KRIJ,70,5,292,32,11.8,70,A
215677000,2020-08-20T21:22:51,36.96290,-76.42421,0.0,147.3,40.0,RIZE,IMO9584035,9HA2781,70,5,229,32,14.5,,A
367821000,2020-08-20T22:04:48,36.97281,-76.43368,0.0,0.0,511.0,YANO,IMO7825409,NAQH,70,0,276,32,13.0,70,A
367821000,2020-08-20T21:49:38,36.97282,-76.43367,0.0,0.0,511.0,YANO,IMO7825409,NAQH,70,0,276,32,13.0,70,A
538002652,2020-08-20T22:00:49,36.87945,-76.32663,0.1,197.0,276.0,NAIAS,IMO9330800,V7KN8,70,5,225,32,14.0,70,A
477196100,2020-08-20T21:24:56,37.19392,-76.13490,0.2,308.3,4.0,DARYA MA,IMO9591674,VRJH5,70,1,229,32,14.5,,A
305855000,2020-08-20T22:01:13,36.86270,-76.31905,5.0,264.5,265.0,BBC PEARL,IMO9504786,V2FY8,70,0,153,23,9.1,70,A
367861000,2020-08-20T21:30:01,36.94640,-76.32975,0.0,0.0,265.0,LARAMIE,IMO8906626,NLAR,80,5,193,29,,,A
538006982,2020-08-20T22:02:16,36.96257,-76.42364,0.0,172.0,40.0,ANTE TOPIC,IMO9737072,V7TR4,70,5,,,,,A
367861000,2020-08-20T21:24:01,36.94639,-76.32980,0.0,0.0,265.0,LARAMIE,IMO8906626,NLAR,80,5,193,29,,,A
367932000,2020-08-20T22:06:09,36.94912,-76.32972,0.0,107.0,279.0,JOHN LENTHALL,IMO8325547,NJLN,80,5,193,29,,,A
215677000,2020-08-20T22:01:48,36.96290,-76.42419,0.0,147.3,40.0,RIZE,IMO9584035,9HA2781,70,5,229,32,14.5,,A
367359930,2020-08-20T21:26:12,36.82406,-76.28906,0.0,299.3,511.0,SUNNY WILLIAMS,,WDE4940,80,0,25,8,,80,A
367821000,2020-08-20T21:26:08,36.97282,-76.43367,0.0,0.0,511.0,YANO,IMO7825409,NAQH,70,0,276,32,13.0,70,A
367822000,2020-08-20T22:02:56,36.97314,-76.43381,0.0,0.0,238.0,USNS SHUGHART,IMO7825394,NAOQ,70,5,276,32,13.0,70,A
367359930,2020-08-20T21:32:51,36.82406,-76.28906,0.0,300.2,511.0,SUNNY WILLIAMS,,WDE4940,80,0,25,8,,80,A
305855000,2020-08-20T22:04:28,36.86514,-76.32415,5.9,310.3,314.0,BBC PEARL,IMO9504786,V2FY8,70,0,153,23,9.1,70,A
338403000,2020-08-20T22:07:24,36.92472,-76.32970,0.0,355.1,355.0,MAERSK HARTFORD,IMO9333008,WMHA,70,5,299,40,14.5,,A
367861000,2020-08-20T21:27:00,36.94636,-76.32978,0.0,0.0,265.0,LARAMIE,IMO8906626,NLAR,80,5,193,29,,,A
305855000,2020-08-20T21:56:19,36.86429,-76.31476,0.1,199.9,226.0,BBC PEARL,IMO9504786,V2FY8,70,0,153,23,9.1,70,A
305855000,2020-08-20T21:26:48,36.86429,-76.31477,0.0,241.4,226.0,BBC PEARL,IMO9504786,V2FY8,70,5,153,23,9.1,70,A
366733250,2020-08-20T22:07:52,37.23272,-76.33204,1.9,141.6,511.0,ATLANTIC SURVEYOR,,WTR5417,70,15,31,7,,,A
366733250,2020-08-20T22:05:33,37.23378,-76.33219,2.1,240.4,511.0,ATLANTIC SURVEYOR,,WTR5417,70,15,31,7,,,A
477196100,2020-08-20T21:27:53,37.19405,-76.13507,0.2,304.8,10.0,DARYA MA,IMO9591674,VRJH5,70,1,229,32,14.5,,A
367821000,2020-08-20T22:08:28,36.97281,-76.43367,0.0,0.0,511.0,YANO,IMO7825409,NAQH,70,0,276,32,13.0,70,A
538006982,2020-08-20T22:05:16,36.96257,-76.42361,0.1,180.3,40.0,ANTE TOPIC,IMO9737072,V7TR4,70,5,,,,,A
305855000,2020-08-20T22:05:29,36.86629,-76.32578,6.3,310.7,313.0,BBC PEARL,IMO9504786,V2FY8,70,0,153,23,9.1,70,A
366839000,2020-08-20T21:55:07,36.85343,-76.31080,0.0,0.0,39.0,CAPE RISE,IMO7530808,KAFG,70,5,197,32,10.0,,A
366733250,2020-08-20T22:09:02,37.23211,-76.33143,2.8,138.3,511.0,ATLANTIC SURVEYOR,,WTR5417,70,15,31,7,,,A
367359930,2020-08-20T21:34:23,36.82403,-76.28903,0.0,288.1,511.0,SUNNY WILLIAMS,,WDE4940,80,0,25,8,,80,A
366733250,2020-08-20T21:28:51,37.22295,-76.30687,2.2,302.7,511.0,ATLANTIC SURVEYOR,,WTR5417,70,15,31,7,,,A
366839000,2020-08-20T21:28:10,36.85349,-76.31079,0.0,0.0,39.0,CAPE RISE,IMO7530808,KAFG,70,5,197,32,10.0,,A
477738200,2020-08-20T22:09:38,36.87731,-76.34964,0.2,155.8,347.0,COSCO PHILIPPINES,IMO9448762,VRGM7,70,5,334,42,14.5,72,A
367932000,2020-08-20T22:09:08,36.94916,-76.32970,0.0,107.0,279.0,JOHN LENTHALL,IMO8325547,NJLN,80,5,193,29,,,A
367932000,2020-08-20T21:33:07,36.94913,-76.32964,0.0,107.0,279.0,JOHN LENTHALL,IMO8325547,NJLN,80,5,193,29,,,A
367359930,2020-08-20T22:09:32,36.82404,-76.28907,0.0,238.1,511.0,SUNNY WILLIAMS,,WDE4940,80,0,25,8,,80,A
367359930,2020-08-20T22:08:22,36.82404,-76.28908,0.0,238.2,511.0,SUNNY WILLIAMS,,WDE4940,80,0,25,8,,80,A
367821000,2020-08-20T22:10:07,36.97280,-76.43368,0.0,0.0,511.0,YANO,IMO7825409,NAQH,70,0,276,32,13.0,70,A
366839000,2020-08-20T22:10:09,36.85347,-76.31083,0.0,0.0,39.0,CAPE RISE,IMO7530808,KAFG,70,5,197,32,10.0,,A
368026000,2020-08-20T22:09:20,36.86576,-76.31605,0.0,270.5,2.0,BENAVIDEZ,IMO9218210,NBHG,70,5,289,32,10.9,70,A
477738200,2020-08-20T21:57:37,36.87761,-76.34977,0.1,192.0,347.0,COSCO PHILIPPINES,IMO9448762,VRGM7,70,5,334,42,14.5,72,A
369390000,2020-08-20T22:06:05,36.87095,-76.34824,0.0,196.0,347.0,SAFMARINE MAFADI,IMO9314210,KRIJ,70,5,292,32,11.8,70,A
305855000,2020-08-20T21:29:49,36.86433,-76.31477,0.0,194.9,226.0,BBC PEARL,IMO9504786,V2FY8,70,5,153,23,9.1,70,A
368026000,2020-08-20T22:06:20,36.86574,-76.31606,0.0,270.5,2.0,BENAVIDEZ,IMO9218210,NBHG,70,5,289,32,10.9,70,A
477738200,2020-08-20T22:06:39,36.87771,-76.34966,0.1,202.7,347.0,COSCO PHILIPPINES,IMO9448762,VRGM7,70,5,334,42,14.5,72,A
353554000,2020-08-20T21:36:01,37.05185,-76.08020,12.4,142.0,140.0,MEDI SEGESTA,IMO9403164,3FCG6,70,0,190,32,12.8,70,A
366839000,2020-08-20T22:07:08,36.85347,-76.31080,0.0,0.0,39.0,CAPE RISE,IMO7530808,KAFG,70,5,197,32,10.0,,A
367821000,2020-08-20T22:12:37,36.97280,-76.43368,0.0,0.0,511.0,YANO,IMO7825409,NAQH,70,0,276,32,13.0,70,A
367359930,2020-08-20T22:10:43,36.82405,-76.28906,0.0,239.9,511.0,SUNNY WILLIAMS,,WDE4940,80,0,25,8,,80,A
305855000,2020-08-20T21:35:49,36.86428,-76.31476,0.0,182.8,226.0,BBC PEARL,IMO9504786,V2FY8,70,5,153,23,9.1,70,A
305855000,2020-08-20T21:59:08,36.86364,-76.31613,3.3,234.0,230.0,BBC PEARL,IMO9504786,V2FY8,70,0,153,23,9.1,70,A
367359930,2020-08-20T21:36:41,36.82406,-76.28906,0.0,296.5,511.0,SUNNY WILLIAMS,,WDE4940,80,0,25,8,,80,A
366839000,2020-08-20T21:31:10,36.85349,-76.31082,0.0,0.0,40.0,CAPE RISE,IMO7530808,KAFG,70,5,197,32,10.0,,A
338403000,2020-08-20T21:37:21,36.92472,-76.32976,0.0,121.6,355.0,MAERSK HARTFORD,IMO9333008,WMHA,70,5,299,40,14.5,,A
367861000,2020-08-20T22:09:00,36.94638,-76.32982,0.0,0.0,265.0,LARAMIE,IMO8906626,NLAR,80,5,193,29,,,A
367821000,2020-08-20T22:00:07,36.97281,-76.43367,0.0,0.0,511.0,YANO,IMO7825409,NAQH,70,0,276,32,13.0,70,A
367359930,2020-08-20T22:11:52,36.82405,-76.28906,0.0,239.8,511.0,SUNNY WILLIAMS,,WDE4940,80,0,25,8,,80,A
368026000,2020-08-20T21:33:20,36.86576,-76.31604,0.0,270.5,2.0,BENAVIDEZ,IMO9218210,NBHG,70,5,289,32,10.9,70,A
367861000,2020-08-20T22:12:01,36.94632,-76.32975,0.0,0.0,265.0,LARAMIE,IMO8906626,NLAR,80,5,193,29,,,A
477738200,2020-08-20T22:12:39,36.87747,-76.34965,0.0,198.6,347.0,COSCO PHILIPPINES,IMO9448762,VRGM7,70,5,334,42,14.5,72,A
367932000,2020-08-20T22:00:09,36.94915,-76.32965,0.0,107.0,279.0,JOHN LENTHALL,IMO8325547,NJLN,80,5,193,29,,,A
366733250,2020-08-20T22:13:01,37.22996,-76.32773,3.4,124.4,511.0,ATLANTIC SURVEYOR,,WTR5417,70,15,31,7,,,A
305855000,2020-08-20T22:12:39,36.87976,-76.33387,8.5,351.0,352.0,BBC PEARL,IMO9504786,V2FY8,70,0,153,23,9.1,70,A
367932000,2020-08-20T22:12:07,36.94912,-76.32968,0.0,107.0,279.0,JOHN LENTHALL,IMO8325547,NJLN,80,5,193,29,,,A
353554000,2020-08-20T21:39:01,37.04368,-76.07231,12.3,142.3,140.0,MEDI SEGESTA,IMO9403164,3FCG6,70,0,190,32,12.8,70,A
367359930,2020-08-20T22:14:03,36.82402,-76.28907,0.0,240.1,511.0,SUNNY WILLIAMS,,WDE4940,80,0,25,8,,80,A
538006982,2020-08-20T22:14:16,36.96257,-76.42360,0.0,175.5,40.0,ANTE TOPIC,IMO9737072,V7TR4,70,5,,,,,A
477196100,2020-08-20T21:39:56,37.19398,-76.13510,0.0,103.7,15.0,DARYA MA,IMO9591674,VRJH5,70,1,229,32,14.5,,A
366839000,2020-08-20T22:13:09,36.85345,-76.31084,0.0,0.0,39.0,CAPE RISE,IMO7530808,KAFG,70,5,197,32,10.0,,A
367821000,2020-08-20T21:38:18,36.97281,-76.43368,0.0,0.0,511.0,YANO,IMO7825409,NAQH,70,0,276,32,13.0,70,A
367821000,2020-08-20T22:16:37,36.97280,-76.43368,0.0,0.0,511.0,YANO,IMO7825409,NAQH,70,0,276,32,13.0,70,A
305855000,2020-08-20T21:38:45,36.86427,-76.31477,0.0,192.3,226.0,BBC PEARL,IMO9504786,V2FY8,70,5,153,23,9.1,70,A
367821000,2020-08-20T22:02:28,36.97281,-76.43367,0.0,0.0,511.0,YANO,IMO7825409,NAQH,70,0,276,32,13.0,70,A
366733250,2020-08-20T22:15:22,37.22866,-76.32547,3.3,125.2,511.0,ATLANTIC SURVEYOR,,WTR5417,70,15,31,7,,,A
367861000,2020-08-20T22:18:01,36.94637,-76.32977,0.0,0.0,265.0,LARAMIE,IMO8906626,NLAR,80,5,193,29,,,A
215677000,2020-08-20T22:10:54,36.96292,-76.42419,0.0,147.3,40.0,RIZE,IMO9584035,9HA2781,70,5,229,32,14.5,,A
366839000,2020-08-20T22:16:09,36.85349,-76.31079,0.0,0.0,39.0,CAPE RISE,IMO7530808,KAFG,70,5,197,32,10.0,,A
353554000,2020-08-20T21:34:31,37.05590,-76.08411,12.3,142.1,140.0,MEDI SEGESTA,IMO9403164,3FCG6,70,0,190,32,12.8,70,A
477738200,2020-08-20T22:03:38,36.87741,-76.34983,0.1,166.2,347.0,COSCO PHILIPPINES,IMO9448762,VRGM7,70,5,334,42,14.5,72,A
366733250,2020-08-20T22:14:12,37.22930,-76.32657,3.4,126.0,511.0,ATLANTIC SURVEYOR,,WTR5417,70,15,31,7,,,A
367932000,2020-08-20T22:18:08,36.94911,-76.32967,0.0,107.0,279.0,JOHN LENTHALL,IMO8325547,NJLN,80,5,193,29,,,A
367821000,2020-08-20T21:40:37,36.97281,-76.43369,0.0,0.0,511.0,YANO,IMO7825409,NAQH,70,0,276,32,13.0,70,A
367821000,2020-08-20T21:42:28,36.97281,-76.43368,0.0,0.0,511.0,YANO,IMO7825409,NAQH,70,0,276,32,13.0,70,A
367359930,2020-08-20T22:13:02,36.82404,-76.28906,0.0,241.5,511.0,SUNNY WILLIAMS,,WDE4940,80,0,25,8,,80,A
338403000,2020-08-20T22:13:27,36.92476,-76.32973,0.0,355.1,355.0,MAERSK HARTFORD,IMO9333008,WMHA,70,5,299,40,14.5,,A
338403000,2020-08-20T21:34:28,36.92478,-76.32986,0.0,121.6,355.0,MAERSK HARTFORD,IMO9333008,WMHA,70,5,299,40,14.5,,A
369390000,2020-08-20T21:42:05,36.87094,-76.34825,0.0,171.0,347.0,SAFMARINE MAFADI,IMO9314210,KRIJ,70,5,292,32,11.8,70,A
367822000,2020-08-20T21:41:56,36.97311,-76.43382,0.0,0.0,238.0,USNS SHUGHART,IMO7825394,NAOQ,70,5,276,32,13.0,70,A
215677000,2020-08-20T22:19:53,36.96291,-76.42417,0.0,147.3,40.0,RIZE,IMO9584035,9HA2781,70,5,229,32,14.5,,A
338403000,2020-08-20T22:04:23,36.92479,-76.32972,0.0,121.6,355.0,MAERSK HARTFORD,IMO9333008,WMHA,70,5,299,40,14.5,,A
477196100,2020-08-20T22:18:51,37.19425,-76.13562,0.2,312.7,26.0,DARYA MA,IMO9591674,VRJH5,70,1,229,32,14.5,,A
366839000,2020-08-20T21:37:09,36.85349,-76.31082,0.0,0.0,39.0,CAPE RISE,IMO7530808,KAFG,70,5,197,32,10.0,,A
538002652,2020-08-20T22:15:50,36.87950,-76.32645,0.0,192.0,276.0,NAIAS,IMO9330800,V7KN8,70,5,225,32,14.0,70,A
477738200,2020-08-20T22:15:37,36.87748,-76.34983,0.1,207.8,347.0,COSCO PHILIPPINES,IMO9448762,VRGM7,70,5,334,42,14.5,72,A
367359930,2020-08-20T22:15:13,36.82405,-76.28907,0.0,242.8,511.0,SUNNY WILLIAMS,,WDE4940,80,0,25,8,,80,A
366733250,2020-08-20T21:44:41,37.22755,-76.31759,2.1,297.1,511.0,ATLANTIC SURVEYOR,,WTR5417,70,15,31,7,,,A
538002652,2020-08-20T22:18:51,36.87947,-76.32645,0.0,192.0,276.0,NAIAS,IMO9330800,V7KN8,70,5,225,32,14.0,70,A
367359930,2020-08-20T21:38:41,36.82405,-76.28903,0.0,306.0,511.0,SUNNY WILLIAMS,,WDE4940,80,0,25,8,,80,A
366733250,2020-08-20T22:16:32,37.22805,-76.32436,3.2,125.1,511.0,ATLANTIC SURVEYOR,,WTR5417,70,15,31,7,,,A
367359930,2020-08-20T22:17:33,36.82407,-76.28908,0.0,244.5,511.0,SUNNY WILLIAMS,,WDE4940,80,0,25,8,,80,A
367822000,2020-08-20T22:17:55,36.97314,-76.43382,0.0,0.0,238.0,USNS SHUGHART,IMO7825394,NAOQ,70,5,276,32,13.0,70,A
367822000,2020-08-20T22:20:55,36.97314,-76.43382,0.0,0.0,238.0,USNS SHUGHART,IMO7825394,NAOQ,70,5,276,32,13.0,70,A
367861000,2020-08-20T21:45:01,36.94635,-76.32979,0.0,0.0,265.0,LARAMIE,IMO8906626,NLAR,80,5,193,29,,,A
367359930,2020-08-20T22:20:42,36.82405,-76.28904,0.0,244.3,511.0,SUNNY WILLIAMS,,WDE4940,80,0,25,8,,80,A
369390000,2020-08-20T22:21:06,36.87093,-76.34820,0.0,198.0,347.0,SAFMARINE MAFADI,IMO9314210,KRIJ,70,5,292,32,11.8,70,A
366733250,2020-08-20T22:17:33,37.22752,-76.32343,3.2,122.6,511.0,ATLANTIC SURVEYOR,,WTR5417,70,15,31,7,,,A
538002652,2020-08-20T22:21:53,36.87948,-76.32652,0.0,192.0,276.0,NAIAS,IMO9330800,V7KN8,70,5,225,32,14.0,70,A
215677000,2020-08-20T21:46:51,36.96292,-76.42420,0.0,147.3,40.0,RIZE,IMO9584035,9HA2781,70,5,229,32,14.5,,A
367821000,2020-08-20T22:07:17,36.97281,-76.43368,0.0,0.0,511.0,YANO,IMO7825409,NAQH,70,0,276,32,13.0,70,A
477196100,2020-08-20T22:21:56,37.19438,-76.13577,0.1,313.4,34.0,DARYA MA,IMO9591674,VRJH5,70,1,229,32,14.5,,A
215677000,2020-08-20T22:22:55,36.96292,-76.42419,0.0,147.3,40.0,RIZE,IMO9584035,9HA2781,70,5,229,32,14.5,,A
366733250,2020-08-20T22:19:22,37.22657,-76.32170,3.2,124.1,511.0,ATLANTIC SURVEYOR,,WTR5417,70,15,31,7,,,A
367821000,2020-08-20T22:24:07,36.97284,-76.43366,0.0,0.0,511.0,YANO,IMO7825409,NAQH,70,0,276,32,13.0,70,A
367822000,2020-08-20T22:23:55,36.97315,-76.43382,0.0,0.0,238.0,USNS SHUGHART,IMO7825394,NAOQ,70,5,276,32,13.0,70,A
367861000,2020-08-20T21:48:01,36.94636,-76.32979,0.0,0.0,265.0,LARAMIE,IMO8906626,NLAR,80,5,193,29,,,A
369390000,2020-08-20T22:24:06,36.87094,-76.34823,0.0,112.0,347.0,SAFMARINE MAFADI,IMO9314210,KRIJ,70,5,292,32,11.8,70,A
338403000,2020-08-20T21:49:26,36.92483,-76.32974,0.0,121.6,355.0,MAERSK HARTFORD,IMO9333008,WMHA,70,5,299,40,14.5,,A
538006982,2020-08-20T21:41:16,36.96255,-76.42368,0.1,191.9,40.0,ANTE TOPIC,IMO9737072,V7TR4,70,5,,,,,A
305855000,2020-08-20T22:19:50,36.89697,-76.33657,8.6,351.7,353.0,BBC PEARL,IMO9504786,V2FY8,70,0,153,23,9.1,70,A
367861000,2020-08-20T22:24:01,36.94633,-76.32972,0.0,0.0,265.0,LARAMIE,IMO8906626,NLAR,80,5,193,29,,,A
367932000,2020-08-20T22:24:07,36.94913,-76.32963,0.0,107.0,279.0,JOHN LENTHALL,IMO8325547,NJLN,80,5,193,29,,,A
215677000,2020-08-20T21:43:55,36.96292,-76.42420,0.0,147.3,40.0,RIZE,IMO9584035,9HA2781,70,5,229,32,14.5,,A
367861000,2020-08-20T21:42:00,36.94636,-76.32980,0.0,0.0,265.0,LARAMIE,IMO8906626,NLAR,80,5,193,29,,,A
367932000,2020-08-20T21:42:07,36.94929,-76.32961,0.0,107.0,279.0,JOHN LENTHALL,IMO8325547,NJLN,80,5,193,29,,,A
305855000,2020-08-20T22:24:30,36.90810,-76.33868,8.7,350.0,351.0,BBC PEARL,IMO9504786,V2FY8,70,0,153,23,9.1,70,A
305855000,2020-08-20T22:21:00,36.89970,-76.33706,8.6,351.7,353.0,BBC PEARL,IMO9504786,V2FY8,70,0,153,23,9.1,70,A
477196100,2020-08-20T22:24:56,37.19437,-76.13585,0.1,313.4,38.0,DARYA MA,IMO9591674,VRJH5,70,1,229,32,14.5,,A
367821000,2020-08-20T22:21:47,36.97281,-76.43368,0.0,0.0,511.0,YANO,IMO7825409,NAQH,70,0,276,32,13.0,70,A
367359930,2020-08-20T22:22:12,36.82405,-76.28905,0.0,242.7,511.0,SUNNY WILLIAMS,,WDE4940,80,0,25,8,,80,A
215677000,2020-08-20T22:25:54,36.96292,-76.42418,0.0,147.3,40.0,RIZE,IMO9584035,9HA2781,70,5,229,32,14.5,,A
305855000,2020-08-20T22:25:40,36.91091,-76.33927,8.7,351.5,353.0,BBC PEARL,IMO9504786,V2FY8,70,0,153,23,9.1,70,A
477738200,2020-08-20T21:51:37,36.87753,-76.34973,0.0,190.4,347.0,COSCO PHILIPPINES,IMO9448762,VRGM7,70,5,334,42,14.5,72,A
369390000,2020-08-20T21:54:06,36.87100,-76.34825,0.0,126.0,347.0,SAFMARINE MAFADI,IMO9314210,KRIJ,70,5,292,32,11.8,70,A
305855000,2020-08-20T22:26:50,36.91382,-76.33933,8.6,1.4,3.0,BBC PEARL,IMO9504786,V2FY8,70,0,153,23,9.1,70,A
367821000,2020-08-20T22:26:37,36.97284,-76.43365,0.0,0.0,511.0,YANO,IMO7825409,NAQH,70,0,276,32,13.0,70,A
366733250,2020-08-20T22:27:02,37.22244,-76.31469,3.2,126.4,511.0,ATLANTIC SURVEYOR,,WTR5417,70,15,31,7,,,A
366839000,2020-08-20T21:52:07,36.85345,-76.31084,0.0,0.0,39.0,CAPE RISE,IMO7530808,KAFG,70,5,197,32,10.0,,A
538006982,2020-08-20T22:23:16,36.96257,-76.42365,0.0,114.8,40.0,ANTE TOPIC,IMO9737072,V7TR4,70,5,,,,,A
338403000,2020-08-20T22:22:21,36.92475,-76.32971,0.0,355.1,355.0,MAERSK HARTFORD,IMO9333008,WMHA,70,5,299,40,14.5,,A
366733250,2020-08-20T22:10:12,37.23148,-76.33045,3.3,127.3,511.0,ATLANTIC SURVEYOR,,WTR5417,70,15,31,7,,,A
366733250,2020-08-20T21:55:32,37.23081,-76.32523,2.3,300.7,511.0,ATLANTIC SURVEYOR,,WTR5417,70,15,31,7,,,A
305855000,2020-08-20T22:23:19,36.90530,-76.33807,8.7,350.4,351.0,BBC PEARL,IMO9504786,V2FY8,70,0,153,23,9.1,70,A
366733250,2020-08-20T22:28:32,37.22161,-76.31335,3.1,126.9,511.0,ATLANTIC SURVEYOR,,WTR5417,70,15,31,7,,,A
366733250,2020-08-20T21:47:02,37.22820,-76.31925,2.3,295.9,511.0,ATLANTIC SURVEYOR,,WTR5417,70,15,31,7,,,A
366733250,2020-08-20T22:24:11,37.22400,-76.31727,3.2,126.6,511.0,ATLANTIC SURVEYOR,,WTR5417,70,15,31,7,,,A
368026000,2020-08-20T22:27:21,36.86573,-76.31604,0.0,270.5,2.0,BENAVIDEZ,IMO9218210,NBHG,70,5,289,32,10.9,70,A
367359930,2020-08-20T22:23:21,36.82406,-76.28904,0.0,246.4,511.0,SUNNY WILLIAMS,,WDE4940,80,0,25,8,,80,A
477738200,2020-08-20T22:24:37,36.87754,-76.34989,0.1,137.8,347.0,COSCO PHILIPPINES,IMO9448762,VRGM7,70,5,334,42,14.5,72,A
366733250,2020-08-20T22:25:52,37.22307,-76.31576,3.2,126.7,511.0,ATLANTIC SURVEYOR,,WTR5417,70,15,31,7,,,A
366839000,2020-08-20T21:46:09,36.85347,-76.31081,0.0,0.0,39.0,CAPE RISE,IMO7530808,KAFG,70,5,197,32,10.0,,A
368026000,2020-08-20T21:54:20,36.86576,-76.31604,0.1,270.5,2.0,BENAVIDEZ,IMO9218210,NBHG,70,5,289,32,10.9,70,A
338403000,2020-08-20T22:28:23,36.92477,-76.32969,0.0,121.6,355.0,MAERSK HARTFORD,IMO9333008,WMHA,70,5,299,40,14.5,,A
305855000,2020-08-20T22:28:00,36.91664,-76.33911,8.6,4.2,5.0,BBC PEARL,IMO9504786,V2FY8,70,0,153,23,9.1,70,A
367932000,2020-08-20T21:54:08,36.94916,-76.32964,0.0,107.0,279.0,JOHN LENTHALL,IMO8325547,NJLN,80,5,193,29,,,A
367822000,2020-08-20T22:29:56,36.97315,-76.43378,0.0,0.0,238.0,USNS SHUGHART,IMO7825394,NAOQ,70,5,276,32,13.0,70,A
367821000,2020-08-20T21:48:28,36.97282,-76.43367,0.0,0.0,511.0,YANO,IMO7825409,NAQH,70,0,276,32,13.0,70,A
305855000,2020-08-20T22:11:30,36.87705,-76.33336,8.2,351.4,353.0,BBC PEARL,IMO9504786,V2FY8,70,0,153,23,9.1,70,A
366733250,2020-08-20T22:30:11,37.22070,-76.31190,3.1,126.7,511.0,ATLANTIC SURVEYOR,,WTR5417,70,15,31,7,,,A
367359930,2020-08-20T22:30:02,36.82407,-76.28905,0.0,256.3,511.0,SUNNY WILLIAMS,,WDE4940,80,0,25,8,,80,A
367821000,2020-08-20T22:25:17,36.97285,-76.43365,0.0,0.0,511.0,YANO,IMO7825409,NAQH,70,0,276,32,13.0,70,A
366839000,2020-08-20T22:25:07,36.85347,-76.31083,0.0,0.0,39.0,CAPE RISE,IMO7530808,KAFG,70,5,197,32,10.0,,A
367359930,2020-08-20T21:57:52,36.82406,-76.28906,0.0,236.9,511.0,SUNNY WILLIAMS,,WDE4940,80,0,25,8,,80,A
477196100,2020-08-20T22:12:55,37.19395,-76.13528,0.1,141.2,14.0,DARYA MA,IMO9591674,VRJH5,70,1,229,32,14.5,,A
368026000,2020-08-20T21:48:21,36.86576,-76.31603,0.1,270.5,2.0,BENAVIDEZ,IMO9218210,NBHG,70,5,289,32,10.9,70,A
368026000,2020-08-20T21:57:21,36.86576,-76.31601,0.0,270.5,2.0,BENAVIDEZ,IMO9218210,NBHG,70,5,289,32,10.9,70,A
215677000,2020-08-20T22:13:51,36.96293,-76.42421,0.0,147.3,40.0,RIZE,IMO9584035,9HA2781,70,5,229,32,14.5,,A
477738200,2020-08-20T22:30:38,36.87742,-76.34967,0.0,188.0,347.0,COSCO PHILIPPINES,IMO9448762,VRGM7,70,5,334,42,14.5,72,A
305855000,2020-08-20T22:31:29,36.92476,-76.33818,7.9,5.5,6.0,BBC PEARL,IMO9504786,V2FY8,70,0,153,23,9.1,70,A
538006982,2020-08-20T22:29:16,36.96256,-76.42361,0.0,114.8,40.0,ANTE TOPIC,IMO9737072,V7TR4,70,5,,,,,A
367821000,2020-08-20T22:15:28,36.97281,-76.43368,0.0,0.0,511.0,YANO,IMO7825409,NAQH,70,0,276,32,13.0,70,A
367359930,2020-08-20T22:32:23,36.82407,-76.28904,0.0,257.9,511.0,SUNNY WILLIAMS,,WDE4940,80,0,25,8,,80,A
369390000,2020-08-20T22:15:05,36.87100,-76.34817,0.0,198.0,347.0,SAFMARINE MAFADI,IMO9314210,KRIJ,70,5,292,32,11.8,70,A
366733250,2020-08-20T22:33:11,37.21913,-76.30922,3.1,124.9,511.0,ATLANTIC SURVEYOR,,WTR5417,70,15,31,7,,,A
368026000,2020-08-20T22:15:21,36.86575,-76.31603,0.0,270.5,2.0,BENAVIDEZ,IMO9218210,NBHG,70,5,289,32,10.9,70,A
369390000,2020-08-20T22:30:04,36.87086,-76.34818,0.0,159.0,347.0,SAFMARINE MAFADI,IMO9314210,KRIJ,70,5,292,32,11.8,70,A
305855000,2020-08-20T22:17:10,36.89060,-76.33556,8.6,353.5,355.0,BBC PEARL,IMO9504786,V2FY8,70,0,153,23,9.1,70,A
368026000,2020-08-20T21:51:21,36.86579,-76.31604,0.0,270.5,2.0,BENAVIDEZ,IMO9218210,NBHG,70,5,289,32,10.9,70,A
368026000,2020-08-20T22:30:21,36.86576,-76.31604,0.0,270.5,2.0,BENAVIDEZ,IMO9218210,NBHG,70,5,289,32,10.9,70,A
366733250,2020-08-20T21:53:32,37.23014,-76.32382,2.3,300.1,511.0,ATLANTIC SURVEYOR,,WTR5417,70,15,31,7,,,A
367821000,2020-08-20T22:32:47,36.97286,-76.43367,0.0,0.0,511.0,YANO,IMO7825409,NAQH,70,0,276,32,13.0,70,A
367821000,2020-08-20T22:34:57,36.97285,-76.43367,0.0,0.0,511.0,YANO,IMO7825409,NAQH,70,0,276,32,13.0,70,A
305855000,2020-08-20T22:32:39,36.92728,-76.33792,7.6,3.4,3.0,BBC PEARL,IMO9504786,V2FY8,70,0,153,23,9.1,70,A
305855000,2020-08-20T22:33:49,36.92979,-76.33784,7.8,1.1,0.0,BBC PEARL,IMO9504786,V2FY8,70,0,153,23,9.1,70,A
367861000,2020-08-20T22:33:00,36.94639,-76.32980,0.0,0.0,265.0,LARAMIE,IMO8906626,NLAR,80,5,193,29,,,A
367359930,2020-08-20T22:31:13,36.82406,-76.28905,0.0,253.4,511.0,SUNNY WILLIAMS,,WDE4940,80,0,25,8,,80,A
367821000,2020-08-20T21:52:48,36.97282,-76.43367,0.0,0.0,511.0,YANO,IMO7825409,NAQH,70,0,276,32,13.0,70,A
366733250,2020-08-20T22:35:01,37.21817,-76.30762,3.1,128.4,511.0,ATLANTIC SURVEYOR,,WTR5417,70,15,31,7,,,A
305855000,2020-08-20T22:18:29,36.89372,-76.33598,8.6,353.1,353.0,BBC PEARL,IMO9504786,V2FY8,70,0,153,23,9.1,70,A
367821000,2020-08-20T22:17:48,36.97281,-76.43368,0.0,0.0,511.0,YANO,IMO7825409,NAQH,70,0,276,32,13.0,70,A
367821000,2020-08-20T21:55:48,36.97281,-76.43367,0.0,0.0,511.0,YANO,IMO7825409,NAQH,70,0,276,32,13.0,70,A
477196100,2020-08-20T22:00:57,37.19416,-76.13518,0.1,98.6,20.0,DARYA MA,IMO9591674,VRJH5,70,1,229,32,14.5,,A
215677000,2020-08-20T22:34:48,36.96290,-76.42420,0.0,147.3,40.0,RIZE,IMO9584035,9HA2781,70,5,229,32,14.5,,A
305855000,2020-08-20T22:36:39,36.93623,-76.33743,8.3,3.8,3.0,BBC PEARL,IMO9504786,V2FY8,70,0,153,23,9.1,70,A
477738200,2020-08-20T22:18:37,36.87746,-76.34960,0.1,198.1,347.0,COSCO PHILIPPINES,IMO9448762,VRGM7,70,5,334,42,14.5,72,A
368026000,2020-08-20T22:33:21,36.86576,-76.31604,0.0,270.5,2.0,BENAVIDEZ,IMO9218210,NBHG,70,5,289,32,10.9,70,A
367932000,2020-08-20T22:33:07,36.94917,-76.32962,0.0,107.0,279.0,JOHN LENTHALL,IMO8325547,NJLN,80,5,193,29,,,A
367861000,2020-08-20T22:36:01,36.94637,-76.32981,0.0,0.0,265.0,LARAMIE,IMO8906626,NLAR,80,5,193,29,,,A
215677000,2020-08-20T21:55:55,36.96292,-76.42419,0.0,147.3,40.0,RIZE,IMO9584035,9HA2781,70,5,229,32,14.5,,A
367359930,2020-08-20T22:35:53,36.82409,-76.28906,0.0,265.6,511.0,SUNNY WILLIAMS,,WDE4940,80,0,25,8,,80,A
366839000,2020-08-20T22:34:07,36.85349,-76.31085,0.0,0.0,40.0,CAPE RISE,IMO7530808,KAFG,70,5,197,32,10.0,,A
369390000,2020-08-20T21:57:06,36.87091,-76.34821,0.0,196.0,347.0,SAFMARINE MAFADI,IMO9314210,KRIJ,70,5,292,32,11.8,70,A
369390000,2020-08-20T22:36:06,36.87090,-76.34816,0.0,158.0,347.0,SAFMARINE MAFADI,IMO9314210,KRIJ,70,5,292,32,11.8,70,A
367932000,2020-08-20T22:03:09,36.94917,-76.32967,0.0,107.0,279.0,JOHN LENTHALL,IMO8325547,NJLN,80,5,193,29,,,A
538002652,2020-08-20T22:36:50,36.87945,-76.32650,0.0,192.0,276.0,NAIAS,IMO9330800,V7KN8,70,5,225,32,14.0,70,A
477196100,2020-08-20T22:36:59,37.19457,-76.13609,0.1,320.4,40.0,DARYA MA,IMO9591674,VRJH5,70,1,229,32,14.5,,A
477196100,2020-08-20T22:03:56,37.19418,-76.13529,0.1,275.8,25.0,DARYA MA,IMO9591674,VRJH5,70,1,229,32,14.5,,A
367821000,2020-08-20T22:20:38,36.97281,-76.43368,0.0,0.0,511.0,YANO,IMO7825409,NAQH,70,0,276,32,13.0,70,A
366839000,2020-08-20T22:37:07,36.85345,-76.31081,0.0,0.0,40.0,CAPE RISE,IMO7530808,KAFG,70,5,197,32,10.0,,A
538006982,2020-08-20T22:35:16,36.96258,-76.42363,0.1,195.6,40.0,ANTE TOPIC,IMO9737072,V7TR4,70,5,,,,,A
305855000,2020-08-20T22:39:20,36.94262,-76.33683,8.6,4.4,3.0,BBC PEARL,IMO9504786,V2FY8,70,0,153,23,9.1,70,A
215677000,2020-08-20T22:37:56,36.96291,-76.42420,0.0,147.3,40.0,RIZE,IMO9584035,9HA2781,70,5,229,32,14.5,,A
338403000,2020-08-20T22:37:28,36.92471,-76.32970,0.0,121.6,355.0,MAERSK HARTFORD,IMO9333008,WMHA,70,5,299,40,14.5,,A
367359930,2020-08-20T22:38:02,36.82407,-76.28905,0.0,264.7,511.0,SUNNY WILLIAMS,,WDE4940,80,0,25,8,,80,A
367359930,2020-08-20T22:40:02,36.82406,-76.28905,0.0,261.2,511.0,SUNNY WILLIAMS,,WDE4940,80,0,25,8,,80,A
367821000,2020-08-20T22:05:57,36.97281,-76.43368,0.0,0.0,511.0,YANO,IMO7825409,NAQH,70,0,276,32,13.0,70,A
215677000,2020-08-20T21:58:55,36.96289,-76.42420,0.0,147.3,40.0,RIZE,IMO9584035,9HA2781,70,5,229,32,14.5,,A
477196100,2020-08-20T22:39:58,37.19458,-76.13617,0.1,291.4,44.0,DARYA MA,IMO9591674,VRJH5,70,1,229,32,14.5,,A
367932000,2020-08-20T22:36:08,36.94917,-76.32966,0.0,107.0,279.0,JOHN LENTHALL,IMO8325547,NJLN,80,5,193,29,,,A
367861000,2020-08-20T22:21:00,36.94637,-76.32976,0.0,0.0,265.0,LARAMIE,IMO8906626,NLAR,80,5,193,29,,,A
305855000,2020-08-20T22:22:10,36.90258,-76.33755,8.6,352.0,352.0,BBC PEARL,IMO9504786,V2FY8,70,0,153,23,9.1,70,A
366839000,2020-08-20T22:22:05,36.85347,-76.31083,0.0,0.0,39.0,CAPE RISE,IMO7530808,KAFG,70,5,197,32,10.0,,A
305855000,2020-08-20T22:06:39,36.86778,-76.32781,7.0,312.6,315.0,BBC PEARL,IMO9504786,V2FY8,70,0,153,23,9.1,70,A
368026000,2020-08-20T22:42:21,36.86576,-76.31602,0.0,270.5,2.0,BENAVIDEZ,IMO9218210,NBHG,70,5,289,32,10.9,70,A
366733250,2020-08-20T22:43:32,37.21387,-76.30078,2.8,129.8,511.0,ATLANTIC SURVEYOR,,WTR5417,70,15,31,7,,,A
367359930,2020-08-20T22:01:23,36.82404,-76.28908,0.0,231.8,511.0,SUNNY WILLIAMS,,WDE4940,80,0,25,8,,80,A
368026000,2020-08-20T22:24:20,36.86578,-76.31604,0.0,270.5,2.0,BENAVIDEZ,IMO9218210,NBHG,70,5,289,32,10.9,70,A
538006982,2020-08-20T22:08:16,36.96254,-76.42361,0.1,175.5,40.0,ANTE TOPIC,IMO9737072,V7TR4,70,5,,,,,A
338403000,2020-08-20T22:40:28,36.92477,-76.32967,0.0,121.6,355.0,MAERSK HARTFORD,IMO9333008,WMHA,70,5,299,40,14.5,,A
366733250,2020-08-20T22:41:32,37.21491,-76.30229,2.8,129.9,511.0,ATLANTIC SURVEYOR,,WTR5417,70,15,31,7,,,A
305855000,2020-08-20T22:40:29,36.94535,-76.33660,8.6,2.5,1.0,BBC PEARL,IMO9504786,V2FY8,70,0,153,23,9.1,70,A
305855000,2020-08-20T22:43:00,36.95152,-76.33651,8.7,359.4,358.0,BBC PEARL,IMO9504786,V2FY8,70,0,153,23,9.1,70,A
368026000,2020-08-20T22:03:21,36.86574,-76.31604,0.0,270.5,2.0,BENAVIDEZ,IMO9218210,NBHG,70,5,289,32,10.9,70,A
538002652,2020-08-20T22:24:50,36.87943,-76.32642,0.0,192.0,276.0,NAIAS,IMO9330800,V7KN8,70,5,225,32,14.0,70,A
367821000,2020-08-20T22:42:48,36.97286,-76.43367,0.0,0.0,511.0,YANO,IMO7825409,NAQH,70,0,276,32,13.0,70,A
305855000,2020-08-20T22:09:00,36.87156,-76.33190,8.0,330.6,335.0,BBC PEARL,IMO9504786,V2FY8,70,0,153,23,9.1,70,A
367359930,2020-08-20T22:03:43,36.82405,-76.28908,0.0,236.3,511.0,SUNNY WILLIAMS,,WDE4940,80,0,25,8,,80,A
477196100,2020-08-20T22:42:59,37.19449,-76.13632,0.1,225.0,44.0,DARYA MA,IMO9591674,VRJH5,70,1,229,32,14.5,,A
367822000,2020-08-20T22:41:55,36.97315,-76.43383,0.0,0.0,238.0,USNS SHUGHART,IMO7825394,NAOQ,70,5,276,32,13.0,70,A
538002652,2020-08-20T22:03:53,36.87948,-76.32650,0.0,191.0,276.0,NAIAS,IMO9330800,V7KN8,70,5,225,32,14.0,70,A
215677000,2020-08-20T22:43:56,36.96291,-76.42419,0.0,147.3,40.0,RIZE,IMO9584035,9HA2781,70,5,229,32,14.5,,A
366733250,2020-08-20T22:44:52,37.21315,-76.29981,2.8,132.6,511.0,ATLANTIC SURVEYOR,,WTR5417,70,15,31,7,,,A
366839000,2020-08-20T22:04:10,36.85348,-76.31077,0.0,0.0,39.0,CAPE RISE,IMO7530808,KAFG,70,5,197,32,10.0,,A
366733250,2020-08-20T22:04:21,37.23368,-76.33135,2.2,302.4,511.0,ATLANTIC SURVEYOR,,WTR5417,70,15,31,7,,,A
367932000,2020-08-20T22:45:07,36.94919,-76.32970,0.0,107.0,279.0,JOHN LENTHALL,IMO8325547,NJLN,80,5,193,29,,,A
538006982,2020-08-20T22:44:16,36.96257,-76.42362,0.1,82.6,40.0,ANTE TOPIC,IMO9737072,V7TR4,70,5,,,,,A
477738200,2020-08-20T22:42:37,36.87733,-76.34978,0.0,84.8,347.0,COSCO PHILIPPINES,IMO9448762,VRGM7,70,5,334,42,14.5,72,A
367821000,2020-08-20T22:43:58,36.97286,-76.43367,0.0,0.0,511.0,YANO,IMO7825409,NAQH,70,0,276,32,13.0,70,A
538006982,2020-08-20T22:11:16,36.96256,-76.42363,0.0,175.5,40.0,ANTE TOPIC,IMO9737072,V7TR4,70,5,,,,,A
538002652,2020-08-20T22:06:50,36.87945,-76.32662,0.0,135.0,276.0,NAIAS,IMO9330800,V7KN8,70,5,225,32,14.0,70,A
367861000,2020-08-20T22:06:01,36.94642,-76.32980,0.0,0.0,264.0,LARAMIE,IMO8906626,NLAR,80,5,193,29,,,A
366733250,2020-08-20T22:06:42,37.23320,-76.33241,1.7,164.2,511.0,ATLANTIC SURVEYOR,,WTR5417,70,15,31,7,,,A
369390000,2020-08-20T22:45:04,36.87083,-76.34817,0.0,6.0,347.0,SAFMARINE MAFADI,IMO9314210,KRIJ,70,5,292,32,11.8,70,A
367861000,2020-08-20T22:48:01,36.94645,-76.32977,0.0,0.0,265.0,LARAMIE,IMO8906626,NLAR,80,5,193,29,,,A
367932000,2020-08-20T22:27:08,36.94912,-76.32966,0.0,107.0,279.0,JOHN LENTHALL,IMO8325547,NJLN,80,5,193,29,,,A
367359930,2020-08-20T22:06:02,36.82405,-76.28907,0.0,235.7,511.0,SUNNY WILLIAMS,,WDE4940,80,0,25,8,,80,A
367821000,2020-08-20T22:45:18,36.97286,-76.43367,0.0,0.0,511.0,YANO,IMO7825409,NAQH,70,0,276,32,13.0,70,A
477196100,2020-08-20T22:06:57,37.19407,-76.13537,0.2,213.4,27.0,DARYA MA,IMO9591674,VRJH5,70,1,229,32,14.5,,A
215677000,2020-08-20T22:07:50,36.96292,-76.42419,0.0,147.3,40.0,RIZE,IMO9584035,9HA2781,70,5,229,32,14.5,,A
367822000,2020-08-20T22:44:56,36.97315,-76.43382,0.0,0.0,238.0,USNS SHUGHART,IMO7825394,NAOQ,70,5,276,32,13.0,70,A
305855000,2020-08-20T22:07:49,36.86946,-76.33001,7.7,314.2,316.0,BBC PEARL,IMO9504786,V2FY8,70,0,153,23,9.1,70,A
367932000,2020-08-20T22:48:07,36.94922,-76.32963,0.0,107.0,279.0,JOHN LENTHALL,IMO8325547,NJLN,80,5,193,29,,,A
367821000,2020-08-20T22:46:27,36.97286,-76.43366,0.0,0.0,511.0,YANO,IMO7825409,NAQH,70,0,276,32,13.0,70,A
366733250,2020-08-20T22:49:02,37.21091,-76.29674,2.8,131.9,511.0,ATLANTIC SURVEYOR,,WTR5417,70,15,31,7,,,A
215677000,2020-08-20T22:46:55,36.96293,-76.42418,0.0,147.3,40.0,RIZE,IMO9584035,9HA2781,70,5,229,32,14.5,,A
367359930,2020-08-20T22:46:02,36.82408,-76.28906,0.0,275.4,511.0,SUNNY WILLIAMS,,WDE4940,80,0,25,8,,80,A
477196100,2020-08-20T22:45:57,37.19449,-76.13630,0.2,76.0,41.0,DARYA MA,IMO9591674,VRJH5,70,1,229,32,14.5,,A
367359930,2020-08-20T22:47:11,36.82408,-76.28905,0.0,275.1,511.0,SUNNY WILLIAMS,,WDE4940,80,0,25,8,,80,A
305855000,2020-08-20T22:48:30,36.96529,-76.33676,9.2,4.2,7.0,BBC PEARL,IMO9504786,V2FY8,70,0,153,23,9.1,70,A
369390000,2020-08-20T22:48:05,36.87100,-76.34817,0.0,126.0,347.0,SAFMARINE MAFADI,IMO9314210,KRIJ,70,5,292,32,11.8,70,A
367822000,2020-08-20T22:08:55,36.97314,-76.43382,0.0,0.0,238.0,USNS SHUGHART,IMO7825394,NAOQ,70,5,276,32,13.0,70,A
367359930,2020-08-20T22:48:22,36.82409,-76.28904,0.0,277.1,511.0,SUNNY WILLIAMS,,WDE4940,80,0,25,8,,80,A
369390000,2020-08-20T22:09:05,36.87094,-76.34821,0.0,258.0,347.0,SAFMARINE MAFADI,IMO9314210,KRIJ,70,5,292,32,11.8,70,A
367821000,2020-08-20T22:48:48,36.97286,-76.43366,0.0,0.0,511.0,YANO,IMO7825409,NAQH,70,0,276,32,13.0,70,A
305855000,2020-08-20T22:13:40,36.88221,-76.33433,8.5,352.4,355.0,BBC PEARL,IMO9504786,V2FY8,70,0,153,23,9.1,70,A
338403000,2020-08-20T22:49:22,36.92471,-76.32967,0.0,355.1,355.0,MAERSK HARTFORD,IMO9333008,WMHA,70,5,299,40,14.5,,A
366733250,2020-08-20T22:51:52,37.20935,-76.29457,2.9,132.7,511.0,ATLANTIC SURVEYOR,,WTR5417,70,15,31,7,,,A
305855000,2020-08-20T22:30:19,36.92215,-76.33849,8.3,5.5,5.0,BBC PEARL,IMO9504786,V2FY8,70,0,153,23,9.1,70,A
367359930,2020-08-20T22:49:31,36.82408,-76.28905,0.0,277.0,511.0,SUNNY WILLIAMS,,WDE4940,80,0,25,8,,80,A
538006982,2020-08-20T22:50:16,36.96258,-76.42365,0.0,86.6,40.0,ANTE TOPIC,IMO9737072,V7TR4,70,5,,,,,A
368026000,2020-08-20T22:51:20,36.86576,-76.31604,0.0,270.5,2.0,BENAVIDEZ,IMO9218210,NBHG,70,5,289,32,10.9,70,A
367821000,2020-08-20T22:49:58,36.97286,-76.43366,0.0,0.0,511.0,YANO,IMO7825409,NAQH,70,0,276,32,13.0,70,A
305855000,2020-08-20T22:49:40,36.96811,-76.33585,9.2,18.0,21.0,BBC PEARL,IMO9504786,V2FY8,70,0,153,23,9.1,70,A
305855000,2020-08-20T22:10:20,36.87450,-76.33288,7.9,350.1,353.0,BBC PEARL,IMO9504786,V2FY8,70,0,153,23,9.1,70,A
367822000,2020-08-20T22:14:56,36.97314,-76.43382,0.0,0.0,238.0,USNS SHUGHART,IMO7825394,NAOQ,70,5,276,32,13.0,70,A
477196100,2020-08-20T22:30:57,37.19419,-76.13586,0.1,195.8,31.0,DARYA MA,IMO9591674,VRJH5,70,1,229,32,14.5,,A
477196100,2020-08-20T22:51:58,37.19464,-76.13628,0.1,11.0,44.0,DARYA MA,IMO9591674,VRJH5,70,1,229,32,14.5,,A
215677000,2020-08-20T22:49:58,36.96292,-76.42419,0.0,147.3,40.0,RIZE,IMO9584035,9HA2781,70,5,229,32,14.5,,A
538002652,2020-08-20T22:30:53,36.87947,-76.32650,0.0,192.0,276.0,NAIAS,IMO9330800,V7KN8,70,5,225,32,14.0,70,A
366733250,2020-08-20T22:53:52,37.20827,-76.29303,2.9,132.3,511.0,ATLANTIC SURVEYOR,,WTR5417,70,15,31,7,,,A
367359930,2020-08-20T22:51:53,36.82408,-76.28908,0.0,268.5,511.0,SUNNY WILLIAMS,,WDE4940,80,0,25,8,,80,A
366733250,2020-08-20T22:11:41,37.23067,-76.32904,3.4,125.2,511.0,ATLANTIC SURVEYOR,,WTR5417,70,15,31,7,,,A
369390000,2020-08-20T22:51:05,36.87100,-76.34817,0.0,312.0,347.0,SAFMARINE MAFADI,IMO9314210,KRIJ,70,5,292,32,11.8,70,A
367359930,2020-08-20T22:50:41,36.82406,-76.28905,0.0,280.5,511.0,SUNNY WILLIAMS,,WDE4940,80,0,25,8,,80,A
367359930,2020-08-20T22:54:23,36.82408,-76.28906,0.0,242.6,511.0,SUNNY WILLIAMS,,WDE4940,80,0,25,8,,80,A
367822000,2020-08-20T22:11:55,36.97314,-76.43382,0.0,0.0,238.0,USNS SHUGHART,IMO7825394,NAOQ,70,5,276,32,13.0,70,A
305855000,2020-08-20T22:15:59,36.88771,-76.33514,8.6,353.2,355.0,BBC PEARL,IMO9504786,V2FY8,70,0,153,23,9.1,70,A
305855000,2020-08-20T22:53:09,36.97611,-76.32943,10.3,47.4,49.0,BBC PEARL,IMO9504786,V2FY8,70,0,153,23,9.1,70,A
367821000,2020-08-20T22:55:37,36.97286,-76.43366,0.0,0.0,511.0,YANO,IMO7825409,NAQH,70,0,276,32,13.0,70,A
538006982,2020-08-20T22:17:16,36.96261,-76.42361,0.1,94.0,40.0,ANTE TOPIC,IMO9737072,V7TR4,70,5,,,,,A
367359930,2020-08-20T22:16:21,36.82406,-76.28907,0.0,241.6,511.0,SUNNY WILLIAMS,,WDE4940,80,0,25,8,,80,A
368026000,2020-08-20T22:18:20,36.86576,-76.31606,0.0,270.5,2.0,BENAVIDEZ,IMO9218210,NBHG,70,5,289,32,10.9,70,A
538006982,2020-08-20T22:53:16,36.96258,-76.42366,0.0,86.6,40.0,ANTE TOPIC,IMO9737072,V7TR4,70,5,,,,,A
338403000,2020-08-20T22:52:27,36.92468,-76.32970,0.0,355.1,355.0,MAERSK HARTFORD,IMO9333008,WMHA,70,5,299,40,14.5,,A
477738200,2020-08-20T22:54:39,36.87747,-76.34997,0.0,240.4,347.0,COSCO PHILIPPINES,IMO9448762,VRGM7,70,5,334,42,14.5,72,A
538002652,2020-08-20T22:12:53,36.87957,-76.32650,0.0,192.0,276.0,NAIAS,IMO9330800,V7KN8,70,5,225,32,14.0,70,A
367822000,2020-08-20T22:53:55,36.97316,-76.43382,0.0,0.0,238.0,USNS SHUGHART,IMO7825394,NAOQ,70,5,276,32,13.0,70,A
477738200,2020-08-20T22:33:38,36.87752,-76.34966,0.1,107.9,347.0,COSCO PHILIPPINES,IMO9448762,VRGM7,70,5,334,42,14.5,72,A
367861000,2020-08-20T22:54:01,36.94634,-76.32985,0.0,0.0,265.0,LARAMIE,IMO8906626,NLAR,80,5,193,29,,,A
368026000,2020-08-20T22:54:21,36.86576,-76.31603,0.0,270.5,2.0,BENAVIDEZ,IMO9218210,NBHG,70,5,289,32,10.9,70,A
305855000,2020-08-20T22:55:38,36.98112,-76.32242,11.0,48.5,49.0,BBC PEARL,IMO9504786,V2FY8,70,0,153,23,9.1,70,A
367822000,2020-08-20T22:35:55,36.97315,-76.43382,0.0,0.0,238.0,USNS SHUGHART,IMO7825394,NAOQ,70,5,276,32,13.0,70,A
367861000,2020-08-20T22:15:00,36.94633,-76.32977,0.0,0.0,265.0,LARAMIE,IMO8906626,NLAR,80,5,193,29,,,A
367821000,2020-08-20T22:59:07,36.97286,-76.43366,0.0,0.0,511.0,YANO,IMO7825409,NAQH,70,0,276,32,13.0,70,A
367821000,2020-08-20T22:57:07,36.97286,-76.43366,0.0,0.0,511.0,YANO,IMO7825409,NAQH,70,0,276,32,13.0,70,A
477196100,2020-08-20T22:55:00,37.19466,-76.13641,0.1,11.0,45.0,DARYA MA,IMO9591674,VRJH5,70,1,229,32,14.5,,A
305855000,2020-08-20T22:56:39,36.98326,-76.31961,11.2,45.4,45.0,BBC PEARL,IMO9504786,V2FY8,70,0,153,23,9.1,70,A
367932000,2020-08-20T22:15:09,36.94912,-76.32971,0.0,107.0,279.0,JOHN LENTHALL,IMO8325547,NJLN,80,5,193,29,,,A
366733250,2020-08-20T22:57:42,37.20624,-76.29007,2.9,128.1,511.0,ATLANTIC SURVEYOR,,WTR5417,70,15,31,7,,,A
369390000,2020-08-20T22:57:05,36.87100,-76.34817,0.0,274.0,347.0,SAFMARINE MAFADI,IMO9314210,KRIJ,70,5,292,32,11.8,70,A
538006982,2020-08-20T22:56:16,36.96259,-76.42363,0.1,64.6,40.0,ANTE TOPIC,IMO9737072,V7TR4,70,5,,,,,A
367359930,2020-08-20T22:19:21,36.82407,-76.28907,0.0,241.7,511.0,SUNNY WILLIAMS,,WDE4940,80,0,25,8,,80,A
366733250,2020-08-20T23:01:11,37.20444,-76.28733,2.9,129.1,511.0,ATLANTIC SURVEYOR,,WTR5417,70,15,31,7,,,A
367822000,2020-08-20T22:56:55,36.97316,-76.43382,0.0,0.0,238.0,USNS SHUGHART,IMO7825394,NAOQ,70,5,276,32,13.0,70,A
366733250,2020-08-20T22:23:01,37.22463,-76.31834,3.2,127.2,511.0,ATLANTIC SURVEYOR,,WTR5417,70,15,31,7,,,A
305855000,2020-08-20T23:01:10,36.99327,-76.30589,12.2,55.9,57.0,BBC PEARL,IMO9504786,V2FY8,70,0,153,23,9.1,70,A
338403000,2020-08-20T22:19:25,36.92476,-76.32968,0.0,121.6,355.0,MAERSK HARTFORD,IMO9333008,WMHA,70,5,299,40,14.5,,A
367821000,2020-08-20T23:01:18,36.97286,-76.43366,0.0,0.0,511.0,YANO,IMO7825409,NAQH,70,0,276,32,13.0,70,A
368026000,2020-08-20T23:00:20,36.86575,-76.31604,0.0,270.5,2.0,BENAVIDEZ,IMO9218210,NBHG,70,5,289,32,10.9,70,A
369390000,2020-08-20T22:39:05,36.87095,-76.34814,0.0,42.0,347.0,SAFMARINE MAFADI,IMO9314210,KRIJ,70,5,292,32,11.8,70,A
338403000,2020-08-20T22:58:28,36.92492,-76.32970,0.0,121.6,355.0,MAERSK HARTFORD,IMO9333008,WMHA,70,5,299,40,14.5,,A
305855000,2020-08-20T22:57:49,36.98614,-76.31592,11.5,44.3,46.0,BBC PEARL,IMO9504786,V2FY8,70,0,153,23,9.1,70,A
305855000,2020-08-20T22:59:00,36.98862,-76.31303,11.8,44.0,45.0,BBC PEARL,IMO9504786,V2FY8,70,0,153,23,9.1,70,A
538006982,2020-08-20T22:59:16,36.96257,-76.42365,0.1,62.9,40.0,ANTE TOPIC,IMO9737072,V7TR4,70,5,,,,,A
367821000,2020-08-20T22:22:57,36.97284,-76.43366,0.0,0.0,511.0,YANO,IMO7825409,NAQH,70,0,276,32,13.0,70,A
305855000,2020-08-20T23:02:19,36.99549,-76.30180,12.6,55.8,56.0,BBC PEARL,IMO9504786,V2FY8,70,0,153,23,9.1,70,A
367359930,2020-08-20T22:25:12,36.82405,-76.28904,0.0,244.2,511.0,SUNNY WILLIAMS,,WDE4940,80,0,25,8,,80,A
538006982,2020-08-20T22:41:16,36.96258,-76.42364,0.0,194.3,40.0,ANTE TOPIC,IMO9737072,V7TR4,70,5,,,,,A
367821000,2020-08-20T23:03:28,36.97286,-76.43366,0.0,0.0,511.0,YANO,IMO7825409,NAQH,70,0,276,32,13.0,70,A
367359930,2020-08-20T23:00:03,36.82407,-76.28906,0.0,211.0,511.0,SUNNY WILLIAMS,,WDE4940,80,0,25,8,,80,A
538006982,2020-08-20T23:02:16,36.96256,-76.42364,0.0,59.9,40.0,ANTE TOPIC,IMO9737072,V7TR4,70,5,,,,,A
477196100,2020-08-20T23:00:59,37.19480,-76.13654,0.1,340.1,53.0,DARYA MA,IMO9591674,VRJH5,70,1,229,32,14.5,,A
538006982,2020-08-20T22:26:16,36.96255,-76.42364,0.0,114.8,40.0,ANTE TOPIC,IMO9737072,V7TR4,70,5,,,,,A
538002652,2020-08-20T23:03:51,36.87928,-76.32660,0.0,131.0,276.0,NAIAS,IMO9330800,V7KN8,70,5,225,32,14.0,70,A
477738200,2020-08-20T22:27:40,36.87740,-76.34972,0.0,106.2,347.0,COSCO PHILIPPINES,IMO9448762,VRGM7,70,5,334,42,14.5,72,A
367861000,2020-08-20T23:02:59,36.94637,-76.32975,0.0,0.0,265.0,LARAMIE,IMO8906626,NLAR,80,5,193,29,,,A
366733250,2020-08-20T23:04:31,37.20270,-76.28471,2.9,128.8,511.0,ATLANTIC SURVEYOR,,WTR5417,70,15,31,7,,,A
367821000,2020-08-20T23:04:38,36.97286,-76.43366,0.0,0.0,511.0,YANO,IMO7825409,NAQH,70,0,276,32,13.0,70,A
305855000,2020-08-20T22:44:30,36.95522,-76.33659,8.8,358.9,358.0,BBC PEARL,IMO9504786,V2FY8,70,0,153,23,9.1,70,A
366839000,2020-08-20T22:43:07,36.85349,-76.31081,0.0,0.0,40.0,CAPE RISE,IMO7530808,KAFG,70,5,197,32,10.0,,A
366733250,2020-08-20T23:02:12,37.20392,-76.28653,2.8,127.6,511.0,ATLANTIC SURVEYOR,,WTR5417,70,15,31,7,,,A
215677000,2020-08-20T23:04:54,36.96291,-76.42419,0.0,147.3,39.0,RIZE,IMO9584035,9HA2781,70,5,229,32,14.5,,A
538002652,2020-08-20T22:27:50,36.87940,-76.32650,0.0,192.0,276.0,NAIAS,IMO9330800,V7KN8,70,5,225,32,14.0,70,A
477196100,2020-08-20T23:03:58,37.19482,-76.13655,0.1,340.1,55.0,DARYA MA,IMO9591674,VRJH5,70,1,229,32,14.5,,A
366839000,2020-08-20T23:04:09,36.85351,-76.31081,0.0,0.0,39.0,CAPE RISE,IMO7530808,KAFG,70,5,197,32,10.0,,A
366839000,2020-08-20T22:28:07,36.85350,-76.31083,0.0,0.0,39.0,CAPE RISE,IMO7530808,KAFG,70,5,197,32,10.0,,A
366733250,2020-08-20T23:05:33,37.20215,-76.28394,2.7,128.9,511.0,ATLANTIC SURVEYOR,,WTR5417,70,15,31,7,,,A
305855000,2020-08-20T23:05:50,37.00236,-76.28842,13.1,61.8,64.0,BBC PEARL,IMO9504786,V2FY8,70,0,153,23,9.1,70,A
305855000,2020-08-20T22:46:30,36.96022,-76.33670,9.0,358.4,358.0,BBC PEARL,IMO9504786,V2FY8,70,0,153,23,9.1,70,A
215677000,2020-08-20T22:28:56,36.96292,-76.42419,0.0,147.3,40.0,RIZE,IMO9584035,9HA2781,70,5,229,32,14.5,,A
367822000,2020-08-20T23:02:55,36.97316,-76.43382,0.0,0.0,238.0,USNS SHUGHART,IMO7825394,NAOQ,70,5,276,32,13.0,70,A
367359930,2020-08-20T23:03:31,36.82406,-76.28906,0.0,208.7,511.0,SUNNY WILLIAMS,,WDE4940,80,0,25,8,,80,A
368026000,2020-08-20T23:06:21,36.86576,-76.31603,0.0,270.5,2.0,BENAVIDEZ,IMO9218210,NBHG,70,5,289,32,10.9,70,A
477738200,2020-08-20T23:03:38,36.87766,-76.34980,0.0,92.0,347.0,COSCO PHILIPPINES,IMO9448762,VRGM7,70,5,334,42,14.5,72,A
338403000,2020-08-20T23:04:22,36.92480,-76.32973,0.0,355.1,355.0,MAERSK HARTFORD,IMO9333008,WMHA,70,5,299,40,14.5,,A
366733250,2020-08-20T23:06:42,37.20154,-76.28307,3.0,132.4,511.0,ATLANTIC SURVEYOR,,WTR5417,70,15,31,7,,,A
367359930,2020-08-20T23:04:42,36.82407,-76.28906,0.0,205.7,511.0,SUNNY WILLIAMS,,WDE4940,80,0,25,8,,80,A
367821000,2020-08-20T23:07:07,36.97286,-76.43366,0.0,0.0,511.0,YANO,IMO7825409,NAQH,70,0,276,32,13.0,70,A
367359930,2020-08-20T23:07:11,36.82408,-76.28905,0.0,200.7,511.0,SUNNY WILLIAMS,,WDE4940,80,0,25,8,,80,A
538002652,2020-08-20T22:45:50,36.87947,-76.32647,0.0,131.0,276.0,NAIAS,IMO9330800,V7KN8,70,5,225,32,14.0,70,A
366839000,2020-08-20T22:46:05,36.85349,-76.31080,0.0,0.0,40.0,CAPE RISE,IMO7530808,KAFG,70,5,197,32,10.0,,A
338403000,2020-08-20T22:46:27,36.92480,-76.32968,0.0,355.1,355.0,MAERSK HARTFORD,IMO9333008,WMHA,70,5,299,40,14.5,,A
338403000,2020-08-20T22:31:27,36.92479,-76.32964,0.0,121.6,355.0,MAERSK HARTFORD,IMO9333008,WMHA,70,5,299,40,14.5,,A
538006982,2020-08-20T22:47:16,36.96260,-76.42363,0.0,86.6,40.0,ANTE TOPIC,IMO9737072,V7TR4,70,5,,,,,A
538006982,2020-08-20T22:32:16,36.96258,-76.42363,0.0,114.8,40.0,ANTE TOPIC,IMO9737072,V7TR4,70,5,,,,,A
366733250,2020-08-20T22:50:22,37.21018,-76.29572,2.9,132.4,511.0,ATLANTIC SURVEYOR,,WTR5417,70,15,31,7,,,A
477738200,2020-08-20T22:48:37,36.87745,-76.34968,0.3,320.8,347.0,COSCO PHILIPPINES,IMO9448762,VRGM7,70,5,334,42,14.5,72,A
367821000,2020-08-20T22:47:38,36.97286,-76.43366,0.0,0.0,511.0,YANO,IMO7825409,NAQH,70,0,276,32,13.0,70,A
369390000,2020-08-20T22:33:06,36.87090,-76.34819,0.0,316.0,347.0,SAFMARINE MAFADI,IMO9314210,KRIJ,70,5,292,32,11.8,70,A
338403000,2020-08-20T23:07:27,36.92486,-76.32975,0.0,355.1,355.0,MAERSK HARTFORD,IMO9333008,WMHA,70,5,299,40,14.5,,A
367861000,2020-08-20T23:09:01,36.94636,-76.32974,0.0,0.0,265.0,LARAMIE,IMO8906626,NLAR,80,5,193,29,,,A
366733250,2020-08-20T23:07:53,37.20089,-76.28219,2.8,135.6,511.0,ATLANTIC SURVEYOR,,WTR5417,70,15,31,7,,,A
538002652,2020-08-20T23:06:49,36.87945,-76.32642,0.0,131.0,276.0,NAIAS,IMO9330800,V7KN8,70,5,225,32,14.0,70,A
367932000,2020-08-20T23:06:08,36.94915,-76.32963,0.0,107.0,279.0,JOHN LENTHALL,IMO8325547,NJLN,80,5,193,29,,,A
367932000,2020-08-20T23:09:08,36.94911,-76.32962,0.0,107.0,279.0,JOHN LENTHALL,IMO8325547,NJLN,80,5,193,29,,,A
538006982,2020-08-20T23:08:16,36.96260,-76.42361,0.0,47.6,40.0,ANTE TOPIC,IMO9737072,V7TR4,70,5,,,,,A
367821000,2020-08-20T23:09:27,36.97286,-76.43366,0.0,0.0,511.0,YANO,IMO7825409,NAQH,70,0,276,32,13.0,70,A
305855000,2020-08-20T23:09:19,37.00520,-76.27296,13.4,77.7,77.0,BBC PEARL,IMO9504786,V2FY8,70,0,153,23,9.1,70,A
367359930,2020-08-20T23:09:41,36.82408,-76.28906,0.0,210.6,511.0,SUNNY WILLIAMS,,WDE4940,80,0,25,8,,80,A
367359930,2020-08-20T22:27:02,36.82405,-76.28906,0.0,246.0,511.0,SUNNY WILLIAMS,,WDE4940,80,0,25,8,,80,A
477196100,2020-08-20T22:33:58,37.19442,-76.13598,0.3,332.5,33.0,DARYA MA,IMO9591674,VRJH5,70,1,229,32,14.5,,A
367821000,2020-08-20T22:52:37,36.97286,-76.43366,0.0,0.0,511.0,YANO,IMO7825409,NAQH,70,0,276,32,13.0,70,A
338403000,2020-08-20T22:34:26,36.92476,-76.32972,0.0,355.1,355.0,MAERSK HARTFORD,IMO9333008,WMHA,70,5,299,40,14.5,,A
367359930,2020-08-20T23:10:53,36.82408,-76.28902,0.0,205.8,511.0,SUNNY WILLIAMS,,WDE4940,80,0,25,8,,80,A
367359930,2020-08-20T22:28:53,36.82406,-76.28905,0.0,248.0,511.0,SUNNY WILLIAMS,,WDE4940,80,0,25,8,,80,A
477196100,2020-08-20T22:27:56,37.19423,-76.13589,0.2,196.5,38.0,DARYA MA,IMO9591674,VRJH5,70,1,229,32,14.5,,A
305855000,2020-08-20T23:11:39,37.00717,-76.26232,13.5,77.4,78.0,BBC PEARL,IMO9504786,V2FY8,70,0,153,23,9.1,70,A
538002652,2020-08-20T22:51:50,36.87945,-76.32647,0.0,131.0,276.0,NAIAS,IMO9330800,V7KN8,70,5,225,32,14.0,70,A
477738200,2020-08-20T22:51:38,36.87756,-76.34980,0.1,85.9,347.0,COSCO PHILIPPINES,IMO9448762,VRGM7,70,5,334,42,14.5,72,A
366733250,2020-08-20T22:36:11,37.21755,-76.30662,3.1,126.8,511.0,ATLANTIC SURVEYOR,,WTR5417,70,15,31,7,,,A
305855000,2020-08-20T22:29:10,36.91938,-76.33882,8.7,5.2,6.0,BBC PEARL,IMO9504786,V2FY8,70,0,153,23,9.1,70,A
305855000,2020-08-20T23:12:49,37.00764,-76.25692,13.3,86.5,87.0,BBC PEARL,IMO9504786,V2FY8,70,0,153,23,9.1,70,A
215677000,2020-08-20T22:52:56,36.96292,-76.42420,0.0,147.3,40.0,RIZE,IMO9584035,9HA2781,70,5,229,32,14.5,,A
369390000,2020-08-20T23:09:06,36.87093,-76.34821,0.0,259.0,347.0,SAFMARINE MAFADI,IMO9314210,KRIJ,70,5,292,32,11.8,70,A
367821000,2020-08-20T22:38:07,36.97285,-76.43367,0.0,0.0,511.0,YANO,IMO7825409,NAQH,70,0,276,32,13.0,70,A
366733250,2020-08-20T22:37:22,37.21695,-76.30560,2.9,126.3,511.0,ATLANTIC SURVEYOR,,WTR5417,70,15,31,7,,,A
367821000,2020-08-20T23:11:57,36.97285,-76.43363,0.0,0.0,511.0,YANO,IMO7825409,NAQH,70,0,276,32,13.0,70,A
477196100,2020-08-20T23:13:00,37.19504,-76.13665,0.2,341.4,56.0,DARYA MA,IMO9591674,VRJH5,70,1,229,32,14.5,,A
368026000,2020-08-20T23:12:20,36.86577,-76.31605,0.0,270.5,2.0,BENAVIDEZ,IMO9218210,NBHG,70,5,289,32,10.9,70,A
305855000,2020-08-20T23:14:00,37.00785,-76.25135,13.3,88.5,89.0,BBC PEARL,IMO9504786,V2FY8,70,0,153,23,9.1,70,A
367822000,2020-08-20T23:11:56,36.97316,-76.43382,0.0,0.0,238.0,USNS SHUGHART,IMO7825394,NAOQ,70,5,276,32,13.0,70,A
367822000,2020-08-20T22:38:54,36.97316,-76.43382,0.0,0.0,238.0,USNS SHUGHART,IMO7825394,NAOQ,70,5,276,32,13.0,70,A
366839000,2020-08-20T22:31:07,36.85347,-76.31081,0.0,0.0,39.0,CAPE RISE,IMO7530808,KAFG,70,5,197,32,10.0,,A
366839000,2020-08-20T22:55:10,36.85351,-76.31083,0.0,0.0,40.0,CAPE RISE,IMO7530808,KAFG,70,5,197,32,10.0,,A
477738200,2020-08-20T23:15:38,36.87766,-76.34989,0.1,183.0,347.0,COSCO PHILIPPINES,IMO9448762,VRGM7,70,5,334,42,14.5,72,A
215677000,2020-08-20T22:40:54,36.96294,-76.42421,0.1,147.3,40.0,RIZE,IMO9584035,9HA2781,70,5,229,32,14.5,,A
367359930,2020-08-20T23:17:23,36.82406,-76.28905,0.0,234.9,511.0,SUNNY WILLIAMS,,WDE4940,80,0,25,8,,80,A
215677000,2020-08-20T22:55:58,36.96293,-76.42420,0.0,147.3,40.0,RIZE,IMO9584035,9HA2781,70,5,229,32,14.5,,A
369390000,2020-08-20T23:15:05,36.87100,-76.34817,0.0,218.0,347.0,SAFMARINE MAFADI,IMO9314210,KRIJ,70,5,292,32,11.8,70,A
367861000,2020-08-20T23:15:01,36.94645,-76.32979,0.0,0.0,265.0,LARAMIE,IMO8906626,NLAR,80,5,193,29,,,A
367821000,2020-08-20T23:15:48,36.97282,-76.43364,0.0,0.0,511.0,YANO,IMO7825409,NAQH,70,0,276,32,13.0,70,A
367359930,2020-08-20T22:33:33,36.82407,-76.28905,0.0,258.7,511.0,SUNNY WILLIAMS,,WDE4940,80,0,25,8,,80,A
538002652,2020-08-20T22:33:52,36.87947,-76.32647,0.0,192.0,276.0,NAIAS,IMO9330800,V7KN8,70,5,225,32,14.0,70,A
366733250,2020-08-20T22:59:32,37.20529,-76.28863,3.0,129.2,511.0,ATLANTIC SURVEYOR,,WTR5417,70,15,31,7,,,A
366839000,2020-08-20T23:16:09,36.85348,-76.31078,0.0,0.0,39.0,CAPE RISE,IMO7530808,KAFG,70,5,197,32,10.0,,A
369390000,2020-08-20T22:42:04,36.87083,-76.34817,0.0,299.0,347.0,SAFMARINE MAFADI,IMO9314210,KRIJ,70,5,292,32,11.8,70,A
305855000,2020-08-20T23:16:40,37.00684,-76.23874,13.4,105.8,107.0,BBC PEARL,IMO9504786,V2FY8,70,0,153,23,9.1,70,A
366733250,2020-08-20T23:14:12,37.19754,-76.27755,2.8,135.2,511.0,ATLANTIC SURVEYOR,,WTR5417,70,15,31,7,,,A
538002652,2020-08-20T22:57:52,36.87945,-76.32648,0.0,131.0,276.0,NAIAS,IMO9330800,V7KN8,70,5,225,32,14.0,70,A
367359930,2020-08-20T22:34:42,36.82407,-76.28905,0.0,261.2,511.0,SUNNY WILLIAMS,,WDE4940,80,0,25,8,,80,A
369390000,2020-08-20T23:18:04,36.87100,-76.34817,0.0,198.0,347.0,SAFMARINE MAFADI,IMO9314210,KRIJ,70,5,292,32,11.8,70,A
367932000,2020-08-20T22:42:07,36.94919,-76.32968,0.0,107.0,279.0,JOHN LENTHALL,IMO8325547,NJLN,80,5,193,29,,,A
366733250,2020-08-20T23:16:41,37.19616,-76.27577,2.7,133.9,511.0,ATLANTIC SURVEYOR,,WTR5417,70,15,31,7,,,A
477196100,2020-08-20T22:57:56,37.19472,-76.13652,0.1,307.9,48.0,DARYA MA,IMO9591674,VRJH5,70,1,229,32,14.5,,A
338403000,2020-08-20T23:16:24,36.92481,-76.32971,0.0,121.6,355.0,MAERSK HARTFORD,IMO9333008,WMHA,70,5,299,40,14.5,,A
338403000,2020-08-20T22:43:27,36.92473,-76.32964,0.0,121.6,355.0,MAERSK HARTFORD,IMO9333008,WMHA,70,5,299,40,14.5,,A
368026000,2020-08-20T22:36:20,36.86573,-76.31603,0.0,270.5,2.0,BENAVIDEZ,IMO9218210,NBHG,70,5,289,32,10.9,70,A
367861000,2020-08-20T22:45:01,36.94639,-76.32978,0.0,0.0,265.0,LARAMIE,IMO8906626,NLAR,80,5,193,29,,,A
538006982,2020-08-20T23:17:16,36.96258,-76.42365,0.0,44.0,40.0,ANTE TOPIC,IMO9737072,V7TR4,70,5,,,,,A
367932000,2020-08-20T23:18:08,36.94909,-76.32962,0.0,107.0,279.0,JOHN LENTHALL,IMO8325547,NJLN,80,5,193,29,,,A
477738200,2020-08-20T22:36:39,36.87748,-76.34979,0.0,95.9,347.0,COSCO PHILIPPINES,IMO9448762,VRGM7,70,5,334,42,14.5,72,A
366733250,2020-08-20T23:19:41,37.19452,-76.27358,2.9,129.9,511.0,ATLANTIC SURVEYOR,,WTR5417,70,15,31,7,,,A
367821000,2020-08-20T22:36:07,36.97286,-76.43367,0.0,0.0,511.0,YANO,IMO7825409,NAQH,70,0,276,32,13.0,70,A
368026000,2020-08-20T23:15:21,36.86574,-76.31603,0.0,270.5,2.0,BENAVIDEZ,IMO9218210,NBHG,70,5,289,32,10.9,70,A
477196100,2020-08-20T23:16:01,37.19510,-76.13674,0.1,313.8,60.0,DARYA MA,IMO9591674,VRJH5,70,1,229,32,14.5,,A
366733250,2020-08-20T23:17:51,37.19550,-76.27495,2.9,135.5,511.0,ATLANTIC SURVEYOR,,WTR5417,70,15,31,7,,,A
367821000,2020-08-20T23:00:07,36.97286,-76.43366,0.0,0.0,511.0,YANO,IMO7825409,NAQH,70,0,276,32,13.0,70,A
367932000,2020-08-20T23:15:09,36.94916,-76.32961,0.0,107.0,279.0,JOHN LENTHALL,IMO8325547,NJLN,80,5,193,29,,,A
215677000,2020-08-20T23:16:56,36.96287,-76.42420,0.0,147.3,39.0,RIZE,IMO9584035,9HA2781,70,5,229,32,14.5,,A
538002652,2020-08-20T23:18:51,36.87943,-76.32643,0.0,131.0,276.0,NAIAS,IMO9330800,V7KN8,70,5,225,32,14.0,70,A
477738200,2020-08-20T23:00:37,36.87754,-76.34964,0.0,92.0,347.0,COSCO PHILIPPINES,IMO9448762,VRGM7,70,5,334,42,14.5,72,A
338403000,2020-08-20T23:19:28,36.92477,-76.32973,0.0,121.6,355.0,MAERSK HARTFORD,IMO9333008,WMHA,70,5,299,40,14.5,,A
538006982,2020-08-20T23:20:16,36.96259,-76.42362,0.0,44.0,40.0,ANTE TOPIC,IMO9737072,V7TR4,70,5,,,,,A
477196100,2020-08-20T23:19:00,37.19514,-76.13678,0.1,291.7,63.0,DARYA MA,IMO9591674,VRJH5,70,1,229,32,14.5,,A
367861000,2020-08-20T23:18:01,36.94638,-76.32983,0.0,0.0,265.0,LARAMIE,IMO8906626,NLAR,80,5,193,29,,,A
367821000,2020-08-20T23:20:27,36.97283,-76.43364,0.0,0.0,511.0,YANO,IMO7825409,NAQH,70,0,276,32,13.0,70,A
369390000,2020-08-20T23:21:06,36.87095,-76.34820,0.0,232.0,347.0,SAFMARINE MAFADI,IMO9314210,KRIJ,70,5,292,32,11.8,70,A
366733250,2020-08-20T23:20:51,37.19393,-76.27265,2.8,128.8,511.0,ATLANTIC SURVEYOR,,WTR5417,70,15,31,7,,,A
367822000,2020-08-20T22:47:54,36.97316,-76.43383,0.0,0.0,238.0,USNS SHUGHART,IMO7825394,NAOQ,70,5,276,32,13.0,70,A
367821000,2020-08-20T23:21:47,36.97283,-76.43364,0.0,0.0,511.0,YANO,IMO7825409,NAQH,70,0,276,32,13.0,70,A
368026000,2020-08-20T23:18:21,36.86575,-76.31605,0.0,270.5,2.0,BENAVIDEZ,IMO9218210,NBHG,70,5,289,32,10.9,70,A
367861000,2020-08-20T22:39:01,36.94641,-76.32976,0.0,0.0,265.0,LARAMIE,IMO8906626,NLAR,80,5,193,29,,,A
477738200,2020-08-20T23:21:38,36.87758,-76.34979,0.0,181.1,347.0,COSCO PHILIPPINES,IMO9448762,VRGM7,70,5,334,42,14.5,72,A
367821000,2020-08-20T22:39:18,36.97285,-76.43367,0.0,0.0,511.0,YANO,IMO7825409,NAQH,70,0,276,32,13.0,70,A
538002652,2020-08-20T22:39:51,36.87948,-76.32645,0.0,131.0,276.0,NAIAS,IMO9330800,V7KN8,70,5,225,32,14.0,70,A
367359930,2020-08-20T23:21:52,36.82405,-76.28906,0.0,259.8,511.0,SUNNY WILLIAMS,,WDE4940,80,0,25,8,,80,A
367932000,2020-08-20T22:39:09,36.94911,-76.32963,0.0,107.0,279.0,JOHN LENTHALL,IMO8325547,NJLN,80,5,193,29,,,A
477196100,2020-08-20T22:48:59,37.19458,-76.13623,0.1,11.0,42.0,DARYA MA,IMO9591674,VRJH5,70,1,229,32,14.5,,A
215677000,2020-08-20T23:22:56,36.96294,-76.42419,0.1,147.3,39.0,RIZE,IMO9584035,9HA2781,70,5,229,32,14.5,,A
338403000,2020-08-20T23:01:28,36.92483,-76.32970,0.0,355.1,355.0,MAERSK HARTFORD,IMO9333008,WMHA,70,5,299,40,14.5,,A
367821000,2020-08-20T22:40:27,36.97286,-76.43367,0.0,0.0,511.0,YANO,IMO7825409,NAQH,70,0,276,32,13.0,70,A
305855000,2020-08-20T23:22:10,37.00054,-76.21452,13.5,107.9,108.0,BBC PEARL,IMO9504786,V2FY8,70,0,153,23,9.1,70,A
366839000,2020-08-20T22:40:05,36.85350,-76.31080,0.0,0.0,40.0,CAPE RISE,IMO7530808,KAFG,70,5,197,32,10.0,,A
367821000,2020-08-20T23:02:27,36.97286,-76.43366,0.0,0.0,511.0,YANO,IMO7825409,NAQH,70,0,276,32,13.0,70,A
367821000,2020-08-20T23:22:57,36.97283,-76.43364,0.0,0.0,511.0,YANO,IMO7825409,NAQH,70,0,276,32,13.0,70,A
338403000,2020-08-20T23:22:25,36.92473,-76.32975,0.0,121.6,355.0,MAERSK HARTFORD,IMO9333008,WMHA,70,5,299,40,14.5,,A
367359930,2020-08-20T22:41:52,36.82405,-76.28905,0.0,264.0,511.0,SUNNY WILLIAMS,,WDE4940,80,0,25,8,,80,A
368026000,2020-08-20T23:24:20,36.86579,-76.31603,0.0,270.5,2.0,BENAVIDEZ,IMO9218210,NBHG,70,5,289,32,10.9,70,A
368026000,2020-08-20T23:03:21,36.86577,-76.31607,0.1,270.5,2.0,BENAVIDEZ,IMO9218210,NBHG,70,5,289,32,10.9,70,A
367822000,2020-08-20T22:50:55,36.97316,-76.43382,0.0,0.0,238.0,USNS SHUGHART,IMO7825394,NAOQ,70,5,276,32,13.0,70,A
477196100,2020-08-20T23:25:02,37.19516,-76.13679,0.1,4.2,63.0,DARYA MA,IMO9591674,VRJH5,70,1,229,32,14.5,,A
369390000,2020-08-20T22:54:06,36.87092,-76.34822,0.0,159.0,347.0,SAFMARINE MAFADI,IMO9314210,KRIJ,70,5,292,32,11.8,70,A
215677000,2020-08-20T23:25:55,36.96295,-76.42419,0.0,147.3,39.0,RIZE,IMO9584035,9HA2781,70,5,229,32,14.5,,A
538002652,2020-08-20T23:21:49,36.87945,-76.32643,0.0,131.0,276.0,NAIAS,IMO9330800,V7KN8,70,5,225,32,14.0,70,A
367359930,2020-08-20T23:25:53,36.82407,-76.28905,0.0,249.6,511.0,SUNNY WILLIAMS,,WDE4940,80,0,25,8,,80,A
367821000,2020-08-20T22:54:27,36.97286,-76.43366,0.0,0.0,511.0,YANO,IMO7825409,NAQH,70,0,276,32,13.0,70,A
367821000,2020-08-20T23:25:48,36.97283,-76.43364,0.0,0.0,511.0,YANO,IMO7825409,NAQH,70,0,276,32,13.0,70,A
367359930,2020-08-20T22:43:01,36.82404,-76.28906,0.0,265.2,511.0,SUNNY WILLIAMS,,WDE4940,80,0,25,8,,80,A
266338000,2020-08-20T23:23:50,37.03925,-76.06772,17.3,323.3,324.0,FIGARO,IMO9505041,SMIO,70,0,231,32,11.3,,A
538006982,2020-08-20T23:23:16,36.96256,-76.42364,0.0,44.0,40.0,ANTE TOPIC,IMO9737072,V7TR4,70,5,,,,,A
367359930,2020-08-20T23:27:02,36.82406,-76.28904,0.0,246.3,511.0,SUNNY WILLIAMS,,WDE4940,80,0,25,8,,80,A
367821000,2020-08-20T23:26:57,36.97283,-76.43364,0.0,0.0,511.0,YANO,IMO7825409,NAQH,70,0,276,32,13.0,70,A
338403000,2020-08-20T23:25:28,36.92472,-76.32973,0.0,121.6,355.0,MAERSK HARTFORD,IMO9333008,WMHA,70,5,299,40,14.5,,A
367821000,2020-08-20T23:05:57,36.97286,-76.43366,0.0,0.0,511.0,YANO,IMO7825409,NAQH,70,0,276,32,13.0,70,A
538006982,2020-08-20T23:26:16,36.96261,-76.42363,0.0,44.0,40.0,ANTE TOPIC,IMO9737072,V7TR4,70,5,,,,,A
305855000,2020-08-20T22:54:29,36.97875,-76.32575,10.8,48.0,48.0,BBC PEARL,IMO9504786,V2FY8,70,0,153,23,9.1,70,A
367822000,2020-08-20T23:05:55,36.97316,-76.43382,0.0,0.0,238.0,USNS SHUGHART,IMO7825394,NAOQ,70,5,276,32,13.0,70,A
367861000,2020-08-20T22:57:00,36.94637,-76.32984,0.0,0.0,265.0,LARAMIE,IMO8906626,NLAR,80,5,193,29,,,A
477738200,2020-08-20T22:45:40,36.87747,-76.34975,0.0,154.5,347.0,COSCO PHILIPPINES,IMO9448762,VRGM7,70,5,334,42,14.5,72,A
366839000,2020-08-20T23:07:05,36.85350,-76.31082,0.0,0.0,39.0,CAPE RISE,IMO7530808,KAFG,70,5,197,32,10.0,,A
477196100,2020-08-20T23:07:00,37.19481,-76.13657,0.1,340.1,54.0,DARYA MA,IMO9591674,VRJH5,70,1,229,32,14.5,,A
366733250,2020-08-20T22:46:22,37.21236,-76.29871,2.9,130.7,511.0,ATLANTIC SURVEYOR,,WTR5417,70,15,31,7,,,A
477738200,2020-08-20T23:06:39,36.87752,-76.34973,0.0,92.0,347.0,COSCO PHILIPPINES,IMO9448762,VRGM7,70,5,334,42,14.5,72,A
477738200,2020-08-20T23:24:37,36.87756,-76.34986,0.0,181.1,347.0,COSCO PHILIPPINES,IMO9448762,VRGM7,70,5,334,42,14.5,72,A
266338000,2020-08-20T23:26:02,37.04760,-76.07575,17.0,322.3,323.0,FIGARO,IMO9505041,SMIO,70,0,231,32,11.3,,A
367359930,2020-08-20T22:57:42,36.82408,-76.28905,0.0,221.8,511.0,SUNNY WILLIAMS,,WDE4940,80,0,25,8,,80,A
366733250,2020-08-20T23:28:21,37.19031,-76.26644,2.8,122.6,511.0,ATLANTIC SURVEYOR,,WTR5417,70,15,31,7,,,A
367822000,2020-08-20T23:26:55,36.97318,-76.43378,0.0,0.0,238.0,USNS SHUGHART,IMO7825394,NAOQ,70,5,276,32,13.0,70,A
538002652,2020-08-20T23:27:50,36.87948,-76.32640,0.0,131.0,276.0,NAIAS,IMO9330800,V7KN8,70,5,225,32,14.0,70,A
305855000,2020-08-20T23:26:10,36.99584,-76.19662,13.5,108.2,107.0,BBC PEARL,IMO9504786,V2FY8,70,0,153,23,9.1,70,A
366733250,2020-08-20T23:29:42,37.18973,-76.26526,3.0,120.6,511.0,ATLANTIC SURVEYOR,,WTR5417,70,15,31,7,,,A
367821000,2020-08-20T23:08:17,36.97286,-76.43366,0.0,0.0,511.0,YANO,IMO7825409,NAQH,70,0,276,32,13.0,70,A
369390000,2020-08-20T23:30:05,36.87100,-76.34817,0.0,265.0,347.0,SAFMARINE MAFADI,IMO9314210,KRIJ,70,5,292,32,11.8,70,A
367932000,2020-08-20T22:57:09,36.94919,-76.32972,0.0,107.0,279.0,JOHN LENTHALL,IMO8325547,NJLN,80,5,193,29,,,A
367822000,2020-08-20T23:08:55,36.97316,-76.43382,0.0,0.0,238.0,USNS SHUGHART,IMO7825394,NAOQ,70,5,276,32,13.0,70,A
215677000,2020-08-20T23:28:57,36.96291,-76.42420,0.0,147.3,39.0,RIZE,IMO9584035,9HA2781,70,5,229,32,14.5,,A
367821000,2020-08-20T23:31:17,36.97283,-76.43363,0.0,0.0,511.0,YANO,IMO7825409,NAQH,70,0,276,32,13.0,70,A
366733250,2020-08-20T23:32:42,37.18842,-76.26277,2.6,124.9,511.0,ATLANTIC SURVEYOR,,WTR5417,70,15,31,7,,,A
305855000,2020-08-20T23:27:49,36.99403,-76.18931,13.4,107.1,106.0,BBC PEARL,IMO9504786,V2FY8,70,0,153,23,9.1,70,A
538002652,2020-08-20T23:30:53,36.87952,-76.32632,0.0,131.0,276.0,NAIAS,IMO9330800,V7KN8,70,5,225,32,14.0,70,A
477738200,2020-08-20T23:30:39,36.87754,-76.34956,0.0,181.1,347.0,COSCO PHILIPPINES,IMO9448762,VRGM7,70,5,334,42,14.5,72,A
367359930,2020-08-20T23:31:02,36.82404,-76.28905,0.0,234.0,511.0,SUNNY WILLIAMS,,WDE4940,80,0,25,8,,80,A
477196100,2020-08-20T23:31:01,37.19538,-76.13689,0.1,318.0,69.0,DARYA MA,IMO9591674,VRJH5,70,1,229,32,14.5,,A
366839000,2020-08-20T23:10:05,36.85347,-76.31081,0.0,0.0,39.0,CAPE RISE,IMO7530808,KAFG,70,5,197,32,10.0,,A
367932000,2020-08-20T23:30:07,36.94915,-76.32958,0.0,107.0,279.0,JOHN LENTHALL,IMO8325547,NJLN,80,5,193,29,,,A
215677000,2020-08-20T22:58:55,36.96290,-76.42421,0.1,147.3,40.0,RIZE,IMO9584035,9HA2781,70,5,229,32,14.5,,A
367861000,2020-08-20T23:00:00,36.94642,-76.32981,0.0,0.0,265.0,LARAMIE,IMO8906626,NLAR,80,5,193,29,,,A
477196100,2020-08-20T23:28:02,37.19531,-76.13681,0.1,319.1,66.0,DARYA MA,IMO9591674,VRJH5,70,1,229,32,14.5,,A
305855000,2020-08-20T22:50:48,36.97101,-76.33450,9.7,23.0,25.0,BBC PEARL,IMO9504786,V2FY8,70,0,153,23,9.1,70,A
367861000,2020-08-20T22:50:59,36.94641,-76.32972,0.0,0.0,265.0,LARAMIE,IMO8906626,NLAR,80,5,193,29,,,A
538006982,2020-08-20T23:11:16,36.96260,-76.42363,0.0,41.9,40.0,ANTE TOPIC,IMO9737072,V7TR4,70,5,,,,,A
538006982,2020-08-20T23:32:16,36.96263,-76.42362,0.0,44.0,40.0,ANTE TOPIC,IMO9737072,V7TR4,70,5,,,,,A
369390000,2020-08-20T23:33:06,36.87100,-76.34819,0.0,228.0,347.0,SAFMARINE MAFADI,IMO9314210,KRIJ,70,5,292,32,11.8,70,A
366839000,2020-08-20T23:01:09,36.85349,-76.31084,0.0,0.0,40.0,CAPE RISE,IMO7530808,KAFG,70,5,197,32,10.0,,A
368026000,2020-08-20T23:33:21,36.86575,-76.31603,0.0,270.5,2.0,BENAVIDEZ,IMO9218210,NBHG,70,5,289,32,10.9,70,A
367861000,2020-08-20T23:33:00,36.94644,-76.32981,0.0,0.0,265.0,LARAMIE,IMO8906626,NLAR,80,5,193,29,,,A
367821000,2020-08-20T23:33:17,36.97283,-76.43363,0.0,0.0,511.0,YANO,IMO7825409,NAQH,70,0,276,32,13.0,70,A
538002652,2020-08-20T23:33:52,36.87948,-76.32640,0.0,131.0,276.0,NAIAS,IMO9330800,V7KN8,70,5,225,32,14.0,70,A
305855000,2020-08-20T23:28:59,36.99275,-76.18408,13.5,106.9,107.0,BBC PEARL,IMO9504786,V2FY8,70,0,153,23,9.1,70,A
305855000,2020-08-20T22:51:59,36.97377,-76.33237,10.0,36.9,40.0,BBC PEARL,IMO9504786,V2FY8,70,0,153,23,9.1,70,A
367932000,2020-08-20T22:51:08,36.94920,-76.32973,0.0,107.0,279.0,JOHN LENTHALL,IMO8325547,NJLN,80,5,193,29,,,A
367861000,2020-08-20T23:30:01,36.94643,-76.32986,0.0,0.0,265.0,LARAMIE,IMO8906626,NLAR,80,5,193,29,,,A
369390000,2020-08-20T23:12:06,36.87098,-76.34821,0.0,4.0,347.0,SAFMARINE MAFADI,IMO9314210,KRIJ,70,5,292,32,11.8,70,A
305855000,2020-08-20T23:34:39,36.98635,-76.15914,13.2,107.2,107.0,BBC PEARL,IMO9504786,V2FY8,70,0,153,23,9.1,70,A
477196100,2020-08-20T23:33:51,37.19535,-76.13688,0.1,318.0,72.0,DARYA MA,IMO9591674,VRJH5,70,1,229,32,14.5,,A
215677000,2020-08-20T23:34:56,36.96295,-76.42417,0.1,147.3,39.0,RIZE,IMO9584035,9HA2781,70,5,229,32,14.5,,A
367932000,2020-08-20T23:12:08,36.94915,-76.32967,0.0,107.0,279.0,JOHN LENTHALL,IMO8325547,NJLN,80,5,193,29,,,A
366839000,2020-08-20T23:34:08,36.85350,-76.31081,0.0,0.0,39.0,CAPE RISE,IMO7530808,KAFG,70,5,197,32,10.0,,A
366839000,2020-08-20T22:52:09,36.85351,-76.31085,0.0,0.0,40.0,CAPE RISE,IMO7530808,KAFG,70,5,197,32,10.0,,A
367359930,2020-08-20T23:34:22,36.82405,-76.28904,0.0,224.6,511.0,SUNNY WILLIAMS,,WDE4940,80,0,25,8,,80,A
366733250,2020-08-20T23:31:21,37.18902,-76.26389,2.8,122.2,511.0,ATLANTIC SURVEYOR,,WTR5417,70,15,31,7,,,A
305855000,2020-08-20T23:30:10,36.99142,-76.17890,13.4,108.0,108.0,BBC PEARL,IMO9504786,V2FY8,70,0,153,23,9.1,70,A
367821000,2020-08-20T23:34:48,36.97283,-76.43363,0.0,0.0,511.0,YANO,IMO7825409,NAQH,70,0,276,32,13.0,70,A
367359930,2020-08-20T22:55:42,36.82408,-76.28905,0.0,235.2,511.0,SUNNY WILLIAMS,,WDE4940,80,0,25,8,,80,A
367359930,2020-08-20T23:13:42,36.82407,-76.28904,0.0,220.2,511.0,SUNNY WILLIAMS,,WDE4940,80,0,25,8,,80,A
367821000,2020-08-20T23:14:18,36.97283,-76.43364,0.0,0.0,511.0,YANO,IMO7825409,NAQH,70,0,276,32,13.0,70,A
338403000,2020-08-20T23:13:28,36.92483,-76.32976,0.0,121.6,355.0,MAERSK HARTFORD,IMO9333008,WMHA,70,5,299,40,14.5,,A
367821000,2020-08-20T23:35:57,36.97283,-76.43363,0.0,0.0,511.0,YANO,IMO7825409,NAQH,70,0,276,32,13.0,70,A
366733250,2020-08-20T22:56:32,37.20685,-76.29097,3.0,130.0,511.0,ATLANTIC SURVEYOR,,WTR5417,70,15,31,7,,,A
366733250,2020-08-20T23:37:01,37.18603,-76.25954,2.9,135.2,511.0,ATLANTIC SURVEYOR,,WTR5417,70,15,31,7,,,A
367861000,2020-08-20T23:35:59,36.94640,-76.32989,0.0,0.0,265.0,LARAMIE,IMO8906626,NLAR,80,5,193,29,,,A
215677000,2020-08-20T23:13:59,36.96293,-76.42418,0.0,147.3,39.0,RIZE,IMO9584035,9HA2781,70,5,229,32,14.5,,A
367359930,2020-08-20T23:02:22,36.82406,-76.28904,0.0,207.0,511.0,SUNNY WILLIAMS,,WDE4940,80,0,25,8,,80,A
477196100,2020-08-20T23:36:52,37.19529,-76.13687,0.1,318.0,70.0,DARYA MA,IMO9591674,VRJH5,70,1,229,32,14.5,,A
367821000,2020-08-20T23:37:08,36.97283,-76.43362,0.0,0.0,511.0,YANO,IMO7825409,NAQH,70,0,276,32,13.0,70,A
338403000,2020-08-20T22:55:27,36.92480,-76.32967,0.0,355.1,355.0,MAERSK HARTFORD,IMO9333008,WMHA,70,5,299,40,14.5,,A
266338000,2020-08-20T23:34:32,37.08114,-76.10418,17.2,330.1,331.0,FIGARO,IMO9505041,SMIO,70,0,231,32,11.3,,A
305855000,2020-08-20T23:38:00,36.98244,-76.14454,13.2,109.2,109.0,BBC PEARL,IMO9504786,V2FY8,70,0,153,23,9.1,70,A
366733250,2020-08-20T23:15:32,37.19682,-76.27660,2.9,132.9,511.0,ATLANTIC SURVEYOR,,WTR5417,70,15,31,7,,,A
338794000,2020-08-20T23:35:08,37.05036,-76.07839,17.1,320.9,322.0,ARC INDEPENDENCE,IMO9332925,WAIE,70,0,228,32,8.3,70,A
366733250,2020-08-20T23:03:22,37.20330,-76.28563,2.9,128.2,511.0,ATLANTIC SURVEYOR,,WTR5417,70,15,31,7,,,A
367821000,2020-08-20T23:39:27,36.97283,-76.43362,0.0,0.0,511.0,YANO,IMO7825409,NAQH,70,0,276,32,13.0,70,A
366733250,2020-08-20T23:38:51,37.18493,-76.25815,3.0,136.3,511.0,ATLANTIC SURVEYOR,,WTR5417,70,15,31,7,,,A
369390000,2020-08-20T23:39:05,36.87100,-76.34817,0.0,226.0,347.0,SAFMARINE MAFADI,IMO9314210,KRIJ,70,5,292,32,11.8,70,A
538002652,2020-08-20T23:36:52,36.87943,-76.32637,0.0,131.0,276.0,NAIAS,IMO9330800,V7KN8,70,5,225,32,14.0,70,A
366839000,2020-08-20T23:40:08,36.85349,-76.31084,0.0,0.0,39.0,CAPE RISE,IMO7530808,KAFG,70,5,197,32,10.0,,A
367932000,2020-08-20T23:39:09,36.94913,-76.32950,0.0,107.0,279.0,JOHN LENTHALL,IMO8325547,NJLN,80,5,193,29,,,A
538006982,2020-08-20T23:05:16,36.96262,-76.42360,0.1,49.4,40.0,ANTE TOPIC,IMO9737072,V7TR4,70,5,,,,,A
305855000,2020-08-20T23:40:11,36.97974,-76.13519,13.1,107.7,106.0,BBC PEARL,IMO9504786,V2FY8,70,0,153,23,9.1,70,A
369390000,2020-08-20T23:00:06,36.87096,-76.34823,0.0,14.0,347.0,SAFMARINE MAFADI,IMO9314210,KRIJ,70,5,292,32,11.8,70,A
366733250,2020-08-20T23:00:01,37.20504,-76.28825,3.1,130.0,511.0,ATLANTIC SURVEYOR,,WTR5417,70,15,31,7,,,A
538002652,2020-08-20T23:39:51,36.87945,-76.32642,0.0,131.0,276.0,NAIAS,IMO9330800,V7KN8,70,5,225,32,14.0,70,A
338794000,2020-08-20T23:41:09,37.07368,-76.09933,17.2,329.4,331.0,ARC INDEPENDENCE,IMO9332925,WAIE,70,0,228,32,8.3,70,A
477738200,2020-08-20T23:39:38,36.87783,-76.34955,0.1,172.9,347.0,COSCO PHILIPPINES,IMO9448762,VRGM7,70,5,334,42,14.5,72,A
367359930,2020-08-20T23:01:12,36.82407,-76.28906,0.0,210.3,511.0,SUNNY WILLIAMS,,WDE4940,80,0,25,8,,80,A
367821000,2020-08-20T23:41:47,36.97283,-76.43362,0.0,0.0,511.0,YANO,IMO7825409,NAQH,70,0,276,32,13.0,70,A
366733250,2020-08-20T23:41:51,37.18328,-76.25603,2.8,135.9,511.0,ATLANTIC SURVEYOR,,WTR5417,70,15,31,7,,,A
538002652,2020-08-20T23:00:52,36.87953,-76.32637,0.0,131.0,276.0,NAIAS,IMO9330800,V7KN8,70,5,225,32,14.0,70,A
538002652,2020-08-20T23:42:52,36.87945,-76.32635,0.0,131.0,276.0,NAIAS,IMO9330800,V7KN8,70,5,225,32,14.0,70,A
477196100,2020-08-20T23:42:55,37.19508,-76.13676,0.1,158.3,61.0,DARYA MA,IMO9591674,VRJH5,70,1,229,32,14.5,,A
367821000,2020-08-20T23:42:58,36.97283,-76.43362,0.0,0.0,511.0,YANO,IMO7825409,NAQH,70,0,276,32,13.0,70,A
338794000,2020-08-20T23:42:27,37.07900,-76.10300,17.2,330.7,333.0,ARC INDEPENDENCE,IMO9332925,WAIE,70,0,228,32,8.3,70,A
366733250,2020-08-20T23:45:21,37.18141,-76.25361,2.6,135.2,511.0,ATLANTIC SURVEYOR,,WTR5417,70,15,31,7,,,A
367932000,2020-08-20T23:42:08,36.94908,-76.32962,0.0,107.0,279.0,JOHN LENTHALL,IMO8325547,NJLN,80,5,193,29,,,A
266338000,2020-08-20T23:40:56,37.10800,-76.12283,17.3,329.8,331.0,FIGARO,IMO9505041,SMIO,70,0,231,32,11.3,,A
215677000,2020-08-20T23:01:57,36.96290,-76.42421,0.0,147.3,39.0,RIZE,IMO9584035,9HA2781,70,5,229,32,14.5,,A
215677000,2020-08-20T23:07:58,36.96292,-76.42420,0.0,147.3,39.0,RIZE,IMO9584035,9HA2781,70,5,229,32,14.5,,A
367821000,2020-08-20T23:19:18,36.97283,-76.43364,0.0,0.0,511.0,YANO,IMO7825409,NAQH,70,0,276,32,13.0,70,A
367861000,2020-08-20T23:45:01,36.94638,-76.32987,0.0,0.0,265.0,LARAMIE,IMO8906626,NLAR,80,5,193,29,,,A
266338000,2020-08-20T23:44:09,37.12129,-76.13264,17.1,330.9,332.0,FIGARO,IMO9505041,SMIO,70,0,231,32,11.3,,A
368026000,2020-08-20T23:09:20,36.86575,-76.31602,0.0,270.5,2.0,BENAVIDEZ,IMO9218210,NBHG,70,5,289,32,10.9,70,A
366733250,2020-08-20T23:43:41,37.18228,-76.25477,2.6,134.6,511.0,ATLANTIC SURVEYOR,,WTR5417,70,15,31,7,,,A
367359930,2020-08-20T23:41:12,36.82411,-76.28908,0.0,220.8,511.0,SUNNY WILLIAMS,,WDE4940,80,0,25,8,,80,A
367821000,2020-08-20T23:45:18,36.97283,-76.43362,0.0,0.0,511.0,YANO,IMO7825409,NAQH,70,0,276,32,13.0,70,A
477738200,2020-08-20T23:09:36,36.87754,-76.34978,0.1,78.2,347.0,COSCO PHILIPPINES,IMO9448762,VRGM7,70,5,334,42,14.5,72,A
305855000,2020-08-20T23:43:30,36.97610,-76.12071,13.1,107.6,107.0,BBC PEARL,IMO9504786,V2FY8,70,0,153,23,9.1,70,A
368026000,2020-08-20T23:42:20,36.86577,-76.31606,0.0,270.5,2.0,BENAVIDEZ,IMO9218210,NBHG,70,5,289,32,10.9,70,A
367932000,2020-08-20T23:03:07,36.94915,-76.32973,0.0,107.0,279.0,JOHN LENTHALL,IMO8325547,NJLN,80,5,193,29,,,A
305855000,2020-08-20T23:03:30,36.99786,-76.29734,12.9,57.2,57.0,BBC PEARL,IMO9504786,V2FY8,70,0,153,23,9.1,70,A
338794000,2020-08-20T23:45:09,37.09051,-76.11091,17.2,331.4,333.0,ARC INDEPENDENCE,IMO9332925,WAIE,70,0,228,32,8.3,70,A
215677000,2020-08-20T23:10:54,36.96294,-76.42421,0.0,147.3,39.0,RIZE,IMO9584035,9HA2781,70,5,229,32,14.5,,A
368026000,2020-08-20T23:45:21,36.86574,-76.31604,0.0,270.5,2.0,BENAVIDEZ,IMO9218210,NBHG,70,5,289,32,10.9,70,A
367359930,2020-08-20T23:46:02,36.82406,-76.28907,0.0,221.1,511.0,SUNNY WILLIAMS,,WDE4940,80,0,25,8,,80,A
367821000,2020-08-20T23:10:38,36.97286,-76.43362,0.0,0.0,511.0,YANO,IMO7825409,NAQH,70,0,276,32,13.0,70,A
477196100,2020-08-20T23:45:55,37.19507,-76.13672,0.0,158.3,58.0,DARYA MA,IMO9591674,VRJH5,70,1,229,32,14.5,,A
366839000,2020-08-20T23:46:10,36.85352,-76.31083,0.0,0.0,39.0,CAPE RISE,IMO7530808,KAFG,70,5,197,32,10.0,,A
305855000,2020-08-20T23:23:49,36.99862,-76.20720,13.5,108.1,107.0,BBC PEARL,IMO9504786,V2FY8,70,0,153,23,9.1,70,A
367821000,2020-08-20T23:44:08,36.97283,-76.43362,0.0,0.0,511.0,YANO,IMO7825409,NAQH,70,0,276,32,13.0,70,A
367821000,2020-08-20T23:48:38,36.97284,-76.43362,0.0,0.0,511.0,YANO,IMO7825409,NAQH,70,0,276,32,13.0,70,A
305855000,2020-08-20T23:44:40,36.97477,-76.11561,13.1,107.7,107.0,BBC PEARL,IMO9504786,V2FY8,70,0,153,23,9.1,70,A
305855000,2020-08-20T23:46:49,36.97246,-76.10635,13.2,106.8,108.0,BBC PEARL,IMO9504786,V2FY8,70,0,153,23,9.1,70,A
367359930,2020-08-20T23:12:41,36.82409,-76.28905,0.0,213.5,511.0,SUNNY WILLIAMS,,WDE4940,80,0,25,8,,80,A
367359930,2020-08-20T23:05:53,36.82408,-76.28903,0.0,203.7,511.0,SUNNY WILLIAMS,,WDE4940,80,0,25,8,,80,A
538002652,2020-08-20T23:45:51,36.87945,-76.32642,0.0,131.0,276.0,NAIAS,IMO9330800,V7KN8,70,5,225,32,14.0,70,A
366839000,2020-08-20T23:25:09,36.85350,-76.31080,0.0,0.0,39.0,CAPE RISE,IMO7530808,KAFG,70,5,197,32,10.0,,A
477196100,2020-08-20T23:48:56,37.19510,-76.13673,0.1,158.3,57.0,DARYA MA,IMO9591674,VRJH5,70,1,229,32,14.5,,A
477738200,2020-08-20T23:48:39,36.87754,-76.34977,0.1,155.8,347.0,COSCO PHILIPPINES,IMO9448762,VRGM7,70,5,334,42,14.5,72,A
366733250,2020-08-20T23:25:32,37.19168,-76.26879,3.0,125.3,511.0,ATLANTIC SURVEYOR,,WTR5417,70,15,31,7,,,A
305855000,2020-08-20T23:06:59,37.00351,-76.28351,12.9,77.9,79.0,BBC PEARL,IMO9504786,V2FY8,70,0,153,23,9.1,70,A
338794000,2020-08-20T23:51:57,37.11933,-76.13050,17.3,331.1,333.0,ARC INDEPENDENCE,IMO9332925,WAIE,70,0,228,32,8.3,70,A
215677000,2020-08-20T23:49:52,36.96291,-76.42419,0.0,147.3,39.0,RIZE,IMO9584035,9HA2781,70,5,229,32,14.5,,A
538006982,2020-08-20T23:50:16,36.96257,-76.42361,0.0,44.0,40.0,ANTE TOPIC,IMO9737072,V7TR4,70,5,,,,,A
366839000,2020-08-20T23:49:08,36.85350,-76.31083,0.0,0.0,39.0,CAPE RISE,IMO7530808,KAFG,70,5,197,32,10.0,,A
477738200,2020-08-20T23:51:37,36.87769,-76.34971,0.0,265.0,347.0,COSCO PHILIPPINES,IMO9448762,VRGM7,70,5,334,42,14.5,72,A
367932000,2020-08-20T23:27:08,36.94911,-76.32964,0.0,107.0,279.0,JOHN LENTHALL,IMO8325547,NJLN,80,5,193,29,,,A
366733250,2020-08-20T23:09:22,37.20010,-76.28110,2.8,128.9,511.0,ATLANTIC SURVEYOR,,WTR5417,70,15,31,7,,,A
538002652,2020-08-20T23:51:51,36.87943,-76.32640,0.0,131.0,276.0,NAIAS,IMO9330800,V7KN8,70,5,225,32,14.0,70,A
367359930,2020-08-20T23:08:22,36.82408,-76.28906,0.0,203.3,511.0,SUNNY WILLIAMS,,WDE4940,80,0,25,8,,80,A
369390000,2020-08-20T23:27:06,36.87103,-76.34819,0.0,187.0,347.0,SAFMARINE MAFADI,IMO9314210,KRIJ,70,5,292,32,11.8,70,A
367822000,2020-08-20T23:50:55,36.97315,-76.43379,0.0,0.0,238.0,USNS SHUGHART,IMO7825394,NAOQ,70,5,276,32,13.0,70,A
538006982,2020-08-20T00:14:16,36.96260,-76.42365,0.0,43.4,40.0,ANTE TOPIC,IMO9737072,V7TR4,70,5,,,,,A
366733250,2020-08-20T23:53:12,37.17785,-76.24993,2.0,295.5,511.0,ATLANTIC SURVEYOR,,WTR5417,70,15,31,7,,,A
266338000,2020-08-20T23:53:49,37.16370,-76.15250,16.8,353.5,355.0,FIGARO,IMO9505041,SMIO,70,0,231,32,11.3,,A
367861000,2020-08-20T23:27:00,36.94640,-76.32982,0.0,0.0,265.0,LARAMIE,IMO8906626,NLAR,80,5,193,29,,,A
367821000,2020-08-20T23:53:27,36.97284,-76.43362,0.0,0.0,511.0,YANO,IMO7825409,NAQH,70,0,276,32,13.0,70,A
367861000,2020-08-20T23:51:00,36.94639,-76.32983,0.0,0.0,265.0,LARAMIE,IMO8906626,NLAR,80,5,193,29,,,A
367932000,2020-08-20T23:51:09,36.94919,-76.32963,0.0,107.0,279.0,JOHN LENTHALL,IMO8325547,NJLN,80,5,193,29,,,A
538002652,2020-08-20T23:09:52,36.87957,-76.32632,0.0,131.0,276.0,NAIAS,IMO9330800,V7KN8,70,5,225,32,14.0,70,A
477196100,2020-08-20T23:10:00,37.19487,-76.13663,0.1,14.4,53.0,DARYA MA,IMO9591674,VRJH5,70,1,229,32,14.5,,A
367359930,2020-08-20T23:16:03,36.82407,-76.28906,0.0,237.1,511.0,SUNNY WILLIAMS,,WDE4940,80,0,25,8,,80,A
338403000,2020-08-20T23:55:26,36.92478,-76.32976,0.0,121.6,355.0,MAERSK HARTFORD,IMO9333008,WMHA,70,5,299,40,14.5,,A
338794000,2020-08-20T23:54:32,37.13006,-76.13844,17.1,329.1,331.0,ARC INDEPENDENCE,IMO9332925,WAIE,70,0,228,32,8.3,70,A
538006982,2020-08-20T23:53:16,36.96258,-76.42363,0.0,44.0,40.0,ANTE TOPIC,IMO9737072,V7TR4,70,5,,,,,A
305855000,2020-08-20T23:17:59,37.00539,-76.23311,13.4,107.7,108.0,BBC PEARL,IMO9504786,V2FY8,70,0,153,23,9.1,70,A
305855000,2020-08-20T23:55:39,36.96286,-76.06769,13.1,106.4,106.0,BBC PEARL,IMO9504786,V2FY8,70,0,153,23,9.1,70,A
367821000,2020-08-20T23:18:07,36.97282,-76.43364,0.0,0.0,511.0,YANO,IMO7825409,NAQH,70,0,276,32,13.0,70,A
338403000,2020-08-20T23:52:24,36.92485,-76.32971,0.0,121.6,355.0,MAERSK HARTFORD,IMO9333008,WMHA,70,5,299,40,14.5,,A
367822000,2020-08-20T23:17:55,36.97320,-76.43371,0.0,0.0,238.0,USNS SHUGHART,IMO7825394,NAOQ,70,5,276,32,13.0,70,A
477196100,2020-08-20T23:51:53,37.19520,-76.13678,0.1,333.8,62.0,DARYA MA,IMO9591674,VRJH5,70,1,229,32,14.5,,A
367359930,2020-08-20T23:52:02,36.82407,-76.28905,0.0,231.3,511.0,SUNNY WILLIAMS,,WDE4940,80,0,25,8,,80,A
366733250,2020-08-20T23:10:23,37.19958,-76.28037,2.8,128.5,511.0,ATLANTIC SURVEYOR,,WTR5417,70,15,31,7,,,A
305855000,2020-08-20T23:10:30,37.00621,-76.26749,13.4,76.9,76.0,BBC PEARL,IMO9504786,V2FY8,70,0,153,23,9.1,70,A
538002652,2020-08-20T23:54:49,36.87945,-76.32642,0.0,131.0,276.0,NAIAS,IMO9330800,V7KN8,70,5,225,32,14.0,70,A
367821000,2020-08-20T23:28:08,36.97283,-76.43363,0.0,0.0,511.0,YANO,IMO7825409,NAQH,70,0,276,32,13.0,70,A
367359930,2020-08-20T23:53:11,36.82407,-76.28905,0.0,228.1,511.0,SUNNY WILLIAMS,,WDE4940,80,0,25,8,,80,A
367359930,2020-08-20T23:18:31,36.82404,-76.28905,0.0,236.3,511.0,SUNNY WILLIAMS,,WDE4940,80,0,25,8,,80,A
367359930,2020-08-20T23:19:42,36.82404,-76.28905,0.0,251.0,511.0,SUNNY WILLIAMS,,WDE4940,80,0,25,8,,80,A
266338000,2020-08-20T23:55:14,37.17033,-76.15333,16.9,353.5,355.0,FIGARO,IMO9505041,SMIO,70,0,231,32,11.3,,A
215677000,2020-08-20T23:52:56,36.96291,-76.42419,0.0,147.3,39.0,RIZE,IMO9584035,9HA2781,70,5,229,32,14.5,,A
367359930,2020-08-20T23:58:12,36.82404,-76.28904,0.0,214.6,511.0,SUNNY WILLIAMS,,WDE4940,80,0,25,8,,80,A
338794000,2020-08-20T23:57:20,37.14144,-76.14703,17.0,332.3,335.0,ARC INDEPENDENCE,IMO9332925,WAIE,70,0,228,32,8.3,70,A
367359930,2020-08-20T23:54:12,36.82406,-76.28906,0.0,230.0,511.0,SUNNY WILLIAMS,,WDE4940,80,0,25,8,,80,A
367861000,2020-08-20T23:12:00,36.94641,-76.32977,0.0,0.0,265.0,LARAMIE,IMO8906626,NLAR,80,5,193,29,,,A
367821000,2020-08-20T23:57:08,36.97283,-76.43365,0.0,0.0,511.0,YANO,IMO7825409,NAQH,70,0,276,32,13.0,70,A
477738200,2020-08-20T23:12:38,36.87749,-76.34978,0.0,71.6,347.0,COSCO PHILIPPINES,IMO9448762,VRGM7,70,5,334,42,14.5,72,A
215677000,2020-08-20T23:55:52,36.96291,-76.42419,0.0,147.3,39.0,RIZE,IMO9584035,9HA2781,70,5,229,32,14.5,,A
366733250,2020-08-20T23:13:02,37.19819,-76.27839,2.9,133.1,511.0,ATLANTIC SURVEYOR,,WTR5417,70,15,31,7,,,A
305855000,2020-08-20T23:20:59,37.00194,-76.21988,13.5,108.0,107.0,BBC PEARL,IMO9504786,V2FY8,70,0,153,23,9.1,70,A
538006982,2020-08-20T23:29:16,36.96262,-76.42364,0.0,44.0,40.0,ANTE TOPIC,IMO9737072,V7TR4,70,5,,,,,A
367359930,2020-08-20T23:20:43,36.82405,-76.28905,0.0,252.3,511.0,SUNNY WILLIAMS,,WDE4940,80,0,25,8,,80,A
367359930,2020-08-20T23:55:23,36.82407,-76.28905,0.0,222.3,511.0,SUNNY WILLIAMS,,WDE4940,80,0,25,8,,80,A
368026000,2020-08-20T23:21:22,36.86574,-76.31603,0.0,270.5,2.0,BENAVIDEZ,IMO9218210,NBHG,70,5,289,32,10.9,70,A
366733250,2020-08-20T23:58:52,37.18106,-76.25519,3.5,306.2,511.0,ATLANTIC SURVEYOR,,WTR5417,70,15,31,7,,,A
366839000,2020-08-20T23:31:07,36.85350,-76.31085,0.0,0.0,39.0,CAPE RISE,IMO7530808,KAFG,70,5,197,32,10.0,,A
368026000,2020-08-20T23:30:21,36.86575,-76.31605,0.0,270.5,2.0,BENAVIDEZ,IMO9218210,NBHG,70,5,289,32,10.9,70,A
477196100,2020-08-20T23:57:57,37.19547,-76.13692,0.1,342.3,72.0,DARYA MA,IMO9591674,VRJH5,70,1,229,32,14.5,,A
338794000,2020-08-20T23:58:51,37.14807,-76.14996,16.5,347.4,351.0,ARC INDEPENDENCE,IMO9332925,WAIE,70,0,228,32,8.3,70,A
367932000,2020-08-20T23:57:08,36.94921,-76.32965,0.0,107.0,279.0,JOHN LENTHALL,IMO8325547,NJLN,80,5,193,29,,,A
266338000,2020-08-20T23:31:32,37.06876,-76.09521,17.1,329.2,330.0,FIGARO,IMO9505041,SMIO,70,0,231,32,11.3,,A
366839000,2020-08-20T23:58:07,36.85355,-76.31078,0.0,0.0,39.0,CAPE RISE,IMO7530808,KAFG,70,5,197,32,10.0,,A
367359930,2020-08-20T23:24:43,36.82408,-76.28905,0.0,258.2,511.0,SUNNY WILLIAMS,,WDE4940,80,0,25,8,,80,A
338403000,2020-08-20T23:58:24,36.92484,-76.32970,0.0,355.1,355.0,MAERSK HARTFORD,IMO9333008,WMHA,70,5,299,40,14.5,,A
538002652,2020-08-20T23:57:53,36.87945,-76.32643,0.1,336.0,276.0,NAIAS,IMO9330800,V7KN8,70,5,225,32,14.0,70,A
538006982,2020-08-20T23:59:16,36.96258,-76.42366,0.0,44.0,40.0,ANTE TOPIC,IMO9737072,V7TR4,70,5,,,,,A
367359930,2020-08-20T23:59:23,36.82408,-76.28908,0.0,217.2,511.0,SUNNY WILLIAMS,,WDE4940,80,0,25,8,,80,A
367359930,2020-08-20T23:33:13,36.82403,-76.28906,0.0,229.8,511.0,SUNNY WILLIAMS,,WDE4940,80,0,25,8,,80,A
367822000,2020-08-20T23:14:56,36.97316,-76.43382,0.0,0.0,238.0,USNS SHUGHART,IMO7825394,NAOQ,70,5,276,32,13.0,70,A
338794000,2020-08-20T23:59:57,37.15283,-76.15100,16.1,351.2,354.0,ARC INDEPENDENCE,IMO9332925,WAIE,70,0,228,32,8.3,70,A
367821000,2020-08-20T23:59:28,36.97283,-76.43364,0.0,0.0,511.0,YANO,IMO7825409,NAQH,70,0,276,32,13.0,70,A
538006982,2020-08-20T23:14:16,36.96261,-76.42362,0.0,44.0,40.0,ANTE TOPIC,IMO9737072,V7TR4,70,5,,,,,A
367359930,2020-08-20T23:14:51,36.82408,-76.28904,0.0,224.5,511.0,SUNNY WILLIAMS,,WDE4940,80,0,25,8,,80,A
338403000,2020-08-20T23:34:26,36.92479,-76.32970,0.0,121.6,355.0,MAERSK HARTFORD,IMO9333008,WMHA,70,5,299,40,14.5,,A
367822000,2020-08-20T23:32:55,36.97317,-76.43379,0.0,0.0,238.0,USNS SHUGHART,IMO7825394,NAOQ,70,5,276,32,13.0,70,A
366733250,2020-08-20T23:26:41,37.19109,-76.26783,2.9,127.9,511.0,ATLANTIC SURVEYOR,,WTR5417,70,15,31,7,,,A
305855000,2020-08-20T23:33:30,36.98759,-76.16409,13.2,107.4,107.0,BBC PEARL,IMO9504786,V2FY8,70,0,153,23,9.1,70,A
368026000,2020-08-20T23:36:20,36.86572,-76.31603,0.0,270.5,2.0,BENAVIDEZ,IMO9218210,NBHG,70,5,289,32,10.9,70,A
367359930,2020-08-20T23:35:23,36.82404,-76.28903,0.0,219.6,511.0,SUNNY WILLIAMS,,WDE4940,80,0,25,8,,80,A
367359930,2020-08-20T23:36:32,36.82406,-76.28904,0.0,216.8,511.0,SUNNY WILLIAMS,,WDE4940,80,0,25,8,,80,A
369390000,2020-08-20T23:36:05,36.87100,-76.34817,0.0,213.0,347.0,SAFMARINE MAFADI,IMO9314210,KRIJ,70,5,292,32,11.8,70,A
338794000,2020-08-20T23:38:08,37.06152,-76.08964,17.2,322.1,324.0,ARC INDEPENDENCE,IMO9332925,WAIE,70,0,228,32,8.3,70,A
266338000,2020-08-20T23:27:03,37.05139,-76.07940,17.3,322.4,323.0,FIGARO,IMO9505041,SMIO,70,0,231,32,11.3,,A
266338000,2020-08-20T23:35:38,37.08567,-76.10733,17.2,331.0,332.0,FIGARO,IMO9505041,SMIO,70,0,231,32,11.3,,A
538006982,2020-08-20T23:38:16,36.96256,-76.42365,0.0,44.0,40.0,ANTE TOPIC,IMO9737072,V7TR4,70,5,,,,,A
266338000,2020-08-20T23:37:14,37.09250,-76.11200,17.3,330.8,331.0,FIGARO,IMO9505041,SMIO,70,0,231,32,11.3,,A
367822000,2020-08-20T23:20:56,36.97318,-76.43375,0.0,0.0,238.0,USNS SHUGHART,IMO7825394,NAOQ,70,5,276,32,13.0,70,A
367861000,2020-08-20T23:39:01,36.94643,-76.32996,0.0,0.0,265.0,LARAMIE,IMO8906626,NLAR,80,5,193,29,,,A
367359930,2020-08-20T23:28:13,36.82405,-76.28905,0.0,242.9,511.0,SUNNY WILLIAMS,,WDE4940,80,0,25,8,,80,A
367359930,2020-08-20T23:29:53,36.82404,-76.28906,0.0,236.2,511.0,SUNNY WILLIAMS,,WDE4940,80,0,25,8,,80,A
366839000,2020-08-20T23:19:08,36.85350,-76.31084,0.0,0.0,39.0,CAPE RISE,IMO7530808,KAFG,70,5,197,32,10.0,,A
215677000,2020-08-20T23:19:57,36.96293,-76.42421,0.1,147.3,39.0,RIZE,IMO9584035,9HA2781,70,5,229,32,14.5,,A
266338000,2020-08-20T23:28:14,37.05596,-76.08382,17.1,322.2,323.0,FIGARO,IMO9505041,SMIO,70,0,231,32,11.3,,A
266338000,2020-08-20T23:29:32,37.06086,-76.08854,17.1,322.1,323.0,FIGARO,IMO9505041,SMIO,70,0,231,32,11.3,,A
367822000,2020-08-20T23:29:56,36.97318,-76.43378,0.0,0.0,238.0,USNS SHUGHART,IMO7825394,NAOQ,70,5,276,32,13.0,70,A
366839000,2020-08-20T23:22:05,36.85352,-76.31083,0.0,0.0,39.0,CAPE RISE,IMO7530808,KAFG,70,5,197,32,10.0,,A
305855000,2020-08-20T23:39:10,36.98093,-76.13951,13.2,110.5,109.0,BBC PEARL,IMO9504786,V2FY8,70,0,153,23,9.1,70,A
366733250,2020-08-20T23:22:41,37.19303,-76.27115,2.9,126.9,511.0,ATLANTIC SURVEYOR,,WTR5417,70,15,31,7,,,A
215677000,2020-08-20T23:40:55,36.96294,-76.42422,0.0,147.3,39.0,RIZE,IMO9584035,9HA2781,70,5,229,32,14.5,,A
538006982,2020-08-20T23:41:16,36.96264,-76.42364,0.0,44.0,40.0,ANTE TOPIC,IMO9737072,V7TR4,70,5,,,,,A
367861000,2020-08-20T23:41:59,36.94643,-76.32992,0.0,0.0,265.0,LARAMIE,IMO8906626,NLAR,80,5,193,29,,,A
338794000,2020-08-20T23:31:08,37.03529,-76.06400,17.1,322.9,325.0,ARC INDEPENDENCE,IMO9332925,WAIE,70,0,228,32,8.3,70,A
338794000,2020-08-20T23:32:33,37.04069,-76.06901,16.9,322.5,324.0,ARC INDEPENDENCE,IMO9332925,WAIE,70,0,228,32,8.3,70,A
367359930,2020-08-20T23:23:02,36.82407,-76.28906,0.0,264.4,511.0,SUNNY WILLIAMS,,WDE4940,80,0,25,8,,80,A
477196100,2020-08-20T23:39:57,37.19515,-76.13683,0.2,166.2,66.0,DARYA MA,IMO9591674,VRJH5,70,1,229,32,14.5,,A
477196100,2020-08-20T23:22:02,37.19510,-76.13678,0.1,291.7,63.0,DARYA MA,IMO9591674,VRJH5,70,1,229,32,14.5,,A
369390000,2020-08-20T23:42:06,36.87091,-76.34820,0.1,182.0,347.0,SAFMARINE MAFADI,IMO9314210,KRIJ,70,5,292,32,11.8,70,A
338403000,2020-08-20T23:31:29,36.92480,-76.32970,0.0,355.1,355.0,MAERSK HARTFORD,IMO9333008,WMHA,70,5,299,40,14.5,,A
305855000,2020-08-20T23:31:19,36.99007,-76.17373,13.3,107.8,107.0,BBC PEARL,IMO9504786,V2FY8,70,0,153,23,9.1,70,A
305855000,2020-08-20T23:32:29,36.98875,-76.16862,13.2,107.6,107.0,BBC PEARL,IMO9504786,V2FY8,70,0,153,23,9.1,70,A
367861000,2020-08-20T23:24:00,36.94643,-76.32982,0.0,0.0,265.0,LARAMIE,IMO8906626,NLAR,80,5,193,29,,,A
338794000,2020-08-20T23:33:38,37.04476,-76.07298,16.9,322.4,324.0,ARC INDEPENDENCE,IMO9332925,WAIE,70,0,228,32,8.3,70,A
305855000,2020-08-20T23:25:00,36.99722,-76.20183,13.5,108.2,107.0,BBC PEARL,IMO9504786,V2FY8,70,0,153,23,9.1,70,A
266338000,2020-08-20T23:43:03,37.11673,-76.12935,17.3,329.7,331.0,FIGARO,IMO9505041,SMIO,70,0,231,32,11.3,,A
366733250,2020-08-20T23:24:21,37.19223,-76.26976,3.0,124.3,511.0,ATLANTIC SURVEYOR,,WTR5417,70,15,31,7,,,A
538002652,2020-08-20T23:24:51,36.87947,-76.32643,0.0,131.0,276.0,NAIAS,IMO9330800,V7KN8,70,5,225,32,14.0,70,A
338794000,2020-08-20T23:46:15,37.09517,-76.11400,17.3,331.2,333.0,ARC INDEPENDENCE,IMO9332925,WAIE,70,0,228,32,8.3,70,A
367932000,2020-08-20T23:24:07,36.94906,-76.32973,0.0,107.0,279.0,JOHN LENTHALL,IMO8325547,NJLN,80,5,193,29,,,A
368026000,2020-08-20T23:27:20,36.86573,-76.31604,0.0,270.5,2.0,BENAVIDEZ,IMO9218210,NBHG,70,5,289,32,10.9,70,A
338794000,2020-08-20T23:47:39,37.10100,-76.11817,17.4,330.8,333.0,ARC INDEPENDENCE,IMO9332925,WAIE,70,0,228,32,8.3,70,A
367359930,2020-08-20T23:47:51,36.82407,-76.28906,0.0,221.7,511.0,SUNNY WILLIAMS,,WDE4940,80,0,25,8,,80,A
538006982,2020-08-20T23:35:16,36.96260,-76.42363,0.0,44.0,40.0,ANTE TOPIC,IMO9737072,V7TR4,70,5,,,,,A
366839000,2020-08-20T23:28:08,36.85349,-76.31077,0.0,0.0,39.0,CAPE RISE,IMO7530808,KAFG,70,5,197,32,10.0,,A
367821000,2020-08-20T23:46:27,36.97284,-76.43362,0.0,0.0,511.0,YANO,IMO7825409,NAQH,70,0,276,32,13.0,70,A
366733250,2020-08-20T23:46:32,37.18080,-76.25283,2.6,131.9,511.0,ATLANTIC SURVEYOR,,WTR5417,70,15,31,7,,,A
367821000,2020-08-20T23:29:17,36.97283,-76.43363,0.0,0.0,511.0,YANO,IMO7825409,NAQH,70,0,276,32,13.0,70,A
305855000,2020-08-20T23:36:49,36.98385,-76.14973,13.2,108.5,107.0,BBC PEARL,IMO9504786,V2FY8,70,0,153,23,9.1,70,A
367822000,2020-08-20T23:47:56,36.97315,-76.43379,0.0,0.0,238.0,USNS SHUGHART,IMO7825394,NAOQ,70,5,276,32,13.0,70,A
367821000,2020-08-20T23:38:18,36.97283,-76.43363,0.0,0.0,511.0,YANO,IMO7825409,NAQH,70,0,276,32,13.0,70,A
367932000,2020-08-20T23:48:08,36.94924,-76.32960,0.0,107.0,279.0,JOHN LENTHALL,IMO8325547,NJLN,80,5,193,29,,,A
338403000,2020-08-20T23:40:24,36.92478,-76.32966,0.0,121.6,355.0,MAERSK HARTFORD,IMO9333008,WMHA,70,5,299,40,14.5,,A
338794000,2020-08-20T23:40:02,37.06912,-76.09587,17.1,328.4,330.0,ARC INDEPENDENCE,IMO9332925,WAIE,70,0,228,32,8.3,70,A
367821000,2020-08-20T00:14:48,36.97285,-76.43366,0.0,0.0,511.0,YANO,IMO7825409,NAQH,70,0,276,32,13.0,70,A
367359930,2020-08-20T23:38:52,36.82406,-76.28906,0.0,217.6,511.0,SUNNY WILLIAMS,,WDE4940,80,0,25,8,,80,A
368026000,2020-08-20T23:39:20,36.86574,-76.31603,0.0,270.5,2.0,BENAVIDEZ,IMO9218210,NBHG,70,5,289,32,10.9,70,A
305855000,2020-08-20T23:52:50,36.96578,-76.07991,13.1,106.5,106.0,BBC PEARL,IMO9504786,V2FY8,70,0,153,23,9.1,70,A
367822000,2020-08-20T23:41:55,36.97315,-76.43378,0.0,0.0,238.0,USNS SHUGHART,IMO7825394,NAOQ,70,5,276,32,13.0,70,A
215677000,2020-08-20T23:31:56,36.96293,-76.42418,0.0,147.3,39.0,RIZE,IMO9584035,9HA2781,70,5,229,32,14.5,,A
305855000,2020-08-20T23:42:00,36.97778,-76.12723,13.1,106.8,106.0,BBC PEARL,IMO9504786,V2FY8,70,0,153,23,9.1,70,A
366733250,2020-08-20T23:34:01,37.18773,-76.26176,2.9,136.1,511.0,ATLANTIC SURVEYOR,,WTR5417,70,15,31,7,,,A
366733250,2020-08-20T23:35:21,37.18697,-76.26079,2.9,134.6,511.0,ATLANTIC SURVEYOR,,WTR5417,70,15,31,7,,,A
266338000,2020-08-20T23:52:38,37.15817,-76.15167,16.8,352.8,354.0,FIGARO,IMO9505041,SMIO,70,0,231,32,11.3,,A
367932000,2020-08-20T23:33:09,36.94912,-76.32949,0.0,107.0,279.0,JOHN LENTHALL,IMO8325547,NJLN,80,5,193,29,,,A
367359930,2020-08-20T23:44:22,36.82407,-76.28907,0.0,217.9,511.0,SUNNY WILLIAMS,,WDE4940,80,0,25,8,,80,A
215677000,2020-08-20T23:43:48,36.96295,-76.42419,0.1,147.3,39.0,RIZE,IMO9584035,9HA2781,70,5,229,32,14.5,,A
477738200,2020-08-20T23:42:38,36.87751,-76.34973,0.0,348.6,347.0,COSCO PHILIPPINES,IMO9448762,VRGM7,70,5,334,42,14.5,72,A
266338000,2020-08-20T23:42:02,37.11259,-76.12631,17.2,329.2,330.0,FIGARO,IMO9505041,SMIO,70,0,231,32,11.3,,A
477738200,2020-08-20T23:45:39,36.87764,-76.34972,0.0,348.6,347.0,COSCO PHILIPPINES,IMO9448762,VRGM7,70,5,334,42,14.5,72,A
368026000,2020-08-20T23:54:21,36.86576,-76.31606,0.0,270.5,2.0,BENAVIDEZ,IMO9218210,NBHG,70,5,289,32,10.9,70,A
338794000,2020-08-20T23:36:15,37.05450,-76.08250,17.2,321.9,324.0,ARC INDEPENDENCE,IMO9332925,WAIE,70,0,228,32,8.3,70,A
366733250,2020-08-20T23:54:21,37.17835,-76.25083,3.2,307.4,511.0,ATLANTIC SURVEYOR,,WTR5417,70,15,31,7,,,A
367078110,2020-08-20T00:16:25,36.83855,-76.28199,0.0,1.0,511.0,MARCELLE BORDELON,IMO9350379,WDJ2038,79,3,45,11,3.0,79,A
477738200,2020-08-20T23:54:38,36.87777,-76.34957,0.0,10.5,347.0,COSCO PHILIPPINES,IMO9448762,VRGM7,70,5,334,42,14.5,72,A
367822000,2020-08-20T23:35:56,36.97316,-76.43378,0.0,0.0,238.0,USNS SHUGHART,IMO7825394,NAOQ,70,5,276,32,13.0,70,A
367822000,2020-08-20T23:44:55,36.97315,-76.43379,0.0,0.0,238.0,USNS SHUGHART,IMO7825394,NAOQ,70,5,276,32,13.0,70,A
368026000,2020-08-20T23:48:20,36.86577,-76.31603,0.0,270.5,2.0,BENAVIDEZ,IMO9218210,NBHG,70,5,289,32,10.9,70,A
366733250,2020-08-20T23:48:41,37.17973,-76.25131,2.7,133.5,511.0,ATLANTIC SURVEYOR,,WTR5417,70,15,31,7,,,A
367932000,2020-08-20T23:36:08,36.94911,-76.32949,0.0,107.0,279.0,JOHN LENTHALL,IMO8325547,NJLN,80,5,193,29,,,A
367359930,2020-08-20T23:37:43,36.82405,-76.28903,0.0,217.8,511.0,SUNNY WILLIAMS,,WDE4940,80,0,25,8,,80,A
266338000,2020-08-20T23:46:44,37.13212,-76.14019,17.1,330.6,331.0,FIGARO,IMO9505041,SMIO,70,0,231,32,11.3,,A
367932000,2020-08-20T23:45:07,36.94913,-76.32974,0.0,107.0,279.0,JOHN LENTHALL,IMO8325547,NJLN,80,5,193,29,,,A
367822000,2020-08-20T23:56:55,36.97315,-76.43379,0.0,0.0,238.0,USNS SHUGHART,IMO7825394,NAOQ,70,5,276,32,13.0,70,A
305855000,2020-08-20T00:17:46,36.86429,-76.31476,0.0,104.0,226.0,BBC PEARL,IMO9504786,V2FY8,70,5,153,23,9.1,70,A
305855000,2020-08-20T23:49:39,36.96931,-76.09393,13.2,107.2,107.0,BBC PEARL,IMO9504786,V2FY8,70,0,153,23,9.1,70,A
367932000,2020-08-20T00:17:17,36.94918,-76.32970,0.0,107.0,279.0,JOHN LENTHALL,IMO8325547,NJLN,80,5,193,29,,,A
266338000,2020-08-20T23:47:50,37.13670,-76.14340,17.1,330.8,332.0,FIGARO,IMO9505041,SMIO,70,0,231,32,11.3,,A
367822000,2020-08-20T23:38:56,36.97316,-76.43378,0.0,0.0,238.0,USNS SHUGHART,IMO7825394,NAOQ,70,5,276,32,13.0,70,A
338403000,2020-08-20T23:49:22,36.92484,-76.32974,0.0,355.0,355.0,MAERSK HARTFORD,IMO9333008,WMHA,70,5,299,40,14.5,,A
215677000,2020-08-20T23:58:55,36.96288,-76.42421,0.0,147.3,39.0,RIZE,IMO9584035,9HA2781,70,5,229,32,14.5,,A
367821000,2020-08-20T23:50:37,36.97284,-76.43362,0.0,0.0,511.0,YANO,IMO7825409,NAQH,70,0,276,32,13.0,70,A
266338000,2020-08-20T23:49:08,37.14216,-76.14714,17.2,335.0,336.0,FIGARO,IMO9505041,SMIO,70,0,231,32,11.3,,A
266338000,2020-08-20T23:39:50,37.10342,-76.11968,17.3,330.9,332.0,FIGARO,IMO9505041,SMIO,70,0,231,32,11.3,,A
338794000,2020-08-20T23:50:26,37.11296,-76.12622,17.4,331.8,334.0,ARC INDEPENDENCE,IMO9332925,WAIE,70,0,228,32,8.3,70,A
367821000,2020-08-20T23:40:37,36.97283,-76.43362,0.0,0.0,511.0,YANO,IMO7825409,NAQH,70,0,276,32,13.0,70,A
266338000,2020-08-20T23:50:44,37.14939,-76.15017,17.0,348.2,350.0,FIGARO,IMO9505041,SMIO,70,0,231,32,11.3,,A
366733250,2020-08-20T23:40:42,37.18391,-76.25683,2.6,135.4,511.0,ATLANTIC SURVEYOR,,WTR5417,70,15,31,7,,,A
366733250,2020-08-20T23:49:51,37.17915,-76.25052,2.6,131.0,511.0,ATLANTIC SURVEYOR,,WTR5417,70,15,31,7,,,A
367359930,2020-08-20T23:43:13,36.82407,-76.28906,0.0,217.3,511.0,SUNNY WILLIAMS,,WDE4940,80,0,25,8,,80,A
366839000,2020-08-20T23:43:07,36.85348,-76.31088,0.0,0.0,39.0,CAPE RISE,IMO7530808,KAFG,70,5,197,32,10.0,,A
366839000,2020-08-20T23:52:09,36.85351,-76.31085,0.0,0.0,39.0,CAPE RISE,IMO7530808,KAFG,70,5,197,32,10.0,,A
338794000,2020-08-20T23:56:15,37.13700,-76.14367,17.0,328.8,331.0,ARC INDEPENDENCE,IMO9332925,WAIE,70,0,228,32,8.3,70,A
366839000,2020-08-20T23:55:07,36.85351,-76.31080,0.0,0.0,39.0,CAPE RISE,IMO7530808,KAFG,70,5,197,32,10.0,,A
367932000,2020-08-20T23:54:08,36.94920,-76.32963,0.0,107.0,279.0,JOHN LENTHALL,IMO8325547,NJLN,80,5,193,29,,,A
338794000,2020-08-20T23:49:08,37.10743,-76.12243,17.4,331.6,334.0,ARC INDEPENDENCE,IMO9332925,WAIE,70,0,228,32,8.3,70,A
338403000,2020-08-20T23:46:24,36.92486,-76.32972,0.0,355.0,355.0,MAERSK HARTFORD,IMO9333008,WMHA,70,5,299,40,14.5,,A
367861000,2020-08-20T23:57:00,36.94637,-76.32982,0.0,0.0,266.0,LARAMIE,IMO8906626,NLAR,80,5,193,29,,,A
369390000,2020-08-20T23:51:05,36.87100,-76.34817,0.0,56.0,347.0,SAFMARINE MAFADI,IMO9314210,KRIJ,70,5,292,32,11.8,70,A
368026000,2020-08-20T23:57:21,36.86576,-76.31602,0.0,270.5,2.0,BENAVIDEZ,IMO9218210,NBHG,70,5,289,32,10.9,70,A
368026000,2020-08-20T23:51:21,36.86577,-76.31602,0.0,270.5,2.0,BENAVIDEZ,IMO9218210,NBHG,70,5,289,32,10.9,70,A
305855000,2020-08-20T23:51:49,36.96690,-76.08443,13.2,107.8,108.0,BBC PEARL,IMO9504786,V2FY8,70,0,153,23,9.1,70,A
367822000,2020-08-20T23:53:54,36.97315,-76.43379,0.0,0.0,238.0,USNS SHUGHART,IMO7825394,NAOQ,70,5,276,32,13.0,70,A
367821000,2020-08-20T23:54:38,36.97282,-76.43365,0.0,0.0,511.0,YANO,IMO7825409,NAQH,70,0,276,32,13.0,70,A
366733250,2020-08-20T23:51:02,37.17858,-76.24972,2.5,133.2,511.0,ATLANTIC SURVEYOR,,WTR5417,70,15,31,7,,,A
211839000,2020-08-20T00:22:38,36.90660,-76.32668,0.0,352.0,352.0,CHICAGO EXPRESS,IMO9295268,DCUJ2,70,5,336,42,14.6,79,A
538006982,2020-08-20T23:56:16,36.96258,-76.42366,0.0,44.0,40.0,ANTE TOPIC,IMO9737072,V7TR4,70,5,,,,,A
366839000,2020-08-20T00:25:04,36.85348,-76.31085,0.0,0.0,39.0,CAPE RISE,IMO7530808,KAFG,70,5,197,32,10.0,,A
266338000,2020-08-20T23:56:56,37.17831,-76.15448,17.0,353.4,355.0,FIGARO,IMO9505041,SMIO,70,0,231,32,11.3,,A
367822000,2020-08-20T00:23:56,36.97311,-76.43384,0.0,0.0,238.0,USNS SHUGHART,IMO7825394,NAOQ,70,5,276,32,13.0,70,A
477196100,2020-08-20T00:24:45,37.19628,-76.13685,0.1,7.8,101.0,DARYA MA,IMO9591674,VRJH5,70,1,229,32,14.5,,A
367078110,2020-08-20T00:28:05,36.83856,-76.28198,0.0,248.0,511.0,MARCELLE BORDELON,IMO9350379,WDJ2038,79,3,45,11,3.0,79,A
367078110,2020-08-20T00:33:14,36.83856,-76.28199,0.0,263.0,511.0,MARCELLE BORDELON,IMO9350379,WDJ2038,79,3,45,11,3.0,79,A
366839000,2020-08-20T00:31:04,36.85350,-76.31083,0.0,0.0,39.0,CAPE RISE,IMO7530808,KAFG,70,5,197,32,10.0,,A
366839000,2020-08-20T00:34:01,36.85349,-76.31083,0.0,0.0,39.0,CAPE RISE,IMO7530808,KAFG,70,5,197,32,10.0,,A
367078110,2020-08-20T00:38:14,36.83857,-76.28197,0.0,199.0,511.0,MARCELLE BORDELON,IMO9350379,WDJ2038,79,3,45,11,3.0,79,A
367932000,2020-08-20T00:35:18,36.94915,-76.32967,0.0,107.0,279.0,JOHN LENTHALL,IMO8325547,NJLN,80,5,193,29,,,A
367821000,2020-08-20T00:45:57,36.97279,-76.43367,0.0,0.0,511.0,YANO,IMO7825409,NAQH,70,0,276,32,13.0,70,A
367821000,2020-08-20T00:49:08,36.97279,-76.43368,0.0,0.0,511.0,YANO,IMO7825409,NAQH,70,0,276,32,13.0,70,A
477866300,2020-08-20T00:46:25,36.92753,-76.32976,0.0,84.0,355.0,BILBAO BRIDGE,IMO9492701,VRHY6,70,5,269,35,11.0,74,A
367822000,2020-08-20T00:44:55,36.97311,-76.43384,0.0,0.0,238.0,USNS SHUGHART,IMO7825394,NAOQ,70,5,276,32,13.0,70,A
367822000,2020-08-20T00:47:55,36.97311,-76.43384,0.0,0.0,238.0,USNS SHUGHART,IMO7825394,NAOQ,70,5,276,32,13.0,70,A
477196100,2020-08-20T00:45:47,37.19685,-76.13651,0.1,10.2,123.0,DARYA MA,IMO9591674,VRJH5,70,1,229,32,14.5,,A
366839000,2020-08-20T00:45:59,36.85351,-76.31082,0.0,0.0,39.0,CAPE RISE,IMO7530808,KAFG,70,5,197,32,10.0,,A
305855000,2020-08-20T00:56:48,36.86427,-76.31475,0.0,94.7,226.0,BBC PEARL,IMO9504786,V2FY8,70,5,153,23,9.1,70,A
215677000,2020-08-20T00:54:08,37.23784,-76.11980,0.1,17.9,108.0,RIZE,IMO9584035,9HA2781,70,1,229,32,14.5,,A
538002652,2020-08-20T00:54:51,36.87948,-76.32643,0.0,117.0,276.0,NAIAS,IMO9330800,V7KN8,70,5,225,32,14.0,70,A
211839000,2020-08-20T00:55:51,36.90660,-76.32669,0.0,352.0,352.0,CHICAGO EXPRESS,IMO9295268,DCUJ2,70,5,336,42,14.6,79,A
367861000,2020-08-20T01:03:00,36.94632,-76.32981,0.0,0.0,265.0,LARAMIE,IMO8906626,NLAR,80,5,193,29,,,A
367822000,2020-08-20T00:59:55,36.97313,-76.43385,0.0,0.0,238.0,USNS SHUGHART,IMO7825394,NAOQ,70,5,276,32,13.0,70,A
477866300,2020-08-20T01:01:26,36.92734,-76.32986,0.0,81.2,355.0,BILBAO BRIDGE,IMO9492701,VRHY6,70,5,269,35,11.0,74,A
367078110,2020-08-20T01:02:26,36.83855,-76.28197,0.0,42.0,511.0,MARCELLE BORDELON,IMO9350379,WDJ2038,79,3,45,11,3.0,79,A
368026000,2020-08-20T01:03:20,36.86574,-76.31604,0.0,270.5,2.0,BENAVIDEZ,IMO9218210,NBHG,70,5,289,32,10.9,70,A
215677000,2020-08-20T01:06:00,37.23819,-76.11959,0.1,16.5,115.0,RIZE,IMO9584035,9HA2781,70,1,229,32,14.5,,A
305855000,2020-08-20T01:08:47,36.86427,-76.31474,0.0,33.7,226.0,BBC PEARL,IMO9504786,V2FY8,70,5,153,23,9.1,70,A
477866300,2020-08-20T01:10:24,36.92741,-76.32987,0.1,136.0,355.0,BILBAO BRIDGE,IMO9492701,VRHY6,70,5,269,35,11.0,74,A
538002652,2020-08-20T01:09:51,36.87950,-76.32647,0.0,117.0,276.0,NAIAS,IMO9330800,V7KN8,70,5,225,32,14.0,70,A
366839000,2020-08-20T01:10:00,36.85352,-76.31083,0.0,0.0,39.0,CAPE RISE,IMO7530808,KAFG,70,5,197,32,10.0,,A
366839000,2020-08-20T01:13:07,36.85349,-76.31083,0.0,0.0,39.0,CAPE RISE,IMO7530808,KAFG,70,5,197,32,10.0,,A
368026000,2020-08-20T01:15:20,36.86574,-76.31606,0.0,270.5,2.0,BENAVIDEZ,IMO9218210,NBHG,70,5,289,32,10.9,70,A
366839000,2020-08-20T01:16:03,36.85350,-76.31082,0.0,0.0,39.0,CAPE RISE,IMO7530808,KAFG,70,5,197,32,10.0,,A
367861000,2020-08-20T01:12:01,36.94643,-76.32976,0.0,0.0,265.0,LARAMIE,IMO8906626,NLAR,80,5,193,29,,,A
538002652,2020-08-20T01:15:51,36.87950,-76.32645,0.0,117.0,276.0,NAIAS,IMO9330800,V7KN8,70,5,225,32,14.0,70,A
477866300,2020-08-20T01:22:25,36.92739,-76.32988,0.0,155.0,355.0,BILBAO BRIDGE,IMO9492701,VRHY6,70,5,269,35,11.0,74,A
538006982,2020-08-20T01:20:16,36.96258,-76.42366,0.1,119.3,40.0,ANTE TOPIC,IMO9737072,V7TR4,70,5,,,,,A
367822000,2020-08-20T01:20:56,36.97311,-76.43382,0.0,0.0,239.0,USNS SHUGHART,IMO7825394,NAOQ,70,5,276,32,13.0,70,A
367821000,2020-08-20T01:21:47,36.97283,-76.43366,0.0,0.0,511.0,YANO,IMO7825409,NAQH,70,0,276,32,13.0,70,A
367078110,2020-08-20T01:18:44,36.83856,-76.28198,0.0,338.0,511.0,MARCELLE BORDELON,IMO9350379,WDJ2038,79,3,45,11,3.0,79,A
538002652,2020-08-20T01:21:51,36.87950,-76.32647,0.0,117.0,276.0,NAIAS,IMO9330800,V7KN8,70,5,225,32,14.0,70,A
367078110,2020-08-20T01:22:15,36.83855,-76.28198,0.0,265.0,511.0,MARCELLE BORDELON,IMO9350379,WDJ2038,79,3,45,11,3.0,79,A
367078110,2020-08-20T01:26:05,36.83854,-76.28198,0.0,299.0,511.0,MARCELLE BORDELON,IMO9350379,WDJ2038,79,3,45,11,3.0,79,A
367821000,2020-08-20T01:25:08,36.97282,-76.43365,0.0,0.0,511.0,YANO,IMO7825409,NAQH,70,0,276,32,13.0,70,A
366839000,2020-08-20T01:27:59,36.85349,-76.31081,0.0,0.0,39.0,CAPE RISE,IMO7530808,KAFG,70,5,197,32,10.0,,A
538006982,2020-08-20T01:29:16,36.96256,-76.42364,0.0,105.9,40.0,ANTE TOPIC,IMO9737072,V7TR4,70,5,,,,,A
368026000,2020-08-20T01:33:20,36.86577,-76.31604,0.0,270.5,2.0,BENAVIDEZ,IMO9218210,NBHG,70,5,289,32,10.9,70,A
367822000,2020-08-20T01:35:56,36.97311,-76.43382,0.0,0.0,239.0,USNS SHUGHART,IMO7825394,NAOQ,70,5,276,32,13.0,70,A
367078110,2020-08-20T01:37:04,36.83855,-76.28198,0.0,159.0,511.0,MARCELLE BORDELON,IMO9350379,WDJ2038,79,3,45,11,3.0,79,A
368026000,2020-08-20T01:39:21,36.86576,-76.31606,0.0,270.5,2.0,BENAVIDEZ,IMO9218210,NBHG,70,5,289,32,10.9,70,A
367932000,2020-08-20T01:41:16,36.94917,-76.32962,0.0,107.0,279.0,JOHN LENTHALL,IMO8325547,NJLN,80,5,193,29,,,A
367078110,2020-08-20T01:48:04,36.83855,-76.28198,0.0,255.0,511.0,MARCELLE BORDELON,IMO9350379,WDJ2038,79,3,45,11,3.0,79,A
477196100,2020-08-20T01:48:51,37.19763,-76.13559,0.1,37.8,145.0,DARYA MA,IMO9591674,VRJH5,70,1,229,32,14.5,,A
211839000,2020-08-20T01:50:15,36.90635,-76.32682,0.0,352.0,352.0,CHICAGO EXPRESS,IMO9295268,DCUJ2,70,5,336,42,14.6,79,A
367861000,2020-08-20T01:51:00,36.94638,-76.32981,0.0,0.0,265.0,LARAMIE,IMO8906626,NLAR,80,5,193,29,,,A
368026000,2020-08-20T01:54:20,36.86578,-76.31603,0.0,270.5,2.0,BENAVIDEZ,IMO9218210,NBHG,70,5,289,32,10.9,70,A
305855000,2020-08-20T01:56:47,36.86430,-76.31476,0.0,20.8,226.0,BBC PEARL,IMO9504786,V2FY8,70,5,153,23,9.1,70,A
305855000,2020-08-20T01:59:46,36.86430,-76.31477,0.0,26.2,226.0,BBC PEARL,IMO9504786,V2FY8,70,5,153,23,9.1,70,A
367821000,2020-08-20T01:53:57,36.97287,-76.43361,0.0,0.0,511.0,YANO,IMO7825409,NAQH,70,0,276,32,13.0,70,A
211839000,2020-08-20T01:56:18,36.90639,-76.32669,0.0,352.0,352.0,CHICAGO EXPRESS,IMO9295268,DCUJ2,70,5,336,42,14.6,79,A
367822000,2020-08-20T02:02:54,36.97310,-76.43381,0.0,0.0,238.0,USNS SHUGHART,IMO7825394,NAOQ,70,5,276,32,13.0,70,A
367078110,2020-08-20T02:01:15,36.83854,-76.28197,0.0,15.0,511.0,MARCELLE BORDELON,IMO9350379,WDJ2038,79,3,45,11,3.0,79,A
367822000,2020-08-20T02:05:56,36.97310,-76.43381,0.0,0.0,238.0,USNS SHUGHART,IMO7825394,NAOQ,70,5,276,32,13.0,70,A
367932000,2020-08-20T02:08:16,36.94914,-76.32967,0.0,107.0,279.0,JOHN LENTHALL,IMO8325547,NJLN,80,5,193,29,,,A
215677000,2020-08-20T02:09:07,37.23928,-76.11722,0.1,96.4,169.0,RIZE,IMO9584035,9HA2781,70,1,229,32,14.5,,A
367078110,2020-08-20T02:09:34,36.83854,-76.28198,0.0,215.0,511.0,MARCELLE BORDELON,IMO9350379,WDJ2038,79,3,45,11,3.0,79,A
367821000,2020-08-20T02:08:07,36.97285,-76.43363,0.0,0.0,511.0,YANO,IMO7825409,NAQH,70,0,276,32,13.0,70,A
367078110,2020-08-20T02:15:45,36.83857,-76.28194,0.2,72.0,511.0,MARCELLE BORDELON,IMO9350379,WDJ2038,79,3,45,11,3.0,79,A
211839000,2020-08-20T02:17:25,36.90660,-76.32676,0.0,353.0,353.0,CHICAGO EXPRESS,IMO9295268,DCUJ2,70,5,336,42,14.6,79,A
538006982,2020-08-20T02:20:16,36.96257,-76.42366,0.0,169.1,40.0,ANTE TOPIC,IMO9737072,V7TR4,70,5,,,,,A
477196100,2020-08-20T02:21:54,37.19790,-76.13479,0.1,37.8,159.0,DARYA MA,IMO9591674,VRJH5,70,1,229,32,14.5,,A
367932000,2020-08-20T02:20:18,36.94917,-76.32965,0.0,107.0,279.0,JOHN LENTHALL,IMO8325547,NJLN,80,5,193,29,,,A
367822000,2020-08-20T02:20:55,36.97311,-76.43382,0.0,0.0,238.0,USNS SHUGHART,IMO7825394,NAOQ,70,5,276,32,13.0,70,A
367861000,2020-08-20T02:24:00,36.94638,-76.32981,0.0,0.0,265.0,LARAMIE,IMO8906626,NLAR,80,5,193,29,,,A
367822000,2020-08-20T02:29:55,36.97310,-76.43381,0.0,0.0,238.0,USNS SHUGHART,IMO7825394,NAOQ,70,5,276,32,13.0,70,A
367078110,2020-08-20T02:26:34,36.84088,-76.28115,1.1,275.0,511.0,MARCELLE BORDELON,IMO9350379,WDJ2038,79,3,45,11,3.0,79,A
366839000,2020-08-20T02:25:06,36.85350,-76.31083,0.0,0.0,39.0,CAPE RISE,IMO7530808,KAFG,70,5,197,32,10.0,,A
355919000,2020-08-20T02:30:42,37.04005,-76.06830,14.8,321.3,320.0,MSC MARIA ELENA,IMO9304423,3EGR2,70,0,336,45,15.0,71,A
305855000,2020-08-20T02:29:48,36.86429,-76.31477,0.0,46.6,226.0,BBC PEARL,IMO9504786,V2FY8,70,5,153,23,9.1,70,A
538002652,2020-08-20T02:30:52,36.87947,-76.32645,0.0,33.0,276.0,NAIAS,IMO9330800,V7KN8,70,5,225,32,14.0,70,A
305855000,2020-08-20T02:35:47,36.86427,-76.31475,0.0,46.6,226.0,BBC PEARL,IMO9504786,V2FY8,70,5,153,23,9.1,70,A
215677000,2020-08-20T02:36:03,37.23936,-76.11686,0.0,96.4,181.0,RIZE,IMO9584035,9HA2781,70,1,229,32,14.5,,A
538002652,2020-08-20T02:36:52,36.87947,-76.32645,0.0,33.0,276.0,NAIAS,IMO9330800,V7KN8,70,5,225,32,14.0,70,A
367932000,2020-08-20T02:38:16,36.94917,-76.32964,0.0,107.0,279.0,JOHN LENTHALL,IMO8325547,NJLN,80,5,193,29,,,A
366839000,2020-08-20T02:34:01,36.85346,-76.31081,0.0,0.0,39.0,CAPE RISE,IMO7530808,KAFG,70,5,197,32,10.0,,A
367822000,2020-08-20T02:38:56,36.97311,-76.43382,0.0,0.0,238.0,USNS SHUGHART,IMO7825394,NAOQ,70,5,276,32,13.0,70,A
211839000,2020-08-20T02:41:36,36.90646,-76.32668,0.0,353.0,353.0,CHICAGO EXPRESS,IMO9295268,DCUJ2,70,5,336,42,14.6,79,A
477196100,2020-08-20T02:36:46,37.19788,-76.13428,0.1,37.8,168.0,DARYA MA,IMO9591674,VRJH5,70,1,229,32,14.5,,A
367078110,2020-08-20T02:40:46,36.85370,-76.30630,7.0,312.0,511.0,MARCELLE BORDELON,IMO9350379,WDJ2038,79,3,45,11,3.0,79,A
367861000,2020-08-20T02:42:01,36.94638,-76.32976,0.0,0.0,265.0,LARAMIE,IMO8906626,NLAR,80,5,193,29,,,A
367821000,2020-08-20T02:42:28,36.97279,-76.43367,0.0,0.0,511.0,YANO,IMO7825409,NAQH,70,0,276,32,13.0,70,A
538006982,2020-08-20T02:41:16,36.96259,-76.42365,0.0,169.1,40.0,ANTE TOPIC,IMO9737072,V7TR4,70,5,,,,,A
477866300,2020-08-20T02:46:23,36.92733,-76.32995,0.0,23.7,355.0,BILBAO BRIDGE,IMO9492701,VRHY6,70,5,269,35,11.0,74,A
215677000,2020-08-20T02:45:05,37.23938,-76.11687,0.0,96.4,182.0,RIZE,IMO9584035,9HA2781,70,1,229,32,14.5,,A
538006982,2020-08-20T02:50:16,36.96258,-76.42365,0.0,169.1,40.0,ANTE TOPIC,IMO9737072,V7TR4,70,5,,,,,A
215677000,2020-08-20T02:51:05,37.23931,-76.11682,0.1,96.4,181.0,RIZE,IMO9584035,9HA2781,70,1,229,32,14.5,,A
366839000,2020-08-20T02:52:03,36.85350,-76.31082,0.0,0.0,39.0,CAPE RISE,IMO7530808,KAFG,70,5,197,32,10.0,,A
211839000,2020-08-20T02:53:43,36.90665,-76.32663,0.0,353.0,353.0,CHICAGO EXPRESS,IMO9295268,DCUJ2,70,5,336,42,14.6,79,A
538002652,2020-08-20T02:57:52,36.87947,-76.32642,0.0,33.0,276.0,NAIAS,IMO9330800,V7KN8,70,5,225,32,14.0,70,A
367822000,2020-08-20T02:59:55,36.97312,-76.43382,0.0,0.0,238.0,USNS SHUGHART,IMO7825394,NAOQ,70,5,276,32,13.0,70,A
367821000,2020-08-20T02:57:38,36.97280,-76.43367,0.0,0.0,511.0,YANO,IMO7825409,NAQH,70,0,276,32,13.0,70,A
355919000,2020-08-20T03:00:00,37.14621,-76.14870,14.6,345.3,346.0,MSC MARIA ELENA,IMO9304423,3EGR2,70,0,336,45,15.0,71,A
538006982,2020-08-20T03:02:16,36.96255,-76.42362,0.0,169.1,40.0,ANTE TOPIC,IMO9737072,V7TR4,70,5,,,,,A
357928000,2020-08-20T03:03:38,37.33464,-76.12007,12.2,179.3,179.0,ROYAL KNIGHT,IMO9552355,3FMB9,70,0,196,32,12.7,70,A
215677000,2020-08-20T03:03:04,37.23935,-76.11666,0.0,96.4,189.0,RIZE,IMO9584035,9HA2781,70,1,229,32,14.5,,A
355919000,2020-08-20T03:02:13,37.15509,-76.15077,14.3,353.0,353.0,MSC MARIA ELENA,IMO9304423,3EGR2,70,0,336,45,15.0,71,A
538002652,2020-08-20T03:06:50,36.87945,-76.32647,0.0,33.0,276.0,NAIAS,IMO9330800,V7KN8,70,5,225,32,14.0,70,A
305855000,2020-08-20T03:08:46,36.86431,-76.31477,0.0,234.4,226.0,BBC PEARL,IMO9504786,V2FY8,70,5,153,23,9.1,70,A
538006982,2020-08-20T03:11:16,36.96257,-76.42366,0.0,169.1,40.0,ANTE TOPIC,IMO9737072,V7TR4,70,5,,,,,A
357928000,2020-08-20T03:13:19,37.30290,-76.12055,11.4,188.2,188.0,ROYAL KNIGHT,IMO9552355,3FMB9,70,0,196,32,12.7,70,A
211839000,2020-08-20T03:11:51,36.90653,-76.32672,0.0,353.0,353.0,CHICAGO EXPRESS,IMO9295268,DCUJ2,70,5,336,42,14.6,79,A
538006982,2020-08-20T03:14:16,36.96255,-76.42367,0.0,169.1,40.0,ANTE TOPIC,IMO9737072,V7TR4,70,5,,,,,A
477866300,2020-08-20T03:16:26,36.92742,-76.32988,0.0,23.7,355.0,BILBAO BRIDGE,IMO9492701,VRHY6,70,5,269,35,11.0,74,A
367078110,2020-08-20T03:14:55,36.89187,-76.33593,3.1,0.0,511.0,MARCELLE BORDELON,IMO9350379,WDJ2038,79,3,45,11,3.0,79,A
357928000,2020-08-20T03:14:57,37.29773,-76.12153,11.4,188.9,188.0,ROYAL KNIGHT,IMO9552355,3FMB9,70,0,196,32,12.7,70,A
355919000,2020-08-20T03:15:18,37.20766,-76.14665,14.4,17.4,17.0,MSC MARIA ELENA,IMO9304423,3EGR2,70,0,336,45,15.0,71,A
367821000,2020-08-20T03:17:28,36.97284,-76.43367,0.0,0.0,511.0,YANO,IMO7825409,NAQH,70,0,276,32,13.0,70,A
367822000,2020-08-20T03:17:55,36.97311,-76.43382,0.0,0.0,238.0,USNS SHUGHART,IMO7825394,NAOQ,70,5,276,32,13.0,70,A
357928000,2020-08-20T03:18:38,37.28624,-76.12383,11.5,189.8,189.0,ROYAL KNIGHT,IMO9552355,3FMB9,70,0,196,32,12.7,70,A
357928000,2020-08-20T03:19:47,37.28258,-76.12461,11.5,189.8,189.0,ROYAL KNIGHT,IMO9552355,3FMB9,70,0,196,32,12.7,70,A
367821000,2020-08-20T03:19:58,36.97284,-76.43366,0.0,0.0,511.0,YANO,IMO7825409,NAQH,70,0,276,32,13.0,70,A
355919000,2020-08-20T03:21:07,37.23058,-76.13789,14.6,17.3,17.0,MSC MARIA ELENA,IMO9304423,3EGR2,70,0,336,45,15.0,71,A
477196100,2020-08-20T03:18:50,37.19784,-76.13389,0.0,37.8,177.0,DARYA MA,IMO9591674,VRJH5,70,1,229,32,14.5,,A
367078110,2020-08-20T03:19:25,36.89663,-76.33646,4.1,347.0,511.0,MARCELLE BORDELON,IMO9350379,WDJ2038,79,3,45,11,3.0,79,A
355919000,2020-08-20T03:24:19,37.24309,-76.13292,14.5,17.3,18.0,MSC MARIA ELENA,IMO9304423,3EGR2,70,0,336,45,15.0,71,A
367821000,2020-08-20T03:23:58,36.97283,-76.43366,0.0,0.0,511.0,YANO,IMO7825409,NAQH,70,0,276,32,13.0,70,A
368026000,2020-08-20T03:27:21,36.86577,-76.31603,0.0,270.5,2.0,BENAVIDEZ,IMO9218210,NBHG,70,5,289,32,10.9,70,A
355919000,2020-08-20T03:29:00,37.26142,-76.12572,14.4,17.0,17.0,MSC MARIA ELENA,IMO9304423,3EGR2,70,0,336,45,15.0,71,A
367821000,2020-08-20T03:29:37,36.97283,-76.43366,0.0,0.0,511.0,YANO,IMO7825409,NAQH,70,0,276,32,13.0,70,A
538002652,2020-08-20T03:30:52,36.87947,-76.32642,0.0,33.0,276.0,NAIAS,IMO9330800,V7KN8,70,5,225,32,14.0,70,A
538006982,2020-08-20T03:29:16,36.96254,-76.42362,0.0,226.3,40.0,ANTE TOPIC,IMO9737072,V7TR4,70,5,,,,,A
357928000,2020-08-20T03:30:48,37.24761,-76.13207,11.9,189.9,190.0,ROYAL KNIGHT,IMO9552355,3FMB9,70,0,196,32,12.7,70,A
538006982,2020-08-20T03:35:16,36.96256,-76.42366,0.0,226.3,40.0,ANTE TOPIC,IMO9737072,V7TR4,70,5,,,,,A
367821000,2020-08-20T03:35:48,36.97283,-76.43366,0.0,0.0,511.0,YANO,IMO7825409,NAQH,70,0,276,32,13.0,70,A
367078110,2020-08-20T03:38:05,36.92195,-76.33871,7.9,1.0,511.0,MARCELLE BORDELON,IMO9350379,WDJ2038,79,3,45,11,3.0,79,A
366839000,2020-08-20T03:37:02,36.85350,-76.31081,0.0,0.0,39.0,CAPE RISE,IMO7530808,KAFG,70,5,197,32,10.0,,A
366839000,2020-08-20T03:40:00,36.85350,-76.31082,0.0,0.0,39.0,CAPE RISE,IMO7530808,KAFG,70,5,197,32,10.0,,A
357928000,2020-08-20T03:40:18,37.21742,-76.14237,11.9,198.6,198.0,ROYAL KNIGHT,IMO9552355,3FMB9,70,0,196,32,12.7,70,A
211839000,2020-08-20T03:45:06,36.90659,-76.32677,0.0,353.0,353.0,CHICAGO EXPRESS,IMO9295268,DCUJ2,70,5,336,42,14.6,79,A
367821000,2020-08-20T03:42:48,36.97284,-76.43367,0.0,0.0,511.0,YANO,IMO7825409,NAQH,70,0,276,32,13.0,70,A
355919000,2020-08-20T03:41:43,37.31090,-76.10164,16.2,28.3,30.0,MSC MARIA ELENA,IMO9304423,3EGR2,70,0,336,45,15.0,71,A
367932000,2020-08-20T03:41:17,36.94917,-76.32962,0.0,107.0,279.0,JOHN LENTHALL,IMO8325547,NJLN,80,5,193,29,,,A
355919000,2020-08-20T03:44:55,37.32393,-76.09261,16.6,28.8,30.0,MSC MARIA ELENA,IMO9304423,3EGR2,70,0,336,45,15.0,71,A
305855000,2020-08-20T03:44:46,36.86428,-76.31475,0.0,240.2,226.0,BBC PEARL,IMO9504786,V2FY8,70,5,153,23,9.1,70,A
367078110,2020-08-20T03:47:14,36.94158,-76.33838,6.3,1.0,511.0,MARCELLE BORDELON,IMO9350379,WDJ2038,79,3,45,11,3.0,79,A
367822000,2020-08-20T03:44:55,36.97308,-76.43385,0.0,0.0,238.0,USNS SHUGHART,IMO7825394,NAOQ,70,5,276,32,13.0,70,A
368026000,2020-08-20T03:48:20,36.86575,-76.31604,0.0,270.5,2.0,BENAVIDEZ,IMO9218210,NBHG,70,5,289,32,10.9,70,A
538006982,2020-08-20T03:50:16,36.96255,-76.42365,0.0,226.3,40.0,ANTE TOPIC,IMO9737072,V7TR4,70,5,,,,,A
367078110,2020-08-20T03:50:55,36.94649,-76.33817,4.1,3.0,511.0,MARCELLE BORDELON,IMO9350379,WDJ2038,79,3,45,11,3.0,79,A
367078110,2020-08-20T03:56:45,36.95504,-76.33674,7.8,10.0,511.0,MARCELLE BORDELON,IMO9350379,WDJ2038,79,3,45,11,3.0,79,A
367932000,2020-08-20T03:53:17,36.94908,-76.32966,0.0,107.0,279.0,JOHN LENTHALL,IMO8325547,NJLN,80,5,193,29,,,A
366839000,2020-08-20T03:55:07,36.85349,-76.31083,0.0,0.0,39.0,CAPE RISE,IMO7530808,KAFG,70,5,197,32,10.0,,A
366839000,2020-08-20T03:58:03,36.85349,-76.31085,0.0,0.0,39.0,CAPE RISE,IMO7530808,KAFG,70,5,197,32,10.0,,A
538006982,2020-08-20T03:59:16,36.96257,-76.42367,0.0,230.9,40.0,ANTE TOPIC,IMO9737072,V7TR4,70,5,,,,,A
305855000,2020-08-20T03:59:45,36.86426,-76.31477,0.0,229.7,226.0,BBC PEARL,IMO9504786,V2FY8,70,5,153,23,9.1,70,A
215677000,2020-08-20T04:00:04,37.23916,-76.11661,0.0,142.9,184.0,RIZE,IMO9584035,9HA2781,70,1,229,32,14.5,,A
367822000,2020-08-20T03:59:56,36.97308,-76.43384,0.0,0.0,238.0,USNS SHUGHART,IMO7825394,NAOQ,70,5,276,32,13.0,70,A
367821000,2020-08-20T03:58:38,36.97285,-76.43366,0.0,0.0,511.0,YANO,IMO7825409,NAQH,70,0,276,32,13.0,70,A
211839000,2020-08-20T04:03:12,36.90657,-76.32679,0.0,353.0,353.0,CHICAGO EXPRESS,IMO9295268,DCUJ2,70,5,336,42,14.6,79,A
477866300,2020-08-20T04:04:25,36.92742,-76.32988,0.1,224.4,355.0,BILBAO BRIDGE,IMO9492701,VRHY6,70,5,269,35,11.0,74,A
215677000,2020-08-20T04:03:08,37.23918,-76.11662,0.0,142.9,183.0,RIZE,IMO9584035,9HA2781,70,1,229,32,14.5,,A
367078110,2020-08-20T04:08:16,36.97695,-76.32684,7.5,40.0,511.0,MARCELLE BORDELON,IMO9350379,WDJ2038,79,3,45,11,3.0,79,A
211839000,2020-08-20T04:12:16,36.90646,-76.32676,0.0,353.0,353.0,CHICAGO EXPRESS,IMO9295268,DCUJ2,70,5,336,42,14.6,79,A
357928000,2020-08-20T04:13:17,37.11494,-76.12753,12.3,150.7,152.0,ROYAL KNIGHT,IMO9552355,3FMB9,70,0,196,32,12.7,70,A
368026000,2020-08-20T04:12:21,36.86576,-76.31603,0.0,270.5,3.0,BENAVIDEZ,IMO9218210,NBHG,70,5,289,32,10.9,70,A
305855000,2020-08-20T04:14:46,36.86431,-76.31478,0.0,221.7,226.0,BBC PEARL,IMO9504786,V2FY8,70,5,153,23,9.1,70,A
367078110,2020-08-20T04:18:55,36.99149,-76.30685,7.1,61.0,511.0,MARCELLE BORDELON,IMO9350379,WDJ2038,79,3,45,11,3.0,79,A
367821000,2020-08-20T04:21:07,36.97287,-76.43365,0.0,0.0,511.0,YANO,IMO7825409,NAQH,70,0,276,32,13.0,70,A
477196100,2020-08-20T04:18:48,37.19780,-76.13429,0.1,37.8,166.0,DARYA MA,IMO9591674,VRJH5,70,1,229,32,14.5,,A
368026000,2020-08-20T04:21:20,36.86577,-76.31605,0.0,270.5,3.0,BENAVIDEZ,IMO9218210,NBHG,70,5,289,32,10.9,70,A
367932000,2020-08-20T04:20:17,36.94913,-76.32963,0.0,107.0,279.0,JOHN LENTHALL,IMO8325547,NJLN,80,5,193,29,,,A
367821000,2020-08-20T04:26:37,36.97287,-76.43365,0.0,0.0,511.0,YANO,IMO7825409,NAQH,70,0,276,32,13.0,70,A
357928000,2020-08-20T04:24:47,37.07990,-76.10289,12.7,150.2,151.0,ROYAL KNIGHT,IMO9552355,3FMB9,70,0,196,32,12.7,70,A
305855000,2020-08-20T04:26:45,36.86428,-76.31476,0.0,216.2,226.0,BBC PEARL,IMO9504786,V2FY8,70,5,153,23,9.1,70,A
366839000,2020-08-20T04:31:02,36.85354,-76.31081,0.0,0.0,39.0,CAPE RISE,IMO7530808,KAFG,70,5,197,32,10.0,,A
477866300,2020-08-20T04:31:24,36.92739,-76.32990,0.0,308.6,355.0,BILBAO BRIDGE,IMO9492701,VRHY6,70,5,269,35,11.0,74,A
367861000,2020-08-20T04:36:00,36.94639,-76.32976,0.0,0.0,265.0,LARAMIE,IMO8906626,NLAR,80,5,193,29,,,A
367078110,2020-08-20T04:33:36,37.00234,-76.27269,7.3,75.0,511.0,MARCELLE BORDELON,IMO9350379,WDJ2038,79,3,45,11,3.0,79,A
367821000,2020-08-20T04:38:18,36.97286,-76.43366,0.0,0.0,511.0,YANO,IMO7825409,NAQH,70,0,276,32,13.0,70,A
367821000,2020-08-20T04:39:28,36.97286,-76.43366,0.0,0.0,511.0,YANO,IMO7825409,NAQH,70,0,276,32,13.0,70,A
367932000,2020-08-20T04:35:16,36.94920,-76.32968,0.0,107.0,279.0,JOHN LENTHALL,IMO8325547,NJLN,80,5,193,29,,,A
477196100,2020-08-20T04:45:51,37.19771,-76.13442,0.1,37.8,161.0,DARYA MA,IMO9591674,VRJH5,70,1,229,32,14.5,,A
367861000,2020-08-20T04:45:01,36.94643,-76.32979,0.0,0.0,265.0,LARAMIE,IMO8906626,NLAR,80,5,193,29,,,A
538002652,2020-08-20T04:45:51,36.87943,-76.32643,0.0,311.0,276.0,NAIAS,IMO9330800,V7KN8,70,5,225,32,14.0,70,A
367932000,2020-08-20T04:38:17,36.94919,-76.32968,0.0,107.0,279.0,JOHN LENTHALL,IMO8325547,NJLN,80,5,193,29,,,A
367821000,2020-08-20T04:49:28,36.97286,-76.43365,0.0,0.0,511.0,YANO,IMO7825409,NAQH,70,0,276,32,13.0,70,A
366839000,2020-08-20T04:46:03,36.85349,-76.31084,0.0,0.0,39.0,CAPE RISE,IMO7530808,KAFG,70,5,197,32,10.0,,A
368026000,2020-08-20T04:48:20,36.86575,-76.31603,0.0,270.5,2.0,BENAVIDEZ,IMO9218210,NBHG,70,5,289,32,10.9,70,A
211839000,2020-08-20T04:45:29,36.90650,-76.32667,0.0,353.0,353.0,CHICAGO EXPRESS,IMO9295268,DCUJ2,70,5,336,42,14.6,79,A
240626000,2020-08-20T04:47:15,37.04268,-76.07012,13.3,321.0,319.0,ARIS T,IMO9343895,SVHY,70,0,229,36,14.7,70,A
367822000,2020-08-20T04:44:55,36.97310,-76.43384,0.0,0.0,238.0,USNS SHUGHART,IMO7825394,NAOQ,70,5,276,32,13.0,70,A
477196100,2020-08-20T04:48:50,37.19769,-76.13441,0.1,37.8,162.0,DARYA MA,IMO9591674,VRJH5,70,1,229,32,14.5,,A
538002652,2020-08-20T04:51:50,36.87938,-76.32643,0.0,311.0,276.0,NAIAS,IMO9330800,V7KN8,70,5,225,32,14.0,70,A
305855000,2020-08-20T04:53:47,36.86429,-76.31477,0.0,354.7,227.0,BBC PEARL,IMO9504786,V2FY8,70,5,153,23,9.1,70,A
215677000,2020-08-20T04:57:08,37.23856,-76.11570,0.1,181.2,213.0,RIZE,IMO9584035,9HA2781,70,1,229,32,14.5,,A
477196100,2020-08-20T05:00:50,37.19767,-76.13453,0.1,37.8,159.0,DARYA MA,IMO9591674,VRJH5,70,1,229,32,14.5,,A
367821000,2020-08-20T05:02:37,36.97286,-76.43365,0.0,0.0,511.0,YANO,IMO7825409,NAQH,70,0,276,32,13.0,70,A
367861000,2020-08-20T05:03:01,36.94640,-76.32977,0.0,0.0,265.0,LARAMIE,IMO8906626,NLAR,80,5,193,29,,,A
211839000,2020-08-20T05:06:38,36.90657,-76.32676,0.0,353.0,353.0,CHICAGO EXPRESS,IMO9295268,DCUJ2,70,5,336,42,14.6,79,A
367822000,2020-08-20T05:05:56,36.97311,-76.43383,0.0,0.0,238.0,USNS SHUGHART,IMO7825394,NAOQ,70,5,276,32,13.0,70,A
215677000,2020-08-20T05:06:05,37.23833,-76.11532,0.1,153.0,226.0,RIZE,IMO9584035,9HA2781,70,1,229,32,14.5,,A
538002652,2020-08-20T05:06:51,36.87950,-76.32645,0.0,341.0,276.0,NAIAS,IMO9330800,V7KN8,70,5,225,32,14.0,70,A
215677000,2020-08-20T05:09:09,37.23820,-76.11526,0.2,168.5,231.0,RIZE,IMO9584035,9HA2781,70,1,229,32,14.5,,A
538002652,2020-08-20T05:09:51,36.87938,-76.32645,0.0,341.0,276.0,NAIAS,IMO9330800,V7KN8,70,5,225,32,14.0,70,A
367821000,2020-08-20T05:09:38,36.97286,-76.43363,0.0,0.0,511.0,YANO,IMO7825409,NAQH,70,0,276,32,13.0,70,A
366839000,2020-08-20T05:10:05,36.85349,-76.31079,0.0,0.0,39.0,CAPE RISE,IMO7530808,KAFG,70,5,197,32,10.0,,A
368026000,2020-08-20T05:12:20,36.86577,-76.31607,0.0,270.5,2.0,BENAVIDEZ,IMO9218210,NBHG,70,5,289,32,10.9,70,A
367821000,2020-08-20T05:14:37,36.97286,-76.43363,0.0,0.0,511.0,YANO,IMO7825409,NAQH,70,0,276,32,13.0,70,A
538002652,2020-08-20T05:12:50,36.87943,-76.32638,0.0,296.0,276.0,NAIAS,IMO9330800,V7KN8,70,5,225,32,14.0,70,A
367821000,2020-08-20T05:18:27,36.97286,-76.43363,0.0,0.0,511.0,YANO,IMO7825409,NAQH,70,0,276,32,13.0,70,A
305855000,2020-08-20T05:17:47,36.86429,-76.31476,0.0,265.9,226.0,BBC PEARL,IMO9504786,V2FY8,70,5,153,23,9.1,70,A
305855000,2020-08-20T05:20:48,36.86427,-76.31477,0.0,265.9,226.0,BBC PEARL,IMO9504786,V2FY8,70,5,153,23,9.1,70,A
367821000,2020-08-20T05:22:18,36.97287,-76.43363,0.0,0.0,511.0,YANO,IMO7825409,NAQH,70,0,276,32,13.0,70,A
477866300,2020-08-20T05:22:23,36.92742,-76.32990,0.0,216.3,355.0,BILBAO BRIDGE,IMO9492701,VRHY6,70,5,269,35,11.0,74,A
211839000,2020-08-20T05:27:04,36.91728,-76.33769,5.4,318.9,335.0,CHICAGO EXPRESS,IMO9295268,DCUJ2,70,0,336,42,14.6,79,A
367078110,2020-08-20T05:28:04,36.98005,-76.14563,6.8,106.0,511.0,MARCELLE BORDELON,IMO9350379,WDJ2038,79,3,45,11,3.0,79,A
368026000,2020-08-20T05:30:20,36.86575,-76.31605,0.0,270.5,2.0,BENAVIDEZ,IMO9218210,NBHG,70,5,289,32,10.9,70,A
211839000,2020-08-20T05:30:35,36.92203,-76.33900,5.2,4.7,7.0,CHICAGO EXPRESS,IMO9295268,DCUJ2,70,0,336,42,14.6,79,A
311004900,2020-08-20T05:34:36,37.28035,-76.11742,17.0,193.0,193.0,SWIFT ACE,IMO9338838,C6XB8,70,0,199,32,9.8,70,A
240626000,2020-08-20T05:30:34,37.18435,-76.15467,13.1,2.0,8.0,ARIS T,IMO9343895,SVHY,70,0,229,36,14.7,70,A
367078110,2020-08-20T05:33:15,36.97704,-76.13383,6.9,107.0,511.0,MARCELLE BORDELON,IMO9350379,WDJ2038,79,3,45,11,3.0,79,A
240626000,2020-08-20T05:32:54,37.19317,-76.15195,12.8,17.0,17.0,ARIS T,IMO9343895,SVHY,70,0,229,36,14.7,70,A
211839000,2020-08-20T05:34:44,36.92896,-76.33825,7.0,4.0,4.0,CHICAGO EXPRESS,IMO9295268,DCUJ2,70,0,336,42,14.6,79,A
311004900,2020-08-20T05:36:48,37.27085,-76.12155,16.5,200.0,200.0,SWIFT ACE,IMO9338838,C6XB8,70,0,199,32,9.8,70,A
367822000,2020-08-20T05:35:55,36.97310,-76.43381,0.0,0.0,238.0,USNS SHUGHART,IMO7825394,NAOQ,70,5,276,32,13.0,70,A
367821000,2020-08-20T05:41:08,36.97285,-76.43368,0.0,0.0,511.0,YANO,IMO7825409,NAQH,70,0,276,32,13.0,70,A
368026000,2020-08-20T05:42:21,36.86577,-76.31605,0.0,270.5,2.0,BENAVIDEZ,IMO9218210,NBHG,70,5,289,32,10.9,70,A
367821000,2020-08-20T05:42:48,36.97285,-76.43366,0.0,0.0,511.0,YANO,IMO7825409,NAQH,70,0,276,32,13.0,70,A
367821000,2020-08-20T05:46:38,36.97285,-76.43367,0.0,0.0,511.0,YANO,IMO7825409,NAQH,70,0,276,32,13.0,70,A
367078110,2020-08-20T05:42:35,36.97136,-76.11250,7.3,112.0,511.0,MARCELLE BORDELON,IMO9350379,WDJ2038,79,3,45,11,3.0,79,A
211839000,2020-08-20T05:46:14,36.96037,-76.33606,10.2,5.6,4.0,CHICAGO EXPRESS,IMO9295268,DCUJ2,70,0,336,42,14.6,79,A
367078110,2020-08-20T05:45:55,36.96892,-76.10445,7.4,110.0,511.0,MARCELLE BORDELON,IMO9350379,WDJ2038,79,3,45,11,3.0,79,A
367078110,2020-08-20T05:51:24,36.96519,-76.09142,7.2,108.0,511.0,MARCELLE BORDELON,IMO9350379,WDJ2038,79,3,45,11,3.0,79,A
240626000,2020-08-20T05:41:25,37.22320,-76.14020,13.1,16.0,17.0,ARIS T,IMO9343895,SVHY,70,0,229,36,14.7,70,A
311004900,2020-08-20T05:54:36,37.20320,-76.14818,12.1,200.0,201.0,SWIFT ACE,IMO9338838,C6XB8,70,0,199,32,9.8,70,A
211839000,2020-08-20T05:52:45,36.98067,-76.32420,14.2,46.2,45.0,CHICAGO EXPRESS,IMO9295268,DCUJ2,70,0,336,42,14.6,79,A
367821000,2020-08-20T05:58:57,36.97284,-76.43366,0.0,0.0,511.0,YANO,IMO7825409,NAQH,70,0,276,32,13.0,70,A
305855000,2020-08-20T05:50:48,36.86428,-76.31481,0.0,45.6,226.0,BBC PEARL,IMO9504786,V2FY8,70,5,153,23,9.1,70,A
538006982,2020-08-20T05:56:16,36.96259,-76.42364,0.0,325.5,40.0,ANTE TOPIC,IMO9737072,V7TR4,70,5,,,,,A
211839000,2020-08-20T05:59:46,36.99927,-76.29216,18.0,60.2,59.0,CHICAGO EXPRESS,IMO9295268,DCUJ2,70,0,336,42,14.6,79,A
305855000,2020-08-20T05:56:47,36.86428,-76.31477,0.0,43.4,226.0,BBC PEARL,IMO9504786,V2FY8,70,5,153,23,9.1,70,A
538006982,2020-08-20T05:59:16,36.96257,-76.42367,0.0,325.5,40.0,ANTE TOPIC,IMO9737072,V7TR4,70,5,,,,,A
211839000,2020-08-20T06:00:11,37.00027,-76.28999,18.0,60.0,60.0,CHICAGO EXPRESS,IMO9295268,DCUJ2,70,0,336,42,14.6,79,A
215677000,2020-08-20T06:00:03,37.23531,-76.11749,0.3,271.5,358.0,RIZE,IMO9584035,9HA2781,70,1,229,32,14.5,,A
367932000,2020-08-20T05:50:16,36.94922,-76.32973,0.0,107.0,279.0,JOHN LENTHALL,IMO8325547,NJLN,80,5,193,29,,,A
477866300,2020-08-20T06:01:25,36.92740,-76.32987,0.0,304.2,355.0,BILBAO BRIDGE,IMO9492701,VRHY6,70,5,269,35,11.0,74,A
366839000,2020-08-20T06:01:00,36.85348,-76.31084,0.0,0.0,39.0,CAPE RISE,IMO7530808,KAFG,70,5,197,32,10.0,,A
368026000,2020-08-20T06:03:20,36.86578,-76.31605,0.0,270.5,2.0,BENAVIDEZ,IMO9218210,NBHG,70,5,289,32,10.9,70,A
367822000,2020-08-20T06:02:56,36.97312,-76.43382,0.0,0.0,238.0,USNS SHUGHART,IMO7825394,NAOQ,70,5,276,32,13.0,70,A
211839000,2020-08-20T06:07:47,37.00773,-76.24397,17.3,92.7,97.0,CHICAGO EXPRESS,IMO9295268,DCUJ2,70,0,336,42,14.6,79,A
367821000,2020-08-20T06:08:37,36.97284,-76.43366,0.0,0.0,511.0,YANO,IMO7825409,NAQH,70,0,276,32,13.0,70,A
477866300,2020-08-20T06:10:25,36.92739,-76.32985,0.0,42.6,355.0,BILBAO BRIDGE,IMO9492701,VRHY6,70,5,269,35,11.0,74,A
311004900,2020-08-20T06:13:04,37.13717,-76.14367,14.9,150.0,150.0,SWIFT ACE,IMO9338838,C6XB8,70,0,199,32,9.8,70,A
240626000,2020-08-20T06:10:15,37.32297,-76.09822,13.3,22.0,23.0,ARIS T,IMO9343895,SVHY,70,0,229,36,14.7,70,A
538002652,2020-08-20T06:12:50,36.87945,-76.32648,0.0,296.0,276.0,NAIAS,IMO9330800,V7KN8,70,5,225,32,14.0,70,A
215677000,2020-08-20T06:15:05,37.23544,-76.11827,0.1,280.6,19.0,RIZE,IMO9584035,9HA2781,70,1,229,32,14.5,,A
367821000,2020-08-20T06:14:18,36.97284,-76.43362,0.0,0.0,511.0,YANO,IMO7825409,NAQH,70,0,276,32,13.0,70,A
367821000,2020-08-20T06:16:47,36.97284,-76.43365,0.0,0.0,511.0,YANO,IMO7825409,NAQH,70,0,276,32,13.0,70,A
367821000,2020-08-20T06:19:07,36.97283,-76.43364,0.0,0.0,511.0,YANO,IMO7825409,NAQH,70,0,276,32,13.0,70,A
215677000,2020-08-20T06:21:05,37.23545,-76.11829,0.1,280.6,21.0,RIZE,IMO9584035,9HA2781,70,1,229,32,14.5,,A
538002652,2020-08-20T06:21:51,36.87945,-76.32637,0.0,296.0,276.0,NAIAS,IMO9330800,V7KN8,70,5,225,32,14.0,70,A
311004900,2020-08-20T06:19:04,37.11440,-76.12757,16.0,150.0,151.0,SWIFT ACE,IMO9338838,C6XB8,70,0,199,32,9.8,70,A
367932000,2020-08-20T06:17:17,36.94908,-76.32967,0.0,107.0,279.0,JOHN LENTHALL,IMO8325547,NJLN,80,5,193,29,,,A
367932000,2020-08-20T06:20:16,36.94910,-76.32968,0.0,107.0,279.0,JOHN LENTHALL,IMO8325547,NJLN,80,5,193,29,,,A
305855000,2020-08-20T06:20:46,36.86423,-76.31478,0.0,251.8,226.0,BBC PEARL,IMO9504786,V2FY8,70,5,153,23,9.1,70,A
367861000,2020-08-20T06:24:00,36.94636,-76.32979,0.0,0.0,265.0,LARAMIE,IMO8906626,NLAR,80,5,193,29,,,A
311004900,2020-08-20T06:24:04,37.09407,-76.11337,17.0,150.0,151.0,SWIFT ACE,IMO9338838,C6XB8,70,0,199,32,9.8,70,A
367822000,2020-08-20T06:23:54,36.97311,-76.43381,0.0,0.0,238.0,USNS SHUGHART,IMO7825394,NAOQ,70,5,276,32,13.0,70,A
367821000,2020-08-20T06:25:07,36.97284,-76.43364,0.0,0.0,511.0,YANO,IMO7825409,NAQH,70,0,276,32,13.0,70,A
311004900,2020-08-20T06:26:58,37.08177,-76.10483,17.4,150.0,151.0,SWIFT ACE,IMO9338838,C6XB8,70,0,199,32,9.8,70,A
311004900,2020-08-20T06:28:21,37.07587,-76.10088,17.5,151.0,152.0,SWIFT ACE,IMO9338838,C6XB8,70,0,199,32,9.8,70,A
311004900,2020-08-20T06:29:58,37.06898,-76.09602,17.6,150.0,150.0,SWIFT ACE,IMO9338838,C6XB8,70,0,199,32,9.8,70,A
538006982,2020-08-20T06:32:16,36.96256,-76.42366,0.0,205.4,40.0,ANTE TOPIC,IMO9737072,V7TR4,70,5,,,,,A
477196100,2020-08-20T06:33:54,37.19631,-76.13645,0.1,74.2,108.0,DARYA MA,IMO9591674,VRJH5,70,1,229,32,14.5,,A
311004900,2020-08-20T06:36:21,37.04348,-76.07243,18.2,142.0,142.0,SWIFT ACE,IMO9338838,C6XB8,70,0,199,32,9.8,70,A
368026000,2020-08-20T06:36:21,36.86578,-76.31607,0.0,270.5,2.0,BENAVIDEZ,IMO9218210,NBHG,70,5,289,32,10.9,70,A
305855000,2020-08-20T06:35:48,36.86430,-76.31477,0.0,242.3,226.0,BBC PEARL,IMO9504786,V2FY8,70,5,153,23,9.1,70,A
366839000,2020-08-20T06:46:04,36.85350,-76.31081,0.0,0.0,39.0,CAPE RISE,IMO7530808,KAFG,70,5,197,32,10.0,,A
367861000,2020-08-20T06:42:01,36.94641,-76.32978,0.0,0.0,265.0,LARAMIE,IMO8906626,NLAR,80,5,193,29,,,A
305855000,2020-08-20T06:41:47,36.86427,-76.31477,0.0,237.6,226.0,BBC PEARL,IMO9504786,V2FY8,70,5,153,23,9.1,70,A
538002652,2020-08-20T06:45:52,36.87947,-76.32645,0.0,219.0,276.0,NAIAS,IMO9330800,V7KN8,70,5,225,32,14.0,70,A
368026000,2020-08-20T06:48:21,36.86577,-76.31606,0.0,270.5,2.0,BENAVIDEZ,IMO9218210,NBHG,70,5,289,32,10.9,70,A
538002652,2020-08-20T06:48:51,36.87947,-76.32640,0.0,219.0,276.0,NAIAS,IMO9330800,V7KN8,70,5,225,32,14.0,70,A
366839000,2020-08-20T06:55:04,36.85349,-76.31082,0.0,0.0,39.0,CAPE RISE,IMO7530808,KAFG,70,5,197,32,10.0,,A
538006982,2020-08-20T06:56:16,36.96257,-76.42368,0.0,205.4,40.0,ANTE TOPIC,IMO9737072,V7TR4,70,5,,,,,A
367821000,2020-08-20T06:52:38,36.97290,-76.43362,0.0,0.0,511.0,YANO,IMO7825409,NAQH,70,0,276,32,13.0,70,A
367861000,2020-08-20T06:57:00,36.94633,-76.32981,0.0,0.0,265.0,LARAMIE,IMO8906626,NLAR,80,5,193,29,,,A
538006982,2020-08-20T06:59:16,36.96258,-76.42367,0.0,205.4,40.0,ANTE TOPIC,IMO9737072,V7TR4,70,5,,,,,A
367822000,2020-08-20T06:56:56,36.97309,-76.43386,0.0,0.0,238.0,USNS SHUGHART,IMO7825394,NAOQ,70,5,276,32,13.0,70,A
367821000,2020-08-20T07:00:07,36.97288,-76.43362,0.0,0.0,511.0,YANO,IMO7825409,NAQH,70,0,276,32,13.0,70,A
477866300,2020-08-20T06:58:26,36.92741,-76.32989,0.0,170.3,355.0,BILBAO BRIDGE,IMO9492701,VRHY6,70,5,269,35,11.0,74,A
477196100,2020-08-20T07:03:53,37.19423,-76.13566,0.5,132.4,35.0,DARYA MA,IMO9591674,VRJH5,70,1,229,32,14.5,,A
538006982,2020-08-20T07:02:16,36.96256,-76.42362,0.0,205.4,40.0,ANTE TOPIC,IMO9737072,V7TR4,70,5,,,,,A
368026000,2020-08-20T07:03:21,36.86577,-76.31605,0.0,270.5,2.0,BENAVIDEZ,IMO9218210,NBHG,70,5,289,32,10.9,70,A
367821000,2020-08-20T07:01:18,36.97288,-76.43362,0.0,0.0,511.0,YANO,IMO7825409,NAQH,70,0,276,32,13.0,70,A
367861000,2020-08-20T07:05:59,36.94638,-76.32983,0.0,0.0,265.0,LARAMIE,IMO8906626,NLAR,80,5,193,29,,,A
367821000,2020-08-20T07:05:57,36.97287,-76.43363,0.0,0.0,511.0,YANO,IMO7825409,NAQH,70,0,276,32,13.0,70,A
305855000,2020-08-20T07:08:47,36.86431,-76.31479,0.0,276.7,226.0,BBC PEARL,IMO9504786,V2FY8,70,5,153,23,9.1,70,A
367821000,2020-08-20T07:14:38,36.97286,-76.43363,0.0,0.0,511.0,YANO,IMO7825409,NAQH,70,0,276,32,13.0,70,A
477196100,2020-08-20T07:15:52,37.19386,-76.13425,0.1,83.6,359.0,DARYA MA,IMO9591674,VRJH5,70,1,229,32,14.5,,A
367861000,2020-08-20T07:18:00,36.94637,-76.32975,0.0,0.0,265.0,LARAMIE,IMO8906626,NLAR,80,5,193,29,,,A
367821000,2020-08-20T07:17:37,36.97283,-76.43369,0.0,0.0,511.0,YANO,IMO7825409,NAQH,70,0,276,32,13.0,70,A
366733250,2020-08-20T07:20:32,37.26730,-76.07729,7.0,189.5,511.0,ATLANTIC SURVEYOR,,WTR5417,70,15,31,7,,,A
538002652,2020-08-20T07:15:53,36.87947,-76.32645,0.0,219.0,276.0,NAIAS,IMO9330800,V7KN8,70,5,225,32,14.0,70,A
538006982,2020-08-20T07:20:16,36.96258,-76.42367,0.0,205.4,40.0,ANTE TOPIC,IMO9737072,V7TR4,70,5,,,,,A
367821000,2020-08-20T07:18:48,36.97282,-76.43369,0.0,0.0,511.0,YANO,IMO7825409,NAQH,70,0,276,32,13.0,70,A
477866300,2020-08-20T07:22:23,36.92740,-76.32987,0.0,178.1,355.0,BILBAO BRIDGE,IMO9492701,VRHY6,70,5,269,35,11.0,74,A
367822000,2020-08-20T07:20:54,36.97309,-76.43385,0.0,0.0,238.0,USNS SHUGHART,IMO7825394,NAOQ,70,5,276,32,13.0,70,A
538006982,2020-08-20T07:23:16,36.96257,-76.42364,0.0,205.4,40.0,ANTE TOPIC,IMO9737072,V7TR4,70,5,,,,,A
305855000,2020-08-20T07:23:48,36.86429,-76.31476,0.0,74.7,227.0,BBC PEARL,IMO9504786,V2FY8,70,5,153,23,9.1,70,A
367861000,2020-08-20T07:24:00,36.94636,-76.32969,0.0,0.0,265.0,LARAMIE,IMO8906626,NLAR,80,5,193,29,,,A
368026000,2020-08-20T07:24:20,36.86572,-76.31605,0.0,270.5,2.0,BENAVIDEZ,IMO9218210,NBHG,70,5,289,32,10.9,70,A
366839000,2020-08-20T07:28:05,36.85350,-76.31085,0.0,0.0,39.0,CAPE RISE,IMO7530808,KAFG,70,5,197,32,10.0,,A
538002652,2020-08-20T07:27:51,36.87947,-76.32638,0.0,219.0,276.0,NAIAS,IMO9330800,V7KN8,70,5,225,32,14.0,70,A
477738200,2020-08-20T07:27:09,36.96440,-76.07116,17.0,287.2,287.0,COSCO PHILIPPINES,IMO9448762,VRGM7,70,0,334,42,14.5,72,A
366733250,2020-08-20T07:27:11,37.25435,-76.08022,7.1,189.9,511.0,ATLANTIC SURVEYOR,,WTR5417,70,15,31,7,,,A
367821000,2020-08-20T07:32:48,36.97283,-76.43367,0.0,0.0,511.0,YANO,IMO7825409,NAQH,70,0,276,32,13.0,70,A
367861000,2020-08-20T07:36:01,36.94642,-76.32977,0.0,0.0,265.0,LARAMIE,IMO8906626,NLAR,80,5,193,29,,,A
366839000,2020-08-20T07:34:07,36.85349,-76.31084,0.0,0.0,39.0,CAPE RISE,IMO7530808,KAFG,70,5,197,32,10.0,,A
366733250,2020-08-20T07:33:31,37.24241,-76.07931,5.0,156.1,511.0,ATLANTIC SURVEYOR,,WTR5417,70,15,31,7,,,A
366733250,2020-08-20T07:36:43,37.23852,-76.07763,4.6,163.3,511.0,ATLANTIC SURVEYOR,,WTR5417,70,15,31,7,,,A
305855000,2020-08-20T07:35:46,36.86428,-76.31476,0.0,157.0,226.0,BBC PEARL,IMO9504786,V2FY8,70,5,153,23,9.1,70,A
367821000,2020-08-20T07:38:58,36.97283,-76.43366,0.0,0.0,511.0,YANO,IMO7825409,NAQH,70,0,276,32,13.0,70,A
538002652,2020-08-20T07:39:53,36.87947,-76.32653,0.0,219.0,276.0,NAIAS,IMO9330800,V7KN8,70,5,225,32,14.0,70,A
477866300,2020-08-20T07:40:22,36.92742,-76.32989,0.0,166.0,355.0,BILBAO BRIDGE,IMO9492701,VRHY6,70,5,269,35,11.0,74,A
366839000,2020-08-20T07:46:06,36.85349,-76.31082,0.0,0.0,39.0,CAPE RISE,IMO7530808,KAFG,70,5,197,32,10.0,,A
538002652,2020-08-20T07:42:51,36.87943,-76.32648,0.0,219.0,276.0,NAIAS,IMO9330800,V7KN8,70,5,225,32,14.0,70,A
538006982,2020-08-20T07:44:16,36.96260,-76.42367,0.0,170.7,40.0,ANTE TOPIC,IMO9737072,V7TR4,70,5,,,,,A
305855000,2020-08-20T07:44:49,36.86427,-76.31474,0.0,157.0,226.0,BBC PEARL,IMO9504786,V2FY8,70,5,153,23,9.1,70,A
367821000,2020-08-20T07:50:58,36.97283,-76.43366,0.0,0.0,511.0,YANO,IMO7825409,NAQH,70,0,276,32,13.0,70,A
366839000,2020-08-20T07:55:03,36.85350,-76.31085,0.0,0.0,39.0,CAPE RISE,IMO7530808,KAFG,70,5,197,32,10.0,,A
538002652,2020-08-20T07:54:50,36.87948,-76.32633,0.0,219.0,276.0,NAIAS,IMO9330800,V7KN8,70,5,225,32,14.0,70,A
538006982,2020-08-20T07:56:16,36.96259,-76.42366,0.0,170.7,40.0,ANTE TOPIC,IMO9737072,V7TR4,70,5,,,,,A
477738200,2020-08-20T07:59:58,37.00926,-76.24727,15.4,274.0,269.0,COSCO PHILIPPINES,IMO9448762,VRGM7,70,0,334,42,14.5,72,A
366733250,2020-08-20T07:59:02,37.21457,-76.06704,3.8,153.7,511.0,ATLANTIC SURVEYOR,,WTR5417,70,15,31,7,,,A
367821000,2020-08-20T08:01:17,36.97285,-76.43363,0.0,0.0,511.0,YANO,IMO7825409,NAQH,70,0,276,32,13.0,70,A
367822000,2020-08-20T07:59:56,36.97312,-76.43383,0.0,0.0,238.0,USNS SHUGHART,IMO7825394,NAOQ,70,5,276,32,13.0,70,A
477196100,2020-08-20T08:03:53,37.19389,-76.13393,0.1,83.6,348.0,DARYA MA,IMO9591674,VRJH5,70,1,229,32,14.5,,A
367932000,2020-08-20T07:56:17,36.94919,-76.32962,0.0,107.0,279.0,JOHN LENTHALL,IMO8325547,NJLN,80,5,193,29,,,A
538006982,2020-08-20T08:05:16,36.96255,-76.42365,0.0,170.7,40.0,ANTE TOPIC,IMO9737072,V7TR4,70,5,,,,,A
477866300,2020-08-20T08:04:23,36.92742,-76.32988,0.0,124.9,355.0,BILBAO BRIDGE,IMO9492701,VRHY6,70,5,269,35,11.0,74,A
367821000,2020-08-20T08:09:48,36.97286,-76.43363,0.0,0.0,511.0,YANO,IMO7825409,NAQH,70,0,276,32,13.0,70,A
367821000,2020-08-20T08:10:58,36.97285,-76.43363,0.0,0.0,511.0,YANO,IMO7825409,NAQH,70,0,276,32,13.0,70,A
477738200,2020-08-20T08:09:57,36.99865,-76.29792,15.0,240.1,240.0,COSCO PHILIPPINES,IMO9448762,VRGM7,70,0,334,42,14.5,72,A
477866300,2020-08-20T08:13:22,36.92740,-76.32990,0.1,124.9,355.0,BILBAO BRIDGE,IMO9492701,VRHY6,70,5,269,35,11.0,74,A
477738200,2020-08-20T08:13:21,36.99110,-76.31201,13.6,227.7,228.0,COSCO PHILIPPINES,IMO9448762,VRGM7,70,0,334,42,14.5,72,A
538006982,2020-08-20T08:11:16,36.96258,-76.42366,0.0,170.7,40.0,ANTE TOPIC,IMO9737072,V7TR4,70,5,,,,,A
367932000,2020-08-20T08:08:18,36.94919,-76.32967,0.0,107.0,279.0,JOHN LENTHALL,IMO8325547,NJLN,80,5,193,29,,,A
367822000,2020-08-20T08:14:56,36.97312,-76.43383,0.0,0.0,238.0,USNS SHUGHART,IMO7825394,NAOQ,70,5,276,32,13.0,70,A
367821000,2020-08-20T08:15:08,36.97285,-76.43363,0.0,0.0,511.0,YANO,IMO7825409,NAQH,70,0,276,32,13.0,70,A
305855000,2020-08-20T08:14:48,36.86427,-76.31475,0.0,83.3,226.0,BBC PEARL,IMO9504786,V2FY8,70,5,153,23,9.1,70,A
538002652,2020-08-20T08:18:51,36.87948,-76.32635,0.0,219.0,276.0,NAIAS,IMO9330800,V7KN8,70,5,225,32,14.0,70,A
367861000,2020-08-20T08:21:00,36.94635,-76.32983,0.0,0.0,265.0,LARAMIE,IMO8906626,NLAR,80,5,193,29,,,A
368026000,2020-08-20T08:24:20,36.86576,-76.31602,0.0,270.5,2.0,BENAVIDEZ,IMO9218210,NBHG,70,5,289,32,10.9,70,A
366839000,2020-08-20T08:28:06,36.85350,-76.31082,0.0,0.0,39.0,CAPE RISE,IMO7530808,KAFG,70,5,197,32,10.0,,A
477738200,2020-08-20T08:32:32,36.94236,-76.33801,8.8,181.9,183.0,COSCO PHILIPPINES,IMO9448762,VRGM7,70,0,334,42,14.5,72,A
538006982,2020-08-20T08:29:16,36.96256,-76.42365,0.0,170.7,40.0,ANTE TOPIC,IMO9737072,V7TR4,70,5,,,,,A
305855000,2020-08-20T08:29:47,36.86428,-76.31473,0.0,84.3,226.0,BBC PEARL,IMO9504786,V2FY8,70,5,153,23,9.1,70,A
477196100,2020-08-20T08:30:52,37.19384,-76.13412,0.0,83.6,354.0,DARYA MA,IMO9591674,VRJH5,70,1,229,32,14.5,,A
477196100,2020-08-20T08:33:52,37.19384,-76.13412,0.0,83.6,353.0,DARYA MA,IMO9591674,VRJH5,70,1,229,32,14.5,,A
367821000,2020-08-20T08:33:27,36.97284,-76.43365,0.0,0.0,511.0,YANO,IMO7825409,NAQH,70,0,276,32,13.0,70,A
367821000,2020-08-20T08:37:37,36.97284,-76.43365,0.0,0.0,511.0,YANO,IMO7825409,NAQH,70,0,276,32,13.0,70,A
367861000,2020-08-20T08:36:01,36.94638,-76.32982,0.0,0.0,265.0,LARAMIE,IMO8906626,NLAR,80,5,193,29,,,A
367932000,2020-08-20T08:32:17,36.94913,-76.32963,0.0,107.0,279.0,JOHN LENTHALL,IMO8325547,NJLN,80,5,193,29,,,A
367822000,2020-08-20T08:41:55,36.97312,-76.43383,0.0,0.0,238.0,USNS SHUGHART,IMO7825394,NAOQ,70,5,276,32,13.0,70,A
366839000,2020-08-20T08:43:01,36.85348,-76.31080,0.0,0.0,39.0,CAPE RISE,IMO7530808,KAFG,70,5,197,32,10.0,,A
477866300,2020-08-20T08:43:21,36.93553,-76.33785,6.9,8.3,8.0,BILBAO BRIDGE,IMO9492701,VRHY6,70,0,269,35,11.0,74,A
477866300,2020-08-20T08:47:01,36.94434,-76.33622,9.3,6.2,4.0,BILBAO BRIDGE,IMO9492701,VRHY6,70,0,269,35,11.0,74,A
367861000,2020-08-20T08:48:01,36.94639,-76.32978,0.0,0.0,265.0,LARAMIE,IMO8906626,NLAR,80,5,193,29,,,A
367822000,2020-08-20T08:44:54,36.97312,-76.43383,0.0,0.0,238.0,USNS SHUGHART,IMO7825394,NAOQ,70,5,276,32,13.0,70,A
477866300,2020-08-20T08:50:52,36.95510,-76.33534,10.2,2.2,0.0,BILBAO BRIDGE,IMO9492701,VRHY6,70,0,269,35,11.0,74,A
305855000,2020-08-20T08:50:48,36.86428,-76.31476,0.0,71.4,226.0,BBC PEARL,IMO9504786,V2FY8,70,5,153,23,9.1,70,A
538006982,2020-08-20T08:50:16,36.96257,-76.42364,0.0,170.7,40.0,ANTE TOPIC,IMO9737072,V7TR4,70,5,,,,,A
477866300,2020-08-20T08:52:11,36.95894,-76.33519,10.4,2.0,0.0,BILBAO BRIDGE,IMO9492701,VRHY6,70,0,269,35,11.0,74,A
215677000,2020-08-20T08:54:06,37.23524,-76.11727,0.0,268.2,354.0,RIZE,IMO9584035,9HA2781,70,1,229,32,14.5,,A
477738200,2020-08-20T08:58:31,36.88657,-76.33498,5.2,171.8,173.0,COSCO PHILIPPINES,IMO9448762,VRGM7,70,0,334,42,14.5,72,A
477866300,2020-08-20T08:57:51,36.97696,-76.32829,13.5,44.4,46.0,BILBAO BRIDGE,IMO9492701,VRHY6,70,0,269,35,11.0,74,A
215677000,2020-08-20T08:57:08,37.23522,-76.11729,0.0,268.2,356.0,RIZE,IMO9584035,9HA2781,70,1,229,32,14.5,,A
367861000,2020-08-20T09:00:00,36.94641,-76.32980,0.0,0.0,265.0,LARAMIE,IMO8906626,NLAR,80,5,193,29,,,A
538006982,2020-08-20T08:56:16,36.96260,-76.42366,0.0,170.7,40.0,ANTE TOPIC,IMO9737072,V7TR4,70,5,,,,,A
305855000,2020-08-20T08:59:48,36.86428,-76.31476,0.0,71.4,226.0,BBC PEARL,IMO9504786,V2FY8,70,5,153,23,9.1,70,A
477738200,2020-08-20T09:02:21,36.88150,-76.33501,4.5,199.7,215.0,COSCO PHILIPPINES,IMO9448762,VRGM7,70,0,334,42,14.5,72,A
367932000,2020-08-20T08:56:17,36.94922,-76.32967,0.0,107.0,279.0,JOHN LENTHALL,IMO8325547,NJLN,80,5,193,29,,,A
367821000,2020-08-20T09:01:18,36.97281,-76.43365,0.0,0.0,511.0,YANO,IMO7825409,NAQH,70,0,276,32,13.0,70,A
538002652,2020-08-20T09:03:50,36.87945,-76.32642,0.0,99.0,276.0,NAIAS,IMO9330800,V7KN8,70,5,225,32,14.0,70,A
367821000,2020-08-20T09:06:07,36.97283,-76.43369,0.0,0.0,511.0,YANO,IMO7825409,NAQH,70,0,276,32,13.0,70,A
477866300,2020-08-20T09:10:17,37.00747,-76.26059,19.5,76.3,75.0,BILBAO BRIDGE,IMO9492701,VRHY6,70,0,269,35,11.0,74,A
368026000,2020-08-20T09:12:20,36.86576,-76.31603,0.0,270.5,2.0,BENAVIDEZ,IMO9218210,NBHG,70,5,289,32,10.9,70,A
367821000,2020-08-20T09:16:48,36.97282,-76.43368,0.0,0.0,511.0,YANO,IMO7825409,NAQH,70,0,276,32,13.0,70,A
367822000,2020-08-20T09:14:54,36.97311,-76.43382,0.0,0.0,238.0,USNS SHUGHART,IMO7825394,NAOQ,70,5,276,32,13.0,70,A
477738200,2020-08-20T09:17:10,36.87722,-76.34885,0.9,299.2,339.0,COSCO PHILIPPINES,IMO9448762,VRGM7,70,0,334,42,14.5,72,A
367821000,2020-08-20T09:20:17,36.97282,-76.43368,0.0,0.0,511.0,YANO,IMO7825409,NAQH,70,0,276,32,13.0,70,A
305855000,2020-08-20T09:17:48,36.86427,-76.31477,0.0,67.3,226.0,BBC PEARL,IMO9504786,V2FY8,70,5,153,23,9.1,70,A
477738200,2020-08-20T09:21:12,36.87753,-76.34943,0.2,288.5,345.0,COSCO PHILIPPINES,IMO9448762,VRGM7,70,0,334,42,14.5,72,A
367861000,2020-08-20T09:21:00,36.94640,-76.32980,0.0,0.0,265.0,LARAMIE,IMO8906626,NLAR,80,5,193,29,,,A
367190000,2020-08-20T09:25:18,37.05946,-76.08795,16.0,322.2,323.0,DENEBOLA,IMO7325253,NDSP,70,0,288,32,9.0,70,A
367821000,2020-08-20T09:25:57,36.97286,-76.43361,0.0,0.0,511.0,YANO,IMO7825409,NAQH,70,0,276,32,13.0,70,A
477866300,2020-08-20T09:29:05,36.98236,-76.14402,18.3,107.3,106.0,BILBAO BRIDGE,IMO9492701,VRHY6,70,0,269,35,11.0,74,A
477866300,2020-08-20T09:30:35,36.98004,-76.13487,18.3,107.4,106.0,BILBAO BRIDGE,IMO9492701,VRHY6,70,0,269,35,11.0,74,A
477866300,2020-08-20T09:31:41,36.97833,-76.12807,18.5,107.3,106.0,BILBAO BRIDGE,IMO9492701,VRHY6,70,0,269,35,11.0,74,A
367821000,2020-08-20T09:30:08,36.97285,-76.43362,0.0,0.0,511.0,YANO,IMO7825409,NAQH,70,0,276,32,13.0,70,A
367822000,2020-08-20T09:35:55,36.97313,-76.43382,0.0,0.0,238.0,USNS SHUGHART,IMO7825394,NAOQ,70,5,276,32,13.0,70,A
215677000,2020-08-20T09:36:05,37.23515,-76.11791,0.1,268.2,9.0,RIZE,IMO9584035,9HA2781,70,1,229,32,14.5,,A
367190000,2020-08-20T09:35:24,37.10037,-76.11760,18.1,330.0,330.0,DENEBOLA,IMO7325253,NDSP,70,0,288,32,9.0,70,A
477738200,2020-08-20T09:40:32,36.87753,-76.34981,0.0,150.2,347.0,COSCO PHILIPPINES,IMO9448762,VRGM7,70,5,334,42,14.5,72,A
367861000,2020-08-20T09:39:01,36.94640,-76.32982,0.0,0.0,265.0,LARAMIE,IMO8906626,NLAR,80,5,193,29,,,A
367932000,2020-08-20T09:32:18,36.94916,-76.32974,0.0,107.0,279.0,JOHN LENTHALL,IMO8325547,NJLN,80,5,193,29,,,A
215677000,2020-08-20T09:42:07,37.23516,-76.11789,0.1,268.2,11.0,RIZE,IMO9584035,9HA2781,70,1,229,32,14.5,,A
367822000,2020-08-20T09:41:55,36.97313,-76.43382,0.0,0.0,238.0,USNS SHUGHART,IMO7825394,NAOQ,70,5,276,32,13.0,70,A
368026000,2020-08-20T09:45:20,36.86577,-76.31606,0.0,270.5,2.0,BENAVIDEZ,IMO9218210,NBHG,70,5,289,32,10.9,70,A
538002652,2020-08-20T09:48:53,36.87943,-76.32655,0.0,247.0,276.0,NAIAS,IMO9330800,V7KN8,70,5,225,32,14.0,70,A
305855000,2020-08-20T09:50:46,36.86428,-76.31473,0.0,347.2,226.0,BBC PEARL,IMO9504786,V2FY8,70,5,153,23,9.1,70,A
305855000,2020-08-20T09:53:46,36.86426,-76.31476,0.0,335.1,226.0,BBC PEARL,IMO9504786,V2FY8,70,5,153,23,9.1,70,A
368026000,2020-08-20T09:57:21,36.86576,-76.31603,0.0,270.5,2.0,BENAVIDEZ,IMO9218210,NBHG,70,5,289,32,10.9,70,A
538002652,2020-08-20T09:54:50,36.87947,-76.32648,0.0,247.0,276.0,NAIAS,IMO9330800,V7KN8,70,5,225,32,14.0,70,A
305855000,2020-08-20T09:56:47,36.86430,-76.31475,0.0,68.8,226.0,BBC PEARL,IMO9504786,V2FY8,70,5,153,23,9.1,70,A
538006982,2020-08-20T09:56:16,36.96255,-76.42363,0.0,186.5,40.0,ANTE TOPIC,IMO9737072,V7TR4,70,5,,,,,A
538002652,2020-08-20T09:57:52,36.87948,-76.32642,0.0,259.0,276.0,NAIAS,IMO9330800,V7KN8,70,5,225,32,14.0,70,A
367821000,2020-08-20T09:59:17,36.97284,-76.43362,0.0,0.0,511.0,YANO,IMO7825409,NAQH,70,0,276,32,13.0,70,A
538006982,2020-08-20T10:02:16,36.96259,-76.42367,0.1,182.0,40.0,ANTE TOPIC,IMO9737072,V7TR4,70,5,,,,,A
367190000,2020-08-20T10:04:46,37.21757,-76.14280,13.5,14.0,13.0,DENEBOLA,IMO7325253,NDSP,70,0,288,32,9.0,70,A
477196100,2020-08-20T10:03:53,37.19383,-76.13462,0.1,206.4,4.0,DARYA MA,IMO9591674,VRJH5,70,1,229,32,14.5,,A
367861000,2020-08-20T10:03:00,36.94635,-76.32980,0.0,0.0,265.0,LARAMIE,IMO8906626,NLAR,80,5,193,29,,,A
367861000,2020-08-20T10:09:01,36.94642,-76.32981,0.0,0.0,265.0,LARAMIE,IMO8906626,NLAR,80,5,193,29,,,A
538002652,2020-08-20T10:06:53,36.87960,-76.32640,0.0,259.0,276.0,NAIAS,IMO9330800,V7KN8,70,5,225,32,14.0,70,A
367821000,2020-08-20T10:13:28,36.97287,-76.43362,0.0,0.0,511.0,YANO,IMO7825409,NAQH,70,0,276,32,13.0,70,A
367190000,2020-08-20T10:14:14,37.25793,-76.12670,18.1,17.8,17.0,DENEBOLA,IMO7325253,NDSP,70,0,288,32,9.0,70,A
477738200,2020-08-20T10:15:39,36.87750,-76.34983,0.1,155.7,347.0,COSCO PHILIPPINES,IMO9448762,VRGM7,70,5,334,42,14.5,72,A
215677000,2020-08-20T10:15:05,37.23512,-76.11776,0.0,268.2,7.0,RIZE,IMO9584035,9HA2781,70,1,229,32,14.5,,A
367821000,2020-08-20T10:16:58,36.97288,-76.43362,0.0,0.0,511.0,YANO,IMO7825409,NAQH,70,0,276,32,13.0,70,A
367821000,2020-08-20T10:19:18,36.97288,-76.43362,0.0,0.0,511.0,YANO,IMO7825409,NAQH,70,0,276,32,13.0,70,A
538006982,2020-08-20T10:17:16,36.96256,-76.42364,0.0,155.8,40.0,ANTE TOPIC,IMO9737072,V7TR4,70,5,,,,,A
367822000,2020-08-20T10:20:55,36.97309,-76.43387,0.0,0.0,238.0,USNS SHUGHART,IMO7825394,NAOQ,70,5,276,32,13.0,70,A
367932000,2020-08-20T10:14:17,36.94919,-76.32966,0.0,107.0,279.0,JOHN LENTHALL,IMO8325547,NJLN,80,5,193,29,,,A
367821000,2020-08-20T10:23:48,36.97288,-76.43362,0.0,0.0,511.0,YANO,IMO7825409,NAQH,70,0,276,32,13.0,70,A
368026000,2020-08-20T10:24:20,36.86573,-76.31603,0.0,270.5,2.0,BENAVIDEZ,IMO9218210,NBHG,70,5,289,32,10.9,70,A
367861000,2020-08-20T10:21:01,36.94640,-76.32981,0.0,0.0,265.0,LARAMIE,IMO8906626,NLAR,80,5,193,29,,,A
215677000,2020-08-20T10:27:07,37.23510,-76.11774,0.1,268.2,5.0,RIZE,IMO9584035,9HA2781,70,1,229,32,14.5,,A
368026000,2020-08-20T10:30:21,36.86576,-76.31605,0.0,270.5,2.0,BENAVIDEZ,IMO9218210,NBHG,70,5,289,32,10.9,70,A
366733250,2020-08-20T10:29:22,37.20829,-76.06599,0.8,336.4,511.0,ATLANTIC SURVEYOR,,WTR5417,70,15,31,7,,,A
367932000,2020-08-20T10:26:16,36.94918,-76.32966,0.0,107.0,279.0,JOHN LENTHALL,IMO8325547,NJLN,80,5,193,29,,,A
366839000,2020-08-20T10:34:09,36.85351,-76.31084,0.0,0.0,39.0,CAPE RISE,IMO7530808,KAFG,70,5,197,32,10.0,,A
366733250,2020-08-20T10:31:42,37.20883,-76.06630,0.8,335.6,511.0,ATLANTIC SURVEYOR,,WTR5417,70,15,31,7,,,A
215677000,2020-08-20T10:36:07,37.23512,-76.11795,0.0,268.2,10.0,RIZE,IMO9584035,9HA2781,70,1,229,32,14.5,,A
538002652,2020-08-20T10:42:52,36.87953,-76.32650,0.0,209.0,276.0,NAIAS,IMO9330800,V7KN8,70,5,225,32,14.0,70,A
538006982,2020-08-20T10:41:16,36.96257,-76.42365,0.0,125.0,40.0,ANTE TOPIC,IMO9737072,V7TR4,70,5,,,,,A
367932000,2020-08-20T10:32:17,36.94921,-76.32961,0.0,107.0,279.0,JOHN LENTHALL,IMO8325547,NJLN,80,5,193,29,,,A
367822000,2020-08-20T10:44:56,36.97311,-76.43385,0.0,0.0,238.0,USNS SHUGHART,IMO7825394,NAOQ,70,5,276,32,13.0,70,A
367822000,2020-08-20T10:47:54,36.97312,-76.43385,0.0,0.0,238.0,USNS SHUGHART,IMO7825394,NAOQ,70,5,276,32,13.0,70,A
538002652,2020-08-20T10:45:51,36.87947,-76.32645,0.0,209.0,276.0,NAIAS,IMO9330800,V7KN8,70,5,225,32,14.0,70,A
367861000,2020-08-20T10:48:01,36.94637,-76.32977,0.0,0.0,266.0,LARAMIE,IMO8906626,NLAR,80,5,193,29,,,A
305855000,2020-08-20T10:50:48,36.86427,-76.31476,0.0,196.5,226.0,BBC PEARL,IMO9504786,V2FY8,70,5,153,23,9.1,70,A
368026000,2020-08-20T10:51:21,36.86574,-76.31602,0.0,270.5,2.0,BENAVIDEZ,IMO9218210,NBHG,70,5,289,32,10.9,70,A
215677000,2020-08-20T10:54:05,37.23512,-76.11831,0.1,298.5,14.0,RIZE,IMO9584035,9HA2781,70,1,229,32,14.5,,A
477738200,2020-08-20T10:54:37,36.87751,-76.34980,0.1,146.3,347.0,COSCO PHILIPPINES,IMO9448762,VRGM7,70,5,334,42,14.5,72,A
538006982,2020-08-20T10:53:16,36.96257,-76.42367,0.1,149.8,40.0,ANTE TOPIC,IMO9737072,V7TR4,70,5,,,,,A
367822000,2020-08-20T10:53:56,36.97312,-76.43385,0.0,0.0,238.0,USNS SHUGHART,IMO7825394,NAOQ,70,5,276,32,13.0,70,A
305855000,2020-08-20T10:56:46,36.86427,-76.31476,0.0,138.0,226.0,BBC PEARL,IMO9504786,V2FY8,70,5,153,23,9.1,70,A
366733250,2020-08-20T10:54:12,37.21424,-76.06882,0.9,339.7,511.0,ATLANTIC SURVEYOR,,WTR5417,70,15,31,7,,,A
366839000,2020-08-20T10:55:06,36.85347,-76.31082,0.0,0.0,39.0,CAPE RISE,IMO7530808,KAFG,70,5,197,32,10.0,,A
368026000,2020-08-20T10:57:20,36.86576,-76.31604,0.0,270.5,2.0,BENAVIDEZ,IMO9218210,NBHG,70,5,289,32,10.9,70,A
367861000,2020-08-20T10:57:00,36.94635,-76.32979,0.0,0.0,265.0,LARAMIE,IMO8906626,NLAR,80,5,193,29,,,A
366839000,2020-08-20T11:01:06,36.85350,-76.31081,0.0,0.0,39.0,CAPE RISE,IMO7530808,KAFG,70,5,197,32,10.0,,A
366733250,2020-08-20T11:00:11,37.21588,-76.06943,1.0,344.0,511.0,ATLANTIC SURVEYOR,,WTR5417,70,15,31,7,,,A
367932000,2020-08-20T11:02:16,36.94924,-76.32965,0.0,107.0,279.0,JOHN LENTHALL,IMO8325547,NJLN,80,5,193,29,,,A
367822000,2020-08-20T11:05:55,36.97313,-76.43384,0.0,0.0,238.0,USNS SHUGHART,IMO7825394,NAOQ,70,5,276,32,13.0,70,A
367821000,2020-08-20T11:16:07,36.97287,-76.43362,0.0,0.0,511.0,YANO,IMO7825409,NAQH,70,0,276,32,13.0,70,A
367932000,2020-08-20T11:11:17,36.94916,-76.32967,0.0,107.0,279.0,JOHN LENTHALL,IMO8325547,NJLN,80,5,193,29,,,A
366733250,2020-08-20T11:17:31,37.22140,-76.07115,1.2,346.3,511.0,ATLANTIC SURVEYOR,,WTR5417,70,15,31,7,,,A
305855000,2020-08-20T11:20:46,36.86427,-76.31476,0.0,137.1,226.0,BBC PEARL,IMO9504786,V2FY8,70,5,153,23,9.1,70,A
477738200,2020-08-20T11:21:39,36.87752,-76.34983,0.1,147.1,347.0,COSCO PHILIPPINES,IMO9448762,VRGM7,70,5,334,42,14.5,72,A
538006982,2020-08-20T11:26:16,36.96257,-76.42364,0.0,151.9,40.0,ANTE TOPIC,IMO9737072,V7TR4,70,5,,,,,A
538002652,2020-08-20T11:24:49,36.87943,-76.32645,0.0,209.0,276.0,NAIAS,IMO9330800,V7KN8,70,5,225,32,14.0,70,A
538002652,2020-08-20T11:27:51,36.87935,-76.32653,0.0,209.0,276.0,NAIAS,IMO9330800,V7KN8,70,5,225,32,14.0,70,A
367932000,2020-08-20T11:20:18,36.94918,-76.32969,0.0,107.0,279.0,JOHN LENTHALL,IMO8325547,NJLN,80,5,193,29,,,A
367861000,2020-08-20T11:27:01,36.94638,-76.32981,0.0,0.0,265.0,LARAMIE,IMO8906626,NLAR,80,5,193,29,,,A
367861000,2020-08-20T11:30:01,36.94642,-76.32984,0.0,0.0,265.0,LARAMIE,IMO8906626,NLAR,80,5,193,29,,,A
367932000,2020-08-20T11:29:16,36.94924,-76.32961,0.0,107.0,279.0,JOHN LENTHALL,IMO8325547,NJLN,80,5,193,29,,,A
367822000,2020-08-20T11:35:54,36.97313,-76.43385,0.0,0.0,238.0,USNS SHUGHART,IMO7825394,NAOQ,70,5,276,32,13.0,70,A
538006982,2020-08-20T11:38:16,36.96257,-76.42366,0.0,151.9,40.0,ANTE TOPIC,IMO9737072,V7TR4,70,5,,,,,A
367861000,2020-08-20T11:36:01,36.94638,-76.32977,0.0,0.0,265.0,LARAMIE,IMO8906626,NLAR,80,5,193,29,,,A
538002652,2020-08-20T11:39:50,36.87935,-76.32638,0.0,209.0,277.0,NAIAS,IMO9330800,V7KN8,70,5,225,32,14.0,70,A
366839000,2020-08-20T11:40:07,36.85349,-76.31081,0.0,0.0,39.0,CAPE RISE,IMO7530808,KAFG,70,5,197,32,10.0,,A
366839000,2020-08-20T11:43:11,36.85347,-76.31080,0.0,0.0,39.0,CAPE RISE,IMO7530808,KAFG,70,5,197,32,10.0,,A
538006982,2020-08-20T11:44:16,36.96257,-76.42363,0.0,151.9,40.0,ANTE TOPIC,IMO9737072,V7TR4,70,5,,,,,A
477196100,2020-08-20T11:45:55,37.19451,-76.13630,0.1,302.0,43.0,DARYA MA,IMO9591674,VRJH5,70,1,229,32,14.5,,A
305855000,2020-08-20T11:47:46,36.86430,-76.31478,0.0,133.9,227.0,BBC PEARL,IMO9504786,V2FY8,70,5,153,23,9.1,70,A
477738200,2020-08-20T11:48:39,36.87753,-76.34980,0.0,151.4,347.0,COSCO PHILIPPINES,IMO9448762,VRGM7,70,5,334,42,14.5,72,A
215677000,2020-08-20T11:48:07,37.23531,-76.11887,0.1,298.5,27.0,RIZE,IMO9584035,9HA2781,70,1,229,32,14.5,,A
305855000,2020-08-20T11:50:48,36.86428,-76.31476,0.0,134.7,227.0,BBC PEARL,IMO9504786,V2FY8,70,5,153,23,9.1,70,A
366733250,2020-08-20T11:53:11,37.23274,-76.07607,1.4,337.6,511.0,ATLANTIC SURVEYOR,,WTR5417,70,15,31,7,,,A
215677000,2020-08-20T11:54:06,37.23537,-76.11895,0.1,298.5,30.0,RIZE,IMO9584035,9HA2781,70,1,229,32,14.5,,A
367822000,2020-08-20T11:59:55,36.97312,-76.43382,0.0,0.0,238.0,USNS SHUGHART,IMO7825394,NAOQ,70,5,276,32,13.0,70,A
366839000,2020-08-20T11:58:01,36.85349,-76.31084,0.0,0.0,39.0,CAPE RISE,IMO7530808,KAFG,70,5,197,32,10.0,,A
367821000,2020-08-20T12:03:47,36.97283,-76.43366,0.0,0.0,511.0,YANO,IMO7825409,NAQH,70,0,276,32,13.0,70,A
367822000,2020-08-20T12:05:56,36.97312,-76.43382,0.0,0.0,238.0,USNS SHUGHART,IMO7825394,NAOQ,70,5,276,32,13.0,70,A
368026000,2020-08-20T12:09:21,36.86575,-76.31605,0.0,270.5,2.0,BENAVIDEZ,IMO9218210,NBHG,70,5,289,32,10.9,70,A
367932000,2020-08-20T12:08:18,36.94914,-76.32963,0.0,107.0,279.0,JOHN LENTHALL,IMO8325547,NJLN,80,5,193,29,,,A
367861000,2020-08-20T12:12:00,36.94635,-76.32984,0.0,0.0,265.0,LARAMIE,IMO8906626,NLAR,80,5,193,29,,,A
368026000,2020-08-20T12:12:21,36.86575,-76.31603,0.0,270.5,2.0,BENAVIDEZ,IMO9218210,NBHG,70,5,289,32,10.9,70,A
366839000,2020-08-20T12:13:05,36.85351,-76.31081,0.0,0.0,39.0,CAPE RISE,IMO7530808,KAFG,70,5,197,32,10.0,,A
538006982,2020-08-20T12:14:16,36.96258,-76.42368,0.0,151.9,40.0,ANTE TOPIC,IMO9737072,V7TR4,70,5,,,,,A
366733250,2020-08-20T12:18:53,37.24203,-76.08114,1.6,342.1,511.0,ATLANTIC SURVEYOR,,WTR5417,70,15,31,7,,,A
366839000,2020-08-20T12:19:06,36.85351,-76.31085,0.0,0.0,39.0,CAPE RISE,IMO7530808,KAFG,70,5,197,32,10.0,,A
538002652,2020-08-20T12:21:50,36.87952,-76.32643,0.0,209.0,277.0,NAIAS,IMO9330800,V7KN8,70,5,225,32,14.0,70,A
366733250,2020-08-20T12:22:01,37.24341,-76.08175,1.7,336.9,511.0,ATLANTIC SURVEYOR,,WTR5417,70,15,31,7,,,A
367861000,2020-08-20T12:21:01,36.94639,-76.32982,0.0,0.0,265.0,LARAMIE,IMO8906626,NLAR,80,5,193,29,,,A
367359930,2020-08-20T12:23:51,36.82404,-76.28907,0.0,2.8,511.0,SUNNY WILLIAMS,,WDE4940,80,0,25,8,,80,A
367359930,2020-08-20T12:25:03,36.82404,-76.28907,0.0,2.8,511.0,SUNNY WILLIAMS,,WDE4940,80,0,25,8,,80,A
367861000,2020-08-20T12:27:00,36.94638,-76.32977,0.0,0.0,265.0,LARAMIE,IMO8906626,NLAR,80,5,193,29,,,A
366733250,2020-08-20T12:27:12,37.24575,-76.08285,1.8,338.6,511.0,ATLANTIC SURVEYOR,,WTR5417,70,15,31,7,,,A
366839000,2020-08-20T12:31:04,36.85350,-76.31083,0.0,0.0,39.0,CAPE RISE,IMO7530808,KAFG,70,5,197,32,10.0,,A
367932000,2020-08-20T12:23:17,36.94912,-76.32965,0.0,107.0,279.0,JOHN LENTHALL,IMO8325547,NJLN,80,5,193,29,,,A
367821000,2020-08-20T12:28:38,36.97284,-76.43365,0.0,0.0,511.0,YANO,IMO7825409,NAQH,70,0,276,32,13.0,70,A
366733250,2020-08-20T12:31:42,37.24792,-76.08391,1.8,338.1,511.0,ATLANTIC SURVEYOR,,WTR5417,70,15,31,7,,,A
538006907,2020-08-20T12:32:45,37.05917,-76.08683,13.3,322.2,324.0,PALANCA RIO,IMO9747998,V7QS4,80,0,133,,,,A
477738200,2020-08-20T12:39:39,36.87750,-76.34982,0.1,130.5,347.0,COSCO PHILIPPINES,IMO9448762,VRGM7,70,5,334,42,14.5,72,A
368026000,2020-08-20T12:36:21,36.86575,-76.31602,0.0,270.5,2.0,BENAVIDEZ,IMO9218210,NBHG,70,5,289,32,10.9,70,A
366733250,2020-08-20T12:45:11,37.25525,-76.08767,2.2,336.2,511.0,ATLANTIC SURVEYOR,,WTR5417,70,15,31,7,,,A
366839000,2020-08-20T12:43:06,36.85350,-76.31083,0.0,0.0,40.0,CAPE RISE,IMO7530808,KAFG,70,5,197,32,10.0,,A
538006907,2020-08-20T12:41:44,37.08760,-76.10787,13.2,330.9,331.0,PALANCA RIO,IMO9747998,V7QS4,80,0,133,,,,A
367822000,2020-08-20T12:44:54,36.97313,-76.43385,0.0,0.0,238.0,USNS SHUGHART,IMO7825394,NAOQ,70,5,276,32,13.0,70,A
538006982,2020-08-20T12:47:16,36.96258,-76.42367,0.0,106.0,40.0,ANTE TOPIC,IMO9737072,V7TR4,70,5,,,,,A
367359930,2020-08-20T12:47:23,36.82405,-76.28908,0.0,2.8,511.0,SUNNY WILLIAMS,,WDE4940,80,0,25,8,,80,A
305855000,2020-08-20T12:50:47,36.86428,-76.31477,0.1,183.2,226.0,BBC PEARL,IMO9504786,V2FY8,70,5,153,23,9.1,70,A
366839000,2020-08-20T12:52:07,36.85354,-76.31079,0.0,0.0,39.0,CAPE RISE,IMO7530808,KAFG,70,5,197,32,10.0,,A
366839000,2020-08-20T12:55:09,36.85351,-76.31085,0.0,0.0,39.0,CAPE RISE,IMO7530808,KAFG,70,5,197,32,10.0,,A
215677000,2020-08-20T12:54:08,37.23621,-76.11977,0.1,321.6,63.0,RIZE,IMO9584035,9HA2781,70,1,229,32,14.5,,A
367359930,2020-08-20T13:00:01,36.82405,-76.28907,0.0,2.8,511.0,SUNNY WILLIAMS,,WDE4940,80,0,25,8,,80,A
366733250,2020-08-20T13:00:02,37.26332,-76.09268,2.0,329.5,511.0,ATLANTIC SURVEYOR,,WTR5417,70,15,31,7,,,A
538006907,2020-08-20T12:54:14,37.12778,-76.13665,13.5,328.6,329.0,PALANCA RIO,IMO9747998,V7QS4,80,0,133,,,,A
367861000,2020-08-20T13:00:00,36.94638,-76.32983,0.0,0.0,265.0,LARAMIE,IMO8906626,NLAR,80,5,193,29,,,A
477738200,2020-08-20T13:00:38,36.87748,-76.34985,0.1,170.1,347.0,COSCO PHILIPPINES,IMO9448762,VRGM7,70,5,334,42,14.5,72,A
367359930,2020-08-20T13:01:12,36.82404,-76.28908,0.0,2.8,511.0,SUNNY WILLIAMS,,WDE4940,80,0,25,8,,80,A
538006907,2020-08-20T12:58:13,37.14045,-76.14630,13.3,328.7,329.0,PALANCA RIO,IMO9747998,V7QS4,80,0,133,,,,A
367932000,2020-08-20T12:56:17,36.94921,-76.32969,0.0,107.0,279.0,JOHN LENTHALL,IMO8325547,NJLN,80,5,193,29,,,A
538006982,2020-08-20T13:05:16,36.96256,-76.42364,0.1,149.0,40.0,ANTE TOPIC,IMO9737072,V7TR4,70,5,,,,,A
538006907,2020-08-20T13:00:05,37.14657,-76.14970,12.7,349.3,353.0,PALANCA RIO,IMO9747998,V7QS4,80,0,133,,,,A
538006907,2020-08-20T13:03:33,37.15883,-76.15192,12.9,352.8,354.0,PALANCA RIO,IMO9747998,V7QS4,80,0,133,,,,A
367821000,2020-08-20T13:07:18,36.97284,-76.43367,0.0,0.0,511.0,YANO,IMO7825409,NAQH,70,0,276,32,13.0,70,A
367861000,2020-08-20T13:12:00,36.94647,-76.32987,0.0,0.0,265.0,LARAMIE,IMO8906626,NLAR,80,5,193,29,,,A
477738200,2020-08-20T13:09:38,36.87752,-76.34980,0.1,217.1,347.0,COSCO PHILIPPINES,IMO9448762,VRGM7,70,5,334,42,14.5,72,A
477738200,2020-08-20T13:12:37,36.87751,-76.34981,0.1,173.7,347.0,COSCO PHILIPPINES,IMO9448762,VRGM7,70,5,334,42,14.5,72,A
366733250,2020-08-20T13:12:21,37.26886,-76.09781,2.1,321.5,511.0,ATLANTIC SURVEYOR,,WTR5417,70,15,31,7,,,A
477196100,2020-08-20T13:09:54,37.19591,-76.13678,0.1,350.4,96.0,DARYA MA,IMO9591674,VRJH5,70,1,229,32,14.5,,A
538006982,2020-08-20T13:11:16,36.96256,-76.42363,0.0,124.3,40.0,ANTE TOPIC,IMO9737072,V7TR4,70,5,,,,,A
538006907,2020-08-20T13:05:54,37.16722,-76.15313,13.1,354.1,355.0,PALANCA RIO,IMO9747998,V7QS4,80,0,133,,,,A
477738200,2020-08-20T13:15:40,36.87752,-76.34982,0.1,190.3,347.0,COSCO PHILIPPINES,IMO9448762,VRGM7,70,5,334,42,14.5,72,A
367821000,2020-08-20T13:17:07,36.97284,-76.43367,0.0,0.0,511.0,YANO,IMO7825409,NAQH,70,0,276,32,13.0,70,A
367932000,2020-08-20T13:11:17,36.94917,-76.32966,0.0,107.0,279.0,JOHN LENTHALL,IMO8325547,NJLN,80,5,193,29,,,A
305855000,2020-08-20T13:17:47,36.86426,-76.31475,0.0,131.1,225.0,BBC PEARL,IMO9504786,V2FY8,70,5,153,23,9.1,70,A
538002652,2020-08-20T13:18:53,36.87945,-76.32655,0.0,170.0,277.0,NAIAS,IMO9330800,V7KN8,70,5,225,32,14.0,70,A
477196100,2020-08-20T13:18:57,37.19592,-76.13666,0.1,74.4,96.0,DARYA MA,IMO9591674,VRJH5,70,1,229,32,14.5,,A
367861000,2020-08-20T13:21:01,36.94641,-76.32982,0.0,0.0,265.0,LARAMIE,IMO8906626,NLAR,80,5,193,29,,,A
366733250,2020-08-20T13:25:02,37.27473,-76.10341,2.0,326.0,511.0,ATLANTIC SURVEYOR,,WTR5417,70,15,31,7,,,A
538006982,2020-08-20T13:23:16,36.96258,-76.42364,0.0,185.9,40.0,ANTE TOPIC,IMO9737072,V7TR4,70,5,,,,,A
477738200,2020-08-20T13:24:38,36.87755,-76.34984,0.1,182.3,347.0,COSCO PHILIPPINES,IMO9448762,VRGM7,70,5,334,42,14.5,72,A
538002652,2020-08-20T13:24:51,36.87955,-76.32650,0.0,23.0,277.0,NAIAS,IMO9330800,V7KN8,70,5,225,32,14.0,70,A
366733250,2020-08-20T13:29:01,37.27671,-76.10500,2.1,327.2,511.0,ATLANTIC SURVEYOR,,WTR5417,70,15,31,7,,,A
367821000,2020-08-20T13:26:27,36.97285,-76.43364,0.0,0.0,511.0,YANO,IMO7825409,NAQH,70,0,276,32,13.0,70,A
366839000,2020-08-20T13:31:04,36.85351,-76.31084,0.0,0.0,39.0,CAPE RISE,IMO7530808,KAFG,70,5,197,32,10.0,,A
477196100,2020-08-20T13:30:56,37.19618,-76.13674,0.2,335.6,103.0,DARYA MA,IMO9591674,VRJH5,70,1,229,32,14.5,,A
538006907,2020-08-20T13:27:15,37.23968,-76.14022,12.2,14.7,17.0,PALANCA RIO,IMO9747998,V7QS4,80,0,133,,,,A
366733250,2020-08-20T13:32:11,37.27830,-76.10622,2.1,329.2,511.0,ATLANTIC SURVEYOR,,WTR5417,70,15,31,7,,,A
366733250,2020-08-20T13:34:01,37.27925,-76.10689,2.1,331.2,511.0,ATLANTIC SURVEYOR,,WTR5417,70,15,31,7,,,A
367821000,2020-08-20T13:34:38,36.97286,-76.43365,0.0,0.0,511.0,YANO,IMO7825409,NAQH,70,0,276,32,13.0,70,A
367821000,2020-08-20T13:36:57,36.97286,-76.43365,0.0,0.0,511.0,YANO,IMO7825409,NAQH,70,0,276,32,13.0,70,A
538006907,2020-08-20T13:31:34,37.25393,-76.13520,12.4,15.4,17.0,PALANCA RIO,IMO9747998,V7QS4,80,0,133,,,,A
368026000,2020-08-20T13:36:21,36.86577,-76.31604,0.0,270.5,2.0,BENAVIDEZ,IMO9218210,NBHG,70,5,289,32,10.9,70,A
305855000,2020-08-20T13:44:48,36.86426,-76.31477,0.0,155.1,227.0,BBC PEARL,IMO9504786,V2FY8,70,5,153,23,9.1,70,A
369390000,2020-08-20T13:46:05,37.00483,-76.22717,15.9,289.0,289.0,SAFMARINE MAFADI,IMO9314210,KRIJ,70,0,292,32,11.8,70,A
367822000,2020-08-20T13:44:56,36.97310,-76.43385,0.0,0.0,238.0,USNS SHUGHART,IMO7825394,NAOQ,70,5,276,32,13.0,70,A
367359930,2020-08-20T13:52:13,36.82404,-76.28907,0.0,2.8,511.0,SUNNY WILLIAMS,,WDE4940,80,0,25,8,,80,A
477196100,2020-08-20T13:48:54,37.19650,-76.13670,0.1,337.4,112.0,DARYA MA,IMO9591674,VRJH5,70,1,229,32,14.5,,A
367821000,2020-08-20T13:55:08,36.97286,-76.43365,0.0,0.0,511.0,YANO,IMO7825409,NAQH,70,0,276,32,13.0,70,A
538006982,2020-08-20T13:50:16,36.96256,-76.42366,0.0,187.5,40.0,ANTE TOPIC,IMO9737072,V7TR4,70,5,,,,,A
538006982,2020-08-20T13:53:16,36.96257,-76.42365,0.0,187.5,40.0,ANTE TOPIC,IMO9737072,V7TR4,70,5,,,,,A
538006982,2020-08-20T13:56:16,36.96255,-76.42368,0.0,187.5,40.0,ANTE TOPIC,IMO9737072,V7TR4,70,5,,,,,A
368026000,2020-08-20T13:54:21,36.86576,-76.31601,0.0,270.5,2.0,BENAVIDEZ,IMO9218210,NBHG,70,5,289,32,10.9,70,A
367359930,2020-08-20T14:00:01,36.82405,-76.28908,0.1,2.8,511.0,SUNNY WILLIAMS,,WDE4940,80,0,25,8,,80,A
367822000,2020-08-20T13:59:56,36.97310,-76.43383,0.0,0.0,238.0,USNS SHUGHART,IMO7825394,NAOQ,70,5,276,32,13.0,70,A
369390000,2020-08-20T14:00:06,37.00442,-76.28218,9.5,258.0,258.0,SAFMARINE MAFADI,IMO9314210,KRIJ,70,0,292,32,11.8,70,A
367359930,2020-08-20T14:02:13,36.82404,-76.28906,0.0,2.8,511.0,SUNNY WILLIAMS,,WDE4940,80,0,25,8,,80,A
477196100,2020-08-20T14:03:53,37.19673,-76.13633,0.1,86.5,121.0,DARYA MA,IMO9591674,VRJH5,70,1,229,32,14.5,,A
538006982,2020-08-20T14:02:16,36.96258,-76.42362,0.0,284.6,40.0,ANTE TOPIC,IMO9737072,V7TR4,70,5,,,,,A
305855000,2020-08-20T14:05:48,36.86427,-76.31477,0.0,340.2,226.0,BBC PEARL,IMO9504786,V2FY8,70,5,153,23,9.1,70,A
369390000,2020-08-20T14:03:36,37.00183,-76.29300,9.5,250.0,250.0,SAFMARINE MAFADI,IMO9314210,KRIJ,70,0,292,32,11.8,70,A
477738200,2020-08-20T14:03:38,36.87759,-76.34983,0.0,305.3,347.0,COSCO PHILIPPINES,IMO9448762,VRGM7,70,5,334,42,14.5,72,A
367359930,2020-08-20T14:06:03,36.82404,-76.28907,0.0,2.8,511.0,SUNNY WILLIAMS,,WDE4940,80,0,25,8,,80,A
367821000,2020-08-20T14:09:38,36.97286,-76.43364,0.0,0.0,511.0,YANO,IMO7825409,NAQH,70,0,276,32,13.0,70,A
366733250,2020-08-20T14:10:11,37.26788,-76.09372,1.8,144.1,511.0,ATLANTIC SURVEYOR,,WTR5417,70,15,31,7,,,A
367932000,2020-08-20T14:05:17,36.94917,-76.32970,0.0,107.0,279.0,JOHN LENTHALL,IMO8325547,NJLN,80,5,193,29,,,A
367359930,2020-08-20T14:12:52,36.82406,-76.28908,0.0,2.8,511.0,SUNNY WILLIAMS,,WDE4940,80,0,25,8,,80,A
538002652,2020-08-20T14:15:51,36.87948,-76.32648,0.0,58.0,276.0,NAIAS,IMO9330800,V7KN8,70,5,225,32,14.0,70,A
538006982,2020-08-20T14:14:16,36.96266,-76.42372,0.0,337.6,40.0,ANTE TOPIC,IMO9737072,V7TR4,70,5,,,,,A
538006982,2020-08-20T14:17:16,36.96265,-76.42373,0.0,337.6,40.0,ANTE TOPIC,IMO9737072,V7TR4,70,5,,,,,A
366733250,2020-08-20T14:16:01,37.26552,-76.09165,1.5,147.7,511.0,ATLANTIC SURVEYOR,,WTR5417,70,15,31,7,,,A
367861000,2020-08-20T14:15:00,36.94641,-76.32980,0.0,0.0,265.0,LARAMIE,IMO8906626,NLAR,80,5,193,29,,,A
367822000,2020-08-20T14:20:55,36.97310,-76.43382,0.0,0.0,238.0,USNS SHUGHART,IMO7825394,NAOQ,70,5,276,32,13.0,70,A
369390000,2020-08-20T14:20:54,36.96046,-76.33634,9.8,176.0,176.0,SAFMARINE MAFADI,IMO9314210,KRIJ,70,0,292,32,11.8,70,A
367821000,2020-08-20T14:21:47,36.97286,-76.43364,0.0,0.0,511.0,YANO,IMO7825409,NAQH,70,0,276,32,13.0,70,A
367359930,2020-08-20T14:24:42,36.82405,-76.28907,0.0,2.8,511.0,SUNNY WILLIAMS,,WDE4940,80,0,25,8,,80,A
367359930,2020-08-20T14:25:53,36.82404,-76.28908,0.0,2.8,511.0,SUNNY WILLIAMS,,WDE4940,80,0,25,8,,80,A
538002652,2020-08-20T14:27:52,36.87947,-76.32640,0.0,28.0,276.0,NAIAS,IMO9330800,V7KN8,70,5,225,32,14.0,70,A
367822000,2020-08-20T14:26:55,36.97310,-76.43381,0.0,0.0,238.0,USNS SHUGHART,IMO7825394,NAOQ,70,5,276,32,13.0,70,A
305855000,2020-08-20T14:26:45,36.86428,-76.31476,0.0,287.6,226.0,BBC PEARL,IMO9504786,V2FY8,70,5,153,23,9.1,70,A
367359930,2020-08-20T14:27:03,36.82404,-76.28907,0.0,2.8,511.0,SUNNY WILLIAMS,,WDE4940,80,0,25,8,,80,A
477738200,2020-08-20T14:30:40,36.87754,-76.34982,0.0,82.4,347.0,COSCO PHILIPPINES,IMO9448762,VRGM7,70,5,334,42,14.5,72,A
305855000,2020-08-20T14:29:48,36.86425,-76.31475,0.0,287.6,226.0,BBC PEARL,IMO9504786,V2FY8,70,5,153,23,9.1,70,A
477196100,2020-08-20T14:30:54,37.19715,-76.13537,0.1,50.9,139.0,DARYA MA,IMO9591674,VRJH5,70,1,229,32,14.5,,A
477196100,2020-08-20T14:33:57,37.19725,-76.13534,0.1,50.9,141.0,DARYA MA,IMO9591674,VRJH5,70,1,229,32,14.5,,A
367359930,2020-08-20T14:35:12,36.82404,-76.28908,0.0,2.8,511.0,SUNNY WILLIAMS,,WDE4940,80,0,25,8,,80,A
215677000,2020-08-20T14:33:08,37.23886,-76.11859,0.1,51.4,147.0,RIZE,IMO9584035,9HA2781,70,1,229,32,14.5,,A
369390000,2020-08-20T14:37:36,36.91782,-76.33991,8.4,189.0,176.0,SAFMARINE MAFADI,IMO9314210,KRIJ,70,0,292,32,11.8,70,A
366733250,2020-08-20T14:37:31,37.25728,-76.08690,1.4,165.4,511.0,ATLANTIC SURVEYOR,,WTR5417,70,15,31,7,,,A
366733250,2020-08-20T14:39:02,37.25671,-76.08671,1.3,162.8,511.0,ATLANTIC SURVEYOR,,WTR5417,70,15,31,7,,,A
367821000,2020-08-20T14:42:08,36.97274,-76.43373,0.0,0.0,511.0,YANO,IMO7825409,NAQH,70,0,276,32,13.0,70,A
338403000,2020-08-20T14:40:22,36.96562,-76.07848,14.2,289.6,290.0,MAERSK HARTFORD,IMO9333008,WMHA,70,0,299,40,14.5,,A
338403000,2020-08-20T14:41:51,36.96762,-76.08561,14.7,298.8,289.0,MAERSK HARTFORD,IMO9333008,WMHA,70,0,299,40,14.5,,A
367822000,2020-08-20T14:38:55,36.97312,-76.43382,0.0,0.0,238.0,USNS SHUGHART,IMO7825394,NAOQ,70,5,276,32,13.0,70,A
366733250,2020-08-20T14:46:01,37.25424,-76.08590,1.3,165.7,511.0,ATLANTIC SURVEYOR,,WTR5417,70,15,31,7,,,A
367821000,2020-08-20T14:46:08,36.97277,-76.43371,0.0,0.0,511.0,YANO,IMO7825409,NAQH,70,0,276,32,13.0,70,A
369390000,2020-08-20T14:45:43,36.90250,-76.33767,6.8,170.0,169.0,SAFMARINE MAFADI,IMO9314210,KRIJ,70,0,292,32,11.8,70,A
367822000,2020-08-20T14:47:56,36.97312,-76.43382,0.0,0.0,238.0,USNS SHUGHART,IMO7825394,NAOQ,70,5,276,32,13.0,70,A
215677000,2020-08-20T14:48:06,37.23880,-76.11845,0.1,51.4,145.0,RIZE,IMO9584035,9HA2781,70,1,229,32,14.5,,A
338403000,2020-08-20T14:49:57,36.97908,-76.12884,16.6,293.2,287.0,MAERSK HARTFORD,IMO9333008,WMHA,70,0,299,40,14.5,,A
538006982,2020-08-20T14:56:16,36.96259,-76.42363,0.0,4.5,40.0,ANTE TOPIC,IMO9737072,V7TR4,70,5,,,,,A
367861000,2020-08-20T15:00:01,36.94638,-76.32976,0.0,0.0,265.0,LARAMIE,IMO8906626,NLAR,80,5,193,29,,,A
368026000,2020-08-20T14:57:21,36.86576,-76.31604,0.0,270.5,2.0,BENAVIDEZ,IMO9218210,NBHG,70,5,289,32,10.9,70,A
477196100,2020-08-20T15:00:55,37.19747,-76.13506,0.0,50.9,149.0,DARYA MA,IMO9591674,VRJH5,70,1,229,32,14.5,,A
369390000,2020-08-20T15:02:24,36.87702,-76.34251,4.8,247.0,252.0,SAFMARINE MAFADI,IMO9314210,KRIJ,70,0,292,32,11.8,70,A
367932000,2020-08-20T14:53:18,36.94915,-76.32970,0.0,107.0,279.0,JOHN LENTHALL,IMO8325547,NJLN,80,5,193,29,,,A
367821000,2020-08-20T15:02:37,36.97278,-76.43371,0.0,0.0,511.0,YANO,IMO7825409,NAQH,70,0,276,32,13.0,70,A
366839000,2020-08-20T15:04:03,36.85348,-76.31079,0.0,0.0,39.0,CAPE RISE,IMO7530808,KAFG,70,5,197,32,10.0,,A
477196100,2020-08-20T15:03:56,37.19748,-76.13501,0.1,50.9,150.0,DARYA MA,IMO9591674,VRJH5,70,1,229,32,14.5,,A
367932000,2020-08-20T15:02:16,36.94909,-76.32970,0.0,107.0,279.0,JOHN LENTHALL,IMO8325547,NJLN,80,5,193,29,,,A
477196100,2020-08-20T15:09:50,37.19750,-76.13498,0.0,50.9,150.0,DARYA MA,IMO9591674,VRJH5,70,1,229,32,14.5,,A
338403000,2020-08-20T15:08:58,37.00662,-76.23494,17.0,300.1,287.0,MAERSK HARTFORD,IMO9333008,WMHA,70,0,299,40,14.5,,A
338403000,2020-08-20T15:11:39,37.00908,-76.25066,16.6,263.6,257.0,MAERSK HARTFORD,IMO9333008,WMHA,70,0,299,40,14.5,,A
369390000,2020-08-20T15:09:00,36.87512,-76.34691,1.6,221.0,357.0,SAFMARINE MAFADI,IMO9314210,KRIJ,70,0,292,32,11.8,70,A
538006982,2020-08-20T15:11:16,36.96256,-76.42366,0.0,5.5,40.0,ANTE TOPIC,IMO9737072,V7TR4,70,5,,,,,A
367932000,2020-08-20T15:08:18,36.94911,-76.32977,0.0,107.0,279.0,JOHN LENTHALL,IMO8325547,NJLN,80,5,193,29,,,A
367822000,2020-08-20T15:11:56,36.97315,-76.43381,0.0,0.0,238.0,USNS SHUGHART,IMO7825394,NAOQ,70,5,276,32,13.0,70,A
538002652,2020-08-20T15:15:52,36.87945,-76.32650,0.0,82.0,276.0,NAIAS,IMO9330800,V7KN8,70,5,225,32,14.0,70,A
305855000,2020-08-20T15:17:47,36.86431,-76.31475,0.0,16.1,226.0,BBC PEARL,IMO9504786,V2FY8,70,5,153,23,9.1,70,A
367359930,2020-08-20T15:17:42,36.82405,-76.28909,0.0,2.8,511.0,SUNNY WILLIAMS,,WDE4940,80,0,25,8,,80,A
367821000,2020-08-20T15:15:38,36.97278,-76.43370,0.0,0.0,511.0,YANO,IMO7825409,NAQH,70,0,276,32,13.0,70,A
367822000,2020-08-20T15:20:55,36.97314,-76.43381,0.0,0.0,238.0,USNS SHUGHART,IMO7825394,NAOQ,70,5,276,32,13.0,70,A
366733250,2020-08-20T15:19:42,37.24592,-76.08359,0.7,157.1,511.0,ATLANTIC SURVEYOR,,WTR5417,70,15,31,7,,,A
367359930,2020-08-20T15:19:52,36.82406,-76.28908,0.0,2.8,511.0,SUNNY WILLIAMS,,WDE4940,80,0,25,8,,80,A
367359930,2020-08-20T15:21:03,36.82406,-76.28908,0.0,2.8,511.0,SUNNY WILLIAMS,,WDE4940,80,0,25,8,,80,A
369390000,2020-08-20T15:21:13,36.87100,-76.34817,0.2,228.0,346.0,SAFMARINE MAFADI,IMO9314210,KRIJ,70,0,292,32,11.8,70,A
366733250,2020-08-20T15:26:52,37.24455,-76.08281,0.7,156.0,511.0,ATLANTIC SURVEYOR,,WTR5417,70,15,31,7,,,A
477738200,2020-08-20T15:24:37,36.87744,-76.34982,0.0,358.4,347.0,COSCO PHILIPPINES,IMO9448762,VRGM7,70,5,334,42,14.5,72,A
367359930,2020-08-20T15:24:53,36.82407,-76.28909,0.1,2.8,511.0,SUNNY WILLIAMS,,WDE4940,80,0,25,8,,80,A
538006982,2020-08-20T15:26:16,36.96256,-76.42366,0.0,2.6,40.0,ANTE TOPIC,IMO9737072,V7TR4,70,5,,,,,A
367932000,2020-08-20T15:20:17,36.94919,-76.32961,0.0,107.0,279.0,JOHN LENTHALL,IMO8325547,NJLN,80,5,193,29,,,A
367861000,2020-08-20T15:30:00,36.94637,-76.32980,0.0,0.0,265.0,LARAMIE,IMO8906626,NLAR,80,5,193,29,,,A
215677000,2020-08-20T15:30:06,37.23881,-76.11833,0.0,51.4,140.0,RIZE,IMO9584035,9HA2781,70,1,229,32,14.5,,A
338403000,2020-08-20T15:34:45,36.96215,-76.33645,8.1,194.2,182.0,MAERSK HARTFORD,IMO9333008,WMHA,70,0,299,40,14.5,,A
215677000,2020-08-20T15:36:08,37.23879,-76.11823,0.1,51.4,141.0,RIZE,IMO9584035,9HA2781,70,1,229,32,14.5,,A
369390000,2020-08-20T15:36:06,36.87098,-76.34822,0.0,125.0,346.0,SAFMARINE MAFADI,IMO9314210,KRIJ,70,5,292,32,11.8,70,A
338403000,2020-08-20T15:35:56,36.95951,-76.33652,7.9,181.4,182.0,MAERSK HARTFORD,IMO9333008,WMHA,70,0,299,40,14.5,,A
305855000,2020-08-20T15:38:47,36.86426,-76.31476,0.0,336.4,227.0,BBC PEARL,IMO9504786,V2FY8,70,5,153,23,9.1,70,A
366839000,2020-08-20T15:40:09,36.85347,-76.31081,0.0,0.0,39.0,CAPE RISE,IMO7530808,KAFG,70,5,197,32,10.0,,A
477738200,2020-08-20T15:45:39,36.87758,-76.34976,0.1,203.2,347.0,COSCO PHILIPPINES,IMO9448762,VRGM7,70,5,334,42,14.5,72,A
366839000,2020-08-20T15:43:11,36.85347,-76.31084,0.0,0.0,39.0,CAPE RISE,IMO7530808,KAFG,70,5,197,32,10.0,,A
477738200,2020-08-20T15:48:38,36.87754,-76.34979,0.0,183.1,347.0,COSCO PHILIPPINES,IMO9448762,VRGM7,70,5,334,42,14.5,72,A
367359930,2020-08-20T15:52:33,36.82403,-76.28907,0.0,2.8,511.0,SUNNY WILLIAMS,,WDE4940,80,0,25,8,,80,A
368026000,2020-08-20T15:51:21,36.86574,-76.31606,0.0,270.5,2.0,BENAVIDEZ,IMO9218210,NBHG,70,5,289,32,10.9,70,A
338403000,2020-08-20T15:56:36,36.92767,-76.33733,0.5,66.4,202.0,MAERSK HARTFORD,IMO9333008,WMHA,70,0,299,40,14.5,,A
538006982,2020-08-20T15:59:16,36.96258,-76.42366,0.0,0.6,40.0,ANTE TOPIC,IMO9737072,V7TR4,70,5,,,,,A
215677000,2020-08-20T16:00:09,37.23892,-76.11792,0.1,51.4,151.0,RIZE,IMO9584035,9HA2781,70,1,229,32,14.5,,A
367359930,2020-08-20T16:01:03,36.82404,-76.28907,0.0,2.8,511.0,SUNNY WILLIAMS,,WDE4940,80,0,25,8,,80,A
367861000,2020-08-20T16:00:00,36.94637,-76.32982,0.0,0.0,265.0,LARAMIE,IMO8906626,NLAR,80,5,193,29,,,A
305855000,2020-08-20T16:02:48,36.86428,-76.31475,0.0,249.7,227.0,BBC PEARL,IMO9504786,V2FY8,70,5,153,23,9.1,70,A
538002652,2020-08-20T16:03:52,36.87945,-76.32645,0.0,208.0,276.0,NAIAS,IMO9330800,V7KN8,70,5,225,32,14.0,70,A
367821000,2020-08-20T16:04:47,36.97277,-76.43366,0.0,0.0,511.0,YANO,IMO7825409,NAQH,70,0,276,32,13.0,70,A
215677000,2020-08-20T16:06:07,37.23882,-76.11786,0.1,51.4,151.0,RIZE,IMO9584035,9HA2781,70,1,229,32,14.5,,A
366733250,2020-08-20T16:07:02,37.23701,-76.07686,0.9,143.8,511.0,ATLANTIC SURVEYOR,,WTR5417,70,15,31,7,,,A
366733250,2020-08-20T16:08:13,37.23676,-76.07661,0.9,145.2,511.0,ATLANTIC SURVEYOR,,WTR5417,70,15,31,7,,,A
477196100,2020-08-20T16:06:50,37.19719,-76.13524,0.1,227.2,144.0,DARYA MA,IMO9591674,VRJH5,70,1,229,32,14.5,,A
369390000,2020-08-20T16:09:06,36.87088,-76.34812,0.0,7.0,347.0,SAFMARINE MAFADI,IMO9314210,KRIJ,70,5,292,32,11.8,70,A
215677000,2020-08-20T16:12:08,37.23880,-76.11794,0.1,51.4,150.0,RIZE,IMO9584035,9HA2781,70,1,229,32,14.5,,A
538002652,2020-08-20T16:12:53,36.87947,-76.32643,0.0,16.0,276.0,NAIAS,IMO9330800,V7KN8,70,5,225,32,14.0,70,A
367821000,2020-08-20T16:12:07,36.97278,-76.43367,0.0,0.0,511.0,YANO,IMO7825409,NAQH,70,0,276,32,13.0,70,A
338403000,2020-08-20T16:13:06,36.92509,-76.33027,1.3,142.6,343.0,MAERSK HARTFORD,IMO9333008,WMHA,70,0,299,40,14.5,,A
366733250,2020-08-20T16:12:01,37.23593,-76.07592,0.9,151.2,511.0,ATLANTIC SURVEYOR,,WTR5417,70,15,31,7,,,A
308299000,2020-08-20T16:14:36,37.04133,-76.06971,12.8,323.8,324.0,CSL ARGOSY,IMO7915412,C6UZ9,70,0,244,32,13.5,70,A
215677000,2020-08-20T16:15:07,37.23882,-76.11798,0.0,51.4,148.0,RIZE,IMO9584035,9HA2781,70,1,229,32,14.5,,A
367861000,2020-08-20T16:18:00,36.94637,-76.32982,0.0,0.0,265.0,LARAMIE,IMO8906626,NLAR,80,5,193,29,,,A
308299000,2020-08-20T16:16:54,37.04789,-76.07575,12.9,321.1,322.0,CSL ARGOSY,IMO7915412,C6UZ9,70,0,244,32,13.5,70,A
366839000,2020-08-20T16:19:03,36.85348,-76.31083,0.0,0.0,39.0,CAPE RISE,IMO7530808,KAFG,70,5,197,32,10.0,,A
477738200,2020-08-20T16:18:39,36.87756,-76.34978,0.0,220.5,347.0,COSCO PHILIPPINES,IMO9448762,VRGM7,70,5,334,42,14.5,72,A
367821000,2020-08-20T16:17:57,36.97279,-76.43367,0.0,0.0,511.0,YANO,IMO7825409,NAQH,70,0,276,32,13.0,70,A
367821000,2020-08-20T16:19:08,36.97279,-76.43367,0.0,0.0,511.0,YANO,IMO7825409,NAQH,70,0,276,32,13.0,70,A
367359930,2020-08-20T16:23:11,36.82402,-76.28906,0.0,287.6,511.0,SUNNY WILLIAMS,,WDE4940,80,0,25,8,,80,A
477196100,2020-08-20T16:21:54,37.19689,-76.13572,0.1,238.6,135.0,DARYA MA,IMO9591674,VRJH5,70,1,229,32,14.5,,A
477738200,2020-08-20T16:21:38,36.87757,-76.34979,0.1,232.8,347.0,COSCO PHILIPPINES,IMO9448762,VRGM7,70,5,334,42,14.5,72,A
366733250,2020-08-20T16:22:21,37.23360,-76.07432,1.0,151.2,511.0,ATLANTIC SURVEYOR,,WTR5417,70,15,31,7,,,A
538002652,2020-08-20T16:27:51,36.87947,-76.32643,0.0,16.0,277.0,NAIAS,IMO9330800,V7KN8,70,5,225,32,14.0,70,A
367359930,2020-08-20T16:27:42,36.82403,-76.28906,0.0,285.8,511.0,SUNNY WILLIAMS,,WDE4940,80,0,25,8,,80,A
215677000,2020-08-20T16:30:11,37.23880,-76.11786,0.0,51.4,151.0,RIZE,IMO9584035,9HA2781,70,1,229,32,14.5,,A
367861000,2020-08-20T16:30:01,36.94636,-76.32981,0.0,0.0,265.0,LARAMIE,IMO8906626,NLAR,80,5,193,29,,,A
538006982,2020-08-20T16:29:16,36.96257,-76.42365,0.1,238.2,40.0,ANTE TOPIC,IMO9737072,V7TR4,70,5,,,,,A
366839000,2020-08-20T16:31:06,36.85346,-76.31083,0.0,0.0,39.0,CAPE RISE,IMO7530808,KAFG,70,5,197,32,10.0,,A
367861000,2020-08-20T16:33:00,36.94637,-76.32977,0.0,0.0,265.0,LARAMIE,IMO8906626,NLAR,80,5,193,29,,,A
367359930,2020-08-20T16:33:12,36.82405,-76.28905,0.0,289.3,511.0,SUNNY WILLIAMS,,WDE4940,80,0,25,8,,80,A
369390000,2020-08-20T16:33:05,36.87100,-76.34833,0.0,262.0,347.0,SAFMARINE MAFADI,IMO9314210,KRIJ,70,5,292,32,11.8,70,A
305855000,2020-08-20T16:35:46,36.86429,-76.31475,0.0,217.9,226.0,BBC PEARL,IMO9504786,V2FY8,70,5,153,23,9.1,70,A
368026000,2020-08-20T16:36:21,36.86577,-76.31605,0.1,270.5,2.0,BENAVIDEZ,IMO9218210,NBHG,70,5,289,32,10.9,70,A
215677000,2020-08-20T16:36:10,37.23883,-76.11793,0.1,51.4,151.0,RIZE,IMO9584035,9HA2781,70,1,229,32,14.5,,A
215677000,2020-08-20T16:39:07,37.23884,-76.11800,0.1,51.4,148.0,RIZE,IMO9584035,9HA2781,70,1,229,32,14.5,,A
477196100,2020-08-20T16:42:52,37.19686,-76.13559,0.1,238.6,133.0,DARYA MA,IMO9591674,VRJH5,70,1,229,32,14.5,,A
538006982,2020-08-20T16:41:16,36.96258,-76.42365,0.0,247.3,40.0,ANTE TOPIC,IMO9737072,V7TR4,70,5,,,,,A
308299000,2020-08-20T16:44:24,37.13383,-76.14099,13.5,328.8,328.0,CSL ARGOSY,IMO7915412,C6UZ9,70,0,244,32,13.5,70,A
367359930,2020-08-20T16:47:32,36.82406,-76.28905,0.0,282.2,511.0,SUNNY WILLIAMS,,WDE4940,80,0,25,8,,80,A
538006982,2020-08-20T16:47:16,36.96258,-76.42364,0.1,248.2,40.0,ANTE TOPIC,IMO9737072,V7TR4,70,5,,,,,A
367932000,2020-08-20T16:39:08,36.94915,-76.32966,0.0,107.0,279.0,JOHN LENTHALL,IMO8325547,NJLN,80,5,193,29,,,A
366733250,2020-08-20T16:48:12,37.22618,-76.06969,1.3,149.6,511.0,ATLANTIC SURVEYOR,,WTR5417,70,15,31,7,,,A
338403000,2020-08-20T16:46:26,36.92476,-76.32972,0.0,355.4,355.0,MAERSK HARTFORD,IMO9333008,WMHA,70,5,299,40,14.5,,A
305855000,2020-08-20T16:47:46,36.86427,-76.31475,0.0,234.0,226.0,BBC PEARL,IMO9504786,V2FY8,70,5,153,23,9.1,70,A
538002652,2020-08-20T16:48:50,36.87947,-76.32642,0.0,16.0,277.0,NAIAS,IMO9330800,V7KN8,70,5,225,32,14.0,70,A
477738200,2020-08-20T16:45:36,36.87748,-76.34979,0.1,217.2,347.0,COSCO PHILIPPINES,IMO9448762,VRGM7,70,5,334,42,14.5,72,A
367821000,2020-08-20T16:49:57,36.97283,-76.43367,0.0,0.0,511.0,YANO,IMO7825409,NAQH,70,0,276,32,13.0,70,A
367821000,2020-08-20T16:51:07,36.97282,-76.43367,0.0,0.0,511.0,YANO,IMO7825409,NAQH,70,0,276,32,13.0,70,A
477738200,2020-08-20T16:51:36,36.87749,-76.34978,0.1,246.3,347.0,COSCO PHILIPPINES,IMO9448762,VRGM7,70,5,334,42,14.5,72,A
338403000,2020-08-20T16:55:25,36.92487,-76.32969,0.0,101.9,355.0,MAERSK HARTFORD,IMO9333008,WMHA,70,5,299,40,14.5,,A
308299000,2020-08-20T16:56:35,37.17679,-76.15432,13.3,353.0,357.0,CSL ARGOSY,IMO7915412,C6UZ9,70,0,244,32,13.5,70,A
367359930,2020-08-20T17:02:22,36.82402,-76.28907,0.0,325.9,511.0,SUNNY WILLIAMS,,WDE4940,80,0,25,8,,80,A
215677000,2020-08-20T17:00:12,37.23817,-76.11635,2.4,122.5,160.0,RIZE,IMO9584035,9HA2781,70,1,229,32,14.5,,A
366733250,2020-08-20T17:02:13,37.22122,-76.06654,1.5,149.6,511.0,ATLANTIC SURVEYOR,,WTR5417,70,15,31,7,,,A
366733250,2020-08-20T17:03:23,37.22079,-76.06627,1.5,154.4,511.0,ATLANTIC SURVEYOR,,WTR5417,70,15,31,7,,,A
308299000,2020-08-20T17:03:35,37.20150,-76.14925,13.0,18.2,19.0,CSL ARGOSY,IMO7915412,C6UZ9,70,0,244,32,13.5,70,A
305855000,2020-08-20T17:05:49,36.86427,-76.31476,0.0,226.3,227.0,BBC PEARL,IMO9504786,V2FY8,70,5,153,23,9.1,70,A
367932000,2020-08-20T17:00:09,36.94912,-76.32973,0.0,107.0,279.0,JOHN LENTHALL,IMO8325547,NJLN,80,5,193,29,,,A
367359930,2020-08-20T17:03:43,36.82406,-76.28906,0.0,328.5,511.0,SUNNY WILLIAMS,,WDE4940,80,0,25,8,,80,A
538002652,2020-08-20T17:03:51,36.87943,-76.32640,0.0,16.0,276.0,NAIAS,IMO9330800,V7KN8,70,5,225,32,14.0,70,A
477196100,2020-08-20T17:06:56,37.19700,-76.13544,0.0,238.6,141.0,DARYA MA,IMO9591674,VRJH5,70,1,229,32,14.5,,A
367932000,2020-08-20T17:03:09,36.94920,-76.32966,0.0,107.0,279.0,JOHN LENTHALL,IMO8325547,NJLN,80,5,193,29,,,A
367359930,2020-08-20T17:09:32,36.82404,-76.28906,0.0,293.6,511.0,SUNNY WILLIAMS,,WDE4940,80,0,25,8,,80,A
338403000,2020-08-20T17:10:23,36.92481,-76.32971,0.0,101.9,355.0,MAERSK HARTFORD,IMO9333008,WMHA,70,5,299,40,14.5,,A
367821000,2020-08-20T17:13:07,36.97284,-76.43365,0.0,0.0,511.0,YANO,IMO7825409,NAQH,70,0,276,32,13.0,70,A
367822000,2020-08-20T17:11:54,36.97312,-76.43383,0.0,0.0,238.0,USNS SHUGHART,IMO7825394,NAOQ,70,5,276,32,13.0,70,A
366839000,2020-08-20T17:16:08,36.85348,-76.31085,0.0,0.0,39.0,CAPE RISE,IMO7530808,KAFG,70,5,197,32,10.0,,A
308299000,2020-08-20T17:17:14,37.24885,-76.13021,12.9,16.6,17.0,CSL ARGOSY,IMO7915412,C6UZ9,70,0,244,32,13.5,70,A
366839000,2020-08-20T17:22:09,36.85347,-76.31085,0.0,0.0,39.0,CAPE RISE,IMO7530808,KAFG,70,5,197,32,10.0,,A
477738200,2020-08-20T17:24:37,36.87755,-76.34980,0.0,306.8,347.0,COSCO PHILIPPINES,IMO9448762,VRGM7,70,5,334,42,14.5,72,A
338403000,2020-08-20T17:25:21,36.92479,-76.32969,0.0,101.9,355.0,MAERSK HARTFORD,IMO9333008,WMHA,70,5,299,40,14.5,,A
368026000,2020-08-20T17:27:21,36.86577,-76.31604,0.0,270.5,2.0,BENAVIDEZ,IMO9218210,NBHG,70,5,289,32,10.9,70,A
215677000,2020-08-20T17:29:06,37.19644,-76.15094,6.7,197.9,199.0,RIZE,IMO9584035,9HA2781,70,0,229,32,14.5,,A
538002652,2020-08-20T17:30:52,36.87953,-76.32633,0.0,12.0,276.0,NAIAS,IMO9330800,V7KN8,70,5,225,32,14.0,70,A
215677000,2020-08-20T17:32:34,37.19037,-76.15359,6.4,199.0,189.0,RIZE,IMO9584035,9HA2781,70,0,229,32,14.5,,A
367821000,2020-08-20T17:33:38,36.97282,-76.43366,0.0,0.0,511.0,YANO,IMO7825409,NAQH,70,0,276,32,13.0,70,A
338403000,2020-08-20T17:34:27,36.92474,-76.32974,0.0,101.9,355.0,MAERSK HARTFORD,IMO9333008,WMHA,70,5,299,40,14.5,,A
305855000,2020-08-20T17:35:46,36.86428,-76.31475,0.0,273.8,227.0,BBC PEARL,IMO9504786,V2FY8,70,5,153,23,9.1,70,A
538002652,2020-08-20T17:36:51,36.87933,-76.32628,0.0,12.0,276.0,NAIAS,IMO9330800,V7KN8,70,5,225,32,14.0,70,A
477738200,2020-08-20T17:39:37,36.87751,-76.34980,0.0,318.7,347.0,COSCO PHILIPPINES,IMO9448762,VRGM7,70,5,334,42,14.5,72,A
367822000,2020-08-20T17:41:55,36.97310,-76.43386,0.0,0.0,238.0,USNS SHUGHART,IMO7825394,NAOQ,70,5,276,32,13.0,70,A
538002652,2020-08-20T17:45:52,36.87940,-76.32645,0.0,259.0,276.0,NAIAS,IMO9330800,V7KN8,70,5,225,32,14.0,70,A
369390000,2020-08-20T17:48:06,36.87094,-76.34820,0.0,265.0,347.0,SAFMARINE MAFADI,IMO9314210,KRIJ,70,5,292,32,11.8,70,A
366839000,2020-08-20T17:46:06,36.85349,-76.31082,0.0,0.0,39.0,CAPE RISE,IMO7530808,KAFG,70,5,197,32,10.0,,A
366839000,2020-08-20T17:49:09,36.85348,-76.31081,0.0,0.0,39.0,CAPE RISE,IMO7530808,KAFG,70,5,197,32,10.0,,A
367861000,2020-08-20T17:48:01,36.94639,-76.32979,0.0,0.0,265.0,LARAMIE,IMO8906626,NLAR,80,5,193,29,,,A
367359930,2020-08-20T17:52:13,36.82404,-76.28905,0.0,199.4,511.0,SUNNY WILLIAMS,,WDE4940,80,0,25,8,,80,A
477738200,2020-08-20T17:51:38,36.87749,-76.34983,0.0,318.7,347.0,COSCO PHILIPPINES,IMO9448762,VRGM7,70,5,334,42,14.5,72,A
338403000,2020-08-20T17:52:27,36.92476,-76.32968,0.0,101.9,355.0,MAERSK HARTFORD,IMO9333008,WMHA,70,5,299,40,14.5,,A
305855000,2020-08-20T17:56:48,36.86428,-76.31478,0.0,297.5,227.0,BBC PEARL,IMO9504786,V2FY8,70,5,153,23,9.1,70,A
305855000,2020-08-20T17:59:47,36.86426,-76.31476,0.0,297.5,227.0,BBC PEARL,IMO9504786,V2FY8,70,5,153,23,9.1,70,A
366839000,2020-08-20T18:01:05,36.85348,-76.31082,0.0,0.0,39.0,CAPE RISE,IMO7530808,KAFG,70,5,197,32,10.0,,A
367359930,2020-08-20T18:00:01,36.82405,-76.28905,0.0,216.4,511.0,SUNNY WILLIAMS,,WDE4940,80,0,25,8,,80,A
305855000,2020-08-20T18:02:46,36.86427,-76.31476,0.0,241.5,227.0,BBC PEARL,IMO9504786,V2FY8,70,5,153,23,9.1,70,A
367821000,2020-08-20T18:02:27,36.97290,-76.43364,0.0,0.0,511.0,YANO,IMO7825409,NAQH,70,0,276,32,13.0,70,A
368026000,2020-08-20T18:03:20,36.86576,-76.31606,0.0,270.5,2.0,BENAVIDEZ,IMO9218210,NBHG,70,5,289,32,10.9,70,A
367821000,2020-08-20T18:07:07,36.97286,-76.43365,0.0,0.0,511.0,YANO,IMO7825409,NAQH,70,0,276,32,13.0,70,A
367861000,2020-08-20T18:09:00,36.94635,-76.32984,0.0,0.0,265.0,LARAMIE,IMO8906626,NLAR,80,5,193,29,,,A
538002652,2020-08-20T18:06:52,36.87943,-76.32638,0.0,259.0,277.0,NAIAS,IMO9330800,V7KN8,70,5,225,32,14.0,70,A
367359930,2020-08-20T18:11:42,36.82405,-76.28905,0.0,250.8,511.0,SUNNY WILLIAMS,,WDE4940,80,0,25,8,,80,A
367932000,2020-08-20T18:06:07,36.94908,-76.32971,0.0,107.0,279.0,JOHN LENTHALL,IMO8325547,NJLN,80,5,193,29,,,A
366733250,2020-08-20T18:12:12,37.22238,-76.06657,8.9,251.3,511.0,ATLANTIC SURVEYOR,,WTR5417,70,15,31,7,,,A
538006982,2020-08-20T18:11:16,36.96255,-76.42364,0.0,300.5,40.0,ANTE TOPIC,IMO9737072,V7TR4,70,5,,,,,A
367822000,2020-08-20T18:14:55,36.97309,-76.43383,0.0,0.0,238.0,USNS SHUGHART,IMO7825394,NAOQ,70,5,276,32,13.0,70,A
538006982,2020-08-20T18:17:16,36.96253,-76.42369,0.0,300.5,40.0,ANTE TOPIC,IMO9737072,V7TR4,70,5,,,,,A
367359930,2020-08-20T18:17:13,36.82407,-76.28905,0.0,282.6,511.0,SUNNY WILLIAMS,,WDE4940,80,0,25,8,,80,A
538002652,2020-08-20T18:18:51,36.87943,-76.32647,0.0,259.0,277.0,NAIAS,IMO9330800,V7KN8,70,5,225,32,14.0,70,A
367822000,2020-08-20T18:17:56,36.97310,-76.43383,0.0,0.0,238.0,USNS SHUGHART,IMO7825394,NAOQ,70,5,276,32,13.0,70,A
367821000,2020-08-20T18:20:18,36.97284,-76.43365,0.0,0.0,511.0,YANO,IMO7825409,NAQH,70,0,276,32,13.0,70,A
367821000,2020-08-20T18:21:57,36.97284,-76.43366,0.0,0.0,511.0,YANO,IMO7825409,NAQH,70,0,276,32,13.0,70,A
369390000,2020-08-20T18:18:05,36.87100,-76.34817,0.0,158.0,347.0,SAFMARINE MAFADI,IMO9314210,KRIJ,70,5,292,32,11.8,70,A
305855000,2020-08-20T18:20:49,36.86429,-76.31474,0.0,250.0,226.0,BBC PEARL,IMO9504786,V2FY8,70,5,153,23,9.1,70,A
477196100,2020-08-20T18:24:54,37.19537,-76.13688,0.1,182.2,74.0,DARYA MA,IMO9591674,VRJH5,70,1,229,32,14.5,,A
366839000,2020-08-20T18:28:07,36.85348,-76.31081,0.0,0.0,39.0,CAPE RISE,IMO7530808,KAFG,70,5,197,32,10.0,,A
338403000,2020-08-20T18:25:25,36.92475,-76.32969,0.0,355.3,355.0,MAERSK HARTFORD,IMO9333008,WMHA,70,5,299,40,14.5,,A
538006982,2020-08-20T18:29:16,36.96256,-76.42366,0.1,308.8,40.0,ANTE TOPIC,IMO9737072,V7TR4,70,5,,,,,A
477196100,2020-08-20T18:27:58,37.19542,-76.13689,0.1,182.2,74.0,DARYA MA,IMO9591674,VRJH5,70,1,229,32,14.5,,A
477196100,2020-08-20T18:30:52,37.19553,-76.13690,0.2,356.6,78.0,DARYA MA,IMO9591674,VRJH5,70,1,229,32,14.5,,A
366839000,2020-08-20T18:31:09,36.85348,-76.31083,0.0,0.0,39.0,CAPE RISE,IMO7530808,KAFG,70,5,197,32,10.0,,A
367359930,2020-08-20T18:32:03,36.82403,-76.28906,0.0,324.4,511.0,SUNNY WILLIAMS,,WDE4940,80,0,25,8,,80,A
538002652,2020-08-20T18:30:53,36.87945,-76.32645,0.0,259.0,277.0,NAIAS,IMO9330800,V7KN8,70,5,225,32,14.0,70,A
367821000,2020-08-20T18:29:48,36.97283,-76.43366,0.0,0.0,511.0,YANO,IMO7825409,NAQH,70,0,276,32,13.0,70,A
338403000,2020-08-20T18:31:23,36.92478,-76.32966,0.0,121.7,355.0,MAERSK HARTFORD,IMO9333008,WMHA,70,5,299,40,14.5,,A
367932000,2020-08-20T18:27:09,36.94918,-76.32958,0.0,107.0,279.0,JOHN LENTHALL,IMO8325547,NJLN,80,5,193,29,,,A
368026000,2020-08-20T18:33:20,36.86576,-76.31604,0.0,270.5,2.0,BENAVIDEZ,IMO9218210,NBHG,70,5,289,32,10.9,70,A
367359930,2020-08-20T18:33:53,36.82404,-76.28905,0.0,337.7,511.0,SUNNY WILLIAMS,,WDE4940,80,0,25,8,,80,A
338403000,2020-08-20T18:34:25,36.92478,-76.32974,0.0,121.7,355.0,MAERSK HARTFORD,IMO9333008,WMHA,70,5,299,40,14.5,,A
366733250,2020-08-20T18:35:02,37.20548,-76.13421,8.8,264.5,511.0,ATLANTIC SURVEYOR,,WTR5417,70,15,31,7,,,A
538006982,2020-08-20T18:38:16,36.96260,-76.42366,0.0,307.0,40.0,ANTE TOPIC,IMO9737072,V7TR4,70,5,,,,,A
477196100,2020-08-20T18:36:55,37.19572,-76.13689,0.1,4.6,87.0,DARYA MA,IMO9591674,VRJH5,70,1,229,32,14.5,,A
367359930,2020-08-20T18:38:52,36.82404,-76.28909,0.0,287.7,511.0,SUNNY WILLIAMS,,WDE4940,80,0,25,8,,80,A
367932000,2020-08-20T18:33:07,36.94918,-76.32965,0.0,107.0,279.0,JOHN LENTHALL,IMO8325547,NJLN,80,5,193,29,,,A
477196100,2020-08-20T18:39:57,37.19579,-76.13686,0.1,40.3,90.0,DARYA MA,IMO9591674,VRJH5,70,1,229,32,14.5,,A
247281100,2020-08-20T18:44:42,37.07828,-76.10108,16.3,329.4,328.0,GRANDE MAROCCO,IMO9437907,IBOQ,70,0,211,32,9.8,,A
367359930,2020-08-20T18:45:41,36.82404,-76.28907,0.0,295.5,511.0,SUNNY WILLIAMS,,WDE4940,80,0,25,8,,80,A
367821000,2020-08-20T18:48:58,36.97284,-76.43366,0.0,0.0,511.0,YANO,IMO7825409,NAQH,70,0,276,32,13.0,70,A
367359930,2020-08-20T18:48:03,36.82406,-76.28907,0.0,293.2,511.0,SUNNY WILLIAMS,,WDE4940,80,0,25,8,,80,A
366733250,2020-08-20T18:49:11,37.19802,-76.17477,8.5,254.2,511.0,ATLANTIC SURVEYOR,,WTR5417,70,15,31,7,,,A
366733250,2020-08-20T18:52:02,37.19643,-76.18303,8.4,257.9,511.0,ATLANTIC SURVEYOR,,WTR5417,70,15,31,7,,,A
366839000,2020-08-20T18:52:08,36.85350,-76.31083,0.0,0.0,39.0,CAPE RISE,IMO7530808,KAFG,70,5,197,32,10.0,,A
367821000,2020-08-20T18:53:38,36.97285,-76.43366,0.0,0.0,511.0,YANO,IMO7825409,NAQH,70,0,276,32,13.0,70,A
247281100,2020-08-20T18:59:06,37.13513,-76.14236,16.5,329.9,329.0,GRANDE MAROCCO,IMO9437907,IBOQ,70,0,211,32,9.8,,A
366733250,2020-08-20T18:53:11,37.19582,-76.18637,8.5,256.8,511.0,ATLANTIC SURVEYOR,,WTR5417,70,15,31,7,,,A
367359930,2020-08-20T18:59:12,36.82406,-76.28906,0.0,256.4,511.0,SUNNY WILLIAMS,,WDE4940,80,0,25,8,,80,A
367861000,2020-08-20T19:00:00,36.94640,-76.32981,0.0,0.0,265.0,LARAMIE,IMO8906626,NLAR,80,5,193,29,,,A
538002652,2020-08-20T18:57:52,36.87952,-76.32647,0.0,259.0,276.0,NAIAS,IMO9330800,V7KN8,70,5,225,32,14.0,70,A
367821000,2020-08-20T18:59:37,36.97285,-76.43365,0.0,0.0,511.0,YANO,IMO7825409,NAQH,70,0,276,32,13.0,70,A
538006982,2020-08-20T18:59:16,36.96256,-76.42364,0.0,214.6,40.0,ANTE TOPIC,IMO9737072,V7TR4,70,5,,,,,A
366733250,2020-08-20T19:01:12,37.19093,-76.20755,3.3,258.7,511.0,ATLANTIC SURVEYOR,,WTR5417,70,15,31,7,,,A
369390000,2020-08-20T19:03:05,36.87100,-76.34817,0.0,342.0,347.0,SAFMARINE MAFADI,IMO9314210,KRIJ,70,5,292,32,11.8,70,A
367821000,2020-08-20T19:01:18,36.97285,-76.43365,0.0,0.0,511.0,YANO,IMO7825409,NAQH,70,0,276,32,13.0,70,A
247281100,2020-08-20T19:03:18,37.15281,-76.14999,15.6,352.5,351.0,GRANDE MAROCCO,IMO9437907,IBOQ,70,0,211,32,9.8,,A
366733250,2020-08-20T19:03:32,37.19103,-76.20993,2.2,355.9,511.0,ATLANTIC SURVEYOR,,WTR5417,70,15,31,7,,,A
538002652,2020-08-20T19:03:52,36.87955,-76.32635,0.0,259.0,276.0,NAIAS,IMO9330800,V7KN8,70,5,225,32,14.0,70,A
215677000,2020-08-20T19:04:44,36.96574,-76.07622,12.3,289.1,288.0,RIZE,IMO9584035,9HA2781,70,0,229,32,14.5,,A
367821000,2020-08-20T19:04:48,36.97291,-76.43372,0.0,0.0,511.0,YANO,IMO7825409,NAQH,70,0,276,32,13.0,70,A
367821000,2020-08-20T19:05:57,36.97290,-76.43369,0.0,0.0,511.0,YANO,IMO7825409,NAQH,70,0,276,32,13.0,70,A
305855000,2020-08-20T19:05:45,36.86426,-76.31477,0.0,164.8,226.0,BBC PEARL,IMO9504786,V2FY8,70,5,153,23,9.1,70,A
477196100,2020-08-20T19:06:53,37.19534,-76.13681,0.2,186.5,511.0,DARYA MA,IMO9591674,VRJH5,70,1,229,32,14.5,,A
538006982,2020-08-20T19:08:16,36.96256,-76.42366,0.0,210.5,40.0,ANTE TOPIC,IMO9737072,V7TR4,70,5,,,,,A
368026000,2020-08-20T19:09:20,36.86576,-76.31606,0.0,270.5,2.0,BENAVIDEZ,IMO9218210,NBHG,70,5,289,32,10.9,70,A
477196100,2020-08-20T19:09:54,37.19517,-76.13678,0.2,172.4,511.0,DARYA MA,IMO9591674,VRJH5,70,1,229,32,14.5,,A
367861000,2020-08-20T19:09:00,36.94639,-76.32984,0.0,0.0,265.0,LARAMIE,IMO8906626,NLAR,80,5,193,29,,,A
215677000,2020-08-20T19:10:32,36.97155,-76.09979,12.1,288.5,289.0,RIZE,IMO9584035,9HA2781,70,0,229,32,14.5,,A
538002652,2020-08-20T19:12:49,36.87950,-76.32647,0.0,211.0,276.0,NAIAS,IMO9330800,V7KN8,70,5,225,32,14.0,70,A
366733250,2020-08-20T19:12:11,37.18451,-76.21862,8.9,230.5,511.0,ATLANTIC SURVEYOR,,WTR5417,70,15,31,7,,,A
538002652,2020-08-20T19:15:50,36.87953,-76.32660,0.0,211.0,276.0,NAIAS,IMO9330800,V7KN8,70,5,225,32,14.0,70,A
366733250,2020-08-20T19:19:41,37.17717,-76.23476,4.9,195.3,511.0,ATLANTIC SURVEYOR,,WTR5417,70,15,31,7,,,A
477738200,2020-08-20T19:21:40,36.87758,-76.34983,0.0,163.3,347.0,COSCO PHILIPPINES,IMO9448762,VRGM7,70,5,334,42,14.5,72,A
368026000,2020-08-20T19:21:20,36.86576,-76.31601,0.0,270.5,2.0,BENAVIDEZ,IMO9218210,NBHG,70,5,289,32,10.9,70,A
247281100,2020-08-20T19:23:53,37.23113,-76.13788,15.6,16.9,17.0,GRANDE MAROCCO,IMO9437907,IBOQ,70,0,211,32,9.8,,A
247281100,2020-08-20T19:25:06,37.23609,-76.13593,15.7,17.4,16.0,GRANDE MAROCCO,IMO9437907,IBOQ,70,0,211,32,9.8,,A
538002652,2020-08-20T19:21:53,36.87962,-76.32632,0.0,67.0,276.0,NAIAS,IMO9330800,V7KN8,70,5,225,32,14.0,70,A
215677000,2020-08-20T19:23:43,36.98566,-76.15393,12.4,287.1,287.0,RIZE,IMO9584035,9HA2781,70,0,229,32,14.5,,A
215677000,2020-08-20T19:24:54,36.98681,-76.15878,12.5,286.9,287.0,RIZE,IMO9584035,9HA2781,70,0,229,32,14.5,,A
477738200,2020-08-20T19:27:38,36.87747,-76.34980,0.1,164.4,347.0,COSCO PHILIPPINES,IMO9448762,VRGM7,70,5,334,42,14.5,72,A
247281100,2020-08-20T19:26:54,37.24365,-76.13302,15.8,17.2,16.0,GRANDE MAROCCO,IMO9437907,IBOQ,70,0,211,32,9.8,,A
477196100,2020-08-20T19:27:55,37.19414,-76.13564,0.2,111.8,29.0,DARYA MA,IMO9591674,VRJH5,70,1,229,32,14.5,,A
477738200,2020-08-20T19:30:38,36.87754,-76.34985,0.0,190.3,347.0,COSCO PHILIPPINES,IMO9448762,VRGM7,70,5,334,42,14.5,72,A
367822000,2020-08-20T19:32:55,36.97313,-76.43384,0.0,0.0,238.0,USNS SHUGHART,IMO7825394,NAOQ,70,5,276,32,13.0,70,A
215677000,2020-08-20T19:31:23,36.99363,-76.18535,12.3,288.6,289.0,RIZE,IMO9584035,9HA2781,70,0,229,32,14.5,,A
215677000,2020-08-20T19:32:32,36.99485,-76.18999,12.3,288.3,289.0,RIZE,IMO9584035,9HA2781,70,0,229,32,14.5,,A
366733250,2020-08-20T19:33:31,37.18540,-76.25067,8.6,309.8,511.0,ATLANTIC SURVEYOR,,WTR5417,70,15,31,7,,,A
215677000,2020-08-20T19:34:32,36.99696,-76.19805,12.2,287.2,289.0,RIZE,IMO9584035,9HA2781,70,0,229,32,14.5,,A
215677000,2020-08-20T19:35:52,36.99837,-76.20343,12.2,288.9,290.0,RIZE,IMO9584035,9HA2781,70,0,229,32,14.5,,A
247281100,2020-08-20T19:35:12,37.27887,-76.11916,16.2,18.0,17.0,GRANDE MAROCCO,IMO9437907,IBOQ,70,0,211,32,9.8,,A
367821000,2020-08-20T19:34:27,36.97286,-76.43365,0.0,0.0,511.0,YANO,IMO7825409,NAQH,70,0,276,32,13.0,70,A
477196100,2020-08-20T19:33:54,37.19407,-76.13532,0.1,104.9,23.0,DARYA MA,IMO9591674,VRJH5,70,1,229,32,14.5,,A
366733250,2020-08-20T19:36:11,37.18941,-76.25680,8.5,311.2,511.0,ATLANTIC SURVEYOR,,WTR5417,70,15,31,7,,,A
247281100,2020-08-20T19:39:59,37.29942,-76.10902,16.6,31.1,30.0,GRANDE MAROCCO,IMO9437907,IBOQ,70,0,211,32,9.8,,A
538002652,2020-08-20T19:39:52,36.87957,-76.32642,0.0,191.0,276.0,NAIAS,IMO9330800,V7KN8,70,5,225,32,14.0,70,A
369390000,2020-08-20T19:42:05,36.87100,-76.34833,0.0,100.0,347.0,SAFMARINE MAFADI,IMO9314210,KRIJ,70,5,292,32,11.8,70,A
367932000,2020-08-20T19:36:09,36.94918,-76.32966,0.0,107.0,279.0,JOHN LENTHALL,IMO8325547,NJLN,80,5,193,29,,,A
215677000,2020-08-20T19:45:33,37.00776,-76.24107,11.1,272.0,272.0,RIZE,IMO9584035,9HA2781,70,0,229,32,14.5,,A
366733250,2020-08-20T19:46:02,37.20399,-76.27854,8.3,305.4,511.0,ATLANTIC SURVEYOR,,WTR5417,70,15,31,7,,,A
366733250,2020-08-20T19:48:02,37.20671,-76.28320,8.2,308.9,511.0,ATLANTIC SURVEYOR,,WTR5417,70,15,31,7,,,A
305855000,2020-08-20T19:44:46,36.86429,-76.31475,0.0,142.7,227.0,BBC PEARL,IMO9504786,V2FY8,70,5,153,23,9.1,70,A
367861000,2020-08-20T19:48:01,36.94638,-76.32977,0.0,0.0,265.0,LARAMIE,IMO8906626,NLAR,80,5,193,29,,,A
305855000,2020-08-20T19:53:47,36.86428,-76.31477,0.0,174.6,227.0,BBC PEARL,IMO9504786,V2FY8,70,5,153,23,9.1,70,A
366733250,2020-08-20T19:53:52,37.20923,-76.28561,0.9,47.4,511.0,ATLANTIC SURVEYOR,,WTR5417,70,15,31,7,,,A
366733250,2020-08-20T19:57:41,37.20913,-76.28491,2.0,96.9,511.0,ATLANTIC SURVEYOR,,WTR5417,70,15,31,7,,,A
538006982,2020-08-20T19:53:16,36.96258,-76.42365,0.0,177.0,40.0,ANTE TOPIC,IMO9737072,V7TR4,70,5,,,,,A
477196100,2020-08-20T19:57:55,37.19429,-76.13507,0.1,104.9,12.0,DARYA MA,IMO9591674,VRJH5,70,1,229,32,14.5,,A
366839000,2020-08-20T19:55:09,36.85349,-76.31082,0.0,0.0,39.0,CAPE RISE,IMO7530808,KAFG,70,5,197,32,10.0,,A
368026000,2020-08-20T19:57:20,36.86575,-76.31604,0.0,270.5,2.0,BENAVIDEZ,IMO9218210,NBHG,70,5,289,32,10.9,70,A
366839000,2020-08-20T20:01:08,36.85350,-76.31080,0.0,0.0,39.0,CAPE RISE,IMO7530808,KAFG,70,5,197,32,10.0,,A
477196100,2020-08-20T20:00:53,37.19428,-76.13500,0.1,104.9,8.0,DARYA MA,IMO9591674,VRJH5,70,1,229,32,14.5,,A
338403000,2020-08-20T20:01:26,36.92487,-76.32975,0.0,355.4,355.0,MAERSK HARTFORD,IMO9333008,WMHA,70,5,299,40,14.5,,A
538002652,2020-08-20T20:03:53,36.87937,-76.32647,0.0,191.0,276.0,NAIAS,IMO9330800,V7KN8,70,5,225,32,14.0,70,A
369390000,2020-08-20T20:06:05,36.87100,-76.34817,0.0,17.0,347.0,SAFMARINE MAFADI,IMO9314210,KRIJ,70,5,292,32,11.8,70,A
367359930,2020-08-20T20:04:43,36.82407,-76.28906,0.0,315.5,511.0,SUNNY WILLIAMS,,WDE4940,80,0,25,8,,80,A
338403000,2020-08-20T20:04:29,36.92481,-76.32973,0.0,121.7,355.0,MAERSK HARTFORD,IMO9333008,WMHA,70,5,299,40,14.5,,A
477196100,2020-08-20T20:06:55,37.19425,-76.13493,0.0,104.9,1.0,DARYA MA,IMO9591674,VRJH5,70,1,229,32,14.5,,A
366733250,2020-08-20T20:09:42,37.19760,-76.27108,7.3,127.6,511.0,ATLANTIC SURVEYOR,,WTR5417,70,15,31,7,,,A
538006982,2020-08-20T20:14:16,36.96254,-76.42366,0.0,177.0,40.0,ANTE TOPIC,IMO9737072,V7TR4,70,5,,,,,A
305855000,2020-08-20T20:14:46,36.86427,-76.31476,0.0,161.9,225.0,BBC PEARL,IMO9504786,V2FY8,70,5,153,23,9.1,70,A
215677000,2020-08-20T20:13:52,36.97160,-76.33622,11.6,227.3,227.0,RIZE,IMO9584035,9HA2781,70,0,229,32,14.5,,A
367359930,2020-08-20T20:15:02,36.82407,-76.28906,0.1,322.6,511.0,SUNNY WILLIAMS,,WDE4940,80,0,25,8,,80,A
366839000,2020-08-20T20:13:11,36.85351,-76.31080,0.0,0.0,39.0,CAPE RISE,IMO7530808,KAFG,70,5,197,32,10.0,,A
367821000,2020-08-20T20:18:17,36.97286,-76.43366,0.0,0.0,511.0,YANO,IMO7825409,NAQH,70,0,276,32,13.0,70,A
305855000,2020-08-20T20:20:49,36.86431,-76.31477,0.0,164.2,225.0,BBC PEARL,IMO9504786,V2FY8,70,5,153,23,9.1,70,A
367359930,2020-08-20T20:19:42,36.82407,-76.28907,0.0,311.9,511.0,SUNNY WILLIAMS,,WDE4940,80,0,25,8,,80,A
353554000,2020-08-20T20:15:22,37.29821,-76.11154,12.4,197.7,197.0,MEDI SEGESTA,IMO9403164,3FCG6,70,0,190,32,12.8,70,A
366733250,2020-08-20T20:19:32,37.18702,-76.25237,3.5,302.4,511.0,ATLANTIC SURVEYOR,,WTR5417,70,15,31,7,,,A
477196100,2020-08-20T20:24:54,37.19432,-76.13503,0.1,104.9,3.0,DARYA MA,IMO9591674,VRJH5,70,1,229,32,14.5,,A
367821000,2020-08-20T20:28:08,36.97282,-76.43368,0.0,0.0,511.0,YANO,IMO7825409,NAQH,70,0,276,32,13.0,70,A
367932000,2020-08-20T20:21:08,36.94913,-76.32969,0.0,107.0,279.0,JOHN LENTHALL,IMO8325547,NJLN,80,5,193,29,,,A
366839000,2020-08-20T20:28:04,36.85349,-76.31082,0.0,0.0,39.0,CAPE RISE,IMO7530808,KAFG,70,5,197,32,10.0,,A
538002652,2020-08-20T20:27:52,36.87948,-76.32637,0.0,169.0,276.0,NAIAS,IMO9330800,V7KN8,70,5,225,32,14.0,70,A
367359930,2020-08-20T20:23:12,36.82406,-76.28908,0.0,301.8,511.0,SUNNY WILLIAMS,,WDE4940,80,0,25,8,,80,A
366733250,2020-08-20T20:28:12,37.19093,-76.25955,2.8,306.4,511.0,ATLANTIC SURVEYOR,,WTR5417,70,15,31,7,,,A
366733250,2020-08-20T20:29:42,37.19172,-76.26065,2.8,318.4,511.0,ATLANTIC SURVEYOR,,WTR5417,70,15,31,7,,,A
367932000,2020-08-20T20:24:08,36.94906,-76.32969,0.0,107.0,279.0,JOHN LENTHALL,IMO8325547,NJLN,80,5,193,29,,,A
366733250,2020-08-20T20:33:12,37.19380,-76.26309,3.1,316.6,511.0,ATLANTIC SURVEYOR,,WTR5417,70,15,31,7,,,A
538002652,2020-08-20T20:33:51,36.87942,-76.32642,0.0,169.0,276.0,NAIAS,IMO9330800,V7KN8,70,5,225,32,14.0,70,A
538006982,2020-08-20T20:35:16,36.96259,-76.42364,0.0,177.0,40.0,ANTE TOPIC,IMO9737072,V7TR4,70,5,,,,,A
366733250,2020-08-20T20:39:52,37.19736,-76.26865,3.1,304.7,511.0,ATLANTIC SURVEYOR,,WTR5417,70,15,31,7,,,A
367861000,2020-08-20T20:42:01,36.94634,-76.32975,0.0,0.0,265.0,LARAMIE,IMO8906626,NLAR,80,5,193,29,,,A
367822000,2020-08-20T20:41:56,36.97313,-76.43383,0.0,0.0,238.0,USNS SHUGHART,IMO7825394,NAOQ,70,5,276,32,13.0,70,A
367861000,2020-08-20T20:45:00,36.94635,-76.32981,0.0,0.0,265.0,LARAMIE,IMO8906626,NLAR,80,5,193,29,,,A
367932000,2020-08-20T20:39:08,36.94915,-76.32974,0.0,107.0,279.0,JOHN LENTHALL,IMO8325547,NJLN,80,5,193,29,,,A
367359930,2020-08-20T20:44:03,36.82405,-76.28906,0.0,305.1,511.0,SUNNY WILLIAMS,,WDE4940,80,0,25,8,,80,A
367932000,2020-08-20T20:42:07,36.94913,-76.32967,0.0,107.0,279.0,JOHN LENTHALL,IMO8325547,NJLN,80,5,193,29,,,A
367359930,2020-08-20T20:53:32,36.82405,-76.28908,0.0,275.6,511.0,SUNNY WILLIAMS,,WDE4940,80,0,25,8,,80,A
305855000,2020-08-20T20:50:49,36.86427,-76.31477,0.0,146.1,226.0,BBC PEARL,IMO9504786,V2FY8,70,5,153,23,9.1,70,A
338403000,2020-08-20T20:52:25,36.92482,-76.32971,0.0,121.6,355.0,MAERSK HARTFORD,IMO9333008,WMHA,70,5,299,40,14.5,,A
338403000,2020-08-20T20:55:23,36.92476,-76.32972,0.0,121.6,355.0,MAERSK HARTFORD,IMO9333008,WMHA,70,5,299,40,14.5,,A
368026000,2020-08-20T20:54:21,36.86577,-76.31603,0.0,270.5,2.0,BENAVIDEZ,IMO9218210,NBHG,70,5,289,32,10.9,70,A
367821000,2020-08-20T20:54:27,36.97283,-76.43367,0.0,0.0,511.0,YANO,IMO7825409,NAQH,70,0,276,32,13.0,70,A
353554000,2020-08-20T20:52:22,37.18353,-76.15489,10.7,183.5,176.0,MEDI SEGESTA,IMO9403164,3FCG6,70,0,190,32,12.8,70,A
538002652,2020-08-20T20:54:50,36.87938,-76.32647,0.0,300.0,276.0,NAIAS,IMO9330800,V7KN8,70,5,225,32,14.0,70,A
215677000,2020-08-20T20:56:33,36.96300,-76.42439,0.9,68.7,35.0,RIZE,IMO9584035,9HA2781,70,0,229,32,14.5,,A
538002652,2020-08-20T20:57:50,36.87945,-76.32645,0.0,300.0,276.0,NAIAS,IMO9330800,V7KN8,70,5,225,32,14.0,70,A
368026000,2020-08-20T20:57:20,36.86577,-76.31604,0.0,270.5,2.0,BENAVIDEZ,IMO9218210,NBHG,70,5,289,32,10.9,70,A
369390000,2020-08-20T21:03:06,36.87094,-76.34823,0.0,45.0,347.0,SAFMARINE MAFADI,IMO9314210,KRIJ,70,5,292,32,11.8,70,A
367821000,2020-08-20T21:02:27,36.97289,-76.43367,0.0,0.0,511.0,YANO,IMO7825409,NAQH,70,0,276,32,13.0,70,A
368026000,2020-08-20T21:03:20,36.86575,-76.31604,0.0,270.5,2.0,BENAVIDEZ,IMO9218210,NBHG,70,5,289,32,10.9,70,A
366733250,2020-08-20T21:04:32,37.20971,-76.28660,2.6,315.0,511.0,ATLANTIC SURVEYOR,,WTR5417,70,15,31,7,,,A
366733250,2020-08-20T21:05:41,37.21034,-76.28733,2.7,316.2,511.0,ATLANTIC SURVEYOR,,WTR5417,70,15,31,7,,,A
367822000,2020-08-20T21:05:56,36.97312,-76.43382,0.0,0.0,238.0,USNS SHUGHART,IMO7825394,NAOQ,70,5,276,32,13.0,70,A
353554000,2020-08-20T21:00:02,37.15953,-76.15144,11.9,172.7,171.0,MEDI SEGESTA,IMO9403164,3FCG6,70,0,190,32,12.8,70,A
367932000,2020-08-20T21:00:07,36.94911,-76.32970,0.0,107.0,279.0,JOHN LENTHALL,IMO8325547,NJLN,80,5,193,29,,,A
366733250,2020-08-20T21:09:21,37.21229,-76.28974,2.8,313.5,511.0,ATLANTIC SURVEYOR,,WTR5417,70,15,31,7,,,A
353554000,2020-08-20T21:04:33,37.14448,-76.14846,12.0,158.1,152.0,MEDI SEGESTA,IMO9403164,3FCG6,70,0,190,32,12.8,70,A
368026000,2020-08-20T21:12:20,36.86577,-76.31605,0.0,270.5,2.0,BENAVIDEZ,IMO9218210,NBHG,70,5,289,32,10.9,70,A
367821000,2020-08-20T21:11:28,36.97283,-76.43365,0.0,0.0,511.0,YANO,IMO7825409,NAQH,70,0,276,32,13.0,70,A
369390000,2020-08-20T21:12:05,36.87083,-76.34817,0.0,338.0,347.0,SAFMARINE MAFADI,IMO9314210,KRIJ,70,5,292,32,11.8,70,A
305855000,2020-08-20T21:14:47,36.86427,-76.31477,0.0,32.2,226.0,BBC PEARL,IMO9504786,V2FY8,70,5,153,23,9.1,70,A
368026000,2020-08-20T21:18:21,36.86575,-76.31604,0.0,270.5,2.0,BENAVIDEZ,IMO9218210,NBHG,70,5,289,32,10.9,70,A
367932000,2020-08-20T21:12:09,36.94910,-76.32980,0.0,107.0,279.0,JOHN LENTHALL,IMO8325547,NJLN,80,5,193,29,,,A
353554000,2020-08-20T21:12:51,37.11987,-76.13193,12.2,150.9,148.0,MEDI SEGESTA,IMO9403164,3FCG6,70,0,190,32,12.8,70,A
367821000,2020-08-20T21:17:37,36.97283,-76.43366,0.0,0.0,511.0,YANO,IMO7825409,NAQH,70,0,276,32,13.0,70,A
367821000,2020-08-20T21:20:08,36.97282,-76.43366,0.0,0.0,511.0,YANO,IMO7825409,NAQH,70,0,276,32,13.0,70,A
367821000,2020-08-20T21:21:18,36.97282,-76.43366,0.0,0.0,511.0,YANO,IMO7825409,NAQH,70,0,276,32,13.0,70,A
368026000,2020-08-20T21:21:20,36.86576,-76.31602,0.0,270.5,2.0,BENAVIDEZ,IMO9218210,NBHG,70,5,289,32,10.9,70,A
367822000,2020-08-20T21:26:55,36.97312,-76.43381,0.0,0.0,238.0,USNS SHUGHART,IMO7825394,NAOQ,70,5,276,32,13.0,70,A
353554000,2020-08-20T21:22:31,37.09117,-76.11101,12.3,149.6,146.0,MEDI SEGESTA,IMO9403164,3FCG6,70,0,190,32,12.8,70,A
367822000,2020-08-20T21:29:56,36.97312,-76.43382,0.0,0.0,238.0,USNS SHUGHART,IMO7825394,NAOQ,70,5,276,32,13.0,70,A
477738200,2020-08-20T21:30:39,36.87758,-76.34983,0.0,209.8,347.0,COSCO PHILIPPINES,IMO9448762,VRGM7,70,5,334,42,14.5,72,A
366733250,2020-08-20T21:30:11,37.22340,-76.30773,2.1,303.8,511.0,ATLANTIC SURVEYOR,,WTR5417,70,15,31,7,,,A
305855000,2020-08-20T21:32:46,36.86427,-76.31477,0.0,196.2,226.0,BBC PEARL,IMO9504786,V2FY8,70,5,153,23,9.1,70,A
353554000,2020-08-20T21:24:21,37.08566,-76.10699,12.4,149.6,147.0,MEDI SEGESTA,IMO9403164,3FCG6,70,0,190,32,12.8,70,A
538002652,2020-08-20T21:27:52,36.87940,-76.32650,0.0,47.0,276.0,NAIAS,IMO9330800,V7KN8,70,5,225,32,14.0,70,A
538002652,2020-08-20T21:30:52,36.87937,-76.32660,0.0,47.0,276.0,NAIAS,IMO9330800,V7KN8,70,5,225,32,14.0,70,A
538006982,2020-08-20T21:32:16,36.96266,-76.42367,0.1,165.4,40.0,ANTE TOPIC,IMO9737072,V7TR4,70,5,,,,,A
367821000,2020-08-20T21:31:48,36.97282,-76.43367,0.0,0.0,511.0,YANO,IMO7825409,NAQH,70,0,276,32,13.0,70,A
366839000,2020-08-20T21:34:05,36.85348,-76.31078,0.0,0.0,39.0,CAPE RISE,IMO7530808,KAFG,70,5,197,32,10.0,,A
368026000,2020-08-20T21:36:21,36.86575,-76.31603,0.0,270.5,2.0,BENAVIDEZ,IMO9218210,NBHG,70,5,289,32,10.9,70,A
367821000,2020-08-20T21:35:57,36.97281,-76.43368,0.0,0.0,511.0,YANO,IMO7825409,NAQH,70,0,276,32,13.0,70,A
367861000,2020-08-20T21:36:00,36.94639,-76.32980,0.0,0.0,265.0,LARAMIE,IMO8906626,NLAR,80,5,193,29,,,A
366733250,2020-08-20T21:39:42,37.22617,-76.31414,2.2,296.2,511.0,ATLANTIC SURVEYOR,,WTR5417,70,15,31,7,,,A
366733250,2020-08-20T21:40:52,37.22650,-76.31493,2.2,296.2,511.0,ATLANTIC SURVEYOR,,WTR5417,70,15,31,7,,,A
215677000,2020-08-20T21:40:51,36.96291,-76.42422,0.1,147.3,40.0,RIZE,IMO9584035,9HA2781,70,5,229,32,14.5,,A
477196100,2020-08-20T21:42:55,37.19404,-76.13521,0.2,301.6,15.0,DARYA MA,IMO9591674,VRJH5,70,1,229,32,14.5,,A
305855000,2020-08-20T21:44:47,36.86427,-76.31476,0.0,191.6,226.0,BBC PEARL,IMO9504786,V2FY8,70,5,153,23,9.1,70,A
367821000,2020-08-20T21:43:37,36.97281,-76.43368,0.0,0.0,511.0,YANO,IMO7825409,NAQH,70,0,276,32,13.0,70,A
367822000,2020-08-20T21:50:56,36.97313,-76.43382,0.0,0.0,238.0,USNS SHUGHART,IMO7825394,NAOQ,70,5,276,32,13.0,70,A
305855000,2020-08-20T21:52:29,36.86429,-76.31478,0.0,193.5,226.0,BBC PEARL,IMO9504786,V2FY8,70,0,153,23,9.1,70,A
367359930,2020-08-20T21:50:13,36.82406,-76.28906,0.0,235.2,511.0,SUNNY WILLIAMS,,WDE4940,80,0,25,8,,80,A
477196100,2020-08-20T21:48:53,37.19414,-76.13545,0.1,294.3,31.0,DARYA MA,IMO9591674,VRJH5,70,1,229,32,14.5,,A
538002652,2020-08-20T21:51:51,36.87953,-76.32643,0.1,202.0,276.0,NAIAS,IMO9330800,V7KN8,70,5,225,32,14.0,70,A
367861000,2020-08-20T21:54:01,36.94633,-76.32982,0.0,0.0,265.0,LARAMIE,IMO8906626,NLAR,80,5,193,29,,,A
367821000,2020-08-20T21:56:57,36.97281,-76.43367,0.0,0.0,511.0,YANO,IMO7825409,NAQH,70,0,276,32,13.0,70,A
538006982,2020-08-20T21:56:16,36.96256,-76.42366,0.1,175.6,40.0,ANTE TOPIC,IMO9737072,V7TR4,70,5,,,,,A
338403000,2020-08-20T21:55:24,36.92483,-76.32970,0.0,121.6,355.0,MAERSK HARTFORD,IMO9333008,WMHA,70,5,299,40,14.5,,A
538002652,2020-08-20T21:57:52,36.87952,-76.32658,0.1,185.0,276.0,NAIAS,IMO9330800,V7KN8,70,5,225,32,14.0,70,A
305855000,2020-08-20T22:00:09,36.86304,-76.31731,4.3,239.0,237.0,BBC PEARL,IMO9504786,V2FY8,70,0,153,23,9.1,70,A
366733250,2020-08-20T22:00:01,37.23225,-76.32839,2.2,299.8,511.0,ATLANTIC SURVEYOR,,WTR5417,70,15,31,7,,,A
305855000,2020-08-20T22:02:16,36.86310,-76.32081,4.8,292.6,297.0,BBC PEARL,IMO9504786,V2FY8,70,0,153,23,9.1,70,A
368026000,2020-08-20T22:00:21,36.86578,-76.31603,0.1,270.5,2.0,BENAVIDEZ,IMO9218210,NBHG,70,5,289,32,10.9,70,A
477738200,2020-08-20T22:00:39,36.87749,-76.34973,0.0,186.1,347.0,COSCO PHILIPPINES,IMO9448762,VRGM7,70,5,334,42,14.5,72,A
369390000,2020-08-20T22:03:06,36.87094,-76.34818,0.0,267.0,347.0,SAFMARINE MAFADI,IMO9314210,KRIJ,70,5,292,32,11.8,70,A
366733250,2020-08-20T22:02:11,37.23295,-76.32989,2.2,301.6,511.0,ATLANTIC SURVEYOR,,WTR5417,70,15,31,7,,,A
367359930,2020-08-20T22:02:33,36.82405,-76.28909,0.0,233.8,511.0,SUNNY WILLIAMS,,WDE4940,80,0,25,8,,80,A
367359930,2020-08-20T22:04:51,36.82407,-76.28908,0.0,235.5,511.0,SUNNY WILLIAMS,,WDE4940,80,0,25,8,,80,A
367822000,2020-08-20T22:05:55,36.97314,-76.43382,0.0,0.0,238.0,USNS SHUGHART,IMO7825394,NAOQ,70,5,276,32,13.0,70,A
367359930,2020-08-20T22:07:12,36.82403,-76.28907,0.0,237.1,511.0,SUNNY WILLIAMS,,WDE4940,80,0,25,8,,80,A
367821000,2020-08-20T22:11:28,36.97280,-76.43368,0.0,0.0,511.0,YANO,IMO7825409,NAQH,70,0,276,32,13.0,70,A
477196100,2020-08-20T22:09:55,37.19397,-76.13536,0.2,155.9,24.0,DARYA MA,IMO9591674,VRJH5,70,1,229,32,14.5,,A
538002652,2020-08-20T22:09:50,36.87952,-76.32650,0.0,192.0,276.0,NAIAS,IMO9330800,V7KN8,70,5,225,32,14.0,70,A
369390000,2020-08-20T22:12:05,36.87100,-76.34833,0.0,41.0,347.0,SAFMARINE MAFADI,IMO9314210,KRIJ,70,5,292,32,11.8,70,A
305855000,2020-08-20T22:14:49,36.88491,-76.33474,8.6,352.9,355.0,BBC PEARL,IMO9504786,V2FY8,70,0,153,23,9.1,70,A
367821000,2020-08-20T22:13:57,36.97281,-76.43368,0.0,0.0,511.0,YANO,IMO7825409,NAQH,70,0,276,32,13.0,70,A
477196100,2020-08-20T22:15:57,37.19408,-76.13541,0.3,308.6,16.0,DARYA MA,IMO9591674,VRJH5,70,1,229,32,14.5,,A
338403000,2020-08-20T22:16:24,36.92475,-76.32975,0.0,121.6,355.0,MAERSK HARTFORD,IMO9333008,WMHA,70,5,299,40,14.5,,A
366839000,2020-08-20T22:19:05,36.85349,-76.31079,0.0,0.0,39.0,CAPE RISE,IMO7530808,KAFG,70,5,197,32,10.0,,A
367821000,2020-08-20T22:19:37,36.97281,-76.43368,0.0,0.0,511.0,YANO,IMO7825409,NAQH,70,0,276,32,13.0,70,A
368026000,2020-08-20T22:21:22,36.86578,-76.31603,0.0,270.5,2.0,BENAVIDEZ,IMO9218210,NBHG,70,5,289,32,10.9,70,A
366733250,2020-08-20T22:20:23,37.22606,-76.32075,3.2,125.0,511.0,ATLANTIC SURVEYOR,,WTR5417,70,15,31,7,,,A
366733250,2020-08-20T22:21:52,37.22525,-76.31939,3.1,125.5,511.0,ATLANTIC SURVEYOR,,WTR5417,70,15,31,7,,,A
538006982,2020-08-20T22:20:16,36.96258,-76.42366,0.0,114.8,40.0,ANTE TOPIC,IMO9737072,V7TR4,70,5,,,,,A
477738200,2020-08-20T22:21:39,36.87758,-76.34965,0.1,121.9,347.0,COSCO PHILIPPINES,IMO9448762,VRGM7,70,5,334,42,14.5,72,A
367861000,2020-08-20T22:27:01,36.94637,-76.32979,0.0,0.0,265.0,LARAMIE,IMO8906626,NLAR,80,5,193,29,,,A
338403000,2020-08-20T22:25:25,36.92475,-76.32965,0.0,355.1,355.0,MAERSK HARTFORD,IMO9333008,WMHA,70,5,299,40,14.5,,A
367822000,2020-08-20T22:26:56,36.97315,-76.43382,0.0,0.0,238.0,USNS SHUGHART,IMO7825394,NAOQ,70,5,276,32,13.0,70,A
367932000,2020-08-20T22:21:08,36.94906,-76.32961,0.0,107.0,279.0,JOHN LENTHALL,IMO8325547,NJLN,80,5,193,29,,,A
367821000,2020-08-20T22:28:17,36.97284,-76.43367,0.0,0.0,511.0,YANO,IMO7825409,NAQH,70,0,276,32,13.0,70,A
367821000,2020-08-20T22:29:27,36.97285,-76.43367,0.0,0.0,511.0,YANO,IMO7825409,NAQH,70,0,276,32,13.0,70,A
367821000,2020-08-20T22:30:28,36.97286,-76.43368,0.0,0.0,511.0,YANO,IMO7825409,NAQH,70,0,276,32,13.0,70,A
367861000,2020-08-20T22:30:01,36.94640,-76.32977,0.0,0.0,265.0,LARAMIE,IMO8906626,NLAR,80,5,193,29,,,A
366733250,2020-08-20T22:32:01,37.21973,-76.31027,3.2,126.5,511.0,ATLANTIC SURVEYOR,,WTR5417,70,15,31,7,,,A
215677000,2020-08-20T22:31:55,36.96294,-76.42419,0.1,147.3,40.0,RIZE,IMO9584035,9HA2781,70,5,229,32,14.5,,A
367822000,2020-08-20T22:32:56,36.97314,-76.43381,0.0,0.0,238.0,USNS SHUGHART,IMO7825394,NAOQ,70,5,276,32,13.0,70,A
367821000,2020-08-20T22:31:37,36.97286,-76.43367,0.0,0.0,511.0,YANO,IMO7825409,NAQH,70,0,276,32,13.0,70,A
305855000,2020-08-20T22:35:20,36.93323,-76.33767,8.1,2.6,2.0,BBC PEARL,IMO9504786,V2FY8,70,0,153,23,9.1,70,A
538006982,2020-08-20T22:38:16,36.96257,-76.42362,0.0,194.3,40.0,ANTE TOPIC,IMO9737072,V7TR4,70,5,,,,,A
538002652,2020-08-20T22:42:51,36.87947,-76.32652,0.0,131.0,276.0,NAIAS,IMO9330800,V7KN8,70,5,225,32,14.0,70,A
366733250,2020-08-20T22:39:52,37.21574,-76.30359,2.9,127.6,511.0,ATLANTIC SURVEYOR,,WTR5417,70,15,31,7,,,A
368026000,2020-08-20T22:39:20,36.86577,-76.31605,0.0,270.5,2.0,BENAVIDEZ,IMO9218210,NBHG,70,5,289,32,10.9,70,A
367359930,2020-08-20T22:44:52,36.82407,-76.28906,0.0,264.9,511.0,SUNNY WILLIAMS,,WDE4940,80,0,25,8,,80,A
367861000,2020-08-20T22:42:00,36.94643,-76.32980,0.0,0.0,265.0,LARAMIE,IMO8906626,NLAR,80,5,193,29,,,A
368026000,2020-08-20T22:45:20,36.86574,-76.31605,0.1,270.5,2.0,BENAVIDEZ,IMO9218210,NBHG,70,5,289,32,10.9,70,A
366733250,2020-08-20T22:48:01,37.21146,-76.29748,2.8,130.5,511.0,ATLANTIC SURVEYOR,,WTR5417,70,15,31,7,,,A
368026000,2020-08-20T22:48:20,36.86578,-76.31605,0.0,270.5,2.0,BENAVIDEZ,IMO9218210,NBHG,70,5,289,32,10.9,70,A
366839000,2020-08-20T22:49:05,36.85342,-76.31082,0.0,0.0,40.0,CAPE RISE,IMO7530808,KAFG,70,5,197,32,10.0,,A
538002652,2020-08-20T22:48:49,36.87947,-76.32650,0.0,131.0,276.0,NAIAS,IMO9330800,V7KN8,70,5,225,32,14.0,70,A
538002652,2020-08-20T22:54:51,36.87945,-76.32643,0.0,131.0,276.0,NAIAS,IMO9330800,V7KN8,70,5,225,32,14.0,70,A
367932000,2020-08-20T22:54:07,36.94914,-76.32976,0.0,107.0,279.0,JOHN LENTHALL,IMO8325547,NJLN,80,5,193,29,,,A
305855000,2020-08-20T23:00:00,36.99089,-76.31005,11.9,49.2,53.0,BBC PEARL,IMO9504786,V2FY8,70,0,153,23,9.1,70,A
367359930,2020-08-20T22:58:53,36.82407,-76.28907,0.0,217.5,511.0,SUNNY WILLIAMS,,WDE4940,80,0,25,8,,80,A
367822000,2020-08-20T22:59:55,36.97316,-76.43382,0.0,0.0,238.0,USNS SHUGHART,IMO7825394,NAOQ,70,5,276,32,13.0,70,A
368026000,2020-08-20T22:57:21,36.86576,-76.31602,0.0,270.5,2.0,BENAVIDEZ,IMO9218210,NBHG,70,5,289,32,10.9,70,A
369390000,2020-08-20T23:03:06,36.87094,-76.34823,0.0,196.0,347.0,SAFMARINE MAFADI,IMO9314210,KRIJ,70,5,292,32,11.8,70,A
367932000,2020-08-20T23:00:09,36.94920,-76.32964,0.0,107.0,279.0,JOHN LENTHALL,IMO8325547,NJLN,80,5,193,29,,,A
305855000,2020-08-20T23:04:39,37.00008,-76.29305,13.0,56.9,56.0,BBC PEARL,IMO9504786,V2FY8,70,0,153,23,9.1,70,A
305855000,2020-08-20T23:08:00,37.00424,-76.27887,13.2,78.9,78.0,BBC PEARL,IMO9504786,V2FY8,70,0,153,23,9.1,70,A
366733250,2020-08-20T23:11:32,37.19898,-76.27949,2.7,130.6,511.0,ATLANTIC SURVEYOR,,WTR5417,70,15,31,7,,,A
538002652,2020-08-20T23:12:53,36.87945,-76.32643,0.0,131.0,276.0,NAIAS,IMO9330800,V7KN8,70,5,225,32,14.0,70,A
338403000,2020-08-20T23:10:22,36.92482,-76.32975,0.0,121.6,355.0,MAERSK HARTFORD,IMO9333008,WMHA,70,5,299,40,14.5,,A
367821000,2020-08-20T23:13:07,36.97284,-76.43364,0.0,0.0,511.0,YANO,IMO7825409,NAQH,70,0,276,32,13.0,70,A
538002652,2020-08-20T23:15:51,36.87952,-76.32635,0.0,131.0,276.0,NAIAS,IMO9330800,V7KN8,70,5,225,32,14.0,70,A
305855000,2020-08-20T23:15:09,37.00784,-76.24605,13.4,90.5,90.0,BBC PEARL,IMO9504786,V2FY8,70,0,153,23,9.1,70,A
366839000,2020-08-20T23:13:09,36.85347,-76.31084,0.0,0.0,39.0,CAPE RISE,IMO7530808,KAFG,70,5,197,32,10.0,,A
367821000,2020-08-20T23:16:58,36.97282,-76.43364,0.0,0.0,511.0,YANO,IMO7825409,NAQH,70,0,276,32,13.0,70,A
477738200,2020-08-20T23:18:38,36.87732,-76.34984,0.1,181.1,347.0,COSCO PHILIPPINES,IMO9448762,VRGM7,70,5,334,42,14.5,72,A
305855000,2020-08-20T23:19:40,37.00345,-76.22569,13.5,108.0,108.0,BBC PEARL,IMO9504786,V2FY8,70,0,153,23,9.1,70,A
367861000,2020-08-20T23:21:01,36.94639,-76.32980,0.0,0.0,265.0,LARAMIE,IMO8906626,NLAR,80,5,193,29,,,A
367822000,2020-08-20T23:23:55,36.97318,-76.43377,0.0,0.0,238.0,USNS SHUGHART,IMO7825394,NAOQ,70,5,276,32,13.0,70,A
367821000,2020-08-20T23:24:47,36.97283,-76.43364,0.0,0.0,511.0,YANO,IMO7825409,NAQH,70,0,276,32,13.0,70,A
338403000,2020-08-20T23:28:22,36.92475,-76.32971,0.0,121.6,355.0,MAERSK HARTFORD,IMO9333008,WMHA,70,5,299,40,14.5,,A
477738200,2020-08-20T23:27:39,36.87745,-76.34974,0.0,181.1,347.0,COSCO PHILIPPINES,IMO9448762,VRGM7,70,5,334,42,14.5,72,A
367932000,2020-08-20T23:21:08,36.94914,-76.32969,0.0,107.0,279.0,JOHN LENTHALL,IMO8325547,NJLN,80,5,193,29,,,A
266338000,2020-08-20T23:24:56,37.04333,-76.07167,17.3,321.9,322.0,FIGARO,IMO9505041,SMIO,70,0,231,32,11.3,,A
477738200,2020-08-20T23:33:37,36.87745,-76.34976,0.0,181.1,347.0,COSCO PHILIPPINES,IMO9448762,VRGM7,70,5,334,42,14.5,72,A
305855000,2020-08-20T23:35:40,36.98517,-76.15465,13.2,108.2,107.0,BBC PEARL,IMO9504786,V2FY8,70,0,153,23,9.1,70,A
266338000,2020-08-20T23:32:56,37.07451,-76.09942,17.2,330.1,331.0,FIGARO,IMO9505041,SMIO,70,0,231,32,11.3,,A
338403000,2020-08-20T23:37:30,36.92484,-76.32976,0.0,121.6,355.0,MAERSK HARTFORD,IMO9333008,WMHA,70,5,299,40,14.5,,A
367359930,2020-08-20T23:40:02,36.82408,-76.28909,0.0,218.6,511.0,SUNNY WILLIAMS,,WDE4940,80,0,25,8,,80,A
215677000,2020-08-20T23:37:58,36.96293,-76.42418,0.0,147.3,39.0,RIZE,IMO9584035,9HA2781,70,5,229,32,14.5,,A
366839000,2020-08-20T23:37:10,36.85350,-76.31085,0.0,0.0,39.0,CAPE RISE,IMO7530808,KAFG,70,5,197,32,10.0,,A
338794000,2020-08-20T23:43:33,37.08373,-76.10637,17.3,330.9,333.0,ARC INDEPENDENCE,IMO9332925,WAIE,70,0,228,32,8.3,70,A
538006982,2020-08-20T23:44:16,36.96258,-76.42367,0.0,44.0,40.0,ANTE TOPIC,IMO9737072,V7TR4,70,5,,,,,A
215677000,2020-08-20T23:46:56,36.96292,-76.42419,0.0,147.3,39.0,RIZE,IMO9584035,9HA2781,70,5,229,32,14.5,,A
338403000,2020-08-20T23:43:31,36.92479,-76.32972,0.0,355.0,355.0,MAERSK HARTFORD,IMO9333008,WMHA,70,5,299,40,14.5,,A
266338000,2020-08-20T23:38:44,37.09879,-76.11644,17.2,330.7,331.0,FIGARO,IMO9505041,SMIO,70,0,231,32,11.3,,A
538006982,2020-08-20T23:47:16,36.96259,-76.42365,0.0,44.0,40.0,ANTE TOPIC,IMO9737072,V7TR4,70,5,,,,,A
538002652,2020-08-20T23:48:51,36.87945,-76.32640,0.0,131.0,276.0,NAIAS,IMO9330800,V7KN8,70,5,225,32,14.0,70,A
367861000,2020-08-20T23:48:01,36.94642,-76.32981,0.0,0.0,265.0,LARAMIE,IMO8906626,NLAR,80,5,193,29,,,A
367359930,2020-08-20T23:50:51,36.82407,-76.28906,0.0,223.5,511.0,SUNNY WILLIAMS,,WDE4940,80,0,25,8,,80,A
338794000,2020-08-20T23:53:20,37.12516,-76.13470,17.2,327.3,329.0,ARC INDEPENDENCE,IMO9332925,WAIE,70,0,228,32,8.3,70,A
305855000,2020-08-20T23:54:10,36.96440,-76.07409,13.1,106.5,106.0,BBC PEARL,IMO9504786,V2FY8,70,0,153,23,9.1,70,A
367821000,2020-08-20T23:58:18,36.97285,-76.43365,0.0,0.0,511.0,YANO,IMO7825409,NAQH,70,0,276,32,13.0,70,A
367822000,2020-08-20T23:59:54,36.97315,-76.43379,0.0,0.0,238.0,USNS SHUGHART,IMO7825394,NAOQ,70,5,276,32,13.0,70,A
477196100,2020-08-20T23:54:56,37.19533,-76.13687,0.1,323.5,66.0,DARYA MA,IMO9591674,VRJH5,70,1,229,32,14.5,,A
366733250,2020-08-20T23:55:33,37.17904,-76.25195,3.5,307.5,511.0,ATLANTIC SURVEYOR,,WTR5417,70,15,31,7,,,A
477738200,2020-08-20T23:57:39,36.87762,-76.34977,0.1,22.7,347.0,COSCO PHILIPPINES,IMO9448762,VRGM7,70,5,334,42,14.5,72,A
369390000,2020-08-20T23:57:05,36.87100,-76.34817,0.0,252.0,347.0,SAFMARINE MAFADI,IMO9314210,KRIJ,70,5,292,32,11.8,70,A
266338000,2020-08-20T23:58:56,37.18769,-76.15414,16.6,13.9,15.0,FIGARO,IMO9505041,SMIO,70,0,231,32,11.3,,A
