MMSI,BaseDateTime,LAT,LON,SOG,COG,Heading,VesselName,IMO,CallSign,VesselType,Status,Length,Width,Draft,Cargo,TransceiverClass
367861000,2020-08-19T00:00:01,36.94639,-76.32985,0.0,0.0,265.0,LARAMIE,IMO8906626,NLAR,80,5,193,29,,,A
366733250,2020-08-19T00:00:02,37.22806,-76.43645,6.2,258.1,511.0,ATLANTIC SURVEYOR,,WTR5417,70,15,31,7,,,A
416498000,2020-08-19T00:00:02,37.24714,-76.13116,14.8,17.8,18.0,EVER LYRIC,IMO9629108,BKKH,70,0,334,45,14.2,74,A
367078110,2020-08-19T00:00:02,36.83923,-76.28178,0.8,193.0,511.0,MARCELLE BORDELON,IMO9350379,WDJ2038,79,3,45,11,3.0,79,A
367821000,2020-08-19T00:00:07,36.97281,-76.43366,0.0,0.0,511.0,YANO,IMO7825409,NAQH,70,0,276,32,13.0,70,A
477196100,2020-08-19T00:00:47,37.19844,-76.13503,0.0,16.5,153.0,DARYA MA,IMO9591674,VRJH5,70,1,229,32,14.5,,A
366839000,2020-08-19T00:00:56,36.85351,-76.31081,0.0,0.0,39.0,CAPE RISE,IMO7530808,KAFG,70,5,197,32,10.0,,A
538002953,2020-08-19T00:01:08,37.03494,-76.06398,19.8,327.5,323.0,SCT SANTIAGO,IMO9302566,V7NF7,70,0,294,32,13.5,71,A
366733250,2020-08-19T00:01:12,37.22784,-76.43891,6.2,264.3,511.0,ATLANTIC SURVEYOR,,WTR5417,70,15,31,7,,,A
416498000,2020-08-19T00:01:09,37.25186,-76.12931,14.3,16.9,18.0,EVER LYRIC,IMO9629108,BKKH,70,0,334,45,14.2,74,A
367078110,2020-08-19T00:01:12,36.83903,-76.28185,0.7,193.0,511.0,MARCELLE BORDELON,IMO9350379,WDJ2038,79,3,45,11,3.0,79,A
367821000,2020-08-19T00:01:17,36.97281,-76.43366,0.0,0.0,511.0,YANO,IMO7825409,NAQH,70,0,276,32,13.0,70,A
367861000,2020-08-19T00:03:00,36.94638,-76.32982,0.0,0.0,265.0,LARAMIE,IMO8906626,NLAR,80,5,193,29,,,A
538002652,2020-08-19T00:02:30,37.18293,-76.11113,0.0,24.0,155.0,NAIAS,IMO9330800,V7KN8,70,1,225,32,14.0,70,A
538002953,2020-08-19T00:02:14,37.03966,-76.06853,19.5,326.6,323.0,SCT SANTIAGO,IMO9302566,V7NF7,70,0,294,32,13.5,71,A
366733250,2020-08-19T00:02:22,37.22775,-76.44155,6.2,267.8,511.0,ATLANTIC SURVEYOR,,WTR5417,70,15,31,7,,,A
367822000,2020-08-19T00:02:55,36.97311,-76.43384,0.0,0.0,239.0,USNS SHUGHART,IMO7825394,NAOQ,70,5,276,32,13.0,70,A
367932000,2020-08-19T00:02:17,36.94919,-76.32968,0.0,107.0,279.0,JOHN LENTHALL,IMO8325547,NJLN,80,5,193,29,,,A
367078110,2020-08-19T00:02:23,36.83884,-76.28191,0.6,192.0,511.0,MARCELLE BORDELON,IMO9350379,WDJ2038,79,3,45,11,3.0,79,A
367821000,2020-08-19T00:02:27,36.97281,-76.43366,0.0,0.0,511.0,YANO,IMO7825409,NAQH,70,0,276,32,13.0,70,A
538002953,2020-08-19T00:03:20,37.04436,-76.07308,19.4,327.0,323.0,SCT SANTIAGO,IMO9302566,V7NF7,70,0,294,32,13.5,71,A
305855000,2020-08-19T00:02:46,36.86424,-76.31478,0.0,7.5,226.0,BBC PEARL,IMO9504786,V2FY8,70,5,153,23,9.1,70,A
215677000,2020-08-19T00:02:56,37.23904,-76.11873,0.2,68.6,144.0,RIZE,IMO9584035,9HA2781,70,1,229,32,14.5,,A
416498000,2020-08-19T00:03:16,37.26151,-76.12563,14.4,16.3,17.0,EVER LYRIC,IMO9629108,BKKH,70,0,334,45,14.2,74,A
368026000,2020-08-19T00:03:21,36.86575,-76.31604,0.0,19.1,2.0,BENAVIDEZ,IMO9218210,NBHG,70,5,289,32,10.9,70,A
538006982,2020-08-19T00:02:53,37.20743,-76.12399,0.1,76.6,157.0,ANTE TOPIC,IMO9737072,V7TR4,70,1,,,,,A
366839000,2020-08-19T00:03:52,36.85352,-76.31083,0.0,0.0,39.0,CAPE RISE,IMO7530808,KAFG,70,5,197,32,10.0,,A
477196100,2020-08-19T00:03:42,37.19844,-76.13499,0.1,16.5,154.0,DARYA MA,IMO9591674,VRJH5,70,1,229,32,14.5,,A
367821000,2020-08-19T00:03:37,36.97281,-76.43365,0.0,0.0,511.0,YANO,IMO7825409,NAQH,70,0,276,32,13.0,70,A
367078110,2020-08-19T00:03:33,36.83871,-76.28194,0.3,194.0,511.0,MARCELLE BORDELON,IMO9350379,WDJ2038,79,3,45,11,3.0,79,A
305855000,2020-08-19T00:05:48,36.86427,-76.31475,0.0,346.2,226.0,BBC PEARL,IMO9504786,V2FY8,70,5,153,23,9.1,70,A
416498000,2020-08-19T00:04:21,37.26653,-76.12375,14.8,16.5,18.0,EVER LYRIC,IMO9629108,BKKH,70,0,334,45,14.2,74,A
538002652,2020-08-19T00:05:29,37.18293,-76.11112,0.0,24.0,154.0,NAIAS,IMO9330800,V7KN8,70,1,225,32,14.0,70,A
366733250,2020-08-19T00:04:43,37.22783,-76.44500,3.4,275.2,511.0,ATLANTIC SURVEYOR,,WTR5417,70,15,31,7,,,A
367078110,2020-08-19T00:04:43,36.83861,-76.28197,0.3,196.0,511.0,MARCELLE BORDELON,IMO9350379,WDJ2038,79,3,45,11,3.0,79,A
367822000,2020-08-19T00:05:56,36.97311,-76.43384,0.0,0.0,239.0,USNS SHUGHART,IMO7825394,NAOQ,70,5,276,32,13.0,70,A
538006982,2020-08-19T00:05:53,37.20743,-76.12390,0.1,97.0,162.0,ANTE TOPIC,IMO9737072,V7TR4,70,1,,,,,A
366733250,2020-08-19T00:06:02,37.22795,-76.44652,3.1,275.6,511.0,ATLANTIC SURVEYOR,,WTR5417,70,15,31,7,,,A
538002953,2020-08-19T00:05:33,37.05372,-76.08214,19.6,326.7,323.0,SCT SANTIAGO,IMO9302566,V7NF7,70,0,294,32,13.5,71,A
367932000,2020-08-19T00:05:16,36.94920,-76.32964,0.0,107.0,279.0,JOHN LENTHALL,IMO8325547,NJLN,80,5,193,29,,,A
538002953,2020-08-19T00:06:37,37.05826,-76.08654,19.2,327.4,323.0,SCT SANTIAGO,IMO9302566,V7NF7,70,0,294,32,13.5,71,A
367861000,2020-08-19T00:06:00,36.94637,-76.32990,0.0,0.0,265.0,LARAMIE,IMO8906626,NLAR,80,5,193,29,,,A
477196100,2020-08-19T00:06:46,37.19846,-76.13494,0.1,16.5,156.0,DARYA MA,IMO9591674,VRJH5,70,1,229,32,14.5,,A
416498000,2020-08-19T00:05:27,37.27162,-76.12180,15.7,16.7,18.0,EVER LYRIC,IMO9629108,BKKH,70,0,334,45,14.2,74,A
367821000,2020-08-19T00:05:57,36.97284,-76.43366,0.0,0.0,511.0,YANO,IMO7825409,NAQH,70,0,276,32,13.0,70,A
215677000,2020-08-19T00:05:56,37.23912,-76.11860,0.1,58.9,148.0,RIZE,IMO9584035,9HA2781,70,1,229,32,14.5,,A
416498000,2020-08-19T00:06:45,37.27759,-76.11948,16.0,18.0,19.0,EVER LYRIC,IMO9629108,BKKH,70,0,334,45,14.2,74,A
367078110,2020-08-19T00:07:13,36.83856,-76.28199,0.0,158.0,511.0,MARCELLE BORDELON,IMO9350379,WDJ2038,79,3,45,11,3.0,79,A
538002953,2020-08-19T00:07:38,37.06242,-76.09060,19.0,334.9,329.0,SCT SANTIAGO,IMO9302566,V7NF7,70,0,294,32,13.5,71,A
366733250,2020-08-19T00:07:11,37.22803,-76.44774,2.8,274.3,511.0,ATLANTIC SURVEYOR,,WTR5417,70,15,31,7,,,A
416498000,2020-08-19T00:07:51,37.28281,-76.11731,16.1,18.9,19.0,EVER LYRIC,IMO9629108,BKKH,70,0,334,45,14.2,74,A
367861000,2020-08-19T00:09:00,36.94640,-76.32978,0.0,0.0,265.0,LARAMIE,IMO8906626,NLAR,80,5,193,29,,,A
538002652,2020-08-19T00:08:30,37.18293,-76.11108,0.0,24.0,155.0,NAIAS,IMO9330800,V7KN8,70,1,225,32,14.0,70,A
367078110,2020-08-19T00:08:23,36.83855,-76.28199,0.0,354.0,511.0,MARCELLE BORDELON,IMO9350379,WDJ2038,79,3,45,11,3.0,79,A
366733250,2020-08-19T00:09:52,37.22811,-76.44972,1.5,272.9,511.0,ATLANTIC SURVEYOR,,WTR5417,70,15,31,7,,,A
367822000,2020-08-19T00:08:55,36.97311,-76.43385,0.0,0.0,239.0,USNS SHUGHART,IMO7825394,NAOQ,70,5,276,32,13.0,70,A
367932000,2020-08-19T00:08:16,36.94916,-76.32965,0.0,107.0,279.0,JOHN LENTHALL,IMO8325547,NJLN,80,5,193,29,,,A
305855000,2020-08-19T00:08:47,36.86429,-76.31477,0.0,12.5,226.0,BBC PEARL,IMO9504786,V2FY8,70,5,153,23,9.1,70,A
366839000,2020-08-19T00:09:55,36.85352,-76.31082,0.0,0.0,39.0,CAPE RISE,IMO7530808,KAFG,70,5,197,32,10.0,,A
477196100,2020-08-19T00:09:42,37.19847,-76.13494,0.0,16.5,156.0,DARYA MA,IMO9591674,VRJH5,70,1,229,32,14.5,,A
368026000,2020-08-19T00:09:21,36.86579,-76.31603,0.0,19.1,2.0,BENAVIDEZ,IMO9218210,NBHG,70,5,289,32,10.9,70,A
366733250,2020-08-19T00:08:22,37.22806,-76.44876,2.1,272.8,511.0,ATLANTIC SURVEYOR,,WTR5417,70,15,31,7,,,A
538002953,2020-08-19T00:08:44,37.06753,-76.09419,19.1,334.4,332.0,SCT SANTIAGO,IMO9302566,V7NF7,70,0,294,32,13.5,71,A
538006982,2020-08-19T00:08:53,37.20746,-76.12386,0.0,107.8,162.0,ANTE TOPIC,IMO9737072,V7TR4,70,1,,,,,A
367821000,2020-08-19T00:09:37,36.97283,-76.43362,0.0,0.0,511.0,YANO,IMO7825409,NAQH,70,0,276,32,13.0,70,A
367078110,2020-08-19T00:09:33,36.83855,-76.28198,0.0,241.0,511.0,MARCELLE BORDELON,IMO9350379,WDJ2038,79,3,45,11,3.0,79,A
416498000,2020-08-19T00:08:57,37.28802,-76.11528,16.8,17.3,19.0,EVER LYRIC,IMO9629108,BKKH,70,0,334,45,14.2,74,A
538002953,2020-08-19T00:09:51,37.07254,-76.09779,19.1,334.4,331.0,SCT SANTIAGO,IMO9302566,V7NF7,70,0,294,32,13.5,71,A
366733250,2020-08-19T00:11:02,37.22815,-76.45029,1.3,272.7,511.0,ATLANTIC SURVEYOR,,WTR5417,70,15,31,7,,,A
367821000,2020-08-19T00:10:48,36.97283,-76.43362,0.0,0.0,511.0,YANO,IMO7825409,NAQH,70,0,276,32,13.0,70,A
416498000,2020-08-19T00:10:03,37.29336,-76.11301,17.8,24.0,29.0,EVER LYRIC,IMO9629108,BKKH,70,0,334,45,14.2,74,A
538002953,2020-08-19T00:10:56,37.07749,-76.10140,19.4,335.2,332.0,SCT SANTIAGO,IMO9302566,V7NF7,70,0,294,32,13.5,71,A
367078110,2020-08-19T00:11:52,36.83855,-76.28198,0.0,342.0,511.0,MARCELLE BORDELON,IMO9350379,WDJ2038,79,3,45,11,3.0,79,A
367822000,2020-08-19T00:11:55,36.97311,-76.43384,0.0,0.0,239.0,USNS SHUGHART,IMO7825394,NAOQ,70,5,276,32,13.0,70,A
305855000,2020-08-19T00:11:48,36.86430,-76.31476,0.0,19.9,226.0,BBC PEARL,IMO9504786,V2FY8,70,5,153,23,9.1,70,A
367932000,2020-08-19T00:11:16,36.94918,-76.32966,0.0,107.0,279.0,JOHN LENTHALL,IMO8325547,NJLN,80,5,193,29,,,A
367078110,2020-08-19T00:10:43,36.83855,-76.28199,0.0,63.0,511.0,MARCELLE BORDELON,IMO9350379,WDJ2038,79,3,45,11,3.0,79,A
538002953,2020-08-19T00:11:57,37.08217,-76.10474,19.2,336.7,332.0,SCT SANTIAGO,IMO9302566,V7NF7,70,0,294,32,13.5,71,A
367821000,2020-08-19T00:11:57,36.97283,-76.43363,0.0,0.0,511.0,YANO,IMO7825409,NAQH,70,0,276,32,13.0,70,A
538006982,2020-08-19T00:11:53,37.20746,-76.12389,0.0,107.8,162.0,ANTE TOPIC,IMO9737072,V7TR4,70,1,,,,,A
416498000,2020-08-19T00:11:21,37.29916,-76.10913,17.7,28.3,30.0,EVER LYRIC,IMO9629108,BKKH,70,0,334,45,14.2,74,A
416498000,2020-08-19T00:12:27,37.30413,-76.10573,17.8,29.0,30.0,EVER LYRIC,IMO9629108,BKKH,70,0,334,45,14.2,74,A
367861000,2020-08-19T00:12:00,36.94640,-76.32981,0.0,0.0,265.0,LARAMIE,IMO8906626,NLAR,80,5,193,29,,,A
366839000,2020-08-19T00:12:57,36.85350,-76.31083,0.0,0.0,39.0,CAPE RISE,IMO7530808,KAFG,70,5,197,32,10.0,,A
538002652,2020-08-19T00:11:28,37.18295,-76.11105,0.0,24.0,157.0,NAIAS,IMO9330800,V7KN8,70,1,225,32,14.0,70,A
366733250,2020-08-19T00:12:11,37.22819,-76.45081,1.1,274.6,511.0,ATLANTIC SURVEYOR,,WTR5417,70,15,31,7,,,A
367821000,2020-08-19T00:14:17,36.97283,-76.43362,0.0,0.0,511.0,YANO,IMO7825409,NAQH,70,0,276,32,13.0,70,A
215677000,2020-08-19T00:11:57,37.23917,-76.11848,0.1,58.9,151.0,RIZE,IMO9584035,9HA2781,70,1,229,32,14.5,,A
538002953,2020-08-19T00:14:20,37.09329,-76.11254,19.4,336.3,332.0,SCT SANTIAGO,IMO9302566,V7NF7,70,0,294,32,13.5,71,A
538002953,2020-08-19T00:13:14,37.08809,-76.10891,19.1,336.4,332.0,SCT SANTIAGO,IMO9302566,V7NF7,70,0,294,32,13.5,71,A
366733250,2020-08-19T00:14:22,37.22825,-76.45162,1.0,275.5,511.0,ATLANTIC SURVEYOR,,WTR5417,70,15,31,7,,,A
366733250,2020-08-19T00:15:41,37.22829,-76.45205,0.9,275.7,511.0,ATLANTIC SURVEYOR,,WTR5417,70,15,31,7,,,A
367078110,2020-08-19T00:12:53,36.83855,-76.28198,0.0,338.0,511.0,MARCELLE BORDELON,IMO9350379,WDJ2038,79,3,45,11,3.0,79,A
366733250,2020-08-19T00:13:12,37.22823,-76.45120,1.0,276.7,511.0,ATLANTIC SURVEYOR,,WTR5417,70,15,31,7,,,A
305855000,2020-08-19T00:14:49,36.86426,-76.31477,0.0,11.4,226.0,BBC PEARL,IMO9504786,V2FY8,70,5,153,23,9.1,70,A
367932000,2020-08-19T00:14:17,36.94915,-76.32966,0.0,107.0,279.0,JOHN LENTHALL,IMO8325547,NJLN,80,5,193,29,,,A
538002652,2020-08-19T00:14:31,37.18297,-76.11102,0.0,350.0,157.0,NAIAS,IMO9330800,V7KN8,70,1,225,32,14.0,70,A
367861000,2020-08-19T00:14:59,36.94640,-76.32978,0.0,0.0,265.0,LARAMIE,IMO8906626,NLAR,80,5,193,29,,,A
477196100,2020-08-19T00:15:40,37.19846,-76.13492,0.0,16.5,155.0,DARYA MA,IMO9591674,VRJH5,70,1,229,32,14.5,,A
416498000,2020-08-19T00:14:03,37.31144,-76.10070,18.0,28.9,30.0,EVER LYRIC,IMO9629108,BKKH,70,0,334,45,14.2,74,A
215677000,2020-08-19T00:14:57,37.23920,-76.11843,0.1,58.9,153.0,RIZE,IMO9584035,9HA2781,70,1,229,32,14.5,,A
416498000,2020-08-19T00:15:21,37.31723,-76.09669,17.9,29.3,30.0,EVER LYRIC,IMO9629108,BKKH,70,0,334,45,14.2,74,A
367078110,2020-08-19T00:14:02,36.83855,-76.28198,0.0,328.0,511.0,MARCELLE BORDELON,IMO9350379,WDJ2038,79,3,45,11,3.0,79,A
538002953,2020-08-19T00:15:32,37.09876,-76.11640,19.3,335.9,332.0,SCT SANTIAGO,IMO9302566,V7NF7,70,0,294,32,13.5,71,A
367822000,2020-08-19T00:14:54,36.97310,-76.43384,0.0,0.0,239.0,USNS SHUGHART,IMO7825394,NAOQ,70,5,276,32,13.0,70,A
368026000,2020-08-19T00:15:21,36.86574,-76.31603,0.0,19.1,2.0,BENAVIDEZ,IMO9218210,NBHG,70,5,289,32,10.9,70,A
538006982,2020-08-19T00:14:53,37.20745,-76.12391,0.0,107.8,160.0,ANTE TOPIC,IMO9737072,V7TR4,70,1,,,,,A
366733250,2020-08-19T00:16:51,37.22832,-76.45243,0.8,277.5,511.0,ATLANTIC SURVEYOR,,WTR5417,70,15,31,7,,,A
367821000,2020-08-19T00:17:08,36.97284,-76.43362,0.0,0.0,511.0,YANO,IMO7825409,NAQH,70,0,276,32,13.0,70,A
367078110,2020-08-19T00:16:33,36.83855,-76.28198,0.0,342.0,511.0,MARCELLE BORDELON,IMO9350379,WDJ2038,79,3,45,11,3.0,79,A
366839000,2020-08-19T00:15:55,36.85349,-76.31081,0.0,0.0,39.0,CAPE RISE,IMO7530808,KAFG,70,5,197,32,10.0,,A
367822000,2020-08-19T00:17:56,36.97310,-76.43384,0.0,0.0,239.0,USNS SHUGHART,IMO7825394,NAOQ,70,5,276,32,13.0,70,A
368026000,2020-08-19T00:18:20,36.86576,-76.31605,0.0,19.1,2.0,BENAVIDEZ,IMO9218210,NBHG,70,5,289,32,10.9,70,A
367078110,2020-08-19T00:18:12,36.83855,-76.28198,0.0,267.0,511.0,MARCELLE BORDELON,IMO9350379,WDJ2038,79,3,45,11,3.0,79,A
538002953,2020-08-19T00:18:38,37.11316,-76.12648,19.2,336.3,331.0,SCT SANTIAGO,IMO9302566,V7NF7,70,0,294,32,13.5,71,A
538002652,2020-08-19T00:17:30,37.18298,-76.11098,0.1,359.0,157.0,NAIAS,IMO9330800,V7KN8,70,1,225,32,14.0,70,A
367078110,2020-08-19T00:15:13,36.83855,-76.28198,0.0,218.0,511.0,MARCELLE BORDELON,IMO9350379,WDJ2038,79,3,45,11,3.0,79,A
416498000,2020-08-19T00:17:51,37.32879,-76.08913,18.0,20.0,19.0,EVER LYRIC,IMO9629108,BKKH,70,0,334,45,14.2,74,A
416498000,2020-08-19T00:16:45,37.32365,-76.09218,18.1,29.5,29.0,EVER LYRIC,IMO9629108,BKKH,70,0,334,45,14.2,74,A
538006982,2020-08-19T00:17:53,37.20746,-76.12395,0.0,107.8,159.0,ANTE TOPIC,IMO9737072,V7TR4,70,1,,,,,A
366733250,2020-08-19T00:19:12,37.22849,-76.45339,1.9,289.2,511.0,ATLANTIC SURVEYOR,,WTR5417,70,15,31,7,,,A
305855000,2020-08-19T00:17:46,36.86430,-76.31475,0.0,11.4,226.0,BBC PEARL,IMO9504786,V2FY8,70,5,153,23,9.1,70,A
477196100,2020-08-19T00:18:48,37.19846,-76.13492,0.0,16.5,155.0,DARYA MA,IMO9591674,VRJH5,70,1,229,32,14.5,,A
367821000,2020-08-19T00:18:17,36.97285,-76.43362,0.0,0.0,511.0,YANO,IMO7825409,NAQH,70,0,276,32,13.0,70,A
538002953,2020-08-19T00:17:14,37.10665,-76.12194,19.2,336.0,332.0,SCT SANTIAGO,IMO9302566,V7NF7,70,0,294,32,13.5,71,A
367932000,2020-08-19T00:17:17,36.94921,-76.32976,0.0,107.0,279.0,JOHN LENTHALL,IMO8325547,NJLN,80,5,193,29,,,A
367861000,2020-08-19T00:18:00,36.94635,-76.32975,0.0,0.0,265.0,LARAMIE,IMO8906626,NLAR,80,5,193,29,,,A
416498000,2020-08-19T00:18:52,37.33369,-76.08700,18.2,19.0,19.0,EVER LYRIC,IMO9629108,BKKH,70,0,334,45,14.2,74,A
366839000,2020-08-19T00:18:57,36.85351,-76.31082,0.0,0.0,39.0,CAPE RISE,IMO7530808,KAFG,70,5,197,32,10.0,,A
367078110,2020-08-19T00:21:42,36.83855,-76.28198,0.0,288.0,511.0,MARCELLE BORDELON,IMO9350379,WDJ2038,79,3,45,11,3.0,79,A
366733250,2020-08-19T00:18:02,37.22837,-76.45280,1.1,279.4,511.0,ATLANTIC SURVEYOR,,WTR5417,70,15,31,7,,,A
367821000,2020-08-19T00:20:48,36.97285,-76.43362,0.0,0.0,511.0,YANO,IMO7825409,NAQH,70,0,276,32,13.0,70,A
367932000,2020-08-19T00:20:16,36.94913,-76.32966,0.0,107.0,279.0,JOHN LENTHALL,IMO8325547,NJLN,80,5,193,29,,,A
215677000,2020-08-19T00:20:57,37.23922,-76.11836,0.1,58.9,153.0,RIZE,IMO9584035,9HA2781,70,1,229,32,14.5,,A
367078110,2020-08-19T00:20:02,36.83856,-76.28198,0.0,358.0,511.0,MARCELLE BORDELON,IMO9350379,WDJ2038,79,3,45,11,3.0,79,A
538002953,2020-08-19T00:21:32,37.12643,-76.13607,19.2,334.4,331.0,SCT SANTIAGO,IMO9302566,V7NF7,70,0,294,32,13.5,71,A
416498000,2020-08-19T00:19:57,37.33903,-76.08469,18.2,15.4,15.0,EVER LYRIC,IMO9629108,BKKH,70,0,334,45,14.2,74,A
367861000,2020-08-19T00:21:01,36.94640,-76.32980,0.0,0.0,265.0,LARAMIE,IMO8906626,NLAR,80,5,193,29,,,A
538006982,2020-08-19T00:20:53,37.20745,-76.12394,0.0,107.8,158.0,ANTE TOPIC,IMO9737072,V7TR4,70,1,,,,,A
538002953,2020-08-19T00:20:14,37.12051,-76.13176,19.3,335.4,330.0,SCT SANTIAGO,IMO9302566,V7NF7,70,0,294,32,13.5,71,A
367078110,2020-08-19T00:24:32,36.83856,-76.28198,0.0,28.0,511.0,MARCELLE BORDELON,IMO9350379,WDJ2038,79,3,45,11,3.0,79,A
367932000,2020-08-19T00:23:17,36.94922,-76.32969,0.0,107.0,279.0,JOHN LENTHALL,IMO8325547,NJLN,80,5,193,29,,,A
367821000,2020-08-19T00:19:38,36.97285,-76.43362,0.0,0.0,511.0,YANO,IMO7825409,NAQH,70,0,276,32,13.0,70,A
367078110,2020-08-19T00:23:02,36.83856,-76.28198,0.0,300.0,511.0,MARCELLE BORDELON,IMO9350379,WDJ2038,79,3,45,11,3.0,79,A
367078110,2020-08-19T00:25:42,36.83856,-76.28198,0.0,266.0,511.0,MARCELLE BORDELON,IMO9350379,WDJ2038,79,3,45,11,3.0,79,A
366733250,2020-08-19T00:22:41,37.22931,-76.45645,2.8,289.0,511.0,ATLANTIC SURVEYOR,,WTR5417,70,15,31,7,,,A
366733250,2020-08-19T00:20:21,37.22875,-76.45428,2.5,289.5,511.0,ATLANTIC SURVEYOR,,WTR5417,70,15,31,7,,,A
368026000,2020-08-19T00:21:20,36.86577,-76.31604,0.0,19.1,2.0,BENAVIDEZ,IMO9218210,NBHG,70,5,289,32,10.9,70,A
367821000,2020-08-19T00:21:57,36.97285,-76.43362,0.0,0.0,511.0,YANO,IMO7825409,NAQH,70,0,276,32,13.0,70,A
366839000,2020-08-19T00:21:57,36.85350,-76.31081,0.0,0.0,39.0,CAPE RISE,IMO7530808,KAFG,70,5,197,32,10.0,,A
215677000,2020-08-19T00:23:58,37.23923,-76.11835,0.1,58.9,152.0,RIZE,IMO9584035,9HA2781,70,1,229,32,14.5,,A
305855000,2020-08-19T00:20:46,36.86428,-76.31478,0.0,146.7,226.0,BBC PEARL,IMO9504786,V2FY8,70,5,153,23,9.1,70,A
538006982,2020-08-19T00:23:53,37.20750,-76.12388,0.1,99.4,159.0,ANTE TOPIC,IMO9737072,V7TR4,70,1,,,,,A
477196100,2020-08-19T00:21:44,37.19847,-76.13491,0.1,16.5,153.0,DARYA MA,IMO9591674,VRJH5,70,1,229,32,14.5,,A
367822000,2020-08-19T00:23:55,36.97312,-76.43384,0.0,0.0,239.0,USNS SHUGHART,IMO7825394,NAOQ,70,5,276,32,13.0,70,A
366733250,2020-08-19T00:21:32,37.22902,-76.45534,2.8,286.7,511.0,ATLANTIC SURVEYOR,,WTR5417,70,15,31,7,,,A
538002652,2020-08-19T00:26:31,37.18305,-76.11080,0.0,55.0,161.0,NAIAS,IMO9330800,V7KN8,70,1,225,32,14.0,70,A
367821000,2020-08-19T00:27:57,36.97285,-76.43362,0.0,0.0,511.0,YANO,IMO7825409,NAQH,70,0,276,32,13.0,70,A
538002953,2020-08-19T00:25:32,37.14496,-76.14817,18.8,358.7,353.0,SCT SANTIAGO,IMO9302566,V7NF7,70,0,294,32,13.5,71,A
366733250,2020-08-19T00:24:02,37.22951,-76.45752,1.9,275.0,511.0,ATLANTIC SURVEYOR,,WTR5417,70,15,31,7,,,A
368026000,2020-08-19T00:24:20,36.86577,-76.31605,0.0,19.1,2.0,BENAVIDEZ,IMO9218210,NBHG,70,5,289,32,10.9,70,A
367821000,2020-08-19T00:23:07,36.97285,-76.43362,0.0,0.0,511.0,YANO,IMO7825409,NAQH,70,0,276,32,13.0,70,A
366839000,2020-08-19T00:24:52,36.85351,-76.31082,0.0,0.0,39.0,CAPE RISE,IMO7530808,KAFG,70,5,197,32,10.0,,A
367821000,2020-08-19T00:25:57,36.97285,-76.43362,0.0,0.0,511.0,YANO,IMO7825409,NAQH,70,0,276,32,13.0,70,A
367861000,2020-08-19T00:27:00,36.94638,-76.32975,0.0,0.0,265.0,LARAMIE,IMO8906626,NLAR,80,5,193,29,,,A
477196100,2020-08-19T00:24:48,37.19853,-76.13486,0.1,16.5,153.0,DARYA MA,IMO9591674,VRJH5,70,1,229,32,14.5,,A
538002953,2020-08-19T00:29:56,37.16740,-76.15228,18.4,356.9,353.0,SCT SANTIAGO,IMO9302566,V7NF7,70,0,294,32,13.5,71,A
305855000,2020-08-19T00:23:46,36.86427,-76.31477,0.0,151.9,226.0,BBC PEARL,IMO9504786,V2FY8,70,5,153,23,9.1,70,A
368026000,2020-08-19T00:27:20,36.86577,-76.31606,0.0,19.1,2.0,BENAVIDEZ,IMO9218210,NBHG,70,5,289,32,10.9,70,A
367932000,2020-08-19T00:26:17,36.94920,-76.32971,0.0,107.0,279.0,JOHN LENTHALL,IMO8325547,NJLN,80,5,193,29,,,A
538002953,2020-08-19T00:26:50,37.15157,-76.14937,18.8,357.0,354.0,SCT SANTIAGO,IMO9302566,V7NF7,70,0,294,32,13.5,71,A
215677000,2020-08-19T00:26:57,37.23926,-76.11831,0.1,58.9,152.0,RIZE,IMO9584035,9HA2781,70,1,229,32,14.5,,A
367078110,2020-08-19T00:30:33,36.83856,-76.28198,0.0,232.0,511.0,MARCELLE BORDELON,IMO9350379,WDJ2038,79,3,45,11,3.0,79,A
305855000,2020-08-19T00:29:48,36.86429,-76.31476,0.0,182.8,226.0,BBC PEARL,IMO9504786,V2FY8,70,5,153,23,9.1,70,A
305855000,2020-08-19T00:26:47,36.86428,-76.31477,0.0,148.5,226.0,BBC PEARL,IMO9504786,V2FY8,70,5,153,23,9.1,70,A
367078110,2020-08-19T00:27:33,36.83856,-76.28198,0.0,222.0,511.0,MARCELLE BORDELON,IMO9350379,WDJ2038,79,3,45,11,3.0,79,A
368026000,2020-08-19T00:30:21,36.86576,-76.31604,0.0,19.1,2.0,BENAVIDEZ,IMO9218210,NBHG,70,5,289,32,10.9,70,A
367078110,2020-08-19T00:28:42,36.83856,-76.28198,0.0,221.0,511.0,MARCELLE BORDELON,IMO9350379,WDJ2038,79,3,45,11,3.0,79,A
366733250,2020-08-19T00:28:11,37.22951,-76.45940,1.0,274.2,511.0,ATLANTIC SURVEYOR,,WTR5417,70,15,31,7,,,A
366839000,2020-08-19T00:27:58,36.85349,-76.31083,0.0,0.0,39.0,CAPE RISE,IMO7530808,KAFG,70,5,197,32,10.0,,A
538006982,2020-08-19T00:26:53,37.20751,-76.12384,0.0,82.1,160.0,ANTE TOPIC,IMO9737072,V7TR4,70,1,,,,,A
538002953,2020-08-19T00:28:32,37.16020,-76.15098,18.6,357.2,354.0,SCT SANTIAGO,IMO9302566,V7NF7,70,0,294,32,13.5,71,A
366733250,2020-08-19T00:30:31,37.22957,-76.46019,0.9,275.9,511.0,ATLANTIC SURVEYOR,,WTR5417,70,15,31,7,,,A
366733250,2020-08-19T00:31:32,37.22960,-76.46049,0.8,277.0,511.0,ATLANTIC SURVEYOR,,WTR5417,70,15,31,7,,,A
366839000,2020-08-19T00:30:57,36.85353,-76.31085,0.0,0.0,40.0,CAPE RISE,IMO7530808,KAFG,70,5,197,32,10.0,,A
367078110,2020-08-19T00:31:43,36.83856,-76.28198,0.0,140.0,511.0,MARCELLE BORDELON,IMO9350379,WDJ2038,79,3,45,11,3.0,79,A
305176000,2020-08-19T00:32:44,37.33639,-76.10517,9.4,199.2,197.0,CELIA,IMO9344394,V2DD5,70,0,100,15,5.6,70,A
367932000,2020-08-19T00:32:18,36.94916,-76.32969,0.0,107.0,279.0,JOHN LENTHALL,IMO8325547,NJLN,80,5,193,29,,,A
367822000,2020-08-19T00:29:56,36.97311,-76.43384,0.0,0.0,239.0,USNS SHUGHART,IMO7825394,NAOQ,70,5,276,32,13.0,70,A
367861000,2020-08-19T00:33:00,36.94633,-76.32983,0.0,0.0,265.0,LARAMIE,IMO8906626,NLAR,80,5,193,29,,,A
367821000,2020-08-19T00:30:57,36.97286,-76.43362,0.0,0.0,511.0,YANO,IMO7825409,NAQH,70,0,276,32,13.0,70,A
366733250,2020-08-19T00:29:23,37.22954,-76.45980,0.9,274.2,511.0,ATLANTIC SURVEYOR,,WTR5417,70,15,31,7,,,A
366733250,2020-08-19T00:33:11,37.22957,-76.46106,1.4,239.4,511.0,ATLANTIC SURVEYOR,,WTR5417,70,15,31,7,,,A
215677000,2020-08-19T00:32:56,37.23933,-76.11816,0.1,58.9,152.0,RIZE,IMO9584035,9HA2781,70,1,229,32,14.5,,A
477196100,2020-08-19T00:33:44,37.19859,-76.13463,0.1,16.5,158.0,DARYA MA,IMO9591674,VRJH5,70,1,229,32,14.5,,A
367078110,2020-08-19T00:33:43,36.83856,-76.28199,0.0,337.0,511.0,MARCELLE BORDELON,IMO9350379,WDJ2038,79,3,45,11,3.0,79,A
538002953,2020-08-19T00:32:32,37.18060,-76.15453,18.7,7.0,1.0,SCT SANTIAGO,IMO9302566,V7NF7,70,0,294,32,13.5,71,A
538002953,2020-08-19T00:31:26,37.17505,-76.15359,18.8,357.4,354.0,SCT SANTIAGO,IMO9302566,V7NF7,70,0,294,32,13.5,71,A
367821000,2020-08-19T00:32:08,36.97286,-76.43362,0.0,0.0,511.0,YANO,IMO7825409,NAQH,70,0,276,32,13.0,70,A
538002953,2020-08-19T00:35:08,37.19353,-76.15165,18.4,20.1,18.0,SCT SANTIAGO,IMO9302566,V7NF7,70,0,294,32,13.5,71,A
538002953,2020-08-19T00:34:02,37.18819,-76.15352,18.4,21.4,17.0,SCT SANTIAGO,IMO9302566,V7NF7,70,0,294,32,13.5,71,A
368026000,2020-08-19T00:33:21,36.86575,-76.31603,0.0,19.1,2.0,BENAVIDEZ,IMO9218210,NBHG,70,5,289,32,10.9,70,A
215677000,2020-08-19T00:29:59,37.23928,-76.11824,0.1,58.9,152.0,RIZE,IMO9584035,9HA2781,70,1,229,32,14.5,,A
368026000,2020-08-19T00:00:21,36.86578,-76.31603,0.0,19.1,2.0,BENAVIDEZ,IMO9218210,NBHG,70,5,289,32,10.9,70,A
367821000,2020-08-19T00:33:18,36.97286,-76.43362,0.0,0.0,511.0,YANO,IMO7825409,NAQH,70,0,276,32,13.0,70,A
367821000,2020-08-19T00:34:27,36.97286,-76.43362,0.0,0.0,511.0,YANO,IMO7825409,NAQH,70,0,276,32,13.0,70,A
305855000,2020-08-19T00:35:49,36.86428,-76.31476,0.0,200.5,225.0,BBC PEARL,IMO9504786,V2FY8,70,5,153,23,9.1,70,A
366733250,2020-08-19T00:35:21,37.22907,-76.46101,1.2,92.0,511.0,ATLANTIC SURVEYOR,,WTR5417,70,15,31,7,,,A
538002652,2020-08-19T00:32:30,37.18308,-76.11068,0.0,30.0,164.0,NAIAS,IMO9330800,V7KN8,70,1,225,32,14.0,70,A
305855000,2020-08-19T00:32:46,36.86429,-76.31475,0.0,220.5,225.0,BBC PEARL,IMO9504786,V2FY8,70,5,153,23,9.1,70,A
367821000,2020-08-19T00:36:38,36.97286,-76.43362,0.0,0.0,511.0,YANO,IMO7825409,NAQH,70,0,276,32,13.0,70,A
477196100,2020-08-19T00:30:47,37.19859,-76.13471,0.1,16.5,156.0,DARYA MA,IMO9591674,VRJH5,70,1,229,32,14.5,,A
367932000,2020-08-19T00:35:17,36.94916,-76.32967,0.0,107.0,279.0,JOHN LENTHALL,IMO8325547,NJLN,80,5,193,29,,,A
305176000,2020-08-19T00:36:05,37.32799,-76.10882,9.5,199.1,197.0,CELIA,IMO9344394,V2DD5,70,0,100,15,5.6,70,A
215677000,2020-08-19T00:36:01,37.23936,-76.11805,0.1,58.9,154.0,RIZE,IMO9584035,9HA2781,70,1,229,32,14.5,,A
367861000,2020-08-19T00:36:01,36.94640,-76.32978,0.0,0.0,265.0,LARAMIE,IMO8906626,NLAR,80,5,193,29,,,A
538006982,2020-08-19T00:32:53,37.20755,-76.12370,0.1,91.5,163.0,ANTE TOPIC,IMO9737072,V7TR4,70,1,,,,,A
538006982,2020-08-19T00:35:53,37.20758,-76.12362,0.1,83.7,165.0,ANTE TOPIC,IMO9737072,V7TR4,70,1,,,,,A
477196100,2020-08-19T00:36:39,37.19862,-76.13453,0.1,82.0,161.0,DARYA MA,IMO9591674,VRJH5,70,1,229,32,14.5,,A
538002953,2020-08-19T00:37:50,37.20656,-76.14687,18.3,23.3,19.0,SCT SANTIAGO,IMO9302566,V7NF7,70,0,294,32,13.5,71,A
538002953,2020-08-19T00:36:26,37.19996,-76.14940,18.2,22.4,19.0,SCT SANTIAGO,IMO9302566,V7NF7,70,0,294,32,13.5,71,A
366839000,2020-08-19T00:36:57,36.85352,-76.31081,0.0,0.0,40.0,CAPE RISE,IMO7530808,KAFG,70,5,197,32,10.0,,A
367821000,2020-08-19T00:37:58,36.97286,-76.43362,0.0,0.0,511.0,YANO,IMO7825409,NAQH,70,0,276,32,13.0,70,A
366733250,2020-08-19T00:36:32,37.22910,-76.45970,6.0,95.1,511.0,ATLANTIC SURVEYOR,,WTR5417,70,15,31,7,,,A
367078110,2020-08-19T00:37:12,36.83856,-76.28198,0.0,92.0,511.0,MARCELLE BORDELON,IMO9350379,WDJ2038,79,3,45,11,3.0,79,A
367078110,2020-08-19T00:39:12,36.83856,-76.28199,0.0,297.0,511.0,MARCELLE BORDELON,IMO9350379,WDJ2038,79,3,45,11,3.0,79,A
366733250,2020-08-19T00:37:42,37.22893,-76.45699,6.7,92.7,511.0,ATLANTIC SURVEYOR,,WTR5417,70,15,31,7,,,A
366733250,2020-08-19T00:39:21,37.22883,-76.45321,6.3,75.5,511.0,ATLANTIC SURVEYOR,,WTR5417,70,15,31,7,,,A
367078110,2020-08-19T00:36:04,36.83857,-76.28198,0.0,116.0,511.0,MARCELLE BORDELON,IMO9350379,WDJ2038,79,3,45,11,3.0,79,A
305176000,2020-08-19T00:39:34,37.31933,-76.11259,9.4,199.2,197.0,CELIA,IMO9344394,V2DD5,70,0,100,15,5.6,70,A
305176000,2020-08-19T00:34:54,37.33095,-76.10753,9.5,199.2,197.0,CELIA,IMO9344394,V2DD5,70,0,100,15,5.6,70,A
367821000,2020-08-19T00:40:48,36.97286,-76.43362,0.0,0.0,511.0,YANO,IMO7825409,NAQH,70,0,276,32,13.0,70,A
367861000,2020-08-19T00:39:01,36.94643,-76.32977,0.0,0.0,265.0,LARAMIE,IMO8906626,NLAR,80,5,193,29,,,A
538006982,2020-08-19T00:38:53,37.20757,-76.12354,0.1,75.5,167.0,ANTE TOPIC,IMO9737072,V7TR4,70,1,,,,,A
477196100,2020-08-19T00:39:45,37.19868,-76.13447,0.1,95.2,163.0,DARYA MA,IMO9591674,VRJH5,70,1,229,32,14.5,,A
538002652,2020-08-19T00:41:28,37.18305,-76.11062,0.0,120.0,167.0,NAIAS,IMO9330800,V7KN8,70,1,225,32,14.0,70,A
367932000,2020-08-19T00:38:16,36.94921,-76.32965,0.0,107.0,279.0,JOHN LENTHALL,IMO8325547,NJLN,80,5,193,29,,,A
368026000,2020-08-19T00:39:21,36.86577,-76.31605,0.0,19.1,2.0,BENAVIDEZ,IMO9218210,NBHG,70,5,289,32,10.9,70,A
538002953,2020-08-19T00:40:56,37.22168,-76.14086,18.3,23.3,20.0,SCT SANTIAGO,IMO9302566,V7NF7,70,0,294,32,13.5,71,A
305176000,2020-08-19T00:37:44,37.32392,-76.11059,9.4,199.4,197.0,CELIA,IMO9344394,V2DD5,70,0,100,15,5.6,70,A
305176000,2020-08-19T00:41:54,37.31363,-76.11510,9.3,199.6,197.0,CELIA,IMO9344394,V2DD5,70,0,100,15,5.6,70,A
366839000,2020-08-19T00:39:53,36.85349,-76.31082,0.0,0.0,40.0,CAPE RISE,IMO7530808,KAFG,70,5,197,32,10.0,,A
367822000,2020-08-19T00:35:56,36.97310,-76.43384,0.0,0.0,239.0,USNS SHUGHART,IMO7825394,NAOQ,70,5,276,32,13.0,70,A
367861000,2020-08-19T00:42:01,36.94641,-76.32983,0.0,0.0,265.0,LARAMIE,IMO8906626,NLAR,80,5,193,29,,,A
538002652,2020-08-19T00:35:29,37.18302,-76.11067,0.0,120.0,166.0,NAIAS,IMO9330800,V7KN8,70,1,225,32,14.0,70,A
366733250,2020-08-19T00:42:11,37.23169,-76.44937,4.6,42.2,511.0,ATLANTIC SURVEYOR,,WTR5417,70,15,31,7,,,A
367078110,2020-08-19T00:42:12,36.83856,-76.28198,0.0,11.0,511.0,MARCELLE BORDELON,IMO9350379,WDJ2038,79,3,45,11,3.0,79,A
368026000,2020-08-19T00:42:21,36.86576,-76.31604,0.0,19.1,2.0,BENAVIDEZ,IMO9218210,NBHG,70,5,289,32,10.9,70,A
367822000,2020-08-19T00:38:56,36.97310,-76.43384,0.0,0.0,239.0,USNS SHUGHART,IMO7825394,NAOQ,70,5,276,32,13.0,70,A
477196100,2020-08-19T00:42:43,37.19869,-76.13442,0.1,95.2,165.0,DARYA MA,IMO9591674,VRJH5,70,1,229,32,14.5,,A
305176000,2020-08-19T00:45:15,37.30538,-76.11881,9.4,200.0,197.0,CELIA,IMO9344394,V2DD5,70,0,100,15,5.6,70,A
538002652,2020-08-19T00:38:30,37.18302,-76.11067,0.0,120.0,166.0,NAIAS,IMO9330800,V7KN8,70,1,225,32,14.0,70,A
367821000,2020-08-19T00:39:38,36.97286,-76.43362,0.0,0.0,511.0,YANO,IMO7825409,NAQH,70,0,276,32,13.0,70,A
215677000,2020-08-19T00:41:52,37.23939,-76.11785,0.1,82.5,158.0,RIZE,IMO9584035,9HA2781,70,1,229,32,14.5,,A
305176000,2020-08-19T00:43:05,37.31073,-76.11641,9.3,200.3,197.0,CELIA,IMO9344394,V2DD5,70,0,100,15,5.6,70,A
367821000,2020-08-19T00:41:57,36.97286,-76.43362,0.0,0.0,511.0,YANO,IMO7825409,NAQH,70,0,276,32,13.0,70,A
367821000,2020-08-19T00:43:48,36.97286,-76.43362,0.0,0.0,511.0,YANO,IMO7825409,NAQH,70,0,276,32,13.0,70,A
367822000,2020-08-19T00:41:56,36.97310,-76.43384,0.0,0.0,239.0,USNS SHUGHART,IMO7825394,NAOQ,70,5,276,32,13.0,70,A
538002953,2020-08-19T00:39:50,37.21634,-76.14298,18.5,23.4,20.0,SCT SANTIAGO,IMO9302566,V7NF7,70,0,294,32,13.5,71,A
367932000,2020-08-19T00:44:16,36.94915,-76.32973,0.0,107.0,279.0,JOHN LENTHALL,IMO8325547,NJLN,80,5,193,29,,,A
367078110,2020-08-19T00:46:32,36.83854,-76.28199,0.0,338.0,511.0,MARCELLE BORDELON,IMO9350379,WDJ2038,79,3,45,11,3.0,79,A
366733250,2020-08-19T00:43:22,37.23286,-76.44810,4.7,39.7,511.0,ATLANTIC SURVEYOR,,WTR5417,70,15,31,7,,,A
305855000,2020-08-19T00:41:48,36.86427,-76.31475,0.0,196.1,226.0,BBC PEARL,IMO9504786,V2FY8,70,5,153,23,9.1,70,A
477196100,2020-08-19T00:45:46,37.19866,-76.13434,0.0,95.2,166.0,DARYA MA,IMO9591674,VRJH5,70,1,229,32,14.5,,A
367822000,2020-08-19T00:44:55,36.97310,-76.43384,0.0,0.0,239.0,USNS SHUGHART,IMO7825394,NAOQ,70,5,276,32,13.0,70,A
366733250,2020-08-19T00:46:11,37.23161,-76.44513,5.4,240.4,511.0,ATLANTIC SURVEYOR,,WTR5417,70,15,31,7,,,A
305176000,2020-08-19T00:46:45,37.30168,-76.12049,9.4,200.0,197.0,CELIA,IMO9344394,V2DD5,70,0,100,15,5.6,70,A
538006982,2020-08-19T00:41:53,37.20761,-76.12350,0.0,74.9,168.0,ANTE TOPIC,IMO9737072,V7TR4,70,1,,,,,A
305855000,2020-08-19T00:44:46,36.86428,-76.31475,0.0,189.5,226.0,BBC PEARL,IMO9504786,V2FY8,70,5,153,23,9.1,70,A
538002652,2020-08-19T00:44:28,37.18305,-76.11060,0.0,120.0,168.0,NAIAS,IMO9330800,V7KN8,70,1,225,32,14.0,70,A
215677000,2020-08-19T00:44:57,37.23941,-76.11769,0.1,71.8,161.0,RIZE,IMO9584035,9HA2781,70,1,229,32,14.5,,A
367821000,2020-08-19T00:46:17,36.97286,-76.43362,0.0,0.0,511.0,YANO,IMO7825409,NAQH,70,0,276,32,13.0,70,A
367822000,2020-08-19T00:47:55,36.97310,-76.43384,0.0,0.0,239.0,USNS SHUGHART,IMO7825394,NAOQ,70,5,276,32,13.0,70,A
367078110,2020-08-19T00:40:23,36.83856,-76.28198,0.0,186.0,511.0,MARCELLE BORDELON,IMO9350379,WDJ2038,79,3,45,11,3.0,79,A
367821000,2020-08-19T00:47:27,36.97285,-76.43363,0.0,0.0,511.0,YANO,IMO7825409,NAQH,70,0,276,32,13.0,70,A
367078110,2020-08-19T00:44:42,36.83856,-76.28197,0.0,60.0,511.0,MARCELLE BORDELON,IMO9350379,WDJ2038,79,3,45,11,3.0,79,A
538002953,2020-08-19T00:42:56,37.23133,-76.13696,18.2,23.0,20.0,SCT SANTIAGO,IMO9302566,V7NF7,70,0,294,32,13.5,71,A
538002953,2020-08-19T00:48:20,37.25771,-76.12671,18.4,22.2,19.0,SCT SANTIAGO,IMO9302566,V7NF7,70,0,294,32,13.5,71,A
366839000,2020-08-19T00:45:56,36.85349,-76.31081,0.0,0.0,40.0,CAPE RISE,IMO7530808,KAFG,70,5,197,32,10.0,,A
366839000,2020-08-19T00:42:59,36.85350,-76.31085,0.0,0.0,40.0,CAPE RISE,IMO7530808,KAFG,70,5,197,32,10.0,,A
305855000,2020-08-19T00:47:47,36.86429,-76.31475,0.0,189.5,226.0,BBC PEARL,IMO9504786,V2FY8,70,5,153,23,9.1,70,A
367861000,2020-08-19T00:51:00,36.94637,-76.32981,0.0,0.0,265.0,LARAMIE,IMO8906626,NLAR,80,5,193,29,,,A
538006982,2020-08-19T00:44:53,37.20759,-76.12346,0.1,117.3,170.0,ANTE TOPIC,IMO9737072,V7TR4,70,1,,,,,A
367861000,2020-08-19T00:44:59,36.94642,-76.32983,0.0,0.0,265.0,LARAMIE,IMO8906626,NLAR,80,5,193,29,,,A
367821000,2020-08-19T00:45:07,36.97286,-76.43362,0.0,0.0,511.0,YANO,IMO7825409,NAQH,70,0,276,32,13.0,70,A
367932000,2020-08-19T00:47:17,36.94911,-76.32956,0.0,107.0,279.0,JOHN LENTHALL,IMO8325547,NJLN,80,5,193,29,,,A
367932000,2020-08-19T00:50:18,36.94925,-76.32969,0.0,107.0,279.0,JOHN LENTHALL,IMO8325547,NJLN,80,5,193,29,,,A
367078110,2020-08-19T00:49:42,36.83855,-76.28199,0.0,267.0,511.0,MARCELLE BORDELON,IMO9350379,WDJ2038,79,3,45,11,3.0,79,A
367822000,2020-08-19T00:50:55,36.97310,-76.43384,0.0,0.0,239.0,USNS SHUGHART,IMO7825394,NAOQ,70,5,276,32,13.0,70,A
538002953,2020-08-19T00:45:50,37.24544,-76.13145,18.1,23.0,19.0,SCT SANTIAGO,IMO9302566,V7NF7,70,0,294,32,13.5,71,A
477196100,2020-08-19T00:48:44,37.19872,-76.13432,0.1,95.2,168.0,DARYA MA,IMO9591674,VRJH5,70,1,229,32,14.5,,A
477196100,2020-08-19T00:51:47,37.19868,-76.13429,0.0,95.2,168.0,DARYA MA,IMO9591674,VRJH5,70,1,229,32,14.5,,A
305176000,2020-08-19T00:48:34,37.29718,-76.12256,9.4,200.7,197.0,CELIA,IMO9344394,V2DD5,70,0,100,15,5.6,70,A
367932000,2020-08-19T00:53:17,36.94918,-76.32964,0.0,107.0,279.0,JOHN LENTHALL,IMO8325547,NJLN,80,5,193,29,,,A
366733250,2020-08-19T00:54:22,37.23561,-76.45870,6.2,299.9,511.0,ATLANTIC SURVEYOR,,WTR5417,70,15,31,7,,,A
366733250,2020-08-19T00:51:01,37.23135,-76.45332,4.5,291.0,511.0,ATLANTIC SURVEYOR,,WTR5417,70,15,31,7,,,A
305855000,2020-08-19T00:50:48,36.86427,-76.31475,0.0,182.1,226.0,BBC PEARL,IMO9504786,V2FY8,70,5,153,23,9.1,70,A
367821000,2020-08-19T00:50:57,36.97286,-76.43363,0.0,0.0,511.0,YANO,IMO7825409,NAQH,70,0,276,32,13.0,70,A
368026000,2020-08-19T00:48:21,36.86576,-76.31604,0.0,19.1,2.0,BENAVIDEZ,IMO9218210,NBHG,70,5,289,32,10.9,70,A
305176000,2020-08-19T00:49:45,37.29426,-76.12390,9.4,200.0,197.0,CELIA,IMO9344394,V2DD5,70,0,100,15,5.6,70,A
366733250,2020-08-19T00:52:41,37.23362,-76.45563,7.0,330.7,511.0,ATLANTIC SURVEYOR,,WTR5417,70,15,31,7,,,A
366733250,2020-08-19T00:48:41,37.23137,-76.44969,4.5,266.2,511.0,ATLANTIC SURVEYOR,,WTR5417,70,15,31,7,,,A
366733250,2020-08-19T00:49:52,37.23130,-76.45154,4.5,270.6,511.0,ATLANTIC SURVEYOR,,WTR5417,70,15,31,7,,,A
215677000,2020-08-19T00:47:56,37.23944,-76.11765,0.1,71.8,162.0,RIZE,IMO9584035,9HA2781,70,1,229,32,14.5,,A
367821000,2020-08-19T00:48:38,36.97286,-76.43363,0.0,0.0,511.0,YANO,IMO7825409,NAQH,70,0,276,32,13.0,70,A
538006982,2020-08-19T00:47:53,37.20760,-76.12337,0.1,93.3,171.0,ANTE TOPIC,IMO9737072,V7TR4,70,1,,,,,A
215677000,2020-08-19T00:50:52,37.23946,-76.11754,0.1,71.8,165.0,RIZE,IMO9584035,9HA2781,70,1,229,32,14.5,,A
538002652,2020-08-19T00:53:30,37.18315,-76.11047,0.0,100.0,168.0,NAIAS,IMO9330800,V7KN8,70,1,225,32,14.0,70,A
538002953,2020-08-19T00:49:45,37.26467,-76.12402,18.5,22.4,19.0,SCT SANTIAGO,IMO9302566,V7NF7,70,0,294,32,13.5,71,A
538002953,2020-08-19T00:50:50,37.27002,-76.12191,18.7,22.7,20.0,SCT SANTIAGO,IMO9302566,V7NF7,70,0,294,32,13.5,71,A
368026000,2020-08-19T00:51:21,36.86577,-76.31604,0.0,19.1,2.0,BENAVIDEZ,IMO9218210,NBHG,70,5,289,32,10.9,70,A
366839000,2020-08-19T00:51:57,36.85348,-76.31083,0.0,0.0,39.0,CAPE RISE,IMO7530808,KAFG,70,5,197,32,10.0,,A
367821000,2020-08-19T00:52:18,36.97286,-76.43363,0.0,0.0,511.0,YANO,IMO7825409,NAQH,70,0,276,32,13.0,70,A
305176000,2020-08-19T00:50:55,37.29142,-76.12520,9.4,200.5,197.0,CELIA,IMO9344394,V2DD5,70,0,100,15,5.6,70,A
215677000,2020-08-19T00:53:54,37.23945,-76.11750,0.0,71.8,166.0,RIZE,IMO9584035,9HA2781,70,1,229,32,14.5,,A
305176000,2020-08-19T00:52:34,37.28731,-76.12711,9.4,200.1,197.0,CELIA,IMO9344394,V2DD5,70,0,100,15,5.6,70,A
538002652,2020-08-19T00:50:28,37.18310,-76.11048,0.2,99.0,166.0,NAIAS,IMO9330800,V7KN8,70,1,225,32,14.0,70,A
367822000,2020-08-19T00:53:55,36.97309,-76.43386,0.0,0.0,239.0,USNS SHUGHART,IMO7825394,NAOQ,70,5,276,32,13.0,70,A
538002953,2020-08-19T00:52:26,37.27803,-76.11879,18.9,22.3,20.0,SCT SANTIAGO,IMO9302566,V7NF7,70,0,294,32,13.5,71,A
367821000,2020-08-19T00:57:28,36.97284,-76.43364,0.0,0.0,511.0,YANO,IMO7825409,NAQH,70,0,276,32,13.0,70,A
367821000,2020-08-19T00:54:47,36.97285,-76.43364,0.0,0.0,511.0,YANO,IMO7825409,NAQH,70,0,276,32,13.0,70,A
538002953,2020-08-19T00:54:32,37.28857,-76.11483,19.0,22.2,19.0,SCT SANTIAGO,IMO9302566,V7NF7,70,0,294,32,13.5,71,A
366733250,2020-08-19T00:56:33,37.23720,-76.46242,5.2,299.4,511.0,ATLANTIC SURVEYOR,,WTR5417,70,15,31,7,,,A
367078110,2020-08-19T00:55:03,36.83855,-76.28198,0.0,254.0,511.0,MARCELLE BORDELON,IMO9350379,WDJ2038,79,3,45,11,3.0,79,A
368026000,2020-08-19T00:54:21,36.86577,-76.31603,0.0,19.1,2.0,BENAVIDEZ,IMO9218210,NBHG,70,5,289,32,10.9,70,A
215677000,2020-08-19T00:56:57,37.23946,-76.11745,0.1,71.8,167.0,RIZE,IMO9584035,9HA2781,70,1,229,32,14.5,,A
538002652,2020-08-19T00:56:29,37.18305,-76.11043,0.0,100.0,171.0,NAIAS,IMO9330800,V7KN8,70,1,225,32,14.0,70,A
305176000,2020-08-19T00:55:34,37.27992,-76.13056,9.4,200.6,197.0,CELIA,IMO9344394,V2DD5,70,0,100,15,5.6,70,A
305855000,2020-08-19T00:59:46,36.86427,-76.31474,0.0,56.9,226.0,BBC PEARL,IMO9504786,V2FY8,70,5,153,23,9.1,70,A
538006982,2020-08-19T00:56:53,37.20761,-76.12320,0.0,100.3,178.0,ANTE TOPIC,IMO9737072,V7TR4,70,1,,,,,A
538002953,2020-08-19T00:55:56,37.29559,-76.11191,19.4,27.2,25.0,SCT SANTIAGO,IMO9302566,V7NF7,70,0,294,32,13.5,71,A
366733250,2020-08-19T00:57:41,37.23797,-76.46429,5.2,297.3,511.0,ATLANTIC SURVEYOR,,WTR5417,70,15,31,7,,,A
367821000,2020-08-19T00:59:48,36.97283,-76.43364,0.0,0.0,511.0,YANO,IMO7825409,NAQH,70,0,276,32,13.0,70,A
367822000,2020-08-19T00:56:56,36.97308,-76.43384,0.0,0.0,239.0,USNS SHUGHART,IMO7825394,NAOQ,70,5,276,32,13.0,70,A
367821000,2020-08-19T00:56:18,36.97284,-76.43365,0.0,0.0,511.0,YANO,IMO7825409,NAQH,70,0,276,32,13.0,70,A
367078110,2020-08-19T00:57:32,36.83856,-76.28198,0.0,343.0,511.0,MARCELLE BORDELON,IMO9350379,WDJ2038,79,3,45,11,3.0,79,A
305176000,2020-08-19T00:56:35,37.27739,-76.13174,9.5,200.0,197.0,CELIA,IMO9344394,V2DD5,70,0,100,15,5.6,70,A
367932000,2020-08-19T00:59:17,36.94922,-76.32972,0.0,107.0,279.0,JOHN LENTHALL,IMO8325547,NJLN,80,5,193,29,,,A
305855000,2020-08-19T00:56:49,36.86426,-76.31475,0.0,60.3,226.0,BBC PEARL,IMO9504786,V2FY8,70,5,153,23,9.1,70,A
538002953,2020-08-19T00:57:50,37.30491,-76.10710,19.3,27.4,24.0,SCT SANTIAGO,IMO9302566,V7NF7,70,0,294,32,13.5,71,A
215677000,2020-08-19T00:59:56,37.23946,-76.11741,0.1,71.8,168.0,RIZE,IMO9584035,9HA2781,70,1,229,32,14.5,,A
367821000,2020-08-19T01:00:07,36.97283,-76.43364,0.0,0.0,511.0,YANO,IMO7825409,NAQH,70,0,276,32,13.0,70,A
366839000,2020-08-19T00:57:52,36.85350,-76.31081,0.0,0.0,39.0,CAPE RISE,IMO7530808,KAFG,70,5,197,32,10.0,,A
368026000,2020-08-19T00:57:20,36.86577,-76.31604,0.0,19.1,2.0,BENAVIDEZ,IMO9218210,NBHG,70,5,289,32,10.9,70,A
538002953,2020-08-19T01:00:02,37.31556,-76.10152,19.0,28.3,25.0,SCT SANTIAGO,IMO9302566,V7NF7,70,0,294,32,13.5,71,A
367078110,2020-08-19T00:59:52,36.83855,-76.28198,0.0,347.0,511.0,MARCELLE BORDELON,IMO9350379,WDJ2038,79,3,45,11,3.0,79,A
305176000,2020-08-19T00:57:44,37.27454,-76.13306,9.5,200.6,197.0,CELIA,IMO9344394,V2DD5,70,0,100,15,5.6,70,A
367821000,2020-08-19T01:01:18,36.97283,-76.43364,0.0,0.0,511.0,YANO,IMO7825409,NAQH,70,0,276,32,13.0,70,A
538002953,2020-08-19T01:01:09,37.32093,-76.09867,19.2,28.2,25.0,SCT SANTIAGO,IMO9302566,V7NF7,70,0,294,32,13.5,71,A
477196100,2020-08-19T00:57:49,37.19868,-76.13425,0.1,95.2,170.0,DARYA MA,IMO9591674,VRJH5,70,1,229,32,14.5,,A
305176000,2020-08-19T01:02:24,37.26308,-76.13835,9.2,200.1,197.0,CELIA,IMO9344394,V2DD5,70,0,100,15,5.6,70,A
538002953,2020-08-19T00:59:09,37.31131,-76.10379,19.1,28.6,25.0,SCT SANTIAGO,IMO9302566,V7NF7,70,0,294,32,13.5,71,A
367861000,2020-08-19T00:57:00,36.94639,-76.32975,0.0,0.0,265.0,LARAMIE,IMO8906626,NLAR,80,5,193,29,,,A
366733250,2020-08-19T01:00:01,37.23970,-76.46786,5.0,299.9,511.0,ATLANTIC SURVEYOR,,WTR5417,70,15,31,7,,,A
367078110,2020-08-19T00:58:43,36.83856,-76.28198,0.0,344.0,511.0,MARCELLE BORDELON,IMO9350379,WDJ2038,79,3,45,11,3.0,79,A
367078110,2020-08-19T01:00:03,36.83855,-76.28198,0.0,90.0,511.0,MARCELLE BORDELON,IMO9350379,WDJ2038,79,3,45,11,3.0,79,A
366733250,2020-08-19T00:58:51,37.23880,-76.46609,5.1,299.6,511.0,ATLANTIC SURVEYOR,,WTR5417,70,15,31,7,,,A
538002652,2020-08-19T01:02:30,37.18305,-76.11050,0.0,100.0,169.0,NAIAS,IMO9330800,V7KN8,70,1,225,32,14.0,70,A
367821000,2020-08-19T00:58:37,36.97284,-76.43364,0.0,0.0,511.0,YANO,IMO7825409,NAQH,70,0,276,32,13.0,70,A
366839000,2020-08-19T01:01:00,36.85350,-76.31082,0.0,0.0,39.0,CAPE RISE,IMO7530808,KAFG,70,5,197,32,10.0,,A
367078110,2020-08-19T01:03:33,36.83855,-76.28198,0.0,317.0,511.0,MARCELLE BORDELON,IMO9350379,WDJ2038,79,3,45,11,3.0,79,A
367078110,2020-08-19T01:02:23,36.83855,-76.28198,0.0,279.0,511.0,MARCELLE BORDELON,IMO9350379,WDJ2038,79,3,45,11,3.0,79,A
366733250,2020-08-19T01:01:12,37.24000,-76.46972,4.7,276.4,511.0,ATLANTIC SURVEYOR,,WTR5417,70,15,31,7,,,A
215677000,2020-08-19T01:02:55,37.23946,-76.11736,0.1,71.8,169.0,RIZE,IMO9584035,9HA2781,70,1,229,32,14.5,,A
367078110,2020-08-19T01:01:13,36.83855,-76.28198,0.0,305.0,511.0,MARCELLE BORDELON,IMO9350379,WDJ2038,79,3,45,11,3.0,79,A
368026000,2020-08-19T01:00:20,36.86576,-76.31603,0.0,19.1,2.0,BENAVIDEZ,IMO9218210,NBHG,70,5,289,32,10.9,70,A
367821000,2020-08-19T01:02:28,36.97284,-76.43364,0.0,0.0,511.0,YANO,IMO7825409,NAQH,70,0,276,32,13.0,70,A
538006982,2020-08-19T00:59:53,37.20764,-76.12321,0.0,100.3,177.0,ANTE TOPIC,IMO9737072,V7TR4,70,1,,,,,A
477196100,2020-08-19T01:00:43,37.19869,-76.13426,0.1,95.2,169.0,DARYA MA,IMO9591674,VRJH5,70,1,229,32,14.5,,A
477196100,2020-08-19T01:03:47,37.19870,-76.13427,0.1,95.2,169.0,DARYA MA,IMO9591674,VRJH5,70,1,229,32,14.5,,A
538002953,2020-08-19T01:02:14,37.32613,-76.09591,18.9,28.2,25.0,SCT SANTIAGO,IMO9302566,V7NF7,70,0,294,32,13.5,71,A
366733250,2020-08-19T01:04:42,37.24247,-76.47159,5.2,88.3,511.0,ATLANTIC SURVEYOR,,WTR5417,70,15,31,7,,,A
366839000,2020-08-19T01:03:53,36.85348,-76.31083,0.0,0.0,39.0,CAPE RISE,IMO7530808,KAFG,70,5,197,32,10.0,,A
305855000,2020-08-19T01:02:46,36.86427,-76.31476,0.0,49.8,226.0,BBC PEARL,IMO9504786,V2FY8,70,5,153,23,9.1,70,A
215677000,2020-08-19T01:05:55,37.23947,-76.11729,0.1,71.8,170.0,RIZE,IMO9584035,9HA2781,70,1,229,32,14.5,,A
367822000,2020-08-19T01:02:55,36.97308,-76.43384,0.0,0.0,239.0,USNS SHUGHART,IMO7825394,NAOQ,70,5,276,32,13.0,70,A
305176000,2020-08-19T01:01:15,37.26591,-76.13704,9.3,201.0,198.0,CELIA,IMO9344394,V2DD5,70,0,100,15,5.6,70,A
538006982,2020-08-19T01:02:53,37.20764,-76.12320,0.0,76.1,177.0,ANTE TOPIC,IMO9737072,V7TR4,70,1,,,,,A
367821000,2020-08-19T01:03:48,36.97284,-76.43364,0.0,0.0,511.0,YANO,IMO7825409,NAQH,70,0,276,32,13.0,70,A
367932000,2020-08-19T01:02:16,36.94922,-76.32971,0.0,107.0,279.0,JOHN LENTHALL,IMO8325547,NJLN,80,5,193,29,,,A
367078110,2020-08-19T01:04:43,36.83855,-76.28198,0.0,1.0,511.0,MARCELLE BORDELON,IMO9350379,WDJ2038,79,3,45,11,3.0,79,A
367078110,2020-08-19T01:07:02,36.83855,-76.28198,0.0,235.0,511.0,MARCELLE BORDELON,IMO9350379,WDJ2038,79,3,45,11,3.0,79,A
367932000,2020-08-19T01:05:17,36.94913,-76.32963,0.0,107.0,279.0,JOHN LENTHALL,IMO8325547,NJLN,80,5,193,29,,,A
366839000,2020-08-19T01:06:59,36.85351,-76.31081,0.0,0.0,39.0,CAPE RISE,IMO7530808,KAFG,70,5,197,32,10.0,,A
305176000,2020-08-19T01:05:55,37.25466,-76.14219,9.1,199.8,197.0,CELIA,IMO9344394,V2DD5,70,0,100,15,5.6,70,A
538002953,2020-08-19T01:03:21,37.33149,-76.09305,19.1,27.7,25.0,SCT SANTIAGO,IMO9302566,V7NF7,70,0,294,32,13.5,71,A
477196100,2020-08-19T01:06:43,37.19870,-76.13425,0.0,95.2,169.0,DARYA MA,IMO9591674,VRJH5,70,1,229,32,14.5,,A
538006982,2020-08-19T01:05:53,37.20764,-76.12316,0.0,65.9,177.0,ANTE TOPIC,IMO9737072,V7TR4,70,1,,,,,A
366733250,2020-08-19T01:08:12,37.23934,-76.46924,4.8,191.4,511.0,ATLANTIC SURVEYOR,,WTR5417,70,15,31,7,,,A
367861000,2020-08-19T01:05:59,36.94640,-76.32979,0.0,0.0,265.0,LARAMIE,IMO8906626,NLAR,80,5,193,29,,,A
367821000,2020-08-19T01:06:07,36.97284,-76.43364,0.0,0.0,511.0,YANO,IMO7825409,NAQH,70,0,276,32,13.0,70,A
305176000,2020-08-19T01:03:34,37.26030,-76.13962,9.2,199.3,197.0,CELIA,IMO9344394,V2DD5,70,0,100,15,5.6,70,A
367932000,2020-08-19T01:08:16,36.94920,-76.32967,0.0,107.0,279.0,JOHN LENTHALL,IMO8325547,NJLN,80,5,193,29,,,A
367821000,2020-08-19T01:04:58,36.97284,-76.43364,0.0,0.0,511.0,YANO,IMO7825409,NAQH,70,0,276,32,13.0,70,A
367078110,2020-08-19T01:09:22,36.83855,-76.28198,0.0,59.0,511.0,MARCELLE BORDELON,IMO9350379,WDJ2038,79,3,45,11,3.0,79,A
367861000,2020-08-19T01:09:00,36.94638,-76.32979,0.0,0.0,265.0,LARAMIE,IMO8906626,NLAR,80,5,193,29,,,A
538002652,2020-08-19T01:05:29,37.18308,-76.11048,0.0,100.0,168.0,NAIAS,IMO9330800,V7KN8,70,1,225,32,14.0,70,A
368026000,2020-08-19T01:09:22,36.86576,-76.31605,0.0,19.1,2.0,BENAVIDEZ,IMO9218210,NBHG,70,5,289,32,10.9,70,A
367821000,2020-08-19T01:08:48,36.97284,-76.43364,0.0,0.0,511.0,YANO,IMO7825409,NAQH,70,0,276,32,13.0,70,A
367078110,2020-08-19T01:08:12,36.83855,-76.28198,0.0,223.0,511.0,MARCELLE BORDELON,IMO9350379,WDJ2038,79,3,45,11,3.0,79,A
305855000,2020-08-19T01:05:49,36.86428,-76.31478,0.0,49.9,226.0,BBC PEARL,IMO9504786,V2FY8,70,5,153,23,9.1,70,A
305176000,2020-08-19T01:09:24,37.24641,-76.14596,8.9,200.3,197.0,CELIA,IMO9344394,V2DD5,70,0,100,15,5.6,70,A
305176000,2020-08-19T01:04:43,37.25749,-76.14091,9.2,200.6,197.0,CELIA,IMO9344394,V2DD5,70,0,100,15,5.6,70,A
366733250,2020-08-19T01:09:22,37.23777,-76.46958,5.0,191.9,511.0,ATLANTIC SURVEYOR,,WTR5417,70,15,31,7,,,A
538002652,2020-08-19T01:08:30,37.18307,-76.11038,0.1,91.0,171.0,NAIAS,IMO9330800,V7KN8,70,1,225,32,14.0,70,A
367078110,2020-08-19T01:11:33,36.83854,-76.28198,0.1,229.0,511.0,MARCELLE BORDELON,IMO9350379,WDJ2038,79,3,45,11,3.0,79,A
215677000,2020-08-19T01:08:56,37.23947,-76.11720,0.1,71.8,171.0,RIZE,IMO9584035,9HA2781,70,1,229,32,14.5,,A
368026000,2020-08-19T01:06:20,36.86574,-76.31605,0.0,19.1,2.0,BENAVIDEZ,IMO9218210,NBHG,70,5,289,32,10.9,70,A
305176000,2020-08-19T01:07:05,37.25185,-76.14345,9.0,199.4,197.0,CELIA,IMO9344394,V2DD5,70,0,100,15,5.6,70,A
367822000,2020-08-19T01:05:55,36.97308,-76.43384,0.0,0.0,239.0,USNS SHUGHART,IMO7825394,NAOQ,70,5,276,32,13.0,70,A
366733250,2020-08-19T01:05:51,37.24236,-76.46931,5.1,122.4,511.0,ATLANTIC SURVEYOR,,WTR5417,70,15,31,7,,,A
366733250,2020-08-19T01:07:02,37.24087,-76.46899,4.8,191.8,511.0,ATLANTIC SURVEYOR,,WTR5417,70,15,31,7,,,A
367821000,2020-08-19T01:09:57,36.97284,-76.43364,0.0,0.0,511.0,YANO,IMO7825409,NAQH,70,0,276,32,13.0,70,A
367078110,2020-08-19T01:10:32,36.83854,-76.28199,0.0,296.0,511.0,MARCELLE BORDELON,IMO9350379,WDJ2038,79,3,45,11,3.0,79,A
538006982,2020-08-19T01:08:53,37.20767,-76.12311,0.1,79.7,179.0,ANTE TOPIC,IMO9737072,V7TR4,70,1,,,,,A
305176000,2020-08-19T01:08:14,37.24914,-76.14469,9.0,200.8,198.0,CELIA,IMO9344394,V2DD5,70,0,100,15,5.6,70,A
305176000,2020-08-19T01:10:34,37.24372,-76.14718,8.9,199.7,197.0,CELIA,IMO9344394,V2DD5,70,0,100,15,5.6,70,A
367821000,2020-08-19T01:11:07,36.97284,-76.43364,0.0,0.0,511.0,YANO,IMO7825409,NAQH,70,0,276,32,13.0,70,A
305176000,2020-08-19T01:12:55,37.23828,-76.14968,8.8,200.1,197.0,CELIA,IMO9344394,V2DD5,70,0,100,15,5.6,70,A
305176000,2020-08-19T01:11:45,37.24093,-76.14846,8.8,200.3,197.0,CELIA,IMO9344394,V2DD5,70,0,100,15,5.6,70,A
367822000,2020-08-19T01:11:55,36.97309,-76.43385,0.0,0.0,239.0,USNS SHUGHART,IMO7825394,NAOQ,70,5,276,32,13.0,70,A
538006982,2020-08-19T01:11:53,37.20766,-76.12309,0.0,71.3,180.0,ANTE TOPIC,IMO9737072,V7TR4,70,1,,,,,A
368026000,2020-08-19T01:12:20,36.86575,-76.31603,0.0,19.1,2.0,BENAVIDEZ,IMO9218210,NBHG,70,5,289,32,10.9,70,A
367821000,2020-08-19T01:12:08,36.97284,-76.43364,0.0,0.0,511.0,YANO,IMO7825409,NAQH,70,0,276,32,13.0,70,A
305855000,2020-08-19T01:08:49,36.86427,-76.31477,0.0,49.9,226.0,BBC PEARL,IMO9504786,V2FY8,70,5,153,23,9.1,70,A
367932000,2020-08-19T01:14:17,36.94916,-76.32969,0.0,107.0,279.0,JOHN LENTHALL,IMO8325547,NJLN,80,5,193,29,,,A
367861000,2020-08-19T01:15:00,36.94640,-76.32977,0.0,0.0,265.0,LARAMIE,IMO8906626,NLAR,80,5,193,29,,,A
215677000,2020-08-19T01:11:58,37.23947,-76.11714,0.1,71.8,173.0,RIZE,IMO9584035,9HA2781,70,1,229,32,14.5,,A
368026000,2020-08-19T01:15:21,36.86576,-76.31607,0.0,19.1,2.0,BENAVIDEZ,IMO9218210,NBHG,70,5,289,32,10.9,70,A
367078110,2020-08-19T01:15:12,36.83855,-76.28198,0.0,309.0,511.0,MARCELLE BORDELON,IMO9350379,WDJ2038,79,3,45,11,3.0,79,A
477196100,2020-08-19T01:15:40,37.19870,-76.13401,0.2,79.5,172.0,DARYA MA,IMO9591674,VRJH5,70,1,229,32,14.5,,A
366733250,2020-08-19T01:12:52,37.23619,-76.46349,6.5,111.0,511.0,ATLANTIC SURVEYOR,,WTR5417,70,15,31,7,,,A
366839000,2020-08-19T01:13:00,36.85349,-76.31083,0.0,0.0,39.0,CAPE RISE,IMO7530808,KAFG,70,5,197,32,10.0,,A
215677000,2020-08-19T01:14:58,37.23948,-76.11706,0.1,71.8,175.0,RIZE,IMO9584035,9HA2781,70,1,229,32,14.5,,A
366733250,2020-08-19T01:15:21,37.23525,-76.45813,6.0,56.5,511.0,ATLANTIC SURVEYOR,,WTR5417,70,15,31,7,,,A
305855000,2020-08-19T01:11:46,36.86427,-76.31476,0.0,138.2,226.0,BBC PEARL,IMO9504786,V2FY8,70,5,153,23,9.1,70,A
367821000,2020-08-19T01:15:48,36.97283,-76.43364,0.0,0.0,511.0,YANO,IMO7825409,NAQH,70,0,276,32,13.0,70,A
305176000,2020-08-19T01:14:03,37.23564,-76.15088,8.7,199.9,197.0,CELIA,IMO9344394,V2DD5,70,0,100,15,5.6,70,A
538002652,2020-08-19T01:11:30,37.18310,-76.11032,0.1,62.0,174.0,NAIAS,IMO9330800,V7KN8,70,1,225,32,14.0,70,A
538002652,2020-08-19T01:14:29,37.18308,-76.11020,0.0,96.0,176.0,NAIAS,IMO9330800,V7KN8,70,1,225,32,14.0,70,A
367078110,2020-08-19T01:12:53,36.83854,-76.28198,0.0,321.0,511.0,MARCELLE BORDELON,IMO9350379,WDJ2038,79,3,45,11,3.0,79,A
367861000,2020-08-19T01:12:00,36.94639,-76.32975,0.0,0.0,265.0,LARAMIE,IMO8906626,NLAR,80,5,193,29,,,A
366733250,2020-08-19T01:11:42,37.23696,-76.46596,6.0,111.7,511.0,ATLANTIC SURVEYOR,,WTR5417,70,15,31,7,,,A
477196100,2020-08-19T01:12:43,37.19870,-76.13414,0.1,95.2,169.0,DARYA MA,IMO9591674,VRJH5,70,1,229,32,14.5,,A
367078110,2020-08-19T01:14:02,36.83855,-76.28198,0.0,278.0,511.0,MARCELLE BORDELON,IMO9350379,WDJ2038,79,3,45,11,3.0,79,A
538006982,2020-08-19T01:14:53,37.20766,-76.12310,0.0,71.3,180.0,ANTE TOPIC,IMO9737072,V7TR4,70,1,,,,,A
367821000,2020-08-19T01:13:27,36.97283,-76.43364,0.0,0.0,511.0,YANO,IMO7825409,NAQH,70,0,276,32,13.0,70,A
367822000,2020-08-19T01:14:55,36.97309,-76.43384,0.0,0.0,239.0,USNS SHUGHART,IMO7825394,NAOQ,70,5,276,32,13.0,70,A
305855000,2020-08-19T01:17:46,36.86428,-76.31478,0.0,55.3,227.0,BBC PEARL,IMO9504786,V2FY8,70,5,153,23,9.1,70,A
366733250,2020-08-19T01:17:42,37.23785,-76.45471,5.0,45.7,511.0,ATLANTIC SURVEYOR,,WTR5417,70,15,31,7,,,A
366733250,2020-08-19T01:18:52,37.23901,-76.45327,5.0,44.8,511.0,ATLANTIC SURVEYOR,,WTR5417,70,15,31,7,,,A
367078110,2020-08-19T01:16:13,36.83855,-76.28199,0.0,296.0,511.0,MARCELLE BORDELON,IMO9350379,WDJ2038,79,3,45,11,3.0,79,A
367078110,2020-08-19T01:19:44,36.83856,-76.28199,0.0,327.0,511.0,MARCELLE BORDELON,IMO9350379,WDJ2038,79,3,45,11,3.0,79,A
367821000,2020-08-19T01:14:38,36.97283,-76.43364,0.0,0.0,511.0,YANO,IMO7825409,NAQH,70,0,276,32,13.0,70,A
305176000,2020-08-19T01:15:14,37.23298,-76.15211,8.7,199.8,197.0,CELIA,IMO9344394,V2DD5,70,0,100,15,5.6,70,A
305855000,2020-08-19T01:20:45,36.86429,-76.31474,0.0,54.9,227.0,BBC PEARL,IMO9504786,V2FY8,70,5,153,23,9.1,70,A
215677000,2020-08-19T01:20:59,37.23949,-76.11702,0.1,71.8,178.0,RIZE,IMO9584035,9HA2781,70,1,229,32,14.5,,A
367821000,2020-08-19T01:16:57,36.97283,-76.43364,0.0,0.0,511.0,YANO,IMO7825409,NAQH,70,0,276,32,13.0,70,A
305855000,2020-08-19T01:14:46,36.86429,-76.31477,0.0,90.6,227.0,BBC PEARL,IMO9504786,V2FY8,70,5,153,23,9.1,70,A
477196100,2020-08-19T01:21:41,37.19871,-76.13379,0.1,65.4,181.0,DARYA MA,IMO9591674,VRJH5,70,1,229,32,14.5,,A
368026000,2020-08-19T01:21:21,36.86577,-76.31605,0.0,19.1,2.0,BENAVIDEZ,IMO9218210,NBHG,70,5,289,32,10.9,70,A
538006982,2020-08-19T01:17:53,37.20765,-76.12312,0.0,90.0,180.0,ANTE TOPIC,IMO9737072,V7TR4,70,1,,,,,A
305176000,2020-08-19T01:16:37,37.22981,-76.15350,8.3,188.9,181.0,CELIA,IMO9344394,V2DD5,70,0,100,15,5.6,70,A
367822000,2020-08-19T01:20:55,36.97310,-76.43384,0.0,0.0,239.0,USNS SHUGHART,IMO7825394,NAOQ,70,5,276,32,13.0,70,A
366839000,2020-08-19T01:15:57,36.85348,-76.31083,0.0,0.0,39.0,CAPE RISE,IMO7530808,KAFG,70,5,197,32,10.0,,A
305176000,2020-08-19T01:17:55,37.22681,-76.15369,8.4,183.0,182.0,CELIA,IMO9344394,V2DD5,70,0,100,15,5.6,70,A
215677000,2020-08-19T01:23:55,37.23949,-76.11701,0.1,71.8,179.0,RIZE,IMO9584035,9HA2781,70,1,229,32,14.5,,A
538002652,2020-08-19T01:17:29,37.18317,-76.11025,0.0,96.0,175.0,NAIAS,IMO9330800,V7KN8,70,1,225,32,14.0,70,A
477196100,2020-08-19T01:18:45,37.19873,-76.13387,0.1,65.4,177.0,DARYA MA,IMO9591674,VRJH5,70,1,229,32,14.5,,A
368026000,2020-08-19T01:24:20,36.86578,-76.31602,0.0,19.1,2.0,BENAVIDEZ,IMO9218210,NBHG,70,5,289,32,10.9,70,A
538006982,2020-08-19T01:23:53,37.20767,-76.12308,0.1,91.8,180.0,ANTE TOPIC,IMO9737072,V7TR4,70,1,,,,,A
367821000,2020-08-19T01:18:08,36.97283,-76.43364,0.0,0.0,511.0,YANO,IMO7825409,NAQH,70,0,276,32,13.0,70,A
367861000,2020-08-19T01:17:59,36.94635,-76.32982,0.0,0.0,265.0,LARAMIE,IMO8906626,NLAR,80,5,193,29,,,A
366733250,2020-08-19T01:16:31,37.23661,-76.45631,5.8,47.9,511.0,ATLANTIC SURVEYOR,,WTR5417,70,15,31,7,,,A
305176000,2020-08-19T01:19:15,37.22367,-76.15381,8.5,181.3,180.0,CELIA,IMO9344394,V2DD5,70,0,100,15,5.6,70,A
366839000,2020-08-19T01:18:58,36.85348,-76.31081,0.0,0.0,39.0,CAPE RISE,IMO7530808,KAFG,70,5,197,32,10.0,,A
368026000,2020-08-19T01:18:20,36.86575,-76.31604,0.0,19.1,2.0,BENAVIDEZ,IMO9218210,NBHG,70,5,289,32,10.9,70,A
366733250,2020-08-19T01:24:22,37.23829,-76.45831,4.8,98.6,511.0,ATLANTIC SURVEYOR,,WTR5417,70,15,31,7,,,A
366733250,2020-08-19T01:23:11,37.23980,-76.45821,7.3,240.2,511.0,ATLANTIC SURVEYOR,,WTR5417,70,15,31,7,,,A
215677000,2020-08-19T01:17:56,37.23948,-76.11702,0.1,71.8,177.0,RIZE,IMO9584035,9HA2781,70,1,229,32,14.5,,A
367821000,2020-08-19T01:19:17,36.97283,-76.43365,0.0,0.0,511.0,YANO,IMO7825409,NAQH,70,0,276,32,13.0,70,A
367932000,2020-08-19T01:20:17,36.94919,-76.32967,0.0,107.0,279.0,JOHN LENTHALL,IMO8325547,NJLN,80,5,193,29,,,A
367078110,2020-08-19T01:18:34,36.83854,-76.28200,0.0,349.0,511.0,MARCELLE BORDELON,IMO9350379,WDJ2038,79,3,45,11,3.0,79,A
305176000,2020-08-19T01:23:34,37.21327,-76.15408,8.6,181.6,180.0,CELIA,IMO9344394,V2DD5,70,0,100,15,5.6,70,A
305176000,2020-08-19T01:22:15,37.21649,-76.15398,8.7,181.2,180.0,CELIA,IMO9344394,V2DD5,70,0,100,15,5.6,70,A
367078110,2020-08-19T01:22:03,36.83856,-76.28199,0.0,292.0,511.0,MARCELLE BORDELON,IMO9350379,WDJ2038,79,3,45,11,3.0,79,A
366733250,2020-08-19T01:20:21,37.24080,-76.45185,5.6,328.5,511.0,ATLANTIC SURVEYOR,,WTR5417,70,15,31,7,,,A
367078110,2020-08-19T01:27:23,36.83854,-76.28198,0.0,296.0,511.0,MARCELLE BORDELON,IMO9350379,WDJ2038,79,3,45,11,3.0,79,A
367821000,2020-08-19T01:20:18,36.97284,-76.43365,0.0,0.0,511.0,YANO,IMO7825409,NAQH,70,0,276,32,13.0,70,A
305855000,2020-08-19T01:23:46,36.86426,-76.31477,0.0,54.9,227.0,BBC PEARL,IMO9504786,V2FY8,70,5,153,23,9.1,70,A
538006982,2020-08-19T01:20:53,37.20764,-76.12311,0.1,52.6,179.0,ANTE TOPIC,IMO9737072,V7TR4,70,1,,,,,A
367078110,2020-08-19T01:20:52,36.83856,-76.28198,0.0,307.0,511.0,MARCELLE BORDELON,IMO9350379,WDJ2038,79,3,45,11,3.0,79,A
538002652,2020-08-19T01:23:30,37.18312,-76.11013,0.2,83.0,175.0,NAIAS,IMO9330800,V7KN8,70,1,225,32,14.0,70,A
538002652,2020-08-19T01:20:31,37.18312,-76.11027,0.0,96.0,173.0,NAIAS,IMO9330800,V7KN8,70,1,225,32,14.0,70,A
367861000,2020-08-19T01:21:00,36.94638,-76.32977,0.0,0.0,265.0,LARAMIE,IMO8906626,NLAR,80,5,193,29,,,A
305176000,2020-08-19T01:20:55,37.21968,-76.15390,8.6,180.9,180.0,CELIA,IMO9344394,V2DD5,70,0,100,15,5.6,70,A
367932000,2020-08-19T01:23:16,36.94923,-76.32971,0.0,107.0,279.0,JOHN LENTHALL,IMO8325547,NJLN,80,5,193,29,,,A
366733250,2020-08-19T01:25:33,37.23821,-76.45601,5.3,95.0,511.0,ATLANTIC SURVEYOR,,WTR5417,70,15,31,7,,,A
305176000,2020-08-19T01:32:14,37.19280,-76.15478,8.4,181.5,180.0,CELIA,IMO9344394,V2DD5,70,0,100,15,5.6,70,A
367861000,2020-08-19T01:30:00,36.94637,-76.32983,0.0,0.0,265.0,LARAMIE,IMO8906626,NLAR,80,5,193,29,,,A
477196100,2020-08-19T01:24:45,37.19871,-76.13383,0.1,65.4,181.0,DARYA MA,IMO9591674,VRJH5,70,1,229,32,14.5,,A
367078110,2020-08-19T01:25:03,36.83855,-76.28198,0.0,319.0,511.0,MARCELLE BORDELON,IMO9350379,WDJ2038,79,3,45,11,3.0,79,A
367821000,2020-08-19T01:23:28,36.97283,-76.43365,0.0,0.0,511.0,YANO,IMO7825409,NAQH,70,0,276,32,13.0,70,A
367861000,2020-08-19T01:24:01,36.94640,-76.32983,0.0,0.0,265.0,LARAMIE,IMO8906626,NLAR,80,5,193,29,,,A
367821000,2020-08-19T01:25:48,36.97283,-76.43365,0.0,0.0,511.0,YANO,IMO7825409,NAQH,70,0,276,32,13.0,70,A
367821000,2020-08-19T01:24:38,36.97283,-76.43365,0.0,0.0,511.0,YANO,IMO7825409,NAQH,70,0,276,32,13.0,70,A
538006982,2020-08-19T01:32:53,37.20767,-76.12301,0.0,111.7,184.0,ANTE TOPIC,IMO9737072,V7TR4,70,1,,,,,A
305176000,2020-08-19T01:30:25,37.19712,-76.15462,8.4,182.3,180.0,CELIA,IMO9344394,V2DD5,70,0,100,15,5.6,70,A
367821000,2020-08-19T01:29:17,36.97285,-76.43364,0.0,0.0,511.0,YANO,IMO7825409,NAQH,70,0,276,32,13.0,70,A
538002652,2020-08-19T01:26:29,37.18313,-76.10983,0.2,97.0,182.0,NAIAS,IMO9330800,V7KN8,70,1,225,32,14.0,70,A
367078110,2020-08-19T01:26:13,36.83854,-76.28199,0.0,319.0,511.0,MARCELLE BORDELON,IMO9350379,WDJ2038,79,3,45,11,3.0,79,A
367861000,2020-08-19T01:33:01,36.94638,-76.32981,0.0,0.0,265.0,LARAMIE,IMO8906626,NLAR,80,5,193,29,,,A
366839000,2020-08-19T01:24:57,36.85352,-76.31082,0.0,0.0,39.0,CAPE RISE,IMO7530808,KAFG,70,5,197,32,10.0,,A
367932000,2020-08-19T01:26:16,36.94926,-76.32970,0.0,107.0,279.0,JOHN LENTHALL,IMO8325547,NJLN,80,5,193,29,,,A
215677000,2020-08-19T01:29:57,37.23949,-76.11693,0.1,71.8,181.0,RIZE,IMO9584035,9HA2781,70,1,229,32,14.5,,A
366839000,2020-08-19T01:27:56,36.85348,-76.31085,0.0,0.0,39.0,CAPE RISE,IMO7530808,KAFG,70,5,197,32,10.0,,A
305855000,2020-08-19T01:26:47,36.86427,-76.31478,0.0,54.9,227.0,BBC PEARL,IMO9504786,V2FY8,70,5,153,23,9.1,70,A
367078110,2020-08-19T01:23:13,36.83855,-76.28199,0.0,287.0,511.0,MARCELLE BORDELON,IMO9350379,WDJ2038,79,3,45,11,3.0,79,A
366733250,2020-08-19T01:27:22,37.23805,-76.45279,4.9,93.5,511.0,ATLANTIC SURVEYOR,,WTR5417,70,15,31,7,,,A
367821000,2020-08-19T01:28:07,36.97283,-76.43365,0.0,0.0,511.0,YANO,IMO7825409,NAQH,70,0,276,32,13.0,70,A
538006982,2020-08-19T01:26:53,37.20765,-76.12302,0.1,90.4,183.0,ANTE TOPIC,IMO9737072,V7TR4,70,1,,,,,A
367822000,2020-08-19T01:23:54,36.97310,-76.43384,0.0,0.0,239.0,USNS SHUGHART,IMO7825394,NAOQ,70,5,276,32,13.0,70,A
538002652,2020-08-19T01:29:30,37.18310,-76.10980,0.0,103.0,188.0,NAIAS,IMO9330800,V7KN8,70,1,225,32,14.0,70,A
368026000,2020-08-19T01:27:21,36.86575,-76.31604,0.0,19.1,2.0,BENAVIDEZ,IMO9218210,NBHG,70,5,289,32,10.9,70,A
367932000,2020-08-19T01:32:16,36.94914,-76.32966,0.0,107.0,279.0,JOHN LENTHALL,IMO8325547,NJLN,80,5,193,29,,,A
367078110,2020-08-19T01:28:52,36.83854,-76.28198,0.0,256.0,511.0,MARCELLE BORDELON,IMO9350379,WDJ2038,79,3,45,11,3.0,79,A
367078110,2020-08-19T01:30:43,36.83854,-76.28198,0.0,350.0,511.0,MARCELLE BORDELON,IMO9350379,WDJ2038,79,3,45,11,3.0,79,A
215677000,2020-08-19T01:27:01,37.23948,-76.11698,0.1,71.8,180.0,RIZE,IMO9584035,9HA2781,70,1,229,32,14.5,,A
368026000,2020-08-19T01:30:21,36.86577,-76.31603,0.0,19.1,2.0,BENAVIDEZ,IMO9218210,NBHG,70,5,289,32,10.9,70,A
367822000,2020-08-19T01:32:55,36.97309,-76.43385,0.0,0.0,239.0,USNS SHUGHART,IMO7825394,NAOQ,70,5,276,32,13.0,70,A
305176000,2020-08-19T01:26:14,37.20697,-76.15425,8.4,181.4,180.0,CELIA,IMO9344394,V2DD5,70,0,100,15,5.6,70,A
538006982,2020-08-19T01:29:53,37.20765,-76.12300,0.0,126.8,184.0,ANTE TOPIC,IMO9737072,V7TR4,70,1,,,,,A
538006982,2020-08-19T01:35:53,37.20766,-76.12301,0.1,88.3,182.0,ANTE TOPIC,IMO9737072,V7TR4,70,1,,,,,A
305855000,2020-08-19T01:29:47,36.86428,-76.31477,0.0,41.6,227.0,BBC PEARL,IMO9504786,V2FY8,70,5,153,23,9.1,70,A
366733250,2020-08-19T01:29:31,37.23850,-76.44940,5.4,17.7,511.0,ATLANTIC SURVEYOR,,WTR5417,70,15,31,7,,,A
366733250,2020-08-19T01:31:43,37.23984,-76.45091,5.2,218.1,511.0,ATLANTIC SURVEYOR,,WTR5417,70,15,31,7,,,A
367821000,2020-08-19T01:30:18,36.97284,-76.43365,0.0,0.0,511.0,YANO,IMO7825409,NAQH,70,0,276,32,13.0,70,A
477196100,2020-08-19T01:33:46,37.19872,-76.13377,0.1,78.5,178.0,DARYA MA,IMO9591674,VRJH5,70,1,229,32,14.5,,A
477196100,2020-08-19T01:27:45,37.19871,-76.13390,0.1,65.4,178.0,DARYA MA,IMO9591674,VRJH5,70,1,229,32,14.5,,A
366839000,2020-08-19T01:33:57,36.85349,-76.31079,0.0,0.0,39.0,CAPE RISE,IMO7530808,KAFG,70,5,197,32,10.0,,A
366733250,2020-08-19T01:30:41,37.24035,-76.44935,5.4,309.8,511.0,ATLANTIC SURVEYOR,,WTR5417,70,15,31,7,,,A
367822000,2020-08-19T01:26:56,36.97310,-76.43384,0.0,0.0,239.0,USNS SHUGHART,IMO7825394,NAOQ,70,5,276,32,13.0,70,A
366839000,2020-08-19T01:30:57,36.85347,-76.31082,0.0,0.0,39.0,CAPE RISE,IMO7530808,KAFG,70,5,197,32,10.0,,A
368026000,2020-08-19T01:33:21,36.86577,-76.31606,0.0,19.1,2.0,BENAVIDEZ,IMO9218210,NBHG,70,5,289,32,10.9,70,A
305176000,2020-08-19T01:28:43,37.20110,-76.15447,8.5,181.5,180.0,CELIA,IMO9344394,V2DD5,70,0,100,15,5.6,70,A
366733250,2020-08-19T01:36:22,37.23464,-76.45543,4.9,131.2,511.0,ATLANTIC SURVEYOR,,WTR5417,70,15,31,7,,,A
367932000,2020-08-19T01:35:17,36.94925,-76.32971,0.0,107.0,279.0,JOHN LENTHALL,IMO8325547,NJLN,80,5,193,29,,,A
367078110,2020-08-19T01:31:52,36.83854,-76.28198,0.0,22.0,511.0,MARCELLE BORDELON,IMO9350379,WDJ2038,79,3,45,11,3.0,79,A
366733250,2020-08-19T01:34:02,37.23747,-76.45393,5.3,223.5,511.0,ATLANTIC SURVEYOR,,WTR5417,70,15,31,7,,,A
366733250,2020-08-19T01:28:23,37.23796,-76.45106,4.9,94.4,511.0,ATLANTIC SURVEYOR,,WTR5417,70,15,31,7,,,A
367822000,2020-08-19T01:35:56,36.97309,-76.43385,0.0,0.0,239.0,USNS SHUGHART,IMO7825394,NAOQ,70,5,276,32,13.0,70,A
215677000,2020-08-19T01:33:01,37.23948,-76.11689,0.1,71.8,183.0,RIZE,IMO9584035,9HA2781,70,1,229,32,14.5,,A
367821000,2020-08-19T01:32:38,36.97284,-76.43367,0.0,0.0,511.0,YANO,IMO7825409,NAQH,70,0,276,32,13.0,70,A
366733250,2020-08-19T01:39:51,37.23575,-76.45196,5.0,343.2,511.0,ATLANTIC SURVEYOR,,WTR5417,70,15,31,7,,,A
477196100,2020-08-19T01:30:44,37.19875,-76.13389,0.0,65.4,176.0,DARYA MA,IMO9591674,VRJH5,70,1,229,32,14.5,,A
305176000,2020-08-19T01:36:25,37.18306,-76.15523,8.2,182.3,181.0,CELIA,IMO9344394,V2DD5,70,0,100,15,5.6,70,A
477196100,2020-08-19T01:39:46,37.19870,-76.13368,0.1,78.5,185.0,DARYA MA,IMO9591674,VRJH5,70,1,229,32,14.5,,A
477196100,2020-08-19T01:36:46,37.19873,-76.13368,0.1,78.5,183.0,DARYA MA,IMO9591674,VRJH5,70,1,229,32,14.5,,A
367821000,2020-08-19T01:31:27,36.97285,-76.43367,0.0,0.0,511.0,YANO,IMO7825409,NAQH,70,0,276,32,13.0,70,A
367078110,2020-08-19T01:36:43,36.83855,-76.28199,0.0,332.0,511.0,MARCELLE BORDELON,IMO9350379,WDJ2038,79,3,45,11,3.0,79,A
366733250,2020-08-19T01:32:52,37.23868,-76.45243,5.2,228.0,511.0,ATLANTIC SURVEYOR,,WTR5417,70,15,31,7,,,A
305176000,2020-08-19T01:34:45,37.18693,-76.15503,8.4,182.0,181.0,CELIA,IMO9344394,V2DD5,70,0,100,15,5.6,70,A
367078110,2020-08-19T01:38:52,36.83855,-76.28199,0.0,159.0,511.0,MARCELLE BORDELON,IMO9350379,WDJ2038,79,3,45,11,3.0,79,A
367932000,2020-08-19T01:41:17,36.94921,-76.32963,0.0,107.0,279.0,JOHN LENTHALL,IMO8325547,NJLN,80,5,193,29,,,A
215677000,2020-08-19T01:38:53,37.23949,-76.11692,0.0,71.8,183.0,RIZE,IMO9584035,9HA2781,70,1,229,32,14.5,,A
305176000,2020-08-19T01:33:25,37.19006,-76.15490,8.4,182.3,180.0,CELIA,IMO9344394,V2DD5,70,0,100,15,5.6,70,A
366839000,2020-08-19T01:36:58,36.85345,-76.31085,0.0,0.0,39.0,CAPE RISE,IMO7530808,KAFG,70,5,197,32,10.0,,A
366839000,2020-08-19T01:39:55,36.85349,-76.31083,0.0,0.0,39.0,CAPE RISE,IMO7530808,KAFG,70,5,197,32,10.0,,A
367078110,2020-08-19T01:35:23,36.83855,-76.28199,0.0,84.0,511.0,MARCELLE BORDELON,IMO9350379,WDJ2038,79,3,45,11,3.0,79,A
305855000,2020-08-19T01:35:46,36.86429,-76.31475,0.0,38.1,227.0,BBC PEARL,IMO9504786,V2FY8,70,5,153,23,9.1,70,A
305855000,2020-08-19T01:32:49,36.86428,-76.31477,0.0,116.8,227.0,BBC PEARL,IMO9504786,V2FY8,70,5,153,23,9.1,70,A
367078110,2020-08-19T01:33:43,36.83855,-76.28198,0.0,44.0,511.0,MARCELLE BORDELON,IMO9350379,WDJ2038,79,3,45,11,3.0,79,A
538002652,2020-08-19T01:41:28,37.18313,-76.10973,0.1,17.0,184.0,NAIAS,IMO9330800,V7KN8,70,1,225,32,14.0,70,A
538002652,2020-08-19T01:38:28,37.18313,-76.10993,0.1,89.0,177.0,NAIAS,IMO9330800,V7KN8,70,1,225,32,14.0,70,A
367078110,2020-08-19T01:41:13,36.83855,-76.28199,0.0,255.0,511.0,MARCELLE BORDELON,IMO9350379,WDJ2038,79,3,45,11,3.0,79,A
305176000,2020-08-19T01:41:05,37.17271,-76.15577,7.7,181.8,180.0,CELIA,IMO9344394,V2DD5,70,0,100,15,5.6,70,A
367821000,2020-08-19T01:34:57,36.97283,-76.43367,0.0,0.0,511.0,YANO,IMO7825409,NAQH,70,0,276,32,13.0,70,A
366733250,2020-08-19T01:41:01,37.23731,-76.45264,5.0,339.8,511.0,ATLANTIC SURVEYOR,,WTR5417,70,15,31,7,,,A
305855000,2020-08-19T01:38:48,36.86428,-76.31475,0.0,62.8,227.0,BBC PEARL,IMO9504786,V2FY8,70,5,153,23,9.1,70,A
305176000,2020-08-19T01:39:25,37.17632,-76.15560,7.9,182.3,180.0,CELIA,IMO9344394,V2DD5,70,0,100,15,5.6,70,A
366839000,2020-08-19T01:42:59,36.85349,-76.31081,0.0,0.0,39.0,CAPE RISE,IMO7530808,KAFG,70,5,197,32,10.0,,A
215677000,2020-08-19T01:35:57,37.23945,-76.11687,0.1,71.8,183.0,RIZE,IMO9584035,9HA2781,70,1,229,32,14.5,,A
367861000,2020-08-19T01:42:01,36.94637,-76.32984,0.0,0.0,265.0,LARAMIE,IMO8906626,NLAR,80,5,193,29,,,A
367821000,2020-08-19T01:41:07,36.97283,-76.43367,0.0,0.0,511.0,YANO,IMO7825409,NAQH,70,0,276,32,13.0,70,A
367822000,2020-08-19T01:38:54,36.97309,-76.43385,0.0,0.0,239.0,USNS SHUGHART,IMO7825394,NAOQ,70,5,276,32,13.0,70,A
368026000,2020-08-19T01:48:21,36.86577,-76.31604,0.0,19.1,2.0,BENAVIDEZ,IMO9218210,NBHG,70,5,289,32,10.9,70,A
367861000,2020-08-19T01:39:00,36.94636,-76.32982,0.0,0.0,265.0,LARAMIE,IMO8906626,NLAR,80,5,193,29,,,A
367078110,2020-08-19T01:46:52,36.83855,-76.28197,0.0,271.0,511.0,MARCELLE BORDELON,IMO9350379,WDJ2038,79,3,45,11,3.0,79,A
305176000,2020-08-19T01:38:15,37.17887,-76.15546,8.0,182.5,180.0,CELIA,IMO9344394,V2DD5,70,0,100,15,5.6,70,A
367078110,2020-08-19T01:45:32,36.83855,-76.28197,0.0,158.0,511.0,MARCELLE BORDELON,IMO9350379,WDJ2038,79,3,45,11,3.0,79,A
367932000,2020-08-19T01:38:17,36.94917,-76.32964,0.0,107.0,279.0,JOHN LENTHALL,IMO8325547,NJLN,80,5,193,29,,,A
215677000,2020-08-19T01:44:54,37.23948,-76.11691,0.1,71.8,183.0,RIZE,IMO9584035,9HA2781,70,1,229,32,14.5,,A
305176000,2020-08-19T01:48:25,37.15690,-76.15675,7.8,182.9,180.0,CELIA,IMO9344394,V2DD5,70,0,100,15,5.6,70,A
367861000,2020-08-19T01:45:01,36.94642,-76.32983,0.0,0.0,265.0,LARAMIE,IMO8906626,NLAR,80,5,193,29,,,A
366733250,2020-08-19T01:37:43,37.23394,-76.45312,5.7,101.8,511.0,ATLANTIC SURVEYOR,,WTR5417,70,15,31,7,,,A
538006982,2020-08-19T01:41:53,37.20767,-76.12290,0.1,114.4,186.0,ANTE TOPIC,IMO9737072,V7TR4,70,1,,,,,A
538006982,2020-08-19T01:38:53,37.20767,-76.12297,0.1,80.7,183.0,ANTE TOPIC,IMO9737072,V7TR4,70,1,,,,,A
538006982,2020-08-19T01:50:53,37.20770,-76.12293,0.1,85.0,184.0,ANTE TOPIC,IMO9737072,V7TR4,70,1,,,,,A
368026000,2020-08-19T01:51:22,36.86577,-76.31607,0.0,19.1,2.0,BENAVIDEZ,IMO9218210,NBHG,70,5,289,32,10.9,70,A
368026000,2020-08-19T01:39:20,36.86574,-76.31603,0.0,19.1,2.0,BENAVIDEZ,IMO9218210,NBHG,70,5,289,32,10.9,70,A
305176000,2020-08-19T01:52:55,37.14737,-76.15613,7.5,144.9,149.0,CELIA,IMO9344394,V2DD5,70,0,100,15,5.6,70,A
367932000,2020-08-19T01:47:17,36.94914,-76.32966,0.0,107.0,279.0,JOHN LENTHALL,IMO8325547,NJLN,80,5,193,29,,,A
366839000,2020-08-19T01:45:58,36.85349,-76.31078,0.0,0.0,39.0,CAPE RISE,IMO7530808,KAFG,70,5,197,32,10.0,,A
367078110,2020-08-19T01:49:03,36.83854,-76.28198,0.0,327.0,511.0,MARCELLE BORDELON,IMO9350379,WDJ2038,79,3,45,11,3.0,79,A
367861000,2020-08-19T01:48:00,36.94639,-76.32978,0.0,0.0,265.0,LARAMIE,IMO8906626,NLAR,80,5,193,29,,,A
367821000,2020-08-19T01:45:37,36.97283,-76.43367,0.0,0.0,511.0,YANO,IMO7825409,NAQH,70,0,276,32,13.0,70,A
367821000,2020-08-19T01:39:57,36.97284,-76.43367,0.0,0.0,511.0,YANO,IMO7825409,NAQH,70,0,276,32,13.0,70,A
477196100,2020-08-19T01:42:47,37.19869,-76.13378,0.1,78.5,183.0,DARYA MA,IMO9591674,VRJH5,70,1,229,32,14.5,,A
305855000,2020-08-19T01:47:47,36.86429,-76.31476,0.0,163.0,226.0,BBC PEARL,IMO9504786,V2FY8,70,5,153,23,9.1,70,A
538006982,2020-08-19T01:47:53,37.20769,-76.12295,0.0,314.4,185.0,ANTE TOPIC,IMO9737072,V7TR4,70,1,,,,,A
305176000,2020-08-19T01:44:25,37.16555,-76.15621,7.6,183.0,180.0,CELIA,IMO9344394,V2DD5,70,0,100,15,5.6,70,A
215677000,2020-08-19T01:41:57,37.23948,-76.11690,0.0,71.8,183.0,RIZE,IMO9584035,9HA2781,70,1,229,32,14.5,,A
366733250,2020-08-19T01:43:12,37.24021,-76.45397,5.0,340.0,511.0,ATLANTIC SURVEYOR,,WTR5417,70,15,31,7,,,A
366733250,2020-08-19T01:42:02,37.23865,-76.45324,5.0,340.0,511.0,ATLANTIC SURVEYOR,,WTR5417,70,15,31,7,,,A
477196100,2020-08-19T01:48:47,37.19874,-76.13382,0.1,78.5,177.0,DARYA MA,IMO9591674,VRJH5,70,1,229,32,14.5,,A
367822000,2020-08-19T01:41:55,36.97309,-76.43384,0.0,0.0,239.0,USNS SHUGHART,IMO7825394,NAOQ,70,5,276,32,13.0,70,A
305176000,2020-08-19T01:45:44,37.16276,-76.15639,7.7,182.6,180.0,CELIA,IMO9344394,V2DD5,70,0,100,15,5.6,70,A
305176000,2020-08-19T01:42:44,37.16917,-76.15599,7.6,182.7,180.0,CELIA,IMO9344394,V2DD5,70,0,100,15,5.6,70,A
367078110,2020-08-19T01:43:52,36.83855,-76.28198,0.0,346.0,511.0,MARCELLE BORDELON,IMO9350379,WDJ2038,79,3,45,11,3.0,79,A
305855000,2020-08-19T01:41:46,36.86429,-76.31476,0.0,25.9,227.0,BBC PEARL,IMO9504786,V2FY8,70,5,153,23,9.1,70,A
367821000,2020-08-19T01:43:17,36.97283,-76.43367,0.0,0.0,511.0,YANO,IMO7825409,NAQH,70,0,276,32,13.0,70,A
367932000,2020-08-19T01:44:16,36.94917,-76.32966,0.0,107.0,279.0,JOHN LENTHALL,IMO8325547,NJLN,80,5,193,29,,,A
538002652,2020-08-19T01:44:30,37.18313,-76.10967,0.0,67.0,193.0,NAIAS,IMO9330800,V7KN8,70,1,225,32,14.0,70,A
366733250,2020-08-19T01:44:52,37.24100,-76.45151,7.0,92.1,511.0,ATLANTIC SURVEYOR,,WTR5417,70,15,31,7,,,A
305855000,2020-08-19T01:44:49,36.86428,-76.31476,0.0,21.8,226.0,BBC PEARL,IMO9504786,V2FY8,70,5,153,23,9.1,70,A
367821000,2020-08-19T01:51:28,36.97283,-76.43367,0.0,0.0,511.0,YANO,IMO7825409,NAQH,70,0,276,32,13.0,70,A
305176000,2020-08-19T01:47:05,37.15980,-76.15657,7.8,182.5,180.0,CELIA,IMO9344394,V2DD5,70,0,100,15,5.6,70,A
366733250,2020-08-19T01:46:01,37.24094,-76.44864,7.1,91.1,511.0,ATLANTIC SURVEYOR,,WTR5417,70,15,31,7,,,A
366839000,2020-08-19T01:51:53,36.85350,-76.31082,0.0,0.0,39.0,CAPE RISE,IMO7530808,KAFG,70,5,197,32,10.0,,A
305855000,2020-08-19T01:53:45,36.86429,-76.31476,0.0,15.9,226.0,BBC PEARL,IMO9504786,V2FY8,70,5,153,23,9.1,70,A
367078110,2020-08-19T01:51:22,36.83855,-76.28198,0.0,270.0,511.0,MARCELLE BORDELON,IMO9350379,WDJ2038,79,3,45,11,3.0,79,A
366839000,2020-08-19T01:55:02,36.85350,-76.31087,0.0,0.0,39.0,CAPE RISE,IMO7530808,KAFG,70,5,197,32,10.0,,A
366839000,2020-08-19T01:49:01,36.85351,-76.31083,0.0,0.0,39.0,CAPE RISE,IMO7530808,KAFG,70,5,197,32,10.0,,A
366733250,2020-08-19T01:55:12,37.23834,-76.43674,5.0,252.3,511.0,ATLANTIC SURVEYOR,,WTR5417,70,15,31,7,,,A
538006982,2020-08-19T01:56:53,37.20772,-76.12276,0.0,111.6,190.0,ANTE TOPIC,IMO9737072,V7TR4,70,1,,,,,A
215677000,2020-08-19T01:47:56,37.23947,-76.11690,0.1,71.8,183.0,RIZE,IMO9584035,9HA2781,70,1,229,32,14.5,,A
367821000,2020-08-19T01:44:27,36.97283,-76.43367,0.0,0.0,511.0,YANO,IMO7825409,NAQH,70,0,276,32,13.0,70,A
538006982,2020-08-19T01:59:53,37.20770,-76.12282,0.1,307.7,190.0,ANTE TOPIC,IMO9737072,V7TR4,70,1,,,,,A
367821000,2020-08-19T01:46:48,36.97283,-76.43367,0.0,0.0,511.0,YANO,IMO7825409,NAQH,70,0,276,32,13.0,70,A
367821000,2020-08-19T01:56:38,36.97286,-76.43365,0.0,0.0,511.0,YANO,IMO7825409,NAQH,70,0,276,32,13.0,70,A
367861000,2020-08-19T01:51:01,36.94638,-76.32982,0.0,0.0,265.0,LARAMIE,IMO8906626,NLAR,80,5,193,29,,,A
367822000,2020-08-19T01:47:55,36.97309,-76.43385,0.0,0.0,239.0,USNS SHUGHART,IMO7825394,NAOQ,70,5,276,32,13.0,70,A
538002652,2020-08-19T01:47:30,37.18308,-76.10982,0.1,303.0,189.0,NAIAS,IMO9330800,V7KN8,70,1,225,32,14.0,70,A
477196100,2020-08-19T01:45:44,37.19874,-76.13387,0.1,78.5,179.0,DARYA MA,IMO9591674,VRJH5,70,1,229,32,14.5,,A
367932000,2020-08-19T01:50:16,36.94919,-76.32969,0.0,107.0,279.0,JOHN LENTHALL,IMO8325547,NJLN,80,5,193,29,,,A
215677000,2020-08-19T01:56:56,37.23946,-76.11690,0.0,71.8,183.0,RIZE,IMO9584035,9HA2781,70,1,229,32,14.5,,A
367078110,2020-08-19T01:50:12,36.83854,-76.28198,0.0,53.0,511.0,MARCELLE BORDELON,IMO9350379,WDJ2038,79,3,45,11,3.0,79,A
367821000,2020-08-19T01:49:08,36.97283,-76.43367,0.0,0.0,511.0,YANO,IMO7825409,NAQH,70,0,276,32,13.0,70,A
305855000,2020-08-19T01:56:47,36.86428,-76.31476,0.0,25.9,226.0,BBC PEARL,IMO9504786,V2FY8,70,5,153,23,9.1,70,A
366733250,2020-08-19T02:00:02,37.23648,-76.44482,5.0,254.0,511.0,ATLANTIC SURVEYOR,,WTR5417,70,15,31,7,,,A
367078110,2020-08-19T01:59:23,36.83853,-76.28198,0.0,278.0,511.0,MARCELLE BORDELON,IMO9350379,WDJ2038,79,3,45,11,3.0,79,A
305176000,2020-08-19T01:51:34,37.15000,-76.15723,7.9,184.9,175.0,CELIA,IMO9344394,V2DD5,70,0,100,15,5.6,70,A
477196100,2020-08-19T02:00:39,37.19873,-76.13371,0.1,90.9,179.0,DARYA MA,IMO9591674,VRJH5,70,1,229,32,14.5,,A
367821000,2020-08-19T01:47:57,36.97283,-76.43367,0.0,0.0,511.0,YANO,IMO7825409,NAQH,70,0,276,32,13.0,70,A
366733250,2020-08-19T01:49:42,37.24143,-76.43943,7.1,84.2,511.0,ATLANTIC SURVEYOR,,WTR5417,70,15,31,7,,,A
305176000,2020-08-19T01:50:25,37.15253,-76.15704,7.9,182.8,180.0,CELIA,IMO9344394,V2DD5,70,0,100,15,5.6,70,A
538002652,2020-08-19T01:50:29,37.18318,-76.10995,0.1,330.0,183.0,NAIAS,IMO9330800,V7KN8,70,1,225,32,14.0,70,A
477196100,2020-08-19T01:51:44,37.19872,-76.13368,0.1,90.9,182.0,DARYA MA,IMO9591674,VRJH5,70,1,229,32,14.5,,A
305176000,2020-08-19T01:55:24,37.14276,-76.15231,8.1,147.1,151.0,CELIA,IMO9344394,V2DD5,70,0,100,15,5.6,70,A
366733250,2020-08-19T01:50:52,37.24155,-76.43657,6.8,99.5,511.0,ATLANTIC SURVEYOR,,WTR5417,70,15,31,7,,,A
366733250,2020-08-19T01:53:11,37.23952,-76.43287,5.9,209.7,511.0,ATLANTIC SURVEYOR,,WTR5417,70,15,31,7,,,A
367932000,2020-08-19T01:53:16,36.94916,-76.32966,0.0,107.0,279.0,JOHN LENTHALL,IMO8325547,NJLN,80,5,193,29,,,A
366733250,2020-08-19T02:02:22,37.23558,-76.44879,5.1,254.3,511.0,ATLANTIC SURVEYOR,,WTR5417,70,15,31,7,,,A
367078110,2020-08-19T01:54:23,36.83855,-76.28198,0.0,296.0,511.0,MARCELLE BORDELON,IMO9350379,WDJ2038,79,3,45,11,3.0,79,A
367822000,2020-08-19T01:53:55,36.97309,-76.43384,0.0,0.0,239.0,USNS SHUGHART,IMO7825394,NAOQ,70,5,276,32,13.0,70,A
215677000,2020-08-19T01:50:56,37.23947,-76.11691,0.0,71.8,183.0,RIZE,IMO9584035,9HA2781,70,1,229,32,14.5,,A
367821000,2020-08-19T01:50:17,36.97283,-76.43367,0.0,0.0,511.0,YANO,IMO7825409,NAQH,70,0,276,32,13.0,70,A
367861000,2020-08-19T02:03:01,36.94636,-76.32985,0.0,0.0,265.0,LARAMIE,IMO8906626,NLAR,80,5,193,29,,,A
538002652,2020-08-19T01:53:31,37.18315,-76.10990,0.1,97.0,178.0,NAIAS,IMO9330800,V7KN8,70,1,225,32,14.0,70,A
367861000,2020-08-19T01:54:01,36.94636,-76.32986,0.0,0.0,265.0,LARAMIE,IMO8906626,NLAR,80,5,193,29,,,A
477196100,2020-08-19T01:54:39,37.19873,-76.13363,0.1,90.9,186.0,DARYA MA,IMO9591674,VRJH5,70,1,229,32,14.5,,A
367821000,2020-08-19T01:57:47,36.97286,-76.43365,0.0,0.0,511.0,YANO,IMO7825409,NAQH,70,0,276,32,13.0,70,A
368026000,2020-08-19T01:54:21,36.86575,-76.31604,0.0,19.1,2.0,BENAVIDEZ,IMO9218210,NBHG,70,5,289,32,10.9,70,A
367932000,2020-08-19T01:56:17,36.94920,-76.32976,0.0,107.0,279.0,JOHN LENTHALL,IMO8325547,NJLN,80,5,193,29,,,A
368026000,2020-08-19T01:57:21,36.86577,-76.31602,0.0,19.1,2.0,BENAVIDEZ,IMO9218210,NBHG,70,5,289,32,10.9,70,A
538006982,2020-08-19T01:53:53,37.20771,-76.12282,0.2,95.7,186.0,ANTE TOPIC,IMO9737072,V7TR4,70,1,,,,,A
538002652,2020-08-19T02:05:32,37.18315,-76.10977,0.1,343.0,188.0,NAIAS,IMO9330800,V7KN8,70,1,225,32,14.0,70,A
367078110,2020-08-19T02:04:52,36.83854,-76.28198,0.0,328.0,511.0,MARCELLE BORDELON,IMO9350379,WDJ2038,79,3,45,11,3.0,79,A
367822000,2020-08-19T01:56:55,36.97311,-76.43390,0.0,0.0,239.0,USNS SHUGHART,IMO7825394,NAOQ,70,5,276,32,13.0,70,A
367078110,2020-08-19T01:56:03,36.83854,-76.28198,0.0,265.0,511.0,MARCELLE BORDELON,IMO9350379,WDJ2038,79,3,45,11,3.0,79,A
477196100,2020-08-19T01:57:44,37.19868,-76.13374,0.1,90.9,182.0,DARYA MA,IMO9591674,VRJH5,70,1,229,32,14.5,,A
367078110,2020-08-19T01:57:43,36.83854,-76.28198,0.0,323.0,511.0,MARCELLE BORDELON,IMO9350379,WDJ2038,79,3,45,11,3.0,79,A
367822000,2020-08-19T01:59:56,36.97312,-76.43389,0.0,0.0,239.0,USNS SHUGHART,IMO7825394,NAOQ,70,5,276,32,13.0,70,A
477196100,2020-08-19T02:06:45,37.19868,-76.13329,0.1,90.1,192.0,DARYA MA,IMO9591674,VRJH5,70,1,229,32,14.5,,A
366733250,2020-08-19T01:58:12,37.23719,-76.44174,5.0,254.8,511.0,ATLANTIC SURVEYOR,,WTR5417,70,15,31,7,,,A
366733250,2020-08-19T02:04:41,37.23468,-76.45276,5.0,253.7,511.0,ATLANTIC SURVEYOR,,WTR5417,70,15,31,7,,,A
305176000,2020-08-19T02:04:55,37.12467,-76.13777,8.1,147.8,150.0,CELIA,IMO9344394,V2DD5,70,0,100,15,5.6,70,A
367861000,2020-08-19T01:57:01,36.94632,-76.32979,0.0,0.0,265.0,LARAMIE,IMO8906626,NLAR,80,5,193,29,,,A
305176000,2020-08-19T02:06:04,37.12245,-76.13603,8.1,147.8,150.0,CELIA,IMO9344394,V2DD5,70,0,100,15,5.6,70,A
367861000,2020-08-19T02:09:00,36.94641,-76.32981,0.0,0.0,265.0,LARAMIE,IMO8906626,NLAR,80,5,193,29,,,A
367821000,2020-08-19T02:00:08,36.97285,-76.43366,0.0,0.0,511.0,YANO,IMO7825409,NAQH,70,0,276,32,13.0,70,A
367078110,2020-08-19T02:00:03,36.83853,-76.28198,0.0,288.0,511.0,MARCELLE BORDELON,IMO9350379,WDJ2038,79,3,45,11,3.0,79,A
366733250,2020-08-19T01:59:31,37.23668,-76.44395,5.0,253.8,511.0,ATLANTIC SURVEYOR,,WTR5417,70,15,31,7,,,A
367821000,2020-08-19T01:59:38,36.97285,-76.43365,0.0,0.0,511.0,YANO,IMO7825409,NAQH,70,0,276,32,13.0,70,A
367821000,2020-08-19T02:07:08,36.97284,-76.43365,0.0,0.0,511.0,YANO,IMO7825409,NAQH,70,0,276,32,13.0,70,A
367078110,2020-08-19T02:10:52,36.83854,-76.28198,0.0,218.0,511.0,MARCELLE BORDELON,IMO9350379,WDJ2038,79,3,45,11,3.0,79,A
367078110,2020-08-19T02:02:23,36.83854,-76.28198,0.0,356.0,511.0,MARCELLE BORDELON,IMO9350379,WDJ2038,79,3,45,11,3.0,79,A
368026000,2020-08-19T02:00:21,36.86576,-76.31603,0.0,19.1,2.0,BENAVIDEZ,IMO9218210,NBHG,70,5,289,32,10.9,70,A
368026000,2020-08-19T02:03:22,36.86575,-76.31606,0.0,19.1,2.0,BENAVIDEZ,IMO9218210,NBHG,70,5,289,32,10.9,70,A
367822000,2020-08-19T02:08:54,36.97312,-76.43387,0.0,0.0,239.0,USNS SHUGHART,IMO7825394,NAOQ,70,5,276,32,13.0,70,A
305855000,2020-08-19T02:11:48,36.86428,-76.31477,0.0,48.0,226.0,BBC PEARL,IMO9504786,V2FY8,70,5,153,23,9.1,70,A
367861000,2020-08-19T02:00:00,36.94640,-76.32983,0.0,0.0,265.0,LARAMIE,IMO8906626,NLAR,80,5,193,29,,,A
215677000,2020-08-19T01:59:58,37.23948,-76.11690,0.1,71.8,183.0,RIZE,IMO9584035,9HA2781,70,1,229,32,14.5,,A
215677000,2020-08-19T02:12:00,37.23949,-76.11689,0.0,71.8,183.0,RIZE,IMO9584035,9HA2781,70,1,229,32,14.5,,A
366733250,2020-08-19T02:01:11,37.23605,-76.44675,5.0,254.3,511.0,ATLANTIC SURVEYOR,,WTR5417,70,15,31,7,,,A
367821000,2020-08-19T02:12:57,36.97283,-76.43365,0.0,0.0,511.0,YANO,IMO7825409,NAQH,70,0,276,32,13.0,70,A
305176000,2020-08-19T02:02:34,37.12918,-76.14133,8.0,147.4,150.0,CELIA,IMO9344394,V2DD5,70,0,100,15,5.6,70,A
305176000,2020-08-19T01:59:14,37.13548,-76.14641,8.1,146.8,150.0,CELIA,IMO9344394,V2DD5,70,0,100,15,5.6,70,A
538006982,2020-08-19T02:02:53,37.20773,-76.12288,0.1,65.4,187.0,ANTE TOPIC,IMO9737072,V7TR4,70,1,,,,,A
366839000,2020-08-19T02:01:00,36.85350,-76.31081,0.0,0.0,39.0,CAPE RISE,IMO7530808,KAFG,70,5,197,32,10.0,,A
366733250,2020-08-19T02:05:51,37.23423,-76.45476,5.1,253.4,511.0,ATLANTIC SURVEYOR,,WTR5417,70,15,31,7,,,A
367932000,2020-08-19T02:02:16,36.94922,-76.32963,0.0,107.0,279.0,JOHN LENTHALL,IMO8325547,NJLN,80,5,193,29,,,A
367078110,2020-08-19T02:06:02,36.83853,-76.28198,0.0,20.0,511.0,MARCELLE BORDELON,IMO9350379,WDJ2038,79,3,45,11,3.0,79,A
367822000,2020-08-19T02:02:54,36.97312,-76.43388,0.0,0.0,239.0,USNS SHUGHART,IMO7825394,NAOQ,70,5,276,32,13.0,70,A
367821000,2020-08-19T02:06:07,36.97284,-76.43365,0.0,0.0,511.0,YANO,IMO7825409,NAQH,70,0,276,32,13.0,70,A
477196100,2020-08-19T02:03:43,37.19870,-76.13348,0.2,102.5,183.0,DARYA MA,IMO9591674,VRJH5,70,1,229,32,14.5,,A
366733250,2020-08-19T02:07:01,37.23377,-76.45677,5.2,255.2,511.0,ATLANTIC SURVEYOR,,WTR5417,70,15,31,7,,,A
305176000,2020-08-19T02:01:15,37.13168,-76.14330,8.1,147.8,151.0,CELIA,IMO9344394,V2DD5,70,0,100,15,5.6,70,A
305176000,2020-08-19T02:00:04,37.13390,-76.14511,8.1,146.4,151.0,CELIA,IMO9344394,V2DD5,70,0,100,15,5.6,70,A
538002652,2020-08-19T01:59:30,37.18315,-76.10960,0.0,54.0,192.0,NAIAS,IMO9330800,V7KN8,70,1,225,32,14.0,70,A
367861000,2020-08-19T02:00:00,36.94640,-76.32983,0.0,0.0,265.0,LARAMIE,IMO8906626,NLAR,80,5,193,29,,,A
477196100,2020-08-19T02:12:43,37.19864,-76.13350,0.2,286.1,191.0,DARYA MA,IMO9591674,VRJH5,70,1,229,32,14.5,,A
367821000,2020-08-19T02:11:47,36.97284,-76.43365,0.0,0.0,511.0,YANO,IMO7825409,NAQH,70,0,276,32,13.0,70,A
538006982,2020-08-19T02:11:53,37.20770,-76.12274,0.1,288.3,192.0,ANTE TOPIC,IMO9737072,V7TR4,70,1,,,,,A
367822000,2020-08-19T02:14:55,36.97312,-76.43386,0.0,0.0,239.0,USNS SHUGHART,IMO7825394,NAOQ,70,5,276,32,13.0,70,A
367078110,2020-08-19T02:01:13,36.83853,-76.28198,0.0,307.0,511.0,MARCELLE BORDELON,IMO9350379,WDJ2038,79,3,45,11,3.0,79,A
538002652,2020-08-19T02:02:31,37.18308,-76.10968,0.0,238.0,191.0,NAIAS,IMO9330800,V7KN8,70,1,225,32,14.0,70,A
367821000,2020-08-19T02:02:37,36.97285,-76.43365,0.0,0.0,511.0,YANO,IMO7825409,NAQH,70,0,276,32,13.0,70,A
367078110,2020-08-19T02:09:23,36.83853,-76.28198,0.0,351.0,511.0,MARCELLE BORDELON,IMO9350379,WDJ2038,79,3,45,11,3.0,79,A
215677000,2020-08-19T02:08:55,37.23948,-76.11691,0.1,71.8,184.0,RIZE,IMO9584035,9HA2781,70,1,229,32,14.5,,A
368026000,2020-08-19T02:09:21,36.86575,-76.31606,0.0,19.1,2.0,BENAVIDEZ,IMO9218210,NBHG,70,5,289,32,10.9,70,A
215677000,2020-08-19T02:02:55,37.23947,-76.11686,0.1,71.8,184.0,RIZE,IMO9584035,9HA2781,70,1,229,32,14.5,,A
367078110,2020-08-19T02:14:52,36.83854,-76.28198,0.0,289.0,511.0,MARCELLE BORDELON,IMO9350379,WDJ2038,79,3,45,11,3.0,79,A
367821000,2020-08-19T02:15:18,36.97283,-76.43366,0.0,0.0,511.0,YANO,IMO7825409,NAQH,70,0,276,32,13.0,70,A
305855000,2020-08-19T02:02:47,36.86431,-76.31477,0.0,356.3,226.0,BBC PEARL,IMO9504786,V2FY8,70,5,153,23,9.1,70,A
368026000,2020-08-19T02:06:20,36.86578,-76.31609,0.0,19.1,2.0,BENAVIDEZ,IMO9218210,NBHG,70,5,289,32,10.9,70,A
367078110,2020-08-19T02:03:33,36.83854,-76.28198,0.0,333.0,511.0,MARCELLE BORDELON,IMO9350379,WDJ2038,79,3,45,11,3.0,79,A
305176000,2020-08-19T02:03:45,37.12693,-76.13955,8.0,147.3,150.0,CELIA,IMO9344394,V2DD5,70,0,100,15,5.6,70,A
367078110,2020-08-19T02:16:13,36.83854,-76.28198,0.0,223.0,511.0,MARCELLE BORDELON,IMO9350379,WDJ2038,79,3,45,11,3.0,79,A
366839000,2020-08-19T02:07:00,36.85348,-76.31082,0.0,0.0,39.0,CAPE RISE,IMO7530808,KAFG,70,5,197,32,10.0,,A
215677000,2020-08-19T02:05:59,37.23947,-76.11684,0.0,71.8,185.0,RIZE,IMO9584035,9HA2781,70,1,229,32,14.5,,A
367078110,2020-08-19T02:20:52,36.83854,-76.28199,0.0,351.0,511.0,MARCELLE BORDELON,IMO9350379,WDJ2038,79,3,45,11,3.0,79,A
367861000,2020-08-19T02:06:01,36.94637,-76.32985,0.0,0.0,265.0,LARAMIE,IMO8906626,NLAR,80,5,193,29,,,A
538002652,2020-08-19T02:08:31,37.18318,-76.10978,0.0,344.0,184.0,NAIAS,IMO9330800,V7KN8,70,1,225,32,14.0,70,A
538006982,2020-08-19T02:05:53,37.20773,-76.12277,0.1,85.6,188.0,ANTE TOPIC,IMO9737072,V7TR4,70,1,,,,,A
305855000,2020-08-19T02:08:49,36.86429,-76.31477,0.0,48.6,226.0,BBC PEARL,IMO9504786,V2FY8,70,5,153,23,9.1,70,A
367932000,2020-08-19T02:05:17,36.94919,-76.32963,0.0,107.0,279.0,JOHN LENTHALL,IMO8325547,NJLN,80,5,193,29,,,A
367861000,2020-08-19T02:18:01,36.94632,-76.32986,0.0,0.0,265.0,LARAMIE,IMO8906626,NLAR,80,5,193,29,,,A
367822000,2020-08-19T02:05:55,36.97312,-76.43387,0.0,0.0,239.0,USNS SHUGHART,IMO7825394,NAOQ,70,5,276,32,13.0,70,A
367821000,2020-08-19T02:08:17,36.97284,-76.43365,0.0,0.0,511.0,YANO,IMO7825409,NAQH,70,0,276,32,13.0,70,A
366839000,2020-08-19T02:09:58,36.85350,-76.31085,0.0,0.0,39.0,CAPE RISE,IMO7530808,KAFG,70,5,197,32,10.0,,A
366733250,2020-08-19T02:09:11,37.23293,-76.46053,5.2,253.2,511.0,ATLANTIC SURVEYOR,,WTR5417,70,15,31,7,,,A
305176000,2020-08-19T02:10:43,37.11358,-76.12908,8.0,148.3,152.0,CELIA,IMO9344394,V2DD5,70,0,100,15,5.6,70,A
538006982,2020-08-19T02:08:53,37.20770,-76.12268,0.0,97.9,193.0,ANTE TOPIC,IMO9737072,V7TR4,70,1,,,,,A
366839000,2020-08-19T02:18:58,36.85348,-76.31080,0.0,0.0,39.0,CAPE RISE,IMO7530808,KAFG,70,5,197,32,10.0,,A
367821000,2020-08-19T02:23:08,36.97283,-76.43366,0.0,0.0,511.0,YANO,IMO7825409,NAQH,70,0,276,32,13.0,70,A
367078110,2020-08-19T02:19:44,36.83853,-76.28199,0.0,354.0,511.0,MARCELLE BORDELON,IMO9350379,WDJ2038,79,3,45,11,3.0,79,A
367078110,2020-08-19T02:07:12,36.83853,-76.28198,0.0,71.0,511.0,MARCELLE BORDELON,IMO9350379,WDJ2038,79,3,45,11,3.0,79,A
305176000,2020-08-19T02:20:15,37.09548,-76.11653,8.0,151.3,155.0,CELIA,IMO9344394,V2DD5,70,0,100,15,5.6,70,A
368026000,2020-08-19T02:15:21,36.86576,-76.31602,0.0,19.1,2.0,BENAVIDEZ,IMO9218210,NBHG,70,5,289,32,10.9,70,A
366733250,2020-08-19T02:15:31,37.23042,-76.47141,4.8,253.6,511.0,ATLANTIC SURVEYOR,,WTR5417,70,15,31,7,,,A
367822000,2020-08-19T02:23:55,36.97311,-76.43386,0.0,0.0,239.0,USNS SHUGHART,IMO7825394,NAOQ,70,5,276,32,13.0,70,A
367822000,2020-08-19T02:11:55,36.97312,-76.43387,0.0,0.0,239.0,USNS SHUGHART,IMO7825394,NAOQ,70,5,276,32,13.0,70,A
367078110,2020-08-19T02:12:02,36.83853,-76.28199,0.0,321.0,511.0,MARCELLE BORDELON,IMO9350379,WDJ2038,79,3,45,11,3.0,79,A
305176000,2020-08-19T02:08:24,37.11799,-76.13254,8.0,147.5,150.0,CELIA,IMO9344394,V2DD5,70,0,100,15,5.6,70,A
366733250,2020-08-19T02:08:02,37.23339,-76.45851,5.2,253.7,511.0,ATLANTIC SURVEYOR,,WTR5417,70,15,31,7,,,A
305176000,2020-08-19T02:13:14,37.10882,-76.12548,7.8,151.4,155.0,CELIA,IMO9344394,V2DD5,70,0,100,15,5.6,70,A
367821000,2020-08-19T02:25:27,36.97283,-76.43366,0.0,0.0,511.0,YANO,IMO7825409,NAQH,70,0,276,32,13.0,70,A
368026000,2020-08-19T02:12:21,36.86574,-76.31608,0.0,19.1,2.0,BENAVIDEZ,IMO9218210,NBHG,70,5,289,32,10.9,70,A
367822000,2020-08-19T02:26:56,36.97311,-76.43386,0.0,0.0,239.0,USNS SHUGHART,IMO7825394,NAOQ,70,5,276,32,13.0,70,A
367078110,2020-08-19T02:08:13,36.83853,-76.28198,0.0,207.0,511.0,MARCELLE BORDELON,IMO9350379,WDJ2038,79,3,45,11,3.0,79,A
367821000,2020-08-19T02:09:27,36.97284,-76.43365,0.0,0.0,511.0,YANO,IMO7825409,NAQH,70,0,276,32,13.0,70,A
477196100,2020-08-19T02:09:41,37.19865,-76.13335,0.2,272.9,195.0,DARYA MA,IMO9591674,VRJH5,70,1,229,32,14.5,,A
367932000,2020-08-19T02:08:17,36.94917,-76.32974,0.0,107.0,279.0,JOHN LENTHALL,IMO8325547,NJLN,80,5,193,29,,,A
367932000,2020-08-19T02:26:16,36.94918,-76.32969,0.0,107.0,279.0,JOHN LENTHALL,IMO8325547,NJLN,80,5,193,29,,,A
305855000,2020-08-19T02:17:45,36.86426,-76.31476,0.0,50.7,226.0,BBC PEARL,IMO9504786,V2FY8,70,5,153,23,9.1,70,A
368026000,2020-08-19T02:24:20,36.86575,-76.31604,0.0,19.1,2.0,BENAVIDEZ,IMO9218210,NBHG,70,5,289,32,10.9,70,A
367821000,2020-08-19T02:17:37,36.97283,-76.43366,0.0,0.0,511.0,YANO,IMO7825409,NAQH,70,0,276,32,13.0,70,A
215677000,2020-08-19T02:24:00,37.23946,-76.11660,0.0,98.8,189.0,RIZE,IMO9584035,9HA2781,70,1,229,32,14.5,,A
215677000,2020-08-19T02:14:58,37.23948,-76.11680,0.1,72.7,183.0,RIZE,IMO9584035,9HA2781,70,1,229,32,14.5,,A
366733250,2020-08-19T02:14:22,37.23086,-76.46954,4.9,254.0,511.0,ATLANTIC SURVEYOR,,WTR5417,70,15,31,7,,,A
305176000,2020-08-19T02:14:15,37.10691,-76.12420,7.8,151.3,155.0,CELIA,IMO9344394,V2DD5,70,0,100,15,5.6,70,A
538006982,2020-08-19T02:14:53,37.20773,-76.12279,0.1,27.0,187.0,ANTE TOPIC,IMO9737072,V7TR4,70,1,,,,,A
366733250,2020-08-19T02:11:42,37.23192,-76.46495,5.2,254.6,511.0,ATLANTIC SURVEYOR,,WTR5417,70,15,31,7,,,A
367078110,2020-08-19T02:29:43,36.83852,-76.28200,0.0,343.6,511.0,MARCELLE BORDELON,IMO9350379,WDJ2038,79,3,45,11,3.0,79,A
367822000,2020-08-19T02:17:55,36.97312,-76.43387,0.0,0.0,239.0,USNS SHUGHART,IMO7825394,NAOQ,70,5,276,32,13.0,70,A
305176000,2020-08-19T02:16:35,37.10249,-76.12121,7.6,151.5,155.0,CELIA,IMO9344394,V2DD5,70,0,100,15,5.6,70,A
367861000,2020-08-19T02:15:00,36.94637,-76.32980,0.0,0.0,265.0,LARAMIE,IMO8906626,NLAR,80,5,193,29,,,A
305176000,2020-08-19T02:26:44,37.08280,-76.10693,8.3,144.8,149.0,CELIA,IMO9344394,V2DD5,70,0,100,15,5.6,70,A
367078110,2020-08-19T02:26:23,36.83853,-76.28199,0.0,340.0,511.0,MARCELLE BORDELON,IMO9350379,WDJ2038,79,3,45,11,3.0,79,A
477196100,2020-08-19T02:15:43,37.19873,-76.13361,0.2,313.1,186.0,DARYA MA,IMO9591674,VRJH5,70,1,229,32,14.5,,A
538002652,2020-08-19T02:11:31,37.18315,-76.10967,0.1,62.0,185.0,NAIAS,IMO9330800,V7KN8,70,1,225,32,14.0,70,A
368026000,2020-08-19T02:27:21,36.86577,-76.31603,0.0,19.1,2.0,BENAVIDEZ,IMO9218210,NBHG,70,5,289,32,10.9,70,A
367078110,2020-08-19T02:13:13,36.83854,-76.28199,0.0,285.0,511.0,MARCELLE BORDELON,IMO9350379,WDJ2038,79,3,45,11,3.0,79,A
367932000,2020-08-19T02:11:17,36.94915,-76.32965,0.0,107.0,279.0,JOHN LENTHALL,IMO8325547,NJLN,80,5,193,29,,,A
367078110,2020-08-19T02:27:32,36.83853,-76.28202,0.0,338.2,511.0,MARCELLE BORDELON,IMO9350379,WDJ2038,79,3,45,11,3.0,79,A
305176000,2020-08-19T02:11:45,37.11165,-76.12759,7.9,148.7,153.0,CELIA,IMO9344394,V2DD5,70,0,100,15,5.6,70,A
367821000,2020-08-19T02:16:28,36.97283,-76.43366,0.0,0.0,511.0,YANO,IMO7825409,NAQH,70,0,276,32,13.0,70,A
366733250,2020-08-19T02:30:32,37.23154,-76.46626,5.5,74.5,511.0,ATLANTIC SURVEYOR,,WTR5417,70,15,31,7,,,A
367821000,2020-08-19T02:18:48,36.97283,-76.43366,0.0,0.0,511.0,YANO,IMO7825409,NAQH,70,0,276,32,13.0,70,A
367932000,2020-08-19T02:14:17,36.94920,-76.32964,0.0,107.0,279.0,JOHN LENTHALL,IMO8325547,NJLN,80,5,193,29,,,A
366733250,2020-08-19T02:13:11,37.23132,-76.46755,5.1,253.7,511.0,ATLANTIC SURVEYOR,,WTR5417,70,15,31,7,,,A
305176000,2020-08-19T02:19:04,37.09778,-76.11807,7.7,151.8,155.0,CELIA,IMO9344394,V2DD5,70,0,100,15,5.6,70,A
538002652,2020-08-19T02:29:30,37.18308,-76.10950,0.0,38.0,191.0,NAIAS,IMO9330800,V7KN8,70,1,225,32,14.0,70,A
367822000,2020-08-19T02:32:56,36.97311,-76.43384,0.0,0.0,239.0,USNS SHUGHART,IMO7825394,NAOQ,70,5,276,32,13.0,70,A
538006982,2020-08-19T02:32:53,37.20779,-76.12265,0.2,105.6,188.0,ANTE TOPIC,IMO9737072,V7TR4,70,1,,,,,A
367821000,2020-08-19T02:35:28,36.97281,-76.43364,0.0,0.0,511.0,YANO,IMO7825409,NAQH,70,0,276,32,13.0,70,A
366839000,2020-08-19T02:21:58,36.85350,-76.31083,0.0,0.0,39.0,CAPE RISE,IMO7530808,KAFG,70,5,197,32,10.0,,A
215677000,2020-08-19T02:18:01,37.23947,-76.11667,0.1,98.8,187.0,RIZE,IMO9584035,9HA2781,70,1,229,32,14.5,,A
538006982,2020-08-19T02:17:53,37.20774,-76.12265,0.2,89.6,188.0,ANTE TOPIC,IMO9737072,V7TR4,70,1,,,,,A
367821000,2020-08-19T02:14:07,36.97283,-76.43365,0.0,0.0,511.0,YANO,IMO7825409,NAQH,70,0,276,32,13.0,70,A
366733250,2020-08-19T02:31:51,37.23209,-76.46387,5.3,73.7,511.0,ATLANTIC SURVEYOR,,WTR5417,70,15,31,7,,,A
305855000,2020-08-19T02:20:46,36.86429,-76.31473,0.0,50.7,226.0,BBC PEARL,IMO9504786,V2FY8,70,5,153,23,9.1,70,A
305176000,2020-08-19T02:21:25,37.09312,-76.11495,8.1,151.8,155.0,CELIA,IMO9344394,V2DD5,70,0,100,15,5.6,70,A
367821000,2020-08-19T02:21:57,36.97283,-76.43366,0.0,0.0,511.0,YANO,IMO7825409,NAQH,70,0,276,32,13.0,70,A
366733250,2020-08-19T02:35:22,37.23353,-76.45756,5.4,74.6,511.0,ATLANTIC SURVEYOR,,WTR5417,70,15,31,7,,,A
367078110,2020-08-19T02:23:02,36.83852,-76.28199,0.0,21.0,511.0,MARCELLE BORDELON,IMO9350379,WDJ2038,79,3,45,11,3.0,79,A
305176000,2020-08-19T02:15:24,37.10469,-76.12270,7.7,152.0,155.0,CELIA,IMO9344394,V2DD5,70,0,100,15,5.6,70,A
367078110,2020-08-19T02:21:53,36.83853,-76.28199,0.0,58.0,511.0,MARCELLE BORDELON,IMO9350379,WDJ2038,79,3,45,11,3.0,79,A
538002652,2020-08-19T02:17:28,37.18315,-76.10957,0.0,132.0,191.0,NAIAS,IMO9330800,V7KN8,70,1,225,32,14.0,70,A
305855000,2020-08-19T02:23:49,36.86428,-76.31477,0.0,50.7,226.0,BBC PEARL,IMO9504786,V2FY8,70,5,153,23,9.1,70,A
305176000,2020-08-19T02:22:33,37.09085,-76.11344,8.1,151.5,155.0,CELIA,IMO9344394,V2DD5,70,0,100,15,5.6,70,A
367078110,2020-08-19T02:17:22,36.83854,-76.28198,0.0,220.0,511.0,MARCELLE BORDELON,IMO9350379,WDJ2038,79,3,45,11,3.0,79,A
538002652,2020-08-19T02:23:30,37.18312,-76.10957,0.0,132.0,188.0,NAIAS,IMO9330800,V7KN8,70,1,225,32,14.0,70,A
477196100,2020-08-19T02:18:43,37.19873,-76.13365,0.1,312.6,181.0,DARYA MA,IMO9591674,VRJH5,70,1,229,32,14.5,,A
366733250,2020-08-19T02:33:02,37.23257,-76.46177,5.3,74.3,511.0,ATLANTIC SURVEYOR,,WTR5417,70,15,31,7,,,A
366839000,2020-08-19T02:24:57,36.85353,-76.31084,0.0,0.0,39.0,CAPE RISE,IMO7530808,KAFG,70,5,197,32,10.0,,A
367821000,2020-08-19T02:20:07,36.97283,-76.43366,0.0,0.0,511.0,YANO,IMO7825409,NAQH,70,0,276,32,13.0,70,A
477196100,2020-08-19T02:24:44,37.19867,-76.13341,0.1,107.8,185.0,DARYA MA,IMO9591674,VRJH5,70,1,229,32,14.5,,A
538002652,2020-08-19T02:26:28,37.18317,-76.10953,0.0,14.0,189.0,NAIAS,IMO9330800,V7KN8,70,1,225,32,14.0,70,A
366839000,2020-08-19T02:34:01,36.85353,-76.31084,0.0,0.0,39.0,CAPE RISE,IMO7530808,KAFG,70,5,197,32,10.0,,A
367078110,2020-08-19T02:41:02,36.83854,-76.28199,0.0,238.0,511.0,MARCELLE BORDELON,IMO9350379,WDJ2038,79,3,45,11,3.0,79,A
538002652,2020-08-19T02:35:29,37.18307,-76.10948,0.0,353.0,192.0,NAIAS,IMO9330800,V7KN8,70,1,225,32,14.0,70,A
538006982,2020-08-19T02:23:53,37.20767,-76.12248,0.2,281.6,203.0,ANTE TOPIC,IMO9737072,V7TR4,70,1,,,,,A
367932000,2020-08-19T02:38:17,36.94917,-76.32970,0.0,107.0,279.0,JOHN LENTHALL,IMO8325547,NJLN,80,5,193,29,,,A
305176000,2020-08-19T02:23:44,37.08848,-76.11187,8.1,153.0,153.0,CELIA,IMO9344394,V2DD5,70,0,100,15,5.6,70,A
367932000,2020-08-19T02:17:18,36.94919,-76.32961,0.0,107.0,279.0,JOHN LENTHALL,IMO8325547,NJLN,80,5,193,29,,,A
368026000,2020-08-19T02:18:21,36.86576,-76.31608,0.0,19.1,2.0,BENAVIDEZ,IMO9218210,NBHG,70,5,289,32,10.9,70,A
367078110,2020-08-19T02:18:33,36.83854,-76.28198,0.0,7.0,511.0,MARCELLE BORDELON,IMO9350379,WDJ2038,79,3,45,11,3.0,79,A
366733250,2020-08-19T02:28:11,37.23053,-76.47068,5.6,74.4,511.0,ATLANTIC SURVEYOR,,WTR5417,70,15,31,7,,,A
215677000,2020-08-19T02:26:57,37.23947,-76.11659,0.1,98.8,188.0,RIZE,IMO9584035,9HA2781,70,1,229,32,14.5,,A
367861000,2020-08-19T02:30:00,36.94636,-76.32988,0.0,0.0,265.0,LARAMIE,IMO8906626,NLAR,80,5,193,29,,,A
367861000,2020-08-19T02:27:00,36.94637,-76.32982,0.0,0.0,265.0,LARAMIE,IMO8906626,NLAR,80,5,193,29,,,A
305176000,2020-08-19T02:28:34,37.07923,-76.10389,8.5,143.7,146.0,CELIA,IMO9344394,V2DD5,70,0,100,15,5.6,70,A
367822000,2020-08-19T02:29:55,36.97316,-76.43386,0.0,0.0,239.0,USNS SHUGHART,IMO7825394,NAOQ,70,5,276,32,13.0,70,A
367821000,2020-08-19T02:27:57,36.97283,-76.43366,0.0,0.0,511.0,YANO,IMO7825409,NAQH,70,0,276,32,13.0,70,A
366733250,2020-08-19T02:29:22,37.23105,-76.46849,5.6,73.9,511.0,ATLANTIC SURVEYOR,,WTR5417,70,15,31,7,,,A
477196100,2020-08-19T02:30:44,37.19866,-76.13330,0.1,65.9,191.0,DARYA MA,IMO9591674,VRJH5,70,1,229,32,14.5,,A
367932000,2020-08-19T02:23:16,36.94918,-76.32965,0.0,107.0,279.0,JOHN LENTHALL,IMO8325547,NJLN,80,5,193,29,,,A
366839000,2020-08-19T02:39:59,36.85348,-76.31082,0.0,0.0,39.0,CAPE RISE,IMO7530808,KAFG,70,5,197,32,10.0,,A
367821000,2020-08-19T02:32:38,36.97280,-76.43363,0.0,0.0,511.0,YANO,IMO7825409,NAQH,70,0,276,32,13.0,70,A
367078110,2020-08-19T02:24:12,36.83852,-76.28199,0.0,330.0,511.0,MARCELLE BORDELON,IMO9350379,WDJ2038,79,3,45,11,3.0,79,A
477196100,2020-08-19T02:21:41,37.19869,-76.13356,0.1,125.4,181.0,DARYA MA,IMO9591674,VRJH5,70,1,229,32,14.5,,A
305176000,2020-08-19T02:25:34,37.08501,-76.10889,8.3,144.7,149.0,CELIA,IMO9344394,V2DD5,70,0,100,15,5.6,70,A
367821000,2020-08-19T02:29:08,36.97283,-76.43366,0.0,0.0,511.0,YANO,IMO7825409,NAQH,70,0,276,32,13.0,70,A
305176000,2020-08-19T02:30:15,37.07599,-76.10092,8.5,143.6,146.0,CELIA,IMO9344394,V2DD5,70,0,100,15,5.6,70,A
305855000,2020-08-19T02:41:46,36.86429,-76.31479,0.0,6.5,226.0,BBC PEARL,IMO9504786,V2FY8,70,5,153,23,9.1,70,A
367078110,2020-08-19T02:33:13,36.83853,-76.28196,0.0,337.1,511.0,MARCELLE BORDELON,IMO9350379,WDJ2038,79,3,45,11,3.0,79,A
367078110,2020-08-19T02:34:33,36.83853,-76.28198,0.0,204.0,511.0,MARCELLE BORDELON,IMO9350379,WDJ2038,79,3,45,11,3.0,79,A
366839000,2020-08-19T02:30:57,36.85351,-76.31084,0.0,0.0,39.0,CAPE RISE,IMO7530808,KAFG,70,5,197,32,10.0,,A
477196100,2020-08-19T02:33:41,37.19868,-76.13335,0.0,65.9,190.0,DARYA MA,IMO9591674,VRJH5,70,1,229,32,14.5,,A
367932000,2020-08-19T02:41:17,36.94915,-76.32969,0.0,107.0,279.0,JOHN LENTHALL,IMO8325547,NJLN,80,5,193,29,,,A
368026000,2020-08-19T02:30:20,36.86577,-76.31603,0.0,19.1,2.0,BENAVIDEZ,IMO9218210,NBHG,70,5,289,32,10.9,70,A
305855000,2020-08-19T02:29:48,36.86428,-76.31477,0.0,50.7,226.0,BBC PEARL,IMO9504786,V2FY8,70,5,153,23,9.1,70,A
368026000,2020-08-19T02:33:21,36.86575,-76.31605,0.0,19.1,2.0,BENAVIDEZ,IMO9218210,NBHG,70,5,289,32,10.9,70,A
477196100,2020-08-19T02:36:43,37.19871,-76.13339,0.1,65.9,189.0,DARYA MA,IMO9591674,VRJH5,70,1,229,32,14.5,,A
305176000,2020-08-19T02:35:15,37.06635,-76.09228,8.7,146.3,148.0,CELIA,IMO9344394,V2DD5,70,0,100,15,5.6,70,A
305176000,2020-08-19T02:32:15,37.07218,-76.09741,8.4,144.4,148.0,CELIA,IMO9344394,V2DD5,70,0,100,15,5.6,70,A
305176000,2020-08-19T02:46:34,37.04498,-76.07301,7.9,142.5,143.0,CELIA,IMO9344394,V2DD5,70,0,100,15,5.6,70,A
366733250,2020-08-19T02:46:22,37.23824,-76.43683,5.6,74.4,511.0,ATLANTIC SURVEYOR,,WTR5417,70,15,31,7,,,A
367932000,2020-08-19T02:35:16,36.94920,-76.32967,0.0,107.0,279.0,JOHN LENTHALL,IMO8325547,NJLN,80,5,193,29,,,A
367822000,2020-08-19T02:35:56,36.97311,-76.43383,0.0,0.0,239.0,USNS SHUGHART,IMO7825394,NAOQ,70,5,276,32,13.0,70,A
367821000,2020-08-19T02:36:47,36.97282,-76.43365,0.0,0.0,511.0,YANO,IMO7825409,NAQH,70,0,276,32,13.0,70,A
367861000,2020-08-19T02:36:00,36.94637,-76.32976,0.0,0.0,265.0,LARAMIE,IMO8906626,NLAR,80,5,193,29,,,A
367932000,2020-08-19T02:32:18,36.94922,-76.32974,0.0,107.0,279.0,JOHN LENTHALL,IMO8325547,NJLN,80,5,193,29,,,A
305855000,2020-08-19T02:35:46,36.86427,-76.31476,0.0,353.0,226.0,BBC PEARL,IMO9504786,V2FY8,70,5,153,23,9.1,70,A
367821000,2020-08-19T02:38:07,36.97282,-76.43364,0.0,0.0,511.0,YANO,IMO7825409,NAQH,70,0,276,32,13.0,70,A
366839000,2020-08-19T02:36:55,36.85347,-76.31083,0.0,0.0,39.0,CAPE RISE,IMO7530808,KAFG,70,5,197,32,10.0,,A
366733250,2020-08-19T02:38:41,37.23491,-76.45144,5.5,73.8,511.0,ATLANTIC SURVEYOR,,WTR5417,70,15,31,7,,,A
367821000,2020-08-19T02:30:18,36.97283,-76.43359,0.0,0.0,511.0,YANO,IMO7825409,NAQH,70,0,276,32,13.0,70,A
538006982,2020-08-19T02:29:53,37.20781,-76.12276,0.1,22.9,188.0,ANTE TOPIC,IMO9737072,V7TR4,70,1,,,,,A
366733250,2020-08-19T02:47:31,37.23875,-76.43464,5.7,74.3,511.0,ATLANTIC SURVEYOR,,WTR5417,70,15,31,7,,,A
538002652,2020-08-19T02:47:29,37.18307,-76.10928,0.0,87.0,197.0,NAIAS,IMO9330800,V7KN8,70,1,225,32,14.0,70,A
305176000,2020-08-19T02:49:04,37.04066,-76.06864,8.1,141.4,143.0,CELIA,IMO9344394,V2DD5,70,0,100,15,5.6,70,A
367078110,2020-08-19T02:49:22,36.83854,-76.28199,0.0,74.0,511.0,MARCELLE BORDELON,IMO9350379,WDJ2038,79,3,45,11,3.0,79,A
538006982,2020-08-19T02:38:53,37.20776,-76.12246,0.1,300.1,201.0,ANTE TOPIC,IMO9737072,V7TR4,70,1,,,,,A
538006982,2020-08-19T02:26:53,37.20772,-76.12270,0.2,305.9,195.0,ANTE TOPIC,IMO9737072,V7TR4,70,1,,,,,A
305176000,2020-08-19T02:40:55,37.05500,-76.08257,8.4,143.3,144.0,CELIA,IMO9344394,V2DD5,70,0,100,15,5.6,70,A
367932000,2020-08-19T02:50:18,36.94917,-76.32962,0.0,107.0,279.0,JOHN LENTHALL,IMO8325547,NJLN,80,5,193,29,,,A
367078110,2020-08-19T02:51:14,36.83854,-76.28199,0.0,8.0,511.0,MARCELLE BORDELON,IMO9350379,WDJ2038,79,3,45,11,3.0,79,A
305855000,2020-08-19T02:26:47,36.86426,-76.31476,0.0,50.7,226.0,BBC PEARL,IMO9504786,V2FY8,70,5,153,23,9.1,70,A
366733250,2020-08-19T02:50:42,37.23647,-76.43631,7.3,252.5,511.0,ATLANTIC SURVEYOR,,WTR5417,70,15,31,7,,,A
477196100,2020-08-19T02:51:44,37.19869,-76.13330,0.1,216.9,193.0,DARYA MA,IMO9591674,VRJH5,70,1,229,32,14.5,,A
538002652,2020-08-19T02:32:30,37.18302,-76.10942,0.0,38.0,192.0,NAIAS,IMO9330800,V7KN8,70,1,225,32,14.0,70,A
305855000,2020-08-19T02:32:46,36.86426,-76.31477,0.0,50.7,226.0,BBC PEARL,IMO9504786,V2FY8,70,5,153,23,9.1,70,A
477196100,2020-08-19T02:39:44,37.19868,-76.13340,0.1,216.9,188.0,DARYA MA,IMO9591674,VRJH5,70,1,229,32,14.5,,A
305176000,2020-08-19T02:51:44,37.03585,-76.06387,8.4,142.7,143.0,CELIA,IMO9344394,V2DD5,70,0,100,15,5.6,70,A
367821000,2020-08-19T02:33:47,36.97281,-76.43363,0.0,0.0,511.0,YANO,IMO7825409,NAQH,70,0,276,32,13.0,70,A
366733250,2020-08-19T02:34:12,37.23307,-76.45965,5.4,72.8,511.0,ATLANTIC SURVEYOR,,WTR5417,70,15,31,7,,,A
366839000,2020-08-19T02:51:58,36.85351,-76.31079,0.0,0.0,39.0,CAPE RISE,IMO7530808,KAFG,70,5,197,32,10.0,,A
367821000,2020-08-19T02:43:57,36.97282,-76.43363,0.0,0.0,511.0,YANO,IMO7825409,NAQH,70,0,276,32,13.0,70,A
538002652,2020-08-19T02:41:28,37.18307,-76.10937,0.0,353.0,192.0,NAIAS,IMO9330800,V7KN8,70,1,225,32,14.0,70,A
366733250,2020-08-19T02:41:42,37.23619,-76.44579,5.6,74.1,511.0,ATLANTIC SURVEYOR,,WTR5417,70,15,31,7,,,A
366733250,2020-08-19T02:43:22,37.23694,-76.44258,5.7,74.8,511.0,ATLANTIC SURVEYOR,,WTR5417,70,15,31,7,,,A
367078110,2020-08-19T02:54:53,36.83854,-76.28199,0.0,45.0,511.0,MARCELLE BORDELON,IMO9350379,WDJ2038,79,3,45,11,3.0,79,A
305176000,2020-08-19T02:42:55,37.05137,-76.07907,8.0,143.0,144.0,CELIA,IMO9344394,V2DD5,70,0,100,15,5.6,70,A
215677000,2020-08-19T02:38:57,37.23947,-76.11657,0.0,196.4,191.0,RIZE,IMO9584035,9HA2781,70,1,229,32,14.5,,A
477196100,2020-08-19T02:42:40,37.19868,-76.13337,0.1,216.9,188.0,DARYA MA,IMO9591674,VRJH5,70,1,229,32,14.5,,A
538006982,2020-08-19T02:53:53,37.20778,-76.12256,0.1,277.0,196.0,ANTE TOPIC,IMO9737072,V7TR4,70,1,,,,,A
367861000,2020-08-19T02:39:01,36.94638,-76.32981,0.0,0.0,265.0,LARAMIE,IMO8906626,NLAR,80,5,193,29,,,A
367078110,2020-08-19T02:39:13,36.83853,-76.28198,0.0,240.0,511.0,MARCELLE BORDELON,IMO9350379,WDJ2038,79,3,45,11,3.0,79,A
366839000,2020-08-19T02:42:56,36.85348,-76.31080,0.0,0.0,39.0,CAPE RISE,IMO7530808,KAFG,70,5,197,32,10.0,,A
367821000,2020-08-19T02:56:37,36.97284,-76.43362,0.0,0.0,511.0,YANO,IMO7825409,NAQH,70,0,276,32,13.0,70,A
305855000,2020-08-19T02:53:47,36.86430,-76.31480,0.0,281.4,227.0,BBC PEARL,IMO9504786,V2FY8,70,5,153,23,9.1,70,A
367078110,2020-08-19T02:57:53,36.83855,-76.28199,0.0,9.0,511.0,MARCELLE BORDELON,IMO9350379,WDJ2038,79,3,45,11,3.0,79,A
367078110,2020-08-19T02:56:32,36.83854,-76.28200,0.0,146.0,511.0,MARCELLE BORDELON,IMO9350379,WDJ2038,79,3,45,11,3.0,79,A
538006982,2020-08-19T02:56:53,37.20779,-76.12261,0.1,326.7,194.0,ANTE TOPIC,IMO9737072,V7TR4,70,1,,,,,A
367822000,2020-08-19T02:38:56,36.97311,-76.43383,0.0,0.0,239.0,USNS SHUGHART,IMO7825394,NAOQ,70,5,276,32,13.0,70,A
367078110,2020-08-19T02:43:22,36.83853,-76.28199,0.0,230.0,511.0,MARCELLE BORDELON,IMO9350379,WDJ2038,79,3,45,11,3.0,79,A
305176000,2020-08-19T02:38:35,37.05948,-76.08665,8.7,144.3,144.0,CELIA,IMO9344394,V2DD5,70,0,100,15,5.6,70,A
215677000,2020-08-19T02:29:59,37.23949,-76.11656,0.0,192.9,189.0,RIZE,IMO9584035,9HA2781,70,1,229,32,14.5,,A
305855000,2020-08-19T02:38:48,36.86428,-76.31478,0.0,6.5,226.0,BBC PEARL,IMO9504786,V2FY8,70,5,153,23,9.1,70,A
367821000,2020-08-19T02:40:08,36.97282,-76.43364,0.0,0.0,511.0,YANO,IMO7825409,NAQH,70,0,276,32,13.0,70,A
368026000,2020-08-19T02:45:21,36.86576,-76.31605,0.0,19.1,2.0,BENAVIDEZ,IMO9218210,NBHG,70,5,289,32,10.9,70,A
366839000,2020-08-19T02:46:00,36.85347,-76.31086,0.0,0.0,39.0,CAPE RISE,IMO7530808,KAFG,70,5,197,32,10.0,,A
367078110,2020-08-19T02:47:22,36.83854,-76.28199,0.0,177.0,511.0,MARCELLE BORDELON,IMO9350379,WDJ2038,79,3,45,11,3.0,79,A
367821000,2020-08-19T02:47:37,36.97283,-76.43363,0.0,0.0,511.0,YANO,IMO7825409,NAQH,70,0,276,32,13.0,70,A
367821000,2020-08-19T02:57:57,36.97284,-76.43362,0.0,0.0,511.0,YANO,IMO7825409,NAQH,70,0,276,32,13.0,70,A
538002652,2020-08-19T02:44:28,37.18305,-76.10928,0.0,87.0,196.0,NAIAS,IMO9330800,V7KN8,70,1,225,32,14.0,70,A
215677000,2020-08-19T02:47:59,37.23946,-76.11656,0.0,196.4,191.0,RIZE,IMO9584035,9HA2781,70,1,229,32,14.5,,A
367822000,2020-08-19T02:56:56,36.97311,-76.43384,0.0,0.0,239.0,USNS SHUGHART,IMO7825394,NAOQ,70,5,276,32,13.0,70,A
367932000,2020-08-19T02:47:16,36.94923,-76.32963,0.0,107.0,279.0,JOHN LENTHALL,IMO8325547,NJLN,80,5,193,29,,,A
367821000,2020-08-19T02:45:57,36.97283,-76.43363,0.0,0.0,511.0,YANO,IMO7825409,NAQH,70,0,276,32,13.0,70,A
305855000,2020-08-19T02:44:48,36.86431,-76.31476,0.0,6.5,226.0,BBC PEARL,IMO9504786,V2FY8,70,5,153,23,9.1,70,A
538006982,2020-08-19T02:44:53,37.20781,-76.12261,0.1,48.0,192.0,ANTE TOPIC,IMO9737072,V7TR4,70,1,,,,,A
416498000,2020-08-19T00:02:15,37.25684,-76.12743,13.8,16.7,18.0,EVER LYRIC,IMO9629108,BKKH,70,0,334,45,14.2,74,A
215677000,2020-08-19T02:44:57,37.23946,-76.11654,0.1,196.4,192.0,RIZE,IMO9584035,9HA2781,70,1,229,32,14.5,,A
367822000,2020-08-19T02:44:55,36.97311,-76.43384,0.0,0.0,239.0,USNS SHUGHART,IMO7825394,NAOQ,70,5,276,32,13.0,70,A
305855000,2020-08-19T02:47:49,36.86431,-76.31477,0.0,6.5,227.0,BBC PEARL,IMO9504786,V2FY8,70,5,153,23,9.1,70,A
367821000,2020-08-19T02:49:08,36.97283,-76.43362,0.0,0.0,511.0,YANO,IMO7825409,NAQH,70,0,276,32,13.0,70,A
367821000,2020-08-19T02:31:27,36.97282,-76.43360,0.0,0.0,511.0,YANO,IMO7825409,NAQH,70,0,276,32,13.0,70,A
367932000,2020-08-19T02:44:17,36.94919,-76.32975,0.0,107.0,279.0,JOHN LENTHALL,IMO8325547,NJLN,80,5,193,29,,,A
477196100,2020-08-19T02:45:43,37.19869,-76.13331,0.1,216.9,189.0,DARYA MA,IMO9591674,VRJH5,70,1,229,32,14.5,,A
367078110,2020-08-19T02:32:03,36.83853,-76.28198,0.0,0.0,511.0,MARCELLE BORDELON,IMO9350379,WDJ2038,79,3,45,11,3.0,79,A
367861000,2020-08-19T02:48:01,36.94639,-76.32979,0.0,0.0,265.0,LARAMIE,IMO8906626,NLAR,80,5,193,29,,,A
305176000,2020-08-19T02:50:35,37.03797,-76.06594,8.3,141.7,143.0,CELIA,IMO9344394,V2DD5,70,0,100,15,5.6,70,A
477196100,2020-08-19T02:48:43,37.19866,-76.13328,0.1,216.9,192.0,DARYA MA,IMO9591674,VRJH5,70,1,229,32,14.5,,A
367821000,2020-08-19T02:50:17,36.97283,-76.43362,0.0,0.0,511.0,YANO,IMO7825409,NAQH,70,0,276,32,13.0,70,A
538006982,2020-08-19T02:41:53,37.20778,-76.12258,0.1,317.5,196.0,ANTE TOPIC,IMO9737072,V7TR4,70,1,,,,,A
366839000,2020-08-19T02:48:55,36.85352,-76.31080,0.0,0.0,39.0,CAPE RISE,IMO7530808,KAFG,70,5,197,32,10.0,,A
367861000,2020-08-19T02:33:01,36.94633,-76.32979,0.0,0.0,265.0,LARAMIE,IMO8906626,NLAR,80,5,193,29,,,A
367821000,2020-08-19T03:01:17,36.97285,-76.43362,0.0,0.0,511.0,YANO,IMO7825409,NAQH,70,0,276,32,13.0,70,A
305176000,2020-08-19T02:33:34,37.06970,-76.09516,8.4,144.1,148.0,CELIA,IMO9344394,V2DD5,70,0,100,15,5.6,70,A
367822000,2020-08-19T02:41:56,36.97311,-76.43384,0.0,0.0,239.0,USNS SHUGHART,IMO7825394,NAOQ,70,5,276,32,13.0,70,A
305855000,2020-08-19T02:50:47,36.86427,-76.31477,0.0,6.5,227.0,BBC PEARL,IMO9504786,V2FY8,70,5,153,23,9.1,70,A
538006982,2020-08-19T02:47:53,37.20781,-76.12257,0.1,96.4,192.0,ANTE TOPIC,IMO9737072,V7TR4,70,1,,,,,A
367861000,2020-08-19T03:00:01,36.94642,-76.32985,0.0,0.0,265.0,LARAMIE,IMO8906626,NLAR,80,5,193,29,,,A
367821000,2020-08-19T02:52:58,36.97284,-76.43362,0.0,0.0,511.0,YANO,IMO7825409,NAQH,70,0,276,32,13.0,70,A
368026000,2020-08-19T03:03:21,36.86576,-76.31603,0.0,19.1,2.0,BENAVIDEZ,IMO9218210,NBHG,70,5,289,32,10.9,70,A
367078110,2020-08-19T02:52:53,36.83854,-76.28199,0.0,27.0,511.0,MARCELLE BORDELON,IMO9350379,WDJ2038,79,3,45,11,3.0,79,A
367861000,2020-08-19T02:45:01,36.94638,-76.32978,0.0,0.0,265.0,LARAMIE,IMO8906626,NLAR,80,5,193,29,,,A
477196100,2020-08-19T03:03:45,37.19869,-76.13337,0.1,234.5,189.0,DARYA MA,IMO9591674,VRJH5,70,1,229,32,14.5,,A
538006982,2020-08-19T02:35:53,37.20775,-76.12249,0.1,77.7,196.0,ANTE TOPIC,IMO9737072,V7TR4,70,1,,,,,A
366733250,2020-08-19T03:04:43,37.23260,-76.47141,7.3,271.2,511.0,ATLANTIC SURVEYOR,,WTR5417,70,15,31,7,,,A
305176000,2020-08-19T02:37:15,37.06222,-76.08890,9.0,147.2,148.0,CELIA,IMO9344394,V2DD5,70,0,100,15,5.6,70,A
368026000,2020-08-19T02:36:21,36.86575,-76.31604,0.0,19.1,2.0,BENAVIDEZ,IMO9218210,NBHG,70,5,289,32,10.9,70,A
368026000,2020-08-19T02:51:20,36.86577,-76.31603,0.0,19.1,2.0,BENAVIDEZ,IMO9218210,NBHG,70,5,289,32,10.9,70,A
366733250,2020-08-19T02:36:31,37.23403,-76.45545,5.4,74.0,511.0,ATLANTIC SURVEYOR,,WTR5417,70,15,31,7,,,A
366733250,2020-08-19T02:52:42,37.23511,-76.44115,7.4,248.7,511.0,ATLANTIC SURVEYOR,,WTR5417,70,15,31,7,,,A
538006982,2020-08-19T02:50:53,37.20780,-76.12254,0.0,83.0,196.0,ANTE TOPIC,IMO9737072,V7TR4,70,1,,,,,A
367078110,2020-08-19T02:38:02,36.83853,-76.28199,0.0,267.0,511.0,MARCELLE BORDELON,IMO9350379,WDJ2038,79,3,45,11,3.0,79,A
367078110,2020-08-19T03:06:03,36.83854,-76.28197,0.0,161.0,511.0,MARCELLE BORDELON,IMO9350379,WDJ2038,79,3,45,11,3.0,79,A
305176000,2020-08-19T02:47:44,37.04297,-76.07101,7.9,140.7,143.0,CELIA,IMO9344394,V2DD5,70,0,100,15,5.6,70,A
538002652,2020-08-19T02:53:29,37.18310,-76.10927,0.0,127.0,197.0,NAIAS,IMO9330800,V7KN8,70,1,225,32,14.0,70,A
477196100,2020-08-19T03:06:42,37.19871,-76.13338,0.1,234.5,189.0,DARYA MA,IMO9591674,VRJH5,70,1,229,32,14.5,,A
366733250,2020-08-19T02:56:01,37.23262,-76.44911,7.3,249.8,511.0,ATLANTIC SURVEYOR,,WTR5417,70,15,31,7,,,A
538002652,2020-08-19T02:50:31,37.18308,-76.10925,0.0,127.0,197.0,NAIAS,IMO9330800,V7KN8,70,1,225,32,14.0,70,A
366733250,2020-08-19T02:40:41,37.23577,-76.44771,5.6,73.9,511.0,ATLANTIC SURVEYOR,,WTR5417,70,15,31,7,,,A
366733250,2020-08-19T02:57:52,37.23221,-76.45371,7.4,271.1,511.0,ATLANTIC SURVEYOR,,WTR5417,70,15,31,7,,,A
368026000,2020-08-19T02:39:21,36.86575,-76.31605,0.0,19.1,2.0,BENAVIDEZ,IMO9218210,NBHG,70,5,289,32,10.9,70,A
367932000,2020-08-19T02:53:17,36.94921,-76.32964,0.0,107.0,279.0,JOHN LENTHALL,IMO8325547,NJLN,80,5,193,29,,,A
367822000,2020-08-19T02:53:55,36.97311,-76.43384,0.0,0.0,239.0,USNS SHUGHART,IMO7825394,NAOQ,70,5,276,32,13.0,70,A
367932000,2020-08-19T03:08:17,36.94913,-76.32958,0.0,107.0,279.0,JOHN LENTHALL,IMO8325547,NJLN,80,5,193,29,,,A
367932000,2020-08-19T02:56:17,36.94917,-76.32965,0.0,107.0,279.0,JOHN LENTHALL,IMO8325547,NJLN,80,5,193,29,,,A
367861000,2020-08-19T02:57:00,36.94641,-76.32975,0.0,0.0,265.0,LARAMIE,IMO8906626,NLAR,80,5,193,29,,,A
367861000,2020-08-19T02:51:00,36.94638,-76.32975,0.0,0.0,265.0,LARAMIE,IMO8906626,NLAR,80,5,193,29,,,A
215677000,2020-08-19T02:42:01,37.23945,-76.11653,0.1,196.4,191.0,RIZE,IMO9584035,9HA2781,70,1,229,32,14.5,,A
367821000,2020-08-19T03:08:28,36.97286,-76.43364,0.0,0.0,511.0,YANO,IMO7825409,NAQH,70,0,276,32,13.0,70,A
367861000,2020-08-19T02:54:01,36.94640,-76.32981,0.0,0.0,265.0,LARAMIE,IMO8906626,NLAR,80,5,193,29,,,A
367861000,2020-08-19T03:08:59,36.94639,-76.32981,0.0,0.0,265.0,LARAMIE,IMO8906626,NLAR,80,5,193,29,,,A
366733250,2020-08-19T02:44:31,37.23743,-76.44037,5.7,73.3,511.0,ATLANTIC SURVEYOR,,WTR5417,70,15,31,7,,,A
367822000,2020-08-19T02:59:55,36.97311,-76.43384,0.0,0.0,239.0,USNS SHUGHART,IMO7825394,NAOQ,70,5,276,32,13.0,70,A
368026000,2020-08-19T02:57:21,36.86577,-76.31604,0.0,19.1,2.0,BENAVIDEZ,IMO9218210,NBHG,70,5,289,32,10.9,70,A
366839000,2020-08-19T02:54:53,36.85348,-76.31084,0.0,0.0,39.0,CAPE RISE,IMO7530808,KAFG,70,5,197,32,10.0,,A
366733250,2020-08-19T02:59:11,37.23231,-76.45711,7.4,273.1,511.0,ATLANTIC SURVEYOR,,WTR5417,70,15,31,7,,,A
367078110,2020-08-19T03:09:53,36.83855,-76.28198,0.0,183.0,511.0,MARCELLE BORDELON,IMO9350379,WDJ2038,79,3,45,11,3.0,79,A
367821000,2020-08-19T02:59:17,36.97284,-76.43362,0.0,0.0,511.0,YANO,IMO7825409,NAQH,70,0,276,32,13.0,70,A
538002652,2020-08-19T02:56:29,37.18308,-76.10925,0.0,127.0,197.0,NAIAS,IMO9330800,V7KN8,70,1,225,32,14.0,70,A
215677000,2020-08-19T02:56:56,37.23943,-76.11641,0.0,196.4,193.0,RIZE,IMO9584035,9HA2781,70,1,229,32,14.5,,A
367861000,2020-08-19T03:06:01,36.94637,-76.32984,0.0,0.0,265.0,LARAMIE,IMO8906626,NLAR,80,5,193,29,,,A
367822000,2020-08-19T02:47:55,36.97311,-76.43384,0.0,0.0,239.0,USNS SHUGHART,IMO7825394,NAOQ,70,5,276,32,13.0,70,A
367078110,2020-08-19T03:01:23,36.83856,-76.28198,0.0,167.0,511.0,MARCELLE BORDELON,IMO9350379,WDJ2038,79,3,45,11,3.0,79,A
366733250,2020-08-19T02:48:42,37.23831,-76.43281,5.7,167.8,511.0,ATLANTIC SURVEYOR,,WTR5417,70,15,31,7,,,A
538006982,2020-08-19T03:11:53,37.20780,-76.12257,0.0,252.0,193.0,ANTE TOPIC,IMO9737072,V7TR4,70,1,,,,,A
367078110,2020-08-19T02:59:13,36.83854,-76.28199,0.0,23.0,511.0,MARCELLE BORDELON,IMO9350379,WDJ2038,79,3,45,11,3.0,79,A
215677000,2020-08-19T02:59:53,37.23943,-76.11641,0.1,196.4,193.0,RIZE,IMO9584035,9HA2781,70,1,229,32,14.5,,A
477196100,2020-08-19T02:57:42,37.19870,-76.13340,0.1,234.5,189.0,DARYA MA,IMO9591674,VRJH5,70,1,229,32,14.5,,A
367822000,2020-08-19T03:08:55,36.97311,-76.43385,0.0,0.0,238.0,USNS SHUGHART,IMO7825394,NAOQ,70,5,276,32,13.0,70,A
538006982,2020-08-19T02:59:53,37.20783,-76.12256,0.1,4.5,193.0,ANTE TOPIC,IMO9737072,V7TR4,70,1,,,,,A
366733250,2020-08-19T03:00:01,37.23237,-76.45925,7.4,270.5,511.0,ATLANTIC SURVEYOR,,WTR5417,70,15,31,7,,,A
367821000,2020-08-19T02:51:27,36.97284,-76.43362,0.0,0.0,511.0,YANO,IMO7825409,NAQH,70,0,276,32,13.0,70,A
215677000,2020-08-19T02:50:57,37.23947,-76.11653,0.1,196.4,190.0,RIZE,IMO9584035,9HA2781,70,1,229,32,14.5,,A
305855000,2020-08-19T03:02:47,36.86429,-76.31475,0.0,257.8,227.0,BBC PEARL,IMO9504786,V2FY8,70,5,153,23,9.1,70,A
367821000,2020-08-19T03:03:38,36.97285,-76.43361,0.0,0.0,511.0,YANO,IMO7825409,NAQH,70,0,276,32,13.0,70,A
368026000,2020-08-19T03:09:20,36.86577,-76.31604,0.0,19.1,2.0,BENAVIDEZ,IMO9218210,NBHG,70,5,289,32,10.9,70,A
366733250,2020-08-19T02:53:52,37.23422,-76.44395,7.3,248.7,511.0,ATLANTIC SURVEYOR,,WTR5417,70,15,31,7,,,A
366733250,2020-08-19T03:03:31,37.23253,-76.46837,7.4,271.8,511.0,ATLANTIC SURVEYOR,,WTR5417,70,15,31,7,,,A
215677000,2020-08-19T02:54:00,37.23945,-76.11646,0.1,196.4,192.0,RIZE,IMO9584035,9HA2781,70,1,229,32,14.5,,A
305855000,2020-08-19T03:14:47,36.86429,-76.31476,0.0,232.2,226.0,BBC PEARL,IMO9504786,V2FY8,70,5,153,23,9.1,70,A
367821000,2020-08-19T02:55:17,36.97284,-76.43362,0.0,0.0,511.0,YANO,IMO7825409,NAQH,70,0,276,32,13.0,70,A
367822000,2020-08-19T03:14:55,36.97310,-76.43385,0.0,0.0,238.0,USNS SHUGHART,IMO7825394,NAOQ,70,5,276,32,13.0,70,A
477196100,2020-08-19T03:00:41,37.19871,-76.13338,0.1,234.5,188.0,DARYA MA,IMO9591674,VRJH5,70,1,229,32,14.5,,A
368026000,2020-08-19T02:54:20,36.86576,-76.31604,0.0,19.1,2.0,BENAVIDEZ,IMO9218210,NBHG,70,5,289,32,10.9,70,A
305855000,2020-08-19T02:56:45,36.86429,-76.31479,0.0,278.0,227.0,BBC PEARL,IMO9504786,V2FY8,70,5,153,23,9.1,70,A
477196100,2020-08-19T02:54:43,37.19868,-76.13337,0.1,234.5,191.0,DARYA MA,IMO9591674,VRJH5,70,1,229,32,14.5,,A
367078110,2020-08-19T03:04:52,36.83855,-76.28197,0.0,113.0,511.0,MARCELLE BORDELON,IMO9350379,WDJ2038,79,3,45,11,3.0,79,A
366733250,2020-08-19T03:17:33,37.22863,-76.46956,5.4,56.8,511.0,ATLANTIC SURVEYOR,,WTR5417,70,15,31,7,,,A
366733250,2020-08-19T03:01:11,37.23239,-76.46228,7.4,271.4,511.0,ATLANTIC SURVEYOR,,WTR5417,70,15,31,7,,,A
367822000,2020-08-19T03:17:54,36.97310,-76.43385,0.0,0.0,238.0,USNS SHUGHART,IMO7825394,NAOQ,70,5,276,32,13.0,70,A
366733250,2020-08-19T03:02:22,37.23247,-76.46537,7.5,271.7,511.0,ATLANTIC SURVEYOR,,WTR5417,70,15,31,7,,,A
367861000,2020-08-19T03:18:00,36.94640,-76.32983,0.0,0.0,265.0,LARAMIE,IMO8906626,NLAR,80,5,193,29,,,A
367078110,2020-08-19T03:02:32,36.83857,-76.28198,0.0,57.0,511.0,MARCELLE BORDELON,IMO9350379,WDJ2038,79,3,45,11,3.0,79,A
538006982,2020-08-19T03:05:53,37.20781,-76.12257,0.1,48.6,194.0,ANTE TOPIC,IMO9737072,V7TR4,70,1,,,,,A
367822000,2020-08-19T03:11:55,36.97310,-76.43385,0.0,0.0,238.0,USNS SHUGHART,IMO7825394,NAOQ,70,5,276,32,13.0,70,A
477196100,2020-08-19T03:18:43,37.19874,-76.13343,0.0,234.5,188.0,DARYA MA,IMO9591674,VRJH5,70,1,229,32,14.5,,A
538002652,2020-08-19T03:02:30,37.18305,-76.10925,0.0,127.0,199.0,NAIAS,IMO9330800,V7KN8,70,1,225,32,14.0,70,A
538006982,2020-08-19T03:02:53,37.20780,-76.12256,0.0,151.5,193.0,ANTE TOPIC,IMO9737072,V7TR4,70,1,,,,,A
367861000,2020-08-19T03:03:01,36.94642,-76.32977,0.0,0.0,265.0,LARAMIE,IMO8906626,NLAR,80,5,193,29,,,A
305855000,2020-08-19T03:20:48,36.86427,-76.31477,0.0,228.7,226.0,BBC PEARL,IMO9504786,V2FY8,70,5,153,23,9.1,70,A
367932000,2020-08-19T03:02:18,36.94915,-76.32957,0.0,107.0,279.0,JOHN LENTHALL,IMO8325547,NJLN,80,5,193,29,,,A
366839000,2020-08-19T02:58:00,36.85350,-76.31087,0.0,0.0,39.0,CAPE RISE,IMO7530808,KAFG,70,5,197,32,10.0,,A
538002652,2020-08-19T03:08:30,37.18310,-76.10927,0.0,127.0,197.0,NAIAS,IMO9330800,V7KN8,70,1,225,32,14.0,70,A
367821000,2020-08-19T03:13:37,36.97287,-76.43363,0.0,0.0,511.0,YANO,IMO7825409,NAQH,70,0,276,32,13.0,70,A
367078110,2020-08-19T03:08:33,36.83854,-76.28197,0.0,343.0,511.0,MARCELLE BORDELON,IMO9350379,WDJ2038,79,3,45,11,3.0,79,A
367821000,2020-08-19T03:00:08,36.97284,-76.43362,0.0,0.0,511.0,YANO,IMO7825409,NAQH,70,0,276,32,13.0,70,A
538002652,2020-08-19T02:59:29,37.18308,-76.10920,0.0,127.0,198.0,NAIAS,IMO9330800,V7KN8,70,1,225,32,14.0,70,A
538002652,2020-08-19T03:14:28,37.18307,-76.10927,0.0,127.0,198.0,NAIAS,IMO9330800,V7KN8,70,1,225,32,14.0,70,A
215677000,2020-08-19T03:14:56,37.23939,-76.11628,0.0,140.9,197.0,RIZE,IMO9584035,9HA2781,70,1,229,32,14.5,,A
367822000,2020-08-19T03:23:55,36.97310,-76.43385,0.0,0.0,239.0,USNS SHUGHART,IMO7825394,NAOQ,70,5,276,32,13.0,70,A
366839000,2020-08-19T03:00:58,36.85350,-76.31080,0.0,0.0,39.0,CAPE RISE,IMO7530808,KAFG,70,5,197,32,10.0,,A
305855000,2020-08-19T03:08:48,36.86431,-76.31475,0.0,242.4,227.0,BBC PEARL,IMO9504786,V2FY8,70,5,153,23,9.1,70,A
367932000,2020-08-19T03:05:18,36.94913,-76.32958,0.0,107.0,279.0,JOHN LENTHALL,IMO8325547,NJLN,80,5,193,29,,,A
477196100,2020-08-19T03:15:44,37.19872,-76.13340,0.1,234.5,189.0,DARYA MA,IMO9591674,VRJH5,70,1,229,32,14.5,,A
215677000,2020-08-19T03:05:56,37.23943,-76.11638,0.1,196.4,193.0,RIZE,IMO9584035,9HA2781,70,1,229,32,14.5,,A
368026000,2020-08-19T03:06:21,36.86577,-76.31605,0.0,19.1,2.0,BENAVIDEZ,IMO9218210,NBHG,70,5,289,32,10.9,70,A
367821000,2020-08-19T03:05:57,36.97285,-76.43365,0.0,0.0,511.0,YANO,IMO7825409,NAQH,70,0,276,32,13.0,70,A
367932000,2020-08-19T03:11:16,36.94915,-76.32964,0.0,107.0,279.0,JOHN LENTHALL,IMO8325547,NJLN,80,5,193,29,,,A
477196100,2020-08-19T03:24:42,37.19871,-76.13351,0.1,234.5,187.0,DARYA MA,IMO9591674,VRJH5,70,1,229,32,14.5,,A
367078110,2020-08-19T03:07:22,36.83855,-76.28197,0.0,347.0,511.0,MARCELLE BORDELON,IMO9350379,WDJ2038,79,3,45,11,3.0,79,A
367821000,2020-08-19T03:07:08,36.97285,-76.43365,0.0,0.0,511.0,YANO,IMO7825409,NAQH,70,0,276,32,13.0,70,A
215677000,2020-08-19T03:02:55,37.23943,-76.11642,0.1,196.4,193.0,RIZE,IMO9584035,9HA2781,70,1,229,32,14.5,,A
305855000,2020-08-19T03:11:46,36.86431,-76.31475,0.0,315.4,227.0,BBC PEARL,IMO9504786,V2FY8,70,5,153,23,9.1,70,A
367078110,2020-08-19T03:13:33,36.83856,-76.28198,0.0,33.0,511.0,MARCELLE BORDELON,IMO9350379,WDJ2038,79,3,45,11,3.0,79,A
538002652,2020-08-19T03:05:30,37.18307,-76.10925,0.0,127.0,198.0,NAIAS,IMO9330800,V7KN8,70,1,225,32,14.0,70,A
367821000,2020-08-19T03:18:37,36.97287,-76.43363,0.0,0.0,511.0,YANO,IMO7825409,NAQH,70,0,276,32,13.0,70,A
367932000,2020-08-19T03:14:17,36.94916,-76.32967,0.0,107.0,279.0,JOHN LENTHALL,IMO8325547,NJLN,80,5,193,29,,,A
477196100,2020-08-19T03:09:43,37.19870,-76.13337,0.0,234.5,188.0,DARYA MA,IMO9591674,VRJH5,70,1,229,32,14.5,,A
367861000,2020-08-19T03:27:00,36.94644,-76.32980,0.0,0.0,265.0,LARAMIE,IMO8906626,NLAR,80,5,193,29,,,A
367078110,2020-08-19T03:11:12,36.83855,-76.28197,0.0,209.0,511.0,MARCELLE BORDELON,IMO9350379,WDJ2038,79,3,45,11,3.0,79,A
366839000,2020-08-19T03:18:53,36.85352,-76.31082,0.0,0.0,39.0,CAPE RISE,IMO7530808,KAFG,70,5,197,32,10.0,,A
367821000,2020-08-19T03:16:07,36.97287,-76.43363,0.0,0.0,511.0,YANO,IMO7825409,NAQH,70,0,276,32,13.0,70,A
538002652,2020-08-19T03:11:32,37.18310,-76.10928,0.0,127.0,196.0,NAIAS,IMO9330800,V7KN8,70,1,225,32,14.0,70,A
368026000,2020-08-19T03:12:21,36.86578,-76.31605,0.0,19.1,2.0,BENAVIDEZ,IMO9218210,NBHG,70,5,289,32,10.9,70,A
367861000,2020-08-19T03:12:00,36.94641,-76.32981,0.0,0.0,265.0,LARAMIE,IMO8906626,NLAR,80,5,193,29,,,A
367078110,2020-08-19T03:12:22,36.83855,-76.28197,0.0,215.0,511.0,MARCELLE BORDELON,IMO9350379,WDJ2038,79,3,45,11,3.0,79,A
367078110,2020-08-19T03:28:42,36.83855,-76.28197,0.0,219.0,511.0,MARCELLE BORDELON,IMO9350379,WDJ2038,79,3,45,11,3.0,79,A
538006982,2020-08-19T03:20:53,37.20780,-76.12260,0.0,280.0,194.0,ANTE TOPIC,IMO9737072,V7TR4,70,1,,,,,A
367861000,2020-08-19T03:21:01,36.94640,-76.32977,0.0,0.0,265.0,LARAMIE,IMO8906626,NLAR,80,5,193,29,,,A
367932000,2020-08-19T03:29:17,36.94914,-76.32959,0.0,107.0,279.0,JOHN LENTHALL,IMO8325547,NJLN,80,5,193,29,,,A
538006982,2020-08-19T03:08:53,37.20781,-76.12253,0.0,56.9,195.0,ANTE TOPIC,IMO9737072,V7TR4,70,1,,,,,A
367932000,2020-08-19T03:20:16,36.94919,-76.32964,0.0,107.0,279.0,JOHN LENTHALL,IMO8325547,NJLN,80,5,193,29,,,A
366839000,2020-08-19T03:09:59,36.85346,-76.31082,0.0,0.0,39.0,CAPE RISE,IMO7530808,KAFG,70,5,197,32,10.0,,A
367821000,2020-08-19T03:09:38,36.97286,-76.43364,0.0,0.0,511.0,YANO,IMO7825409,NAQH,70,0,276,32,13.0,70,A
367861000,2020-08-19T03:15:01,36.94637,-76.32985,0.0,0.0,265.0,LARAMIE,IMO8906626,NLAR,80,5,193,29,,,A
367821000,2020-08-19T03:10:58,36.97287,-76.43364,0.0,0.0,511.0,YANO,IMO7825409,NAQH,70,0,276,32,13.0,70,A
367078110,2020-08-19T03:15:52,36.83855,-76.28197,0.0,239.0,511.0,MARCELLE BORDELON,IMO9350379,WDJ2038,79,3,45,11,3.0,79,A
367078110,2020-08-19T03:17:33,36.83855,-76.28197,0.0,299.0,511.0,MARCELLE BORDELON,IMO9350379,WDJ2038,79,3,45,11,3.0,79,A
367821000,2020-08-19T03:23:37,36.97287,-76.43363,0.0,0.0,511.0,YANO,IMO7825409,NAQH,70,0,276,32,13.0,70,A
538006982,2020-08-19T03:23:53,37.20783,-76.12260,0.1,350.2,193.0,ANTE TOPIC,IMO9737072,V7TR4,70,1,,,,,A
367821000,2020-08-19T03:12:28,36.97287,-76.43364,0.0,0.0,511.0,YANO,IMO7825409,NAQH,70,0,276,32,13.0,70,A
215677000,2020-08-19T03:11:57,37.23940,-76.11628,0.1,140.9,197.0,RIZE,IMO9584035,9HA2781,70,1,229,32,14.5,,A
538002652,2020-08-19T03:23:29,37.18313,-76.10940,0.0,325.0,194.0,NAIAS,IMO9330800,V7KN8,70,1,225,32,14.0,70,A
368026000,2020-08-19T03:33:20,36.86577,-76.31607,0.0,19.1,3.0,BENAVIDEZ,IMO9218210,NBHG,70,5,289,32,10.9,70,A
368026000,2020-08-19T03:15:21,36.86575,-76.31603,0.0,19.1,2.0,BENAVIDEZ,IMO9218210,NBHG,70,5,289,32,10.9,70,A
538006982,2020-08-19T03:14:53,37.20781,-76.12255,0.1,50.2,194.0,ANTE TOPIC,IMO9737072,V7TR4,70,1,,,,,A
305855000,2020-08-19T03:32:48,36.86429,-76.31475,0.0,256.3,226.0,BBC PEARL,IMO9504786,V2FY8,70,5,153,23,9.1,70,A
305855000,2020-08-19T03:17:48,36.86429,-76.31476,0.0,230.6,226.0,BBC PEARL,IMO9504786,V2FY8,70,5,153,23,9.1,70,A
538002652,2020-08-19T03:17:30,37.18307,-76.10932,0.0,284.0,197.0,NAIAS,IMO9330800,V7KN8,70,1,225,32,14.0,70,A
368026000,2020-08-19T03:18:21,36.86575,-76.31603,0.0,19.1,3.0,BENAVIDEZ,IMO9218210,NBHG,70,5,289,32,10.9,70,A
538006982,2020-08-19T03:17:53,37.20782,-76.12256,0.0,3.7,194.0,ANTE TOPIC,IMO9737072,V7TR4,70,1,,,,,A
366733250,2020-08-19T03:16:22,37.22809,-76.47151,5.7,103.1,511.0,ATLANTIC SURVEYOR,,WTR5417,70,15,31,7,,,A
367078110,2020-08-19T03:14:43,36.83855,-76.28197,0.0,270.0,511.0,MARCELLE BORDELON,IMO9350379,WDJ2038,79,3,45,11,3.0,79,A
538002652,2020-08-19T03:26:30,37.18310,-76.10937,0.0,325.0,194.0,NAIAS,IMO9330800,V7KN8,70,1,225,32,14.0,70,A
367821000,2020-08-19T03:14:57,36.97287,-76.43363,0.0,0.0,511.0,YANO,IMO7825409,NAQH,70,0,276,32,13.0,70,A
215677000,2020-08-19T03:17:55,37.23939,-76.11626,0.1,166.7,197.0,RIZE,IMO9584035,9HA2781,70,1,229,32,14.5,,A
366733250,2020-08-19T03:19:12,37.22825,-76.46774,3.5,198.7,511.0,ATLANTIC SURVEYOR,,WTR5417,70,15,31,7,,,A
367932000,2020-08-19T03:26:16,36.94913,-76.32958,0.0,107.0,279.0,JOHN LENTHALL,IMO8325547,NJLN,80,5,193,29,,,A
367078110,2020-08-19T03:20:23,36.83855,-76.28197,0.0,174.0,511.0,MARCELLE BORDELON,IMO9350379,WDJ2038,79,3,45,11,3.0,79,A
367821000,2020-08-19T03:29:08,36.97287,-76.43363,0.0,0.0,511.0,YANO,IMO7825409,NAQH,70,0,276,32,13.0,70,A
367821000,2020-08-19T03:21:08,36.97287,-76.43363,0.0,0.0,511.0,YANO,IMO7825409,NAQH,70,0,276,32,13.0,70,A
366839000,2020-08-19T03:15:58,36.85347,-76.31086,0.0,0.0,39.0,CAPE RISE,IMO7530808,KAFG,70,5,197,32,10.0,,A
368026000,2020-08-19T03:24:21,36.86576,-76.31602,0.1,19.1,3.0,BENAVIDEZ,IMO9218210,NBHG,70,5,289,32,10.9,70,A
215677000,2020-08-19T03:23:55,37.23936,-76.11616,0.1,172.4,199.0,RIZE,IMO9584035,9HA2781,70,1,229,32,14.5,,A
538002652,2020-08-19T03:20:30,37.18310,-76.10937,0.0,340.0,196.0,NAIAS,IMO9330800,V7KN8,70,1,225,32,14.0,70,A
367821000,2020-08-19T03:19:48,36.97287,-76.43363,0.0,0.0,511.0,YANO,IMO7825409,NAQH,70,0,276,32,13.0,70,A
367861000,2020-08-19T03:30:00,36.94633,-76.32976,0.0,0.0,265.0,LARAMIE,IMO8906626,NLAR,80,5,193,29,,,A
305855000,2020-08-19T03:35:46,36.86428,-76.31474,0.0,333.0,226.0,BBC PEARL,IMO9504786,V2FY8,70,5,153,23,9.1,70,A
367078110,2020-08-19T03:21:42,36.83854,-76.28197,0.0,120.0,511.0,MARCELLE BORDELON,IMO9350379,WDJ2038,79,3,45,11,3.0,79,A
477196100,2020-08-19T03:36:42,37.19869,-76.13350,0.1,234.5,187.0,DARYA MA,IMO9591674,VRJH5,70,1,229,32,14.5,,A
367822000,2020-08-19T03:20:55,36.97310,-76.43385,0.0,0.0,238.0,USNS SHUGHART,IMO7825394,NAOQ,70,5,276,32,13.0,70,A
538006982,2020-08-19T03:38:53,37.20777,-76.12245,0.0,124.5,198.0,ANTE TOPIC,IMO9737072,V7TR4,70,1,,,,,A
477196100,2020-08-19T03:21:43,37.19870,-76.13347,0.1,234.5,188.0,DARYA MA,IMO9591674,VRJH5,70,1,229,32,14.5,,A
367821000,2020-08-19T03:17:28,36.97287,-76.43363,0.0,0.0,511.0,YANO,IMO7825409,NAQH,70,0,276,32,13.0,70,A
367821000,2020-08-19T03:22:17,36.97287,-76.43363,0.0,0.0,511.0,YANO,IMO7825409,NAQH,70,0,276,32,13.0,70,A
367932000,2020-08-19T03:17:17,36.94915,-76.32962,0.0,107.0,279.0,JOHN LENTHALL,IMO8325547,NJLN,80,5,193,29,,,A
367078110,2020-08-19T03:24:42,36.83855,-76.28196,0.0,115.0,511.0,MARCELLE BORDELON,IMO9350379,WDJ2038,79,3,45,11,3.0,79,A
367932000,2020-08-19T03:23:17,36.94919,-76.32968,0.0,107.0,279.0,JOHN LENTHALL,IMO8325547,NJLN,80,5,193,29,,,A
305855000,2020-08-19T03:23:49,36.86427,-76.31476,0.0,340.0,226.0,BBC PEARL,IMO9504786,V2FY8,70,5,153,23,9.1,70,A
366839000,2020-08-19T03:30:57,36.85348,-76.31083,0.0,0.0,39.0,CAPE RISE,IMO7530808,KAFG,70,5,197,32,10.0,,A
215677000,2020-08-19T03:20:54,37.23937,-76.11621,0.1,166.7,197.0,RIZE,IMO9584035,9HA2781,70,1,229,32,14.5,,A
367821000,2020-08-19T03:25:27,36.97287,-76.43363,0.0,0.0,511.0,YANO,IMO7825409,NAQH,70,0,276,32,13.0,70,A
368026000,2020-08-19T03:21:20,36.86577,-76.31606,0.0,19.1,3.0,BENAVIDEZ,IMO9218210,NBHG,70,5,289,32,10.9,70,A
538006982,2020-08-19T03:29:53,37.20779,-76.12255,0.0,97.6,193.0,ANTE TOPIC,IMO9737072,V7TR4,70,1,,,,,A
367078110,2020-08-19T03:27:32,36.83855,-76.28197,0.0,48.0,511.0,MARCELLE BORDELON,IMO9350379,WDJ2038,79,3,45,11,3.0,79,A
367822000,2020-08-19T03:41:55,36.97316,-76.43386,0.0,0.0,239.0,USNS SHUGHART,IMO7825394,NAOQ,70,5,276,32,13.0,70,A
367821000,2020-08-19T03:34:27,36.97287,-76.43362,0.0,0.0,511.0,YANO,IMO7825409,NAQH,70,0,276,32,13.0,70,A
538002652,2020-08-19T03:29:31,37.18312,-76.10935,0.0,325.0,197.0,NAIAS,IMO9330800,V7KN8,70,1,225,32,14.0,70,A
538006982,2020-08-19T03:26:53,37.20781,-76.12259,0.0,348.5,193.0,ANTE TOPIC,IMO9737072,V7TR4,70,1,,,,,A
215677000,2020-08-19T03:26:54,37.23934,-76.11614,0.1,176.5,200.0,RIZE,IMO9584035,9HA2781,70,1,229,32,14.5,,A
367821000,2020-08-19T03:27:57,36.97287,-76.43363,0.0,0.0,511.0,YANO,IMO7825409,NAQH,70,0,276,32,13.0,70,A
305855000,2020-08-19T03:26:48,36.86425,-76.31476,0.0,225.1,226.0,BBC PEARL,IMO9504786,V2FY8,70,5,153,23,9.1,70,A
367822000,2020-08-19T03:32:54,36.97310,-76.43385,0.0,0.0,239.0,USNS SHUGHART,IMO7825394,NAOQ,70,5,276,32,13.0,70,A
538006982,2020-08-19T03:32:53,37.20779,-76.12250,0.1,97.4,194.0,ANTE TOPIC,IMO9737072,V7TR4,70,1,,,,,A
367821000,2020-08-19T03:30:57,36.97287,-76.43362,0.0,0.0,511.0,YANO,IMO7825409,NAQH,70,0,276,32,13.0,70,A
368026000,2020-08-19T03:48:20,36.86577,-76.31603,0.0,19.1,2.0,BENAVIDEZ,IMO9218210,NBHG,70,5,289,32,10.9,70,A
367078110,2020-08-19T03:48:24,36.83855,-76.28197,0.0,248.0,511.0,MARCELLE BORDELON,IMO9350379,WDJ2038,79,3,45,11,3.0,79,A
366839000,2020-08-19T03:48:58,36.85349,-76.31082,0.0,0.0,39.0,CAPE RISE,IMO7530808,KAFG,70,5,197,32,10.0,,A
367861000,2020-08-19T03:24:01,36.94641,-76.32974,0.0,0.0,265.0,LARAMIE,IMO8906626,NLAR,80,5,193,29,,,A
367821000,2020-08-19T03:32:27,36.97287,-76.43362,0.0,0.0,511.0,YANO,IMO7825409,NAQH,70,0,276,32,13.0,70,A
367078110,2020-08-19T03:35:32,36.83855,-76.28197,0.0,174.0,511.0,MARCELLE BORDELON,IMO9350379,WDJ2038,79,3,45,11,3.0,79,A
367078110,2020-08-19T03:33:42,36.83855,-76.28197,0.0,224.0,511.0,MARCELLE BORDELON,IMO9350379,WDJ2038,79,3,45,11,3.0,79,A
367078110,2020-08-19T03:25:53,36.83855,-76.28196,0.0,239.0,511.0,MARCELLE BORDELON,IMO9350379,WDJ2038,79,3,45,11,3.0,79,A
367822000,2020-08-19T03:35:55,36.97310,-76.43384,0.0,0.0,239.0,USNS SHUGHART,IMO7825394,NAOQ,70,5,276,32,13.0,70,A
367822000,2020-08-19T03:29:55,36.97310,-76.43385,0.0,0.0,239.0,USNS SHUGHART,IMO7825394,NAOQ,70,5,276,32,13.0,70,A
367932000,2020-08-19T03:32:17,36.94914,-76.32972,0.0,107.0,279.0,JOHN LENTHALL,IMO8325547,NJLN,80,5,193,29,,,A
367932000,2020-08-19T03:35:16,36.94916,-76.32962,0.0,107.0,279.0,JOHN LENTHALL,IMO8325547,NJLN,80,5,193,29,,,A
367821000,2020-08-19T03:26:48,36.97287,-76.43362,0.0,0.0,511.0,YANO,IMO7825409,NAQH,70,0,276,32,13.0,70,A
367821000,2020-08-19T03:37:27,36.97287,-76.43362,0.0,0.0,511.0,YANO,IMO7825409,NAQH,70,0,276,32,13.0,70,A
367822000,2020-08-19T03:26:55,36.97310,-76.43385,0.0,0.0,239.0,USNS SHUGHART,IMO7825394,NAOQ,70,5,276,32,13.0,70,A
367078110,2020-08-19T03:39:13,36.83855,-76.28196,0.0,205.0,511.0,MARCELLE BORDELON,IMO9350379,WDJ2038,79,3,45,11,3.0,79,A
367821000,2020-08-19T03:39:48,36.97286,-76.43362,0.0,0.0,511.0,YANO,IMO7825409,NAQH,70,0,276,32,13.0,70,A
538002652,2020-08-19T03:38:28,37.18312,-76.10940,0.0,325.0,194.0,NAIAS,IMO9330800,V7KN8,70,1,225,32,14.0,70,A
477196100,2020-08-19T03:27:44,37.19872,-76.13352,0.1,234.5,186.0,DARYA MA,IMO9591674,VRJH5,70,1,229,32,14.5,,A
367822000,2020-08-19T03:38:55,36.97318,-76.43384,0.0,0.0,239.0,USNS SHUGHART,IMO7825394,NAOQ,70,5,276,32,13.0,70,A
366839000,2020-08-19T03:27:59,36.85352,-76.31082,0.0,0.0,39.0,CAPE RISE,IMO7530808,KAFG,70,5,197,32,10.0,,A
368026000,2020-08-19T03:39:20,36.86577,-76.31602,0.0,19.1,2.0,BENAVIDEZ,IMO9218210,NBHG,70,5,289,32,10.9,70,A
367078110,2020-08-19T03:41:14,36.83855,-76.28196,0.0,9.0,511.0,MARCELLE BORDELON,IMO9350379,WDJ2038,79,3,45,11,3.0,79,A
477196100,2020-08-19T03:39:45,37.19870,-76.13355,0.1,234.5,186.0,DARYA MA,IMO9591674,VRJH5,70,1,229,32,14.5,,A
367861000,2020-08-19T03:36:01,36.94638,-76.32981,0.0,0.0,265.0,LARAMIE,IMO8906626,NLAR,80,5,193,29,,,A
368026000,2020-08-19T03:30:21,36.86574,-76.31604,0.0,19.1,3.0,BENAVIDEZ,IMO9218210,NBHG,70,5,289,32,10.9,70,A
305855000,2020-08-19T03:29:47,36.86428,-76.31475,0.0,293.7,226.0,BBC PEARL,IMO9504786,V2FY8,70,5,153,23,9.1,70,A
367078110,2020-08-19T03:31:52,36.83855,-76.28197,0.0,119.0,511.0,MARCELLE BORDELON,IMO9350379,WDJ2038,79,3,45,11,3.0,79,A
367078110,2020-08-19T03:38:12,36.83855,-76.28196,0.0,335.0,511.0,MARCELLE BORDELON,IMO9350379,WDJ2038,79,3,45,11,3.0,79,A
477196100,2020-08-19T03:30:44,37.19869,-76.13353,0.1,234.5,185.0,DARYA MA,IMO9591674,VRJH5,70,1,229,32,14.5,,A
366839000,2020-08-19T03:42:53,36.85350,-76.31079,0.0,0.0,39.0,CAPE RISE,IMO7530808,KAFG,70,5,197,32,10.0,,A
538006982,2020-08-19T03:41:53,37.20776,-76.12246,0.0,124.5,197.0,ANTE TOPIC,IMO9737072,V7TR4,70,1,,,,,A
366839000,2020-08-19T03:46:01,36.85349,-76.31076,0.0,0.0,39.0,CAPE RISE,IMO7530808,KAFG,70,5,197,32,10.0,,A
477196100,2020-08-19T03:33:45,37.19870,-76.13351,0.0,234.5,185.0,DARYA MA,IMO9591674,VRJH5,70,1,229,32,14.5,,A
305855000,2020-08-19T03:38:48,36.86429,-76.31475,0.0,333.0,226.0,BBC PEARL,IMO9504786,V2FY8,70,5,153,23,9.1,70,A
215677000,2020-08-19T03:32:55,37.23933,-76.11603,0.1,175.8,202.0,RIZE,IMO9584035,9HA2781,70,1,229,32,14.5,,A
366839000,2020-08-19T03:40:01,36.85351,-76.31079,0.0,0.0,39.0,CAPE RISE,IMO7530808,KAFG,70,5,197,32,10.0,,A
538002652,2020-08-19T03:44:31,37.18310,-76.10930,0.0,325.0,195.0,NAIAS,IMO9330800,V7KN8,70,1,225,32,14.0,70,A
368026000,2020-08-19T03:42:20,36.86576,-76.31606,0.0,19.1,2.0,BENAVIDEZ,IMO9218210,NBHG,70,5,289,32,10.9,70,A
366733250,2020-08-19T03:48:01,37.22732,-76.47053,5.2,89.6,511.0,ATLANTIC SURVEYOR,,WTR5417,70,15,31,7,,,A
367932000,2020-08-19T03:41:17,36.94917,-76.32965,0.0,107.0,279.0,JOHN LENTHALL,IMO8325547,NJLN,80,5,193,29,,,A
368026000,2020-08-19T03:45:20,36.86577,-76.31604,0.0,19.1,2.0,BENAVIDEZ,IMO9218210,NBHG,70,5,289,32,10.9,70,A
366839000,2020-08-19T03:34:01,36.85351,-76.31079,0.0,0.0,39.0,CAPE RISE,IMO7530808,KAFG,70,5,197,32,10.0,,A
367821000,2020-08-19T03:42:17,36.97279,-76.43372,0.0,0.0,511.0,YANO,IMO7825409,NAQH,70,0,276,32,13.0,70,A
215677000,2020-08-19T03:35:58,37.23929,-76.11600,0.1,177.6,202.0,RIZE,IMO9584035,9HA2781,70,1,229,32,14.5,,A
367078110,2020-08-19T03:42:33,36.83855,-76.28196,0.0,187.0,511.0,MARCELLE BORDELON,IMO9350379,WDJ2038,79,3,45,11,3.0,79,A
367821000,2020-08-19T03:47:48,36.97285,-76.43364,0.0,0.0,511.0,YANO,IMO7825409,NAQH,70,0,276,32,13.0,70,A
367821000,2020-08-19T03:57:48,36.97284,-76.43366,0.0,0.0,511.0,YANO,IMO7825409,NAQH,70,0,276,32,13.0,70,A
367078110,2020-08-19T03:55:03,36.83855,-76.28198,0.0,233.0,511.0,MARCELLE BORDELON,IMO9350379,WDJ2038,79,3,45,11,3.0,79,A
215677000,2020-08-19T03:41:58,37.23921,-76.11584,0.2,149.1,205.0,RIZE,IMO9584035,9HA2781,70,1,229,32,14.5,,A
477196100,2020-08-19T03:42:42,37.19871,-76.13359,0.1,234.5,184.0,DARYA MA,IMO9591674,VRJH5,70,1,229,32,14.5,,A
367078110,2020-08-19T03:44:14,36.83855,-76.28197,0.0,156.0,511.0,MARCELLE BORDELON,IMO9350379,WDJ2038,79,3,45,11,3.0,79,A
367822000,2020-08-19T03:50:56,36.97313,-76.43384,0.0,0.0,239.0,USNS SHUGHART,IMO7825394,NAOQ,70,5,276,32,13.0,70,A
366733250,2020-08-19T03:49:41,37.22848,-76.47005,5.6,276.9,511.0,ATLANTIC SURVEYOR,,WTR5417,70,15,31,7,,,A
367078110,2020-08-19T03:59:02,36.83856,-76.28198,0.0,200.0,511.0,MARCELLE BORDELON,IMO9350379,WDJ2038,79,3,45,11,3.0,79,A
367078110,2020-08-19T03:50:13,36.83855,-76.28197,0.0,227.0,511.0,MARCELLE BORDELON,IMO9350379,WDJ2038,79,3,45,11,3.0,79,A
367932000,2020-08-19T03:50:17,36.94911,-76.32965,0.0,107.0,279.0,JOHN LENTHALL,IMO8325547,NJLN,80,5,193,29,,,A
538006982,2020-08-19T03:35:53,37.20779,-76.12244,0.0,124.5,197.0,ANTE TOPIC,IMO9737072,V7TR4,70,1,,,,,A
366839000,2020-08-19T03:57:53,36.85352,-76.31082,0.0,0.0,39.0,CAPE RISE,IMO7530808,KAFG,70,5,197,32,10.0,,A
367821000,2020-08-19T03:43:27,36.97283,-76.43364,0.0,0.0,511.0,YANO,IMO7825409,NAQH,70,0,276,32,13.0,70,A
367821000,2020-08-19T03:46:38,36.97285,-76.43364,0.0,0.0,511.0,YANO,IMO7825409,NAQH,70,0,276,32,13.0,70,A
367821000,2020-08-19T03:51:47,36.97285,-76.43364,0.0,0.0,511.0,YANO,IMO7825409,NAQH,70,0,276,32,13.0,70,A
538006982,2020-08-19T03:44:53,37.20777,-76.12244,0.0,124.5,197.0,ANTE TOPIC,IMO9737072,V7TR4,70,1,,,,,A
368026000,2020-08-19T03:51:20,36.86577,-76.31604,0.0,19.1,2.0,BENAVIDEZ,IMO9218210,NBHG,70,5,289,32,10.9,70,A
477196100,2020-08-19T03:45:45,37.19870,-76.13359,0.1,234.5,183.0,DARYA MA,IMO9591674,VRJH5,70,1,229,32,14.5,,A
215677000,2020-08-19T03:38:57,37.23928,-76.11594,0.1,177.6,203.0,RIZE,IMO9584035,9HA2781,70,1,229,32,14.5,,A
367821000,2020-08-19T03:53:48,36.97284,-76.43365,0.0,0.0,511.0,YANO,IMO7825409,NAQH,70,0,276,32,13.0,70,A
305855000,2020-08-19T03:44:48,36.86428,-76.31477,0.0,241.4,226.0,BBC PEARL,IMO9504786,V2FY8,70,5,153,23,9.1,70,A
367822000,2020-08-19T03:47:56,36.97314,-76.43385,0.0,0.0,239.0,USNS SHUGHART,IMO7825394,NAOQ,70,5,276,32,13.0,70,A
367821000,2020-08-19T03:45:17,36.97285,-76.43363,0.0,0.0,511.0,YANO,IMO7825409,NAQH,70,0,276,32,13.0,70,A
366733250,2020-08-19T04:02:21,37.22657,-76.47100,5.2,281.9,511.0,ATLANTIC SURVEYOR,,WTR5417,70,15,31,7,,,A
367861000,2020-08-19T03:45:01,36.94639,-76.32980,0.0,0.0,265.0,LARAMIE,IMO8906626,NLAR,80,5,193,29,,,A
215677000,2020-08-19T03:53:59,37.23905,-76.11554,0.1,158.7,214.0,RIZE,IMO9584035,9HA2781,70,1,229,32,14.5,,A
367932000,2020-08-19T03:47:17,36.94917,-76.32964,0.0,107.0,279.0,JOHN LENTHALL,IMO8325547,NJLN,80,5,193,29,,,A
367822000,2020-08-19T03:44:56,36.97313,-76.43385,0.0,0.0,239.0,USNS SHUGHART,IMO7825394,NAOQ,70,5,276,32,13.0,70,A
305855000,2020-08-19T03:50:47,36.86427,-76.31476,0.0,241.4,226.0,BBC PEARL,IMO9504786,V2FY8,70,5,153,23,9.1,70,A
367822000,2020-08-19T04:02:55,36.97313,-76.43384,0.0,0.0,238.0,USNS SHUGHART,IMO7825394,NAOQ,70,5,276,32,13.0,70,A
538002652,2020-08-19T03:41:28,37.18313,-76.10937,0.0,325.0,194.0,NAIAS,IMO9330800,V7KN8,70,1,225,32,14.0,70,A
305855000,2020-08-19T03:47:47,36.86425,-76.31477,0.0,241.4,226.0,BBC PEARL,IMO9504786,V2FY8,70,5,153,23,9.1,70,A
538006982,2020-08-19T03:47:53,37.20775,-76.12239,0.0,124.5,198.0,ANTE TOPIC,IMO9737072,V7TR4,70,1,,,,,A
367861000,2020-08-19T03:42:01,36.94638,-76.32982,0.0,0.0,265.0,LARAMIE,IMO8906626,NLAR,80,5,193,29,,,A
367822000,2020-08-19T03:56:55,36.97313,-76.43384,0.0,0.0,239.0,USNS SHUGHART,IMO7825394,NAOQ,70,5,276,32,13.0,70,A
538002652,2020-08-19T03:50:30,37.18308,-76.10920,0.0,325.0,200.0,NAIAS,IMO9330800,V7KN8,70,1,225,32,14.0,70,A
215677000,2020-08-19T03:47:57,37.23912,-76.11564,0.1,142.7,211.0,RIZE,IMO9584035,9HA2781,70,1,229,32,14.5,,A
366839000,2020-08-19T04:03:54,36.85349,-76.31080,0.0,0.0,39.0,CAPE RISE,IMO7530808,KAFG,70,5,197,32,10.0,,A
366839000,2020-08-19T03:52:01,36.85348,-76.31081,0.0,0.0,39.0,CAPE RISE,IMO7530808,KAFG,70,5,197,32,10.0,,A
477196100,2020-08-19T03:51:45,37.19870,-76.13356,0.1,234.5,184.0,DARYA MA,IMO9591674,VRJH5,70,1,229,32,14.5,,A
367821000,2020-08-19T03:56:37,36.97284,-76.43366,0.0,0.0,511.0,YANO,IMO7825409,NAQH,70,0,276,32,13.0,70,A
367821000,2020-08-19T03:54:58,36.97284,-76.43365,0.0,0.0,511.0,YANO,IMO7825409,NAQH,70,0,276,32,13.0,70,A
367821000,2020-08-19T03:48:57,36.97285,-76.43364,0.0,0.0,511.0,YANO,IMO7825409,NAQH,70,0,276,32,13.0,70,A
477196100,2020-08-19T03:48:44,37.19870,-76.13357,0.1,234.5,183.0,DARYA MA,IMO9591674,VRJH5,70,1,229,32,14.5,,A
367932000,2020-08-19T03:53:17,36.94915,-76.32958,0.0,107.0,279.0,JOHN LENTHALL,IMO8325547,NJLN,80,5,193,29,,,A
367932000,2020-08-19T03:44:17,36.94917,-76.32967,0.0,107.0,279.0,JOHN LENTHALL,IMO8325547,NJLN,80,5,193,29,,,A
305855000,2020-08-19T03:59:48,36.86428,-76.31473,0.0,241.4,226.0,BBC PEARL,IMO9504786,V2FY8,70,5,153,23,9.1,70,A
538006982,2020-08-19T03:59:53,37.20774,-76.12236,0.1,229.6,199.0,ANTE TOPIC,IMO9737072,V7TR4,70,1,,,,,A
367078110,2020-08-19T03:47:02,36.83855,-76.28197,0.0,8.0,511.0,MARCELLE BORDELON,IMO9350379,WDJ2038,79,3,45,11,3.0,79,A
215677000,2020-08-19T03:56:58,37.23901,-76.11547,0.1,145.8,216.0,RIZE,IMO9584035,9HA2781,70,1,229,32,14.5,,A
367078110,2020-08-19T03:52:02,36.83855,-76.28197,0.0,275.0,511.0,MARCELLE BORDELON,IMO9350379,WDJ2038,79,3,45,11,3.0,79,A
367861000,2020-08-19T04:06:01,36.94640,-76.32980,0.0,0.0,265.0,LARAMIE,IMO8906626,NLAR,80,5,193,29,,,A
305855000,2020-08-19T04:05:49,36.86427,-76.31478,0.0,223.8,226.0,BBC PEARL,IMO9504786,V2FY8,70,5,153,23,9.1,70,A
367822000,2020-08-19T03:59:55,36.97313,-76.43384,0.0,0.0,239.0,USNS SHUGHART,IMO7825394,NAOQ,70,5,276,32,13.0,70,A
367078110,2020-08-19T03:57:43,36.83855,-76.28197,0.0,210.0,511.0,MARCELLE BORDELON,IMO9350379,WDJ2038,79,3,45,11,3.0,79,A
477196100,2020-08-19T04:00:44,37.19865,-76.13335,0.1,234.5,189.0,DARYA MA,IMO9591674,VRJH5,70,1,229,32,14.5,,A
367861000,2020-08-19T03:48:00,36.94639,-76.32980,0.0,0.0,265.0,LARAMIE,IMO8906626,NLAR,80,5,193,29,,,A
368026000,2020-08-19T04:03:20,36.86576,-76.31602,0.0,19.1,2.0,BENAVIDEZ,IMO9218210,NBHG,70,5,289,32,10.9,70,A
367821000,2020-08-19T04:03:38,36.97283,-76.43366,0.0,0.0,511.0,YANO,IMO7825409,NAQH,70,0,276,32,13.0,70,A
538006982,2020-08-19T03:53:53,37.20772,-76.12238,0.0,222.2,199.0,ANTE TOPIC,IMO9737072,V7TR4,70,1,,,,,A
367821000,2020-08-19T04:01:17,36.97283,-76.43366,0.0,0.0,511.0,YANO,IMO7825409,NAQH,70,0,276,32,13.0,70,A
538002652,2020-08-19T03:53:31,37.18308,-76.10923,0.0,325.0,199.0,NAIAS,IMO9330800,V7KN8,70,1,225,32,14.0,70,A
367821000,2020-08-19T04:00:07,36.97283,-76.43366,0.0,0.0,511.0,YANO,IMO7825409,NAQH,70,0,276,32,13.0,70,A
367822000,2020-08-19T03:53:56,36.97313,-76.43384,0.0,0.0,239.0,USNS SHUGHART,IMO7825394,NAOQ,70,5,276,32,13.0,70,A
367932000,2020-08-19T04:02:18,36.94914,-76.32960,0.0,107.0,279.0,JOHN LENTHALL,IMO8325547,NJLN,80,5,193,29,,,A
368026000,2020-08-19T03:54:20,36.86576,-76.31604,0.0,19.1,2.0,BENAVIDEZ,IMO9218210,NBHG,70,5,289,32,10.9,70,A
367932000,2020-08-19T04:05:17,36.94920,-76.32963,0.0,107.0,279.0,JOHN LENTHALL,IMO8325547,NJLN,80,5,193,29,,,A
368026000,2020-08-19T03:57:21,36.86573,-76.31603,0.0,19.1,2.0,BENAVIDEZ,IMO9218210,NBHG,70,5,289,32,10.9,70,A
477196100,2020-08-19T03:57:45,37.19867,-76.13341,0.1,234.5,187.0,DARYA MA,IMO9591674,VRJH5,70,1,229,32,14.5,,A
477196100,2020-08-19T04:03:41,37.19866,-76.13327,0.1,234.5,191.0,DARYA MA,IMO9591674,VRJH5,70,1,229,32,14.5,,A
367932000,2020-08-19T03:59:17,36.94912,-76.32968,0.0,107.0,279.0,JOHN LENTHALL,IMO8325547,NJLN,80,5,193,29,,,A
538002652,2020-08-19T04:02:29,37.18310,-76.10922,0.0,325.0,199.0,NAIAS,IMO9330800,V7KN8,70,1,225,32,14.0,70,A
538002652,2020-08-19T03:56:31,37.18310,-76.10923,0.0,325.0,197.0,NAIAS,IMO9330800,V7KN8,70,1,225,32,14.0,70,A
367932000,2020-08-19T03:56:16,36.94909,-76.32969,0.0,107.0,279.0,JOHN LENTHALL,IMO8325547,NJLN,80,5,193,29,,,A
305855000,2020-08-19T03:56:48,36.86424,-76.31477,0.0,241.4,226.0,BBC PEARL,IMO9504786,V2FY8,70,5,153,23,9.1,70,A
367821000,2020-08-19T04:04:47,36.97283,-76.43366,0.0,0.0,511.0,YANO,IMO7825409,NAQH,70,0,276,32,13.0,70,A
305855000,2020-08-19T03:53:49,36.86428,-76.31477,0.0,241.4,226.0,BBC PEARL,IMO9504786,V2FY8,70,5,153,23,9.1,70,A
366733250,2020-08-19T03:59:02,37.22570,-76.47023,4.9,100.9,511.0,ATLANTIC SURVEYOR,,WTR5417,70,15,31,7,,,A
367861000,2020-08-19T04:03:01,36.94640,-76.32977,0.0,0.0,265.0,LARAMIE,IMO8906626,NLAR,80,5,193,29,,,A
538002652,2020-08-19T03:59:31,37.18312,-76.10922,0.0,325.0,198.0,NAIAS,IMO9330800,V7KN8,70,1,225,32,14.0,70,A
305855000,2020-08-19T04:17:48,36.86429,-76.31476,0.0,220.6,226.0,BBC PEARL,IMO9504786,V2FY8,70,5,153,23,9.1,70,A
538006982,2020-08-19T04:17:53,37.20779,-76.12249,0.1,294.4,197.0,ANTE TOPIC,IMO9737072,V7TR4,70,1,,,,,A
367078110,2020-08-19T04:04:03,36.83855,-76.28198,0.0,219.0,511.0,MARCELLE BORDELON,IMO9350379,WDJ2038,79,3,45,11,3.0,79,A
477196100,2020-08-19T03:54:45,37.19867,-76.13347,0.1,234.5,185.0,DARYA MA,IMO9591674,VRJH5,70,1,229,32,14.5,,A
367822000,2020-08-19T04:05:55,36.97313,-76.43384,0.0,0.0,238.0,USNS SHUGHART,IMO7825394,NAOQ,70,5,276,32,13.0,70,A
368026000,2020-08-19T04:09:20,36.86576,-76.31602,0.0,19.1,2.0,BENAVIDEZ,IMO9218210,NBHG,70,5,289,32,10.9,70,A
366839000,2020-08-19T04:18:55,36.85351,-76.31083,0.0,0.0,39.0,CAPE RISE,IMO7530808,KAFG,70,5,197,32,10.0,,A
367078110,2020-08-19T04:00:02,36.83856,-76.28199,0.0,255.0,511.0,MARCELLE BORDELON,IMO9350379,WDJ2038,79,3,45,11,3.0,79,A
215677000,2020-08-19T04:00:01,37.23898,-76.11543,0.2,198.1,217.0,RIZE,IMO9584035,9HA2781,70,1,229,32,14.5,,A
215677000,2020-08-19T04:06:00,37.23900,-76.11545,0.1,197.0,217.0,RIZE,IMO9584035,9HA2781,70,1,229,32,14.5,,A
367861000,2020-08-19T03:56:59,36.94640,-76.32977,0.0,0.0,265.0,LARAMIE,IMO8906626,NLAR,80,5,193,29,,,A
366733250,2020-08-19T04:00:02,37.22556,-76.46838,4.5,46.3,511.0,ATLANTIC SURVEYOR,,WTR5417,70,15,31,7,,,A
368026000,2020-08-19T04:00:21,36.86576,-76.31605,0.0,19.1,2.0,BENAVIDEZ,IMO9218210,NBHG,70,5,289,32,10.9,70,A
366839000,2020-08-19T04:00:57,36.85348,-76.31083,0.0,0.0,39.0,CAPE RISE,IMO7530808,KAFG,70,5,197,32,10.0,,A
367078110,2020-08-19T04:22:03,36.83856,-76.28198,0.0,55.0,511.0,MARCELLE BORDELON,IMO9350379,WDJ2038,79,3,45,11,3.0,79,A
215677000,2020-08-19T04:03:00,37.23899,-76.11543,0.1,197.0,218.0,RIZE,IMO9584035,9HA2781,70,1,229,32,14.5,,A
538006982,2020-08-19T04:02:53,37.20774,-76.12234,0.0,225.4,199.0,ANTE TOPIC,IMO9737072,V7TR4,70,1,,,,,A
538002652,2020-08-19T04:08:29,37.18312,-76.10932,0.0,325.0,196.0,NAIAS,IMO9330800,V7KN8,70,1,225,32,14.0,70,A
538006982,2020-08-19T04:08:53,37.20776,-76.12233,0.1,233.8,201.0,ANTE TOPIC,IMO9737072,V7TR4,70,1,,,,,A
367078110,2020-08-19T04:05:14,36.83855,-76.28197,0.0,262.0,511.0,MARCELLE BORDELON,IMO9350379,WDJ2038,79,3,45,11,3.0,79,A
367078110,2020-08-19T04:01:13,36.83856,-76.28199,0.0,267.0,511.0,MARCELLE BORDELON,IMO9350379,WDJ2038,79,3,45,11,3.0,79,A
367821000,2020-08-19T04:05:57,36.97283,-76.43366,0.0,0.0,511.0,YANO,IMO7825409,NAQH,70,0,276,32,13.0,70,A
305855000,2020-08-19T04:14:46,36.86428,-76.31476,0.0,222.2,226.0,BBC PEARL,IMO9504786,V2FY8,70,5,153,23,9.1,70,A
477196100,2020-08-19T04:09:42,37.19860,-76.13299,0.2,115.7,195.0,DARYA MA,IMO9591674,VRJH5,70,1,229,32,14.5,,A
366839000,2020-08-19T04:09:54,36.85350,-76.31081,0.0,0.0,39.0,CAPE RISE,IMO7530808,KAFG,70,5,197,32,10.0,,A
367861000,2020-08-19T04:15:01,36.94640,-76.32981,0.0,0.0,265.0,LARAMIE,IMO8906626,NLAR,80,5,193,29,,,A
367078110,2020-08-19T04:06:32,36.83855,-76.28197,0.0,333.0,511.0,MARCELLE BORDELON,IMO9350379,WDJ2038,79,3,45,11,3.0,79,A
305855000,2020-08-19T04:11:46,36.86429,-76.31478,0.0,222.7,226.0,BBC PEARL,IMO9504786,V2FY8,70,5,153,23,9.1,70,A
368026000,2020-08-19T04:06:21,36.86576,-76.31605,0.0,19.1,2.0,BENAVIDEZ,IMO9218210,NBHG,70,5,289,32,10.9,70,A
477196100,2020-08-19T04:06:43,37.19866,-76.13318,0.1,234.5,191.0,DARYA MA,IMO9591674,VRJH5,70,1,229,32,14.5,,A
367821000,2020-08-19T04:11:38,36.97283,-76.43366,0.0,0.0,511.0,YANO,IMO7825409,NAQH,70,0,276,32,13.0,70,A
538006982,2020-08-19T04:11:53,37.20774,-76.12238,0.1,251.4,201.0,ANTE TOPIC,IMO9737072,V7TR4,70,1,,,,,A
538006982,2020-08-19T04:23:53,37.20778,-76.12254,0.0,301.1,195.0,ANTE TOPIC,IMO9737072,V7TR4,70,1,,,,,A
366839000,2020-08-19T04:06:53,36.85350,-76.31084,0.0,0.0,39.0,CAPE RISE,IMO7530808,KAFG,70,5,197,32,10.0,,A
368026000,2020-08-19T04:18:22,36.86576,-76.31605,0.0,19.1,2.0,BENAVIDEZ,IMO9218210,NBHG,70,5,289,32,10.9,70,A
477196100,2020-08-19T04:12:45,37.19854,-76.13282,0.1,105.4,203.0,DARYA MA,IMO9591674,VRJH5,70,1,229,32,14.5,,A
367822000,2020-08-19T04:14:56,36.97316,-76.43380,0.0,0.0,238.0,USNS SHUGHART,IMO7825394,NAOQ,70,5,276,32,13.0,70,A
367821000,2020-08-19T04:08:17,36.97283,-76.43366,0.0,0.0,511.0,YANO,IMO7825409,NAQH,70,0,276,32,13.0,70,A
367932000,2020-08-19T04:08:17,36.94916,-76.32973,0.0,107.0,279.0,JOHN LENTHALL,IMO8325547,NJLN,80,5,193,29,,,A
538002652,2020-08-19T04:05:31,37.18310,-76.10927,0.0,325.0,198.0,NAIAS,IMO9330800,V7KN8,70,1,225,32,14.0,70,A
368026000,2020-08-19T04:15:20,36.86574,-76.31605,0.0,19.1,2.0,BENAVIDEZ,IMO9218210,NBHG,70,5,289,32,10.9,70,A
367822000,2020-08-19T04:26:55,36.97314,-76.43380,0.0,0.0,238.0,USNS SHUGHART,IMO7825394,NAOQ,70,5,276,32,13.0,70,A
367861000,2020-08-19T04:09:01,36.94642,-76.32978,0.0,0.0,265.0,LARAMIE,IMO8906626,NLAR,80,5,193,29,,,A
367932000,2020-08-19T04:14:17,36.94916,-76.32964,0.0,107.0,279.0,JOHN LENTHALL,IMO8325547,NJLN,80,5,193,29,,,A
367861000,2020-08-19T04:27:01,36.94638,-76.32978,0.0,0.0,265.0,LARAMIE,IMO8906626,NLAR,80,5,193,29,,,A
367078110,2020-08-19T04:10:22,36.83857,-76.28197,0.0,355.0,511.0,MARCELLE BORDELON,IMO9350379,WDJ2038,79,3,45,11,3.0,79,A
215677000,2020-08-19T04:08:53,37.23898,-76.11544,0.1,197.0,217.0,RIZE,IMO9584035,9HA2781,70,1,229,32,14.5,,A
367821000,2020-08-19T04:15:48,36.97283,-76.43365,0.0,0.0,511.0,YANO,IMO7825409,NAQH,70,0,276,32,13.0,70,A
367078110,2020-08-19T04:09:03,36.83856,-76.28197,0.0,213.0,511.0,MARCELLE BORDELON,IMO9350379,WDJ2038,79,3,45,11,3.0,79,A
367822000,2020-08-19T04:08:55,36.97313,-76.43384,0.0,0.0,238.0,USNS SHUGHART,IMO7825394,NAOQ,70,5,276,32,13.0,70,A
367078110,2020-08-19T04:20:33,36.83856,-76.28198,0.0,290.0,511.0,MARCELLE BORDELON,IMO9350379,WDJ2038,79,3,45,11,3.0,79,A
538006982,2020-08-19T04:05:53,37.20775,-76.12232,0.0,269.3,200.0,ANTE TOPIC,IMO9737072,V7TR4,70,1,,,,,A
367821000,2020-08-19T04:10:29,36.97283,-76.43366,0.0,0.0,511.0,YANO,IMO7825409,NAQH,70,0,276,32,13.0,70,A
367821000,2020-08-19T04:21:47,36.97292,-76.43376,0.0,0.0,511.0,YANO,IMO7825409,NAQH,70,0,276,32,13.0,70,A
367821000,2020-08-19T04:07:08,36.97283,-76.43366,0.0,0.0,511.0,YANO,IMO7825409,NAQH,70,0,276,32,13.0,70,A
367078110,2020-08-19T04:16:13,36.83856,-76.28197,0.0,130.0,511.0,MARCELLE BORDELON,IMO9350379,WDJ2038,79,3,45,11,3.0,79,A
477196100,2020-08-19T04:21:43,37.19866,-76.13324,0.2,322.2,194.0,DARYA MA,IMO9591674,VRJH5,70,1,229,32,14.5,,A
366839000,2020-08-19T04:30:58,36.85348,-76.31080,0.0,0.0,39.0,CAPE RISE,IMO7530808,KAFG,70,5,197,32,10.0,,A
215677000,2020-08-19T04:18:00,37.23897,-76.11547,0.0,216.2,218.0,RIZE,IMO9584035,9HA2781,70,1,229,32,14.5,,A
367821000,2020-08-19T04:19:57,36.97283,-76.43365,0.0,0.0,511.0,YANO,IMO7825409,NAQH,70,0,276,32,13.0,70,A
367821000,2020-08-19T04:25:48,36.97287,-76.43368,0.0,0.0,511.0,YANO,IMO7825409,NAQH,70,0,276,32,13.0,70,A
367822000,2020-08-19T04:11:54,36.97313,-76.43384,0.0,0.0,238.0,USNS SHUGHART,IMO7825394,NAOQ,70,5,276,32,13.0,70,A
538002652,2020-08-19T04:11:30,37.18312,-76.10937,0.0,325.0,193.0,NAIAS,IMO9330800,V7KN8,70,1,225,32,14.0,70,A
305855000,2020-08-19T04:20:48,36.86426,-76.31478,0.0,219.7,226.0,BBC PEARL,IMO9504786,V2FY8,70,5,153,23,9.1,70,A
367078110,2020-08-19T04:11:33,36.83856,-76.28197,0.0,237.0,511.0,MARCELLE BORDELON,IMO9350379,WDJ2038,79,3,45,11,3.0,79,A
367822000,2020-08-19T04:20:55,36.97315,-76.43379,0.0,0.0,238.0,USNS SHUGHART,IMO7825394,NAOQ,70,5,276,32,13.0,70,A
215677000,2020-08-19T04:20:58,37.23899,-76.11549,0.1,216.2,218.0,RIZE,IMO9584035,9HA2781,70,1,229,32,14.5,,A
367078110,2020-08-19T04:12:42,36.83857,-76.28196,0.0,338.0,511.0,MARCELLE BORDELON,IMO9350379,WDJ2038,79,3,45,11,3.0,79,A
368026000,2020-08-19T04:12:21,36.86576,-76.31606,0.1,19.1,2.0,BENAVIDEZ,IMO9218210,NBHG,70,5,289,32,10.9,70,A
366839000,2020-08-19T04:12:54,36.85350,-76.31081,0.0,0.0,39.0,CAPE RISE,IMO7530808,KAFG,70,5,197,32,10.0,,A
538006982,2020-08-19T04:14:53,37.20776,-76.12243,0.1,290.5,200.0,ANTE TOPIC,IMO9737072,V7TR4,70,1,,,,,A
367861000,2020-08-19T04:11:59,36.94636,-76.32978,0.0,0.0,265.0,LARAMIE,IMO8906626,NLAR,80,5,193,29,,,A
367821000,2020-08-19T04:12:58,36.97283,-76.43366,0.0,0.0,511.0,YANO,IMO7825409,NAQH,70,0,276,32,13.0,70,A
367821000,2020-08-19T04:28:57,36.97288,-76.43366,0.0,0.0,511.0,YANO,IMO7825409,NAQH,70,0,276,32,13.0,70,A
367078110,2020-08-19T04:15:02,36.83857,-76.28196,0.0,22.0,511.0,MARCELLE BORDELON,IMO9350379,WDJ2038,79,3,45,11,3.0,79,A
367932000,2020-08-19T04:26:17,36.94915,-76.32966,0.0,107.0,279.0,JOHN LENTHALL,IMO8325547,NJLN,80,5,193,29,,,A
538002652,2020-08-19T04:14:31,37.18307,-76.10933,0.0,325.0,195.0,NAIAS,IMO9330800,V7KN8,70,1,225,32,14.0,70,A
538006982,2020-08-19T04:20:53,37.20779,-76.12254,0.1,292.7,195.0,ANTE TOPIC,IMO9737072,V7TR4,70,1,,,,,A
367821000,2020-08-19T04:14:07,36.97283,-76.43365,0.0,0.0,511.0,YANO,IMO7825409,NAQH,70,0,276,32,13.0,70,A
367821000,2020-08-19T04:16:57,36.97283,-76.43365,0.0,0.0,511.0,YANO,IMO7825409,NAQH,70,0,276,32,13.0,70,A
477196100,2020-08-19T04:24:46,37.19872,-76.13325,0.1,335.6,188.0,DARYA MA,IMO9591674,VRJH5,70,1,229,32,14.5,,A
367932000,2020-08-19T04:23:17,36.94911,-76.32960,0.0,107.0,279.0,JOHN LENTHALL,IMO8325547,NJLN,80,5,193,29,,,A
215677000,2020-08-19T04:14:56,37.23898,-76.11545,0.1,216.2,218.0,RIZE,IMO9584035,9HA2781,70,1,229,32,14.5,,A
367861000,2020-08-19T04:30:00,36.94643,-76.32981,0.0,0.0,265.0,LARAMIE,IMO8906626,NLAR,80,5,193,29,,,A
368026000,2020-08-19T04:30:20,36.86574,-76.31604,0.0,19.1,2.0,BENAVIDEZ,IMO9218210,NBHG,70,5,289,32,10.9,70,A
305855000,2020-08-19T04:23:46,36.86427,-76.31478,0.0,220.7,227.0,BBC PEARL,IMO9504786,V2FY8,70,5,153,23,9.1,70,A
367861000,2020-08-19T04:18:00,36.94637,-76.32983,0.0,0.0,265.0,LARAMIE,IMO8906626,NLAR,80,5,193,29,,,A
367078110,2020-08-19T04:17:53,36.83856,-76.28198,0.0,272.0,511.0,MARCELLE BORDELON,IMO9350379,WDJ2038,79,3,45,11,3.0,79,A
477196100,2020-08-19T04:18:44,37.19855,-76.13309,0.2,284.5,201.0,DARYA MA,IMO9591674,VRJH5,70,1,229,32,14.5,,A
367821000,2020-08-19T04:18:08,36.97283,-76.43365,0.0,0.0,511.0,YANO,IMO7825409,NAQH,70,0,276,32,13.0,70,A
367861000,2020-08-19T04:33:01,36.94641,-76.32983,0.0,0.0,265.0,LARAMIE,IMO8906626,NLAR,80,5,193,29,,,A
215677000,2020-08-19T04:38:55,37.23898,-76.11545,0.1,233.3,218.0,RIZE,IMO9584035,9HA2781,70,1,229,32,14.5,,A
538002652,2020-08-19T04:38:28,37.18295,-76.10898,0.1,271.0,207.0,NAIAS,IMO9330800,V7KN8,70,1,225,32,14.0,70,A
367078110,2020-08-19T04:26:03,36.83856,-76.28198,0.0,167.0,511.0,MARCELLE BORDELON,IMO9350379,WDJ2038,79,3,45,11,3.0,79,A
367932000,2020-08-19T04:29:17,36.94920,-76.32968,0.0,107.0,279.0,JOHN LENTHALL,IMO8325547,NJLN,80,5,193,29,,,A
367821000,2020-08-19T04:34:17,36.97288,-76.43366,0.0,0.0,511.0,YANO,IMO7825409,NAQH,70,0,276,32,13.0,70,A
215677000,2020-08-19T04:26:59,37.23900,-76.11548,0.0,216.2,217.0,RIZE,IMO9584035,9HA2781,70,1,229,32,14.5,,A
538002652,2020-08-19T04:20:28,37.18307,-76.10925,0.0,209.0,200.0,NAIAS,IMO9330800,V7KN8,70,1,225,32,14.0,70,A
477196100,2020-08-19T04:33:45,37.19857,-76.13273,0.1,87.3,203.0,DARYA MA,IMO9591674,VRJH5,70,1,229,32,14.5,,A
367932000,2020-08-19T04:20:16,36.94916,-76.32962,0.0,107.0,279.0,JOHN LENTHALL,IMO8325547,NJLN,80,5,193,29,,,A
367861000,2020-08-19T04:36:01,36.94642,-76.32986,0.0,0.0,265.0,LARAMIE,IMO8906626,NLAR,80,5,193,29,,,A
367932000,2020-08-19T04:41:16,36.94920,-76.32971,0.0,107.0,279.0,JOHN LENTHALL,IMO8325547,NJLN,80,5,193,29,,,A
305855000,2020-08-19T04:32:47,36.86427,-76.31476,0.0,218.0,227.0,BBC PEARL,IMO9504786,V2FY8,70,5,153,23,9.1,70,A
538006982,2020-08-19T04:32:53,37.20779,-76.12255,0.0,268.0,193.0,ANTE TOPIC,IMO9737072,V7TR4,70,1,,,,,A
477196100,2020-08-19T04:30:47,37.19854,-76.13286,0.2,94.1,197.0,DARYA MA,IMO9591674,VRJH5,70,1,229,32,14.5,,A
368026000,2020-08-19T04:27:21,36.86576,-76.31606,0.1,19.1,2.0,BENAVIDEZ,IMO9218210,NBHG,70,5,289,32,10.9,70,A
368026000,2020-08-19T04:33:21,36.86579,-76.31609,0.0,19.1,2.0,BENAVIDEZ,IMO9218210,NBHG,70,5,289,32,10.9,70,A
367932000,2020-08-19T04:32:17,36.94918,-76.32970,0.0,107.0,279.0,JOHN LENTHALL,IMO8325547,NJLN,80,5,193,29,,,A
538002652,2020-08-19T04:23:30,37.18308,-76.10925,0.0,217.0,200.0,NAIAS,IMO9330800,V7KN8,70,1,225,32,14.0,70,A
305855000,2020-08-19T04:35:46,36.86427,-76.31477,0.0,217.5,227.0,BBC PEARL,IMO9504786,V2FY8,70,5,153,23,9.1,70,A
367078110,2020-08-19T04:29:22,36.83855,-76.28198,0.0,271.0,511.0,MARCELLE BORDELON,IMO9350379,WDJ2038,79,3,45,11,3.0,79,A
367078110,2020-08-19T04:37:22,36.83856,-76.28198,0.0,296.0,511.0,MARCELLE BORDELON,IMO9350379,WDJ2038,79,3,45,11,3.0,79,A
367078110,2020-08-19T04:34:14,36.83856,-76.28198,0.0,274.0,511.0,MARCELLE BORDELON,IMO9350379,WDJ2038,79,3,45,11,3.0,79,A
367821000,2020-08-19T04:23:08,36.97288,-76.43368,0.0,0.0,511.0,YANO,IMO7825409,NAQH,70,0,276,32,13.0,70,A
305855000,2020-08-19T04:29:49,36.86428,-76.31476,0.0,218.0,227.0,BBC PEARL,IMO9504786,V2FY8,70,5,153,23,9.1,70,A
305855000,2020-08-19T04:38:49,36.86428,-76.31476,0.0,164.0,227.0,BBC PEARL,IMO9504786,V2FY8,70,5,153,23,9.1,70,A
367861000,2020-08-19T04:24:01,36.94642,-76.32976,0.0,0.0,265.0,LARAMIE,IMO8906626,NLAR,80,5,193,29,,,A
368026000,2020-08-19T04:24:21,36.86578,-76.31603,0.0,19.1,2.0,BENAVIDEZ,IMO9218210,NBHG,70,5,289,32,10.9,70,A
367078110,2020-08-19T04:24:52,36.83856,-76.28198,0.0,206.0,511.0,MARCELLE BORDELON,IMO9350379,WDJ2038,79,3,45,11,3.0,79,A
367821000,2020-08-19T04:24:38,36.97288,-76.43369,0.0,0.0,511.0,YANO,IMO7825409,NAQH,70,0,276,32,13.0,70,A
367822000,2020-08-19T04:23:55,36.97315,-76.43380,0.0,0.0,238.0,USNS SHUGHART,IMO7825394,NAOQ,70,5,276,32,13.0,70,A
215677000,2020-08-19T04:36:00,37.23900,-76.11548,0.1,233.3,217.0,RIZE,IMO9584035,9HA2781,70,1,229,32,14.5,,A
215677000,2020-08-19T04:24:00,37.23899,-76.11548,0.1,216.2,217.0,RIZE,IMO9584035,9HA2781,70,1,229,32,14.5,,A
538006982,2020-08-19T04:38:53,37.20778,-76.12248,0.1,322.5,196.0,ANTE TOPIC,IMO9737072,V7TR4,70,1,,,,,A
367932000,2020-08-19T04:38:16,36.94919,-76.32964,0.0,107.0,279.0,JOHN LENTHALL,IMO8325547,NJLN,80,5,193,29,,,A
477196100,2020-08-19T04:39:45,37.19855,-76.13290,0.1,288.4,200.0,DARYA MA,IMO9591674,VRJH5,70,1,229,32,14.5,,A
368026000,2020-08-19T04:39:21,36.86576,-76.31604,0.0,19.1,2.0,BENAVIDEZ,IMO9218210,NBHG,70,5,289,32,10.9,70,A
367078110,2020-08-19T04:48:43,36.83855,-76.28198,0.0,211.0,511.0,MARCELLE BORDELON,IMO9350379,WDJ2038,79,3,45,11,3.0,79,A
367821000,2020-08-19T04:39:07,36.97287,-76.43365,0.0,0.0,511.0,YANO,IMO7825409,NAQH,70,0,276,32,13.0,70,A
477196100,2020-08-19T04:48:46,37.19846,-76.13272,0.2,124.9,199.0,DARYA MA,IMO9591674,VRJH5,70,1,229,32,14.5,,A
367078110,2020-08-19T04:42:12,36.83855,-76.28198,0.0,178.0,511.0,MARCELLE BORDELON,IMO9350379,WDJ2038,79,3,45,11,3.0,79,A
367078110,2020-08-19T04:27:12,36.83856,-76.28198,0.0,88.0,511.0,MARCELLE BORDELON,IMO9350379,WDJ2038,79,3,45,11,3.0,79,A
367078110,2020-08-19T04:38:32,36.83855,-76.28197,0.0,293.0,511.0,MARCELLE BORDELON,IMO9350379,WDJ2038,79,3,45,11,3.0,79,A
366839000,2020-08-19T04:27:56,36.85347,-76.31080,0.0,0.0,39.0,CAPE RISE,IMO7530808,KAFG,70,5,197,32,10.0,,A
367821000,2020-08-19T04:49:57,36.97286,-76.43364,0.0,0.0,511.0,YANO,IMO7825409,NAQH,70,0,276,32,13.0,70,A
367821000,2020-08-19T04:27:38,36.97288,-76.43367,0.0,0.0,511.0,YANO,IMO7825409,NAQH,70,0,276,32,13.0,70,A
367821000,2020-08-19T04:40:17,36.97287,-76.43365,0.0,0.0,511.0,YANO,IMO7825409,NAQH,70,0,276,32,13.0,70,A
367861000,2020-08-19T04:42:01,36.94638,-76.32983,0.0,0.0,265.0,LARAMIE,IMO8906626,NLAR,80,5,193,29,,,A
538002652,2020-08-19T04:26:29,37.18312,-76.10928,0.0,217.0,197.0,NAIAS,IMO9330800,V7KN8,70,1,225,32,14.0,70,A
215677000,2020-08-19T04:41:59,37.23895,-76.11541,0.1,233.3,219.0,RIZE,IMO9584035,9HA2781,70,1,229,32,14.5,,A
367078110,2020-08-19T04:31:22,36.83856,-76.28198,0.0,117.0,511.0,MARCELLE BORDELON,IMO9350379,WDJ2038,79,3,45,11,3.0,79,A
538006982,2020-08-19T04:41:53,37.20778,-76.12247,0.0,353.2,198.0,ANTE TOPIC,IMO9737072,V7TR4,70,1,,,,,A
215677000,2020-08-19T04:30:01,37.23899,-76.11548,0.1,233.3,218.0,RIZE,IMO9584035,9HA2781,70,1,229,32,14.5,,A
215677000,2020-08-19T04:44:55,37.23892,-76.11536,0.1,164.5,220.0,RIZE,IMO9584035,9HA2781,70,1,229,32,14.5,,A
538006982,2020-08-19T04:29:53,37.20781,-76.12258,0.0,305.3,194.0,ANTE TOPIC,IMO9737072,V7TR4,70,1,,,,,A
538006982,2020-08-19T04:53:53,37.20776,-76.12235,0.1,72.1,194.0,ANTE TOPIC,IMO9737072,V7TR4,70,1,,,,,A
367821000,2020-08-19T04:30:37,36.97288,-76.43367,0.0,0.0,511.0,YANO,IMO7825409,NAQH,70,0,276,32,13.0,70,A
368026000,2020-08-19T04:54:21,36.86575,-76.31605,0.0,19.1,2.0,BENAVIDEZ,IMO9218210,NBHG,70,5,289,32,10.9,70,A
538002652,2020-08-19T04:44:30,37.18307,-76.10912,0.0,328.0,199.0,NAIAS,IMO9330800,V7KN8,70,1,225,32,14.0,70,A
367821000,2020-08-19T04:33:07,36.97288,-76.43366,0.0,0.0,511.0,YANO,IMO7825409,NAQH,70,0,276,32,13.0,70,A
367861000,2020-08-19T04:45:00,36.94640,-76.32983,0.0,0.0,265.0,LARAMIE,IMO8906626,NLAR,80,5,193,29,,,A
367821000,2020-08-19T04:37:58,36.97288,-76.43366,0.0,0.0,511.0,YANO,IMO7825409,NAQH,70,0,276,32,13.0,70,A
367078110,2020-08-19T04:35:22,36.83856,-76.28198,0.0,238.0,511.0,MARCELLE BORDELON,IMO9350379,WDJ2038,79,3,45,11,3.0,79,A
366839000,2020-08-19T04:33:53,36.85349,-76.31081,0.0,0.0,39.0,CAPE RISE,IMO7530808,KAFG,70,5,197,32,10.0,,A
367822000,2020-08-19T04:38:55,36.97314,-76.43381,0.0,0.0,238.0,USNS SHUGHART,IMO7825394,NAOQ,70,5,276,32,13.0,70,A
367078110,2020-08-19T04:46:02,36.83856,-76.28198,0.0,242.0,511.0,MARCELLE BORDELON,IMO9350379,WDJ2038,79,3,45,11,3.0,79,A
367821000,2020-08-19T04:57:07,36.97281,-76.43368,0.0,0.0,511.0,YANO,IMO7825409,NAQH,70,0,276,32,13.0,70,A
305855000,2020-08-19T04:44:45,36.86429,-76.31478,0.0,175.4,226.0,BBC PEARL,IMO9504786,V2FY8,70,5,153,23,9.1,70,A
215677000,2020-08-19T04:32:53,37.23899,-76.11549,0.1,233.3,217.0,RIZE,IMO9584035,9HA2781,70,1,229,32,14.5,,A
368026000,2020-08-19T04:36:21,36.86574,-76.31603,0.0,19.1,2.0,BENAVIDEZ,IMO9218210,NBHG,70,5,289,32,10.9,70,A
367821000,2020-08-19T04:41:28,36.97287,-76.43364,0.0,0.0,511.0,YANO,IMO7825409,NAQH,70,0,276,32,13.0,70,A
367821000,2020-08-19T04:47:27,36.97286,-76.43364,0.0,0.0,511.0,YANO,IMO7825409,NAQH,70,0,276,32,13.0,70,A
477196100,2020-08-19T04:45:44,37.19857,-76.13289,0.1,139.4,196.0,DARYA MA,IMO9591674,VRJH5,70,1,229,32,14.5,,A
366839000,2020-08-19T04:45:59,36.85352,-76.31082,0.0,0.0,39.0,CAPE RISE,IMO7530808,KAFG,70,5,197,32,10.0,,A
367932000,2020-08-19T04:47:16,36.94916,-76.32966,0.0,107.0,279.0,JOHN LENTHALL,IMO8325547,NJLN,80,5,193,29,,,A
538006982,2020-08-19T04:56:53,37.20771,-76.12217,0.2,111.3,200.0,ANTE TOPIC,IMO9737072,V7TR4,70,1,,,,,A
368026000,2020-08-19T04:42:20,36.86577,-76.31603,0.0,19.1,2.0,BENAVIDEZ,IMO9218210,NBHG,70,5,289,32,10.9,70,A
538006982,2020-08-19T04:35:53,37.20777,-76.12248,0.0,303.1,194.0,ANTE TOPIC,IMO9737072,V7TR4,70,1,,,,,A
538002652,2020-08-19T04:50:28,37.18295,-76.10885,0.2,105.0,202.0,NAIAS,IMO9330800,V7KN8,70,1,225,32,14.0,70,A
366839000,2020-08-19T04:42:57,36.85352,-76.31084,0.0,0.0,39.0,CAPE RISE,IMO7530808,KAFG,70,5,197,32,10.0,,A
367822000,2020-08-19T04:35:54,36.97314,-76.43381,0.0,0.0,238.0,USNS SHUGHART,IMO7825394,NAOQ,70,5,276,32,13.0,70,A
538002652,2020-08-19T04:47:30,37.18303,-76.10905,0.1,121.0,196.0,NAIAS,IMO9330800,V7KN8,70,1,225,32,14.0,70,A
367821000,2020-08-19T04:36:28,36.97288,-76.43366,0.0,0.0,511.0,YANO,IMO7825409,NAQH,70,0,276,32,13.0,70,A
367861000,2020-08-19T04:47:59,36.94643,-76.32983,0.0,0.0,265.0,LARAMIE,IMO8906626,NLAR,80,5,193,29,,,A
477196100,2020-08-19T04:51:45,37.19840,-76.13252,0.2,107.7,204.0,DARYA MA,IMO9591674,VRJH5,70,1,229,32,14.5,,A
366839000,2020-08-19T04:36:53,36.85350,-76.31081,0.0,0.0,39.0,CAPE RISE,IMO7530808,KAFG,70,5,197,32,10.0,,A
305855000,2020-08-19T04:50:46,36.86428,-76.31480,0.0,166.9,226.0,BBC PEARL,IMO9504786,V2FY8,70,5,153,23,9.1,70,A
305855000,2020-08-19T04:53:49,36.86428,-76.31479,0.0,326.3,226.0,BBC PEARL,IMO9504786,V2FY8,70,5,153,23,9.1,70,A
477196100,2020-08-19T04:36:41,37.19853,-76.13282,0.1,288.4,203.0,DARYA MA,IMO9591674,VRJH5,70,1,229,32,14.5,,A
367932000,2020-08-19T04:53:17,36.94917,-76.32966,0.0,107.0,279.0,JOHN LENTHALL,IMO8325547,NJLN,80,5,193,29,,,A
366839000,2020-08-19T04:48:59,36.85352,-76.31084,0.0,0.0,39.0,CAPE RISE,IMO7530808,KAFG,70,5,197,32,10.0,,A
367078110,2020-08-19T04:54:54,36.83856,-76.28197,0.0,207.0,511.0,MARCELLE BORDELON,IMO9350379,WDJ2038,79,3,45,11,3.0,79,A
538002652,2020-08-19T04:41:30,37.18298,-76.10907,0.1,324.0,204.0,NAIAS,IMO9330800,V7KN8,70,1,225,32,14.0,70,A
367078110,2020-08-19T04:51:43,36.83855,-76.28197,0.0,200.0,511.0,MARCELLE BORDELON,IMO9350379,WDJ2038,79,3,45,11,3.0,79,A
367932000,2020-08-19T05:02:16,36.94917,-76.32966,0.0,107.0,279.0,JOHN LENTHALL,IMO8325547,NJLN,80,5,193,29,,,A
215677000,2020-08-19T04:50:58,37.23881,-76.11525,0.1,116.9,223.0,RIZE,IMO9584035,9HA2781,70,1,229,32,14.5,,A
366839000,2020-08-19T04:39:58,36.85350,-76.31078,0.0,0.0,39.0,CAPE RISE,IMO7530808,KAFG,70,5,197,32,10.0,,A
367822000,2020-08-19T04:41:55,36.97314,-76.43381,0.0,0.0,238.0,USNS SHUGHART,IMO7825394,NAOQ,70,5,276,32,13.0,70,A
367821000,2020-08-19T04:52:37,36.97286,-76.43364,0.0,0.0,511.0,YANO,IMO7825409,NAQH,70,0,276,32,13.0,70,A
367821000,2020-08-19T04:46:18,36.97286,-76.43364,0.0,0.0,511.0,YANO,IMO7825409,NAQH,70,0,276,32,13.0,70,A
305855000,2020-08-19T04:41:46,36.86429,-76.31476,0.0,253.6,226.0,BBC PEARL,IMO9504786,V2FY8,70,5,153,23,9.1,70,A
368026000,2020-08-19T04:51:21,36.86577,-76.31606,0.0,19.1,2.0,BENAVIDEZ,IMO9218210,NBHG,70,5,289,32,10.9,70,A
366839000,2020-08-19T04:51:58,36.85350,-76.31082,0.0,0.0,39.0,CAPE RISE,IMO7530808,KAFG,70,5,197,32,10.0,,A
367078110,2020-08-19T04:44:43,36.83856,-76.28198,0.0,197.0,511.0,MARCELLE BORDELON,IMO9350379,WDJ2038,79,3,45,11,3.0,79,A
367822000,2020-08-19T04:44:55,36.97314,-76.43381,0.0,0.0,238.0,USNS SHUGHART,IMO7825394,NAOQ,70,5,276,32,13.0,70,A
367821000,2020-08-19T04:42:57,36.97287,-76.43364,0.0,0.0,511.0,YANO,IMO7825409,NAQH,70,0,276,32,13.0,70,A
366839000,2020-08-19T04:54:59,36.85349,-76.31080,0.0,0.0,39.0,CAPE RISE,IMO7530808,KAFG,70,5,197,32,10.0,,A
367821000,2020-08-19T04:44:17,36.97287,-76.43364,0.0,0.0,511.0,YANO,IMO7825409,NAQH,70,0,276,32,13.0,70,A
538006982,2020-08-19T04:44:53,37.20779,-76.12247,0.0,316.4,198.0,ANTE TOPIC,IMO9737072,V7TR4,70,1,,,,,A
477196100,2020-08-19T04:57:47,37.19831,-76.13229,0.1,184.7,214.0,DARYA MA,IMO9591674,VRJH5,70,1,229,32,14.5,,A
368026000,2020-08-19T04:45:21,36.86575,-76.31602,0.0,19.1,2.0,BENAVIDEZ,IMO9218210,NBHG,70,5,289,32,10.9,70,A
367078110,2020-08-19T04:56:33,36.83856,-76.28197,0.0,85.0,511.0,MARCELLE BORDELON,IMO9350379,WDJ2038,79,3,45,11,3.0,79,A
367822000,2020-08-19T04:53:54,36.97313,-76.43381,0.0,0.0,238.0,USNS SHUGHART,IMO7825394,NAOQ,70,5,276,32,13.0,70,A
367822000,2020-08-19T04:56:55,36.97311,-76.43382,0.0,0.0,238.0,USNS SHUGHART,IMO7825394,NAOQ,70,5,276,32,13.0,70,A
538002652,2020-08-19T04:56:28,37.18287,-76.10868,0.1,260.0,212.0,NAIAS,IMO9330800,V7KN8,70,1,225,32,14.0,70,A
366839000,2020-08-19T04:57:53,36.85348,-76.31082,0.0,0.0,39.0,CAPE RISE,IMO7530808,KAFG,70,5,197,32,10.0,,A
215677000,2020-08-19T04:48:00,37.23885,-76.11528,0.1,170.1,222.0,RIZE,IMO9584035,9HA2781,70,1,229,32,14.5,,A
305855000,2020-08-19T04:56:46,36.86430,-76.31477,0.0,326.3,226.0,BBC PEARL,IMO9504786,V2FY8,70,5,153,23,9.1,70,A
367078110,2020-08-19T05:06:13,36.83855,-76.28198,0.0,256.0,511.0,MARCELLE BORDELON,IMO9350379,WDJ2038,79,3,45,11,3.0,79,A
368026000,2020-08-19T04:57:21,36.86573,-76.31601,0.0,19.1,2.0,BENAVIDEZ,IMO9218210,NBHG,70,5,289,32,10.9,70,A
368026000,2020-08-19T04:48:20,36.86575,-76.31603,0.0,19.1,2.0,BENAVIDEZ,IMO9218210,NBHG,70,5,289,32,10.9,70,A
367821000,2020-08-19T04:59:48,36.97281,-76.43367,0.0,0.0,511.0,YANO,IMO7825409,NAQH,70,0,276,32,13.0,70,A
367822000,2020-08-19T04:47:56,36.97313,-76.43381,0.0,0.0,238.0,USNS SHUGHART,IMO7825394,NAOQ,70,5,276,32,13.0,70,A
538006982,2020-08-19T04:47:53,37.20777,-76.12251,0.1,301.1,196.0,ANTE TOPIC,IMO9737072,V7TR4,70,1,,,,,A
538006982,2020-08-19T04:59:53,37.20763,-76.12199,0.0,97.9,207.0,ANTE TOPIC,IMO9737072,V7TR4,70,1,,,,,A
367821000,2020-08-19T05:00:07,36.97281,-76.43367,0.0,0.0,511.0,YANO,IMO7825409,NAQH,70,0,276,32,13.0,70,A
367822000,2020-08-19T04:50:55,36.97314,-76.43381,0.0,0.0,238.0,USNS SHUGHART,IMO7825394,NAOQ,70,5,276,32,13.0,70,A
367078110,2020-08-19T04:53:32,36.83855,-76.28197,0.0,277.0,511.0,MARCELLE BORDELON,IMO9350379,WDJ2038,79,3,45,11,3.0,79,A
538006982,2020-08-19T04:50:53,37.20777,-76.12251,0.1,353.7,194.0,ANTE TOPIC,IMO9737072,V7TR4,70,1,,,,,A
367078110,2020-08-19T05:01:13,36.83855,-76.28197,0.0,194.0,511.0,MARCELLE BORDELON,IMO9350379,WDJ2038,79,3,45,11,3.0,79,A
368026000,2020-08-19T05:00:21,36.86574,-76.31603,0.0,19.1,2.0,BENAVIDEZ,IMO9218210,NBHG,70,5,289,32,10.9,70,A
367822000,2020-08-19T05:02:55,36.97311,-76.43381,0.0,0.0,238.0,USNS SHUGHART,IMO7825394,NAOQ,70,5,276,32,13.0,70,A
367821000,2020-08-19T05:08:18,36.97283,-76.43367,0.0,0.0,511.0,YANO,IMO7825409,NAQH,70,0,276,32,13.0,70,A
367821000,2020-08-19T05:01:18,36.97281,-76.43367,0.0,0.0,511.0,YANO,IMO7825409,NAQH,70,0,276,32,13.0,70,A
305855000,2020-08-19T05:02:49,36.86426,-76.31475,0.0,221.9,226.0,BBC PEARL,IMO9504786,V2FY8,70,5,153,23,9.1,70,A
367932000,2020-08-19T04:50:17,36.94918,-76.32971,0.0,107.0,279.0,JOHN LENTHALL,IMO8325547,NJLN,80,5,193,29,,,A
367861000,2020-08-19T04:51:01,36.94636,-76.32978,0.0,0.0,265.0,LARAMIE,IMO8906626,NLAR,80,5,193,29,,,A
366839000,2020-08-19T05:03:56,36.85350,-76.31081,0.0,0.0,39.0,CAPE RISE,IMO7530808,KAFG,70,5,197,32,10.0,,A
367821000,2020-08-19T05:02:28,36.97282,-76.43367,0.0,0.0,511.0,YANO,IMO7825409,NAQH,70,0,276,32,13.0,70,A
367078110,2020-08-19T04:50:22,36.83855,-76.28197,0.0,173.0,511.0,MARCELLE BORDELON,IMO9350379,WDJ2038,79,3,45,11,3.0,79,A
538002652,2020-08-19T04:53:28,37.18292,-76.10865,0.1,87.0,211.0,NAIAS,IMO9330800,V7KN8,70,1,225,32,14.0,70,A
367078110,2020-08-19T05:03:43,36.83855,-76.28198,0.0,249.0,511.0,MARCELLE BORDELON,IMO9350379,WDJ2038,79,3,45,11,3.0,79,A
367821000,2020-08-19T05:05:57,36.97282,-76.43367,0.0,0.0,511.0,YANO,IMO7825409,NAQH,70,0,276,32,13.0,70,A
367821000,2020-08-19T04:51:18,36.97286,-76.43364,0.0,0.0,511.0,YANO,IMO7825409,NAQH,70,0,276,32,13.0,70,A
367078110,2020-08-19T04:57:43,36.83856,-76.28197,0.0,35.0,511.0,MARCELLE BORDELON,IMO9350379,WDJ2038,79,3,45,11,3.0,79,A
538002652,2020-08-19T05:11:28,37.18275,-76.10853,0.1,108.0,212.0,NAIAS,IMO9330800,V7KN8,70,1,225,32,14.0,70,A
367822000,2020-08-19T05:11:55,36.97312,-76.43381,0.0,0.0,238.0,USNS SHUGHART,IMO7825394,NAOQ,70,5,276,32,13.0,70,A
367861000,2020-08-19T05:12:00,36.94639,-76.32981,0.0,0.0,265.0,LARAMIE,IMO8906626,NLAR,80,5,193,29,,,A
215677000,2020-08-19T05:06:00,37.23853,-76.11498,0.1,173.9,233.0,RIZE,IMO9584035,9HA2781,70,1,229,32,14.5,,A
367932000,2020-08-19T05:05:17,36.94917,-76.32969,0.0,107.0,279.0,JOHN LENTHALL,IMO8325547,NJLN,80,5,193,29,,,A
367078110,2020-08-19T04:59:03,36.83855,-76.28197,0.0,149.0,511.0,MARCELLE BORDELON,IMO9350379,WDJ2038,79,3,45,11,3.0,79,A
367861000,2020-08-19T04:57:01,36.94636,-76.32975,0.0,0.0,265.0,LARAMIE,IMO8906626,NLAR,80,5,193,29,,,A
367821000,2020-08-19T05:11:58,36.97283,-76.43366,0.0,0.0,511.0,YANO,IMO7825409,NAQH,70,0,276,32,13.0,70,A
477196100,2020-08-19T04:54:48,37.19834,-76.13235,0.1,110.2,211.0,DARYA MA,IMO9591674,VRJH5,70,1,229,32,14.5,,A
215677000,2020-08-19T05:09:00,37.23844,-76.11494,0.1,190.9,236.0,RIZE,IMO9584035,9HA2781,70,1,229,32,14.5,,A
367821000,2020-08-19T05:07:08,36.97283,-76.43367,0.0,0.0,511.0,YANO,IMO7825409,NAQH,70,0,276,32,13.0,70,A
367932000,2020-08-19T05:08:17,36.94920,-76.32967,0.0,107.0,279.0,JOHN LENTHALL,IMO8325547,NJLN,80,5,193,29,,,A
367932000,2020-08-19T04:59:16,36.94916,-76.32969,0.0,107.0,279.0,JOHN LENTHALL,IMO8325547,NJLN,80,5,193,29,,,A
538002652,2020-08-19T04:59:31,37.18285,-76.10878,0.0,289.0,211.0,NAIAS,IMO9330800,V7KN8,70,1,225,32,14.0,70,A
367821000,2020-08-19T04:55:38,36.97282,-76.43366,0.0,0.0,511.0,YANO,IMO7825409,NAQH,70,0,276,32,13.0,70,A
367078110,2020-08-19T05:00:02,36.83855,-76.28197,0.0,273.0,511.0,MARCELLE BORDELON,IMO9350379,WDJ2038,79,3,45,11,3.0,79,A
367822000,2020-08-19T04:59:55,36.97312,-76.43383,0.0,0.0,238.0,USNS SHUGHART,IMO7825394,NAOQ,70,5,276,32,13.0,70,A
215677000,2020-08-19T04:59:59,37.23864,-76.11508,0.1,172.1,229.0,RIZE,IMO9584035,9HA2781,70,1,229,32,14.5,,A
538002652,2020-08-19T05:02:31,37.18287,-76.10882,0.0,350.0,209.0,NAIAS,IMO9330800,V7KN8,70,1,225,32,14.0,70,A
367821000,2020-08-19T05:15:38,36.97283,-76.43365,0.0,0.0,511.0,YANO,IMO7825409,NAQH,70,0,276,32,13.0,70,A
367821000,2020-08-19T05:09:38,36.97283,-76.43366,0.0,0.0,511.0,YANO,IMO7825409,NAQH,70,0,276,32,13.0,70,A
367078110,2020-08-19T05:02:33,36.83855,-76.28198,0.0,209.0,511.0,MARCELLE BORDELON,IMO9350379,WDJ2038,79,3,45,11,3.0,79,A
367078110,2020-08-19T05:15:53,36.83856,-76.28198,0.0,344.0,511.0,MARCELLE BORDELON,IMO9350379,WDJ2038,79,3,45,11,3.0,79,A
366839000,2020-08-19T05:09:56,36.85351,-76.31082,0.0,0.0,39.0,CAPE RISE,IMO7530808,KAFG,70,5,197,32,10.0,,A
366839000,2020-08-19T05:00:58,36.85347,-76.31085,0.0,0.0,39.0,CAPE RISE,IMO7530808,KAFG,70,5,197,32,10.0,,A
305855000,2020-08-19T05:11:47,36.86426,-76.31477,0.0,271.6,226.0,BBC PEARL,IMO9504786,V2FY8,70,5,153,23,9.1,70,A
215677000,2020-08-19T04:56:59,37.23870,-76.11515,0.1,162.3,227.0,RIZE,IMO9584035,9HA2781,70,1,229,32,14.5,,A
367861000,2020-08-19T05:18:00,36.94639,-76.32978,0.0,0.0,265.0,LARAMIE,IMO8906626,NLAR,80,5,193,29,,,A
538006982,2020-08-19T05:11:53,37.20766,-76.12201,0.1,103.5,202.0,ANTE TOPIC,IMO9737072,V7TR4,70,1,,,,,A
368026000,2020-08-19T05:12:20,36.86574,-76.31604,0.0,19.1,2.0,BENAVIDEZ,IMO9218210,NBHG,70,5,289,32,10.9,70,A
366733250,2020-08-19T05:18:02,37.23855,-76.47017,5.8,139.8,511.0,ATLANTIC SURVEYOR,,WTR5417,70,15,31,7,,,A
477196100,2020-08-19T05:12:50,37.19827,-76.13228,0.1,294.9,212.0,DARYA MA,IMO9591674,VRJH5,70,1,229,32,14.5,,A
477196100,2020-08-19T05:00:46,37.19830,-76.13232,0.1,184.7,215.0,DARYA MA,IMO9591674,VRJH5,70,1,229,32,14.5,,A
305855000,2020-08-19T04:59:47,36.86428,-76.31477,0.0,242.9,226.0,BBC PEARL,IMO9504786,V2FY8,70,5,153,23,9.1,70,A
305855000,2020-08-19T05:05:48,36.86429,-76.31477,0.0,257.2,226.0,BBC PEARL,IMO9504786,V2FY8,70,5,153,23,9.1,70,A
538006982,2020-08-19T05:02:53,37.20764,-76.12193,0.0,114.6,212.0,ANTE TOPIC,IMO9737072,V7TR4,70,1,,,,,A
215677000,2020-08-19T05:02:58,37.23859,-76.11502,0.1,175.1,231.0,RIZE,IMO9584035,9HA2781,70,1,229,32,14.5,,A
538006982,2020-08-19T05:20:53,37.20745,-76.12150,0.1,135.3,218.0,ANTE TOPIC,IMO9737072,V7TR4,70,1,,,,,A
215677000,2020-08-19T05:20:59,37.23848,-76.11495,0.1,358.3,239.0,RIZE,IMO9584035,9HA2781,70,1,229,32,14.5,,A
368026000,2020-08-19T05:03:20,36.86577,-76.31605,0.0,19.1,2.0,BENAVIDEZ,IMO9218210,NBHG,70,5,289,32,10.9,70,A
366839000,2020-08-19T05:06:59,36.85349,-76.31082,0.0,0.0,39.0,CAPE RISE,IMO7530808,KAFG,70,5,197,32,10.0,,A
477196100,2020-08-19T05:03:48,37.19837,-76.13238,0.1,294.9,212.0,DARYA MA,IMO9591674,VRJH5,70,1,229,32,14.5,,A
366839000,2020-08-19T05:15:57,36.85351,-76.31084,0.0,0.0,39.0,CAPE RISE,IMO7530808,KAFG,70,5,197,32,10.0,,A
367821000,2020-08-19T05:16:57,36.97283,-76.43365,0.0,0.0,511.0,YANO,IMO7825409,NAQH,70,0,276,32,13.0,70,A
367821000,2020-08-19T05:03:38,36.97283,-76.43367,0.0,0.0,511.0,YANO,IMO7825409,NAQH,70,0,276,32,13.0,70,A
367821000,2020-08-19T05:14:28,36.97283,-76.43366,0.0,0.0,511.0,YANO,IMO7825409,NAQH,70,0,276,32,13.0,70,A
367822000,2020-08-19T05:14:56,36.97311,-76.43381,0.0,0.0,238.0,USNS SHUGHART,IMO7825394,NAOQ,70,5,276,32,13.0,70,A
367078110,2020-08-19T05:07:22,36.83856,-76.28196,0.0,225.0,511.0,MARCELLE BORDELON,IMO9350379,WDJ2038,79,3,45,11,3.0,79,A
367078110,2020-08-19T05:17:23,36.83855,-76.28198,0.0,154.0,511.0,MARCELLE BORDELON,IMO9350379,WDJ2038,79,3,45,11,3.0,79,A
305855000,2020-08-19T05:17:49,36.86428,-76.31475,0.0,321.5,226.0,BBC PEARL,IMO9504786,V2FY8,70,5,153,23,9.1,70,A
538006982,2020-08-19T05:05:53,37.20767,-76.12204,0.2,286.0,210.0,ANTE TOPIC,IMO9737072,V7TR4,70,1,,,,,A
366839000,2020-08-19T05:21:54,36.85347,-76.31081,0.0,0.0,39.0,CAPE RISE,IMO7530808,KAFG,70,5,197,32,10.0,,A
367078110,2020-08-19T05:04:52,36.83855,-76.28198,0.0,79.0,511.0,MARCELLE BORDELON,IMO9350379,WDJ2038,79,3,45,11,3.0,79,A
305855000,2020-08-19T05:08:47,36.86429,-76.31478,0.0,271.6,226.0,BBC PEARL,IMO9504786,V2FY8,70,5,153,23,9.1,70,A
368026000,2020-08-19T05:18:21,36.86576,-76.31603,0.0,19.1,2.0,BENAVIDEZ,IMO9218210,NBHG,70,5,289,32,10.9,70,A
366839000,2020-08-19T05:18:54,36.85348,-76.31081,0.0,0.0,39.0,CAPE RISE,IMO7530808,KAFG,70,5,197,32,10.0,,A
367821000,2020-08-19T05:19:48,36.97283,-76.43365,0.0,0.0,511.0,YANO,IMO7825409,NAQH,70,0,276,32,13.0,70,A
305855000,2020-08-19T05:23:47,36.86429,-76.31476,0.0,322.6,226.0,BBC PEARL,IMO9504786,V2FY8,70,5,153,23,9.1,70,A
477196100,2020-08-19T05:06:48,37.19839,-76.13241,0.1,294.9,209.0,DARYA MA,IMO9591674,VRJH5,70,1,229,32,14.5,,A
538002652,2020-08-19T05:08:30,37.18277,-76.10867,0.1,133.0,208.0,NAIAS,IMO9330800,V7KN8,70,1,225,32,14.0,70,A
367822000,2020-08-19T05:26:56,36.97311,-76.43382,0.0,0.0,238.0,USNS SHUGHART,IMO7825394,NAOQ,70,5,276,32,13.0,70,A
367078110,2020-08-19T05:19:02,36.83855,-76.28197,0.0,34.0,511.0,MARCELLE BORDELON,IMO9350379,WDJ2038,79,3,45,11,3.0,79,A
366733250,2020-08-19T05:19:22,37.23751,-76.47134,5.4,278.5,511.0,ATLANTIC SURVEYOR,,WTR5417,70,15,31,7,,,A
538006982,2020-08-19T05:08:53,37.20767,-76.12211,0.0,345.1,204.0,ANTE TOPIC,IMO9737072,V7TR4,70,1,,,,,A
367821000,2020-08-19T05:22:38,36.97283,-76.43365,0.0,0.0,511.0,YANO,IMO7825409,NAQH,70,0,276,32,13.0,70,A
367822000,2020-08-19T05:08:54,36.97312,-76.43381,0.0,0.0,238.0,USNS SHUGHART,IMO7825394,NAOQ,70,5,276,32,13.0,70,A
215677000,2020-08-19T05:11:54,37.23836,-76.11490,0.1,168.2,239.0,RIZE,IMO9584035,9HA2781,70,1,229,32,14.5,,A
367861000,2020-08-19T05:06:00,36.94637,-76.32982,0.0,0.0,265.0,LARAMIE,IMO8906626,NLAR,80,5,193,29,,,A
538002652,2020-08-19T05:23:30,37.18262,-76.10837,0.0,345.0,218.0,NAIAS,IMO9330800,V7KN8,70,1,225,32,14.0,70,A
477196100,2020-08-19T05:09:47,37.19835,-76.13234,0.1,294.9,209.0,DARYA MA,IMO9591674,VRJH5,70,1,229,32,14.5,,A
367861000,2020-08-19T05:24:00,36.94635,-76.32976,0.0,0.0,265.0,LARAMIE,IMO8906626,NLAR,80,5,193,29,,,A
367821000,2020-08-19T05:25:18,36.97284,-76.43365,0.0,0.0,511.0,YANO,IMO7825409,NAQH,70,0,276,32,13.0,70,A
366839000,2020-08-19T05:12:59,36.85351,-76.31084,0.0,0.0,39.0,CAPE RISE,IMO7530808,KAFG,70,5,197,32,10.0,,A
367078110,2020-08-19T05:10:53,36.83855,-76.28195,0.0,248.0,511.0,MARCELLE BORDELON,IMO9350379,WDJ2038,79,3,45,11,3.0,79,A
367078110,2020-08-19T05:14:43,36.83856,-76.28198,0.0,326.0,511.0,MARCELLE BORDELON,IMO9350379,WDJ2038,79,3,45,11,3.0,79,A
368026000,2020-08-19T05:21:20,36.86574,-76.31602,0.0,19.1,2.0,BENAVIDEZ,IMO9218210,NBHG,70,5,289,32,10.9,70,A
367821000,2020-08-19T05:10:48,36.97283,-76.43366,0.0,0.0,511.0,YANO,IMO7825409,NAQH,70,0,276,32,13.0,70,A
538002652,2020-08-19T05:17:28,37.18265,-76.10837,0.0,115.0,220.0,NAIAS,IMO9330800,V7KN8,70,1,225,32,14.0,70,A
367932000,2020-08-19T05:17:17,36.94917,-76.32963,0.0,107.0,279.0,JOHN LENTHALL,IMO8325547,NJLN,80,5,193,29,,,A
367821000,2020-08-19T05:13:18,36.97283,-76.43366,0.0,0.0,511.0,YANO,IMO7825409,NAQH,70,0,276,32,13.0,70,A
477196100,2020-08-19T05:18:40,37.19822,-76.13211,0.1,69.5,217.0,DARYA MA,IMO9591674,VRJH5,70,1,229,32,14.5,,A
367932000,2020-08-19T05:14:16,36.94913,-76.32968,0.0,107.0,279.0,JOHN LENTHALL,IMO8325547,NJLN,80,5,193,29,,,A
215677000,2020-08-19T05:15:01,37.23832,-76.11488,0.1,244.1,244.0,RIZE,IMO9584035,9HA2781,70,1,229,32,14.5,,A
367821000,2020-08-19T05:20:57,36.97283,-76.43365,0.0,0.0,511.0,YANO,IMO7825409,NAQH,70,0,276,32,13.0,70,A
477196100,2020-08-19T05:21:45,37.19819,-76.13212,0.0,91.0,218.0,DARYA MA,IMO9591674,VRJH5,70,1,229,32,14.5,,A
367822000,2020-08-19T05:20:55,36.97311,-76.43381,0.0,0.0,238.0,USNS SHUGHART,IMO7825394,NAOQ,70,5,276,32,13.0,70,A
367078110,2020-08-19T05:12:12,36.83855,-76.28198,0.0,22.0,511.0,MARCELLE BORDELON,IMO9350379,WDJ2038,79,3,45,11,3.0,79,A
367821000,2020-08-19T05:35:38,36.97282,-76.43366,0.0,0.0,511.0,YANO,IMO7825409,NAQH,70,0,276,32,13.0,70,A
366839000,2020-08-19T05:36:59,36.85348,-76.31083,0.0,0.0,39.0,CAPE RISE,IMO7530808,KAFG,70,5,197,32,10.0,,A
367822000,2020-08-19T05:35:56,36.97310,-76.43381,0.0,0.0,238.0,USNS SHUGHART,IMO7825394,NAOQ,70,5,276,32,13.0,70,A
368026000,2020-08-19T05:15:20,36.86578,-76.31603,0.0,19.1,2.0,BENAVIDEZ,IMO9218210,NBHG,70,5,289,32,10.9,70,A
367861000,2020-08-19T05:15:01,36.94637,-76.32986,0.0,0.0,265.0,LARAMIE,IMO8906626,NLAR,80,5,193,29,,,A
367078110,2020-08-19T05:39:13,36.83856,-76.28197,0.0,348.0,511.0,MARCELLE BORDELON,IMO9350379,WDJ2038,79,3,45,11,3.0,79,A
367821000,2020-08-19T05:24:08,36.97284,-76.43365,0.0,0.0,511.0,YANO,IMO7825409,NAQH,70,0,276,32,13.0,70,A
367078110,2020-08-19T05:28:22,36.83855,-76.28198,0.0,137.0,511.0,MARCELLE BORDELON,IMO9350379,WDJ2038,79,3,45,11,3.0,79,A
477196100,2020-08-19T05:15:45,37.19823,-76.13219,0.2,93.2,214.0,DARYA MA,IMO9591674,VRJH5,70,1,229,32,14.5,,A
477196100,2020-08-19T05:27:46,37.19818,-76.13209,0.1,91.0,217.0,DARYA MA,IMO9591674,VRJH5,70,1,229,32,14.5,,A
366733250,2020-08-19T05:16:52,37.23833,-76.47256,6.4,39.0,511.0,ATLANTIC SURVEYOR,,WTR5417,70,15,31,7,,,A
367078110,2020-08-19T05:24:42,36.83855,-76.28198,0.0,351.0,511.0,MARCELLE BORDELON,IMO9350379,WDJ2038,79,3,45,11,3.0,79,A
538006982,2020-08-19T05:17:53,37.20750,-76.12164,0.2,122.1,213.0,ANTE TOPIC,IMO9737072,V7TR4,70,1,,,,,A
215677000,2020-08-19T05:17:55,37.23838,-76.11492,0.2,335.2,243.0,RIZE,IMO9584035,9HA2781,70,1,229,32,14.5,,A
305855000,2020-08-19T05:32:46,36.86425,-76.31478,0.0,322.6,226.0,BBC PEARL,IMO9504786,V2FY8,70,5,153,23,9.1,70,A
367822000,2020-08-19T05:17:56,36.97311,-76.43381,0.0,0.0,238.0,USNS SHUGHART,IMO7825394,NAOQ,70,5,276,32,13.0,70,A
367078110,2020-08-19T05:26:42,36.83855,-76.28198,0.0,359.0,511.0,MARCELLE BORDELON,IMO9350379,WDJ2038,79,3,45,11,3.0,79,A
367821000,2020-08-19T05:26:48,36.97284,-76.43365,0.0,0.0,511.0,YANO,IMO7825409,NAQH,70,0,276,32,13.0,70,A
368026000,2020-08-19T05:30:20,36.86576,-76.31604,0.0,19.1,2.0,BENAVIDEZ,IMO9218210,NBHG,70,5,289,32,10.9,70,A
367821000,2020-08-19T05:41:28,36.97281,-76.43368,0.0,0.0,511.0,YANO,IMO7825409,NAQH,70,0,276,32,13.0,70,A
367861000,2020-08-19T05:21:01,36.94636,-76.32978,0.0,0.0,265.0,LARAMIE,IMO8906626,NLAR,80,5,193,29,,,A
367932000,2020-08-19T05:29:16,36.94917,-76.32971,0.0,107.0,279.0,JOHN LENTHALL,IMO8325547,NJLN,80,5,193,29,,,A
538006982,2020-08-19T05:35:53,37.20733,-76.12135,0.0,151.5,226.0,ANTE TOPIC,IMO9737072,V7TR4,70,1,,,,,A
366733250,2020-08-19T00:03:32,37.22776,-76.44349,4.0,273.8,511.0,ATLANTIC SURVEYOR,,WTR5417,70,15,31,7,,,A
367822000,2020-08-19T05:41:55,36.97312,-76.43382,0.0,0.0,238.0,USNS SHUGHART,IMO7825394,NAOQ,70,5,276,32,13.0,70,A
367822000,2020-08-19T05:29:55,36.97312,-76.43382,0.0,0.0,238.0,USNS SHUGHART,IMO7825394,NAOQ,70,5,276,32,13.0,70,A
367078110,2020-08-19T05:20:12,36.83855,-76.28197,0.0,290.0,511.0,MARCELLE BORDELON,IMO9350379,WDJ2038,79,3,45,11,3.0,79,A
367078110,2020-08-19T05:21:32,36.83855,-76.28198,0.0,125.0,511.0,MARCELLE BORDELON,IMO9350379,WDJ2038,79,3,45,11,3.0,79,A
538006982,2020-08-19T05:26:53,37.20737,-76.12138,0.1,161.6,225.0,ANTE TOPIC,IMO9737072,V7TR4,70,1,,,,,A
367821000,2020-08-19T05:27:57,36.97284,-76.43365,0.0,0.0,511.0,YANO,IMO7825409,NAQH,70,0,276,32,13.0,70,A
367932000,2020-08-19T05:20:17,36.94916,-76.32967,0.0,107.0,279.0,JOHN LENTHALL,IMO8325547,NJLN,80,5,193,29,,,A
368026000,2020-08-19T05:33:21,36.86574,-76.31602,0.0,19.1,2.0,BENAVIDEZ,IMO9218210,NBHG,70,5,289,32,10.9,70,A
367078110,2020-08-19T05:34:13,36.83855,-76.28198,0.0,67.0,511.0,MARCELLE BORDELON,IMO9350379,WDJ2038,79,3,45,11,3.0,79,A
477196100,2020-08-19T05:36:41,37.19805,-76.13197,0.1,162.1,222.0,DARYA MA,IMO9591674,VRJH5,70,1,229,32,14.5,,A
538002652,2020-08-19T05:20:31,37.18270,-76.10845,0.0,290.0,220.0,NAIAS,IMO9330800,V7KN8,70,1,225,32,14.0,70,A
538002652,2020-08-19T05:29:28,37.18267,-76.10827,0.0,146.0,219.0,NAIAS,IMO9330800,V7KN8,70,1,225,32,14.0,70,A
367078110,2020-08-19T05:29:42,36.83855,-76.28198,0.0,135.0,511.0,MARCELLE BORDELON,IMO9350379,WDJ2038,79,3,45,11,3.0,79,A
367822000,2020-08-19T05:23:56,36.97311,-76.43382,0.0,0.0,238.0,USNS SHUGHART,IMO7825394,NAOQ,70,5,276,32,13.0,70,A
477196100,2020-08-19T05:33:45,37.19810,-76.13203,0.1,186.3,220.0,DARYA MA,IMO9591674,VRJH5,70,1,229,32,14.5,,A
367078110,2020-08-19T05:23:04,36.83855,-76.28198,0.0,212.0,511.0,MARCELLE BORDELON,IMO9350379,WDJ2038,79,3,45,11,3.0,79,A
367861000,2020-08-19T05:45:01,36.94638,-76.32988,0.0,0.0,265.0,LARAMIE,IMO8906626,NLAR,80,5,193,29,,,A
367861000,2020-08-19T05:30:01,36.94640,-76.32982,0.0,0.0,265.0,LARAMIE,IMO8906626,NLAR,80,5,193,29,,,A
538006982,2020-08-19T05:23:53,37.20738,-76.12143,0.1,151.2,223.0,ANTE TOPIC,IMO9737072,V7TR4,70,1,,,,,A
215677000,2020-08-19T05:36:02,37.23813,-76.11470,0.2,159.6,237.0,RIZE,IMO9584035,9HA2781,70,1,229,32,14.5,,A
367932000,2020-08-19T05:23:16,36.94920,-76.32990,0.0,107.0,279.0,JOHN LENTHALL,IMO8325547,NJLN,80,5,193,29,,,A
305855000,2020-08-19T05:35:46,36.86427,-76.31477,0.0,322.6,226.0,BBC PEARL,IMO9504786,V2FY8,70,5,153,23,9.1,70,A
368026000,2020-08-19T05:24:22,36.86576,-76.31603,0.0,19.1,2.0,BENAVIDEZ,IMO9218210,NBHG,70,5,289,32,10.9,70,A
538002652,2020-08-19T05:35:28,37.18252,-76.10810,0.0,115.0,224.0,NAIAS,IMO9330800,V7KN8,70,1,225,32,14.0,70,A
367821000,2020-08-19T05:49:28,36.97282,-76.43368,0.0,0.0,511.0,YANO,IMO7825409,NAQH,70,0,276,32,13.0,70,A
215677000,2020-08-19T05:23:58,37.23853,-76.11496,0.1,28.7,236.0,RIZE,IMO9584035,9HA2781,70,1,229,32,14.5,,A
366839000,2020-08-19T05:24:57,36.85353,-76.31079,0.0,0.0,39.0,CAPE RISE,IMO7530808,KAFG,70,5,197,32,10.0,,A
366839000,2020-08-19T05:42:59,36.85350,-76.31083,0.0,0.0,39.0,CAPE RISE,IMO7530808,KAFG,70,5,197,32,10.0,,A
367932000,2020-08-19T05:47:17,36.94921,-76.32972,0.0,107.0,279.0,JOHN LENTHALL,IMO8325547,NJLN,80,5,193,29,,,A
305855000,2020-08-19T05:44:47,36.86427,-76.31477,0.0,322.6,226.0,BBC PEARL,IMO9504786,V2FY8,70,5,153,23,9.1,70,A
305855000,2020-08-19T05:50:48,36.86429,-76.31475,0.0,322.6,227.0,BBC PEARL,IMO9504786,V2FY8,70,5,153,23,9.1,70,A
367861000,2020-08-19T05:27:01,36.94637,-76.32979,0.0,0.0,265.0,LARAMIE,IMO8906626,NLAR,80,5,193,29,,,A
367861000,2020-08-19T05:39:01,36.94645,-76.32978,0.0,0.0,265.0,LARAMIE,IMO8906626,NLAR,80,5,193,29,,,A
368026000,2020-08-19T05:27:21,36.86576,-76.31604,0.0,19.1,2.0,BENAVIDEZ,IMO9218210,NBHG,70,5,289,32,10.9,70,A
538002652,2020-08-19T05:26:29,37.18273,-76.10832,0.0,345.0,218.0,NAIAS,IMO9330800,V7KN8,70,1,225,32,14.0,70,A
215677000,2020-08-19T05:27:00,37.23856,-76.11495,0.1,28.7,232.0,RIZE,IMO9584035,9HA2781,70,1,229,32,14.5,,A
367822000,2020-08-19T05:50:55,36.97311,-76.43382,0.0,0.0,238.0,USNS SHUGHART,IMO7825394,NAOQ,70,5,276,32,13.0,70,A
367932000,2020-08-19T05:26:16,36.94921,-76.32972,0.0,107.0,279.0,JOHN LENTHALL,IMO8325547,NJLN,80,5,193,29,,,A
367821000,2020-08-19T05:53:37,36.97283,-76.43368,0.0,0.0,511.0,YANO,IMO7825409,NAQH,70,0,276,32,13.0,70,A
367078110,2020-08-19T05:37:53,36.83855,-76.28198,0.0,294.0,511.0,MARCELLE BORDELON,IMO9350379,WDJ2038,79,3,45,11,3.0,79,A
305855000,2020-08-19T05:53:47,36.86430,-76.31477,0.0,322.6,227.0,BBC PEARL,IMO9504786,V2FY8,70,5,153,23,9.1,70,A
477196100,2020-08-19T05:39:43,37.19802,-76.13190,0.1,108.0,224.0,DARYA MA,IMO9591674,VRJH5,70,1,229,32,14.5,,A
367821000,2020-08-19T05:30:27,36.97284,-76.43365,0.0,0.0,511.0,YANO,IMO7825409,NAQH,70,0,276,32,13.0,70,A
367821000,2020-08-19T05:43:07,36.97281,-76.43368,0.0,0.0,511.0,YANO,IMO7825409,NAQH,70,0,276,32,13.0,70,A
305855000,2020-08-19T05:29:48,36.86427,-76.31481,0.0,322.6,226.0,BBC PEARL,IMO9504786,V2FY8,70,5,153,23,9.1,70,A
538006982,2020-08-19T05:41:53,37.20730,-76.12132,0.0,166.3,228.0,ANTE TOPIC,IMO9737072,V7TR4,70,1,,,,,A
215677000,2020-08-19T05:30:00,37.23848,-76.11489,0.2,154.3,230.0,RIZE,IMO9584035,9HA2781,70,1,229,32,14.5,,A
367078110,2020-08-19T05:43:13,36.83855,-76.28198,0.0,59.0,511.0,MARCELLE BORDELON,IMO9350379,WDJ2038,79,3,45,11,3.0,79,A
368026000,2020-08-19T05:48:20,36.86573,-76.31603,0.0,19.1,2.0,BENAVIDEZ,IMO9218210,NBHG,70,5,289,32,10.9,70,A
215677000,2020-08-19T05:48:02,37.23766,-76.11447,0.2,127.7,255.0,RIZE,IMO9584035,9HA2781,70,1,229,32,14.5,,A
368026000,2020-08-19T05:51:22,36.86575,-76.31604,0.0,19.1,2.0,BENAVIDEZ,IMO9218210,NBHG,70,5,289,32,10.9,70,A
367078110,2020-08-19T05:31:22,36.83855,-76.28198,0.0,207.0,511.0,MARCELLE BORDELON,IMO9350379,WDJ2038,79,3,45,11,3.0,79,A
367822000,2020-08-19T05:56:55,36.97311,-76.43383,0.0,0.0,238.0,USNS SHUGHART,IMO7825394,NAOQ,70,5,276,32,13.0,70,A
366839000,2020-08-19T05:54:58,36.85348,-76.31084,0.0,0.0,39.0,CAPE RISE,IMO7530808,KAFG,70,5,197,32,10.0,,A
366839000,2020-08-19T05:30:58,36.85352,-76.31084,0.0,0.0,39.0,CAPE RISE,IMO7530808,KAFG,70,5,197,32,10.0,,A
367078110,2020-08-19T05:32:53,36.83855,-76.28198,0.0,130.0,511.0,MARCELLE BORDELON,IMO9350379,WDJ2038,79,3,45,11,3.0,79,A
367821000,2020-08-19T05:29:07,36.97284,-76.43365,0.0,0.0,511.0,YANO,IMO7825409,NAQH,70,0,276,32,13.0,70,A
367821000,2020-08-19T05:44:18,36.97281,-76.43368,0.0,0.0,511.0,YANO,IMO7825409,NAQH,70,0,276,32,13.0,70,A
367822000,2020-08-19T05:32:55,36.97310,-76.43381,0.0,0.0,238.0,USNS SHUGHART,IMO7825394,NAOQ,70,5,276,32,13.0,70,A
367821000,2020-08-19T05:34:07,36.97280,-76.43366,0.0,0.0,511.0,YANO,IMO7825409,NAQH,70,0,276,32,13.0,70,A
367821000,2020-08-19T05:32:17,36.97284,-76.43365,0.0,0.0,511.0,YANO,IMO7825409,NAQH,70,0,276,32,13.0,70,A
477196100,2020-08-19T05:42:44,37.19801,-76.13189,0.2,74.8,226.0,DARYA MA,IMO9591674,VRJH5,70,1,229,32,14.5,,A
367821000,2020-08-19T00:04:48,36.97281,-76.43365,0.0,0.0,511.0,YANO,IMO7825409,NAQH,70,0,276,32,13.0,70,A
215677000,2020-08-19T05:33:01,37.23832,-76.11480,0.2,156.8,232.0,RIZE,IMO9584035,9HA2781,70,1,229,32,14.5,,A
477196100,2020-08-19T05:30:46,37.19815,-76.13206,0.1,173.5,218.0,DARYA MA,IMO9591674,VRJH5,70,1,229,32,14.5,,A
538002953,2020-08-19T00:04:26,37.04894,-76.07759,19.5,327.0,323.0,SCT SANTIAGO,IMO9302566,V7NF7,70,0,294,32,13.5,71,A
538006982,2020-08-19T05:44:53,37.20729,-76.12129,0.0,148.1,228.0,ANTE TOPIC,IMO9737072,V7TR4,70,1,,,,,A
367078110,2020-08-19T05:45:52,36.83855,-76.28197,0.0,83.0,511.0,MARCELLE BORDELON,IMO9350379,WDJ2038,79,3,45,11,3.0,79,A
538002652,2020-08-19T05:59:30,37.18200,-76.10763,0.1,147.0,242.0,NAIAS,IMO9330800,V7KN8,70,1,225,32,14.0,70,A
538006982,2020-08-19T05:32:53,37.20735,-76.12137,0.0,281.7,225.0,ANTE TOPIC,IMO9737072,V7TR4,70,1,,,,,A
367932000,2020-08-19T05:35:16,36.94915,-76.32967,0.0,107.0,279.0,JOHN LENTHALL,IMO8325547,NJLN,80,5,193,29,,,A
367078110,2020-08-19T05:59:52,36.83855,-76.28198,0.0,2.0,511.0,MARCELLE BORDELON,IMO9350379,WDJ2038,79,3,45,11,3.0,79,A
367821000,2020-08-19T05:45:58,36.97281,-76.43368,0.0,0.0,511.0,YANO,IMO7825409,NAQH,70,0,276,32,13.0,70,A
367821000,2020-08-19T05:36:58,36.97281,-76.43367,0.0,0.0,511.0,YANO,IMO7825409,NAQH,70,0,276,32,13.0,70,A
367821000,2020-08-19T05:47:07,36.97282,-76.43368,0.0,0.0,511.0,YANO,IMO7825409,NAQH,70,0,276,32,13.0,70,A
366839000,2020-08-19T06:00:54,36.85347,-76.31081,0.0,0.0,39.0,CAPE RISE,IMO7530808,KAFG,70,5,197,32,10.0,,A
367861000,2020-08-19T05:36:01,36.94641,-76.32982,0.0,0.0,265.0,LARAMIE,IMO8906626,NLAR,80,5,193,29,,,A
368026000,2020-08-19T05:36:20,36.86576,-76.31605,0.0,19.1,2.0,BENAVIDEZ,IMO9218210,NBHG,70,5,289,32,10.9,70,A
367078110,2020-08-19T05:49:52,36.83854,-76.28197,0.0,43.0,511.0,MARCELLE BORDELON,IMO9350379,WDJ2038,79,3,45,11,3.0,79,A
538002652,2020-08-19T05:47:31,37.18242,-76.10800,0.0,112.0,228.0,NAIAS,IMO9330800,V7KN8,70,1,225,32,14.0,70,A
366839000,2020-08-19T05:45:59,36.85347,-76.31081,0.0,0.0,39.0,CAPE RISE,IMO7530808,KAFG,70,5,197,32,10.0,,A
367932000,2020-08-19T05:32:17,36.94921,-76.32987,0.0,107.0,279.0,JOHN LENTHALL,IMO8325547,NJLN,80,5,193,29,,,A
367078110,2020-08-19T05:51:04,36.83854,-76.28198,0.0,127.0,511.0,MARCELLE BORDELON,IMO9350379,WDJ2038,79,3,45,11,3.0,79,A
366839000,2020-08-19T05:33:56,36.85350,-76.31081,0.0,0.0,39.0,CAPE RISE,IMO7530808,KAFG,70,5,197,32,10.0,,A
367822000,2020-08-19T06:02:55,36.97314,-76.43383,0.0,0.0,238.0,USNS SHUGHART,IMO7825394,NAOQ,70,5,276,32,13.0,70,A
367932000,2020-08-19T06:02:18,36.94915,-76.32970,0.0,107.0,279.0,JOHN LENTHALL,IMO8325547,NJLN,80,5,193,29,,,A
538002652,2020-08-19T05:53:30,37.18225,-76.10782,0.1,152.0,233.0,NAIAS,IMO9330800,V7KN8,70,1,225,32,14.0,70,A
367078110,2020-08-19T05:58:42,36.83854,-76.28198,0.0,86.0,511.0,MARCELLE BORDELON,IMO9350379,WDJ2038,79,3,45,11,3.0,79,A
367821000,2020-08-19T06:05:57,36.97284,-76.43367,0.0,0.0,511.0,YANO,IMO7825409,NAQH,70,0,276,32,13.0,70,A
477196100,2020-08-19T05:51:45,37.19777,-76.13172,0.2,165.2,229.0,DARYA MA,IMO9591674,VRJH5,70,1,229,32,14.5,,A
215677000,2020-08-19T06:00:00,37.23743,-76.11447,0.1,186.5,259.0,RIZE,IMO9584035,9HA2781,70,1,229,32,14.5,,A
367822000,2020-08-19T05:59:56,36.97311,-76.43383,0.0,0.0,238.0,USNS SHUGHART,IMO7825394,NAOQ,70,5,276,32,13.0,70,A
366839000,2020-08-19T05:51:58,36.85351,-76.31080,0.0,0.0,39.0,CAPE RISE,IMO7530808,KAFG,70,5,197,32,10.0,,A
366839000,2020-08-19T05:39:58,36.85352,-76.31080,0.0,0.0,39.0,CAPE RISE,IMO7530808,KAFG,70,5,197,32,10.0,,A
367078110,2020-08-19T05:35:53,36.83855,-76.28199,0.0,48.0,511.0,MARCELLE BORDELON,IMO9350379,WDJ2038,79,3,45,11,3.0,79,A
367932000,2020-08-19T05:38:17,36.94919,-76.32969,0.0,107.0,279.0,JOHN LENTHALL,IMO8325547,NJLN,80,5,193,29,,,A
367861000,2020-08-19T05:51:01,36.94642,-76.32985,0.0,0.0,265.0,LARAMIE,IMO8906626,NLAR,80,5,193,29,,,A
305855000,2020-08-19T05:38:47,36.86430,-76.31479,0.0,322.6,226.0,BBC PEARL,IMO9504786,V2FY8,70,5,153,23,9.1,70,A
215677000,2020-08-19T05:39:00,37.23792,-76.11459,0.3,157.3,243.0,RIZE,IMO9584035,9HA2781,70,1,229,32,14.5,,A
367821000,2020-08-19T05:40:08,36.97280,-76.43367,0.0,0.0,511.0,YANO,IMO7825409,NAQH,70,0,276,32,13.0,70,A
215677000,2020-08-19T05:51:00,37.23764,-76.11447,0.1,100.7,257.0,RIZE,IMO9584035,9HA2781,70,1,229,32,14.5,,A
367821000,2020-08-19T05:56:07,36.97283,-76.43368,0.0,0.0,511.0,YANO,IMO7825409,NAQH,70,0,276,32,13.0,70,A
367821000,2020-08-19T05:38:08,36.97281,-76.43367,0.0,0.0,511.0,YANO,IMO7825409,NAQH,70,0,276,32,13.0,70,A
367078110,2020-08-19T06:01:13,36.83854,-76.28198,0.0,291.0,511.0,MARCELLE BORDELON,IMO9350379,WDJ2038,79,3,45,11,3.0,79,A
367861000,2020-08-19T05:54:00,36.94645,-76.32989,0.0,0.0,265.0,LARAMIE,IMO8906626,NLAR,80,5,193,29,,,A
367078110,2020-08-19T05:41:02,36.83855,-76.28198,0.0,14.0,511.0,MARCELLE BORDELON,IMO9350379,WDJ2038,79,3,45,11,3.0,79,A
215677000,2020-08-19T05:54:01,37.23761,-76.11446,0.2,118.2,256.0,RIZE,IMO9584035,9HA2781,70,1,229,32,14.5,,A
215677000,2020-08-19T05:42:01,37.23780,-76.11451,0.2,139.6,249.0,RIZE,IMO9584035,9HA2781,70,1,229,32,14.5,,A
367821000,2020-08-19T05:58:38,36.97284,-76.43368,0.0,0.0,511.0,YANO,IMO7825409,NAQH,70,0,276,32,13.0,70,A
367821000,2020-08-19T05:54:38,36.97283,-76.43368,0.0,0.0,511.0,YANO,IMO7825409,NAQH,70,0,276,32,13.0,70,A
538002652,2020-08-19T05:38:30,37.18252,-76.10805,0.0,112.0,229.0,NAIAS,IMO9330800,V7KN8,70,1,225,32,14.0,70,A
305855000,2020-08-19T05:41:48,36.86425,-76.31477,0.0,322.6,226.0,BBC PEARL,IMO9504786,V2FY8,70,5,153,23,9.1,70,A
368026000,2020-08-19T05:39:20,36.86572,-76.31603,0.0,19.1,2.0,BENAVIDEZ,IMO9218210,NBHG,70,5,289,32,10.9,70,A
367078110,2020-08-19T06:08:23,36.83854,-76.28198,0.0,346.0,511.0,MARCELLE BORDELON,IMO9350379,WDJ2038,79,3,45,11,3.0,79,A
538006982,2020-08-19T05:38:53,37.20731,-76.12133,0.0,166.3,227.0,ANTE TOPIC,IMO9737072,V7TR4,70,1,,,,,A
538006982,2020-08-19T06:08:53,37.20681,-76.12093,0.2,184.4,242.0,ANTE TOPIC,IMO9737072,V7TR4,70,1,,,,,A
367078110,2020-08-19T06:09:32,36.83854,-76.28198,0.0,88.0,511.0,MARCELLE BORDELON,IMO9350379,WDJ2038,79,3,45,11,3.0,79,A
368026000,2020-08-19T06:03:21,36.86576,-76.31604,0.0,19.1,2.0,BENAVIDEZ,IMO9218210,NBHG,70,5,289,32,10.9,70,A
367822000,2020-08-19T05:53:55,36.97311,-76.43382,0.0,0.0,238.0,USNS SHUGHART,IMO7825394,NAOQ,70,5,276,32,13.0,70,A
538002652,2020-08-19T05:44:28,37.18247,-76.10807,0.0,112.0,229.0,NAIAS,IMO9330800,V7KN8,70,1,225,32,14.0,70,A
367822000,2020-08-19T05:44:55,36.97312,-76.43383,0.0,0.0,238.0,USNS SHUGHART,IMO7825394,NAOQ,70,5,276,32,13.0,70,A
538006982,2020-08-19T06:11:53,37.20671,-76.12089,0.2,163.9,244.0,ANTE TOPIC,IMO9737072,V7TR4,70,1,,,,,A
367932000,2020-08-19T05:44:17,36.94919,-76.32965,0.0,107.0,279.0,JOHN LENTHALL,IMO8325547,NJLN,80,5,193,29,,,A
367861000,2020-08-19T06:06:00,36.94637,-76.32986,0.0,0.0,265.0,LARAMIE,IMO8906626,NLAR,80,5,193,29,,,A
538002652,2020-08-19T05:56:30,37.18212,-76.10772,0.1,138.0,237.0,NAIAS,IMO9330800,V7KN8,70,1,225,32,14.0,70,A
477196100,2020-08-19T05:45:43,37.19795,-76.13185,0.1,71.2,226.0,DARYA MA,IMO9591674,VRJH5,70,1,229,32,14.5,,A
305855000,2020-08-19T05:47:47,36.86427,-76.31477,0.0,322.6,226.0,BBC PEARL,IMO9504786,V2FY8,70,5,153,23,9.1,70,A
367078110,2020-08-19T05:48:12,36.83855,-76.28197,0.0,127.0,511.0,MARCELLE BORDELON,IMO9350379,WDJ2038,79,3,45,11,3.0,79,A
367822000,2020-08-19T05:47:55,36.97311,-76.43382,0.0,0.0,238.0,USNS SHUGHART,IMO7825394,NAOQ,70,5,276,32,13.0,70,A
366839000,2020-08-19T06:06:58,36.85349,-76.31083,0.0,0.0,39.0,CAPE RISE,IMO7530808,KAFG,70,5,197,32,10.0,,A
367861000,2020-08-19T06:03:01,36.94633,-76.32982,0.0,0.0,265.0,LARAMIE,IMO8906626,NLAR,80,5,193,29,,,A
367821000,2020-08-19T05:50:38,36.97283,-76.43368,0.0,0.0,511.0,YANO,IMO7825409,NAQH,70,0,276,32,13.0,70,A
366839000,2020-08-19T05:48:58,36.85349,-76.31082,0.0,0.0,39.0,CAPE RISE,IMO7530808,KAFG,70,5,197,32,10.0,,A
367821000,2020-08-19T06:15:47,36.97282,-76.43365,0.0,0.0,511.0,YANO,IMO7825409,NAQH,70,0,276,32,13.0,70,A
215677000,2020-08-19T05:45:00,37.23772,-76.11449,0.1,127.1,252.0,RIZE,IMO9584035,9HA2781,70,1,229,32,14.5,,A
366839000,2020-08-19T05:57:59,36.85349,-76.31079,0.0,0.0,39.0,CAPE RISE,IMO7530808,KAFG,70,5,197,32,10.0,,A
368026000,2020-08-19T05:45:20,36.86576,-76.31605,0.0,19.1,2.0,BENAVIDEZ,IMO9218210,NBHG,70,5,289,32,10.9,70,A
367078110,2020-08-19T05:47:02,36.83855,-76.28198,0.0,251.0,511.0,MARCELLE BORDELON,IMO9350379,WDJ2038,79,3,45,11,3.0,79,A
367822000,2020-08-19T06:08:55,36.97313,-76.43382,0.0,0.0,238.0,USNS SHUGHART,IMO7825394,NAOQ,70,5,276,32,13.0,70,A
367861000,2020-08-19T06:09:01,36.94644,-76.32994,0.0,0.0,265.0,LARAMIE,IMO8906626,NLAR,80,5,193,29,,,A
538002652,2020-08-19T06:08:30,37.18173,-76.10750,0.0,163.0,250.0,NAIAS,IMO9330800,V7KN8,70,1,225,32,14.0,70,A
367821000,2020-08-19T05:52:18,36.97283,-76.43368,0.0,0.0,511.0,YANO,IMO7825409,NAQH,70,0,276,32,13.0,70,A
367821000,2020-08-19T06:09:18,36.97286,-76.43365,0.0,0.0,511.0,YANO,IMO7825409,NAQH,70,0,276,32,13.0,70,A
538006982,2020-08-19T05:59:53,37.20700,-76.12104,0.1,170.1,238.0,ANTE TOPIC,IMO9737072,V7TR4,70,1,,,,,A
215677000,2020-08-19T06:05:54,37.23726,-76.11447,0.1,210.5,263.0,RIZE,IMO9584035,9HA2781,70,1,229,32,14.5,,A
367861000,2020-08-19T05:48:00,36.94637,-76.32985,0.0,0.0,265.0,LARAMIE,IMO8906626,NLAR,80,5,193,29,,,A
305855000,2020-08-19T06:05:49,36.86426,-76.31479,0.0,41.8,226.0,BBC PEARL,IMO9504786,V2FY8,70,5,153,23,9.1,70,A
368026000,2020-08-19T05:54:21,36.86576,-76.31605,0.0,19.1,2.0,BENAVIDEZ,IMO9218210,NBHG,70,5,289,32,10.9,70,A
366839000,2020-08-19T06:18:57,36.85348,-76.31082,0.0,0.0,39.0,CAPE RISE,IMO7530808,KAFG,70,5,197,32,10.0,,A
538006982,2020-08-19T05:53:53,37.20717,-76.12115,0.1,160.4,231.0,ANTE TOPIC,IMO9737072,V7TR4,70,1,,,,,A
367078110,2020-08-19T05:56:23,36.83854,-76.28197,0.0,338.0,511.0,MARCELLE BORDELON,IMO9350379,WDJ2038,79,3,45,11,3.0,79,A
367932000,2020-08-19T05:53:17,36.94924,-76.32971,0.0,107.0,279.0,JOHN LENTHALL,IMO8325547,NJLN,80,5,193,29,,,A
367821000,2020-08-19T06:02:28,36.97284,-76.43367,0.0,0.0,511.0,YANO,IMO7825409,NAQH,70,0,276,32,13.0,70,A
305855000,2020-08-19T06:11:47,36.86429,-76.31475,0.0,251.9,226.0,BBC PEARL,IMO9504786,V2FY8,70,5,153,23,9.1,70,A
477196100,2020-08-19T05:48:43,37.19787,-76.13181,0.1,168.6,227.0,DARYA MA,IMO9591674,VRJH5,70,1,229,32,14.5,,A
367861000,2020-08-19T06:12:01,36.94636,-76.32985,0.0,0.0,265.0,LARAMIE,IMO8906626,NLAR,80,5,193,29,,,A
367821000,2020-08-19T05:57:28,36.97284,-76.43368,0.0,0.0,511.0,YANO,IMO7825409,NAQH,70,0,276,32,13.0,70,A
477196100,2020-08-19T05:54:45,37.19766,-76.13166,0.2,160.0,233.0,DARYA MA,IMO9591674,VRJH5,70,1,229,32,14.5,,A
367932000,2020-08-19T06:20:16,36.94920,-76.32970,0.0,107.0,279.0,JOHN LENTHALL,IMO8325547,NJLN,80,5,193,29,,,A
367078110,2020-08-19T05:52:52,36.83855,-76.28197,0.0,92.0,511.0,MARCELLE BORDELON,IMO9350379,WDJ2038,79,3,45,11,3.0,79,A
538006982,2020-08-19T05:50:53,37.20723,-76.12122,0.1,151.4,230.0,ANTE TOPIC,IMO9737072,V7TR4,70,1,,,,,A
367861000,2020-08-19T05:57:00,36.94640,-76.32988,0.0,0.0,265.0,LARAMIE,IMO8906626,NLAR,80,5,193,29,,,A
305855000,2020-08-19T06:08:46,36.86424,-76.31478,0.0,251.8,226.0,BBC PEARL,IMO9504786,V2FY8,70,5,153,23,9.1,70,A
305855000,2020-08-19T06:23:47,36.86431,-76.31473,0.0,250.7,226.0,BBC PEARL,IMO9504786,V2FY8,70,5,153,23,9.1,70,A
367078110,2020-08-19T06:24:03,36.83853,-76.28199,0.0,278.0,511.0,MARCELLE BORDELON,IMO9350379,WDJ2038,79,3,45,11,3.0,79,A
538002652,2020-08-19T06:23:30,37.18132,-76.10738,0.1,170.0,264.0,NAIAS,IMO9330800,V7KN8,70,1,225,32,14.0,70,A
477196100,2020-08-19T05:57:47,37.19755,-76.13159,0.2,159.8,237.0,DARYA MA,IMO9591674,VRJH5,70,1,229,32,14.5,,A
367932000,2020-08-19T06:05:17,36.94916,-76.32968,0.0,107.0,279.0,JOHN LENTHALL,IMO8325547,NJLN,80,5,193,29,,,A
368026000,2020-08-19T06:24:21,36.86577,-76.31605,0.0,19.1,2.0,BENAVIDEZ,IMO9218210,NBHG,70,5,289,32,10.9,70,A
305855000,2020-08-19T05:59:49,36.86430,-76.31476,0.0,37.9,227.0,BBC PEARL,IMO9504786,V2FY8,70,5,153,23,9.1,70,A
367821000,2020-08-19T05:59:48,36.97284,-76.43367,0.0,0.0,511.0,YANO,IMO7825409,NAQH,70,0,276,32,13.0,70,A
366839000,2020-08-19T06:09:54,36.85349,-76.31083,0.0,0.0,39.0,CAPE RISE,IMO7530808,KAFG,70,5,197,32,10.0,,A
215677000,2020-08-19T06:00:00,37.23743,-76.11447,0.1,186.5,259.0,RIZE,IMO9584035,9HA2781,70,1,229,32,14.5,,A
367078110,2020-08-19T05:57:32,36.83854,-76.28198,0.0,53.0,511.0,MARCELLE BORDELON,IMO9350379,WDJ2038,79,3,45,11,3.0,79,A
305855000,2020-08-19T05:56:48,36.86429,-76.31481,0.0,257.6,227.0,BBC PEARL,IMO9504786,V2FY8,70,5,153,23,9.1,70,A
477196100,2020-08-19T06:00:46,37.19744,-76.13152,0.2,174.7,241.0,DARYA MA,IMO9591674,VRJH5,70,1,229,32,14.5,,A
367932000,2020-08-19T06:11:17,36.94920,-76.32963,0.0,107.0,279.0,JOHN LENTHALL,IMO8325547,NJLN,80,5,193,29,,,A
367821000,2020-08-19T06:28:17,36.97282,-76.43366,0.0,0.0,511.0,YANO,IMO7825409,NAQH,70,0,276,32,13.0,70,A
366839000,2020-08-19T06:12:56,36.85350,-76.31085,0.0,0.0,39.0,CAPE RISE,IMO7530808,KAFG,70,5,197,32,10.0,,A
367821000,2020-08-19T06:01:18,36.97284,-76.43367,0.0,0.0,511.0,YANO,IMO7825409,NAQH,70,0,276,32,13.0,70,A
367078110,2020-08-19T06:11:02,36.83854,-76.28198,0.0,350.0,511.0,MARCELLE BORDELON,IMO9350379,WDJ2038,79,3,45,11,3.0,79,A
538002652,2020-08-19T06:14:29,37.18157,-76.10745,0.1,164.0,256.0,NAIAS,IMO9330800,V7KN8,70,1,225,32,14.0,70,A
367821000,2020-08-19T06:18:38,36.97282,-76.43364,0.0,0.0,511.0,YANO,IMO7825409,NAQH,70,0,276,32,13.0,70,A
367078110,2020-08-19T06:00:03,36.83854,-76.28198,0.0,164.0,511.0,MARCELLE BORDELON,IMO9350379,WDJ2038,79,3,45,11,3.0,79,A
215677000,2020-08-19T06:02:56,37.23732,-76.11447,0.1,188.4,262.0,RIZE,IMO9584035,9HA2781,70,1,229,32,14.5,,A
367861000,2020-08-19T06:15:01,36.94640,-76.32978,0.0,0.0,265.0,LARAMIE,IMO8906626,NLAR,80,5,193,29,,,A
368026000,2020-08-19T06:15:20,36.86575,-76.31604,0.0,19.1,2.0,BENAVIDEZ,IMO9218210,NBHG,70,5,289,32,10.9,70,A
367822000,2020-08-19T06:14:56,36.97312,-76.43381,0.0,0.0,238.0,USNS SHUGHART,IMO7825394,NAOQ,70,5,276,32,13.0,70,A
538002652,2020-08-19T06:02:29,37.18177,-76.10745,0.2,170.0,246.0,NAIAS,IMO9330800,V7KN8,70,1,225,32,14.0,70,A
367078110,2020-08-19T06:02:22,36.83854,-76.28198,0.0,50.0,511.0,MARCELLE BORDELON,IMO9350379,WDJ2038,79,3,45,11,3.0,79,A
367821000,2020-08-19T06:03:37,36.97284,-76.43367,0.0,0.0,511.0,YANO,IMO7825409,NAQH,70,0,276,32,13.0,70,A
538006982,2020-08-19T06:05:53,37.20688,-76.12094,0.1,158.8,241.0,ANTE TOPIC,IMO9737072,V7TR4,70,1,,,,,A
538002652,2020-08-19T06:20:28,37.18142,-76.10738,0.1,170.0,261.0,NAIAS,IMO9330800,V7KN8,70,1,225,32,14.0,70,A
305855000,2020-08-19T06:20:49,36.86434,-76.31475,0.0,250.7,226.0,BBC PEARL,IMO9504786,V2FY8,70,5,153,23,9.1,70,A
367821000,2020-08-19T06:14:37,36.97282,-76.43366,0.0,0.0,511.0,YANO,IMO7825409,NAQH,70,0,276,32,13.0,70,A
367078110,2020-08-19T06:31:23,36.83853,-76.28199,0.0,351.0,511.0,MARCELLE BORDELON,IMO9350379,WDJ2038,79,3,45,11,3.0,79,A
305855000,2020-08-19T06:02:47,36.86427,-76.31476,0.0,41.8,226.0,BBC PEARL,IMO9504786,V2FY8,70,5,153,23,9.1,70,A
538006982,2020-08-19T06:02:53,37.20694,-76.12104,0.1,183.3,240.0,ANTE TOPIC,IMO9737072,V7TR4,70,1,,,,,A
477196100,2020-08-19T06:03:46,37.19734,-76.13148,0.2,179.9,245.0,DARYA MA,IMO9591674,VRJH5,70,1,229,32,14.5,,A
367078110,2020-08-19T06:04:42,36.83854,-76.28198,0.0,351.0,511.0,MARCELLE BORDELON,IMO9350379,WDJ2038,79,3,45,11,3.0,79,A
366839000,2020-08-19T06:04:01,36.85350,-76.31078,0.0,0.0,39.0,CAPE RISE,IMO7530808,KAFG,70,5,197,32,10.0,,A
367078110,2020-08-19T06:05:53,36.83854,-76.28198,0.0,62.0,511.0,MARCELLE BORDELON,IMO9350379,WDJ2038,79,3,45,11,3.0,79,A
538006982,2020-08-19T06:17:53,37.20651,-76.12079,0.2,173.0,252.0,ANTE TOPIC,IMO9737072,V7TR4,70,1,,,,,A
367861000,2020-08-19T06:18:01,36.94639,-76.32974,0.0,0.0,265.0,LARAMIE,IMO8906626,NLAR,80,5,193,29,,,A
368026000,2020-08-19T06:18:21,36.86576,-76.31603,0.0,19.1,2.0,BENAVIDEZ,IMO9218210,NBHG,70,5,289,32,10.9,70,A
367078110,2020-08-19T06:18:42,36.83854,-76.28198,0.0,180.0,511.0,MARCELLE BORDELON,IMO9350379,WDJ2038,79,3,45,11,3.0,79,A
477196100,2020-08-19T06:24:40,37.19697,-76.13138,0.2,224.0,256.0,DARYA MA,IMO9591674,VRJH5,70,1,229,32,14.5,,A
538002652,2020-08-19T06:05:29,37.18183,-76.10750,0.0,157.0,249.0,NAIAS,IMO9330800,V7KN8,70,1,225,32,14.0,70,A
367078110,2020-08-19T06:07:12,36.83854,-76.28198,0.0,249.0,511.0,MARCELLE BORDELON,IMO9350379,WDJ2038,79,3,45,11,3.0,79,A
367821000,2020-08-19T06:17:18,36.97282,-76.43364,0.0,0.0,511.0,YANO,IMO7825409,NAQH,70,0,276,32,13.0,70,A
368026000,2020-08-19T06:06:20,36.86576,-76.31603,0.0,19.1,2.0,BENAVIDEZ,IMO9218210,NBHG,70,5,289,32,10.9,70,A
366839000,2020-08-19T06:24:58,36.85350,-76.31080,0.0,0.0,39.0,CAPE RISE,IMO7530808,KAFG,70,5,197,32,10.0,,A
367078110,2020-08-19T06:25:42,36.83854,-76.28199,0.0,280.0,511.0,MARCELLE BORDELON,IMO9350379,WDJ2038,79,3,45,11,3.0,79,A
477196100,2020-08-19T06:06:45,37.19724,-76.13145,0.1,189.7,248.0,DARYA MA,IMO9591674,VRJH5,70,1,229,32,14.5,,A
367821000,2020-08-19T06:08:17,36.97284,-76.43366,0.0,0.0,511.0,YANO,IMO7825409,NAQH,70,0,276,32,13.0,70,A
477196100,2020-08-19T06:09:48,37.19717,-76.13144,0.2,222.0,251.0,DARYA MA,IMO9591674,VRJH5,70,1,229,32,14.5,,A
367078110,2020-08-19T06:27:33,36.83854,-76.28199,0.0,321.0,511.0,MARCELLE BORDELON,IMO9350379,WDJ2038,79,3,45,11,3.0,79,A
367078110,2020-08-19T06:21:42,36.83854,-76.28198,0.0,13.0,511.0,MARCELLE BORDELON,IMO9350379,WDJ2038,79,3,45,11,3.0,79,A
215677000,2020-08-19T06:08:57,37.23715,-76.11448,0.2,181.4,265.0,RIZE,IMO9584035,9HA2781,70,1,229,32,14.5,,A
538002652,2020-08-19T06:11:31,37.18167,-76.10748,0.0,166.0,253.0,NAIAS,IMO9330800,V7KN8,70,1,225,32,14.0,70,A
367822000,2020-08-19T06:23:55,36.97312,-76.43381,0.0,0.0,238.0,USNS SHUGHART,IMO7825394,NAOQ,70,5,276,32,13.0,70,A
538006982,2020-08-19T06:23:53,37.20625,-76.12073,0.2,180.5,261.0,ANTE TOPIC,IMO9737072,V7TR4,70,1,,,,,A
368026000,2020-08-19T06:21:20,36.86573,-76.31602,0.0,19.1,2.0,BENAVIDEZ,IMO9218210,NBHG,70,5,289,32,10.9,70,A
367861000,2020-08-19T06:24:01,36.94639,-76.32978,0.0,0.0,265.0,LARAMIE,IMO8906626,NLAR,80,5,193,29,,,A
367078110,2020-08-19T06:12:12,36.83854,-76.28198,0.0,299.0,511.0,MARCELLE BORDELON,IMO9350379,WDJ2038,79,3,45,11,3.0,79,A
367821000,2020-08-19T06:40:17,36.97282,-76.43366,0.0,0.0,511.0,YANO,IMO7825409,NAQH,70,0,276,32,13.0,70,A
215677000,2020-08-19T06:11:56,37.23704,-76.11449,0.1,187.1,268.0,RIZE,IMO9584035,9HA2781,70,1,229,32,14.5,,A
477196100,2020-08-19T06:12:41,37.19713,-76.13140,0.1,218.7,253.0,DARYA MA,IMO9591674,VRJH5,70,1,229,32,14.5,,A
367821000,2020-08-19T06:41:37,36.97282,-76.43366,0.0,0.0,511.0,YANO,IMO7825409,NAQH,70,0,276,32,13.0,70,A
367821000,2020-08-19T06:10:27,36.97283,-76.43364,0.0,0.0,511.0,YANO,IMO7825409,NAQH,70,0,276,32,13.0,70,A
367821000,2020-08-19T06:23:28,36.97281,-76.43366,0.0,0.0,511.0,YANO,IMO7825409,NAQH,70,0,276,32,13.0,70,A
367822000,2020-08-19T06:41:55,36.97312,-76.43382,0.0,0.0,238.0,USNS SHUGHART,IMO7825394,NAOQ,70,5,276,32,13.0,70,A
367821000,2020-08-19T06:13:08,36.97282,-76.43367,0.0,0.0,511.0,YANO,IMO7825409,NAQH,70,0,276,32,13.0,70,A
367932000,2020-08-19T06:26:17,36.94922,-76.32968,0.0,107.0,279.0,JOHN LENTHALL,IMO8325547,NJLN,80,5,193,29,,,A
367822000,2020-08-19T06:26:54,36.97312,-76.43381,0.0,0.0,238.0,USNS SHUGHART,IMO7825394,NAOQ,70,5,276,32,13.0,70,A
367078110,2020-08-19T06:13:23,36.83854,-76.28198,0.0,75.0,511.0,MARCELLE BORDELON,IMO9350379,WDJ2038,79,3,45,11,3.0,79,A
367932000,2020-08-19T06:14:17,36.94936,-76.32955,0.0,107.0,279.0,JOHN LENTHALL,IMO8325547,NJLN,80,5,193,29,,,A
367078110,2020-08-19T06:14:43,36.83854,-76.28198,0.0,224.0,511.0,MARCELLE BORDELON,IMO9350379,WDJ2038,79,3,45,11,3.0,79,A
305855000,2020-08-19T06:14:47,36.86431,-76.31477,0.0,251.9,226.0,BBC PEARL,IMO9504786,V2FY8,70,5,153,23,9.1,70,A
538006982,2020-08-19T06:14:53,37.20661,-76.12084,0.2,179.5,247.0,ANTE TOPIC,IMO9737072,V7TR4,70,1,,,,,A
538006982,2020-08-19T06:26:53,37.20616,-76.12069,0.1,186.8,263.0,ANTE TOPIC,IMO9737072,V7TR4,70,1,,,,,A
477196100,2020-08-19T06:27:46,37.19688,-76.13138,0.1,195.8,257.0,DARYA MA,IMO9591674,VRJH5,70,1,229,32,14.5,,A
367078110,2020-08-19T06:15:52,36.83854,-76.28199,0.0,52.0,511.0,MARCELLE BORDELON,IMO9350379,WDJ2038,79,3,45,11,3.0,79,A
366839000,2020-08-19T06:15:54,36.85349,-76.31082,0.0,0.0,39.0,CAPE RISE,IMO7530808,KAFG,70,5,197,32,10.0,,A
366839000,2020-08-19T06:34:00,36.85348,-76.31083,0.0,0.0,39.0,CAPE RISE,IMO7530808,KAFG,70,5,197,32,10.0,,A
215677000,2020-08-19T06:14:59,37.23693,-76.11452,0.1,210.6,270.0,RIZE,IMO9584035,9HA2781,70,1,229,32,14.5,,A
538006982,2020-08-19T06:35:53,37.20571,-76.12072,0.2,198.8,275.0,ANTE TOPIC,IMO9737072,V7TR4,70,1,,,,,A
367821000,2020-08-19T06:46:57,36.97283,-76.43363,0.0,0.0,511.0,YANO,IMO7825409,NAQH,70,0,276,32,13.0,70,A
367078110,2020-08-19T06:29:52,36.83854,-76.28199,0.0,334.0,511.0,MARCELLE BORDELON,IMO9350379,WDJ2038,79,3,45,11,3.0,79,A
305855000,2020-08-19T06:17:49,36.86433,-76.31477,0.0,248.5,226.0,BBC PEARL,IMO9504786,V2FY8,70,5,153,23,9.1,70,A
538006982,2020-08-19T06:29:53,37.20603,-76.12068,0.1,196.7,266.0,ANTE TOPIC,IMO9737072,V7TR4,70,1,,,,,A
538006982,2020-08-19T06:38:53,37.20557,-76.12075,0.2,202.5,281.0,ANTE TOPIC,IMO9737072,V7TR4,70,1,,,,,A
366839000,2020-08-19T06:30:56,36.85350,-76.31085,0.0,0.0,39.0,CAPE RISE,IMO7530808,KAFG,70,5,197,32,10.0,,A
367821000,2020-08-19T06:19:47,36.97282,-76.43365,0.0,0.0,511.0,YANO,IMO7825409,NAQH,70,0,276,32,13.0,70,A
305855000,2020-08-19T06:47:48,36.86426,-76.31478,0.0,184.1,227.0,BBC PEARL,IMO9504786,V2FY8,70,5,153,23,9.1,70,A
367821000,2020-08-19T06:21:08,36.97282,-76.43365,0.0,0.0,511.0,YANO,IMO7825409,NAQH,70,0,276,32,13.0,70,A
367932000,2020-08-19T06:47:16,36.94915,-76.32952,0.0,107.0,279.0,JOHN LENTHALL,IMO8325547,NJLN,80,5,193,29,,,A
367861000,2020-08-19T06:30:00,36.94639,-76.32980,0.0,0.0,265.0,LARAMIE,IMO8906626,NLAR,80,5,193,29,,,A
215677000,2020-08-19T06:38:57,37.23576,-76.11481,0.1,224.4,296.0,RIZE,IMO9584035,9HA2781,70,1,229,32,14.5,,A
215677000,2020-08-19T06:32:57,37.23595,-76.11463,0.1,197.8,291.0,RIZE,IMO9584035,9HA2781,70,1,229,32,14.5,,A
538002652,2020-08-19T06:17:31,37.18150,-76.10743,0.1,166.0,258.0,NAIAS,IMO9330800,V7KN8,70,1,225,32,14.0,70,A
367078110,2020-08-19T06:33:02,36.83853,-76.28199,0.0,2.0,511.0,MARCELLE BORDELON,IMO9350379,WDJ2038,79,3,45,11,3.0,79,A
215677000,2020-08-19T06:17:57,37.23683,-76.11455,0.2,199.1,272.0,RIZE,IMO9584035,9HA2781,70,1,229,32,14.5,,A
215677000,2020-08-19T06:20:59,37.23670,-76.11456,0.1,189.6,274.0,RIZE,IMO9584035,9HA2781,70,1,229,32,14.5,,A
367861000,2020-08-19T06:21:01,36.94633,-76.32979,0.0,0.0,265.0,LARAMIE,IMO8906626,NLAR,80,5,193,29,,,A
538006982,2020-08-19T06:32:53,37.20588,-76.12068,0.2,192.2,270.0,ANTE TOPIC,IMO9737072,V7TR4,70,1,,,,,A
367861000,2020-08-19T06:33:01,36.94638,-76.32977,0.0,0.0,265.0,LARAMIE,IMO8906626,NLAR,80,5,193,29,,,A
367822000,2020-08-19T06:32:55,36.97313,-76.43381,0.0,0.0,238.0,USNS SHUGHART,IMO7825394,NAOQ,70,5,276,32,13.0,70,A
367078110,2020-08-19T06:22:52,36.83854,-76.28199,0.0,2.0,511.0,MARCELLE BORDELON,IMO9350379,WDJ2038,79,3,45,11,3.0,79,A
367078110,2020-08-19T06:20:22,36.83854,-76.28198,0.0,53.0,511.0,MARCELLE BORDELON,IMO9350379,WDJ2038,79,3,45,11,3.0,79,A
367078110,2020-08-19T06:35:02,36.83854,-76.28198,0.0,1.0,511.0,MARCELLE BORDELON,IMO9350379,WDJ2038,79,3,45,11,3.0,79,A
367821000,2020-08-19T06:34:48,36.97282,-76.43366,0.0,0.0,511.0,YANO,IMO7825409,NAQH,70,0,276,32,13.0,70,A
538006982,2020-08-19T06:20:53,37.20638,-76.12076,0.2,182.0,257.0,ANTE TOPIC,IMO9737072,V7TR4,70,1,,,,,A
368026000,2020-08-19T06:51:21,36.86577,-76.31606,0.1,19.1,2.0,BENAVIDEZ,IMO9218210,NBHG,70,5,289,32,10.9,70,A
367932000,2020-08-19T06:23:17,36.94906,-76.32984,0.0,107.0,279.0,JOHN LENTHALL,IMO8325547,NJLN,80,5,193,29,,,A
367861000,2020-08-19T06:45:00,36.94644,-76.32976,0.0,0.0,265.0,LARAMIE,IMO8906626,NLAR,80,5,193,29,,,A
366839000,2020-08-19T06:36:56,36.85350,-76.31082,0.0,0.0,39.0,CAPE RISE,IMO7530808,KAFG,70,5,197,32,10.0,,A
367821000,2020-08-19T06:24:37,36.97282,-76.43366,0.0,0.0,511.0,YANO,IMO7825409,NAQH,70,0,276,32,13.0,70,A
367822000,2020-08-19T06:35:55,36.97306,-76.43385,0.0,0.0,238.0,USNS SHUGHART,IMO7825394,NAOQ,70,5,276,32,13.0,70,A
477196100,2020-08-19T06:21:47,37.19704,-76.13134,0.2,202.5,255.0,DARYA MA,IMO9591674,VRJH5,70,1,229,32,14.5,,A
367861000,2020-08-19T06:47:59,36.94642,-76.32967,0.0,0.0,265.0,LARAMIE,IMO8906626,NLAR,80,5,193,29,,,A
367821000,2020-08-19T06:50:48,36.97284,-76.43363,0.0,0.0,511.0,YANO,IMO7825409,NAQH,70,0,276,32,13.0,70,A
367822000,2020-08-19T06:50:54,36.97311,-76.43383,0.0,0.0,238.0,USNS SHUGHART,IMO7825394,NAOQ,70,5,276,32,13.0,70,A
367861000,2020-08-19T06:54:00,36.94640,-76.32983,0.0,0.0,265.0,LARAMIE,IMO8906626,NLAR,80,5,193,29,,,A
477196100,2020-08-19T06:54:45,37.19543,-76.13168,0.2,207.8,295.0,DARYA MA,IMO9591674,VRJH5,70,1,229,32,14.5,,A
367932000,2020-08-19T06:38:17,36.94919,-76.32968,0.0,107.0,279.0,JOHN LENTHALL,IMO8325547,NJLN,80,5,193,29,,,A
215677000,2020-08-19T06:23:56,37.23653,-76.11460,0.2,184.9,276.0,RIZE,IMO9584035,9HA2781,70,1,229,32,14.5,,A
368026000,2020-08-19T06:57:21,36.86577,-76.31602,0.0,19.1,2.0,BENAVIDEZ,IMO9218210,NBHG,70,5,289,32,10.9,70,A
366839000,2020-08-19T06:28:01,36.85350,-76.31079,0.0,0.0,39.0,CAPE RISE,IMO7530808,KAFG,70,5,197,32,10.0,,A
367821000,2020-08-19T06:26:37,36.97282,-76.43366,0.0,0.0,511.0,YANO,IMO7825409,NAQH,70,0,276,32,13.0,70,A
477196100,2020-08-19T06:39:41,37.19629,-76.13132,0.2,186.8,268.0,DARYA MA,IMO9591674,VRJH5,70,1,229,32,14.5,,A
367861000,2020-08-19T06:57:00,36.94641,-76.32980,0.0,0.0,265.0,LARAMIE,IMO8906626,NLAR,80,5,193,29,,,A
367932000,2020-08-19T06:41:17,36.94915,-76.32961,0.0,107.0,279.0,JOHN LENTHALL,IMO8325547,NJLN,80,5,193,29,,,A
367821000,2020-08-19T06:29:28,36.97282,-76.43366,0.0,0.0,511.0,YANO,IMO7825409,NAQH,70,0,276,32,13.0,70,A
367821000,2020-08-19T06:30:37,36.97282,-76.43366,0.0,0.0,511.0,YANO,IMO7825409,NAQH,70,0,276,32,13.0,70,A
215677000,2020-08-19T06:26:57,37.23634,-76.11455,0.2,166.6,277.0,RIZE,IMO9584035,9HA2781,70,1,229,32,14.5,,A
367861000,2020-08-19T06:26:59,36.94635,-76.32983,0.0,0.0,265.0,LARAMIE,IMO8906626,NLAR,80,5,193,29,,,A
366839000,2020-08-19T06:54:54,36.85350,-76.31079,0.0,0.0,40.0,CAPE RISE,IMO7530808,KAFG,70,5,197,32,10.0,,A
367078110,2020-08-19T06:28:42,36.83854,-76.28199,0.0,246.0,511.0,MARCELLE BORDELON,IMO9350379,WDJ2038,79,3,45,11,3.0,79,A
538002652,2020-08-19T06:29:32,37.18108,-76.10735,0.1,183.0,270.0,NAIAS,IMO9330800,V7KN8,70,1,225,32,14.0,70,A
215677000,2020-08-19T06:29:53,37.23613,-76.11455,0.2,190.9,284.0,RIZE,IMO9584035,9HA2781,70,1,229,32,14.5,,A
477196100,2020-08-19T06:30:45,37.19674,-76.13137,0.1,174.2,260.0,DARYA MA,IMO9591674,VRJH5,70,1,229,32,14.5,,A
367078110,2020-08-19T06:42:12,36.83854,-76.28199,0.0,274.0,511.0,MARCELLE BORDELON,IMO9350379,WDJ2038,79,3,45,11,3.0,79,A
305855000,2020-08-19T06:56:47,36.86429,-76.31474,0.0,227.9,227.0,BBC PEARL,IMO9504786,V2FY8,70,5,153,23,9.1,70,A
367821000,2020-08-19T06:44:38,36.97281,-76.43362,0.0,0.0,511.0,YANO,IMO7825409,NAQH,70,0,276,32,13.0,70,A
477196100,2020-08-19T06:42:41,37.19610,-76.13141,0.3,193.5,272.0,DARYA MA,IMO9591674,VRJH5,70,1,229,32,14.5,,A
366839000,2020-08-19T06:42:54,36.85347,-76.31081,0.0,0.0,39.0,CAPE RISE,IMO7530808,KAFG,70,5,197,32,10.0,,A
538002652,2020-08-19T06:59:30,37.18023,-76.10765,0.0,214.0,297.0,NAIAS,IMO9330800,V7KN8,70,1,225,32,14.0,70,A
368026000,2020-08-19T06:42:21,36.86577,-76.31606,0.0,19.1,2.0,BENAVIDEZ,IMO9218210,NBHG,70,5,289,32,10.9,70,A
305855000,2020-08-19T06:29:47,36.86425,-76.31479,0.0,216.6,226.0,BBC PEARL,IMO9504786,V2FY8,70,5,153,23,9.1,70,A
215677000,2020-08-19T06:41:58,37.23567,-76.11492,0.1,220.4,300.0,RIZE,IMO9584035,9HA2781,70,1,229,32,14.5,,A
367822000,2020-08-19T06:29:55,36.97312,-76.43381,0.0,0.0,238.0,USNS SHUGHART,IMO7825394,NAOQ,70,5,276,32,13.0,70,A
367078110,2020-08-19T06:59:22,36.83854,-76.28199,0.0,156.0,511.0,MARCELLE BORDELON,IMO9350379,WDJ2038,79,3,45,11,3.0,79,A
367821000,2020-08-19T06:32:07,36.97282,-76.43366,0.0,0.0,511.0,YANO,IMO7825409,NAQH,70,0,276,32,13.0,70,A
538002652,2020-08-19T06:44:31,37.18062,-76.10745,0.1,201.0,286.0,NAIAS,IMO9330800,V7KN8,70,1,225,32,14.0,70,A
366839000,2020-08-19T06:57:57,36.85352,-76.31082,0.0,0.0,40.0,CAPE RISE,IMO7530808,KAFG,70,5,197,32,10.0,,A
368026000,2020-08-19T06:30:21,36.86574,-76.31605,0.0,19.1,2.0,BENAVIDEZ,IMO9218210,NBHG,70,5,289,32,10.9,70,A
367821000,2020-08-19T06:33:38,36.97282,-76.43366,0.0,0.0,511.0,YANO,IMO7825409,NAQH,70,0,276,32,13.0,70,A
305855000,2020-08-19T06:44:49,36.86428,-76.31478,0.0,238.9,226.0,BBC PEARL,IMO9504786,V2FY8,70,5,153,23,9.1,70,A
366839000,2020-08-19T07:00:57,36.85348,-76.31083,0.0,0.0,39.0,CAPE RISE,IMO7530808,KAFG,70,5,197,32,10.0,,A
367078110,2020-08-19T07:01:13,36.83854,-76.28199,0.0,193.0,511.0,MARCELLE BORDELON,IMO9350379,WDJ2038,79,3,45,11,3.0,79,A
367932000,2020-08-19T06:32:17,36.94920,-76.32966,0.0,107.0,279.0,JOHN LENTHALL,IMO8325547,NJLN,80,5,193,29,,,A
477196100,2020-08-19T06:33:41,37.19661,-76.13134,0.1,181.3,262.0,DARYA MA,IMO9591674,VRJH5,70,1,229,32,14.5,,A
538002652,2020-08-19T06:32:29,37.18097,-76.10740,0.1,181.0,273.0,NAIAS,IMO9330800,V7KN8,70,1,225,32,14.0,70,A
305855000,2020-08-19T06:32:47,36.86429,-76.31478,0.0,218.2,226.0,BBC PEARL,IMO9504786,V2FY8,70,5,153,23,9.1,70,A
538002652,2020-08-19T06:35:30,37.18088,-76.10737,0.1,177.0,276.0,NAIAS,IMO9330800,V7KN8,70,1,225,32,14.0,70,A
477196100,2020-08-19T06:45:45,37.19592,-76.13146,0.2,198.7,278.0,DARYA MA,IMO9591674,VRJH5,70,1,229,32,14.5,,A
368026000,2020-08-19T06:33:20,36.86577,-76.31606,0.0,19.1,2.0,BENAVIDEZ,IMO9218210,NBHG,70,5,289,32,10.9,70,A
367078110,2020-08-19T07:02:22,36.83854,-76.28199,0.0,191.0,511.0,MARCELLE BORDELON,IMO9350379,WDJ2038,79,3,45,11,3.0,79,A
215677000,2020-08-19T06:35:59,37.23586,-76.11471,0.1,224.1,294.0,RIZE,IMO9584035,9HA2781,70,1,229,32,14.5,,A
368026000,2020-08-19T06:36:20,36.86574,-76.31601,0.0,19.1,2.0,BENAVIDEZ,IMO9218210,NBHG,70,5,289,32,10.9,70,A
367821000,2020-08-19T06:37:08,36.97282,-76.43366,0.0,0.0,511.0,YANO,IMO7825409,NAQH,70,0,276,32,13.0,70,A
367821000,2020-08-19T06:38:27,36.97282,-76.43366,0.0,0.0,511.0,YANO,IMO7825409,NAQH,70,0,276,32,13.0,70,A
367861000,2020-08-19T06:36:01,36.94638,-76.32974,0.0,0.0,265.0,LARAMIE,IMO8906626,NLAR,80,5,193,29,,,A
305855000,2020-08-19T06:35:48,36.86428,-76.31477,0.0,238.7,226.0,BBC PEARL,IMO9504786,V2FY8,70,5,153,23,9.1,70,A
367078110,2020-08-19T06:37:12,36.83854,-76.28198,0.0,341.0,511.0,MARCELLE BORDELON,IMO9350379,WDJ2038,79,3,45,11,3.0,79,A
477196100,2020-08-19T07:03:46,37.19515,-76.13195,0.1,226.4,306.0,DARYA MA,IMO9591674,VRJH5,70,1,229,32,14.5,,A
367821000,2020-08-19T07:04:58,36.97286,-76.43364,0.0,0.0,511.0,YANO,IMO7825409,NAQH,70,0,276,32,13.0,70,A
367078110,2020-08-19T07:04:43,36.83854,-76.28199,0.0,169.0,511.0,MARCELLE BORDELON,IMO9350379,WDJ2038,79,3,45,11,3.0,79,A
538006982,2020-08-19T06:47:53,37.20527,-76.12085,0.1,204.9,292.0,ANTE TOPIC,IMO9737072,V7TR4,70,1,,,,,A
367078110,2020-08-19T06:39:53,36.83854,-76.28198,0.0,208.0,511.0,MARCELLE BORDELON,IMO9350379,WDJ2038,79,3,45,11,3.0,79,A
367822000,2020-08-19T07:02:55,36.97312,-76.43383,0.0,0.0,238.0,USNS SHUGHART,IMO7825394,NAOQ,70,5,276,32,13.0,70,A
215677000,2020-08-19T06:48:00,37.23555,-76.11499,0.2,201.1,307.0,RIZE,IMO9584035,9HA2781,70,1,229,32,14.5,,A
367821000,2020-08-19T07:02:37,36.97286,-76.43364,0.0,0.0,511.0,YANO,IMO7825409,NAQH,70,0,276,32,13.0,70,A
367821000,2020-08-19T07:03:48,36.97286,-76.43364,0.0,0.0,511.0,YANO,IMO7825409,NAQH,70,0,276,32,13.0,70,A
367861000,2020-08-19T07:03:01,36.94639,-76.32982,0.0,0.0,265.0,LARAMIE,IMO8906626,NLAR,80,5,193,29,,,A
367932000,2020-08-19T07:02:16,36.94916,-76.32967,0.0,107.0,279.0,JOHN LENTHALL,IMO8325547,NJLN,80,5,193,29,,,A
366839000,2020-08-19T07:04:00,36.85352,-76.31081,0.0,0.0,39.0,CAPE RISE,IMO7530808,KAFG,70,5,197,32,10.0,,A
215677000,2020-08-19T07:05:56,37.23544,-76.11512,0.1,146.2,312.0,RIZE,IMO9584035,9HA2781,70,1,229,32,14.5,,A
367822000,2020-08-19T06:38:55,36.97312,-76.43382,0.0,0.0,238.0,USNS SHUGHART,IMO7825394,NAOQ,70,5,276,32,13.0,70,A
538006982,2020-08-19T07:05:53,37.20492,-76.12109,0.1,214.0,310.0,ANTE TOPIC,IMO9737072,V7TR4,70,1,,,,,A
367821000,2020-08-19T07:06:08,36.97286,-76.43364,0.0,0.0,511.0,YANO,IMO7825409,NAQH,70,0,276,32,13.0,70,A
367861000,2020-08-19T06:39:01,36.94635,-76.32979,0.0,0.0,265.0,LARAMIE,IMO8906626,NLAR,80,5,193,29,,,A
367822000,2020-08-19T07:05:56,36.97312,-76.43383,0.0,0.0,238.0,USNS SHUGHART,IMO7825394,NAOQ,70,5,276,32,13.0,70,A
367078110,2020-08-19T06:38:43,36.83854,-76.28198,0.0,138.0,511.0,MARCELLE BORDELON,IMO9350379,WDJ2038,79,3,45,11,3.0,79,A
368026000,2020-08-19T06:39:21,36.86574,-76.31603,0.0,19.1,2.0,BENAVIDEZ,IMO9218210,NBHG,70,5,289,32,10.9,70,A
366839000,2020-08-19T06:39:59,36.85349,-76.31084,0.0,0.0,39.0,CAPE RISE,IMO7530808,KAFG,70,5,197,32,10.0,,A
305855000,2020-08-19T07:05:47,36.86427,-76.31476,0.0,253.2,227.0,BBC PEARL,IMO9504786,V2FY8,70,5,153,23,9.1,70,A
367821000,2020-08-19T06:42:47,36.97282,-76.43362,0.0,0.0,511.0,YANO,IMO7825409,NAQH,70,0,276,32,13.0,70,A
538002652,2020-08-19T06:38:28,37.18077,-76.10742,0.1,185.0,280.0,NAIAS,IMO9330800,V7KN8,70,1,225,32,14.0,70,A
305855000,2020-08-19T06:38:47,36.86428,-76.31476,0.0,244.4,226.0,BBC PEARL,IMO9504786,V2FY8,70,5,153,23,9.1,70,A
305855000,2020-08-19T06:41:49,36.86427,-76.31479,0.0,241.5,226.0,BBC PEARL,IMO9504786,V2FY8,70,5,153,23,9.1,70,A
367821000,2020-08-19T06:55:27,36.97285,-76.43363,0.0,0.0,511.0,YANO,IMO7825409,NAQH,70,0,276,32,13.0,70,A
305855000,2020-08-19T07:08:46,36.86430,-76.31477,0.0,237.0,227.0,BBC PEARL,IMO9504786,V2FY8,70,5,153,23,9.1,70,A
367078110,2020-08-19T06:41:03,36.83854,-76.28198,0.0,260.0,511.0,MARCELLE BORDELON,IMO9350379,WDJ2038,79,3,45,11,3.0,79,A
538002652,2020-08-19T07:08:31,37.18007,-76.10785,0.1,228.0,299.0,NAIAS,IMO9330800,V7KN8,70,1,225,32,14.0,70,A
367078110,2020-08-19T06:55:34,36.83855,-76.28198,0.0,47.0,511.0,MARCELLE BORDELON,IMO9350379,WDJ2038,79,3,45,11,3.0,79,A
538002652,2020-08-19T06:56:28,37.18030,-76.10760,0.1,211.0,295.0,NAIAS,IMO9330800,V7KN8,70,1,225,32,14.0,70,A
367822000,2020-08-19T07:08:56,36.97308,-76.43381,0.0,0.0,238.0,USNS SHUGHART,IMO7825394,NAOQ,70,5,276,32,13.0,70,A
538002652,2020-08-19T06:41:30,37.18067,-76.10743,0.2,204.0,283.0,NAIAS,IMO9330800,V7KN8,70,1,225,32,14.0,70,A
367078110,2020-08-19T06:44:33,36.83854,-76.28199,0.0,235.0,511.0,MARCELLE BORDELON,IMO9350379,WDJ2038,79,3,45,11,3.0,79,A
367078110,2020-08-19T06:57:03,36.83855,-76.28198,0.0,236.0,511.0,MARCELLE BORDELON,IMO9350379,WDJ2038,79,3,45,11,3.0,79,A
367821000,2020-08-19T07:09:37,36.97285,-76.43364,0.0,0.0,511.0,YANO,IMO7825409,NAQH,70,0,276,32,13.0,70,A
367078110,2020-08-19T06:46:53,36.83854,-76.28199,0.0,1.0,511.0,MARCELLE BORDELON,IMO9350379,WDJ2038,79,3,45,11,3.0,79,A
215677000,2020-08-19T06:44:59,37.23562,-76.11496,0.1,206.4,304.0,RIZE,IMO9584035,9HA2781,70,1,229,32,14.5,,A
538006982,2020-08-19T06:44:53,37.20536,-76.12080,0.1,207.2,289.0,ANTE TOPIC,IMO9737072,V7TR4,70,1,,,,,A
538006982,2020-08-19T06:41:53,37.20545,-76.12076,0.2,206.6,285.0,ANTE TOPIC,IMO9737072,V7TR4,70,1,,,,,A
367861000,2020-08-19T06:42:00,36.94640,-76.32979,0.0,0.0,265.0,LARAMIE,IMO8906626,NLAR,80,5,193,29,,,A
477196100,2020-08-19T07:09:47,37.19507,-76.13211,0.1,239.7,311.0,DARYA MA,IMO9591674,VRJH5,70,1,229,32,14.5,,A
367078110,2020-08-19T07:10:52,36.83855,-76.28198,0.0,170.0,511.0,MARCELLE BORDELON,IMO9350379,WDJ2038,79,3,45,11,3.0,79,A
538002652,2020-08-19T07:11:28,37.18007,-76.10790,0.1,236.0,300.0,NAIAS,IMO9330800,V7KN8,70,1,225,32,14.0,70,A
367932000,2020-08-19T07:11:17,36.94917,-76.32971,0.0,107.0,279.0,JOHN LENTHALL,IMO8325547,NJLN,80,5,193,29,,,A
367932000,2020-08-19T06:56:17,36.94915,-76.32967,0.0,107.0,279.0,JOHN LENTHALL,IMO8325547,NJLN,80,5,193,29,,,A
538006982,2020-08-19T07:11:53,37.20493,-76.12111,0.1,165.5,309.0,ANTE TOPIC,IMO9737072,V7TR4,70,1,,,,,A
367078110,2020-08-19T06:43:23,36.83854,-76.28199,0.0,186.0,511.0,MARCELLE BORDELON,IMO9350379,WDJ2038,79,3,45,11,3.0,79,A
367822000,2020-08-19T06:44:56,36.97313,-76.43383,0.0,0.0,238.0,USNS SHUGHART,IMO7825394,NAOQ,70,5,276,32,13.0,70,A
367932000,2020-08-19T06:44:17,36.94922,-76.32960,0.0,107.0,279.0,JOHN LENTHALL,IMO8325547,NJLN,80,5,193,29,,,A
477196100,2020-08-19T06:57:47,37.19531,-76.13177,0.2,236.8,300.0,DARYA MA,IMO9591674,VRJH5,70,1,229,32,14.5,,A
477196100,2020-08-19T06:48:43,37.19573,-76.13153,0.2,198.8,284.0,DARYA MA,IMO9591674,VRJH5,70,1,229,32,14.5,,A
366839000,2020-08-19T06:45:58,36.85347,-76.31086,0.0,0.0,40.0,CAPE RISE,IMO7530808,KAFG,70,5,197,32,10.0,,A
368026000,2020-08-19T06:45:21,36.86577,-76.31604,0.0,19.1,2.0,BENAVIDEZ,IMO9218210,NBHG,70,5,289,32,10.9,70,A
305855000,2020-08-19T06:59:45,36.86424,-76.31476,0.0,250.1,227.0,BBC PEARL,IMO9504786,V2FY8,70,5,153,23,9.1,70,A
538006982,2020-08-19T06:59:53,37.20499,-76.12102,0.1,227.4,306.0,ANTE TOPIC,IMO9737072,V7TR4,70,1,,,,,A
367821000,2020-08-19T06:59:18,36.97286,-76.43363,0.0,0.0,511.0,YANO,IMO7825409,NAQH,70,0,276,32,13.0,70,A
367861000,2020-08-19T07:00:00,36.94638,-76.32982,0.0,0.0,265.0,LARAMIE,IMO8906626,NLAR,80,5,193,29,,,A
367078110,2020-08-19T07:00:03,36.83854,-76.28199,0.0,186.0,511.0,MARCELLE BORDELON,IMO9350379,WDJ2038,79,3,45,11,3.0,79,A
215677000,2020-08-19T06:59:57,37.23551,-76.11500,0.1,140.2,311.0,RIZE,IMO9584035,9HA2781,70,1,229,32,14.5,,A
367932000,2020-08-19T06:59:16,36.94910,-76.32970,0.0,107.0,279.0,JOHN LENTHALL,IMO8325547,NJLN,80,5,193,29,,,A
367821000,2020-08-19T06:49:28,36.97284,-76.43363,0.0,0.0,511.0,YANO,IMO7825409,NAQH,70,0,276,32,13.0,70,A
367822000,2020-08-19T07:14:55,36.97312,-76.43380,0.0,0.0,238.0,USNS SHUGHART,IMO7825394,NAOQ,70,5,276,32,13.0,70,A
367932000,2020-08-19T07:14:17,36.94916,-76.32966,0.0,107.0,279.0,JOHN LENTHALL,IMO8325547,NJLN,80,5,193,29,,,A
367821000,2020-08-19T06:51:57,36.97285,-76.43363,0.0,0.0,511.0,YANO,IMO7825409,NAQH,70,0,276,32,13.0,70,A
538002652,2020-08-19T06:47:28,37.18048,-76.10752,0.1,204.0,288.0,NAIAS,IMO9330800,V7KN8,70,1,225,32,14.0,70,A
367078110,2020-08-19T06:49:23,36.83855,-76.28198,0.0,301.0,511.0,MARCELLE BORDELON,IMO9350379,WDJ2038,79,3,45,11,3.0,79,A
477196100,2020-08-19T06:51:46,37.19555,-76.13161,0.3,205.1,290.0,DARYA MA,IMO9591674,VRJH5,70,1,229,32,14.5,,A
538006982,2020-08-19T06:50:53,37.20520,-76.12088,0.2,215.2,295.0,ANTE TOPIC,IMO9737072,V7TR4,70,1,,,,,A
305855000,2020-08-19T07:02:49,36.86427,-76.31480,0.0,183.7,227.0,BBC PEARL,IMO9504786,V2FY8,70,5,153,23,9.1,70,A
538002652,2020-08-19T06:50:28,37.18042,-76.10757,0.1,205.0,291.0,NAIAS,IMO9330800,V7KN8,70,1,225,32,14.0,70,A
538002652,2020-08-19T07:02:28,37.18020,-76.10770,0.0,211.0,297.0,NAIAS,IMO9330800,V7KN8,70,1,225,32,14.0,70,A
215677000,2020-08-19T07:02:56,37.23549,-76.11504,0.1,146.2,311.0,RIZE,IMO9584035,9HA2781,70,1,229,32,14.5,,A
367078110,2020-08-19T06:52:03,36.83855,-76.28198,0.0,189.0,511.0,MARCELLE BORDELON,IMO9350379,WDJ2038,79,3,45,11,3.0,79,A
367932000,2020-08-19T06:50:17,36.94911,-76.32954,0.0,107.0,279.0,JOHN LENTHALL,IMO8325547,NJLN,80,5,193,29,,,A
367861000,2020-08-19T07:18:00,36.94636,-76.32984,0.0,0.0,265.0,LARAMIE,IMO8906626,NLAR,80,5,193,29,,,A
538002652,2020-08-19T07:17:30,37.17998,-76.10808,0.1,237.0,303.0,NAIAS,IMO9330800,V7KN8,70,1,225,32,14.0,70,A
215677000,2020-08-19T07:17:57,37.23531,-76.11534,0.0,228.3,323.0,RIZE,IMO9584035,9HA2781,70,1,229,32,14.5,,A
305855000,2020-08-19T07:17:49,36.86429,-76.31476,0.0,177.8,227.0,BBC PEARL,IMO9504786,V2FY8,70,5,153,23,9.1,70,A
367078110,2020-08-19T06:53:22,36.83855,-76.28198,0.0,127.0,511.0,MARCELLE BORDELON,IMO9350379,WDJ2038,79,3,45,11,3.0,79,A
368026000,2020-08-19T06:54:21,36.86574,-76.31606,0.0,19.1,2.0,BENAVIDEZ,IMO9218210,NBHG,70,5,289,32,10.9,70,A
367822000,2020-08-19T06:53:56,36.97312,-76.43383,0.0,0.0,238.0,USNS SHUGHART,IMO7825394,NAOQ,70,5,276,32,13.0,70,A
367932000,2020-08-19T07:17:17,36.94908,-76.32980,0.0,107.0,279.0,JOHN LENTHALL,IMO8325547,NJLN,80,5,193,29,,,A
367078110,2020-08-19T07:18:23,36.83855,-76.28199,0.0,141.0,511.0,MARCELLE BORDELON,IMO9350379,WDJ2038,79,3,45,11,3.0,79,A
305855000,2020-08-19T06:50:47,36.86425,-76.31477,0.0,240.7,227.0,BBC PEARL,IMO9504786,V2FY8,70,5,153,23,9.1,70,A
215677000,2020-08-19T06:53:54,37.23551,-76.11504,0.1,168.4,312.0,RIZE,IMO9584035,9HA2781,70,1,229,32,14.5,,A
368026000,2020-08-19T07:18:21,36.86574,-76.31605,0.0,19.1,2.0,BENAVIDEZ,IMO9218210,NBHG,70,5,289,32,10.9,70,A
367932000,2020-08-19T06:53:17,36.94916,-76.32968,0.0,107.0,279.0,JOHN LENTHALL,IMO8325547,NJLN,80,5,193,29,,,A
367861000,2020-08-19T07:06:00,36.94643,-76.32974,0.0,0.0,265.0,LARAMIE,IMO8906626,NLAR,80,5,193,29,,,A
367821000,2020-08-19T06:53:07,36.97285,-76.43364,0.0,0.0,511.0,YANO,IMO7825409,NAQH,70,0,276,32,13.0,70,A
538002652,2020-08-19T06:53:30,37.18035,-76.10755,0.1,224.0,293.0,NAIAS,IMO9330800,V7KN8,70,1,225,32,14.0,70,A
367078110,2020-08-19T07:07:02,36.83855,-76.28199,0.0,210.0,511.0,MARCELLE BORDELON,IMO9350379,WDJ2038,79,3,45,11,3.0,79,A
538006982,2020-08-19T06:56:53,37.20504,-76.12097,0.1,201.4,302.0,ANTE TOPIC,IMO9737072,V7TR4,70,1,,,,,A
538002652,2020-08-19T07:20:29,37.17993,-76.10817,0.1,226.0,306.0,NAIAS,IMO9330800,V7KN8,70,1,225,32,14.0,70,A
368026000,2020-08-19T07:06:21,36.86576,-76.31605,0.0,19.1,2.0,BENAVIDEZ,IMO9218210,NBHG,70,5,289,32,10.9,70,A
367821000,2020-08-19T07:07:18,36.97285,-76.43364,0.0,0.0,511.0,YANO,IMO7825409,NAQH,70,0,276,32,13.0,70,A
367078110,2020-08-19T07:21:12,36.83855,-76.28199,0.0,155.0,511.0,MARCELLE BORDELON,IMO9350379,WDJ2038,79,3,45,11,3.0,79,A
367821000,2020-08-19T07:23:18,36.97285,-76.43366,0.0,0.0,511.0,YANO,IMO7825409,NAQH,70,0,276,32,13.0,70,A
215677000,2020-08-19T07:20:54,37.23535,-76.11531,0.1,228.3,323.0,RIZE,IMO9584035,9HA2781,70,1,229,32,14.5,,A
366839000,2020-08-19T07:06:54,36.85350,-76.31083,0.0,0.0,39.0,CAPE RISE,IMO7530808,KAFG,70,5,197,32,10.0,,A
368026000,2020-08-19T07:21:20,36.86575,-76.31604,0.0,19.1,2.0,BENAVIDEZ,IMO9218210,NBHG,70,5,289,32,10.9,70,A
367821000,2020-08-19T06:58:07,36.97286,-76.43363,0.0,0.0,511.0,YANO,IMO7825409,NAQH,70,0,276,32,13.0,70,A
367822000,2020-08-19T06:56:56,36.97312,-76.43383,0.0,0.0,238.0,USNS SHUGHART,IMO7825394,NAOQ,70,5,276,32,13.0,70,A
367821000,2020-08-19T07:25:08,36.97285,-76.43366,0.0,0.0,511.0,YANO,IMO7825409,NAQH,70,0,276,32,13.0,70,A
367822000,2020-08-19T06:59:55,36.97312,-76.43383,0.0,0.0,238.0,USNS SHUGHART,IMO7825394,NAOQ,70,5,276,32,13.0,70,A
366839000,2020-08-19T07:10:01,36.85346,-76.31082,0.0,0.0,39.0,CAPE RISE,IMO7530808,KAFG,70,5,197,32,10.0,,A
367078110,2020-08-19T06:58:13,36.83855,-76.28198,0.0,228.0,511.0,MARCELLE BORDELON,IMO9350379,WDJ2038,79,3,45,11,3.0,79,A
367821000,2020-08-19T07:10:58,36.97285,-76.43364,0.0,0.0,511.0,YANO,IMO7825409,NAQH,70,0,276,32,13.0,70,A
477196100,2020-08-19T07:00:47,37.19523,-76.13185,0.1,211.3,303.0,DARYA MA,IMO9591674,VRJH5,70,1,229,32,14.5,,A
477196100,2020-08-19T07:24:43,37.19497,-76.13228,0.1,219.1,316.0,DARYA MA,IMO9591674,VRJH5,70,1,229,32,14.5,,A
367822000,2020-08-19T07:11:56,36.97311,-76.43379,0.0,0.0,238.0,USNS SHUGHART,IMO7825394,NAOQ,70,5,276,32,13.0,70,A
367821000,2020-08-19T07:12:18,36.97285,-76.43365,0.0,0.0,511.0,YANO,IMO7825409,NAQH,70,0,276,32,13.0,70,A
366839000,2020-08-19T07:12:58,36.85348,-76.31079,0.0,0.0,39.0,CAPE RISE,IMO7530808,KAFG,70,5,197,32,10.0,,A
538006982,2020-08-19T07:02:53,37.20495,-76.12104,0.1,220.0,308.0,ANTE TOPIC,IMO9737072,V7TR4,70,1,,,,,A
477196100,2020-08-19T07:12:44,37.19502,-76.13214,0.1,219.1,313.0,DARYA MA,IMO9591674,VRJH5,70,1,229,32,14.5,,A
368026000,2020-08-19T07:03:21,36.86577,-76.31603,0.0,19.1,2.0,BENAVIDEZ,IMO9218210,NBHG,70,5,289,32,10.9,70,A
367821000,2020-08-19T07:29:37,36.97284,-76.43365,0.0,0.0,511.0,YANO,IMO7825409,NAQH,70,0,276,32,13.0,70,A
367821000,2020-08-19T07:32:17,36.97284,-76.43366,0.0,0.0,511.0,YANO,IMO7825409,NAQH,70,0,276,32,13.0,70,A
367932000,2020-08-19T07:05:17,36.94913,-76.32967,0.0,107.0,279.0,JOHN LENTHALL,IMO8325547,NJLN,80,5,193,29,,,A
477196100,2020-08-19T07:06:41,37.19512,-76.13203,0.1,234.2,308.0,DARYA MA,IMO9591674,VRJH5,70,1,229,32,14.5,,A
367078110,2020-08-19T07:05:52,36.83854,-76.28199,0.0,67.0,511.0,MARCELLE BORDELON,IMO9350379,WDJ2038,79,3,45,11,3.0,79,A
367821000,2020-08-19T07:16:17,36.97284,-76.43366,0.0,0.0,511.0,YANO,IMO7825409,NAQH,70,0,276,32,13.0,70,A
367861000,2020-08-19T07:30:00,36.94637,-76.32986,0.0,0.0,265.0,LARAMIE,IMO8906626,NLAR,80,5,193,29,,,A
305855000,2020-08-19T07:32:46,36.86430,-76.31476,0.0,83.0,226.0,BBC PEARL,IMO9504786,V2FY8,70,5,153,23,9.1,70,A
538006982,2020-08-19T07:32:53,37.20447,-76.12176,0.2,193.5,325.0,ANTE TOPIC,IMO9737072,V7TR4,70,1,,,,,A
538002652,2020-08-19T07:05:28,37.18013,-76.10778,0.0,219.0,297.0,NAIAS,IMO9330800,V7KN8,70,1,225,32,14.0,70,A
367822000,2020-08-19T07:17:54,36.97312,-76.43380,0.0,0.0,238.0,USNS SHUGHART,IMO7825394,NAOQ,70,5,276,32,13.0,70,A
538006982,2020-08-19T07:17:53,37.20486,-76.12121,0.1,248.8,307.0,ANTE TOPIC,IMO9737072,V7TR4,70,1,,,,,A
477196100,2020-08-19T07:18:40,37.19496,-76.13222,0.0,219.1,316.0,DARYA MA,IMO9591674,VRJH5,70,1,229,32,14.5,,A
367821000,2020-08-19T07:18:47,36.97284,-76.43366,0.0,0.0,511.0,YANO,IMO7825409,NAQH,70,0,276,32,13.0,70,A
367821000,2020-08-19T07:33:18,36.97284,-76.43366,0.0,0.0,511.0,YANO,IMO7825409,NAQH,70,0,276,32,13.0,70,A
366839000,2020-08-19T07:18:57,36.85347,-76.31083,0.0,0.0,39.0,CAPE RISE,IMO7530808,KAFG,70,5,197,32,10.0,,A
367078110,2020-08-19T07:34:33,36.83855,-76.28199,0.0,159.0,511.0,MARCELLE BORDELON,IMO9350379,WDJ2038,79,3,45,11,3.0,79,A
367932000,2020-08-19T07:08:17,36.94912,-76.32962,0.0,107.0,279.0,JOHN LENTHALL,IMO8325547,NJLN,80,5,193,29,,,A
538006982,2020-08-19T07:20:53,37.20484,-76.12135,0.1,255.1,307.0,ANTE TOPIC,IMO9737072,V7TR4,70,1,,,,,A
477196100,2020-08-19T07:33:41,37.19487,-76.13247,0.1,219.1,321.0,DARYA MA,IMO9591674,VRJH5,70,1,229,32,14.5,,A
366839000,2020-08-19T07:36:54,36.85350,-76.31083,0.0,0.0,39.0,CAPE RISE,IMO7530808,KAFG,70,5,197,32,10.0,,A
305855000,2020-08-19T07:38:46,36.86427,-76.31475,0.0,166.4,226.0,BBC PEARL,IMO9504786,V2FY8,70,5,153,23,9.1,70,A
367821000,2020-08-19T07:36:18,36.97284,-76.43366,0.0,0.0,511.0,YANO,IMO7825409,NAQH,70,0,276,32,13.0,70,A
367822000,2020-08-19T07:35:55,36.97312,-76.43380,0.0,0.0,238.0,USNS SHUGHART,IMO7825394,NAOQ,70,5,276,32,13.0,70,A
215677000,2020-08-19T07:08:58,37.23537,-76.11521,0.1,221.7,316.0,RIZE,IMO9584035,9HA2781,70,1,229,32,14.5,,A
367078110,2020-08-19T07:09:33,36.83855,-76.28199,0.0,256.0,511.0,MARCELLE BORDELON,IMO9350379,WDJ2038,79,3,45,11,3.0,79,A
367861000,2020-08-19T07:21:01,36.94636,-76.32975,0.0,0.0,265.0,LARAMIE,IMO8906626,NLAR,80,5,193,29,,,A
367821000,2020-08-19T07:37:57,36.97284,-76.43366,0.0,0.0,511.0,YANO,IMO7825409,NAQH,70,0,276,32,13.0,70,A
305855000,2020-08-19T07:20:47,36.86429,-76.31477,0.0,297.7,227.0,BBC PEARL,IMO9504786,V2FY8,70,5,153,23,9.1,70,A
367861000,2020-08-19T07:39:00,36.94638,-76.32976,0.0,0.0,265.0,LARAMIE,IMO8906626,NLAR,80,5,193,29,,,A
367861000,2020-08-19T07:12:00,36.94640,-76.32981,0.0,0.0,265.0,LARAMIE,IMO8906626,NLAR,80,5,193,29,,,A
368026000,2020-08-19T07:12:21,36.86577,-76.31603,0.0,19.1,2.0,BENAVIDEZ,IMO9218210,NBHG,70,5,289,32,10.9,70,A
367821000,2020-08-19T07:41:08,36.97283,-76.43366,0.0,0.0,511.0,YANO,IMO7825409,NAQH,70,0,276,32,13.0,70,A
367078110,2020-08-19T07:12:02,36.83855,-76.28198,0.0,179.0,511.0,MARCELLE BORDELON,IMO9350379,WDJ2038,79,3,45,11,3.0,79,A
367078110,2020-08-19T07:13:03,36.83855,-76.28199,0.0,194.0,511.0,MARCELLE BORDELON,IMO9350379,WDJ2038,79,3,45,11,3.0,79,A
538006982,2020-08-19T07:38:53,37.20438,-76.12185,0.0,240.4,337.0,ANTE TOPIC,IMO9737072,V7TR4,70,1,,,,,A
367078110,2020-08-19T07:23:32,36.83855,-76.28198,0.0,180.0,511.0,MARCELLE BORDELON,IMO9350379,WDJ2038,79,3,45,11,3.0,79,A
367861000,2020-08-19T07:24:00,36.94634,-76.32969,0.0,0.0,265.0,LARAMIE,IMO8906626,NLAR,80,5,193,29,,,A
366839000,2020-08-19T07:42:57,36.85350,-76.31079,0.0,0.0,39.0,CAPE RISE,IMO7530808,KAFG,70,5,197,32,10.0,,A
367078110,2020-08-19T07:42:52,36.83855,-76.28199,0.0,269.0,511.0,MARCELLE BORDELON,IMO9350379,WDJ2038,79,3,45,11,3.0,79,A
305855000,2020-08-19T07:41:48,36.86427,-76.31476,0.0,167.0,226.0,BBC PEARL,IMO9504786,V2FY8,70,5,153,23,9.1,70,A
305855000,2020-08-19T07:14:48,36.86429,-76.31478,0.0,282.0,227.0,BBC PEARL,IMO9504786,V2FY8,70,5,153,23,9.1,70,A
367078110,2020-08-19T07:14:23,36.83856,-76.28199,0.0,7.0,511.0,MARCELLE BORDELON,IMO9350379,WDJ2038,79,3,45,11,3.0,79,A
367821000,2020-08-19T07:13:27,36.97282,-76.43367,0.0,0.0,511.0,YANO,IMO7825409,NAQH,70,0,276,32,13.0,70,A
215677000,2020-08-19T07:14:57,37.23530,-76.11535,0.0,228.3,322.0,RIZE,IMO9584035,9HA2781,70,1,229,32,14.5,,A
367078110,2020-08-19T07:15:33,36.83855,-76.28199,0.0,210.0,511.0,MARCELLE BORDELON,IMO9350379,WDJ2038,79,3,45,11,3.0,79,A
477196100,2020-08-19T07:15:46,37.19499,-76.13219,0.1,219.1,315.0,DARYA MA,IMO9591674,VRJH5,70,1,229,32,14.5,,A
367861000,2020-08-19T07:15:00,36.94640,-76.32988,0.0,0.0,265.0,LARAMIE,IMO8906626,NLAR,80,5,193,29,,,A
538006982,2020-08-19T07:14:53,37.20489,-76.12112,0.1,207.0,307.0,ANTE TOPIC,IMO9737072,V7TR4,70,1,,,,,A
305855000,2020-08-19T07:26:48,36.86429,-76.31473,0.0,72.9,227.0,BBC PEARL,IMO9504786,V2FY8,70,5,153,23,9.1,70,A
367821000,2020-08-19T07:14:38,36.97283,-76.43367,0.0,0.0,511.0,YANO,IMO7825409,NAQH,70,0,276,32,13.0,70,A
368026000,2020-08-19T07:15:21,36.86574,-76.31604,0.0,19.1,2.0,BENAVIDEZ,IMO9218210,NBHG,70,5,289,32,10.9,70,A
215677000,2020-08-19T07:26:57,37.23535,-76.11522,0.0,228.3,319.0,RIZE,IMO9584035,9HA2781,70,1,229,32,14.5,,A
367822000,2020-08-19T07:26:54,36.97312,-76.43379,0.0,0.0,238.0,USNS SHUGHART,IMO7825394,NAOQ,70,5,276,32,13.0,70,A
366839000,2020-08-19T07:16:01,36.85350,-76.31084,0.0,0.0,39.0,CAPE RISE,IMO7530808,KAFG,70,5,197,32,10.0,,A
538006982,2020-08-19T07:26:53,37.20473,-76.12165,0.2,217.7,314.0,ANTE TOPIC,IMO9737072,V7TR4,70,1,,,,,A
538006982,2020-08-19T07:47:53,37.20448,-76.12165,0.1,153.3,331.0,ANTE TOPIC,IMO9737072,V7TR4,70,1,,,,,A
367078110,2020-08-19T07:16:52,36.83855,-76.28199,0.0,119.0,511.0,MARCELLE BORDELON,IMO9350379,WDJ2038,79,3,45,11,3.0,79,A
538002652,2020-08-19T07:26:31,37.17980,-76.10828,0.1,217.0,312.0,NAIAS,IMO9330800,V7KN8,70,1,225,32,14.0,70,A
367078110,2020-08-19T07:44:33,36.83855,-76.28199,0.0,241.0,511.0,MARCELLE BORDELON,IMO9350379,WDJ2038,79,3,45,11,3.0,79,A
367821000,2020-08-19T07:47:38,36.97283,-76.43366,0.0,0.0,511.0,YANO,IMO7825409,NAQH,70,0,276,32,13.0,70,A
368026000,2020-08-19T07:27:21,36.86573,-76.31603,0.0,19.1,2.0,BENAVIDEZ,IMO9218210,NBHG,70,5,289,32,10.9,70,A
367078110,2020-08-19T07:29:03,36.83854,-76.28199,0.0,206.0,511.0,MARCELLE BORDELON,IMO9350379,WDJ2038,79,3,45,11,3.0,79,A
477196100,2020-08-19T07:27:46,37.19494,-76.13234,0.1,219.1,317.0,DARYA MA,IMO9591674,VRJH5,70,1,229,32,14.5,,A
215677000,2020-08-19T07:44:58,37.23508,-76.11577,0.1,224.5,331.0,RIZE,IMO9584035,9HA2781,70,1,229,32,14.5,,A
367932000,2020-08-19T07:47:18,36.94915,-76.32968,0.0,107.0,279.0,JOHN LENTHALL,IMO8325547,NJLN,80,5,193,29,,,A
305855000,2020-08-19T07:29:46,36.86429,-76.31475,0.0,72.9,227.0,BBC PEARL,IMO9504786,V2FY8,70,5,153,23,9.1,70,A
367078110,2020-08-19T07:19:32,36.83855,-76.28199,0.0,85.0,511.0,MARCELLE BORDELON,IMO9350379,WDJ2038,79,3,45,11,3.0,79,A
367932000,2020-08-19T07:29:16,36.94915,-76.32955,0.0,107.0,279.0,JOHN LENTHALL,IMO8325547,NJLN,80,5,193,29,,,A
538002652,2020-08-19T07:29:31,37.17973,-76.10837,0.1,221.0,315.0,NAIAS,IMO9330800,V7KN8,70,1,225,32,14.0,70,A
367821000,2020-08-19T07:20:08,36.97285,-76.43366,0.0,0.0,511.0,YANO,IMO7825409,NAQH,70,0,276,32,13.0,70,A
367078110,2020-08-19T07:50:13,36.83855,-76.28199,0.0,328.0,511.0,MARCELLE BORDELON,IMO9350379,WDJ2038,79,3,45,11,3.0,79,A
367822000,2020-08-19T07:20:55,36.97312,-76.43380,0.0,0.0,238.0,USNS SHUGHART,IMO7825394,NAOQ,70,5,276,32,13.0,70,A
305855000,2020-08-19T07:50:49,36.86428,-76.31477,0.0,167.0,226.0,BBC PEARL,IMO9504786,V2FY8,70,5,153,23,9.1,70,A
367078110,2020-08-19T07:47:43,36.83854,-76.28199,0.0,262.0,511.0,MARCELLE BORDELON,IMO9350379,WDJ2038,79,3,45,11,3.0,79,A
368026000,2020-08-19T07:51:21,36.86576,-76.31605,0.0,19.1,2.0,BENAVIDEZ,IMO9218210,NBHG,70,5,289,32,10.9,70,A
367821000,2020-08-19T07:21:58,36.97284,-76.43366,0.0,0.0,511.0,YANO,IMO7825409,NAQH,70,0,276,32,13.0,70,A
367821000,2020-08-19T07:35:08,36.97284,-76.43366,0.0,0.0,511.0,YANO,IMO7825409,NAQH,70,0,276,32,13.0,70,A
367821000,2020-08-19T07:50:38,36.97285,-76.43368,0.0,0.0,511.0,YANO,IMO7825409,NAQH,70,0,276,32,13.0,70,A
215677000,2020-08-19T07:23:56,37.23535,-76.11529,0.1,228.3,321.0,RIZE,IMO9584035,9HA2781,70,1,229,32,14.5,,A
215677000,2020-08-19T07:32:58,37.23534,-76.11533,0.1,228.3,315.0,RIZE,IMO9584035,9HA2781,70,1,229,32,14.5,,A
367822000,2020-08-19T07:23:55,36.97313,-76.43380,0.0,0.0,238.0,USNS SHUGHART,IMO7825394,NAOQ,70,5,276,32,13.0,70,A
367078110,2020-08-19T07:22:23,36.83855,-76.28198,0.0,181.0,511.0,MARCELLE BORDELON,IMO9350379,WDJ2038,79,3,45,11,3.0,79,A
367078110,2020-08-19T07:24:33,36.83855,-76.28198,0.0,199.0,511.0,MARCELLE BORDELON,IMO9350379,WDJ2038,79,3,45,11,3.0,79,A
368026000,2020-08-19T07:24:21,36.86575,-76.31603,0.0,19.1,2.0,BENAVIDEZ,IMO9218210,NBHG,70,5,289,32,10.9,70,A
367822000,2020-08-19T07:50:56,36.97313,-76.43382,0.0,0.0,238.0,USNS SHUGHART,IMO7825394,NAOQ,70,5,276,32,13.0,70,A
538006982,2020-08-19T07:50:53,37.20442,-76.12165,0.1,207.1,329.0,ANTE TOPIC,IMO9737072,V7TR4,70,1,,,,,A
367821000,2020-08-19T07:26:27,36.97284,-76.43366,0.0,0.0,511.0,YANO,IMO7825409,NAQH,70,0,276,32,13.0,70,A
538002652,2020-08-19T07:23:30,37.17988,-76.10822,0.1,216.0,309.0,NAIAS,IMO9330800,V7KN8,70,1,225,32,14.0,70,A
538002652,2020-08-19T07:35:29,37.17960,-76.10853,0.1,225.0,322.0,NAIAS,IMO9330800,V7KN8,70,1,225,32,14.0,70,A
367078110,2020-08-19T07:36:53,36.83855,-76.28199,0.0,164.0,511.0,MARCELLE BORDELON,IMO9350379,WDJ2038,79,3,45,11,3.0,79,A
538006982,2020-08-19T07:53:53,37.20438,-76.12176,0.2,255.5,330.0,ANTE TOPIC,IMO9737072,V7TR4,70,1,,,,,A
367078110,2020-08-19T07:26:23,36.83855,-76.28198,0.0,148.0,511.0,MARCELLE BORDELON,IMO9350379,WDJ2038,79,3,45,11,3.0,79,A
367861000,2020-08-19T07:36:00,36.94638,-76.32985,0.0,0.0,265.0,LARAMIE,IMO8906626,NLAR,80,5,193,29,,,A
215677000,2020-08-19T07:53:59,37.23512,-76.11575,0.1,224.5,335.0,RIZE,IMO9584035,9HA2781,70,1,229,32,14.5,,A
367932000,2020-08-19T07:26:18,36.94917,-76.32965,0.0,107.0,279.0,JOHN LENTHALL,IMO8325547,NJLN,80,5,193,29,,,A
538002652,2020-08-19T07:38:30,37.17955,-76.10863,0.1,225.0,326.0,NAIAS,IMO9330800,V7KN8,70,1,225,32,14.0,70,A
367078110,2020-08-19T07:56:13,36.83854,-76.28198,0.0,151.0,511.0,MARCELLE BORDELON,IMO9350379,WDJ2038,79,3,45,11,3.0,79,A
366839000,2020-08-19T07:28:01,36.85348,-76.31082,0.0,0.0,39.0,CAPE RISE,IMO7530808,KAFG,70,5,197,32,10.0,,A
367821000,2020-08-19T07:28:27,36.97284,-76.43365,0.0,0.0,511.0,YANO,IMO7825409,NAQH,70,0,276,32,13.0,70,A
215677000,2020-08-19T07:38:54,37.23523,-76.11563,0.2,240.2,322.0,RIZE,IMO9584035,9HA2781,70,1,229,32,14.5,,A
477196100,2020-08-19T07:30:46,37.19490,-76.13240,0.1,219.1,319.0,DARYA MA,IMO9591674,VRJH5,70,1,229,32,14.5,,A
215677000,2020-08-19T07:29:55,37.23535,-76.11526,0.0,228.3,316.0,RIZE,IMO9584035,9HA2781,70,1,229,32,14.5,,A
366839000,2020-08-19T07:30:59,36.85350,-76.31084,0.0,0.0,39.0,CAPE RISE,IMO7530808,KAFG,70,5,197,32,10.0,,A
367078110,2020-08-19T07:32:24,36.83855,-76.28198,0.0,181.0,511.0,MARCELLE BORDELON,IMO9350379,WDJ2038,79,3,45,11,3.0,79,A
367822000,2020-08-19T07:56:56,36.97313,-76.43382,0.0,0.0,238.0,USNS SHUGHART,IMO7825394,NAOQ,70,5,276,32,13.0,70,A
367822000,2020-08-19T07:59:55,36.97313,-76.43382,0.0,0.0,238.0,USNS SHUGHART,IMO7825394,NAOQ,70,5,276,32,13.0,70,A
367822000,2020-08-19T07:38:54,36.97312,-76.43380,0.0,0.0,238.0,USNS SHUGHART,IMO7825394,NAOQ,70,5,276,32,13.0,70,A
368026000,2020-08-19T07:57:20,36.86574,-76.31603,0.0,19.1,2.0,BENAVIDEZ,IMO9218210,NBHG,70,5,289,32,10.9,70,A
367078110,2020-08-19T07:30:33,36.83854,-76.28198,0.0,202.0,511.0,MARCELLE BORDELON,IMO9350379,WDJ2038,79,3,45,11,3.0,79,A
367822000,2020-08-19T07:29:56,36.97313,-76.43379,0.0,0.0,238.0,USNS SHUGHART,IMO7825394,NAOQ,70,5,276,32,13.0,70,A
538002652,2020-08-19T07:32:31,37.17965,-76.10845,0.1,221.0,318.0,NAIAS,IMO9330800,V7KN8,70,1,225,32,14.0,70,A
367821000,2020-08-19T07:30:57,36.97284,-76.43365,0.0,0.0,511.0,YANO,IMO7825409,NAQH,70,0,276,32,13.0,70,A
368026000,2020-08-19T07:30:20,36.86574,-76.31603,0.0,19.1,2.0,BENAVIDEZ,IMO9218210,NBHG,70,5,289,32,10.9,70,A
367932000,2020-08-19T07:32:17,36.94917,-76.32964,0.0,107.0,279.0,JOHN LENTHALL,IMO8325547,NJLN,80,5,193,29,,,A
367861000,2020-08-19T07:42:00,36.94638,-76.32978,0.0,0.0,265.0,LARAMIE,IMO8906626,NLAR,80,5,193,29,,,A
367821000,2020-08-19T07:42:48,36.97283,-76.43366,0.0,0.0,511.0,YANO,IMO7825409,NAQH,70,0,276,32,13.0,70,A
538002652,2020-08-19T07:59:31,37.17945,-76.10848,0.0,168.0,332.0,NAIAS,IMO9330800,V7KN8,70,1,225,32,14.0,70,A
538006982,2020-08-19T07:59:53,37.20433,-76.12201,0.1,223.0,337.0,ANTE TOPIC,IMO9737072,V7TR4,70,1,,,,,A
367822000,2020-08-19T07:41:55,36.97311,-76.43377,0.0,0.0,238.0,USNS SHUGHART,IMO7825394,NAOQ,70,5,276,32,13.0,70,A
367861000,2020-08-19T07:33:00,36.94635,-76.32984,0.0,0.0,265.0,LARAMIE,IMO8906626,NLAR,80,5,193,29,,,A
367932000,2020-08-19T07:44:17,36.94917,-76.32967,0.0,107.0,279.0,JOHN LENTHALL,IMO8325547,NJLN,80,5,193,29,,,A
367821000,2020-08-19T07:44:18,36.97283,-76.43366,0.0,0.0,511.0,YANO,IMO7825409,NAQH,70,0,276,32,13.0,70,A
368026000,2020-08-19T08:03:21,36.86576,-76.31604,0.0,19.1,2.0,BENAVIDEZ,IMO9218210,NBHG,70,5,289,32,10.9,70,A
367078110,2020-08-19T08:03:32,36.83854,-76.28198,0.0,226.0,511.0,MARCELLE BORDELON,IMO9350379,WDJ2038,79,3,45,11,3.0,79,A
368026000,2020-08-19T07:33:21,36.86576,-76.31604,0.0,19.1,2.0,BENAVIDEZ,IMO9218210,NBHG,70,5,289,32,10.9,70,A
367822000,2020-08-19T07:32:56,36.97312,-76.43379,0.0,0.0,238.0,USNS SHUGHART,IMO7825394,NAOQ,70,5,276,32,13.0,70,A
367078110,2020-08-19T08:04:53,36.83854,-76.28198,0.0,146.0,511.0,MARCELLE BORDELON,IMO9350379,WDJ2038,79,3,45,11,3.0,79,A
367821000,2020-08-19T08:01:17,36.97283,-76.43367,0.0,0.0,511.0,YANO,IMO7825409,NAQH,70,0,276,32,13.0,70,A
366839000,2020-08-19T07:34:00,36.85349,-76.31084,0.0,0.0,39.0,CAPE RISE,IMO7530808,KAFG,70,5,197,32,10.0,,A
367078110,2020-08-19T08:01:13,36.83854,-76.28199,0.0,214.0,511.0,MARCELLE BORDELON,IMO9350379,WDJ2038,79,3,45,11,3.0,79,A
538006982,2020-08-19T07:44:53,37.20449,-76.12170,0.1,73.0,334.0,ANTE TOPIC,IMO9737072,V7TR4,70,1,,,,,A
367821000,2020-08-19T07:45:58,36.97283,-76.43366,0.0,0.0,511.0,YANO,IMO7825409,NAQH,70,0,276,32,13.0,70,A
367822000,2020-08-19T07:44:56,36.97313,-76.43380,0.0,0.0,238.0,USNS SHUGHART,IMO7825394,NAOQ,70,5,276,32,13.0,70,A
367932000,2020-08-19T07:35:18,36.94917,-76.32971,0.0,107.0,279.0,JOHN LENTHALL,IMO8325547,NJLN,80,5,193,29,,,A
368026000,2020-08-19T07:36:20,36.86576,-76.31603,0.0,19.1,2.0,BENAVIDEZ,IMO9218210,NBHG,70,5,289,32,10.9,70,A
538006982,2020-08-19T08:05:53,37.20425,-76.12205,0.0,185.3,341.0,ANTE TOPIC,IMO9737072,V7TR4,70,1,,,,,A
477196100,2020-08-19T07:36:47,37.19481,-76.13250,0.1,219.1,325.0,DARYA MA,IMO9591674,VRJH5,70,1,229,32,14.5,,A
215677000,2020-08-19T08:03:01,37.23506,-76.11584,0.1,224.5,332.0,RIZE,IMO9584035,9HA2781,70,1,229,32,14.5,,A
215677000,2020-08-19T07:35:59,37.23529,-76.11548,0.2,245.0,317.0,RIZE,IMO9584035,9HA2781,70,1,229,32,14.5,,A
538002652,2020-08-19T07:47:30,37.17942,-76.10868,0.0,207.0,339.0,NAIAS,IMO9330800,V7KN8,70,1,225,32,14.0,70,A
366839000,2020-08-19T07:39:54,36.85347,-76.31082,0.0,0.0,39.0,CAPE RISE,IMO7530808,KAFG,70,5,197,32,10.0,,A
367822000,2020-08-19T07:47:55,36.97314,-76.43381,0.0,0.0,238.0,USNS SHUGHART,IMO7825394,NAOQ,70,5,276,32,13.0,70,A
367861000,2020-08-19T07:48:01,36.94637,-76.32979,0.0,0.0,265.0,LARAMIE,IMO8906626,NLAR,80,5,193,29,,,A
366839000,2020-08-19T07:48:59,36.85348,-76.31083,0.0,0.0,40.0,CAPE RISE,IMO7530808,KAFG,70,5,197,32,10.0,,A
305855000,2020-08-19T08:05:46,36.86429,-76.31477,0.0,167.0,226.0,BBC PEARL,IMO9504786,V2FY8,70,5,153,23,9.1,70,A
215677000,2020-08-19T08:05:58,37.23503,-76.11598,0.2,255.2,334.0,RIZE,IMO9584035,9HA2781,70,1,229,32,14.5,,A
367821000,2020-08-19T07:52:07,36.97285,-76.43369,0.0,0.0,511.0,YANO,IMO7825409,NAQH,70,0,276,32,13.0,70,A
367932000,2020-08-19T07:38:17,36.94917,-76.32970,0.0,107.0,279.0,JOHN LENTHALL,IMO8325547,NJLN,80,5,193,29,,,A
367078110,2020-08-19T07:39:32,36.83855,-76.28199,0.0,153.0,511.0,MARCELLE BORDELON,IMO9350379,WDJ2038,79,3,45,11,3.0,79,A
367861000,2020-08-19T08:06:01,36.94641,-76.32980,0.0,0.0,265.0,LARAMIE,IMO8906626,NLAR,80,5,193,29,,,A
477196100,2020-08-19T07:51:46,37.19474,-76.13264,0.1,219.1,332.0,DARYA MA,IMO9591674,VRJH5,70,1,229,32,14.5,,A
367821000,2020-08-19T07:39:08,36.97283,-76.43366,0.0,0.0,511.0,YANO,IMO7825409,NAQH,70,0,276,32,13.0,70,A
477196100,2020-08-19T08:06:44,37.19461,-76.13309,0.1,219.1,340.0,DARYA MA,IMO9591674,VRJH5,70,1,229,32,14.5,,A
367078110,2020-08-19T07:41:12,36.83855,-76.28199,0.0,183.0,511.0,MARCELLE BORDELON,IMO9350379,WDJ2038,79,3,45,11,3.0,79,A
368026000,2020-08-19T07:39:20,36.86577,-76.31602,0.0,19.1,2.0,BENAVIDEZ,IMO9218210,NBHG,70,5,289,32,10.9,70,A
367861000,2020-08-19T08:12:00,36.94641,-76.32980,0.0,0.0,265.0,LARAMIE,IMO8906626,NLAR,80,5,193,29,,,A
538006982,2020-08-19T08:11:53,37.20428,-76.12206,0.0,185.3,342.0,ANTE TOPIC,IMO9737072,V7TR4,70,1,,,,,A
215677000,2020-08-19T07:50:59,37.23514,-76.11579,0.0,224.5,335.0,RIZE,IMO9584035,9HA2781,70,1,229,32,14.5,,A
367932000,2020-08-19T07:41:16,36.94919,-76.32969,0.0,107.0,279.0,JOHN LENTHALL,IMO8325547,NJLN,80,5,193,29,,,A
367078110,2020-08-19T07:53:03,36.83854,-76.28199,0.0,262.0,511.0,MARCELLE BORDELON,IMO9350379,WDJ2038,79,3,45,11,3.0,79,A
367932000,2020-08-19T07:53:17,36.94920,-76.32970,0.0,107.0,279.0,JOHN LENTHALL,IMO8325547,NJLN,80,5,193,29,,,A
477196100,2020-08-19T08:09:43,37.19458,-76.13313,0.0,219.1,342.0,DARYA MA,IMO9591674,VRJH5,70,1,229,32,14.5,,A
367821000,2020-08-19T07:56:07,36.97284,-76.43367,0.0,0.0,511.0,YANO,IMO7825409,NAQH,70,0,276,32,13.0,70,A
367821000,2020-08-19T08:13:37,36.97282,-76.43367,0.0,0.0,511.0,YANO,IMO7825409,NAQH,70,0,276,32,13.0,70,A
538002652,2020-08-19T07:41:31,37.17948,-76.10872,0.1,208.0,331.0,NAIAS,IMO9330800,V7KN8,70,1,225,32,14.0,70,A
477196100,2020-08-19T07:42:48,37.19473,-76.13258,0.1,219.1,332.0,DARYA MA,IMO9591674,VRJH5,70,1,229,32,14.5,,A
368026000,2020-08-19T07:45:20,36.86576,-76.31605,0.0,19.1,2.0,BENAVIDEZ,IMO9218210,NBHG,70,5,289,32,10.9,70,A
305855000,2020-08-19T07:44:48,36.86427,-76.31476,0.0,167.0,226.0,BBC PEARL,IMO9504786,V2FY8,70,5,153,23,9.1,70,A
367932000,2020-08-19T08:11:17,36.94917,-76.32965,0.0,107.0,279.0,JOHN LENTHALL,IMO8325547,NJLN,80,5,193,29,,,A
368026000,2020-08-19T07:54:21,36.86575,-76.31603,0.0,19.1,2.0,BENAVIDEZ,IMO9218210,NBHG,70,5,289,32,10.9,70,A
538002652,2020-08-19T08:14:30,37.17932,-76.10893,0.0,239.0,337.0,NAIAS,IMO9330800,V7KN8,70,1,225,32,14.0,70,A
538002652,2020-08-19T07:44:30,37.17943,-76.10873,0.0,207.0,336.0,NAIAS,IMO9330800,V7KN8,70,1,225,32,14.0,70,A
538006982,2020-08-19T07:56:53,37.20436,-76.12190,0.1,250.4,333.0,ANTE TOPIC,IMO9737072,V7TR4,70,1,,,,,A
538002652,2020-08-19T07:56:31,37.17950,-76.10853,0.0,168.0,334.0,NAIAS,IMO9330800,V7KN8,70,1,225,32,14.0,70,A
367078110,2020-08-19T07:57:52,36.83854,-76.28199,0.0,22.0,511.0,MARCELLE BORDELON,IMO9350379,WDJ2038,79,3,45,11,3.0,79,A
367821000,2020-08-19T07:58:28,36.97283,-76.43367,0.0,0.0,511.0,YANO,IMO7825409,NAQH,70,0,276,32,13.0,70,A
367078110,2020-08-19T07:46:33,36.83854,-76.28198,0.0,185.0,511.0,MARCELLE BORDELON,IMO9350379,WDJ2038,79,3,45,11,3.0,79,A
367932000,2020-08-19T07:56:18,36.94919,-76.32971,0.0,107.0,279.0,JOHN LENTHALL,IMO8325547,NJLN,80,5,193,29,,,A
366839000,2020-08-19T07:45:58,36.85348,-76.31083,0.0,0.0,39.0,CAPE RISE,IMO7530808,KAFG,70,5,197,32,10.0,,A
367078110,2020-08-19T07:59:02,36.83854,-76.28199,0.0,190.0,511.0,MARCELLE BORDELON,IMO9350379,WDJ2038,79,3,45,11,3.0,79,A
367932000,2020-08-19T08:14:18,36.94921,-76.32967,0.0,107.0,279.0,JOHN LENTHALL,IMO8325547,NJLN,80,5,193,29,,,A
477196100,2020-08-19T07:45:45,37.19475,-76.13263,0.0,219.1,332.0,DARYA MA,IMO9591674,VRJH5,70,1,229,32,14.5,,A
366839000,2020-08-19T08:16:02,36.85349,-76.31085,0.0,0.0,39.0,CAPE RISE,IMO7530808,KAFG,70,5,197,32,10.0,,A
215677000,2020-08-19T07:47:58,37.23510,-76.11579,0.1,224.5,334.0,RIZE,IMO9584035,9HA2781,70,1,229,32,14.5,,A
367821000,2020-08-19T08:00:08,36.97283,-76.43367,0.0,0.0,511.0,YANO,IMO7825409,NAQH,70,0,276,32,13.0,70,A
367821000,2020-08-19T07:59:38,36.97283,-76.43367,0.0,0.0,511.0,YANO,IMO7825409,NAQH,70,0,276,32,13.0,70,A
368026000,2020-08-19T07:48:20,36.86575,-76.31603,0.0,19.1,2.0,BENAVIDEZ,IMO9218210,NBHG,70,5,289,32,10.9,70,A
477196100,2020-08-19T08:00:45,37.19471,-76.13290,0.1,219.1,332.0,DARYA MA,IMO9591674,VRJH5,70,1,229,32,14.5,,A
538002652,2020-08-19T07:50:29,37.17943,-76.10860,0.0,207.0,338.0,NAIAS,IMO9330800,V7KN8,70,1,225,32,14.0,70,A
367861000,2020-08-19T07:51:00,36.94637,-76.32984,0.0,0.0,265.0,LARAMIE,IMO8906626,NLAR,80,5,193,29,,,A
367078110,2020-08-19T07:51:23,36.83855,-76.28199,0.0,152.0,511.0,MARCELLE BORDELON,IMO9350379,WDJ2038,79,3,45,11,3.0,79,A
366839000,2020-08-19T07:51:56,36.85348,-76.31081,0.0,0.0,40.0,CAPE RISE,IMO7530808,KAFG,70,5,197,32,10.0,,A
477196100,2020-08-19T07:54:43,37.19469,-76.13269,0.1,219.1,331.0,DARYA MA,IMO9591674,VRJH5,70,1,229,32,14.5,,A
367078110,2020-08-19T07:54:23,36.83854,-76.28199,0.0,138.0,511.0,MARCELLE BORDELON,IMO9350379,WDJ2038,79,3,45,11,3.0,79,A
367932000,2020-08-19T07:50:17,36.94916,-76.32962,0.0,107.0,279.0,JOHN LENTHALL,IMO8325547,NJLN,80,5,193,29,,,A
367861000,2020-08-19T08:18:01,36.94639,-76.32976,0.0,0.0,265.0,LARAMIE,IMO8906626,NLAR,80,5,193,29,,,A
367861000,2020-08-19T07:54:01,36.94637,-76.32984,0.0,0.0,265.0,LARAMIE,IMO8906626,NLAR,80,5,193,29,,,A
305855000,2020-08-19T08:17:46,36.86428,-76.31478,0.0,92.8,226.0,BBC PEARL,IMO9504786,V2FY8,70,5,153,23,9.1,70,A
367821000,2020-08-19T07:54:28,36.97284,-76.43367,0.0,0.0,511.0,YANO,IMO7825409,NAQH,70,0,276,32,13.0,70,A
538002652,2020-08-19T08:17:30,37.17925,-76.10898,0.0,239.0,340.0,NAIAS,IMO9330800,V7KN8,70,1,225,32,14.0,70,A
367078110,2020-08-19T08:02:23,36.83854,-76.28198,0.0,96.0,511.0,MARCELLE BORDELON,IMO9350379,WDJ2038,79,3,45,11,3.0,79,A
367078110,2020-08-19T08:21:23,36.83854,-76.28199,0.0,214.0,511.0,MARCELLE BORDELON,IMO9350379,WDJ2038,79,3,45,11,3.0,79,A
367822000,2020-08-19T08:02:56,36.97313,-76.43382,0.0,0.0,238.0,USNS SHUGHART,IMO7825394,NAOQ,70,5,276,32,13.0,70,A
538002652,2020-08-19T08:02:28,37.17945,-76.10855,0.0,168.0,332.0,NAIAS,IMO9330800,V7KN8,70,1,225,32,14.0,70,A
367861000,2020-08-19T08:21:01,36.94639,-76.32976,0.0,0.0,265.0,LARAMIE,IMO8906626,NLAR,80,5,193,29,,,A
367822000,2020-08-19T08:23:56,36.97313,-76.43382,0.0,0.0,238.0,USNS SHUGHART,IMO7825394,NAOQ,70,5,276,32,13.0,70,A
367078110,2020-08-19T08:23:43,36.83855,-76.28199,0.0,153.0,511.0,MARCELLE BORDELON,IMO9350379,WDJ2038,79,3,45,11,3.0,79,A
367821000,2020-08-19T08:07:27,36.97282,-76.43367,0.0,0.0,511.0,YANO,IMO7825409,NAQH,70,0,276,32,13.0,70,A
366839000,2020-08-19T07:57:59,36.85348,-76.31086,0.0,0.0,40.0,CAPE RISE,IMO7530808,KAFG,70,5,197,32,10.0,,A
538002652,2020-08-19T08:08:28,37.17937,-76.10867,0.1,250.0,331.0,NAIAS,IMO9330800,V7KN8,70,1,225,32,14.0,70,A
367078110,2020-08-19T08:08:33,36.83854,-76.28199,0.0,115.0,511.0,MARCELLE BORDELON,IMO9350379,WDJ2038,79,3,45,11,3.0,79,A
367821000,2020-08-19T08:08:37,36.97282,-76.43367,0.0,0.0,511.0,YANO,IMO7825409,NAQH,70,0,276,32,13.0,70,A
305855000,2020-08-19T08:08:47,36.86428,-76.31475,0.0,167.0,226.0,BBC PEARL,IMO9504786,V2FY8,70,5,153,23,9.1,70,A
477196100,2020-08-19T08:21:45,37.19458,-76.13318,0.0,219.1,343.0,DARYA MA,IMO9591674,VRJH5,70,1,229,32,14.5,,A
305855000,2020-08-19T07:59:48,36.86429,-76.31475,0.0,167.0,226.0,BBC PEARL,IMO9504786,V2FY8,70,5,153,23,9.1,70,A
367861000,2020-08-19T07:57:00,36.94642,-76.32980,0.0,0.0,265.0,LARAMIE,IMO8906626,NLAR,80,5,193,29,,,A
366839000,2020-08-19T08:10:00,36.85350,-76.31082,0.0,0.0,40.0,CAPE RISE,IMO7530808,KAFG,70,5,197,32,10.0,,A
215677000,2020-08-19T08:23:58,37.23496,-76.11649,0.1,75.6,352.0,RIZE,IMO9584035,9HA2781,70,1,229,32,14.5,,A
366839000,2020-08-19T08:00:59,36.85349,-76.31084,0.0,0.0,40.0,CAPE RISE,IMO7530808,KAFG,70,5,197,32,10.0,,A
367932000,2020-08-19T07:59:17,36.94919,-76.32954,0.0,107.0,279.0,JOHN LENTHALL,IMO8325547,NJLN,80,5,193,29,,,A
367932000,2020-08-19T08:02:18,36.94917,-76.32972,0.0,107.0,279.0,JOHN LENTHALL,IMO8325547,NJLN,80,5,193,29,,,A
367078110,2020-08-19T08:27:42,36.83854,-76.28199,0.0,337.0,511.0,MARCELLE BORDELON,IMO9350379,WDJ2038,79,3,45,11,3.0,79,A
367078110,2020-08-19T08:24:54,36.83854,-76.28199,0.0,144.0,511.0,MARCELLE BORDELON,IMO9350379,WDJ2038,79,3,45,11,3.0,79,A
215677000,2020-08-19T08:26:56,37.23494,-76.11639,0.1,75.6,348.0,RIZE,IMO9584035,9HA2781,70,1,229,32,14.5,,A
367821000,2020-08-19T08:27:57,36.97283,-76.43366,0.0,0.0,511.0,YANO,IMO7825409,NAQH,70,0,276,32,13.0,70,A
367821000,2020-08-19T08:14:47,36.97282,-76.43367,0.0,0.0,511.0,YANO,IMO7825409,NAQH,70,0,276,32,13.0,70,A
367861000,2020-08-19T08:15:01,36.94635,-76.32976,0.0,0.0,265.0,LARAMIE,IMO8906626,NLAR,80,5,193,29,,,A
538006982,2020-08-19T08:14:53,37.20425,-76.12206,0.0,185.3,342.0,ANTE TOPIC,IMO9737072,V7TR4,70,1,,,,,A
538002652,2020-08-19T08:26:28,37.17923,-76.10898,0.1,35.0,349.0,NAIAS,IMO9330800,V7KN8,70,1,225,32,14.0,70,A
305855000,2020-08-19T08:14:48,36.86427,-76.31475,0.0,167.0,226.0,BBC PEARL,IMO9504786,V2FY8,70,5,153,23,9.1,70,A
368026000,2020-08-19T08:15:21,36.86577,-76.31603,0.0,19.1,2.0,BENAVIDEZ,IMO9218210,NBHG,70,5,289,32,10.9,70,A
367821000,2020-08-19T08:03:37,36.97282,-76.43367,0.0,0.0,511.0,YANO,IMO7825409,NAQH,70,0,276,32,13.0,70,A
368026000,2020-08-19T08:27:20,36.86577,-76.31606,0.0,19.1,2.0,BENAVIDEZ,IMO9218210,NBHG,70,5,289,32,10.9,70,A
367078110,2020-08-19T08:16:32,36.83854,-76.28199,0.0,32.0,511.0,MARCELLE BORDELON,IMO9350379,WDJ2038,79,3,45,11,3.0,79,A
305855000,2020-08-19T08:29:49,36.86430,-76.31477,0.0,77.8,226.0,BBC PEARL,IMO9504786,V2FY8,70,5,153,23,9.1,70,A
477196100,2020-08-19T08:18:45,37.19460,-76.13317,0.1,219.1,343.0,DARYA MA,IMO9591674,VRJH5,70,1,229,32,14.5,,A
367078110,2020-08-19T08:09:53,36.83854,-76.28199,0.0,175.0,511.0,MARCELLE BORDELON,IMO9350379,WDJ2038,79,3,45,11,3.0,79,A
367821000,2020-08-19T08:05:07,36.97282,-76.43367,0.0,0.0,511.0,YANO,IMO7825409,NAQH,70,0,276,32,13.0,70,A
367821000,2020-08-19T08:31:27,36.97282,-76.43368,0.0,0.0,511.0,YANO,IMO7825409,NAQH,70,0,276,32,13.0,70,A
367078110,2020-08-19T08:18:53,36.83854,-76.28198,0.0,324.0,511.0,MARCELLE BORDELON,IMO9350379,WDJ2038,79,3,45,11,3.0,79,A
367822000,2020-08-19T08:05:56,36.97313,-76.43383,0.0,0.0,238.0,USNS SHUGHART,IMO7825394,NAOQ,70,5,276,32,13.0,70,A
538002652,2020-08-19T08:11:31,37.17935,-76.10882,0.1,251.0,334.0,NAIAS,IMO9330800,V7KN8,70,1,225,32,14.0,70,A
538002652,2020-08-19T08:29:31,37.17932,-76.10890,0.1,51.0,347.0,NAIAS,IMO9330800,V7KN8,70,1,225,32,14.0,70,A
538002652,2020-08-19T08:05:30,37.17940,-76.10858,0.0,168.0,331.0,NAIAS,IMO9330800,V7KN8,70,1,225,32,14.0,70,A
305855000,2020-08-19T08:32:49,36.86430,-76.31477,0.0,82.0,226.0,BBC PEARL,IMO9504786,V2FY8,70,5,153,23,9.1,70,A
367821000,2020-08-19T08:12:27,36.97282,-76.43367,0.0,0.0,511.0,YANO,IMO7825409,NAQH,70,0,276,32,13.0,70,A
366839000,2020-08-19T08:12:58,36.85350,-76.31082,0.0,0.0,39.0,CAPE RISE,IMO7530808,KAFG,70,5,197,32,10.0,,A
367822000,2020-08-19T08:08:56,36.97313,-76.43383,0.0,0.0,238.0,USNS SHUGHART,IMO7825394,NAOQ,70,5,276,32,13.0,70,A
538006982,2020-08-19T08:08:53,37.20427,-76.12206,0.0,185.3,342.0,ANTE TOPIC,IMO9737072,V7TR4,70,1,,,,,A
367822000,2020-08-19T08:32:56,36.97314,-76.43384,0.0,0.0,238.0,USNS SHUGHART,IMO7825394,NAOQ,70,5,276,32,13.0,70,A
367861000,2020-08-19T08:33:00,36.94635,-76.32977,0.0,0.0,265.0,LARAMIE,IMO8906626,NLAR,80,5,193,29,,,A
367078110,2020-08-19T08:13:34,36.83854,-76.28199,0.0,97.0,511.0,MARCELLE BORDELON,IMO9350379,WDJ2038,79,3,45,11,3.0,79,A
477196100,2020-08-19T08:12:46,37.19458,-76.13314,0.0,219.1,343.0,DARYA MA,IMO9591674,VRJH5,70,1,229,32,14.5,,A
367078110,2020-08-19T08:06:13,36.83854,-76.28198,0.0,294.0,511.0,MARCELLE BORDELON,IMO9350379,WDJ2038,79,3,45,11,3.0,79,A
215677000,2020-08-19T08:09:00,37.23496,-76.11620,0.2,253.1,336.0,RIZE,IMO9584035,9HA2781,70,1,229,32,14.5,,A
367078110,2020-08-19T08:34:13,36.83855,-76.28199,0.0,155.0,511.0,MARCELLE BORDELON,IMO9350379,WDJ2038,79,3,45,11,3.0,79,A
366839000,2020-08-19T08:06:54,36.85351,-76.31083,0.0,0.0,40.0,CAPE RISE,IMO7530808,KAFG,70,5,197,32,10.0,,A
368026000,2020-08-19T08:33:22,36.86576,-76.31602,0.0,19.1,2.0,BENAVIDEZ,IMO9218210,NBHG,70,5,289,32,10.9,70,A
367078110,2020-08-19T08:07:22,36.83854,-76.28198,0.0,180.0,511.0,MARCELLE BORDELON,IMO9350379,WDJ2038,79,3,45,11,3.0,79,A
367932000,2020-08-19T08:32:17,36.94919,-76.32967,0.0,107.0,279.0,JOHN LENTHALL,IMO8325547,NJLN,80,5,193,29,,,A
367821000,2020-08-19T08:16:08,36.97282,-76.43367,0.0,0.0,511.0,YANO,IMO7825409,NAQH,70,0,276,32,13.0,70,A
367078110,2020-08-19T08:22:33,36.83855,-76.28199,0.0,156.0,511.0,MARCELLE BORDELON,IMO9350379,WDJ2038,79,3,45,11,3.0,79,A
367821000,2020-08-19T08:11:17,36.97282,-76.43367,0.0,0.0,511.0,YANO,IMO7825409,NAQH,70,0,276,32,13.0,70,A
477196100,2020-08-19T08:33:44,37.19456,-76.13325,0.0,219.1,345.0,DARYA MA,IMO9591674,VRJH5,70,1,229,32,14.5,,A
367078110,2020-08-19T08:35:22,36.83854,-76.28198,0.0,35.0,511.0,MARCELLE BORDELON,IMO9350379,WDJ2038,79,3,45,11,3.0,79,A
367821000,2020-08-19T08:34:17,36.97283,-76.43368,0.0,0.0,511.0,YANO,IMO7825409,NAQH,70,0,276,32,13.0,70,A
367821000,2020-08-19T08:35:37,36.97283,-76.43368,0.0,0.0,511.0,YANO,IMO7825409,NAQH,70,0,276,32,13.0,70,A
367822000,2020-08-19T08:17:54,36.97313,-76.43382,0.0,0.0,238.0,USNS SHUGHART,IMO7825394,NAOQ,70,5,276,32,13.0,70,A
366839000,2020-08-19T08:24:57,36.85349,-76.31082,0.0,0.0,39.0,CAPE RISE,IMO7530808,KAFG,70,5,197,32,10.0,,A
538002652,2020-08-19T08:35:30,37.17927,-76.10875,0.0,140.0,340.0,NAIAS,IMO9330800,V7KN8,70,1,225,32,14.0,70,A
215677000,2020-08-19T08:17:58,37.23488,-76.11669,0.0,246.8,351.0,RIZE,IMO9584035,9HA2781,70,1,229,32,14.5,,A
367861000,2020-08-19T08:09:01,36.94635,-76.32980,0.0,0.0,265.0,LARAMIE,IMO8906626,NLAR,80,5,193,29,,,A
305855000,2020-08-19T08:26:48,36.86428,-76.31476,0.0,71.1,226.0,BBC PEARL,IMO9504786,V2FY8,70,5,153,23,9.1,70,A
367932000,2020-08-19T08:35:17,36.94915,-76.32964,0.0,107.0,279.0,JOHN LENTHALL,IMO8325547,NJLN,80,5,193,29,,,A
368026000,2020-08-19T08:09:21,36.86576,-76.31602,0.0,19.1,2.0,BENAVIDEZ,IMO9218210,NBHG,70,5,289,32,10.9,70,A
367821000,2020-08-19T08:09:48,36.97282,-76.43367,0.0,0.0,511.0,YANO,IMO7825409,NAQH,70,0,276,32,13.0,70,A
368026000,2020-08-19T08:12:20,36.86577,-76.31605,0.0,19.1,2.0,BENAVIDEZ,IMO9218210,NBHG,70,5,289,32,10.9,70,A
367078110,2020-08-19T08:12:22,36.83854,-76.28199,0.0,144.0,511.0,MARCELLE BORDELON,IMO9350379,WDJ2038,79,3,45,11,3.0,79,A
367932000,2020-08-19T08:38:16,36.94919,-76.32968,0.0,107.0,279.0,JOHN LENTHALL,IMO8325547,NJLN,80,5,193,29,,,A
367078110,2020-08-19T08:14:53,36.83854,-76.28198,0.0,214.0,511.0,MARCELLE BORDELON,IMO9350379,WDJ2038,79,3,45,11,3.0,79,A
367821000,2020-08-19T08:17:27,36.97282,-76.43367,0.0,0.0,511.0,YANO,IMO7825409,NAQH,70,0,276,32,13.0,70,A
367861000,2020-08-19T08:29:59,36.94642,-76.32987,0.0,0.0,265.0,LARAMIE,IMO8906626,NLAR,80,5,193,29,,,A
367932000,2020-08-19T08:17:18,36.94916,-76.32967,0.0,107.0,279.0,JOHN LENTHALL,IMO8325547,NJLN,80,5,193,29,,,A
215677000,2020-08-19T08:15:01,37.23493,-76.11665,0.1,246.8,346.0,RIZE,IMO9584035,9HA2781,70,1,229,32,14.5,,A
367821000,2020-08-19T08:39:37,36.97283,-76.43369,0.0,0.0,511.0,YANO,IMO7825409,NAQH,70,0,276,32,13.0,70,A
477196100,2020-08-19T08:30:45,37.19456,-76.13323,0.0,219.1,345.0,DARYA MA,IMO9591674,VRJH5,70,1,229,32,14.5,,A
477196100,2020-08-19T08:39:43,37.19457,-76.13332,0.1,219.1,344.0,DARYA MA,IMO9591674,VRJH5,70,1,229,32,14.5,,A
367932000,2020-08-19T08:23:17,36.94912,-76.32962,0.0,107.0,279.0,JOHN LENTHALL,IMO8325547,NJLN,80,5,193,29,,,A
367821000,2020-08-19T08:24:07,36.97282,-76.43367,0.0,0.0,511.0,YANO,IMO7825409,NAQH,70,0,276,32,13.0,70,A
477196100,2020-08-19T08:15:41,37.19459,-76.13316,0.1,219.1,343.0,DARYA MA,IMO9591674,VRJH5,70,1,229,32,14.5,,A
366839000,2020-08-19T08:18:57,36.85347,-76.31083,0.0,0.0,39.0,CAPE RISE,IMO7530808,KAFG,70,5,197,32,10.0,,A
538006982,2020-08-19T08:23:53,37.20420,-76.12220,0.0,210.6,345.0,ANTE TOPIC,IMO9737072,V7TR4,70,1,,,,,A
538006982,2020-08-19T08:17:53,37.20422,-76.12210,0.0,185.3,342.0,ANTE TOPIC,IMO9737072,V7TR4,70,1,,,,,A
367822000,2020-08-19T08:20:56,36.97313,-76.43382,0.0,0.0,238.0,USNS SHUGHART,IMO7825394,NAOQ,70,5,276,32,13.0,70,A
538006982,2020-08-19T08:35:53,37.20416,-76.12226,0.0,203.5,346.0,ANTE TOPIC,IMO9737072,V7TR4,70,1,,,,,A
367932000,2020-08-19T08:20:16,36.94918,-76.32967,0.0,107.0,279.0,JOHN LENTHALL,IMO8325547,NJLN,80,5,193,29,,,A
367932000,2020-08-19T08:41:17,36.94915,-76.32967,0.0,107.0,279.0,JOHN LENTHALL,IMO8325547,NJLN,80,5,193,29,,,A
367821000,2020-08-19T08:43:17,36.97283,-76.43369,0.0,0.0,511.0,YANO,IMO7825409,NAQH,70,0,276,32,13.0,70,A
538002652,2020-08-19T08:20:28,37.17920,-76.10902,0.0,239.0,344.0,NAIAS,IMO9330800,V7KN8,70,1,225,32,14.0,70,A
477196100,2020-08-19T08:27:45,37.19457,-76.13324,0.0,219.1,346.0,DARYA MA,IMO9591674,VRJH5,70,1,229,32,14.5,,A
367078110,2020-08-19T08:17:42,36.83854,-76.28198,0.0,242.0,511.0,MARCELLE BORDELON,IMO9350379,WDJ2038,79,3,45,11,3.0,79,A
368026000,2020-08-19T08:21:21,36.86577,-76.31604,0.0,19.1,2.0,BENAVIDEZ,IMO9218210,NBHG,70,5,289,32,10.9,70,A
367821000,2020-08-19T08:18:47,36.97282,-76.43367,0.0,0.0,511.0,YANO,IMO7825409,NAQH,70,0,276,32,13.0,70,A
367821000,2020-08-19T08:45:57,36.97283,-76.43369,0.0,0.0,511.0,YANO,IMO7825409,NAQH,70,0,276,32,13.0,70,A
367821000,2020-08-19T08:22:38,36.97282,-76.43367,0.0,0.0,511.0,YANO,IMO7825409,NAQH,70,0,276,32,13.0,70,A
368026000,2020-08-19T08:24:21,36.86576,-76.31604,0.0,19.1,2.0,BENAVIDEZ,IMO9218210,NBHG,70,5,289,32,10.9,70,A
368026000,2020-08-19T08:39:20,36.86576,-76.31605,0.0,19.1,2.0,BENAVIDEZ,IMO9218210,NBHG,70,5,289,32,10.9,70,A
215677000,2020-08-19T08:44:56,37.23491,-76.11666,0.0,75.6,353.0,RIZE,IMO9584035,9HA2781,70,1,229,32,14.5,,A
215677000,2020-08-19T08:30:00,37.23491,-76.11641,0.1,75.6,346.0,RIZE,IMO9584035,9HA2781,70,1,229,32,14.5,,A
367821000,2020-08-19T08:21:17,36.97282,-76.43367,0.0,0.0,511.0,YANO,IMO7825409,NAQH,70,0,276,32,13.0,70,A
367821000,2020-08-19T08:25:17,36.97282,-76.43367,0.0,0.0,511.0,YANO,IMO7825409,NAQH,70,0,276,32,13.0,70,A
367078110,2020-08-19T08:44:52,36.83854,-76.28198,0.0,331.0,511.0,MARCELLE BORDELON,IMO9350379,WDJ2038,79,3,45,11,3.0,79,A
538002652,2020-08-19T08:23:29,37.17920,-76.10903,0.0,239.0,348.0,NAIAS,IMO9330800,V7KN8,70,1,225,32,14.0,70,A
367861000,2020-08-19T08:24:01,36.94634,-76.32976,0.0,0.0,265.0,LARAMIE,IMO8906626,NLAR,80,5,193,29,,,A
367078110,2020-08-19T08:40:33,36.83855,-76.28199,0.0,103.0,511.0,MARCELLE BORDELON,IMO9350379,WDJ2038,79,3,45,11,3.0,79,A
305855000,2020-08-19T08:38:49,36.86429,-76.31477,0.0,82.0,226.0,BBC PEARL,IMO9504786,V2FY8,70,5,153,23,9.1,70,A
305855000,2020-08-19T08:20:47,36.86428,-76.31475,0.0,90.2,226.0,BBC PEARL,IMO9504786,V2FY8,70,5,153,23,9.1,70,A
538006982,2020-08-19T08:38:53,37.20416,-76.12234,0.1,275.6,347.0,ANTE TOPIC,IMO9737072,V7TR4,70,1,,,,,A
538006982,2020-08-19T08:47:53,37.20414,-76.12246,0.0,242.9,352.0,ANTE TOPIC,IMO9737072,V7TR4,70,1,,,,,A
366839000,2020-08-19T08:22:03,36.85351,-76.31085,0.0,0.0,39.0,CAPE RISE,IMO7530808,KAFG,70,5,197,32,10.0,,A
215677000,2020-08-19T08:32:57,37.23491,-76.11648,0.1,75.6,345.0,RIZE,IMO9584035,9HA2781,70,1,229,32,14.5,,A
538006982,2020-08-19T08:32:53,37.20420,-76.12225,0.0,203.5,346.0,ANTE TOPIC,IMO9737072,V7TR4,70,1,,,,,A
367078110,2020-08-19T08:43:33,36.83854,-76.28198,0.0,42.0,511.0,MARCELLE BORDELON,IMO9350379,WDJ2038,79,3,45,11,3.0,79,A
367822000,2020-08-19T08:41:55,36.97312,-76.43384,0.0,0.0,238.0,USNS SHUGHART,IMO7825394,NAOQ,70,5,276,32,13.0,70,A
367932000,2020-08-19T08:50:16,36.94925,-76.32959,0.0,107.0,279.0,JOHN LENTHALL,IMO8325547,NJLN,80,5,193,29,,,A
477196100,2020-08-19T08:42:44,37.19458,-76.13337,0.1,219.1,344.0,DARYA MA,IMO9591674,VRJH5,70,1,229,32,14.5,,A
367078110,2020-08-19T08:48:03,36.83854,-76.28198,0.0,357.0,511.0,MARCELLE BORDELON,IMO9350379,WDJ2038,79,3,45,11,3.0,79,A
367821000,2020-08-19T08:44:48,36.97283,-76.43369,0.0,0.0,511.0,YANO,IMO7825409,NAQH,70,0,276,32,13.0,70,A
367821000,2020-08-19T08:26:27,36.97284,-76.43365,0.0,0.0,511.0,YANO,IMO7825409,NAQH,70,0,276,32,13.0,70,A
305855000,2020-08-19T08:35:46,36.86429,-76.31477,0.0,82.0,226.0,BBC PEARL,IMO9504786,V2FY8,70,5,153,23,9.1,70,A
368026000,2020-08-19T08:36:21,36.86576,-76.31604,0.0,19.1,2.0,BENAVIDEZ,IMO9218210,NBHG,70,5,289,32,10.9,70,A
367078110,2020-08-19T08:29:13,36.83854,-76.28199,0.0,158.0,511.0,MARCELLE BORDELON,IMO9350379,WDJ2038,79,3,45,11,3.0,79,A
367861000,2020-08-19T08:36:00,36.94637,-76.32981,0.0,0.0,265.0,LARAMIE,IMO8906626,NLAR,80,5,193,29,,,A
367861000,2020-08-19T08:27:01,36.94637,-76.32985,0.0,0.0,265.0,LARAMIE,IMO8906626,NLAR,80,5,193,29,,,A
367822000,2020-08-19T08:47:55,36.97312,-76.43384,0.0,0.0,238.0,USNS SHUGHART,IMO7825394,NAOQ,70,5,276,32,13.0,70,A
367822000,2020-08-19T08:38:56,36.97312,-76.43384,0.0,0.0,238.0,USNS SHUGHART,IMO7825394,NAOQ,70,5,276,32,13.0,70,A
367821000,2020-08-19T08:38:28,36.97283,-76.43369,0.0,0.0,511.0,YANO,IMO7825409,NAQH,70,0,276,32,13.0,70,A
367821000,2020-08-19T08:54:27,36.97283,-76.43368,0.0,0.0,511.0,YANO,IMO7825409,NAQH,70,0,276,32,13.0,70,A
368026000,2020-08-19T08:30:20,36.86575,-76.31602,0.0,19.1,2.0,BENAVIDEZ,IMO9218210,NBHG,70,5,289,32,10.9,70,A
367932000,2020-08-19T08:29:17,36.94915,-76.32968,0.0,107.0,279.0,JOHN LENTHALL,IMO8325547,NJLN,80,5,193,29,,,A
367932000,2020-08-19T08:26:17,36.94911,-76.32966,0.0,107.0,279.0,JOHN LENTHALL,IMO8325547,NJLN,80,5,193,29,,,A
367078110,2020-08-19T08:56:24,36.83853,-76.28198,0.0,9.0,511.0,MARCELLE BORDELON,IMO9350379,WDJ2038,79,3,45,11,3.0,79,A
215677000,2020-08-19T08:47:59,37.23493,-76.11661,0.1,75.6,352.0,RIZE,IMO9584035,9HA2781,70,1,229,32,14.5,,A
367822000,2020-08-19T08:26:56,36.97315,-76.43384,0.0,0.0,238.0,USNS SHUGHART,IMO7825394,NAOQ,70,5,276,32,13.0,70,A
367821000,2020-08-19T08:29:57,36.97282,-76.43367,0.0,0.0,511.0,YANO,IMO7825409,NAQH,70,0,276,32,13.0,70,A
366839000,2020-08-19T08:54:59,36.85349,-76.31082,0.0,0.0,39.0,CAPE RISE,IMO7530808,KAFG,70,5,197,32,10.0,,A
367078110,2020-08-19T08:30:22,36.83855,-76.28199,0.0,353.0,511.0,MARCELLE BORDELON,IMO9350379,WDJ2038,79,3,45,11,3.0,79,A
538002652,2020-08-19T08:50:29,37.17905,-76.10930,0.0,254.0,347.0,NAIAS,IMO9330800,V7KN8,70,1,225,32,14.0,70,A
215677000,2020-08-19T08:50:59,37.23491,-76.11656,0.0,75.6,351.0,RIZE,IMO9584035,9HA2781,70,1,229,32,14.5,,A
538006982,2020-08-19T08:29:53,37.20421,-76.12223,0.0,203.5,347.0,ANTE TOPIC,IMO9737072,V7TR4,70,1,,,,,A
367078110,2020-08-19T08:31:42,36.83855,-76.28198,0.0,92.0,511.0,MARCELLE BORDELON,IMO9350379,WDJ2038,79,3,45,11,3.0,79,A
367821000,2020-08-19T08:33:08,36.97283,-76.43368,0.0,0.0,511.0,YANO,IMO7825409,NAQH,70,0,276,32,13.0,70,A
367078110,2020-08-19T08:58:42,36.83854,-76.28198,0.0,300.0,511.0,MARCELLE BORDELON,IMO9350379,WDJ2038,79,3,45,11,3.0,79,A
366839000,2020-08-19T08:30:59,36.85350,-76.31082,0.0,0.0,39.0,CAPE RISE,IMO7530808,KAFG,70,5,197,32,10.0,,A
538006982,2020-08-19T08:53:53,37.20415,-76.12244,0.1,78.2,352.0,ANTE TOPIC,IMO9737072,V7TR4,70,1,,,,,A
366839000,2020-08-19T08:42:55,36.85346,-76.31084,0.0,0.0,39.0,CAPE RISE,IMO7530808,KAFG,70,5,197,32,10.0,,A
366839000,2020-08-19T08:34:04,36.85352,-76.31085,0.0,0.0,39.0,CAPE RISE,IMO7530808,KAFG,70,5,197,32,10.0,,A
367822000,2020-08-19T08:29:56,36.97315,-76.43386,0.0,0.0,238.0,USNS SHUGHART,IMO7825394,NAOQ,70,5,276,32,13.0,70,A
368026000,2020-08-19T08:54:20,36.86577,-76.31606,0.0,19.1,2.0,BENAVIDEZ,IMO9218210,NBHG,70,5,289,32,10.9,70,A
305855000,2020-08-19T08:53:48,36.86427,-76.31476,0.0,82.0,226.0,BBC PEARL,IMO9504786,V2FY8,70,5,153,23,9.1,70,A
367861000,2020-08-19T08:54:01,36.94631,-76.32971,0.0,0.0,265.0,LARAMIE,IMO8906626,NLAR,80,5,193,29,,,A
215677000,2020-08-19T08:35:59,37.23491,-76.11658,0.1,75.6,346.0,RIZE,IMO9584035,9HA2781,70,1,229,32,14.5,,A
477196100,2020-08-19T08:54:44,37.19449,-76.13380,0.0,258.5,357.0,DARYA MA,IMO9591674,VRJH5,70,1,229,32,14.5,,A
367821000,2020-08-19T08:56:57,36.97278,-76.43361,0.0,0.0,511.0,YANO,IMO7825409,NAQH,70,0,276,32,13.0,70,A
367078110,2020-08-19T08:38:03,36.83855,-76.28199,0.0,200.0,511.0,MARCELLE BORDELON,IMO9350379,WDJ2038,79,3,45,11,3.0,79,A
305855000,2020-08-19T08:56:48,36.86427,-76.31477,0.0,82.0,226.0,BBC PEARL,IMO9504786,V2FY8,70,5,153,23,9.1,70,A
538006982,2020-08-19T08:44:53,37.20414,-76.12244,0.0,242.9,352.0,ANTE TOPIC,IMO9737072,V7TR4,70,1,,,,,A
367822000,2020-08-19T08:35:54,36.97312,-76.43384,0.0,0.0,238.0,USNS SHUGHART,IMO7825394,NAOQ,70,5,276,32,13.0,70,A
538002652,2020-08-19T08:56:31,37.17900,-76.10933,0.0,254.0,350.0,NAIAS,IMO9330800,V7KN8,70,1,225,32,14.0,70,A
538002652,2020-08-19T08:32:31,37.17932,-76.10883,0.0,74.0,343.0,NAIAS,IMO9330800,V7KN8,70,1,225,32,14.0,70,A
538006982,2020-08-19T08:56:53,37.20414,-76.12242,0.0,82.6,351.0,ANTE TOPIC,IMO9737072,V7TR4,70,1,,,,,A
477196100,2020-08-19T08:36:44,37.19459,-76.13329,0.0,219.1,345.0,DARYA MA,IMO9591674,VRJH5,70,1,229,32,14.5,,A
367821000,2020-08-19T08:58:38,36.97283,-76.43365,0.0,0.0,511.0,YANO,IMO7825409,NAQH,70,0,276,32,13.0,70,A
367821000,2020-08-19T08:59:57,36.97283,-76.43365,0.0,0.0,511.0,YANO,IMO7825409,NAQH,70,0,276,32,13.0,70,A
367821000,2020-08-19T09:02:27,36.97283,-76.43366,0.0,0.0,511.0,YANO,IMO7825409,NAQH,70,0,276,32,13.0,70,A
367821000,2020-08-19T08:36:47,36.97283,-76.43368,0.0,0.0,511.0,YANO,IMO7825409,NAQH,70,0,276,32,13.0,70,A
367861000,2020-08-19T09:00:00,36.94638,-76.32978,0.0,0.0,265.0,LARAMIE,IMO8906626,NLAR,80,5,193,29,,,A
367078110,2020-08-19T08:36:52,36.83855,-76.28199,0.0,93.0,511.0,MARCELLE BORDELON,IMO9350379,WDJ2038,79,3,45,11,3.0,79,A
538002652,2020-08-19T08:47:29,37.17908,-76.10922,0.1,264.0,343.0,NAIAS,IMO9330800,V7KN8,70,1,225,32,14.0,70,A
367078110,2020-08-19T08:39:22,36.83855,-76.28198,0.0,54.0,511.0,MARCELLE BORDELON,IMO9350379,WDJ2038,79,3,45,11,3.0,79,A
367078110,2020-08-19T09:00:03,36.83854,-76.28198,0.0,178.0,511.0,MARCELLE BORDELON,IMO9350379,WDJ2038,79,3,45,11,3.0,79,A
305855000,2020-08-19T08:47:49,36.86429,-76.31475,0.0,82.0,226.0,BBC PEARL,IMO9504786,V2FY8,70,5,153,23,9.1,70,A
366839000,2020-08-19T08:48:58,36.85350,-76.31082,0.0,0.0,39.0,CAPE RISE,IMO7530808,KAFG,70,5,197,32,10.0,,A
366839000,2020-08-19T09:00:58,36.85349,-76.31084,0.0,0.0,40.0,CAPE RISE,IMO7530808,KAFG,70,5,197,32,10.0,,A
367821000,2020-08-19T09:00:07,36.97283,-76.43365,0.0,0.0,511.0,YANO,IMO7825409,NAQH,70,0,276,32,13.0,70,A
538002652,2020-08-19T08:38:28,37.17922,-76.10873,0.0,140.0,336.0,NAIAS,IMO9330800,V7KN8,70,1,225,32,14.0,70,A
477196100,2020-08-19T09:00:42,37.19449,-76.13369,0.1,258.5,357.0,DARYA MA,IMO9591674,VRJH5,70,1,229,32,14.5,,A
366839000,2020-08-19T08:36:58,36.85351,-76.31086,0.0,0.0,39.0,CAPE RISE,IMO7530808,KAFG,70,5,197,32,10.0,,A
367078110,2020-08-19T08:42:12,36.83854,-76.28199,0.0,156.0,511.0,MARCELLE BORDELON,IMO9350379,WDJ2038,79,3,45,11,3.0,79,A
215677000,2020-08-19T09:05:58,37.23491,-76.11666,0.0,75.6,351.0,RIZE,IMO9584035,9HA2781,70,1,229,32,14.5,,A
367821000,2020-08-19T08:41:38,36.97283,-76.43369,0.0,0.0,511.0,YANO,IMO7825409,NAQH,70,0,276,32,13.0,70,A
368026000,2020-08-19T08:42:20,36.86574,-76.31602,0.0,19.1,2.0,BENAVIDEZ,IMO9218210,NBHG,70,5,289,32,10.9,70,A
368026000,2020-08-19T09:03:21,36.86575,-76.31604,0.0,19.1,2.0,BENAVIDEZ,IMO9218210,NBHG,70,5,289,32,10.9,70,A
477196100,2020-08-19T08:51:46,37.19452,-76.13377,0.1,258.5,354.0,DARYA MA,IMO9591674,VRJH5,70,1,229,32,14.5,,A
305855000,2020-08-19T08:41:46,36.86431,-76.31477,0.0,82.0,226.0,BBC PEARL,IMO9504786,V2FY8,70,5,153,23,9.1,70,A
538006982,2020-08-19T08:41:53,37.20416,-76.12241,0.1,257.0,349.0,ANTE TOPIC,IMO9737072,V7TR4,70,1,,,,,A
477196100,2020-08-19T09:03:46,37.19448,-76.13362,0.1,258.5,355.0,DARYA MA,IMO9591674,VRJH5,70,1,229,32,14.5,,A
367078110,2020-08-19T09:04:42,36.83854,-76.28198,0.0,305.0,511.0,MARCELLE BORDELON,IMO9350379,WDJ2038,79,3,45,11,3.0,79,A
367821000,2020-08-19T09:04:58,36.97282,-76.43366,0.0,0.0,511.0,YANO,IMO7825409,NAQH,70,0,276,32,13.0,70,A
538002652,2020-08-19T09:05:30,37.17902,-76.10937,0.0,254.0,348.0,NAIAS,IMO9330800,V7KN8,70,1,225,32,14.0,70,A
366839000,2020-08-19T08:40:02,36.85350,-76.31086,0.0,0.0,39.0,CAPE RISE,IMO7530808,KAFG,70,5,197,32,10.0,,A
538002652,2020-08-19T08:41:30,37.17913,-76.10883,0.1,251.0,334.0,NAIAS,IMO9330800,V7KN8,70,1,225,32,14.0,70,A
367932000,2020-08-19T09:05:16,36.94920,-76.32967,0.0,107.0,279.0,JOHN LENTHALL,IMO8325547,NJLN,80,5,193,29,,,A
477196100,2020-08-19T08:45:45,37.19455,-76.13353,0.1,219.1,346.0,DARYA MA,IMO9591674,VRJH5,70,1,229,32,14.5,,A
367822000,2020-08-19T09:05:54,36.97312,-76.43381,0.0,0.0,238.0,USNS SHUGHART,IMO7825394,NAOQ,70,5,276,32,13.0,70,A
538002652,2020-08-19T09:11:30,37.17900,-76.10943,0.0,254.0,351.0,NAIAS,IMO9330800,V7KN8,70,1,225,32,14.0,70,A
367861000,2020-08-19T08:41:59,36.94635,-76.32979,0.0,0.0,265.0,LARAMIE,IMO8906626,NLAR,80,5,193,29,,,A
367078110,2020-08-19T09:06:04,36.83854,-76.28198,0.0,22.0,511.0,MARCELLE BORDELON,IMO9350379,WDJ2038,79,3,45,11,3.0,79,A
477196100,2020-08-19T09:06:43,37.19443,-76.13360,0.0,258.5,353.0,DARYA MA,IMO9591674,VRJH5,70,1,229,32,14.5,,A
368026000,2020-08-19T08:45:22,36.86576,-76.31602,0.0,19.1,2.0,BENAVIDEZ,IMO9218210,NBHG,70,5,289,32,10.9,70,A
366839000,2020-08-19T08:46:04,36.85348,-76.31083,0.0,0.0,39.0,CAPE RISE,IMO7530808,KAFG,70,5,197,32,10.0,,A
367078110,2020-08-19T09:12:12,36.83854,-76.28198,0.0,73.0,511.0,MARCELLE BORDELON,IMO9350379,WDJ2038,79,3,45,11,3.0,79,A
368026000,2020-08-19T09:12:21,36.86577,-76.31602,0.0,19.1,2.0,BENAVIDEZ,IMO9218210,NBHG,70,5,289,32,10.9,70,A
367078110,2020-08-19T09:07:12,36.83855,-76.28198,0.0,68.0,511.0,MARCELLE BORDELON,IMO9350379,WDJ2038,79,3,45,11,3.0,79,A
366839000,2020-08-19T09:06:57,36.85350,-76.31084,0.0,0.0,39.0,CAPE RISE,IMO7530808,KAFG,70,5,197,32,10.0,,A
368026000,2020-08-19T08:57:21,36.86577,-76.31602,0.0,19.1,2.0,BENAVIDEZ,IMO9218210,NBHG,70,5,289,32,10.9,70,A
367861000,2020-08-19T08:48:00,36.94640,-76.32981,0.0,0.0,265.0,LARAMIE,IMO8906626,NLAR,80,5,193,29,,,A
305855000,2020-08-19T09:08:47,36.86428,-76.31476,0.0,63.9,226.0,BBC PEARL,IMO9504786,V2FY8,70,5,153,23,9.1,70,A
367932000,2020-08-19T08:44:17,36.94919,-76.32971,0.0,107.0,279.0,JOHN LENTHALL,IMO8325547,NJLN,80,5,193,29,,,A
477196100,2020-08-19T08:48:45,37.19453,-76.13368,0.1,258.5,350.0,DARYA MA,IMO9591674,VRJH5,70,1,229,32,14.5,,A
367861000,2020-08-19T08:44:59,36.94640,-76.32982,0.0,0.0,265.0,LARAMIE,IMO8906626,NLAR,80,5,193,29,,,A
305855000,2020-08-19T08:44:47,36.86430,-76.31475,0.0,82.0,226.0,BBC PEARL,IMO9504786,V2FY8,70,5,153,23,9.1,70,A
367821000,2020-08-19T09:08:27,36.97282,-76.43365,0.0,0.0,511.0,YANO,IMO7825409,NAQH,70,0,276,32,13.0,70,A
538006982,2020-08-19T08:59:53,37.20414,-76.12247,0.1,265.3,352.0,ANTE TOPIC,IMO9737072,V7TR4,70,1,,,,,A
538002652,2020-08-19T08:59:29,37.17905,-76.10938,0.0,254.0,349.0,NAIAS,IMO9330800,V7KN8,70,1,225,32,14.0,70,A
367861000,2020-08-19T09:15:00,36.94639,-76.32981,0.0,0.0,265.0,LARAMIE,IMO8906626,NLAR,80,5,193,29,,,A
367932000,2020-08-19T09:08:18,36.94923,-76.32976,0.0,107.0,279.0,JOHN LENTHALL,IMO8325547,NJLN,80,5,193,29,,,A
215677000,2020-08-19T09:14:58,37.23493,-76.11672,0.0,75.6,354.0,RIZE,IMO9584035,9HA2781,70,1,229,32,14.5,,A
367821000,2020-08-19T08:48:08,36.97283,-76.43368,0.0,0.0,511.0,YANO,IMO7825409,NAQH,70,0,276,32,13.0,70,A
367822000,2020-08-19T08:59:56,36.97313,-76.43379,0.0,0.0,238.0,USNS SHUGHART,IMO7825394,NAOQ,70,5,276,32,13.0,70,A
367078110,2020-08-19T09:11:03,36.83854,-76.28198,0.0,260.0,511.0,MARCELLE BORDELON,IMO9350379,WDJ2038,79,3,45,11,3.0,79,A
366839000,2020-08-19T09:15:57,36.85348,-76.31084,0.0,0.0,39.0,CAPE RISE,IMO7530808,KAFG,70,5,197,32,10.0,,A
367861000,2020-08-19T08:51:00,36.94641,-76.32976,0.0,0.0,265.0,LARAMIE,IMO8906626,NLAR,80,5,193,29,,,A
367078110,2020-08-19T08:49:23,36.83854,-76.28198,0.0,178.0,511.0,MARCELLE BORDELON,IMO9350379,WDJ2038,79,3,45,11,3.0,79,A
367821000,2020-08-19T09:10:47,36.97282,-76.43365,0.0,0.0,511.0,YANO,IMO7825409,NAQH,70,0,276,32,13.0,70,A
368026000,2020-08-19T08:51:20,36.86577,-76.31603,0.0,19.1,2.0,BENAVIDEZ,IMO9218210,NBHG,70,5,289,32,10.9,70,A
367078110,2020-08-19T08:53:43,36.83854,-76.28198,0.0,174.0,511.0,MARCELLE BORDELON,IMO9350379,WDJ2038,79,3,45,11,3.0,79,A
367822000,2020-08-19T09:11:56,36.97312,-76.43381,0.0,0.0,238.0,USNS SHUGHART,IMO7825394,NAOQ,70,5,276,32,13.0,70,A
477196100,2020-08-19T09:12:45,37.19448,-76.13374,0.1,258.5,355.0,DARYA MA,IMO9591674,VRJH5,70,1,229,32,14.5,,A
538006982,2020-08-19T08:50:53,37.20415,-76.12246,0.0,242.9,353.0,ANTE TOPIC,IMO9737072,V7TR4,70,1,,,,,A
367822000,2020-08-19T08:53:55,36.97312,-76.43383,0.0,0.0,238.0,USNS SHUGHART,IMO7825394,NAOQ,70,5,276,32,13.0,70,A
367821000,2020-08-19T08:50:48,36.97283,-76.43368,0.0,0.0,511.0,YANO,IMO7825409,NAQH,70,0,276,32,13.0,70,A
367078110,2020-08-19T09:13:32,36.83854,-76.28198,0.0,106.0,511.0,MARCELLE BORDELON,IMO9350379,WDJ2038,79,3,45,11,3.0,79,A
367821000,2020-08-19T09:13:18,36.97283,-76.43366,0.0,0.0,511.0,YANO,IMO7825409,NAQH,70,0,276,32,13.0,70,A
367821000,2020-08-19T08:51:57,36.97283,-76.43368,0.0,0.0,511.0,YANO,IMO7825409,NAQH,70,0,276,32,13.0,70,A
366839000,2020-08-19T09:18:57,36.85350,-76.31082,0.0,0.0,39.0,CAPE RISE,IMO7530808,KAFG,70,5,197,32,10.0,,A
305855000,2020-08-19T08:50:46,36.86427,-76.31477,0.0,82.0,226.0,BBC PEARL,IMO9504786,V2FY8,70,5,153,23,9.1,70,A
367821000,2020-08-19T09:14:28,36.97283,-76.43366,0.0,0.0,511.0,YANO,IMO7825409,NAQH,70,0,276,32,13.0,70,A
215677000,2020-08-19T09:02:58,37.23490,-76.11666,0.0,75.6,351.0,RIZE,IMO9584035,9HA2781,70,1,229,32,14.5,,A
367078110,2020-08-19T09:02:22,36.83854,-76.28197,0.0,108.0,511.0,MARCELLE BORDELON,IMO9350379,WDJ2038,79,3,45,11,3.0,79,A
366839000,2020-08-19T09:12:57,36.85348,-76.31083,0.0,0.0,39.0,CAPE RISE,IMO7530808,KAFG,70,5,197,32,10.0,,A
477196100,2020-08-19T09:15:46,37.19446,-76.13380,0.1,258.5,358.0,DARYA MA,IMO9591674,VRJH5,70,1,229,32,14.5,,A
538002652,2020-08-19T08:53:29,37.17900,-76.10933,0.0,254.0,349.0,NAIAS,IMO9330800,V7KN8,70,1,225,32,14.0,70,A
367078110,2020-08-19T09:15:43,36.83854,-76.28198,0.0,236.0,511.0,MARCELLE BORDELON,IMO9350379,WDJ2038,79,3,45,11,3.0,79,A
215677000,2020-08-19T08:53:58,37.23490,-76.11658,0.0,75.6,350.0,RIZE,IMO9584035,9HA2781,70,1,229,32,14.5,,A
367078110,2020-08-19T09:17:13,36.83854,-76.28198,0.0,298.0,511.0,MARCELLE BORDELON,IMO9350379,WDJ2038,79,3,45,11,3.0,79,A
215677000,2020-08-19T08:56:59,37.23491,-76.11661,0.1,75.6,350.0,RIZE,IMO9584035,9HA2781,70,1,229,32,14.5,,A
367932000,2020-08-19T08:56:17,36.94917,-76.32966,0.0,107.0,279.0,JOHN LENTHALL,IMO8325547,NJLN,80,5,193,29,,,A
367932000,2020-08-19T09:20:16,36.94917,-76.32971,0.0,107.0,279.0,JOHN LENTHALL,IMO8325547,NJLN,80,5,193,29,,,A
305855000,2020-08-19T08:59:48,36.86428,-76.31475,0.0,82.0,226.0,BBC PEARL,IMO9504786,V2FY8,70,5,153,23,9.1,70,A
367861000,2020-08-19T08:57:01,36.94638,-76.32976,0.0,0.0,265.0,LARAMIE,IMO8906626,NLAR,80,5,193,29,,,A
367822000,2020-08-19T09:20:55,36.97311,-76.43382,0.0,0.0,238.0,USNS SHUGHART,IMO7825394,NAOQ,70,5,276,32,13.0,70,A
367821000,2020-08-19T09:19:38,36.97283,-76.43366,0.0,0.0,511.0,YANO,IMO7825409,NAQH,70,0,276,32,13.0,70,A
538002652,2020-08-19T09:20:29,37.17902,-76.10948,0.0,254.0,355.0,NAIAS,IMO9330800,V7KN8,70,1,225,32,14.0,70,A
215677000,2020-08-19T08:59:56,37.23491,-76.11665,0.0,75.6,351.0,RIZE,IMO9584035,9HA2781,70,1,229,32,14.5,,A
305855000,2020-08-19T09:17:49,36.86428,-76.31477,0.0,63.9,226.0,BBC PEARL,IMO9504786,V2FY8,70,5,153,23,9.1,70,A
538006982,2020-08-19T09:17:53,37.20407,-76.12261,0.1,234.2,354.0,ANTE TOPIC,IMO9737072,V7TR4,70,1,,,,,A
367078110,2020-08-19T09:18:33,36.83854,-76.28198,0.0,63.0,511.0,MARCELLE BORDELON,IMO9350379,WDJ2038,79,3,45,11,3.0,79,A
305855000,2020-08-19T09:23:48,36.86427,-76.31476,0.0,63.9,226.0,BBC PEARL,IMO9504786,V2FY8,70,5,153,23,9.1,70,A
368026000,2020-08-19T09:21:20,36.86575,-76.31604,0.0,19.1,2.0,BENAVIDEZ,IMO9218210,NBHG,70,5,289,32,10.9,70,A
367821000,2020-08-19T09:22:17,36.97287,-76.43363,0.0,0.0,511.0,YANO,IMO7825409,NAQH,70,0,276,32,13.0,70,A
367821000,2020-08-19T09:01:17,36.97283,-76.43366,0.0,0.0,511.0,YANO,IMO7825409,NAQH,70,0,276,32,13.0,70,A
538002652,2020-08-19T09:08:31,37.17902,-76.10938,0.0,254.0,350.0,NAIAS,IMO9330800,V7KN8,70,1,225,32,14.0,70,A
367822000,2020-08-19T08:56:55,36.97311,-76.43383,0.0,0.0,238.0,USNS SHUGHART,IMO7825394,NAOQ,70,5,276,32,13.0,70,A
368026000,2020-08-19T09:09:20,36.86576,-76.31603,0.0,19.1,2.0,BENAVIDEZ,IMO9218210,NBHG,70,5,289,32,10.9,70,A
367078110,2020-08-19T09:01:12,36.83854,-76.28198,0.0,349.0,511.0,MARCELLE BORDELON,IMO9350379,WDJ2038,79,3,45,11,3.0,79,A
367861000,2020-08-19T09:00:00,36.94638,-76.32978,0.0,0.0,265.0,LARAMIE,IMO8906626,NLAR,80,5,193,29,,,A
367861000,2020-08-19T09:21:01,36.94644,-76.32980,0.0,0.0,265.0,LARAMIE,IMO8906626,NLAR,80,5,193,29,,,A
367822000,2020-08-19T09:02:54,36.97312,-76.43380,0.0,0.0,238.0,USNS SHUGHART,IMO7825394,NAOQ,70,5,276,32,13.0,70,A
538006982,2020-08-19T09:26:53,37.20397,-76.12285,0.0,231.8,3.0,ANTE TOPIC,IMO9737072,V7TR4,70,1,,,,,A
367078110,2020-08-19T09:22:33,36.83854,-76.28198,0.0,345.0,511.0,MARCELLE BORDELON,IMO9350379,WDJ2038,79,3,45,11,3.0,79,A
367078110,2020-08-19T09:03:33,36.83854,-76.28199,0.0,353.0,511.0,MARCELLE BORDELON,IMO9350379,WDJ2038,79,3,45,11,3.0,79,A
367822000,2020-08-19T09:23:54,36.97307,-76.43380,0.0,0.0,238.0,USNS SHUGHART,IMO7825394,NAOQ,70,5,276,32,13.0,70,A
367078110,2020-08-19T08:59:52,36.83854,-76.28198,0.0,114.0,511.0,MARCELLE BORDELON,IMO9350379,WDJ2038,79,3,45,11,3.0,79,A
538002652,2020-08-19T09:02:31,37.17900,-76.10930,0.0,254.0,348.0,NAIAS,IMO9330800,V7KN8,70,1,225,32,14.0,70,A
367821000,2020-08-19T09:12:08,36.97283,-76.43365,0.0,0.0,511.0,YANO,IMO7825409,NAQH,70,0,276,32,13.0,70,A
305855000,2020-08-19T09:02:47,36.86429,-76.31476,0.0,63.6,226.0,BBC PEARL,IMO9504786,V2FY8,70,5,153,23,9.1,70,A
366839000,2020-08-19T09:03:54,36.85348,-76.31081,0.0,0.0,40.0,CAPE RISE,IMO7530808,KAFG,70,5,197,32,10.0,,A
367861000,2020-08-19T09:06:00,36.94637,-76.32980,0.0,0.0,265.0,LARAMIE,IMO8906626,NLAR,80,5,193,29,,,A
215677000,2020-08-19T09:26:58,37.23490,-76.11678,0.1,75.6,355.0,RIZE,IMO9584035,9HA2781,70,1,229,32,14.5,,A
368026000,2020-08-19T09:06:20,36.86575,-76.31605,0.0,19.1,2.0,BENAVIDEZ,IMO9218210,NBHG,70,5,289,32,10.9,70,A
305855000,2020-08-19T09:05:49,36.86427,-76.31477,0.0,63.9,226.0,BBC PEARL,IMO9504786,V2FY8,70,5,153,23,9.1,70,A
477196100,2020-08-19T09:27:47,37.19447,-76.13380,0.0,258.5,359.0,DARYA MA,IMO9591674,VRJH5,70,1,229,32,14.5,,A
367822000,2020-08-19T09:29:54,36.97310,-76.43384,0.0,0.0,238.0,USNS SHUGHART,IMO7825394,NAOQ,70,5,276,32,13.0,70,A
367821000,2020-08-19T09:06:07,36.97282,-76.43366,0.0,0.0,511.0,YANO,IMO7825409,NAQH,70,0,276,32,13.0,70,A
367821000,2020-08-19T09:07:19,36.97282,-76.43366,0.0,0.0,511.0,YANO,IMO7825409,NAQH,70,0,276,32,13.0,70,A
477196100,2020-08-19T09:30:44,37.19446,-76.13382,0.1,258.5,358.0,DARYA MA,IMO9591674,VRJH5,70,1,229,32,14.5,,A
538006982,2020-08-19T09:29:53,37.20397,-76.12280,0.1,78.1,2.0,ANTE TOPIC,IMO9737072,V7TR4,70,1,,,,,A
367932000,2020-08-19T09:29:16,36.94928,-76.32971,0.0,107.0,279.0,JOHN LENTHALL,IMO8325547,NJLN,80,5,193,29,,,A
538002652,2020-08-19T09:14:30,37.17900,-76.10945,0.0,254.0,352.0,NAIAS,IMO9330800,V7KN8,70,1,225,32,14.0,70,A
215677000,2020-08-19T09:32:59,37.23491,-76.11685,0.0,75.6,356.0,RIZE,IMO9584035,9HA2781,70,1,229,32,14.5,,A
305855000,2020-08-19T09:26:46,36.86428,-76.31476,0.0,63.9,226.0,BBC PEARL,IMO9504786,V2FY8,70,5,153,23,9.1,70,A
367932000,2020-08-19T09:26:18,36.94919,-76.32969,0.0,107.0,279.0,JOHN LENTHALL,IMO8325547,NJLN,80,5,193,29,,,A
368026000,2020-08-19T09:15:20,36.86574,-76.31605,0.0,19.1,2.0,BENAVIDEZ,IMO9218210,NBHG,70,5,289,32,10.9,70,A
538006982,2020-08-19T09:02:53,37.20414,-76.12252,0.0,255.2,353.0,ANTE TOPIC,IMO9737072,V7TR4,70,1,,,,,A
366839000,2020-08-19T09:31:00,36.85348,-76.31082,0.0,0.0,39.0,CAPE RISE,IMO7530808,KAFG,70,5,197,32,10.0,,A
367821000,2020-08-19T09:15:37,36.97283,-76.43365,0.0,0.0,511.0,YANO,IMO7825409,NAQH,70,0,276,32,13.0,70,A
367078110,2020-08-19T09:33:43,36.83853,-76.28197,0.0,352.0,511.0,MARCELLE BORDELON,IMO9350379,WDJ2038,79,3,45,11,3.0,79,A
215677000,2020-08-19T09:08:58,37.23489,-76.11669,0.0,75.6,352.0,RIZE,IMO9584035,9HA2781,70,1,229,32,14.5,,A
368026000,2020-08-19T09:33:20,36.86576,-76.31603,0.0,19.1,2.0,BENAVIDEZ,IMO9218210,NBHG,70,5,289,32,10.9,70,A
367861000,2020-08-19T09:08:59,36.94635,-76.32978,0.0,0.0,265.0,LARAMIE,IMO8906626,NLAR,80,5,193,29,,,A
367821000,2020-08-19T09:29:07,36.97285,-76.43365,0.0,0.0,511.0,YANO,IMO7825409,NAQH,70,0,276,32,13.0,70,A
367822000,2020-08-19T09:08:55,36.97312,-76.43381,0.0,0.0,238.0,USNS SHUGHART,IMO7825394,NAOQ,70,5,276,32,13.0,70,A
305855000,2020-08-19T09:35:46,36.86429,-76.31477,0.0,63.9,226.0,BBC PEARL,IMO9504786,V2FY8,70,5,153,23,9.1,70,A
367822000,2020-08-19T09:32:56,36.97310,-76.43384,0.0,0.0,238.0,USNS SHUGHART,IMO7825394,NAOQ,70,5,276,32,13.0,70,A
367078110,2020-08-19T09:30:52,36.83854,-76.28198,0.0,86.0,511.0,MARCELLE BORDELON,IMO9350379,WDJ2038,79,3,45,11,3.0,79,A
477196100,2020-08-19T09:09:45,37.19445,-76.13365,0.1,258.5,353.0,DARYA MA,IMO9591674,VRJH5,70,1,229,32,14.5,,A
477196100,2020-08-19T09:18:45,37.19444,-76.13384,0.0,258.5,0.0,DARYA MA,IMO9591674,VRJH5,70,1,229,32,14.5,,A
477196100,2020-08-19T09:36:45,37.19445,-76.13393,0.0,258.5,2.0,DARYA MA,IMO9591674,VRJH5,70,1,229,32,14.5,,A
368026000,2020-08-19T09:30:21,36.86577,-76.31603,0.0,19.1,2.0,BENAVIDEZ,IMO9218210,NBHG,70,5,289,32,10.9,70,A
538006982,2020-08-19T09:11:53,37.20416,-76.12251,0.1,81.1,356.0,ANTE TOPIC,IMO9737072,V7TR4,70,1,,,,,A
305855000,2020-08-19T09:11:47,36.86429,-76.31477,0.0,63.9,226.0,BBC PEARL,IMO9504786,V2FY8,70,5,153,23,9.1,70,A
367821000,2020-08-19T09:20:57,36.97285,-76.43362,0.0,0.0,511.0,YANO,IMO7825409,NAQH,70,0,276,32,13.0,70,A
367861000,2020-08-19T09:12:01,36.94642,-76.32981,0.0,0.0,265.0,LARAMIE,IMO8906626,NLAR,80,5,193,29,,,A
367078110,2020-08-19T09:08:22,36.83854,-76.28197,0.0,149.0,511.0,MARCELLE BORDELON,IMO9350379,WDJ2038,79,3,45,11,3.0,79,A
538006982,2020-08-19T09:20:53,37.20401,-76.12274,0.1,242.3,357.0,ANTE TOPIC,IMO9737072,V7TR4,70,1,,,,,A
367078110,2020-08-19T09:21:23,36.83854,-76.28198,0.0,218.0,511.0,MARCELLE BORDELON,IMO9350379,WDJ2038,79,3,45,11,3.0,79,A
367821000,2020-08-19T09:35:38,36.97285,-76.43365,0.0,0.0,511.0,YANO,IMO7825409,NAQH,70,0,276,32,13.0,70,A
367821000,2020-08-19T09:32:58,36.97285,-76.43365,0.0,0.0,511.0,YANO,IMO7825409,NAQH,70,0,276,32,13.0,70,A
368026000,2020-08-19T09:39:21,36.86574,-76.31606,0.0,19.1,2.0,BENAVIDEZ,IMO9218210,NBHG,70,5,289,32,10.9,70,A
367078110,2020-08-19T09:32:03,36.83854,-76.28197,0.0,351.0,511.0,MARCELLE BORDELON,IMO9350379,WDJ2038,79,3,45,11,3.0,79,A
367078110,2020-08-19T09:09:32,36.83854,-76.28198,0.0,153.0,511.0,MARCELLE BORDELON,IMO9350379,WDJ2038,79,3,45,11,3.0,79,A
367932000,2020-08-19T09:14:17,36.94924,-76.32969,0.0,107.0,279.0,JOHN LENTHALL,IMO8325547,NJLN,80,5,193,29,,,A
366839000,2020-08-19T09:21:58,36.85348,-76.31081,0.0,0.0,39.0,CAPE RISE,IMO7530808,KAFG,70,5,197,32,10.0,,A
367078110,2020-08-19T09:35:03,36.83854,-76.28197,0.0,317.0,511.0,MARCELLE BORDELON,IMO9350379,WDJ2038,79,3,45,11,3.0,79,A
367078110,2020-08-19T09:40:52,36.83853,-76.28198,0.3,299.0,511.0,MARCELLE BORDELON,IMO9350379,WDJ2038,79,3,45,11,3.0,79,A
366839000,2020-08-19T09:33:58,36.85347,-76.31083,0.0,0.0,39.0,CAPE RISE,IMO7530808,KAFG,70,5,197,32,10.0,,A
538002652,2020-08-19T09:41:31,37.17902,-76.10967,0.0,287.0,0.0,NAIAS,IMO9330800,V7KN8,70,1,225,32,14.0,70,A
367821000,2020-08-19T09:43:48,36.97286,-76.43364,0.0,0.0,511.0,YANO,IMO7825409,NAQH,70,0,276,32,13.0,70,A
215677000,2020-08-19T09:38:58,37.23494,-76.11684,0.0,75.6,357.0,RIZE,IMO9584035,9HA2781,70,1,229,32,14.5,,A
367821000,2020-08-19T09:23:38,36.97287,-76.43364,0.0,0.0,511.0,YANO,IMO7825409,NAQH,70,0,276,32,13.0,70,A
538006982,2020-08-19T09:23:53,37.20398,-76.12283,0.1,232.7,1.0,ANTE TOPIC,IMO9737072,V7TR4,70,1,,,,,A
367932000,2020-08-19T09:35:17,36.94933,-76.32967,0.0,107.0,279.0,JOHN LENTHALL,IMO8325547,NJLN,80,5,193,29,,,A
367078110,2020-08-19T09:23:43,36.83854,-76.28198,0.0,233.0,511.0,MARCELLE BORDELON,IMO9350379,WDJ2038,79,3,45,11,3.0,79,A
538002652,2020-08-19T09:17:30,37.17900,-76.10948,0.0,254.0,354.0,NAIAS,IMO9330800,V7KN8,70,1,225,32,14.0,70,A
215677000,2020-08-19T09:17:56,37.23493,-76.11668,0.0,75.6,354.0,RIZE,IMO9584035,9HA2781,70,1,229,32,14.5,,A
366839000,2020-08-19T09:43:01,36.85349,-76.31085,0.0,0.0,39.0,CAPE RISE,IMO7530808,KAFG,70,5,197,32,10.0,,A
368026000,2020-08-19T09:18:20,36.86575,-76.31602,0.0,19.1,2.0,BENAVIDEZ,IMO9218210,NBHG,70,5,289,32,10.9,70,A
367078110,2020-08-19T09:25:33,36.83854,-76.28198,0.0,217.0,511.0,MARCELLE BORDELON,IMO9350379,WDJ2038,79,3,45,11,3.0,79,A
367821000,2020-08-19T09:37:18,36.97285,-76.43365,0.0,0.0,511.0,YANO,IMO7825409,NAQH,70,0,276,32,13.0,70,A
305855000,2020-08-19T09:44:46,36.86428,-76.31479,0.0,20.0,226.0,BBC PEARL,IMO9504786,V2FY8,70,5,153,23,9.1,70,A
367861000,2020-08-19T09:18:00,36.94640,-76.32980,0.0,0.0,265.0,LARAMIE,IMO8906626,NLAR,80,5,193,29,,,A
367078110,2020-08-19T09:19:53,36.83854,-76.28198,0.0,229.0,511.0,MARCELLE BORDELON,IMO9350379,WDJ2038,79,3,45,11,3.0,79,A
215677000,2020-08-19T09:20:54,37.23492,-76.11668,0.0,75.6,354.0,RIZE,IMO9584035,9HA2781,70,1,229,32,14.5,,A
367078110,2020-08-19T09:14:33,36.83854,-76.28198,0.0,5.0,511.0,MARCELLE BORDELON,IMO9350379,WDJ2038,79,3,45,11,3.0,79,A
367078110,2020-08-19T09:45:22,36.83854,-76.28198,0.0,260.0,511.0,MARCELLE BORDELON,IMO9350379,WDJ2038,79,3,45,11,3.0,79,A
367861000,2020-08-19T09:36:01,36.94635,-76.32980,0.0,0.0,265.0,LARAMIE,IMO8906626,NLAR,80,5,193,29,,,A
305855000,2020-08-19T09:20:45,36.86427,-76.31477,0.0,63.9,226.0,BBC PEARL,IMO9504786,V2FY8,70,5,153,23,9.1,70,A
538006982,2020-08-19T09:14:53,37.20411,-76.12250,0.1,219.5,353.0,ANTE TOPIC,IMO9737072,V7TR4,70,1,,,,,A
367821000,2020-08-19T09:48:58,36.97286,-76.43364,0.0,0.0,511.0,YANO,IMO7825409,NAQH,70,0,276,32,13.0,70,A
538006982,2020-08-19T09:47:53,37.20396,-76.12282,0.0,240.6,2.0,ANTE TOPIC,IMO9737072,V7TR4,70,1,,,,,A
367078110,2020-08-19T09:50:32,36.83854,-76.28199,0.0,234.0,511.0,MARCELLE BORDELON,IMO9350379,WDJ2038,79,3,45,11,3.0,79,A
366839000,2020-08-19T09:27:57,36.85345,-76.31085,0.0,0.0,39.0,CAPE RISE,IMO7530808,KAFG,70,5,197,32,10.0,,A
367821000,2020-08-19T09:24:58,36.97286,-76.43364,0.0,0.0,511.0,YANO,IMO7825409,NAQH,70,0,276,32,13.0,70,A
215677000,2020-08-19T09:48:00,37.23492,-76.11676,0.0,75.6,356.0,RIZE,IMO9584035,9HA2781,70,1,229,32,14.5,,A
538002652,2020-08-19T09:29:28,37.17902,-76.10948,0.0,254.0,354.0,NAIAS,IMO9330800,V7KN8,70,1,225,32,14.0,70,A
215677000,2020-08-19T09:29:57,37.23490,-76.11683,0.0,75.6,355.0,RIZE,IMO9584035,9HA2781,70,1,229,32,14.5,,A
367822000,2020-08-19T09:50:56,36.97312,-76.43383,0.0,0.0,238.0,USNS SHUGHART,IMO7825394,NAOQ,70,5,276,32,13.0,70,A
477196100,2020-08-19T09:24:42,37.19447,-76.13379,0.0,258.5,0.0,DARYA MA,IMO9591674,VRJH5,70,1,229,32,14.5,,A
367861000,2020-08-19T09:51:01,36.94638,-76.32977,0.0,0.0,265.0,LARAMIE,IMO8906626,NLAR,80,5,193,29,,,A
367821000,2020-08-19T09:31:27,36.97285,-76.43365,0.0,0.0,511.0,YANO,IMO7825409,NAQH,70,0,276,32,13.0,70,A
305855000,2020-08-19T09:50:49,36.86427,-76.31476,0.0,342.0,226.0,BBC PEARL,IMO9504786,V2FY8,70,5,153,23,9.1,70,A
367821000,2020-08-19T09:26:38,36.97285,-76.43365,0.0,0.0,511.0,YANO,IMO7825409,NAQH,70,0,276,32,13.0,70,A
368026000,2020-08-19T09:51:22,36.86575,-76.31604,0.0,19.1,2.0,BENAVIDEZ,IMO9218210,NBHG,70,5,289,32,10.9,70,A
367822000,2020-08-19T09:17:56,36.97312,-76.43381,0.0,0.0,238.0,USNS SHUGHART,IMO7825394,NAOQ,70,5,276,32,13.0,70,A
367861000,2020-08-19T09:27:00,36.94637,-76.32983,0.0,0.0,265.0,LARAMIE,IMO8906626,NLAR,80,5,193,29,,,A
367822000,2020-08-19T09:26:54,36.97309,-76.43381,0.0,0.0,238.0,USNS SHUGHART,IMO7825394,NAOQ,70,5,276,32,13.0,70,A
538002652,2020-08-19T09:26:31,37.17905,-76.10945,0.0,254.0,354.0,NAIAS,IMO9330800,V7KN8,70,1,225,32,14.0,70,A
367078110,2020-08-19T09:26:52,36.83854,-76.28197,0.0,172.0,511.0,MARCELLE BORDELON,IMO9350379,WDJ2038,79,3,45,11,3.0,79,A
367078110,2020-08-19T09:56:03,36.83854,-76.28199,0.0,284.0,511.0,MARCELLE BORDELON,IMO9350379,WDJ2038,79,3,45,11,3.0,79,A
368026000,2020-08-19T09:27:22,36.86576,-76.31602,0.0,19.1,2.0,BENAVIDEZ,IMO9218210,NBHG,70,5,289,32,10.9,70,A
367822000,2020-08-19T09:35:56,36.97310,-76.43384,0.0,0.0,238.0,USNS SHUGHART,IMO7825394,NAOQ,70,5,276,32,13.0,70,A
367821000,2020-08-19T09:58:08,36.97286,-76.43366,0.0,0.0,511.0,YANO,IMO7825409,NAQH,70,0,276,32,13.0,70,A
367078110,2020-08-19T09:28:03,36.83854,-76.28197,0.0,78.0,511.0,MARCELLE BORDELON,IMO9350379,WDJ2038,79,3,45,11,3.0,79,A
367821000,2020-08-19T09:59:18,36.97286,-76.43366,0.0,0.0,511.0,YANO,IMO7825409,NAQH,70,0,276,32,13.0,70,A
367821000,2020-08-19T09:30:18,36.97285,-76.43365,0.0,0.0,511.0,YANO,IMO7825409,NAQH,70,0,276,32,13.0,70,A
367861000,2020-08-19T09:57:00,36.94636,-76.32981,0.0,0.0,265.0,LARAMIE,IMO8906626,NLAR,80,5,193,29,,,A
367932000,2020-08-19T09:56:17,36.94923,-76.32973,0.0,107.0,279.0,JOHN LENTHALL,IMO8325547,NJLN,80,5,193,29,,,A
538006982,2020-08-19T09:35:53,37.20397,-76.12272,0.0,74.2,1.0,ANTE TOPIC,IMO9737072,V7TR4,70,1,,,,,A
367822000,2020-08-19T09:59:55,36.97313,-76.43384,0.0,0.0,238.0,USNS SHUGHART,IMO7825394,NAOQ,70,5,276,32,13.0,70,A
215677000,2020-08-19T09:23:54,37.23493,-76.11671,0.1,75.6,354.0,RIZE,IMO9584035,9HA2781,70,1,229,32,14.5,,A
367078110,2020-08-19T09:49:22,36.83854,-76.28199,0.0,294.0,511.0,MARCELLE BORDELON,IMO9350379,WDJ2038,79,3,45,11,3.0,79,A
367932000,2020-08-19T09:47:17,36.94919,-76.32962,0.0,107.0,279.0,JOHN LENTHALL,IMO8325547,NJLN,80,5,193,29,,,A
367861000,2020-08-19T10:47:59,36.94637,-76.32983,0.0,0.0,265.0,LARAMIE,IMO8906626,NLAR,80,5,193,29,,,A
477196100,2020-08-19T10:51:46,37.19465,-76.13468,0.0,291.9,24.0,DARYA MA,IMO9591674,VRJH5,70,1,229,32,14.5,,A
538002652,2020-08-19T09:23:28,37.17903,-76.10947,0.0,254.0,354.0,NAIAS,IMO9330800,V7KN8,70,1,225,32,14.0,70,A
368026000,2020-08-19T09:24:21,36.86576,-76.31606,0.0,19.1,2.0,BENAVIDEZ,IMO9218210,NBHG,70,5,289,32,10.9,70,A
366839000,2020-08-19T09:48:59,36.85345,-76.31083,0.0,0.0,39.0,CAPE RISE,IMO7530808,KAFG,70,5,197,32,10.0,,A
538006982,2020-08-19T09:59:53,37.20394,-76.12286,0.0,204.0,3.0,ANTE TOPIC,IMO9737072,V7TR4,70,1,,,,,A
367078110,2020-08-19T09:51:52,36.83854,-76.28199,0.0,314.0,511.0,MARCELLE BORDELON,IMO9350379,WDJ2038,79,3,45,11,3.0,79,A
367821000,2020-08-19T09:40:48,36.97285,-76.43364,0.0,0.0,511.0,YANO,IMO7825409,NAQH,70,0,276,32,13.0,70,A
367821000,2020-08-19T10:02:28,36.97285,-76.43365,0.0,0.0,511.0,YANO,IMO7825409,NAQH,70,0,276,32,13.0,70,A
367932000,2020-08-19T09:50:16,36.94922,-76.32972,0.0,107.0,279.0,JOHN LENTHALL,IMO8325547,NJLN,80,5,193,29,,,A
367932000,2020-08-19T09:32:17,36.94914,-76.32965,0.0,107.0,279.0,JOHN LENTHALL,IMO8325547,NJLN,80,5,193,29,,,A
305855000,2020-08-19T09:32:47,36.86429,-76.31476,0.0,63.9,226.0,BBC PEARL,IMO9504786,V2FY8,70,5,153,23,9.1,70,A
367078110,2020-08-19T09:53:32,36.83854,-76.28199,0.0,180.0,511.0,MARCELLE BORDELON,IMO9350379,WDJ2038,79,3,45,11,3.0,79,A
305855000,2020-08-19T10:02:48,36.86427,-76.31477,0.0,70.5,226.0,BBC PEARL,IMO9504786,V2FY8,70,5,153,23,9.1,70,A
367821000,2020-08-19T10:03:37,36.97285,-76.43365,0.0,0.0,511.0,YANO,IMO7825409,NAQH,70,0,276,32,13.0,70,A
367821000,2020-08-19T09:27:58,36.97285,-76.43365,0.0,0.0,511.0,YANO,IMO7825409,NAQH,70,0,276,32,13.0,70,A
367821000,2020-08-19T09:53:07,36.97289,-76.43364,0.0,0.0,511.0,YANO,IMO7825409,NAQH,70,0,276,32,13.0,70,A
367821000,2020-08-19T09:34:18,36.97285,-76.43365,0.0,0.0,511.0,YANO,IMO7825409,NAQH,70,0,276,32,13.0,70,A
367932000,2020-08-19T09:41:16,36.94935,-76.32966,0.0,107.0,279.0,JOHN LENTHALL,IMO8325547,NJLN,80,5,193,29,,,A
477196100,2020-08-19T09:33:42,37.19448,-76.13390,0.1,258.5,0.0,DARYA MA,IMO9591674,VRJH5,70,1,229,32,14.5,,A
538002652,2020-08-19T09:35:31,37.17902,-76.10962,0.0,287.0,357.0,NAIAS,IMO9330800,V7KN8,70,1,225,32,14.0,70,A
367932000,2020-08-19T09:38:17,36.94927,-76.32966,0.0,107.0,279.0,JOHN LENTHALL,IMO8325547,NJLN,80,5,193,29,,,A
367078110,2020-08-19T09:29:33,36.83854,-76.28198,0.0,264.0,511.0,MARCELLE BORDELON,IMO9350379,WDJ2038,79,3,45,11,3.0,79,A
367821000,2020-08-19T09:39:38,36.97285,-76.43365,0.0,0.0,511.0,YANO,IMO7825409,NAQH,70,0,276,32,13.0,70,A
305855000,2020-08-19T09:29:49,36.86428,-76.31477,0.0,63.9,226.0,BBC PEARL,IMO9504786,V2FY8,70,5,153,23,9.1,70,A
538006982,2020-08-19T09:44:53,37.20396,-76.12276,0.1,245.0,0.0,ANTE TOPIC,IMO9737072,V7TR4,70,1,,,,,A
367078110,2020-08-19T09:37:12,36.83854,-76.28197,0.0,304.0,511.0,MARCELLE BORDELON,IMO9350379,WDJ2038,79,3,45,11,3.0,79,A
367822000,2020-08-19T09:53:56,36.97313,-76.43387,0.0,0.0,238.0,USNS SHUGHART,IMO7825394,NAOQ,70,5,276,32,13.0,70,A
367821000,2020-08-19T09:46:28,36.97286,-76.43364,0.0,0.0,511.0,YANO,IMO7825409,NAQH,70,0,276,32,13.0,70,A
477196100,2020-08-19T09:45:47,37.19448,-76.13393,0.0,258.5,4.0,DARYA MA,IMO9591674,VRJH5,70,1,229,32,14.5,,A
538002652,2020-08-19T09:32:30,37.17900,-76.10953,0.0,254.0,354.0,NAIAS,IMO9330800,V7KN8,70,1,225,32,14.0,70,A
367078110,2020-08-19T10:05:43,36.83854,-76.28198,0.0,277.0,511.0,MARCELLE BORDELON,IMO9350379,WDJ2038,79,3,45,11,3.0,79,A
366839000,2020-08-19T09:37:00,36.85349,-76.31081,0.0,0.0,39.0,CAPE RISE,IMO7530808,KAFG,70,5,197,32,10.0,,A
538002652,2020-08-19T09:47:29,37.17900,-76.10968,0.0,287.0,358.0,NAIAS,IMO9330800,V7KN8,70,1,225,32,14.0,70,A
367821000,2020-08-19T10:07:07,36.97285,-76.43366,0.0,0.0,511.0,YANO,IMO7825409,NAQH,70,0,276,32,13.0,70,A
538006982,2020-08-19T09:32:53,37.20397,-76.12277,0.0,89.5,2.0,ANTE TOPIC,IMO9737072,V7TR4,70,1,,,,,A
305855000,2020-08-19T09:47:49,36.86428,-76.31476,0.0,348.3,226.0,BBC PEARL,IMO9504786,V2FY8,70,5,153,23,9.1,70,A
367822000,2020-08-19T09:38:56,36.97311,-76.43384,0.0,0.0,238.0,USNS SHUGHART,IMO7825394,NAOQ,70,5,276,32,13.0,70,A
367861000,2020-08-19T09:48:00,36.94640,-76.32978,0.0,0.0,265.0,LARAMIE,IMO8906626,NLAR,80,5,193,29,,,A
367861000,2020-08-19T09:33:01,36.94637,-76.32985,0.0,0.0,265.0,LARAMIE,IMO8906626,NLAR,80,5,193,29,,,A
477196100,2020-08-19T09:39:47,37.19446,-76.13394,0.1,258.5,3.0,DARYA MA,IMO9591674,VRJH5,70,1,229,32,14.5,,A
367821000,2020-08-19T10:09:28,36.97285,-76.43365,0.0,0.0,511.0,YANO,IMO7825409,NAQH,70,0,276,32,13.0,70,A
367932000,2020-08-19T10:08:16,36.94915,-76.32964,0.0,107.0,279.0,JOHN LENTHALL,IMO8325547,NJLN,80,5,193,29,,,A
305855000,2020-08-19T09:38:45,36.86428,-76.31478,0.0,350.4,226.0,BBC PEARL,IMO9504786,V2FY8,70,5,153,23,9.1,70,A
305855000,2020-08-19T10:08:46,36.86426,-76.31477,0.0,73.2,226.0,BBC PEARL,IMO9504786,V2FY8,70,5,153,23,9.1,70,A
367861000,2020-08-19T09:39:01,36.94638,-76.32982,0.0,0.0,265.0,LARAMIE,IMO8906626,NLAR,80,5,193,29,,,A
366839000,2020-08-19T09:39:55,36.85347,-76.31084,0.0,0.0,39.0,CAPE RISE,IMO7530808,KAFG,70,5,197,32,10.0,,A
538002652,2020-08-19T09:44:28,37.17903,-76.10967,0.0,287.0,359.0,NAIAS,IMO9330800,V7KN8,70,1,225,32,14.0,70,A
538002652,2020-08-19T09:50:29,37.17898,-76.10975,0.1,279.0,358.0,NAIAS,IMO9330800,V7KN8,70,1,225,32,14.0,70,A
538002652,2020-08-19T09:59:30,37.17902,-76.11007,0.1,280.0,6.0,NAIAS,IMO9330800,V7KN8,70,1,225,32,14.0,70,A
305855000,2020-08-19T09:59:48,36.86429,-76.31478,0.0,63.4,226.0,BBC PEARL,IMO9504786,V2FY8,70,5,153,23,9.1,70,A
367932000,2020-08-19T09:44:17,36.94920,-76.32962,0.0,107.0,279.0,JOHN LENTHALL,IMO8325547,NJLN,80,5,193,29,,,A
367821000,2020-08-19T09:42:28,36.97286,-76.43365,0.0,0.0,511.0,YANO,IMO7825409,NAQH,70,0,276,32,13.0,70,A
367932000,2020-08-19T09:53:16,36.94915,-76.32968,0.0,107.0,279.0,JOHN LENTHALL,IMO8325547,NJLN,80,5,193,29,,,A
367821000,2020-08-19T09:47:48,36.97286,-76.43364,0.0,0.0,511.0,YANO,IMO7825409,NAQH,70,0,276,32,13.0,70,A
538002652,2020-08-19T10:11:29,37.17905,-76.11022,0.0,278.0,9.0,NAIAS,IMO9330800,V7KN8,70,1,225,32,14.0,70,A
366839000,2020-08-19T09:54:59,36.85352,-76.31082,0.0,0.0,39.0,CAPE RISE,IMO7530808,KAFG,70,5,197,32,10.0,,A
367821000,2020-08-19T09:44:58,36.97286,-76.43364,0.0,0.0,511.0,YANO,IMO7825409,NAQH,70,0,276,32,13.0,70,A
368026000,2020-08-19T09:45:20,36.86574,-76.31605,0.0,19.1,2.0,BENAVIDEZ,IMO9218210,NBHG,70,5,289,32,10.9,70,A
367821000,2020-08-19T10:14:48,36.97285,-76.43366,0.0,0.0,511.0,YANO,IMO7825409,NAQH,70,0,276,32,13.0,70,A
367822000,2020-08-19T09:44:55,36.97311,-76.43384,0.0,0.0,238.0,USNS SHUGHART,IMO7825394,NAOQ,70,5,276,32,13.0,70,A
215677000,2020-08-19T09:56:58,37.23493,-76.11673,0.1,75.6,357.0,RIZE,IMO9584035,9HA2781,70,1,229,32,14.5,,A
367078110,2020-08-19T09:39:43,36.83854,-76.28198,0.0,273.0,511.0,MARCELLE BORDELON,IMO9350379,WDJ2038,79,3,45,11,3.0,79,A
366839000,2020-08-19T09:46:00,36.85347,-76.31080,0.0,0.0,39.0,CAPE RISE,IMO7530808,KAFG,70,5,197,32,10.0,,A
366839000,2020-08-19T10:04:05,36.85348,-76.31082,0.0,0.0,39.0,CAPE RISE,IMO7530808,KAFG,70,5,197,32,10.0,,A
368026000,2020-08-19T09:54:21,36.86577,-76.31605,0.0,19.1,2.0,BENAVIDEZ,IMO9218210,NBHG,70,5,289,32,10.9,70,A
367078110,2020-08-19T09:47:53,36.83854,-76.28199,0.0,297.0,511.0,MARCELLE BORDELON,IMO9350379,WDJ2038,79,3,45,11,3.0,79,A
367078110,2020-08-19T09:58:32,36.83853,-76.28200,0.0,66.0,511.0,MARCELLE BORDELON,IMO9350379,WDJ2038,79,3,45,11,3.0,79,A
367078110,2020-08-19T10:04:33,36.83854,-76.28198,0.0,335.0,511.0,MARCELLE BORDELON,IMO9350379,WDJ2038,79,3,45,11,3.0,79,A
538006982,2020-08-19T09:53:53,37.20395,-76.12280,0.0,66.7,2.0,ANTE TOPIC,IMO9737072,V7TR4,70,1,,,,,A
367861000,2020-08-19T09:54:01,36.94637,-76.32984,0.0,0.0,265.0,LARAMIE,IMO8906626,NLAR,80,5,193,29,,,A
367932000,2020-08-19T09:59:16,36.94915,-76.32967,0.0,107.0,279.0,JOHN LENTHALL,IMO8325547,NJLN,80,5,193,29,,,A
367861000,2020-08-19T09:42:01,36.94638,-76.32983,0.0,0.0,265.0,LARAMIE,IMO8906626,NLAR,80,5,193,29,,,A
368026000,2020-08-19T09:42:22,36.86576,-76.31605,0.0,19.1,2.0,BENAVIDEZ,IMO9218210,NBHG,70,5,289,32,10.9,70,A
538002652,2020-08-19T09:56:31,37.17903,-76.10998,0.1,278.0,3.0,NAIAS,IMO9330800,V7KN8,70,1,225,32,14.0,70,A
367078110,2020-08-19T09:59:43,36.83854,-76.28200,0.0,243.0,511.0,MARCELLE BORDELON,IMO9350379,WDJ2038,79,3,45,11,3.0,79,A
367078110,2020-08-19T09:43:12,36.83854,-76.28198,0.0,102.0,511.0,MARCELLE BORDELON,IMO9350379,WDJ2038,79,3,45,11,3.0,79,A
367821000,2020-08-19T10:17:07,36.97284,-76.43366,0.0,0.0,511.0,YANO,IMO7825409,NAQH,70,0,276,32,13.0,70,A
368026000,2020-08-19T09:48:20,36.86575,-76.31604,0.0,19.1,2.0,BENAVIDEZ,IMO9218210,NBHG,70,5,289,32,10.9,70,A
368026000,2020-08-19T09:57:21,36.86576,-76.31605,0.0,19.1,2.0,BENAVIDEZ,IMO9218210,NBHG,70,5,289,32,10.9,70,A
367861000,2020-08-19T10:00:01,36.94636,-76.32977,0.0,0.0,265.0,LARAMIE,IMO8906626,NLAR,80,5,193,29,,,A
367078110,2020-08-19T00:05:52,36.83857,-76.28198,0.1,169.0,511.0,MARCELLE BORDELON,IMO9350379,WDJ2038,79,3,45,11,3.0,79,A
477196100,2020-08-19T09:48:46,37.19447,-76.13391,0.0,258.5,4.0,DARYA MA,IMO9591674,VRJH5,70,1,229,32,14.5,,A
305855000,2020-08-19T09:41:47,36.86428,-76.31477,0.0,346.2,226.0,BBC PEARL,IMO9504786,V2FY8,70,5,153,23,9.1,70,A
538006982,2020-08-19T09:41:53,37.20396,-76.12271,0.0,302.3,358.0,ANTE TOPIC,IMO9737072,V7TR4,70,1,,,,,A
538002652,2020-08-19T10:02:30,37.17902,-76.11015,0.0,278.0,8.0,NAIAS,IMO9330800,V7KN8,70,1,225,32,14.0,70,A
538006982,2020-08-19T10:50:53,37.20402,-76.12321,0.0,150.8,10.0,ANTE TOPIC,IMO9737072,V7TR4,70,1,,,,,A
367821000,2020-08-19T10:00:08,36.97286,-76.43366,0.0,0.0,511.0,YANO,IMO7825409,NAQH,70,0,276,32,13.0,70,A
367078110,2020-08-19T09:46:33,36.83854,-76.28198,0.0,322.0,511.0,MARCELLE BORDELON,IMO9350379,WDJ2038,79,3,45,11,3.0,79,A
538006982,2020-08-19T09:50:53,37.20396,-76.12282,0.1,192.4,3.0,ANTE TOPIC,IMO9737072,V7TR4,70,1,,,,,A
367821000,2020-08-19T10:11:48,36.97285,-76.43365,0.0,0.0,511.0,YANO,IMO7825409,NAQH,70,0,276,32,13.0,70,A
367932000,2020-08-19T10:20:16,36.94915,-76.32970,0.0,107.0,279.0,JOHN LENTHALL,IMO8325547,NJLN,80,5,193,29,,,A
367078110,2020-08-19T10:01:13,36.83854,-76.28199,0.0,205.0,511.0,MARCELLE BORDELON,IMO9350379,WDJ2038,79,3,45,11,3.0,79,A
367078110,2020-08-19T10:20:02,36.83855,-76.28197,0.0,60.0,511.0,MARCELLE BORDELON,IMO9350379,WDJ2038,79,3,45,11,3.0,79,A
367078110,2020-08-19T10:02:14,36.83854,-76.28199,0.0,174.0,511.0,MARCELLE BORDELON,IMO9350379,WDJ2038,79,3,45,11,3.0,79,A
366839000,2020-08-19T09:52:01,36.85349,-76.31079,0.0,0.0,39.0,CAPE RISE,IMO7530808,KAFG,70,5,197,32,10.0,,A
367821000,2020-08-19T10:05:57,36.97285,-76.43365,0.0,0.0,511.0,YANO,IMO7825409,NAQH,70,0,276,32,13.0,70,A
367078110,2020-08-19T10:13:03,36.83854,-76.28197,0.0,188.0,511.0,MARCELLE BORDELON,IMO9350379,WDJ2038,79,3,45,11,3.0,79,A
367932000,2020-08-19T10:02:18,36.94916,-76.32967,0.0,107.0,279.0,JOHN LENTHALL,IMO8325547,NJLN,80,5,193,29,,,A
367078110,2020-08-19T09:54:43,36.83854,-76.28199,0.0,285.0,511.0,MARCELLE BORDELON,IMO9350379,WDJ2038,79,3,45,11,3.0,79,A
367822000,2020-08-19T09:47:56,36.97311,-76.43383,0.0,0.0,238.0,USNS SHUGHART,IMO7825394,NAOQ,70,5,276,32,13.0,70,A
366839000,2020-08-19T10:21:58,36.85348,-76.31082,0.0,0.0,40.0,CAPE RISE,IMO7530808,KAFG,70,5,197,32,10.0,,A
305855000,2020-08-19T09:53:47,36.86428,-76.31476,0.0,353.0,226.0,BBC PEARL,IMO9504786,V2FY8,70,5,153,23,9.1,70,A
215677000,2020-08-19T09:53:58,37.23494,-76.11673,0.0,75.6,357.0,RIZE,IMO9584035,9HA2781,70,1,229,32,14.5,,A
215677000,2020-08-19T10:14:58,37.23497,-76.11716,0.2,281.9,355.0,RIZE,IMO9584035,9HA2781,70,1,229,32,14.5,,A
367822000,2020-08-19T09:56:56,36.97313,-76.43385,0.0,0.0,238.0,USNS SHUGHART,IMO7825394,NAOQ,70,5,276,32,13.0,70,A
367078110,2020-08-19T10:15:43,36.83853,-76.28198,0.0,246.0,511.0,MARCELLE BORDELON,IMO9350379,WDJ2038,79,3,45,11,3.0,79,A
367821000,2020-08-19T10:04:48,36.97285,-76.43366,0.0,0.0,511.0,YANO,IMO7825409,NAQH,70,0,276,32,13.0,70,A
538002652,2020-08-19T10:05:30,37.17902,-76.11017,0.0,278.0,9.0,NAIAS,IMO9330800,V7KN8,70,1,225,32,14.0,70,A
538002652,2020-08-19T10:08:31,37.17905,-76.11018,0.0,278.0,9.0,NAIAS,IMO9330800,V7KN8,70,1,225,32,14.0,70,A
215677000,2020-08-19T10:05:57,37.23488,-76.11682,0.1,75.6,356.0,RIZE,IMO9584035,9HA2781,70,1,229,32,14.5,,A
367821000,2020-08-19T10:23:27,36.97284,-76.43365,0.0,0.0,511.0,YANO,IMO7825409,NAQH,70,0,276,32,13.0,70,A
305855000,2020-08-19T10:05:48,36.86425,-76.31476,0.0,72.0,226.0,BBC PEARL,IMO9504786,V2FY8,70,5,153,23,9.1,70,A
367932000,2020-08-19T10:23:17,36.94915,-76.32967,0.0,107.0,279.0,JOHN LENTHALL,IMO8325547,NJLN,80,5,193,29,,,A
367821000,2020-08-19T10:25:08,36.97284,-76.43365,0.0,0.0,511.0,YANO,IMO7825409,NAQH,70,0,276,32,13.0,70,A
215677000,2020-08-19T09:50:59,37.23494,-76.11676,0.0,75.6,357.0,RIZE,IMO9584035,9HA2781,70,1,229,32,14.5,,A
538006982,2020-08-19T09:56:53,37.20396,-76.12285,0.0,66.7,2.0,ANTE TOPIC,IMO9737072,V7TR4,70,1,,,,,A
367078110,2020-08-19T10:06:53,36.83854,-76.28198,0.0,144.0,511.0,MARCELLE BORDELON,IMO9350379,WDJ2038,79,3,45,11,3.0,79,A
367078110,2020-08-19T10:09:12,36.83855,-76.28198,0.0,7.0,511.0,MARCELLE BORDELON,IMO9350379,WDJ2038,79,3,45,11,3.0,79,A
477196100,2020-08-19T09:51:49,37.19447,-76.13396,0.0,258.5,3.0,DARYA MA,IMO9591674,VRJH5,70,1,229,32,14.5,,A
477196100,2020-08-19T09:57:49,37.19445,-76.13398,0.1,258.5,2.0,DARYA MA,IMO9591674,VRJH5,70,1,229,32,14.5,,A
367822000,2020-08-19T10:17:55,36.97314,-76.43384,0.0,0.0,238.0,USNS SHUGHART,IMO7825394,NAOQ,70,5,276,32,13.0,70,A
367821000,2020-08-19T10:26:17,36.97284,-76.43365,0.0,0.0,511.0,YANO,IMO7825409,NAQH,70,0,276,32,13.0,70,A
366839000,2020-08-19T10:18:59,36.85347,-76.31082,0.0,0.0,40.0,CAPE RISE,IMO7530808,KAFG,70,5,197,32,10.0,,A
367932000,2020-08-19T10:26:16,36.94922,-76.32969,0.0,107.0,279.0,JOHN LENTHALL,IMO8325547,NJLN,80,5,193,29,,,A
367821000,2020-08-19T09:54:17,36.97288,-76.43365,0.0,0.0,511.0,YANO,IMO7825409,NAQH,70,0,276,32,13.0,70,A
366839000,2020-08-19T10:09:55,36.85346,-76.31083,0.0,0.0,40.0,CAPE RISE,IMO7530808,KAFG,70,5,197,32,10.0,,A
367078110,2020-08-19T10:08:02,36.83855,-76.28198,0.0,13.0,511.0,MARCELLE BORDELON,IMO9350379,WDJ2038,79,3,45,11,3.0,79,A
367078110,2020-08-19T10:00:03,36.83854,-76.28199,0.0,207.0,511.0,MARCELLE BORDELON,IMO9350379,WDJ2038,79,3,45,11,3.0,79,A
367822000,2020-08-19T10:08:55,36.97315,-76.43384,0.0,0.0,238.0,USNS SHUGHART,IMO7825394,NAOQ,70,5,276,32,13.0,70,A
367821000,2020-08-19T09:55:37,36.97287,-76.43366,0.0,0.0,511.0,YANO,IMO7825409,NAQH,70,0,276,32,13.0,70,A
367821000,2020-08-19T10:01:18,36.97286,-76.43365,0.0,0.0,511.0,YANO,IMO7825409,NAQH,70,0,276,32,13.0,70,A
366839000,2020-08-19T10:00:58,36.85346,-76.31081,0.0,0.0,39.0,CAPE RISE,IMO7530808,KAFG,70,5,197,32,10.0,,A
367822000,2020-08-19T10:11:54,36.97315,-76.43384,0.0,0.0,238.0,USNS SHUGHART,IMO7825394,NAOQ,70,5,276,32,13.0,70,A
367932000,2020-08-19T10:11:17,36.94911,-76.32970,0.0,107.0,279.0,JOHN LENTHALL,IMO8325547,NJLN,80,5,193,29,,,A
367821000,2020-08-19T10:10:38,36.97285,-76.43365,0.0,0.0,511.0,YANO,IMO7825409,NAQH,70,0,276,32,13.0,70,A
367821000,2020-08-19T09:56:58,36.97287,-76.43365,0.0,0.0,511.0,YANO,IMO7825409,NAQH,70,0,276,32,13.0,70,A
215677000,2020-08-19T10:02:54,37.23492,-76.11679,0.1,75.6,356.0,RIZE,IMO9584035,9HA2781,70,1,229,32,14.5,,A
305855000,2020-08-19T10:29:45,36.86428,-76.31475,0.0,166.4,226.0,BBC PEARL,IMO9504786,V2FY8,70,5,153,23,9.1,70,A
215677000,2020-08-19T10:11:57,37.23494,-76.11700,0.1,75.6,354.0,RIZE,IMO9584035,9HA2781,70,1,229,32,14.5,,A
538002652,2020-08-19T10:14:30,37.17907,-76.11030,0.0,278.0,10.0,NAIAS,IMO9330800,V7KN8,70,1,225,32,14.0,70,A
366839000,2020-08-19T10:12:55,36.85345,-76.31081,0.0,0.0,40.0,CAPE RISE,IMO7530808,KAFG,70,5,197,32,10.0,,A
367078110,2020-08-19T10:23:52,36.83854,-76.28197,0.0,25.0,511.0,MARCELLE BORDELON,IMO9350379,WDJ2038,79,3,45,11,3.0,79,A
367932000,2020-08-19T10:29:17,36.94916,-76.32970,0.0,107.0,279.0,JOHN LENTHALL,IMO8325547,NJLN,80,5,193,29,,,A
367822000,2020-08-19T10:05:55,36.97314,-76.43384,0.0,0.0,238.0,USNS SHUGHART,IMO7825394,NAOQ,70,5,276,32,13.0,70,A
305855000,2020-08-19T10:26:46,36.86427,-76.31479,0.0,222.4,226.0,BBC PEARL,IMO9504786,V2FY8,70,5,153,23,9.1,70,A
367932000,2020-08-19T10:05:16,36.94914,-76.32969,0.0,107.0,279.0,JOHN LENTHALL,IMO8325547,NJLN,80,5,193,29,,,A
367821000,2020-08-19T10:31:58,36.97285,-76.43365,0.0,0.0,511.0,YANO,IMO7825409,NAQH,70,0,276,32,13.0,70,A
366839000,2020-08-19T09:58:03,36.85349,-76.31080,0.0,0.0,39.0,CAPE RISE,IMO7530808,KAFG,70,5,197,32,10.0,,A
367821000,2020-08-19T10:36:08,36.97284,-76.43369,0.0,0.0,511.0,YANO,IMO7825409,NAQH,70,0,276,32,13.0,70,A
366839000,2020-08-19T10:15:55,36.85348,-76.31081,0.0,0.0,40.0,CAPE RISE,IMO7530808,KAFG,70,5,197,32,10.0,,A
305855000,2020-08-19T10:32:48,36.86429,-76.31476,0.0,179.4,226.0,BBC PEARL,IMO9504786,V2FY8,70,5,153,23,9.1,70,A
215677000,2020-08-19T10:17:58,37.23498,-76.11731,0.1,279.7,358.0,RIZE,IMO9584035,9HA2781,70,1,229,32,14.5,,A
367821000,2020-08-19T10:18:18,36.97284,-76.43366,0.0,0.0,511.0,YANO,IMO7825409,NAQH,70,0,276,32,13.0,70,A
368026000,2020-08-19T10:51:21,36.86575,-76.31602,0.0,19.1,2.0,BENAVIDEZ,IMO9218210,NBHG,70,5,289,32,10.9,70,A
366839000,2020-08-19T10:33:55,36.85349,-76.31083,0.0,0.0,40.0,CAPE RISE,IMO7530808,KAFG,70,5,197,32,10.0,,A
367078110,2020-08-19T10:11:34,36.83853,-76.28198,0.0,280.0,511.0,MARCELLE BORDELON,IMO9350379,WDJ2038,79,3,45,11,3.0,79,A
538002652,2020-08-19T10:35:28,37.17913,-76.11045,0.0,266.0,22.0,NAIAS,IMO9330800,V7KN8,70,1,225,32,14.0,70,A
367821000,2020-08-19T10:29:58,36.97285,-76.43365,0.0,0.0,511.0,YANO,IMO7825409,NAQH,70,0,276,32,13.0,70,A
367822000,2020-08-19T10:29:56,36.97314,-76.43385,0.0,0.0,238.0,USNS SHUGHART,IMO7825394,NAOQ,70,5,276,32,13.0,70,A
367078110,2020-08-19T10:31:33,36.83855,-76.28197,0.0,97.0,511.0,MARCELLE BORDELON,IMO9350379,WDJ2038,79,3,45,11,3.0,79,A
215677000,2020-08-19T10:38:59,37.23500,-76.11745,0.1,279.7,2.0,RIZE,IMO9584035,9HA2781,70,1,229,32,14.5,,A
367078110,2020-08-19T10:22:43,36.83854,-76.28198,0.0,301.0,511.0,MARCELLE BORDELON,IMO9350379,WDJ2038,79,3,45,11,3.0,79,A
367821000,2020-08-19T10:33:18,36.97285,-76.43366,0.0,0.0,511.0,YANO,IMO7825409,NAQH,70,0,276,32,13.0,70,A
538002652,2020-08-19T10:20:28,37.17908,-76.11045,0.0,266.0,16.0,NAIAS,IMO9330800,V7KN8,70,1,225,32,14.0,70,A
367078110,2020-08-19T10:21:12,36.83853,-76.28198,0.0,170.0,511.0,MARCELLE BORDELON,IMO9350379,WDJ2038,79,3,45,11,3.0,79,A
367822000,2020-08-19T10:41:55,36.97315,-76.43382,0.0,0.0,238.0,USNS SHUGHART,IMO7825394,NAOQ,70,5,276,32,13.0,70,A
305855000,2020-08-19T10:17:49,36.86427,-76.31477,0.0,206.8,226.0,BBC PEARL,IMO9504786,V2FY8,70,5,153,23,9.1,70,A
538002652,2020-08-19T10:23:31,37.17905,-76.11048,0.0,266.0,19.0,NAIAS,IMO9330800,V7KN8,70,1,225,32,14.0,70,A
367821000,2020-08-19T10:19:27,36.97284,-76.43366,0.0,0.0,511.0,YANO,IMO7825409,NAQH,70,0,276,32,13.0,70,A
367821000,2020-08-19T10:37:37,36.97285,-76.43366,0.0,0.0,511.0,YANO,IMO7825409,NAQH,70,0,276,32,13.0,70,A
366839000,2020-08-19T10:37:01,36.85351,-76.31082,0.0,0.0,39.0,CAPE RISE,IMO7530808,KAFG,70,5,197,32,10.0,,A
366839000,2020-08-19T10:42:59,36.85351,-76.31083,0.0,0.0,39.0,CAPE RISE,IMO7530808,KAFG,70,5,197,32,10.0,,A
367078110,2020-08-19T10:25:52,36.83854,-76.28198,0.0,338.0,511.0,MARCELLE BORDELON,IMO9350379,WDJ2038,79,3,45,11,3.0,79,A
367821000,2020-08-19T10:20:57,36.97284,-76.43366,0.0,0.0,511.0,YANO,IMO7825409,NAQH,70,0,276,32,13.0,70,A
305855000,2020-08-19T10:20:48,36.86428,-76.31474,0.0,100.4,226.0,BBC PEARL,IMO9504786,V2FY8,70,5,153,23,9.1,70,A
367078110,2020-08-19T10:46:23,36.83854,-76.28199,0.0,189.0,511.0,MARCELLE BORDELON,IMO9350379,WDJ2038,79,3,45,11,3.0,79,A
367078110,2020-08-19T10:10:23,36.83854,-76.28198,0.0,317.0,511.0,MARCELLE BORDELON,IMO9350379,WDJ2038,79,3,45,11,3.0,79,A
367821000,2020-08-19T10:27:37,36.97285,-76.43365,0.0,0.0,511.0,YANO,IMO7825409,NAQH,70,0,276,32,13.0,70,A
215677000,2020-08-19T10:41:55,37.23500,-76.11749,0.1,279.7,3.0,RIZE,IMO9584035,9HA2781,70,1,229,32,14.5,,A
538002652,2020-08-19T10:26:29,37.17907,-76.11048,0.0,266.0,19.0,NAIAS,IMO9330800,V7KN8,70,1,225,32,14.0,70,A
215677000,2020-08-19T10:23:57,37.23499,-76.11740,0.1,279.7,3.0,RIZE,IMO9584035,9HA2781,70,1,229,32,14.5,,A
367078110,2020-08-19T10:28:33,36.83855,-76.28198,0.0,151.0,511.0,MARCELLE BORDELON,IMO9350379,WDJ2038,79,3,45,11,3.0,79,A
367821000,2020-08-19T10:42:37,36.97285,-76.43364,0.0,0.0,511.0,YANO,IMO7825409,NAQH,70,0,276,32,13.0,70,A
367822000,2020-08-19T10:26:55,36.97314,-76.43385,0.0,0.0,238.0,USNS SHUGHART,IMO7825394,NAOQ,70,5,276,32,13.0,70,A
367821000,2020-08-19T10:49:37,36.97286,-76.43364,0.0,0.0,511.0,YANO,IMO7825409,NAQH,70,0,276,32,13.0,70,A
305855000,2020-08-19T10:47:47,36.86427,-76.31477,0.0,217.7,226.0,BBC PEARL,IMO9504786,V2FY8,70,5,153,23,9.1,70,A
215677000,2020-08-19T10:27:00,37.23497,-76.11737,0.0,279.7,4.0,RIZE,IMO9584035,9HA2781,70,1,229,32,14.5,,A
538002652,2020-08-19T10:47:32,37.17918,-76.11057,0.0,266.0,25.0,NAIAS,IMO9330800,V7KN8,70,1,225,32,14.0,70,A
367078110,2020-08-19T10:52:02,36.83855,-76.28195,0.0,186.0,511.0,MARCELLE BORDELON,IMO9350379,WDJ2038,79,3,45,11,3.0,79,A
367932000,2020-08-19T10:50:17,36.94914,-76.32965,0.0,107.0,279.0,JOHN LENTHALL,IMO8325547,NJLN,80,5,193,29,,,A
215677000,2020-08-19T10:29:57,37.23494,-76.11732,0.1,279.7,2.0,RIZE,IMO9584035,9HA2781,70,1,229,32,14.5,,A
367078110,2020-08-19T10:14:12,36.83854,-76.28198,0.0,333.0,511.0,MARCELLE BORDELON,IMO9350379,WDJ2038,79,3,45,11,3.0,79,A
367822000,2020-08-19T10:14:55,36.97315,-76.43384,0.0,0.0,238.0,USNS SHUGHART,IMO7825394,NAOQ,70,5,276,32,13.0,70,A
305855000,2020-08-19T10:53:46,36.86427,-76.31478,0.0,202.0,226.0,BBC PEARL,IMO9504786,V2FY8,70,5,153,23,9.1,70,A
367078110,2020-08-19T10:49:42,36.83854,-76.28198,0.0,182.0,511.0,MARCELLE BORDELON,IMO9350379,WDJ2038,79,3,45,11,3.0,79,A
367821000,2020-08-19T10:54:57,36.97286,-76.43364,0.0,0.0,511.0,YANO,IMO7825409,NAQH,70,0,276,32,13.0,70,A
367078110,2020-08-19T10:54:33,36.83854,-76.28199,0.0,67.0,511.0,MARCELLE BORDELON,IMO9350379,WDJ2038,79,3,45,11,3.0,79,A
538002652,2020-08-19T10:29:32,37.17910,-76.11047,0.0,266.0,20.0,NAIAS,IMO9330800,V7KN8,70,1,225,32,14.0,70,A
538002652,2020-08-19T10:32:30,37.17913,-76.11047,0.0,266.0,23.0,NAIAS,IMO9330800,V7KN8,70,1,225,32,14.0,70,A
367078110,2020-08-19T10:32:52,36.83858,-76.28195,0.0,160.0,511.0,MARCELLE BORDELON,IMO9350379,WDJ2038,79,3,45,11,3.0,79,A
367078110,2020-08-19T10:17:03,36.83853,-76.28198,0.0,344.0,511.0,MARCELLE BORDELON,IMO9350379,WDJ2038,79,3,45,11,3.0,79,A
215677000,2020-08-19T10:33:01,37.23494,-76.11732,0.1,279.7,0.0,RIZE,IMO9584035,9HA2781,70,1,229,32,14.5,,A
367078110,2020-08-19T10:34:02,36.83857,-76.28197,0.0,316.0,511.0,MARCELLE BORDELON,IMO9350379,WDJ2038,79,3,45,11,3.0,79,A
366839000,2020-08-19T10:31:00,36.85350,-76.31085,0.0,0.0,40.0,CAPE RISE,IMO7530808,KAFG,70,5,197,32,10.0,,A
367822000,2020-08-19T10:32:55,36.97314,-76.43385,0.0,0.0,238.0,USNS SHUGHART,IMO7825394,NAOQ,70,5,276,32,13.0,70,A
366839000,2020-08-19T10:54:55,36.85352,-76.31079,0.0,0.0,39.0,CAPE RISE,IMO7530808,KAFG,70,5,197,32,10.0,,A
367932000,2020-08-19T10:56:16,36.94923,-76.32972,0.0,107.0,279.0,JOHN LENTHALL,IMO8325547,NJLN,80,5,193,29,,,A
368026000,2020-08-19T10:57:20,36.86576,-76.31604,0.0,19.1,2.0,BENAVIDEZ,IMO9218210,NBHG,70,5,289,32,10.9,70,A
367821000,2020-08-19T10:34:38,36.97285,-76.43366,0.0,0.0,511.0,YANO,IMO7825409,NAQH,70,0,276,32,13.0,70,A
367078110,2020-08-19T10:36:02,36.83855,-76.28198,0.0,232.0,511.0,MARCELLE BORDELON,IMO9350379,WDJ2038,79,3,45,11,3.0,79,A
367932000,2020-08-19T10:32:17,36.94917,-76.32964,0.0,107.0,279.0,JOHN LENTHALL,IMO8325547,NJLN,80,5,193,29,,,A
367821000,2020-08-19T10:58:57,36.97286,-76.43364,0.0,0.0,511.0,YANO,IMO7825409,NAQH,70,0,276,32,13.0,70,A
367932000,2020-08-19T10:35:17,36.94925,-76.32963,0.0,107.0,279.0,JOHN LENTHALL,IMO8325547,NJLN,80,5,193,29,,,A
305855000,2020-08-19T10:35:47,36.86429,-76.31476,0.0,148.9,226.0,BBC PEARL,IMO9504786,V2FY8,70,5,153,23,9.1,70,A
367078110,2020-08-19T10:59:03,36.83855,-76.28197,0.0,303.0,511.0,MARCELLE BORDELON,IMO9350379,WDJ2038,79,3,45,11,3.0,79,A
367861000,2020-08-19T10:54:00,36.94639,-76.32985,0.0,0.0,265.0,LARAMIE,IMO8906626,NLAR,80,5,193,29,,,A
366839000,2020-08-19T00:06:55,36.85354,-76.31082,0.0,0.0,39.0,CAPE RISE,IMO7530808,KAFG,70,5,197,32,10.0,,A
367821000,2020-08-19T00:07:07,36.97285,-76.43362,0.0,0.0,511.0,YANO,IMO7825409,NAQH,70,0,276,32,13.0,70,A
367822000,2020-08-19T10:20:56,36.97314,-76.43384,0.0,0.0,238.0,USNS SHUGHART,IMO7825394,NAOQ,70,5,276,32,13.0,70,A
367822000,2020-08-19T10:59:56,36.97314,-76.43382,0.0,0.0,238.0,USNS SHUGHART,IMO7825394,NAOQ,70,5,276,32,13.0,70,A
477196100,2020-08-19T10:54:48,37.19465,-76.13464,0.0,291.9,24.0,DARYA MA,IMO9591674,VRJH5,70,1,229,32,14.5,,A
367821000,2020-08-19T10:40:19,36.97285,-76.43365,0.0,0.0,511.0,YANO,IMO7825409,NAQH,70,0,276,32,13.0,70,A
305855000,2020-08-19T10:38:49,36.86426,-76.31479,0.0,207.5,226.0,BBC PEARL,IMO9504786,V2FY8,70,5,153,23,9.1,70,A
538002652,2020-08-19T10:38:29,37.17915,-76.11045,0.0,266.0,22.0,NAIAS,IMO9330800,V7KN8,70,1,225,32,14.0,70,A
367821000,2020-08-19T11:00:09,36.97285,-76.43364,0.0,0.0,511.0,YANO,IMO7825409,NAQH,70,0,276,32,13.0,70,A
538006982,2020-08-19T10:56:53,37.20401,-76.12317,0.0,150.8,12.0,ANTE TOPIC,IMO9737072,V7TR4,70,1,,,,,A
477196100,2020-08-19T10:57:44,37.19469,-76.13462,0.0,291.9,24.0,DARYA MA,IMO9591674,VRJH5,70,1,229,32,14.5,,A
367932000,2020-08-19T10:38:17,36.94918,-76.32964,0.0,107.0,279.0,JOHN LENTHALL,IMO8325547,NJLN,80,5,193,29,,,A
367822000,2020-08-19T10:23:56,36.97314,-76.43385,0.0,0.0,238.0,USNS SHUGHART,IMO7825394,NAOQ,70,5,276,32,13.0,70,A
538002652,2020-08-19T10:59:29,37.17932,-76.11075,0.0,266.0,34.0,NAIAS,IMO9330800,V7KN8,70,1,225,32,14.0,70,A
367932000,2020-08-19T11:02:17,36.94922,-76.32967,0.0,107.0,279.0,JOHN LENTHALL,IMO8325547,NJLN,80,5,193,29,,,A
367932000,2020-08-19T10:44:18,36.94920,-76.32966,0.0,107.0,279.0,JOHN LENTHALL,IMO8325547,NJLN,80,5,193,29,,,A
215677000,2020-08-19T11:00:00,37.23499,-76.11759,0.1,279.7,9.0,RIZE,IMO9584035,9HA2781,70,1,229,32,14.5,,A
305855000,2020-08-19T10:41:45,36.86427,-76.31477,0.0,204.4,226.0,BBC PEARL,IMO9504786,V2FY8,70,5,153,23,9.1,70,A
367078110,2020-08-19T10:41:33,36.83855,-76.28197,0.0,223.0,511.0,MARCELLE BORDELON,IMO9350379,WDJ2038,79,3,45,11,3.0,79,A
367932000,2020-08-19T10:41:17,36.94916,-76.32967,0.0,107.0,279.0,JOHN LENTHALL,IMO8325547,NJLN,80,5,193,29,,,A
477196100,2020-08-19T11:00:47,37.19469,-76.13459,0.0,291.9,24.0,DARYA MA,IMO9591674,VRJH5,70,1,229,32,14.5,,A
367822000,2020-08-19T11:02:55,36.97314,-76.43382,0.0,0.0,238.0,USNS SHUGHART,IMO7825394,NAOQ,70,5,276,32,13.0,70,A
538006982,2020-08-19T11:02:53,37.20402,-76.12316,0.0,150.8,9.0,ANTE TOPIC,IMO9737072,V7TR4,70,1,,,,,A
538002652,2020-08-19T11:05:29,37.17943,-76.11087,0.0,300.0,39.0,NAIAS,IMO9330800,V7KN8,70,1,225,32,14.0,70,A
305855000,2020-08-19T10:44:48,36.86428,-76.31477,0.0,213.9,226.0,BBC PEARL,IMO9504786,V2FY8,70,5,153,23,9.1,70,A
215677000,2020-08-19T10:47:57,37.23501,-76.11763,0.1,279.7,7.0,RIZE,IMO9584035,9HA2781,70,1,229,32,14.5,,A
477196100,2020-08-19T11:06:48,37.19471,-76.13459,0.0,291.9,25.0,DARYA MA,IMO9591674,VRJH5,70,1,229,32,14.5,,A
305855000,2020-08-19T11:05:45,36.86428,-76.31477,0.0,134.2,226.0,BBC PEARL,IMO9504786,V2FY8,70,5,153,23,9.1,70,A
367861000,2020-08-19T10:51:00,36.94644,-76.32978,0.0,0.0,265.0,LARAMIE,IMO8906626,NLAR,80,5,193,29,,,A
538002652,2020-08-19T11:02:31,37.17938,-76.11080,0.0,313.0,37.0,NAIAS,IMO9330800,V7KN8,70,1,225,32,14.0,70,A
367821000,2020-08-19T11:07:08,36.97287,-76.43360,0.0,0.0,511.0,YANO,IMO7825409,NAQH,70,0,276,32,13.0,70,A
367822000,2020-08-19T10:47:55,36.97314,-76.43381,0.0,0.0,238.0,USNS SHUGHART,IMO7825394,NAOQ,70,5,276,32,13.0,70,A
366839000,2020-08-19T11:03:58,36.85349,-76.31080,0.0,0.0,39.0,CAPE RISE,IMO7530808,KAFG,70,5,197,32,10.0,,A
215677000,2020-08-19T11:08:59,37.23501,-76.11767,0.1,279.7,10.0,RIZE,IMO9584035,9HA2781,70,1,229,32,14.5,,A
538002652,2020-08-19T10:50:29,37.17920,-76.11060,0.0,266.0,27.0,NAIAS,IMO9330800,V7KN8,70,1,225,32,14.0,70,A
367822000,2020-08-19T10:50:55,36.97314,-76.43381,0.0,0.0,238.0,USNS SHUGHART,IMO7825394,NAOQ,70,5,276,32,13.0,70,A
367932000,2020-08-19T11:08:17,36.94921,-76.32971,0.0,107.0,279.0,JOHN LENTHALL,IMO8325547,NJLN,80,5,193,29,,,A
367821000,2020-08-19T10:52:48,36.97286,-76.43364,0.0,0.0,511.0,YANO,IMO7825409,NAQH,70,0,276,32,13.0,70,A
367078110,2020-08-19T10:53:23,36.83854,-76.28199,0.0,179.0,511.0,MARCELLE BORDELON,IMO9350379,WDJ2038,79,3,45,11,3.0,79,A
367078110,2020-08-19T10:48:23,36.83855,-76.28197,0.0,249.0,511.0,MARCELLE BORDELON,IMO9350379,WDJ2038,79,3,45,11,3.0,79,A
367932000,2020-08-19T10:53:17,36.94912,-76.32965,0.0,107.0,279.0,JOHN LENTHALL,IMO8325547,NJLN,80,5,193,29,,,A
367821000,2020-08-19T10:51:47,36.97286,-76.43364,0.0,0.0,511.0,YANO,IMO7825409,NAQH,70,0,276,32,13.0,70,A
367078110,2020-08-19T10:30:02,36.83855,-76.28197,0.0,88.0,511.0,MARCELLE BORDELON,IMO9350379,WDJ2038,79,3,45,11,3.0,79,A
477196100,2020-08-19T11:09:46,37.19475,-76.13461,0.1,291.9,26.0,DARYA MA,IMO9591674,VRJH5,70,1,229,32,14.5,,A
366839000,2020-08-19T10:48:55,36.85349,-76.31084,0.0,0.0,39.0,CAPE RISE,IMO7530808,KAFG,70,5,197,32,10.0,,A
366839000,2020-08-19T11:09:59,36.85352,-76.31081,0.0,0.0,39.0,CAPE RISE,IMO7530808,KAFG,70,5,197,32,10.0,,A
367821000,2020-08-19T10:50:38,36.97286,-76.43364,0.0,0.0,511.0,YANO,IMO7825409,NAQH,70,0,276,32,13.0,70,A
305855000,2020-08-19T10:50:48,36.86429,-76.31477,0.0,217.7,226.0,BBC PEARL,IMO9504786,V2FY8,70,5,153,23,9.1,70,A
367078110,2020-08-19T11:05:52,36.83855,-76.28197,0.0,136.0,511.0,MARCELLE BORDELON,IMO9350379,WDJ2038,79,3,45,11,3.0,79,A
538006982,2020-08-19T10:53:53,37.20402,-76.12319,0.0,150.8,11.0,ANTE TOPIC,IMO9737072,V7TR4,70,1,,,,,A
215677000,2020-08-19T10:53:57,37.23498,-76.11763,0.0,279.7,9.0,RIZE,IMO9584035,9HA2781,70,1,229,32,14.5,,A
215677000,2020-08-19T10:50:55,37.23500,-76.11765,0.0,279.7,9.0,RIZE,IMO9584035,9HA2781,70,1,229,32,14.5,,A
368026000,2020-08-19T11:06:20,36.86576,-76.31602,0.0,19.1,2.0,BENAVIDEZ,IMO9218210,NBHG,70,5,289,32,10.9,70,A
366839000,2020-08-19T11:07:00,36.85349,-76.31082,0.0,0.0,39.0,CAPE RISE,IMO7530808,KAFG,70,5,197,32,10.0,,A
367861000,2020-08-19T11:11:59,36.94635,-76.32975,0.0,0.0,265.0,LARAMIE,IMO8906626,NLAR,80,5,193,29,,,A
367078110,2020-08-19T11:12:02,36.83854,-76.28197,0.0,38.0,511.0,MARCELLE BORDELON,IMO9350379,WDJ2038,79,3,45,11,3.0,79,A
367821000,2020-08-19T11:09:27,36.97285,-76.43361,0.0,0.0,511.0,YANO,IMO7825409,NAQH,70,0,276,32,13.0,70,A
367821000,2020-08-19T11:10:38,36.97285,-76.43361,0.0,0.0,511.0,YANO,IMO7825409,NAQH,70,0,276,32,13.0,70,A
367078110,2020-08-19T10:56:12,36.83855,-76.28198,0.0,274.0,511.0,MARCELLE BORDELON,IMO9350379,WDJ2038,79,3,45,11,3.0,79,A
367821000,2020-08-19T11:14:08,36.97285,-76.43363,0.0,0.0,511.0,YANO,IMO7825409,NAQH,70,0,276,32,13.0,70,A
367821000,2020-08-19T11:08:17,36.97285,-76.43360,0.0,0.0,511.0,YANO,IMO7825409,NAQH,70,0,276,32,13.0,70,A
538002652,2020-08-19T11:14:30,37.17963,-76.11118,0.1,299.0,50.0,NAIAS,IMO9330800,V7KN8,70,1,225,32,14.0,70,A
367822000,2020-08-19T11:08:56,36.97320,-76.43381,0.0,0.0,238.0,USNS SHUGHART,IMO7825394,NAOQ,70,5,276,32,13.0,70,A
367822000,2020-08-19T10:53:56,36.97314,-76.43382,0.0,0.0,238.0,USNS SHUGHART,IMO7825394,NAOQ,70,5,276,32,13.0,70,A
367078110,2020-08-19T11:09:32,36.83854,-76.28197,0.0,202.0,511.0,MARCELLE BORDELON,IMO9350379,WDJ2038,79,3,45,11,3.0,79,A
305855000,2020-08-19T10:56:49,36.86427,-76.31477,0.0,204.2,226.0,BBC PEARL,IMO9504786,V2FY8,70,5,153,23,9.1,70,A
367821000,2020-08-19T10:56:07,36.97286,-76.43364,0.0,0.0,511.0,YANO,IMO7825409,NAQH,70,0,276,32,13.0,70,A
215677000,2020-08-19T11:00:00,37.23499,-76.11759,0.1,279.7,9.0,RIZE,IMO9584035,9HA2781,70,1,229,32,14.5,,A
215677000,2020-08-19T10:36:00,37.23498,-76.11737,0.1,279.7,0.0,RIZE,IMO9584035,9HA2781,70,1,229,32,14.5,,A
367821000,2020-08-19T10:57:27,36.97286,-76.43364,0.0,0.0,511.0,YANO,IMO7825409,NAQH,70,0,276,32,13.0,70,A
367861000,2020-08-19T11:15:00,36.94638,-76.32979,0.0,0.0,265.0,LARAMIE,IMO8906626,NLAR,80,5,193,29,,,A
367861000,2020-08-19T10:57:01,36.94640,-76.32983,0.0,0.0,265.0,LARAMIE,IMO8906626,NLAR,80,5,193,29,,,A
367078110,2020-08-19T11:14:22,36.83854,-76.28198,0.0,205.0,511.0,MARCELLE BORDELON,IMO9350379,WDJ2038,79,3,45,11,3.0,79,A
367078110,2020-08-19T10:57:33,36.83855,-76.28196,0.0,195.0,511.0,MARCELLE BORDELON,IMO9350379,WDJ2038,79,3,45,11,3.0,79,A
367822000,2020-08-19T10:56:56,36.97314,-76.43382,0.0,0.0,238.0,USNS SHUGHART,IMO7825394,NAOQ,70,5,276,32,13.0,70,A
366839000,2020-08-19T11:15:55,36.85349,-76.31082,0.0,0.0,39.0,CAPE RISE,IMO7530808,KAFG,70,5,197,32,10.0,,A
366839000,2020-08-19T10:57:55,36.85346,-76.31082,0.0,0.0,39.0,CAPE RISE,IMO7530808,KAFG,70,5,197,32,10.0,,A
477196100,2020-08-19T11:15:44,37.19477,-76.13469,0.0,291.9,29.0,DARYA MA,IMO9591674,VRJH5,70,1,229,32,14.5,,A
305855000,2020-08-19T11:17:46,36.86429,-76.31476,0.0,125.0,226.0,BBC PEARL,IMO9504786,V2FY8,70,5,153,23,9.1,70,A
366733250,2020-08-19T11:17:43,37.23569,-76.47069,8.1,92.3,511.0,ATLANTIC SURVEYOR,,WTR5417,70,15,31,7,,,A
538006982,2020-08-19T11:11:53,37.20409,-76.12336,0.1,270.2,16.0,ANTE TOPIC,IMO9737072,V7TR4,70,1,,,,,A
305855000,2020-08-19T10:59:49,36.86427,-76.31477,0.0,135.8,226.0,BBC PEARL,IMO9504786,V2FY8,70,5,153,23,9.1,70,A
477196100,2020-08-19T11:18:51,37.19483,-76.13474,0.1,291.9,31.0,DARYA MA,IMO9591674,VRJH5,70,1,229,32,14.5,,A
367821000,2020-08-19T11:01:17,36.97285,-76.43364,0.0,0.0,511.0,YANO,IMO7825409,NAQH,70,0,276,32,13.0,70,A
368026000,2020-08-19T11:00:21,36.86576,-76.31604,0.0,19.1,2.0,BENAVIDEZ,IMO9218210,NBHG,70,5,289,32,10.9,70,A
367822000,2020-08-19T10:38:55,36.97320,-76.43388,0.0,0.0,238.0,USNS SHUGHART,IMO7825394,NAOQ,70,5,276,32,13.0,70,A
366839000,2020-08-19T11:18:56,36.85350,-76.31079,0.0,0.0,39.0,CAPE RISE,IMO7530808,KAFG,70,5,197,32,10.0,,A
367078110,2020-08-19T11:00:03,36.83855,-76.28197,0.0,109.0,511.0,MARCELLE BORDELON,IMO9350379,WDJ2038,79,3,45,11,3.0,79,A
367821000,2020-08-19T11:15:48,36.97286,-76.43362,0.0,0.0,511.0,YANO,IMO7825409,NAQH,70,0,276,32,13.0,70,A
367821000,2020-08-19T11:02:27,36.97285,-76.43364,0.0,0.0,511.0,YANO,IMO7825409,NAQH,70,0,276,32,13.0,70,A
215677000,2020-08-19T11:15:00,37.23508,-76.11782,0.1,279.7,13.0,RIZE,IMO9584035,9HA2781,70,1,229,32,14.5,,A
367861000,2020-08-19T11:21:00,36.94640,-76.32975,0.0,0.0,265.0,LARAMIE,IMO8906626,NLAR,80,5,193,29,,,A
366733250,2020-08-19T11:20:01,37.23554,-76.46411,8.2,92.0,511.0,ATLANTIC SURVEYOR,,WTR5417,70,15,31,7,,,A
367078110,2020-08-19T11:21:43,36.83855,-76.28198,0.0,156.0,511.0,MARCELLE BORDELON,IMO9350379,WDJ2038,79,3,45,11,3.0,79,A
367078110,2020-08-19T11:02:23,36.83855,-76.28198,0.0,354.0,511.0,MARCELLE BORDELON,IMO9350379,WDJ2038,79,3,45,11,3.0,79,A
538002652,2020-08-19T11:20:29,37.17978,-76.11140,0.1,310.0,58.0,NAIAS,IMO9330800,V7KN8,70,1,225,32,14.0,70,A
367821000,2020-08-19T10:43:48,36.97285,-76.43364,0.0,0.0,511.0,YANO,IMO7825409,NAQH,70,0,276,32,13.0,70,A
367821000,2020-08-19T11:03:38,36.97285,-76.43364,0.0,0.0,511.0,YANO,IMO7825409,NAQH,70,0,276,32,13.0,70,A
367078110,2020-08-19T10:44:23,36.83855,-76.28198,0.0,32.0,511.0,MARCELLE BORDELON,IMO9350379,WDJ2038,79,3,45,11,3.0,79,A
368026000,2020-08-19T11:03:21,36.86577,-76.31604,0.0,19.1,2.0,BENAVIDEZ,IMO9218210,NBHG,70,5,289,32,10.9,70,A
305855000,2020-08-19T11:02:47,36.86425,-76.31477,0.0,140.5,226.0,BBC PEARL,IMO9504786,V2FY8,70,5,153,23,9.1,70,A
215677000,2020-08-19T11:05:55,37.23501,-76.11761,0.1,279.7,9.0,RIZE,IMO9584035,9HA2781,70,1,229,32,14.5,,A
215677000,2020-08-19T11:02:56,37.23500,-76.11758,0.0,279.7,9.0,RIZE,IMO9584035,9HA2781,70,1,229,32,14.5,,A
477196100,2020-08-19T11:03:45,37.19469,-76.13460,0.0,291.9,25.0,DARYA MA,IMO9591674,VRJH5,70,1,229,32,14.5,,A
305855000,2020-08-19T11:23:46,36.86428,-76.31476,0.0,125.0,226.0,BBC PEARL,IMO9504786,V2FY8,70,5,153,23,9.1,70,A
538002652,2020-08-19T11:23:29,37.17988,-76.11150,0.1,315.0,62.0,NAIAS,IMO9330800,V7KN8,70,1,225,32,14.0,70,A
215677000,2020-08-19T10:44:57,37.23499,-76.11757,0.1,279.7,5.0,RIZE,IMO9584035,9HA2781,70,1,229,32,14.5,,A
366733250,2020-08-19T11:22:51,37.23521,-76.45597,8.2,87.9,511.0,ATLANTIC SURVEYOR,,WTR5417,70,15,31,7,,,A
215677000,2020-08-19T11:23:56,37.23520,-76.11804,0.1,279.7,18.0,RIZE,IMO9584035,9HA2781,70,1,229,32,14.5,,A
215677000,2020-08-19T11:17:58,37.23512,-76.11789,0.1,279.7,14.0,RIZE,IMO9584035,9HA2781,70,1,229,32,14.5,,A
367822000,2020-08-19T11:23:55,36.97314,-76.43382,0.0,0.0,238.0,USNS SHUGHART,IMO7825394,NAOQ,70,5,276,32,13.0,70,A
367821000,2020-08-19T10:46:57,36.97286,-76.43365,0.0,0.0,511.0,YANO,IMO7825409,NAQH,70,0,276,32,13.0,70,A
538006982,2020-08-19T11:23:53,37.20419,-76.12351,0.0,140.8,26.0,ANTE TOPIC,IMO9737072,V7TR4,70,1,,,,,A
367821000,2020-08-19T11:04:47,36.97285,-76.43364,0.0,0.0,511.0,YANO,IMO7825409,NAQH,70,0,276,32,13.0,70,A
367821000,2020-08-19T11:19:37,36.97286,-76.43363,0.0,0.0,511.0,YANO,IMO7825409,NAQH,70,0,276,32,13.0,70,A
367821000,2020-08-19T11:24:58,36.97286,-76.43363,0.0,0.0,511.0,YANO,IMO7825409,NAQH,70,0,276,32,13.0,70,A
367821000,2020-08-19T11:05:57,36.97290,-76.43360,0.0,0.0,511.0,YANO,IMO7825409,NAQH,70,0,276,32,13.0,70,A
366839000,2020-08-19T10:45:58,36.85348,-76.31082,0.0,0.0,40.0,CAPE RISE,IMO7530808,KAFG,70,5,197,32,10.0,,A
366733250,2020-08-19T11:24:42,37.23572,-76.45085,8.2,90.2,511.0,ATLANTIC SURVEYOR,,WTR5417,70,15,31,7,,,A
538006982,2020-08-19T11:05:53,37.20402,-76.12320,0.1,262.5,10.0,ANTE TOPIC,IMO9737072,V7TR4,70,1,,,,,A
367861000,2020-08-19T11:09:01,36.94640,-76.32981,0.0,0.0,265.0,LARAMIE,IMO8906626,NLAR,80,5,193,29,,,A
367932000,2020-08-19T11:20:17,36.94922,-76.32971,0.0,107.0,279.0,JOHN LENTHALL,IMO8325547,NJLN,80,5,193,29,,,A
477196100,2020-08-19T11:21:44,37.19485,-76.13484,0.1,291.9,33.0,DARYA MA,IMO9591674,VRJH5,70,1,229,32,14.5,,A
305855000,2020-08-19T11:26:45,36.86427,-76.31476,0.0,125.0,226.0,BBC PEARL,IMO9504786,V2FY8,70,5,153,23,9.1,70,A
367821000,2020-08-19T11:27:58,36.97286,-76.43363,0.0,0.0,511.0,YANO,IMO7825409,NAQH,70,0,276,32,13.0,70,A
367821000,2020-08-19T11:26:47,36.97286,-76.43363,0.0,0.0,511.0,YANO,IMO7825409,NAQH,70,0,276,32,13.0,70,A
367821000,2020-08-19T11:22:18,36.97286,-76.43363,0.0,0.0,511.0,YANO,IMO7825409,NAQH,70,0,276,32,13.0,70,A
367932000,2020-08-19T10:47:17,36.94915,-76.32962,0.0,107.0,279.0,JOHN LENTHALL,IMO8325547,NJLN,80,5,193,29,,,A
367078110,2020-08-19T11:27:42,36.83855,-76.28198,0.0,47.0,511.0,MARCELLE BORDELON,IMO9350379,WDJ2038,79,3,45,11,3.0,79,A
538006982,2020-08-19T11:26:53,37.20425,-76.12359,0.0,299.1,31.0,ANTE TOPIC,IMO9737072,V7TR4,70,1,,,,,A
367861000,2020-08-19T11:24:00,36.94639,-76.32983,0.0,0.0,265.0,LARAMIE,IMO8906626,NLAR,80,5,193,29,,,A
366733250,2020-08-19T11:28:41,37.23558,-76.43953,8.0,91.0,511.0,ATLANTIC SURVEYOR,,WTR5417,70,15,31,7,,,A
367078110,2020-08-19T11:24:53,36.83855,-76.28198,0.0,301.0,511.0,MARCELLE BORDELON,IMO9350379,WDJ2038,79,3,45,11,3.0,79,A
305855000,2020-08-19T11:11:48,36.86428,-76.31479,0.0,143.1,226.0,BBC PEARL,IMO9504786,V2FY8,70,5,153,23,9.1,70,A
477196100,2020-08-19T11:27:46,37.19493,-76.13501,0.1,289.2,38.0,DARYA MA,IMO9591674,VRJH5,70,1,229,32,14.5,,A
366839000,2020-08-19T11:24:55,36.85349,-76.31079,0.0,0.0,39.0,CAPE RISE,IMO7530808,KAFG,70,5,197,32,10.0,,A
368026000,2020-08-19T11:12:20,36.86577,-76.31605,0.0,19.1,2.0,BENAVIDEZ,IMO9218210,NBHG,70,5,289,32,10.9,70,A
366839000,2020-08-19T10:51:55,36.85345,-76.31082,0.0,0.0,39.0,CAPE RISE,IMO7530808,KAFG,70,5,197,32,10.0,,A
367078110,2020-08-19T11:30:23,36.83855,-76.28198,0.0,150.0,511.0,MARCELLE BORDELON,IMO9350379,WDJ2038,79,3,45,11,3.0,79,A
538006982,2020-08-19T11:08:53,37.20407,-76.12327,0.0,260.3,12.0,ANTE TOPIC,IMO9737072,V7TR4,70,1,,,,,A
368026000,2020-08-19T11:09:20,36.86577,-76.31605,0.0,19.1,2.0,BENAVIDEZ,IMO9218210,NBHG,70,5,289,32,10.9,70,A
367821000,2020-08-19T11:31:17,36.97286,-76.43363,0.0,0.0,511.0,YANO,IMO7825409,NAQH,70,0,276,32,13.0,70,A
368026000,2020-08-19T10:54:21,36.86573,-76.31603,0.0,19.1,2.0,BENAVIDEZ,IMO9218210,NBHG,70,5,289,32,10.9,70,A
367078110,2020-08-19T11:31:33,36.83855,-76.28198,0.0,359.0,511.0,MARCELLE BORDELON,IMO9350379,WDJ2038,79,3,45,11,3.0,79,A
477196100,2020-08-19T11:30:48,37.19500,-76.13507,0.1,286.5,41.0,DARYA MA,IMO9591674,VRJH5,70,1,229,32,14.5,,A
366839000,2020-08-19T11:30:57,36.85348,-76.31082,0.0,0.0,39.0,CAPE RISE,IMO7530808,KAFG,70,5,197,32,10.0,,A
367821000,2020-08-19T11:32:28,36.97286,-76.43363,0.0,0.0,511.0,YANO,IMO7825409,NAQH,70,0,276,32,13.0,70,A
538002652,2020-08-19T11:32:28,37.18023,-76.11175,0.1,330.0,75.0,NAIAS,IMO9330800,V7KN8,70,1,225,32,14.0,70,A
366733250,2020-08-19T11:33:02,37.23660,-76.42759,7.9,81.5,511.0,ATLANTIC SURVEYOR,,WTR5417,70,15,31,7,,,A
367822000,2020-08-19T11:32:55,36.97314,-76.43382,0.0,0.0,238.0,USNS SHUGHART,IMO7825394,NAOQ,70,5,276,32,13.0,70,A
367822000,2020-08-19T11:14:55,36.97314,-76.43382,0.0,0.0,238.0,USNS SHUGHART,IMO7825394,NAOQ,70,5,276,32,13.0,70,A
367932000,2020-08-19T11:32:18,36.94921,-76.32964,0.0,107.0,279.0,JOHN LENTHALL,IMO8325547,NJLN,80,5,193,29,,,A
367078110,2020-08-19T11:32:43,36.83855,-76.28198,0.0,245.0,511.0,MARCELLE BORDELON,IMO9350379,WDJ2038,79,3,45,11,3.0,79,A
305855000,2020-08-19T11:14:47,36.86430,-76.31476,0.0,136.9,226.0,BBC PEARL,IMO9504786,V2FY8,70,5,153,23,9.1,70,A
367822000,2020-08-19T11:29:56,36.97314,-76.43383,0.0,0.0,238.0,USNS SHUGHART,IMO7825394,NAOQ,70,5,276,32,13.0,70,A
367861000,2020-08-19T11:30:00,36.94637,-76.32982,0.0,0.0,265.0,LARAMIE,IMO8906626,NLAR,80,5,193,29,,,A
367078110,2020-08-19T11:17:14,36.83854,-76.28198,0.0,180.0,511.0,MARCELLE BORDELON,IMO9350379,WDJ2038,79,3,45,11,3.0,79,A
215677000,2020-08-19T10:56:55,37.23500,-76.11760,0.1,279.7,9.0,RIZE,IMO9584035,9HA2781,70,1,229,32,14.5,,A
367078110,2020-08-19T11:13:13,36.83854,-76.28198,0.0,0.0,511.0,MARCELLE BORDELON,IMO9350379,WDJ2038,79,3,45,11,3.0,79,A
367932000,2020-08-19T11:17:17,36.94928,-76.32966,0.0,107.0,279.0,JOHN LENTHALL,IMO8325547,NJLN,80,5,193,29,,,A
366839000,2020-08-19T11:13:00,36.85347,-76.31083,0.0,0.0,39.0,CAPE RISE,IMO7530808,KAFG,70,5,197,32,10.0,,A
368026000,2020-08-19T11:18:21,36.86574,-76.31603,0.0,19.1,2.0,BENAVIDEZ,IMO9218210,NBHG,70,5,289,32,10.9,70,A
367821000,2020-08-19T11:37:57,36.97286,-76.43363,0.0,0.0,511.0,YANO,IMO7825409,NAQH,70,0,276,32,13.0,70,A
366733250,2020-08-19T11:18:51,37.23562,-76.46741,8.2,91.4,511.0,ATLANTIC SURVEYOR,,WTR5417,70,15,31,7,,,A
367078110,2020-08-19T11:18:22,36.83854,-76.28199,0.0,28.0,511.0,MARCELLE BORDELON,IMO9350379,WDJ2038,79,3,45,11,3.0,79,A
367822000,2020-08-19T11:35:55,36.97314,-76.43382,0.0,0.0,238.0,USNS SHUGHART,IMO7825394,NAOQ,70,5,276,32,13.0,70,A
367932000,2020-08-19T10:59:16,36.94915,-76.32968,0.0,107.0,279.0,JOHN LENTHALL,IMO8325547,NJLN,80,5,193,29,,,A
538006982,2020-08-19T10:59:53,37.20402,-76.12316,0.0,150.8,10.0,ANTE TOPIC,IMO9737072,V7TR4,70,1,,,,,A
367078110,2020-08-19T11:19:53,36.83854,-76.28198,0.0,69.0,511.0,MARCELLE BORDELON,IMO9350379,WDJ2038,79,3,45,11,3.0,79,A
368026000,2020-08-19T11:36:20,36.86576,-76.31604,0.0,19.1,2.0,BENAVIDEZ,IMO9218210,NBHG,70,5,289,32,10.9,70,A
366839000,2020-08-19T11:36:58,36.85351,-76.31083,0.0,0.0,39.0,CAPE RISE,IMO7530808,KAFG,70,5,197,32,10.0,,A
367078110,2020-08-19T11:38:53,36.83854,-76.28197,0.0,321.0,511.0,MARCELLE BORDELON,IMO9350379,WDJ2038,79,3,45,11,3.0,79,A
215677000,2020-08-19T11:32:57,37.23536,-76.11833,0.1,298.1,28.0,RIZE,IMO9584035,9HA2781,70,1,229,32,14.5,,A
367822000,2020-08-19T11:20:55,36.97314,-76.43382,0.0,0.0,238.0,USNS SHUGHART,IMO7825394,NAOQ,70,5,276,32,13.0,70,A
366839000,2020-08-19T11:01:00,36.85348,-76.31082,0.0,0.0,39.0,CAPE RISE,IMO7530808,KAFG,70,5,197,32,10.0,,A
305855000,2020-08-19T11:38:46,36.86429,-76.31477,0.0,117.8,226.0,BBC PEARL,IMO9504786,V2FY8,70,5,153,23,9.1,70,A
538006982,2020-08-19T11:20:53,37.20412,-76.12344,0.0,140.8,23.0,ANTE TOPIC,IMO9737072,V7TR4,70,1,,,,,A
367078110,2020-08-19T11:34:13,36.83854,-76.28198,0.0,14.0,511.0,MARCELLE BORDELON,IMO9350379,WDJ2038,79,3,45,11,3.0,79,A
367821000,2020-08-19T11:20:47,36.97286,-76.43363,0.0,0.0,511.0,YANO,IMO7825409,NAQH,70,0,276,32,13.0,70,A
366839000,2020-08-19T11:21:57,36.85351,-76.31083,0.0,0.0,39.0,CAPE RISE,IMO7530808,KAFG,70,5,197,32,10.0,,A
367821000,2020-08-19T11:40:37,36.97289,-76.43363,0.0,0.0,511.0,YANO,IMO7825409,NAQH,70,0,276,32,13.0,70,A
477196100,2020-08-19T11:33:47,37.19509,-76.13517,0.1,318.3,45.0,DARYA MA,IMO9591674,VRJH5,70,1,229,32,14.5,,A
538002652,2020-08-19T11:38:31,37.18058,-76.11190,0.2,348.0,87.0,NAIAS,IMO9330800,V7KN8,70,1,225,32,14.0,70,A
367078110,2020-08-19T11:23:32,36.83855,-76.28198,0.0,91.0,511.0,MARCELLE BORDELON,IMO9350379,WDJ2038,79,3,45,11,3.0,79,A
367821000,2020-08-19T11:17:07,36.97286,-76.43363,0.0,0.0,511.0,YANO,IMO7825409,NAQH,70,0,276,32,13.0,70,A
538006982,2020-08-19T11:17:53,37.20411,-76.12341,0.0,140.8,21.0,ANTE TOPIC,IMO9737072,V7TR4,70,1,,,,,A
305855000,2020-08-19T11:35:47,36.86429,-76.31476,0.0,128.5,226.0,BBC PEARL,IMO9504786,V2FY8,70,5,153,23,9.1,70,A
367932000,2020-08-19T11:35:17,36.94918,-76.32965,0.0,107.0,279.0,JOHN LENTHALL,IMO8325547,NJLN,80,5,193,29,,,A
538002652,2020-08-19T11:17:28,37.17972,-76.11128,0.1,303.0,54.0,NAIAS,IMO9330800,V7KN8,70,1,225,32,14.0,70,A
366839000,2020-08-19T11:42:57,36.85348,-76.31083,0.0,0.0,39.0,CAPE RISE,IMO7530808,KAFG,70,5,197,32,10.0,,A
367932000,2020-08-19T11:41:18,36.94919,-76.32963,0.0,107.0,279.0,JOHN LENTHALL,IMO8325547,NJLN,80,5,193,29,,,A
367932000,2020-08-19T11:05:18,36.94915,-76.32962,0.0,107.0,279.0,JOHN LENTHALL,IMO8325547,NJLN,80,5,193,29,,,A
215677000,2020-08-19T11:26:57,37.23525,-76.11812,0.1,279.7,21.0,RIZE,IMO9584035,9HA2781,70,1,229,32,14.5,,A
538006982,2020-08-19T11:41:53,37.20463,-76.12397,0.2,323.1,49.0,ANTE TOPIC,IMO9737072,V7TR4,70,1,,,,,A
366733250,2020-08-19T11:44:32,37.24044,-76.39579,7.6,86.3,511.0,ATLANTIC SURVEYOR,,WTR5417,70,15,31,7,,,A
367861000,2020-08-19T11:06:01,36.94644,-76.32979,0.0,0.0,265.0,LARAMIE,IMO8906626,NLAR,80,5,193,29,,,A
367932000,2020-08-19T11:26:17,36.94918,-76.32961,0.0,107.0,279.0,JOHN LENTHALL,IMO8325547,NJLN,80,5,193,29,,,A
305855000,2020-08-19T11:20:48,36.86429,-76.31476,0.0,125.0,226.0,BBC PEARL,IMO9504786,V2FY8,70,5,153,23,9.1,70,A
366733250,2020-08-19T11:21:42,37.23531,-76.45924,8.2,94.7,511.0,ATLANTIC SURVEYOR,,WTR5417,70,15,31,7,,,A
366839000,2020-08-19T11:40:01,36.85348,-76.31080,0.0,0.0,39.0,CAPE RISE,IMO7530808,KAFG,70,5,197,32,10.0,,A
367861000,2020-08-19T11:42:01,36.94637,-76.32980,0.0,0.0,265.0,LARAMIE,IMO8906626,NLAR,80,5,193,29,,,A
367821000,2020-08-19T11:29:07,36.97286,-76.43363,0.0,0.0,511.0,YANO,IMO7825409,NAQH,70,0,276,32,13.0,70,A
367078110,2020-08-19T11:08:12,36.83854,-76.28197,0.0,144.0,511.0,MARCELLE BORDELON,IMO9350379,WDJ2038,79,3,45,11,3.0,79,A
367078110,2020-08-19T11:47:02,36.83854,-76.28198,0.0,3.0,511.0,MARCELLE BORDELON,IMO9350379,WDJ2038,79,3,45,11,3.0,79,A
538002652,2020-08-19T11:26:31,37.17997,-76.11160,0.1,319.0,66.0,NAIAS,IMO9330800,V7KN8,70,1,225,32,14.0,70,A
477196100,2020-08-19T11:45:47,37.19556,-76.13559,0.2,326.8,65.0,DARYA MA,IMO9591674,VRJH5,70,1,229,32,14.5,,A
366839000,2020-08-19T11:46:00,36.85346,-76.31080,0.0,0.0,39.0,CAPE RISE,IMO7530808,KAFG,70,5,197,32,10.0,,A
368026000,2020-08-19T11:30:20,36.86573,-76.31603,0.0,19.1,2.0,BENAVIDEZ,IMO9218210,NBHG,70,5,289,32,10.9,70,A
367821000,2020-08-19T11:23:37,36.97286,-76.43363,0.0,0.0,511.0,YANO,IMO7825409,NAQH,70,0,276,32,13.0,70,A
367078110,2020-08-19T11:10:42,36.83854,-76.28198,0.0,260.0,511.0,MARCELLE BORDELON,IMO9350379,WDJ2038,79,3,45,11,3.0,79,A
367359930,2020-08-19T11:46:01,36.82403,-76.28906,0.0,2.8,511.0,SUNNY WILLIAMS,,WDE4940,80,0,25,8,,80,A
305855000,2020-08-19T11:44:49,36.86428,-76.31477,0.0,130.3,226.0,BBC PEARL,IMO9504786,V2FY8,70,5,153,23,9.1,70,A
366733250,2020-08-19T11:27:21,37.23560,-76.44327,8.0,90.6,511.0,ATLANTIC SURVEYOR,,WTR5417,70,15,31,7,,,A
367821000,2020-08-19T11:11:47,36.97286,-76.43361,0.0,0.0,511.0,YANO,IMO7825409,NAQH,70,0,276,32,13.0,70,A
305855000,2020-08-19T11:32:49,36.86427,-76.31476,0.0,117.4,226.0,BBC PEARL,IMO9504786,V2FY8,70,5,153,23,9.1,70,A
215677000,2020-08-19T11:11:57,37.23505,-76.11775,0.1,279.7,11.0,RIZE,IMO9584035,9HA2781,70,1,229,32,14.5,,A
368026000,2020-08-19T11:45:21,36.86577,-76.31605,0.0,19.1,2.0,BENAVIDEZ,IMO9218210,NBHG,70,5,289,32,10.9,70,A
367822000,2020-08-19T11:11:56,36.97315,-76.43380,0.0,0.0,238.0,USNS SHUGHART,IMO7825394,NAOQ,70,5,276,32,13.0,70,A
367932000,2020-08-19T11:11:17,36.94922,-76.32962,0.0,107.0,279.0,JOHN LENTHALL,IMO8325547,NJLN,80,5,193,29,,,A
538002652,2020-08-19T11:29:30,37.18008,-76.11167,0.1,329.0,70.0,NAIAS,IMO9330800,V7KN8,70,1,225,32,14.0,70,A
367821000,2020-08-19T11:12:57,36.97285,-76.43362,0.0,0.0,511.0,YANO,IMO7825409,NAQH,70,0,276,32,13.0,70,A
477196100,2020-08-19T11:12:50,37.19478,-76.13463,0.1,291.9,27.0,DARYA MA,IMO9591674,VRJH5,70,1,229,32,14.5,,A
366733250,2020-08-19T11:34:22,37.23706,-76.42392,8.0,79.7,511.0,ATLANTIC SURVEYOR,,WTR5417,70,15,31,7,,,A
367359930,2020-08-19T11:49:31,36.82404,-76.28908,0.0,2.8,511.0,SUNNY WILLIAMS,,WDE4940,80,0,25,8,,80,A
368026000,2020-08-19T11:27:21,36.86577,-76.31605,0.0,19.1,2.0,BENAVIDEZ,IMO9218210,NBHG,70,5,289,32,10.9,70,A
368026000,2020-08-19T11:48:22,36.86576,-76.31605,0.0,19.1,2.0,BENAVIDEZ,IMO9218210,NBHG,70,5,289,32,10.9,70,A
367861000,2020-08-19T11:27:01,36.94638,-76.32978,0.0,0.0,265.0,LARAMIE,IMO8906626,NLAR,80,5,193,29,,,A
538006982,2020-08-19T11:47:53,37.20480,-76.12417,0.1,207.7,64.0,ANTE TOPIC,IMO9737072,V7TR4,70,1,,,,,A
367078110,2020-08-19T11:49:43,36.83854,-76.28198,0.0,308.0,511.0,MARCELLE BORDELON,IMO9350379,WDJ2038,79,3,45,11,3.0,79,A
366733250,2020-08-19T11:48:32,37.24096,-76.38521,7.5,86.1,511.0,ATLANTIC SURVEYOR,,WTR5417,70,15,31,7,,,A
366733250,2020-08-19T11:31:42,37.23615,-76.43123,7.9,81.1,511.0,ATLANTIC SURVEYOR,,WTR5417,70,15,31,7,,,A
366839000,2020-08-19T11:52:01,36.85350,-76.31083,0.0,0.0,39.0,CAPE RISE,IMO7530808,KAFG,70,5,197,32,10.0,,A
367861000,2020-08-19T11:51:01,36.94641,-76.32983,0.0,0.0,265.0,LARAMIE,IMO8906626,NLAR,80,5,193,29,,,A
367932000,2020-08-19T11:50:18,36.94915,-76.32965,0.0,107.0,279.0,JOHN LENTHALL,IMO8325547,NJLN,80,5,193,29,,,A
538006982,2020-08-19T11:50:53,37.20478,-76.12424,0.0,275.1,65.0,ANTE TOPIC,IMO9737072,V7TR4,70,1,,,,,A
367078110,2020-08-19T11:15:32,36.83854,-76.28198,0.0,180.0,511.0,MARCELLE BORDELON,IMO9350379,WDJ2038,79,3,45,11,3.0,79,A
538002652,2020-08-19T11:53:32,37.18157,-76.11193,0.2,16.0,114.0,NAIAS,IMO9330800,V7KN8,70,1,225,32,14.0,70,A
367932000,2020-08-19T11:29:17,36.94915,-76.32963,0.0,107.0,279.0,JOHN LENTHALL,IMO8325547,NJLN,80,5,193,29,,,A
215677000,2020-08-19T11:29:58,37.23531,-76.11822,0.1,279.7,24.0,RIZE,IMO9584035,9HA2781,70,1,229,32,14.5,,A
367861000,2020-08-19T11:36:00,36.94642,-76.32978,0.0,0.0,265.0,LARAMIE,IMO8906626,NLAR,80,5,193,29,,,A
538006982,2020-08-19T11:14:53,37.20411,-76.12340,0.0,262.5,19.0,ANTE TOPIC,IMO9737072,V7TR4,70,1,,,,,A
367078110,2020-08-19T11:37:33,36.83854,-76.28198,0.0,313.0,511.0,MARCELLE BORDELON,IMO9350379,WDJ2038,79,3,45,11,3.0,79,A
366733250,2020-08-19T11:38:21,37.23854,-76.41282,8.1,80.6,511.0,ATLANTIC SURVEYOR,,WTR5417,70,15,31,7,,,A
215677000,2020-08-19T11:51:00,37.23577,-76.11852,0.1,337.9,53.0,RIZE,IMO9584035,9HA2781,70,1,229,32,14.5,,A
367861000,2020-08-19T11:33:01,36.94639,-76.32985,0.0,0.0,265.0,LARAMIE,IMO8906626,NLAR,80,5,193,29,,,A
367359930,2020-08-19T11:47:12,36.82406,-76.28907,0.0,2.8,511.0,SUNNY WILLIAMS,,WDE4940,80,0,25,8,,80,A
367821000,2020-08-19T11:54:27,36.97285,-76.43365,0.0,0.0,511.0,YANO,IMO7825409,NAQH,70,0,276,32,13.0,70,A
367821000,2020-08-19T11:35:17,36.97286,-76.43363,0.0,0.0,511.0,YANO,IMO7825409,NAQH,70,0,276,32,13.0,70,A
367822000,2020-08-19T11:17:55,36.97314,-76.43382,0.0,0.0,238.0,USNS SHUGHART,IMO7825394,NAOQ,70,5,276,32,13.0,70,A
367821000,2020-08-19T11:33:57,36.97286,-76.43363,0.0,0.0,511.0,YANO,IMO7825409,NAQH,70,0,276,32,13.0,70,A
215677000,2020-08-19T11:38:55,37.23545,-76.11852,0.1,297.2,34.0,RIZE,IMO9584035,9HA2781,70,1,229,32,14.5,,A
367861000,2020-08-19T11:48:01,36.94637,-76.32981,0.0,0.0,265.0,LARAMIE,IMO8906626,NLAR,80,5,193,29,,,A
367821000,2020-08-19T11:36:38,36.97286,-76.43363,0.0,0.0,511.0,YANO,IMO7825409,NAQH,70,0,276,32,13.0,70,A
366839000,2020-08-19T11:34:00,36.85350,-76.31082,0.0,0.0,39.0,CAPE RISE,IMO7530808,KAFG,70,5,197,32,10.0,,A
366839000,2020-08-19T11:49:00,36.85346,-76.31078,0.0,0.0,39.0,CAPE RISE,IMO7530808,KAFG,70,5,197,32,10.0,,A
367078110,2020-08-19T11:35:33,36.83855,-76.28198,0.0,292.0,511.0,MARCELLE BORDELON,IMO9350379,WDJ2038,79,3,45,11,3.0,79,A
367821000,2020-08-19T11:41:57,36.97286,-76.43363,0.0,0.0,511.0,YANO,IMO7825409,NAQH,70,0,276,32,13.0,70,A
538002652,2020-08-19T11:41:30,37.18077,-76.11195,0.2,353.0,93.0,NAIAS,IMO9330800,V7KN8,70,1,225,32,14.0,70,A
368026000,2020-08-19T11:57:21,36.86575,-76.31603,0.0,19.1,2.0,BENAVIDEZ,IMO9218210,NBHG,70,5,289,32,10.9,70,A
366733250,2020-08-19T11:37:11,37.23811,-76.41608,8.1,80.9,511.0,ATLANTIC SURVEYOR,,WTR5417,70,15,31,7,,,A
366733250,2020-08-19T11:59:12,37.23888,-76.35821,7.5,111.3,511.0,ATLANTIC SURVEYOR,,WTR5417,70,15,31,7,,,A
215677000,2020-08-19T11:41:59,37.23552,-76.11853,0.1,297.2,37.0,RIZE,IMO9584035,9HA2781,70,1,229,32,14.5,,A
367822000,2020-08-19T11:38:55,36.97314,-76.43383,0.0,0.0,238.0,USNS SHUGHART,IMO7825394,NAOQ,70,5,276,32,13.0,70,A
368026000,2020-08-19T11:21:21,36.86576,-76.31603,0.0,19.1,2.0,BENAVIDEZ,IMO9218210,NBHG,70,5,289,32,10.9,70,A
367078110,2020-08-19T11:43:52,36.83854,-76.28198,0.0,136.0,511.0,MARCELLE BORDELON,IMO9350379,WDJ2038,79,3,45,11,3.0,79,A
368026000,2020-08-19T11:39:21,36.86576,-76.31603,0.0,19.1,2.0,BENAVIDEZ,IMO9218210,NBHG,70,5,289,32,10.9,70,A
368026000,2020-08-19T12:00:20,36.86577,-76.31605,0.0,19.1,2.0,BENAVIDEZ,IMO9218210,NBHG,70,5,289,32,10.9,70,A
367821000,2020-08-19T11:39:27,36.97286,-76.43363,0.0,0.0,511.0,YANO,IMO7825409,NAQH,70,0,276,32,13.0,70,A
367359930,2020-08-19T11:58:52,36.82405,-76.28909,0.0,2.8,511.0,SUNNY WILLIAMS,,WDE4940,80,0,25,8,,80,A
367861000,2020-08-19T11:45:00,36.94640,-76.32983,0.0,0.0,265.0,LARAMIE,IMO8906626,NLAR,80,5,193,29,,,A
538002652,2020-08-19T11:44:28,37.18098,-76.11197,0.2,357.0,99.0,NAIAS,IMO9330800,V7KN8,70,1,225,32,14.0,70,A
477196100,2020-08-19T11:39:45,37.19531,-76.13537,0.2,317.5,54.0,DARYA MA,IMO9591674,VRJH5,70,1,229,32,14.5,,A
366733250,2020-08-19T11:42:02,37.23989,-76.40259,7.9,83.2,511.0,ATLANTIC SURVEYOR,,WTR5417,70,15,31,7,,,A
367861000,2020-08-19T12:00:01,36.94640,-76.32981,0.0,0.0,265.0,LARAMIE,IMO8906626,NLAR,80,5,193,29,,,A
215677000,2020-08-19T11:59:55,37.23591,-76.11849,0.1,4.3,56.0,RIZE,IMO9584035,9HA2781,70,1,229,32,14.5,,A
367822000,2020-08-19T11:41:56,36.97314,-76.43383,0.0,0.0,238.0,USNS SHUGHART,IMO7825394,NAOQ,70,5,276,32,13.0,70,A
367821000,2020-08-19T11:57:18,36.97285,-76.43365,0.0,0.0,511.0,YANO,IMO7825409,NAQH,70,0,276,32,13.0,70,A
367932000,2020-08-19T11:59:17,36.94919,-76.32968,0.0,107.0,279.0,JOHN LENTHALL,IMO8325547,NJLN,80,5,193,29,,,A
366733250,2020-08-19T11:43:12,37.24015,-76.39937,7.9,83.0,511.0,ATLANTIC SURVEYOR,,WTR5417,70,15,31,7,,,A
367078110,2020-08-19T11:45:23,36.83854,-76.28198,0.0,213.0,511.0,MARCELLE BORDELON,IMO9350379,WDJ2038,79,3,45,11,3.0,79,A
477196100,2020-08-19T11:42:42,37.19544,-76.13549,0.2,322.0,60.0,DARYA MA,IMO9591674,VRJH5,70,1,229,32,14.5,,A
367821000,2020-08-19T11:43:18,36.97286,-76.43363,0.0,0.0,511.0,YANO,IMO7825409,NAQH,70,0,276,32,13.0,70,A
366839000,2020-08-19T12:00:58,36.85348,-76.31086,0.0,0.0,39.0,CAPE RISE,IMO7530808,KAFG,70,5,197,32,10.0,,A
366733250,2020-08-19T11:26:12,37.23565,-76.44652,8.1,91.3,511.0,ATLANTIC SURVEYOR,,WTR5417,70,15,31,7,,,A
367822000,2020-08-19T11:44:56,36.97308,-76.43385,0.0,0.0,238.0,USNS SHUGHART,IMO7825394,NAOQ,70,5,276,32,13.0,70,A
366733250,2020-08-19T12:02:22,37.23649,-76.35045,7.5,111.2,511.0,ATLANTIC SURVEYOR,,WTR5417,70,15,31,7,,,A
305855000,2020-08-19T11:56:47,36.86428,-76.31478,0.0,139.7,227.0,BBC PEARL,IMO9504786,V2FY8,70,5,153,23,9.1,70,A
305855000,2020-08-19T11:41:46,36.86429,-76.31477,0.0,22.6,226.0,BBC PEARL,IMO9504786,V2FY8,70,5,153,23,9.1,70,A
367932000,2020-08-19T11:56:17,36.94917,-76.32963,0.0,107.0,279.0,JOHN LENTHALL,IMO8325547,NJLN,80,5,193,29,,,A
215677000,2020-08-19T12:02:57,37.23601,-76.11859,0.1,306.7,59.0,RIZE,IMO9584035,9HA2781,70,1,229,32,14.5,,A
366839000,2020-08-19T11:57:59,36.85348,-76.31079,0.0,0.0,39.0,CAPE RISE,IMO7530808,KAFG,70,5,197,32,10.0,,A
538006982,2020-08-19T12:02:53,37.20496,-76.12432,0.1,338.9,72.0,ANTE TOPIC,IMO9737072,V7TR4,70,1,,,,,A
367821000,2020-08-19T12:03:38,36.97284,-76.43365,0.0,0.0,511.0,YANO,IMO7825409,NAQH,70,0,276,32,13.0,70,A
367078110,2020-08-19T12:03:33,36.83854,-76.28198,0.0,252.0,511.0,MARCELLE BORDELON,IMO9350379,WDJ2038,79,3,45,11,3.0,79,A
366733250,2020-08-19T12:03:32,37.23557,-76.34759,7.6,112.0,511.0,ATLANTIC SURVEYOR,,WTR5417,70,15,31,7,,,A
366839000,2020-08-19T12:03:56,36.85350,-76.31087,0.0,0.0,39.0,CAPE RISE,IMO7530808,KAFG,70,5,197,32,10.0,,A
367821000,2020-08-19T12:04:57,36.97284,-76.43365,0.0,0.0,511.0,YANO,IMO7825409,NAQH,70,0,276,32,13.0,70,A
367822000,2020-08-19T11:47:55,36.97312,-76.43384,0.0,0.0,238.0,USNS SHUGHART,IMO7825394,NAOQ,70,5,276,32,13.0,70,A
367932000,2020-08-19T11:44:16,36.94911,-76.32965,0.0,107.0,279.0,JOHN LENTHALL,IMO8325547,NJLN,80,5,193,29,,,A
366733250,2020-08-19T11:30:02,37.23571,-76.43580,7.9,85.0,511.0,ATLANTIC SURVEYOR,,WTR5417,70,15,31,7,,,A
215677000,2020-08-19T12:06:00,37.23605,-76.11866,0.1,314.4,63.0,RIZE,IMO9584035,9HA2781,70,1,229,32,14.5,,A
367359930,2020-08-19T12:04:30,36.82406,-76.28908,0.0,2.8,511.0,SUNNY WILLIAMS,,WDE4940,80,0,25,8,,80,A
367932000,2020-08-19T12:05:16,36.94903,-76.32958,0.0,107.0,279.0,JOHN LENTHALL,IMO8325547,NJLN,80,5,193,29,,,A
366733250,2020-08-19T11:51:22,37.24101,-76.37776,7.5,88.4,511.0,ATLANTIC SURVEYOR,,WTR5417,70,15,31,7,,,A
538006982,2020-08-19T12:05:53,37.20504,-76.12439,0.1,325.2,76.0,ANTE TOPIC,IMO9737072,V7TR4,70,1,,,,,A
538002652,2020-08-19T11:47:31,37.18118,-76.11197,0.2,3.0,104.0,NAIAS,IMO9330800,V7KN8,70,1,225,32,14.0,70,A
367821000,2020-08-19T11:48:38,36.97285,-76.43364,0.0,0.0,511.0,YANO,IMO7825409,NAQH,70,0,276,32,13.0,70,A
477196100,2020-08-19T11:48:48,37.19570,-76.13567,0.2,330.3,70.0,DARYA MA,IMO9591674,VRJH5,70,1,229,32,14.5,,A
367078110,2020-08-19T11:48:23,36.83854,-76.28198,0.0,359.0,511.0,MARCELLE BORDELON,IMO9350379,WDJ2038,79,3,45,11,3.0,79,A
367078110,2020-08-19T12:06:03,36.83855,-76.28198,0.0,67.0,511.0,MARCELLE BORDELON,IMO9350379,WDJ2038,79,3,45,11,3.0,79,A
305855000,2020-08-19T11:29:48,36.86428,-76.31475,0.0,125.0,226.0,BBC PEARL,IMO9504786,V2FY8,70,5,153,23,9.1,70,A
538006982,2020-08-19T11:29:53,37.20428,-76.12364,0.0,314.5,33.0,ANTE TOPIC,IMO9737072,V7TR4,70,1,,,,,A
367359930,2020-08-19T11:48:21,36.82405,-76.28907,0.0,2.8,511.0,SUNNY WILLIAMS,,WDE4940,80,0,25,8,,80,A
305855000,2020-08-19T11:59:48,36.86428,-76.31475,0.0,136.4,227.0,BBC PEARL,IMO9504786,V2FY8,70,5,153,23,9.1,70,A
367932000,2020-08-19T11:47:17,36.94916,-76.32959,0.0,107.0,279.0,JOHN LENTHALL,IMO8325547,NJLN,80,5,193,29,,,A
367932000,2020-08-19T12:08:17,36.94908,-76.32956,0.0,107.0,279.0,JOHN LENTHALL,IMO8325547,NJLN,80,5,193,29,,,A
367078110,2020-08-19T12:07:23,36.83855,-76.28199,0.0,330.0,511.0,MARCELLE BORDELON,IMO9350379,WDJ2038,79,3,45,11,3.0,79,A
305855000,2020-08-19T12:08:46,36.86433,-76.31475,0.0,83.5,226.0,BBC PEARL,IMO9504786,V2FY8,70,5,153,23,9.1,70,A
367078110,2020-08-19T12:08:33,36.83855,-76.28199,0.0,23.0,511.0,MARCELLE BORDELON,IMO9350379,WDJ2038,79,3,45,11,3.0,79,A
366733250,2020-08-19T12:01:12,37.23737,-76.35328,7.6,111.0,511.0,ATLANTIC SURVEYOR,,WTR5417,70,15,31,7,,,A
305855000,2020-08-19T11:47:46,36.86427,-76.31476,0.0,123.9,226.0,BBC PEARL,IMO9504786,V2FY8,70,5,153,23,9.1,70,A
366733250,2020-08-19T12:09:21,37.23111,-76.33303,7.7,111.1,511.0,ATLANTIC SURVEYOR,,WTR5417,70,15,31,7,,,A
368026000,2020-08-19T11:33:20,36.86573,-76.31603,0.0,19.1,2.0,BENAVIDEZ,IMO9218210,NBHG,70,5,289,32,10.9,70,A
367078110,2020-08-19T11:54:23,36.83855,-76.28198,0.0,326.0,511.0,MARCELLE BORDELON,IMO9350379,WDJ2038,79,3,45,11,3.0,79,A
367359930,2020-08-19T11:51:31,36.82403,-76.28906,0.1,2.8,511.0,SUNNY WILLIAMS,,WDE4940,80,0,25,8,,80,A
538002652,2020-08-19T11:50:29,37.18138,-76.11197,0.2,6.0,109.0,NAIAS,IMO9330800,V7KN8,70,1,225,32,14.0,70,A
367359930,2020-08-19T12:03:22,36.82405,-76.28907,0.0,2.8,511.0,SUNNY WILLIAMS,,WDE4940,80,0,25,8,,80,A
367861000,2020-08-19T12:03:01,36.94638,-76.32982,0.0,0.0,265.0,LARAMIE,IMO8906626,NLAR,80,5,193,29,,,A
367078110,2020-08-19T11:52:23,36.83855,-76.28198,0.0,274.0,511.0,MARCELLE BORDELON,IMO9350379,WDJ2038,79,3,45,11,3.0,79,A
367078110,2020-08-19T12:09:43,36.83855,-76.28198,0.0,352.0,511.0,MARCELLE BORDELON,IMO9350379,WDJ2038,79,3,45,11,3.0,79,A
215677000,2020-08-19T11:54:01,37.23584,-76.11847,0.1,337.9,54.0,RIZE,IMO9584035,9HA2781,70,1,229,32,14.5,,A
538002652,2020-08-19T12:11:28,37.18230,-76.11133,0.1,43.0,139.0,NAIAS,IMO9330800,V7KN8,70,1,225,32,14.0,70,A
367821000,2020-08-19T11:55:48,36.97285,-76.43365,0.0,0.0,511.0,YANO,IMO7825409,NAQH,70,0,276,32,13.0,70,A
305855000,2020-08-19T11:53:47,36.86429,-76.31478,0.0,135.1,226.0,BBC PEARL,IMO9504786,V2FY8,70,5,153,23,9.1,70,A
538006982,2020-08-19T11:53:53,37.20477,-76.12428,0.0,275.1,66.0,ANTE TOPIC,IMO9737072,V7TR4,70,1,,,,,A
367821000,2020-08-19T11:50:17,36.97285,-76.43364,0.0,0.0,511.0,YANO,IMO7825409,NAQH,70,0,276,32,13.0,70,A
538002652,2020-08-19T11:35:30,37.18040,-76.11183,0.2,340.0,81.0,NAIAS,IMO9330800,V7KN8,70,1,225,32,14.0,70,A
367821000,2020-08-19T12:12:17,36.97284,-76.43365,0.0,0.0,511.0,YANO,IMO7825409,NAQH,70,0,276,32,13.0,70,A
366733250,2020-08-19T11:35:32,37.23749,-76.42068,8.1,81.1,511.0,ATLANTIC SURVEYOR,,WTR5417,70,15,31,7,,,A
368026000,2020-08-19T12:12:20,36.86576,-76.31603,0.0,19.1,2.0,BENAVIDEZ,IMO9218210,NBHG,70,5,289,32,10.9,70,A
367359930,2020-08-19T12:10:30,36.82404,-76.28907,0.0,2.8,511.0,SUNNY WILLIAMS,,WDE4940,80,0,25,8,,80,A
367822000,2020-08-19T11:50:56,36.97313,-76.43385,0.0,0.0,238.0,USNS SHUGHART,IMO7825394,NAOQ,70,5,276,32,13.0,70,A
366733250,2020-08-19T12:04:41,37.23466,-76.34469,7.6,110.9,511.0,ATLANTIC SURVEYOR,,WTR5417,70,15,31,7,,,A
366733250,2020-08-19T11:57:32,37.24008,-76.36223,7.2,107.3,511.0,ATLANTIC SURVEYOR,,WTR5417,70,15,31,7,,,A
367861000,2020-08-19T12:12:00,36.94640,-76.32985,0.0,0.0,265.0,LARAMIE,IMO8906626,NLAR,80,5,193,29,,,A
215677000,2020-08-19T12:11:59,37.23622,-76.11881,0.1,332.1,69.0,RIZE,IMO9584035,9HA2781,70,1,229,32,14.5,,A
367078110,2020-08-19T12:12:22,36.83855,-76.28198,0.0,248.0,511.0,MARCELLE BORDELON,IMO9350379,WDJ2038,79,3,45,11,3.0,79,A
367359930,2020-08-19T11:53:52,36.82404,-76.28905,0.0,2.8,511.0,SUNNY WILLIAMS,,WDE4940,80,0,25,8,,80,A
367822000,2020-08-19T11:53:55,36.97313,-76.43384,0.0,0.0,238.0,USNS SHUGHART,IMO7825394,NAOQ,70,5,276,32,13.0,70,A
367821000,2020-08-19T11:58:57,36.97284,-76.43365,0.0,0.0,511.0,YANO,IMO7825409,NAQH,70,0,276,32,13.0,70,A
538002652,2020-08-19T11:56:28,37.18173,-76.11187,0.2,25.0,118.0,NAIAS,IMO9330800,V7KN8,70,1,225,32,14.0,70,A
215677000,2020-08-19T11:56:59,37.23589,-76.11845,0.1,337.9,54.0,RIZE,IMO9584035,9HA2781,70,1,229,32,14.5,,A
366839000,2020-08-19T12:13:00,36.85352,-76.31083,0.0,0.0,40.0,CAPE RISE,IMO7530808,KAFG,70,5,197,32,10.0,,A
367861000,2020-08-19T11:57:00,36.94636,-76.32974,0.0,0.0,265.0,LARAMIE,IMO8906626,NLAR,80,5,193,29,,,A
538006982,2020-08-19T12:11:53,37.20520,-76.12450,0.1,359.1,83.0,ANTE TOPIC,IMO9737072,V7TR4,70,1,,,,,A
538006982,2020-08-19T11:56:53,37.20482,-76.12430,0.0,14.4,67.0,ANTE TOPIC,IMO9737072,V7TR4,70,1,,,,,A
538002652,2020-08-19T12:05:31,37.18212,-76.11155,0.1,47.0,130.0,NAIAS,IMO9330800,V7KN8,70,1,225,32,14.0,70,A
366733250,2020-08-19T11:56:01,37.24081,-76.36591,7.0,98.3,511.0,ATLANTIC SURVEYOR,,WTR5417,70,15,31,7,,,A
367861000,2020-08-19T11:39:01,36.94641,-76.32982,0.0,0.0,265.0,LARAMIE,IMO8906626,NLAR,80,5,193,29,,,A
538006982,2020-08-19T11:38:53,37.20452,-76.12386,0.1,329.3,43.0,ANTE TOPIC,IMO9737072,V7TR4,70,1,,,,,A
367932000,2020-08-19T11:38:16,36.94920,-76.32962,0.0,107.0,279.0,JOHN LENTHALL,IMO8325547,NJLN,80,5,193,29,,,A
367078110,2020-08-19T11:59:33,36.83855,-76.28199,0.0,344.0,511.0,MARCELLE BORDELON,IMO9350379,WDJ2038,79,3,45,11,3.0,79,A
366733250,2020-08-19T11:40:31,37.23933,-76.40677,8.0,80.9,511.0,ATLANTIC SURVEYOR,,WTR5417,70,15,31,7,,,A
367822000,2020-08-19T11:56:55,36.97312,-76.43384,0.0,0.0,238.0,USNS SHUGHART,IMO7825394,NAOQ,70,5,276,32,13.0,70,A
538006982,2020-08-19T12:14:53,37.20526,-76.12453,0.1,15.0,85.0,ANTE TOPIC,IMO9737072,V7TR4,70,1,,,,,A
367078110,2020-08-19T11:57:02,36.83855,-76.28198,0.0,326.0,511.0,MARCELLE BORDELON,IMO9350379,WDJ2038,79,3,45,11,3.0,79,A
367359930,2020-08-19T12:15:22,36.82404,-76.28906,0.0,2.8,511.0,SUNNY WILLIAMS,,WDE4940,80,0,25,8,,80,A
367359930,2020-08-19T12:14:21,36.82405,-76.28907,0.0,2.8,511.0,SUNNY WILLIAMS,,WDE4940,80,0,25,8,,80,A
477196100,2020-08-19T12:06:42,37.19653,-76.13590,0.1,352.2,98.0,DARYA MA,IMO9591674,VRJH5,70,1,229,32,14.5,,A
538006982,2020-08-19T11:59:53,37.20490,-76.12430,0.1,12.6,69.0,ANTE TOPIC,IMO9737072,V7TR4,70,1,,,,,A
367359930,2020-08-19T12:01:10,36.82405,-76.28909,0.0,2.8,511.0,SUNNY WILLIAMS,,WDE4940,80,0,25,8,,80,A
367078110,2020-08-19T12:00:02,36.83855,-76.28199,0.0,354.0,511.0,MARCELLE BORDELON,IMO9350379,WDJ2038,79,3,45,11,3.0,79,A
366733250,2020-08-19T12:08:01,37.23214,-76.33639,7.7,111.0,511.0,ATLANTIC SURVEYOR,,WTR5417,70,15,31,7,,,A
367822000,2020-08-19T12:08:55,36.97312,-76.43384,0.0,0.0,238.0,USNS SHUGHART,IMO7825394,NAOQ,70,5,276,32,13.0,70,A
477196100,2020-08-19T11:57:44,37.19616,-76.13589,0.2,344.1,86.0,DARYA MA,IMO9591674,VRJH5,70,1,229,32,14.5,,A
368026000,2020-08-19T12:09:21,36.86577,-76.31604,0.0,19.1,2.0,BENAVIDEZ,IMO9218210,NBHG,70,5,289,32,10.9,70,A
367359930,2020-08-19T11:57:42,36.82404,-76.28906,0.0,2.8,511.0,SUNNY WILLIAMS,,WDE4940,80,0,25,8,,80,A
367822000,2020-08-19T12:02:55,36.97312,-76.43384,0.0,0.0,238.0,USNS SHUGHART,IMO7825394,NAOQ,70,5,276,32,13.0,70,A
538006982,2020-08-19T12:17:53,37.20536,-76.12456,0.1,10.7,88.0,ANTE TOPIC,IMO9737072,V7TR4,70,1,,,,,A
367078110,2020-08-19T12:01:12,36.83855,-76.28199,0.0,217.0,511.0,MARCELLE BORDELON,IMO9350379,WDJ2038,79,3,45,11,3.0,79,A
366733250,2020-08-19T12:00:01,37.23828,-76.35626,7.5,110.8,511.0,ATLANTIC SURVEYOR,,WTR5417,70,15,31,7,,,A
477196100,2020-08-19T12:00:45,37.19628,-76.13589,0.2,355.0,91.0,DARYA MA,IMO9591674,VRJH5,70,1,229,32,14.5,,A
477196100,2020-08-19T12:03:42,37.19640,-76.13589,0.2,358.8,94.0,DARYA MA,IMO9591674,VRJH5,70,1,229,32,14.5,,A
367821000,2020-08-19T11:44:28,36.97286,-76.43364,0.0,0.0,511.0,YANO,IMO7825409,NAQH,70,0,276,32,13.0,70,A
366733250,2020-08-19T11:46:02,37.24066,-76.39181,7.6,86.3,511.0,ATLANTIC SURVEYOR,,WTR5417,70,15,31,7,,,A
367821000,2020-08-19T11:45:57,36.97286,-76.43364,0.0,0.0,511.0,YANO,IMO7825409,NAQH,70,0,276,32,13.0,70,A
367078110,2020-08-19T12:17:12,36.83854,-76.28198,0.0,308.0,511.0,MARCELLE BORDELON,IMO9350379,WDJ2038,79,3,45,11,3.0,79,A
477196100,2020-08-19T12:18:46,37.19705,-76.13580,0.2,7.1,114.0,DARYA MA,IMO9591674,VRJH5,70,1,229,32,14.5,,A
367821000,2020-08-19T12:01:18,36.97284,-76.43365,0.0,0.0,511.0,YANO,IMO7825409,NAQH,70,0,276,32,13.0,70,A
215677000,2020-08-19T11:44:57,37.23562,-76.11856,0.1,337.9,44.0,RIZE,IMO9584035,9HA2781,70,1,229,32,14.5,,A
367078110,2020-08-19T12:04:52,36.83855,-76.28198,0.0,72.0,511.0,MARCELLE BORDELON,IMO9350379,WDJ2038,79,3,45,11,3.0,79,A
367821000,2020-08-19T12:18:18,36.97284,-76.43364,0.0,0.0,511.0,YANO,IMO7825409,NAQH,70,0,276,32,13.0,70,A
538002652,2020-08-19T12:02:28,37.18200,-76.11167,0.1,41.0,126.0,NAIAS,IMO9330800,V7KN8,70,1,225,32,14.0,70,A
367078110,2020-08-19T12:02:23,36.83854,-76.28198,0.0,324.0,511.0,MARCELLE BORDELON,IMO9350379,WDJ2038,79,3,45,11,3.0,79,A
367359930,2020-08-19T12:02:11,36.82405,-76.28909,0.0,2.8,511.0,SUNNY WILLIAMS,,WDE4940,80,0,25,8,,80,A
367359930,2020-08-19T12:05:40,36.82405,-76.28908,0.0,2.8,511.0,SUNNY WILLIAMS,,WDE4940,80,0,25,8,,80,A
367359930,2020-08-19T12:19:21,36.82407,-76.28907,0.0,2.8,511.0,SUNNY WILLIAMS,,WDE4940,80,0,25,8,,80,A
367821000,2020-08-19T12:21:09,36.97284,-76.43364,0.0,0.0,511.0,YANO,IMO7825409,NAQH,70,0,276,32,13.0,70,A
367821000,2020-08-19T12:02:27,36.97284,-76.43365,0.0,0.0,511.0,YANO,IMO7825409,NAQH,70,0,276,32,13.0,70,A
366733250,2020-08-19T12:05:42,37.23390,-76.34220,7.6,110.9,511.0,ATLANTIC SURVEYOR,,WTR5417,70,15,31,7,,,A
368026000,2020-08-19T12:03:21,36.86573,-76.31603,0.0,19.1,2.0,BENAVIDEZ,IMO9218210,NBHG,70,5,289,32,10.9,70,A
367821000,2020-08-19T11:47:18,36.97286,-76.43364,0.0,0.0,511.0,YANO,IMO7825409,NAQH,70,0,276,32,13.0,70,A
538006982,2020-08-19T12:20:53,37.20544,-76.12458,0.1,1.5,92.0,ANTE TOPIC,IMO9737072,V7TR4,70,1,,,,,A
366733250,2020-08-19T12:20:31,37.22264,-76.30634,7.2,131.3,511.0,ATLANTIC SURVEYOR,,WTR5417,70,15,31,7,,,A
366733250,2020-08-19T12:06:52,37.23301,-76.33929,7.7,111.1,511.0,ATLANTIC SURVEYOR,,WTR5417,70,15,31,7,,,A
367822000,2020-08-19T12:14:54,36.97312,-76.43383,0.0,0.0,238.0,USNS SHUGHART,IMO7825394,NAOQ,70,5,276,32,13.0,70,A
305855000,2020-08-19T12:14:47,36.86429,-76.31476,0.0,62.1,226.0,BBC PEARL,IMO9504786,V2FY8,70,5,153,23,9.1,70,A
305855000,2020-08-19T12:20:46,36.86430,-76.31476,0.0,78.8,226.0,BBC PEARL,IMO9504786,V2FY8,70,5,153,23,9.1,70,A
538002652,2020-08-19T12:20:30,37.18250,-76.11103,0.1,54.0,150.0,NAIAS,IMO9330800,V7KN8,70,1,225,32,14.0,70,A
367861000,2020-08-19T12:21:00,36.94638,-76.32985,0.0,0.0,265.0,LARAMIE,IMO8906626,NLAR,80,5,193,29,,,A
367359930,2020-08-19T12:08:12,36.82405,-76.28907,0.0,2.8,511.0,SUNNY WILLIAMS,,WDE4940,80,0,25,8,,80,A
367861000,2020-08-19T12:06:00,36.94641,-76.32983,0.0,0.0,265.0,LARAMIE,IMO8906626,NLAR,80,5,193,29,,,A
367078110,2020-08-19T12:25:03,36.83854,-76.28200,0.0,240.0,511.0,MARCELLE BORDELON,IMO9350379,WDJ2038,79,3,45,11,3.0,79,A
367359930,2020-08-19T12:23:02,36.82405,-76.28907,0.0,2.8,511.0,SUNNY WILLIAMS,,WDE4940,80,0,25,8,,80,A
215677000,2020-08-19T11:47:57,37.23571,-76.11855,0.1,337.9,50.0,RIZE,IMO9584035,9HA2781,70,1,229,32,14.5,,A
367821000,2020-08-19T12:15:37,36.97284,-76.43364,0.0,0.0,511.0,YANO,IMO7825409,NAQH,70,0,276,32,13.0,70,A
305855000,2020-08-19T11:50:47,36.86428,-76.31479,0.0,139.2,226.0,BBC PEARL,IMO9504786,V2FY8,70,5,153,23,9.1,70,A
367359930,2020-08-19T12:25:22,36.82405,-76.28908,0.0,2.8,511.0,SUNNY WILLIAMS,,WDE4940,80,0,25,8,,80,A
367078110,2020-08-19T11:51:02,36.83854,-76.28198,0.0,331.0,511.0,MARCELLE BORDELON,IMO9350379,WDJ2038,79,3,45,11,3.0,79,A
367822000,2020-08-19T12:23:56,36.97312,-76.43383,0.0,0.0,238.0,USNS SHUGHART,IMO7825394,NAOQ,70,5,276,32,13.0,70,A
538006982,2020-08-19T12:08:53,37.20513,-76.12446,0.1,341.6,80.0,ANTE TOPIC,IMO9737072,V7TR4,70,1,,,,,A
367359930,2020-08-19T12:16:30,36.82405,-76.28907,0.0,2.8,511.0,SUNNY WILLIAMS,,WDE4940,80,0,25,8,,80,A
367821000,2020-08-19T11:51:58,36.97286,-76.43364,0.0,0.0,511.0,YANO,IMO7825409,NAQH,70,0,276,32,13.0,70,A
367861000,2020-08-19T12:09:01,36.94642,-76.32984,0.0,0.0,265.0,LARAMIE,IMO8906626,NLAR,80,5,193,29,,,A
367822000,2020-08-19T12:05:56,36.97312,-76.43383,0.0,0.0,238.0,USNS SHUGHART,IMO7825394,NAOQ,70,5,276,32,13.0,70,A
368026000,2020-08-19T11:51:20,36.86579,-76.31603,0.0,19.1,2.0,BENAVIDEZ,IMO9218210,NBHG,70,5,289,32,10.9,70,A
366733250,2020-08-19T12:10:32,37.23018,-76.32999,7.8,111.7,511.0,ATLANTIC SURVEYOR,,WTR5417,70,15,31,7,,,A
367932000,2020-08-19T12:17:17,36.94917,-76.32964,0.0,107.0,279.0,JOHN LENTHALL,IMO8325547,NJLN,80,5,193,29,,,A
367932000,2020-08-19T11:53:16,36.94904,-76.32967,0.0,107.0,279.0,JOHN LENTHALL,IMO8325547,NJLN,80,5,193,29,,,A
367359930,2020-08-19T12:18:12,36.82404,-76.28906,0.0,2.8,511.0,SUNNY WILLIAMS,,WDE4940,80,0,25,8,,80,A
367822000,2020-08-19T12:17:55,36.97312,-76.43383,0.0,0.0,238.0,USNS SHUGHART,IMO7825394,NAOQ,70,5,276,32,13.0,70,A
367821000,2020-08-19T12:27:37,36.97284,-76.43364,0.0,0.0,511.0,YANO,IMO7825409,NAQH,70,0,276,32,13.0,70,A
366733250,2020-08-19T12:18:41,37.22485,-76.31003,7.1,117.3,511.0,ATLANTIC SURVEYOR,,WTR5417,70,15,31,7,,,A
366733250,2020-08-19T11:54:22,37.24115,-76.36989,7.1,93.7,511.0,ATLANTIC SURVEYOR,,WTR5417,70,15,31,7,,,A
367078110,2020-08-19T12:18:52,36.83854,-76.28198,0.0,316.0,511.0,MARCELLE BORDELON,IMO9350379,WDJ2038,79,3,45,11,3.0,79,A
367821000,2020-08-19T12:06:07,36.97284,-76.43365,0.0,0.0,511.0,YANO,IMO7825409,NAQH,70,0,276,32,13.0,70,A
477196100,2020-08-19T12:27:46,37.19742,-76.13561,0.1,24.2,123.0,DARYA MA,IMO9591674,VRJH5,70,1,229,32,14.5,,A
367359930,2020-08-19T12:27:11,36.82405,-76.28908,0.0,2.8,511.0,SUNNY WILLIAMS,,WDE4940,80,0,25,8,,80,A
367078110,2020-08-19T12:26:13,36.83855,-76.28200,0.0,292.0,511.0,MARCELLE BORDELON,IMO9350379,WDJ2038,79,3,45,11,3.0,79,A
367822000,2020-08-19T12:11:55,36.97312,-76.43383,0.0,0.0,238.0,USNS SHUGHART,IMO7825394,NAOQ,70,5,276,32,13.0,70,A
367359930,2020-08-19T12:29:02,36.82405,-76.28909,0.0,2.8,511.0,SUNNY WILLIAMS,,WDE4940,80,0,25,8,,80,A
367822000,2020-08-19T12:26:56,36.97312,-76.43383,0.0,0.0,238.0,USNS SHUGHART,IMO7825394,NAOQ,70,5,276,32,13.0,70,A
366839000,2020-08-19T12:28:01,36.85349,-76.31085,0.0,0.0,40.0,CAPE RISE,IMO7530808,KAFG,70,5,197,32,10.0,,A
367821000,2020-08-19T12:13:18,36.97284,-76.43364,0.0,0.0,511.0,YANO,IMO7825409,NAQH,70,0,276,32,13.0,70,A
477196100,2020-08-19T12:12:47,37.19678,-76.13584,0.2,1.8,106.0,DARYA MA,IMO9591674,VRJH5,70,1,229,32,14.5,,A
367822000,2020-08-19T12:20:54,36.97312,-76.43383,0.0,0.0,238.0,USNS SHUGHART,IMO7825394,NAOQ,70,5,276,32,13.0,70,A
367359930,2020-08-19T12:21:51,36.82404,-76.28907,0.1,2.8,511.0,SUNNY WILLIAMS,,WDE4940,80,0,25,8,,80,A
538002652,2020-08-19T12:08:30,37.18220,-76.11143,0.1,49.0,135.0,NAIAS,IMO9330800,V7KN8,70,1,225,32,14.0,70,A
367821000,2020-08-19T12:08:28,36.97284,-76.43365,0.0,0.0,511.0,YANO,IMO7825409,NAQH,70,0,276,32,13.0,70,A
477196100,2020-08-19T12:21:45,37.19719,-76.13575,0.2,12.3,117.0,DARYA MA,IMO9591674,VRJH5,70,1,229,32,14.5,,A
477196100,2020-08-19T11:54:46,37.19601,-76.13586,0.2,339.1,81.0,DARYA MA,IMO9591674,VRJH5,70,1,229,32,14.5,,A
477196100,2020-08-19T12:30:48,37.19755,-76.13553,0.2,35.0,127.0,DARYA MA,IMO9591674,VRJH5,70,1,229,32,14.5,,A
367359930,2020-08-19T12:09:21,36.82404,-76.28906,0.0,2.8,511.0,SUNNY WILLIAMS,,WDE4940,80,0,25,8,,80,A
367821000,2020-08-19T12:09:38,36.97284,-76.43365,0.0,0.0,511.0,YANO,IMO7825409,NAQH,70,0,276,32,13.0,70,A
368026000,2020-08-19T12:15:22,36.86575,-76.31604,0.0,19.1,2.0,BENAVIDEZ,IMO9218210,NBHG,70,5,289,32,10.9,70,A
215677000,2020-08-19T12:30:01,37.23693,-76.11912,0.2,348.3,91.0,RIZE,IMO9584035,9HA2781,70,1,229,32,14.5,,A
366839000,2020-08-19T12:21:56,36.85352,-76.31084,0.0,0.0,40.0,CAPE RISE,IMO7530808,KAFG,70,5,197,32,10.0,,A
538002652,2020-08-19T12:29:29,37.18267,-76.11082,0.0,56.0,157.0,NAIAS,IMO9330800,V7KN8,70,1,225,32,14.0,70,A
367861000,2020-08-19T12:30:01,36.94638,-76.32973,0.0,0.0,265.0,LARAMIE,IMO8906626,NLAR,80,5,193,29,,,A
367359930,2020-08-19T12:11:42,36.82404,-76.28907,0.0,2.8,511.0,SUNNY WILLIAMS,,WDE4940,80,0,25,8,,80,A
367078110,2020-08-19T12:10:53,36.83855,-76.28198,0.0,329.0,511.0,MARCELLE BORDELON,IMO9350379,WDJ2038,79,3,45,11,3.0,79,A
367821000,2020-08-19T12:33:08,36.97283,-76.43364,0.0,0.0,511.0,YANO,IMO7825409,NAQH,70,0,276,32,13.0,70,A
538002652,2020-08-19T11:59:30,37.18190,-76.11175,0.1,36.0,123.0,NAIAS,IMO9330800,V7KN8,70,1,225,32,14.0,70,A
305855000,2020-08-19T12:32:48,36.86428,-76.31476,0.0,42.4,225.0,BBC PEARL,IMO9504786,V2FY8,70,5,153,23,9.1,70,A
366733250,2020-08-19T12:12:52,37.22846,-76.32406,7.7,107.4,511.0,ATLANTIC SURVEYOR,,WTR5417,70,15,31,7,,,A
367359930,2020-08-19T12:13:11,36.82406,-76.28907,0.0,2.8,511.0,SUNNY WILLIAMS,,WDE4940,80,0,25,8,,80,A
367861000,2020-08-19T12:33:00,36.94635,-76.32980,0.0,0.0,265.0,LARAMIE,IMO8906626,NLAR,80,5,193,29,,,A
305855000,2020-08-19T12:26:48,36.86427,-76.31476,0.0,128.7,226.0,BBC PEARL,IMO9504786,V2FY8,70,5,153,23,9.1,70,A
366733250,2020-08-19T12:27:11,37.21404,-76.29332,7.2,130.6,511.0,ATLANTIC SURVEYOR,,WTR5417,70,15,31,7,,,A
368026000,2020-08-19T12:18:21,36.86575,-76.31605,0.0,19.1,2.0,BENAVIDEZ,IMO9218210,NBHG,70,5,289,32,10.9,70,A
367821000,2020-08-19T12:14:28,36.97284,-76.43364,0.0,0.0,511.0,YANO,IMO7825409,NAQH,70,0,276,32,13.0,70,A
367359930,2020-08-19T12:33:21,36.82406,-76.28907,0.0,2.8,511.0,SUNNY WILLIAMS,,WDE4940,80,0,25,8,,80,A
477196100,2020-08-19T12:33:45,37.19762,-76.13542,0.1,50.9,131.0,DARYA MA,IMO9591674,VRJH5,70,1,229,32,14.5,,A
367932000,2020-08-19T12:35:16,36.94915,-76.32965,0.0,107.0,279.0,JOHN LENTHALL,IMO8325547,NJLN,80,5,193,29,,,A
367078110,2020-08-19T12:14:42,36.83853,-76.28198,0.0,327.0,511.0,MARCELLE BORDELON,IMO9350379,WDJ2038,79,3,45,11,3.0,79,A
366733250,2020-08-19T12:14:01,37.22775,-76.32123,7.2,107.1,511.0,ATLANTIC SURVEYOR,,WTR5417,70,15,31,7,,,A
366733250,2020-08-19T12:15:42,37.22671,-76.31714,7.3,107.9,511.0,ATLANTIC SURVEYOR,,WTR5417,70,15,31,7,,,A
367821000,2020-08-19T12:35:48,36.97283,-76.43364,0.0,0.0,511.0,YANO,IMO7825409,NAQH,70,0,276,32,13.0,70,A
367078110,2020-08-19T12:34:53,36.83855,-76.28198,0.0,359.0,511.0,MARCELLE BORDELON,IMO9350379,WDJ2038,79,3,45,11,3.0,79,A
305855000,2020-08-19T12:02:46,36.86429,-76.31476,0.0,131.0,227.0,BBC PEARL,IMO9504786,V2FY8,70,5,153,23,9.1,70,A
367861000,2020-08-19T12:15:01,36.94635,-76.32978,0.0,0.0,265.0,LARAMIE,IMO8906626,NLAR,80,5,193,29,,,A
367861000,2020-08-19T12:36:00,36.94637,-76.32984,0.0,0.0,265.0,LARAMIE,IMO8906626,NLAR,80,5,193,29,,,A
367821000,2020-08-19T12:30:18,36.97284,-76.43365,0.0,0.0,511.0,YANO,IMO7825409,NAQH,70,0,276,32,13.0,70,A
367078110,2020-08-19T12:29:13,36.83860,-76.28198,0.0,11.0,511.0,MARCELLE BORDELON,IMO9350379,WDJ2038,79,3,45,11,3.0,79,A
538002652,2020-08-19T12:14:31,37.18238,-76.11123,0.1,51.0,143.0,NAIAS,IMO9330800,V7KN8,70,1,225,32,14.0,70,A
366839000,2020-08-19T12:19:00,36.85349,-76.31085,0.0,0.0,40.0,CAPE RISE,IMO7530808,KAFG,70,5,197,32,10.0,,A
367932000,2020-08-19T12:14:17,36.94910,-76.32958,0.0,107.0,279.0,JOHN LENTHALL,IMO8325547,NJLN,80,5,193,29,,,A
367822000,2020-08-19T12:35:54,36.97312,-76.43382,0.0,0.0,238.0,USNS SHUGHART,IMO7825394,NAOQ,70,5,276,32,13.0,70,A
367078110,2020-08-19T12:15:52,36.83853,-76.28198,0.0,237.0,511.0,MARCELLE BORDELON,IMO9350379,WDJ2038,79,3,45,11,3.0,79,A
367078110,2020-08-19T12:30:23,36.83855,-76.28199,0.0,344.0,511.0,MARCELLE BORDELON,IMO9350379,WDJ2038,79,3,45,11,3.0,79,A
215677000,2020-08-19T12:17:59,37.23641,-76.11889,0.1,338.1,75.0,RIZE,IMO9584035,9HA2781,70,1,229,32,14.5,,A
366733250,2020-08-19T12:17:01,37.22593,-76.31394,7.2,107.1,511.0,ATLANTIC SURVEYOR,,WTR5417,70,15,31,7,,,A
215677000,2020-08-19T12:36:01,37.23725,-76.11915,0.2,349.9,101.0,RIZE,IMO9584035,9HA2781,70,1,229,32,14.5,,A
367078110,2020-08-19T12:33:43,36.83855,-76.28198,0.0,297.0,511.0,MARCELLE BORDELON,IMO9350379,WDJ2038,79,3,45,11,3.0,79,A
368026000,2020-08-19T12:33:21,36.86576,-76.31602,0.0,19.1,2.0,BENAVIDEZ,IMO9218210,NBHG,70,5,289,32,10.9,70,A
366733250,2020-08-19T12:32:13,37.20755,-76.28341,7.4,129.8,511.0,ATLANTIC SURVEYOR,,WTR5417,70,15,31,7,,,A
366733250,2020-08-19T12:22:02,37.22065,-76.30341,7.3,130.2,511.0,ATLANTIC SURVEYOR,,WTR5417,70,15,31,7,,,A
367821000,2020-08-19T00:08:27,36.97284,-76.43363,0.0,0.0,511.0,YANO,IMO7825409,NAQH,70,0,276,32,13.0,70,A
366733250,2020-08-19T12:40:02,37.19751,-76.26735,7.5,127.0,511.0,ATLANTIC SURVEYOR,,WTR5417,70,15,31,7,,,A
367932000,2020-08-19T12:38:17,36.94915,-76.32960,0.0,107.0,279.0,JOHN LENTHALL,IMO8325547,NJLN,80,5,193,29,,,A
538002652,2020-08-19T12:38:31,37.18275,-76.11065,0.0,56.0,162.0,NAIAS,IMO9330800,V7KN8,70,1,225,32,14.0,70,A
305855000,2020-08-19T12:38:49,36.86431,-76.31476,0.0,86.0,226.0,BBC PEARL,IMO9504786,V2FY8,70,5,153,23,9.1,70,A
368026000,2020-08-19T12:36:21,36.86577,-76.31604,0.0,19.1,2.0,BENAVIDEZ,IMO9218210,NBHG,70,5,289,32,10.9,70,A
367359930,2020-08-19T12:37:52,36.82405,-76.28907,0.0,2.8,511.0,SUNNY WILLIAMS,,WDE4940,80,0,25,8,,80,A
367821000,2020-08-19T12:41:17,36.97284,-76.43364,0.0,0.0,511.0,YANO,IMO7825409,NAQH,70,0,276,32,13.0,70,A
367821000,2020-08-19T12:23:58,36.97284,-76.43364,0.0,0.0,511.0,YANO,IMO7825409,NAQH,70,0,276,32,13.0,70,A
366733250,2020-08-19T12:41:41,37.19539,-76.26393,7.4,129.7,511.0,ATLANTIC SURVEYOR,,WTR5417,70,15,31,7,,,A
367078110,2020-08-19T12:23:52,36.83855,-76.28199,0.0,136.0,511.0,MARCELLE BORDELON,IMO9350379,WDJ2038,79,3,45,11,3.0,79,A
367359930,2020-08-19T12:06:51,36.82405,-76.28907,0.0,2.8,511.0,SUNNY WILLIAMS,,WDE4940,80,0,25,8,,80,A
366839000,2020-08-19T12:06:58,36.85351,-76.31084,0.0,0.0,40.0,CAPE RISE,IMO7530808,KAFG,70,5,197,32,10.0,,A
538002652,2020-08-19T12:23:31,37.18255,-76.11095,0.1,52.0,152.0,NAIAS,IMO9330800,V7KN8,70,1,225,32,14.0,70,A
367359930,2020-08-19T12:24:12,36.82406,-76.28908,0.0,2.8,511.0,SUNNY WILLIAMS,,WDE4940,80,0,25,8,,80,A
538006982,2020-08-19T12:38:53,37.20623,-76.12461,0.3,25.2,115.0,ANTE TOPIC,IMO9737072,V7TR4,70,1,,,,,A
367821000,2020-08-19T12:22:28,36.97284,-76.43364,0.0,0.0,511.0,YANO,IMO7825409,NAQH,70,0,276,32,13.0,70,A
367821000,2020-08-19T12:07:17,36.97284,-76.43365,0.0,0.0,511.0,YANO,IMO7825409,NAQH,70,0,276,32,13.0,70,A
367359930,2020-08-19T12:39:02,36.82404,-76.28907,0.0,2.8,511.0,SUNNY WILLIAMS,,WDE4940,80,0,25,8,,80,A
367861000,2020-08-19T12:39:01,36.94643,-76.32983,0.0,0.0,265.0,LARAMIE,IMO8906626,NLAR,80,5,193,29,,,A
367078110,2020-08-19T12:21:52,36.83854,-76.28199,0.0,226.0,511.0,MARCELLE BORDELON,IMO9350379,WDJ2038,79,3,45,11,3.0,79,A
215677000,2020-08-19T12:08:55,37.23613,-76.11874,0.1,314.4,66.0,RIZE,IMO9584035,9HA2781,70,1,229,32,14.5,,A
215677000,2020-08-19T12:42:01,37.23753,-76.11912,0.2,7.9,107.0,RIZE,IMO9584035,9HA2781,70,1,229,32,14.5,,A
367932000,2020-08-19T12:41:16,36.94918,-76.32962,0.0,107.0,279.0,JOHN LENTHALL,IMO8325547,NJLN,80,5,193,29,,,A
477196100,2020-08-19T12:24:48,37.19731,-76.13569,0.1,20.0,120.0,DARYA MA,IMO9591674,VRJH5,70,1,229,32,14.5,,A
477196100,2020-08-19T12:42:44,37.19785,-76.13513,0.1,19.0,140.0,DARYA MA,IMO9591674,VRJH5,70,1,229,32,14.5,,A
368026000,2020-08-19T12:39:21,36.86576,-76.31603,0.0,19.1,2.0,BENAVIDEZ,IMO9218210,NBHG,70,5,289,32,10.9,70,A
305855000,2020-08-19T12:41:47,36.86428,-76.31474,0.0,164.7,226.0,BBC PEARL,IMO9504786,V2FY8,70,5,153,23,9.1,70,A
366839000,2020-08-19T12:10:01,36.85352,-76.31084,0.0,0.0,40.0,CAPE RISE,IMO7530808,KAFG,70,5,197,32,10.0,,A
366733250,2020-08-19T12:44:01,37.19229,-76.25926,7.5,131.0,511.0,ATLANTIC SURVEYOR,,WTR5417,70,15,31,7,,,A
538006982,2020-08-19T12:23:53,37.20556,-76.12460,0.1,16.0,96.0,ANTE TOPIC,IMO9737072,V7TR4,70,1,,,,,A
305855000,2020-08-19T12:23:46,36.86431,-76.31476,0.0,76.8,226.0,BBC PEARL,IMO9504786,V2FY8,70,5,153,23,9.1,70,A
366733250,2020-08-19T12:11:42,37.22927,-76.32703,7.8,110.9,511.0,ATLANTIC SURVEYOR,,WTR5417,70,15,31,7,,,A
366733250,2020-08-19T12:24:42,37.21721,-76.29819,7.1,128.3,511.0,ATLANTIC SURVEYOR,,WTR5417,70,15,31,7,,,A
367861000,2020-08-19T12:24:01,36.94641,-76.32983,0.0,0.0,265.0,LARAMIE,IMO8906626,NLAR,80,5,193,29,,,A
215677000,2020-08-19T12:24:00,37.23665,-76.11902,0.2,338.1,83.0,RIZE,IMO9584035,9HA2781,70,1,229,32,14.5,,A
215677000,2020-08-19T12:45:02,37.23770,-76.11905,0.2,13.4,111.0,RIZE,IMO9584035,9HA2781,70,1,229,32,14.5,,A
367932000,2020-08-19T12:11:17,36.94905,-76.32961,0.0,107.0,279.0,JOHN LENTHALL,IMO8325547,NJLN,80,5,193,29,,,A
305855000,2020-08-19T12:44:49,36.86428,-76.31474,0.0,42.8,226.0,BBC PEARL,IMO9504786,V2FY8,70,5,153,23,9.1,70,A
367822000,2020-08-19T12:44:55,36.97312,-76.43384,0.0,0.0,238.0,USNS SHUGHART,IMO7825394,NAOQ,70,5,276,32,13.0,70,A
366839000,2020-08-19T12:25:00,36.85350,-76.31087,0.0,0.0,40.0,CAPE RISE,IMO7530808,KAFG,70,5,197,32,10.0,,A
367821000,2020-08-19T12:25:58,36.97284,-76.43364,0.0,0.0,511.0,YANO,IMO7825409,NAQH,70,0,276,32,13.0,70,A
368026000,2020-08-19T12:27:21,36.86576,-76.31606,0.0,19.1,2.0,BENAVIDEZ,IMO9218210,NBHG,70,5,289,32,10.9,70,A
368026000,2020-08-19T12:30:20,36.86576,-76.31603,0.0,19.1,2.0,BENAVIDEZ,IMO9218210,NBHG,70,5,289,32,10.9,70,A
367821000,2020-08-19T12:44:38,36.97287,-76.43363,0.0,0.0,511.0,YANO,IMO7825409,NAQH,70,0,276,32,13.0,70,A
367078110,2020-08-19T12:28:02,36.83857,-76.28199,0.0,245.0,511.0,MARCELLE BORDELON,IMO9350379,WDJ2038,79,3,45,11,3.0,79,A
215677000,2020-08-19T12:27:01,37.23677,-76.11907,0.2,338.3,87.0,RIZE,IMO9584035,9HA2781,70,1,229,32,14.5,,A
538006982,2020-08-19T12:29:53,37.20580,-76.12463,0.1,353.3,104.0,ANTE TOPIC,IMO9737072,V7TR4,70,1,,,,,A
538002652,2020-08-19T12:47:28,37.18283,-76.11053,0.0,56.0,167.0,NAIAS,IMO9330800,V7KN8,70,1,225,32,14.0,70,A
367821000,2020-08-19T12:28:47,36.97284,-76.43364,0.0,0.0,511.0,YANO,IMO7825409,NAQH,70,0,276,32,13.0,70,A
368026000,2020-08-19T12:48:20,36.86578,-76.31604,0.0,19.1,2.0,BENAVIDEZ,IMO9218210,NBHG,70,5,289,32,10.9,70,A
305855000,2020-08-19T12:47:46,36.86428,-76.31476,0.0,34.3,225.0,BBC PEARL,IMO9504786,V2FY8,70,5,153,23,9.1,70,A
367822000,2020-08-19T12:47:55,36.97312,-76.43384,0.0,0.0,238.0,USNS SHUGHART,IMO7825394,NAOQ,70,5,276,32,13.0,70,A
366839000,2020-08-19T12:16:02,36.85350,-76.31079,0.0,0.0,40.0,CAPE RISE,IMO7530808,KAFG,70,5,197,32,10.0,,A
477196100,2020-08-19T12:15:46,37.19692,-76.13581,0.2,6.2,110.0,DARYA MA,IMO9591674,VRJH5,70,1,229,32,14.5,,A
367821000,2020-08-19T12:51:57,36.97286,-76.43363,0.0,0.0,511.0,YANO,IMO7825409,NAQH,70,0,276,32,13.0,70,A
366733250,2020-08-19T12:49:22,37.18498,-76.24876,7.4,132.1,511.0,ATLANTIC SURVEYOR,,WTR5417,70,15,31,7,,,A
366733250,2020-08-19T12:52:31,37.18070,-76.24258,7.4,130.8,511.0,ATLANTIC SURVEYOR,,WTR5417,70,15,31,7,,,A
367932000,2020-08-19T12:29:17,36.94917,-76.32970,0.0,107.0,279.0,JOHN LENTHALL,IMO8325547,NJLN,80,5,193,29,,,A
367359930,2020-08-19T12:49:11,36.82405,-76.28908,0.0,2.8,511.0,SUNNY WILLIAMS,,WDE4940,80,0,25,8,,80,A
538002652,2020-08-19T12:32:29,37.18270,-76.11075,0.0,56.0,159.0,NAIAS,IMO9330800,V7KN8,70,1,225,32,14.0,70,A
367861000,2020-08-19T12:48:01,36.94640,-76.32984,0.0,0.0,265.0,LARAMIE,IMO8906626,NLAR,80,5,193,29,,,A
538006982,2020-08-19T12:50:53,37.20676,-76.12422,0.2,58.0,134.0,ANTE TOPIC,IMO9737072,V7TR4,70,1,,,,,A
367359930,2020-08-19T12:30:42,36.82404,-76.28908,0.0,2.8,511.0,SUNNY WILLIAMS,,WDE4940,80,0,25,8,,80,A
367078110,2020-08-19T12:53:43,36.83855,-76.28198,0.0,44.0,511.0,MARCELLE BORDELON,IMO9350379,WDJ2038,79,3,45,11,3.0,79,A
367821000,2020-08-19T12:31:48,36.97284,-76.43364,0.0,0.0,511.0,YANO,IMO7825409,NAQH,70,0,276,32,13.0,70,A
367359930,2020-08-19T12:52:22,36.82405,-76.28907,0.0,2.8,511.0,SUNNY WILLIAMS,,WDE4940,80,0,25,8,,80,A
366839000,2020-08-19T12:30:59,36.85347,-76.31082,0.0,0.0,40.0,CAPE RISE,IMO7530808,KAFG,70,5,197,32,10.0,,A
367359930,2020-08-19T12:32:11,36.82405,-76.28908,0.0,2.8,511.0,SUNNY WILLIAMS,,WDE4940,80,0,25,8,,80,A
367359930,2020-08-19T12:34:32,36.82404,-76.28906,0.0,2.8,511.0,SUNNY WILLIAMS,,WDE4940,80,0,25,8,,80,A
367822000,2020-08-19T12:50:55,36.97312,-76.43384,0.0,0.0,238.0,USNS SHUGHART,IMO7825394,NAOQ,70,5,276,32,13.0,70,A
367932000,2020-08-19T12:53:17,36.94918,-76.32965,0.0,107.0,279.0,JOHN LENTHALL,IMO8325547,NJLN,80,5,193,29,,,A
367078110,2020-08-19T12:36:03,36.83855,-76.28198,0.0,302.0,511.0,MARCELLE BORDELON,IMO9350379,WDJ2038,79,3,45,11,3.0,79,A
477196100,2020-08-19T12:51:47,37.19794,-76.13500,0.1,18.4,147.0,DARYA MA,IMO9591674,VRJH5,70,1,229,32,14.5,,A
538006982,2020-08-19T12:53:53,37.20687,-76.12408,0.2,64.0,140.0,ANTE TOPIC,IMO9737072,V7TR4,70,1,,,,,A
538006982,2020-08-19T12:35:53,37.20607,-76.12465,0.3,18.3,111.0,ANTE TOPIC,IMO9737072,V7TR4,70,1,,,,,A
305855000,2020-08-19T12:29:48,36.86431,-76.31476,0.0,103.3,226.0,BBC PEARL,IMO9504786,V2FY8,70,5,153,23,9.1,70,A
366733250,2020-08-19T12:53:42,37.17910,-76.24026,7.3,130.9,511.0,ATLANTIC SURVEYOR,,WTR5417,70,15,31,7,,,A
366733250,2020-08-19T12:31:11,37.20888,-76.28543,7.3,129.1,511.0,ATLANTIC SURVEYOR,,WTR5417,70,15,31,7,,,A
367861000,2020-08-19T12:18:00,36.94640,-76.32982,0.0,0.0,265.0,LARAMIE,IMO8906626,NLAR,80,5,193,29,,,A
367078110,2020-08-19T12:37:53,36.83855,-76.28199,0.0,246.0,511.0,MARCELLE BORDELON,IMO9350379,WDJ2038,79,3,45,11,3.0,79,A
366733250,2020-08-19T12:56:31,37.17525,-76.23483,7.4,132.8,511.0,ATLANTIC SURVEYOR,,WTR5417,70,15,31,7,,,A
367078110,2020-08-19T12:31:24,36.83856,-76.28199,0.0,315.0,511.0,MARCELLE BORDELON,IMO9350379,WDJ2038,79,3,45,11,3.0,79,A
368026000,2020-08-19T12:54:21,36.86574,-76.31604,0.0,19.1,2.0,BENAVIDEZ,IMO9218210,NBHG,70,5,289,32,10.9,70,A
366733250,2020-08-19T12:33:52,37.20537,-76.28009,7.3,128.1,511.0,ATLANTIC SURVEYOR,,WTR5417,70,15,31,7,,,A
367359930,2020-08-19T12:20:42,36.82405,-76.28907,0.0,2.8,511.0,SUNNY WILLIAMS,,WDE4940,80,0,25,8,,80,A
367359930,2020-08-19T12:56:42,36.82405,-76.28908,0.0,2.8,511.0,SUNNY WILLIAMS,,WDE4940,80,0,25,8,,80,A
367861000,2020-08-19T12:57:01,36.94639,-76.32977,0.0,0.0,265.0,LARAMIE,IMO8906626,NLAR,80,5,193,29,,,A
368026000,2020-08-19T12:21:20,36.86577,-76.31605,0.0,19.1,2.0,BENAVIDEZ,IMO9218210,NBHG,70,5,289,32,10.9,70,A
215677000,2020-08-19T12:39:02,37.23740,-76.11914,0.2,359.5,104.0,RIZE,IMO9584035,9HA2781,70,1,229,32,14.5,,A
215677000,2020-08-19T12:33:01,37.23709,-76.11911,0.2,349.7,96.0,RIZE,IMO9584035,9HA2781,70,1,229,32,14.5,,A
367932000,2020-08-19T12:20:16,36.94911,-76.32961,0.0,107.0,279.0,JOHN LENTHALL,IMO8325547,NJLN,80,5,193,29,,,A
367822000,2020-08-19T12:32:56,36.97312,-76.43383,0.0,0.0,238.0,USNS SHUGHART,IMO7825394,NAOQ,70,5,276,32,13.0,70,A
367821000,2020-08-19T12:39:28,36.97283,-76.43364,0.0,0.0,511.0,YANO,IMO7825409,NAQH,70,0,276,32,13.0,70,A
538006982,2020-08-19T12:32:53,37.20593,-76.12466,0.1,23.4,107.0,ANTE TOPIC,IMO9737072,V7TR4,70,1,,,,,A
366839000,2020-08-19T12:39:56,36.85348,-76.31080,0.0,0.0,39.0,CAPE RISE,IMO7530808,KAFG,70,5,197,32,10.0,,A
366839000,2020-08-19T12:34:00,36.85348,-76.31085,0.0,0.0,40.0,CAPE RISE,IMO7530808,KAFG,70,5,197,32,10.0,,A
366839000,2020-08-19T12:36:57,36.85349,-76.31084,0.0,0.0,39.0,CAPE RISE,IMO7530808,KAFG,70,5,197,32,10.0,,A
366733250,2020-08-19T12:35:32,37.20326,-76.27669,7.4,127.7,511.0,ATLANTIC SURVEYOR,,WTR5417,70,15,31,7,,,A
367359930,2020-08-19T12:36:42,36.82405,-76.28907,0.0,2.8,511.0,SUNNY WILLIAMS,,WDE4940,80,0,25,8,,80,A
538002652,2020-08-19T12:35:30,37.18273,-76.11068,0.0,56.0,161.0,NAIAS,IMO9330800,V7KN8,70,1,225,32,14.0,70,A
215677000,2020-08-19T12:54:00,37.23825,-76.11874,0.2,26.1,127.0,RIZE,IMO9584035,9HA2781,70,1,229,32,14.5,,A
367861000,2020-08-19T12:54:01,36.94641,-76.32977,0.0,0.0,265.0,LARAMIE,IMO8906626,NLAR,80,5,193,29,,,A
538006982,2020-08-19T12:59:53,37.20703,-76.12382,0.2,83.8,151.0,ANTE TOPIC,IMO9737072,V7TR4,70,1,,,,,A
538006982,2020-08-19T12:56:53,37.20696,-76.12394,0.2,72.0,145.0,ANTE TOPIC,IMO9737072,V7TR4,70,1,,,,,A
368026000,2020-08-19T12:42:21,36.86576,-76.31604,0.0,19.1,2.0,BENAVIDEZ,IMO9218210,NBHG,70,5,289,32,10.9,70,A
367078110,2020-08-19T13:00:04,36.83855,-76.28198,0.0,276.0,511.0,MARCELLE BORDELON,IMO9350379,WDJ2038,79,3,45,11,3.0,79,A
368026000,2020-08-19T13:00:20,36.86574,-76.31602,0.0,19.1,2.0,BENAVIDEZ,IMO9218210,NBHG,70,5,289,32,10.9,70,A
368026000,2020-08-19T12:24:20,36.86575,-76.31604,0.0,19.1,2.0,BENAVIDEZ,IMO9218210,NBHG,70,5,289,32,10.9,70,A
367932000,2020-08-19T12:23:17,36.94910,-76.32961,0.0,107.0,279.0,JOHN LENTHALL,IMO8325547,NJLN,80,5,193,29,,,A
538002652,2020-08-19T12:26:29,37.18263,-76.11090,0.1,45.0,155.0,NAIAS,IMO9330800,V7KN8,70,1,225,32,14.0,70,A
366733250,2020-08-19T12:25:51,37.21575,-76.29593,7.2,129.2,511.0,ATLANTIC SURVEYOR,,WTR5417,70,15,31,7,,,A
367821000,2020-08-19T12:38:17,36.97283,-76.43364,0.0,0.0,511.0,YANO,IMO7825409,NAQH,70,0,276,32,13.0,70,A
538006982,2020-08-19T12:44:53,37.20650,-76.12447,0.1,54.5,124.0,ANTE TOPIC,IMO9737072,V7TR4,70,1,,,,,A
367359930,2020-08-19T12:40:32,36.82405,-76.28908,0.0,2.8,511.0,SUNNY WILLIAMS,,WDE4940,80,0,25,8,,80,A
305855000,2020-08-19T13:02:48,36.86430,-76.31475,0.0,174.7,226.0,BBC PEARL,IMO9504786,V2FY8,70,5,153,23,9.1,70,A
367822000,2020-08-19T12:38:56,36.97325,-76.43387,0.0,0.0,238.0,USNS SHUGHART,IMO7825394,NAOQ,70,5,276,32,13.0,70,A
367078110,2020-08-19T12:40:43,36.83855,-76.28199,0.0,320.0,511.0,MARCELLE BORDELON,IMO9350379,WDJ2038,79,3,45,11,3.0,79,A
538002652,2020-08-19T13:02:32,37.18283,-76.11048,0.0,56.0,170.0,NAIAS,IMO9330800,V7KN8,70,1,225,32,14.0,70,A
367932000,2020-08-19T12:26:16,36.94916,-76.32964,0.0,107.0,279.0,JOHN LENTHALL,IMO8325547,NJLN,80,5,193,29,,,A
538006982,2020-08-19T13:02:53,37.20711,-76.12369,0.1,89.6,156.0,ANTE TOPIC,IMO9737072,V7TR4,70,1,,,,,A
538006982,2020-08-19T12:26:53,37.20567,-76.12462,0.1,13.1,100.0,ANTE TOPIC,IMO9737072,V7TR4,70,1,,,,,A
367821000,2020-08-19T13:02:37,36.97285,-76.43364,0.0,0.0,511.0,YANO,IMO7825409,NAQH,70,0,276,32,13.0,70,A
367932000,2020-08-19T12:59:17,36.94918,-76.32968,0.0,107.0,279.0,JOHN LENTHALL,IMO8325547,NJLN,80,5,193,29,,,A
367822000,2020-08-19T13:02:55,36.97311,-76.43383,0.0,0.0,238.0,USNS SHUGHART,IMO7825394,NAOQ,70,5,276,32,13.0,70,A
367861000,2020-08-19T13:00:01,36.94636,-76.32974,0.0,0.0,265.0,LARAMIE,IMO8906626,NLAR,80,5,193,29,,,A
366733250,2020-08-19T12:29:03,37.21164,-76.28971,7.2,129.6,511.0,ATLANTIC SURVEYOR,,WTR5417,70,15,31,7,,,A
367821000,2020-08-19T13:03:47,36.97285,-76.43364,0.0,0.0,511.0,YANO,IMO7825409,NAQH,70,0,276,32,13.0,70,A
367078110,2020-08-19T12:42:53,36.83856,-76.28199,0.0,350.0,511.0,MARCELLE BORDELON,IMO9350379,WDJ2038,79,3,45,11,3.0,79,A
538002652,2020-08-19T12:41:31,37.18278,-76.11060,0.0,56.0,164.0,NAIAS,IMO9330800,V7KN8,70,1,225,32,14.0,70,A
367821000,2020-08-19T12:43:07,36.97288,-76.43361,0.0,0.0,511.0,YANO,IMO7825409,NAQH,70,0,276,32,13.0,70,A
367822000,2020-08-19T12:41:55,36.97313,-76.43385,0.0,0.0,238.0,USNS SHUGHART,IMO7825394,NAOQ,70,5,276,32,13.0,70,A
366733250,2020-08-19T12:42:51,37.19389,-76.26159,7.5,129.4,511.0,ATLANTIC SURVEYOR,,WTR5417,70,15,31,7,,,A
538006982,2020-08-19T12:41:53,37.20640,-76.12455,0.2,30.1,119.0,ANTE TOPIC,IMO9737072,V7TR4,70,1,,,,,A
367861000,2020-08-19T12:42:01,36.94634,-76.32983,0.0,0.0,265.0,LARAMIE,IMO8906626,NLAR,80,5,193,29,,,A
366839000,2020-08-19T12:42:57,36.85349,-76.31084,0.0,0.0,39.0,CAPE RISE,IMO7530808,KAFG,70,5,197,32,10.0,,A
538002652,2020-08-19T13:05:29,37.18285,-76.11045,0.0,56.0,170.0,NAIAS,IMO9330800,V7KN8,70,1,225,32,14.0,70,A
366733250,2020-08-19T12:50:33,37.18338,-76.24649,7.4,130.7,511.0,ATLANTIC SURVEYOR,,WTR5417,70,15,31,7,,,A
368026000,2020-08-19T12:51:20,36.86575,-76.31605,0.0,19.1,2.0,BENAVIDEZ,IMO9218210,NBHG,70,5,289,32,10.9,70,A
215677000,2020-08-19T13:05:59,37.23877,-76.11823,0.1,37.8,146.0,RIZE,IMO9584035,9HA2781,70,1,229,32,14.5,,A
367359930,2020-08-19T12:44:12,36.82404,-76.28908,0.0,2.8,511.0,SUNNY WILLIAMS,,WDE4940,80,0,25,8,,80,A
367078110,2020-08-19T12:46:43,36.83855,-76.28198,0.0,182.0,511.0,MARCELLE BORDELON,IMO9350379,WDJ2038,79,3,45,11,3.0,79,A
367359930,2020-08-19T13:02:21,36.82406,-76.28907,0.0,2.8,511.0,SUNNY WILLIAMS,,WDE4940,80,0,25,8,,80,A
367932000,2020-08-19T12:50:17,36.94915,-76.32962,0.0,107.0,279.0,JOHN LENTHALL,IMO8325547,NJLN,80,5,193,29,,,A
367821000,2020-08-19T13:07:18,36.97285,-76.43364,0.0,0.0,511.0,YANO,IMO7825409,NAQH,70,0,276,32,13.0,70,A
367821000,2020-08-19T12:46:38,36.97286,-76.43363,0.0,0.0,511.0,YANO,IMO7825409,NAQH,70,0,276,32,13.0,70,A
367932000,2020-08-19T12:32:18,36.94913,-76.32965,0.0,107.0,279.0,JOHN LENTHALL,IMO8325547,NJLN,80,5,193,29,,,A
366733250,2020-08-19T12:47:33,37.18753,-76.25233,7.4,129.9,511.0,ATLANTIC SURVEYOR,,WTR5417,70,15,31,7,,,A
367359930,2020-08-19T12:48:01,36.82404,-76.28908,0.0,2.8,511.0,SUNNY WILLIAMS,,WDE4940,80,0,25,8,,80,A
367078110,2020-08-19T12:48:53,36.83855,-76.28198,0.0,320.0,511.0,MARCELLE BORDELON,IMO9350379,WDJ2038,79,3,45,11,3.0,79,A
538002652,2020-08-19T12:50:29,37.18285,-76.11053,0.0,56.0,168.0,NAIAS,IMO9330800,V7KN8,70,1,225,32,14.0,70,A
367359930,2020-08-19T13:09:22,36.82406,-76.28907,0.0,2.8,511.0,SUNNY WILLIAMS,,WDE4940,80,0,25,8,,80,A
367932000,2020-08-19T13:08:16,36.94934,-76.32965,0.0,107.0,279.0,JOHN LENTHALL,IMO8325547,NJLN,80,5,193,29,,,A
538002652,2020-08-19T12:56:29,37.18285,-76.11052,0.0,56.0,168.0,NAIAS,IMO9330800,V7KN8,70,1,225,32,14.0,70,A
366733250,2020-08-19T13:09:21,37.16926,-76.20501,7.5,68.3,511.0,ATLANTIC SURVEYOR,,WTR5417,70,15,31,7,,,A
367359930,2020-08-19T12:50:20,36.82406,-76.28909,0.0,2.8,511.0,SUNNY WILLIAMS,,WDE4940,80,0,25,8,,80,A
367359930,2020-08-19T12:51:21,36.82406,-76.28909,0.0,2.8,511.0,SUNNY WILLIAMS,,WDE4940,80,0,25,8,,80,A
367861000,2020-08-19T12:51:01,36.94637,-76.32981,0.0,0.0,265.0,LARAMIE,IMO8906626,NLAR,80,5,193,29,,,A
367359930,2020-08-19T13:10:30,36.82406,-76.28907,0.0,2.8,511.0,SUNNY WILLIAMS,,WDE4940,80,0,25,8,,80,A
366733250,2020-08-19T13:10:31,37.17019,-76.20213,7.6,68.9,511.0,ATLANTIC SURVEYOR,,WTR5417,70,15,31,7,,,A
366733250,2020-08-19T13:05:53,37.16783,-76.21393,7.4,80.0,511.0,ATLANTIC SURVEYOR,,WTR5417,70,15,31,7,,,A
366733250,2020-08-19T12:37:52,37.20025,-76.27188,7.5,127.0,511.0,ATLANTIC SURVEYOR,,WTR5417,70,15,31,7,,,A
367078110,2020-08-19T13:10:53,36.83855,-76.28198,0.0,29.0,511.0,MARCELLE BORDELON,IMO9350379,WDJ2038,79,3,45,11,3.0,79,A
477196100,2020-08-19T12:36:46,37.19768,-76.13532,0.1,49.6,134.0,DARYA MA,IMO9591674,VRJH5,70,1,229,32,14.5,,A
215677000,2020-08-19T13:12:01,37.23880,-76.11803,0.0,37.8,155.0,RIZE,IMO9584035,9HA2781,70,1,229,32,14.5,,A
366839000,2020-08-19T12:52:02,36.85350,-76.31082,0.0,0.0,39.0,CAPE RISE,IMO7530808,KAFG,70,5,197,32,10.0,,A
367359930,2020-08-19T13:13:01,36.82406,-76.28906,0.0,2.8,511.0,SUNNY WILLIAMS,,WDE4940,80,0,25,8,,80,A
367078110,2020-08-19T12:51:33,36.83854,-76.28197,0.0,330.0,511.0,MARCELLE BORDELON,IMO9350379,WDJ2038,79,3,45,11,3.0,79,A
367821000,2020-08-19T12:59:18,36.97285,-76.43364,0.0,0.0,511.0,YANO,IMO7825409,NAQH,70,0,276,32,13.0,70,A
367932000,2020-08-19T12:56:17,36.94917,-76.32972,0.0,107.0,279.0,JOHN LENTHALL,IMO8325547,NJLN,80,5,193,29,,,A
367932000,2020-08-19T13:11:17,36.94913,-76.32968,0.0,107.0,279.0,JOHN LENTHALL,IMO8325547,NJLN,80,5,193,29,,,A
367861000,2020-08-19T13:12:00,36.94638,-76.32975,0.0,0.0,265.0,LARAMIE,IMO8906626,NLAR,80,5,193,29,,,A
367359930,2020-08-19T13:07:01,36.82405,-76.28907,0.0,2.8,511.0,SUNNY WILLIAMS,,WDE4940,80,0,25,8,,80,A
538002652,2020-08-19T12:59:29,37.18283,-76.11050,0.0,56.0,169.0,NAIAS,IMO9330800,V7KN8,70,1,225,32,14.0,70,A
367078110,2020-08-19T12:39:13,36.83855,-76.28199,0.0,287.0,511.0,MARCELLE BORDELON,IMO9350379,WDJ2038,79,3,45,11,3.0,79,A
367821000,2020-08-19T12:55:48,36.97285,-76.43363,0.0,0.0,511.0,YANO,IMO7825409,NAQH,70,0,276,32,13.0,70,A
305855000,2020-08-19T12:50:48,36.86430,-76.31476,0.0,24.9,225.0,BBC PEARL,IMO9504786,V2FY8,70,5,153,23,9.1,70,A
305855000,2020-08-19T12:53:49,36.86424,-76.31477,0.1,183.6,226.0,BBC PEARL,IMO9504786,V2FY8,70,5,153,23,9.1,70,A
368026000,2020-08-19T12:57:20,36.86577,-76.31603,0.0,19.1,2.0,BENAVIDEZ,IMO9218210,NBHG,70,5,289,32,10.9,70,A
366839000,2020-08-19T12:58:02,36.85348,-76.31083,0.0,0.0,39.0,CAPE RISE,IMO7530808,KAFG,70,5,197,32,10.0,,A
367078110,2020-08-19T13:13:12,36.83855,-76.28198,0.0,334.0,511.0,MARCELLE BORDELON,IMO9350379,WDJ2038,79,3,45,11,3.0,79,A
477196100,2020-08-19T12:54:46,37.19795,-76.13495,0.0,18.4,148.0,DARYA MA,IMO9591674,VRJH5,70,1,229,32,14.5,,A
366839000,2020-08-19T13:00:59,36.85349,-76.31082,0.0,0.0,39.0,CAPE RISE,IMO7530808,KAFG,70,5,197,32,10.0,,A
305855000,2020-08-19T12:56:45,36.86426,-76.31477,0.0,170.5,226.0,BBC PEARL,IMO9504786,V2FY8,70,5,153,23,9.1,70,A
367821000,2020-08-19T13:01:18,36.97285,-76.43364,0.0,0.0,511.0,YANO,IMO7825409,NAQH,70,0,276,32,13.0,70,A
367359930,2020-08-19T13:15:52,36.82406,-76.28906,0.0,2.8,511.0,SUNNY WILLIAMS,,WDE4940,80,0,25,8,,80,A
367359930,2020-08-19T12:54:40,36.82404,-76.28907,0.0,2.8,511.0,SUNNY WILLIAMS,,WDE4940,80,0,25,8,,80,A
367821000,2020-08-19T12:57:48,36.97285,-76.43363,0.0,0.0,511.0,YANO,IMO7825409,NAQH,70,0,276,32,13.0,70,A
367359930,2020-08-19T13:11:32,36.82406,-76.28906,0.0,2.8,511.0,SUNNY WILLIAMS,,WDE4940,80,0,25,8,,80,A
367359930,2020-08-19T12:55:41,36.82404,-76.28907,0.0,2.8,511.0,SUNNY WILLIAMS,,WDE4940,80,0,25,8,,80,A
368026000,2020-08-19T13:15:21,36.86575,-76.31604,0.0,19.1,2.0,BENAVIDEZ,IMO9218210,NBHG,70,5,289,32,10.9,70,A
367861000,2020-08-19T12:45:01,36.94640,-76.32984,0.0,0.0,265.0,LARAMIE,IMO8906626,NLAR,80,5,193,29,,,A
538002652,2020-08-19T12:44:30,37.18282,-76.11055,0.0,56.0,166.0,NAIAS,IMO9330800,V7KN8,70,1,225,32,14.0,70,A
367821000,2020-08-19T13:00:08,36.97285,-76.43364,0.0,0.0,511.0,YANO,IMO7825409,NAQH,70,0,276,32,13.0,70,A
477196100,2020-08-19T12:45:46,37.19790,-76.13507,0.1,18.4,144.0,DARYA MA,IMO9591674,VRJH5,70,1,229,32,14.5,,A
367359930,2020-08-19T12:45:51,36.82405,-76.28907,0.0,2.8,511.0,SUNNY WILLIAMS,,WDE4940,80,0,25,8,,80,A
367359930,2020-08-19T13:17:01,36.82406,-76.28907,0.0,2.8,511.0,SUNNY WILLIAMS,,WDE4940,80,0,25,8,,80,A
367932000,2020-08-19T12:44:17,36.94916,-76.32960,0.0,107.0,279.0,JOHN LENTHALL,IMO8325547,NJLN,80,5,193,29,,,A
366839000,2020-08-19T13:12:59,36.85350,-76.31080,0.0,0.0,39.0,CAPE RISE,IMO7530808,KAFG,70,5,197,32,10.0,,A
368026000,2020-08-19T12:45:20,36.86576,-76.31605,0.0,19.1,2.0,BENAVIDEZ,IMO9218210,NBHG,70,5,289,32,10.9,70,A
367078110,2020-08-19T13:01:13,36.83855,-76.28199,0.0,242.0,511.0,MARCELLE BORDELON,IMO9350379,WDJ2038,79,3,45,11,3.0,79,A
366733250,2020-08-19T13:02:22,37.16797,-76.22297,7.3,99.1,511.0,ATLANTIC SURVEYOR,,WTR5417,70,15,31,7,,,A
367822000,2020-08-19T13:17:55,36.97311,-76.43385,0.0,0.0,238.0,USNS SHUGHART,IMO7825394,NAOQ,70,5,276,32,13.0,70,A
367078110,2020-08-19T13:18:22,36.83856,-76.28198,0.0,329.0,511.0,MARCELLE BORDELON,IMO9350379,WDJ2038,79,3,45,11,3.0,79,A
367822000,2020-08-19T13:05:55,36.97311,-76.43383,0.0,0.0,238.0,USNS SHUGHART,IMO7825394,NAOQ,70,5,276,32,13.0,70,A
538006982,2020-08-19T13:17:53,37.20726,-76.12322,0.1,62.1,172.0,ANTE TOPIC,IMO9737072,V7TR4,70,1,,,,,A
215677000,2020-08-19T12:59:59,37.23857,-76.11847,0.2,28.0,138.0,RIZE,IMO9584035,9HA2781,70,1,229,32,14.5,,A
367822000,2020-08-19T12:59:55,36.97311,-76.43383,0.0,0.0,238.0,USNS SHUGHART,IMO7825394,NAOQ,70,5,276,32,13.0,70,A
367078110,2020-08-19T13:07:22,36.83854,-76.28198,0.0,9.0,511.0,MARCELLE BORDELON,IMO9350379,WDJ2038,79,3,45,11,3.0,79,A
367821000,2020-08-19T12:47:57,36.97286,-76.43362,0.0,0.0,511.0,YANO,IMO7825409,NAQH,70,0,276,32,13.0,70,A
366733250,2020-08-19T13:01:13,37.16905,-76.22555,7.4,126.3,511.0,ATLANTIC SURVEYOR,,WTR5417,70,15,31,7,,,A
366733250,2020-08-19T13:20:53,37.18469,-76.18119,8.1,35.2,511.0,ATLANTIC SURVEYOR,,WTR5417,70,15,31,7,,,A
305855000,2020-08-19T13:20:47,36.86427,-76.31477,0.0,163.2,227.0,BBC PEARL,IMO9504786,V2FY8,70,5,153,23,9.1,70,A
367932000,2020-08-19T13:20:18,36.94917,-76.32981,0.0,107.0,279.0,JOHN LENTHALL,IMO8325547,NJLN,80,5,193,29,,,A
367359930,2020-08-19T13:20:51,36.82407,-76.28907,0.0,2.8,511.0,SUNNY WILLIAMS,,WDE4940,80,0,25,8,,80,A
367359930,2020-08-19T13:03:30,36.82407,-76.28909,0.0,2.8,511.0,SUNNY WILLIAMS,,WDE4940,80,0,25,8,,80,A
215677000,2020-08-19T13:08:55,37.23881,-76.11813,0.1,37.8,150.0,RIZE,IMO9584035,9HA2781,70,1,229,32,14.5,,A
367078110,2020-08-19T13:02:24,36.83855,-76.28198,0.0,292.0,511.0,MARCELLE BORDELON,IMO9350379,WDJ2038,79,3,45,11,3.0,79,A
366839000,2020-08-19T13:04:03,36.85350,-76.31081,0.0,0.0,39.0,CAPE RISE,IMO7530808,KAFG,70,5,197,32,10.0,,A
367078110,2020-08-19T13:03:44,36.83856,-76.28198,0.0,22.0,511.0,MARCELLE BORDELON,IMO9350379,WDJ2038,79,3,45,11,3.0,79,A
366733250,2020-08-19T13:22:02,37.18687,-76.17929,8.1,34.9,511.0,ATLANTIC SURVEYOR,,WTR5417,70,15,31,7,,,A
366733250,2020-08-19T13:03:31,37.16764,-76.21995,7.5,96.7,511.0,ATLANTIC SURVEYOR,,WTR5417,70,15,31,7,,,A
367861000,2020-08-19T13:03:01,36.94637,-76.32975,0.0,0.0,265.0,LARAMIE,IMO8906626,NLAR,80,5,193,29,,,A
368026000,2020-08-19T13:03:21,36.86577,-76.31606,0.0,19.1,2.0,BENAVIDEZ,IMO9218210,NBHG,70,5,289,32,10.9,70,A
368026000,2020-08-19T13:09:21,36.86576,-76.31603,0.0,19.1,2.0,BENAVIDEZ,IMO9218210,NBHG,70,5,289,32,10.9,70,A
367932000,2020-08-19T13:02:17,36.94921,-76.32965,0.0,107.0,279.0,JOHN LENTHALL,IMO8325547,NJLN,80,5,193,29,,,A
367359930,2020-08-19T13:04:41,36.82405,-76.28908,0.0,2.8,511.0,SUNNY WILLIAMS,,WDE4940,80,0,25,8,,80,A
366839000,2020-08-19T12:48:58,36.85348,-76.31084,0.0,0.0,39.0,CAPE RISE,IMO7530808,KAFG,70,5,197,32,10.0,,A
367821000,2020-08-19T13:04:58,36.97285,-76.43364,0.0,0.0,511.0,YANO,IMO7825409,NAQH,70,0,276,32,13.0,70,A
367078110,2020-08-19T13:06:13,36.83855,-76.28198,0.0,347.0,511.0,MARCELLE BORDELON,IMO9350379,WDJ2038,79,3,45,11,3.0,79,A
305855000,2020-08-19T13:05:47,36.86426,-76.31477,0.0,155.4,226.0,BBC PEARL,IMO9504786,V2FY8,70,5,153,23,9.1,70,A
538002652,2020-08-19T13:23:28,37.18290,-76.11052,0.0,56.0,169.0,NAIAS,IMO9330800,V7KN8,70,1,225,32,14.0,70,A
367359930,2020-08-19T13:05:52,36.82405,-76.28907,0.0,2.8,511.0,SUNNY WILLIAMS,,WDE4940,80,0,25,8,,80,A
366733250,2020-08-19T13:11:42,37.17120,-76.19925,7.6,62.3,511.0,ATLANTIC SURVEYOR,,WTR5417,70,15,31,7,,,A
366839000,2020-08-19T13:06:58,36.85351,-76.31082,0.0,0.0,39.0,CAPE RISE,IMO7530808,KAFG,70,5,197,32,10.0,,A
367821000,2020-08-19T13:17:08,36.97282,-76.43365,0.0,0.0,511.0,YANO,IMO7825409,NAQH,70,0,276,32,13.0,70,A
305855000,2020-08-19T13:11:48,36.86427,-76.31479,0.0,152.1,227.0,BBC PEARL,IMO9504786,V2FY8,70,5,153,23,9.1,70,A
538006982,2020-08-19T13:05:53,37.20714,-76.12358,0.2,100.3,160.0,ANTE TOPIC,IMO9737072,V7TR4,70,1,,,,,A
367822000,2020-08-19T13:23:55,36.97313,-76.43384,0.0,0.0,238.0,USNS SHUGHART,IMO7825394,NAOQ,70,5,276,32,13.0,70,A
367078110,2020-08-19T13:17:03,36.83856,-76.28197,0.0,350.0,511.0,MARCELLE BORDELON,IMO9350379,WDJ2038,79,3,45,11,3.0,79,A
366733250,2020-08-19T13:24:13,37.19089,-76.17581,8.1,34.3,511.0,ATLANTIC SURVEYOR,,WTR5417,70,15,31,7,,,A
215677000,2020-08-19T13:24:02,37.23863,-76.11831,0.1,37.8,149.0,RIZE,IMO9584035,9HA2781,70,1,229,32,14.5,,A
368026000,2020-08-19T13:06:20,36.86577,-76.31605,0.0,19.1,2.0,BENAVIDEZ,IMO9218210,NBHG,70,5,289,32,10.9,70,A
367821000,2020-08-19T13:06:08,36.97285,-76.43364,0.0,0.0,511.0,YANO,IMO7825409,NAQH,70,0,276,32,13.0,70,A
367932000,2020-08-19T13:17:17,36.94915,-76.32977,0.0,107.0,279.0,JOHN LENTHALL,IMO8325547,NJLN,80,5,193,29,,,A
366733250,2020-08-19T13:08:11,37.16862,-76.20795,7.4,80.5,511.0,ATLANTIC SURVEYOR,,WTR5417,70,15,31,7,,,A
367861000,2020-08-19T13:06:01,36.94642,-76.32981,0.0,0.0,265.0,LARAMIE,IMO8906626,NLAR,80,5,193,29,,,A
366733250,2020-08-19T13:12:52,37.17237,-76.19647,7.7,62.8,511.0,ATLANTIC SURVEYOR,,WTR5417,70,15,31,7,,,A
366733250,2020-08-19T13:14:31,37.17404,-76.19254,7.8,62.2,511.0,ATLANTIC SURVEYOR,,WTR5417,70,15,31,7,,,A
367078110,2020-08-19T13:14:43,36.83855,-76.28198,0.0,255.0,511.0,MARCELLE BORDELON,IMO9350379,WDJ2038,79,3,45,11,3.0,79,A
367822000,2020-08-19T12:53:55,36.97312,-76.43383,0.0,0.0,238.0,USNS SHUGHART,IMO7825394,NAOQ,70,5,276,32,13.0,70,A
367861000,2020-08-19T13:09:00,36.94638,-76.32980,0.0,0.0,265.0,LARAMIE,IMO8906626,NLAR,80,5,193,29,,,A
367359930,2020-08-19T13:19:41,36.82406,-76.28906,0.0,2.8,511.0,SUNNY WILLIAMS,,WDE4940,80,0,25,8,,80,A
305855000,2020-08-19T13:08:48,36.86425,-76.31477,0.0,188.2,226.0,BBC PEARL,IMO9504786,V2FY8,70,5,153,23,9.1,70,A
538002652,2020-08-19T13:26:28,37.18287,-76.11048,0.0,56.0,167.0,NAIAS,IMO9330800,V7KN8,70,1,225,32,14.0,70,A
538002652,2020-08-19T12:53:30,37.18285,-76.11052,0.0,56.0,168.0,NAIAS,IMO9330800,V7KN8,70,1,225,32,14.0,70,A
477196100,2020-08-19T13:09:45,37.19804,-76.13484,0.0,18.4,152.0,DARYA MA,IMO9591674,VRJH5,70,1,229,32,14.5,,A
367078110,2020-08-19T12:56:43,36.83855,-76.28198,0.0,272.0,511.0,MARCELLE BORDELON,IMO9350379,WDJ2038,79,3,45,11,3.0,79,A
367359930,2020-08-19T13:28:12,36.82408,-76.28907,0.0,2.8,511.0,SUNNY WILLIAMS,,WDE4940,80,0,25,8,,80,A
367821000,2020-08-19T13:29:07,36.97283,-76.43365,0.0,0.0,511.0,YANO,IMO7825409,NAQH,70,0,276,32,13.0,70,A
477196100,2020-08-19T12:57:46,37.19795,-76.13492,0.0,18.4,150.0,DARYA MA,IMO9591674,VRJH5,70,1,229,32,14.5,,A
367822000,2020-08-19T13:08:55,36.97312,-76.43387,0.0,0.0,238.0,USNS SHUGHART,IMO7825394,NAOQ,70,5,276,32,13.0,70,A
367822000,2020-08-19T13:14:54,36.97311,-76.43385,0.0,0.0,238.0,USNS SHUGHART,IMO7825394,NAOQ,70,5,276,32,13.0,70,A
367821000,2020-08-19T13:09:38,36.97285,-76.43364,0.0,0.0,511.0,YANO,IMO7825409,NAQH,70,0,276,32,13.0,70,A
367861000,2020-08-19T13:21:01,36.94638,-76.32976,0.0,0.0,265.0,LARAMIE,IMO8906626,NLAR,80,5,193,29,,,A
477196100,2020-08-19T13:21:43,37.19808,-76.13466,0.1,18.4,159.0,DARYA MA,IMO9591674,VRJH5,70,1,229,32,14.5,,A
366733250,2020-08-19T13:28:12,37.19836,-76.16941,8.2,34.1,511.0,ATLANTIC SURVEYOR,,WTR5417,70,15,31,7,,,A
367359930,2020-08-19T12:59:01,36.82406,-76.28909,0.0,2.8,511.0,SUNNY WILLIAMS,,WDE4940,80,0,25,8,,80,A
367821000,2020-08-19T13:30:18,36.97283,-76.43365,0.0,0.0,511.0,YANO,IMO7825409,NAQH,70,0,276,32,13.0,70,A
367821000,2020-08-19T13:10:47,36.97285,-76.43364,0.0,0.0,511.0,YANO,IMO7825409,NAQH,70,0,276,32,13.0,70,A
367078110,2020-08-19T13:22:33,36.83855,-76.28198,0.0,329.0,511.0,MARCELLE BORDELON,IMO9350379,WDJ2038,79,3,45,11,3.0,79,A
367359930,2020-08-19T13:24:11,36.82408,-76.28909,0.1,2.8,511.0,SUNNY WILLIAMS,,WDE4940,80,0,25,8,,80,A
538002652,2020-08-19T13:17:30,37.18288,-76.11043,0.0,56.0,171.0,NAIAS,IMO9330800,V7KN8,70,1,225,32,14.0,70,A
367822000,2020-08-19T13:11:55,36.97310,-76.43385,0.0,0.0,238.0,USNS SHUGHART,IMO7825394,NAOQ,70,5,276,32,13.0,70,A
367932000,2020-08-19T13:23:17,36.94912,-76.32961,0.0,107.0,279.0,JOHN LENTHALL,IMO8325547,NJLN,80,5,193,29,,,A
367821000,2020-08-19T13:11:57,36.97284,-76.43369,0.0,0.0,511.0,YANO,IMO7825409,NAQH,70,0,276,32,13.0,70,A
367821000,2020-08-19T13:18:48,36.97283,-76.43366,0.0,0.0,511.0,YANO,IMO7825409,NAQH,70,0,276,32,13.0,70,A
305855000,2020-08-19T13:23:47,36.86429,-76.31477,0.0,89.3,226.0,BBC PEARL,IMO9504786,V2FY8,70,5,153,23,9.1,70,A
368026000,2020-08-19T13:30:20,36.86575,-76.31604,0.0,19.1,2.0,BENAVIDEZ,IMO9218210,NBHG,70,5,289,32,10.9,70,A
366733250,2020-08-19T13:29:22,37.20058,-76.16748,8.2,34.8,511.0,ATLANTIC SURVEYOR,,WTR5417,70,15,31,7,,,A
538006982,2020-08-19T13:29:53,37.20728,-76.12297,0.1,116.8,180.0,ANTE TOPIC,IMO9737072,V7TR4,70,1,,,,,A
368026000,2020-08-19T13:12:20,36.86578,-76.31602,0.0,19.1,2.0,BENAVIDEZ,IMO9218210,NBHG,70,5,289,32,10.9,70,A
367821000,2020-08-19T13:25:27,36.97283,-76.43366,0.0,0.0,511.0,YANO,IMO7825409,NAQH,70,0,276,32,13.0,70,A
368026000,2020-08-19T13:24:20,36.86577,-76.31604,0.1,19.1,2.0,BENAVIDEZ,IMO9218210,NBHG,70,5,289,32,10.9,70,A
538002652,2020-08-19T13:32:29,37.18295,-76.11050,0.0,56.0,166.0,NAIAS,IMO9330800,V7KN8,70,1,225,32,14.0,70,A
367078110,2020-08-19T13:32:42,36.83855,-76.28198,0.0,258.0,511.0,MARCELLE BORDELON,IMO9350379,WDJ2038,79,3,45,11,3.0,79,A
367932000,2020-08-19T13:32:17,36.94917,-76.32964,0.0,107.0,279.0,JOHN LENTHALL,IMO8325547,NJLN,80,5,193,29,,,A
305855000,2020-08-19T13:14:49,36.86427,-76.31476,0.0,165.6,227.0,BBC PEARL,IMO9504786,V2FY8,70,5,153,23,9.1,70,A
538006982,2020-08-19T13:14:53,37.20721,-76.12327,0.1,83.0,170.0,ANTE TOPIC,IMO9737072,V7TR4,70,1,,,,,A
367078110,2020-08-19T13:21:22,36.83855,-76.28198,0.0,353.0,511.0,MARCELLE BORDELON,IMO9350379,WDJ2038,79,3,45,11,3.0,79,A
366733250,2020-08-19T13:25:21,37.19303,-76.17397,8.1,33.9,511.0,ATLANTIC SURVEYOR,,WTR5417,70,15,31,7,,,A
215677000,2020-08-19T13:14:58,37.23873,-76.11805,0.1,37.8,156.0,RIZE,IMO9584035,9HA2781,70,1,229,32,14.5,,A
367359930,2020-08-19T13:26:31,36.82407,-76.28907,0.0,2.8,511.0,SUNNY WILLIAMS,,WDE4940,80,0,25,8,,80,A
367821000,2020-08-19T13:15:48,36.97282,-76.43366,0.0,0.0,511.0,YANO,IMO7825409,NAQH,70,0,276,32,13.0,70,A
367078110,2020-08-19T13:15:52,36.83855,-76.28198,0.0,262.0,511.0,MARCELLE BORDELON,IMO9350379,WDJ2038,79,3,45,11,3.0,79,A
367078110,2020-08-19T13:27:23,36.83859,-76.28195,0.0,8.0,511.0,MARCELLE BORDELON,IMO9350379,WDJ2038,79,3,45,11,3.0,79,A
215677000,2020-08-19T13:26:58,37.23868,-76.11837,0.1,37.8,146.0,RIZE,IMO9584035,9HA2781,70,1,229,32,14.5,,A
367078110,2020-08-19T13:33:52,36.83855,-76.28197,0.0,6.0,511.0,MARCELLE BORDELON,IMO9350379,WDJ2038,79,3,45,11,3.0,79,A
367821000,2020-08-19T13:22:18,36.97283,-76.43366,0.0,0.0,511.0,YANO,IMO7825409,NAQH,70,0,276,32,13.0,70,A
538006982,2020-08-19T13:23:53,37.20728,-76.12313,0.1,106.0,175.0,ANTE TOPIC,IMO9737072,V7TR4,70,1,,,,,A
366733250,2020-08-19T13:23:12,37.18902,-76.17741,8.1,34.6,511.0,ATLANTIC SURVEYOR,,WTR5417,70,15,31,7,,,A
477196100,2020-08-19T13:15:44,37.19806,-76.13471,0.0,18.4,156.0,DARYA MA,IMO9591674,VRJH5,70,1,229,32,14.5,,A
367078110,2020-08-19T13:36:14,36.83855,-76.28198,0.0,7.0,511.0,MARCELLE BORDELON,IMO9350379,WDJ2038,79,3,45,11,3.0,79,A
367821000,2020-08-19T13:37:07,36.97284,-76.43365,0.0,0.0,511.0,YANO,IMO7825409,NAQH,70,0,276,32,13.0,70,A
215677000,2020-08-19T13:18:01,37.23867,-76.11813,0.1,37.8,153.0,RIZE,IMO9584035,9HA2781,70,1,229,32,14.5,,A
538006982,2020-08-19T13:35:53,37.20725,-76.12289,0.1,132.3,186.0,ANTE TOPIC,IMO9737072,V7TR4,70,1,,,,,A
367932000,2020-08-19T13:35:17,36.94917,-76.32963,0.0,107.0,279.0,JOHN LENTHALL,IMO8325547,NJLN,80,5,193,29,,,A
367861000,2020-08-19T13:18:00,36.94641,-76.32984,0.0,0.0,265.0,LARAMIE,IMO8906626,NLAR,80,5,193,29,,,A
367078110,2020-08-19T13:37:23,36.83855,-76.28197,0.0,275.0,511.0,MARCELLE BORDELON,IMO9350379,WDJ2038,79,3,45,11,3.0,79,A
215677000,2020-08-19T13:02:59,37.23868,-76.11835,0.1,31.9,142.0,RIZE,IMO9584035,9HA2781,70,1,229,32,14.5,,A
366733250,2020-08-19T13:39:42,37.22048,-76.15160,8.2,28.7,511.0,ATLANTIC SURVEYOR,,WTR5417,70,15,31,7,,,A
366733250,2020-08-19T13:27:01,37.19617,-76.17129,8.2,33.6,511.0,ATLANTIC SURVEYOR,,WTR5417,70,15,31,7,,,A
367359930,2020-08-19T13:18:11,36.82406,-76.28907,0.1,2.8,511.0,SUNNY WILLIAMS,,WDE4940,80,0,25,8,,80,A
367359930,2020-08-19T13:29:22,36.82405,-76.28907,0.1,2.8,511.0,SUNNY WILLIAMS,,WDE4940,80,0,25,8,,80,A
367359930,2020-08-19T13:38:32,36.82404,-76.28905,0.1,2.8,511.0,SUNNY WILLIAMS,,WDE4940,80,0,25,8,,80,A
366839000,2020-08-19T13:18:56,36.85347,-76.31078,0.0,0.0,39.0,CAPE RISE,IMO7530808,KAFG,70,5,197,32,10.0,,A
368026000,2020-08-19T13:27:20,36.86575,-76.31603,0.0,19.1,2.0,BENAVIDEZ,IMO9218210,NBHG,70,5,289,32,10.9,70,A
367932000,2020-08-19T13:29:17,36.94913,-76.32967,0.0,107.0,279.0,JOHN LENTHALL,IMO8325547,NJLN,80,5,193,29,,,A
367821000,2020-08-19T13:19:57,36.97283,-76.43367,0.0,0.0,511.0,YANO,IMO7825409,NAQH,70,0,276,32,13.0,70,A
477196100,2020-08-19T13:03:42,37.19798,-76.13487,0.0,18.4,152.0,DARYA MA,IMO9591674,VRJH5,70,1,229,32,14.5,,A
366733250,2020-08-19T13:19:41,37.18250,-76.18313,8.1,35.9,511.0,ATLANTIC SURVEYOR,,WTR5417,70,15,31,7,,,A
367078110,2020-08-19T13:19:52,36.83856,-76.28197,0.0,342.0,511.0,MARCELLE BORDELON,IMO9350379,WDJ2038,79,3,45,11,3.0,79,A
367821000,2020-08-19T13:40:27,36.97284,-76.43366,0.0,0.0,511.0,YANO,IMO7825409,NAQH,70,0,276,32,13.0,70,A
367822000,2020-08-19T13:38:54,36.97313,-76.43384,0.0,0.0,238.0,USNS SHUGHART,IMO7825394,NAOQ,70,5,276,32,13.0,70,A
477196100,2020-08-19T13:39:50,37.19823,-76.13437,0.1,18.4,171.0,DARYA MA,IMO9591674,VRJH5,70,1,229,32,14.5,,A
366733250,2020-08-19T13:04:41,37.16742,-76.21699,7.4,86.5,511.0,ATLANTIC SURVEYOR,,WTR5417,70,15,31,7,,,A
366733250,2020-08-19T13:42:22,37.22570,-76.14775,8.2,30.6,511.0,ATLANTIC SURVEYOR,,WTR5417,70,15,31,7,,,A
215677000,2020-08-19T13:42:03,37.23883,-76.11799,0.2,78.0,145.0,RIZE,IMO9584035,9HA2781,70,1,229,32,14.5,,A
367821000,2020-08-19T13:21:17,36.97283,-76.43366,0.0,0.0,511.0,YANO,IMO7825409,NAQH,70,0,276,32,13.0,70,A
368026000,2020-08-19T13:21:22,36.86574,-76.31604,0.1,19.1,2.0,BENAVIDEZ,IMO9218210,NBHG,70,5,289,32,10.9,70,A
366839000,2020-08-19T13:22:00,36.85351,-76.31083,0.0,0.0,39.0,CAPE RISE,IMO7530808,KAFG,70,5,197,32,10.0,,A
368026000,2020-08-19T13:33:21,36.86576,-76.31603,0.0,19.1,2.0,BENAVIDEZ,IMO9218210,NBHG,70,5,289,32,10.9,70,A
305855000,2020-08-19T13:29:46,36.86431,-76.31479,0.0,219.5,226.0,BBC PEARL,IMO9504786,V2FY8,70,5,153,23,9.1,70,A
367821000,2020-08-19T13:24:08,36.97283,-76.43366,0.0,0.0,511.0,YANO,IMO7825409,NAQH,70,0,276,32,13.0,70,A
366733250,2020-08-19T13:07:01,37.16824,-76.21095,7.5,81.1,511.0,ATLANTIC SURVEYOR,,WTR5417,70,15,31,7,,,A
367861000,2020-08-19T13:33:01,36.94633,-76.32971,0.0,0.0,265.0,LARAMIE,IMO8906626,NLAR,80,5,193,29,,,A
215677000,2020-08-19T00:08:55,37.23915,-76.11856,0.1,58.9,148.0,RIZE,IMO9584035,9HA2781,70,1,229,32,14.5,,A
367078110,2020-08-19T13:24:23,36.83855,-76.28198,0.0,307.0,511.0,MARCELLE BORDELON,IMO9350379,WDJ2038,79,3,45,11,3.0,79,A
366839000,2020-08-19T13:30:57,36.85348,-76.31081,0.0,0.0,39.0,CAPE RISE,IMO7530808,KAFG,70,5,197,32,10.0,,A
367359930,2020-08-19T13:23:01,36.82407,-76.28910,0.0,2.8,511.0,SUNNY WILLIAMS,,WDE4940,80,0,25,8,,80,A
305855000,2020-08-19T13:41:49,36.86432,-76.31478,0.0,135.1,226.0,BBC PEARL,IMO9504786,V2FY8,70,5,153,23,9.1,70,A
367078110,2020-08-19T13:43:42,36.83855,-76.28198,0.0,83.0,511.0,MARCELLE BORDELON,IMO9350379,WDJ2038,79,3,45,11,3.0,79,A
367359930,2020-08-19T13:43:11,36.82405,-76.28907,0.1,2.8,511.0,SUNNY WILLIAMS,,WDE4940,80,0,25,8,,80,A
366839000,2020-08-19T13:34:00,36.85343,-76.31079,0.0,0.0,39.0,CAPE RISE,IMO7530808,KAFG,70,5,197,32,10.0,,A
477196100,2020-08-19T13:24:46,37.19811,-76.13462,0.1,18.4,160.0,DARYA MA,IMO9591674,VRJH5,70,1,229,32,14.5,,A
367359930,2020-08-19T13:25:21,36.82407,-76.28908,0.1,2.8,511.0,SUNNY WILLIAMS,,WDE4940,80,0,25,8,,80,A
367359930,2020-08-19T13:08:11,36.82406,-76.28906,0.0,2.8,511.0,SUNNY WILLIAMS,,WDE4940,80,0,25,8,,80,A
538002652,2020-08-19T13:08:31,37.18287,-76.11045,0.0,56.0,170.0,NAIAS,IMO9330800,V7KN8,70,1,225,32,14.0,70,A
367078110,2020-08-19T13:08:32,36.83855,-76.28198,0.0,357.0,511.0,MARCELLE BORDELON,IMO9350379,WDJ2038,79,3,45,11,3.0,79,A
367821000,2020-08-19T13:08:28,36.97285,-76.43364,0.0,0.0,511.0,YANO,IMO7825409,NAQH,70,0,276,32,13.0,70,A
367078110,2020-08-19T13:35:04,36.83856,-76.28196,0.0,307.0,511.0,MARCELLE BORDELON,IMO9350379,WDJ2038,79,3,45,11,3.0,79,A
305855000,2020-08-19T13:32:47,36.86430,-76.31479,0.0,130.0,226.0,BBC PEARL,IMO9504786,V2FY8,70,5,153,23,9.1,70,A
305855000,2020-08-19T13:35:47,36.86428,-76.31477,0.0,130.0,226.0,BBC PEARL,IMO9504786,V2FY8,70,5,153,23,9.1,70,A
215677000,2020-08-19T13:32:58,37.23876,-76.11841,0.1,37.8,141.0,RIZE,IMO9584035,9HA2781,70,1,229,32,14.5,,A
366839000,2020-08-19T13:10:04,36.85346,-76.31080,0.0,0.0,39.0,CAPE RISE,IMO7530808,KAFG,70,5,197,32,10.0,,A
477196100,2020-08-19T13:45:49,37.19828,-76.13445,0.0,18.4,169.0,DARYA MA,IMO9591674,VRJH5,70,1,229,32,14.5,,A
367359930,2020-08-19T13:37:21,36.82405,-76.28905,0.0,2.8,511.0,SUNNY WILLIAMS,,WDE4940,80,0,25,8,,80,A
538002652,2020-08-19T13:35:29,37.18295,-76.11048,0.0,125.0,166.0,NAIAS,IMO9330800,V7KN8,70,1,225,32,14.0,70,A
211839000,2020-08-19T13:47:18,36.96916,-76.09152,18.7,290.3,290.0,CHICAGO EXPRESS,IMO9295268,DCUJ2,70,0,336,42,14.6,79,A
538006982,2020-08-19T13:26:53,37.20729,-76.12306,0.1,105.8,177.0,ANTE TOPIC,IMO9737072,V7TR4,70,1,,,,,A
368026000,2020-08-19T13:39:21,36.86579,-76.31606,0.0,19.1,2.0,BENAVIDEZ,IMO9218210,NBHG,70,5,289,32,10.9,70,A
215677000,2020-08-19T13:36:04,37.23879,-76.11829,0.1,37.8,141.0,RIZE,IMO9584035,9HA2781,70,1,229,32,14.5,,A
367861000,2020-08-19T13:39:00,36.94638,-76.32985,0.0,0.0,265.0,LARAMIE,IMO8906626,NLAR,80,5,193,29,,,A
215677000,2020-08-19T13:48:04,37.23891,-76.11772,0.1,66.2,152.0,RIZE,IMO9584035,9HA2781,70,1,229,32,14.5,,A
367932000,2020-08-19T13:26:17,36.94910,-76.32961,0.0,107.0,279.0,JOHN LENTHALL,IMO8325547,NJLN,80,5,193,29,,,A
305855000,2020-08-19T13:26:47,36.86427,-76.31479,0.0,193.7,226.0,BBC PEARL,IMO9504786,V2FY8,70,5,153,23,9.1,70,A
477196100,2020-08-19T13:27:47,37.19815,-76.13457,0.0,18.4,161.0,DARYA MA,IMO9591674,VRJH5,70,1,229,32,14.5,,A
367821000,2020-08-19T13:27:48,36.97283,-76.43366,0.0,0.0,511.0,YANO,IMO7825409,NAQH,70,0,276,32,13.0,70,A
538002652,2020-08-19T13:38:30,37.18293,-76.11040,0.0,127.0,167.0,NAIAS,IMO9330800,V7KN8,70,1,225,32,14.0,70,A
368026000,2020-08-19T13:36:20,36.86575,-76.31600,0.0,19.1,2.0,BENAVIDEZ,IMO9218210,NBHG,70,5,289,32,10.9,70,A
305855000,2020-08-19T13:47:46,36.86427,-76.31475,0.0,119.8,227.0,BBC PEARL,IMO9504786,V2FY8,70,5,153,23,9.1,70,A
538002652,2020-08-19T13:11:29,37.18288,-76.11042,0.0,56.0,171.0,NAIAS,IMO9330800,V7KN8,70,1,225,32,14.0,70,A
367822000,2020-08-19T13:29:56,36.97313,-76.43384,0.0,0.0,238.0,USNS SHUGHART,IMO7825394,NAOQ,70,5,276,32,13.0,70,A
215677000,2020-08-19T13:38:57,37.23883,-76.11817,0.1,78.9,142.0,RIZE,IMO9584035,9HA2781,70,1,229,32,14.5,,A
538006982,2020-08-19T13:11:53,37.20719,-76.12336,0.1,112.8,167.0,ANTE TOPIC,IMO9737072,V7TR4,70,1,,,,,A
367359930,2020-08-19T13:31:22,36.82403,-76.28906,0.0,2.8,511.0,SUNNY WILLIAMS,,WDE4940,80,0,25,8,,80,A
367821000,2020-08-19T13:31:27,36.97283,-76.43365,0.0,0.0,511.0,YANO,IMO7825409,NAQH,70,0,276,32,13.0,70,A
477196100,2020-08-19T13:30:46,37.19817,-76.13447,0.1,18.4,165.0,DARYA MA,IMO9591674,VRJH5,70,1,229,32,14.5,,A
538006982,2020-08-19T13:50:53,37.20736,-76.12293,0.0,113.5,187.0,ANTE TOPIC,IMO9737072,V7TR4,70,1,,,,,A
367078110,2020-08-19T13:52:13,36.83857,-76.28192,0.0,342.0,511.0,MARCELLE BORDELON,IMO9350379,WDJ2038,79,3,45,11,3.0,79,A
367822000,2020-08-19T13:50:54,36.97312,-76.43380,0.0,0.0,238.0,USNS SHUGHART,IMO7825394,NAOQ,70,5,276,32,13.0,70,A
367821000,2020-08-19T13:41:57,36.97284,-76.43365,0.0,0.0,511.0,YANO,IMO7825409,NAQH,70,0,276,32,13.0,70,A
367078110,2020-08-19T13:41:42,36.83855,-76.28198,0.0,303.0,511.0,MARCELLE BORDELON,IMO9350379,WDJ2038,79,3,45,11,3.0,79,A
366733250,2020-08-19T13:32:51,37.20713,-76.16181,8.2,35.6,511.0,ATLANTIC SURVEYOR,,WTR5417,70,15,31,7,,,A
367821000,2020-08-19T13:32:28,36.97283,-76.43365,0.0,0.0,511.0,YANO,IMO7825409,NAQH,70,0,276,32,13.0,70,A
367822000,2020-08-19T13:41:55,36.97313,-76.43379,0.0,0.0,238.0,USNS SHUGHART,IMO7825394,NAOQ,70,5,276,32,13.0,70,A
367861000,2020-08-19T13:51:00,36.94638,-76.32991,0.0,0.0,265.0,LARAMIE,IMO8906626,NLAR,80,5,193,29,,,A
366733250,2020-08-19T13:30:33,37.20277,-76.16557,8.2,34.8,511.0,ATLANTIC SURVEYOR,,WTR5417,70,15,31,7,,,A
367359930,2020-08-19T13:34:12,36.82405,-76.28905,0.1,2.8,511.0,SUNNY WILLIAMS,,WDE4940,80,0,25,8,,80,A
367932000,2020-08-19T13:53:18,36.94915,-76.32966,0.0,107.0,279.0,JOHN LENTHALL,IMO8325547,NJLN,80,5,193,29,,,A
367822000,2020-08-19T13:32:55,36.97313,-76.43384,0.0,0.0,238.0,USNS SHUGHART,IMO7825394,NAOQ,70,5,276,32,13.0,70,A
367359930,2020-08-19T13:35:21,36.82404,-76.28906,0.1,2.8,511.0,SUNNY WILLIAMS,,WDE4940,80,0,25,8,,80,A
211839000,2020-08-19T13:45:42,36.96632,-76.08174,18.7,288.4,290.0,CHICAGO EXPRESS,IMO9295268,DCUJ2,70,0,336,42,14.6,79,A
368026000,2020-08-19T13:54:22,36.86575,-76.31602,0.0,19.1,2.0,BENAVIDEZ,IMO9218210,NBHG,70,5,289,32,10.9,70,A
367861000,2020-08-19T13:36:00,36.94637,-76.32978,0.0,0.0,265.0,LARAMIE,IMO8906626,NLAR,80,5,193,29,,,A
366839000,2020-08-19T13:45:59,36.85346,-76.31079,0.0,0.0,39.0,CAPE RISE,IMO7530808,KAFG,70,5,197,32,10.0,,A
367359930,2020-08-19T13:46:01,36.82404,-76.28907,0.0,2.8,511.0,SUNNY WILLIAMS,,WDE4940,80,0,25,8,,80,A
367078110,2020-08-19T13:55:42,36.83855,-76.28197,0.0,285.0,511.0,MARCELLE BORDELON,IMO9350379,WDJ2038,79,3,45,11,3.0,79,A
477196100,2020-08-19T13:54:47,37.19828,-76.13435,0.0,18.4,171.0,DARYA MA,IMO9591674,VRJH5,70,1,229,32,14.5,,A
367822000,2020-08-19T13:44:56,36.97312,-76.43379,0.0,0.0,238.0,USNS SHUGHART,IMO7825394,NAOQ,70,5,276,32,13.0,70,A
366839000,2020-08-19T13:36:56,36.85349,-76.31081,0.0,0.0,39.0,CAPE RISE,IMO7530808,KAFG,70,5,197,32,10.0,,A
211839000,2020-08-19T13:56:47,36.98483,-76.14946,18.0,287.5,286.0,CHICAGO EXPRESS,IMO9295268,DCUJ2,70,0,336,42,14.6,79,A
367861000,2020-08-19T13:56:59,36.94635,-76.32980,0.0,0.0,265.0,LARAMIE,IMO8906626,NLAR,80,5,193,29,,,A
366733250,2020-08-19T13:34:51,37.21092,-76.15861,8.2,32.1,511.0,ATLANTIC SURVEYOR,,WTR5417,70,15,31,7,,,A
477196100,2020-08-19T13:33:49,37.19819,-76.13436,0.1,18.4,169.0,DARYA MA,IMO9591674,VRJH5,70,1,229,32,14.5,,A
367078110,2020-08-19T13:57:22,36.83855,-76.28198,0.0,325.0,511.0,MARCELLE BORDELON,IMO9350379,WDJ2038,79,3,45,11,3.0,79,A
367821000,2020-08-19T13:34:18,36.97283,-76.43365,0.0,0.0,511.0,YANO,IMO7825409,NAQH,70,0,276,32,13.0,70,A
538006982,2020-08-19T13:47:53,37.20734,-76.12293,0.0,113.5,187.0,ANTE TOPIC,IMO9737072,V7TR4,70,1,,,,,A
305855000,2020-08-19T13:38:46,36.86429,-76.31478,0.0,177.2,226.0,BBC PEARL,IMO9504786,V2FY8,70,5,153,23,9.1,70,A
305855000,2020-08-19T13:56:49,36.86428,-76.31478,0.0,188.5,227.0,BBC PEARL,IMO9504786,V2FY8,70,5,153,23,9.1,70,A
367078110,2020-08-19T13:59:22,36.83854,-76.28197,0.0,301.0,511.0,MARCELLE BORDELON,IMO9350379,WDJ2038,79,3,45,11,3.0,79,A
366733250,2020-08-19T13:38:01,37.21714,-76.15397,8.2,30.3,511.0,ATLANTIC SURVEYOR,,WTR5417,70,15,31,7,,,A
367821000,2020-08-19T13:35:48,36.97283,-76.43365,0.0,0.0,511.0,YANO,IMO7825409,NAQH,70,0,276,32,13.0,70,A
368026000,2020-08-19T13:45:20,36.86577,-76.31608,0.1,19.1,2.0,BENAVIDEZ,IMO9218210,NBHG,70,5,289,32,10.9,70,A
367932000,2020-08-19T13:38:17,36.94921,-76.32968,0.0,107.0,279.0,JOHN LENTHALL,IMO8325547,NJLN,80,5,193,29,,,A
211839000,2020-08-19T13:50:05,36.97386,-76.10848,18.6,288.6,288.0,CHICAGO EXPRESS,IMO9295268,DCUJ2,70,0,336,42,14.6,79,A
366733250,2020-08-19T13:45:42,37.23222,-76.14296,8.1,29.9,511.0,ATLANTIC SURVEYOR,,WTR5417,70,15,31,7,,,A
366733250,2020-08-19T13:59:21,37.25841,-76.12220,8.1,34.2,511.0,ATLANTIC SURVEYOR,,WTR5417,70,15,31,7,,,A
538002652,2020-08-19T13:56:31,37.18302,-76.11018,0.0,100.0,174.0,NAIAS,IMO9330800,V7KN8,70,1,225,32,14.0,70,A
367359930,2020-08-19T13:58:32,36.82404,-76.28907,0.0,2.8,511.0,SUNNY WILLIAMS,,WDE4940,80,0,25,8,,80,A
367932000,2020-08-19T13:59:18,36.94922,-76.32968,0.0,107.0,279.0,JOHN LENTHALL,IMO8325547,NJLN,80,5,193,29,,,A
367821000,2020-08-19T13:49:48,36.97284,-76.43365,0.0,0.0,511.0,YANO,IMO7825409,NAQH,70,0,276,32,13.0,70,A
211839000,2020-08-19T14:00:00,36.98946,-76.16858,18.1,287.5,286.0,CHICAGO EXPRESS,IMO9295268,DCUJ2,70,0,336,42,14.6,79,A
367861000,2020-08-19T14:00:00,36.94639,-76.32980,0.0,0.0,265.0,LARAMIE,IMO8906626,NLAR,80,5,193,29,,,A
215677000,2020-08-19T13:57:01,37.23909,-76.11738,0.1,67.5,163.0,RIZE,IMO9584035,9HA2781,70,1,229,32,14.5,,A
367078110,2020-08-19T13:50:13,36.83855,-76.28197,0.0,13.0,511.0,MARCELLE BORDELON,IMO9350379,WDJ2038,79,3,45,11,3.0,79,A
366733250,2020-08-19T13:58:11,37.25621,-76.12409,8.2,34.5,511.0,ATLANTIC SURVEYOR,,WTR5417,70,15,31,7,,,A
366839000,2020-08-19T13:39:59,36.85348,-76.31078,0.0,0.0,39.0,CAPE RISE,IMO7530808,KAFG,70,5,197,32,10.0,,A
366733250,2020-08-19T14:01:11,37.26190,-76.11928,8.2,33.0,511.0,ATLANTIC SURVEYOR,,WTR5417,70,15,31,7,,,A
538002652,2020-08-19T13:20:31,37.18288,-76.11043,0.0,56.0,170.0,NAIAS,IMO9330800,V7KN8,70,1,225,32,14.0,70,A
366733250,2020-08-19T13:49:21,37.23967,-76.13840,8.0,27.3,511.0,ATLANTIC SURVEYOR,,WTR5417,70,15,31,7,,,A
366733250,2020-08-19T13:36:51,37.21482,-76.15565,8.1,29.9,511.0,ATLANTIC SURVEYOR,,WTR5417,70,15,31,7,,,A
367822000,2020-08-19T13:35:56,36.97313,-76.43384,0.0,0.0,238.0,USNS SHUGHART,IMO7825394,NAOQ,70,5,276,32,13.0,70,A
367861000,2020-08-19T13:47:59,36.94638,-76.32970,0.0,0.0,265.0,LARAMIE,IMO8906626,NLAR,80,5,193,29,,,A
366733250,2020-08-19T14:02:22,37.26414,-76.11747,8.2,32.7,511.0,ATLANTIC SURVEYOR,,WTR5417,70,15,31,7,,,A
538006982,2020-08-19T13:20:53,37.20728,-76.12318,0.1,99.4,174.0,ANTE TOPIC,IMO9737072,V7TR4,70,1,,,,,A
368026000,2020-08-19T13:48:20,36.86574,-76.31602,0.0,19.1,2.0,BENAVIDEZ,IMO9218210,NBHG,70,5,289,32,10.9,70,A
366733250,2020-08-19T13:53:11,37.24688,-76.13238,8.1,35.1,511.0,ATLANTIC SURVEYOR,,WTR5417,70,15,31,7,,,A
366839000,2020-08-19T13:43:01,36.85348,-76.31083,0.0,0.0,39.0,CAPE RISE,IMO7530808,KAFG,70,5,197,32,10.0,,A
367861000,2020-08-19T13:45:00,36.94643,-76.32976,0.0,0.0,265.0,LARAMIE,IMO8906626,NLAR,80,5,193,29,,,A
367359930,2020-08-19T13:44:51,36.82404,-76.28907,0.0,2.8,511.0,SUNNY WILLIAMS,,WDE4940,80,0,25,8,,80,A
211839000,2020-08-19T13:44:35,36.96452,-76.07484,18.8,287.3,288.0,CHICAGO EXPRESS,IMO9295268,DCUJ2,70,0,336,42,14.6,79,A
366733250,2020-08-19T13:50:31,37.24185,-76.13659,8.1,33.1,511.0,ATLANTIC SURVEYOR,,WTR5417,70,15,31,7,,,A
367821000,2020-08-19T13:39:07,36.97284,-76.43366,0.0,0.0,511.0,YANO,IMO7825409,NAQH,70,0,276,32,13.0,70,A
366839000,2020-08-19T13:48:56,36.85350,-76.31082,0.0,0.0,39.0,CAPE RISE,IMO7530808,KAFG,70,5,197,32,10.0,,A
367078110,2020-08-19T13:45:42,36.83855,-76.28198,0.0,300.0,511.0,MARCELLE BORDELON,IMO9350379,WDJ2038,79,3,45,11,3.0,79,A
367078110,2020-08-19T13:54:22,36.83855,-76.28197,0.0,318.0,511.0,MARCELLE BORDELON,IMO9350379,WDJ2038,79,3,45,11,3.0,79,A
366839000,2020-08-19T14:04:03,36.85349,-76.31078,0.0,0.0,39.0,CAPE RISE,IMO7530808,KAFG,70,5,197,32,10.0,,A
367359930,2020-08-19T13:54:51,36.82405,-76.28907,0.0,2.8,511.0,SUNNY WILLIAMS,,WDE4940,80,0,25,8,,80,A
367359930,2020-08-19T13:40:50,36.82403,-76.28906,0.0,2.8,511.0,SUNNY WILLIAMS,,WDE4940,80,0,25,8,,80,A
368026000,2020-08-19T14:03:20,36.86576,-76.31603,0.0,19.1,2.0,BENAVIDEZ,IMO9218210,NBHG,70,5,289,32,10.9,70,A
215677000,2020-08-19T13:45:01,37.23887,-76.11785,0.1,70.1,148.0,RIZE,IMO9584035,9HA2781,70,1,229,32,14.5,,A
305855000,2020-08-19T13:50:48,36.86427,-76.31476,0.0,172.2,227.0,BBC PEARL,IMO9504786,V2FY8,70,5,153,23,9.1,70,A
367861000,2020-08-19T13:24:01,36.94635,-76.32983,0.0,0.0,265.0,LARAMIE,IMO8906626,NLAR,80,5,193,29,,,A
477196100,2020-08-19T14:03:45,37.19827,-76.13429,0.0,18.4,172.0,DARYA MA,IMO9591674,VRJH5,70,1,229,32,14.5,,A
538002652,2020-08-19T13:53:28,37.18302,-76.11025,0.0,100.0,173.0,NAIAS,IMO9330800,V7KN8,70,1,225,32,14.0,70,A
538006982,2020-08-19T14:05:53,37.20739,-76.12299,0.1,118.3,187.0,ANTE TOPIC,IMO9737072,V7TR4,70,1,,,,,A
215677000,2020-08-19T14:06:04,37.23906,-76.11714,0.1,67.5,176.0,RIZE,IMO9584035,9HA2781,70,1,229,32,14.5,,A
538006982,2020-08-19T13:53:53,37.20735,-76.12293,0.0,113.5,187.0,ANTE TOPIC,IMO9737072,V7TR4,70,1,,,,,A
367359930,2020-08-19T13:42:01,36.82404,-76.28906,0.1,2.8,511.0,SUNNY WILLIAMS,,WDE4940,80,0,25,8,,80,A
367359930,2020-08-19T14:05:52,36.82405,-76.28907,0.0,2.8,511.0,SUNNY WILLIAMS,,WDE4940,80,0,25,8,,80,A
366839000,2020-08-19T13:54:59,36.85350,-76.31084,0.0,0.0,39.0,CAPE RISE,IMO7530808,KAFG,70,5,197,32,10.0,,A
367821000,2020-08-19T14:07:08,36.97285,-76.43366,0.0,0.0,511.0,YANO,IMO7825409,NAQH,70,0,276,32,13.0,70,A
367932000,2020-08-19T14:05:17,36.94918,-76.32981,0.0,107.0,279.0,JOHN LENTHALL,IMO8325547,NJLN,80,5,193,29,,,A
367359930,2020-08-19T13:57:00,36.82404,-76.28908,0.1,2.8,511.0,SUNNY WILLIAMS,,WDE4940,80,0,25,8,,80,A
477196100,2020-08-19T14:06:48,37.19830,-76.13427,0.0,18.4,173.0,DARYA MA,IMO9591674,VRJH5,70,1,229,32,14.5,,A
215677000,2020-08-19T13:54:05,37.23904,-76.11748,0.1,67.5,159.0,RIZE,IMO9584035,9HA2781,70,1,229,32,14.5,,A
367821000,2020-08-19T13:46:18,36.97284,-76.43365,0.0,0.0,511.0,YANO,IMO7825409,NAQH,70,0,276,32,13.0,70,A
367078110,2020-08-19T13:25:33,36.83856,-76.28198,0.0,356.0,511.0,MARCELLE BORDELON,IMO9350379,WDJ2038,79,3,45,11,3.0,79,A
538006982,2020-08-19T13:44:53,37.20730,-76.12291,0.0,113.5,187.0,ANTE TOPIC,IMO9737072,V7TR4,70,1,,,,,A
305855000,2020-08-19T13:53:47,36.86427,-76.31476,0.0,161.2,227.0,BBC PEARL,IMO9504786,V2FY8,70,5,153,23,9.1,70,A
367359930,2020-08-19T13:50:11,36.82405,-76.28906,0.0,2.8,511.0,SUNNY WILLIAMS,,WDE4940,80,0,25,8,,80,A
211839000,2020-08-19T14:06:35,36.99947,-76.20845,18.5,288.3,288.0,CHICAGO EXPRESS,IMO9295268,DCUJ2,70,0,336,42,14.6,79,A
367359930,2020-08-19T14:08:12,36.82405,-76.28907,0.0,2.8,511.0,SUNNY WILLIAMS,,WDE4940,80,0,25,8,,80,A
367861000,2020-08-19T13:27:01,36.94638,-76.32981,0.0,0.0,265.0,LARAMIE,IMO8906626,NLAR,80,5,193,29,,,A
367078110,2020-08-19T13:47:23,36.83855,-76.28198,0.0,67.0,511.0,MARCELLE BORDELON,IMO9350379,WDJ2038,79,3,45,11,3.0,79,A
367821000,2020-08-19T13:26:38,36.97283,-76.43366,0.0,0.0,511.0,YANO,IMO7825409,NAQH,70,0,276,32,13.0,70,A
367821000,2020-08-19T13:48:07,36.97284,-76.43365,0.0,0.0,511.0,YANO,IMO7825409,NAQH,70,0,276,32,13.0,70,A
305855000,2020-08-19T14:08:48,36.86428,-76.31476,0.0,160.6,227.0,BBC PEARL,IMO9504786,V2FY8,70,5,153,23,9.1,70,A
538002652,2020-08-19T13:50:30,37.18298,-76.11023,0.0,100.0,173.0,NAIAS,IMO9330800,V7KN8,70,1,225,32,14.0,70,A
367821000,2020-08-19T14:09:28,36.97285,-76.43366,0.0,0.0,511.0,YANO,IMO7825409,NAQH,70,0,276,32,13.0,70,A
368026000,2020-08-19T13:51:20,36.86574,-76.31603,0.0,19.1,2.0,BENAVIDEZ,IMO9218210,NBHG,70,5,289,32,10.9,70,A
367932000,2020-08-19T14:08:16,36.94919,-76.32967,0.0,107.0,279.0,JOHN LENTHALL,IMO8325547,NJLN,80,5,193,29,,,A
366839000,2020-08-19T13:51:58,36.85349,-76.31086,0.0,0.0,39.0,CAPE RISE,IMO7530808,KAFG,70,5,197,32,10.0,,A
367359930,2020-08-19T14:09:22,36.82404,-76.28907,0.0,2.8,511.0,SUNNY WILLIAMS,,WDE4940,80,0,25,8,,80,A
367822000,2020-08-19T13:53:56,36.97312,-76.43381,0.0,0.0,238.0,USNS SHUGHART,IMO7825394,NAOQ,70,5,276,32,13.0,70,A
367821000,2020-08-19T13:55:07,36.97283,-76.43366,0.0,0.0,511.0,YANO,IMO7825409,NAQH,70,0,276,32,13.0,70,A
211839000,2020-08-19T13:48:59,36.97207,-76.10184,18.5,288.3,288.0,CHICAGO EXPRESS,IMO9295268,DCUJ2,70,0,336,42,14.6,79,A
211839000,2020-08-19T13:55:30,36.98285,-76.14172,18.3,289.2,288.0,CHICAGO EXPRESS,IMO9295268,DCUJ2,70,0,336,42,14.6,79,A
477196100,2020-08-19T13:57:43,37.19826,-76.13429,0.0,18.4,173.0,DARYA MA,IMO9591674,VRJH5,70,1,229,32,14.5,,A
538002652,2020-08-19T13:47:30,37.18302,-76.11030,0.0,100.0,172.0,NAIAS,IMO9330800,V7KN8,70,1,225,32,14.0,70,A
367822000,2020-08-19T13:47:56,36.97312,-76.43380,0.0,0.0,238.0,USNS SHUGHART,IMO7825394,NAOQ,70,5,276,32,13.0,70,A
368026000,2020-08-19T13:57:20,36.86577,-76.31601,0.0,19.1,2.0,BENAVIDEZ,IMO9218210,NBHG,70,5,289,32,10.9,70,A
367821000,2020-08-19T14:10:58,36.97285,-76.43366,0.0,0.0,511.0,YANO,IMO7825409,NAQH,70,0,276,32,13.0,70,A
538006982,2020-08-19T13:56:53,37.20738,-76.12295,0.0,113.5,187.0,ANTE TOPIC,IMO9737072,V7TR4,70,1,,,,,A
211839000,2020-08-19T13:51:11,36.97572,-76.11540,18.9,288.0,288.0,CHICAGO EXPRESS,IMO9295268,DCUJ2,70,0,336,42,14.6,79,A
367932000,2020-08-19T14:11:16,36.94919,-76.32966,0.0,107.0,279.0,JOHN LENTHALL,IMO8325547,NJLN,80,5,193,29,,,A
367861000,2020-08-19T13:30:00,36.94636,-76.32978,0.0,0.0,265.0,LARAMIE,IMO8906626,NLAR,80,5,193,29,,,A
538002652,2020-08-19T14:11:29,37.18302,-76.10995,0.0,100.0,179.0,NAIAS,IMO9330800,V7KN8,70,1,225,32,14.0,70,A
538002652,2020-08-19T13:59:28,37.18302,-76.11012,0.0,100.0,176.0,NAIAS,IMO9330800,V7KN8,70,1,225,32,14.0,70,A
367861000,2020-08-19T14:12:01,36.94638,-76.32978,0.0,0.0,265.0,LARAMIE,IMO8906626,NLAR,80,5,193,29,,,A
215677000,2020-08-19T13:51:00,37.23897,-76.11758,0.1,67.5,156.0,RIZE,IMO9584035,9HA2781,70,1,229,32,14.5,,A
538006982,2020-08-19T13:59:53,37.20741,-76.12299,0.0,113.5,186.0,ANTE TOPIC,IMO9737072,V7TR4,70,1,,,,,A
211839000,2020-08-19T14:12:24,37.00778,-76.24456,18.7,276.8,275.0,CHICAGO EXPRESS,IMO9295268,DCUJ2,70,0,336,42,14.6,79,A
367861000,2020-08-19T14:03:00,36.94640,-76.32979,0.0,0.0,265.0,LARAMIE,IMO8906626,NLAR,80,5,193,29,,,A
211839000,2020-08-19T13:54:05,36.98053,-76.13318,18.5,288.9,288.0,CHICAGO EXPRESS,IMO9295268,DCUJ2,70,0,336,42,14.6,79,A
366733250,2020-08-19T14:03:33,37.26643,-76.11561,8.3,32.6,511.0,ATLANTIC SURVEYOR,,WTR5417,70,15,31,7,,,A
366733250,2020-08-19T14:12:42,37.28518,-76.10173,8.6,30.7,511.0,ATLANTIC SURVEYOR,,WTR5417,70,15,31,7,,,A
366733250,2020-08-19T14:04:42,37.26872,-76.11387,8.4,30.6,511.0,ATLANTIC SURVEYOR,,WTR5417,70,15,31,7,,,A
538006982,2020-08-19T13:32:53,37.20728,-76.12291,0.1,118.3,183.0,ANTE TOPIC,IMO9737072,V7TR4,70,1,,,,,A
211839000,2020-08-19T14:02:12,36.99262,-76.18185,18.2,286.0,286.0,CHICAGO EXPRESS,IMO9295268,DCUJ2,70,0,336,42,14.6,79,A
367821000,2020-08-19T14:15:07,36.97284,-76.43366,0.0,0.0,511.0,YANO,IMO7825409,NAQH,70,0,276,32,13.0,70,A
366733250,2020-08-19T14:05:51,37.27109,-76.11215,8.4,30.3,511.0,ATLANTIC SURVEYOR,,WTR5417,70,15,31,7,,,A
367359930,2020-08-19T14:02:22,36.82405,-76.28907,0.0,2.8,511.0,SUNNY WILLIAMS,,WDE4940,80,0,25,8,,80,A
366839000,2020-08-19T14:00:59,36.85350,-76.31083,0.0,0.0,39.0,CAPE RISE,IMO7530808,KAFG,70,5,197,32,10.0,,A
366839000,2020-08-19T14:07:01,36.85350,-76.31082,0.0,0.0,39.0,CAPE RISE,IMO7530808,KAFG,70,5,197,32,10.0,,A
366733250,2020-08-19T13:57:02,37.25405,-76.12599,8.0,35.1,511.0,ATLANTIC SURVEYOR,,WTR5417,70,15,31,7,,,A
538006982,2020-08-19T14:14:53,37.20737,-76.12278,0.1,100.2,196.0,ANTE TOPIC,IMO9737072,V7TR4,70,1,,,,,A
367078110,2020-08-19T14:15:53,36.83855,-76.28196,0.0,301.0,511.0,MARCELLE BORDELON,IMO9350379,WDJ2038,79,3,45,11,3.0,79,A
366733250,2020-08-19T14:06:52,37.27313,-76.11066,8.6,30.0,511.0,ATLANTIC SURVEYOR,,WTR5417,70,15,31,7,,,A
211839000,2020-08-19T14:01:05,36.99103,-76.17509,18.1,287.2,286.0,CHICAGO EXPRESS,IMO9295268,DCUJ2,70,0,336,42,14.6,79,A
211839000,2020-08-19T14:07:48,37.00145,-76.21581,18.6,288.3,288.0,CHICAGO EXPRESS,IMO9295268,DCUJ2,70,0,336,42,14.6,79,A
367359930,2020-08-19T14:15:21,36.82404,-76.28908,0.1,2.8,511.0,SUNNY WILLIAMS,,WDE4940,80,0,25,8,,80,A
367078110,2020-08-19T14:01:43,36.83854,-76.28198,0.1,64.0,511.0,MARCELLE BORDELON,IMO9350379,WDJ2038,79,3,45,11,3.0,79,A
367821000,2020-08-19T14:03:47,36.97285,-76.43366,0.0,0.0,511.0,YANO,IMO7825409,NAQH,70,0,276,32,13.0,70,A
367359930,2020-08-19T14:17:51,36.82405,-76.28907,0.0,2.8,511.0,SUNNY WILLIAMS,,WDE4940,80,0,25,8,,80,A
367821000,2020-08-19T14:17:26,36.97284,-76.43366,0.0,0.0,511.0,YANO,IMO7825409,NAQH,70,0,276,32,13.0,70,A
367821000,2020-08-19T13:59:07,36.97284,-76.43367,0.0,0.0,511.0,YANO,IMO7825409,NAQH,70,0,276,32,13.0,70,A
538002652,2020-08-19T14:02:31,37.18300,-76.11007,0.0,100.0,177.0,NAIAS,IMO9330800,V7KN8,70,1,225,32,14.0,70,A
367078110,2020-08-19T14:08:33,36.83855,-76.28197,0.0,269.0,511.0,MARCELLE BORDELON,IMO9350379,WDJ2038,79,3,45,11,3.0,79,A
211839000,2020-08-19T14:08:54,37.00329,-76.22259,18.8,288.9,288.0,CHICAGO EXPRESS,IMO9295268,DCUJ2,70,0,336,42,14.6,79,A
211839000,2020-08-19T13:59:47,36.98918,-76.16738,18.1,287.5,286.0,CHICAGO EXPRESS,IMO9295268,DCUJ2,70,0,336,42,14.6,79,A
367078110,2020-08-19T13:39:42,36.83855,-76.28198,0.0,266.0,511.0,MARCELLE BORDELON,IMO9350379,WDJ2038,79,3,45,11,3.0,79,A
477196100,2020-08-19T14:18:50,37.19824,-76.13395,0.2,94.4,182.0,DARYA MA,IMO9591674,VRJH5,70,1,229,32,14.5,,A
366839000,2020-08-19T14:18:56,36.85350,-76.31081,0.0,0.0,39.0,CAPE RISE,IMO7530808,KAFG,70,5,197,32,10.0,,A
215677000,2020-08-19T14:09:01,37.23902,-76.11706,0.1,67.5,178.0,RIZE,IMO9584035,9HA2781,70,1,229,32,14.5,,A
538006982,2020-08-19T13:38:53,37.20726,-76.12287,0.0,113.5,187.0,ANTE TOPIC,IMO9737072,V7TR4,70,1,,,,,A
367359930,2020-08-19T14:03:31,36.82405,-76.28907,0.0,2.8,511.0,SUNNY WILLIAMS,,WDE4940,80,0,25,8,,80,A
366839000,2020-08-19T14:10:05,36.85348,-76.31080,0.0,0.0,39.0,CAPE RISE,IMO7530808,KAFG,70,5,197,32,10.0,,A
211839000,2020-08-19T14:19:24,37.00249,-76.28695,17.0,251.3,249.0,CHICAGO EXPRESS,IMO9295268,DCUJ2,70,0,336,42,14.6,79,A
367359930,2020-08-19T14:04:41,36.82405,-76.28908,0.1,2.8,511.0,SUNNY WILLIAMS,,WDE4940,80,0,25,8,,80,A
538006982,2020-08-19T14:20:53,37.20732,-76.12259,0.1,106.6,202.0,ANTE TOPIC,IMO9737072,V7TR4,70,1,,,,,A
367821000,2020-08-19T14:00:07,36.97284,-76.43367,0.0,0.0,511.0,YANO,IMO7825409,NAQH,70,0,276,32,13.0,70,A
367359930,2020-08-19T14:19:12,36.82405,-76.28907,0.0,2.8,511.0,SUNNY WILLIAMS,,WDE4940,80,0,25,8,,80,A
477196100,2020-08-19T14:00:48,37.19828,-76.13430,0.0,18.4,173.0,DARYA MA,IMO9591674,VRJH5,70,1,229,32,14.5,,A
538002652,2020-08-19T14:20:31,37.18295,-76.10958,0.0,131.0,193.0,NAIAS,IMO9330800,V7KN8,70,1,225,32,14.0,70,A
367078110,2020-08-19T14:04:43,36.83855,-76.28197,0.0,344.0,511.0,MARCELLE BORDELON,IMO9350379,WDJ2038,79,3,45,11,3.0,79,A
368026000,2020-08-19T14:21:21,36.86577,-76.31603,0.0,270.5,2.0,BENAVIDEZ,IMO9218210,NBHG,70,5,289,32,10.9,70,A
538002652,2020-08-19T14:05:31,37.18300,-76.11007,0.0,100.0,178.0,NAIAS,IMO9330800,V7KN8,70,1,225,32,14.0,70,A
367821000,2020-08-19T14:04:48,36.97285,-76.43366,0.0,0.0,511.0,YANO,IMO7825409,NAQH,70,0,276,32,13.0,70,A
305855000,2020-08-19T14:05:49,36.86427,-76.31475,0.0,138.4,227.0,BBC PEARL,IMO9504786,V2FY8,70,5,153,23,9.1,70,A
305855000,2020-08-19T14:20:47,36.86428,-76.31476,0.0,147.3,227.0,BBC PEARL,IMO9504786,V2FY8,70,5,153,23,9.1,70,A
368026000,2020-08-19T14:12:20,36.86576,-76.31604,0.0,19.1,2.0,BENAVIDEZ,IMO9218210,NBHG,70,5,289,32,10.9,70,A
367822000,2020-08-19T14:20:56,36.97314,-76.43381,0.0,0.0,238.0,USNS SHUGHART,IMO7825394,NAOQ,70,5,276,32,13.0,70,A
211839000,2020-08-19T14:05:30,36.99768,-76.20176,18.3,288.3,288.0,CHICAGO EXPRESS,IMO9295268,DCUJ2,70,0,336,42,14.6,79,A
211839000,2020-08-19T14:20:30,37.00055,-76.29290,16.8,247.3,247.0,CHICAGO EXPRESS,IMO9295268,DCUJ2,70,0,336,42,14.6,79,A
367932000,2020-08-19T14:20:17,36.94920,-76.32971,0.0,107.0,279.0,JOHN LENTHALL,IMO8325547,NJLN,80,5,193,29,,,A
367822000,2020-08-19T14:05:55,36.97312,-76.43380,0.0,0.0,238.0,USNS SHUGHART,IMO7825394,NAOQ,70,5,276,32,13.0,70,A
367821000,2020-08-19T14:22:37,36.97285,-76.43366,0.0,0.0,511.0,YANO,IMO7825409,NAQH,70,0,276,32,13.0,70,A
368026000,2020-08-19T14:06:20,36.86575,-76.31603,0.0,19.1,2.0,BENAVIDEZ,IMO9218210,NBHG,70,5,289,32,10.9,70,A
366733250,2020-08-19T13:43:32,37.22798,-76.14608,8.0,30.9,511.0,ATLANTIC SURVEYOR,,WTR5417,70,15,31,7,,,A
367359930,2020-08-19T14:07:00,36.82404,-76.28906,0.0,2.8,511.0,SUNNY WILLIAMS,,WDE4940,80,0,25,8,,80,A
477196100,2020-08-19T14:09:45,37.19830,-76.13423,0.0,18.4,174.0,DARYA MA,IMO9591674,VRJH5,70,1,229,32,14.5,,A
366733250,2020-08-19T14:13:51,37.28753,-76.09989,8.6,31.4,511.0,ATLANTIC SURVEYOR,,WTR5417,70,15,31,7,,,A
367822000,2020-08-19T14:02:55,36.97312,-76.43380,0.0,0.0,238.0,USNS SHUGHART,IMO7825394,NAOQ,70,5,276,32,13.0,70,A
538006982,2020-08-19T14:02:53,37.20740,-76.12300,0.0,113.5,186.0,ANTE TOPIC,IMO9737072,V7TR4,70,1,,,,,A
367821000,2020-08-19T13:43:57,36.97284,-76.43365,0.0,0.0,511.0,YANO,IMO7825409,NAQH,70,0,276,32,13.0,70,A
367078110,2020-08-19T14:07:22,36.83855,-76.28197,0.0,40.0,511.0,MARCELLE BORDELON,IMO9350379,WDJ2038,79,3,45,11,3.0,79,A
367078110,2020-08-19T14:10:43,36.83855,-76.28196,0.0,313.0,511.0,MARCELLE BORDELON,IMO9350379,WDJ2038,79,3,45,11,3.0,79,A
366733250,2020-08-19T14:08:01,37.27555,-76.10892,8.5,29.5,511.0,ATLANTIC SURVEYOR,,WTR5417,70,15,31,7,,,A
367078110,2020-08-19T14:14:42,36.83855,-76.28198,0.0,207.0,511.0,MARCELLE BORDELON,IMO9350379,WDJ2038,79,3,45,11,3.0,79,A
211839000,2020-08-19T14:11:18,37.00701,-76.23751,18.8,285.3,278.0,CHICAGO EXPRESS,IMO9295268,DCUJ2,70,0,336,42,14.6,79,A
538002652,2020-08-19T14:14:28,37.18300,-76.10983,0.1,97.0,182.0,NAIAS,IMO9330800,V7KN8,70,1,225,32,14.0,70,A
538002652,2020-08-19T14:23:31,37.18288,-76.10947,0.1,132.0,198.0,NAIAS,IMO9330800,V7KN8,70,1,225,32,14.0,70,A
367932000,2020-08-19T13:44:16,36.94926,-76.32976,0.0,107.0,279.0,JOHN LENTHALL,IMO8325547,NJLN,80,5,193,29,,,A
367821000,2020-08-19T14:08:17,36.97285,-76.43366,0.0,0.0,511.0,YANO,IMO7825409,NAQH,70,0,276,32,13.0,70,A
538002652,2020-08-19T13:44:28,37.18298,-76.11033,0.0,100.0,170.0,NAIAS,IMO9330800,V7KN8,70,1,225,32,14.0,70,A
305855000,2020-08-19T14:23:48,36.86429,-76.31475,0.0,147.3,227.0,BBC PEARL,IMO9504786,V2FY8,70,5,153,23,9.1,70,A
538006982,2020-08-19T14:23:53,37.20727,-76.12248,0.1,88.7,208.0,ANTE TOPIC,IMO9737072,V7TR4,70,1,,,,,A
367861000,2020-08-19T14:08:59,36.94641,-76.32977,0.0,0.0,265.0,LARAMIE,IMO8906626,NLAR,80,5,193,29,,,A
367078110,2020-08-19T14:25:02,36.83855,-76.28198,0.0,254.0,511.0,MARCELLE BORDELON,IMO9350379,WDJ2038,79,3,45,11,3.0,79,A
367861000,2020-08-19T14:06:00,36.94638,-76.32979,0.0,0.0,265.0,LARAMIE,IMO8906626,NLAR,80,5,193,29,,,A
366733250,2020-08-19T13:47:42,37.23630,-76.14047,8.1,26.7,511.0,ATLANTIC SURVEYOR,,WTR5417,70,15,31,7,,,A
367359930,2020-08-19T14:26:41,36.82406,-76.28907,0.0,2.8,511.0,SUNNY WILLIAMS,,WDE4940,80,0,25,8,,80,A
367861000,2020-08-19T14:17:59,36.94643,-76.32977,0.0,0.0,265.0,LARAMIE,IMO8906626,NLAR,80,5,193,29,,,A
367822000,2020-08-19T14:17:54,36.97315,-76.43382,0.0,0.0,238.0,USNS SHUGHART,IMO7825394,NAOQ,70,5,276,32,13.0,70,A
305855000,2020-08-19T14:26:46,36.86428,-76.31476,0.0,147.3,227.0,BBC PEARL,IMO9504786,V2FY8,70,5,153,23,9.1,70,A
367078110,2020-08-19T14:28:02,36.83855,-76.28198,0.0,63.0,511.0,MARCELLE BORDELON,IMO9350379,WDJ2038,79,3,45,11,3.0,79,A
367359930,2020-08-19T14:13:01,36.82405,-76.28907,0.0,2.8,511.0,SUNNY WILLIAMS,,WDE4940,80,0,25,8,,80,A
367821000,2020-08-19T14:13:58,36.97285,-76.43366,0.0,0.0,511.0,YANO,IMO7825409,NAQH,70,0,276,32,13.0,70,A
211839000,2020-08-19T14:13:29,37.00838,-76.25162,18.6,275.7,273.0,CHICAGO EXPRESS,IMO9295268,DCUJ2,70,0,336,42,14.6,79,A
367359930,2020-08-19T13:47:10,36.82404,-76.28907,0.0,2.8,511.0,SUNNY WILLIAMS,,WDE4940,80,0,25,8,,80,A
366733250,2020-08-19T14:10:22,37.28042,-76.10537,8.5,30.5,511.0,ATLANTIC SURVEYOR,,WTR5417,70,15,31,7,,,A
538002652,2020-08-19T14:08:30,37.18302,-76.11003,0.0,100.0,178.0,NAIAS,IMO9330800,V7KN8,70,1,225,32,14.0,70,A
477196100,2020-08-19T14:27:47,37.19813,-76.13338,0.2,90.7,205.0,DARYA MA,IMO9591674,VRJH5,70,1,229,32,14.5,,A
366733250,2020-08-19T14:09:11,37.27798,-76.10718,8.5,30.6,511.0,ATLANTIC SURVEYOR,,WTR5417,70,15,31,7,,,A
366733250,2020-08-19T14:11:31,37.28276,-76.10358,8.5,32.4,511.0,ATLANTIC SURVEYOR,,WTR5417,70,15,31,7,,,A
368026000,2020-08-19T14:09:22,36.86576,-76.31603,0.0,19.1,2.0,BENAVIDEZ,IMO9218210,NBHG,70,5,289,32,10.9,70,A
367359930,2020-08-19T14:10:42,36.82405,-76.28908,0.0,2.8,511.0,SUNNY WILLIAMS,,WDE4940,80,0,25,8,,80,A
367932000,2020-08-19T14:14:17,36.94925,-76.32967,0.0,107.0,279.0,JOHN LENTHALL,IMO8325547,NJLN,80,5,193,29,,,A
215677000,2020-08-19T14:12:06,37.23900,-76.11704,0.0,67.5,181.0,RIZE,IMO9584035,9HA2781,70,1,229,32,14.5,,A
366733250,2020-08-19T14:19:52,37.29935,-76.09040,8.3,30.6,511.0,ATLANTIC SURVEYOR,,WTR5417,70,15,31,7,,,A
367359930,2020-08-19T13:48:21,36.82405,-76.28906,0.0,2.8,511.0,SUNNY WILLIAMS,,WDE4940,80,0,25,8,,80,A
367359930,2020-08-19T14:29:21,36.82405,-76.28907,0.0,2.8,511.0,SUNNY WILLIAMS,,WDE4940,80,0,25,8,,80,A
477196100,2020-08-19T13:48:47,37.19828,-76.13441,0.0,18.4,170.0,DARYA MA,IMO9591674,VRJH5,70,1,229,32,14.5,,A
367861000,2020-08-19T14:15:01,36.94640,-76.32985,0.0,0.0,265.0,LARAMIE,IMO8906626,NLAR,80,5,193,29,,,A
367861000,2020-08-19T14:30:00,36.94639,-76.32991,0.0,0.0,265.0,LARAMIE,IMO8906626,NLAR,80,5,193,29,,,A
366733250,2020-08-19T14:30:41,37.32166,-76.07671,8.2,26.8,511.0,ATLANTIC SURVEYOR,,WTR5417,70,15,31,7,,,A
367822000,2020-08-19T14:29:56,36.97313,-76.43380,0.0,0.0,238.0,USNS SHUGHART,IMO7825394,NAOQ,70,5,276,32,13.0,70,A
305855000,2020-08-19T14:14:49,36.86428,-76.31476,0.0,147.3,227.0,BBC PEARL,IMO9504786,V2FY8,70,5,153,23,9.1,70,A
215677000,2020-08-19T14:29:59,37.23918,-76.11708,0.0,320.5,192.0,RIZE,IMO9584035,9HA2781,70,1,229,32,14.5,,A
368026000,2020-08-19T14:15:20,36.86576,-76.31606,0.1,270.5,2.0,BENAVIDEZ,IMO9218210,NBHG,70,5,289,32,10.9,70,A
367359930,2020-08-19T14:11:51,36.82405,-76.28907,0.1,2.8,511.0,SUNNY WILLIAMS,,WDE4940,80,0,25,8,,80,A
366733250,2020-08-19T14:29:32,37.31931,-76.07817,8.2,26.3,511.0,ATLANTIC SURVEYOR,,WTR5417,70,15,31,7,,,A
538006982,2020-08-19T14:11:53,37.20739,-76.12289,0.1,104.2,191.0,ANTE TOPIC,IMO9737072,V7TR4,70,1,,,,,A
211839000,2020-08-19T14:15:48,37.00719,-76.26605,18.1,258.1,255.0,CHICAGO EXPRESS,IMO9295268,DCUJ2,70,0,336,42,14.6,79,A
367821000,2020-08-19T13:53:07,36.97284,-76.43366,0.0,0.0,511.0,YANO,IMO7825409,NAQH,70,0,276,32,13.0,70,A
477196100,2020-08-19T14:12:49,37.19825,-76.13420,0.1,18.4,176.0,DARYA MA,IMO9591674,VRJH5,70,1,229,32,14.5,,A
367078110,2020-08-19T14:13:33,36.83855,-76.28198,0.0,315.0,511.0,MARCELLE BORDELON,IMO9350379,WDJ2038,79,3,45,11,3.0,79,A
367359930,2020-08-19T14:22:01,36.82405,-76.28908,0.0,2.8,511.0,SUNNY WILLIAMS,,WDE4940,80,0,25,8,,80,A
367078110,2020-08-19T14:17:23,36.83854,-76.28197,0.0,100.0,511.0,MARCELLE BORDELON,IMO9350379,WDJ2038,79,3,45,11,3.0,79,A
367821000,2020-08-19T14:16:18,36.97284,-76.43366,0.0,0.0,511.0,YANO,IMO7825409,NAQH,70,0,276,32,13.0,70,A
538002652,2020-08-19T14:17:31,37.18298,-76.10970,0.1,105.0,188.0,NAIAS,IMO9330800,V7KN8,70,1,225,32,14.0,70,A
367359930,2020-08-19T14:14:11,36.82404,-76.28908,0.0,2.8,511.0,SUNNY WILLIAMS,,WDE4940,80,0,25,8,,80,A
211839000,2020-08-19T14:18:18,37.00413,-76.28087,17.4,255.9,253.0,CHICAGO EXPRESS,IMO9295268,DCUJ2,70,0,336,42,14.6,79,A
366733250,2020-08-19T14:15:01,37.28996,-76.09807,8.7,31.4,511.0,ATLANTIC SURVEYOR,,WTR5417,70,15,31,7,,,A
538002652,2020-08-19T14:32:29,37.18275,-76.10915,0.1,101.0,211.0,NAIAS,IMO9330800,V7KN8,70,1,225,32,14.0,70,A
538006982,2020-08-19T14:17:53,37.20734,-76.12268,0.1,100.1,200.0,ANTE TOPIC,IMO9737072,V7TR4,70,1,,,,,A
367821000,2020-08-19T14:18:27,36.97284,-76.43366,0.0,0.0,511.0,YANO,IMO7825409,NAQH,70,0,276,32,13.0,70,A
367078110,2020-08-19T14:33:04,36.83855,-76.28199,0.0,128.0,511.0,MARCELLE BORDELON,IMO9350379,WDJ2038,79,3,45,11,3.0,79,A
366733250,2020-08-19T13:55:42,37.25157,-76.12821,8.2,34.7,511.0,ATLANTIC SURVEYOR,,WTR5417,70,15,31,7,,,A
366733250,2020-08-19T14:33:03,37.32645,-76.07370,8.1,26.8,511.0,ATLANTIC SURVEYOR,,WTR5417,70,15,31,7,,,A
366733250,2020-08-19T14:16:12,37.29229,-76.09623,8.3,33.5,511.0,ATLANTIC SURVEYOR,,WTR5417,70,15,31,7,,,A
367861000,2020-08-19T14:24:00,36.94637,-76.32981,0.0,0.0,265.0,LARAMIE,IMO8906626,NLAR,80,5,193,29,,,A
366839000,2020-08-19T14:34:02,36.85352,-76.31083,0.0,0.0,39.0,CAPE RISE,IMO7530808,KAFG,70,5,197,32,10.0,,A
367821000,2020-08-19T14:21:17,36.97284,-76.43366,0.0,0.0,511.0,YANO,IMO7825409,NAQH,70,0,276,32,13.0,70,A
367359930,2020-08-19T14:16:32,36.82404,-76.28908,0.1,2.8,511.0,SUNNY WILLIAMS,,WDE4940,80,0,25,8,,80,A
215677000,2020-08-19T14:20:56,37.23894,-76.11679,0.1,67.5,199.0,RIZE,IMO9584035,9HA2781,70,1,229,32,14.5,,A
367078110,2020-08-19T14:34:12,36.83855,-76.28198,0.0,236.0,511.0,MARCELLE BORDELON,IMO9350379,WDJ2038,79,3,45,11,3.0,79,A
367078110,2020-08-19T14:35:42,36.83855,-76.28198,0.0,260.0,511.0,MARCELLE BORDELON,IMO9350379,WDJ2038,79,3,45,11,3.0,79,A
367078110,2020-08-19T14:21:02,36.83854,-76.28197,0.0,111.0,511.0,MARCELLE BORDELON,IMO9350379,WDJ2038,79,3,45,11,3.0,79,A
211839000,2020-08-19T14:16:54,37.00587,-76.27259,17.7,255.9,255.0,CHICAGO EXPRESS,IMO9295268,DCUJ2,70,0,336,42,14.6,79,A
367359930,2020-08-19T14:34:40,36.82404,-76.28908,0.0,2.8,511.0,SUNNY WILLIAMS,,WDE4940,80,0,25,8,,80,A
367821000,2020-08-19T14:35:57,36.97286,-76.43361,0.0,0.0,511.0,YANO,IMO7825409,NAQH,70,0,276,32,13.0,70,A
367359930,2020-08-19T14:25:31,36.82405,-76.28907,0.1,2.8,511.0,SUNNY WILLIAMS,,WDE4940,80,0,25,8,,80,A
367822000,2020-08-19T13:56:56,36.97312,-76.43380,0.0,0.0,238.0,USNS SHUGHART,IMO7825394,NAOQ,70,5,276,32,13.0,70,A
367821000,2020-08-19T14:26:07,36.97288,-76.43367,0.0,0.0,511.0,YANO,IMO7825409,NAQH,70,0,276,32,13.0,70,A
211839000,2020-08-19T13:58:11,36.98685,-76.15781,18.0,287.2,286.0,CHICAGO EXPRESS,IMO9295268,DCUJ2,70,0,336,42,14.6,79,A
367932000,2020-08-19T14:17:16,36.94921,-76.32971,0.0,107.0,279.0,JOHN LENTHALL,IMO8325547,NJLN,80,5,193,29,,,A
366733250,2020-08-19T14:36:52,37.33427,-76.06884,8.1,24.7,511.0,ATLANTIC SURVEYOR,,WTR5417,70,15,31,7,,,A
366733250,2020-08-19T14:22:32,37.30484,-76.08684,8.3,24.0,511.0,ATLANTIC SURVEYOR,,WTR5417,70,15,31,7,,,A
211839000,2020-08-19T14:38:12,36.95530,-76.33606,9.2,185.0,185.0,CHICAGO EXPRESS,IMO9295268,DCUJ2,70,0,336,42,14.6,79,A
367861000,2020-08-19T14:36:00,36.94642,-76.32986,0.0,0.0,265.0,LARAMIE,IMO8906626,NLAR,80,5,193,29,,,A
538006982,2020-08-19T14:26:53,37.20725,-76.12241,0.1,30.0,215.0,ANTE TOPIC,IMO9737072,V7TR4,70,1,,,,,A
367822000,2020-08-19T13:59:55,36.97312,-76.43380,0.0,0.0,238.0,USNS SHUGHART,IMO7825394,NAOQ,70,5,276,32,13.0,70,A
367932000,2020-08-19T14:26:17,36.94922,-76.32967,0.0,107.0,279.0,JOHN LENTHALL,IMO8325547,NJLN,80,5,193,29,,,A
366733250,2020-08-19T14:18:41,37.29706,-76.09217,8.3,32.6,511.0,ATLANTIC SURVEYOR,,WTR5417,70,15,31,7,,,A
477196100,2020-08-19T14:36:48,37.19823,-76.13319,0.1,6.3,210.0,DARYA MA,IMO9591674,VRJH5,70,1,229,32,14.5,,A
367359930,2020-08-19T13:59:41,36.82404,-76.28907,0.1,2.8,511.0,SUNNY WILLIAMS,,WDE4940,80,0,25,8,,80,A
366733250,2020-08-19T14:27:12,37.31453,-76.08111,8.2,26.7,511.0,ATLANTIC SURVEYOR,,WTR5417,70,15,31,7,,,A
367359930,2020-08-19T14:00:00,36.82404,-76.28907,0.0,2.8,511.0,SUNNY WILLIAMS,,WDE4940,80,0,25,8,,80,A
366733250,2020-08-19T14:28:21,37.31689,-76.07967,8.2,26.0,511.0,ATLANTIC SURVEYOR,,WTR5417,70,15,31,7,,,A
367821000,2020-08-19T14:24:17,36.97285,-76.43365,0.0,0.0,511.0,YANO,IMO7825409,NAQH,70,0,276,32,13.0,70,A
367822000,2020-08-19T14:38:55,36.97313,-76.43380,0.0,0.0,238.0,USNS SHUGHART,IMO7825394,NAOQ,70,5,276,32,13.0,70,A
367822000,2020-08-19T14:23:55,36.97314,-76.43381,0.0,0.0,238.0,USNS SHUGHART,IMO7825394,NAOQ,70,5,276,32,13.0,70,A
211839000,2020-08-19T14:29:32,36.97927,-76.32787,12.8,224.1,225.0,CHICAGO EXPRESS,IMO9295268,DCUJ2,70,0,336,42,14.6,79,A
215677000,2020-08-19T14:00:03,37.23911,-76.11729,0.1,67.5,167.0,RIZE,IMO9584035,9HA2781,70,1,229,32,14.5,,A
367821000,2020-08-19T14:29:57,36.97286,-76.43361,0.0,0.0,511.0,YANO,IMO7825409,NAQH,70,0,276,32,13.0,70,A
367078110,2020-08-19T14:22:43,36.83855,-76.28197,0.0,6.0,511.0,MARCELLE BORDELON,IMO9350379,WDJ2038,79,3,45,11,3.0,79,A
366733250,2020-08-19T14:25:52,37.31176,-76.08282,8.3,25.5,511.0,ATLANTIC SURVEYOR,,WTR5417,70,15,31,7,,,A
538006982,2020-08-19T14:29:53,37.20730,-76.12240,0.1,4.8,218.0,ANTE TOPIC,IMO9737072,V7TR4,70,1,,,,,A
211839000,2020-08-19T14:41:01,36.94852,-76.33668,8.5,184.3,185.0,CHICAGO EXPRESS,IMO9295268,DCUJ2,70,0,336,42,14.6,79,A
368026000,2020-08-19T14:00:21,36.86576,-76.31605,0.1,19.1,2.0,BENAVIDEZ,IMO9218210,NBHG,70,5,289,32,10.9,70,A
211839000,2020-08-19T14:24:06,36.99369,-76.31000,14.4,233.5,224.0,CHICAGO EXPRESS,IMO9295268,DCUJ2,70,0,336,42,14.6,79,A
367932000,2020-08-19T14:23:17,36.94922,-76.32969,0.0,107.0,279.0,JOHN LENTHALL,IMO8325547,NJLN,80,5,193,29,,,A
211839000,2020-08-19T14:42:41,36.94473,-76.33708,8.2,184.3,185.0,CHICAGO EXPRESS,IMO9295268,DCUJ2,70,0,336,42,14.6,79,A
211839000,2020-08-19T14:28:12,36.98271,-76.32377,13.3,224.8,224.0,CHICAGO EXPRESS,IMO9295268,DCUJ2,70,0,336,42,14.6,79,A
215677000,2020-08-19T14:02:56,37.23911,-76.11723,0.0,67.5,170.0,RIZE,IMO9584035,9HA2781,70,1,229,32,14.5,,A
305855000,2020-08-19T14:02:45,36.86426,-76.31478,0.0,170.2,228.0,BBC PEARL,IMO9504786,V2FY8,70,5,153,23,9.1,70,A
367359930,2020-08-19T14:42:31,36.82406,-76.28908,0.0,2.8,511.0,SUNNY WILLIAMS,,WDE4940,80,0,25,8,,80,A
211839000,2020-08-19T14:03:18,36.99419,-76.18851,18.2,286.4,288.0,CHICAGO EXPRESS,IMO9295268,DCUJ2,70,0,336,42,14.6,79,A
367078110,2020-08-19T14:03:32,36.83855,-76.28197,0.0,313.0,511.0,MARCELLE BORDELON,IMO9350379,WDJ2038,79,3,45,11,3.0,79,A
366733250,2020-08-19T14:24:42,37.30939,-76.08425,8.2,25.5,511.0,ATLANTIC SURVEYOR,,WTR5417,70,15,31,7,,,A
368026000,2020-08-19T14:24:21,36.86574,-76.31606,0.0,270.5,2.0,BENAVIDEZ,IMO9218210,NBHG,70,5,289,32,10.9,70,A
367932000,2020-08-19T14:32:17,36.94917,-76.32968,0.0,107.0,279.0,JOHN LENTHALL,IMO8325547,NJLN,80,5,193,29,,,A
211839000,2020-08-19T14:04:23,36.99591,-76.19502,18.3,288.2,287.0,CHICAGO EXPRESS,IMO9295268,DCUJ2,70,0,336,42,14.6,79,A
211839000,2020-08-19T14:25:35,36.98961,-76.31521,13.8,225.2,224.0,CHICAGO EXPRESS,IMO9295268,DCUJ2,70,0,336,42,14.6,79,A
367078110,2020-08-19T14:43:53,36.83854,-76.28199,0.0,194.0,511.0,MARCELLE BORDELON,IMO9350379,WDJ2038,79,3,45,11,3.0,79,A
367078110,2020-08-19T14:29:33,36.83855,-76.28198,0.0,227.0,511.0,MARCELLE BORDELON,IMO9350379,WDJ2038,79,3,45,11,3.0,79,A
211839000,2020-08-19T14:46:21,36.93671,-76.33770,7.7,182.2,183.0,CHICAGO EXPRESS,IMO9295268,DCUJ2,70,0,336,42,14.6,79,A
367932000,2020-08-19T14:44:17,36.94923,-76.32967,0.0,107.0,279.0,JOHN LENTHALL,IMO8325547,NJLN,80,5,193,29,,,A
368026000,2020-08-19T14:27:20,36.86574,-76.31607,0.0,270.5,2.0,BENAVIDEZ,IMO9218210,NBHG,70,5,289,32,10.9,70,A
367359930,2020-08-19T14:28:12,36.82405,-76.28908,0.0,2.8,511.0,SUNNY WILLIAMS,,WDE4940,80,0,25,8,,80,A
367078110,2020-08-19T14:26:13,36.83855,-76.28198,0.0,329.0,511.0,MARCELLE BORDELON,IMO9350379,WDJ2038,79,3,45,11,3.0,79,A
538002652,2020-08-19T14:26:31,37.18283,-76.10938,0.1,112.0,203.0,NAIAS,IMO9330800,V7KN8,70,1,225,32,14.0,70,A
367861000,2020-08-19T14:27:01,36.94637,-76.32984,0.0,0.0,265.0,LARAMIE,IMO8906626,NLAR,80,5,193,29,,,A
311000188,2020-08-19T14:47:20,37.07145,-76.09730,16.3,330.9,331.0,HERMES LEADER,IMO9690535,C6AX9,70,0,199,35,10.6,,A
367821000,2020-08-19T14:28:28,36.97287,-76.43362,0.0,0.0,511.0,YANO,IMO7825409,NAQH,70,0,276,32,13.0,70,A
305855000,2020-08-19T14:44:49,36.86427,-76.31476,0.0,13.2,226.0,BBC PEARL,IMO9504786,V2FY8,70,5,153,23,9.1,70,A
366839000,2020-08-19T14:46:02,36.85346,-76.31084,0.0,0.0,39.0,CAPE RISE,IMO7530808,KAFG,70,5,197,32,10.0,,A
366839000,2020-08-19T14:28:04,36.85350,-76.31081,0.0,0.0,39.0,CAPE RISE,IMO7530808,KAFG,70,5,197,32,10.0,,A
367821000,2020-08-19T14:05:57,36.97285,-76.43366,0.0,0.0,511.0,YANO,IMO7825409,NAQH,70,0,276,32,13.0,70,A
368026000,2020-08-19T14:48:21,36.86576,-76.31605,0.0,270.5,2.0,BENAVIDEZ,IMO9218210,NBHG,70,5,289,32,10.9,70,A
367078110,2020-08-19T14:06:12,36.83855,-76.28197,0.0,229.0,511.0,MARCELLE BORDELON,IMO9350379,WDJ2038,79,3,45,11,3.0,79,A
305855000,2020-08-19T14:35:48,36.86429,-76.31477,0.0,148.6,226.0,BBC PEARL,IMO9504786,V2FY8,70,5,153,23,9.1,70,A
368026000,2020-08-19T14:36:21,36.86574,-76.31606,0.0,270.5,2.0,BENAVIDEZ,IMO9218210,NBHG,70,5,289,32,10.9,70,A
368026000,2020-08-19T14:30:20,36.86576,-76.31605,0.0,270.5,2.0,BENAVIDEZ,IMO9218210,NBHG,70,5,289,32,10.9,70,A
538002652,2020-08-19T14:29:30,37.18280,-76.10925,0.0,117.0,207.0,NAIAS,IMO9330800,V7KN8,70,1,225,32,14.0,70,A
311000188,2020-08-19T14:50:14,37.08318,-76.10517,16.4,331.4,330.0,HERMES LEADER,IMO9690535,C6AX9,70,0,199,35,10.6,,A
367359930,2020-08-19T14:47:41,36.82406,-76.28908,0.0,2.8,511.0,SUNNY WILLIAMS,,WDE4940,80,0,25,8,,80,A
477196100,2020-08-19T14:30:49,37.19812,-76.13324,0.1,97.9,211.0,DARYA MA,IMO9591674,VRJH5,70,1,229,32,14.5,,A
367078110,2020-08-19T14:30:53,36.83855,-76.28198,0.0,264.0,511.0,MARCELLE BORDELON,IMO9350379,WDJ2038,79,3,45,11,3.0,79,A
367359930,2020-08-19T14:31:21,36.82404,-76.28908,0.0,2.8,511.0,SUNNY WILLIAMS,,WDE4940,80,0,25,8,,80,A
367821000,2020-08-19T14:32:08,36.97286,-76.43361,0.0,0.0,511.0,YANO,IMO7825409,NAQH,70,0,276,32,13.0,70,A
211839000,2020-08-19T14:33:12,36.96923,-76.33477,10.7,189.2,185.0,CHICAGO EXPRESS,IMO9295268,DCUJ2,70,0,336,42,14.6,79,A
211839000,2020-08-19T14:31:32,36.97408,-76.33315,11.7,212.7,199.0,CHICAGO EXPRESS,IMO9295268,DCUJ2,70,0,336,42,14.6,79,A
367078110,2020-08-19T14:38:42,36.83855,-76.28198,0.0,114.0,511.0,MARCELLE BORDELON,IMO9350379,WDJ2038,79,3,45,11,3.0,79,A
368026000,2020-08-19T14:33:20,36.86575,-76.31604,0.0,270.5,2.0,BENAVIDEZ,IMO9218210,NBHG,70,5,289,32,10.9,70,A
366839000,2020-08-19T14:31:00,36.85351,-76.31084,0.0,0.0,39.0,CAPE RISE,IMO7530808,KAFG,70,5,197,32,10.0,,A
367359930,2020-08-19T14:32:22,36.82404,-76.28907,0.0,2.8,511.0,SUNNY WILLIAMS,,WDE4940,80,0,25,8,,80,A
367932000,2020-08-19T14:38:16,36.94917,-76.32964,0.0,107.0,279.0,JOHN LENTHALL,IMO8325547,NJLN,80,5,193,29,,,A
366733250,2020-08-19T14:31:51,37.32403,-76.07522,8.1,26.5,511.0,ATLANTIC SURVEYOR,,WTR5417,70,15,31,7,,,A
367822000,2020-08-19T14:47:56,36.97314,-76.43381,0.0,0.0,238.0,USNS SHUGHART,IMO7825394,NAOQ,70,5,276,32,13.0,70,A
477196100,2020-08-19T14:48:43,37.19829,-76.13352,0.1,261.2,202.0,DARYA MA,IMO9591674,VRJH5,70,1,229,32,14.5,,A
305855000,2020-08-19T14:38:47,36.86427,-76.31480,0.0,326.0,226.0,BBC PEARL,IMO9504786,V2FY8,70,5,153,23,9.1,70,A
366839000,2020-08-19T14:49:02,36.85348,-76.31081,0.0,0.0,39.0,CAPE RISE,IMO7530808,KAFG,70,5,197,32,10.0,,A
215677000,2020-08-19T14:33:00,37.23915,-76.11708,0.1,320.5,192.0,RIZE,IMO9584035,9HA2781,70,1,229,32,14.5,,A
211839000,2020-08-19T14:51:21,36.92639,-76.33828,6.8,181.0,181.0,CHICAGO EXPRESS,IMO9295268,DCUJ2,70,0,336,42,14.6,79,A
367821000,2020-08-19T14:40:08,36.97287,-76.43361,0.0,0.0,511.0,YANO,IMO7825409,NAQH,70,0,276,32,13.0,70,A
367078110,2020-08-19T14:09:34,36.83855,-76.28196,0.0,2.0,511.0,MARCELLE BORDELON,IMO9350379,WDJ2038,79,3,45,11,3.0,79,A
305855000,2020-08-19T14:32:45,36.86427,-76.31477,0.0,148.6,226.0,BBC PEARL,IMO9504786,V2FY8,70,5,153,23,9.1,70,A
366733250,2020-08-19T14:35:32,37.33154,-76.07048,8.2,25.3,511.0,ATLANTIC SURVEYOR,,WTR5417,70,15,31,7,,,A
366733250,2020-08-19T14:34:22,37.32915,-76.07196,8.1,27.1,511.0,ATLANTIC SURVEYOR,,WTR5417,70,15,31,7,,,A
311000188,2020-08-19T14:51:19,37.08751,-76.10822,16.4,328.9,328.0,HERMES LEADER,IMO9690535,C6AX9,70,0,199,35,10.6,,A
367932000,2020-08-19T14:50:17,36.94904,-76.32970,0.0,107.0,279.0,JOHN LENTHALL,IMO8325547,NJLN,80,5,193,29,,,A
215677000,2020-08-19T14:50:56,37.23909,-76.11716,0.1,320.5,190.0,RIZE,IMO9584035,9HA2781,70,1,229,32,14.5,,A
368026000,2020-08-19T14:51:22,36.86579,-76.31604,0.0,270.5,2.0,BENAVIDEZ,IMO9218210,NBHG,70,5,289,32,10.9,70,A
366839000,2020-08-19T14:52:03,36.85349,-76.31081,0.0,0.0,39.0,CAPE RISE,IMO7530808,KAFG,70,5,197,32,10.0,,A
367359930,2020-08-19T14:33:32,36.82405,-76.28907,0.0,2.8,511.0,SUNNY WILLIAMS,,WDE4940,80,0,25,8,,80,A
367822000,2020-08-19T14:50:56,36.97314,-76.43381,0.0,0.0,238.0,USNS SHUGHART,IMO7825394,NAOQ,70,5,276,32,13.0,70,A
311000188,2020-08-19T14:53:50,37.09743,-76.11538,16.5,329.7,328.0,HERMES LEADER,IMO9690535,C6AX9,70,0,199,35,10.6,,A
477196100,2020-08-19T14:33:47,37.19818,-76.13318,0.1,97.9,211.0,DARYA MA,IMO9591674,VRJH5,70,1,229,32,14.5,,A
367078110,2020-08-19T14:52:22,36.83855,-76.28198,0.0,210.0,511.0,MARCELLE BORDELON,IMO9350379,WDJ2038,79,3,45,11,3.0,79,A
367821000,2020-08-19T14:34:37,36.97287,-76.43361,0.0,0.0,511.0,YANO,IMO7825409,NAQH,70,0,276,32,13.0,70,A
367359930,2020-08-19T14:53:22,36.82405,-76.28907,0.0,2.8,511.0,SUNNY WILLIAMS,,WDE4940,80,0,25,8,,80,A
367932000,2020-08-19T14:53:16,36.94919,-76.32966,0.0,107.0,279.0,JOHN LENTHALL,IMO8325547,NJLN,80,5,193,29,,,A
367821000,2020-08-19T14:52:17,36.97286,-76.43363,0.0,0.0,511.0,YANO,IMO7825409,NAQH,70,0,276,32,13.0,70,A
367078110,2020-08-19T14:36:52,36.83855,-76.28198,0.0,203.0,511.0,MARCELLE BORDELON,IMO9350379,WDJ2038,79,3,45,11,3.0,79,A
367861000,2020-08-19T14:53:59,36.94638,-76.32980,0.0,0.0,265.0,LARAMIE,IMO8906626,NLAR,80,5,193,29,,,A
211839000,2020-08-19T14:36:12,36.96056,-76.33559,10.1,184.4,185.0,CHICAGO EXPRESS,IMO9295268,DCUJ2,70,0,336,42,14.6,79,A
311000188,2020-08-19T14:42:02,37.05179,-76.07951,16.7,321.1,320.0,HERMES LEADER,IMO9690535,C6AX9,70,0,199,35,10.6,,A
367822000,2020-08-19T14:35:55,36.97313,-76.43381,0.0,0.0,238.0,USNS SHUGHART,IMO7825394,NAOQ,70,5,276,32,13.0,70,A
367078110,2020-08-19T14:42:42,36.83855,-76.28199,0.0,182.0,511.0,MARCELLE BORDELON,IMO9350379,WDJ2038,79,3,45,11,3.0,79,A
211839000,2020-08-19T14:39:51,36.95128,-76.33642,8.7,184.3,185.0,CHICAGO EXPRESS,IMO9295268,DCUJ2,70,0,336,42,14.6,79,A
211839000,2020-08-19T14:57:52,36.91717,-76.33855,3.0,180.0,180.0,CHICAGO EXPRESS,IMO9295268,DCUJ2,70,0,336,42,14.6,79,A
311000188,2020-08-19T14:38:02,37.03717,-76.06549,16.5,323.8,323.0,HERMES LEADER,IMO9690535,C6AX9,70,0,199,35,10.6,,A
368026000,2020-08-19T14:54:20,36.86577,-76.31603,0.0,270.5,2.0,BENAVIDEZ,IMO9218210,NBHG,70,5,289,32,10.9,70,A
305855000,2020-08-19T14:41:46,36.86426,-76.31477,0.0,326.0,226.0,BBC PEARL,IMO9504786,V2FY8,70,5,153,23,9.1,70,A
538006982,2020-08-19T14:56:53,37.20743,-76.12284,0.0,22.0,204.0,ANTE TOPIC,IMO9737072,V7TR4,70,1,,,,,A
211839000,2020-08-19T14:14:30,37.00836,-76.25788,18.4,269.1,261.0,CHICAGO EXPRESS,IMO9295268,DCUJ2,70,0,336,42,14.6,79,A
311000188,2020-08-19T14:54:56,37.10182,-76.11853,16.5,330.4,329.0,HERMES LEADER,IMO9690535,C6AX9,70,0,199,35,10.6,,A
367822000,2020-08-19T14:41:56,36.97314,-76.43380,0.0,0.0,238.0,USNS SHUGHART,IMO7825394,NAOQ,70,5,276,32,13.0,70,A
215677000,2020-08-19T14:15:02,37.23897,-76.11691,0.1,67.5,186.0,RIZE,IMO9584035,9HA2781,70,1,229,32,14.5,,A
538002652,2020-08-19T14:38:31,37.18272,-76.10887,0.0,47.0,215.0,NAIAS,IMO9330800,V7KN8,70,1,225,32,14.0,70,A
367821000,2020-08-19T14:38:08,36.97287,-76.43362,0.0,0.0,511.0,YANO,IMO7825409,NAQH,70,0,276,32,13.0,70,A
366839000,2020-08-19T14:37:01,36.85347,-76.31084,0.0,0.0,39.0,CAPE RISE,IMO7530808,KAFG,70,5,197,32,10.0,,A
311000188,2020-08-19T14:39:14,37.04161,-76.06959,16.6,323.2,322.0,HERMES LEADER,IMO9690535,C6AX9,70,0,199,35,10.6,,A
477196100,2020-08-19T14:39:49,37.19829,-76.13324,0.1,2.1,208.0,DARYA MA,IMO9591674,VRJH5,70,1,229,32,14.5,,A
367078110,2020-08-19T14:39:52,36.83853,-76.28200,0.0,95.0,511.0,MARCELLE BORDELON,IMO9350379,WDJ2038,79,3,45,11,3.0,79,A
367359930,2020-08-19T14:44:11,36.82404,-76.28907,0.0,2.8,511.0,SUNNY WILLIAMS,,WDE4940,80,0,25,8,,80,A
538006982,2020-08-19T14:38:53,37.20747,-76.12261,0.1,288.0,209.0,ANTE TOPIC,IMO9737072,V7TR4,70,1,,,,,A
366733250,2020-08-19T14:17:22,37.29456,-76.09431,8.2,34.1,511.0,ATLANTIC SURVEYOR,,WTR5417,70,15,31,7,,,A
311000188,2020-08-19T14:40:56,37.04787,-76.07559,16.5,321.9,321.0,HERMES LEADER,IMO9690535,C6AX9,70,0,199,35,10.6,,A
211839000,2020-08-19T14:59:31,36.91639,-76.33839,1.4,160.9,197.0,CHICAGO EXPRESS,IMO9295268,DCUJ2,70,0,336,42,14.6,79,A
367861000,2020-08-19T14:42:01,36.94641,-76.32986,0.0,0.0,265.0,LARAMIE,IMO8906626,NLAR,80,5,193,29,,,A
367861000,2020-08-19T14:57:00,36.94638,-76.32983,0.0,0.0,265.0,LARAMIE,IMO8906626,NLAR,80,5,193,29,,,A
368026000,2020-08-19T14:39:20,36.86577,-76.31602,0.0,270.5,2.0,BENAVIDEZ,IMO9218210,NBHG,70,5,289,32,10.9,70,A
367861000,2020-08-19T14:45:01,36.94640,-76.32985,0.0,0.0,265.0,LARAMIE,IMO8906626,NLAR,80,5,193,29,,,A
215677000,2020-08-19T14:45:02,37.23908,-76.11722,0.0,320.5,188.0,RIZE,IMO9584035,9HA2781,70,1,229,32,14.5,,A
367078110,2020-08-19T14:18:42,36.83854,-76.28197,0.0,257.0,511.0,MARCELLE BORDELON,IMO9350379,WDJ2038,79,3,45,11,3.0,79,A
367821000,2020-08-19T14:45:08,36.97287,-76.43362,0.0,0.0,511.0,YANO,IMO7825409,NAQH,70,0,276,32,13.0,70,A
366839000,2020-08-19T14:40:01,36.85350,-76.31082,0.0,0.0,39.0,CAPE RISE,IMO7530808,KAFG,70,5,197,32,10.0,,A
367359930,2020-08-19T14:40:22,36.82406,-76.28907,0.0,2.8,511.0,SUNNY WILLIAMS,,WDE4940,80,0,25,8,,80,A
538002652,2020-08-19T15:01:15,37.18280,-76.10703,0.1,267.0,240.0,NAIAS,IMO9330800,V7KN8,70,0,225,32,14.0,70,A
477196100,2020-08-19T15:00:46,37.19824,-76.13366,0.0,261.2,200.0,DARYA MA,IMO9591674,VRJH5,70,1,229,32,14.5,,A
367078110,2020-08-19T14:40:53,36.83854,-76.28199,0.0,78.0,511.0,MARCELLE BORDELON,IMO9350379,WDJ2038,79,3,45,11,3.0,79,A
367078110,2020-08-19T14:45:32,36.83855,-76.28198,0.0,166.0,511.0,MARCELLE BORDELON,IMO9350379,WDJ2038,79,3,45,11,3.0,79,A
367359930,2020-08-19T14:41:30,36.82405,-76.28907,0.1,2.8,511.0,SUNNY WILLIAMS,,WDE4940,80,0,25,8,,80,A
538002652,2020-08-19T14:44:28,37.18210,-76.10882,0.4,176.0,211.0,NAIAS,IMO9330800,V7KN8,70,1,225,32,14.0,70,A
538002652,2020-08-19T14:41:29,37.18252,-76.10890,0.3,174.0,205.0,NAIAS,IMO9330800,V7KN8,70,1,225,32,14.0,70,A
367821000,2020-08-19T14:43:08,36.97287,-76.43361,0.0,0.0,511.0,YANO,IMO7825409,NAQH,70,0,276,32,13.0,70,A
311000188,2020-08-19T14:43:50,37.05835,-76.08608,16.4,321.5,321.0,HERMES LEADER,IMO9690535,C6AX9,70,0,199,35,10.6,,A
367078110,2020-08-19T14:19:53,36.83854,-76.28197,0.0,353.0,511.0,MARCELLE BORDELON,IMO9350379,WDJ2038,79,3,45,11,3.0,79,A
215677000,2020-08-19T14:41:58,37.23907,-76.11718,0.0,320.5,189.0,RIZE,IMO9584035,9HA2781,70,1,229,32,14.5,,A
367821000,2020-08-19T15:00:07,36.97286,-76.43363,0.0,0.0,511.0,YANO,IMO7825409,NAQH,70,0,276,32,13.0,70,A
367359930,2020-08-19T14:20:21,36.82406,-76.28907,0.0,2.8,511.0,SUNNY WILLIAMS,,WDE4940,80,0,25,8,,80,A
367359930,2020-08-19T15:02:22,36.82403,-76.28907,0.0,2.8,511.0,SUNNY WILLIAMS,,WDE4940,80,0,25,8,,80,A
368026000,2020-08-19T15:00:20,36.86579,-76.31603,0.0,270.5,2.0,BENAVIDEZ,IMO9218210,NBHG,70,5,289,32,10.9,70,A
367078110,2020-08-19T15:01:13,36.83855,-76.28197,0.0,117.0,511.0,MARCELLE BORDELON,IMO9350379,WDJ2038,79,3,45,11,3.0,79,A
311000188,2020-08-19T14:46:14,37.06718,-76.09419,16.3,327.6,327.0,HERMES LEADER,IMO9690535,C6AX9,70,0,199,35,10.6,,A
367359930,2020-08-19T14:45:22,36.82404,-76.28908,0.0,2.8,511.0,SUNNY WILLIAMS,,WDE4940,80,0,25,8,,80,A
538006982,2020-08-19T14:47:53,37.20734,-76.12283,0.1,317.0,204.0,ANTE TOPIC,IMO9737072,V7TR4,70,1,,,,,A
366733250,2020-08-19T14:21:12,37.30208,-76.08855,8.3,28.4,511.0,ATLANTIC SURVEYOR,,WTR5417,70,15,31,7,,,A
367822000,2020-08-19T14:44:56,36.97314,-76.43380,0.0,0.0,238.0,USNS SHUGHART,IMO7825394,NAOQ,70,5,276,32,13.0,70,A
368026000,2020-08-19T14:45:21,36.86574,-76.31604,0.0,270.5,2.0,BENAVIDEZ,IMO9218210,NBHG,70,5,289,32,10.9,70,A
366839000,2020-08-19T14:22:04,36.85350,-76.31082,0.0,0.0,39.0,CAPE RISE,IMO7530808,KAFG,70,5,197,32,10.0,,A
366839000,2020-08-19T15:03:56,36.85349,-76.31081,0.0,0.0,39.0,CAPE RISE,IMO7530808,KAFG,70,5,197,32,10.0,,A
367861000,2020-08-19T15:03:01,36.94635,-76.32978,0.0,0.0,265.0,LARAMIE,IMO8906626,NLAR,80,5,193,29,,,A
211839000,2020-08-19T14:22:59,36.99622,-76.30537,15.5,247.4,237.0,CHICAGO EXPRESS,IMO9295268,DCUJ2,70,0,336,42,14.6,79,A
367078110,2020-08-19T14:51:13,36.83855,-76.28198,0.0,173.0,511.0,MARCELLE BORDELON,IMO9350379,WDJ2038,79,3,45,11,3.0,79,A
367078110,2020-08-19T14:48:02,36.83853,-76.28198,0.0,147.0,511.0,MARCELLE BORDELON,IMO9350379,WDJ2038,79,3,45,11,3.0,79,A
367359930,2020-08-19T14:46:31,36.82404,-76.28908,0.0,2.8,511.0,SUNNY WILLIAMS,,WDE4940,80,0,25,8,,80,A
367078110,2020-08-19T15:03:44,36.83855,-76.28197,0.0,39.0,511.0,MARCELLE BORDELON,IMO9350379,WDJ2038,79,3,45,11,3.0,79,A
538002652,2020-08-19T14:50:28,37.18222,-76.10832,0.6,47.0,211.0,NAIAS,IMO9330800,V7KN8,70,1,225,32,14.0,70,A
211839000,2020-08-19T14:48:21,36.93244,-76.33800,7.6,183.2,181.0,CHICAGO EXPRESS,IMO9295268,DCUJ2,70,0,336,42,14.6,79,A
367861000,2020-08-19T15:06:00,36.94640,-76.32973,0.0,0.0,265.0,LARAMIE,IMO8906626,NLAR,80,5,193,29,,,A
305855000,2020-08-19T14:47:48,36.86429,-76.31476,0.0,19.5,226.0,BBC PEARL,IMO9504786,V2FY8,70,5,153,23,9.1,70,A
367359930,2020-08-19T14:23:12,36.82405,-76.28906,0.0,2.8,511.0,SUNNY WILLIAMS,,WDE4940,80,0,25,8,,80,A
367861000,2020-08-19T14:51:00,36.94636,-76.32990,0.0,0.0,265.0,LARAMIE,IMO8906626,NLAR,80,5,193,29,,,A
366733250,2020-08-19T14:23:41,37.30726,-76.08549,8.2,24.5,511.0,ATLANTIC SURVEYOR,,WTR5417,70,15,31,7,,,A
367359930,2020-08-19T14:51:22,36.82406,-76.28910,0.0,2.8,511.0,SUNNY WILLIAMS,,WDE4940,80,0,25,8,,80,A
367359930,2020-08-19T14:24:21,36.82404,-76.28907,0.0,2.8,511.0,SUNNY WILLIAMS,,WDE4940,80,0,25,8,,80,A
368026000,2020-08-19T15:06:21,36.86577,-76.31604,0.0,270.5,2.0,BENAVIDEZ,IMO9218210,NBHG,70,5,289,32,10.9,70,A
366839000,2020-08-19T14:24:56,36.85348,-76.31081,0.0,0.0,39.0,CAPE RISE,IMO7530808,KAFG,70,5,197,32,10.0,,A
367359930,2020-08-19T14:48:51,36.82405,-76.28908,0.0,2.8,511.0,SUNNY WILLIAMS,,WDE4940,80,0,25,8,,80,A
367861000,2020-08-19T14:48:00,36.94638,-76.32984,0.0,0.0,265.0,LARAMIE,IMO8906626,NLAR,80,5,193,29,,,A
538006982,2020-08-19T14:50:53,37.20736,-76.12285,0.1,358.0,203.0,ANTE TOPIC,IMO9737072,V7TR4,70,1,,,,,A
367078110,2020-08-19T15:05:53,36.83855,-76.28197,0.0,320.0,511.0,MARCELLE BORDELON,IMO9350379,WDJ2038,79,3,45,11,3.0,79,A
367821000,2020-08-19T14:53:28,36.97286,-76.43363,0.0,0.0,511.0,YANO,IMO7825409,NAQH,70,0,276,32,13.0,70,A
367821000,2020-08-19T14:27:27,36.97287,-76.43361,0.0,0.0,511.0,YANO,IMO7825409,NAQH,70,0,276,32,13.0,70,A
538002652,2020-08-19T15:08:15,37.17982,-76.11237,4.8,214.0,209.0,NAIAS,IMO9330800,V7KN8,70,0,225,32,14.0,70,A
367822000,2020-08-19T14:53:54,36.97315,-76.43381,0.0,0.0,238.0,USNS SHUGHART,IMO7825394,NAOQ,70,5,276,32,13.0,70,A
367078110,2020-08-19T14:53:23,36.83855,-76.28198,0.0,184.0,511.0,MARCELLE BORDELON,IMO9350379,WDJ2038,79,3,45,11,3.0,79,A
366839000,2020-08-19T14:54:56,36.85350,-76.31082,0.0,0.0,39.0,CAPE RISE,IMO7530808,KAFG,70,5,197,32,10.0,,A
367078110,2020-08-19T14:54:33,36.83854,-76.28199,0.0,148.0,511.0,MARCELLE BORDELON,IMO9350379,WDJ2038,79,3,45,11,3.0,79,A
215677000,2020-08-19T14:26:56,37.23911,-76.11700,0.2,319.5,194.0,RIZE,IMO9584035,9HA2781,70,1,229,32,14.5,,A
215677000,2020-08-19T15:05:58,37.23855,-76.11646,0.3,96.9,216.0,RIZE,IMO9584035,9HA2781,70,1,229,32,14.5,,A
211839000,2020-08-19T14:49:30,36.93002,-76.33813,7.6,182.5,181.0,CHICAGO EXPRESS,IMO9295268,DCUJ2,70,0,336,42,14.6,79,A
211839000,2020-08-19T14:26:41,36.98664,-76.31894,13.7,225.6,224.0,CHICAGO EXPRESS,IMO9295268,DCUJ2,70,0,336,42,14.6,79,A
367822000,2020-08-19T15:05:55,36.97315,-76.43380,0.0,0.0,238.0,USNS SHUGHART,IMO7825394,NAOQ,70,5,276,32,13.0,70,A
477196100,2020-08-19T15:06:46,37.19810,-76.13338,0.4,126.8,208.0,DARYA MA,IMO9591674,VRJH5,70,1,229,32,14.5,,A
367821000,2020-08-19T14:57:37,36.97286,-76.43363,0.0,0.0,511.0,YANO,IMO7825409,NAQH,70,0,276,32,13.0,70,A
211839000,2020-08-19T14:55:52,36.91918,-76.33849,4.8,182.1,181.0,CHICAGO EXPRESS,IMO9295268,DCUJ2,70,0,336,42,14.6,79,A
366839000,2020-08-19T14:58:03,36.85351,-76.31081,0.0,0.0,39.0,CAPE RISE,IMO7530808,KAFG,70,5,197,32,10.0,,A
367359930,2020-08-19T14:58:32,36.82405,-76.28906,0.0,2.8,511.0,SUNNY WILLIAMS,,WDE4940,80,0,25,8,,80,A
367932000,2020-08-19T14:29:18,36.94917,-76.32962,0.0,107.0,279.0,JOHN LENTHALL,IMO8325547,NJLN,80,5,193,29,,,A
367078110,2020-08-19T14:59:03,36.83855,-76.28197,0.0,147.0,511.0,MARCELLE BORDELON,IMO9350379,WDJ2038,79,3,45,11,3.0,79,A
211839000,2020-08-19T15:09:02,36.91379,-76.33330,3.1,121.3,305.0,CHICAGO EXPRESS,IMO9295268,DCUJ2,70,0,336,42,14.6,79,A
367359930,2020-08-19T15:10:52,36.82405,-76.28907,0.0,2.8,511.0,SUNNY WILLIAMS,,WDE4940,80,0,25,8,,80,A
367359930,2020-08-19T14:56:11,36.82406,-76.28908,0.0,2.8,511.0,SUNNY WILLIAMS,,WDE4940,80,0,25,8,,80,A
305855000,2020-08-19T15:08:48,36.86429,-76.31476,0.0,3.9,226.0,BBC PEARL,IMO9504786,V2FY8,70,5,153,23,9.1,70,A
366839000,2020-08-19T15:13:01,36.85352,-76.31083,0.0,0.0,39.0,CAPE RISE,IMO7530808,KAFG,70,5,197,32,10.0,,A
211839000,2020-08-19T14:53:31,36.92266,-76.33839,6.0,181.0,181.0,CHICAGO EXPRESS,IMO9295268,DCUJ2,70,0,336,42,14.6,79,A
215677000,2020-08-19T14:54:01,37.23905,-76.11712,0.1,320.5,192.0,RIZE,IMO9584035,9HA2781,70,1,229,32,14.5,,A
367822000,2020-08-19T15:08:56,36.97315,-76.43380,0.0,0.0,238.0,USNS SHUGHART,IMO7825394,NAOQ,70,5,276,32,13.0,70,A
311000188,2020-08-19T15:12:50,37.17661,-76.15373,15.4,353.3,352.0,HERMES LEADER,IMO9690535,C6AX9,70,0,199,35,10.6,,A
311000188,2020-08-19T15:00:02,37.12217,-76.13298,16.3,330.8,329.0,HERMES LEADER,IMO9690535,C6AX9,70,0,199,35,10.6,,A
211839000,2020-08-19T14:54:42,36.92077,-76.33842,5.6,180.9,182.0,CHICAGO EXPRESS,IMO9295268,DCUJ2,70,0,336,42,14.6,79,A
538002652,2020-08-19T14:53:29,37.18248,-76.10778,0.6,60.0,218.0,NAIAS,IMO9330800,V7KN8,70,1,225,32,14.0,70,A
538002652,2020-08-19T14:56:36,37.18270,-76.10727,0.5,63.0,229.0,NAIAS,IMO9330800,V7KN8,70,0,225,32,14.0,70,A
367861000,2020-08-19T15:00:00,36.94643,-76.32978,0.0,0.0,265.0,LARAMIE,IMO8906626,NLAR,80,5,193,29,,,A
368026000,2020-08-19T14:57:20,36.86577,-76.31604,0.0,270.5,2.0,BENAVIDEZ,IMO9218210,NBHG,70,5,289,32,10.9,70,A
538006982,2020-08-19T14:53:53,37.20738,-76.12286,0.0,45.3,203.0,ANTE TOPIC,IMO9737072,V7TR4,70,1,,,,,A
367078110,2020-08-19T14:55:43,36.83854,-76.28199,0.0,198.0,511.0,MARCELLE BORDELON,IMO9350379,WDJ2038,79,3,45,11,3.0,79,A
538002652,2020-08-19T15:00:06,37.18278,-76.10705,0.1,61.0,238.0,NAIAS,IMO9330800,V7KN8,70,0,225,32,14.0,70,A
367822000,2020-08-19T14:56:55,36.97315,-76.43381,0.0,0.0,238.0,USNS SHUGHART,IMO7825394,NAOQ,70,5,276,32,13.0,70,A
367078110,2020-08-19T14:56:52,36.83855,-76.28198,0.0,144.0,511.0,MARCELLE BORDELON,IMO9350379,WDJ2038,79,3,45,11,3.0,79,A
305855000,2020-08-19T14:56:47,36.86428,-76.31477,0.0,329.8,226.0,BBC PEARL,IMO9504786,V2FY8,70,5,153,23,9.1,70,A
538006982,2020-08-19T14:32:53,37.20740,-76.12244,0.1,337.6,215.0,ANTE TOPIC,IMO9737072,V7TR4,70,1,,,,,A
367932000,2020-08-19T15:11:16,36.94917,-76.32964,0.0,107.0,279.0,JOHN LENTHALL,IMO8325547,NJLN,80,5,193,29,,,A
367359930,2020-08-19T14:57:22,36.82405,-76.28907,0.0,2.8,511.0,SUNNY WILLIAMS,,WDE4940,80,0,25,8,,80,A
311000188,2020-08-19T14:56:02,37.10627,-76.12172,16.5,330.6,329.0,HERMES LEADER,IMO9690535,C6AX9,70,0,199,35,10.6,,A
538002652,2020-08-19T14:58:15,37.18277,-76.10710,0.2,66.0,235.0,NAIAS,IMO9330800,V7KN8,70,0,225,32,14.0,70,A
215677000,2020-08-19T14:56:58,37.23898,-76.11701,0.2,135.3,196.0,RIZE,IMO9584035,9HA2781,70,1,229,32,14.5,,A
367078110,2020-08-19T14:58:02,36.83855,-76.28198,0.0,165.0,511.0,MARCELLE BORDELON,IMO9350379,WDJ2038,79,3,45,11,3.0,79,A
477196100,2020-08-19T14:57:49,37.19823,-76.13366,0.0,261.2,199.0,DARYA MA,IMO9591674,VRJH5,70,1,229,32,14.5,,A
367932000,2020-08-19T15:14:17,36.94913,-76.32967,0.0,107.0,279.0,JOHN LENTHALL,IMO8325547,NJLN,80,5,193,29,,,A
367861000,2020-08-19T15:12:01,36.94637,-76.32986,0.0,0.0,265.0,LARAMIE,IMO8906626,NLAR,80,5,193,29,,,A
538006982,2020-08-19T14:35:53,37.20748,-76.12250,0.1,308.5,212.0,ANTE TOPIC,IMO9737072,V7TR4,70,1,,,,,A
211839000,2020-08-19T15:14:52,36.90929,-76.32906,3.7,150.9,334.0,CHICAGO EXPRESS,IMO9295268,DCUJ2,70,0,336,42,14.6,79,A
477196100,2020-08-19T15:15:48,37.19702,-76.13245,0.6,154.5,258.0,DARYA MA,IMO9591674,VRJH5,70,1,229,32,14.5,,A
367821000,2020-08-19T14:58:48,36.97286,-76.43363,0.0,0.0,511.0,YANO,IMO7825409,NAQH,70,0,276,32,13.0,70,A
311000188,2020-08-19T14:59:20,37.11938,-76.13102,16.3,331.1,329.0,HERMES LEADER,IMO9690535,C6AX9,70,0,199,35,10.6,,A
367861000,2020-08-19T15:15:00,36.94642,-76.32993,0.0,0.0,265.0,LARAMIE,IMO8906626,NLAR,80,5,193,29,,,A
367078110,2020-08-19T15:00:03,36.83855,-76.28197,0.0,181.0,511.0,MARCELLE BORDELON,IMO9350379,WDJ2038,79,3,45,11,3.0,79,A
305855000,2020-08-19T14:59:49,36.86428,-76.31477,0.0,3.3,226.0,BBC PEARL,IMO9504786,V2FY8,70,5,153,23,9.1,70,A
538002652,2020-08-19T14:35:28,37.18272,-76.10902,0.1,91.0,215.0,NAIAS,IMO9330800,V7KN8,70,1,225,32,14.0,70,A
215677000,2020-08-19T14:35:57,37.23911,-76.11709,0.1,320.5,192.0,RIZE,IMO9584035,9HA2781,70,1,229,32,14.5,,A
305855000,2020-08-19T15:02:48,36.86431,-76.31476,0.0,10.3,226.0,BBC PEARL,IMO9504786,V2FY8,70,5,153,23,9.1,70,A
311000188,2020-08-19T15:16:26,37.19073,-76.15284,13.1,15.5,15.0,HERMES LEADER,IMO9690535,C6AX9,70,0,199,35,10.6,,A
367932000,2020-08-19T14:35:16,36.94921,-76.32964,0.0,107.0,279.0,JOHN LENTHALL,IMO8325547,NJLN,80,5,193,29,,,A
367359930,2020-08-19T15:00:01,36.82406,-76.28907,0.0,2.8,511.0,SUNNY WILLIAMS,,WDE4940,80,0,25,8,,80,A
311000188,2020-08-19T15:17:38,37.19494,-76.15134,12.9,15.6,15.0,HERMES LEADER,IMO9690535,C6AX9,70,0,199,35,10.6,,A
211839000,2020-08-19T15:00:01,36.91622,-76.33830,1.3,154.6,206.0,CHICAGO EXPRESS,IMO9295268,DCUJ2,70,0,336,42,14.6,79,A
367359930,2020-08-19T15:17:01,36.82405,-76.28907,0.0,2.8,511.0,SUNNY WILLIAMS,,WDE4940,80,0,25,8,,80,A
367861000,2020-08-19T14:39:00,36.94640,-76.32984,0.0,0.0,265.0,LARAMIE,IMO8906626,NLAR,80,5,193,29,,,A
367078110,2020-08-19T15:14:13,36.83854,-76.28199,0.0,49.0,511.0,MARCELLE BORDELON,IMO9350379,WDJ2038,79,3,45,11,3.0,79,A
211839000,2020-08-19T15:02:07,36.91553,-76.33805,1.1,157.8,253.0,CHICAGO EXPRESS,IMO9295268,DCUJ2,70,0,336,42,14.6,79,A
367359930,2020-08-19T15:18:11,36.82406,-76.28907,0.0,2.8,511.0,SUNNY WILLIAMS,,WDE4940,80,0,25,8,,80,A
367359930,2020-08-19T15:04:42,36.82404,-76.28906,0.0,2.8,511.0,SUNNY WILLIAMS,,WDE4940,80,0,25,8,,80,A
367822000,2020-08-19T15:02:55,36.97315,-76.43380,0.0,0.0,238.0,USNS SHUGHART,IMO7825394,NAOQ,70,5,276,32,13.0,70,A
367078110,2020-08-19T15:02:42,36.83855,-76.28197,0.0,356.0,511.0,MARCELLE BORDELON,IMO9350379,WDJ2038,79,3,45,11,3.0,79,A
367932000,2020-08-19T15:02:16,36.94921,-76.32962,0.0,107.0,279.0,JOHN LENTHALL,IMO8325547,NJLN,80,5,193,29,,,A
215677000,2020-08-19T14:39:02,37.23907,-76.11715,0.1,320.5,191.0,RIZE,IMO9584035,9HA2781,70,1,229,32,14.5,,A
538002652,2020-08-19T15:19:06,37.15372,-76.11910,10.5,183.0,185.0,NAIAS,IMO9330800,V7KN8,70,0,225,32,14.0,70,A
215677000,2020-08-19T15:03:01,37.23861,-76.11674,0.2,134.6,206.0,RIZE,IMO9584035,9HA2781,70,1,229,32,14.5,,A
538002652,2020-08-19T15:16:45,37.16068,-76.11858,10.0,183.0,185.0,NAIAS,IMO9330800,V7KN8,70,0,225,32,14.0,70,A
368026000,2020-08-19T15:18:20,36.86579,-76.31604,0.0,270.5,2.0,BENAVIDEZ,IMO9218210,NBHG,70,5,289,32,10.9,70,A
538006982,2020-08-19T15:02:53,37.20725,-76.12269,0.2,135.9,211.0,ANTE TOPIC,IMO9737072,V7TR4,70,1,,,,,A
367821000,2020-08-19T15:16:18,36.97284,-76.43366,0.0,0.0,511.0,YANO,IMO7825409,NAQH,70,0,276,32,13.0,70,A
211839000,2020-08-19T15:16:01,36.90830,-76.32833,3.5,150.1,335.0,CHICAGO EXPRESS,IMO9295268,DCUJ2,70,0,336,42,14.6,79,A
367932000,2020-08-19T15:05:16,36.94924,-76.32955,0.0,107.0,279.0,JOHN LENTHALL,IMO8325547,NJLN,80,5,193,29,,,A
538002652,2020-08-19T15:03:36,37.18252,-76.10797,1.8,251.0,239.0,NAIAS,IMO9330800,V7KN8,70,0,225,32,14.0,70,A
311000188,2020-08-19T15:20:12,37.20368,-76.14798,13.0,16.7,15.0,HERMES LEADER,IMO9690535,C6AX9,70,0,199,35,10.6,,A
367861000,2020-08-19T15:21:00,36.94635,-76.32979,0.0,0.0,265.0,LARAMIE,IMO8906626,NLAR,80,5,193,29,,,A
367821000,2020-08-19T15:02:38,36.97286,-76.43363,0.0,0.0,511.0,YANO,IMO7825409,NAQH,70,0,276,32,13.0,70,A
368026000,2020-08-19T15:03:22,36.86577,-76.31604,0.0,270.5,2.0,BENAVIDEZ,IMO9218210,NBHG,70,5,289,32,10.9,70,A
211839000,2020-08-19T15:03:08,36.91537,-76.33782,0.9,125.5,270.0,CHICAGO EXPRESS,IMO9295268,DCUJ2,70,0,336,42,14.6,79,A
367932000,2020-08-19T15:20:17,36.94918,-76.32968,0.0,107.0,279.0,JOHN LENTHALL,IMO8325547,NJLN,80,5,193,29,,,A
538002652,2020-08-19T15:17:55,37.15728,-76.11880,10.3,182.0,185.0,NAIAS,IMO9330800,V7KN8,70,0,225,32,14.0,70,A
311000188,2020-08-19T15:03:20,37.13528,-76.14217,16.3,330.7,328.0,HERMES LEADER,IMO9690535,C6AX9,70,0,199,35,10.6,,A
367821000,2020-08-19T15:18:37,36.97284,-76.43366,0.0,0.0,511.0,YANO,IMO7825409,NAQH,70,0,276,32,13.0,70,A
366839000,2020-08-19T15:07:02,36.85349,-76.31085,0.0,0.0,39.0,CAPE RISE,IMO7530808,KAFG,70,5,197,32,10.0,,A
211839000,2020-08-19T15:06:42,36.91463,-76.33545,2.6,109.6,294.0,CHICAGO EXPRESS,IMO9295268,DCUJ2,70,0,336,42,14.6,79,A
367821000,2020-08-19T15:04:57,36.97286,-76.43363,0.0,0.0,511.0,YANO,IMO7825409,NAQH,70,0,276,32,13.0,70,A
367359930,2020-08-19T15:03:32,36.82404,-76.28907,0.0,2.8,511.0,SUNNY WILLIAMS,,WDE4940,80,0,25,8,,80,A
367822000,2020-08-19T15:20:55,36.97315,-76.43381,0.0,0.0,238.0,USNS SHUGHART,IMO7825394,NAOQ,70,5,276,32,13.0,70,A
367078110,2020-08-19T15:08:12,36.83855,-76.28198,0.0,156.0,511.0,MARCELLE BORDELON,IMO9350379,WDJ2038,79,3,45,11,3.0,79,A
305855000,2020-08-19T15:05:49,36.86428,-76.31477,0.0,14.7,226.0,BBC PEARL,IMO9504786,V2FY8,70,5,153,23,9.1,70,A
367821000,2020-08-19T15:19:57,36.97285,-76.43366,0.0,0.0,511.0,YANO,IMO7825409,NAQH,70,0,276,32,13.0,70,A
367821000,2020-08-19T15:08:48,36.97286,-76.43363,0.0,0.0,511.0,YANO,IMO7825409,NAQH,70,0,276,32,13.0,70,A
367932000,2020-08-19T14:41:17,36.94918,-76.32965,0.0,107.0,279.0,JOHN LENTHALL,IMO8325547,NJLN,80,5,193,29,,,A
367932000,2020-08-19T15:08:18,36.94913,-76.32972,0.0,107.0,279.0,JOHN LENTHALL,IMO8325547,NJLN,80,5,193,29,,,A
477196100,2020-08-19T15:03:49,37.19817,-76.13362,0.1,261.2,201.0,DARYA MA,IMO9591674,VRJH5,70,1,229,32,14.5,,A
367821000,2020-08-19T15:03:48,36.97286,-76.43363,0.0,0.0,511.0,YANO,IMO7825409,NAQH,70,0,276,32,13.0,70,A
538006982,2020-08-19T15:08:53,37.20667,-76.12233,0.4,147.6,238.0,ANTE TOPIC,IMO9737072,V7TR4,70,1,,,,,A
367821000,2020-08-19T15:06:07,36.97286,-76.43363,0.0,0.0,511.0,YANO,IMO7825409,NAQH,70,0,276,32,13.0,70,A
368026000,2020-08-19T14:42:21,36.86576,-76.31603,0.0,270.5,2.0,BENAVIDEZ,IMO9218210,NBHG,70,5,289,32,10.9,70,A
538002652,2020-08-19T15:04:55,37.18215,-76.10908,2.7,245.0,233.0,NAIAS,IMO9330800,V7KN8,70,0,225,32,14.0,70,A
367359930,2020-08-19T15:20:51,36.82405,-76.28910,0.0,2.8,511.0,SUNNY WILLIAMS,,WDE4940,80,0,25,8,,80,A
311000188,2020-08-19T15:06:50,37.14990,-76.14973,16.3,352.8,352.0,HERMES LEADER,IMO9690535,C6AX9,70,0,199,35,10.6,,A
368026000,2020-08-19T15:21:21,36.86577,-76.31603,0.0,270.5,2.0,BENAVIDEZ,IMO9218210,NBHG,70,5,289,32,10.9,70,A
367078110,2020-08-19T15:23:23,36.83855,-76.28199,0.0,325.0,511.0,MARCELLE BORDELON,IMO9350379,WDJ2038,79,3,45,11,3.0,79,A
538002652,2020-08-19T15:07:06,37.18098,-76.11123,3.6,229.0,217.0,NAIAS,IMO9330800,V7KN8,70,0,225,32,14.0,70,A
211839000,2020-08-19T15:24:02,36.90658,-76.32673,0.1,82.0,352.0,CHICAGO EXPRESS,IMO9295268,DCUJ2,70,0,336,42,14.6,79,A
311000188,2020-08-19T15:07:57,37.15483,-76.15043,16.1,353.2,351.0,HERMES LEADER,IMO9690535,C6AX9,70,0,199,35,10.6,,A
311000188,2020-08-19T15:25:10,37.22230,-76.14085,14.8,16.9,15.0,HERMES LEADER,IMO9690535,C6AX9,70,0,199,35,10.6,,A
368026000,2020-08-19T15:24:21,36.86579,-76.31604,0.0,270.5,2.0,BENAVIDEZ,IMO9218210,NBHG,70,5,289,32,10.9,70,A
366839000,2020-08-19T15:24:56,36.85349,-76.31080,0.0,0.0,39.0,CAPE RISE,IMO7530808,KAFG,70,5,197,32,10.0,,A
367821000,2020-08-19T15:07:28,36.97286,-76.43363,0.0,0.0,511.0,YANO,IMO7825409,NAQH,70,0,276,32,13.0,70,A
367359930,2020-08-19T15:24:22,36.82405,-76.28908,0.0,2.8,511.0,SUNNY WILLIAMS,,WDE4940,80,0,25,8,,80,A
367359930,2020-08-19T15:23:11,36.82404,-76.28909,0.0,2.8,511.0,SUNNY WILLIAMS,,WDE4940,80,0,25,8,,80,A
367821000,2020-08-19T15:09:57,36.97286,-76.43363,0.0,0.0,511.0,YANO,IMO7825409,NAQH,70,0,276,32,13.0,70,A
477196100,2020-08-19T15:24:43,37.19572,-76.13236,0.5,202.0,275.0,DARYA MA,IMO9591674,VRJH5,70,1,229,32,14.5,,A
367078110,2020-08-19T15:11:43,36.83855,-76.28199,0.0,79.0,511.0,MARCELLE BORDELON,IMO9350379,WDJ2038,79,3,45,11,3.0,79,A
367861000,2020-08-19T15:09:01,36.94640,-76.32987,0.0,0.0,265.0,LARAMIE,IMO8906626,NLAR,80,5,193,29,,,A
367932000,2020-08-19T15:23:18,36.94921,-76.32958,0.0,107.0,279.0,JOHN LENTHALL,IMO8325547,NJLN,80,5,193,29,,,A
368026000,2020-08-19T15:09:21,36.86577,-76.31605,0.0,270.5,2.0,BENAVIDEZ,IMO9218210,NBHG,70,5,289,32,10.9,70,A
367359930,2020-08-19T15:09:42,36.82403,-76.28906,0.0,2.8,511.0,SUNNY WILLIAMS,,WDE4940,80,0,25,8,,80,A
367078110,2020-08-19T15:09:23,36.83855,-76.28198,0.0,241.0,511.0,MARCELLE BORDELON,IMO9350379,WDJ2038,79,3,45,11,3.0,79,A
211839000,2020-08-19T15:10:12,36.91315,-76.33229,3.3,128.5,313.0,CHICAGO EXPRESS,IMO9295268,DCUJ2,70,0,336,42,14.6,79,A
538002652,2020-08-19T15:09:16,37.17842,-76.11332,5.8,207.0,204.0,NAIAS,IMO9330800,V7KN8,70,0,225,32,14.0,70,A
367078110,2020-08-19T15:10:34,36.83855,-76.28199,0.0,243.0,511.0,MARCELLE BORDELON,IMO9350379,WDJ2038,79,3,45,11,3.0,79,A
367821000,2020-08-19T14:46:17,36.97286,-76.43362,0.0,0.0,511.0,YANO,IMO7825409,NAQH,70,0,276,32,13.0,70,A
311000188,2020-08-19T15:10:26,37.16594,-76.15218,16.1,353.3,352.0,HERMES LEADER,IMO9690535,C6AX9,70,0,199,35,10.6,,A
311000188,2020-08-19T14:48:50,37.07753,-76.10138,16.4,331.3,331.0,HERMES LEADER,IMO9690535,C6AX9,70,0,199,35,10.6,,A
538002652,2020-08-19T15:27:25,37.12732,-76.12128,12.1,184.0,185.0,NAIAS,IMO9330800,V7KN8,70,0,225,32,14.0,70,A
538002652,2020-08-19T15:10:25,37.17632,-76.11442,7.1,201.0,201.0,NAIAS,IMO9330800,V7KN8,70,0,225,32,14.0,70,A
538002652,2020-08-19T15:11:36,37.17378,-76.11548,8.2,197.0,199.0,NAIAS,IMO9330800,V7KN8,70,0,225,32,14.0,70,A
367821000,2020-08-19T14:47:27,36.97286,-76.43362,0.0,0.0,511.0,YANO,IMO7825409,NAQH,70,0,276,32,13.0,70,A
367821000,2020-08-19T14:49:08,36.97286,-76.43362,0.0,0.0,511.0,YANO,IMO7825409,NAQH,70,0,276,32,13.0,70,A
215677000,2020-08-19T15:27:03,37.23720,-76.11542,0.3,223.9,286.0,RIZE,IMO9584035,9HA2781,70,1,229,32,14.5,,A
538006982,2020-08-19T15:11:53,37.20640,-76.12206,0.4,129.4,255.0,ANTE TOPIC,IMO9737072,V7TR4,70,1,,,,,A
538002652,2020-08-19T15:29:16,37.12143,-76.12092,11.6,167.0,162.0,NAIAS,IMO9330800,V7KN8,70,0,225,32,14.0,70,A
211839000,2020-08-19T15:13:42,36.91036,-76.32980,3.7,151.4,333.0,CHICAGO EXPRESS,IMO9295268,DCUJ2,70,0,336,42,14.6,79,A
367821000,2020-08-19T15:31:08,36.97285,-76.43366,0.0,0.0,511.0,YANO,IMO7825409,NAQH,70,0,276,32,13.0,70,A
367822000,2020-08-19T15:11:55,36.97315,-76.43381,0.0,0.0,238.0,USNS SHUGHART,IMO7825394,NAOQ,70,5,276,32,13.0,70,A
367078110,2020-08-19T15:15:22,36.83854,-76.28199,0.0,341.0,511.0,MARCELLE BORDELON,IMO9350379,WDJ2038,79,3,45,11,3.0,79,A
367078110,2020-08-19T15:12:52,36.83854,-76.28199,0.0,321.0,511.0,MARCELLE BORDELON,IMO9350379,WDJ2038,79,3,45,11,3.0,79,A
311000188,2020-08-19T15:30:40,37.24468,-76.13249,15.4,19.4,17.0,HERMES LEADER,IMO9690535,C6AX9,70,0,199,35,10.6,,A
311000188,2020-08-19T15:29:34,37.24011,-76.13421,15.2,15.7,14.0,HERMES LEADER,IMO9690535,C6AX9,70,0,199,35,10.6,,A
211839000,2020-08-19T15:29:12,36.90652,-76.32676,0.0,352.0,352.0,CHICAGO EXPRESS,IMO9295268,DCUJ2,70,0,336,42,14.6,79,A
367821000,2020-08-19T15:12:17,36.97286,-76.43363,0.0,0.0,511.0,YANO,IMO7825409,NAQH,70,0,276,32,13.0,70,A
538002652,2020-08-19T15:13:06,37.17023,-76.11692,9.1,198.0,199.0,NAIAS,IMO9330800,V7KN8,70,0,225,32,14.0,70,A
367078110,2020-08-19T15:28:44,36.83854,-76.28198,0.0,194.0,511.0,MARCELLE BORDELON,IMO9350379,WDJ2038,79,3,45,11,3.0,79,A
211839000,2020-08-19T15:11:21,36.91233,-76.33136,3.4,138.3,320.0,CHICAGO EXPRESS,IMO9295268,DCUJ2,70,0,336,42,14.6,79,A
305855000,2020-08-19T14:50:49,36.86427,-76.31475,0.0,22.6,226.0,BBC PEARL,IMO9504786,V2FY8,70,5,153,23,9.1,70,A
368026000,2020-08-19T15:30:21,36.86576,-76.31602,0.0,270.5,2.0,BENAVIDEZ,IMO9218210,NBHG,70,5,289,32,10.9,70,A
311000188,2020-08-19T15:14:08,37.18205,-76.15448,14.5,355.9,354.0,HERMES LEADER,IMO9690535,C6AX9,70,0,199,35,10.6,,A
368026000,2020-08-19T15:12:20,36.86579,-76.31604,0.0,270.5,2.0,BENAVIDEZ,IMO9218210,NBHG,70,5,289,32,10.9,70,A
538006982,2020-08-19T15:14:53,37.20607,-76.12175,0.4,138.2,267.0,ANTE TOPIC,IMO9737072,V7TR4,70,1,,,,,A
367359930,2020-08-19T15:14:41,36.82405,-76.28906,0.0,2.8,511.0,SUNNY WILLIAMS,,WDE4940,80,0,25,8,,80,A
367359930,2020-08-19T15:13:30,36.82405,-76.28908,0.0,2.8,511.0,SUNNY WILLIAMS,,WDE4940,80,0,25,8,,80,A
367821000,2020-08-19T15:13:47,36.97282,-76.43365,0.0,0.0,511.0,YANO,IMO7825409,NAQH,70,0,276,32,13.0,70,A
211839000,2020-08-19T15:33:01,36.90656,-76.32675,0.0,352.0,352.0,CHICAGO EXPRESS,IMO9295268,DCUJ2,70,0,336,42,14.6,79,A
367821000,2020-08-19T15:14:48,36.97284,-76.43366,0.0,0.0,511.0,YANO,IMO7825409,NAQH,70,0,276,32,13.0,70,A
368026000,2020-08-19T15:15:22,36.86576,-76.31605,0.0,270.5,2.0,BENAVIDEZ,IMO9218210,NBHG,70,5,289,32,10.9,70,A
366839000,2020-08-19T15:16:02,36.85352,-76.31083,0.0,0.0,39.0,CAPE RISE,IMO7530808,KAFG,70,5,197,32,10.0,,A
211839000,2020-08-19T15:35:02,36.90653,-76.32676,0.0,352.0,352.0,CHICAGO EXPRESS,IMO9295268,DCUJ2,70,0,336,42,14.6,79,A
367359930,2020-08-19T15:15:52,36.82406,-76.28906,0.1,2.8,511.0,SUNNY WILLIAMS,,WDE4940,80,0,25,8,,80,A
367932000,2020-08-19T15:32:17,36.94918,-76.32966,0.0,107.0,279.0,JOHN LENTHALL,IMO8325547,NJLN,80,5,193,29,,,A
215677000,2020-08-19T15:33:01,37.23683,-76.11597,0.3,217.1,287.0,RIZE,IMO9584035,9HA2781,70,1,229,32,14.5,,A
311000188,2020-08-19T15:34:52,37.26172,-76.12543,15.2,15.3,16.0,HERMES LEADER,IMO9690535,C6AX9,70,0,199,35,10.6,,A
211839000,2020-08-19T14:52:30,36.92432,-76.33837,6.4,181.8,181.0,CHICAGO EXPRESS,IMO9295268,DCUJ2,70,0,336,42,14.6,79,A
367821000,2020-08-19T15:17:27,36.97284,-76.43366,0.0,0.0,511.0,YANO,IMO7825409,NAQH,70,0,276,32,13.0,70,A
367078110,2020-08-19T15:16:33,36.83854,-76.28199,0.0,310.0,511.0,MARCELLE BORDELON,IMO9350379,WDJ2038,79,3,45,11,3.0,79,A
366839000,2020-08-19T15:19:03,36.85349,-76.31083,0.0,0.0,39.0,CAPE RISE,IMO7530808,KAFG,70,5,197,32,10.0,,A
211839000,2020-08-19T15:17:11,36.90743,-76.32773,3.1,151.4,337.0,CHICAGO EXPRESS,IMO9295268,DCUJ2,70,0,336,42,14.6,79,A
367821000,2020-08-19T14:55:37,36.97286,-76.43363,0.0,0.0,511.0,YANO,IMO7825409,NAQH,70,0,276,32,13.0,70,A
367359930,2020-08-19T15:34:41,36.82405,-76.28908,0.0,2.8,511.0,SUNNY WILLIAMS,,WDE4940,80,0,25,8,,80,A
215677000,2020-08-19T15:18:00,37.23812,-76.11519,0.3,157.9,258.0,RIZE,IMO9584035,9HA2781,70,1,229,32,14.5,,A
538002652,2020-08-19T15:20:16,37.15035,-76.11937,10.7,183.0,185.0,NAIAS,IMO9330800,V7KN8,70,0,225,32,14.0,70,A
305855000,2020-08-19T14:53:46,36.86429,-76.31478,0.0,328.9,226.0,BBC PEARL,IMO9504786,V2FY8,70,5,153,23,9.1,70,A
367932000,2020-08-19T15:17:17,36.94916,-76.32969,0.0,107.0,279.0,JOHN LENTHALL,IMO8325547,NJLN,80,5,193,29,,,A
367078110,2020-08-19T15:36:52,36.83854,-76.28198,0.0,141.0,511.0,MARCELLE BORDELON,IMO9350379,WDJ2038,79,3,45,11,3.0,79,A
367861000,2020-08-19T15:36:00,36.94636,-76.32979,0.0,0.0,265.0,LARAMIE,IMO8906626,NLAR,80,5,193,29,,,A
211839000,2020-08-19T15:18:21,36.90695,-76.32736,1.5,145.0,341.0,CHICAGO EXPRESS,IMO9295268,DCUJ2,70,0,336,42,14.6,79,A
305855000,2020-08-19T15:17:46,36.86431,-76.31474,0.0,2.2,226.0,BBC PEARL,IMO9504786,V2FY8,70,5,153,23,9.1,70,A
215677000,2020-08-19T15:21:01,37.23778,-76.11516,0.4,183.3,267.0,RIZE,IMO9584035,9HA2781,70,1,229,32,14.5,,A
367821000,2020-08-19T15:38:47,36.97284,-76.43366,0.0,0.0,511.0,YANO,IMO7825409,NAQH,70,0,276,32,13.0,70,A
367078110,2020-08-19T15:22:22,36.83855,-76.28198,0.0,350.0,511.0,MARCELLE BORDELON,IMO9350379,WDJ2038,79,3,45,11,3.0,79,A
366839000,2020-08-19T15:37:00,36.85348,-76.31082,0.0,0.0,39.0,CAPE RISE,IMO7530808,KAFG,70,5,197,32,10.0,,A
211839000,2020-08-19T15:20:02,36.90665,-76.32701,0.8,136.2,346.0,CHICAGO EXPRESS,IMO9295268,DCUJ2,70,0,336,42,14.6,79,A
305855000,2020-08-19T15:35:47,36.86430,-76.31475,0.0,3.2,226.0,BBC PEARL,IMO9504786,V2FY8,70,5,153,23,9.1,70,A
477196100,2020-08-19T15:18:49,37.19656,-76.13224,0.5,166.7,271.0,DARYA MA,IMO9591674,VRJH5,70,1,229,32,14.5,,A
211839000,2020-08-19T15:21:21,36.90655,-76.32686,0.3,98.4,350.0,CHICAGO EXPRESS,IMO9295268,DCUJ2,70,0,336,42,14.6,79,A
538002652,2020-08-19T14:59:55,37.18278,-76.10705,0.1,61.0,237.0,NAIAS,IMO9330800,V7KN8,70,0,225,32,14.0,70,A
538002652,2020-08-19T15:23:06,37.14175,-76.12005,11.2,184.0,186.0,NAIAS,IMO9330800,V7KN8,70,0,225,32,14.0,70,A
367821000,2020-08-19T15:22:08,36.97285,-76.43367,0.0,0.0,511.0,YANO,IMO7825409,NAQH,70,0,276,32,13.0,70,A
367078110,2020-08-19T15:20:32,36.83854,-76.28198,0.0,298.0,511.0,MARCELLE BORDELON,IMO9350379,WDJ2038,79,3,45,11,3.0,79,A
367821000,2020-08-19T15:41:17,36.97284,-76.43366,0.0,0.0,511.0,YANO,IMO7825409,NAQH,70,0,276,32,13.0,70,A
311000188,2020-08-19T15:22:22,37.21149,-76.14502,14.0,17.2,16.0,HERMES LEADER,IMO9690535,C6AX9,70,0,199,35,10.6,,A
367822000,2020-08-19T15:38:55,36.97312,-76.43383,0.0,0.0,238.0,USNS SHUGHART,IMO7825394,NAOQ,70,5,276,32,13.0,70,A
366839000,2020-08-19T15:22:00,36.85351,-76.31081,0.0,0.0,39.0,CAPE RISE,IMO7530808,KAFG,70,5,197,32,10.0,,A
477196100,2020-08-19T15:21:48,37.19614,-76.13221,0.5,188.7,274.0,DARYA MA,IMO9591674,VRJH5,70,1,229,32,14.5,,A
367359930,2020-08-19T15:22:02,36.82405,-76.28909,0.0,2.8,511.0,SUNNY WILLIAMS,,WDE4940,80,0,25,8,,80,A
367822000,2020-08-19T14:59:56,36.97315,-76.43381,0.0,0.0,238.0,USNS SHUGHART,IMO7825394,NAOQ,70,5,276,32,13.0,70,A
367861000,2020-08-19T15:24:00,36.94642,-76.32977,0.0,0.0,265.0,LARAMIE,IMO8906626,NLAR,80,5,193,29,,,A
538002652,2020-08-19T15:21:56,37.14532,-76.11973,11.0,183.0,185.0,NAIAS,IMO9330800,V7KN8,70,0,225,32,14.0,70,A
215677000,2020-08-19T15:00:00,37.23880,-76.11689,0.2,158.6,200.0,RIZE,IMO9584035,9HA2781,70,1,229,32,14.5,,A
538006982,2020-08-19T14:59:53,37.20737,-76.12281,0.1,120.1,206.0,ANTE TOPIC,IMO9737072,V7TR4,70,1,,,,,A
305855000,2020-08-19T15:23:49,36.86431,-76.31475,0.0,17.2,226.0,BBC PEARL,IMO9504786,V2FY8,70,5,153,23,9.1,70,A
311000188,2020-08-19T15:39:22,37.28017,-76.11819,15.5,20.8,20.0,HERMES LEADER,IMO9690535,C6AX9,70,0,199,35,10.6,,A
311000188,2020-08-19T15:21:21,37.20775,-76.14643,13.6,16.7,15.0,HERMES LEADER,IMO9690535,C6AX9,70,0,199,35,10.6,,A
366839000,2020-08-19T15:40:01,36.85350,-76.31082,0.0,0.0,39.0,CAPE RISE,IMO7530808,KAFG,70,5,197,32,10.0,,A
367359930,2020-08-19T15:39:21,36.82406,-76.28908,0.0,2.8,511.0,SUNNY WILLIAMS,,WDE4940,80,0,25,8,,80,A
367821000,2020-08-19T15:01:28,36.97286,-76.43363,0.0,0.0,511.0,YANO,IMO7825409,NAQH,70,0,276,32,13.0,70,A
538002652,2020-08-19T15:02:25,37.18272,-76.10733,0.9,251.0,241.0,NAIAS,IMO9330800,V7KN8,70,0,225,32,14.0,70,A
367932000,2020-08-19T15:41:17,36.94914,-76.32959,0.0,107.0,279.0,JOHN LENTHALL,IMO8325547,NJLN,80,5,193,29,,,A
368026000,2020-08-19T15:42:20,36.86576,-76.31602,0.0,270.5,2.0,BENAVIDEZ,IMO9218210,NBHG,70,5,289,32,10.9,70,A
367078110,2020-08-19T15:42:32,36.83853,-76.28199,0.0,122.0,511.0,MARCELLE BORDELON,IMO9350379,WDJ2038,79,3,45,11,3.0,79,A
311000188,2020-08-19T15:44:28,37.30134,-76.10952,15.8,24.2,25.0,HERMES LEADER,IMO9690535,C6AX9,70,0,199,35,10.6,,A
477196100,2020-08-19T15:42:47,37.19397,-76.13389,0.2,242.9,335.0,DARYA MA,IMO9591674,VRJH5,70,1,229,32,14.5,,A
367822000,2020-08-19T15:23:56,36.97315,-76.43381,0.0,0.0,238.0,USNS SHUGHART,IMO7825394,NAOQ,70,5,276,32,13.0,70,A
367821000,2020-08-19T15:43:08,36.97284,-76.43366,0.0,0.0,511.0,YANO,IMO7825409,NAQH,70,0,276,32,13.0,70,A
311000188,2020-08-19T15:43:16,37.29645,-76.11214,15.9,18.4,19.0,HERMES LEADER,IMO9690535,C6AX9,70,0,199,35,10.6,,A
311000188,2020-08-19T15:04:26,37.13964,-76.14522,16.1,330.6,329.0,HERMES LEADER,IMO9690535,C6AX9,70,0,199,35,10.6,,A
311000188,2020-08-19T15:26:46,37.22866,-76.13845,15.2,16.2,15.0,HERMES LEADER,IMO9690535,C6AX9,70,0,199,35,10.6,,A
211839000,2020-08-19T15:25:12,36.90664,-76.32672,0.0,352.0,352.0,CHICAGO EXPRESS,IMO9295268,DCUJ2,70,0,336,42,14.6,79,A
367078110,2020-08-19T15:26:33,36.83854,-76.28199,0.0,354.0,511.0,MARCELLE BORDELON,IMO9350379,WDJ2038,79,3,45,11,3.0,79,A
367359930,2020-08-19T15:25:42,36.82405,-76.28907,0.0,2.8,511.0,SUNNY WILLIAMS,,WDE4940,80,0,25,8,,80,A
538002652,2020-08-19T15:24:15,37.13798,-76.12035,11.4,183.0,185.0,NAIAS,IMO9330800,V7KN8,70,0,225,32,14.0,70,A
366839000,2020-08-19T15:43:00,36.85348,-76.31081,0.0,0.0,39.0,CAPE RISE,IMO7530808,KAFG,70,5,197,32,10.0,,A
367359930,2020-08-19T15:42:51,36.82405,-76.28908,0.1,2.8,511.0,SUNNY WILLIAMS,,WDE4940,80,0,25,8,,80,A
211839000,2020-08-19T15:27:42,36.90653,-76.32675,0.0,352.0,352.0,CHICAGO EXPRESS,IMO9295268,DCUJ2,70,0,336,42,14.6,79,A
211839000,2020-08-19T15:44:52,36.90655,-76.32676,0.0,352.0,352.0,CHICAGO EXPRESS,IMO9295268,DCUJ2,70,0,336,42,14.6,79,A
367861000,2020-08-19T15:27:00,36.94638,-76.32979,0.0,0.0,265.0,LARAMIE,IMO8906626,NLAR,80,5,193,29,,,A
367822000,2020-08-19T15:26:56,36.97315,-76.43381,0.0,0.0,238.0,USNS SHUGHART,IMO7825394,NAOQ,70,5,276,32,13.0,70,A
311000188,2020-08-19T15:28:04,37.23396,-76.13649,15.2,16.4,16.0,HERMES LEADER,IMO9690535,C6AX9,70,0,199,35,10.6,,A
538002652,2020-08-19T15:25:56,37.13258,-76.12078,11.8,183.0,185.0,NAIAS,IMO9330800,V7KN8,70,0,225,32,14.0,70,A
538006982,2020-08-19T15:26:53,37.20475,-76.12140,0.3,194.4,293.0,ANTE TOPIC,IMO9737072,V7TR4,70,1,,,,,A
367821000,2020-08-19T15:26:07,36.97285,-76.43366,0.0,0.0,511.0,YANO,IMO7825409,NAQH,70,0,276,32,13.0,70,A
367359930,2020-08-19T15:07:21,36.82402,-76.28905,0.0,2.8,511.0,SUNNY WILLIAMS,,WDE4940,80,0,25,8,,80,A
367078110,2020-08-19T15:07:03,36.83855,-76.28198,0.0,180.0,511.0,MARCELLE BORDELON,IMO9350379,WDJ2038,79,3,45,11,3.0,79,A
367078110,2020-08-19T15:47:42,36.83854,-76.28199,0.0,212.0,511.0,MARCELLE BORDELON,IMO9350379,WDJ2038,79,3,45,11,3.0,79,A
368026000,2020-08-19T15:27:21,36.86575,-76.31605,0.0,270.5,2.0,BENAVIDEZ,IMO9218210,NBHG,70,5,289,32,10.9,70,A
367821000,2020-08-19T15:27:18,36.97285,-76.43366,0.0,0.0,511.0,YANO,IMO7825409,NAQH,70,0,276,32,13.0,70,A
367821000,2020-08-19T15:44:18,36.97278,-76.43366,0.0,0.0,511.0,YANO,IMO7825409,NAQH,70,0,276,32,13.0,70,A
367078110,2020-08-19T15:27:43,36.83853,-76.28198,0.0,241.0,511.0,MARCELLE BORDELON,IMO9350379,WDJ2038,79,3,45,11,3.0,79,A
367359930,2020-08-19T15:08:32,36.82405,-76.28906,0.0,2.8,511.0,SUNNY WILLIAMS,,WDE4940,80,0,25,8,,80,A
367359930,2020-08-19T15:29:02,36.82404,-76.28909,0.0,2.8,511.0,SUNNY WILLIAMS,,WDE4940,80,0,25,8,,80,A
211839000,2020-08-19T15:07:52,36.91428,-76.33437,2.9,111.0,297.0,CHICAGO EXPRESS,IMO9295268,DCUJ2,70,0,336,42,14.6,79,A
367821000,2020-08-19T15:28:37,36.97285,-76.43366,0.0,0.0,511.0,YANO,IMO7825409,NAQH,70,0,276,32,13.0,70,A
538006982,2020-08-19T15:47:53,37.20374,-76.12293,0.1,116.4,348.0,ANTE TOPIC,IMO9737072,V7TR4,70,1,,,,,A
367078110,2020-08-19T15:46:32,36.83854,-76.28199,0.0,231.0,511.0,MARCELLE BORDELON,IMO9350379,WDJ2038,79,3,45,11,3.0,79,A
367822000,2020-08-19T15:44:56,36.97312,-76.43383,0.0,0.0,238.0,USNS SHUGHART,IMO7825394,NAOQ,70,5,276,32,13.0,70,A
538002652,2020-08-19T15:50:16,37.05523,-76.08248,12.8,142.0,144.0,NAIAS,IMO9330800,V7KN8,70,0,225,32,14.0,70,A
311000188,2020-08-19T15:46:52,37.31111,-76.10399,16.0,24.4,24.0,HERMES LEADER,IMO9690535,C6AX9,70,0,199,35,10.6,,A
311000188,2020-08-19T15:09:03,37.15975,-76.15122,16.1,353.0,351.0,HERMES LEADER,IMO9690535,C6AX9,70,0,199,35,10.6,,A
367078110,2020-08-19T15:30:13,36.83854,-76.28198,0.0,344.0,511.0,MARCELLE BORDELON,IMO9350379,WDJ2038,79,3,45,11,3.0,79,A
477196100,2020-08-19T15:27:48,37.19521,-76.13259,0.5,198.3,285.0,DARYA MA,IMO9591674,VRJH5,70,1,229,32,14.5,,A
477196100,2020-08-19T15:09:43,37.19780,-76.13303,0.5,142.2,225.0,DARYA MA,IMO9591674,VRJH5,70,1,229,32,14.5,,A
366839000,2020-08-19T15:28:00,36.85350,-76.31085,0.0,0.0,39.0,CAPE RISE,IMO7530808,KAFG,70,5,197,32,10.0,,A
366839000,2020-08-19T15:30:58,36.85349,-76.31085,0.0,0.0,39.0,CAPE RISE,IMO7530808,KAFG,70,5,197,32,10.0,,A
367932000,2020-08-19T15:29:17,36.94916,-76.32955,0.0,107.0,279.0,JOHN LENTHALL,IMO8325547,NJLN,80,5,193,29,,,A
477196100,2020-08-19T15:30:45,37.19476,-76.13278,0.5,200.9,298.0,DARYA MA,IMO9591674,VRJH5,70,1,229,32,14.5,,A
305855000,2020-08-19T15:29:46,36.86420,-76.31480,0.0,206.9,226.0,BBC PEARL,IMO9504786,V2FY8,70,5,153,23,9.1,70,A
367821000,2020-08-19T15:29:57,36.97285,-76.43366,0.0,0.0,511.0,YANO,IMO7825409,NAQH,70,0,276,32,13.0,70,A
538002652,2020-08-19T15:30:25,37.11795,-76.11918,11.7,157.0,160.0,NAIAS,IMO9330800,V7KN8,70,0,225,32,14.0,70,A
538002652,2020-08-19T15:48:55,37.05903,-76.08607,12.9,143.0,144.0,NAIAS,IMO9330800,V7KN8,70,0,225,32,14.0,70,A
215677000,2020-08-19T15:30:01,37.23702,-76.11571,0.3,240.1,287.0,RIZE,IMO9584035,9HA2781,70,1,229,32,14.5,,A
367078110,2020-08-19T15:31:23,36.83855,-76.28198,0.0,144.0,511.0,MARCELLE BORDELON,IMO9350379,WDJ2038,79,3,45,11,3.0,79,A
538006982,2020-08-19T15:29:53,37.20447,-76.12159,0.4,225.2,303.0,ANTE TOPIC,IMO9737072,V7TR4,70,1,,,,,A
367861000,2020-08-19T15:33:01,36.94635,-76.32978,0.0,0.0,265.0,LARAMIE,IMO8906626,NLAR,80,5,193,29,,,A
367359930,2020-08-19T15:32:21,36.82406,-76.28909,0.0,2.8,511.0,SUNNY WILLIAMS,,WDE4940,80,0,25,8,,80,A
367932000,2020-08-19T15:47:16,36.94915,-76.32972,0.0,107.0,279.0,JOHN LENTHALL,IMO8325547,NJLN,80,5,193,29,,,A
367821000,2020-08-19T15:47:57,36.97283,-76.43365,0.0,0.0,511.0,YANO,IMO7825409,NAQH,70,0,276,32,13.0,70,A
311000188,2020-08-19T15:11:44,37.17183,-76.15305,16.2,353.6,352.0,HERMES LEADER,IMO9690535,C6AX9,70,0,199,35,10.6,,A
367861000,2020-08-19T15:48:01,36.94636,-76.32981,0.0,0.0,265.0,LARAMIE,IMO8906626,NLAR,80,5,193,29,,,A
367359930,2020-08-19T15:12:12,36.82404,-76.28907,0.0,2.8,511.0,SUNNY WILLIAMS,,WDE4940,80,0,25,8,,80,A
305855000,2020-08-19T15:11:45,36.86431,-76.31475,0.0,3.6,226.0,BBC PEARL,IMO9504786,V2FY8,70,5,153,23,9.1,70,A
538002652,2020-08-19T15:32:16,37.11220,-76.11622,12.0,158.0,160.0,NAIAS,IMO9330800,V7KN8,70,0,225,32,14.0,70,A
367359930,2020-08-19T15:49:21,36.82403,-76.28909,0.1,2.8,511.0,SUNNY WILLIAMS,,WDE4940,80,0,25,8,,80,A
215677000,2020-08-19T15:12:00,37.23847,-76.11568,0.3,98.0,242.0,RIZE,IMO9584035,9HA2781,70,1,229,32,14.5,,A
477196100,2020-08-19T15:12:48,37.19743,-76.13272,0.5,145.4,241.0,DARYA MA,IMO9591674,VRJH5,70,1,229,32,14.5,,A
211839000,2020-08-19T15:12:31,36.91140,-76.33054,3.5,145.3,327.0,CHICAGO EXPRESS,IMO9295268,DCUJ2,70,0,336,42,14.6,79,A
367078110,2020-08-19T15:32:33,36.83855,-76.28198,0.0,338.0,511.0,MARCELLE BORDELON,IMO9350379,WDJ2038,79,3,45,11,3.0,79,A
311000188,2020-08-19T15:52:52,37.33569,-76.09017,16.4,23.6,25.0,HERMES LEADER,IMO9690535,C6AX9,70,0,199,35,10.6,,A
477196100,2020-08-19T15:33:49,37.19436,-76.13303,0.5,220.4,310.0,DARYA MA,IMO9591674,VRJH5,70,1,229,32,14.5,,A
538002652,2020-08-19T15:51:26,37.05182,-76.07933,12.9,143.0,144.0,NAIAS,IMO9330800,V7KN8,70,0,225,32,14.0,70,A
366839000,2020-08-19T15:33:58,36.85349,-76.31087,0.0,0.0,39.0,CAPE RISE,IMO7530808,KAFG,70,5,197,32,10.0,,A
367821000,2020-08-19T15:32:18,36.97284,-76.43366,0.0,0.0,511.0,YANO,IMO7825409,NAQH,70,0,276,32,13.0,70,A
538002652,2020-08-19T15:14:15,37.16743,-76.11800,9.4,194.0,189.0,NAIAS,IMO9330800,V7KN8,70,0,225,32,14.0,70,A
367822000,2020-08-19T15:32:55,36.97311,-76.43383,0.0,0.0,238.0,USNS SHUGHART,IMO7825394,NAOQ,70,5,276,32,13.0,70,A
368026000,2020-08-19T15:36:20,36.86575,-76.31604,0.1,270.5,2.0,BENAVIDEZ,IMO9218210,NBHG,70,5,289,32,10.9,70,A
367359930,2020-08-19T15:33:30,36.82405,-76.28908,0.1,2.8,511.0,SUNNY WILLIAMS,,WDE4940,80,0,25,8,,80,A
538002652,2020-08-19T15:34:36,37.10487,-76.11257,12.3,158.0,160.0,NAIAS,IMO9330800,V7KN8,70,0,225,32,14.0,70,A
538002652,2020-08-19T15:55:55,37.03862,-76.06747,13.0,146.0,148.0,NAIAS,IMO9330800,V7KN8,70,0,225,32,14.0,70,A
538006982,2020-08-19T15:32:53,37.20428,-76.12192,0.4,249.0,312.0,ANTE TOPIC,IMO9737072,V7TR4,70,1,,,,,A
367821000,2020-08-19T15:37:17,36.97284,-76.43366,0.0,0.0,511.0,YANO,IMO7825409,NAQH,70,0,276,32,13.0,70,A
538002652,2020-08-19T15:37:15,37.09635,-76.10822,12.4,157.0,160.0,NAIAS,IMO9330800,V7KN8,70,0,225,32,14.0,70,A
215677000,2020-08-19T15:54:03,37.23554,-76.11628,0.1,208.0,318.0,RIZE,IMO9584035,9HA2781,70,1,229,32,14.5,,A
211839000,2020-08-19T15:36:22,36.90652,-76.32676,0.0,352.0,352.0,CHICAGO EXPRESS,IMO9295268,DCUJ2,70,0,336,42,14.6,79,A
367078110,2020-08-19T15:53:52,36.83854,-76.28199,0.0,226.0,511.0,MARCELLE BORDELON,IMO9350379,WDJ2038,79,3,45,11,3.0,79,A
311000188,2020-08-19T15:37:04,37.27074,-76.12207,15.4,17.8,16.0,HERMES LEADER,IMO9690535,C6AX9,70,0,199,35,10.6,,A
538002652,2020-08-19T15:36:06,37.09992,-76.11010,12.3,158.0,160.0,NAIAS,IMO9330800,V7KN8,70,0,225,32,14.0,70,A
538006982,2020-08-19T15:35:53,37.20416,-76.12227,0.4,251.9,321.0,ANTE TOPIC,IMO9737072,V7TR4,70,1,,,,,A
311000188,2020-08-19T15:15:20,37.18675,-76.15412,13.6,11.2,10.0,HERMES LEADER,IMO9690535,C6AX9,70,0,199,35,10.6,,A
211839000,2020-08-19T15:37:52,36.90656,-76.32675,0.0,352.0,352.0,CHICAGO EXPRESS,IMO9295268,DCUJ2,70,0,336,42,14.6,79,A
538002652,2020-08-19T15:40:56,37.08448,-76.10218,12.6,157.0,160.0,NAIAS,IMO9330800,V7KN8,70,0,225,32,14.0,70,A
215677000,2020-08-19T15:36:02,37.23655,-76.11608,0.4,192.0,291.0,RIZE,IMO9584035,9HA2781,70,1,229,32,14.5,,A
305855000,2020-08-19T15:14:48,36.86433,-76.31474,0.0,2.9,226.0,BBC PEARL,IMO9504786,V2FY8,70,5,153,23,9.1,70,A
311000188,2020-08-19T15:38:16,37.27568,-76.12015,15.4,18.1,17.0,HERMES LEADER,IMO9690535,C6AX9,70,0,199,35,10.6,,A
477196100,2020-08-19T15:36:48,37.19414,-76.13339,0.4,236.7,322.0,DARYA MA,IMO9591674,VRJH5,70,1,229,32,14.5,,A
538002652,2020-08-19T15:39:26,37.08920,-76.10457,12.5,158.0,160.0,NAIAS,IMO9330800,V7KN8,70,0,225,32,14.0,70,A
367359930,2020-08-19T15:58:32,36.82404,-76.28907,0.0,2.8,511.0,SUNNY WILLIAMS,,WDE4940,80,0,25,8,,80,A
367359930,2020-08-19T15:40:31,36.82405,-76.28908,0.0,2.8,511.0,SUNNY WILLIAMS,,WDE4940,80,0,25,8,,80,A
367822000,2020-08-19T15:59:55,36.97312,-76.43382,0.0,0.0,238.0,USNS SHUGHART,IMO7825394,NAOQ,70,5,276,32,13.0,70,A
367078110,2020-08-19T15:38:03,36.83854,-76.28198,0.0,334.0,511.0,MARCELLE BORDELON,IMO9350379,WDJ2038,79,3,45,11,3.0,79,A
367078110,2020-08-19T15:18:03,36.83854,-76.28199,0.0,341.0,511.0,MARCELLE BORDELON,IMO9350379,WDJ2038,79,3,45,11,3.0,79,A
367078110,2020-08-19T15:39:32,36.83854,-76.28198,0.0,145.0,511.0,MARCELLE BORDELON,IMO9350379,WDJ2038,79,3,45,11,3.0,79,A
211839000,2020-08-19T15:39:02,36.90655,-76.32676,0.0,352.0,352.0,CHICAGO EXPRESS,IMO9295268,DCUJ2,70,0,336,42,14.6,79,A
538006982,2020-08-19T15:17:53,37.20582,-76.12150,0.3,146.5,269.0,ANTE TOPIC,IMO9737072,V7TR4,70,1,,,,,A
538006982,2020-08-19T15:59:53,37.20380,-76.12274,0.1,214.4,339.0,ANTE TOPIC,IMO9737072,V7TR4,70,1,,,,,A
477196100,2020-08-19T15:39:49,37.19403,-76.13369,0.3,252.2,331.0,DARYA MA,IMO9591674,VRJH5,70,1,229,32,14.5,,A
367861000,2020-08-19T15:39:01,36.94635,-76.32982,0.0,0.0,265.0,LARAMIE,IMO8906626,NLAR,80,5,193,29,,,A
367822000,2020-08-19T15:17:56,36.97314,-76.43381,0.0,0.0,238.0,USNS SHUGHART,IMO7825394,NAOQ,70,5,276,32,13.0,70,A
367078110,2020-08-19T15:41:13,36.83854,-76.28198,0.0,177.0,511.0,MARCELLE BORDELON,IMO9350379,WDJ2038,79,3,45,11,3.0,79,A
215677000,2020-08-19T15:39:02,37.23620,-76.11617,0.4,189.7,299.0,RIZE,IMO9584035,9HA2781,70,1,229,32,14.5,,A
367359930,2020-08-19T15:19:41,36.82405,-76.28909,0.1,2.8,511.0,SUNNY WILLIAMS,,WDE4940,80,0,25,8,,80,A
305855000,2020-08-19T15:41:47,36.86427,-76.31477,0.0,348.8,226.0,BBC PEARL,IMO9504786,V2FY8,70,5,153,23,9.1,70,A
305855000,2020-08-19T15:38:48,36.86427,-76.31477,0.0,355.3,226.0,BBC PEARL,IMO9504786,V2FY8,70,5,153,23,9.1,70,A
538006982,2020-08-19T15:41:53,37.20394,-76.12280,0.2,235.8,338.0,ANTE TOPIC,IMO9737072,V7TR4,70,1,,,,,A
211839000,2020-08-19T15:40:11,36.90655,-76.32674,0.0,352.0,352.0,CHICAGO EXPRESS,IMO9295268,DCUJ2,70,0,336,42,14.6,79,A
311000188,2020-08-19T15:40:46,37.28592,-76.11585,15.5,16.1,14.0,HERMES LEADER,IMO9690535,C6AX9,70,0,199,35,10.6,,A
215677000,2020-08-19T16:00:03,37.23567,-76.11609,0.1,28.1,311.0,RIZE,IMO9584035,9HA2781,70,1,229,32,14.5,,A
367821000,2020-08-19T16:00:08,36.97281,-76.43366,0.0,0.0,511.0,YANO,IMO7825409,NAQH,70,0,276,32,13.0,70,A
367861000,2020-08-19T16:00:00,36.94642,-76.32984,0.0,0.0,265.0,LARAMIE,IMO8906626,NLAR,80,5,193,29,,,A
215677000,2020-08-19T15:42:03,37.23592,-76.11622,0.4,193.4,305.0,RIZE,IMO9584035,9HA2781,70,1,229,32,14.5,,A
368026000,2020-08-19T15:39:21,36.86576,-76.31603,0.0,270.5,2.0,BENAVIDEZ,IMO9218210,NBHG,70,5,289,32,10.9,70,A
368026000,2020-08-19T16:00:20,36.86576,-76.31604,0.0,270.5,2.0,BENAVIDEZ,IMO9218210,NBHG,70,5,289,32,10.9,70,A
538006982,2020-08-19T15:20:53,37.20552,-76.12138,0.4,168.4,269.0,ANTE TOPIC,IMO9737072,V7TR4,70,1,,,,,A
538002652,2020-08-19T15:45:25,37.06957,-76.09427,12.9,156.0,158.0,NAIAS,IMO9330800,V7KN8,70,0,225,32,14.0,70,A
211839000,2020-08-19T15:42:31,36.90656,-76.32675,0.0,352.0,352.0,CHICAGO EXPRESS,IMO9295268,DCUJ2,70,0,336,42,14.6,79,A
311000188,2020-08-19T15:45:46,37.30665,-76.10652,15.9,23.9,24.0,HERMES LEADER,IMO9690535,C6AX9,70,0,199,35,10.6,,A
367078110,2020-08-19T16:01:12,36.83854,-76.28199,0.0,0.0,511.0,MARCELLE BORDELON,IMO9350379,WDJ2038,79,3,45,11,3.0,79,A
211839000,2020-08-19T15:22:51,36.90651,-76.32678,0.1,82.0,352.0,CHICAGO EXPRESS,IMO9295268,DCUJ2,70,0,336,42,14.6,79,A
367359930,2020-08-19T15:41:41,36.82404,-76.28908,0.1,2.8,511.0,SUNNY WILLIAMS,,WDE4940,80,0,25,8,,80,A
367822000,2020-08-19T15:41:56,36.97312,-76.43383,0.0,0.0,238.0,USNS SHUGHART,IMO7825394,NAOQ,70,5,276,32,13.0,70,A
367821000,2020-08-19T15:46:48,36.97282,-76.43366,0.0,0.0,511.0,YANO,IMO7825409,NAQH,70,0,276,32,13.0,70,A
367078110,2020-08-19T15:44:32,36.83854,-76.28199,0.0,348.0,511.0,MARCELLE BORDELON,IMO9350379,WDJ2038,79,3,45,11,3.0,79,A
305855000,2020-08-19T16:02:47,36.86427,-76.31476,0.0,253.5,226.0,BBC PEARL,IMO9504786,V2FY8,70,5,153,23,9.1,70,A
211839000,2020-08-19T15:47:22,36.90657,-76.32676,0.0,352.0,352.0,CHICAGO EXPRESS,IMO9295268,DCUJ2,70,5,336,42,14.6,79,A
367078110,2020-08-19T16:02:22,36.83854,-76.28199,0.0,276.0,511.0,MARCELLE BORDELON,IMO9350379,WDJ2038,79,3,45,11,3.0,79,A
367822000,2020-08-19T16:02:55,36.97312,-76.43382,0.0,0.0,238.0,USNS SHUGHART,IMO7825394,NAOQ,70,5,276,32,13.0,70,A
367821000,2020-08-19T15:23:27,36.97285,-76.43366,0.0,0.0,511.0,YANO,IMO7825409,NAQH,70,0,276,32,13.0,70,A
367359930,2020-08-19T16:03:31,36.82404,-76.28908,0.0,2.8,511.0,SUNNY WILLIAMS,,WDE4940,80,0,25,8,,80,A
538006982,2020-08-19T15:23:53,37.20512,-76.12135,0.5,179.8,279.0,ANTE TOPIC,IMO9737072,V7TR4,70,1,,,,,A
367359930,2020-08-19T15:43:52,36.82405,-76.28908,0.1,2.8,511.0,SUNNY WILLIAMS,,WDE4940,80,0,25,8,,80,A
215677000,2020-08-19T15:48:04,37.23556,-76.11641,0.2,207.9,319.0,RIZE,IMO9584035,9HA2781,70,1,229,32,14.5,,A
305855000,2020-08-19T15:44:45,36.86428,-76.31475,0.0,348.8,226.0,BBC PEARL,IMO9504786,V2FY8,70,5,153,23,9.1,70,A
211839000,2020-08-19T15:43:42,36.90654,-76.32675,0.0,352.0,352.0,CHICAGO EXPRESS,IMO9295268,DCUJ2,70,0,336,42,14.6,79,A
367932000,2020-08-19T15:44:17,36.94913,-76.32968,0.0,107.0,279.0,JOHN LENTHALL,IMO8325547,NJLN,80,5,193,29,,,A
367822000,2020-08-19T15:47:55,36.97311,-76.43383,0.0,0.0,238.0,USNS SHUGHART,IMO7825394,NAOQ,70,5,276,32,13.0,70,A
211839000,2020-08-19T15:26:22,36.90656,-76.32673,0.0,352.0,352.0,CHICAGO EXPRESS,IMO9295268,DCUJ2,70,0,336,42,14.6,79,A
367359930,2020-08-19T15:45:41,36.82404,-76.28907,0.0,2.8,511.0,SUNNY WILLIAMS,,WDE4940,80,0,25,8,,80,A
368026000,2020-08-19T15:45:21,36.86572,-76.31606,0.0,270.5,2.0,BENAVIDEZ,IMO9218210,NBHG,70,5,289,32,10.9,70,A
367821000,2020-08-19T15:49:18,36.97283,-76.43365,0.0,0.0,511.0,YANO,IMO7825409,NAQH,70,0,276,32,13.0,70,A
367078110,2020-08-19T16:04:43,36.83854,-76.28199,0.0,135.0,511.0,MARCELLE BORDELON,IMO9350379,WDJ2038,79,3,45,11,3.0,79,A
305855000,2020-08-19T15:47:46,36.86427,-76.31478,0.0,348.8,226.0,BBC PEARL,IMO9504786,V2FY8,70,5,153,23,9.1,70,A
367359930,2020-08-19T15:47:01,36.82404,-76.28909,0.0,2.8,511.0,SUNNY WILLIAMS,,WDE4940,80,0,25,8,,80,A
367359930,2020-08-19T15:27:22,36.82404,-76.28909,0.0,2.8,511.0,SUNNY WILLIAMS,,WDE4940,80,0,25,8,,80,A
477196100,2020-08-19T16:06:49,37.19383,-76.13435,0.1,267.8,349.0,DARYA MA,IMO9591674,VRJH5,70,1,229,32,14.5,,A
366839000,2020-08-19T15:48:56,36.85350,-76.31081,0.0,0.0,39.0,CAPE RISE,IMO7530808,KAFG,70,5,197,32,10.0,,A
366839000,2020-08-19T16:07:02,36.85348,-76.31081,0.0,0.0,39.0,CAPE RISE,IMO7530808,KAFG,70,5,197,32,10.0,,A
367822000,2020-08-19T15:50:56,36.97311,-76.43383,0.0,0.0,238.0,USNS SHUGHART,IMO7825394,NAOQ,70,5,276,32,13.0,70,A
367861000,2020-08-19T16:06:00,36.94638,-76.32981,0.0,0.0,265.0,LARAMIE,IMO8906626,NLAR,80,5,193,29,,,A
311000188,2020-08-19T15:49:16,37.32084,-76.09852,16.1,23.7,25.0,HERMES LEADER,IMO9690535,C6AX9,70,0,199,35,10.6,,A
368026000,2020-08-19T16:06:20,36.86576,-76.31605,0.0,270.5,2.0,BENAVIDEZ,IMO9218210,NBHG,70,5,289,32,10.9,70,A
211839000,2020-08-19T15:48:31,36.90660,-76.32675,0.0,352.0,352.0,CHICAGO EXPRESS,IMO9295268,DCUJ2,70,5,336,42,14.6,79,A
215677000,2020-08-19T16:06:03,37.23576,-76.11628,0.2,265.7,309.0,RIZE,IMO9584035,9HA2781,70,1,229,32,14.5,,A
367821000,2020-08-19T15:53:07,36.97283,-76.43366,0.0,0.0,511.0,YANO,IMO7825409,NAQH,70,0,276,32,13.0,70,A
538002652,2020-08-19T15:53:55,37.04465,-76.07267,12.9,143.0,145.0,NAIAS,IMO9330800,V7KN8,70,0,225,32,14.0,70,A
477196100,2020-08-19T15:48:48,37.19384,-76.13423,0.1,254.6,347.0,DARYA MA,IMO9591674,VRJH5,70,1,229,32,14.5,,A
367359930,2020-08-19T15:50:32,36.82404,-76.28909,0.0,2.8,511.0,SUNNY WILLIAMS,,WDE4940,80,0,25,8,,80,A
368026000,2020-08-19T15:48:21,36.86574,-76.31605,0.0,270.5,2.0,BENAVIDEZ,IMO9218210,NBHG,70,5,289,32,10.9,70,A
367359930,2020-08-19T15:48:11,36.82403,-76.28909,0.1,2.8,511.0,SUNNY WILLIAMS,,WDE4940,80,0,25,8,,80,A
367821000,2020-08-19T15:51:48,36.97283,-76.43366,0.0,0.0,511.0,YANO,IMO7825409,NAQH,70,0,276,32,13.0,70,A
367822000,2020-08-19T15:29:55,36.97310,-76.43382,0.0,0.0,238.0,USNS SHUGHART,IMO7825394,NAOQ,70,5,276,32,13.0,70,A
367932000,2020-08-19T15:53:16,36.94910,-76.32967,0.0,107.0,279.0,JOHN LENTHALL,IMO8325547,NJLN,80,5,193,29,,,A
367932000,2020-08-19T15:50:17,36.94915,-76.32966,0.0,107.0,279.0,JOHN LENTHALL,IMO8325547,NJLN,80,5,193,29,,,A
367821000,2020-08-19T16:09:47,36.97281,-76.43367,0.0,0.0,511.0,YANO,IMO7825409,NAQH,70,0,276,32,13.0,70,A
367359930,2020-08-19T16:08:21,36.82405,-76.28907,0.0,2.8,511.0,SUNNY WILLIAMS,,WDE4940,80,0,25,8,,80,A
211839000,2020-08-19T15:49:41,36.90658,-76.32675,0.0,352.0,352.0,CHICAGO EXPRESS,IMO9295268,DCUJ2,70,5,336,42,14.6,79,A
367359930,2020-08-19T16:10:40,36.82405,-76.28907,0.0,2.8,511.0,SUNNY WILLIAMS,,WDE4940,80,0,25,8,,80,A
367822000,2020-08-19T15:53:56,36.97312,-76.43383,0.0,0.0,238.0,USNS SHUGHART,IMO7825394,NAOQ,70,5,276,32,13.0,70,A
477196100,2020-08-19T15:54:46,37.19386,-76.13436,0.1,267.8,349.0,DARYA MA,IMO9591674,VRJH5,70,1,229,32,14.5,,A
367821000,2020-08-19T15:57:18,36.97282,-76.43366,0.0,0.0,511.0,YANO,IMO7825409,NAQH,70,0,276,32,13.0,70,A
367861000,2020-08-19T15:29:59,36.94631,-76.32977,0.0,0.0,265.0,LARAMIE,IMO8906626,NLAR,80,5,193,29,,,A
368026000,2020-08-19T15:51:22,36.86576,-76.31604,0.0,270.5,2.0,BENAVIDEZ,IMO9218210,NBHG,70,5,289,32,10.9,70,A
368026000,2020-08-19T16:09:20,36.86576,-76.31604,0.0,270.5,2.0,BENAVIDEZ,IMO9218210,NBHG,70,5,289,32,10.9,70,A
367359930,2020-08-19T15:53:12,36.82404,-76.28907,0.1,2.8,511.0,SUNNY WILLIAMS,,WDE4940,80,0,25,8,,80,A
215677000,2020-08-19T15:57:06,37.23560,-76.11617,0.1,47.7,315.0,RIZE,IMO9584035,9HA2781,70,1,229,32,14.5,,A
367078110,2020-08-19T15:56:13,36.83854,-76.28199,0.0,218.0,511.0,MARCELLE BORDELON,IMO9350379,WDJ2038,79,3,45,11,3.0,79,A
311000188,2020-08-19T15:33:40,37.25683,-76.12727,15.3,18.3,16.0,HERMES LEADER,IMO9690535,C6AX9,70,0,199,35,10.6,,A
305855000,2020-08-19T15:32:46,36.86428,-76.31476,0.0,208.6,226.0,BBC PEARL,IMO9504786,V2FY8,70,5,153,23,9.1,70,A
366839000,2020-08-19T15:54:58,36.85348,-76.31081,0.0,0.0,39.0,CAPE RISE,IMO7530808,KAFG,70,5,197,32,10.0,,A
367359930,2020-08-19T15:55:12,36.82404,-76.28908,0.1,2.8,511.0,SUNNY WILLIAMS,,WDE4940,80,0,25,8,,80,A
538006982,2020-08-19T15:53:53,37.20380,-76.12280,0.1,353.3,342.0,ANTE TOPIC,IMO9737072,V7TR4,70,1,,,,,A
367078110,2020-08-19T15:34:52,36.83855,-76.28198,0.0,139.0,511.0,MARCELLE BORDELON,IMO9350379,WDJ2038,79,3,45,11,3.0,79,A
366839000,2020-08-19T15:58:02,36.85347,-76.31081,0.0,0.0,39.0,CAPE RISE,IMO7530808,KAFG,70,5,197,32,10.0,,A
368026000,2020-08-19T15:54:21,36.86574,-76.31606,0.0,270.5,2.0,BENAVIDEZ,IMO9218210,NBHG,70,5,289,32,10.9,70,A
367821000,2020-08-19T16:13:07,36.97281,-76.43367,0.0,0.0,511.0,YANO,IMO7825409,NAQH,70,0,276,32,13.0,70,A
311000188,2020-08-19T15:35:58,37.26616,-76.12380,15.3,15.9,15.0,HERMES LEADER,IMO9690535,C6AX9,70,0,199,35,10.6,,A
367359930,2020-08-19T16:14:31,36.82404,-76.28907,0.0,2.8,511.0,SUNNY WILLIAMS,,WDE4940,80,0,25,8,,80,A
367932000,2020-08-19T15:59:17,36.94913,-76.32975,0.0,107.0,279.0,JOHN LENTHALL,IMO8325547,NJLN,80,5,193,29,,,A
211839000,2020-08-19T15:54:56,36.90657,-76.32672,0.0,352.0,352.0,CHICAGO EXPRESS,IMO9295268,DCUJ2,70,5,336,42,14.6,79,A
538002652,2020-08-19T15:57:26,37.03397,-76.06370,13.1,146.0,148.0,NAIAS,IMO9330800,V7KN8,70,0,225,32,14.0,70,A
367359930,2020-08-19T15:57:12,36.82404,-76.28906,0.0,2.8,511.0,SUNNY WILLIAMS,,WDE4940,80,0,25,8,,80,A
366839000,2020-08-19T16:13:03,36.85351,-76.31081,0.0,0.0,39.0,CAPE RISE,IMO7530808,KAFG,70,5,197,32,10.0,,A
367359930,2020-08-19T16:13:22,36.82405,-76.28907,0.0,2.8,511.0,SUNNY WILLIAMS,,WDE4940,80,0,25,8,,80,A
305855000,2020-08-19T15:56:48,36.86427,-76.31476,0.0,348.8,226.0,BBC PEARL,IMO9504786,V2FY8,70,5,153,23,9.1,70,A
367078110,2020-08-19T15:59:33,36.83854,-76.28199,0.0,334.0,511.0,MARCELLE BORDELON,IMO9350379,WDJ2038,79,3,45,11,3.0,79,A
367861000,2020-08-19T15:57:00,36.94633,-76.32980,0.0,0.0,265.0,LARAMIE,IMO8906626,NLAR,80,5,193,29,,,A
367821000,2020-08-19T15:59:18,36.97282,-76.43366,0.0,0.0,511.0,YANO,IMO7825409,NAQH,70,0,276,32,13.0,70,A
538006982,2020-08-19T15:56:53,37.20383,-76.12278,0.0,57.3,340.0,ANTE TOPIC,IMO9737072,V7TR4,70,1,,,,,A
367932000,2020-08-19T15:56:18,36.94917,-76.32964,0.0,107.0,279.0,JOHN LENTHALL,IMO8325547,NJLN,80,5,193,29,,,A
367078110,2020-08-19T15:57:23,36.83854,-76.28199,0.0,138.0,511.0,MARCELLE BORDELON,IMO9350379,WDJ2038,79,3,45,11,3.0,79,A
305855000,2020-08-19T16:14:47,36.86429,-76.31475,0.0,243.1,225.0,BBC PEARL,IMO9504786,V2FY8,70,5,153,23,9.1,70,A
211839000,2020-08-19T15:57:58,36.90657,-76.32674,0.0,352.0,352.0,CHICAGO EXPRESS,IMO9295268,DCUJ2,70,5,336,42,14.6,79,A
367078110,2020-08-19T16:14:33,36.83854,-76.28199,0.0,211.0,511.0,MARCELLE BORDELON,IMO9350379,WDJ2038,79,3,45,11,3.0,79,A
368026000,2020-08-19T15:57:21,36.86578,-76.31605,0.0,270.5,2.0,BENAVIDEZ,IMO9218210,NBHG,70,5,289,32,10.9,70,A
477196100,2020-08-19T15:57:49,37.19384,-76.13439,0.1,267.8,351.0,DARYA MA,IMO9591674,VRJH5,70,1,229,32,14.5,,A
367359930,2020-08-19T16:15:51,36.82405,-76.28906,0.0,2.8,511.0,SUNNY WILLIAMS,,WDE4940,80,0,25,8,,80,A
367078110,2020-08-19T16:00:02,36.83854,-76.28199,0.0,54.0,511.0,MARCELLE BORDELON,IMO9350379,WDJ2038,79,3,45,11,3.0,79,A
367078110,2020-08-19T16:15:43,36.83853,-76.28198,0.0,333.0,511.0,MARCELLE BORDELON,IMO9350379,WDJ2038,79,3,45,11,3.0,79,A
367359930,2020-08-19T15:59:41,36.82405,-76.28907,0.0,2.8,511.0,SUNNY WILLIAMS,,WDE4940,80,0,25,8,,80,A
366839000,2020-08-19T16:01:00,36.85349,-76.31081,0.0,0.0,39.0,CAPE RISE,IMO7530808,KAFG,70,5,197,32,10.0,,A
538006982,2020-08-19T15:38:53,37.20406,-76.12258,0.3,255.3,329.0,ANTE TOPIC,IMO9737072,V7TR4,70,1,,,,,A
211839000,2020-08-19T16:00:58,36.90655,-76.32672,0.0,352.0,352.0,CHICAGO EXPRESS,IMO9295268,DCUJ2,70,5,336,42,14.6,79,A
367359930,2020-08-19T16:02:21,36.82404,-76.28907,0.0,2.8,511.0,SUNNY WILLIAMS,,WDE4940,80,0,25,8,,80,A
367359930,2020-08-19T16:01:12,36.82405,-76.28907,0.0,2.8,511.0,SUNNY WILLIAMS,,WDE4940,80,0,25,8,,80,A
367821000,2020-08-19T16:01:18,36.97281,-76.43366,0.0,0.0,511.0,YANO,IMO7825409,NAQH,70,0,276,32,13.0,70,A
367822000,2020-08-19T16:17:56,36.97316,-76.43384,0.0,0.0,238.0,USNS SHUGHART,IMO7825394,NAOQ,70,5,276,32,13.0,70,A
311000188,2020-08-19T15:42:04,37.29142,-76.11402,15.9,14.2,16.0,HERMES LEADER,IMO9690535,C6AX9,70,0,199,35,10.6,,A
215677000,2020-08-19T16:03:05,37.23575,-76.11615,0.1,342.7,309.0,RIZE,IMO9584035,9HA2781,70,1,229,32,14.5,,A
538002652,2020-08-19T15:42:26,37.07953,-76.09968,12.7,158.0,160.0,NAIAS,IMO9330800,V7KN8,70,0,225,32,14.0,70,A
538006982,2020-08-19T16:02:53,37.20377,-76.12286,0.2,259.5,341.0,ANTE TOPIC,IMO9737072,V7TR4,70,1,,,,,A
367821000,2020-08-19T16:03:38,36.97282,-76.43366,0.0,0.0,511.0,YANO,IMO7825409,NAQH,70,0,276,32,13.0,70,A
367932000,2020-08-19T16:02:18,36.94913,-76.32962,0.0,107.0,279.0,JOHN LENTHALL,IMO8325547,NJLN,80,5,193,29,,,A
367821000,2020-08-19T16:02:27,36.97281,-76.43366,0.0,0.0,511.0,YANO,IMO7825409,NAQH,70,0,276,32,13.0,70,A
211839000,2020-08-19T16:19:06,36.90650,-76.32672,0.0,352.0,352.0,CHICAGO EXPRESS,IMO9295268,DCUJ2,70,5,336,42,14.6,79,A
305855000,2020-08-19T16:17:49,36.86427,-76.31476,0.0,256.3,225.0,BBC PEARL,IMO9504786,V2FY8,70,5,153,23,9.1,70,A
477196100,2020-08-19T16:03:44,37.19383,-76.13432,0.1,267.8,350.0,DARYA MA,IMO9591674,VRJH5,70,1,229,32,14.5,,A
215677000,2020-08-19T16:18:02,37.23518,-76.11703,0.2,198.9,336.0,RIZE,IMO9584035,9HA2781,70,1,229,32,14.5,,A
366839000,2020-08-19T16:19:04,36.85349,-76.31083,0.0,0.0,39.0,CAPE RISE,IMO7530808,KAFG,70,5,197,32,10.0,,A
368026000,2020-08-19T16:03:20,36.86577,-76.31604,0.0,270.5,2.0,BENAVIDEZ,IMO9218210,NBHG,70,5,289,32,10.9,70,A
367821000,2020-08-19T16:17:47,36.97281,-76.43367,0.0,0.0,511.0,YANO,IMO7825409,NAQH,70,0,276,32,13.0,70,A
366839000,2020-08-19T16:04:04,36.85348,-76.31081,0.0,0.0,39.0,CAPE RISE,IMO7530808,KAFG,70,5,197,32,10.0,,A
367821000,2020-08-19T16:04:48,36.97282,-76.43366,0.0,0.0,511.0,YANO,IMO7825409,NAQH,70,0,276,32,13.0,70,A
367861000,2020-08-19T15:42:00,36.94635,-76.32979,0.0,0.0,265.0,LARAMIE,IMO8906626,NLAR,80,5,193,29,,,A
367932000,2020-08-19T16:20:17,36.94916,-76.32968,0.0,107.0,279.0,JOHN LENTHALL,IMO8325547,NJLN,80,5,193,29,,,A
367359930,2020-08-19T16:18:11,36.82405,-76.28906,0.0,2.8,511.0,SUNNY WILLIAMS,,WDE4940,80,0,25,8,,80,A
367078110,2020-08-19T16:21:33,36.83855,-76.28198,0.0,63.0,511.0,MARCELLE BORDELON,IMO9350379,WDJ2038,79,3,45,11,3.0,79,A
367359930,2020-08-19T16:04:42,36.82404,-76.28908,0.0,2.8,511.0,SUNNY WILLIAMS,,WDE4940,80,0,25,8,,80,A
367359930,2020-08-19T16:05:51,36.82405,-76.28907,0.1,2.8,511.0,SUNNY WILLIAMS,,WDE4940,80,0,25,8,,80,A
305855000,2020-08-19T16:20:46,36.86428,-76.31476,0.0,251.6,225.0,BBC PEARL,IMO9504786,V2FY8,70,5,153,23,9.1,70,A
367932000,2020-08-19T16:05:18,36.94917,-76.32965,0.0,107.0,279.0,JOHN LENTHALL,IMO8325547,NJLN,80,5,193,29,,,A
367821000,2020-08-19T16:05:57,36.97281,-76.43366,0.0,0.0,511.0,YANO,IMO7825409,NAQH,70,0,276,32,13.0,70,A
367078110,2020-08-19T16:06:02,36.83853,-76.28199,0.0,219.0,511.0,MARCELLE BORDELON,IMO9350379,WDJ2038,79,3,45,11,3.0,79,A
367078110,2020-08-19T16:07:13,36.83853,-76.28199,0.0,236.0,511.0,MARCELLE BORDELON,IMO9350379,WDJ2038,79,3,45,11,3.0,79,A
211839000,2020-08-19T16:07:00,36.90658,-76.32671,0.0,352.0,352.0,CHICAGO EXPRESS,IMO9295268,DCUJ2,70,5,336,42,14.6,79,A
367821000,2020-08-19T16:07:08,36.97281,-76.43366,0.0,0.0,511.0,YANO,IMO7825409,NAQH,70,0,276,32,13.0,70,A
367359930,2020-08-19T16:07:12,36.82405,-76.28907,0.0,2.8,511.0,SUNNY WILLIAMS,,WDE4940,80,0,25,8,,80,A
367359930,2020-08-19T16:23:52,36.82405,-76.28908,0.0,2.8,511.0,SUNNY WILLIAMS,,WDE4940,80,0,25,8,,80,A
367822000,2020-08-19T16:08:55,36.97314,-76.43386,0.0,0.0,238.0,USNS SHUGHART,IMO7825394,NAOQ,70,5,276,32,13.0,70,A
211839000,2020-08-19T16:10:02,36.90663,-76.32676,0.0,352.0,352.0,CHICAGO EXPRESS,IMO9295268,DCUJ2,70,5,336,42,14.6,79,A
367822000,2020-08-19T16:23:55,36.97315,-76.43384,0.0,0.0,238.0,USNS SHUGHART,IMO7825394,NAOQ,70,5,276,32,13.0,70,A
538006982,2020-08-19T16:20:53,37.20366,-76.12351,0.1,223.7,3.0,ANTE TOPIC,IMO9737072,V7TR4,70,1,,,,,A
538006982,2020-08-19T16:08:53,37.20372,-76.12301,0.1,277.7,347.0,ANTE TOPIC,IMO9737072,V7TR4,70,1,,,,,A
215677000,2020-08-19T16:24:02,37.23508,-76.11708,0.1,205.8,342.0,RIZE,IMO9584035,9HA2781,70,1,229,32,14.5,,A
367078110,2020-08-19T16:08:23,36.83854,-76.28199,0.0,76.0,511.0,MARCELLE BORDELON,IMO9350379,WDJ2038,79,3,45,11,3.0,79,A
368026000,2020-08-19T16:21:22,36.86573,-76.31604,0.0,270.5,2.0,BENAVIDEZ,IMO9218210,NBHG,70,5,289,32,10.9,70,A
538006982,2020-08-19T15:44:53,37.20380,-76.12295,0.2,236.1,345.0,ANTE TOPIC,IMO9737072,V7TR4,70,1,,,,,A
477196100,2020-08-19T15:45:51,37.19390,-76.13407,0.2,242.3,342.0,DARYA MA,IMO9591674,VRJH5,70,1,229,32,14.5,,A
367078110,2020-08-19T16:10:53,36.83853,-76.28199,0.0,257.0,511.0,MARCELLE BORDELON,IMO9350379,WDJ2038,79,3,45,11,3.0,79,A
366839000,2020-08-19T16:10:05,36.85349,-76.31081,0.0,0.0,39.0,CAPE RISE,IMO7530808,KAFG,70,5,197,32,10.0,,A
215677000,2020-08-19T16:09:05,37.23569,-76.11650,0.2,238.2,315.0,RIZE,IMO9584035,9HA2781,70,1,229,32,14.5,,A
305855000,2020-08-19T16:11:48,36.86427,-76.31478,0.0,240.0,225.0,BBC PEARL,IMO9504786,V2FY8,70,5,153,23,9.1,70,A
368026000,2020-08-19T16:12:21,36.86577,-76.31603,0.0,270.5,2.0,BENAVIDEZ,IMO9218210,NBHG,70,5,289,32,10.9,70,A
367821000,2020-08-19T16:10:57,36.97281,-76.43367,0.0,0.0,511.0,YANO,IMO7825409,NAQH,70,0,276,32,13.0,70,A
367078110,2020-08-19T16:24:23,36.83855,-76.28199,0.0,8.0,511.0,MARCELLE BORDELON,IMO9350379,WDJ2038,79,3,45,11,3.0,79,A
367359930,2020-08-19T16:12:12,36.82405,-76.28908,0.0,2.8,511.0,SUNNY WILLIAMS,,WDE4940,80,0,25,8,,80,A
367821000,2020-08-19T16:29:17,36.97282,-76.43367,0.0,0.0,511.0,YANO,IMO7825409,NAQH,70,0,276,32,13.0,70,A
215677000,2020-08-19T16:12:01,37.23557,-76.11671,0.3,232.7,322.0,RIZE,IMO9584035,9HA2781,70,1,229,32,14.5,,A
367822000,2020-08-19T16:11:55,36.97316,-76.43385,0.0,0.0,238.0,USNS SHUGHART,IMO7825394,NAOQ,70,5,276,32,13.0,70,A
367932000,2020-08-19T16:29:17,36.94917,-76.32962,0.0,107.0,279.0,JOHN LENTHALL,IMO8325547,NJLN,80,5,193,29,,,A
367821000,2020-08-19T16:11:58,36.97281,-76.43367,0.0,0.0,511.0,YANO,IMO7825409,NAQH,70,0,276,32,13.0,70,A
305855000,2020-08-19T15:50:47,36.86429,-76.31476,0.0,348.8,226.0,BBC PEARL,IMO9504786,V2FY8,70,5,153,23,9.1,70,A
211839000,2020-08-19T16:13:05,36.90660,-76.32676,0.0,352.0,352.0,CHICAGO EXPRESS,IMO9295268,DCUJ2,70,5,336,42,14.6,79,A
477196100,2020-08-19T16:12:49,37.19383,-76.13450,0.1,267.8,354.0,DARYA MA,IMO9591674,VRJH5,70,1,229,32,14.5,,A
367821000,2020-08-19T16:26:07,36.97281,-76.43367,0.0,0.0,511.0,YANO,IMO7825409,NAQH,70,0,276,32,13.0,70,A
211839000,2020-08-19T15:51:57,36.90657,-76.32674,0.0,352.0,352.0,CHICAGO EXPRESS,IMO9295268,DCUJ2,70,5,336,42,14.6,79,A
367861000,2020-08-19T16:27:00,36.94635,-76.32977,0.0,0.0,265.0,LARAMIE,IMO8906626,NLAR,80,5,193,29,,,A
367078110,2020-08-19T16:28:42,36.83855,-76.28199,0.0,334.0,511.0,MARCELLE BORDELON,IMO9350379,WDJ2038,79,3,45,11,3.0,79,A
367821000,2020-08-19T16:31:47,36.97282,-76.43366,0.0,0.0,511.0,YANO,IMO7825409,NAQH,70,0,276,32,13.0,70,A
538002652,2020-08-19T16:33:26,36.97033,-76.09595,12.3,289.0,290.0,NAIAS,IMO9330800,V7KN8,70,0,225,32,14.0,70,A
366839000,2020-08-19T15:52:02,36.85347,-76.31079,0.0,0.0,39.0,CAPE RISE,IMO7530808,KAFG,70,5,197,32,10.0,,A
367821000,2020-08-19T16:33:37,36.97282,-76.43366,0.0,0.0,511.0,YANO,IMO7825409,NAQH,70,0,276,32,13.0,70,A
367821000,2020-08-19T16:14:17,36.97281,-76.43367,0.0,0.0,511.0,YANO,IMO7825409,NAQH,70,0,276,32,13.0,70,A
215677000,2020-08-19T16:15:05,37.23536,-76.11693,0.3,216.2,331.0,RIZE,IMO9584035,9HA2781,70,1,229,32,14.5,,A
538006982,2020-08-19T16:14:53,37.20370,-76.12328,0.2,259.3,353.0,ANTE TOPIC,IMO9737072,V7TR4,70,1,,,,,A
368026000,2020-08-19T16:15:21,36.86577,-76.31603,0.0,270.5,2.0,BENAVIDEZ,IMO9218210,NBHG,70,5,289,32,10.9,70,A
211839000,2020-08-19T16:16:06,36.90659,-76.32673,0.0,352.0,352.0,CHICAGO EXPRESS,IMO9295268,DCUJ2,70,5,336,42,14.6,79,A
367861000,2020-08-19T16:15:00,36.94635,-76.32978,0.0,0.0,265.0,LARAMIE,IMO8906626,NLAR,80,5,193,29,,,A
367821000,2020-08-19T15:55:07,36.97282,-76.43366,0.0,0.0,511.0,YANO,IMO7825409,NAQH,70,0,276,32,13.0,70,A
367821000,2020-08-19T16:16:37,36.97281,-76.43367,0.0,0.0,511.0,YANO,IMO7825409,NAQH,70,0,276,32,13.0,70,A
367078110,2020-08-19T16:16:52,36.83853,-76.28198,0.0,67.0,511.0,MARCELLE BORDELON,IMO9350379,WDJ2038,79,3,45,11,3.0,79,A
366839000,2020-08-19T16:16:03,36.85347,-76.31081,0.0,0.0,39.0,CAPE RISE,IMO7530808,KAFG,70,5,197,32,10.0,,A
477196100,2020-08-19T16:15:48,37.19383,-76.13455,0.1,267.8,356.0,DARYA MA,IMO9591674,VRJH5,70,1,229,32,14.5,,A
368026000,2020-08-19T16:30:21,36.86577,-76.31605,0.0,270.5,2.0,BENAVIDEZ,IMO9218210,NBHG,70,5,289,32,10.9,70,A
367861000,2020-08-19T15:54:01,36.94635,-76.32983,0.0,0.0,265.0,LARAMIE,IMO8906626,NLAR,80,5,193,29,,,A
367932000,2020-08-19T16:17:16,36.94915,-76.32963,0.0,107.0,279.0,JOHN LENTHALL,IMO8325547,NJLN,80,5,193,29,,,A
538006982,2020-08-19T16:17:53,37.20364,-76.12338,0.2,257.4,358.0,ANTE TOPIC,IMO9737072,V7TR4,70,1,,,,,A
477196100,2020-08-19T16:18:48,37.19385,-76.13455,0.0,267.8,357.0,DARYA MA,IMO9591674,VRJH5,70,1,229,32,14.5,,A
477196100,2020-08-19T16:30:45,37.19386,-76.13456,0.1,267.8,354.0,DARYA MA,IMO9591674,VRJH5,70,1,229,32,14.5,,A
211839000,2020-08-19T16:31:14,36.90658,-76.32679,0.0,352.0,352.0,CHICAGO EXPRESS,IMO9295268,DCUJ2,70,5,336,42,14.6,79,A
367359930,2020-08-19T16:19:52,36.82405,-76.28908,0.0,2.8,511.0,SUNNY WILLIAMS,,WDE4940,80,0,25,8,,80,A
367359930,2020-08-19T16:21:02,36.82405,-76.28909,0.0,2.8,511.0,SUNNY WILLIAMS,,WDE4940,80,0,25,8,,80,A
366839000,2020-08-19T16:22:04,36.85349,-76.31085,0.0,0.0,39.0,CAPE RISE,IMO7530808,KAFG,70,5,197,32,10.0,,A
367821000,2020-08-19T16:20:07,36.97281,-76.43367,0.0,0.0,511.0,YANO,IMO7825409,NAQH,70,0,276,32,13.0,70,A
367078110,2020-08-19T16:34:02,36.83854,-76.28199,0.0,228.0,511.0,MARCELLE BORDELON,IMO9350379,WDJ2038,79,3,45,11,3.0,79,A
215677000,2020-08-19T16:33:05,37.23510,-76.11720,0.0,205.8,345.0,RIZE,IMO9584035,9HA2781,70,1,229,32,14.5,,A
367822000,2020-08-19T16:32:55,36.97315,-76.43383,0.0,0.0,238.0,USNS SHUGHART,IMO7825394,NAOQ,70,5,276,32,13.0,70,A
367861000,2020-08-19T16:39:01,36.94634,-76.32980,0.0,0.0,265.0,LARAMIE,IMO8906626,NLAR,80,5,193,29,,,A
367861000,2020-08-19T16:24:00,36.94636,-76.32979,0.0,0.0,265.0,LARAMIE,IMO8906626,NLAR,80,5,193,29,,,A
367932000,2020-08-19T16:38:16,36.94915,-76.32964,0.0,107.0,279.0,JOHN LENTHALL,IMO8325547,NJLN,80,5,193,29,,,A
366839000,2020-08-19T16:33:57,36.85347,-76.31081,0.0,0.0,39.0,CAPE RISE,IMO7530808,KAFG,70,5,197,32,10.0,,A
367078110,2020-08-19T16:20:22,36.83855,-76.28198,0.0,194.0,511.0,MARCELLE BORDELON,IMO9350379,WDJ2038,79,3,45,11,3.0,79,A
367359930,2020-08-19T16:00:02,36.82404,-76.28907,0.0,2.8,511.0,SUNNY WILLIAMS,,WDE4940,80,0,25,8,,80,A
367861000,2020-08-19T16:20:59,36.94639,-76.32980,0.0,0.0,265.0,LARAMIE,IMO8906626,NLAR,80,5,193,29,,,A
211839000,2020-08-19T16:22:08,36.90654,-76.32674,0.0,352.0,352.0,CHICAGO EXPRESS,IMO9295268,DCUJ2,70,5,336,42,14.6,79,A
367822000,2020-08-19T16:20:56,36.97316,-76.43384,0.0,0.0,238.0,USNS SHUGHART,IMO7825394,NAOQ,70,5,276,32,13.0,70,A
477196100,2020-08-19T16:00:49,37.19384,-76.13433,0.0,267.8,351.0,DARYA MA,IMO9591674,VRJH5,70,1,229,32,14.5,,A
366839000,2020-08-19T16:39:59,36.85345,-76.31085,0.0,0.0,39.0,CAPE RISE,IMO7530808,KAFG,70,5,197,32,10.0,,A
367359930,2020-08-19T16:36:51,36.82406,-76.28908,0.1,2.8,511.0,SUNNY WILLIAMS,,WDE4940,80,0,25,8,,80,A
477196100,2020-08-19T16:21:49,37.19382,-76.13456,0.1,267.8,357.0,DARYA MA,IMO9591674,VRJH5,70,1,229,32,14.5,,A
367078110,2020-08-19T16:23:12,36.83855,-76.28198,0.0,158.0,511.0,MARCELLE BORDELON,IMO9350379,WDJ2038,79,3,45,11,3.0,79,A
538002652,2020-08-19T16:25:46,36.96202,-76.06378,12.6,285.0,288.0,NAIAS,IMO9330800,V7KN8,70,0,225,32,14.0,70,A
538002652,2020-08-19T16:39:35,36.97692,-76.12083,12.4,287.0,289.0,NAIAS,IMO9330800,V7KN8,70,0,225,32,14.0,70,A
367359930,2020-08-19T16:25:21,36.82406,-76.28908,0.0,2.8,511.0,SUNNY WILLIAMS,,WDE4940,80,0,25,8,,80,A
538006982,2020-08-19T16:23:53,37.20363,-76.12353,0.1,290.4,4.0,ANTE TOPIC,IMO9737072,V7TR4,70,1,,,,,A
477196100,2020-08-19T16:24:47,37.19381,-76.13455,0.0,267.8,358.0,DARYA MA,IMO9591674,VRJH5,70,1,229,32,14.5,,A
367821000,2020-08-19T16:23:48,36.97281,-76.43367,0.0,0.0,511.0,YANO,IMO7825409,NAQH,70,0,276,32,13.0,70,A
538002652,2020-08-19T16:36:46,36.97398,-76.10935,12.2,288.0,289.0,NAIAS,IMO9330800,V7KN8,70,0,225,32,14.0,70,A
538002652,2020-08-19T16:42:46,36.98023,-76.13393,12.3,288.0,289.0,NAIAS,IMO9330800,V7KN8,70,0,225,32,14.0,70,A
367821000,2020-08-19T16:35:57,36.97282,-76.43366,0.0,0.0,511.0,YANO,IMO7825409,NAQH,70,0,276,32,13.0,70,A
367359930,2020-08-19T16:26:32,36.82406,-76.28907,0.0,2.8,511.0,SUNNY WILLIAMS,,WDE4940,80,0,25,8,,80,A
367822000,2020-08-19T16:35:55,36.97315,-76.43383,0.0,0.0,238.0,USNS SHUGHART,IMO7825394,NAOQ,70,5,276,32,13.0,70,A
367932000,2020-08-19T16:23:17,36.94916,-76.32972,0.0,107.0,279.0,JOHN LENTHALL,IMO8325547,NJLN,80,5,193,29,,,A
367078110,2020-08-19T16:36:43,36.83853,-76.28199,0.0,127.0,511.0,MARCELLE BORDELON,IMO9350379,WDJ2038,79,3,45,11,3.0,79,A
367822000,2020-08-19T16:26:55,36.97315,-76.43383,0.0,0.0,238.0,USNS SHUGHART,IMO7825394,NAOQ,70,5,276,32,13.0,70,A
215677000,2020-08-19T16:27:05,37.23514,-76.11709,0.1,205.8,341.0,RIZE,IMO9584035,9HA2781,70,1,229,32,14.5,,A
211839000,2020-08-19T16:25:09,36.90652,-76.32677,0.0,352.0,352.0,CHICAGO EXPRESS,IMO9295268,DCUJ2,70,5,336,42,14.6,79,A
367821000,2020-08-19T16:39:07,36.97284,-76.43364,0.0,0.0,511.0,YANO,IMO7825409,NAQH,70,0,276,32,13.0,70,A
367078110,2020-08-19T16:03:33,36.83854,-76.28199,0.0,238.0,511.0,MARCELLE BORDELON,IMO9350379,WDJ2038,79,3,45,11,3.0,79,A
367078110,2020-08-19T16:39:53,36.83852,-76.28199,0.0,272.0,511.0,MARCELLE BORDELON,IMO9350379,WDJ2038,79,3,45,11,3.0,79,A
367932000,2020-08-19T16:26:17,36.94915,-76.32967,0.0,107.0,279.0,JOHN LENTHALL,IMO8325547,NJLN,80,5,193,29,,,A
367359930,2020-08-19T16:30:02,36.82404,-76.28906,0.0,2.8,511.0,SUNNY WILLIAMS,,WDE4940,80,0,25,8,,80,A
368026000,2020-08-19T16:39:21,36.86576,-76.31605,0.0,270.5,2.0,BENAVIDEZ,IMO9218210,NBHG,70,5,289,32,10.9,70,A
305855000,2020-08-19T16:26:49,36.86427,-76.31477,0.0,243.2,225.0,BBC PEARL,IMO9504786,V2FY8,70,5,153,23,9.1,70,A
477196100,2020-08-19T16:27:49,37.19382,-76.13448,0.0,267.8,355.0,DARYA MA,IMO9591674,VRJH5,70,1,229,32,14.5,,A
305855000,2020-08-19T16:29:46,36.86428,-76.31476,0.0,243.9,226.0,BBC PEARL,IMO9504786,V2FY8,70,5,153,23,9.1,70,A
211839000,2020-08-19T16:04:01,36.90657,-76.32676,0.0,352.0,352.0,CHICAGO EXPRESS,IMO9295268,DCUJ2,70,5,336,42,14.6,79,A
538006982,2020-08-19T16:29:53,37.20368,-76.12375,0.1,227.0,9.0,ANTE TOPIC,IMO9737072,V7TR4,70,1,,,,,A
367821000,2020-08-19T16:45:37,36.97285,-76.43363,0.0,0.0,511.0,YANO,IMO7825409,NAQH,70,0,276,32,13.0,70,A
211839000,2020-08-19T16:28:12,36.90653,-76.32673,0.0,352.0,352.0,CHICAGO EXPRESS,IMO9295268,DCUJ2,70,5,336,42,14.6,79,A
538002652,2020-08-19T16:40:46,36.97808,-76.12572,12.4,286.0,290.0,NAIAS,IMO9330800,V7KN8,70,0,225,32,14.0,70,A
367078110,2020-08-19T16:48:23,36.83852,-76.28199,0.0,342.0,511.0,MARCELLE BORDELON,IMO9350379,WDJ2038,79,3,45,11,3.0,79,A
538006982,2020-08-19T16:05:53,37.20372,-76.12296,0.1,246.6,345.0,ANTE TOPIC,IMO9737072,V7TR4,70,1,,,,,A
305855000,2020-08-19T16:41:46,36.86425,-76.31475,0.0,214.6,226.0,BBC PEARL,IMO9504786,V2FY8,70,5,153,23,9.1,70,A
538002652,2020-08-19T16:48:46,36.98670,-76.15823,12.2,287.0,288.0,NAIAS,IMO9330800,V7KN8,70,0,225,32,14.0,70,A
215677000,2020-08-19T16:30:02,37.23508,-76.11714,0.1,205.8,342.0,RIZE,IMO9584035,9HA2781,70,1,229,32,14.5,,A
538006982,2020-08-19T16:47:53,37.20366,-76.12339,0.1,117.1,2.0,ANTE TOPIC,IMO9737072,V7TR4,70,1,,,,,A
538002652,2020-08-19T16:28:56,36.96535,-76.07717,12.8,287.0,289.0,NAIAS,IMO9330800,V7KN8,70,0,225,32,14.0,70,A
305855000,2020-08-19T16:05:48,36.86429,-76.31475,0.0,246.1,226.0,BBC PEARL,IMO9504786,V2FY8,70,5,153,23,9.1,70,A
367861000,2020-08-19T16:33:01,36.94631,-76.32988,0.0,0.0,265.0,LARAMIE,IMO8906626,NLAR,80,5,193,29,,,A
367078110,2020-08-19T16:29:54,36.83854,-76.28199,0.0,65.0,511.0,MARCELLE BORDELON,IMO9350379,WDJ2038,79,3,45,11,3.0,79,A
538002652,2020-08-19T16:30:05,36.96657,-76.08205,12.7,287.0,290.0,NAIAS,IMO9330800,V7KN8,70,0,225,32,14.0,70,A
367821000,2020-08-19T16:30:28,36.97282,-76.43367,0.0,0.0,511.0,YANO,IMO7825409,NAQH,70,0,276,32,13.0,70,A
367821000,2020-08-19T16:52:07,36.97285,-76.43364,0.0,0.0,511.0,YANO,IMO7825409,NAQH,70,0,276,32,13.0,70,A
538006982,2020-08-19T16:44:53,37.20362,-76.12346,0.1,142.5,3.0,ANTE TOPIC,IMO9737072,V7TR4,70,1,,,,,A
367822000,2020-08-19T16:50:56,36.97314,-76.43383,0.0,0.0,238.0,USNS SHUGHART,IMO7825394,NAOQ,70,5,276,32,13.0,70,A
367359930,2020-08-19T16:32:02,36.82407,-76.28908,0.0,2.8,511.0,SUNNY WILLIAMS,,WDE4940,80,0,25,8,,80,A
477196100,2020-08-19T16:51:45,37.19382,-76.13455,0.1,267.8,356.0,DARYA MA,IMO9591674,VRJH5,70,1,229,32,14.5,,A
538002652,2020-08-19T16:54:55,36.99293,-76.18302,12.2,288.0,289.0,NAIAS,IMO9330800,V7KN8,70,0,225,32,14.0,70,A
305855000,2020-08-19T16:32:48,36.86425,-76.31476,0.0,221.2,226.0,BBC PEARL,IMO9504786,V2FY8,70,5,153,23,9.1,70,A
367821000,2020-08-19T16:08:17,36.97281,-76.43367,0.0,0.0,511.0,YANO,IMO7825409,NAQH,70,0,276,32,13.0,70,A
367932000,2020-08-19T16:08:17,36.94907,-76.32965,0.0,107.0,279.0,JOHN LENTHALL,IMO8325547,NJLN,80,5,193,29,,,A
538002652,2020-08-19T16:47:45,36.98563,-76.15412,12.2,288.0,289.0,NAIAS,IMO9330800,V7KN8,70,0,225,32,14.0,70,A
367359930,2020-08-19T16:34:02,36.82406,-76.28906,0.0,2.8,511.0,SUNNY WILLIAMS,,WDE4940,80,0,25,8,,80,A
367821000,2020-08-19T16:57:18,36.97285,-76.43364,0.0,0.0,511.0,YANO,IMO7825409,NAQH,70,0,276,32,13.0,70,A
477196100,2020-08-19T16:33:48,37.19390,-76.13464,0.1,267.8,356.0,DARYA MA,IMO9591674,VRJH5,70,1,229,32,14.5,,A
367078110,2020-08-19T16:09:33,36.83853,-76.28199,0.0,303.0,511.0,MARCELLE BORDELON,IMO9350379,WDJ2038,79,3,45,11,3.0,79,A
367861000,2020-08-19T16:09:00,36.94638,-76.32976,0.0,0.0,265.0,LARAMIE,IMO8906626,NLAR,80,5,193,29,,,A
367078110,2020-08-19T16:35:33,36.83854,-76.28199,0.0,51.0,511.0,MARCELLE BORDELON,IMO9350379,WDJ2038,79,3,45,11,3.0,79,A
211839000,2020-08-19T16:34:12,36.90655,-76.32676,0.0,352.0,352.0,CHICAGO EXPRESS,IMO9295268,DCUJ2,70,5,336,42,14.6,79,A
367821000,2020-08-19T16:34:48,36.97282,-76.43366,0.0,0.0,511.0,YANO,IMO7825409,NAQH,70,0,276,32,13.0,70,A
215677000,2020-08-19T16:36:03,37.23507,-76.11722,0.1,205.8,344.0,RIZE,IMO9584035,9HA2781,70,1,229,32,14.5,,A
367359930,2020-08-19T16:35:10,36.82406,-76.28908,0.0,2.8,511.0,SUNNY WILLIAMS,,WDE4940,80,0,25,8,,80,A
367861000,2020-08-19T16:57:01,36.94635,-76.32980,0.0,0.0,265.0,LARAMIE,IMO8906626,NLAR,80,5,193,29,,,A
305855000,2020-08-19T16:47:46,36.86427,-76.31478,0.0,182.1,226.0,BBC PEARL,IMO9504786,V2FY8,70,5,153,23,9.1,70,A
305855000,2020-08-19T16:35:45,36.86426,-76.31476,0.0,222.2,226.0,BBC PEARL,IMO9504786,V2FY8,70,5,153,23,9.1,70,A
367822000,2020-08-19T16:47:55,36.97314,-76.43383,0.0,0.0,238.0,USNS SHUGHART,IMO7825394,NAOQ,70,5,276,32,13.0,70,A
305855000,2020-08-19T16:38:45,36.86426,-76.31476,0.0,216.7,226.0,BBC PEARL,IMO9504786,V2FY8,70,5,153,23,9.1,70,A
538006982,2020-08-19T16:38:53,37.20366,-76.12369,0.1,139.2,11.0,ANTE TOPIC,IMO9737072,V7TR4,70,1,,,,,A
367078110,2020-08-19T16:38:13,36.83853,-76.28198,0.0,230.0,511.0,MARCELLE BORDELON,IMO9350379,WDJ2038,79,3,45,11,3.0,79,A
477196100,2020-08-19T16:36:45,37.19384,-76.13468,0.1,267.8,0.0,DARYA MA,IMO9591674,VRJH5,70,1,229,32,14.5,,A
368026000,2020-08-19T16:36:21,36.86576,-76.31606,0.0,270.5,2.0,BENAVIDEZ,IMO9218210,NBHG,70,5,289,32,10.9,70,A
368026000,2020-08-19T16:51:21,36.86574,-76.31606,0.0,270.5,2.0,BENAVIDEZ,IMO9218210,NBHG,70,5,289,32,10.9,70,A
538002652,2020-08-19T16:50:26,36.98837,-76.16495,12.3,287.0,288.0,NAIAS,IMO9330800,V7KN8,70,0,225,32,14.0,70,A
215677000,2020-08-19T16:50:58,37.23509,-76.11746,0.0,205.8,351.0,RIZE,IMO9584035,9HA2781,70,1,229,32,14.5,,A
538002652,2020-08-19T16:38:26,36.97568,-76.11607,12.3,287.0,289.0,NAIAS,IMO9330800,V7KN8,70,0,225,32,14.0,70,A
538006982,2020-08-19T16:11:53,37.20374,-76.12316,0.2,282.3,349.0,ANTE TOPIC,IMO9737072,V7TR4,70,1,,,,,A
367821000,2020-08-19T16:37:07,36.97283,-76.43366,0.0,0.0,511.0,YANO,IMO7825409,NAQH,70,0,276,32,13.0,70,A
366839000,2020-08-19T16:37:01,36.85348,-76.31082,0.0,0.0,39.0,CAPE RISE,IMO7530808,KAFG,70,5,197,32,10.0,,A
367359930,2020-08-19T16:38:01,36.82406,-76.28907,0.1,2.8,511.0,SUNNY WILLIAMS,,WDE4940,80,0,25,8,,80,A
367078110,2020-08-19T16:13:22,36.83854,-76.28199,0.0,284.0,511.0,MARCELLE BORDELON,IMO9350379,WDJ2038,79,3,45,11,3.0,79,A
367822000,2020-08-19T16:38:56,36.97315,-76.43383,0.0,0.0,238.0,USNS SHUGHART,IMO7825394,NAOQ,70,5,276,32,13.0,70,A
215677000,2020-08-19T16:39:07,37.23511,-76.11735,0.1,205.8,348.0,RIZE,IMO9584035,9HA2781,70,1,229,32,14.5,,A
367821000,2020-08-19T16:50:07,36.97285,-76.43364,0.0,0.0,511.0,YANO,IMO7825409,NAQH,70,0,276,32,13.0,70,A
367821000,2020-08-19T17:01:18,36.97284,-76.43364,0.0,0.0,511.0,YANO,IMO7825409,NAQH,70,0,276,32,13.0,70,A
367932000,2020-08-19T16:14:17,36.94917,-76.32964,0.0,107.0,279.0,JOHN LENTHALL,IMO8325547,NJLN,80,5,193,29,,,A
367821000,2020-08-19T16:41:07,36.97283,-76.43365,0.0,0.0,511.0,YANO,IMO7825409,NAQH,70,0,276,32,13.0,70,A
367078110,2020-08-19T16:43:52,36.83852,-76.28199,0.0,264.0,511.0,MARCELLE BORDELON,IMO9350379,WDJ2038,79,3,45,11,3.0,79,A
211839000,2020-08-19T16:40:15,36.90651,-76.32672,0.0,352.0,352.0,CHICAGO EXPRESS,IMO9295268,DCUJ2,70,5,336,42,14.6,79,A
367821000,2020-08-19T16:15:27,36.97281,-76.43367,0.0,0.0,511.0,YANO,IMO7825409,NAQH,70,0,276,32,13.0,70,A
305855000,2020-08-19T16:53:47,36.86429,-76.31477,0.0,225.4,226.0,BBC PEARL,IMO9504786,V2FY8,70,5,153,23,9.1,70,A
367821000,2020-08-19T16:42:37,36.97284,-76.43365,0.0,0.0,511.0,YANO,IMO7825409,NAQH,70,0,276,32,13.0,70,A
367078110,2020-08-19T16:41:53,36.83852,-76.28200,0.0,340.0,511.0,MARCELLE BORDELON,IMO9350379,WDJ2038,79,3,45,11,3.0,79,A
538006982,2020-08-19T17:02:53,37.20361,-76.12351,0.1,136.2,8.0,ANTE TOPIC,IMO9737072,V7TR4,70,1,,,,,A
367822000,2020-08-19T16:41:54,36.97314,-76.43383,0.0,0.0,238.0,USNS SHUGHART,IMO7825394,NAOQ,70,5,276,32,13.0,70,A
368026000,2020-08-19T16:18:21,36.86575,-76.31605,0.0,270.5,2.0,BENAVIDEZ,IMO9218210,NBHG,70,5,289,32,10.9,70,A
215677000,2020-08-19T16:42:01,37.23510,-76.11739,0.1,205.8,350.0,RIZE,IMO9584035,9HA2781,70,1,229,32,14.5,,A
211839000,2020-08-19T16:55:22,36.90655,-76.32680,0.0,352.0,352.0,CHICAGO EXPRESS,IMO9295268,DCUJ2,70,5,336,42,14.6,79,A
538002652,2020-08-19T16:44:15,36.98177,-76.13985,12.3,288.0,289.0,NAIAS,IMO9330800,V7KN8,70,0,225,32,14.0,70,A
367821000,2020-08-19T16:44:27,36.97285,-76.43364,0.0,0.0,511.0,YANO,IMO7825409,NAQH,70,0,276,32,13.0,70,A
211839000,2020-08-19T16:43:16,36.90656,-76.32673,0.0,352.0,352.0,CHICAGO EXPRESS,IMO9295268,DCUJ2,70,5,336,42,14.6,79,A
538002652,2020-08-19T16:56:06,36.99422,-76.18800,12.2,288.0,289.0,NAIAS,IMO9330800,V7KN8,70,0,225,32,14.0,70,A
367078110,2020-08-19T16:45:23,36.83852,-76.28198,0.0,270.0,511.0,MARCELLE BORDELON,IMO9350379,WDJ2038,79,3,45,11,3.0,79,A
211839000,2020-08-19T17:04:28,36.90648,-76.32673,0.0,352.0,352.0,CHICAGO EXPRESS,IMO9295268,DCUJ2,70,5,336,42,14.6,79,A
538002652,2020-08-19T17:04:36,37.00307,-76.21968,11.0,291.0,293.0,NAIAS,IMO9330800,V7KN8,70,0,225,32,14.0,70,A
538002652,2020-08-19T16:45:45,36.98343,-76.14597,12.3,288.0,289.0,NAIAS,IMO9330800,V7KN8,70,0,225,32,14.0,70,A
367078110,2020-08-19T16:47:13,36.83852,-76.28198,0.0,9.0,511.0,MARCELLE BORDELON,IMO9350379,WDJ2038,79,3,45,11,3.0,79,A
368026000,2020-08-19T16:45:21,36.86576,-76.31601,0.0,270.5,2.0,BENAVIDEZ,IMO9218210,NBHG,70,5,289,32,10.9,70,A
211839000,2020-08-19T16:46:20,36.90655,-76.32675,0.0,352.0,352.0,CHICAGO EXPRESS,IMO9295268,DCUJ2,70,5,336,42,14.6,79,A
367932000,2020-08-19T16:44:16,36.94916,-76.32962,0.0,107.0,279.0,JOHN LENTHALL,IMO8325547,NJLN,80,5,193,29,,,A
367821000,2020-08-19T16:46:38,36.97285,-76.43364,0.0,0.0,511.0,YANO,IMO7825409,NAQH,70,0,276,32,13.0,70,A
368026000,2020-08-19T16:48:21,36.86578,-76.31605,0.0,270.5,2.0,BENAVIDEZ,IMO9218210,NBHG,70,5,289,32,10.9,70,A
367822000,2020-08-19T17:05:55,36.97309,-76.43382,0.0,0.0,238.0,USNS SHUGHART,IMO7825394,NAOQ,70,5,276,32,13.0,70,A
367821000,2020-08-19T16:48:57,36.97285,-76.43364,0.0,0.0,511.0,YANO,IMO7825409,NAQH,70,0,276,32,13.0,70,A
367821000,2020-08-19T16:21:28,36.97281,-76.43367,0.0,0.0,511.0,YANO,IMO7825409,NAQH,70,0,276,32,13.0,70,A
367359930,2020-08-19T16:22:12,36.82405,-76.28908,0.0,2.8,511.0,SUNNY WILLIAMS,,WDE4940,80,0,25,8,,80,A
367821000,2020-08-19T16:22:38,36.97281,-76.43367,0.0,0.0,511.0,YANO,IMO7825409,NAQH,70,0,276,32,13.0,70,A
367078110,2020-08-19T17:07:03,36.83852,-76.28199,0.0,231.0,511.0,MARCELLE BORDELON,IMO9350379,WDJ2038,79,3,45,11,3.0,79,A
215677000,2020-08-19T16:48:02,37.23509,-76.11745,0.0,205.8,352.0,RIZE,IMO9584035,9HA2781,70,1,229,32,14.5,,A
215677000,2020-08-19T17:00:02,37.23502,-76.11737,0.1,205.8,352.0,RIZE,IMO9584035,9HA2781,70,1,229,32,14.5,,A
538002652,2020-08-19T17:00:06,36.99820,-76.20360,11.4,288.0,291.0,NAIAS,IMO9330800,V7KN8,70,0,225,32,14.0,70,A
366839000,2020-08-19T16:48:59,36.85349,-76.31082,0.0,0.0,39.0,CAPE RISE,IMO7530808,KAFG,70,5,197,32,10.0,,A
211839000,2020-08-19T17:07:26,36.90649,-76.32673,0.0,352.0,352.0,CHICAGO EXPRESS,IMO9295268,DCUJ2,70,5,336,42,14.6,79,A
477196100,2020-08-19T16:48:45,37.19385,-76.13451,0.0,267.8,356.0,DARYA MA,IMO9591674,VRJH5,70,1,229,32,14.5,,A
367821000,2020-08-19T17:08:08,36.97284,-76.43364,0.0,0.0,511.0,YANO,IMO7825409,NAQH,70,0,276,32,13.0,70,A
477196100,2020-08-19T17:00:47,37.19383,-76.13478,0.1,267.8,4.0,DARYA MA,IMO9591674,VRJH5,70,1,229,32,14.5,,A
305855000,2020-08-19T16:50:48,36.86428,-76.31475,0.0,217.4,226.0,BBC PEARL,IMO9504786,V2FY8,70,5,153,23,9.1,70,A
368026000,2020-08-19T16:24:21,36.86576,-76.31605,0.0,270.5,2.0,BENAVIDEZ,IMO9218210,NBHG,70,5,289,32,10.9,70,A
366839000,2020-08-19T17:01:02,36.85347,-76.31081,0.0,0.0,39.0,CAPE RISE,IMO7530808,KAFG,70,5,197,32,10.0,,A
366839000,2020-08-19T16:52:00,36.85350,-76.31081,0.0,0.0,39.0,CAPE RISE,IMO7530808,KAFG,70,5,197,32,10.0,,A
367078110,2020-08-19T16:25:32,36.83855,-76.28198,0.0,149.0,511.0,MARCELLE BORDELON,IMO9350379,WDJ2038,79,3,45,11,3.0,79,A
538002652,2020-08-19T16:52:46,36.99077,-76.17450,12.3,287.0,288.0,NAIAS,IMO9330800,V7KN8,70,0,225,32,14.0,70,A
538002652,2020-08-19T16:51:35,36.98953,-76.16962,12.3,287.0,288.0,NAIAS,IMO9330800,V7KN8,70,0,225,32,14.0,70,A
367822000,2020-08-19T17:08:55,36.97309,-76.43382,0.0,0.0,238.0,USNS SHUGHART,IMO7825394,NAOQ,70,5,276,32,13.0,70,A
367821000,2020-08-19T17:09:18,36.97284,-76.43365,0.0,0.0,511.0,YANO,IMO7825409,NAQH,70,0,276,32,13.0,70,A
367821000,2020-08-19T16:28:07,36.97282,-76.43367,0.0,0.0,511.0,YANO,IMO7825409,NAQH,70,0,276,32,13.0,70,A
538002652,2020-08-19T16:27:16,36.96355,-76.07012,12.8,287.0,289.0,NAIAS,IMO9330800,V7KN8,70,0,225,32,14.0,70,A
477196100,2020-08-19T16:54:48,37.19382,-76.13462,0.1,267.8,359.0,DARYA MA,IMO9591674,VRJH5,70,1,229,32,14.5,,A
367821000,2020-08-19T16:54:48,36.97285,-76.43364,0.0,0.0,511.0,YANO,IMO7825409,NAQH,70,0,276,32,13.0,70,A
367932000,2020-08-19T16:53:17,36.94915,-76.32968,0.0,107.0,279.0,JOHN LENTHALL,IMO8325547,NJLN,80,5,193,29,,,A
366839000,2020-08-19T16:27:57,36.85347,-76.31080,0.0,0.0,39.0,CAPE RISE,IMO7530808,KAFG,70,5,197,32,10.0,,A
367078110,2020-08-19T16:55:53,36.83852,-76.28198,0.0,162.0,511.0,MARCELLE BORDELON,IMO9350379,WDJ2038,79,3,45,11,3.0,79,A
215677000,2020-08-19T16:54:03,37.23510,-76.11742,0.0,205.8,351.0,RIZE,IMO9584035,9HA2781,70,1,229,32,14.5,,A
367932000,2020-08-19T16:50:16,36.94915,-76.32966,0.0,107.0,279.0,JOHN LENTHALL,IMO8325547,NJLN,80,5,193,29,,,A
477196100,2020-08-19T17:03:49,37.19384,-76.13475,0.0,267.8,6.0,DARYA MA,IMO9591674,VRJH5,70,1,229,32,14.5,,A
538002652,2020-08-19T17:11:56,37.00958,-76.24628,10.7,276.0,273.0,NAIAS,IMO9330800,V7KN8,70,0,225,32,14.0,70,A
367822000,2020-08-19T16:29:56,36.97315,-76.43383,0.0,0.0,238.0,USNS SHUGHART,IMO7825394,NAOQ,70,5,276,32,13.0,70,A
367861000,2020-08-19T16:30:00,36.94639,-76.32978,0.0,0.0,265.0,LARAMIE,IMO8906626,NLAR,80,5,193,29,,,A
538002652,2020-08-19T16:31:16,36.96788,-76.08697,12.6,288.0,290.0,NAIAS,IMO9330800,V7KN8,70,0,225,32,14.0,70,A
367821000,2020-08-19T17:04:47,36.97284,-76.43364,0.0,0.0,511.0,YANO,IMO7825409,NAQH,70,0,276,32,13.0,70,A
367078110,2020-08-19T16:57:02,36.83853,-76.28198,0.0,179.0,511.0,MARCELLE BORDELON,IMO9350379,WDJ2038,79,3,45,11,3.0,79,A
367821000,2020-08-19T16:59:18,36.97284,-76.43364,0.0,0.0,511.0,YANO,IMO7825409,NAQH,70,0,276,32,13.0,70,A
538006982,2020-08-19T16:32:53,37.20368,-76.12380,0.0,254.5,13.0,ANTE TOPIC,IMO9737072,V7TR4,70,1,,,,,A
367821000,2020-08-19T17:05:58,36.97284,-76.43364,0.0,0.0,511.0,YANO,IMO7825409,NAQH,70,0,276,32,13.0,70,A
538002652,2020-08-19T16:59:25,36.99748,-76.20083,11.5,287.0,289.0,NAIAS,IMO9330800,V7KN8,70,0,225,32,14.0,70,A
367861000,2020-08-19T17:00:01,36.94637,-76.32982,0.0,0.0,265.0,LARAMIE,IMO8906626,NLAR,80,5,193,29,,,A
538002652,2020-08-19T17:06:56,37.00543,-76.22813,11.0,288.0,290.0,NAIAS,IMO9330800,V7KN8,70,0,225,32,14.0,70,A
367932000,2020-08-19T16:59:17,36.94913,-76.32969,0.0,107.0,279.0,JOHN LENTHALL,IMO8325547,NJLN,80,5,193,29,,,A
367078110,2020-08-19T17:00:02,36.83852,-76.28199,0.0,6.0,511.0,MARCELLE BORDELON,IMO9350379,WDJ2038,79,3,45,11,3.0,79,A
368026000,2020-08-19T17:00:21,36.86577,-76.31605,0.0,270.5,2.0,BENAVIDEZ,IMO9218210,NBHG,70,5,289,32,10.9,70,A
366839000,2020-08-19T17:07:03,36.85347,-76.31085,0.0,0.0,39.0,CAPE RISE,IMO7530808,KAFG,70,5,197,32,10.0,,A
366839000,2020-08-19T16:55:01,36.85347,-76.31079,0.0,0.0,39.0,CAPE RISE,IMO7530808,KAFG,70,5,197,32,10.0,,A
367078110,2020-08-19T17:01:12,36.83853,-76.28199,0.0,325.0,511.0,MARCELLE BORDELON,IMO9350379,WDJ2038,79,3,45,11,3.0,79,A
305855000,2020-08-19T17:02:46,36.86428,-76.31475,0.0,310.2,226.0,BBC PEARL,IMO9504786,V2FY8,70,5,153,23,9.1,70,A
538006982,2020-08-19T16:56:53,37.20367,-76.12347,0.1,282.0,2.0,ANTE TOPIC,IMO9737072,V7TR4,70,1,,,,,A
367932000,2020-08-19T17:02:17,36.94911,-76.32967,0.0,107.0,279.0,JOHN LENTHALL,IMO8325547,NJLN,80,5,193,29,,,A
367078110,2020-08-19T17:03:32,36.83853,-76.28199,0.0,171.0,511.0,MARCELLE BORDELON,IMO9350379,WDJ2038,79,3,45,11,3.0,79,A
367932000,2020-08-19T17:14:17,36.94919,-76.32968,0.0,107.0,279.0,JOHN LENTHALL,IMO8325547,NJLN,80,5,193,29,,,A
368026000,2020-08-19T17:15:20,36.86574,-76.31604,0.0,270.5,2.0,BENAVIDEZ,IMO9218210,NBHG,70,5,289,32,10.9,70,A
538002652,2020-08-19T17:03:26,37.00182,-76.21570,11.0,291.0,293.0,NAIAS,IMO9330800,V7KN8,70,0,225,32,14.0,70,A
366839000,2020-08-19T17:16:01,36.85350,-76.31082,0.0,0.0,39.0,CAPE RISE,IMO7530808,KAFG,70,5,197,32,10.0,,A
367078110,2020-08-19T16:59:23,36.83852,-76.28199,0.0,249.0,511.0,MARCELLE BORDELON,IMO9350379,WDJ2038,79,3,45,11,3.0,79,A
211839000,2020-08-19T16:37:13,36.90655,-76.32675,0.0,352.0,352.0,CHICAGO EXPRESS,IMO9295268,DCUJ2,70,5,336,42,14.6,79,A
538002652,2020-08-19T17:10:25,37.00863,-76.24073,11.0,287.0,287.0,NAIAS,IMO9330800,V7KN8,70,0,225,32,14.0,70,A
305855000,2020-08-19T17:11:48,36.86428,-76.31476,0.0,219.0,226.0,BBC PEARL,IMO9504786,V2FY8,70,5,153,23,9.1,70,A
367078110,2020-08-19T17:04:33,36.83852,-76.28198,0.0,146.0,511.0,MARCELLE BORDELON,IMO9350379,WDJ2038,79,3,45,11,3.0,79,A
367359930,2020-08-19T16:39:12,36.82406,-76.28908,0.0,2.8,511.0,SUNNY WILLIAMS,,WDE4940,80,0,25,8,,80,A
367821000,2020-08-19T17:17:58,36.97281,-76.43366,0.0,0.0,511.0,YANO,IMO7825409,NAQH,70,0,276,32,13.0,70,A
368026000,2020-08-19T17:18:21,36.86576,-76.31605,0.0,270.5,2.0,BENAVIDEZ,IMO9218210,NBHG,70,5,289,32,10.9,70,A
367078110,2020-08-19T17:05:42,36.83853,-76.28199,0.0,234.0,511.0,MARCELLE BORDELON,IMO9350379,WDJ2038,79,3,45,11,3.0,79,A
368026000,2020-08-19T17:06:21,36.86573,-76.31605,0.0,270.5,2.0,BENAVIDEZ,IMO9218210,NBHG,70,5,289,32,10.9,70,A
538006982,2020-08-19T17:05:53,37.20365,-76.12343,0.1,74.7,7.0,ANTE TOPIC,IMO9737072,V7TR4,70,1,,,,,A
477196100,2020-08-19T17:12:48,37.19379,-76.13451,0.1,267.8,1.0,DARYA MA,IMO9591674,VRJH5,70,1,229,32,14.5,,A
477196100,2020-08-19T16:42:46,37.19382,-76.13463,0.1,267.8,1.0,DARYA MA,IMO9591674,VRJH5,70,1,229,32,14.5,,A
367821000,2020-08-19T17:12:48,36.97279,-76.43367,0.0,0.0,511.0,YANO,IMO7825409,NAQH,70,0,276,32,13.0,70,A
538002652,2020-08-19T17:08:06,37.00657,-76.23243,11.0,288.0,290.0,NAIAS,IMO9330800,V7KN8,70,0,225,32,14.0,70,A
538002652,2020-08-19T17:05:45,37.00432,-76.22390,11.0,288.0,290.0,NAIAS,IMO9330800,V7KN8,70,0,225,32,14.0,70,A
215677000,2020-08-19T17:03:00,37.23503,-76.11731,0.1,205.8,353.0,RIZE,IMO9584035,9HA2781,70,1,229,32,14.5,,A
215677000,2020-08-19T17:09:00,37.23502,-76.11712,0.1,205.8,347.0,RIZE,IMO9584035,9HA2781,70,1,229,32,14.5,,A
367861000,2020-08-19T17:03:00,36.94636,-76.32985,0.0,0.0,266.0,LARAMIE,IMO8906626,NLAR,80,5,193,29,,,A
367861000,2020-08-19T17:06:01,36.94635,-76.32983,0.0,0.0,266.0,LARAMIE,IMO8906626,NLAR,80,5,193,29,,,A
367932000,2020-08-19T16:41:18,36.94910,-76.32969,0.0,107.0,279.0,JOHN LENTHALL,IMO8325547,NJLN,80,5,193,29,,,A
367861000,2020-08-19T16:42:00,36.94634,-76.32978,0.0,0.0,265.0,LARAMIE,IMO8906626,NLAR,80,5,193,29,,,A
211839000,2020-08-19T17:13:29,36.90652,-76.32673,0.0,352.0,352.0,CHICAGO EXPRESS,IMO9295268,DCUJ2,70,5,336,42,14.6,79,A
538006982,2020-08-19T17:08:53,37.20365,-76.12331,0.1,85.9,3.0,ANTE TOPIC,IMO9737072,V7TR4,70,1,,,,,A
366839000,2020-08-19T17:22:02,36.85348,-76.31081,0.0,0.0,39.0,CAPE RISE,IMO7530808,KAFG,70,5,197,32,10.0,,A
367861000,2020-08-19T17:21:01,36.94637,-76.32980,0.0,0.0,266.0,LARAMIE,IMO8906626,NLAR,80,5,193,29,,,A
367861000,2020-08-19T17:09:00,36.94640,-76.32978,0.0,0.0,265.0,LARAMIE,IMO8906626,NLAR,80,5,193,29,,,A
366839000,2020-08-19T16:42:56,36.85348,-76.31083,0.0,0.0,39.0,CAPE RISE,IMO7530808,KAFG,70,5,197,32,10.0,,A
215677000,2020-08-19T16:44:56,37.23507,-76.11742,0.0,205.8,351.0,RIZE,IMO9584035,9HA2781,70,1,229,32,14.5,,A
367861000,2020-08-19T16:45:00,36.94639,-76.32977,0.0,0.0,265.0,LARAMIE,IMO8906626,NLAR,80,5,193,29,,,A
367821000,2020-08-19T17:21:58,36.97281,-76.43367,0.0,0.0,511.0,YANO,IMO7825409,NAQH,70,0,276,32,13.0,70,A
367078110,2020-08-19T17:09:24,36.83853,-76.28198,0.0,210.0,511.0,MARCELLE BORDELON,IMO9350379,WDJ2038,79,3,45,11,3.0,79,A
367078110,2020-08-19T17:14:32,36.83853,-76.28199,0.0,146.0,511.0,MARCELLE BORDELON,IMO9350379,WDJ2038,79,3,45,11,3.0,79,A
368026000,2020-08-19T17:09:21,36.86575,-76.31604,0.0,270.5,2.0,BENAVIDEZ,IMO9218210,NBHG,70,5,289,32,10.9,70,A
366839000,2020-08-19T16:46:01,36.85347,-76.31081,0.0,0.0,39.0,CAPE RISE,IMO7530808,KAFG,70,5,197,32,10.0,,A
538002652,2020-08-19T17:22:55,37.00358,-76.28667,10.3,251.0,250.0,NAIAS,IMO9330800,V7KN8,70,0,225,32,14.0,70,A
367822000,2020-08-19T16:44:55,36.97314,-76.43383,0.0,0.0,238.0,USNS SHUGHART,IMO7825394,NAOQ,70,5,276,32,13.0,70,A
477196100,2020-08-19T17:09:50,37.19382,-76.13462,0.1,267.8,5.0,DARYA MA,IMO9591674,VRJH5,70,1,229,32,14.5,,A
305855000,2020-08-19T17:08:45,36.86429,-76.31472,0.0,248.6,226.0,BBC PEARL,IMO9504786,V2FY8,70,5,153,23,9.1,70,A
367078110,2020-08-19T17:24:02,36.83854,-76.28199,0.0,359.0,511.0,MARCELLE BORDELON,IMO9350379,WDJ2038,79,3,45,11,3.0,79,A
538002652,2020-08-19T17:09:15,37.00763,-76.23653,10.9,286.0,288.0,NAIAS,IMO9330800,V7KN8,70,0,225,32,14.0,70,A
367078110,2020-08-19T17:08:13,36.83852,-76.28198,0.0,213.0,511.0,MARCELLE BORDELON,IMO9350379,WDJ2038,79,3,45,11,3.0,79,A
305855000,2020-08-19T17:23:49,36.86427,-76.31475,0.0,271.6,226.0,BBC PEARL,IMO9504786,V2FY8,70,5,153,23,9.1,70,A
367932000,2020-08-19T17:08:17,36.94916,-76.32965,0.0,107.0,279.0,JOHN LENTHALL,IMO8325547,NJLN,80,5,193,29,,,A
538002652,2020-08-19T17:13:06,37.00962,-76.25070,10.8,268.0,269.0,NAIAS,IMO9330800,V7KN8,70,0,225,32,14.0,70,A
538002652,2020-08-19T17:16:36,37.00840,-76.26375,10.9,261.0,260.0,NAIAS,IMO9330800,V7KN8,70,0,225,32,14.0,70,A
477196100,2020-08-19T17:18:48,37.19380,-76.13444,0.0,267.8,357.0,DARYA MA,IMO9591674,VRJH5,70,1,229,32,14.5,,A
368026000,2020-08-19T17:12:21,36.86576,-76.31604,0.0,270.5,2.0,BENAVIDEZ,IMO9218210,NBHG,70,5,289,32,10.9,70,A
367861000,2020-08-19T16:48:00,36.94640,-76.32981,0.0,0.0,266.0,LARAMIE,IMO8906626,NLAR,80,5,193,29,,,A
538006982,2020-08-19T17:14:53,37.20364,-76.12316,0.1,308.6,357.0,ANTE TOPIC,IMO9737072,V7TR4,70,1,,,,,A
367078110,2020-08-19T16:51:13,36.83853,-76.28199,0.0,300.0,511.0,MARCELLE BORDELON,IMO9350379,WDJ2038,79,3,45,11,3.0,79,A
367078110,2020-08-19T17:10:32,36.83852,-76.28198,0.0,189.0,511.0,MARCELLE BORDELON,IMO9350379,WDJ2038,79,3,45,11,3.0,79,A
211839000,2020-08-19T16:49:19,36.90652,-76.32675,0.0,352.0,352.0,CHICAGO EXPRESS,IMO9295268,DCUJ2,70,5,336,42,14.6,79,A
538002652,2020-08-19T17:15:26,37.00890,-76.25950,10.9,262.0,263.0,NAIAS,IMO9330800,V7KN8,70,0,225,32,14.0,70,A
367821000,2020-08-19T17:14:28,36.97281,-76.43367,0.0,0.0,511.0,YANO,IMO7825409,NAQH,70,0,276,32,13.0,70,A
367078110,2020-08-19T16:53:13,36.83854,-76.28199,0.0,292.0,511.0,MARCELLE BORDELON,IMO9350379,WDJ2038,79,3,45,11,3.0,79,A
367861000,2020-08-19T16:51:01,36.94637,-76.32983,0.0,0.0,265.0,LARAMIE,IMO8906626,NLAR,80,5,193,29,,,A
367821000,2020-08-19T17:11:38,36.97278,-76.43366,0.0,0.0,511.0,YANO,IMO7825409,NAQH,70,0,276,32,13.0,70,A
538002652,2020-08-19T17:26:35,36.99968,-76.29845,9.7,241.0,240.0,NAIAS,IMO9330800,V7KN8,70,0,225,32,14.0,70,A
538006982,2020-08-19T17:20:53,37.20363,-76.12322,0.1,250.4,359.0,ANTE TOPIC,IMO9737072,V7TR4,70,1,,,,,A
367078110,2020-08-19T17:12:53,36.83852,-76.28198,0.0,12.0,511.0,MARCELLE BORDELON,IMO9350379,WDJ2038,79,3,45,11,3.0,79,A
367078110,2020-08-19T17:11:42,36.83852,-76.28198,0.0,209.0,511.0,MARCELLE BORDELON,IMO9350379,WDJ2038,79,3,45,11,3.0,79,A
211839000,2020-08-19T16:52:22,36.90653,-76.32676,0.0,352.0,352.0,CHICAGO EXPRESS,IMO9295268,DCUJ2,70,5,336,42,14.6,79,A
215677000,2020-08-19T17:12:01,37.23505,-76.11707,0.0,205.8,346.0,RIZE,IMO9584035,9HA2781,70,1,229,32,14.5,,A
215677000,2020-08-19T17:27:01,37.23503,-76.11702,0.0,205.8,347.0,RIZE,IMO9584035,9HA2781,70,1,229,32,14.5,,A
538002652,2020-08-19T17:21:46,37.00457,-76.28267,10.6,252.0,254.0,NAIAS,IMO9330800,V7KN8,70,0,225,32,14.0,70,A
367861000,2020-08-19T17:27:00,36.94642,-76.32978,0.0,0.0,265.0,LARAMIE,IMO8906626,NLAR,80,5,193,29,,,A
367078110,2020-08-19T17:16:53,36.83852,-76.28199,0.0,201.0,511.0,MARCELLE BORDELON,IMO9350379,WDJ2038,79,3,45,11,3.0,79,A
305855000,2020-08-19T17:14:47,36.86429,-76.31477,0.0,231.8,226.0,BBC PEARL,IMO9504786,V2FY8,70,5,153,23,9.1,70,A
538002652,2020-08-19T17:14:16,37.00938,-76.25508,10.8,264.0,264.0,NAIAS,IMO9330800,V7KN8,70,0,225,32,14.0,70,A
367822000,2020-08-19T16:53:55,36.97306,-76.43380,0.0,0.0,238.0,USNS SHUGHART,IMO7825394,NAOQ,70,5,276,32,13.0,70,A
367821000,2020-08-19T17:20:18,36.97281,-76.43367,0.0,0.0,511.0,YANO,IMO7825409,NAQH,70,0,276,32,13.0,70,A
367821000,2020-08-19T17:16:48,36.97281,-76.43366,0.0,0.0,511.0,YANO,IMO7825409,NAQH,70,0,276,32,13.0,70,A
368026000,2020-08-19T16:54:21,36.86575,-76.31604,0.0,270.5,2.0,BENAVIDEZ,IMO9218210,NBHG,70,5,289,32,10.9,70,A
211839000,2020-08-19T17:28:37,36.90656,-76.32676,0.0,352.0,352.0,CHICAGO EXPRESS,IMO9295268,DCUJ2,70,5,336,42,14.6,79,A
305855000,2020-08-19T17:17:49,36.86428,-76.31477,0.0,295.7,226.0,BBC PEARL,IMO9504786,V2FY8,70,5,153,23,9.1,70,A
538006982,2020-08-19T17:17:53,37.20362,-76.12318,0.0,292.7,358.0,ANTE TOPIC,IMO9737072,V7TR4,70,1,,,,,A
368026000,2020-08-19T17:21:21,36.86577,-76.31605,0.0,270.5,2.0,BENAVIDEZ,IMO9218210,NBHG,70,5,289,32,10.9,70,A
211839000,2020-08-19T17:16:31,36.90653,-76.32673,0.0,352.0,352.0,CHICAGO EXPRESS,IMO9295268,DCUJ2,70,5,336,42,14.6,79,A
367932000,2020-08-19T17:17:18,36.94923,-76.32971,0.0,107.0,279.0,JOHN LENTHALL,IMO8325547,NJLN,80,5,193,29,,,A
367821000,2020-08-19T17:19:08,36.97281,-76.43366,0.0,0.0,511.0,YANO,IMO7825409,NAQH,70,0,276,32,13.0,70,A
367861000,2020-08-19T17:15:01,36.94635,-76.32977,0.0,0.0,265.0,LARAMIE,IMO8906626,NLAR,80,5,193,29,,,A
215677000,2020-08-19T17:14:57,37.23503,-76.11706,0.0,205.8,346.0,RIZE,IMO9584035,9HA2781,70,1,229,32,14.5,,A
538002652,2020-08-19T16:57:14,36.99537,-76.19247,12.1,287.0,289.0,NAIAS,IMO9330800,V7KN8,70,0,225,32,14.0,70,A
305855000,2020-08-19T16:56:48,36.86428,-76.31477,0.0,308.6,226.0,BBC PEARL,IMO9504786,V2FY8,70,5,153,23,9.1,70,A
538006982,2020-08-19T16:59:53,37.20368,-76.12354,0.1,276.8,5.0,ANTE TOPIC,IMO9737072,V7TR4,70,1,,,,,A
367078110,2020-08-19T17:19:13,36.83852,-76.28199,0.0,170.0,511.0,MARCELLE BORDELON,IMO9350379,WDJ2038,79,3,45,11,3.0,79,A
368026000,2020-08-19T16:57:20,36.86577,-76.31602,0.0,270.5,2.0,BENAVIDEZ,IMO9218210,NBHG,70,5,289,32,10.9,70,A
367861000,2020-08-19T17:18:01,36.94637,-76.32975,0.0,0.0,266.0,LARAMIE,IMO8906626,NLAR,80,5,193,29,,,A
367821000,2020-08-19T17:26:37,36.97281,-76.43367,0.0,0.0,511.0,YANO,IMO7825409,NAQH,70,0,276,32,13.0,70,A
367932000,2020-08-19T16:56:16,36.94916,-76.32963,0.0,107.0,279.0,JOHN LENTHALL,IMO8325547,NJLN,80,5,193,29,,,A
366839000,2020-08-19T16:58:01,36.85348,-76.31080,0.0,0.0,39.0,CAPE RISE,IMO7530808,KAFG,70,5,197,32,10.0,,A
367078110,2020-08-19T16:58:12,36.83852,-76.28198,0.0,202.0,511.0,MARCELLE BORDELON,IMO9350379,WDJ2038,79,3,45,11,3.0,79,A
538002652,2020-08-19T16:58:15,36.99637,-76.19640,11.8,287.0,289.0,NAIAS,IMO9330800,V7KN8,70,0,225,32,14.0,70,A
215677000,2020-08-19T17:24:00,37.23502,-76.11706,0.0,205.8,347.0,RIZE,IMO9584035,9HA2781,70,1,229,32,14.5,,A
367861000,2020-08-19T17:24:01,36.94639,-76.32978,0.0,0.0,265.0,LARAMIE,IMO8906626,NLAR,80,5,193,29,,,A
367822000,2020-08-19T17:23:56,36.97307,-76.43386,0.0,0.0,238.0,USNS SHUGHART,IMO7825394,NAOQ,70,5,276,32,13.0,70,A
368026000,2020-08-19T17:24:20,36.86579,-76.31604,0.0,270.5,2.0,BENAVIDEZ,IMO9218210,NBHG,70,5,289,32,10.9,70,A
215677000,2020-08-19T17:30:02,37.23505,-76.11699,0.0,205.8,347.0,RIZE,IMO9584035,9HA2781,70,1,229,32,14.5,,A
305855000,2020-08-19T16:59:49,36.86429,-76.31477,0.0,308.6,226.0,BBC PEARL,IMO9504786,V2FY8,70,5,153,23,9.1,70,A
538002652,2020-08-19T17:27:46,36.99800,-76.30175,9.4,237.0,240.0,NAIAS,IMO9330800,V7KN8,70,0,225,32,14.0,70,A
367821000,2020-08-19T17:28:37,36.97281,-76.43367,0.0,0.0,511.0,YANO,IMO7825409,NAQH,70,0,276,32,13.0,70,A
367078110,2020-08-19T17:18:02,36.83852,-76.28199,0.0,180.0,511.0,MARCELLE BORDELON,IMO9350379,WDJ2038,79,3,45,11,3.0,79,A
215677000,2020-08-19T17:18:01,37.23501,-76.11707,0.1,205.8,346.0,RIZE,IMO9584035,9HA2781,70,1,229,32,14.5,,A
367822000,2020-08-19T17:26:55,36.97310,-76.43384,0.0,0.0,238.0,USNS SHUGHART,IMO7825394,NAOQ,70,5,276,32,13.0,70,A
538002652,2020-08-19T17:19:26,37.00657,-76.27435,10.8,256.0,256.0,NAIAS,IMO9330800,V7KN8,70,0,225,32,14.0,70,A
366839000,2020-08-19T17:28:03,36.85349,-76.31082,0.0,0.0,39.0,CAPE RISE,IMO7530808,KAFG,70,5,197,32,10.0,,A
538006982,2020-08-19T17:26:53,37.20363,-76.12326,0.0,265.7,1.0,ANTE TOPIC,IMO9737072,V7TR4,70,1,,,,,A
367078110,2020-08-19T17:21:02,36.83855,-76.28199,0.0,114.0,511.0,MARCELLE BORDELON,IMO9350379,WDJ2038,79,3,45,11,3.0,79,A
215677000,2020-08-19T17:33:01,37.23504,-76.11695,0.1,205.8,348.0,RIZE,IMO9584035,9HA2781,70,1,229,32,14.5,,A
367822000,2020-08-19T17:20:55,36.97309,-76.43384,0.0,0.0,238.0,USNS SHUGHART,IMO7825394,NAOQ,70,5,276,32,13.0,70,A
367078110,2020-08-19T17:27:13,36.83853,-76.28198,0.0,33.0,511.0,MARCELLE BORDELON,IMO9350379,WDJ2038,79,3,45,11,3.0,79,A
367932000,2020-08-19T17:29:16,36.94915,-76.32975,0.0,107.0,279.0,JOHN LENTHALL,IMO8325547,NJLN,80,5,193,29,,,A
211839000,2020-08-19T17:19:34,36.90659,-76.32674,0.0,352.0,352.0,CHICAGO EXPRESS,IMO9295268,DCUJ2,70,5,336,42,14.6,79,A
538006982,2020-08-19T17:29:53,37.20364,-76.12322,0.0,73.7,1.0,ANTE TOPIC,IMO9737072,V7TR4,70,1,,,,,A
538002652,2020-08-19T17:01:15,36.99937,-76.20770,11.2,289.0,291.0,NAIAS,IMO9330800,V7KN8,70,0,225,32,14.0,70,A
366839000,2020-08-19T17:34:04,36.85349,-76.31086,0.0,0.0,39.0,CAPE RISE,IMO7530808,KAFG,70,5,197,32,10.0,,A
211839000,2020-08-19T17:31:37,36.90653,-76.32677,0.0,352.0,352.0,CHICAGO EXPRESS,IMO9295268,DCUJ2,70,5,336,42,14.6,79,A
538002652,2020-08-19T17:35:35,36.98892,-76.31895,5.6,233.0,230.0,NAIAS,IMO9330800,V7KN8,70,0,225,32,14.0,70,A
367078110,2020-08-19T17:02:23,36.83854,-76.28199,0.0,94.0,511.0,MARCELLE BORDELON,IMO9350379,WDJ2038,79,3,45,11,3.0,79,A
367821000,2020-08-19T17:23:08,36.97282,-76.43367,0.0,0.0,511.0,YANO,IMO7825409,NAQH,70,0,276,32,13.0,70,A
538002652,2020-08-19T17:24:46,37.00172,-76.29278,10.1,249.0,250.0,NAIAS,IMO9330800,V7KN8,70,0,225,32,14.0,70,A
367821000,2020-08-19T17:32:48,36.97282,-76.43367,0.0,0.0,511.0,YANO,IMO7825409,NAQH,70,0,276,32,13.0,70,A
477196100,2020-08-19T17:21:50,37.19379,-76.13442,0.1,267.8,357.0,DARYA MA,IMO9591674,VRJH5,70,1,229,32,14.5,,A
367932000,2020-08-19T17:32:18,36.94921,-76.32974,0.0,107.0,279.0,JOHN LENTHALL,IMO8325547,NJLN,80,5,193,29,,,A
368026000,2020-08-19T17:03:21,36.86577,-76.31604,0.0,270.5,2.0,BENAVIDEZ,IMO9218210,NBHG,70,5,289,32,10.9,70,A
367078110,2020-08-19T17:36:22,36.83852,-76.28199,0.0,150.0,511.0,MARCELLE BORDELON,IMO9350379,WDJ2038,79,3,45,11,3.0,79,A
367821000,2020-08-19T17:30:27,36.97281,-76.43367,0.0,0.0,511.0,YANO,IMO7825409,NAQH,70,0,276,32,13.0,70,A
367078110,2020-08-19T17:26:02,36.83853,-76.28198,0.0,193.0,511.0,MARCELLE BORDELON,IMO9350379,WDJ2038,79,3,45,11,3.0,79,A
367932000,2020-08-19T17:26:16,36.94918,-76.32973,0.0,107.0,279.0,JOHN LENTHALL,IMO8325547,NJLN,80,5,193,29,,,A
368026000,2020-08-19T17:39:21,36.86576,-76.31602,0.0,270.5,2.0,BENAVIDEZ,IMO9218210,NBHG,70,5,289,32,10.9,70,A
538002652,2020-08-19T17:32:55,36.99145,-76.31415,7.0,237.0,240.0,NAIAS,IMO9330800,V7KN8,70,0,225,32,14.0,70,A
538006982,2020-08-19T17:23:53,37.20362,-76.12324,0.1,334.1,0.0,ANTE TOPIC,IMO9737072,V7TR4,70,1,,,,,A
477196100,2020-08-19T17:24:47,37.19379,-76.13447,0.1,267.8,358.0,DARYA MA,IMO9591674,VRJH5,70,1,229,32,14.5,,A
538002652,2020-08-19T17:30:46,36.99388,-76.30953,8.3,236.0,240.0,NAIAS,IMO9330800,V7KN8,70,0,225,32,14.0,70,A
367932000,2020-08-19T17:05:17,36.94915,-76.32965,0.0,107.0,279.0,JOHN LENTHALL,IMO8325547,NJLN,80,5,193,29,,,A
538002652,2020-08-19T17:37:55,36.98655,-76.32193,5.0,224.0,228.0,NAIAS,IMO9330800,V7KN8,70,0,225,32,14.0,70,A
477196100,2020-08-19T17:36:48,37.19382,-76.13429,0.0,267.8,356.0,DARYA MA,IMO9591674,VRJH5,70,1,229,32,14.5,,A
211839000,2020-08-19T17:25:36,36.90655,-76.32674,0.0,352.0,352.0,CHICAGO EXPRESS,IMO9295268,DCUJ2,70,5,336,42,14.6,79,A
538002652,2020-08-19T17:40:16,36.98430,-76.32472,4.9,221.0,225.0,NAIAS,IMO9330800,V7KN8,70,0,225,32,14.0,70,A
367078110,2020-08-19T17:33:03,36.83852,-76.28199,0.0,80.0,511.0,MARCELLE BORDELON,IMO9350379,WDJ2038,79,3,45,11,3.0,79,A
368026000,2020-08-19T17:36:21,36.86579,-76.31606,0.0,270.5,2.0,BENAVIDEZ,IMO9218210,NBHG,70,5,289,32,10.9,70,A
367822000,2020-08-19T17:32:56,36.97311,-76.43385,0.0,0.0,238.0,USNS SHUGHART,IMO7825394,NAOQ,70,5,276,32,13.0,70,A
367822000,2020-08-19T17:35:54,36.97311,-76.43385,0.0,0.0,238.0,USNS SHUGHART,IMO7825394,NAOQ,70,5,276,32,13.0,70,A
305855000,2020-08-19T17:41:48,36.86427,-76.31476,0.0,303.2,226.0,BBC PEARL,IMO9504786,V2FY8,70,5,153,23,9.1,70,A
367078110,2020-08-19T17:28:23,36.83853,-76.28199,0.0,153.0,511.0,MARCELLE BORDELON,IMO9350379,WDJ2038,79,3,45,11,3.0,79,A
367822000,2020-08-19T17:41:55,36.97312,-76.43385,0.0,0.0,238.0,USNS SHUGHART,IMO7825394,NAOQ,70,5,276,32,13.0,70,A
367861000,2020-08-19T17:30:00,36.94642,-76.32979,0.0,0.0,265.0,LARAMIE,IMO8906626,NLAR,80,5,193,29,,,A
367861000,2020-08-19T17:36:01,36.94637,-76.32983,0.0,0.0,265.0,LARAMIE,IMO8906626,NLAR,80,5,193,29,,,A
368026000,2020-08-19T17:30:21,36.86575,-76.31605,0.0,270.5,2.0,BENAVIDEZ,IMO9218210,NBHG,70,5,289,32,10.9,70,A
367078110,2020-08-19T17:29:32,36.83853,-76.28199,0.0,2.0,511.0,MARCELLE BORDELON,IMO9350379,WDJ2038,79,3,45,11,3.0,79,A
538002652,2020-08-19T17:43:26,36.98072,-76.32873,6.1,222.0,225.0,NAIAS,IMO9330800,V7KN8,70,0,225,32,14.0,70,A
538002652,2020-08-19T17:44:55,36.97875,-76.33107,6.8,225.0,222.0,NAIAS,IMO9330800,V7KN8,70,0,225,32,14.0,70,A
538002652,2020-08-19T17:36:45,36.98780,-76.32048,5.2,227.0,228.0,NAIAS,IMO9330800,V7KN8,70,0,225,32,14.0,70,A
305855000,2020-08-19T17:29:49,36.86428,-76.31476,0.0,251.4,226.0,BBC PEARL,IMO9504786,V2FY8,70,5,153,23,9.1,70,A
215677000,2020-08-19T17:36:01,37.23506,-76.11688,0.1,205.8,346.0,RIZE,IMO9584035,9HA2781,70,1,229,32,14.5,,A
367861000,2020-08-19T17:45:01,36.94635,-76.32979,0.0,0.0,265.0,LARAMIE,IMO8906626,NLAR,80,5,193,29,,,A
368026000,2020-08-19T17:42:21,36.86576,-76.31599,0.0,270.5,2.0,BENAVIDEZ,IMO9218210,NBHG,70,5,289,32,10.9,70,A
477196100,2020-08-19T17:30:46,37.19379,-76.13444,0.1,267.8,0.0,DARYA MA,IMO9591674,VRJH5,70,1,229,32,14.5,,A
367821000,2020-08-19T17:38:08,36.97283,-76.43366,0.0,0.0,511.0,YANO,IMO7825409,NAQH,70,0,276,32,13.0,70,A
367821000,2020-08-19T17:10:27,36.97280,-76.43367,0.0,0.0,511.0,YANO,IMO7825409,NAQH,70,0,276,32,13.0,70,A
367821000,2020-08-19T17:31:47,36.97282,-76.43367,0.0,0.0,511.0,YANO,IMO7825409,NAQH,70,0,276,32,13.0,70,A
211839000,2020-08-19T17:10:31,36.90653,-76.32675,0.0,352.0,352.0,CHICAGO EXPRESS,IMO9295268,DCUJ2,70,5,336,42,14.6,79,A
538002652,2020-08-19T17:46:55,36.97545,-76.33398,7.3,208.0,205.0,NAIAS,IMO9330800,V7KN8,70,0,225,32,14.0,70,A
538002652,2020-08-19T17:39:15,36.98528,-76.32358,4.8,226.0,227.0,NAIAS,IMO9330800,V7KN8,70,0,225,32,14.0,70,A
367821000,2020-08-19T17:34:48,36.97282,-76.43367,0.0,0.0,511.0,YANO,IMO7825409,NAQH,70,0,276,32,13.0,70,A
215677000,2020-08-19T17:39:00,37.23506,-76.11684,0.1,205.8,346.0,RIZE,IMO9584035,9HA2781,70,1,229,32,14.5,,A
305855000,2020-08-19T17:32:49,36.86425,-76.31477,0.0,246.7,226.0,BBC PEARL,IMO9504786,V2FY8,70,5,153,23,9.1,70,A
538006982,2020-08-19T17:38:53,37.20366,-76.12303,0.0,273.8,354.0,ANTE TOPIC,IMO9737072,V7TR4,70,1,,,,,A
367861000,2020-08-19T17:33:00,36.94637,-76.32979,0.0,0.0,265.0,LARAMIE,IMO8906626,NLAR,80,5,193,29,,,A
538002652,2020-08-19T17:34:15,36.99020,-76.31672,6.3,239.0,236.0,NAIAS,IMO9330800,V7KN8,70,0,225,32,14.0,70,A
367822000,2020-08-19T17:11:56,36.97309,-76.43383,0.0,0.0,238.0,USNS SHUGHART,IMO7825394,NAOQ,70,5,276,32,13.0,70,A
367932000,2020-08-19T17:38:17,36.94914,-76.32973,0.0,107.0,279.0,JOHN LENTHALL,IMO8325547,NJLN,80,5,193,29,,,A
367078110,2020-08-19T17:35:13,36.83851,-76.28199,0.1,195.0,511.0,MARCELLE BORDELON,IMO9350379,WDJ2038,79,3,45,11,3.0,79,A
538002652,2020-08-19T17:48:45,36.97185,-76.33560,7.6,195.0,190.0,NAIAS,IMO9330800,V7KN8,70,0,225,32,14.0,70,A
538006982,2020-08-19T17:11:53,37.20363,-76.12318,0.1,49.8,359.0,ANTE TOPIC,IMO9737072,V7TR4,70,1,,,,,A
367861000,2020-08-19T17:48:00,36.94641,-76.32983,0.0,0.0,265.0,LARAMIE,IMO8906626,NLAR,80,5,193,29,,,A
367821000,2020-08-19T17:40:28,36.97283,-76.43366,0.0,0.0,511.0,YANO,IMO7825409,NAQH,70,0,276,32,13.0,70,A
477196100,2020-08-19T17:33:51,37.19378,-76.13435,0.1,267.8,358.0,DARYA MA,IMO9591674,VRJH5,70,1,229,32,14.5,,A
367932000,2020-08-19T17:47:17,36.94918,-76.32975,0.0,107.0,279.0,JOHN LENTHALL,IMO8325547,NJLN,80,5,193,29,,,A
305855000,2020-08-19T17:47:46,36.86429,-76.31476,0.0,299.5,226.0,BBC PEARL,IMO9504786,V2FY8,70,5,153,23,9.1,70,A
367821000,2020-08-19T17:36:48,36.97283,-76.43367,0.0,0.0,511.0,YANO,IMO7825409,NAQH,70,0,276,32,13.0,70,A
215677000,2020-08-19T17:42:03,37.23509,-76.11678,0.1,205.8,346.0,RIZE,IMO9584035,9HA2781,70,1,229,32,14.5,,A
366839000,2020-08-19T17:48:59,36.85347,-76.31083,0.0,0.0,39.0,CAPE RISE,IMO7530808,KAFG,70,5,197,32,10.0,,A
367932000,2020-08-19T17:35:17,36.94923,-76.32975,0.0,107.0,279.0,JOHN LENTHALL,IMO8325547,NJLN,80,5,193,29,,,A
367822000,2020-08-19T17:14:55,36.97309,-76.43383,0.0,0.0,238.0,USNS SHUGHART,IMO7825394,NAOQ,70,5,276,32,13.0,70,A
211839000,2020-08-19T17:34:41,36.90665,-76.32675,0.0,352.0,352.0,CHICAGO EXPRESS,IMO9295268,DCUJ2,70,5,336,42,14.6,79,A
367932000,2020-08-19T17:44:17,36.94911,-76.32974,0.0,107.0,279.0,JOHN LENTHALL,IMO8325547,NJLN,80,5,193,29,,,A
367821000,2020-08-19T17:49:38,36.97284,-76.43368,0.0,0.0,511.0,YANO,IMO7825409,NAQH,70,0,276,32,13.0,70,A
367821000,2020-08-19T17:44:57,36.97284,-76.43381,0.0,0.0,511.0,YANO,IMO7825409,NAQH,70,0,276,32,13.0,70,A
477196100,2020-08-19T17:15:51,37.19378,-76.13444,0.0,267.8,358.0,DARYA MA,IMO9591674,VRJH5,70,1,229,32,14.5,,A
367078110,2020-08-19T17:15:42,36.83853,-76.28199,0.0,160.0,511.0,MARCELLE BORDELON,IMO9350379,WDJ2038,79,3,45,11,3.0,79,A
367822000,2020-08-19T17:47:54,36.97312,-76.43385,0.0,0.0,238.0,USNS SHUGHART,IMO7825394,NAOQ,70,5,276,32,13.0,70,A
367078110,2020-08-19T17:38:22,36.83851,-76.28199,0.0,191.0,511.0,MARCELLE BORDELON,IMO9350379,WDJ2038,79,3,45,11,3.0,79,A
367078110,2020-08-19T17:53:13,36.83852,-76.28200,0.0,208.0,511.0,MARCELLE BORDELON,IMO9350379,WDJ2038,79,3,45,11,3.0,79,A
538006982,2020-08-19T17:50:53,37.20363,-76.12320,0.0,244.8,357.0,ANTE TOPIC,IMO9737072,V7TR4,70,1,,,,,A
366839000,2020-08-19T17:37:00,36.85350,-76.31081,0.0,0.0,39.0,CAPE RISE,IMO7530808,KAFG,70,5,197,32,10.0,,A
538006982,2020-08-19T17:53:53,37.20363,-76.12324,0.0,312.5,359.0,ANTE TOPIC,IMO9737072,V7TR4,70,1,,,,,A
211839000,2020-08-19T17:43:43,36.90659,-76.32675,0.0,353.0,353.0,CHICAGO EXPRESS,IMO9295268,DCUJ2,70,5,336,42,14.6,79,A
367078110,2020-08-19T17:45:42,36.83851,-76.28199,0.0,100.0,511.0,MARCELLE BORDELON,IMO9350379,WDJ2038,79,3,45,11,3.0,79,A
538002652,2020-08-19T17:18:16,37.00733,-76.27012,10.8,257.0,258.0,NAIAS,IMO9330800,V7KN8,70,0,225,32,14.0,70,A
367822000,2020-08-19T17:38:55,36.97311,-76.43385,0.0,0.0,238.0,USNS SHUGHART,IMO7825394,NAOQ,70,5,276,32,13.0,70,A
367822000,2020-08-19T17:17:54,36.97309,-76.43383,0.0,0.0,238.0,USNS SHUGHART,IMO7825394,NAOQ,70,5,276,32,13.0,70,A
305855000,2020-08-19T17:44:49,36.86427,-76.31476,0.0,289.9,226.0,BBC PEARL,IMO9504786,V2FY8,70,5,153,23,9.1,70,A
367078110,2020-08-19T17:55:13,36.83852,-76.28201,0.0,314.0,511.0,MARCELLE BORDELON,IMO9350379,WDJ2038,79,3,45,11,3.0,79,A
367861000,2020-08-19T17:39:01,36.94636,-76.32980,0.0,0.0,265.0,LARAMIE,IMO8906626,NLAR,80,5,193,29,,,A
366839000,2020-08-19T17:19:01,36.85348,-76.31083,0.0,0.0,39.0,CAPE RISE,IMO7530808,KAFG,70,5,197,32,10.0,,A
367821000,2020-08-19T17:39:17,36.97283,-76.43366,0.0,0.0,511.0,YANO,IMO7825409,NAQH,70,0,276,32,13.0,70,A
477196100,2020-08-19T17:45:52,37.19378,-76.13418,0.1,267.8,354.0,DARYA MA,IMO9591674,VRJH5,70,1,229,32,14.5,,A
368026000,2020-08-19T17:45:20,36.86575,-76.31604,0.0,270.5,2.0,BENAVIDEZ,IMO9218210,NBHG,70,5,289,32,10.9,70,A
477196100,2020-08-19T17:39:50,37.19380,-76.13426,0.0,267.8,355.0,DARYA MA,IMO9591674,VRJH5,70,1,229,32,14.5,,A
367821000,2020-08-19T17:47:17,36.97285,-76.43372,0.0,0.0,511.0,YANO,IMO7825409,NAQH,70,0,276,32,13.0,70,A
367932000,2020-08-19T17:53:16,36.94917,-76.32966,0.0,107.0,279.0,JOHN LENTHALL,IMO8325547,NJLN,80,5,193,29,,,A
367821000,2020-08-19T17:55:47,36.97282,-76.43366,0.0,0.0,511.0,YANO,IMO7825409,NAQH,70,0,276,32,13.0,70,A
538006982,2020-08-19T17:41:53,37.20363,-76.12307,0.1,272.7,355.0,ANTE TOPIC,IMO9737072,V7TR4,70,1,,,,,A
538002652,2020-08-19T17:20:36,37.00563,-76.27840,10.8,253.0,254.0,NAIAS,IMO9330800,V7KN8,70,0,225,32,14.0,70,A
367861000,2020-08-19T17:42:01,36.94638,-76.32979,0.0,0.0,265.0,LARAMIE,IMO8906626,NLAR,80,5,193,29,,,A
366839000,2020-08-19T17:43:00,36.85348,-76.31082,0.0,0.0,39.0,CAPE RISE,IMO7530808,KAFG,70,5,197,32,10.0,,A
367822000,2020-08-19T17:50:55,36.97312,-76.43385,0.0,0.0,238.0,USNS SHUGHART,IMO7825394,NAOQ,70,5,276,32,13.0,70,A
367822000,2020-08-19T17:56:55,36.97312,-76.43385,0.0,0.0,238.0,USNS SHUGHART,IMO7825394,NAOQ,70,5,276,32,13.0,70,A
367078110,2020-08-19T17:22:13,36.83854,-76.28199,0.0,324.0,511.0,MARCELLE BORDELON,IMO9350379,WDJ2038,79,3,45,11,3.0,79,A
211839000,2020-08-19T17:22:37,36.90646,-76.32671,0.0,352.0,352.0,CHICAGO EXPRESS,IMO9295268,DCUJ2,70,5,336,42,14.6,79,A
367821000,2020-08-19T17:48:27,36.97284,-76.43370,0.0,0.0,511.0,YANO,IMO7825409,NAQH,70,0,276,32,13.0,70,A
367821000,2020-08-19T17:58:57,36.97282,-76.43366,0.0,0.0,511.0,YANO,IMO7825409,NAQH,70,0,276,32,13.0,70,A
477196100,2020-08-19T17:48:50,37.19378,-76.13412,0.1,267.8,352.0,DARYA MA,IMO9591674,VRJH5,70,1,229,32,14.5,,A
367821000,2020-08-19T17:24:37,36.97282,-76.43367,0.0,0.0,511.0,YANO,IMO7825409,NAQH,70,0,276,32,13.0,70,A
367932000,2020-08-19T17:23:18,36.94917,-76.32971,0.0,107.0,279.0,JOHN LENTHALL,IMO8325547,NJLN,80,5,193,29,,,A
538002652,2020-08-19T17:53:06,36.96217,-76.33637,8.1,184.0,185.0,NAIAS,IMO9330800,V7KN8,70,0,225,32,14.0,70,A
367821000,2020-08-19T17:50:48,36.97283,-76.43367,0.0,0.0,511.0,YANO,IMO7825409,NAQH,70,0,276,32,13.0,70,A
215677000,2020-08-19T18:00:01,37.23504,-76.11686,0.1,205.8,345.0,RIZE,IMO9584035,9HA2781,70,1,229,32,14.5,,A
538006982,2020-08-19T17:44:53,37.20364,-76.12310,0.0,243.0,356.0,ANTE TOPIC,IMO9737072,V7TR4,70,1,,,,,A
367078110,2020-08-19T18:00:03,36.83852,-76.28200,0.0,93.0,511.0,MARCELLE BORDELON,IMO9350379,WDJ2038,79,3,45,11,3.0,79,A
366839000,2020-08-19T17:25:03,36.85349,-76.31083,0.0,0.0,39.0,CAPE RISE,IMO7530808,KAFG,70,5,197,32,10.0,,A
368026000,2020-08-19T18:00:20,36.86574,-76.31605,0.0,270.5,2.0,BENAVIDEZ,IMO9218210,NBHG,70,5,289,32,10.9,70,A
477196100,2020-08-19T18:00:44,37.19376,-76.13404,0.0,267.8,348.0,DARYA MA,IMO9591674,VRJH5,70,1,229,32,14.5,,A
368026000,2020-08-19T17:54:20,36.86576,-76.31603,0.0,270.5,2.0,BENAVIDEZ,IMO9218210,NBHG,70,5,289,32,10.9,70,A
367078110,2020-08-19T18:01:12,36.83851,-76.28200,0.0,309.0,511.0,MARCELLE BORDELON,IMO9350379,WDJ2038,79,3,45,11,3.0,79,A
367078110,2020-08-19T17:49:02,36.83853,-76.28199,0.0,168.0,511.0,MARCELLE BORDELON,IMO9350379,WDJ2038,79,3,45,11,3.0,79,A
367821000,2020-08-19T17:54:37,36.97283,-76.43367,0.0,0.0,511.0,YANO,IMO7825409,NAQH,70,0,276,32,13.0,70,A
538002652,2020-08-19T17:49:55,36.96930,-76.33592,7.7,183.0,185.0,NAIAS,IMO9330800,V7KN8,70,0,225,32,14.0,70,A
538006982,2020-08-19T17:47:53,37.20365,-76.12315,0.1,299.2,356.0,ANTE TOPIC,IMO9737072,V7TR4,70,1,,,,,A
366839000,2020-08-19T17:55:00,36.85347,-76.31083,0.0,0.0,39.0,CAPE RISE,IMO7530808,KAFG,70,5,197,32,10.0,,A
367861000,2020-08-19T17:54:00,36.94634,-76.32973,0.0,0.0,265.0,LARAMIE,IMO8906626,NLAR,80,5,193,29,,,A
367821000,2020-08-19T18:02:37,36.97281,-76.43366,0.0,0.0,511.0,YANO,IMO7825409,NAQH,70,0,276,32,13.0,70,A
367861000,2020-08-19T18:02:59,36.94638,-76.32980,0.0,0.0,265.0,LARAMIE,IMO8906626,NLAR,80,5,193,29,,,A
367078110,2020-08-19T17:56:53,36.83852,-76.28200,0.0,211.0,511.0,MARCELLE BORDELON,IMO9350379,WDJ2038,79,3,45,11,3.0,79,A
305855000,2020-08-19T17:26:46,36.86429,-76.31476,0.0,249.2,226.0,BBC PEARL,IMO9504786,V2FY8,70,5,153,23,9.1,70,A
538006982,2020-08-19T18:02:53,37.20365,-76.12309,0.1,2.7,356.0,ANTE TOPIC,IMO9737072,V7TR4,70,1,,,,,A
477196100,2020-08-19T18:03:47,37.19379,-76.13402,0.1,267.8,347.0,DARYA MA,IMO9591674,VRJH5,70,1,229,32,14.5,,A
211839000,2020-08-19T17:55:47,36.90651,-76.32680,0.0,353.0,353.0,CHICAGO EXPRESS,IMO9295268,DCUJ2,70,5,336,42,14.6,79,A
211839000,2020-08-19T17:49:45,36.90639,-76.32685,0.0,353.0,353.0,CHICAGO EXPRESS,IMO9295268,DCUJ2,70,5,336,42,14.6,79,A
367078110,2020-08-19T17:58:32,36.83852,-76.28200,0.0,179.0,511.0,MARCELLE BORDELON,IMO9350379,WDJ2038,79,3,45,11,3.0,79,A
367078110,2020-08-19T17:52:02,36.83851,-76.28200,0.0,160.0,511.0,MARCELLE BORDELON,IMO9350379,WDJ2038,79,3,45,11,3.0,79,A
211839000,2020-08-19T18:04:55,36.90648,-76.32677,0.0,353.0,353.0,CHICAGO EXPRESS,IMO9295268,DCUJ2,70,5,336,42,14.6,79,A
368026000,2020-08-19T17:57:20,36.86575,-76.31605,0.0,270.5,2.0,BENAVIDEZ,IMO9218210,NBHG,70,5,289,32,10.9,70,A
367861000,2020-08-19T17:57:01,36.94637,-76.32980,0.0,0.0,265.0,LARAMIE,IMO8906626,NLAR,80,5,193,29,,,A
367078110,2020-08-19T17:59:34,36.83852,-76.28200,0.0,41.0,511.0,MARCELLE BORDELON,IMO9350379,WDJ2038,79,3,45,11,3.0,79,A
367932000,2020-08-19T17:50:17,36.94916,-76.32969,0.0,107.0,279.0,JOHN LENTHALL,IMO8325547,NJLN,80,5,193,29,,,A
368026000,2020-08-19T17:51:21,36.86574,-76.31603,0.0,270.5,2.0,BENAVIDEZ,IMO9218210,NBHG,70,5,289,32,10.9,70,A
367821000,2020-08-19T17:52:07,36.97283,-76.43367,0.0,0.0,511.0,YANO,IMO7825409,NAQH,70,0,276,32,13.0,70,A
305855000,2020-08-19T18:05:48,36.86427,-76.31479,0.0,326.3,226.0,BBC PEARL,IMO9504786,V2FY8,70,5,153,23,9.1,70,A
366839000,2020-08-19T17:52:06,36.85346,-76.31085,0.0,0.0,39.0,CAPE RISE,IMO7530808,KAFG,70,5,197,32,10.0,,A
368026000,2020-08-19T18:06:21,36.86577,-76.31605,0.0,270.5,2.0,BENAVIDEZ,IMO9218210,NBHG,70,5,289,32,10.9,70,A
367078110,2020-08-19T18:05:53,36.83851,-76.28200,0.0,197.0,511.0,MARCELLE BORDELON,IMO9350379,WDJ2038,79,3,45,11,3.0,79,A
305855000,2020-08-19T17:59:45,36.86424,-76.31477,0.0,264.7,226.0,BBC PEARL,IMO9504786,V2FY8,70,5,153,23,9.1,70,A
366839000,2020-08-19T18:07:02,36.85346,-76.31085,0.0,0.0,39.0,CAPE RISE,IMO7530808,KAFG,70,5,197,32,10.0,,A
477196100,2020-08-19T18:06:48,37.19380,-76.13407,0.1,267.8,347.0,DARYA MA,IMO9591674,VRJH5,70,1,229,32,14.5,,A
366839000,2020-08-19T17:31:01,36.85348,-76.31082,0.0,0.0,39.0,CAPE RISE,IMO7530808,KAFG,70,5,197,32,10.0,,A
211839000,2020-08-19T17:52:48,36.90653,-76.32679,0.0,353.0,353.0,CHICAGO EXPRESS,IMO9295268,DCUJ2,70,5,336,42,14.6,79,A
538002652,2020-08-19T18:02:26,36.93998,-76.33795,8.7,182.0,183.0,NAIAS,IMO9330800,V7KN8,70,0,225,32,14.0,70,A
367821000,2020-08-19T18:01:17,36.97282,-76.43366,0.0,0.0,511.0,YANO,IMO7825409,NAQH,70,0,276,32,13.0,70,A
367822000,2020-08-19T18:02:56,36.97311,-76.43385,0.0,0.0,238.0,USNS SHUGHART,IMO7825394,NAOQ,70,5,276,32,13.0,70,A
367932000,2020-08-19T18:08:17,36.94915,-76.32967,0.0,107.0,279.0,JOHN LENTHALL,IMO8325547,NJLN,80,5,193,29,,,A
538002652,2020-08-19T17:57:16,36.95255,-76.33712,8.5,183.0,183.0,NAIAS,IMO9330800,V7KN8,70,0,225,32,14.0,70,A
538002652,2020-08-19T18:03:35,36.93722,-76.33813,8.7,182.0,183.0,NAIAS,IMO9330800,V7KN8,70,0,225,32,14.0,70,A
367821000,2020-08-19T18:08:18,36.97281,-76.43367,0.0,0.0,511.0,YANO,IMO7825409,NAQH,70,0,276,32,13.0,70,A
367821000,2020-08-19T18:03:47,36.97281,-76.43366,0.0,0.0,511.0,YANO,IMO7825409,NAQH,70,0,276,32,13.0,70,A
367078110,2020-08-19T18:02:24,36.83851,-76.28200,0.0,216.0,511.0,MARCELLE BORDELON,IMO9350379,WDJ2038,79,3,45,11,3.0,79,A
367078110,2020-08-19T18:04:42,36.83851,-76.28200,0.0,260.0,511.0,MARCELLE BORDELON,IMO9350379,WDJ2038,79,3,45,11,3.0,79,A
305855000,2020-08-19T18:08:48,36.86430,-76.31475,0.0,326.3,226.0,BBC PEARL,IMO9504786,V2FY8,70,5,153,23,9.1,70,A
305855000,2020-08-19T17:56:48,36.86425,-76.31476,0.0,264.7,226.0,BBC PEARL,IMO9504786,V2FY8,70,5,153,23,9.1,70,A
368026000,2020-08-19T18:09:20,36.86578,-76.31605,0.1,270.5,2.0,BENAVIDEZ,IMO9218210,NBHG,70,5,289,32,10.9,70,A
538002652,2020-08-19T18:09:35,36.92232,-76.33935,8.9,184.0,184.0,NAIAS,IMO9330800,V7KN8,70,0,225,32,14.0,70,A
367078110,2020-08-19T18:09:33,36.83851,-76.28199,0.0,139.0,511.0,MARCELLE BORDELON,IMO9350379,WDJ2038,79,3,45,11,3.0,79,A
367932000,2020-08-19T18:05:16,36.94916,-76.32969,0.0,107.0,279.0,JOHN LENTHALL,IMO8325547,NJLN,80,5,193,29,,,A
538002652,2020-08-19T18:06:05,36.93113,-76.33860,8.8,184.0,184.0,NAIAS,IMO9330800,V7KN8,70,0,225,32,14.0,70,A
366839000,2020-08-19T18:04:00,36.85347,-76.31083,0.0,0.0,39.0,CAPE RISE,IMO7530808,KAFG,70,5,197,32,10.0,,A
367821000,2020-08-19T18:10:48,36.97281,-76.43367,0.0,0.0,511.0,YANO,IMO7825409,NAQH,70,0,276,32,13.0,70,A
367821000,2020-08-19T18:04:58,36.97281,-76.43366,0.0,0.0,511.0,YANO,IMO7825409,NAQH,70,0,276,32,13.0,70,A
305855000,2020-08-19T18:11:49,36.86427,-76.31475,0.0,298.2,226.0,BBC PEARL,IMO9504786,V2FY8,70,5,153,23,9.1,70,A
211839000,2020-08-19T18:10:56,36.90648,-76.32677,0.0,352.0,352.0,CHICAGO EXPRESS,IMO9295268,DCUJ2,70,5,336,42,14.6,79,A
215677000,2020-08-19T17:56:57,37.23506,-76.11682,0.1,205.8,344.0,RIZE,IMO9584035,9HA2781,70,1,229,32,14.5,,A
215677000,2020-08-19T18:12:02,37.23505,-76.11677,0.1,205.8,340.0,RIZE,IMO9584035,9HA2781,70,1,229,32,14.5,,A
367821000,2020-08-19T18:11:57,36.97281,-76.43367,0.0,0.0,511.0,YANO,IMO7825409,NAQH,70,0,276,32,13.0,70,A
305855000,2020-08-19T17:35:46,36.86428,-76.31478,0.0,275.9,226.0,BBC PEARL,IMO9504786,V2FY8,70,5,153,23,9.1,70,A
367822000,2020-08-19T18:11:55,36.97308,-76.43385,0.0,0.0,238.0,USNS SHUGHART,IMO7825394,NAOQ,70,5,276,32,13.0,70,A
538002652,2020-08-19T18:07:15,36.92815,-76.33887,8.9,184.0,184.0,NAIAS,IMO9330800,V7KN8,70,0,225,32,14.0,70,A
367821000,2020-08-19T18:07:17,36.97281,-76.43367,0.0,0.0,511.0,YANO,IMO7825409,NAQH,70,0,276,32,13.0,70,A
538002652,2020-08-19T18:00:06,36.94583,-76.33758,8.6,183.0,183.0,NAIAS,IMO9330800,V7KN8,70,0,225,32,14.0,70,A
538002652,2020-08-19T18:13:15,36.91323,-76.33910,8.9,171.0,172.0,NAIAS,IMO9330800,V7KN8,70,0,225,32,14.0,70,A
367821000,2020-08-19T18:00:08,36.97282,-76.43366,0.0,0.0,511.0,YANO,IMO7825409,NAQH,70,0,276,32,13.0,70,A
367821000,2020-08-19T18:13:07,36.97281,-76.43367,0.0,0.0,511.0,YANO,IMO7825409,NAQH,70,0,276,32,13.0,70,A
477196100,2020-08-19T18:12:44,37.19376,-76.13412,0.0,267.8,349.0,DARYA MA,IMO9591674,VRJH5,70,1,229,32,14.5,,A
538002652,2020-08-19T18:01:16,36.94293,-76.33777,8.6,182.0,183.0,NAIAS,IMO9330800,V7KN8,70,0,225,32,14.0,70,A
367078110,2020-08-19T18:13:02,36.83852,-76.28199,0.0,16.0,511.0,MARCELLE BORDELON,IMO9350379,WDJ2038,79,3,45,11,3.0,79,A
367078110,2020-08-19T17:39:42,36.83852,-76.28199,0.0,87.0,511.0,MARCELLE BORDELON,IMO9350379,WDJ2038,79,3,45,11,3.0,79,A
211839000,2020-08-19T17:37:41,36.90659,-76.32678,0.0,352.0,352.0,CHICAGO EXPRESS,IMO9295268,DCUJ2,70,5,336,42,14.6,79,A
367821000,2020-08-19T18:14:18,36.97282,-76.43367,0.0,0.0,511.0,YANO,IMO7825409,NAQH,70,0,276,32,13.0,70,A
367078110,2020-08-19T18:14:32,36.83852,-76.28200,0.0,222.0,511.0,MARCELLE BORDELON,IMO9350379,WDJ2038,79,3,45,11,3.0,79,A
305855000,2020-08-19T18:14:49,36.86424,-76.31476,0.0,305.8,226.0,BBC PEARL,IMO9504786,V2FY8,70,5,153,23,9.1,70,A
367932000,2020-08-19T18:14:17,36.94912,-76.32970,0.0,107.0,279.0,JOHN LENTHALL,IMO8325547,NJLN,80,5,193,29,,,A
367861000,2020-08-19T18:15:00,36.94634,-76.32988,0.0,0.0,265.0,LARAMIE,IMO8906626,NLAR,80,5,193,29,,,A
367078110,2020-08-19T18:08:13,36.83851,-76.28200,0.0,168.0,511.0,MARCELLE BORDELON,IMO9350379,WDJ2038,79,3,45,11,3.0,79,A
305855000,2020-08-19T18:02:49,36.86427,-76.31477,0.0,264.7,226.0,BBC PEARL,IMO9504786,V2FY8,70,5,153,23,9.1,70,A
368026000,2020-08-19T18:03:21,36.86574,-76.31603,0.0,270.5,2.0,BENAVIDEZ,IMO9218210,NBHG,70,5,289,32,10.9,70,A
215677000,2020-08-19T18:02:59,37.23503,-76.11687,0.1,205.8,346.0,RIZE,IMO9584035,9HA2781,70,1,229,32,14.5,,A
367078110,2020-08-19T17:42:22,36.83852,-76.28199,0.0,78.0,511.0,MARCELLE BORDELON,IMO9350379,WDJ2038,79,3,45,11,3.0,79,A
367822000,2020-08-19T18:08:56,36.97308,-76.43385,0.0,0.0,238.0,USNS SHUGHART,IMO7825394,NAOQ,70,5,276,32,13.0,70,A
211839000,2020-08-19T17:40:41,36.90659,-76.32673,0.0,353.0,353.0,CHICAGO EXPRESS,IMO9295268,DCUJ2,70,5,336,42,14.6,79,A
367078110,2020-08-19T17:43:23,36.83852,-76.28199,0.0,197.0,511.0,MARCELLE BORDELON,IMO9350379,WDJ2038,79,3,45,11,3.0,79,A
538002652,2020-08-19T17:41:25,36.98305,-76.32610,5.0,222.0,225.0,NAIAS,IMO9330800,V7KN8,70,0,225,32,14.0,70,A
366839000,2020-08-19T18:10:01,36.85345,-76.31087,0.0,0.0,39.0,CAPE RISE,IMO7530808,KAFG,70,5,197,32,10.0,,A
367932000,2020-08-19T17:41:16,36.94910,-76.32976,0.0,107.0,279.0,JOHN LENTHALL,IMO8325547,NJLN,80,5,193,29,,,A
367821000,2020-08-19T17:43:17,36.97283,-76.43366,0.0,0.0,511.0,YANO,IMO7825409,NAQH,70,0,276,32,13.0,70,A
367078110,2020-08-19T18:10:42,36.83852,-76.28199,0.0,205.0,511.0,MARCELLE BORDELON,IMO9350379,WDJ2038,79,3,45,11,3.0,79,A
367078110,2020-08-19T18:17:43,36.83852,-76.28199,0.0,234.0,511.0,MARCELLE BORDELON,IMO9350379,WDJ2038,79,3,45,11,3.0,79,A
538002652,2020-08-19T18:11:46,36.91685,-76.33975,8.8,179.0,173.0,NAIAS,IMO9330800,V7KN8,70,0,225,32,14.0,70,A
538006982,2020-08-19T18:11:53,37.20410,-76.12296,0.3,278.4,330.0,ANTE TOPIC,IMO9737072,V7TR4,70,1,,,,,A
367821000,2020-08-19T18:06:08,36.97281,-76.43367,0.0,0.0,511.0,YANO,IMO7825409,NAQH,70,0,276,32,13.0,70,A
367861000,2020-08-19T18:18:01,36.94631,-76.32984,0.0,0.0,265.0,LARAMIE,IMO8906626,NLAR,80,5,193,29,,,A
367861000,2020-08-19T18:12:00,36.94635,-76.32979,0.0,0.0,265.0,LARAMIE,IMO8906626,NLAR,80,5,193,29,,,A
366839000,2020-08-19T18:13:04,36.85350,-76.31081,0.0,0.0,39.0,CAPE RISE,IMO7530808,KAFG,70,5,197,32,10.0,,A
367932000,2020-08-19T18:11:16,36.94908,-76.32972,0.0,107.0,279.0,JOHN LENTHALL,IMO8325547,NJLN,80,5,193,29,,,A
538006982,2020-08-19T18:05:53,37.20376,-76.12306,0.2,17.5,359.0,ANTE TOPIC,IMO9737072,V7TR4,70,1,,,,,A
367822000,2020-08-19T17:44:55,36.97312,-76.43385,0.0,0.0,238.0,USNS SHUGHART,IMO7825394,NAOQ,70,5,276,32,13.0,70,A
367078110,2020-08-19T18:20:42,36.83852,-76.28199,0.0,80.0,511.0,MARCELLE BORDELON,IMO9350379,WDJ2038,79,3,45,11,3.0,79,A
367078110,2020-08-19T18:07:02,36.83851,-76.28200,0.0,146.0,511.0,MARCELLE BORDELON,IMO9350379,WDJ2038,79,3,45,11,3.0,79,A
211839000,2020-08-19T18:07:54,36.90658,-76.32676,0.0,352.0,352.0,CHICAGO EXPRESS,IMO9295268,DCUJ2,70,5,336,42,14.6,79,A
367078110,2020-08-19T18:21:53,36.83851,-76.28200,0.0,301.0,511.0,MARCELLE BORDELON,IMO9350379,WDJ2038,79,3,45,11,3.0,79,A
367821000,2020-08-19T18:15:48,36.97281,-76.43366,0.0,0.0,511.0,YANO,IMO7825409,NAQH,70,0,276,32,13.0,70,A
538002652,2020-08-19T18:15:36,36.90753,-76.33807,8.5,172.0,172.0,NAIAS,IMO9330800,V7KN8,70,0,225,32,14.0,70,A
367078110,2020-08-19T18:15:33,36.83854,-76.28199,0.0,208.0,511.0,MARCELLE BORDELON,IMO9350379,WDJ2038,79,3,45,11,3.0,79,A
368026000,2020-08-19T18:15:21,36.86577,-76.31602,0.0,270.5,2.0,BENAVIDEZ,IMO9218210,NBHG,70,5,289,32,10.9,70,A
538002652,2020-08-19T18:21:36,36.89528,-76.33608,6.6,173.0,175.0,NAIAS,IMO9330800,V7KN8,70,0,225,32,14.0,70,A
538002652,2020-08-19T18:08:25,36.92520,-76.33908,8.9,183.0,184.0,NAIAS,IMO9330800,V7KN8,70,0,225,32,14.0,70,A
477196100,2020-08-19T18:09:47,37.19377,-76.13412,0.1,267.8,348.0,DARYA MA,IMO9591674,VRJH5,70,1,229,32,14.5,,A
477196100,2020-08-19T18:18:47,37.19379,-76.13414,0.1,267.8,348.0,DARYA MA,IMO9591674,VRJH5,70,1,229,32,14.5,,A
367822000,2020-08-19T18:23:55,36.97310,-76.43384,0.0,0.0,238.0,USNS SHUGHART,IMO7825394,NAOQ,70,5,276,32,13.0,70,A
367821000,2020-08-19T18:18:07,36.97281,-76.43366,0.0,0.0,511.0,YANO,IMO7825409,NAQH,70,0,276,32,13.0,70,A
215677000,2020-08-19T18:18:03,37.23505,-76.11692,0.1,205.8,342.0,RIZE,IMO9584035,9HA2781,70,1,229,32,14.5,,A
538002652,2020-08-19T18:23:56,36.89135,-76.33562,5.6,174.0,175.0,NAIAS,IMO9330800,V7KN8,70,0,225,32,14.0,70,A
211839000,2020-08-19T18:19:58,36.90663,-76.32674,0.0,352.0,352.0,CHICAGO EXPRESS,IMO9295268,DCUJ2,70,5,336,42,14.6,79,A
367821000,2020-08-19T18:24:57,36.97281,-76.43366,0.0,0.0,511.0,YANO,IMO7825409,NAQH,70,0,276,32,13.0,70,A
367821000,2020-08-19T18:09:38,36.97281,-76.43367,0.0,0.0,511.0,YANO,IMO7825409,NAQH,70,0,276,32,13.0,70,A
367078110,2020-08-19T18:26:13,36.83852,-76.28199,0.0,223.0,511.0,MARCELLE BORDELON,IMO9350379,WDJ2038,79,3,45,11,3.0,79,A
538002652,2020-08-19T18:26:26,36.88800,-76.33515,4.3,173.0,175.0,NAIAS,IMO9330800,V7KN8,70,0,225,32,14.0,70,A
305855000,2020-08-19T18:20:47,36.86428,-76.31475,0.0,264.1,226.0,BBC PEARL,IMO9504786,V2FY8,70,5,153,23,9.1,70,A
538006982,2020-08-19T18:20:53,37.20361,-76.12403,0.1,270.0,2.0,ANTE TOPIC,IMO9737072,V7TR4,70,1,,,,,A
367822000,2020-08-19T18:20:54,36.97309,-76.43384,0.0,0.0,238.0,USNS SHUGHART,IMO7825394,NAOQ,70,5,276,32,13.0,70,A
538002652,2020-08-19T18:22:45,36.89327,-76.33585,6.1,173.0,175.0,NAIAS,IMO9330800,V7KN8,70,0,225,32,14.0,70,A
215677000,2020-08-19T17:50:57,37.23510,-76.11669,0.0,205.8,344.0,RIZE,IMO9584035,9HA2781,70,1,229,32,14.5,,A
538006982,2020-08-19T18:26:53,37.20367,-76.12375,0.1,87.8,355.0,ANTE TOPIC,IMO9737072,V7TR4,70,1,,,,,A
305855000,2020-08-19T17:50:48,36.86427,-76.31475,0.0,311.9,226.0,BBC PEARL,IMO9504786,V2FY8,70,5,153,23,9.1,70,A
367078110,2020-08-19T18:27:33,36.83852,-76.28199,0.0,341.0,511.0,MARCELLE BORDELON,IMO9350379,WDJ2038,79,3,45,11,3.0,79,A
367861000,2020-08-19T17:51:01,36.94640,-76.32971,0.0,0.0,265.0,LARAMIE,IMO8906626,NLAR,80,5,193,29,,,A
366839000,2020-08-19T18:22:05,36.85347,-76.31084,0.0,0.0,40.0,CAPE RISE,IMO7530808,KAFG,70,5,197,32,10.0,,A
538002652,2020-08-19T18:10:36,36.91980,-76.33960,9.0,185.0,183.0,NAIAS,IMO9330800,V7KN8,70,0,225,32,14.0,70,A
477196100,2020-08-19T18:21:48,37.19381,-76.13419,0.1,267.8,349.0,DARYA MA,IMO9591674,VRJH5,70,1,229,32,14.5,,A
211839000,2020-08-19T18:23:03,36.90656,-76.32675,0.0,352.0,352.0,CHICAGO EXPRESS,IMO9295268,DCUJ2,70,5,336,42,14.6,79,A
367078110,2020-08-19T18:28:42,36.83852,-76.28199,0.0,293.0,511.0,MARCELLE BORDELON,IMO9350379,WDJ2038,79,3,45,11,3.0,79,A
367932000,2020-08-19T18:29:16,36.94914,-76.32961,0.0,107.0,279.0,JOHN LENTHALL,IMO8325547,NJLN,80,5,193,29,,,A
368026000,2020-08-19T18:24:21,36.86575,-76.31604,0.0,270.5,2.0,BENAVIDEZ,IMO9218210,NBHG,70,5,289,32,10.9,70,A
367822000,2020-08-19T17:53:56,36.97312,-76.43385,0.0,0.0,238.0,USNS SHUGHART,IMO7825394,NAOQ,70,5,276,32,13.0,70,A
366839000,2020-08-19T18:25:01,36.85351,-76.31081,0.0,0.0,40.0,CAPE RISE,IMO7530808,KAFG,70,5,197,32,10.0,,A
367821000,2020-08-19T18:29:38,36.97281,-76.43366,0.0,0.0,511.0,YANO,IMO7825409,NAQH,70,0,276,32,13.0,70,A
367932000,2020-08-19T18:26:16,36.94911,-76.32969,0.0,107.0,279.0,JOHN LENTHALL,IMO8325547,NJLN,80,5,193,29,,,A
367821000,2020-08-19T18:23:48,36.97281,-76.43366,0.0,0.0,511.0,YANO,IMO7825409,NAQH,70,0,276,32,13.0,70,A
538006982,2020-08-19T18:29:53,37.20396,-76.12383,0.6,345.6,357.0,ANTE TOPIC,IMO9737072,V7TR4,70,1,,,,,A
366839000,2020-08-19T18:30:57,36.85347,-76.31081,0.0,0.0,40.0,CAPE RISE,IMO7530808,KAFG,70,5,197,32,10.0,,A
477196100,2020-08-19T17:54:48,37.19379,-76.13413,0.1,267.8,351.0,DARYA MA,IMO9591674,VRJH5,70,1,229,32,14.5,,A
477196100,2020-08-19T18:24:49,37.19381,-76.13428,0.1,267.8,350.0,DARYA MA,IMO9591674,VRJH5,70,1,229,32,14.5,,A
211839000,2020-08-19T18:13:55,36.90658,-76.32673,0.0,352.0,352.0,CHICAGO EXPRESS,IMO9295268,DCUJ2,70,5,336,42,14.6,79,A
367821000,2020-08-19T18:30:47,36.97281,-76.43366,0.0,0.0,511.0,YANO,IMO7825409,NAQH,70,0,276,32,13.0,70,A
538006982,2020-08-19T18:14:53,37.20392,-76.12337,0.6,234.0,330.0,ANTE TOPIC,IMO9737072,V7TR4,70,1,,,,,A
215677000,2020-08-19T18:15:02,37.23505,-76.11683,0.1,205.8,341.0,RIZE,IMO9584035,9HA2781,70,1,229,32,14.5,,A
538002652,2020-08-19T18:17:56,36.90243,-76.33707,7.5,173.0,175.0,NAIAS,IMO9330800,V7KN8,70,0,225,32,14.0,70,A
367822000,2020-08-19T18:26:55,36.97310,-76.43384,0.0,0.0,238.0,USNS SHUGHART,IMO7825394,NAOQ,70,5,276,32,13.0,70,A
477196100,2020-08-19T18:15:46,37.19377,-76.13411,0.0,267.8,349.0,DARYA MA,IMO9591674,VRJH5,70,1,229,32,14.5,,A
538002652,2020-08-19T18:29:25,36.88480,-76.33453,3.4,170.0,174.0,NAIAS,IMO9330800,V7KN8,70,0,225,32,14.0,70,A
366839000,2020-08-19T18:16:03,36.85348,-76.31083,0.0,0.0,40.0,CAPE RISE,IMO7530808,KAFG,70,5,197,32,10.0,,A
477196100,2020-08-19T17:57:47,37.19379,-76.13407,0.0,267.8,351.0,DARYA MA,IMO9591674,VRJH5,70,1,229,32,14.5,,A
305855000,2020-08-19T18:26:47,36.86425,-76.31477,0.0,255.7,226.0,BBC PEARL,IMO9504786,V2FY8,70,5,153,23,9.1,70,A
368026000,2020-08-19T18:27:21,36.86576,-76.31602,0.0,270.5,2.0,BENAVIDEZ,IMO9218210,NBHG,70,5,289,32,10.9,70,A
538002652,2020-08-19T18:16:45,36.90485,-76.33743,8.1,168.0,174.0,NAIAS,IMO9330800,V7KN8,70,0,225,32,14.0,70,A
367078110,2020-08-19T18:29:52,36.83853,-76.28199,0.0,331.0,511.0,MARCELLE BORDELON,IMO9350379,WDJ2038,79,3,45,11,3.0,79,A
367078110,2020-08-19T18:18:53,36.83852,-76.28199,0.0,221.0,511.0,MARCELLE BORDELON,IMO9350379,WDJ2038,79,3,45,11,3.0,79,A
538006982,2020-08-19T17:59:53,37.20365,-76.12315,0.0,41.5,358.0,ANTE TOPIC,IMO9737072,V7TR4,70,1,,,,,A
367861000,2020-08-19T18:00:01,36.94638,-76.32984,0.0,0.0,265.0,LARAMIE,IMO8906626,NLAR,80,5,193,29,,,A
366839000,2020-08-19T18:34:06,36.85348,-76.31087,0.0,0.0,40.0,CAPE RISE,IMO7530808,KAFG,70,5,197,32,10.0,,A
538002652,2020-08-19T18:19:25,36.89930,-76.33663,7.1,173.0,175.0,NAIAS,IMO9330800,V7KN8,70,0,225,32,14.0,70,A
367078110,2020-08-19T18:35:02,36.83854,-76.28199,0.0,52.0,511.0,MARCELLE BORDELON,IMO9350379,WDJ2038,79,3,45,11,3.0,79,A
366839000,2020-08-19T18:01:00,36.85347,-76.31083,0.0,0.0,39.0,CAPE RISE,IMO7530808,KAFG,70,5,197,32,10.0,,A
538002652,2020-08-19T18:20:26,36.89738,-76.33640,6.9,173.0,175.0,NAIAS,IMO9330800,V7KN8,70,0,225,32,14.0,70,A
538002652,2020-08-19T18:31:45,36.88285,-76.33412,2.6,168.0,173.0,NAIAS,IMO9330800,V7KN8,70,0,225,32,14.0,70,A
367861000,2020-08-19T18:36:00,36.94633,-76.32989,0.0,0.0,265.0,LARAMIE,IMO8906626,NLAR,80,5,193,29,,,A
305855000,2020-08-19T18:32:49,36.86427,-76.31475,0.0,249.9,226.0,BBC PEARL,IMO9504786,V2FY8,70,5,153,23,9.1,70,A
305855000,2020-08-19T18:35:48,36.86425,-76.31478,0.0,230.4,226.0,BBC PEARL,IMO9504786,V2FY8,70,5,153,23,9.1,70,A
373124000,2020-08-19T18:33:11,37.04306,-76.07110,15.3,322.9,322.0,MSC IMMACOLATA,IMO9463205,3FLQ2,70,0,199,32,11.2,,A
538002652,2020-08-19T18:36:22,36.88132,-76.33255,1.8,106.0,230.0,NAIAS,IMO9330800,V7KN8,70,0,225,32,14.0,70,A
367821000,2020-08-19T18:36:38,36.97281,-76.43366,0.0,0.0,511.0,YANO,IMO7825409,NAQH,70,0,276,32,13.0,70,A
367078110,2020-08-19T18:37:22,36.83853,-76.28199,0.0,40.0,511.0,MARCELLE BORDELON,IMO9350379,WDJ2038,79,3,45,11,3.0,79,A
367078110,2020-08-19T18:33:53,36.83854,-76.28199,0.0,322.0,511.0,MARCELLE BORDELON,IMO9350379,WDJ2038,79,3,45,11,3.0,79,A
215677000,2020-08-19T18:36:05,37.23501,-76.11713,0.1,205.8,346.0,RIZE,IMO9584035,9HA2781,70,1,229,32,14.5,,A
367932000,2020-08-19T18:02:18,36.94912,-76.32966,0.0,107.0,279.0,JOHN LENTHALL,IMO8325547,NJLN,80,5,193,29,,,A
367078110,2020-08-19T18:31:03,36.83853,-76.28199,0.0,242.0,511.0,MARCELLE BORDELON,IMO9350379,WDJ2038,79,3,45,11,3.0,79,A
366839000,2020-08-19T18:37:01,36.85347,-76.31079,0.0,0.0,39.0,CAPE RISE,IMO7530808,KAFG,70,5,197,32,10.0,,A
215677000,2020-08-19T18:33:00,37.23502,-76.11706,0.1,205.8,344.0,RIZE,IMO9584035,9HA2781,70,1,229,32,14.5,,A
367078110,2020-08-19T18:23:03,36.83852,-76.28199,0.0,280.0,511.0,MARCELLE BORDELON,IMO9350379,WDJ2038,79,3,45,11,3.0,79,A
367861000,2020-08-19T18:33:00,36.94632,-76.32990,0.0,0.0,265.0,LARAMIE,IMO8906626,NLAR,80,5,193,29,,,A
367861000,2020-08-19T18:24:01,36.94635,-76.32990,0.0,0.0,265.0,LARAMIE,IMO8906626,NLAR,80,5,193,29,,,A
367932000,2020-08-19T18:32:17,36.94919,-76.32958,0.0,107.0,279.0,JOHN LENTHALL,IMO8325547,NJLN,80,5,193,29,,,A
538002652,2020-08-19T18:40:16,36.88058,-76.33068,1.5,106.0,286.0,NAIAS,IMO9330800,V7KN8,70,0,225,32,14.0,70,A
538002652,2020-08-19T18:25:16,36.88945,-76.33535,4.9,174.0,175.0,NAIAS,IMO9330800,V7KN8,70,0,225,32,14.0,70,A
373124000,2020-08-19T18:34:17,37.04668,-76.07461,14.9,321.6,323.0,MSC IMMACOLATA,IMO9463205,3FLQ2,70,0,199,32,11.2,,A
368026000,2020-08-19T18:39:21,36.86576,-76.31603,0.0,270.5,2.0,BENAVIDEZ,IMO9218210,NBHG,70,5,289,32,10.9,70,A
215677000,2020-08-19T18:24:02,37.23502,-76.11700,0.0,205.8,344.0,RIZE,IMO9584035,9HA2781,70,1,229,32,14.5,,A
373124000,2020-08-19T18:35:23,37.05036,-76.07806,15.1,323.8,323.0,MSC IMMACOLATA,IMO9463205,3FLQ2,70,0,199,32,11.2,,A
477196100,2020-08-19T18:42:49,37.19379,-76.13436,0.0,267.8,355.0,DARYA MA,IMO9591674,VRJH5,70,1,229,32,14.5,,A
538002652,2020-08-19T18:41:26,36.88042,-76.33008,1.5,109.0,285.0,NAIAS,IMO9330800,V7KN8,70,0,225,32,14.0,70,A
367861000,2020-08-19T18:06:00,36.94636,-76.32981,0.0,0.0,265.0,LARAMIE,IMO8906626,NLAR,80,5,193,29,,,A
368026000,2020-08-19T18:36:21,36.86575,-76.31604,0.0,270.5,2.0,BENAVIDEZ,IMO9218210,NBHG,70,5,289,32,10.9,70,A
215677000,2020-08-19T18:06:03,37.23504,-76.11686,0.1,205.8,345.0,RIZE,IMO9584035,9HA2781,70,1,229,32,14.5,,A
538002652,2020-08-19T18:44:36,36.88002,-76.32852,1.5,110.0,284.0,NAIAS,IMO9330800,V7KN8,70,0,225,32,14.0,70,A
373124000,2020-08-19T18:43:47,37.07995,-76.10267,15.2,329.3,330.0,MSC IMMACOLATA,IMO9463205,3FLQ2,70,0,199,32,11.2,,A
215677000,2020-08-19T18:26:57,37.23504,-76.11699,0.1,205.8,344.0,RIZE,IMO9584035,9HA2781,70,1,229,32,14.5,,A
367822000,2020-08-19T18:35:56,36.97310,-76.43385,0.0,0.0,238.0,USNS SHUGHART,IMO7825394,NAOQ,70,5,276,32,13.0,70,A
367821000,2020-08-19T18:43:57,36.97281,-76.43365,0.0,0.0,511.0,YANO,IMO7825409,NAQH,70,0,276,32,13.0,70,A
367821000,2020-08-19T18:27:18,36.97281,-76.43366,0.0,0.0,511.0,YANO,IMO7825409,NAQH,70,0,276,32,13.0,70,A
367078110,2020-08-19T18:36:12,36.83853,-76.28199,0.0,27.0,511.0,MARCELLE BORDELON,IMO9350379,WDJ2038,79,3,45,11,3.0,79,A
211839000,2020-08-19T18:29:05,36.90643,-76.32679,0.0,352.0,352.0,CHICAGO EXPRESS,IMO9295268,DCUJ2,70,5,336,42,14.6,79,A
367932000,2020-08-19T18:44:18,36.94915,-76.32948,0.0,107.0,279.0,JOHN LENTHALL,IMO8325547,NJLN,80,5,193,29,,,A
367821000,2020-08-19T18:42:48,36.97281,-76.43366,0.0,0.0,511.0,YANO,IMO7825409,NAQH,70,0,276,32,13.0,70,A
538006982,2020-08-19T18:48:19,37.18600,-76.11842,12.7,180.0,182.0,ANTE TOPIC,IMO9737072,V7TR4,70,0,,,,,A
538006982,2020-08-19T18:08:53,37.20392,-76.12292,0.3,32.9,350.0,ANTE TOPIC,IMO9737072,V7TR4,70,1,,,,,A
366839000,2020-08-19T18:28:06,36.85347,-76.31082,0.0,0.0,40.0,CAPE RISE,IMO7530808,KAFG,70,5,197,32,10.0,,A
373124000,2020-08-19T18:45:53,37.08758,-76.10828,15.3,329.1,329.0,MSC IMMACOLATA,IMO9463205,3FLQ2,70,0,199,32,11.2,,A
367078110,2020-08-19T18:38:32,36.83854,-76.28199,0.0,141.0,511.0,MARCELLE BORDELON,IMO9350379,WDJ2038,79,3,45,11,3.0,79,A
367078110,2020-08-19T18:45:22,36.83854,-76.28199,0.0,67.0,511.0,MARCELLE BORDELON,IMO9350379,WDJ2038,79,3,45,11,3.0,79,A
367932000,2020-08-19T18:38:17,36.94916,-76.32964,0.0,107.0,279.0,JOHN LENTHALL,IMO8325547,NJLN,80,5,193,29,,,A
373124000,2020-08-19T18:31:41,37.03804,-76.06643,15.2,321.9,323.0,MSC IMMACOLATA,IMO9463205,3FLQ2,70,0,199,32,11.2,,A
367821000,2020-08-19T18:48:37,36.97287,-76.43369,0.0,0.0,511.0,YANO,IMO7825409,NAQH,70,0,276,32,13.0,70,A
367861000,2020-08-19T18:29:59,36.94635,-76.32989,0.0,0.0,265.0,LARAMIE,IMO8906626,NLAR,80,5,193,29,,,A
367861000,2020-08-19T18:09:00,36.94632,-76.32978,0.0,0.0,265.0,LARAMIE,IMO8906626,NLAR,80,5,193,29,,,A
367821000,2020-08-19T18:46:28,36.97289,-76.43371,0.0,0.0,511.0,YANO,IMO7825409,NAQH,70,0,276,32,13.0,70,A
367078110,2020-08-19T18:39:53,36.83854,-76.28199,0.0,283.0,511.0,MARCELLE BORDELON,IMO9350379,WDJ2038,79,3,45,11,3.0,79,A
538006982,2020-08-19T18:45:30,37.19540,-76.11842,10.8,180.5,182.0,ANTE TOPIC,IMO9737072,V7TR4,70,0,,,,,A
538006982,2020-08-19T18:49:30,37.18177,-76.11844,13.1,180.1,182.0,ANTE TOPIC,IMO9737072,V7TR4,70,0,,,,,A
305855000,2020-08-19T18:47:45,36.86427,-76.31476,0.0,227.4,226.0,BBC PEARL,IMO9504786,V2FY8,70,5,153,23,9.1,70,A
305855000,2020-08-19T18:29:48,36.86427,-76.31476,0.0,252.8,226.0,BBC PEARL,IMO9504786,V2FY8,70,5,153,23,9.1,70,A
368026000,2020-08-19T18:30:22,36.86574,-76.31605,0.0,270.5,2.0,BENAVIDEZ,IMO9218210,NBHG,70,5,289,32,10.9,70,A
215677000,2020-08-19T18:45:01,37.23502,-76.11720,0.0,205.8,348.0,RIZE,IMO9584035,9HA2781,70,1,229,32,14.5,,A
367078110,2020-08-19T18:41:32,36.83854,-76.28199,0.0,256.0,511.0,MARCELLE BORDELON,IMO9350379,WDJ2038,79,3,45,11,3.0,79,A
211839000,2020-08-19T18:47:12,36.90658,-76.32674,0.0,352.0,352.0,CHICAGO EXPRESS,IMO9295268,DCUJ2,70,5,336,42,14.6,79,A
215677000,2020-08-19T18:42:05,37.23502,-76.11720,0.0,205.8,348.0,RIZE,IMO9584035,9HA2781,70,1,229,32,14.5,,A
211839000,2020-08-19T18:50:11,36.90660,-76.32676,0.0,352.0,352.0,CHICAGO EXPRESS,IMO9295268,DCUJ2,70,5,336,42,14.6,79,A
373124000,2020-08-19T18:52:59,37.11389,-76.12709,15.3,329.9,331.0,MSC IMMACOLATA,IMO9463205,3FLQ2,70,0,199,32,11.2,,A
538006982,2020-08-19T18:43:30,37.20085,-76.11844,8.0,179.2,182.0,ANTE TOPIC,IMO9737072,V7TR4,70,0,,,,,A
367078110,2020-08-19T18:11:52,36.83852,-76.28199,0.0,303.0,511.0,MARCELLE BORDELON,IMO9350379,WDJ2038,79,3,45,11,3.0,79,A
367861000,2020-08-19T18:42:01,36.94636,-76.32990,0.0,0.0,265.0,LARAMIE,IMO8906626,NLAR,80,5,193,29,,,A
367821000,2020-08-19T18:41:38,36.97281,-76.43366,0.0,0.0,511.0,YANO,IMO7825409,NAQH,70,0,276,32,13.0,70,A
538002652,2020-08-19T18:42:36,36.88028,-76.32950,1.5,105.0,282.0,NAIAS,IMO9330800,V7KN8,70,0,225,32,14.0,70,A
367078110,2020-08-19T18:42:53,36.83854,-76.28199,0.0,348.0,511.0,MARCELLE BORDELON,IMO9350379,WDJ2038,79,3,45,11,3.0,79,A
367822000,2020-08-19T18:32:55,36.97309,-76.43385,0.0,0.0,238.0,USNS SHUGHART,IMO7825394,NAOQ,70,5,276,32,13.0,70,A
366839000,2020-08-19T18:43:02,36.85349,-76.31082,0.0,0.0,39.0,CAPE RISE,IMO7530808,KAFG,70,5,197,32,10.0,,A
366839000,2020-08-19T18:49:02,36.85348,-76.31083,0.0,0.0,39.0,CAPE RISE,IMO7530808,KAFG,70,5,197,32,10.0,,A
477196100,2020-08-19T18:48:47,37.19382,-76.13441,0.1,267.8,354.0,DARYA MA,IMO9591674,VRJH5,70,1,229,32,14.5,,A
367821000,2020-08-19T18:35:18,36.97281,-76.43366,0.0,0.0,511.0,YANO,IMO7825409,NAQH,70,0,276,32,13.0,70,A
477196100,2020-08-19T18:33:47,37.19380,-76.13449,0.1,267.8,357.0,DARYA MA,IMO9591674,VRJH5,70,1,229,32,14.5,,A
368026000,2020-08-19T18:45:20,36.86574,-76.31605,0.0,270.5,2.0,BENAVIDEZ,IMO9218210,NBHG,70,5,289,32,10.9,70,A
538002652,2020-08-19T18:54:36,36.87947,-76.32650,0.0,184.0,276.0,NAIAS,IMO9330800,V7KN8,70,0,225,32,14.0,70,A
367822000,2020-08-19T18:50:56,36.97309,-76.43386,0.0,0.0,238.0,USNS SHUGHART,IMO7825394,NAOQ,70,5,276,32,13.0,70,A
538006982,2020-08-19T18:35:53,37.20513,-76.12403,1.4,4.1,29.0,ANTE TOPIC,IMO9737072,V7TR4,70,1,,,,,A
538006982,2020-08-19T18:53:59,37.16503,-76.11847,13.5,180.4,182.0,ANTE TOPIC,IMO9737072,V7TR4,70,0,,,,,A
367932000,2020-08-19T18:35:17,36.94917,-76.32963,0.0,107.0,279.0,JOHN LENTHALL,IMO8325547,NJLN,80,5,193,29,,,A
367078110,2020-08-19T18:48:02,36.83853,-76.28199,0.0,31.0,511.0,MARCELLE BORDELON,IMO9350379,WDJ2038,79,3,45,11,3.0,79,A
373124000,2020-08-19T18:49:35,37.10131,-76.11808,15.3,329.9,330.0,MSC IMMACOLATA,IMO9463205,3FLQ2,70,0,199,32,11.2,,A
538002652,2020-08-19T18:49:06,36.87967,-76.32682,0.8,103.0,278.0,NAIAS,IMO9330800,V7KN8,70,0,225,32,14.0,70,A
538002652,2020-08-19T18:50:15,36.87962,-76.32665,0.4,109.0,279.0,NAIAS,IMO9330800,V7KN8,70,0,225,32,14.0,70,A
477196100,2020-08-19T18:36:44,37.19379,-76.13446,0.1,267.8,357.0,DARYA MA,IMO9591674,VRJH5,70,1,229,32,14.5,,A
367822000,2020-08-19T18:14:54,36.97309,-76.43384,0.0,0.0,238.0,USNS SHUGHART,IMO7825394,NAOQ,70,5,276,32,13.0,70,A
367078110,2020-08-19T18:49:14,36.83853,-76.28199,0.0,106.0,511.0,MARCELLE BORDELON,IMO9350379,WDJ2038,79,3,45,11,3.0,79,A
373124000,2020-08-19T18:51:29,37.10827,-76.12309,15.3,329.9,331.0,MSC IMMACOLATA,IMO9463205,3FLQ2,70,0,199,32,11.2,,A
367932000,2020-08-19T18:53:16,36.94914,-76.32981,0.0,107.0,279.0,JOHN LENTHALL,IMO8325547,NJLN,80,5,193,29,,,A
538002652,2020-08-19T18:52:06,36.87953,-76.32647,0.2,135.0,277.0,NAIAS,IMO9330800,V7KN8,70,0,225,32,14.0,70,A
538002652,2020-08-19T18:38:12,36.88085,-76.33163,1.4,118.0,278.0,NAIAS,IMO9330800,V7KN8,70,0,225,32,14.0,70,A
367861000,2020-08-19T18:51:00,36.94633,-76.32979,0.0,0.0,265.0,LARAMIE,IMO8906626,NLAR,80,5,193,29,,,A
367861000,2020-08-19T18:54:01,36.94634,-76.32984,0.0,0.0,265.0,LARAMIE,IMO8906626,NLAR,80,5,193,29,,,A
367821000,2020-08-19T18:50:58,36.97286,-76.43367,0.0,0.0,511.0,YANO,IMO7825409,NAQH,70,0,276,32,13.0,70,A
538006982,2020-08-19T18:57:30,37.15175,-76.11884,13.8,182.5,186.0,ANTE TOPIC,IMO9737072,V7TR4,70,0,,,,,A
367822000,2020-08-19T18:38:55,36.97309,-76.43385,0.0,0.0,238.0,USNS SHUGHART,IMO7825394,NAOQ,70,5,276,32,13.0,70,A
367078110,2020-08-19T18:16:42,36.83853,-76.28199,0.0,69.0,511.0,MARCELLE BORDELON,IMO9350379,WDJ2038,79,3,45,11,3.0,79,A
367821000,2020-08-19T18:54:27,36.97285,-76.43367,0.0,0.0,511.0,YANO,IMO7825409,NAQH,70,0,276,32,13.0,70,A
367821000,2020-08-19T18:16:58,36.97281,-76.43366,0.0,0.0,511.0,YANO,IMO7825409,NAQH,70,0,276,32,13.0,70,A
373124000,2020-08-19T18:57:41,37.13130,-76.13924,15.3,330.3,332.0,MSC IMMACOLATA,IMO9463205,3FLQ2,70,0,199,32,11.2,,A
211839000,2020-08-19T18:16:59,36.90669,-76.32670,0.0,352.0,352.0,CHICAGO EXPRESS,IMO9295268,DCUJ2,70,5,336,42,14.6,79,A
305855000,2020-08-19T18:50:46,36.86426,-76.31476,0.0,231.2,226.0,BBC PEARL,IMO9504786,V2FY8,70,5,153,23,9.1,70,A
215677000,2020-08-19T18:39:00,37.23503,-76.11718,0.0,205.8,347.0,RIZE,IMO9584035,9HA2781,70,1,229,32,14.5,,A
211839000,2020-08-19T18:56:16,36.90658,-76.32674,0.0,352.0,352.0,CHICAGO EXPRESS,IMO9295268,DCUJ2,70,5,336,42,14.6,79,A
367078110,2020-08-19T18:54:32,36.83854,-76.28198,0.0,233.0,511.0,MARCELLE BORDELON,IMO9350379,WDJ2038,79,3,45,11,3.0,79,A
305855000,2020-08-19T18:17:48,36.86427,-76.31477,0.0,305.8,226.0,BBC PEARL,IMO9504786,V2FY8,70,5,153,23,9.1,70,A
538006982,2020-08-19T18:17:53,37.20370,-76.12385,0.4,238.3,350.0,ANTE TOPIC,IMO9737072,V7TR4,70,1,,,,,A
368026000,2020-08-19T18:18:22,36.86577,-76.31604,0.0,270.5,2.0,BENAVIDEZ,IMO9218210,NBHG,70,5,289,32,10.9,70,A
367821000,2020-08-19T18:39:18,36.97281,-76.43366,0.0,0.0,511.0,YANO,IMO7825409,NAQH,70,0,276,32,13.0,70,A
367821000,2020-08-19T18:19:08,36.97281,-76.43366,0.0,0.0,511.0,YANO,IMO7825409,NAQH,70,0,276,32,13.0,70,A
538006982,2020-08-19T18:41:30,37.20455,-76.11887,5.5,157.4,174.0,ANTE TOPIC,IMO9737072,V7TR4,70,0,,,,,A
305855000,2020-08-19T18:59:46,36.86427,-76.31476,0.0,220.4,226.0,BBC PEARL,IMO9504786,V2FY8,70,5,153,23,9.1,70,A
366839000,2020-08-19T18:40:06,36.85349,-76.31079,0.0,0.0,39.0,CAPE RISE,IMO7530808,KAFG,70,5,197,32,10.0,,A
366839000,2020-08-19T18:19:03,36.85346,-76.31083,0.0,0.0,40.0,CAPE RISE,IMO7530808,KAFG,70,5,197,32,10.0,,A
211839000,2020-08-19T18:41:09,36.90666,-76.32673,0.0,352.0,352.0,CHICAGO EXPRESS,IMO9295268,DCUJ2,70,5,336,42,14.6,79,A
367078110,2020-08-19T18:59:43,36.83855,-76.28198,0.0,175.0,511.0,MARCELLE BORDELON,IMO9350379,WDJ2038,79,3,45,11,3.0,79,A
367821000,2020-08-19T18:20:18,36.97281,-76.43366,0.0,0.0,511.0,YANO,IMO7825409,NAQH,70,0,276,32,13.0,70,A
367861000,2020-08-19T19:00:00,36.94639,-76.32985,0.0,0.0,265.0,LARAMIE,IMO8906626,NLAR,80,5,193,29,,,A
305855000,2020-08-19T18:56:48,36.86427,-76.31478,0.0,212.9,226.0,BBC PEARL,IMO9504786,V2FY8,70,5,153,23,9.1,70,A
368026000,2020-08-19T19:00:21,36.86577,-76.31604,0.0,270.5,2.0,BENAVIDEZ,IMO9218210,NBHG,70,5,289,32,10.9,70,A
215677000,2020-08-19T18:21:03,37.23501,-76.11697,0.0,205.8,344.0,RIZE,IMO9584035,9HA2781,70,1,229,32,14.5,,A
538002652,2020-08-19T19:00:51,36.87943,-76.32647,0.0,96.0,276.0,NAIAS,IMO9330800,V7KN8,70,5,225,32,14.0,70,A
367932000,2020-08-19T18:20:16,36.94908,-76.32976,0.0,107.0,279.0,JOHN LENTHALL,IMO8325547,NJLN,80,5,193,29,,,A
368026000,2020-08-19T18:21:20,36.86576,-76.31603,0.0,270.5,2.0,BENAVIDEZ,IMO9218210,NBHG,70,5,289,32,10.9,70,A
211839000,2020-08-19T18:44:11,36.90666,-76.32675,0.0,352.0,352.0,CHICAGO EXPRESS,IMO9295268,DCUJ2,70,5,336,42,14.6,79,A
367821000,2020-08-19T18:21:28,36.97281,-76.43366,0.0,0.0,511.0,YANO,IMO7825409,NAQH,70,0,276,32,13.0,70,A
366839000,2020-08-19T19:01:02,36.85349,-76.31081,0.0,0.0,39.0,CAPE RISE,IMO7530808,KAFG,70,5,197,32,10.0,,A
477196100,2020-08-19T19:00:48,37.19378,-76.13444,0.0,267.8,359.0,DARYA MA,IMO9591674,VRJH5,70,1,229,32,14.5,,A
538006982,2020-08-19T19:00:01,37.14219,-76.11938,13.9,182.5,186.0,ANTE TOPIC,IMO9737072,V7TR4,70,0,,,,,A
305855000,2020-08-19T18:44:46,36.86427,-76.31477,0.0,230.7,226.0,BBC PEARL,IMO9504786,V2FY8,70,5,153,23,9.1,70,A
215677000,2020-08-19T18:57:00,37.23507,-76.11729,0.1,205.8,348.0,RIZE,IMO9584035,9HA2781,70,1,229,32,14.5,,A
366839000,2020-08-19T18:57:57,36.85347,-76.31082,0.0,0.0,39.0,CAPE RISE,IMO7530808,KAFG,70,5,197,32,10.0,,A
367078110,2020-08-19T18:58:34,36.83854,-76.28198,0.0,230.0,511.0,MARCELLE BORDELON,IMO9350379,WDJ2038,79,3,45,11,3.0,79,A
538006982,2020-08-19T18:58:39,37.14737,-76.11910,13.8,182.5,186.0,ANTE TOPIC,IMO9737072,V7TR4,70,0,,,,,A
211839000,2020-08-19T19:02:16,36.90655,-76.32674,0.0,352.0,352.0,CHICAGO EXPRESS,IMO9295268,DCUJ2,70,5,336,42,14.6,79,A
367932000,2020-08-19T18:47:17,36.94915,-76.32960,0.0,107.0,279.0,JOHN LENTHALL,IMO8325547,NJLN,80,5,193,29,,,A
367078110,2020-08-19T19:02:33,36.83855,-76.28199,0.0,293.0,511.0,MARCELLE BORDELON,IMO9350379,WDJ2038,79,3,45,11,3.0,79,A
538006982,2020-08-19T18:23:53,37.20368,-76.12395,0.1,92.3,2.0,ANTE TOPIC,IMO9737072,V7TR4,70,1,,,,,A
373124000,2020-08-19T19:03:17,37.15343,-76.14917,15.0,350.9,350.0,MSC IMMACOLATA,IMO9463205,3FLQ2,70,0,199,32,11.2,,A
367078110,2020-08-19T19:03:34,36.83855,-76.28198,0.0,181.0,511.0,MARCELLE BORDELON,IMO9350379,WDJ2038,79,3,45,11,3.0,79,A
367821000,2020-08-19T19:03:38,36.97283,-76.43369,0.0,0.0,511.0,YANO,IMO7825409,NAQH,70,0,276,32,13.0,70,A
367078110,2020-08-19T18:51:32,36.83854,-76.28198,0.0,241.0,511.0,MARCELLE BORDELON,IMO9350379,WDJ2038,79,3,45,11,3.0,79,A
538006982,2020-08-19T19:03:15,37.12946,-76.12007,14.6,181.9,185.0,ANTE TOPIC,IMO9737072,V7TR4,70,0,,,,,A
367861000,2020-08-19T18:27:01,36.94632,-76.32984,0.0,0.0,265.0,LARAMIE,IMO8906626,NLAR,80,5,193,29,,,A
538006982,2020-08-19T19:05:27,37.12041,-76.11962,15.0,169.8,165.0,ANTE TOPIC,IMO9737072,V7TR4,70,0,,,,,A
477196100,2020-08-19T18:27:49,37.19380,-76.13439,0.1,267.8,353.0,DARYA MA,IMO9591674,VRJH5,70,1,229,32,14.5,,A
538002652,2020-08-19T18:28:06,36.88608,-76.33482,3.8,170.0,173.0,NAIAS,IMO9330800,V7KN8,70,0,225,32,14.0,70,A
368026000,2020-08-19T19:06:21,36.86575,-76.31606,0.0,270.5,2.0,BENAVIDEZ,IMO9218210,NBHG,70,5,289,32,10.9,70,A
367822000,2020-08-19T18:47:54,36.97309,-76.43386,0.0,0.0,238.0,USNS SHUGHART,IMO7825394,NAOQ,70,5,276,32,13.0,70,A
367861000,2020-08-19T18:48:00,36.94634,-76.32979,0.0,0.0,265.0,LARAMIE,IMO8906626,NLAR,80,5,193,29,,,A
367821000,2020-08-19T19:05:58,36.97282,-76.43369,0.0,0.0,511.0,YANO,IMO7825409,NAQH,70,0,276,32,13.0,70,A
373124000,2020-08-19T19:06:35,37.16704,-76.15180,15.0,352.4,353.0,MSC IMMACOLATA,IMO9463205,3FLQ2,70,0,199,32,11.2,,A
367821000,2020-08-19T18:28:27,36.97281,-76.43366,0.0,0.0,511.0,YANO,IMO7825409,NAQH,70,0,276,32,13.0,70,A
367821000,2020-08-19T18:53:17,36.97285,-76.43367,0.0,0.0,511.0,YANO,IMO7825409,NAQH,70,0,276,32,13.0,70,A
367821000,2020-08-19T19:02:27,36.97283,-76.43369,0.0,0.0,511.0,YANO,IMO7825409,NAQH,70,0,276,32,13.0,70,A
367078110,2020-08-19T18:56:12,36.83855,-76.28199,0.0,2.0,511.0,MARCELLE BORDELON,IMO9350379,WDJ2038,79,3,45,11,3.0,79,A
538002652,2020-08-19T19:06:52,36.87948,-76.32647,0.0,96.0,276.0,NAIAS,IMO9330800,V7KN8,70,5,225,32,14.0,70,A
538006982,2020-08-19T19:07:45,37.11140,-76.11502,15.3,155.9,158.0,ANTE TOPIC,IMO9737072,V7TR4,70,0,,,,,A
211839000,2020-08-19T19:05:20,36.90656,-76.32673,0.0,352.0,352.0,CHICAGO EXPRESS,IMO9295268,DCUJ2,70,5,336,42,14.6,79,A
367822000,2020-08-19T18:29:55,36.97310,-76.43384,0.0,0.0,238.0,USNS SHUGHART,IMO7825394,NAOQ,70,5,276,32,13.0,70,A
538006982,2020-08-19T18:52:30,37.17061,-76.11848,13.5,179.9,183.0,ANTE TOPIC,IMO9737072,V7TR4,70,0,,,,,A
538002652,2020-08-19T18:53:26,36.87948,-76.32650,0.2,190.0,276.0,NAIAS,IMO9330800,V7KN8,70,0,225,32,14.0,70,A
373124000,2020-08-19T19:08:47,37.17614,-76.15331,15.1,352.8,352.0,MSC IMMACOLATA,IMO9463205,3FLQ2,70,0,199,32,11.2,,A
538006982,2020-08-19T18:32:53,37.20439,-76.12387,0.4,350.2,359.0,ANTE TOPIC,IMO9737072,V7TR4,70,1,,,,,A
305855000,2020-08-19T19:08:48,36.86426,-76.31476,0.0,163.9,226.0,BBC PEARL,IMO9504786,V2FY8,70,5,153,23,9.1,70,A
215677000,2020-08-19T19:06:07,37.23501,-76.11728,0.1,205.8,352.0,RIZE,IMO9584035,9HA2781,70,1,229,32,14.5,,A
215677000,2020-08-19T18:54:04,37.23504,-76.11721,0.0,205.8,347.0,RIZE,IMO9584035,9HA2781,70,1,229,32,14.5,,A
373124000,2020-08-19T18:54:47,37.12060,-76.13175,15.3,330.2,331.0,MSC IMMACOLATA,IMO9463205,3FLQ2,70,0,199,32,11.2,,A
367822000,2020-08-19T19:08:54,36.97315,-76.43377,0.0,0.0,238.0,USNS SHUGHART,IMO7825394,NAOQ,70,5,276,32,13.0,70,A
367078110,2020-08-19T18:57:23,36.83855,-76.28198,0.0,318.0,511.0,MARCELLE BORDELON,IMO9350379,WDJ2038,79,3,45,11,3.0,79,A
366839000,2020-08-19T19:07:01,36.85348,-76.31082,0.0,0.0,39.0,CAPE RISE,IMO7530808,KAFG,70,5,197,32,10.0,,A
305855000,2020-08-19T18:53:48,36.86427,-76.31477,0.0,201.7,226.0,BBC PEARL,IMO9504786,V2FY8,70,5,153,23,9.1,70,A
368026000,2020-08-19T18:54:20,36.86577,-76.31605,0.0,270.5,2.0,BENAVIDEZ,IMO9218210,NBHG,70,5,289,32,10.9,70,A
305855000,2020-08-19T19:05:48,36.86424,-76.31477,0.0,215.9,226.0,BBC PEARL,IMO9504786,V2FY8,70,5,153,23,9.1,70,A
211839000,2020-08-19T18:32:04,36.90660,-76.32673,0.0,352.0,352.0,CHICAGO EXPRESS,IMO9295268,DCUJ2,70,5,336,42,14.6,79,A
367078110,2020-08-19T18:32:13,36.83853,-76.28199,0.0,21.0,511.0,MARCELLE BORDELON,IMO9350379,WDJ2038,79,3,45,11,3.0,79,A
367932000,2020-08-19T18:56:16,36.94930,-76.32962,0.0,107.0,279.0,JOHN LENTHALL,IMO8325547,NJLN,80,5,193,29,,,A
366839000,2020-08-19T18:55:03,36.85349,-76.31083,0.0,0.0,39.0,CAPE RISE,IMO7530808,KAFG,70,5,197,32,10.0,,A
367821000,2020-08-19T18:59:08,36.97284,-76.43369,0.0,0.0,511.0,YANO,IMO7825409,NAQH,70,0,276,32,13.0,70,A
367822000,2020-08-19T18:56:54,36.97309,-76.43385,0.0,0.0,238.0,USNS SHUGHART,IMO7825394,NAOQ,70,5,276,32,13.0,70,A
367861000,2020-08-19T18:57:01,36.94638,-76.32986,0.0,0.0,265.0,LARAMIE,IMO8906626,NLAR,80,5,193,29,,,A
373124000,2020-08-19T19:09:53,37.18072,-76.15408,15.1,354.2,356.0,MSC IMMACOLATA,IMO9463205,3FLQ2,70,0,199,32,11.2,,A
367078110,2020-08-19T19:12:14,36.83855,-76.28199,0.0,185.0,511.0,MARCELLE BORDELON,IMO9350379,WDJ2038,79,3,45,11,3.0,79,A
538006982,2020-08-19T19:13:27,37.08900,-76.10213,15.7,153.8,156.0,ANTE TOPIC,IMO9737072,V7TR4,70,0,,,,,A
367821000,2020-08-19T19:12:07,36.97282,-76.43368,0.0,0.0,511.0,YANO,IMO7825409,NAQH,70,0,276,32,13.0,70,A
368026000,2020-08-19T18:57:20,36.86576,-76.31604,0.0,270.5,2.0,BENAVIDEZ,IMO9218210,NBHG,70,5,289,32,10.9,70,A
538002652,2020-08-19T18:32:55,36.88217,-76.33395,2.0,167.0,175.0,NAIAS,IMO9330800,V7KN8,70,0,225,32,14.0,70,A
367861000,2020-08-19T19:12:01,36.94643,-76.32982,0.0,0.0,265.0,LARAMIE,IMO8906626,NLAR,80,5,193,29,,,A
373124000,2020-08-19T18:59:53,37.13954,-76.14501,15.2,331.0,333.0,MSC IMMACOLATA,IMO9463205,3FLQ2,70,0,199,32,11.2,,A
538006982,2020-08-19T19:14:33,37.08472,-76.09947,15.7,153.4,155.0,ANTE TOPIC,IMO9737072,V7TR4,70,0,,,,,A
367821000,2020-08-19T19:00:08,36.97283,-76.43369,0.0,0.0,511.0,YANO,IMO7825409,NAQH,70,0,276,32,13.0,70,A
211839000,2020-08-19T18:35:08,36.90657,-76.32673,0.0,352.0,352.0,CHICAGO EXPRESS,IMO9295268,DCUJ2,70,5,336,42,14.6,79,A
373124000,2020-08-19T19:14:35,37.19985,-76.14874,14.9,16.2,14.0,MSC IMMACOLATA,IMO9463205,3FLQ2,70,0,199,32,11.2,,A
367078110,2020-08-19T19:08:23,36.83856,-76.28199,0.0,271.0,511.0,MARCELLE BORDELON,IMO9350379,WDJ2038,79,3,45,11,3.0,79,A
538006982,2020-08-19T19:12:08,37.09421,-76.10529,15.7,155.1,157.0,ANTE TOPIC,IMO9737072,V7TR4,70,0,,,,,A
367078110,2020-08-19T19:14:53,36.83855,-76.28199,0.0,248.0,511.0,MARCELLE BORDELON,IMO9350379,WDJ2038,79,3,45,11,3.0,79,A
305855000,2020-08-19T19:14:47,36.86427,-76.31477,0.0,228.3,226.0,BBC PEARL,IMO9504786,V2FY8,70,5,153,23,9.1,70,A
538006982,2020-08-19T18:59:40,37.14354,-76.11931,13.9,182.0,185.0,ANTE TOPIC,IMO9737072,V7TR4,70,0,,,,,A
367932000,2020-08-19T18:59:17,36.94917,-76.32957,0.0,107.0,279.0,JOHN LENTHALL,IMO8325547,NJLN,80,5,193,29,,,A
368026000,2020-08-19T19:15:21,36.86577,-76.31604,0.0,270.5,2.0,BENAVIDEZ,IMO9218210,NBHG,70,5,289,32,10.9,70,A
367821000,2020-08-19T18:38:08,36.97281,-76.43366,0.0,0.0,511.0,YANO,IMO7825409,NAQH,70,0,276,32,13.0,70,A
367078110,2020-08-19T19:13:43,36.83855,-76.28199,0.0,251.0,511.0,MARCELLE BORDELON,IMO9350379,WDJ2038,79,3,45,11,3.0,79,A
215677000,2020-08-19T19:00:05,37.23503,-76.11735,0.1,205.8,350.0,RIZE,IMO9584035,9HA2781,70,1,229,32,14.5,,A
373124000,2020-08-19T18:38:35,37.06120,-76.08838,15.1,322.5,323.0,MSC IMMACOLATA,IMO9463205,3FLQ2,70,0,199,32,11.2,,A
538006982,2020-08-19T19:15:51,37.07966,-76.09629,15.7,153.4,155.0,ANTE TOPIC,IMO9737072,V7TR4,70,0,,,,,A
367078110,2020-08-19T19:10:02,36.83855,-76.28199,0.0,211.0,511.0,MARCELLE BORDELON,IMO9350379,WDJ2038,79,3,45,11,3.0,79,A
538002652,2020-08-19T19:15:51,36.87948,-76.32645,0.0,169.0,276.0,NAIAS,IMO9330800,V7KN8,70,5,225,32,14.0,70,A
367821000,2020-08-19T19:16:47,36.97282,-76.43367,0.0,0.0,511.0,YANO,IMO7825409,NAQH,70,0,276,32,13.0,70,A
211839000,2020-08-19T18:38:06,36.90657,-76.32673,0.0,352.0,352.0,CHICAGO EXPRESS,IMO9295268,DCUJ2,70,5,336,42,14.6,79,A
477866300,2020-08-19T19:14:53,36.96252,-76.06674,16.3,287.3,288.0,BILBAO BRIDGE,IMO9492701,VRHY6,70,0,269,35,11.0,74,A
538006982,2020-08-19T18:40:19,37.20587,-76.12016,4.8,117.1,142.0,ANTE TOPIC,IMO9737072,V7TR4,70,0,,,,,A
305855000,2020-08-19T18:38:48,36.86427,-76.31477,0.0,250.8,226.0,BBC PEARL,IMO9504786,V2FY8,70,5,153,23,9.1,70,A
215677000,2020-08-19T19:15:02,37.23501,-76.11715,0.0,205.8,347.0,RIZE,IMO9584035,9HA2781,70,1,229,32,14.5,,A
367861000,2020-08-19T18:39:00,36.94633,-76.32983,0.0,0.0,265.0,LARAMIE,IMO8906626,NLAR,80,5,193,29,,,A
367822000,2020-08-19T19:11:55,36.97315,-76.43378,0.0,0.0,238.0,USNS SHUGHART,IMO7825394,NAOQ,70,5,276,32,13.0,70,A
367822000,2020-08-19T19:02:56,36.97313,-76.43375,0.0,0.0,238.0,USNS SHUGHART,IMO7825394,NAOQ,70,5,276,32,13.0,70,A
538002652,2020-08-19T19:18:49,36.87950,-76.32643,0.0,169.0,277.0,NAIAS,IMO9330800,V7KN8,70,5,225,32,14.0,70,A
368026000,2020-08-19T19:03:20,36.86579,-76.31605,0.0,270.5,2.0,BENAVIDEZ,IMO9218210,NBHG,70,5,289,32,10.9,70,A
368026000,2020-08-19T19:12:20,36.86579,-76.31602,0.1,270.5,2.0,BENAVIDEZ,IMO9218210,NBHG,70,5,289,32,10.9,70,A
367932000,2020-08-19T19:17:17,36.94912,-76.32967,0.0,107.0,279.0,JOHN LENTHALL,IMO8325547,NJLN,80,5,193,29,,,A
211839000,2020-08-19T19:17:23,36.90655,-76.32676,0.0,352.0,352.0,CHICAGO EXPRESS,IMO9295268,DCUJ2,70,5,336,42,14.6,79,A
373124000,2020-08-19T19:19:04,37.21795,-76.14201,15.3,16.9,16.0,MSC IMMACOLATA,IMO9463205,3FLQ2,70,0,199,32,11.2,,A
477196100,2020-08-19T18:39:44,37.19380,-76.13439,0.1,267.8,357.0,DARYA MA,IMO9591674,VRJH5,70,1,229,32,14.5,,A
367861000,2020-08-19T19:03:01,36.94640,-76.32986,0.0,0.0,265.0,LARAMIE,IMO8906626,NLAR,80,5,193,29,,,A
367078110,2020-08-19T19:16:03,36.83855,-76.28199,0.0,133.0,511.0,MARCELLE BORDELON,IMO9350379,WDJ2038,79,3,45,11,3.0,79,A
367078110,2020-08-19T19:18:32,36.83855,-76.28198,0.0,278.0,511.0,MARCELLE BORDELON,IMO9350379,WDJ2038,79,3,45,11,3.0,79,A
367821000,2020-08-19T19:13:08,36.97282,-76.43367,0.0,0.0,511.0,YANO,IMO7825409,NAQH,70,0,276,32,13.0,70,A
477196100,2020-08-19T19:03:51,37.19382,-76.13442,0.1,267.8,358.0,DARYA MA,IMO9591674,VRJH5,70,1,229,32,14.5,,A
373124000,2020-08-19T19:13:28,37.19548,-76.15036,14.9,16.6,14.0,MSC IMMACOLATA,IMO9463205,3FLQ2,70,0,199,32,11.2,,A
367078110,2020-08-19T19:04:52,36.83855,-76.28198,0.0,300.0,511.0,MARCELLE BORDELON,IMO9350379,WDJ2038,79,3,45,11,3.0,79,A
367821000,2020-08-19T19:04:47,36.97282,-76.43369,0.0,0.0,511.0,YANO,IMO7825409,NAQH,70,0,276,32,13.0,70,A
367821000,2020-08-19T18:40:28,36.97281,-76.43366,0.0,0.0,511.0,YANO,IMO7825409,NAQH,70,0,276,32,13.0,70,A
368026000,2020-08-19T19:18:20,36.86577,-76.31605,0.0,270.5,2.0,BENAVIDEZ,IMO9218210,NBHG,70,5,289,32,10.9,70,A
366839000,2020-08-19T19:03:57,36.85351,-76.31079,0.0,0.0,39.0,CAPE RISE,IMO7530808,KAFG,70,5,197,32,10.0,,A
538002652,2020-08-19T19:03:49,36.87947,-76.32645,0.0,96.0,276.0,NAIAS,IMO9330800,V7KN8,70,5,225,32,14.0,70,A
305855000,2020-08-19T18:41:49,36.86429,-76.31476,0.0,210.2,226.0,BBC PEARL,IMO9504786,V2FY8,70,5,153,23,9.1,70,A
367861000,2020-08-19T19:18:01,36.94633,-76.32978,0.0,0.0,265.0,LARAMIE,IMO8906626,NLAR,80,5,193,29,,,A
373124000,2020-08-19T19:20:10,37.22248,-76.14021,15.2,17.8,17.0,MSC IMMACOLATA,IMO9463205,3FLQ2,70,0,199,32,11.2,,A
367078110,2020-08-19T19:19:34,36.83855,-76.28199,0.0,255.0,511.0,MARCELLE BORDELON,IMO9350379,WDJ2038,79,3,45,11,3.0,79,A
367932000,2020-08-19T18:41:16,36.94913,-76.32964,0.0,107.0,279.0,JOHN LENTHALL,IMO8325547,NJLN,80,5,193,29,,,A
477866300,2020-08-19T19:18:12,36.96717,-76.08495,16.3,288.3,289.0,BILBAO BRIDGE,IMO9492701,VRHY6,70,0,269,35,11.0,74,A
367932000,2020-08-19T19:20:17,36.94911,-76.32969,0.0,107.0,279.0,JOHN LENTHALL,IMO8325547,NJLN,80,5,193,29,,,A
477196100,2020-08-19T19:18:48,37.19379,-76.13442,0.1,267.8,358.0,DARYA MA,IMO9591674,VRJH5,70,1,229,32,14.5,,A
538006982,2020-08-19T19:16:57,37.07545,-76.09355,15.7,151.4,152.0,ANTE TOPIC,IMO9737072,V7TR4,70,0,,,,,A
211839000,2020-08-19T19:20:25,36.90655,-76.32671,0.0,352.0,352.0,CHICAGO EXPRESS,IMO9295268,DCUJ2,70,5,336,42,14.6,79,A
367822000,2020-08-19T19:20:56,36.97316,-76.43379,0.0,0.0,238.0,USNS SHUGHART,IMO7825394,NAOQ,70,5,276,32,13.0,70,A
477866300,2020-08-19T19:15:59,36.96415,-76.07310,16.3,287.5,288.0,BILBAO BRIDGE,IMO9492701,VRHY6,70,0,269,35,11.0,74,A
477866300,2020-08-19T19:17:11,36.96576,-76.07973,16.3,286.9,289.0,BILBAO BRIDGE,IMO9492701,VRHY6,70,0,269,35,11.0,74,A
477196100,2020-08-19T19:15:50,37.19379,-76.13438,0.0,267.8,357.0,DARYA MA,IMO9591674,VRJH5,70,1,229,32,14.5,,A
367861000,2020-08-19T19:06:00,36.94634,-76.32978,0.0,0.0,265.0,LARAMIE,IMO8906626,NLAR,80,5,193,29,,,A
538006982,2020-08-19T19:22:09,37.05555,-76.07938,16.1,150.5,153.0,ANTE TOPIC,IMO9737072,V7TR4,70,0,,,,,A
538006982,2020-08-19T19:18:14,37.07049,-76.09004,15.8,150.4,152.0,ANTE TOPIC,IMO9737072,V7TR4,70,0,,,,,A
538002652,2020-08-19T18:46:06,36.87990,-76.32783,1.3,105.0,281.0,NAIAS,IMO9330800,V7KN8,70,0,225,32,14.0,70,A
477196100,2020-08-19T19:21:49,37.19376,-76.13439,0.1,267.8,359.0,DARYA MA,IMO9591674,VRJH5,70,1,229,32,14.5,,A
373124000,2020-08-19T19:07:41,37.17156,-76.15254,15.1,353.1,352.0,MSC IMMACOLATA,IMO9463205,3FLQ2,70,0,199,32,11.2,,A
367822000,2020-08-19T19:17:55,36.97316,-76.43379,0.0,0.0,238.0,USNS SHUGHART,IMO7825394,NAOQ,70,5,276,32,13.0,70,A
538006982,2020-08-19T19:24:33,37.04617,-76.07268,16.1,149.7,153.0,ANTE TOPIC,IMO9737072,V7TR4,70,0,,,,,A
477866300,2020-08-19T19:24:35,36.97637,-76.11897,16.4,288.4,289.0,BILBAO BRIDGE,IMO9492701,VRHY6,70,0,269,35,11.0,74,A
367821000,2020-08-19T19:21:28,36.97282,-76.43367,0.0,0.0,511.0,YANO,IMO7825409,NAQH,70,0,276,32,13.0,70,A
367821000,2020-08-19T19:08:17,36.97282,-76.43369,0.0,0.0,511.0,YANO,IMO7825409,NAQH,70,0,276,32,13.0,70,A
366839000,2020-08-19T18:46:04,36.85347,-76.31083,0.0,0.0,39.0,CAPE RISE,IMO7530808,KAFG,70,5,197,32,10.0,,A
538006982,2020-08-19T19:08:51,37.10717,-76.11266,15.5,156.2,158.0,ANTE TOPIC,IMO9737072,V7TR4,70,0,,,,,A
477866300,2020-08-19T19:19:18,36.96866,-76.09065,16.3,288.1,289.0,BILBAO BRIDGE,IMO9492701,VRHY6,70,0,269,35,11.0,74,A
477196100,2020-08-19T18:45:49,37.19379,-76.13435,0.0,267.8,354.0,DARYA MA,IMO9591674,VRJH5,70,1,229,32,14.5,,A
367821000,2020-08-19T19:09:38,36.97282,-76.43368,0.0,0.0,511.0,YANO,IMO7825409,NAQH,70,0,276,32,13.0,70,A
366839000,2020-08-19T19:19:03,36.85349,-76.31083,0.0,0.0,39.0,CAPE RISE,IMO7530808,KAFG,70,5,197,32,10.0,,A
373124000,2020-08-19T18:48:16,37.09638,-76.11459,15.2,330.2,331.0,MSC IMMACOLATA,IMO9463205,3FLQ2,70,0,199,32,11.2,,A
215677000,2020-08-19T19:09:01,37.23502,-76.11722,0.1,205.8,350.0,RIZE,IMO9584035,9HA2781,70,1,229,32,14.5,,A
305855000,2020-08-19T19:23:48,36.86429,-76.31477,0.0,166.9,227.0,BBC PEARL,IMO9504786,V2FY8,70,5,153,23,9.1,70,A
373124000,2020-08-19T19:23:46,37.23702,-76.13437,15.2,17.4,16.0,MSC IMMACOLATA,IMO9463205,3FLQ2,70,0,199,32,11.2,,A
367078110,2020-08-19T19:23:24,36.83856,-76.28199,0.0,83.0,511.0,MARCELLE BORDELON,IMO9350379,WDJ2038,79,3,45,11,3.0,79,A
215677000,2020-08-19T19:20:57,37.23505,-76.11726,0.1,205.8,348.0,RIZE,IMO9584035,9HA2781,70,1,229,32,14.5,,A
538002652,2020-08-19T19:09:52,36.87948,-76.32645,0.1,170.0,276.0,NAIAS,IMO9330800,V7KN8,70,5,225,32,14.0,70,A
367822000,2020-08-19T19:23:54,36.97316,-76.43379,0.0,0.0,238.0,USNS SHUGHART,IMO7825394,NAOQ,70,5,276,32,13.0,70,A
367861000,2020-08-19T19:24:00,36.94638,-76.32979,0.0,0.0,265.0,LARAMIE,IMO8906626,NLAR,80,5,193,29,,,A
477866300,2020-08-19T19:25:53,36.97826,-76.12599,16.6,288.3,289.0,BILBAO BRIDGE,IMO9492701,VRHY6,70,0,269,35,11.0,74,A
373124000,2020-08-19T19:10:59,37.18534,-76.15376,15.1,8.6,9.0,MSC IMMACOLATA,IMO9463205,3FLQ2,70,0,199,32,11.2,,A
366839000,2020-08-19T19:25:03,36.85350,-76.31081,0.0,0.0,39.0,CAPE RISE,IMO7530808,KAFG,70,5,197,32,10.0,,A
367932000,2020-08-19T19:11:16,36.94915,-76.32969,0.0,107.0,279.0,JOHN LENTHALL,IMO8325547,NJLN,80,5,193,29,,,A
538006982,2020-08-19T19:11:03,37.09844,-76.10770,15.7,155.6,158.0,ANTE TOPIC,IMO9737072,V7TR4,70,0,,,,,A
538006982,2020-08-19T19:23:21,37.05089,-76.07606,16.2,150.0,152.0,ANTE TOPIC,IMO9737072,V7TR4,70,0,,,,,A
211839000,2020-08-19T19:26:27,36.90661,-76.32678,0.0,352.0,352.0,CHICAGO EXPRESS,IMO9295268,DCUJ2,70,5,336,42,14.6,79,A
367821000,2020-08-19T18:49:48,36.97286,-76.43367,0.0,0.0,511.0,YANO,IMO7825409,NAQH,70,0,276,32,13.0,70,A
367861000,2020-08-19T19:27:00,36.94640,-76.32979,0.0,0.0,265.0,LARAMIE,IMO8906626,NLAR,80,5,193,29,,,A
305855000,2020-08-19T19:11:49,36.86424,-76.31477,0.0,295.6,226.0,BBC PEARL,IMO9504786,V2FY8,70,5,153,23,9.1,70,A
367822000,2020-08-19T19:26:56,36.97317,-76.43379,0.0,0.0,238.0,USNS SHUGHART,IMO7825394,NAOQ,70,5,276,32,13.0,70,A
538002652,2020-08-19T19:12:52,36.87948,-76.32647,0.0,169.0,277.0,NAIAS,IMO9330800,V7KN8,70,5,225,32,14.0,70,A
367078110,2020-08-19T18:50:24,36.83853,-76.28199,0.0,19.0,511.0,MARCELLE BORDELON,IMO9350379,WDJ2038,79,3,45,11,3.0,79,A
215677000,2020-08-19T19:26:59,37.23501,-76.11729,0.0,205.8,351.0,RIZE,IMO9584035,9HA2781,70,1,229,32,14.5,,A
305855000,2020-08-19T19:26:47,36.86427,-76.31475,0.0,166.3,227.0,BBC PEARL,IMO9504786,V2FY8,70,5,153,23,9.1,70,A
373124000,2020-08-19T19:27:35,37.25245,-76.12834,15.2,18.0,16.0,MSC IMMACOLATA,IMO9463205,3FLQ2,70,0,199,32,11.2,,A
367932000,2020-08-19T19:23:17,36.94914,-76.32970,0.0,107.0,279.0,JOHN LENTHALL,IMO8325547,NJLN,80,5,193,29,,,A
215677000,2020-08-19T19:24:02,37.23501,-76.11730,0.1,205.8,350.0,RIZE,IMO9584035,9HA2781,70,1,229,32,14.5,,A
215677000,2020-08-19T18:51:00,37.23501,-76.11716,0.0,205.8,347.0,RIZE,IMO9584035,9HA2781,70,1,229,32,14.5,,A
373124000,2020-08-19T19:25:35,37.24438,-76.13153,15.2,17.6,16.0,MSC IMMACOLATA,IMO9463205,3FLQ2,70,0,199,32,11.2,,A
373124000,2020-08-19T19:12:23,37.19114,-76.15194,15.1,15.7,15.0,MSC IMMACOLATA,IMO9463205,3FLQ2,70,0,199,32,11.2,,A
477196100,2020-08-19T18:51:50,37.19380,-76.13447,0.1,267.8,357.0,DARYA MA,IMO9591674,VRJH5,70,1,229,32,14.5,,A
367932000,2020-08-19T18:50:16,36.94915,-76.32967,0.0,107.0,279.0,JOHN LENTHALL,IMO8325547,NJLN,80,5,193,29,,,A
477866300,2020-08-19T19:28:53,36.98260,-76.14227,16.5,288.3,289.0,BILBAO BRIDGE,IMO9492701,VRHY6,70,0,269,35,11.0,74,A
538002652,2020-08-19T19:24:51,36.87952,-76.32643,0.0,169.0,277.0,NAIAS,IMO9330800,V7KN8,70,5,225,32,14.0,70,A
368026000,2020-08-19T18:51:20,36.86575,-76.31603,0.0,270.5,2.0,BENAVIDEZ,IMO9218210,NBHG,70,5,289,32,10.9,70,A
367821000,2020-08-19T18:52:07,36.97286,-76.43367,0.0,0.0,511.0,YANO,IMO7825409,NAQH,70,0,276,32,13.0,70,A
538002652,2020-08-19T18:55:46,36.87947,-76.32645,0.0,96.0,276.0,NAIAS,IMO9330800,V7KN8,70,0,225,32,14.0,70,A
367078110,2020-08-19T19:29:42,36.83855,-76.28198,0.0,355.0,511.0,MARCELLE BORDELON,IMO9350379,WDJ2038,79,3,45,11,3.0,79,A
367078110,2020-08-19T19:26:33,36.83855,-76.28198,0.0,40.0,511.0,MARCELLE BORDELON,IMO9350379,WDJ2038,79,3,45,11,3.0,79,A
367822000,2020-08-19T18:53:55,36.97309,-76.43386,0.0,0.0,238.0,USNS SHUGHART,IMO7825394,NAOQ,70,5,276,32,13.0,70,A
211839000,2020-08-19T19:29:32,36.90666,-76.32678,0.0,352.0,352.0,CHICAGO EXPRESS,IMO9295268,DCUJ2,70,5,336,42,14.6,79,A
477196100,2020-08-19T18:54:49,37.19380,-76.13449,0.1,267.8,358.0,DARYA MA,IMO9591674,VRJH5,70,1,229,32,14.5,,A
477866300,2020-08-19T19:30:11,36.98451,-76.14940,16.4,288.2,289.0,BILBAO BRIDGE,IMO9492701,VRHY6,70,0,269,35,11.0,74,A
367821000,2020-08-19T18:55:38,36.97284,-76.43367,0.0,0.0,511.0,YANO,IMO7825409,NAQH,70,0,276,32,13.0,70,A
211839000,2020-08-19T19:14:21,36.90660,-76.32675,0.0,352.0,352.0,CHICAGO EXPRESS,IMO9295268,DCUJ2,70,5,336,42,14.6,79,A
367861000,2020-08-19T19:15:01,36.94635,-76.32984,0.0,0.0,265.0,LARAMIE,IMO8906626,NLAR,80,5,193,29,,,A
367821000,2020-08-19T19:30:58,36.97281,-76.43368,0.0,0.0,511.0,YANO,IMO7825409,NAQH,70,0,276,32,13.0,70,A
368026000,2020-08-19T19:30:21,36.86576,-76.31604,0.0,270.5,2.0,BENAVIDEZ,IMO9218210,NBHG,70,5,289,32,10.9,70,A
538002652,2020-08-19T19:30:51,36.87950,-76.32643,0.0,169.0,277.0,NAIAS,IMO9330800,V7KN8,70,5,225,32,14.0,70,A
477866300,2020-08-19T19:31:18,36.98604,-76.15533,16.3,287.8,289.0,BILBAO BRIDGE,IMO9492701,VRHY6,70,0,269,35,11.0,74,A
366839000,2020-08-19T19:15:57,36.85352,-76.31078,0.0,0.0,39.0,CAPE RISE,IMO7530808,KAFG,70,5,197,32,10.0,,A
373124000,2020-08-19T19:33:35,37.27683,-76.11904,15.4,15.3,15.0,MSC IMMACOLATA,IMO9463205,3FLQ2,70,0,199,32,11.2,,A
215677000,2020-08-19T19:30:04,37.23499,-76.11730,0.0,205.8,351.0,RIZE,IMO9584035,9HA2781,70,1,229,32,14.5,,A
373124000,2020-08-19T19:17:23,37.21110,-76.14466,15.2,17.3,16.0,MSC IMMACOLATA,IMO9463205,3FLQ2,70,0,199,32,11.2,,A
367078110,2020-08-19T19:33:42,36.83855,-76.28199,0.0,281.0,511.0,MARCELLE BORDELON,IMO9350379,WDJ2038,79,3,45,11,3.0,79,A
367821000,2020-08-19T19:29:47,36.97281,-76.43368,0.0,0.0,511.0,YANO,IMO7825409,NAQH,70,0,276,32,13.0,70,A
305855000,2020-08-19T19:32:49,36.86428,-76.31475,0.0,170.2,226.0,BBC PEARL,IMO9504786,V2FY8,70,5,153,23,9.1,70,A
538002652,2020-08-19T18:58:46,36.87945,-76.32645,0.0,96.0,276.0,NAIAS,IMO9330800,V7KN8,70,5,225,32,14.0,70,A
215677000,2020-08-19T19:33:00,37.23501,-76.11733,0.0,205.8,352.0,RIZE,IMO9584035,9HA2781,70,1,229,32,14.5,,A
367861000,2020-08-19T19:33:00,36.94642,-76.32976,0.0,0.0,265.0,LARAMIE,IMO8906626,NLAR,80,5,193,29,,,A
367821000,2020-08-19T19:33:47,36.97281,-76.43368,0.0,0.0,511.0,YANO,IMO7825409,NAQH,70,0,276,32,13.0,70,A
477866300,2020-08-19T19:32:23,36.98757,-76.16119,16.4,288.3,289.0,BILBAO BRIDGE,IMO9492701,VRHY6,70,0,269,35,11.0,74,A
305855000,2020-08-19T19:17:47,36.86427,-76.31475,0.0,166.1,227.0,BBC PEARL,IMO9504786,V2FY8,70,5,153,23,9.1,70,A
367822000,2020-08-19T19:32:56,36.97316,-76.43380,0.0,0.0,238.0,USNS SHUGHART,IMO7825394,NAOQ,70,5,276,32,13.0,70,A
373124000,2020-08-19T19:00:05,37.14023,-76.14544,15.2,333.0,335.0,MSC IMMACOLATA,IMO9463205,3FLQ2,70,0,199,32,11.2,,A
373124000,2020-08-19T19:34:41,37.28136,-76.11742,15.5,16.3,15.0,MSC IMMACOLATA,IMO9463205,3FLQ2,70,0,199,32,11.2,,A
215677000,2020-08-19T19:17:57,37.23505,-76.11721,0.1,205.8,347.0,RIZE,IMO9584035,9HA2781,70,1,229,32,14.5,,A
305855000,2020-08-19T19:35:46,36.86427,-76.31475,0.0,162.1,227.0,BBC PEARL,IMO9504786,V2FY8,70,5,153,23,9.1,70,A
538006982,2020-08-19T19:19:38,37.06516,-76.08623,15.8,150.7,153.0,ANTE TOPIC,IMO9737072,V7TR4,70,0,,,,,A
538002652,2020-08-19T19:33:52,36.87950,-76.32643,0.0,169.0,277.0,NAIAS,IMO9330800,V7KN8,70,5,225,32,14.0,70,A
367861000,2020-08-19T19:36:01,36.94634,-76.32982,0.0,0.0,265.0,LARAMIE,IMO8906626,NLAR,80,5,193,29,,,A
367821000,2020-08-19T19:19:17,36.97282,-76.43367,0.0,0.0,511.0,YANO,IMO7825409,NAQH,70,0,276,32,13.0,70,A
477866300,2020-08-19T19:36:11,36.99316,-76.18227,16.1,288.0,289.0,BILBAO BRIDGE,IMO9492701,VRHY6,70,0,269,35,11.0,74,A
477866300,2020-08-19T19:20:24,36.97022,-76.09638,16.4,288.5,289.0,BILBAO BRIDGE,IMO9492701,VRHY6,70,0,269,35,11.0,74,A
373124000,2020-08-19T19:36:22,37.28838,-76.11495,15.8,16.5,15.0,MSC IMMACOLATA,IMO9463205,3FLQ2,70,0,199,32,11.2,,A
538006982,2020-08-19T19:20:57,37.06012,-76.08263,16.0,150.1,153.0,ANTE TOPIC,IMO9737072,V7TR4,70,0,,,,,A
367932000,2020-08-19T19:35:16,36.94918,-76.32968,0.0,107.0,279.0,JOHN LENTHALL,IMO8325547,NJLN,80,5,193,29,,,A
373124000,2020-08-19T19:01:10,37.14462,-76.14737,15.2,345.3,346.0,MSC IMMACOLATA,IMO9463205,3FLQ2,70,0,199,32,11.2,,A
367861000,2020-08-19T19:21:01,36.94640,-76.32980,0.0,0.0,265.0,LARAMIE,IMO8906626,NLAR,80,5,193,29,,,A
373124000,2020-08-19T19:21:59,37.22978,-76.13728,15.3,17.4,16.0,MSC IMMACOLATA,IMO9463205,3FLQ2,70,0,199,32,11.2,,A
538002652,2020-08-19T19:36:52,36.87950,-76.32645,0.0,169.0,277.0,NAIAS,IMO9330800,V7KN8,70,5,225,32,14.0,70,A
367821000,2020-08-19T19:01:18,36.97283,-76.43369,0.0,0.0,511.0,YANO,IMO7825409,NAQH,70,0,276,32,13.0,70,A
366839000,2020-08-19T19:21:57,36.85349,-76.31083,0.0,0.0,39.0,CAPE RISE,IMO7530808,KAFG,70,5,197,32,10.0,,A
538002652,2020-08-19T19:21:50,36.87950,-76.32647,0.0,169.0,277.0,NAIAS,IMO9330800,V7KN8,70,5,225,32,14.0,70,A
367821000,2020-08-19T19:34:57,36.97281,-76.43368,0.0,0.0,511.0,YANO,IMO7825409,NAQH,70,0,276,32,13.0,70,A
368026000,2020-08-19T19:39:21,36.86575,-76.31601,0.0,270.5,2.0,BENAVIDEZ,IMO9218210,NBHG,70,5,289,32,10.9,70,A
477196100,2020-08-19T19:33:47,37.19378,-76.13442,0.0,267.8,359.0,DARYA MA,IMO9591674,VRJH5,70,1,229,32,14.5,,A
367861000,2020-08-19T19:39:01,36.94637,-76.32978,0.0,0.0,265.0,LARAMIE,IMO8906626,NLAR,80,5,193,29,,,A
373124000,2020-08-19T19:02:11,37.14886,-76.14824,15.2,352.1,350.0,MSC IMMACOLATA,IMO9463205,3FLQ2,70,0,199,32,11.2,,A
367078110,2020-08-19T19:22:13,36.83855,-76.28198,0.0,258.0,511.0,MARCELLE BORDELON,IMO9350379,WDJ2038,79,3,45,11,3.0,79,A
367821000,2020-08-19T19:22:37,36.97281,-76.43367,0.0,0.0,511.0,YANO,IMO7825409,NAQH,70,0,276,32,13.0,70,A
367821000,2020-08-19T19:41:38,36.97288,-76.43362,0.0,0.0,511.0,YANO,IMO7825409,NAQH,70,0,276,32,13.0,70,A
367078110,2020-08-19T19:42:12,36.83855,-76.28198,0.0,342.0,511.0,MARCELLE BORDELON,IMO9350379,WDJ2038,79,3,45,11,3.0,79,A
477866300,2020-08-19T19:38:11,36.99578,-76.19231,15.9,287.6,288.0,BILBAO BRIDGE,IMO9492701,VRHY6,70,0,269,35,11.0,74,A
211839000,2020-08-19T19:41:37,36.90655,-76.32672,0.0,352.0,352.0,CHICAGO EXPRESS,IMO9295268,DCUJ2,70,5,336,42,14.6,79,A
477196100,2020-08-19T19:24:47,37.19378,-76.13433,0.1,267.8,357.0,DARYA MA,IMO9591674,VRJH5,70,1,229,32,14.5,,A
538006982,2020-08-19T19:25:57,37.04070,-76.06878,16.4,150.1,153.0,ANTE TOPIC,IMO9737072,V7TR4,70,0,,,,,A
373124000,2020-08-19T19:42:53,37.31381,-76.09743,15.9,30.6,30.0,MSC IMMACOLATA,IMO9463205,3FLQ2,70,0,199,32,11.2,,A
366839000,2020-08-19T19:37:03,36.85346,-76.31084,0.0,0.0,40.0,CAPE RISE,IMO7530808,KAFG,70,5,197,32,10.0,,A
366839000,2020-08-19T19:43:01,36.85350,-76.31081,0.0,0.0,40.0,CAPE RISE,IMO7530808,KAFG,70,5,197,32,10.0,,A
373124000,2020-08-19T19:46:23,37.32736,-76.08800,15.6,19.3,17.0,MSC IMMACOLATA,IMO9463205,3FLQ2,70,0,199,32,11.2,,A
367932000,2020-08-19T19:05:17,36.94922,-76.32967,0.0,107.0,279.0,JOHN LENTHALL,IMO8325547,NJLN,80,5,193,29,,,A
367822000,2020-08-19T19:05:56,36.97313,-76.43375,0.0,0.0,238.0,USNS SHUGHART,IMO7825394,NAOQ,70,5,276,32,13.0,70,A
367078110,2020-08-19T19:06:02,36.83856,-76.28198,0.0,37.0,511.0,MARCELLE BORDELON,IMO9350379,WDJ2038,79,3,45,11,3.0,79,A
211839000,2020-08-19T19:44:37,36.90654,-76.32671,0.0,352.0,352.0,CHICAGO EXPRESS,IMO9295268,DCUJ2,70,5,336,42,14.6,79,A
305855000,2020-08-19T19:29:46,36.86429,-76.31477,0.0,194.7,227.0,BBC PEARL,IMO9504786,V2FY8,70,5,153,23,9.1,70,A
538006982,2020-08-19T19:27:09,37.03607,-76.06533,16.5,148.5,153.0,ANTE TOPIC,IMO9737072,V7TR4,70,0,,,,,A
367821000,2020-08-19T19:26:47,36.97281,-76.43367,0.0,0.0,511.0,YANO,IMO7825409,NAQH,70,0,276,32,13.0,70,A
367821000,2020-08-19T19:42:47,36.97282,-76.43366,0.0,0.0,511.0,YANO,IMO7825409,NAQH,70,0,276,32,13.0,70,A
538002652,2020-08-19T19:27:52,36.87952,-76.32643,0.0,169.0,277.0,NAIAS,IMO9330800,V7KN8,70,5,225,32,14.0,70,A
211839000,2020-08-19T19:38:35,36.90655,-76.32670,0.0,352.0,352.0,CHICAGO EXPRESS,IMO9295268,DCUJ2,70,5,336,42,14.6,79,A
373124000,2020-08-19T19:40:22,37.30417,-76.10459,16.1,30.5,29.0,MSC IMMACOLATA,IMO9463205,3FLQ2,70,0,199,32,11.2,,A
367078110,2020-08-19T19:45:12,36.83855,-76.28198,0.0,75.0,511.0,MARCELLE BORDELON,IMO9350379,WDJ2038,79,3,45,11,3.0,79,A
367821000,2020-08-19T19:43:58,36.97283,-76.43368,0.0,0.0,511.0,YANO,IMO7825409,NAQH,70,0,276,32,13.0,70,A
477866300,2020-08-19T19:40:53,36.99931,-76.20679,16.1,285.1,286.0,BILBAO BRIDGE,IMO9492701,VRHY6,70,0,269,35,11.0,74,A
367078110,2020-08-19T19:07:14,36.83855,-76.28199,0.0,301.0,511.0,MARCELLE BORDELON,IMO9350379,WDJ2038,79,3,45,11,3.0,79,A
215677000,2020-08-19T19:45:01,37.23499,-76.11739,0.1,205.8,353.0,RIZE,IMO9584035,9HA2781,70,1,229,32,14.5,,A
368026000,2020-08-19T19:27:21,36.86574,-76.31602,0.0,270.5,2.0,BENAVIDEZ,IMO9218210,NBHG,70,5,289,32,10.9,70,A
373124000,2020-08-19T19:28:53,37.25765,-76.12631,15.3,17.3,16.0,MSC IMMACOLATA,IMO9463205,3FLQ2,70,0,199,32,11.2,,A
373124000,2020-08-19T19:31:05,37.26658,-76.12284,15.3,17.4,16.0,MSC IMMACOLATA,IMO9463205,3FLQ2,70,0,199,32,11.2,,A
367078110,2020-08-19T19:28:33,36.83855,-76.28198,0.0,265.0,511.0,MARCELLE BORDELON,IMO9350379,WDJ2038,79,3,45,11,3.0,79,A
367078110,2020-08-19T19:30:52,36.83855,-76.28199,0.0,27.0,511.0,MARCELLE BORDELON,IMO9350379,WDJ2038,79,3,45,11,3.0,79,A
367078110,2020-08-19T19:48:12,36.83856,-76.28198,0.0,318.0,511.0,MARCELLE BORDELON,IMO9350379,WDJ2038,79,3,45,11,3.0,79,A
477866300,2020-08-19T19:47:41,37.00665,-76.24535,16.4,272.0,272.0,BILBAO BRIDGE,IMO9492701,VRHY6,70,0,269,35,11.0,74,A
538002652,2020-08-19T19:39:50,36.87950,-76.32643,0.0,169.0,277.0,NAIAS,IMO9330800,V7KN8,70,5,225,32,14.0,70,A
211839000,2020-08-19T19:47:37,36.90652,-76.32671,0.0,352.0,352.0,CHICAGO EXPRESS,IMO9295268,DCUJ2,70,5,336,42,14.6,79,A
367932000,2020-08-19T19:08:18,36.94910,-76.32963,0.0,107.0,279.0,JOHN LENTHALL,IMO8325547,NJLN,80,5,193,29,,,A
368026000,2020-08-19T19:09:20,36.86576,-76.31604,0.0,270.5,2.0,BENAVIDEZ,IMO9218210,NBHG,70,5,289,32,10.9,70,A
367861000,2020-08-19T19:48:01,36.94639,-76.32977,0.0,0.0,265.0,LARAMIE,IMO8906626,NLAR,80,5,193,29,,,A
367821000,2020-08-19T19:47:28,36.97285,-76.43369,0.0,0.0,511.0,YANO,IMO7825409,NAQH,70,0,276,32,13.0,70,A
367822000,2020-08-19T19:47:55,36.97318,-76.43385,0.0,0.0,238.0,USNS SHUGHART,IMO7825394,NAOQ,70,5,276,32,13.0,70,A
538002652,2020-08-19T19:48:52,36.87950,-76.32643,0.0,169.0,276.0,NAIAS,IMO9330800,V7KN8,70,5,225,32,14.0,70,A
366839000,2020-08-19T19:09:58,36.85349,-76.31078,0.0,0.0,39.0,CAPE RISE,IMO7530808,KAFG,70,5,197,32,10.0,,A
367861000,2020-08-19T19:42:01,36.94635,-76.32978,0.0,0.0,265.0,LARAMIE,IMO8906626,NLAR,80,5,193,29,,,A
367861000,2020-08-19T19:30:01,36.94634,-76.32981,0.0,0.0,265.0,LARAMIE,IMO8906626,NLAR,80,5,193,29,,,A
367821000,2020-08-19T19:51:27,36.97285,-76.43368,0.0,0.0,511.0,YANO,IMO7825409,NAQH,70,0,276,32,13.0,70,A
215677000,2020-08-19T19:48:01,37.23498,-76.11741,0.1,205.8,354.0,RIZE,IMO9584035,9HA2781,70,1,229,32,14.5,,A
538002652,2020-08-19T19:42:51,36.87950,-76.32643,0.0,169.0,276.0,NAIAS,IMO9330800,V7KN8,70,5,225,32,14.0,70,A
538002652,2020-08-19T19:51:52,36.87945,-76.32642,0.0,169.0,276.0,NAIAS,IMO9330800,V7KN8,70,5,225,32,14.0,70,A
367932000,2020-08-19T19:50:17,36.94921,-76.32965,0.0,107.0,279.0,JOHN LENTHALL,IMO8325547,NJLN,80,5,193,29,,,A
368026000,2020-08-19T19:33:20,36.86576,-76.31604,0.0,270.5,2.0,BENAVIDEZ,IMO9218210,NBHG,70,5,289,32,10.9,70,A
477866300,2020-08-19T19:52:35,37.00614,-76.27301,16.3,261.2,259.0,BILBAO BRIDGE,IMO9492701,VRHY6,70,0,269,35,11.0,74,A
367821000,2020-08-19T19:45:08,36.97283,-76.43368,0.0,0.0,511.0,YANO,IMO7825409,NAQH,70,0,276,32,13.0,70,A
211839000,2020-08-19T19:11:21,36.90656,-76.32674,0.1,352.0,352.0,CHICAGO EXPRESS,IMO9295268,DCUJ2,70,5,336,42,14.6,79,A
477866300,2020-08-19T19:53:47,37.00529,-76.27870,15.5,258.3,257.0,BILBAO BRIDGE,IMO9492701,VRHY6,70,0,269,35,11.0,74,A
211839000,2020-08-19T19:32:29,36.90659,-76.32675,0.0,352.0,352.0,CHICAGO EXPRESS,IMO9295268,DCUJ2,70,5,336,42,14.6,79,A
477196100,2020-08-19T19:48:49,37.19379,-76.13435,0.0,267.8,356.0,DARYA MA,IMO9591674,VRJH5,70,1,229,32,14.5,,A
477196100,2020-08-19T19:51:48,37.19380,-76.13441,0.1,267.8,357.0,DARYA MA,IMO9591674,VRJH5,70,1,229,32,14.5,,A
367861000,2020-08-19T19:51:00,36.94638,-76.32974,0.0,0.0,265.0,LARAMIE,IMO8906626,NLAR,80,5,193,29,,,A
366839000,2020-08-19T19:54:58,36.85351,-76.31083,0.0,0.0,39.0,CAPE RISE,IMO7530808,KAFG,70,5,197,32,10.0,,A
477196100,2020-08-19T19:12:48,37.19379,-76.13442,0.0,267.8,0.0,DARYA MA,IMO9591674,VRJH5,70,1,229,32,14.5,,A
211839000,2020-08-19T19:55:38,36.90655,-76.32674,0.0,352.0,352.0,CHICAGO EXPRESS,IMO9295268,DCUJ2,70,5,336,42,14.6,79,A
305855000,2020-08-19T19:53:47,36.86428,-76.31477,0.0,186.0,226.0,BBC PEARL,IMO9504786,V2FY8,70,5,153,23,9.1,70,A
538006982,2020-08-19T19:53:59,36.96703,-76.06512,11.6,277.1,280.0,ANTE TOPIC,IMO9737072,V7TR4,70,0,,,,,A
367078110,2020-08-19T19:50:02,36.83855,-76.28198,0.0,327.0,511.0,MARCELLE BORDELON,IMO9350379,WDJ2038,79,3,45,11,3.0,79,A
477196100,2020-08-19T19:36:46,37.19379,-76.13439,0.1,267.8,359.0,DARYA MA,IMO9591674,VRJH5,70,1,229,32,14.5,,A
477196100,2020-08-19T19:54:49,37.19377,-76.13446,0.1,267.8,359.0,DARYA MA,IMO9591674,VRJH5,70,1,229,32,14.5,,A
367821000,2020-08-19T19:37:08,36.97281,-76.43368,0.0,0.0,511.0,YANO,IMO7825409,NAQH,70,0,276,32,13.0,70,A
367821000,2020-08-19T19:48:37,36.97284,-76.43368,0.0,0.0,511.0,YANO,IMO7825409,NAQH,70,0,276,32,13.0,70,A
215677000,2020-08-19T19:36:04,37.23498,-76.11734,0.0,205.8,353.0,RIZE,IMO9584035,9HA2781,70,1,229,32,14.5,,A
367821000,2020-08-19T19:14:27,36.97282,-76.43367,0.0,0.0,511.0,YANO,IMO7825409,NAQH,70,0,276,32,13.0,70,A
368026000,2020-08-19T19:36:20,36.86576,-76.31605,0.0,270.5,2.0,BENAVIDEZ,IMO9218210,NBHG,70,5,289,32,10.9,70,A
477866300,2020-08-19T19:54:54,37.00435,-76.28454,15.0,258.3,257.0,BILBAO BRIDGE,IMO9492701,VRHY6,70,0,269,35,11.0,74,A
367821000,2020-08-19T19:38:38,36.97281,-76.43368,0.0,0.0,511.0,YANO,IMO7825409,NAQH,70,0,276,32,13.0,70,A
367932000,2020-08-19T19:14:17,36.94914,-76.32968,0.0,107.0,279.0,JOHN LENTHALL,IMO8325547,NJLN,80,5,193,29,,,A
373124000,2020-08-19T19:15:41,37.20423,-76.14719,15.0,17.1,15.0,MSC IMMACOLATA,IMO9463205,3FLQ2,70,0,199,32,11.2,,A
367821000,2020-08-19T19:39:57,36.97281,-76.43368,0.0,0.0,511.0,YANO,IMO7825409,NAQH,70,0,276,32,13.0,70,A
215677000,2020-08-19T19:51:02,37.23498,-76.11738,0.0,205.8,355.0,RIZE,IMO9584035,9HA2781,70,1,229,32,14.5,,A
367932000,2020-08-19T19:38:16,36.94916,-76.32965,0.0,107.0,279.0,JOHN LENTHALL,IMO8325547,NJLN,80,5,193,29,,,A
305855000,2020-08-19T19:38:49,36.86426,-76.31474,0.0,178.3,226.0,BBC PEARL,IMO9504786,V2FY8,70,5,153,23,9.1,70,A
367078110,2020-08-19T19:17:12,36.83855,-76.28198,0.0,225.0,511.0,MARCELLE BORDELON,IMO9350379,WDJ2038,79,3,45,11,3.0,79,A
367822000,2020-08-19T19:56:56,36.97317,-76.43383,0.0,0.0,238.0,USNS SHUGHART,IMO7825394,NAOQ,70,5,276,32,13.0,70,A
215677000,2020-08-19T19:59:59,37.23502,-76.11736,0.1,205.8,351.0,RIZE,IMO9584035,9HA2781,70,1,229,32,14.5,,A
215677000,2020-08-19T19:57:02,37.23499,-76.11729,0.0,205.8,351.0,RIZE,IMO9584035,9HA2781,70,1,229,32,14.5,,A
366839000,2020-08-19T19:40:02,36.85349,-76.31082,0.0,0.0,40.0,CAPE RISE,IMO7530808,KAFG,70,5,197,32,10.0,,A
538006982,2020-08-19T19:55:38,36.96764,-76.07164,11.7,276.3,280.0,ANTE TOPIC,IMO9737072,V7TR4,70,0,,,,,A
366839000,2020-08-19T19:58:02,36.85346,-76.31080,0.0,0.0,39.0,CAPE RISE,IMO7530808,KAFG,70,5,197,32,10.0,,A
367821000,2020-08-19T20:00:08,36.97284,-76.43368,0.0,0.0,511.0,YANO,IMO7825409,NAQH,70,0,276,32,13.0,70,A
538006982,2020-08-19T20:00:08,36.96937,-76.09034,12.2,275.6,282.0,ANTE TOPIC,IMO9737072,V7TR4,70,0,,,,,A
367821000,2020-08-19T20:01:18,36.97284,-76.43367,0.0,0.0,511.0,YANO,IMO7825409,NAQH,70,0,276,32,13.0,70,A
366839000,2020-08-19T20:00:59,36.85348,-76.31082,0.0,0.0,39.0,CAPE RISE,IMO7530808,KAFG,70,5,197,32,10.0,,A
367932000,2020-08-19T19:41:17,36.94915,-76.32962,0.0,107.0,279.0,JOHN LENTHALL,IMO8325547,NJLN,80,5,193,29,,,A
367821000,2020-08-19T20:02:27,36.97285,-76.43367,0.0,0.0,511.0,YANO,IMO7825409,NAQH,70,0,276,32,13.0,70,A
477866300,2020-08-19T20:01:06,36.99381,-76.30627,13.1,225.0,228.0,BILBAO BRIDGE,IMO9492701,VRHY6,70,0,269,35,11.0,74,A
367078110,2020-08-19T20:01:23,36.83854,-76.28198,0.0,195.0,511.0,MARCELLE BORDELON,IMO9350379,WDJ2038,79,3,45,11,3.0,79,A
368026000,2020-08-19T20:03:21,36.86575,-76.31604,0.0,270.5,2.0,BENAVIDEZ,IMO9218210,NBHG,70,5,289,32,10.9,70,A
368026000,2020-08-19T19:42:21,36.86575,-76.31604,0.0,270.5,2.0,BENAVIDEZ,IMO9218210,NBHG,70,5,289,32,10.9,70,A
367821000,2020-08-19T19:20:27,36.97282,-76.43367,0.0,0.0,511.0,YANO,IMO7825409,NAQH,70,0,276,32,13.0,70,A
367822000,2020-08-19T20:02:55,36.97317,-76.43384,0.0,0.0,238.0,USNS SHUGHART,IMO7825394,NAOQ,70,5,276,32,13.0,70,A
477866300,2020-08-19T19:43:00,37.00198,-76.21903,16.4,284.8,286.0,BILBAO BRIDGE,IMO9492701,VRHY6,70,0,269,35,11.0,74,A
538002652,2020-08-19T20:03:51,36.87942,-76.32643,0.0,169.0,276.0,NAIAS,IMO9330800,V7KN8,70,5,225,32,14.0,70,A
366839000,2020-08-19T20:04:04,36.85348,-76.31082,0.0,0.0,39.0,CAPE RISE,IMO7530808,KAFG,70,5,197,32,10.0,,A
368026000,2020-08-19T19:57:22,36.86574,-76.31604,0.0,270.5,2.0,BENAVIDEZ,IMO9218210,NBHG,70,5,289,32,10.9,70,A
367821000,2020-08-19T19:59:48,36.97284,-76.43368,0.0,0.0,511.0,YANO,IMO7825409,NAQH,70,0,276,32,13.0,70,A
538002652,2020-08-19T19:57:52,36.87945,-76.32643,0.0,169.0,276.0,NAIAS,IMO9330800,V7KN8,70,5,225,32,14.0,70,A
477866300,2020-08-19T19:22:35,36.97335,-76.10795,16.2,288.5,289.0,BILBAO BRIDGE,IMO9492701,VRHY6,70,0,269,35,11.0,74,A
538006982,2020-08-19T20:04:40,36.97366,-76.10829,12.0,287.7,290.0,ANTE TOPIC,IMO9737072,V7TR4,70,0,,,,,A
367078110,2020-08-19T20:03:42,36.83855,-76.28198,0.0,300.0,511.0,MARCELLE BORDELON,IMO9350379,WDJ2038,79,3,45,11,3.0,79,A
367078110,2020-08-19T20:05:02,36.83855,-76.28198,0.0,147.0,511.0,MARCELLE BORDELON,IMO9350379,WDJ2038,79,3,45,11,3.0,79,A
305855000,2020-08-19T19:44:49,36.86428,-76.31477,0.0,180.7,226.0,BBC PEARL,IMO9504786,V2FY8,70,5,153,23,9.1,70,A
368026000,2020-08-19T19:45:20,36.86575,-76.31605,0.0,270.5,2.0,BENAVIDEZ,IMO9218210,NBHG,70,5,289,32,10.9,70,A
215677000,2020-08-19T20:06:00,37.23504,-76.11768,0.2,274.2,356.0,RIZE,IMO9584035,9HA2781,70,1,229,32,14.5,,A
367861000,2020-08-19T19:45:01,36.94640,-76.32975,0.0,0.0,265.0,LARAMIE,IMO8906626,NLAR,80,5,193,29,,,A
367932000,2020-08-19T20:05:17,36.94921,-76.32969,0.0,107.0,279.0,JOHN LENTHALL,IMO8325547,NJLN,80,5,193,29,,,A
366839000,2020-08-19T19:46:02,36.85350,-76.31082,0.0,0.0,40.0,CAPE RISE,IMO7530808,KAFG,70,5,197,32,10.0,,A
368026000,2020-08-19T19:48:20,36.86576,-76.31603,0.0,270.5,2.0,BENAVIDEZ,IMO9218210,NBHG,70,5,289,32,10.9,70,A
538002652,2020-08-19T19:45:51,36.87950,-76.32643,0.0,169.0,276.0,NAIAS,IMO9330800,V7KN8,70,5,225,32,14.0,70,A
373124000,2020-08-19T19:47:28,37.33188,-76.08643,15.5,14.9,14.0,MSC IMMACOLATA,IMO9463205,3FLQ2,70,0,199,32,11.2,,A
368026000,2020-08-19T20:00:21,36.86575,-76.31603,0.0,270.5,2.0,BENAVIDEZ,IMO9218210,NBHG,70,5,289,32,10.9,70,A
368026000,2020-08-19T19:24:21,36.86577,-76.31604,0.0,270.5,2.0,BENAVIDEZ,IMO9218210,NBHG,70,5,289,32,10.9,70,A
211839000,2020-08-19T20:05:45,36.90655,-76.32673,0.0,352.0,352.0,CHICAGO EXPRESS,IMO9295268,DCUJ2,70,5,336,42,14.6,79,A
367822000,2020-08-19T20:05:56,36.97317,-76.43384,0.0,0.0,238.0,USNS SHUGHART,IMO7825394,NAOQ,70,5,276,32,13.0,70,A
367821000,2020-08-19T19:24:57,36.97281,-76.43367,0.0,0.0,511.0,YANO,IMO7825409,NAQH,70,0,276,32,13.0,70,A
367078110,2020-08-19T20:07:22,36.83855,-76.28198,0.0,238.0,511.0,MARCELLE BORDELON,IMO9350379,WDJ2038,79,3,45,11,3.0,79,A
538006982,2020-08-19T20:06:58,36.97604,-76.11760,12.3,287.2,290.0,ANTE TOPIC,IMO9737072,V7TR4,70,0,,,,,A
367932000,2020-08-19T19:47:18,36.94913,-76.32961,0.0,107.0,279.0,JOHN LENTHALL,IMO8325547,NJLN,80,5,193,29,,,A
477866300,2020-08-19T19:27:11,36.98017,-76.13314,16.6,288.3,290.0,BILBAO BRIDGE,IMO9492701,VRHY6,70,0,269,35,11.0,74,A
477866300,2020-08-19T19:50:41,37.00700,-76.26194,16.3,269.6,269.0,BILBAO BRIDGE,IMO9492701,VRHY6,70,0,269,35,11.0,74,A
538006982,2020-08-19T20:02:30,36.97144,-76.09972,11.9,287.6,290.0,ANTE TOPIC,IMO9737072,V7TR4,70,0,,,,,A
366839000,2020-08-19T20:06:57,36.85349,-76.31081,0.0,0.0,39.0,CAPE RISE,IMO7530808,KAFG,70,5,197,32,10.0,,A
477866300,2020-08-19T20:06:42,36.97927,-76.32561,13.0,227.5,228.0,BILBAO BRIDGE,IMO9492701,VRHY6,70,0,269,35,11.0,74,A
367932000,2020-08-19T20:08:18,36.94913,-76.32970,0.0,107.0,279.0,JOHN LENTHALL,IMO8325547,NJLN,80,5,193,29,,,A
305855000,2020-08-19T20:02:47,36.86430,-76.31476,0.0,179.6,226.0,BBC PEARL,IMO9504786,V2FY8,70,5,153,23,9.1,70,A
538006982,2020-08-19T20:08:09,36.97727,-76.12244,12.4,287.2,290.0,ANTE TOPIC,IMO9737072,V7TR4,70,0,,,,,A
367078110,2020-08-19T20:08:32,36.83855,-76.28198,0.0,330.0,511.0,MARCELLE BORDELON,IMO9350379,WDJ2038,79,3,45,11,3.0,79,A
366839000,2020-08-19T19:49:02,36.85348,-76.31082,0.0,0.0,39.0,CAPE RISE,IMO7530808,KAFG,70,5,197,32,10.0,,A
366839000,2020-08-19T19:28:02,36.85350,-76.31082,0.0,0.0,39.0,CAPE RISE,IMO7530808,KAFG,70,5,197,32,10.0,,A
477196100,2020-08-19T19:27:44,37.19379,-76.13432,0.1,267.8,356.0,DARYA MA,IMO9591674,VRJH5,70,1,229,32,14.5,,A
211839000,2020-08-19T20:08:48,36.90658,-76.32675,0.0,352.0,352.0,CHICAGO EXPRESS,IMO9295268,DCUJ2,70,5,336,42,14.6,79,A
366839000,2020-08-19T19:52:01,36.85348,-76.31085,0.0,0.0,39.0,CAPE RISE,IMO7530808,KAFG,70,5,197,32,10.0,,A
367821000,2020-08-19T20:04:47,36.97285,-76.43367,0.0,0.0,511.0,YANO,IMO7825409,NAQH,70,0,276,32,13.0,70,A
367822000,2020-08-19T20:08:55,36.97317,-76.43383,0.0,0.0,238.0,USNS SHUGHART,IMO7825394,NAOQ,70,5,276,32,13.0,70,A
538002652,2020-08-19T20:09:51,36.87943,-76.32643,0.0,169.0,276.0,NAIAS,IMO9330800,V7KN8,70,5,225,32,14.0,70,A
368026000,2020-08-19T19:51:21,36.86576,-76.31604,0.0,270.5,2.0,BENAVIDEZ,IMO9218210,NBHG,70,5,289,32,10.9,70,A
477866300,2020-08-19T20:05:36,36.98182,-76.32217,13.8,227.4,228.0,BILBAO BRIDGE,IMO9492701,VRHY6,70,0,269,35,11.0,74,A
367821000,2020-08-19T19:53:38,36.97284,-76.43368,0.0,0.0,511.0,YANO,IMO7825409,NAQH,70,0,276,32,13.0,70,A
538002652,2020-08-19T19:54:52,36.87942,-76.32643,0.0,169.0,276.0,NAIAS,IMO9330800,V7KN8,70,5,225,32,14.0,70,A
538006982,2020-08-19T20:05:49,36.97487,-76.11296,12.1,287.7,290.0,ANTE TOPIC,IMO9737072,V7TR4,70,0,,,,,A
367078110,2020-08-19T20:09:53,36.83855,-76.28198,0.0,327.0,511.0,MARCELLE BORDELON,IMO9350379,WDJ2038,79,3,45,11,3.0,79,A
477196100,2020-08-19T19:30:46,37.19379,-76.13439,0.1,267.8,357.0,DARYA MA,IMO9591674,VRJH5,70,1,229,32,14.5,,A
367078110,2020-08-19T19:56:02,36.83855,-76.28198,0.0,33.0,511.0,MARCELLE BORDELON,IMO9350379,WDJ2038,79,3,45,11,3.0,79,A
215677000,2020-08-19T19:54:00,37.23501,-76.11731,0.1,205.8,353.0,RIZE,IMO9584035,9HA2781,70,1,229,32,14.5,,A
366839000,2020-08-19T19:31:05,36.85352,-76.31081,0.0,0.0,40.0,CAPE RISE,IMO7530808,KAFG,70,5,197,32,10.0,,A
538006982,2020-08-19T20:10:29,36.97961,-76.13206,12.6,286.5,290.0,ANTE TOPIC,IMO9737072,V7TR4,70,0,,,,,A
367861000,2020-08-19T20:12:00,36.94638,-76.32974,0.0,0.0,266.0,LARAMIE,IMO8906626,NLAR,80,5,193,29,,,A
477866300,2020-08-19T20:10:02,36.97151,-76.33476,10.9,211.9,201.0,BILBAO BRIDGE,IMO9492701,VRHY6,70,0,269,35,11.0,74,A
211839000,2020-08-19T20:11:47,36.90656,-76.32671,0.0,352.0,352.0,CHICAGO EXPRESS,IMO9295268,DCUJ2,70,5,336,42,14.6,79,A
373124000,2020-08-19T19:32:11,37.27107,-76.12112,15.3,17.4,15.0,MSC IMMACOLATA,IMO9463205,3FLQ2,70,0,199,32,11.2,,A
367932000,2020-08-19T19:53:17,36.94920,-76.32969,0.0,107.0,279.0,JOHN LENTHALL,IMO8325547,NJLN,80,5,193,29,,,A
367861000,2020-08-19T19:54:00,36.94637,-76.32973,0.0,0.0,265.0,LARAMIE,IMO8906626,NLAR,80,5,193,29,,,A
367078110,2020-08-19T20:12:13,36.83856,-76.28198,0.0,51.0,511.0,MARCELLE BORDELON,IMO9350379,WDJ2038,79,3,45,11,3.0,79,A
538006982,2020-08-19T20:11:38,36.98079,-76.13698,12.7,286.4,290.0,ANTE TOPIC,IMO9737072,V7TR4,70,0,,,,,A
367821000,2020-08-19T20:13:08,36.97285,-76.43367,0.0,0.0,511.0,YANO,IMO7825409,NAQH,70,0,276,32,13.0,70,A
477866300,2020-08-19T19:59:05,36.99896,-76.29977,11.1,234.8,229.0,BILBAO BRIDGE,IMO9492701,VRHY6,70,0,269,35,11.0,74,A
367078110,2020-08-19T20:13:22,36.83855,-76.28198,0.0,186.0,511.0,MARCELLE BORDELON,IMO9350379,WDJ2038,79,3,45,11,3.0,79,A
215677000,2020-08-19T20:11:59,37.23503,-76.11794,0.0,271.6,6.0,RIZE,IMO9584035,9HA2781,70,1,229,32,14.5,,A
305855000,2020-08-19T19:56:48,36.86428,-76.31477,0.0,182.3,226.0,BBC PEARL,IMO9504786,V2FY8,70,5,153,23,9.1,70,A
367821000,2020-08-19T19:58:38,36.97284,-76.43367,0.0,0.0,511.0,YANO,IMO7825409,NAQH,70,0,276,32,13.0,70,A
211839000,2020-08-19T19:56:41,36.90655,-76.32675,0.0,352.0,352.0,CHICAGO EXPRESS,IMO9295268,DCUJ2,70,5,336,42,14.6,79,A
367861000,2020-08-19T19:57:01,36.94641,-76.32978,0.0,0.0,265.0,LARAMIE,IMO8906626,NLAR,80,5,193,29,,,A
538006982,2020-08-19T19:59:58,36.96932,-76.08964,12.2,276.2,281.0,ANTE TOPIC,IMO9737072,V7TR4,70,0,,,,,A
211839000,2020-08-19T19:35:32,36.90659,-76.32673,0.0,352.0,352.0,CHICAGO EXPRESS,IMO9295268,DCUJ2,70,5,336,42,14.6,79,A
477866300,2020-08-19T20:12:52,36.96396,-76.33592,9.9,180.2,183.0,BILBAO BRIDGE,IMO9492701,VRHY6,70,0,269,35,11.0,74,A
305855000,2020-08-19T20:14:47,36.86427,-76.31476,0.0,130.0,226.0,BBC PEARL,IMO9504786,V2FY8,70,5,153,23,9.1,70,A
477196100,2020-08-19T19:57:47,37.19377,-76.13446,0.0,267.8,359.0,DARYA MA,IMO9591674,VRJH5,70,1,229,32,14.5,,A
367078110,2020-08-19T20:14:33,36.83855,-76.28198,0.0,329.0,511.0,MARCELLE BORDELON,IMO9350379,WDJ2038,79,3,45,11,3.0,79,A
477866300,2020-08-19T20:15:02,36.95833,-76.33596,9.3,181.2,185.0,BILBAO BRIDGE,IMO9492701,VRHY6,70,0,269,35,11.0,74,A
538006982,2020-08-19T20:15:39,36.98540,-76.15370,12.8,289.8,292.0,ANTE TOPIC,IMO9737072,V7TR4,70,0,,,,,A
366839000,2020-08-19T20:16:02,36.85349,-76.31078,0.0,0.0,39.0,CAPE RISE,IMO7530808,KAFG,70,5,197,32,10.0,,A
367822000,2020-08-19T20:14:55,36.97316,-76.43383,0.0,0.0,238.0,USNS SHUGHART,IMO7825394,NAOQ,70,5,276,32,13.0,70,A
477196100,2020-08-19T20:15:50,37.19379,-76.13454,0.1,267.8,359.0,DARYA MA,IMO9591674,VRJH5,70,1,229,32,14.5,,A
367078110,2020-08-19T19:37:52,36.83855,-76.28198,0.0,188.0,511.0,MARCELLE BORDELON,IMO9350379,WDJ2038,79,3,45,11,3.0,79,A
538002652,2020-08-19T20:15:53,36.87942,-76.32642,0.0,169.0,276.0,NAIAS,IMO9330800,V7KN8,70,5,225,32,14.0,70,A
367078110,2020-08-19T20:15:43,36.83855,-76.28198,0.0,229.0,511.0,MARCELLE BORDELON,IMO9350379,WDJ2038,79,3,45,11,3.0,79,A
373124000,2020-08-19T19:38:53,37.29844,-76.10886,16.1,31.3,30.0,MSC IMMACOLATA,IMO9463205,3FLQ2,70,0,199,32,11.2,,A
367821000,2020-08-19T20:10:48,36.97285,-76.43367,0.0,0.0,511.0,YANO,IMO7825409,NAQH,70,0,276,32,13.0,70,A
367078110,2020-08-19T20:00:12,36.83854,-76.28198,0.0,67.0,511.0,MARCELLE BORDELON,IMO9350379,WDJ2038,79,3,45,11,3.0,79,A
367078110,2020-08-19T20:17:03,36.83855,-76.28198,0.0,310.0,511.0,MARCELLE BORDELON,IMO9350379,WDJ2038,79,3,45,11,3.0,79,A
211839000,2020-08-19T20:14:49,36.90657,-76.32672,0.0,353.0,353.0,CHICAGO EXPRESS,IMO9295268,DCUJ2,70,5,336,42,14.6,79,A
477196100,2020-08-19T20:00:48,37.19378,-76.13446,0.1,267.8,358.0,DARYA MA,IMO9591674,VRJH5,70,1,229,32,14.5,,A
368026000,2020-08-19T20:18:20,36.86575,-76.31605,0.0,270.5,2.0,BENAVIDEZ,IMO9218210,NBHG,70,5,289,32,10.9,70,A
368026000,2020-08-19T20:12:21,36.86575,-76.31604,0.0,270.5,2.0,BENAVIDEZ,IMO9218210,NBHG,70,5,289,32,10.9,70,A
305855000,2020-08-19T20:17:49,36.86431,-76.31475,0.0,166.3,226.0,BBC PEARL,IMO9504786,V2FY8,70,5,153,23,9.1,70,A
538006982,2020-08-19T20:17:59,36.98822,-76.16350,12.7,289.6,292.0,ANTE TOPIC,IMO9737072,V7TR4,70,0,,,,,A
367932000,2020-08-19T20:17:16,36.94911,-76.32959,0.0,107.0,279.0,JOHN LENTHALL,IMO8325547,NJLN,80,5,193,29,,,A
215677000,2020-08-19T20:18:00,37.23499,-76.11771,0.1,271.6,1.0,RIZE,IMO9584035,9HA2781,70,1,229,32,14.5,,A
367822000,2020-08-19T19:38:55,36.97316,-76.43380,0.0,0.0,238.0,USNS SHUGHART,IMO7825394,NAOQ,70,5,276,32,13.0,70,A
367078110,2020-08-19T20:18:13,36.83855,-76.28198,0.0,89.0,511.0,MARCELLE BORDELON,IMO9350379,WDJ2038,79,3,45,11,3.0,79,A
367932000,2020-08-19T20:02:17,36.94917,-76.32967,0.0,107.0,279.0,JOHN LENTHALL,IMO8325547,NJLN,80,5,193,29,,,A
538006982,2020-08-19T20:01:18,36.97021,-76.09508,11.9,286.4,290.0,ANTE TOPIC,IMO9737072,V7TR4,70,0,,,,,A
215677000,2020-08-19T19:38:57,37.23500,-76.11736,0.0,205.8,353.0,RIZE,IMO9584035,9HA2781,70,1,229,32,14.5,,A
367821000,2020-08-19T20:14:18,36.97285,-76.43367,0.0,0.0,511.0,YANO,IMO7825409,NAQH,70,0,276,32,13.0,70,A
367078110,2020-08-19T20:02:33,36.83855,-76.28198,0.0,240.0,511.0,MARCELLE BORDELON,IMO9350379,WDJ2038,79,3,45,11,3.0,79,A
215677000,2020-08-19T20:15:02,37.23500,-76.11784,0.1,271.6,6.0,RIZE,IMO9584035,9HA2781,70,1,229,32,14.5,,A
367861000,2020-08-19T20:02:59,36.94635,-76.32976,0.0,0.0,265.0,LARAMIE,IMO8906626,NLAR,80,5,193,29,,,A
477866300,2020-08-19T20:02:17,36.99048,-76.31053,13.8,225.6,228.0,BILBAO BRIDGE,IMO9492701,VRHY6,70,0,269,35,11.0,74,A
477866300,2020-08-19T20:03:24,36.98749,-76.31446,14.1,226.7,229.0,BILBAO BRIDGE,IMO9492701,VRHY6,70,0,269,35,11.0,74,A
211839000,2020-08-19T20:17:53,36.90658,-76.32671,0.0,353.0,353.0,CHICAGO EXPRESS,IMO9295268,DCUJ2,70,5,336,42,14.6,79,A
367821000,2020-08-19T20:20:18,36.97283,-76.43366,0.0,0.0,511.0,YANO,IMO7825409,NAQH,70,0,276,32,13.0,70,A
477866300,2020-08-19T20:16:03,36.95610,-76.33610,8.0,182.5,186.0,BILBAO BRIDGE,IMO9492701,VRHY6,70,0,269,35,11.0,74,A
477866300,2020-08-19T20:04:30,36.98463,-76.31832,14.0,227.1,229.0,BILBAO BRIDGE,IMO9492701,VRHY6,70,0,269,35,11.0,74,A
538006982,2020-08-19T20:03:39,36.97264,-76.10432,11.9,287.6,290.0,ANTE TOPIC,IMO9737072,V7TR4,70,0,,,,,A
373124000,2020-08-19T19:41:41,37.30923,-76.10084,16.0,31.1,30.0,MSC IMMACOLATA,IMO9463205,3FLQ2,70,0,199,32,11.2,,A
538002652,2020-08-19T20:18:49,36.87942,-76.32642,0.0,169.0,276.0,NAIAS,IMO9330800,V7KN8,70,5,225,32,14.0,70,A
367821000,2020-08-19T20:21:57,36.97283,-76.43366,0.0,0.0,511.0,YANO,IMO7825409,NAQH,70,0,276,32,13.0,70,A
368026000,2020-08-19T20:21:20,36.86576,-76.31606,0.0,270.5,2.0,BENAVIDEZ,IMO9218210,NBHG,70,5,289,32,10.9,70,A
367078110,2020-08-19T20:21:52,36.83856,-76.28199,0.0,220.0,511.0,MARCELLE BORDELON,IMO9350379,WDJ2038,79,3,45,11,3.0,79,A
477866300,2020-08-19T20:22:41,36.94369,-76.33695,6.5,184.0,185.0,BILBAO BRIDGE,IMO9492701,VRHY6,70,0,269,35,11.0,74,A
367932000,2020-08-19T20:20:16,36.94915,-76.32962,0.0,107.0,279.0,JOHN LENTHALL,IMO8325547,NJLN,80,5,193,29,,,A
305855000,2020-08-19T19:41:46,36.86424,-76.31476,0.0,189.2,226.0,BBC PEARL,IMO9504786,V2FY8,70,5,153,23,9.1,70,A
366839000,2020-08-19T20:22:00,36.85348,-76.31079,0.0,0.0,39.0,CAPE RISE,IMO7530808,KAFG,70,5,197,32,10.0,,A
215677000,2020-08-19T19:42:03,37.23502,-76.11736,0.1,205.8,352.0,RIZE,IMO9584035,9HA2781,70,1,229,32,14.5,,A
538006982,2020-08-19T20:22:19,36.99291,-76.18169,12.8,287.0,290.0,ANTE TOPIC,IMO9737072,V7TR4,70,0,,,,,A
305855000,2020-08-19T20:20:48,36.86428,-76.31476,0.0,157.9,226.0,BBC PEARL,IMO9504786,V2FY8,70,5,153,23,9.1,70,A
477866300,2020-08-19T20:17:12,36.95407,-76.33625,6.8,182.6,185.0,BILBAO BRIDGE,IMO9492701,VRHY6,70,0,269,35,11.0,74,A
367078110,2020-08-19T20:23:02,36.83855,-76.28198,0.0,9.0,511.0,MARCELLE BORDELON,IMO9350379,WDJ2038,79,3,45,11,3.0,79,A
367821000,2020-08-19T20:05:58,36.97285,-76.43367,0.0,0.0,511.0,YANO,IMO7825409,NAQH,70,0,276,32,13.0,70,A
367861000,2020-08-19T20:06:00,36.94638,-76.32983,0.0,0.0,266.0,LARAMIE,IMO8906626,NLAR,80,5,193,29,,,A
538002652,2020-08-19T20:21:50,36.87943,-76.32643,0.0,204.0,276.0,NAIAS,IMO9330800,V7KN8,70,5,225,32,14.0,70,A
305855000,2020-08-19T20:23:48,36.86428,-76.31477,0.0,164.1,226.0,BBC PEARL,IMO9504786,V2FY8,70,5,153,23,9.1,70,A
538006982,2020-08-19T20:24:58,36.99565,-76.19299,12.7,286.5,290.0,ANTE TOPIC,IMO9737072,V7TR4,70,0,,,,,A
477196100,2020-08-19T19:42:49,37.19379,-76.13434,0.1,267.8,358.0,DARYA MA,IMO9591674,VRJH5,70,1,229,32,14.5,,A
215677000,2020-08-19T20:24:01,37.23509,-76.11798,0.2,284.5,3.0,RIZE,IMO9584035,9HA2781,70,1,229,32,14.5,,A
367861000,2020-08-19T20:24:01,36.94633,-76.32979,0.0,0.0,265.0,LARAMIE,IMO8906626,NLAR,80,5,193,29,,,A
367078110,2020-08-19T20:06:12,36.83855,-76.28198,0.2,181.0,511.0,MARCELLE BORDELON,IMO9350379,WDJ2038,79,3,45,11,3.0,79,A
367821000,2020-08-19T20:19:07,36.97285,-76.43369,0.0,0.0,511.0,YANO,IMO7825409,NAQH,70,0,276,32,13.0,70,A
477196100,2020-08-19T20:06:48,37.19380,-76.13465,0.1,267.8,4.0,DARYA MA,IMO9591674,VRJH5,70,1,229,32,14.5,,A
367078110,2020-08-19T19:46:22,36.83855,-76.28198,0.0,13.0,511.0,MARCELLE BORDELON,IMO9350379,WDJ2038,79,3,45,11,3.0,79,A
367078110,2020-08-19T20:26:02,36.83855,-76.28199,0.0,141.0,511.0,MARCELLE BORDELON,IMO9350379,WDJ2038,79,3,45,11,3.0,79,A
477866300,2020-08-19T19:45:11,37.00473,-76.23134,16.8,285.4,286.0,BILBAO BRIDGE,IMO9492701,VRHY6,70,0,269,35,11.0,74,A
367821000,2020-08-19T19:46:18,36.97285,-76.43369,0.0,0.0,511.0,YANO,IMO7825409,NAQH,70,0,276,32,13.0,70,A
538006982,2020-08-19T20:21:18,36.99188,-76.17745,12.8,286.9,290.0,ANTE TOPIC,IMO9737072,V7TR4,70,0,,,,,A
367821000,2020-08-19T20:08:28,36.97285,-76.43367,0.0,0.0,511.0,YANO,IMO7825409,NAQH,70,0,276,32,13.0,70,A
368026000,2020-08-19T20:27:21,36.86576,-76.31604,0.0,270.5,2.0,BENAVIDEZ,IMO9218210,NBHG,70,5,289,32,10.9,70,A
215677000,2020-08-19T20:27:03,37.23507,-76.11812,0.1,262.5,7.0,RIZE,IMO9584035,9HA2781,70,1,229,32,14.5,,A
305855000,2020-08-19T20:08:48,36.86428,-76.31475,0.0,167.7,226.0,BBC PEARL,IMO9504786,V2FY8,70,5,153,23,9.1,70,A
538006982,2020-08-19T20:09:18,36.97841,-76.12713,12.5,286.8,290.0,ANTE TOPIC,IMO9737072,V7TR4,70,0,,,,,A
367932000,2020-08-19T20:26:17,36.94911,-76.32966,0.0,107.0,279.0,JOHN LENTHALL,IMO8325547,NJLN,80,5,193,29,,,A
538002652,2020-08-19T20:27:52,36.87942,-76.32640,0.0,204.0,276.0,NAIAS,IMO9330800,V7KN8,70,5,225,32,14.0,70,A
367932000,2020-08-19T20:29:16,36.94911,-76.32971,0.0,107.0,279.0,JOHN LENTHALL,IMO8325547,NJLN,80,5,193,29,,,A
538006982,2020-08-19T20:26:09,36.99685,-76.19798,12.6,286.7,290.0,ANTE TOPIC,IMO9737072,V7TR4,70,0,,,,,A
211839000,2020-08-19T20:26:55,36.90666,-76.32676,0.0,353.0,353.0,CHICAGO EXPRESS,IMO9295268,DCUJ2,70,5,336,42,14.6,79,A
477866300,2020-08-19T20:26:11,36.93666,-76.33747,7.2,183.0,186.0,BILBAO BRIDGE,IMO9492701,VRHY6,70,0,269,35,11.0,74,A
367821000,2020-08-19T20:09:37,36.97285,-76.43367,0.0,0.0,511.0,YANO,IMO7825409,NAQH,70,0,276,32,13.0,70,A
367078110,2020-08-19T19:51:22,36.83855,-76.28199,0.0,315.0,511.0,MARCELLE BORDELON,IMO9350379,WDJ2038,79,3,45,11,3.0,79,A
215677000,2020-08-19T20:29:59,37.23505,-76.11814,0.1,262.5,12.0,RIZE,IMO9584035,9HA2781,70,1,229,32,14.5,,A
477866300,2020-08-19T20:25:02,36.93902,-76.33729,7.5,183.7,185.0,BILBAO BRIDGE,IMO9492701,VRHY6,70,0,269,35,11.0,74,A
211839000,2020-08-19T20:23:53,36.90659,-76.32673,0.0,353.0,353.0,CHICAGO EXPRESS,IMO9295268,DCUJ2,70,5,336,42,14.6,79,A
367822000,2020-08-19T20:23:54,36.97312,-76.43385,0.0,0.0,238.0,USNS SHUGHART,IMO7825394,NAOQ,70,5,276,32,13.0,70,A
366839000,2020-08-19T20:09:58,36.85346,-76.31079,0.0,0.0,39.0,CAPE RISE,IMO7530808,KAFG,70,5,197,32,10.0,,A
538002652,2020-08-19T20:24:51,36.87943,-76.32640,0.0,204.0,276.0,NAIAS,IMO9330800,V7KN8,70,5,225,32,14.0,70,A
367078110,2020-08-19T19:52:52,36.83855,-76.28199,0.0,64.0,511.0,MARCELLE BORDELON,IMO9350379,WDJ2038,79,3,45,11,3.0,79,A
477866300,2020-08-19T20:11:12,36.96837,-76.33582,10.5,190.4,184.0,BILBAO BRIDGE,IMO9492701,VRHY6,70,0,269,35,11.0,74,A
477866300,2020-08-19T20:29:52,36.93157,-76.33778,2.8,179.8,183.0,BILBAO BRIDGE,IMO9492701,VRHY6,70,0,269,35,11.0,74,A
305855000,2020-08-19T19:50:46,36.86428,-76.31477,0.0,191.9,226.0,BBC PEARL,IMO9504786,V2FY8,70,5,153,23,9.1,70,A
305855000,2020-08-19T20:29:48,36.86429,-76.31476,0.0,144.0,226.0,BBC PEARL,IMO9504786,V2FY8,70,5,153,23,9.1,70,A
367821000,2020-08-19T20:29:18,36.97285,-76.43366,0.0,0.0,511.0,YANO,IMO7825409,NAQH,70,0,276,32,13.0,70,A
367078110,2020-08-19T20:28:03,36.83854,-76.28198,0.0,345.0,511.0,MARCELLE BORDELON,IMO9350379,WDJ2038,79,3,45,11,3.0,79,A
538006982,2020-08-19T20:27:38,36.99833,-76.20406,12.5,287.0,292.0,ANTE TOPIC,IMO9737072,V7TR4,70,0,,,,,A
477196100,2020-08-19T20:12:49,37.19379,-76.13453,0.1,267.8,2.0,DARYA MA,IMO9591674,VRJH5,70,1,229,32,14.5,,A
367078110,2020-08-19T20:32:43,36.83854,-76.28197,0.0,184.0,511.0,MARCELLE BORDELON,IMO9350379,WDJ2038,79,3,45,11,3.0,79,A
367861000,2020-08-19T20:33:01,36.94637,-76.32979,0.0,0.0,265.0,LARAMIE,IMO8906626,NLAR,80,5,193,29,,,A
477866300,2020-08-19T20:31:03,36.93099,-76.33777,1.7,178.2,182.0,BILBAO BRIDGE,IMO9492701,VRHY6,70,0,269,35,11.0,74,A
538006982,2020-08-19T20:28:50,36.99965,-76.20897,12.4,288.5,292.0,ANTE TOPIC,IMO9737072,V7TR4,70,0,,,,,A
538006982,2020-08-19T20:36:38,37.00783,-76.24050,12.0,277.3,277.0,ANTE TOPIC,IMO9737072,V7TR4,70,0,,,,,A
538006982,2020-08-19T20:32:19,37.00345,-76.22318,12.3,288.6,292.0,ANTE TOPIC,IMO9737072,V7TR4,70,0,,,,,A
367932000,2020-08-19T20:32:18,36.94911,-76.32977,0.0,107.0,279.0,JOHN LENTHALL,IMO8325547,NJLN,80,5,193,29,,,A
538006982,2020-08-19T20:13:59,36.98340,-76.14677,12.7,289.8,292.0,ANTE TOPIC,IMO9737072,V7TR4,70,0,,,,,A
305855000,2020-08-19T20:35:48,36.86429,-76.31478,0.0,121.3,226.0,BBC PEARL,IMO9504786,V2FY8,70,5,153,23,9.1,70,A
367821000,2020-08-19T20:15:28,36.97285,-76.43367,0.0,0.0,511.0,YANO,IMO7825409,NAQH,70,0,276,32,13.0,70,A
367821000,2020-08-19T19:56:27,36.97284,-76.43368,0.0,0.0,511.0,YANO,IMO7825409,NAQH,70,0,276,32,13.0,70,A
368026000,2020-08-19T19:54:20,36.86574,-76.31606,0.0,270.5,2.0,BENAVIDEZ,IMO9218210,NBHG,70,5,289,32,10.9,70,A
538006982,2020-08-19T20:34:38,37.00607,-76.23246,12.2,289.2,292.0,ANTE TOPIC,IMO9737072,V7TR4,70,0,,,,,A
538006982,2020-08-19T20:16:49,36.98683,-76.15864,12.8,289.8,292.0,ANTE TOPIC,IMO9737072,V7TR4,70,0,,,,,A
367078110,2020-08-19T20:35:24,36.83854,-76.28197,0.0,225.0,511.0,MARCELLE BORDELON,IMO9350379,WDJ2038,79,3,45,11,3.0,79,A
477866300,2020-08-19T20:39:02,36.92846,-76.33437,2.8,112.2,289.0,BILBAO BRIDGE,IMO9492701,VRHY6,70,0,269,35,11.0,74,A
477866300,2020-08-19T20:32:13,36.93046,-76.33775,1.5,180.0,184.0,BILBAO BRIDGE,IMO9492701,VRHY6,70,0,269,35,11.0,74,A
367861000,2020-08-19T20:36:01,36.94638,-76.32978,0.0,0.0,265.0,LARAMIE,IMO8906626,NLAR,80,5,193,29,,,A
367821000,2020-08-19T20:33:48,36.97285,-76.43365,0.0,0.0,511.0,YANO,IMO7825409,NAQH,70,0,276,32,13.0,70,A
215677000,2020-08-19T20:35:59,37.23504,-76.11799,0.1,111.6,6.0,RIZE,IMO9584035,9HA2781,70,1,229,32,14.5,,A
211839000,2020-08-19T20:36:01,36.90667,-76.32681,0.0,353.0,353.0,CHICAGO EXPRESS,IMO9295268,DCUJ2,70,5,336,42,14.6,79,A
367078110,2020-08-19T20:36:33,36.83855,-76.28197,0.0,325.0,511.0,MARCELLE BORDELON,IMO9350379,WDJ2038,79,3,45,11,3.0,79,A
477866300,2020-08-19T20:18:22,36.95192,-76.33635,6.1,181.9,186.0,BILBAO BRIDGE,IMO9492701,VRHY6,70,0,269,35,11.0,74,A
477196100,2020-08-19T20:18:50,37.19380,-76.13462,0.1,267.8,3.0,DARYA MA,IMO9591674,VRJH5,70,1,229,32,14.5,,A
538002652,2020-08-19T20:36:51,36.87943,-76.32642,0.0,204.0,276.0,NAIAS,IMO9330800,V7KN8,70,5,225,32,14.0,70,A
367822000,2020-08-19T20:20:56,36.97315,-76.43383,0.0,0.0,238.0,USNS SHUGHART,IMO7825394,NAOQ,70,5,276,32,13.0,70,A
211839000,2020-08-19T20:20:50,36.90661,-76.32675,0.0,353.0,353.0,CHICAGO EXPRESS,IMO9295268,DCUJ2,70,5,336,42,14.6,79,A
367932000,2020-08-19T19:56:18,36.94917,-76.32966,0.0,107.0,279.0,JOHN LENTHALL,IMO8325547,NJLN,80,5,193,29,,,A
366839000,2020-08-19T20:33:58,36.85345,-76.31080,0.0,0.0,39.0,CAPE RISE,IMO7530808,KAFG,70,5,197,32,10.0,,A
366839000,2020-08-19T20:37:02,36.85346,-76.31080,0.0,0.0,39.0,CAPE RISE,IMO7530808,KAFG,70,5,197,32,10.0,,A
367932000,2020-08-19T20:38:16,36.94911,-76.32958,0.0,107.0,279.0,JOHN LENTHALL,IMO8325547,NJLN,80,5,193,29,,,A
477866300,2020-08-19T20:20:52,36.94705,-76.33668,7.4,183.4,186.0,BILBAO BRIDGE,IMO9492701,VRHY6,70,0,269,35,11.0,74,A
368026000,2020-08-19T20:39:21,36.86574,-76.31604,0.1,270.5,2.0,BENAVIDEZ,IMO9218210,NBHG,70,5,289,32,10.9,70,A
367822000,2020-08-19T20:38:55,36.97312,-76.43384,0.0,0.0,238.0,USNS SHUGHART,IMO7825394,NAOQ,70,5,276,32,13.0,70,A
215677000,2020-08-19T20:21:04,37.23503,-76.11776,0.2,280.4,359.0,RIZE,IMO9584035,9HA2781,70,1,229,32,14.5,,A
215677000,2020-08-19T20:39:05,37.23510,-76.11816,0.2,292.0,8.0,RIZE,IMO9584035,9HA2781,70,1,229,32,14.5,,A
367861000,2020-08-19T20:00:00,36.94638,-76.32979,0.0,0.0,265.0,LARAMIE,IMO8906626,NLAR,80,5,193,29,,,A
305855000,2020-08-19T20:38:48,36.86430,-76.31477,0.0,127.3,226.0,BBC PEARL,IMO9504786,V2FY8,70,5,153,23,9.1,70,A
538006982,2020-08-19T20:38:59,37.00830,-76.25026,12.1,273.2,275.0,ANTE TOPIC,IMO9737072,V7TR4,70,0,,,,,A
538006982,2020-08-19T20:40:39,37.00801,-76.25719,11.9,259.7,261.0,ANTE TOPIC,IMO9737072,V7TR4,70,0,,,,,A
305855000,2020-08-19T19:59:49,36.86429,-76.31476,0.0,161.3,226.0,BBC PEARL,IMO9504786,V2FY8,70,5,153,23,9.1,70,A
211839000,2020-08-19T19:59:43,36.90651,-76.32673,0.0,352.0,352.0,CHICAGO EXPRESS,IMO9295268,DCUJ2,70,5,336,42,14.6,79,A
367078110,2020-08-19T20:41:12,36.83854,-76.28198,0.0,348.0,511.0,MARCELLE BORDELON,IMO9350379,WDJ2038,79,3,45,11,3.0,79,A
367932000,2020-08-19T19:59:17,36.94917,-76.32965,0.0,107.0,279.0,JOHN LENTHALL,IMO8325547,NJLN,80,5,193,29,,,A
538006982,2020-08-19T20:37:49,37.00809,-76.24537,12.1,272.6,275.0,ANTE TOPIC,IMO9737072,V7TR4,70,0,,,,,A
305855000,2020-08-19T20:41:48,36.86431,-76.31477,0.0,123.8,226.0,BBC PEARL,IMO9504786,V2FY8,70,5,153,23,9.1,70,A
477196100,2020-08-19T20:39:48,37.19383,-76.13456,0.0,267.8,5.0,DARYA MA,IMO9591674,VRJH5,70,1,229,32,14.5,,A
477866300,2020-08-19T20:00:05,36.99655,-76.30287,11.7,225.3,228.0,BILBAO BRIDGE,IMO9492701,VRHY6,70,0,269,35,11.0,74,A
367932000,2020-08-19T20:41:16,36.94916,-76.32971,0.0,107.0,279.0,JOHN LENTHALL,IMO8325547,NJLN,80,5,193,29,,,A
368026000,2020-08-19T20:42:20,36.86577,-76.31605,0.0,270.5,2.0,BENAVIDEZ,IMO9218210,NBHG,70,5,289,32,10.9,70,A
477866300,2020-08-19T20:23:42,36.94178,-76.33707,6.8,183.2,186.0,BILBAO BRIDGE,IMO9492701,VRHY6,70,0,269,35,11.0,74,A
367078110,2020-08-19T20:42:22,36.83855,-76.28198,0.0,353.0,511.0,MARCELLE BORDELON,IMO9350379,WDJ2038,79,3,45,11,3.0,79,A
215677000,2020-08-19T20:03:03,37.23502,-76.11751,0.2,272.9,353.0,RIZE,IMO9584035,9HA2781,70,1,229,32,14.5,,A
477866300,2020-08-19T20:40:32,36.92781,-76.33265,3.4,114.9,296.0,BILBAO BRIDGE,IMO9492701,VRHY6,70,0,269,35,11.0,74,A
477196100,2020-08-19T20:03:46,37.19379,-76.13455,0.1,267.8,0.0,DARYA MA,IMO9591674,VRJH5,70,1,229,32,14.5,,A
366839000,2020-08-19T20:40:00,36.85348,-76.31081,0.0,0.0,39.0,CAPE RISE,IMO7530808,KAFG,70,5,197,32,10.0,,A
477196100,2020-08-19T20:24:50,37.19379,-76.13451,0.1,267.8,1.0,DARYA MA,IMO9591674,VRJH5,70,1,229,32,14.5,,A
538006982,2020-08-19T20:23:39,36.99430,-76.18742,12.8,286.3,290.0,ANTE TOPIC,IMO9737072,V7TR4,70,0,,,,,A
211839000,2020-08-19T20:45:04,36.90651,-76.32671,0.0,352.0,352.0,CHICAGO EXPRESS,IMO9295268,DCUJ2,70,5,336,42,14.6,79,A
367078110,2020-08-19T20:24:12,36.83855,-76.28199,0.0,336.0,511.0,MARCELLE BORDELON,IMO9350379,WDJ2038,79,3,45,11,3.0,79,A
305855000,2020-08-19T20:05:49,36.86430,-76.31476,0.0,167.7,226.0,BBC PEARL,IMO9504786,V2FY8,70,5,153,23,9.1,70,A
367861000,2020-08-19T20:44:59,36.94633,-76.32975,0.0,0.0,265.0,LARAMIE,IMO8906626,NLAR,80,5,193,29,,,A
366839000,2020-08-19T20:24:58,36.85349,-76.31082,0.0,0.0,39.0,CAPE RISE,IMO7530808,KAFG,70,5,197,32,10.0,,A
367932000,2020-08-19T20:47:17,36.94918,-76.32969,0.0,107.0,279.0,JOHN LENTHALL,IMO8325547,NJLN,80,5,193,29,,,A
367861000,2020-08-19T20:27:00,36.94636,-76.32980,0.0,0.0,265.0,LARAMIE,IMO8906626,NLAR,80,5,193,29,,,A
215677000,2020-08-19T20:48:02,37.23508,-76.11819,0.1,281.3,12.0,RIZE,IMO9584035,9HA2781,70,1,229,32,14.5,,A
367821000,2020-08-19T20:46:28,36.97285,-76.43365,0.0,0.0,511.0,YANO,IMO7825409,NAQH,70,0,276,32,13.0,70,A
477866300,2020-08-19T20:27:23,36.93457,-76.33763,6.2,183.0,186.0,BILBAO BRIDGE,IMO9492701,VRHY6,70,0,269,35,11.0,74,A
368026000,2020-08-19T20:06:21,36.86577,-76.31603,0.0,270.5,2.0,BENAVIDEZ,IMO9218210,NBHG,70,5,289,32,10.9,70,A
367821000,2020-08-19T20:50:37,36.97285,-76.43366,0.0,0.0,511.0,YANO,IMO7825409,NAQH,70,0,276,32,13.0,70,A
538002652,2020-08-19T20:06:50,36.87943,-76.32643,0.0,169.0,276.0,NAIAS,IMO9330800,V7KN8,70,5,225,32,14.0,70,A
367078110,2020-08-19T20:44:12,36.83855,-76.28198,0.0,331.0,511.0,MARCELLE BORDELON,IMO9350379,WDJ2038,79,3,45,11,3.0,79,A
477866300,2020-08-19T20:08:00,36.97633,-76.32955,12.3,225.0,225.0,BILBAO BRIDGE,IMO9492701,VRHY6,70,0,269,35,11.0,74,A
538006982,2020-08-19T20:46:58,37.00408,-76.28355,12.2,259.5,250.0,ANTE TOPIC,IMO9737072,V7TR4,70,0,,,,,A
215677000,2020-08-19T20:45:05,37.23510,-76.11831,0.1,281.3,16.0,RIZE,IMO9584035,9HA2781,70,1,229,32,14.5,,A
367861000,2020-08-19T20:47:59,36.94634,-76.32976,0.0,0.0,265.0,LARAMIE,IMO8906626,NLAR,80,5,193,29,,,A
538006982,2020-08-19T20:30:19,37.00126,-76.21509,12.3,288.2,292.0,ANTE TOPIC,IMO9737072,V7TR4,70,0,,,,,A
477866300,2020-08-19T20:09:01,36.97408,-76.33232,11.7,225.1,221.0,BILBAO BRIDGE,IMO9492701,VRHY6,70,0,269,35,11.0,74,A
477866300,2020-08-19T20:49:51,36.92734,-76.32997,0.2,78.2,356.0,BILBAO BRIDGE,IMO9492701,VRHY6,70,5,269,35,11.0,74,A
367821000,2020-08-19T20:26:58,36.97285,-76.43366,0.0,0.0,511.0,YANO,IMO7825409,NAQH,70,0,276,32,13.0,70,A
368026000,2020-08-19T20:45:21,36.86576,-76.31602,0.0,270.5,2.0,BENAVIDEZ,IMO9218210,NBHG,70,5,289,32,10.9,70,A
366839000,2020-08-19T20:46:00,36.85347,-76.31086,0.0,0.0,39.0,CAPE RISE,IMO7530808,KAFG,70,5,197,32,10.0,,A
367861000,2020-08-19T20:09:00,36.94636,-76.32978,0.0,0.0,266.0,LARAMIE,IMO8906626,NLAR,80,5,193,29,,,A
477866300,2020-08-19T20:48:42,36.92726,-76.33012,0.6,65.5,355.0,BILBAO BRIDGE,IMO9492701,VRHY6,70,0,269,35,11.0,74,A
367821000,2020-08-19T20:30:58,36.97285,-76.43366,0.0,0.0,511.0,YANO,IMO7825409,NAQH,70,0,276,32,13.0,70,A
538006982,2020-08-19T20:48:09,37.00254,-76.28803,11.9,242.1,242.0,ANTE TOPIC,IMO9737072,V7TR4,70,0,,,,,A
211839000,2020-08-19T20:48:04,36.90644,-76.32674,0.0,352.0,352.0,CHICAGO EXPRESS,IMO9295268,DCUJ2,70,5,336,42,14.6,79,A
477196100,2020-08-19T00:12:46,37.19844,-76.13496,0.1,16.5,156.0,DARYA MA,IMO9591674,VRJH5,70,1,229,32,14.5,,A
368026000,2020-08-19T20:48:20,36.86576,-76.31604,0.0,270.5,2.0,BENAVIDEZ,IMO9218210,NBHG,70,5,289,32,10.9,70,A
368026000,2020-08-19T00:12:21,36.86574,-76.31604,0.0,19.1,2.0,BENAVIDEZ,IMO9218210,NBHG,70,5,289,32,10.9,70,A
367078110,2020-08-19T20:46:33,36.83855,-76.28198,0.0,332.0,511.0,MARCELLE BORDELON,IMO9350379,WDJ2038,79,3,45,11,3.0,79,A
305855000,2020-08-19T20:50:48,36.86426,-76.31475,0.0,179.0,226.0,BBC PEARL,IMO9504786,V2FY8,70,5,153,23,9.1,70,A
367078110,2020-08-19T20:52:03,36.83855,-76.28197,0.0,354.0,511.0,MARCELLE BORDELON,IMO9350379,WDJ2038,79,3,45,11,3.0,79,A
211839000,2020-08-19T20:32:59,36.90666,-76.32677,0.0,353.0,353.0,CHICAGO EXPRESS,IMO9295268,DCUJ2,70,5,336,42,14.6,79,A
215677000,2020-08-19T20:33:03,37.23503,-76.11801,0.1,111.6,9.0,RIZE,IMO9584035,9HA2781,70,1,229,32,14.5,,A
367861000,2020-08-19T20:30:00,36.94642,-76.32979,0.0,0.0,265.0,LARAMIE,IMO8906626,NLAR,80,5,193,29,,,A
367078110,2020-08-19T20:55:03,36.83855,-76.28197,0.0,319.0,511.0,MARCELLE BORDELON,IMO9350379,WDJ2038,79,3,45,11,3.0,79,A
538006982,2020-08-19T20:33:28,37.00473,-76.22771,12.2,289.4,292.0,ANTE TOPIC,IMO9737072,V7TR4,70,0,,,,,A
305855000,2020-08-19T20:11:48,36.86428,-76.31473,0.0,127.6,226.0,BBC PEARL,IMO9504786,V2FY8,70,5,153,23,9.1,70,A
538002652,2020-08-19T20:33:51,36.87943,-76.32640,0.0,204.0,276.0,NAIAS,IMO9330800,V7KN8,70,5,225,32,14.0,70,A
477196100,2020-08-19T20:33:47,37.19379,-76.13463,0.0,267.8,4.0,DARYA MA,IMO9591674,VRJH5,70,1,229,32,14.5,,A
367932000,2020-08-19T20:11:17,36.94916,-76.32969,0.0,107.0,279.0,JOHN LENTHALL,IMO8325547,NJLN,80,5,193,29,,,A
538006982,2020-08-19T20:52:58,36.99415,-76.30568,12.4,238.9,236.0,ANTE TOPIC,IMO9737072,V7TR4,70,0,,,,,A
538006982,2020-08-19T20:50:58,36.99767,-76.29821,12.4,239.0,242.0,ANTE TOPIC,IMO9737072,V7TR4,70,0,,,,,A
366839000,2020-08-19T20:49:01,36.85350,-76.31084,0.0,0.0,39.0,CAPE RISE,IMO7530808,KAFG,70,5,197,32,10.0,,A
211839000,2020-08-19T20:51:05,36.90673,-76.32667,0.0,352.0,352.0,CHICAGO EXPRESS,IMO9295268,DCUJ2,70,5,336,42,14.6,79,A
538002652,2020-08-19T20:12:50,36.87943,-76.32642,0.0,169.0,276.0,NAIAS,IMO9330800,V7KN8,70,5,225,32,14.0,70,A
366839000,2020-08-19T20:13:00,36.85347,-76.31082,0.0,0.0,39.0,CAPE RISE,IMO7530808,KAFG,70,5,197,32,10.0,,A
367932000,2020-08-19T20:50:17,36.94918,-76.32972,0.0,107.0,279.0,JOHN LENTHALL,IMO8325547,NJLN,80,5,193,29,,,A
366839000,2020-08-19T20:31:02,36.85347,-76.31085,0.0,0.0,39.0,CAPE RISE,IMO7530808,KAFG,70,5,197,32,10.0,,A
367822000,2020-08-19T20:53:55,36.97312,-76.43383,0.0,0.0,238.0,USNS SHUGHART,IMO7825394,NAOQ,70,5,276,32,13.0,70,A
538002652,2020-08-19T20:51:51,36.87943,-76.32643,0.0,204.0,276.0,NAIAS,IMO9330800,V7KN8,70,5,225,32,14.0,70,A
367078110,2020-08-19T20:56:33,36.83855,-76.28197,0.0,29.0,511.0,MARCELLE BORDELON,IMO9350379,WDJ2038,79,3,45,11,3.0,79,A
367821000,2020-08-19T20:37:37,36.97285,-76.43366,0.0,0.0,511.0,YANO,IMO7825409,NAQH,70,0,276,32,13.0,70,A
367821000,2020-08-19T20:51:47,36.97285,-76.43366,0.0,0.0,511.0,YANO,IMO7825409,NAQH,70,0,276,32,13.0,70,A
367932000,2020-08-19T20:53:17,36.94920,-76.32971,0.0,107.0,279.0,JOHN LENTHALL,IMO8325547,NJLN,80,5,193,29,,,A
215677000,2020-08-19T20:54:04,37.23516,-76.11831,0.2,296.1,13.0,RIZE,IMO9584035,9HA2781,70,1,229,32,14.5,,A
367078110,2020-08-19T20:34:13,36.83855,-76.28198,0.0,258.0,511.0,MARCELLE BORDELON,IMO9350379,WDJ2038,79,3,45,11,3.0,79,A
367822000,2020-08-19T20:32:55,36.97311,-76.43384,0.0,0.0,238.0,USNS SHUGHART,IMO7825394,NAOQ,70,5,276,32,13.0,70,A
368026000,2020-08-19T20:15:21,36.86575,-76.31602,0.0,270.5,2.0,BENAVIDEZ,IMO9218210,NBHG,70,5,289,32,10.9,70,A
538006982,2020-08-19T20:55:09,36.98923,-76.31273,12.4,224.0,227.0,ANTE TOPIC,IMO9737072,V7TR4,70,0,,,,,A
538002652,2020-08-19T20:54:51,36.87943,-76.32643,0.0,204.0,276.0,NAIAS,IMO9330800,V7KN8,70,5,225,32,14.0,70,A
368026000,2020-08-19T20:36:21,36.86577,-76.31605,0.0,270.5,2.0,BENAVIDEZ,IMO9218210,NBHG,70,5,289,32,10.9,70,A
367821000,2020-08-19T20:55:18,36.97285,-76.43366,0.0,0.0,511.0,YANO,IMO7825409,NAQH,70,0,276,32,13.0,70,A
305855000,2020-08-19T20:56:46,36.86426,-76.31477,0.0,179.0,226.0,BBC PEARL,IMO9504786,V2FY8,70,5,153,23,9.1,70,A
211839000,2020-08-19T20:54:07,36.90660,-76.32671,0.0,352.0,352.0,CHICAGO EXPRESS,IMO9295268,DCUJ2,70,5,336,42,14.6,79,A
211839000,2020-08-19T20:57:07,36.90659,-76.32671,0.0,352.0,352.0,CHICAGO EXPRESS,IMO9295268,DCUJ2,70,5,336,42,14.6,79,A
367932000,2020-08-19T20:59:16,36.94917,-76.32962,0.0,107.0,279.0,JOHN LENTHALL,IMO8325547,NJLN,80,5,193,29,,,A
367821000,2020-08-19T20:16:37,36.97285,-76.43367,0.0,0.0,511.0,YANO,IMO7825409,NAQH,70,0,276,32,13.0,70,A
538006982,2020-08-19T20:59:48,36.97738,-76.32703,13.0,224.9,227.0,ANTE TOPIC,IMO9737072,V7TR4,70,0,,,,,A
368026000,2020-08-19T20:57:21,36.86577,-76.31604,0.0,270.5,2.0,BENAVIDEZ,IMO9218210,NBHG,70,5,289,32,10.9,70,A
367861000,2020-08-19T20:54:01,36.94635,-76.32981,0.0,0.0,265.0,LARAMIE,IMO8906626,NLAR,80,5,193,29,,,A
477866300,2020-08-19T20:34:32,36.92959,-76.33752,1.4,157.6,213.0,BILBAO BRIDGE,IMO9492701,VRHY6,70,0,269,35,11.0,74,A
215677000,2020-08-19T20:57:04,37.23514,-76.11844,0.1,270.7,17.0,RIZE,IMO9584035,9HA2781,70,1,229,32,14.5,,A
366839000,2020-08-19T20:58:01,36.85350,-76.31080,0.0,0.0,39.0,CAPE RISE,IMO7530808,KAFG,70,5,197,32,10.0,,A
367861000,2020-08-19T20:18:00,36.94637,-76.32979,0.0,0.0,265.0,LARAMIE,IMO8906626,NLAR,80,5,193,29,,,A
211839000,2020-08-19T20:39:01,36.90671,-76.32672,0.0,353.0,353.0,CHICAGO EXPRESS,IMO9295268,DCUJ2,70,5,336,42,14.6,79,A
367821000,2020-08-19T20:34:58,36.97285,-76.43365,0.0,0.0,511.0,YANO,IMO7825409,NAQH,70,0,276,32,13.0,70,A
367821000,2020-08-19T20:41:28,36.97285,-76.43365,0.0,0.0,511.0,YANO,IMO7825409,NAQH,70,0,276,32,13.0,70,A
477866300,2020-08-19T20:19:41,36.94940,-76.33652,6.8,183.2,185.0,BILBAO BRIDGE,IMO9492701,VRHY6,70,0,269,35,11.0,74,A
367078110,2020-08-19T20:20:03,36.83855,-76.28198,0.0,358.0,511.0,MARCELLE BORDELON,IMO9350379,WDJ2038,79,3,45,11,3.0,79,A
538006982,2020-08-19T20:41:49,37.00733,-76.26203,12.1,258.8,261.0,ANTE TOPIC,IMO9737072,V7TR4,70,0,,,,,A
367821000,2020-08-19T20:57:37,36.97285,-76.43366,0.0,0.0,511.0,YANO,IMO7825409,NAQH,70,0,276,32,13.0,70,A
367821000,2020-08-19T20:44:28,36.97285,-76.43365,0.0,0.0,511.0,YANO,IMO7825409,NAQH,70,0,276,32,13.0,70,A
367078110,2020-08-19T21:02:24,36.83854,-76.28197,0.0,305.0,511.0,MARCELLE BORDELON,IMO9350379,WDJ2038,79,3,45,11,3.0,79,A
367821000,2020-08-19T00:13:08,36.97283,-76.43362,0.0,0.0,511.0,YANO,IMO7825409,NAQH,70,0,276,32,13.0,70,A
368026000,2020-08-19T21:03:21,36.86575,-76.31603,0.0,270.5,2.0,BENAVIDEZ,IMO9218210,NBHG,70,5,289,32,10.9,70,A
367822000,2020-08-19T21:02:55,36.97312,-76.43382,0.0,0.0,238.0,USNS SHUGHART,IMO7825394,NAOQ,70,5,276,32,13.0,70,A
477196100,2020-08-19T20:21:45,37.19379,-76.13459,0.1,267.8,4.0,DARYA MA,IMO9591674,VRJH5,70,1,229,32,14.5,,A
367078110,2020-08-19T20:38:43,36.83854,-76.28198,0.0,35.0,511.0,MARCELLE BORDELON,IMO9350379,WDJ2038,79,3,45,11,3.0,79,A
215677000,2020-08-19T21:00:06,37.23519,-76.11844,0.1,270.7,20.0,RIZE,IMO9584035,9HA2781,70,1,229,32,14.5,,A
367861000,2020-08-19T20:59:59,36.94635,-76.32981,0.0,0.0,265.0,LARAMIE,IMO8906626,NLAR,80,5,193,29,,,A
367078110,2020-08-19T21:00:03,36.83855,-76.28198,0.0,318.0,511.0,MARCELLE BORDELON,IMO9350379,WDJ2038,79,3,45,11,3.0,79,A
477866300,2020-08-19T21:04:22,36.92727,-76.32994,0.0,256.1,354.0,BILBAO BRIDGE,IMO9492701,VRHY6,70,5,269,35,11.0,74,A
538002652,2020-08-19T20:39:50,36.87942,-76.32640,0.0,204.0,276.0,NAIAS,IMO9330800,V7KN8,70,5,225,32,14.0,70,A
367821000,2020-08-19T21:04:48,36.97282,-76.43365,0.0,0.0,511.0,YANO,IMO7825409,NAQH,70,0,276,32,13.0,70,A
368026000,2020-08-19T20:24:21,36.86577,-76.31602,0.0,270.5,2.0,BENAVIDEZ,IMO9218210,NBHG,70,5,289,32,10.9,70,A
305855000,2020-08-19T20:44:47,36.86428,-76.31475,0.0,179.0,226.0,BBC PEARL,IMO9504786,V2FY8,70,5,153,23,9.1,70,A
538006982,2020-08-19T21:04:39,36.96479,-76.34284,13.3,223.7,229.0,ANTE TOPIC,IMO9737072,V7TR4,70,0,,,,,A
367078110,2020-08-19T21:04:34,36.83854,-76.28197,0.0,72.0,511.0,MARCELLE BORDELON,IMO9350379,WDJ2038,79,3,45,11,3.0,79,A
367821000,2020-08-19T20:48:07,36.97285,-76.43365,0.0,0.0,511.0,YANO,IMO7825409,NAQH,70,0,276,32,13.0,70,A
367078110,2020-08-19T20:45:22,36.83855,-76.28198,0.0,214.0,511.0,MARCELLE BORDELON,IMO9350379,WDJ2038,79,3,45,11,3.0,79,A
367821000,2020-08-19T20:25:57,36.97284,-76.43366,0.0,0.0,511.0,YANO,IMO7825409,NAQH,70,0,276,32,13.0,70,A
477196100,2020-08-19T21:00:51,37.19380,-76.13466,0.1,267.8,5.0,DARYA MA,IMO9591674,VRJH5,70,1,229,32,14.5,,A
538006982,2020-08-19T21:01:18,36.97352,-76.33185,13.2,225.3,227.0,ANTE TOPIC,IMO9737072,V7TR4,70,0,,,,,A
305855000,2020-08-19T21:05:49,36.86432,-76.31471,0.0,75.8,226.0,BBC PEARL,IMO9504786,V2FY8,70,5,153,23,9.1,70,A
538006982,2020-08-19T21:06:59,36.96034,-76.35163,12.9,245.8,249.0,ANTE TOPIC,IMO9737072,V7TR4,70,0,,,,,A
368026000,2020-08-19T21:06:20,36.86576,-76.31605,0.0,270.5,2.0,BENAVIDEZ,IMO9218210,NBHG,70,5,289,32,10.9,70,A
366839000,2020-08-19T20:28:00,36.85346,-76.31085,0.0,0.0,39.0,CAPE RISE,IMO7530808,KAFG,70,5,197,32,10.0,,A
367822000,2020-08-19T20:26:55,36.97312,-76.43384,0.0,0.0,238.0,USNS SHUGHART,IMO7825394,NAOQ,70,5,276,32,13.0,70,A
305855000,2020-08-19T20:26:47,36.86431,-76.31476,0.0,158.3,226.0,BBC PEARL,IMO9504786,V2FY8,70,5,153,23,9.1,70,A
367861000,2020-08-19T21:03:01,36.94636,-76.32976,0.0,0.0,265.0,LARAMIE,IMO8906626,NLAR,80,5,193,29,,,A
367932000,2020-08-19T21:08:16,36.94917,-76.32967,0.0,107.0,279.0,JOHN LENTHALL,IMO8325547,NJLN,80,5,193,29,,,A
367821000,2020-08-19T20:28:07,36.97285,-76.43366,0.0,0.0,511.0,YANO,IMO7825409,NAQH,70,0,276,32,13.0,70,A
538006982,2020-08-19T20:44:58,37.00524,-76.27515,12.3,260.0,261.0,ANTE TOPIC,IMO9737072,V7TR4,70,0,,,,,A
477196100,2020-08-19T21:06:52,37.19383,-76.13465,0.1,267.8,9.0,DARYA MA,IMO9591674,VRJH5,70,1,229,32,14.5,,A
477196100,2020-08-19T20:27:47,37.19379,-76.13452,0.1,267.8,358.0,DARYA MA,IMO9591674,VRJH5,70,1,229,32,14.5,,A
215677000,2020-08-19T21:03:04,37.23512,-76.11835,0.1,270.7,18.0,RIZE,IMO9584035,9HA2781,70,1,229,32,14.5,,A
367821000,2020-08-19T21:08:17,36.97284,-76.43365,0.0,0.0,511.0,YANO,IMO7825409,NAQH,70,0,276,32,13.0,70,A
538002652,2020-08-19T21:03:51,36.87947,-76.32638,0.0,204.0,276.0,NAIAS,IMO9330800,V7KN8,70,5,225,32,14.0,70,A
477866300,2020-08-19T20:28:32,36.93285,-76.33775,5.3,183.0,186.0,BILBAO BRIDGE,IMO9492701,VRHY6,70,0,269,35,11.0,74,A
367861000,2020-08-19T21:09:01,36.94635,-76.32980,0.0,0.0,265.0,LARAMIE,IMO8906626,NLAR,80,5,193,29,,,A
367822000,2020-08-19T20:44:56,36.97312,-76.43383,0.0,0.0,238.0,USNS SHUGHART,IMO7825394,NAOQ,70,5,276,32,13.0,70,A
367078110,2020-08-19T20:31:13,36.83854,-76.28198,0.0,212.0,511.0,MARCELLE BORDELON,IMO9350379,WDJ2038,79,3,45,11,3.0,79,A
477866300,2020-08-19T21:10:25,36.92773,-76.32979,0.0,256.1,354.0,BILBAO BRIDGE,IMO9492701,VRHY6,70,5,269,35,11.0,74,A
367822000,2020-08-19T20:29:55,36.97311,-76.43385,0.0,0.0,238.0,USNS SHUGHART,IMO7825394,NAOQ,70,5,276,32,13.0,70,A
538002652,2020-08-19T20:30:52,36.87945,-76.32642,0.0,204.0,276.0,NAIAS,IMO9330800,V7KN8,70,5,225,32,14.0,70,A
477866300,2020-08-19T20:45:43,36.92722,-76.33046,1.3,74.1,342.0,BILBAO BRIDGE,IMO9492701,VRHY6,70,0,269,35,11.0,74,A
368026000,2020-08-19T21:09:21,36.86575,-76.31605,0.0,270.5,2.0,BENAVIDEZ,IMO9218210,NBHG,70,5,289,32,10.9,70,A
367821000,2020-08-19T21:05:58,36.97283,-76.43364,0.0,0.0,511.0,YANO,IMO7825409,NAQH,70,0,276,32,13.0,70,A
215677000,2020-08-19T21:06:07,37.23510,-76.11829,0.1,270.7,13.0,RIZE,IMO9584035,9HA2781,70,1,229,32,14.5,,A
215677000,2020-08-19T20:51:06,37.23510,-76.11820,0.1,281.3,10.0,RIZE,IMO9584035,9HA2781,70,1,229,32,14.5,,A
215677000,2020-08-19T21:09:06,37.23515,-76.11835,0.1,306.2,14.0,RIZE,IMO9584035,9HA2781,70,1,229,32,14.5,,A
367078110,2020-08-19T20:47:43,36.83854,-76.28197,0.0,245.0,511.0,MARCELLE BORDELON,IMO9350379,WDJ2038,79,3,45,11,3.0,79,A
538006982,2020-08-19T21:11:48,36.95742,-76.37220,12.1,262.4,264.0,ANTE TOPIC,IMO9737072,V7TR4,70,0,,,,,A
305855000,2020-08-19T21:11:45,36.86427,-76.31474,0.0,80.9,226.0,BBC PEARL,IMO9504786,V2FY8,70,5,153,23,9.1,70,A
367822000,2020-08-19T21:11:56,36.97312,-76.43380,0.0,0.0,238.0,USNS SHUGHART,IMO7825394,NAOQ,70,5,276,32,13.0,70,A
366839000,2020-08-19T20:52:01,36.85348,-76.31082,0.0,0.0,39.0,CAPE RISE,IMO7530808,KAFG,70,5,197,32,10.0,,A
367821000,2020-08-19T20:32:07,36.97285,-76.43365,0.0,0.0,511.0,YANO,IMO7825409,NAQH,70,0,276,32,13.0,70,A
367821000,2020-08-19T20:54:08,36.97285,-76.43366,0.0,0.0,511.0,YANO,IMO7825409,NAQH,70,0,276,32,13.0,70,A
538002652,2020-08-19T20:48:53,36.87945,-76.32643,0.0,204.0,276.0,NAIAS,IMO9330800,V7KN8,70,5,225,32,14.0,70,A
367821000,2020-08-19T21:13:17,36.97283,-76.43365,0.0,0.0,511.0,YANO,IMO7825409,NAQH,70,0,276,32,13.0,70,A
368026000,2020-08-19T20:33:21,36.86576,-76.31605,0.0,270.5,2.0,BENAVIDEZ,IMO9218210,NBHG,70,5,289,32,10.9,70,A
477866300,2020-08-19T21:07:23,36.92746,-76.32986,0.0,256.1,354.0,BILBAO BRIDGE,IMO9492701,VRHY6,70,5,269,35,11.0,74,A
367078110,2020-08-19T21:10:43,36.83854,-76.28198,0.0,209.0,511.0,MARCELLE BORDELON,IMO9350379,WDJ2038,79,3,45,11,3.0,79,A
367821000,2020-08-19T21:07:08,36.97283,-76.43364,0.0,0.0,511.0,YANO,IMO7825409,NAQH,70,0,276,32,13.0,70,A
367861000,2020-08-19T20:51:01,36.94633,-76.32981,0.0,0.0,265.0,LARAMIE,IMO8906626,NLAR,80,5,193,29,,,A
538006982,2020-08-19T21:13:08,36.95686,-76.37754,11.6,262.6,264.0,ANTE TOPIC,IMO9737072,V7TR4,70,0,,,,,A
367822000,2020-08-19T21:14:55,36.97313,-76.43381,0.0,0.0,238.0,USNS SHUGHART,IMO7825394,NAOQ,70,5,276,32,13.0,70,A
367821000,2020-08-19T21:14:18,36.97283,-76.43365,0.0,0.0,511.0,YANO,IMO7825409,NAQH,70,0,276,32,13.0,70,A
368026000,2020-08-19T20:54:21,36.86577,-76.31604,0.0,270.5,2.0,BENAVIDEZ,IMO9218210,NBHG,70,5,289,32,10.9,70,A
538006982,2020-08-19T21:15:18,36.95604,-76.38577,10.3,262.9,264.0,ANTE TOPIC,IMO9737072,V7TR4,70,0,,,,,A
366839000,2020-08-19T20:55:00,36.85353,-76.31083,0.0,0.0,39.0,CAPE RISE,IMO7530808,KAFG,70,5,197,32,10.0,,A
538002652,2020-08-19T21:15:51,36.87947,-76.32638,0.0,204.0,276.0,NAIAS,IMO9330800,V7KN8,70,5,225,32,14.0,70,A
367861000,2020-08-19T21:12:00,36.94643,-76.32975,0.0,0.0,265.0,LARAMIE,IMO8906626,NLAR,80,5,193,29,,,A
211839000,2020-08-19T21:12:13,36.90653,-76.32677,0.0,352.0,352.0,CHICAGO EXPRESS,IMO9295268,DCUJ2,70,5,336,42,14.6,79,A
367078110,2020-08-19T21:09:32,36.83854,-76.28198,0.0,75.0,511.0,MARCELLE BORDELON,IMO9350379,WDJ2038,79,3,45,11,3.0,79,A
367821000,2020-08-19T20:56:27,36.97285,-76.43366,0.0,0.0,511.0,YANO,IMO7825409,NAQH,70,0,276,32,13.0,70,A
538006982,2020-08-19T20:56:18,36.98630,-76.31621,12.5,223.4,227.0,ANTE TOPIC,IMO9737072,V7TR4,70,0,,,,,A
538006982,2020-08-19T21:10:39,36.95787,-76.36726,12.6,264.4,266.0,ANTE TOPIC,IMO9737072,V7TR4,70,0,,,,,A
367078110,2020-08-19T20:59:03,36.83854,-76.28197,0.0,40.0,511.0,MARCELLE BORDELON,IMO9350379,WDJ2038,79,3,45,11,3.0,79,A
477866300,2020-08-19T21:16:26,36.92742,-76.32989,0.0,256.1,354.0,BILBAO BRIDGE,IMO9492701,VRHY6,70,5,269,35,11.0,74,A
367932000,2020-08-19T20:56:16,36.94918,-76.32968,0.0,107.0,279.0,JOHN LENTHALL,IMO8325547,NJLN,80,5,193,29,,,A
367861000,2020-08-19T21:15:00,36.94639,-76.32979,0.0,0.0,265.0,LARAMIE,IMO8906626,NLAR,80,5,193,29,,,A
367078110,2020-08-19T21:15:14,36.83854,-76.28199,0.0,50.0,511.0,MARCELLE BORDELON,IMO9350379,WDJ2038,79,3,45,11,3.0,79,A
477196100,2020-08-19T20:36:53,37.19381,-76.13463,0.0,267.8,5.0,DARYA MA,IMO9591674,VRJH5,70,1,229,32,14.5,,A
367078110,2020-08-19T21:17:33,36.83854,-76.28198,0.0,302.0,511.0,MARCELLE BORDELON,IMO9350379,WDJ2038,79,3,45,11,3.0,79,A
305855000,2020-08-19T20:59:48,36.86434,-76.31470,0.0,179.0,226.0,BBC PEARL,IMO9504786,V2FY8,70,5,153,23,9.1,70,A
368026000,2020-08-19T21:18:21,36.86577,-76.31604,0.0,270.5,2.0,BENAVIDEZ,IMO9218210,NBHG,70,5,289,32,10.9,70,A
366839000,2020-08-19T21:16:04,36.85354,-76.31078,0.0,0.0,39.0,CAPE RISE,IMO7530808,KAFG,70,5,197,32,10.0,,A
367822000,2020-08-19T20:59:56,36.97312,-76.43383,0.0,0.0,238.0,USNS SHUGHART,IMO7825394,NAOQ,70,5,276,32,13.0,70,A
215677000,2020-08-19T21:18:06,37.23520,-76.11850,0.1,281.1,23.0,RIZE,IMO9584035,9HA2781,70,1,229,32,14.5,,A
367821000,2020-08-19T20:59:58,36.97285,-76.43366,0.0,0.0,511.0,YANO,IMO7825409,NAQH,70,0,276,32,13.0,70,A
367821000,2020-08-19T21:18:28,36.97284,-76.43365,0.0,0.0,511.0,YANO,IMO7825409,NAQH,70,0,276,32,13.0,70,A
211839000,2020-08-19T21:00:10,36.90656,-76.32674,0.0,352.0,352.0,CHICAGO EXPRESS,IMO9295268,DCUJ2,70,5,336,42,14.6,79,A
367861000,2020-08-19T20:39:00,36.94637,-76.32983,0.0,0.0,265.0,LARAMIE,IMO8906626,NLAR,80,5,193,29,,,A
367821000,2020-08-19T21:00:08,36.97285,-76.43366,0.0,0.0,511.0,YANO,IMO7825409,NAQH,70,0,276,32,13.0,70,A
538006982,2020-08-19T21:17:09,36.95543,-76.39183,9.0,263.2,264.0,ANTE TOPIC,IMO9737072,V7TR4,70,0,,,,,A
367078110,2020-08-19T21:13:12,36.83854,-76.28198,0.0,73.0,511.0,MARCELLE BORDELON,IMO9350379,WDJ2038,79,3,45,11,3.0,79,A
477866300,2020-08-19T21:01:22,36.92737,-76.32964,0.0,256.1,353.0,BILBAO BRIDGE,IMO9492701,VRHY6,70,5,269,35,11.0,74,A
367821000,2020-08-19T21:01:17,36.97277,-76.43363,0.0,0.0,511.0,YANO,IMO7825409,NAQH,70,0,276,32,13.0,70,A
368026000,2020-08-19T21:00:20,36.86577,-76.31602,0.0,270.5,2.0,BENAVIDEZ,IMO9218210,NBHG,70,5,289,32,10.9,70,A
538002652,2020-08-19T21:12:52,36.87947,-76.32643,0.0,204.0,276.0,NAIAS,IMO9330800,V7KN8,70,5,225,32,14.0,70,A
367821000,2020-08-19T20:42:37,36.97285,-76.43365,0.0,0.0,511.0,YANO,IMO7825409,NAQH,70,0,276,32,13.0,70,A
367821000,2020-08-19T21:19:38,36.97283,-76.43366,0.0,0.0,511.0,YANO,IMO7825409,NAQH,70,0,276,32,13.0,70,A
367078110,2020-08-19T21:19:53,36.83855,-76.28197,0.0,304.0,511.0,MARCELLE BORDELON,IMO9350379,WDJ2038,79,3,45,11,3.0,79,A
538006982,2020-08-19T21:02:28,36.97046,-76.33573,13.3,225.1,227.0,ANTE TOPIC,IMO9737072,V7TR4,70,0,,,,,A
305855000,2020-08-19T21:02:47,36.86431,-76.31470,0.0,75.8,226.0,BBC PEARL,IMO9504786,V2FY8,70,5,153,23,9.1,70,A
211839000,2020-08-19T21:03:11,36.90654,-76.32673,0.0,352.0,352.0,CHICAGO EXPRESS,IMO9295268,DCUJ2,70,5,336,42,14.6,79,A
367932000,2020-08-19T21:20:17,36.94904,-76.32954,0.0,107.0,279.0,JOHN LENTHALL,IMO8325547,NJLN,80,5,193,29,,,A
366839000,2020-08-19T20:42:58,36.85351,-76.31082,0.0,0.0,39.0,CAPE RISE,IMO7530808,KAFG,70,5,197,32,10.0,,A
215677000,2020-08-19T20:42:02,37.23511,-76.11831,0.1,281.3,14.0,RIZE,IMO9584035,9HA2781,70,1,229,32,14.5,,A
477196100,2020-08-19T21:03:53,37.19385,-76.13472,0.0,267.8,9.0,DARYA MA,IMO9591674,VRJH5,70,1,229,32,14.5,,A
367861000,2020-08-19T21:21:01,36.94637,-76.32976,0.0,0.0,265.0,LARAMIE,IMO8906626,NLAR,80,5,193,29,,,A
538006982,2020-08-19T20:43:39,37.00607,-76.26963,12.2,259.2,261.0,ANTE TOPIC,IMO9737072,V7TR4,70,0,,,,,A
367821000,2020-08-19T21:02:37,36.97279,-76.43364,0.0,0.0,511.0,YANO,IMO7825409,NAQH,70,0,276,32,13.0,70,A
305855000,2020-08-19T21:20:46,36.86428,-76.31475,0.0,50.2,227.0,BBC PEARL,IMO9504786,V2FY8,70,5,153,23,9.1,70,A
366839000,2020-08-19T21:04:01,36.85349,-76.31078,0.0,0.0,39.0,CAPE RISE,IMO7530808,KAFG,70,5,197,32,10.0,,A
211839000,2020-08-19T21:21:18,36.90658,-76.32679,0.0,352.0,352.0,CHICAGO EXPRESS,IMO9295268,DCUJ2,70,5,336,42,14.6,79,A
215677000,2020-08-19T21:21:05,37.23514,-76.11844,0.1,281.1,19.0,RIZE,IMO9584035,9HA2781,70,1,229,32,14.5,,A
538002652,2020-08-19T20:42:52,36.87943,-76.32643,0.0,204.0,276.0,NAIAS,IMO9330800,V7KN8,70,5,225,32,14.0,70,A
367821000,2020-08-19T21:03:47,36.97280,-76.43365,0.0,0.0,511.0,YANO,IMO7825409,NAQH,70,0,276,32,13.0,70,A
211839000,2020-08-19T21:06:13,36.90651,-76.32676,0.0,352.0,352.0,CHICAGO EXPRESS,IMO9295268,DCUJ2,70,5,336,42,14.6,79,A
367822000,2020-08-19T21:05:55,36.97312,-76.43382,0.0,0.0,238.0,USNS SHUGHART,IMO7825394,NAOQ,70,5,276,32,13.0,70,A
477196100,2020-08-19T21:21:53,37.19385,-76.13494,0.0,282.3,16.0,DARYA MA,IMO9591674,VRJH5,70,1,229,32,14.5,,A
538006982,2020-08-19T21:05:58,36.96187,-76.34760,12.8,240.0,247.0,ANTE TOPIC,IMO9737072,V7TR4,70,0,,,,,A
538002652,2020-08-19T21:21:49,36.87947,-76.32647,0.0,204.0,276.0,NAIAS,IMO9330800,V7KN8,70,5,225,32,14.0,70,A
367078110,2020-08-19T21:22:13,36.83855,-76.28197,0.0,302.0,511.0,MARCELLE BORDELON,IMO9350379,WDJ2038,79,3,45,11,3.0,79,A
367932000,2020-08-19T20:44:18,36.94911,-76.32968,0.0,107.0,279.0,JOHN LENTHALL,IMO8325547,NJLN,80,5,193,29,,,A
367078110,2020-08-19T21:06:03,36.83854,-76.28197,0.0,339.0,511.0,MARCELLE BORDELON,IMO9350379,WDJ2038,79,3,45,11,3.0,79,A
538002652,2020-08-19T21:06:49,36.87947,-76.32642,0.0,204.0,276.0,NAIAS,IMO9330800,V7KN8,70,5,225,32,14.0,70,A
367078110,2020-08-19T21:07:13,36.83854,-76.28197,0.0,88.0,511.0,MARCELLE BORDELON,IMO9350379,WDJ2038,79,3,45,11,3.0,79,A
367822000,2020-08-19T20:47:56,36.97312,-76.43383,0.0,0.0,238.0,USNS SHUGHART,IMO7825394,NAOQ,70,5,276,32,13.0,70,A
366839000,2020-08-19T21:19:02,36.85353,-76.31079,0.0,0.0,39.0,CAPE RISE,IMO7530808,KAFG,70,5,197,32,10.0,,A
477196100,2020-08-19T21:24:47,37.19391,-76.13480,0.1,59.6,15.0,DARYA MA,IMO9591674,VRJH5,70,1,229,32,14.5,,A
477866300,2020-08-19T21:25:22,36.92735,-76.32989,0.1,256.1,355.0,BILBAO BRIDGE,IMO9492701,VRHY6,70,5,269,35,11.0,74,A
305855000,2020-08-19T21:08:49,36.86428,-76.31474,0.0,175.4,226.0,BBC PEARL,IMO9504786,V2FY8,70,5,153,23,9.1,70,A
211839000,2020-08-19T21:24:21,36.90652,-76.32672,0.0,353.0,353.0,CHICAGO EXPRESS,IMO9295268,DCUJ2,70,5,336,42,14.6,79,A
367078110,2020-08-19T21:24:32,36.83855,-76.28197,0.0,36.0,511.0,MARCELLE BORDELON,IMO9350379,WDJ2038,79,3,45,11,3.0,79,A
538002652,2020-08-19T21:24:50,36.87948,-76.32642,0.0,204.0,276.0,NAIAS,IMO9330800,V7KN8,70,5,225,32,14.0,70,A
367861000,2020-08-19T21:27:01,36.94636,-76.32981,0.0,0.0,265.0,LARAMIE,IMO8906626,NLAR,80,5,193,29,,,A
538006982,2020-08-19T21:27:09,36.95476,-76.41540,5.2,296.5,303.0,ANTE TOPIC,IMO9737072,V7TR4,70,0,,,,,A
305855000,2020-08-19T21:26:49,36.86427,-76.31476,0.0,170.4,227.0,BBC PEARL,IMO9504786,V2FY8,70,5,153,23,9.1,70,A
538002652,2020-08-19T21:09:49,36.87947,-76.32645,0.0,204.0,276.0,NAIAS,IMO9330800,V7KN8,70,5,225,32,14.0,70,A
366839000,2020-08-19T21:07:02,36.85353,-76.31080,0.0,0.0,39.0,CAPE RISE,IMO7530808,KAFG,70,5,197,32,10.0,,A
367078110,2020-08-19T21:21:03,36.83855,-76.28198,0.0,55.0,511.0,MARCELLE BORDELON,IMO9350379,WDJ2038,79,3,45,11,3.0,79,A
367932000,2020-08-19T21:26:17,36.94918,-76.32968,0.0,107.0,279.0,JOHN LENTHALL,IMO8325547,NJLN,80,5,193,29,,,A
367821000,2020-08-19T21:28:08,36.97283,-76.43366,0.0,0.0,511.0,YANO,IMO7825409,NAQH,70,0,276,32,13.0,70,A
211839000,2020-08-19T21:27:21,36.90654,-76.32671,0.0,353.0,353.0,CHICAGO EXPRESS,IMO9295268,DCUJ2,70,5,336,42,14.6,79,A
367078110,2020-08-19T21:08:22,36.83854,-76.28197,0.0,359.0,511.0,MARCELLE BORDELON,IMO9350379,WDJ2038,79,3,45,11,3.0,79,A
215677000,2020-08-19T21:27:06,37.23520,-76.11847,0.1,321.1,16.0,RIZE,IMO9584035,9HA2781,70,1,229,32,14.5,,A
367822000,2020-08-19T21:26:55,36.97314,-76.43382,0.0,0.0,238.0,USNS SHUGHART,IMO7825394,NAOQ,70,5,276,32,13.0,70,A
367822000,2020-08-19T21:08:55,36.97312,-76.43381,0.0,0.0,238.0,USNS SHUGHART,IMO7825394,NAOQ,70,5,276,32,13.0,70,A
367078110,2020-08-19T21:11:53,36.83854,-76.28198,0.0,305.0,511.0,MARCELLE BORDELON,IMO9350379,WDJ2038,79,3,45,11,3.0,79,A
477866300,2020-08-19T20:52:25,36.92728,-76.32990,0.2,24.4,353.0,BILBAO BRIDGE,IMO9492701,VRHY6,70,5,269,35,11.0,74,A
367078110,2020-08-19T21:28:33,36.83855,-76.28198,0.0,329.0,511.0,MARCELLE BORDELON,IMO9350379,WDJ2038,79,3,45,11,3.0,79,A
368026000,2020-08-19T21:27:22,36.86577,-76.31604,0.0,270.5,2.0,BENAVIDEZ,IMO9218210,NBHG,70,5,289,32,10.9,70,A
366839000,2020-08-19T21:10:03,36.85349,-76.31079,0.0,0.0,39.0,CAPE RISE,IMO7530808,KAFG,70,5,197,32,10.0,,A
477196100,2020-08-19T21:27:45,37.19393,-76.13469,0.0,62.5,13.0,DARYA MA,IMO9591674,VRJH5,70,1,229,32,14.5,,A
305855000,2020-08-19T20:53:48,36.86427,-76.31476,0.0,179.0,226.0,BBC PEARL,IMO9504786,V2FY8,70,5,153,23,9.1,70,A
538006982,2020-08-19T20:54:08,36.99165,-76.30968,12.4,230.0,229.0,ANTE TOPIC,IMO9737072,V7TR4,70,0,,,,,A
538006982,2020-08-19T21:30:09,36.95707,-76.41942,4.3,308.7,312.0,ANTE TOPIC,IMO9737072,V7TR4,70,0,,,,,A
368026000,2020-08-19T21:30:20,36.86575,-76.31602,0.0,270.5,2.0,BENAVIDEZ,IMO9218210,NBHG,70,5,289,32,10.9,70,A
211839000,2020-08-19T21:30:24,36.90652,-76.32672,0.0,353.0,353.0,CHICAGO EXPRESS,IMO9295268,DCUJ2,70,5,336,42,14.6,79,A
477866300,2020-08-19T20:55:23,36.92733,-76.32984,0.0,21.6,353.0,BILBAO BRIDGE,IMO9492701,VRHY6,70,5,269,35,11.0,74,A
477196100,2020-08-19T20:54:51,37.19380,-76.13451,0.1,267.8,4.0,DARYA MA,IMO9591674,VRJH5,70,1,229,32,14.5,,A
538006982,2020-08-19T21:14:09,36.95647,-76.38157,11.2,262.5,264.0,ANTE TOPIC,IMO9737072,V7TR4,70,0,,,,,A
477196100,2020-08-19T21:30:48,37.19387,-76.13472,0.1,62.5,14.0,DARYA MA,IMO9591674,VRJH5,70,1,229,32,14.5,,A
367822000,2020-08-19T20:56:55,36.97312,-76.43383,0.0,0.0,238.0,USNS SHUGHART,IMO7825394,NAOQ,70,5,276,32,13.0,70,A
477196100,2020-08-19T20:57:51,37.19374,-76.13455,0.1,267.8,3.0,DARYA MA,IMO9591674,VRJH5,70,1,229,32,14.5,,A
367821000,2020-08-19T21:32:28,36.97286,-76.43368,0.0,0.0,511.0,YANO,IMO7825409,NAQH,70,0,276,32,13.0,70,A
367078110,2020-08-19T21:31:52,36.83855,-76.28197,0.0,7.0,511.0,MARCELLE BORDELON,IMO9350379,WDJ2038,79,3,45,11,3.0,79,A
367932000,2020-08-19T21:32:17,36.94910,-76.32974,0.0,107.0,279.0,JOHN LENTHALL,IMO8325547,NJLN,80,5,193,29,,,A
477866300,2020-08-19T20:58:26,36.92758,-76.32996,0.0,310.9,353.0,BILBAO BRIDGE,IMO9492701,VRHY6,70,5,269,35,11.0,74,A
367861000,2020-08-19T21:33:00,36.94639,-76.32977,0.0,0.0,266.0,LARAMIE,IMO8906626,NLAR,80,5,193,29,,,A
538002652,2020-08-19T21:27:51,36.87948,-76.32647,0.0,204.0,276.0,NAIAS,IMO9330800,V7KN8,70,5,225,32,14.0,70,A
215677000,2020-08-19T21:33:07,37.23523,-76.11858,0.0,321.1,20.0,RIZE,IMO9584035,9HA2781,70,1,229,32,14.5,,A
305855000,2020-08-19T21:29:48,36.86427,-76.31477,0.0,197.7,227.0,BBC PEARL,IMO9504786,V2FY8,70,5,153,23,9.1,70,A
538002652,2020-08-19T21:00:51,36.87945,-76.32645,0.0,204.0,276.0,NAIAS,IMO9330800,V7KN8,70,5,225,32,14.0,70,A
367078110,2020-08-19T21:36:52,36.83855,-76.28197,0.0,329.0,511.0,MARCELLE BORDELON,IMO9350379,WDJ2038,79,3,45,11,3.0,79,A
367821000,2020-08-19T21:36:57,36.97285,-76.43369,0.0,0.0,511.0,YANO,IMO7825409,NAQH,70,0,276,32,13.0,70,A
477196100,2020-08-19T21:36:49,37.19390,-76.13493,0.1,281.1,18.0,DARYA MA,IMO9591674,VRJH5,70,1,229,32,14.5,,A
367932000,2020-08-19T21:14:16,36.94914,-76.32968,0.0,107.0,279.0,JOHN LENTHALL,IMO8325547,NJLN,80,5,193,29,,,A
211839000,2020-08-19T21:15:17,36.90658,-76.32673,0.0,352.0,352.0,CHICAGO EXPRESS,IMO9295268,DCUJ2,70,5,336,42,14.6,79,A
305855000,2020-08-19T21:14:47,36.86427,-76.31475,0.0,125.6,226.0,BBC PEARL,IMO9504786,V2FY8,70,5,153,23,9.1,70,A
538002652,2020-08-19T21:30:53,36.87947,-76.32650,0.0,38.0,276.0,NAIAS,IMO9330800,V7KN8,70,5,225,32,14.0,70,A
215677000,2020-08-19T21:36:07,37.23518,-76.11849,0.1,321.1,19.0,RIZE,IMO9584035,9HA2781,70,1,229,32,14.5,,A
367078110,2020-08-19T21:01:13,36.83855,-76.28197,0.0,350.0,511.0,MARCELLE BORDELON,IMO9350379,WDJ2038,79,3,45,11,3.0,79,A
367861000,2020-08-19T21:36:00,36.94638,-76.32977,0.0,0.0,266.0,LARAMIE,IMO8906626,NLAR,80,5,193,29,,,A
367932000,2020-08-19T21:35:17,36.94916,-76.32963,0.0,107.0,279.0,JOHN LENTHALL,IMO8325547,NJLN,80,5,193,29,,,A
367821000,2020-08-19T21:38:07,36.97285,-76.43369,0.0,0.0,511.0,YANO,IMO7825409,NAQH,70,0,276,32,13.0,70,A
367821000,2020-08-19T21:17:18,36.97283,-76.43365,0.0,0.0,511.0,YANO,IMO7825409,NAQH,70,0,276,32,13.0,70,A
477866300,2020-08-19T21:37:24,36.92738,-76.32987,0.0,176.8,355.0,BILBAO BRIDGE,IMO9492701,VRHY6,70,5,269,35,11.0,74,A
366839000,2020-08-19T21:40:00,36.85348,-76.31082,0.0,0.0,39.0,CAPE RISE,IMO7530808,KAFG,70,5,197,32,10.0,,A
305855000,2020-08-19T21:17:49,36.86429,-76.31475,0.0,76.8,226.0,BBC PEARL,IMO9504786,V2FY8,70,5,153,23,9.1,70,A
538006982,2020-08-19T21:31:27,36.95800,-76.42077,3.6,311.4,317.0,ANTE TOPIC,IMO9737072,V7TR4,70,0,,,,,A
367932000,2020-08-19T21:02:17,36.94915,-76.32963,0.0,107.0,279.0,JOHN LENTHALL,IMO8325547,NJLN,80,5,193,29,,,A
368026000,2020-08-19T21:39:21,36.86577,-76.31606,0.0,270.5,2.0,BENAVIDEZ,IMO9218210,NBHG,70,5,289,32,10.9,70,A
367821000,2020-08-19T21:41:07,36.97284,-76.43368,0.0,0.0,511.0,YANO,IMO7825409,NAQH,70,0,276,32,13.0,70,A
538006982,2020-08-19T21:18:18,36.95509,-76.39520,8.4,262.6,264.0,ANTE TOPIC,IMO9737072,V7TR4,70,0,,,,,A
538006982,2020-08-19T21:19:19,36.95479,-76.39805,8.0,262.1,263.0,ANTE TOPIC,IMO9737072,V7TR4,70,0,,,,,A
477866300,2020-08-19T21:19:26,36.92741,-76.32992,0.0,256.1,355.0,BILBAO BRIDGE,IMO9492701,VRHY6,70,5,269,35,11.0,74,A
367822000,2020-08-19T21:32:56,36.97313,-76.43382,0.0,0.0,238.0,USNS SHUGHART,IMO7825394,NAOQ,70,5,276,32,13.0,70,A
538002652,2020-08-19T21:39:53,36.87945,-76.32647,0.0,57.0,276.0,NAIAS,IMO9330800,V7KN8,70,5,225,32,14.0,70,A
367078110,2020-08-19T21:03:33,36.83854,-76.28197,0.0,72.0,511.0,MARCELLE BORDELON,IMO9350379,WDJ2038,79,3,45,11,3.0,79,A
305855000,2020-08-19T21:41:48,36.86426,-76.31476,0.0,178.7,227.0,BBC PEARL,IMO9504786,V2FY8,70,5,153,23,9.1,70,A
477866300,2020-08-19T21:43:23,36.92733,-76.32990,0.0,173.8,355.0,BILBAO BRIDGE,IMO9492701,VRHY6,70,5,269,35,11.0,74,A
367821000,2020-08-19T21:44:07,36.97284,-76.43369,0.0,0.0,511.0,YANO,IMO7825409,NAQH,70,0,276,32,13.0,70,A
367822000,2020-08-19T21:41:56,36.97310,-76.43381,0.0,0.0,238.0,USNS SHUGHART,IMO7825394,NAOQ,70,5,276,32,13.0,70,A
211839000,2020-08-19T21:42:28,36.90653,-76.32670,0.0,353.0,353.0,CHICAGO EXPRESS,IMO9295268,DCUJ2,70,5,336,42,14.6,79,A
477196100,2020-08-19T21:42:47,37.19399,-76.13505,0.1,288.5,22.0,DARYA MA,IMO9591674,VRJH5,70,1,229,32,14.5,,A
368026000,2020-08-19T21:21:22,36.86577,-76.31604,0.0,270.5,2.0,BENAVIDEZ,IMO9218210,NBHG,70,5,289,32,10.9,70,A
477866300,2020-08-19T21:22:25,36.92737,-76.32987,0.0,256.1,355.0,BILBAO BRIDGE,IMO9492701,VRHY6,70,5,269,35,11.0,74,A
366839000,2020-08-19T21:22:04,36.85350,-76.31082,0.0,0.0,39.0,CAPE RISE,IMO7530808,KAFG,70,5,197,32,10.0,,A
367821000,2020-08-19T21:20:58,36.97283,-76.43365,0.0,0.0,511.0,YANO,IMO7825409,NAQH,70,0,276,32,13.0,70,A
367821000,2020-08-19T21:46:07,36.97284,-76.43369,0.0,0.0,511.0,YANO,IMO7825409,NAQH,70,0,276,32,13.0,70,A
367821000,2020-08-19T21:22:48,36.97283,-76.43366,0.0,0.0,511.0,YANO,IMO7825409,NAQH,70,0,276,32,13.0,70,A
211839000,2020-08-19T21:45:30,36.90656,-76.32670,0.0,353.0,353.0,CHICAGO EXPRESS,IMO9295268,DCUJ2,70,5,336,42,14.6,79,A
538006982,2020-08-19T21:24:28,36.95372,-76.41019,6.3,275.6,283.0,ANTE TOPIC,IMO9737072,V7TR4,70,0,,,,,A
215677000,2020-08-19T21:24:05,37.23513,-76.11838,0.1,281.1,15.0,RIZE,IMO9584035,9HA2781,70,1,229,32,14.5,,A
367932000,2020-08-19T21:44:16,36.94937,-76.32961,0.0,107.0,279.0,JOHN LENTHALL,IMO8325547,NJLN,80,5,193,29,,,A
215677000,2020-08-19T21:45:07,37.23516,-76.11840,0.1,321.1,14.0,RIZE,IMO9584035,9HA2781,70,1,229,32,14.5,,A
538002652,2020-08-19T21:45:52,36.87947,-76.32648,0.0,55.0,276.0,NAIAS,IMO9330800,V7KN8,70,5,225,32,14.0,70,A
215677000,2020-08-19T21:39:05,37.23516,-76.11841,0.1,321.1,17.0,RIZE,IMO9584035,9HA2781,70,1,229,32,14.5,,A
477196100,2020-08-19T21:48:49,37.19397,-76.13501,0.1,288.5,20.0,DARYA MA,IMO9591674,VRJH5,70,1,229,32,14.5,,A
367821000,2020-08-19T21:23:57,36.97283,-76.43366,0.0,0.0,511.0,YANO,IMO7825409,NAQH,70,0,276,32,13.0,70,A
367821000,2020-08-19T21:48:18,36.97284,-76.43369,0.0,0.0,511.0,YANO,IMO7825409,NAQH,70,0,276,32,13.0,70,A
367861000,2020-08-19T21:48:00,36.94635,-76.32984,0.0,0.0,265.0,LARAMIE,IMO8906626,NLAR,80,5,193,29,,,A
367932000,2020-08-19T21:38:17,36.94912,-76.32960,0.0,107.0,279.0,JOHN LENTHALL,IMO8325547,NJLN,80,5,193,29,,,A
367821000,2020-08-19T21:25:08,36.97283,-76.43366,0.0,0.0,511.0,YANO,IMO7825409,NAQH,70,0,276,32,13.0,70,A
367078110,2020-08-19T21:49:43,36.83855,-76.28197,0.0,292.0,511.0,MARCELLE BORDELON,IMO9350379,WDJ2038,79,3,45,11,3.0,79,A
367821000,2020-08-19T21:26:18,36.97283,-76.43366,0.0,0.0,511.0,YANO,IMO7825409,NAQH,70,0,276,32,13.0,70,A
477866300,2020-08-19T21:49:26,36.92745,-76.32987,0.0,325.2,355.0,BILBAO BRIDGE,IMO9492701,VRHY6,70,5,269,35,11.0,74,A
367078110,2020-08-19T21:44:14,36.83856,-76.28197,0.0,324.0,511.0,MARCELLE BORDELON,IMO9350379,WDJ2038,79,3,45,11,3.0,79,A
367932000,2020-08-19T21:41:18,36.94914,-76.32969,0.0,107.0,279.0,JOHN LENTHALL,IMO8325547,NJLN,80,5,193,29,,,A
477866300,2020-08-19T21:28:23,36.92743,-76.32986,0.0,256.1,355.0,BILBAO BRIDGE,IMO9492701,VRHY6,70,5,269,35,11.0,74,A
367861000,2020-08-19T21:45:01,36.94637,-76.32984,0.0,0.0,266.0,LARAMIE,IMO8906626,NLAR,80,5,193,29,,,A
367078110,2020-08-19T21:50:53,36.83855,-76.28197,0.0,286.0,511.0,MARCELLE BORDELON,IMO9350379,WDJ2038,79,3,45,11,3.0,79,A
367821000,2020-08-19T21:10:38,36.97283,-76.43365,0.0,0.0,511.0,YANO,IMO7825409,NAQH,70,0,276,32,13.0,70,A
367821000,2020-08-19T21:54:48,36.97285,-76.43369,0.0,0.0,511.0,YANO,IMO7825409,NAQH,70,0,276,32,13.0,70,A
367078110,2020-08-19T21:30:42,36.83855,-76.28197,0.0,309.0,511.0,MARCELLE BORDELON,IMO9350379,WDJ2038,79,3,45,11,3.0,79,A
367861000,2020-08-19T21:30:01,36.94640,-76.32977,0.0,0.0,265.0,LARAMIE,IMO8906626,NLAR,80,5,193,29,,,A
367822000,2020-08-19T21:29:56,36.97313,-76.43382,0.0,0.0,238.0,USNS SHUGHART,IMO7825394,NAOQ,70,5,276,32,13.0,70,A
366839000,2020-08-19T21:55:01,36.85346,-76.31078,0.0,0.0,39.0,CAPE RISE,IMO7530808,KAFG,70,5,197,32,10.0,,A
215677000,2020-08-19T21:54:03,37.23521,-76.11859,0.1,321.1,20.0,RIZE,IMO9584035,9HA2781,70,1,229,32,14.5,,A
367078110,2020-08-19T21:52:03,36.83854,-76.28198,0.0,245.0,511.0,MARCELLE BORDELON,IMO9350379,WDJ2038,79,3,45,11,3.0,79,A
477866300,2020-08-19T21:52:23,36.92733,-76.32982,0.0,325.2,355.0,BILBAO BRIDGE,IMO9492701,VRHY6,70,5,269,35,11.0,74,A
368026000,2020-08-19T21:54:21,36.86579,-76.31602,0.0,270.5,2.0,BENAVIDEZ,IMO9218210,NBHG,70,5,289,32,10.9,70,A
215677000,2020-08-19T21:30:07,37.23522,-76.11855,0.1,321.1,18.0,RIZE,IMO9584035,9HA2781,70,1,229,32,14.5,,A
367821000,2020-08-19T21:11:48,36.97283,-76.43365,0.0,0.0,511.0,YANO,IMO7825409,NAQH,70,0,276,32,13.0,70,A
305855000,2020-08-19T21:53:47,36.86425,-76.31478,0.1,193.6,226.0,BBC PEARL,IMO9504786,V2FY8,70,5,153,23,9.1,70,A
538006982,2020-08-19T21:33:37,36.95924,-76.42225,2.3,322.7,335.0,ANTE TOPIC,IMO9737072,V7TR4,70,0,,,,,A
368026000,2020-08-19T21:12:21,36.86577,-76.31603,0.0,270.5,2.0,BENAVIDEZ,IMO9218210,NBHG,70,5,289,32,10.9,70,A
366839000,2020-08-19T21:13:03,36.85346,-76.31081,0.0,0.0,39.0,CAPE RISE,IMO7530808,KAFG,70,5,197,32,10.0,,A
366839000,2020-08-19T21:31:01,36.85350,-76.31082,0.0,0.0,39.0,CAPE RISE,IMO7530808,KAFG,70,5,197,32,10.0,,A
367822000,2020-08-19T21:44:55,36.97311,-76.43382,0.0,0.0,238.0,USNS SHUGHART,IMO7825394,NAOQ,70,5,276,32,13.0,70,A
367821000,2020-08-19T21:58:48,36.97285,-76.43369,0.0,0.0,511.0,YANO,IMO7825409,NAQH,70,0,276,32,13.0,70,A
367078110,2020-08-19T21:33:02,36.83855,-76.28197,0.0,67.0,511.0,MARCELLE BORDELON,IMO9350379,WDJ2038,79,3,45,11,3.0,79,A
538002652,2020-08-19T21:33:52,36.87947,-76.32645,0.0,38.0,276.0,NAIAS,IMO9330800,V7KN8,70,5,225,32,14.0,70,A
538002652,2020-08-19T21:54:53,36.87950,-76.32645,0.0,226.0,276.0,NAIAS,IMO9330800,V7KN8,70,5,225,32,14.0,70,A
368026000,2020-08-19T21:33:21,36.86576,-76.31603,0.0,270.5,2.0,BENAVIDEZ,IMO9218210,NBHG,70,5,289,32,10.9,70,A
366839000,2020-08-19T21:33:58,36.85351,-76.31079,0.0,0.0,39.0,CAPE RISE,IMO7530808,KAFG,70,5,197,32,10.0,,A
211839000,2020-08-19T21:57:35,36.90655,-76.32670,0.0,353.0,353.0,CHICAGO EXPRESS,IMO9295268,DCUJ2,70,5,336,42,14.6,79,A
367078110,2020-08-19T21:34:52,36.83855,-76.28198,0.0,335.0,511.0,MARCELLE BORDELON,IMO9350379,WDJ2038,79,3,45,11,3.0,79,A
477866300,2020-08-19T21:55:24,36.92726,-76.32987,0.0,193.3,355.0,BILBAO BRIDGE,IMO9492701,VRHY6,70,5,269,35,11.0,74,A
367821000,2020-08-19T21:33:37,36.97285,-76.43370,0.0,0.0,511.0,YANO,IMO7825409,NAQH,70,0,276,32,13.0,70,A
477196100,2020-08-19T21:57:45,37.19395,-76.13528,0.2,290.1,17.0,DARYA MA,IMO9591674,VRJH5,70,1,229,32,14.5,,A
367821000,2020-08-19T21:35:18,36.97285,-76.43369,0.0,0.0,511.0,YANO,IMO7825409,NAQH,70,0,276,32,13.0,70,A
538006982,2020-08-19T21:56:16,36.96256,-76.42366,0.1,192.7,40.0,ANTE TOPIC,IMO9737072,V7TR4,70,5,,,,,A
367861000,2020-08-19T22:00:00,36.94635,-76.32976,0.0,0.0,265.0,LARAMIE,IMO8906626,NLAR,80,5,193,29,,,A
215677000,2020-08-19T21:47:58,37.23519,-76.11847,0.1,321.1,16.0,RIZE,IMO9584035,9HA2781,70,1,229,32,14.5,,A
211839000,2020-08-19T21:48:31,36.90657,-76.32674,0.0,353.0,353.0,CHICAGO EXPRESS,IMO9295268,DCUJ2,70,5,336,42,14.6,79,A
368026000,2020-08-19T21:15:20,36.86577,-76.31607,0.0,270.5,2.0,BENAVIDEZ,IMO9218210,NBHG,70,5,289,32,10.9,70,A
366839000,2020-08-19T21:49:02,36.85347,-76.31084,0.0,0.0,39.0,CAPE RISE,IMO7530808,KAFG,70,5,197,32,10.0,,A
477196100,2020-08-19T21:15:54,37.19380,-76.13463,0.1,267.8,2.0,DARYA MA,IMO9591674,VRJH5,70,1,229,32,14.5,,A
367932000,2020-08-19T21:59:18,36.94918,-76.32965,0.0,107.0,279.0,JOHN LENTHALL,IMO8325547,NJLN,80,5,193,29,,,A
477196100,2020-08-19T22:00:49,37.19402,-76.13542,0.1,295.8,23.0,DARYA MA,IMO9591674,VRJH5,70,1,229,32,14.5,,A
367821000,2020-08-19T21:15:28,36.97283,-76.43365,0.0,0.0,511.0,YANO,IMO7825409,NAQH,70,0,276,32,13.0,70,A
367078110,2020-08-19T21:59:42,36.83853,-76.28199,0.0,200.0,511.0,MARCELLE BORDELON,IMO9350379,WDJ2038,79,3,45,11,3.0,79,A
538002652,2020-08-19T21:36:51,36.87950,-76.32642,0.0,38.0,276.0,NAIAS,IMO9330800,V7KN8,70,5,225,32,14.0,70,A
305855000,2020-08-19T21:50:47,36.86426,-76.31478,0.0,193.1,226.0,BBC PEARL,IMO9504786,V2FY8,70,5,153,23,9.1,70,A
538006982,2020-08-19T21:59:16,36.96258,-76.42369,0.1,191.2,40.0,ANTE TOPIC,IMO9737072,V7TR4,70,5,,,,,A
367078110,2020-08-19T22:02:23,36.83854,-76.28198,0.0,211.0,511.0,MARCELLE BORDELON,IMO9350379,WDJ2038,79,3,45,11,3.0,79,A
367861000,2020-08-19T21:51:00,36.94640,-76.32987,0.0,0.0,265.0,LARAMIE,IMO8906626,NLAR,80,5,193,29,,,A
215677000,2020-08-19T21:51:08,37.23521,-76.11856,0.1,321.1,18.0,RIZE,IMO9584035,9HA2781,70,1,229,32,14.5,,A
368026000,2020-08-19T21:36:21,36.86576,-76.31604,0.0,270.5,2.0,BENAVIDEZ,IMO9218210,NBHG,70,5,289,32,10.9,70,A
368026000,2020-08-19T21:51:21,36.86576,-76.31603,0.0,270.5,2.0,BENAVIDEZ,IMO9218210,NBHG,70,5,289,32,10.9,70,A
305855000,2020-08-19T21:59:45,36.86429,-76.31475,0.1,195.1,226.0,BBC PEARL,IMO9504786,V2FY8,70,5,153,23,9.1,70,A
211839000,2020-08-19T21:36:25,36.90662,-76.32673,0.0,353.0,353.0,CHICAGO EXPRESS,IMO9295268,DCUJ2,70,5,336,42,14.6,79,A
538006982,2020-08-19T21:39:19,36.96226,-76.42359,0.8,345.7,34.0,ANTE TOPIC,IMO9737072,V7TR4,70,0,,,,,A
367861000,2020-08-19T22:03:01,36.94631,-76.32975,0.0,0.0,265.0,LARAMIE,IMO8906626,NLAR,80,5,193,29,,,A
367822000,2020-08-19T21:38:55,36.97310,-76.43373,0.0,0.0,238.0,USNS SHUGHART,IMO7825394,NAOQ,70,5,276,32,13.0,70,A
367078110,2020-08-19T21:38:04,36.83856,-76.28197,0.0,338.0,511.0,MARCELLE BORDELON,IMO9350379,WDJ2038,79,3,45,11,3.0,79,A
367822000,2020-08-19T21:17:56,36.97313,-76.43382,0.0,0.0,238.0,USNS SHUGHART,IMO7825394,NAOQ,70,5,276,32,13.0,70,A
366839000,2020-08-19T22:01:01,36.85350,-76.31082,0.0,0.0,39.0,CAPE RISE,IMO7530808,KAFG,70,5,197,32,10.0,,A
367078110,2020-08-19T22:03:33,36.83853,-76.28198,0.0,211.0,511.0,MARCELLE BORDELON,IMO9350379,WDJ2038,79,3,45,11,3.0,79,A
477866300,2020-08-19T22:01:24,36.92738,-76.32982,0.0,174.1,355.0,BILBAO BRIDGE,IMO9492701,VRHY6,70,5,269,35,11.0,74,A
538006982,2020-08-19T21:41:47,36.96248,-76.42364,0.3,341.0,37.0,ANTE TOPIC,IMO9737072,V7TR4,70,0,,,,,A
538002652,2020-08-19T21:18:49,36.87948,-76.32642,0.0,204.0,276.0,NAIAS,IMO9330800,V7KN8,70,5,225,32,14.0,70,A
367078110,2020-08-19T21:18:42,36.83856,-76.28196,0.0,310.0,511.0,MARCELLE BORDELON,IMO9350379,WDJ2038,79,3,45,11,3.0,79,A
477196100,2020-08-19T21:18:44,37.19385,-76.13482,0.2,286.7,8.0,DARYA MA,IMO9591674,VRJH5,70,1,229,32,14.5,,A
211839000,2020-08-19T21:54:31,36.90654,-76.32671,0.0,353.0,353.0,CHICAGO EXPRESS,IMO9295268,DCUJ2,70,5,336,42,14.6,79,A
477866300,2020-08-19T21:40:24,36.92735,-76.32989,0.0,191.2,355.0,BILBAO BRIDGE,IMO9492701,VRHY6,70,5,269,35,11.0,74,A
538006982,2020-08-19T22:05:16,36.96257,-76.42366,0.0,171.8,40.0,ANTE TOPIC,IMO9737072,V7TR4,70,5,,,,,A
367822000,2020-08-19T21:20:56,36.97314,-76.43382,0.0,0.0,238.0,USNS SHUGHART,IMO7825394,NAOQ,70,5,276,32,13.0,70,A
215677000,2020-08-19T21:42:07,37.23515,-76.11837,0.0,321.1,14.0,RIZE,IMO9584035,9HA2781,70,1,229,32,14.5,,A
367861000,2020-08-19T21:41:59,36.94638,-76.32977,0.0,0.0,266.0,LARAMIE,IMO8906626,NLAR,80,5,193,29,,,A
211839000,2020-08-19T22:03:35,36.90657,-76.32671,0.0,353.0,353.0,CHICAGO EXPRESS,IMO9295268,DCUJ2,70,5,336,42,14.6,79,A
477866300,2020-08-19T22:04:25,36.92733,-76.32986,0.0,174.1,355.0,BILBAO BRIDGE,IMO9492701,VRHY6,70,5,269,35,11.0,74,A
538002652,2020-08-19T21:42:51,36.87945,-76.32648,0.0,56.0,276.0,NAIAS,IMO9330800,V7KN8,70,5,225,32,14.0,70,A
367821000,2020-08-19T21:42:17,36.97284,-76.43368,0.0,0.0,511.0,YANO,IMO7825409,NAQH,70,0,276,32,13.0,70,A
368026000,2020-08-19T21:42:21,36.86576,-76.31606,0.0,270.5,2.0,BENAVIDEZ,IMO9218210,NBHG,70,5,289,32,10.9,70,A
368026000,2020-08-19T22:06:20,36.86574,-76.31604,0.0,270.5,2.0,BENAVIDEZ,IMO9218210,NBHG,70,5,289,32,10.9,70,A
367078110,2020-08-19T21:58:12,36.83854,-76.28198,0.0,300.0,511.0,MARCELLE BORDELON,IMO9350379,WDJ2038,79,3,45,11,3.0,79,A
366839000,2020-08-19T22:04:03,36.85348,-76.31081,0.0,0.0,39.0,CAPE RISE,IMO7530808,KAFG,70,5,197,32,10.0,,A
477196100,2020-08-19T22:06:47,37.19406,-76.13558,0.0,290.3,29.0,DARYA MA,IMO9591674,VRJH5,70,1,229,32,14.5,,A
367821000,2020-08-19T22:04:48,36.97285,-76.43368,0.0,0.0,511.0,YANO,IMO7825409,NAQH,70,0,276,32,13.0,70,A
538006982,2020-08-19T21:22:49,36.95360,-76.40654,6.6,263.2,274.0,ANTE TOPIC,IMO9737072,V7TR4,70,0,,,,,A
366839000,2020-08-19T21:43:01,36.85349,-76.31080,0.0,0.0,39.0,CAPE RISE,IMO7530808,KAFG,70,5,197,32,10.0,,A
368026000,2020-08-19T21:45:20,36.86573,-76.31606,0.0,270.5,2.0,BENAVIDEZ,IMO9218210,NBHG,70,5,289,32,10.9,70,A
477196100,2020-08-19T22:03:50,37.19407,-76.13554,0.1,290.3,27.0,DARYA MA,IMO9591674,VRJH5,70,1,229,32,14.5,,A
367861000,2020-08-19T22:06:01,36.94627,-76.32980,0.0,0.0,265.0,LARAMIE,IMO8906626,NLAR,80,5,193,29,,,A
367822000,2020-08-19T21:56:55,36.97312,-76.43381,0.0,0.0,238.0,USNS SHUGHART,IMO7825394,NAOQ,70,5,276,32,13.0,70,A
477196100,2020-08-19T21:45:51,37.19398,-76.13502,0.0,288.5,22.0,DARYA MA,IMO9591674,VRJH5,70,1,229,32,14.5,,A
305855000,2020-08-19T22:05:47,36.86427,-76.31476,0.0,182.0,226.0,BBC PEARL,IMO9504786,V2FY8,70,5,153,23,9.1,70,A
305855000,2020-08-19T21:23:47,36.86429,-76.31474,0.0,34.8,227.0,BBC PEARL,IMO9504786,V2FY8,70,5,153,23,9.1,70,A
367861000,2020-08-19T21:24:01,36.94640,-76.32974,0.0,0.0,265.0,LARAMIE,IMO8906626,NLAR,80,5,193,29,,,A
366839000,2020-08-19T21:25:00,36.85347,-76.31081,0.0,0.0,39.0,CAPE RISE,IMO7530808,KAFG,70,5,197,32,10.0,,A
367821000,2020-08-19T22:07:18,36.97284,-76.43368,0.0,0.0,511.0,YANO,IMO7825409,NAQH,70,0,276,32,13.0,70,A
477866300,2020-08-19T22:07:25,36.92740,-76.32992,0.0,188.6,355.0,BILBAO BRIDGE,IMO9492701,VRHY6,70,5,269,35,11.0,74,A
367822000,2020-08-19T21:23:56,36.97314,-76.43382,0.0,0.0,238.0,USNS SHUGHART,IMO7825394,NAOQ,70,5,276,32,13.0,70,A
368026000,2020-08-19T21:24:20,36.86575,-76.31603,0.0,270.5,2.0,BENAVIDEZ,IMO9218210,NBHG,70,5,289,32,10.9,70,A
367078110,2020-08-19T21:25:42,36.83855,-76.28197,0.0,318.0,511.0,MARCELLE BORDELON,IMO9350379,WDJ2038,79,3,45,11,3.0,79,A
215677000,2020-08-19T22:06:02,37.23529,-76.11863,0.1,298.8,19.0,RIZE,IMO9584035,9HA2781,70,1,229,32,14.5,,A
367821000,2020-08-19T22:08:27,36.97284,-76.43368,0.0,0.0,511.0,YANO,IMO7825409,NAQH,70,0,276,32,13.0,70,A
367078110,2020-08-19T22:00:02,36.83853,-76.28199,0.0,299.0,511.0,MARCELLE BORDELON,IMO9350379,WDJ2038,79,3,45,11,3.0,79,A
367078110,2020-08-19T21:48:13,36.83855,-76.28197,0.0,348.0,511.0,MARCELLE BORDELON,IMO9350379,WDJ2038,79,3,45,11,3.0,79,A
538006982,2020-08-19T21:45:59,36.96261,-76.42365,0.1,187.0,39.0,ANTE TOPIC,IMO9737072,V7TR4,70,0,,,,,A
538006982,2020-08-19T21:25:38,36.95399,-76.41269,6.0,278.4,290.0,ANTE TOPIC,IMO9737072,V7TR4,70,0,,,,,A
367932000,2020-08-19T22:08:17,36.94916,-76.32964,0.0,107.0,279.0,JOHN LENTHALL,IMO8325547,NJLN,80,5,193,29,,,A
367078110,2020-08-19T22:08:22,36.83853,-76.28198,0.0,212.0,511.0,MARCELLE BORDELON,IMO9350379,WDJ2038,79,3,45,11,3.0,79,A
367822000,2020-08-19T22:08:55,36.97312,-76.43382,0.0,0.0,238.0,USNS SHUGHART,IMO7825394,NAOQ,70,5,276,32,13.0,70,A
538002652,2020-08-19T21:48:51,36.87948,-76.32645,0.0,55.0,276.0,NAIAS,IMO9330800,V7KN8,70,5,225,32,14.0,70,A
367078110,2020-08-19T21:27:23,36.83855,-76.28198,0.0,319.0,511.0,MARCELLE BORDELON,IMO9350379,WDJ2038,79,3,45,11,3.0,79,A
368026000,2020-08-19T22:09:21,36.86575,-76.31605,0.0,270.5,2.0,BENAVIDEZ,IMO9218210,NBHG,70,5,289,32,10.9,70,A
538006982,2020-08-19T22:02:16,36.96256,-76.42365,0.0,171.8,40.0,ANTE TOPIC,IMO9737072,V7TR4,70,5,,,,,A
367821000,2020-08-19T22:09:37,36.97285,-76.43368,0.0,0.0,511.0,YANO,IMO7825409,NAQH,70,0,276,32,13.0,70,A
367932000,2020-08-19T21:47:16,36.94930,-76.32952,0.0,107.0,279.0,JOHN LENTHALL,IMO8325547,NJLN,80,5,193,29,,,A
477196100,2020-08-19T22:09:45,37.19405,-76.13546,0.1,290.3,26.0,DARYA MA,IMO9591674,VRJH5,70,1,229,32,14.5,,A
366839000,2020-08-19T22:10:01,36.85350,-76.31081,0.0,0.0,40.0,CAPE RISE,IMO7530808,KAFG,70,5,197,32,10.0,,A
367821000,2020-08-19T22:02:27,36.97284,-76.43369,0.0,0.0,511.0,YANO,IMO7825409,NAQH,70,0,276,32,13.0,70,A
367822000,2020-08-19T21:47:56,36.97311,-76.43382,0.0,0.0,238.0,USNS SHUGHART,IMO7825394,NAOQ,70,5,276,32,13.0,70,A
538002652,2020-08-19T22:09:50,36.87948,-76.32648,0.0,226.0,276.0,NAIAS,IMO9330800,V7KN8,70,5,225,32,14.0,70,A
367821000,2020-08-19T21:50:18,36.97284,-76.43369,0.0,0.0,511.0,YANO,IMO7825409,NAQH,70,0,276,32,13.0,70,A
367822000,2020-08-19T21:50:56,36.97311,-76.43382,0.0,0.0,238.0,USNS SHUGHART,IMO7825394,NAOQ,70,5,276,32,13.0,70,A
367822000,2020-08-19T22:05:56,36.97312,-76.43382,0.0,0.0,238.0,USNS SHUGHART,IMO7825394,NAOQ,70,5,276,32,13.0,70,A
367078110,2020-08-19T22:06:03,36.83853,-76.28198,0.0,212.0,511.0,MARCELLE BORDELON,IMO9350379,WDJ2038,79,3,45,11,3.0,79,A
367821000,2020-08-19T21:30:08,36.97283,-76.43366,0.0,0.0,511.0,YANO,IMO7825409,NAQH,70,0,276,32,13.0,70,A
367932000,2020-08-19T22:11:17,36.94918,-76.32963,0.0,107.0,279.0,JOHN LENTHALL,IMO8325547,NJLN,80,5,193,29,,,A
367821000,2020-08-19T22:11:57,36.97285,-76.43368,0.0,0.0,511.0,YANO,IMO7825409,NAQH,70,0,276,32,13.0,70,A
477196100,2020-08-19T22:12:49,37.19403,-76.13541,0.0,290.3,22.0,DARYA MA,IMO9591674,VRJH5,70,1,229,32,14.5,,A
538002652,2020-08-19T22:12:51,36.87948,-76.32648,0.0,226.0,276.0,NAIAS,IMO9330800,V7KN8,70,5,225,32,14.0,70,A
538006982,2020-08-19T21:51:08,36.96255,-76.42365,0.1,167.3,40.0,ANTE TOPIC,IMO9737072,V7TR4,70,0,,,,,A
366839000,2020-08-19T22:13:01,36.85349,-76.31080,0.0,0.0,40.0,CAPE RISE,IMO7530808,KAFG,70,5,197,32,10.0,,A
538002652,2020-08-19T21:51:52,36.87947,-76.32648,0.0,55.0,276.0,NAIAS,IMO9330800,V7KN8,70,5,225,32,14.0,70,A
538006982,2020-08-19T21:53:48,36.96256,-76.42367,0.1,181.9,40.0,ANTE TOPIC,IMO9737072,V7TR4,70,5,,,,,A
367932000,2020-08-19T22:14:17,36.94921,-76.32970,0.0,107.0,279.0,JOHN LENTHALL,IMO8325547,NJLN,80,5,193,29,,,A
477196100,2020-08-19T21:51:50,37.19392,-76.13501,0.1,288.5,18.0,DARYA MA,IMO9591674,VRJH5,70,1,229,32,14.5,,A
305855000,2020-08-19T21:32:47,36.86431,-76.31477,0.0,192.3,227.0,BBC PEARL,IMO9504786,V2FY8,70,5,153,23,9.1,70,A
477196100,2020-08-19T22:15:45,37.19405,-76.13551,0.1,265.4,21.0,DARYA MA,IMO9591674,VRJH5,70,1,229,32,14.5,,A
367078110,2020-08-19T22:09:32,36.83853,-76.28199,0.0,224.0,511.0,MARCELLE BORDELON,IMO9350379,WDJ2038,79,3,45,11,3.0,79,A
305855000,2020-08-19T22:14:47,36.86427,-76.31476,0.0,171.7,226.0,BBC PEARL,IMO9504786,V2FY8,70,5,153,23,9.1,70,A
367078110,2020-08-19T21:54:33,36.83854,-76.28198,0.0,177.0,511.0,MARCELLE BORDELON,IMO9350379,WDJ2038,79,3,45,11,3.0,79,A
367078110,2020-08-19T22:15:22,36.83853,-76.28199,0.1,185.0,511.0,MARCELLE BORDELON,IMO9350379,WDJ2038,79,3,45,11,3.0,79,A
477196100,2020-08-19T21:33:48,37.19389,-76.13480,0.1,62.5,13.0,DARYA MA,IMO9591674,VRJH5,70,1,229,32,14.5,,A
305855000,2020-08-19T21:35:48,36.86428,-76.31476,0.0,176.1,227.0,BBC PEARL,IMO9504786,V2FY8,70,5,153,23,9.1,70,A
368026000,2020-08-19T22:15:20,36.86574,-76.31605,0.0,270.5,2.0,BENAVIDEZ,IMO9218210,NBHG,70,5,289,32,10.9,70,A
367822000,2020-08-19T21:53:56,36.97311,-76.43381,0.0,0.0,238.0,USNS SHUGHART,IMO7825394,NAOQ,70,5,276,32,13.0,70,A
538006982,2020-08-19T21:36:08,36.96068,-76.42322,2.3,337.3,1.0,ANTE TOPIC,IMO9737072,V7TR4,70,0,,,,,A
367822000,2020-08-19T21:35:55,36.97313,-76.43382,0.0,0.0,238.0,USNS SHUGHART,IMO7825394,NAOQ,70,5,276,32,13.0,70,A
367932000,2020-08-19T21:56:16,36.94915,-76.32969,0.0,107.0,279.0,JOHN LENTHALL,IMO8325547,NJLN,80,5,193,29,,,A
305855000,2020-08-19T22:17:48,36.86427,-76.31475,0.1,183.7,226.0,BBC PEARL,IMO9504786,V2FY8,70,5,153,23,9.1,70,A
366839000,2020-08-19T21:37:00,36.85349,-76.31080,0.0,0.0,39.0,CAPE RISE,IMO7530808,KAFG,70,5,197,32,10.0,,A
367861000,2020-08-19T22:18:01,36.94631,-76.32975,0.0,0.0,265.0,LARAMIE,IMO8906626,NLAR,80,5,193,29,,,A
538006982,2020-08-19T22:11:16,36.96257,-76.42360,0.0,171.8,40.0,ANTE TOPIC,IMO9737072,V7TR4,70,5,,,,,A
477196100,2020-08-19T21:39:49,37.19393,-76.13499,0.1,288.5,20.0,DARYA MA,IMO9591674,VRJH5,70,1,229,32,14.5,,A
367821000,2020-08-19T21:39:28,36.97284,-76.43368,0.0,0.0,511.0,YANO,IMO7825409,NAQH,70,0,276,32,13.0,70,A
368026000,2020-08-19T22:12:21,36.86573,-76.31605,0.0,270.5,2.0,BENAVIDEZ,IMO9218210,NBHG,70,5,289,32,10.9,70,A
538003366,2020-08-19T22:19:49,37.33322,-76.08470,13.2,198.8,206.0,ALGOMA VALUE,IMO7926148,V7QH6,70,0,244,32,12.8,,A
538003366,2020-08-19T22:18:18,37.33875,-76.08282,13.3,194.2,195.0,ALGOMA VALUE,IMO7926148,V7QH6,70,0,244,32,12.8,,A
367078110,2020-08-19T22:21:22,36.83854,-76.28199,0.0,217.0,511.0,MARCELLE BORDELON,IMO9350379,WDJ2038,79,3,45,11,3.0,79,A
367821000,2020-08-19T21:59:57,36.97285,-76.43369,0.0,0.0,511.0,YANO,IMO7825409,NAQH,70,0,276,32,13.0,70,A
211839000,2020-08-19T22:21:44,36.90655,-76.32675,0.0,353.0,353.0,CHICAGO EXPRESS,IMO9295268,DCUJ2,70,5,336,42,14.6,79,A
367078110,2020-08-19T22:14:12,36.83854,-76.28198,0.0,201.0,511.0,MARCELLE BORDELON,IMO9350379,WDJ2038,79,3,45,11,3.0,79,A
367821000,2020-08-19T22:00:07,36.97285,-76.43369,0.0,0.0,511.0,YANO,IMO7825409,NAQH,70,0,276,32,13.0,70,A
367822000,2020-08-19T22:20:55,36.97313,-76.43382,0.0,0.0,238.0,USNS SHUGHART,IMO7825394,NAOQ,70,5,276,32,13.0,70,A
367822000,2020-08-19T22:02:55,36.97312,-76.43382,0.0,0.0,238.0,USNS SHUGHART,IMO7825394,NAOQ,70,5,276,32,13.0,70,A
367821000,2020-08-19T22:01:18,36.97285,-76.43369,0.0,0.0,511.0,YANO,IMO7825409,NAQH,70,0,276,32,13.0,70,A
305855000,2020-08-19T22:02:48,36.86429,-76.31473,0.0,129.9,225.0,BBC PEARL,IMO9504786,V2FY8,70,5,153,23,9.1,70,A
367861000,2020-08-19T22:15:00,36.94633,-76.32983,0.0,0.0,265.0,LARAMIE,IMO8906626,NLAR,80,5,193,29,,,A
538003366,2020-08-19T22:23:09,37.32235,-76.09166,13.3,209.3,212.0,ALGOMA VALUE,IMO7926148,V7QH6,70,0,244,32,12.8,,A
367932000,2020-08-19T22:02:17,36.94919,-76.32960,0.0,107.0,279.0,JOHN LENTHALL,IMO8325547,NJLN,80,5,193,29,,,A
367821000,2020-08-19T22:22:58,36.97288,-76.43368,0.0,0.0,511.0,YANO,IMO7825409,NAQH,70,0,276,32,13.0,70,A
367078110,2020-08-19T22:22:33,36.83853,-76.28199,0.0,32.0,511.0,MARCELLE BORDELON,IMO9350379,WDJ2038,79,3,45,11,3.0,79,A
367821000,2020-08-19T22:24:38,36.97288,-76.43367,0.0,0.0,511.0,YANO,IMO7825409,NAQH,70,0,276,32,13.0,70,A
477196100,2020-08-19T22:21:48,37.19423,-76.13584,0.2,301.2,30.0,DARYA MA,IMO9591674,VRJH5,70,1,229,32,14.5,,A
215677000,2020-08-19T22:03:07,37.23523,-76.11850,0.1,292.5,16.0,RIZE,IMO9584035,9HA2781,70,1,229,32,14.5,,A
538006982,2020-08-19T21:44:47,36.96256,-76.42364,0.1,195.9,39.0,ANTE TOPIC,IMO9737072,V7TR4,70,0,,,,,A
367932000,2020-08-19T22:05:17,36.94916,-76.32963,0.0,107.0,279.0,JOHN LENTHALL,IMO8325547,NJLN,80,5,193,29,,,A
367821000,2020-08-19T22:03:38,36.97285,-76.43369,0.0,0.0,511.0,YANO,IMO7825409,NAQH,70,0,276,32,13.0,70,A
215677000,2020-08-19T22:18:02,37.23518,-76.11850,0.1,298.8,19.0,RIZE,IMO9584035,9HA2781,70,1,229,32,14.5,,A
367078110,2020-08-19T22:17:42,36.83853,-76.28199,0.0,309.0,511.0,MARCELLE BORDELON,IMO9350379,WDJ2038,79,3,45,11,3.0,79,A
477866300,2020-08-19T22:25:23,36.92739,-76.32992,0.0,200.8,354.0,BILBAO BRIDGE,IMO9492701,VRHY6,70,5,269,35,11.0,74,A
477196100,2020-08-19T22:18:49,37.19413,-76.13569,0.2,301.5,24.0,DARYA MA,IMO9591674,VRJH5,70,1,229,32,14.5,,A
367078110,2020-08-19T21:45:22,36.83855,-76.28197,0.0,270.0,511.0,MARCELLE BORDELON,IMO9350379,WDJ2038,79,3,45,11,3.0,79,A
305855000,2020-08-19T22:08:48,36.86427,-76.31477,0.0,217.9,226.0,BBC PEARL,IMO9504786,V2FY8,70,5,153,23,9.1,70,A
215677000,2020-08-19T22:09:06,37.23528,-76.11870,0.1,298.8,21.0,RIZE,IMO9584035,9HA2781,70,1,229,32,14.5,,A
368026000,2020-08-19T22:24:20,36.86577,-76.31603,0.1,270.5,2.0,BENAVIDEZ,IMO9218210,NBHG,70,5,289,32,10.9,70,A
477196100,2020-08-19T22:27:50,37.19419,-76.13588,0.1,298.4,32.0,DARYA MA,IMO9591674,VRJH5,70,1,229,32,14.5,,A
366839000,2020-08-19T21:46:03,36.85347,-76.31078,0.0,0.0,39.0,CAPE RISE,IMO7530808,KAFG,70,5,197,32,10.0,,A
477866300,2020-08-19T21:46:23,36.92737,-76.32990,0.0,192.1,355.0,BILBAO BRIDGE,IMO9492701,VRHY6,70,5,269,35,11.0,74,A
538006982,2020-08-19T22:20:16,36.96256,-76.42367,0.0,171.8,41.0,ANTE TOPIC,IMO9737072,V7TR4,70,5,,,,,A
538006982,2020-08-19T21:48:48,36.96258,-76.42367,0.1,189.9,39.0,ANTE TOPIC,IMO9737072,V7TR4,70,0,,,,,A
367821000,2020-08-19T22:27:47,36.97288,-76.43368,0.0,0.0,511.0,YANO,IMO7825409,NAQH,70,0,276,32,13.0,70,A
367821000,2020-08-19T22:10:47,36.97285,-76.43368,0.0,0.0,511.0,YANO,IMO7825409,NAQH,70,0,276,32,13.0,70,A
538006982,2020-08-19T22:08:16,36.96256,-76.42365,0.0,171.8,40.0,ANTE TOPIC,IMO9737072,V7TR4,70,5,,,,,A
305855000,2020-08-19T22:29:49,36.86429,-76.31472,0.1,106.5,227.0,BBC PEARL,IMO9504786,V2FY8,70,5,153,23,9.1,70,A
367822000,2020-08-19T22:26:55,36.97313,-76.43382,0.0,0.0,239.0,USNS SHUGHART,IMO7825394,NAOQ,70,5,276,32,13.0,70,A
477866300,2020-08-19T22:28:24,36.92743,-76.32988,0.0,200.8,355.0,BILBAO BRIDGE,IMO9492701,VRHY6,70,5,269,35,11.0,74,A
367821000,2020-08-19T22:29:57,36.97288,-76.43368,0.0,0.0,511.0,YANO,IMO7825409,NAQH,70,0,276,32,13.0,70,A
367821000,2020-08-19T22:28:48,36.97288,-76.43368,0.0,0.0,511.0,YANO,IMO7825409,NAQH,70,0,276,32,13.0,70,A
367078110,2020-08-19T22:28:45,36.83854,-76.28199,0.0,173.0,511.0,MARCELLE BORDELON,IMO9350379,WDJ2038,79,3,45,11,3.0,79,A
538006982,2020-08-19T21:49:59,36.96257,-76.42367,0.1,192.4,40.0,ANTE TOPIC,IMO9737072,V7TR4,70,0,,,,,A
538006982,2020-08-19T22:32:16,36.96260,-76.42361,0.0,110.3,41.0,ANTE TOPIC,IMO9737072,V7TR4,70,5,,,,,A
538003366,2020-08-19T22:30:48,37.29758,-76.10934,13.4,211.4,214.0,ALGOMA VALUE,IMO7926148,V7QH6,70,0,244,32,12.8,,A
367932000,2020-08-19T21:50:17,36.94919,-76.32960,0.0,107.0,279.0,JOHN LENTHALL,IMO8325547,NJLN,80,5,193,29,,,A
305855000,2020-08-19T22:11:48,36.86430,-76.31477,0.0,170.7,226.0,BBC PEARL,IMO9504786,V2FY8,70,5,153,23,9.1,70,A
367078110,2020-08-19T22:34:05,36.83853,-76.28198,0.0,189.0,511.0,MARCELLE BORDELON,IMO9350379,WDJ2038,79,3,45,11,3.0,79,A
211839000,2020-08-19T21:51:32,36.90662,-76.32673,0.0,353.0,353.0,CHICAGO EXPRESS,IMO9295268,DCUJ2,70,5,336,42,14.6,79,A
211839000,2020-08-19T22:30:47,36.90649,-76.32677,0.0,352.0,352.0,CHICAGO EXPRESS,IMO9295268,DCUJ2,70,5,336,42,14.6,79,A
367861000,2020-08-19T22:33:01,36.94641,-76.32982,0.0,0.0,265.0,LARAMIE,IMO8906626,NLAR,80,5,193,29,,,A
215677000,2020-08-19T22:12:02,37.23525,-76.11871,0.1,298.8,23.0,RIZE,IMO9584035,9HA2781,70,1,229,32,14.5,,A
366839000,2020-08-19T21:52:01,36.85348,-76.31078,0.0,0.0,39.0,CAPE RISE,IMO7530808,KAFG,70,5,197,32,10.0,,A
368026000,2020-08-19T22:33:21,36.86578,-76.31605,0.1,270.5,2.0,BENAVIDEZ,IMO9218210,NBHG,70,5,289,32,10.9,70,A
538003366,2020-08-19T22:33:58,37.28751,-76.11669,12.8,202.5,199.0,ALGOMA VALUE,IMO7926148,V7QH6,70,0,244,32,12.8,,A
367821000,2020-08-19T22:14:18,36.97285,-76.43368,0.0,0.0,511.0,YANO,IMO7825409,NAQH,70,0,276,32,13.0,70,A
477196100,2020-08-19T21:54:48,37.19389,-76.13512,0.1,238.2,16.0,DARYA MA,IMO9591674,VRJH5,70,1,229,32,14.5,,A
477196100,2020-08-19T22:24:48,37.19426,-76.13595,0.1,298.4,33.0,DARYA MA,IMO9591674,VRJH5,70,1,229,32,14.5,,A
477866300,2020-08-19T22:34:25,36.92743,-76.32978,0.0,200.8,355.0,BILBAO BRIDGE,IMO9492701,VRHY6,70,5,269,35,11.0,74,A
538003366,2020-08-19T22:32:39,37.29171,-76.11387,13.3,212.4,213.0,ALGOMA VALUE,IMO7926148,V7QH6,70,0,244,32,12.8,,A
367821000,2020-08-19T22:32:47,36.97287,-76.43368,0.0,0.0,511.0,YANO,IMO7825409,NAQH,70,0,276,32,13.0,70,A
366839000,2020-08-19T22:24:58,36.85350,-76.31081,0.0,0.0,40.0,CAPE RISE,IMO7530808,KAFG,70,5,197,32,10.0,,A
211839000,2020-08-19T22:33:50,36.90653,-76.32673,0.0,352.0,352.0,CHICAGO EXPRESS,IMO9295268,DCUJ2,70,5,336,42,14.6,79,A
367932000,2020-08-19T22:32:16,36.94914,-76.32964,0.0,107.0,279.0,JOHN LENTHALL,IMO8325547,NJLN,80,5,193,29,,,A
367821000,2020-08-19T21:56:48,36.97285,-76.43369,0.0,0.0,511.0,YANO,IMO7825409,NAQH,70,0,276,32,13.0,70,A
538002652,2020-08-19T22:33:51,36.87948,-76.32648,0.0,226.0,276.0,NAIAS,IMO9330800,V7KN8,70,5,225,32,14.0,70,A
367078110,2020-08-19T22:36:05,36.83854,-76.28198,0.0,249.0,511.0,MARCELLE BORDELON,IMO9350379,WDJ2038,79,3,45,11,3.0,79,A
477196100,2020-08-19T22:36:50,37.19415,-76.13577,0.0,298.4,29.0,DARYA MA,IMO9591674,VRJH5,70,1,229,32,14.5,,A
367932000,2020-08-19T22:17:16,36.94917,-76.32963,0.0,107.0,279.0,JOHN LENTHALL,IMO8325547,NJLN,80,5,193,29,,,A
538003366,2020-08-19T22:28:08,37.30627,-76.10316,13.4,209.5,212.0,ALGOMA VALUE,IMO7926148,V7QH6,70,0,244,32,12.8,,A
367822000,2020-08-19T22:14:55,36.97313,-76.43382,0.0,0.0,238.0,USNS SHUGHART,IMO7825394,NAOQ,70,5,276,32,13.0,70,A
538002652,2020-08-19T22:15:52,36.87948,-76.32648,0.0,226.0,276.0,NAIAS,IMO9330800,V7KN8,70,5,225,32,14.0,70,A
367861000,2020-08-19T22:26:59,36.94634,-76.32973,0.0,0.0,265.0,LARAMIE,IMO8906626,NLAR,80,5,193,29,,,A
367861000,2020-08-19T21:56:59,36.94631,-76.32979,0.0,0.0,265.0,LARAMIE,IMO8906626,NLAR,80,5,193,29,,,A
368026000,2020-08-19T22:27:21,36.86577,-76.31602,0.0,270.5,2.0,BENAVIDEZ,IMO9218210,NBHG,70,5,289,32,10.9,70,A
538002652,2020-08-19T22:27:52,36.87948,-76.32647,0.0,226.0,276.0,NAIAS,IMO9330800,V7KN8,70,5,225,32,14.0,70,A
305855000,2020-08-19T22:38:49,36.86428,-76.31474,0.0,88.3,227.0,BBC PEARL,IMO9504786,V2FY8,70,5,153,23,9.1,70,A
477866300,2020-08-19T22:37:24,36.92746,-76.32991,0.0,200.8,355.0,BILBAO BRIDGE,IMO9492701,VRHY6,70,5,269,35,11.0,74,A
367822000,2020-08-19T22:35:56,36.97309,-76.43384,0.0,0.0,239.0,USNS SHUGHART,IMO7825394,NAOQ,70,5,276,32,13.0,70,A
368026000,2020-08-19T21:57:21,36.86574,-76.31605,0.0,270.5,2.0,BENAVIDEZ,IMO9218210,NBHG,70,5,289,32,10.9,70,A
366839000,2020-08-19T21:58:04,36.85341,-76.31081,0.0,0.0,39.0,CAPE RISE,IMO7530808,KAFG,70,5,197,32,10.0,,A
367822000,2020-08-19T21:59:54,36.97312,-76.43382,0.0,0.0,238.0,USNS SHUGHART,IMO7825394,NAOQ,70,5,276,32,13.0,70,A
367821000,2020-08-19T22:20:28,36.97288,-76.43369,0.0,0.0,511.0,YANO,IMO7825409,NAQH,70,0,276,32,13.0,70,A
477866300,2020-08-19T21:58:24,36.92737,-76.32986,0.0,182.1,355.0,BILBAO BRIDGE,IMO9492701,VRHY6,70,5,269,35,11.0,74,A
538006982,2020-08-19T22:38:16,36.96258,-76.42364,0.0,110.3,40.0,ANTE TOPIC,IMO9737072,V7TR4,70,5,,,,,A
538002652,2020-08-19T21:57:52,36.87945,-76.32648,0.0,226.0,276.0,NAIAS,IMO9330800,V7KN8,70,5,225,32,14.0,70,A
538003366,2020-08-19T22:21:09,37.32885,-76.08727,13.2,207.5,209.0,ALGOMA VALUE,IMO7926148,V7QH6,70,0,244,32,12.8,,A
367822000,2020-08-19T22:38:55,36.97309,-76.43384,0.0,0.0,239.0,USNS SHUGHART,IMO7825394,NAOQ,70,5,276,32,13.0,70,A
538002652,2020-08-19T22:18:51,36.87950,-76.32650,0.0,226.0,276.0,NAIAS,IMO9330800,V7KN8,70,5,225,32,14.0,70,A
211839000,2020-08-19T22:39:52,36.90653,-76.32674,0.0,352.0,352.0,CHICAGO EXPRESS,IMO9295268,DCUJ2,70,5,336,42,14.6,79,A
538003366,2020-08-19T22:40:49,37.26431,-76.12457,12.6,196.5,198.0,ALGOMA VALUE,IMO7926148,V7QH6,70,0,244,32,12.8,,A
367078110,2020-08-19T22:38:54,36.83853,-76.28198,0.0,339.0,511.0,MARCELLE BORDELON,IMO9350379,WDJ2038,79,3,45,11,3.0,79,A
366839000,2020-08-19T22:22:04,36.85345,-76.31079,0.0,0.0,40.0,CAPE RISE,IMO7530808,KAFG,70,5,197,32,10.0,,A
477866300,2020-08-19T22:22:24,36.92745,-76.32985,0.0,210.7,354.0,BILBAO BRIDGE,IMO9492701,VRHY6,70,5,269,35,11.0,74,A
367861000,2020-08-19T22:42:00,36.94640,-76.32977,0.0,0.0,265.0,LARAMIE,IMO8906626,NLAR,80,5,193,29,,,A
367821000,2020-08-19T22:21:47,36.97288,-76.43368,0.0,0.0,511.0,YANO,IMO7825409,NAQH,70,0,276,32,13.0,70,A
368026000,2020-08-19T22:21:21,36.86576,-76.31606,0.0,270.5,2.0,BENAVIDEZ,IMO9218210,NBHG,70,5,289,32,10.9,70,A
367821000,2020-08-19T22:40:17,36.97286,-76.43367,0.0,0.0,511.0,YANO,IMO7825409,NAQH,70,0,276,32,13.0,70,A
211839000,2020-08-19T22:00:37,36.90656,-76.32671,0.0,353.0,353.0,CHICAGO EXPRESS,IMO9295268,DCUJ2,70,5,336,42,14.6,79,A
538003366,2020-08-19T22:25:08,37.31599,-76.09623,13.3,209.8,212.0,ALGOMA VALUE,IMO7926148,V7QH6,70,0,244,32,12.8,,A
538003366,2020-08-19T22:42:39,37.25800,-76.12687,12.6,196.3,198.0,ALGOMA VALUE,IMO7926148,V7QH6,70,0,244,32,12.8,,A
538006982,2020-08-19T22:44:16,36.96257,-76.42363,0.0,110.3,40.0,ANTE TOPIC,IMO9737072,V7TR4,70,5,,,,,A
538002652,2020-08-19T22:24:52,36.87952,-76.32642,0.0,226.0,276.0,NAIAS,IMO9330800,V7KN8,70,5,225,32,14.0,70,A
367861000,2020-08-19T22:24:00,36.94637,-76.32978,0.0,0.0,265.0,LARAMIE,IMO8906626,NLAR,80,5,193,29,,,A
367822000,2020-08-19T22:44:56,36.97310,-76.43384,0.0,0.0,238.0,USNS SHUGHART,IMO7825394,NAOQ,70,5,276,32,13.0,70,A
367078110,2020-08-19T22:01:12,36.83854,-76.28198,0.0,246.0,511.0,MARCELLE BORDELON,IMO9350379,WDJ2038,79,3,45,11,3.0,79,A
367932000,2020-08-19T22:41:17,36.94913,-76.32967,0.0,107.0,279.0,JOHN LENTHALL,IMO8325547,NJLN,80,5,193,29,,,A
538002652,2020-08-19T22:45:50,36.87950,-76.32643,0.0,226.0,276.0,NAIAS,IMO9330800,V7KN8,70,5,225,32,14.0,70,A
538003366,2020-08-19T22:26:49,37.31056,-76.10013,13.4,209.9,212.0,ALGOMA VALUE,IMO7926148,V7QH6,70,0,244,32,12.8,,A
211839000,2020-08-19T22:45:54,36.90651,-76.32676,0.0,352.0,352.0,CHICAGO EXPRESS,IMO9295268,DCUJ2,70,5,336,42,14.6,79,A
538006982,2020-08-19T22:47:16,36.96257,-76.42361,0.0,91.8,40.0,ANTE TOPIC,IMO9737072,V7TR4,70,5,,,,,A
538006982,2020-08-19T22:26:16,36.96258,-76.42366,0.0,171.8,41.0,ANTE TOPIC,IMO9737072,V7TR4,70,5,,,,,A
215677000,2020-08-19T22:36:02,37.23527,-76.11875,0.1,305.5,25.0,RIZE,IMO9584035,9HA2781,70,1,229,32,14.5,,A
367821000,2020-08-19T22:35:48,36.97287,-76.43368,0.0,0.0,511.0,YANO,IMO7825409,NAQH,70,0,276,32,13.0,70,A
366839000,2020-08-19T22:49:04,36.85349,-76.31081,0.0,0.0,39.0,CAPE RISE,IMO7530808,KAFG,70,5,197,32,10.0,,A
368026000,2020-08-19T22:03:22,36.86573,-76.31605,0.0,270.5,2.0,BENAVIDEZ,IMO9218210,NBHG,70,5,289,32,10.9,70,A
367078110,2020-08-19T22:23:43,36.83853,-76.28198,0.0,248.0,511.0,MARCELLE BORDELON,IMO9350379,WDJ2038,79,3,45,11,3.0,79,A
367932000,2020-08-19T22:23:17,36.94907,-76.32964,0.0,107.0,279.0,JOHN LENTHALL,IMO8325547,NJLN,80,5,193,29,,,A
211839000,2020-08-19T22:48:57,36.90650,-76.32678,0.0,352.0,352.0,CHICAGO EXPRESS,IMO9295268,DCUJ2,70,5,336,42,14.6,79,A
538003366,2020-08-19T22:37:29,37.27548,-76.12062,12.6,194.4,195.0,ALGOMA VALUE,IMO7926148,V7QH6,70,0,244,32,12.8,,A
215677000,2020-08-19T22:27:04,37.23529,-76.11861,0.2,305.7,17.0,RIZE,IMO9584035,9HA2781,70,1,229,32,14.5,,A
368026000,2020-08-19T22:36:21,36.86576,-76.31604,0.0,270.5,2.0,BENAVIDEZ,IMO9218210,NBHG,70,5,289,32,10.9,70,A
305855000,2020-08-19T22:26:48,36.86430,-76.31477,0.1,94.7,227.0,BBC PEARL,IMO9504786,V2FY8,70,5,153,23,9.1,70,A
367932000,2020-08-19T22:26:17,36.94910,-76.32959,0.0,107.0,279.0,JOHN LENTHALL,IMO8325547,NJLN,80,5,193,29,,,A
367078110,2020-08-19T22:45:25,36.83853,-76.28198,0.0,207.0,511.0,MARCELLE BORDELON,IMO9350379,WDJ2038,79,3,45,11,3.0,79,A
367821000,2020-08-19T22:45:18,36.97286,-76.43367,0.0,0.0,511.0,YANO,IMO7825409,NAQH,70,0,276,32,13.0,70,A
367822000,2020-08-19T22:23:54,36.97313,-76.43382,0.0,0.0,239.0,USNS SHUGHART,IMO7825394,NAOQ,70,5,276,32,13.0,70,A
367861000,2020-08-19T22:48:01,36.94640,-76.32974,0.0,0.0,265.0,LARAMIE,IMO8906626,NLAR,80,5,193,29,,,A
538003366,2020-08-19T22:46:49,37.24411,-76.13203,12.5,196.8,197.0,ALGOMA VALUE,IMO7926148,V7QH6,70,0,244,32,12.8,,A
367932000,2020-08-19T22:44:17,36.94914,-76.32967,0.0,107.0,279.0,JOHN LENTHALL,IMO8325547,NJLN,80,5,193,29,,,A
368026000,2020-08-19T22:45:21,36.86577,-76.31605,0.0,270.5,2.0,BENAVIDEZ,IMO9218210,NBHG,70,5,289,32,10.9,70,A
215677000,2020-08-19T22:24:02,37.23522,-76.11852,0.1,298.8,16.0,RIZE,IMO9584035,9HA2781,70,1,229,32,14.5,,A
215677000,2020-08-19T22:30:01,37.23532,-76.11871,0.1,305.5,20.0,RIZE,IMO9584035,9HA2781,70,1,229,32,14.5,,A
211839000,2020-08-19T22:24:47,36.90657,-76.32673,0.0,352.0,352.0,CHICAGO EXPRESS,IMO9295268,DCUJ2,70,5,336,42,14.6,79,A
477196100,2020-08-19T22:39:52,37.19419,-76.13581,0.1,298.4,29.0,DARYA MA,IMO9591674,VRJH5,70,1,229,32,14.5,,A
477196100,2020-08-19T22:45:54,37.19423,-76.13588,0.1,298.4,31.0,DARYA MA,IMO9591674,VRJH5,70,1,229,32,14.5,,A
215677000,2020-08-19T22:48:00,37.23523,-76.11858,0.1,305.5,20.0,RIZE,IMO9584035,9HA2781,70,1,229,32,14.5,,A
367821000,2020-08-19T22:48:57,36.97286,-76.43367,0.0,0.0,511.0,YANO,IMO7825409,NAQH,70,0,276,32,13.0,70,A
367078110,2020-08-19T22:52:54,36.83852,-76.28198,0.0,249.0,511.0,MARCELLE BORDELON,IMO9350379,WDJ2038,79,3,45,11,3.0,79,A
477866300,2020-08-19T22:31:24,36.92739,-76.32993,0.0,200.8,355.0,BILBAO BRIDGE,IMO9492701,VRHY6,70,5,269,35,11.0,74,A
367821000,2020-08-19T22:05:57,36.97284,-76.43368,0.0,0.0,511.0,YANO,IMO7825409,NAQH,70,0,276,32,13.0,70,A
538002652,2020-08-19T22:48:50,36.87948,-76.32647,0.0,226.0,276.0,NAIAS,IMO9330800,V7KN8,70,5,225,32,14.0,70,A
211839000,2020-08-19T22:06:37,36.90652,-76.32674,0.0,353.0,353.0,CHICAGO EXPRESS,IMO9295268,DCUJ2,70,5,336,42,14.6,79,A
367822000,2020-08-19T22:47:56,36.97310,-76.43385,0.0,0.0,238.0,USNS SHUGHART,IMO7825394,NAOQ,70,5,276,32,13.0,70,A
367821000,2020-08-19T22:26:38,36.97288,-76.43368,0.0,0.0,511.0,YANO,IMO7825409,NAQH,70,0,276,32,13.0,70,A
367821000,2020-08-19T22:39:16,36.97287,-76.43367,0.0,0.0,511.0,YANO,IMO7825409,NAQH,70,0,276,32,13.0,70,A
367821000,2020-08-19T22:52:37,36.97285,-76.43367,0.0,0.0,511.0,YANO,IMO7825409,NAQH,70,0,276,32,13.0,70,A
367078110,2020-08-19T22:31:06,36.83854,-76.28198,0.0,171.0,511.0,MARCELLE BORDELON,IMO9350379,WDJ2038,79,3,45,11,3.0,79,A
366839000,2020-08-19T22:07:01,36.85349,-76.31080,0.0,0.0,39.0,CAPE RISE,IMO7530808,KAFG,70,5,197,32,10.0,,A
367822000,2020-08-19T22:50:55,36.97310,-76.43385,0.0,0.0,238.0,USNS SHUGHART,IMO7825394,NAOQ,70,5,276,32,13.0,70,A
477866300,2020-08-19T22:49:24,36.92739,-76.32992,0.0,88.6,355.0,BILBAO BRIDGE,IMO9492701,VRHY6,70,5,269,35,11.0,74,A
366839000,2020-08-19T22:28:04,36.85348,-76.31082,0.0,0.0,40.0,CAPE RISE,IMO7530808,KAFG,70,5,197,32,10.0,,A
367821000,2020-08-19T22:51:28,36.97286,-76.43367,0.0,0.0,511.0,YANO,IMO7825409,NAQH,70,0,276,32,13.0,70,A
211839000,2020-08-19T22:42:52,36.90653,-76.32673,0.0,352.0,352.0,CHICAGO EXPRESS,IMO9295268,DCUJ2,70,5,336,42,14.6,79,A
367078110,2020-08-19T22:32:14,36.83854,-76.28198,0.0,105.0,511.0,MARCELLE BORDELON,IMO9350379,WDJ2038,79,3,45,11,3.0,79,A
305855000,2020-08-19T22:41:49,36.86430,-76.31471,0.0,83.4,227.0,BBC PEARL,IMO9504786,V2FY8,70,5,153,23,9.1,70,A
367078110,2020-08-19T22:43:54,36.83852,-76.28198,0.0,216.0,511.0,MARCELLE BORDELON,IMO9350379,WDJ2038,79,3,45,11,3.0,79,A
368026000,2020-08-19T22:42:21,36.86575,-76.31603,0.0,270.5,2.0,BENAVIDEZ,IMO9218210,NBHG,70,5,289,32,10.9,70,A
367821000,2020-08-19T22:53:48,36.97285,-76.43367,0.0,0.0,511.0,YANO,IMO7825409,NAQH,70,0,276,32,13.0,70,A
305855000,2020-08-19T22:32:47,36.86429,-76.31469,0.1,90.5,227.0,BBC PEARL,IMO9504786,V2FY8,70,5,153,23,9.1,70,A
367861000,2020-08-19T22:09:01,36.94633,-76.32980,0.0,0.0,265.0,LARAMIE,IMO8906626,NLAR,80,5,193,29,,,A
538003366,2020-08-19T22:29:29,37.30188,-76.10628,13.5,208.6,211.0,ALGOMA VALUE,IMO7926148,V7QH6,70,0,244,32,12.8,,A
368026000,2020-08-19T22:54:20,36.86576,-76.31603,0.1,270.5,2.0,BENAVIDEZ,IMO9218210,NBHG,70,5,289,32,10.9,70,A
211839000,2020-08-19T22:09:40,36.90655,-76.32678,0.0,353.0,353.0,CHICAGO EXPRESS,IMO9295268,DCUJ2,70,5,336,42,14.6,79,A
367821000,2020-08-19T22:34:47,36.97287,-76.43368,0.0,0.0,511.0,YANO,IMO7825409,NAQH,70,0,276,32,13.0,70,A
367932000,2020-08-19T22:29:17,36.94915,-76.32968,0.0,107.0,279.0,JOHN LENTHALL,IMO8325547,NJLN,80,5,193,29,,,A
305855000,2020-08-19T22:50:49,36.86430,-76.31473,0.0,80.2,227.0,BBC PEARL,IMO9504786,V2FY8,70,5,153,23,9.1,70,A
477196100,2020-08-19T22:30:49,37.19418,-76.13584,0.0,298.4,32.0,DARYA MA,IMO9591674,VRJH5,70,1,229,32,14.5,,A
538003366,2020-08-19T22:56:58,37.21104,-76.14581,12.1,201.4,201.0,ALGOMA VALUE,IMO7926148,V7QH6,70,0,244,32,12.8,,A
367821000,2020-08-19T22:31:28,36.97287,-76.43368,0.0,0.0,511.0,YANO,IMO7825409,NAQH,70,0,276,32,13.0,70,A
367861000,2020-08-19T22:30:00,36.94642,-76.32971,0.0,0.0,265.0,LARAMIE,IMO8906626,NLAR,80,5,193,29,,,A
367078110,2020-08-19T22:46:34,36.83853,-76.28198,0.0,212.0,511.0,MARCELLE BORDELON,IMO9350379,WDJ2038,79,3,45,11,3.0,79,A
366839000,2020-08-19T22:31:03,36.85347,-76.31079,0.0,0.0,40.0,CAPE RISE,IMO7530808,KAFG,70,5,197,32,10.0,,A
538006982,2020-08-19T22:56:16,36.96258,-76.42364,0.0,91.8,40.0,ANTE TOPIC,IMO9737072,V7TR4,70,5,,,,,A
367078110,2020-08-19T22:56:55,36.83854,-76.28199,0.0,52.0,511.0,MARCELLE BORDELON,IMO9350379,WDJ2038,79,3,45,11,3.0,79,A
211839000,2020-08-19T22:54:57,36.90653,-76.32672,0.0,352.0,352.0,CHICAGO EXPRESS,IMO9295268,DCUJ2,70,5,336,42,14.6,79,A
367822000,2020-08-19T22:53:54,36.97310,-76.43385,0.0,0.0,238.0,USNS SHUGHART,IMO7825394,NAOQ,70,5,276,32,13.0,70,A
367821000,2020-08-19T22:54:58,36.97285,-76.43367,0.0,0.0,511.0,YANO,IMO7825409,NAQH,70,0,276,32,13.0,70,A
477196100,2020-08-19T22:54:45,37.19442,-76.13617,0.1,293.2,37.0,DARYA MA,IMO9591674,VRJH5,70,1,229,32,14.5,,A
368026000,2020-08-19T22:57:21,36.86573,-76.31605,0.1,270.5,2.0,BENAVIDEZ,IMO9218210,NBHG,70,5,289,32,10.9,70,A
477196100,2020-08-19T22:57:54,37.19442,-76.13625,0.1,293.2,41.0,DARYA MA,IMO9591674,VRJH5,70,1,229,32,14.5,,A
211839000,2020-08-19T22:58:01,36.90653,-76.32674,0.0,352.0,352.0,CHICAGO EXPRESS,IMO9295268,DCUJ2,70,5,336,42,14.6,79,A
367821000,2020-08-19T22:59:47,36.97285,-76.43367,0.0,0.0,511.0,YANO,IMO7825409,NAQH,70,0,276,32,13.0,70,A
367078110,2020-08-19T22:58:06,36.83855,-76.28197,0.0,215.0,511.0,MARCELLE BORDELON,IMO9350379,WDJ2038,79,3,45,11,3.0,79,A
538006982,2020-08-19T22:59:16,36.96257,-76.42363,0.0,91.8,40.0,ANTE TOPIC,IMO9737072,V7TR4,70,5,,,,,A
538006982,2020-08-19T22:35:16,36.96258,-76.42364,0.0,110.3,40.0,ANTE TOPIC,IMO9737072,V7TR4,70,5,,,,,A
367861000,2020-08-19T23:00:00,36.94639,-76.32978,0.0,0.0,265.0,LARAMIE,IMO8906626,NLAR,80,5,193,29,,,A
367822000,2020-08-19T22:59:55,36.97310,-76.43385,0.0,0.0,238.0,USNS SHUGHART,IMO7825394,NAOQ,70,5,276,32,13.0,70,A
367078110,2020-08-19T22:13:02,36.83854,-76.28199,0.0,205.0,511.0,MARCELLE BORDELON,IMO9350379,WDJ2038,79,3,45,11,3.0,79,A
538003366,2020-08-19T23:00:08,37.20103,-76.15025,12.0,197.7,197.0,ALGOMA VALUE,IMO7926148,V7QH6,70,0,244,32,12.8,,A
305855000,2020-08-19T22:35:49,36.86430,-76.31469,0.0,101.5,227.0,BBC PEARL,IMO9504786,V2FY8,70,5,153,23,9.1,70,A
367821000,2020-08-19T22:36:57,36.97287,-76.43367,0.0,0.0,511.0,YANO,IMO7825409,NAQH,70,0,276,32,13.0,70,A
367932000,2020-08-19T22:35:17,36.94919,-76.32968,0.0,107.0,279.0,JOHN LENTHALL,IMO8325547,NJLN,80,5,193,29,,,A
367078110,2020-08-19T22:37:44,36.83854,-76.28198,0.0,181.0,511.0,MARCELLE BORDELON,IMO9350379,WDJ2038,79,3,45,11,3.0,79,A
477196100,2020-08-19T23:00:49,37.19445,-76.13622,0.1,293.2,42.0,DARYA MA,IMO9591674,VRJH5,70,1,229,32,14.5,,A
538003366,2020-08-19T22:39:39,37.26825,-76.12310,12.6,196.4,198.0,ALGOMA VALUE,IMO7926148,V7QH6,70,0,244,32,12.8,,A
538003366,2020-08-19T22:50:49,37.23082,-76.13707,12.3,197.2,198.0,ALGOMA VALUE,IMO7926148,V7QH6,70,0,244,32,12.8,,A
477866300,2020-08-19T23:01:25,36.92742,-76.32988,0.0,75.3,355.0,BILBAO BRIDGE,IMO9492701,VRHY6,70,5,269,35,11.0,74,A
477196100,2020-08-19T22:48:47,37.19429,-76.13596,0.1,298.4,31.0,DARYA MA,IMO9591674,VRJH5,70,1,229,32,14.5,,A
367821000,2020-08-19T23:01:18,36.97285,-76.43367,0.0,0.0,511.0,YANO,IMO7825409,NAQH,70,0,276,32,13.0,70,A
538003366,2020-08-19T23:02:27,37.19371,-76.15287,11.9,194.9,194.0,ALGOMA VALUE,IMO7926148,V7QH6,70,0,244,32,12.8,,A
366839000,2020-08-19T22:37:01,36.85348,-76.31083,0.0,0.0,40.0,CAPE RISE,IMO7530808,KAFG,70,5,197,32,10.0,,A
367078110,2020-08-19T22:51:44,36.83852,-76.28198,0.0,176.0,511.0,MARCELLE BORDELON,IMO9350379,WDJ2038,79,3,45,11,3.0,79,A
367932000,2020-08-19T23:02:18,36.94920,-76.32964,0.0,107.0,279.0,JOHN LENTHALL,IMO8325547,NJLN,80,5,193,29,,,A
215677000,2020-08-19T22:15:06,37.23521,-76.11860,0.1,298.8,22.0,RIZE,IMO9584035,9HA2781,70,1,229,32,14.5,,A
215677000,2020-08-19T23:03:05,37.23528,-76.11867,0.0,305.5,24.0,RIZE,IMO9584035,9HA2781,70,1,229,32,14.5,,A
538003366,2020-08-19T23:03:28,37.19040,-76.15395,11.9,195.0,190.0,ALGOMA VALUE,IMO7926148,V7QH6,70,0,244,32,12.8,,A
367861000,2020-08-19T22:39:01,36.94636,-76.32970,0.0,0.0,265.0,LARAMIE,IMO8906626,NLAR,80,5,193,29,,,A
367821000,2020-08-19T23:03:37,36.97284,-76.43367,0.0,0.0,511.0,YANO,IMO7825409,NAQH,70,0,276,32,13.0,70,A
366839000,2020-08-19T22:52:01,36.85348,-76.31080,0.0,0.0,39.0,CAPE RISE,IMO7530808,KAFG,70,5,197,32,10.0,,A
538003366,2020-08-19T22:53:59,37.22051,-76.14131,12.2,200.7,201.0,ALGOMA VALUE,IMO7926148,V7QH6,70,0,244,32,12.8,,A
367078110,2020-08-19T22:40:54,36.83852,-76.28198,0.0,188.0,511.0,MARCELLE BORDELON,IMO9350379,WDJ2038,79,3,45,11,3.0,79,A
367821000,2020-08-19T23:04:57,36.97278,-76.43366,0.0,0.0,511.0,YANO,IMO7825409,NAQH,70,0,276,32,13.0,70,A
367078110,2020-08-19T22:16:34,36.83852,-76.28199,0.0,215.0,511.0,MARCELLE BORDELON,IMO9350379,WDJ2038,79,3,45,11,3.0,79,A
538002652,2020-08-19T22:42:51,36.87948,-76.32645,0.0,226.0,276.0,NAIAS,IMO9330800,V7KN8,70,5,225,32,14.0,70,A
367078110,2020-08-19T23:05:15,36.83854,-76.28198,0.0,235.0,511.0,MARCELLE BORDELON,IMO9350379,WDJ2038,79,3,45,11,3.0,79,A
477196100,2020-08-19T23:03:55,37.19445,-76.13627,0.1,293.2,42.0,DARYA MA,IMO9591674,VRJH5,70,1,229,32,14.5,,A
538006982,2020-08-19T22:17:16,36.96256,-76.42363,0.0,171.8,41.0,ANTE TOPIC,IMO9737072,V7TR4,70,5,,,,,A
367861000,2020-08-19T23:06:01,36.94639,-76.32978,0.0,0.0,265.0,LARAMIE,IMO8906626,NLAR,80,5,193,29,,,A
215677000,2020-08-19T23:06:02,37.23524,-76.11867,0.1,305.5,23.0,RIZE,IMO9584035,9HA2781,70,1,229,32,14.5,,A
367932000,2020-08-19T23:05:16,36.94913,-76.32972,0.0,107.0,279.0,JOHN LENTHALL,IMO8325547,NJLN,80,5,193,29,,,A
367932000,2020-08-19T22:53:16,36.94926,-76.32963,0.0,107.0,279.0,JOHN LENTHALL,IMO8325547,NJLN,80,5,193,29,,,A
367821000,2020-08-19T22:42:48,36.97286,-76.43367,0.0,0.0,511.0,YANO,IMO7825409,NAQH,70,0,276,32,13.0,70,A
477196100,2020-08-19T22:42:48,37.19421,-76.13585,0.1,298.4,30.0,DARYA MA,IMO9591674,VRJH5,70,1,229,32,14.5,,A
367822000,2020-08-19T22:17:56,36.97313,-76.43382,0.0,0.0,238.0,USNS SHUGHART,IMO7825394,NAOQ,70,5,276,32,13.0,70,A
366839000,2020-08-19T22:43:02,36.85347,-76.31079,0.0,0.0,39.0,CAPE RISE,IMO7530808,KAFG,70,5,197,32,10.0,,A
368026000,2020-08-19T22:18:21,36.86578,-76.31604,0.1,270.5,2.0,BENAVIDEZ,IMO9218210,NBHG,70,5,289,32,10.9,70,A
538003366,2020-08-19T23:06:49,37.17965,-76.15398,11.6,175.0,175.0,ALGOMA VALUE,IMO7926148,V7QH6,70,0,244,32,12.8,,A
367932000,2020-08-19T22:56:16,36.94922,-76.32967,0.0,107.0,279.0,JOHN LENTHALL,IMO8325547,NJLN,80,5,193,29,,,A
211839000,2020-08-19T23:07:04,36.90660,-76.32674,0.0,352.0,352.0,CHICAGO EXPRESS,IMO9295268,DCUJ2,70,5,336,42,14.6,79,A
367078110,2020-08-19T22:55:44,36.83853,-76.28198,0.0,278.0,511.0,MARCELLE BORDELON,IMO9350379,WDJ2038,79,3,45,11,3.0,79,A
477866300,2020-08-19T22:58:26,36.92741,-76.32986,0.0,75.0,355.0,BILBAO BRIDGE,IMO9492701,VRHY6,70,5,269,35,11.0,74,A
538003366,2020-08-19T22:45:08,37.24970,-76.12995,12.6,196.1,197.0,ALGOMA VALUE,IMO7926148,V7QH6,70,0,244,32,12.8,,A
477866300,2020-08-19T23:07:23,36.92740,-76.32988,0.0,75.3,355.0,BILBAO BRIDGE,IMO9492701,VRHY6,70,5,269,35,11.0,74,A
538002652,2020-08-19T23:06:50,36.87947,-76.32645,0.0,226.0,276.0,NAIAS,IMO9330800,V7KN8,70,5,225,32,14.0,70,A
367078110,2020-08-19T22:19:22,36.83854,-76.28198,0.0,149.0,511.0,MARCELLE BORDELON,IMO9350379,WDJ2038,79,3,45,11,3.0,79,A
367821000,2020-08-19T23:07:37,36.97281,-76.43367,0.0,0.0,511.0,YANO,IMO7825409,NAQH,70,0,276,32,13.0,70,A
366839000,2020-08-19T22:19:04,36.85350,-76.31082,0.0,0.0,40.0,CAPE RISE,IMO7530808,KAFG,70,5,197,32,10.0,,A
367078110,2020-08-19T23:06:25,36.83854,-76.28198,0.0,292.0,511.0,MARCELLE BORDELON,IMO9350379,WDJ2038,79,3,45,11,3.0,79,A
305855000,2020-08-19T22:44:46,36.86430,-76.31474,0.1,84.5,227.0,BBC PEARL,IMO9504786,V2FY8,70,5,153,23,9.1,70,A
538006982,2020-08-19T23:08:16,36.96257,-76.42364,0.1,55.7,40.0,ANTE TOPIC,IMO9737072,V7TR4,70,5,,,,,A
366839000,2020-08-19T22:46:02,36.85350,-76.31082,0.0,0.0,39.0,CAPE RISE,IMO7530808,KAFG,70,5,197,32,10.0,,A
367822000,2020-08-19T23:08:55,36.97310,-76.43385,0.0,0.0,238.0,USNS SHUGHART,IMO7825394,NAOQ,70,5,276,32,13.0,70,A
367821000,2020-08-19T23:08:57,36.97283,-76.43366,0.0,0.0,511.0,YANO,IMO7825409,NAQH,70,0,276,32,13.0,70,A
367078110,2020-08-19T23:08:45,36.83853,-76.28198,0.0,293.0,511.0,MARCELLE BORDELON,IMO9350379,WDJ2038,79,3,45,11,3.0,79,A
477866300,2020-08-19T22:46:25,36.92741,-76.32988,0.0,94.3,355.0,BILBAO BRIDGE,IMO9492701,VRHY6,70,5,269,35,11.0,74,A
367932000,2020-08-19T22:20:18,36.94915,-76.32974,0.0,107.0,279.0,JOHN LENTHALL,IMO8325547,NJLN,80,5,193,29,,,A
538003366,2020-08-19T22:48:49,37.23741,-76.13458,12.4,196.6,198.0,ALGOMA VALUE,IMO7926148,V7QH6,70,0,244,32,12.8,,A
538002652,2020-08-19T22:21:52,36.87948,-76.32648,0.0,226.0,276.0,NAIAS,IMO9330800,V7KN8,70,5,225,32,14.0,70,A
367078110,2020-08-19T23:09:46,36.83853,-76.28198,0.0,195.0,511.0,MARCELLE BORDELON,IMO9350379,WDJ2038,79,3,45,11,3.0,79,A
305855000,2020-08-19T23:08:48,36.86427,-76.31476,0.0,83.9,227.0,BBC PEARL,IMO9504786,V2FY8,70,5,153,23,9.1,70,A
538002652,2020-08-19T23:09:52,36.87947,-76.32642,0.0,226.0,276.0,NAIAS,IMO9330800,V7KN8,70,5,225,32,14.0,70,A
367078110,2020-08-19T22:50:05,36.83852,-76.28199,0.0,241.0,511.0,MARCELLE BORDELON,IMO9350379,WDJ2038,79,3,45,11,3.0,79,A
368026000,2020-08-19T22:48:21,36.86575,-76.31603,0.0,270.5,2.0,BENAVIDEZ,IMO9218210,NBHG,70,5,289,32,10.9,70,A
211839000,2020-08-19T23:10:05,36.90662,-76.32674,0.0,352.0,352.0,CHICAGO EXPRESS,IMO9295268,DCUJ2,70,5,336,42,14.6,79,A
538003366,2020-08-19T23:11:28,37.16457,-76.15214,11.7,172.9,173.0,ALGOMA VALUE,IMO7926148,V7QH6,70,0,244,32,12.8,,A
215677000,2020-08-19T23:00:02,37.23524,-76.11866,0.0,305.5,24.0,RIZE,IMO9584035,9HA2781,70,1,229,32,14.5,,A
367861000,2020-08-19T23:12:00,36.94640,-76.32985,0.0,0.0,265.0,LARAMIE,IMO8906626,NLAR,80,5,193,29,,,A
367821000,2020-08-19T23:11:17,36.97283,-76.43366,0.0,0.0,511.0,YANO,IMO7825409,NAQH,70,0,276,32,13.0,70,A
367078110,2020-08-19T22:24:53,36.83854,-76.28199,0.0,130.0,511.0,MARCELLE BORDELON,IMO9350379,WDJ2038,79,3,45,11,3.0,79,A
538003366,2020-08-19T22:51:59,37.22696,-76.13849,12.3,197.1,199.0,ALGOMA VALUE,IMO7926148,V7QH6,70,0,244,32,12.8,,A
477866300,2020-08-19T22:52:25,36.92742,-76.32990,0.0,83.7,355.0,BILBAO BRIDGE,IMO9492701,VRHY6,70,5,269,35,11.0,74,A
538002652,2020-08-19T23:12:51,36.87945,-76.32640,0.0,226.0,276.0,NAIAS,IMO9330800,V7KN8,70,5,225,32,14.0,70,A
215677000,2020-08-19T22:51:08,37.23524,-76.11866,0.1,305.5,21.0,RIZE,IMO9584035,9HA2781,70,1,229,32,14.5,,A
538003366,2020-08-19T23:14:09,37.15586,-76.15077,11.8,172.8,173.0,ALGOMA VALUE,IMO7926148,V7QH6,70,0,244,32,12.8,,A
211839000,2020-08-19T23:13:07,36.90661,-76.32675,0.0,352.0,352.0,CHICAGO EXPRESS,IMO9295268,DCUJ2,70,5,336,42,14.6,79,A
367078110,2020-08-19T23:14:34,36.83853,-76.28199,0.0,225.0,511.0,MARCELLE BORDELON,IMO9350379,WDJ2038,79,3,45,11,3.0,79,A
367932000,2020-08-19T23:14:16,36.94913,-76.32964,0.0,107.0,279.0,JOHN LENTHALL,IMO8325547,NJLN,80,5,193,29,,,A
538006982,2020-08-19T22:50:16,36.96259,-76.42364,0.0,91.8,40.0,ANTE TOPIC,IMO9737072,V7TR4,70,5,,,,,A
305855000,2020-08-19T23:02:49,36.86428,-76.31476,0.0,83.9,227.0,BBC PEARL,IMO9504786,V2FY8,70,5,153,23,9.1,70,A
367821000,2020-08-19T23:14:58,36.97283,-76.43367,0.0,0.0,511.0,YANO,IMO7825409,NAQH,70,0,276,32,13.0,70,A
366839000,2020-08-19T23:04:04,36.85351,-76.31084,0.0,0.0,39.0,CAPE RISE,IMO7530808,KAFG,70,5,197,32,10.0,,A
211839000,2020-08-19T22:51:58,36.90647,-76.32677,0.0,352.0,352.0,CHICAGO EXPRESS,IMO9295268,DCUJ2,70,5,336,42,14.6,79,A
367821000,2020-08-19T23:16:07,36.97283,-76.43367,0.0,0.0,511.0,YANO,IMO7825409,NAQH,70,0,276,32,13.0,70,A
538003366,2020-08-19T23:04:29,37.18717,-76.15454,11.6,182.1,179.0,ALGOMA VALUE,IMO7926148,V7QH6,70,0,244,32,12.8,,A
368026000,2020-08-19T23:15:21,36.86575,-76.31604,0.0,270.5,2.0,BENAVIDEZ,IMO9218210,NBHG,70,5,289,32,10.9,70,A
477866300,2020-08-19T23:04:25,36.92738,-76.32989,0.0,75.3,355.0,BILBAO BRIDGE,IMO9492701,VRHY6,70,5,269,35,11.0,74,A
367078110,2020-08-19T23:15:45,36.83853,-76.28199,0.0,201.0,511.0,MARCELLE BORDELON,IMO9350379,WDJ2038,79,3,45,11,3.0,79,A
305855000,2020-08-19T23:17:48,36.86430,-76.31476,0.0,83.9,226.0,BBC PEARL,IMO9504786,V2FY8,70,5,153,23,9.1,70,A
211839000,2020-08-19T22:27:48,36.90657,-76.32673,0.0,353.0,353.0,CHICAGO EXPRESS,IMO9295268,DCUJ2,70,5,336,42,14.6,79,A
367822000,2020-08-19T23:17:55,36.97314,-76.43384,0.0,0.0,238.0,USNS SHUGHART,IMO7825394,NAOQ,70,5,276,32,13.0,70,A
305855000,2020-08-19T22:53:49,36.86429,-76.31477,0.0,83.9,227.0,BBC PEARL,IMO9504786,V2FY8,70,5,153,23,9.1,70,A
366839000,2020-08-19T23:19:04,36.85348,-76.31081,0.0,0.0,39.0,CAPE RISE,IMO7530808,KAFG,70,5,197,32,10.0,,A
367821000,2020-08-19T23:18:27,36.97283,-76.43366,0.0,0.0,511.0,YANO,IMO7825409,NAQH,70,0,276,32,13.0,70,A
367078110,2020-08-19T23:20:15,36.83853,-76.28200,0.0,252.0,511.0,MARCELLE BORDELON,IMO9350379,WDJ2038,79,3,45,11,3.0,79,A
538003366,2020-08-19T23:19:19,37.13974,-76.14566,11.3,152.3,151.0,ALGOMA VALUE,IMO7926148,V7QH6,70,0,244,32,12.8,,A
367078110,2020-08-19T23:16:54,36.83852,-76.28199,0.0,216.0,511.0,MARCELLE BORDELON,IMO9350379,WDJ2038,79,3,45,11,3.0,79,A
538002652,2020-08-19T22:54:52,36.87947,-76.32643,0.0,226.0,276.0,NAIAS,IMO9330800,V7KN8,70,5,225,32,14.0,70,A
538002652,2020-08-19T23:18:51,36.87945,-76.32642,0.0,226.0,276.0,NAIAS,IMO9330800,V7KN8,70,5,225,32,14.0,70,A
368026000,2020-08-19T23:06:21,36.86577,-76.31606,0.0,270.5,2.0,BENAVIDEZ,IMO9218210,NBHG,70,5,289,32,10.9,70,A
366839000,2020-08-19T22:55:05,36.85345,-76.31080,0.0,0.0,39.0,CAPE RISE,IMO7530808,KAFG,70,5,197,32,10.0,,A
366839000,2020-08-19T22:58:00,36.85351,-76.31084,0.0,0.0,39.0,CAPE RISE,IMO7530808,KAFG,70,5,197,32,10.0,,A
538003366,2020-08-19T22:58:08,37.20735,-76.14751,12.1,200.3,202.0,ALGOMA VALUE,IMO7926148,V7QH6,70,0,244,32,12.8,,A
477866300,2020-08-19T23:19:26,36.92737,-76.32991,0.0,75.3,355.0,BILBAO BRIDGE,IMO9492701,VRHY6,70,5,269,35,11.0,74,A
305855000,2020-08-19T22:56:47,36.86430,-76.31476,0.0,83.9,227.0,BBC PEARL,IMO9504786,V2FY8,70,5,153,23,9.1,70,A
538003366,2020-08-19T23:20:28,37.13641,-76.14349,11.4,153.1,150.0,ALGOMA VALUE,IMO7926148,V7QH6,70,0,244,32,12.8,,A
538003366,2020-08-19T22:59:18,37.20368,-76.14921,12.0,197.2,198.0,ALGOMA VALUE,IMO7926148,V7QH6,70,0,244,32,12.8,,A
538003366,2020-08-19T23:21:39,37.13324,-76.14120,11.4,149.9,148.0,ALGOMA VALUE,IMO7926148,V7QH6,70,0,244,32,12.8,,A
215677000,2020-08-19T23:09:07,37.23528,-76.11870,0.1,305.5,23.0,RIZE,IMO9584035,9HA2781,70,1,229,32,14.5,,A
367078110,2020-08-19T22:59:16,36.83855,-76.28198,0.0,155.0,511.0,MARCELLE BORDELON,IMO9350379,WDJ2038,79,3,45,11,3.0,79,A
367861000,2020-08-19T23:00:00,36.94639,-76.32978,0.0,0.0,265.0,LARAMIE,IMO8906626,NLAR,80,5,193,29,,,A
367822000,2020-08-19T23:20:55,36.97313,-76.43384,0.0,0.0,238.0,USNS SHUGHART,IMO7825394,NAOQ,70,5,276,32,13.0,70,A
368026000,2020-08-19T23:21:21,36.86577,-76.31605,0.0,270.5,2.0,BENAVIDEZ,IMO9218210,NBHG,70,5,289,32,10.9,70,A
367078110,2020-08-19T23:00:06,36.83854,-76.28198,0.0,147.0,511.0,MARCELLE BORDELON,IMO9350379,WDJ2038,79,3,45,11,3.0,79,A
538006982,2020-08-19T23:20:16,36.96259,-76.42366,0.0,43.4,40.0,ANTE TOPIC,IMO9737072,V7TR4,70,5,,,,,A
366839000,2020-08-19T23:10:05,36.85348,-76.31083,0.0,0.0,39.0,CAPE RISE,IMO7530808,KAFG,70,5,197,32,10.0,,A
367861000,2020-08-19T23:24:00,36.94635,-76.32985,0.0,0.0,265.0,LARAMIE,IMO8906626,NLAR,80,5,193,29,,,A
477196100,2020-08-19T23:09:45,37.19446,-76.13629,0.1,256.5,43.0,DARYA MA,IMO9591674,VRJH5,70,1,229,32,14.5,,A
477866300,2020-08-19T23:10:22,36.92740,-76.32990,0.0,75.3,355.0,BILBAO BRIDGE,IMO9492701,VRHY6,70,5,269,35,11.0,74,A
367821000,2020-08-19T23:00:07,36.97285,-76.43367,0.0,0.0,511.0,YANO,IMO7825409,NAQH,70,0,276,32,13.0,70,A
538003366,2020-08-19T23:23:19,37.12870,-76.13782,11.4,149.6,148.0,ALGOMA VALUE,IMO7926148,V7QH6,70,0,244,32,12.8,,A
538003366,2020-08-19T23:01:18,37.19734,-76.15165,11.9,197.3,195.0,ALGOMA VALUE,IMO7926148,V7QH6,70,0,244,32,12.8,,A
367932000,2020-08-19T22:59:17,36.94914,-76.32969,0.0,107.0,279.0,JOHN LENTHALL,IMO8325547,NJLN,80,5,193,29,,,A
211839000,2020-08-19T23:01:02,36.90655,-76.32675,0.0,352.0,352.0,CHICAGO EXPRESS,IMO9295268,DCUJ2,70,5,336,42,14.6,79,A
538002652,2020-08-19T23:00:51,36.87947,-76.32642,0.0,226.0,276.0,NAIAS,IMO9330800,V7KN8,70,5,225,32,14.0,70,A
366839000,2020-08-19T23:01:04,36.85351,-76.31083,0.0,0.0,39.0,CAPE RISE,IMO7530808,KAFG,70,5,197,32,10.0,,A
538003366,2020-08-19T23:24:39,37.12508,-76.13513,11.4,150.0,149.0,ALGOMA VALUE,IMO7926148,V7QH6,70,0,244,32,12.8,,A
538002652,2020-08-19T23:21:51,36.87945,-76.32642,0.0,226.0,276.0,NAIAS,IMO9330800,V7KN8,70,5,225,32,14.0,70,A
477866300,2020-08-19T23:25:24,36.92740,-76.32989,0.0,75.3,355.0,BILBAO BRIDGE,IMO9492701,VRHY6,70,5,269,35,11.0,74,A
538002652,2020-08-19T23:24:51,36.87943,-76.32640,0.0,226.0,276.0,NAIAS,IMO9330800,V7KN8,70,5,225,32,14.0,70,A
215677000,2020-08-19T22:33:05,37.23528,-76.11877,0.1,305.5,23.0,RIZE,IMO9584035,9HA2781,70,1,229,32,14.5,,A
367078110,2020-08-19T23:23:15,36.83853,-76.28199,0.0,224.0,511.0,MARCELLE BORDELON,IMO9350379,WDJ2038,79,3,45,11,3.0,79,A
367822000,2020-08-19T22:32:56,36.97310,-76.43383,0.0,0.0,239.0,USNS SHUGHART,IMO7825394,NAOQ,70,5,276,32,13.0,70,A
367861000,2020-08-19T23:03:00,36.94639,-76.32980,0.0,0.0,265.0,LARAMIE,IMO8906626,NLAR,80,5,193,29,,,A
477196100,2020-08-19T23:24:49,37.19468,-76.13647,0.1,278.4,51.0,DARYA MA,IMO9591674,VRJH5,70,1,229,32,14.5,,A
538003366,2020-08-19T22:35:48,37.28126,-76.11880,12.6,193.8,195.0,ALGOMA VALUE,IMO7926148,V7QH6,70,0,244,32,12.8,,A
367078110,2020-08-19T23:24:26,36.83853,-76.28200,0.0,201.0,511.0,MARCELLE BORDELON,IMO9350379,WDJ2038,79,3,45,11,3.0,79,A
477196100,2020-08-19T22:33:51,37.19415,-76.13578,0.1,298.4,30.0,DARYA MA,IMO9591674,VRJH5,70,1,229,32,14.5,,A
368026000,2020-08-19T23:24:20,36.86574,-76.31606,0.0,270.5,2.0,BENAVIDEZ,IMO9218210,NBHG,70,5,289,32,10.9,70,A
367821000,2020-08-19T23:02:27,36.97284,-76.43367,0.0,0.0,511.0,YANO,IMO7825409,NAQH,70,0,276,32,13.0,70,A
367861000,2020-08-19T22:36:01,36.94638,-76.32980,0.0,0.0,265.0,LARAMIE,IMO8906626,NLAR,80,5,193,29,,,A
367822000,2020-08-19T23:02:56,36.97310,-76.43385,0.0,0.0,238.0,USNS SHUGHART,IMO7825394,NAOQ,70,5,276,32,13.0,70,A
211839000,2020-08-19T22:36:51,36.90654,-76.32671,0.0,352.0,352.0,CHICAGO EXPRESS,IMO9295268,DCUJ2,70,5,336,42,14.6,79,A
305855000,2020-08-19T23:14:49,36.86429,-76.31476,0.0,83.9,226.0,BBC PEARL,IMO9504786,V2FY8,70,5,153,23,9.1,70,A
367821000,2020-08-19T22:38:07,36.97287,-76.43367,0.0,0.0,511.0,YANO,IMO7825409,NAQH,70,0,276,32,13.0,70,A
538002652,2020-08-19T23:27:50,36.87943,-76.32640,0.0,226.0,276.0,NAIAS,IMO9330800,V7KN8,70,5,225,32,14.0,70,A
538002652,2020-08-19T23:15:51,36.87945,-76.32643,0.0,226.0,276.0,NAIAS,IMO9330800,V7KN8,70,5,225,32,14.0,70,A
477196100,2020-08-19T23:27:48,37.19467,-76.13649,0.1,278.4,52.0,DARYA MA,IMO9591674,VRJH5,70,1,229,32,14.5,,A
211839000,2020-08-19T23:16:06,36.90662,-76.32675,0.0,352.0,352.0,CHICAGO EXPRESS,IMO9295268,DCUJ2,70,5,336,42,14.6,79,A
367822000,2020-08-19T23:05:54,36.97310,-76.43384,0.0,0.0,238.0,USNS SHUGHART,IMO7825394,NAOQ,70,5,276,32,13.0,70,A
538002652,2020-08-19T22:39:52,36.87950,-76.32648,0.0,226.0,276.0,NAIAS,IMO9330800,V7KN8,70,5,225,32,14.0,70,A
538003366,2020-08-19T23:16:28,37.14822,-76.14957,11.9,174.7,171.0,ALGOMA VALUE,IMO7926148,V7QH6,70,0,244,32,12.8,,A
367932000,2020-08-19T23:29:17,36.94919,-76.32962,0.0,107.0,279.0,JOHN LENTHALL,IMO8325547,NJLN,80,5,193,29,,,A
538003366,2020-08-19T23:05:39,37.18330,-76.15438,11.6,176.5,175.0,ALGOMA VALUE,IMO7926148,V7QH6,70,0,244,32,12.8,,A
538003366,2020-08-19T23:07:58,37.17589,-76.15359,11.6,174.3,174.0,ALGOMA VALUE,IMO7926148,V7QH6,70,0,244,32,12.8,,A
538003366,2020-08-19T23:29:18,37.11224,-76.12569,11.5,149.7,149.0,ALGOMA VALUE,IMO7926148,V7QH6,70,0,244,32,12.8,,A
215677000,2020-08-19T23:18:03,37.23537,-76.11885,0.0,305.5,29.0,RIZE,IMO9584035,9HA2781,70,1,229,32,14.5,,A
367861000,2020-08-19T23:18:00,36.94643,-76.32980,0.0,0.0,265.0,LARAMIE,IMO8906626,NLAR,80,5,193,29,,,A
305855000,2020-08-19T23:29:48,36.86430,-76.31476,0.0,83.9,226.0,BBC PEARL,IMO9504786,V2FY8,70,5,153,23,9.1,70,A
368026000,2020-08-19T23:18:21,36.86575,-76.31603,0.0,270.5,2.0,BENAVIDEZ,IMO9218210,NBHG,70,5,289,32,10.9,70,A
211839000,2020-08-19T23:31:14,36.90654,-76.32675,0.0,352.0,352.0,CHICAGO EXPRESS,IMO9295268,DCUJ2,70,5,336,42,14.6,79,A
367821000,2020-08-19T22:41:37,36.97286,-76.43367,0.0,0.0,511.0,YANO,IMO7825409,NAQH,70,0,276,32,13.0,70,A
538002652,2020-08-19T23:30:52,36.87943,-76.32640,0.0,226.0,276.0,NAIAS,IMO9330800,V7KN8,70,5,225,32,14.0,70,A
538006982,2020-08-19T22:41:16,36.96258,-76.42365,0.0,110.3,40.0,ANTE TOPIC,IMO9737072,V7TR4,70,5,,,,,A
538006982,2020-08-19T23:32:16,36.96262,-76.42365,0.0,43.4,40.0,ANTE TOPIC,IMO9737072,V7TR4,70,5,,,,,A
305855000,2020-08-19T23:32:47,36.86430,-76.31475,0.0,23.1,226.0,BBC PEARL,IMO9504786,V2FY8,70,5,153,23,9.1,70,A
367078110,2020-08-19T23:32:44,36.83854,-76.28199,0.0,231.0,511.0,MARCELLE BORDELON,IMO9350379,WDJ2038,79,3,45,11,3.0,79,A
538002652,2020-08-19T23:33:49,36.87943,-76.32642,0.0,226.0,276.0,NAIAS,IMO9330800,V7KN8,70,5,225,32,14.0,70,A
367932000,2020-08-19T23:08:17,36.94918,-76.32969,0.0,107.0,279.0,JOHN LENTHALL,IMO8325547,NJLN,80,5,193,29,,,A
477866300,2020-08-19T23:34:23,36.92739,-76.32989,0.0,75.3,355.0,BILBAO BRIDGE,IMO9492701,VRHY6,70,5,269,35,11.0,74,A
538003366,2020-08-19T23:36:19,37.09281,-76.11177,11.4,150.3,151.0,ALGOMA VALUE,IMO7926148,V7QH6,70,0,244,32,12.8,,A
538003366,2020-08-19T23:09:08,37.17211,-76.15321,11.7,175.5,174.0,ALGOMA VALUE,IMO7926148,V7QH6,70,0,244,32,12.8,,A
367861000,2020-08-19T23:36:00,36.94640,-76.32983,0.0,0.0,265.0,LARAMIE,IMO8906626,NLAR,80,5,193,29,,,A
367861000,2020-08-19T23:09:01,36.94637,-76.32977,0.0,0.0,265.0,LARAMIE,IMO8906626,NLAR,80,5,193,29,,,A
538003366,2020-08-19T23:10:18,37.16841,-76.15274,11.7,173.2,173.0,ALGOMA VALUE,IMO7926148,V7QH6,70,0,244,32,12.8,,A
367822000,2020-08-19T23:32:55,36.97310,-76.43385,0.0,0.0,239.0,USNS SHUGHART,IMO7825394,NAOQ,70,5,276,32,13.0,70,A
215677000,2020-08-19T23:36:06,37.23558,-76.11911,0.1,305.5,33.0,RIZE,IMO9584035,9HA2781,70,1,229,32,14.5,,A
477866300,2020-08-19T23:22:23,36.92739,-76.32991,0.0,75.3,355.0,BILBAO BRIDGE,IMO9492701,VRHY6,70,5,269,35,11.0,74,A
367078110,2020-08-19T23:36:34,36.83854,-76.28198,0.0,260.0,511.0,MARCELLE BORDELON,IMO9350379,WDJ2038,79,3,45,11,3.0,79,A
538003366,2020-08-19T23:32:58,37.10218,-76.11846,11.4,150.7,150.0,ALGOMA VALUE,IMO7926148,V7QH6,70,0,244,32,12.8,,A
367822000,2020-08-19T23:35:55,36.97310,-76.43385,0.0,0.0,239.0,USNS SHUGHART,IMO7825394,NAOQ,70,5,276,32,13.0,70,A
367078110,2020-08-19T23:10:55,36.83853,-76.28198,0.0,230.0,511.0,MARCELLE BORDELON,IMO9350379,WDJ2038,79,3,45,11,3.0,79,A
538006982,2020-08-19T23:11:16,36.96256,-76.42365,0.1,52.4,40.0,ANTE TOPIC,IMO9737072,V7TR4,70,5,,,,,A
367932000,2020-08-19T23:23:18,36.94920,-76.32967,0.0,107.0,279.0,JOHN LENTHALL,IMO8325547,NJLN,80,5,193,29,,,A
367861000,2020-08-19T22:45:01,36.94640,-76.32975,0.0,0.0,265.0,LARAMIE,IMO8906626,NLAR,80,5,193,29,,,A
538003366,2020-08-19T23:38:19,37.08727,-76.10790,11.3,150.6,151.0,ALGOMA VALUE,IMO7926148,V7QH6,70,0,244,32,12.8,,A
367078110,2020-08-19T23:33:56,36.83854,-76.28199,0.0,203.0,511.0,MARCELLE BORDELON,IMO9350379,WDJ2038,79,3,45,11,3.0,79,A
215677000,2020-08-19T23:12:02,37.23530,-76.11876,0.1,305.5,25.0,RIZE,IMO9584035,9HA2781,70,1,229,32,14.5,,A
367932000,2020-08-19T23:11:16,36.94906,-76.32963,0.0,107.0,279.0,JOHN LENTHALL,IMO8325547,NJLN,80,5,193,29,,,A
211839000,2020-08-19T23:25:12,36.90655,-76.32677,0.0,352.0,352.0,CHICAGO EXPRESS,IMO9295268,DCUJ2,70,5,336,42,14.6,79,A
366839000,2020-08-19T23:25:04,36.85351,-76.31079,0.0,0.0,39.0,CAPE RISE,IMO7530808,KAFG,70,5,197,32,10.0,,A
305855000,2020-08-19T23:11:46,36.86427,-76.31477,0.0,83.9,226.0,BBC PEARL,IMO9504786,V2FY8,70,5,153,23,9.1,70,A
367821000,2020-08-19T23:39:28,36.97283,-76.43364,0.0,0.0,511.0,YANO,IMO7825409,NAQH,70,0,276,32,13.0,70,A
477866300,2020-08-19T23:13:26,36.92740,-76.32990,0.0,75.3,355.0,BILBAO BRIDGE,IMO9492701,VRHY6,70,5,269,35,11.0,74,A
367078110,2020-08-19T23:13:25,36.83852,-76.28199,0.0,210.0,511.0,MARCELLE BORDELON,IMO9350379,WDJ2038,79,3,45,11,3.0,79,A
367821000,2020-08-19T23:13:57,36.97283,-76.43367,0.0,0.0,511.0,YANO,IMO7825409,NAQH,70,0,276,32,13.0,70,A
538006982,2020-08-19T23:14:16,36.96256,-76.42366,0.0,47.3,40.0,ANTE TOPIC,IMO9737072,V7TR4,70,5,,,,,A
538003366,2020-08-19T23:28:08,37.11545,-76.12806,11.4,149.6,149.0,ALGOMA VALUE,IMO7926148,V7QH6,70,0,244,32,12.8,,A
367078110,2020-08-19T22:47:44,36.83853,-76.28198,0.0,221.0,511.0,MARCELLE BORDELON,IMO9350379,WDJ2038,79,3,45,11,3.0,79,A
367821000,2020-08-19T23:26:47,36.97284,-76.43366,0.0,0.0,511.0,YANO,IMO7825409,NAQH,70,0,276,32,13.0,70,A
367821000,2020-08-19T23:40:37,36.97283,-76.43364,0.0,0.0,511.0,YANO,IMO7825409,NAQH,70,0,276,32,13.0,70,A
367822000,2020-08-19T23:14:55,36.97309,-76.43385,0.0,0.0,238.0,USNS SHUGHART,IMO7825394,NAOQ,70,5,276,32,13.0,70,A
538003366,2020-08-19T23:40:39,37.08084,-76.10347,11.3,151.5,151.0,ALGOMA VALUE,IMO7926148,V7QH6,70,0,244,32,12.8,,A
477196100,2020-08-19T23:42:51,37.19496,-76.13670,0.1,316.2,61.0,DARYA MA,IMO9591674,VRJH5,70,1,229,32,14.5,,A
368026000,2020-08-19T23:27:20,36.86576,-76.31605,0.0,270.5,2.0,BENAVIDEZ,IMO9218210,NBHG,70,5,289,32,10.9,70,A
538006982,2020-08-19T23:41:16,36.96260,-76.42364,0.0,43.4,40.0,ANTE TOPIC,IMO9737072,V7TR4,70,5,,,,,A
477196100,2020-08-19T22:51:53,37.19436,-76.13605,0.1,305.5,33.0,DARYA MA,IMO9591674,VRJH5,70,1,229,32,14.5,,A
367821000,2020-08-19T23:27:48,36.97284,-76.43366,0.0,0.0,511.0,YANO,IMO7825409,NAQH,70,0,276,32,13.0,70,A
538003366,2020-08-19T23:41:49,37.07755,-76.10121,11.3,151.1,151.0,ALGOMA VALUE,IMO7926148,V7QH6,70,0,244,32,12.8,,A
367821000,2020-08-19T23:17:18,36.97283,-76.43366,0.0,0.0,511.0,YANO,IMO7825409,NAQH,70,0,276,32,13.0,70,A
367078110,2020-08-19T23:44:15,36.83854,-76.28199,0.0,222.0,511.0,MARCELLE BORDELON,IMO9350379,WDJ2038,79,3,45,11,3.0,79,A
477866300,2020-08-19T23:46:25,36.92737,-76.32990,0.0,174.6,355.0,BILBAO BRIDGE,IMO9492701,VRHY6,70,5,269,35,11.0,74,A
477866300,2020-08-19T23:16:25,36.92739,-76.32989,0.0,75.3,355.0,BILBAO BRIDGE,IMO9492701,VRHY6,70,5,269,35,11.0,74,A
538006982,2020-08-19T23:44:16,36.96258,-76.42364,0.0,43.4,40.0,ANTE TOPIC,IMO9737072,V7TR4,70,5,,,,,A
367821000,2020-08-19T23:30:28,36.97284,-76.43365,0.0,0.0,511.0,YANO,IMO7825409,NAQH,70,0,276,32,13.0,70,A
211839000,2020-08-19T23:19:10,36.90659,-76.32676,0.0,352.0,352.0,CHICAGO EXPRESS,IMO9295268,DCUJ2,70,5,336,42,14.6,79,A
367822000,2020-08-19T23:44:55,36.97309,-76.43386,0.0,0.0,239.0,USNS SHUGHART,IMO7825394,NAOQ,70,5,276,32,13.0,70,A
305855000,2020-08-19T23:44:49,36.86431,-76.31476,0.0,22.2,226.0,BBC PEARL,IMO9504786,V2FY8,70,5,153,23,9.1,70,A
305855000,2020-08-19T23:38:45,36.86430,-76.31476,0.0,11.0,226.0,BBC PEARL,IMO9504786,V2FY8,70,5,153,23,9.1,70,A
215677000,2020-08-19T23:45:04,37.23568,-76.11925,0.1,305.5,40.0,RIZE,IMO9584035,9HA2781,70,1,229,32,14.5,,A
367861000,2020-08-19T22:51:00,36.94637,-76.32976,0.0,0.0,265.0,LARAMIE,IMO8906626,NLAR,80,5,193,29,,,A
368026000,2020-08-19T23:39:22,36.86573,-76.31602,0.1,270.5,2.0,BENAVIDEZ,IMO9218210,NBHG,70,5,289,32,10.9,70,A
366839000,2020-08-19T23:31:03,36.85348,-76.31084,0.0,0.0,39.0,CAPE RISE,IMO7530808,KAFG,70,5,197,32,10.0,,A
477196100,2020-08-19T23:18:48,37.19464,-76.13644,0.1,292.7,48.0,DARYA MA,IMO9591674,VRJH5,70,1,229,32,14.5,,A
477196100,2020-08-19T23:45:48,37.19505,-76.13673,0.1,319.0,63.0,DARYA MA,IMO9591674,VRJH5,70,1,229,32,14.5,,A
367932000,2020-08-19T23:17:18,36.94912,-76.32963,0.0,107.0,279.0,JOHN LENTHALL,IMO8325547,NJLN,80,5,193,29,,,A
367822000,2020-08-19T23:47:55,36.97309,-76.43386,0.0,0.0,239.0,USNS SHUGHART,IMO7825394,NAOQ,70,5,276,32,13.0,70,A
477866300,2020-08-19T23:31:25,36.92743,-76.32988,0.0,75.3,355.0,BILBAO BRIDGE,IMO9492701,VRHY6,70,5,269,35,11.0,74,A
211839000,2020-08-19T23:40:19,36.90656,-76.32676,0.0,353.0,353.0,CHICAGO EXPRESS,IMO9295268,DCUJ2,70,5,336,42,14.6,79,A
538002652,2020-08-19T22:51:49,36.87947,-76.32643,0.0,226.0,276.0,NAIAS,IMO9330800,V7KN8,70,5,225,32,14.0,70,A
215677000,2020-08-19T22:54:01,37.23525,-76.11870,0.1,305.5,24.0,RIZE,IMO9584035,9HA2781,70,1,229,32,14.5,,A
367078110,2020-08-19T23:19:04,36.83852,-76.28200,0.0,211.0,511.0,MARCELLE BORDELON,IMO9350379,WDJ2038,79,3,45,11,3.0,79,A
367078110,2020-08-19T22:54:34,36.83853,-76.28198,0.0,229.0,511.0,MARCELLE BORDELON,IMO9350379,WDJ2038,79,3,45,11,3.0,79,A
367861000,2020-08-19T23:42:01,36.94644,-76.32979,0.0,0.0,265.0,LARAMIE,IMO8906626,NLAR,80,5,193,29,,,A
367932000,2020-08-19T23:47:17,36.94912,-76.32949,0.0,107.0,279.0,JOHN LENTHALL,IMO8325547,NJLN,80,5,193,29,,,A
367932000,2020-08-19T23:20:16,36.94917,-76.32963,0.0,107.0,279.0,JOHN LENTHALL,IMO8325547,NJLN,80,5,193,29,,,A
215677000,2020-08-19T23:33:05,37.23551,-76.11906,0.1,305.5,31.0,RIZE,IMO9584035,9HA2781,70,1,229,32,14.5,,A
538002652,2020-08-19T23:48:51,36.87943,-76.32642,0.0,226.0,276.0,NAIAS,IMO9330800,V7KN8,70,5,225,32,14.0,70,A
477866300,2020-08-19T23:49:25,36.92733,-76.32991,0.0,171.4,355.0,BILBAO BRIDGE,IMO9492701,VRHY6,70,5,269,35,11.0,74,A
367078110,2020-08-19T23:47:35,36.83854,-76.28199,0.0,240.0,511.0,MARCELLE BORDELON,IMO9350379,WDJ2038,79,3,45,11,3.0,79,A
367078110,2020-08-19T23:49:55,36.83855,-76.28199,0.0,238.0,511.0,MARCELLE BORDELON,IMO9350379,WDJ2038,79,3,45,11,3.0,79,A
477866300,2020-08-19T22:55:22,36.92742,-76.32988,0.0,81.8,355.0,BILBAO BRIDGE,IMO9492701,VRHY6,70,5,269,35,11.0,74,A
367821000,2020-08-19T23:22:37,36.97284,-76.43366,0.0,0.0,511.0,YANO,IMO7825409,NAQH,70,0,276,32,13.0,70,A
367821000,2020-08-19T23:20:47,36.97283,-76.43366,0.0,0.0,511.0,YANO,IMO7825409,NAQH,70,0,276,32,13.0,70,A
368026000,2020-08-19T23:36:20,36.86578,-76.31605,0.0,270.5,2.0,BENAVIDEZ,IMO9218210,NBHG,70,5,289,32,10.9,70,A
211839000,2020-08-19T23:22:08,36.90650,-76.32672,0.0,352.0,352.0,CHICAGO EXPRESS,IMO9295268,DCUJ2,70,5,336,42,14.6,79,A
367861000,2020-08-19T23:21:00,36.94642,-76.32981,0.0,0.0,265.0,LARAMIE,IMO8906626,NLAR,80,5,193,29,,,A
215677000,2020-08-19T23:21:07,37.23537,-76.11887,0.1,305.5,29.0,RIZE,IMO9584035,9HA2781,70,1,229,32,14.5,,A
215677000,2020-08-19T22:57:07,37.23524,-76.11869,0.1,305.5,25.0,RIZE,IMO9584035,9HA2781,70,1,229,32,14.5,,A
538002652,2020-08-19T23:36:53,36.87943,-76.32637,0.0,226.0,276.0,NAIAS,IMO9330800,V7KN8,70,5,225,32,14.0,70,A
477196100,2020-08-19T23:21:48,37.19463,-76.13647,0.1,292.7,50.0,DARYA MA,IMO9591674,VRJH5,70,1,229,32,14.5,,A
367821000,2020-08-19T23:51:57,36.97279,-76.43370,0.0,0.0,511.0,YANO,IMO7825409,NAQH,70,0,276,32,13.0,70,A
367821000,2020-08-19T23:25:37,36.97284,-76.43366,0.0,0.0,511.0,YANO,IMO7825409,NAQH,70,0,276,32,13.0,70,A
211839000,2020-08-19T23:37:17,36.90656,-76.32677,0.0,353.0,353.0,CHICAGO EXPRESS,IMO9295268,DCUJ2,70,5,336,42,14.6,79,A
538006982,2020-08-19T23:38:16,36.96261,-76.42365,0.0,43.4,40.0,ANTE TOPIC,IMO9737072,V7TR4,70,5,,,,,A
367861000,2020-08-19T23:51:00,36.94637,-76.32984,0.0,0.0,265.0,LARAMIE,IMO8906626,NLAR,80,5,193,29,,,A
538003366,2020-08-19T23:55:09,37.04404,-76.07213,10.7,141.1,142.0,ALGOMA VALUE,IMO7926148,V7QH6,70,0,244,32,12.8,,A
538006982,2020-08-19T23:53:16,36.96260,-76.42363,0.0,43.4,40.0,ANTE TOPIC,IMO9737072,V7TR4,70,5,,,,,A
538002652,2020-08-19T23:54:50,36.87948,-76.32640,0.0,226.0,276.0,NAIAS,IMO9330800,V7KN8,70,5,225,32,14.0,70,A
366839000,2020-08-19T23:46:03,36.85343,-76.31079,0.0,0.0,39.0,CAPE RISE,IMO7530808,KAFG,70,5,197,32,10.0,,A
367821000,2020-08-19T23:23:47,36.97284,-76.43366,0.0,0.0,511.0,YANO,IMO7825409,NAQH,70,0,276,32,13.0,70,A
367932000,2020-08-19T23:53:16,36.94915,-76.32965,0.0,107.0,279.0,JOHN LENTHALL,IMO8325547,NJLN,80,5,193,29,,,A
367078110,2020-08-19T23:40:36,36.83854,-76.28199,0.0,195.0,511.0,MARCELLE BORDELON,IMO9350379,WDJ2038,79,3,45,11,3.0,79,A
367861000,2020-08-19T23:53:59,36.94637,-76.32989,0.0,0.0,265.0,LARAMIE,IMO8906626,NLAR,80,5,193,29,,,A
477196100,2020-08-19T23:48:49,37.19513,-76.13676,0.1,321.6,66.0,DARYA MA,IMO9591674,VRJH5,70,1,229,32,14.5,,A
367822000,2020-08-19T23:53:54,36.97309,-76.43386,0.0,0.0,239.0,USNS SHUGHART,IMO7825394,NAOQ,70,5,276,32,13.0,70,A
367822000,2020-08-19T23:26:55,36.97311,-76.43385,0.0,0.0,238.0,USNS SHUGHART,IMO7825394,NAOQ,70,5,276,32,13.0,70,A
367821000,2020-08-19T23:54:17,36.97283,-76.43368,0.0,0.0,511.0,YANO,IMO7825409,NAQH,70,0,276,32,13.0,70,A
215677000,2020-08-19T23:24:05,37.23539,-76.11889,0.1,305.5,29.0,RIZE,IMO9584035,9HA2781,70,1,229,32,14.5,,A
366839000,2020-08-19T23:40:00,36.85348,-76.31080,0.0,0.0,39.0,CAPE RISE,IMO7530808,KAFG,70,5,197,32,10.0,,A
367078110,2020-08-19T23:02:35,36.83854,-76.28197,0.0,177.0,511.0,MARCELLE BORDELON,IMO9350379,WDJ2038,79,3,45,11,3.0,79,A
211839000,2020-08-19T23:55:25,36.90667,-76.32675,0.0,353.0,353.0,CHICAGO EXPRESS,IMO9295268,DCUJ2,70,5,336,42,14.6,79,A
215677000,2020-08-19T23:42:04,37.23561,-76.11922,0.1,305.5,38.0,RIZE,IMO9584035,9HA2781,70,1,229,32,14.5,,A
368026000,2020-08-19T23:03:21,36.86575,-76.31601,0.0,270.5,2.0,BENAVIDEZ,IMO9218210,NBHG,70,5,289,32,10.9,70,A
366839000,2020-08-19T23:55:03,36.85349,-76.31081,0.0,0.0,39.0,CAPE RISE,IMO7530808,KAFG,70,5,197,32,10.0,,A
367078110,2020-08-19T23:25:35,36.83853,-76.28199,0.0,212.0,511.0,MARCELLE BORDELON,IMO9350379,WDJ2038,79,3,45,11,3.0,79,A
477196100,2020-08-19T23:54:49,37.19531,-76.13683,0.1,326.7,70.0,DARYA MA,IMO9591674,VRJH5,70,1,229,32,14.5,,A
366839000,2020-08-19T23:28:06,36.85355,-76.31080,0.0,0.0,39.0,CAPE RISE,IMO7530808,KAFG,70,5,197,32,10.0,,A
538006982,2020-08-19T23:29:16,36.96258,-76.42364,0.0,43.4,40.0,ANTE TOPIC,IMO9737072,V7TR4,70,5,,,,,A
477866300,2020-08-19T23:28:26,36.92746,-76.32988,0.0,75.3,355.0,BILBAO BRIDGE,IMO9492701,VRHY6,70,5,269,35,11.0,74,A
367932000,2020-08-19T23:41:17,36.94910,-76.32960,0.0,107.0,279.0,JOHN LENTHALL,IMO8325547,NJLN,80,5,193,29,,,A
305855000,2020-08-19T23:26:46,36.86429,-76.31475,0.0,83.9,226.0,BBC PEARL,IMO9504786,V2FY8,70,5,153,23,9.1,70,A
305855000,2020-08-19T23:41:48,36.86428,-76.31476,0.0,22.2,226.0,BBC PEARL,IMO9504786,V2FY8,70,5,153,23,9.1,70,A
367861000,2020-08-19T23:57:00,36.94641,-76.32981,0.0,0.0,265.0,LARAMIE,IMO8906626,NLAR,80,5,193,29,,,A
367861000,2020-08-19T23:29:59,36.94643,-76.32985,0.0,0.0,265.0,LARAMIE,IMO8906626,NLAR,80,5,193,29,,,A
367932000,2020-08-19T23:50:18,36.94922,-76.32967,0.0,107.0,279.0,JOHN LENTHALL,IMO8325547,NJLN,80,5,193,29,,,A
367821000,2020-08-19T23:44:48,36.97283,-76.43364,0.0,0.0,511.0,YANO,IMO7825409,NAQH,70,0,276,32,13.0,70,A
368026000,2020-08-19T23:57:22,36.86576,-76.31605,0.0,270.5,2.0,BENAVIDEZ,IMO9218210,NBHG,70,5,289,32,10.9,70,A
538003366,2020-08-19T23:30:37,37.10865,-76.12304,11.4,150.1,150.0,ALGOMA VALUE,IMO7926148,V7QH6,70,0,244,32,12.8,,A
538003366,2020-08-19T23:26:58,37.11866,-76.13042,11.4,149.9,149.0,ALGOMA VALUE,IMO7926148,V7QH6,70,0,244,32,12.8,,A
477196100,2020-08-19T23:06:49,37.19447,-76.13629,0.1,293.2,44.0,DARYA MA,IMO9591674,VRJH5,70,1,229,32,14.5,,A
367078110,2020-08-19T23:31:34,36.83854,-76.28199,0.0,191.0,511.0,MARCELLE BORDELON,IMO9350379,WDJ2038,79,3,45,11,3.0,79,A
367078110,2020-08-19T23:28:04,36.83853,-76.28199,0.0,210.0,511.0,MARCELLE BORDELON,IMO9350379,WDJ2038,79,3,45,11,3.0,79,A
477866300,2020-08-19T23:52:25,36.92744,-76.32982,0.0,255.4,355.0,BILBAO BRIDGE,IMO9492701,VRHY6,70,5,269,35,11.0,74,A
367822000,2020-08-19T23:29:55,36.97310,-76.43385,0.0,0.0,239.0,USNS SHUGHART,IMO7825394,NAOQ,70,5,276,32,13.0,70,A
367821000,2020-08-19T00:15:28,36.97283,-76.43362,0.0,0.0,511.0,YANO,IMO7825409,NAQH,70,0,276,32,13.0,70,A
368026000,2020-08-19T23:54:21,36.86576,-76.31604,0.0,270.5,2.0,BENAVIDEZ,IMO9218210,NBHG,70,5,289,32,10.9,70,A
211839000,2020-08-19T23:46:22,36.90655,-76.32677,0.0,353.0,353.0,CHICAGO EXPRESS,IMO9295268,DCUJ2,70,5,336,42,14.6,79,A
215677000,2020-08-19T23:54:04,37.23579,-76.11934,0.0,305.5,48.0,RIZE,IMO9584035,9HA2781,70,1,229,32,14.5,,A
477196100,2020-08-19T23:30:45,37.19470,-76.13650,0.1,278.4,52.0,DARYA MA,IMO9591674,VRJH5,70,1,229,32,14.5,,A
367821000,2020-08-19T23:55:27,36.97285,-76.43368,0.0,0.0,511.0,YANO,IMO7825409,NAQH,70,0,276,32,13.0,70,A
368026000,2020-08-19T23:30:20,36.86575,-76.31606,0.0,270.5,2.0,BENAVIDEZ,IMO9218210,NBHG,70,5,289,32,10.9,70,A
305855000,2020-08-19T23:56:48,36.86424,-76.31477,0.0,3.9,226.0,BBC PEARL,IMO9504786,V2FY8,70,5,153,23,9.1,70,A
367821000,2020-08-19T23:58:17,36.97285,-76.43367,0.0,0.0,511.0,YANO,IMO7825409,NAQH,70,0,276,32,13.0,70,A
367821000,2020-08-19T23:10:08,36.97283,-76.43367,0.0,0.0,511.0,YANO,IMO7825409,NAQH,70,0,276,32,13.0,70,A
367861000,2020-08-19T23:48:01,36.94634,-76.32985,0.0,0.0,265.0,LARAMIE,IMO8906626,NLAR,80,5,193,29,,,A
305855000,2020-08-19T23:47:48,36.86428,-76.31476,0.0,171.3,226.0,BBC PEARL,IMO9504786,V2FY8,70,5,153,23,9.1,70,A
211839000,2020-08-19T23:58:26,36.90656,-76.32674,0.1,173.0,353.0,CHICAGO EXPRESS,IMO9295268,DCUJ2,70,5,336,42,14.6,79,A
367821000,2020-08-19T23:33:28,36.97284,-76.43365,0.0,0.0,511.0,YANO,IMO7825409,NAQH,70,0,276,32,13.0,70,A
367861000,2020-08-19T23:33:01,36.94644,-76.32980,0.0,0.0,265.0,LARAMIE,IMO8906626,NLAR,80,5,193,29,,,A
538003366,2020-08-19T23:31:48,37.10533,-76.12068,11.5,150.2,149.0,ALGOMA VALUE,IMO7926148,V7QH6,70,0,244,32,12.8,,A
366839000,2020-08-19T23:49:03,36.85349,-76.31082,0.0,0.0,39.0,CAPE RISE,IMO7530808,KAFG,70,5,197,32,10.0,,A
367078110,2020-08-19T23:51:16,36.83855,-76.28199,0.0,192.0,511.0,MARCELLE BORDELON,IMO9350379,WDJ2038,79,3,45,11,3.0,79,A
367932000,2020-08-19T23:59:16,36.94920,-76.32963,0.0,107.0,279.0,JOHN LENTHALL,IMO8325547,NJLN,80,5,193,29,,,A
367932000,2020-08-19T23:32:17,36.94909,-76.32966,0.0,107.0,279.0,JOHN LENTHALL,IMO8325547,NJLN,80,5,193,29,,,A
367822000,2020-08-19T23:11:55,36.97310,-76.43385,0.0,0.0,238.0,USNS SHUGHART,IMO7825394,NAOQ,70,5,276,32,13.0,70,A
367078110,2020-08-19T23:35:26,36.83854,-76.28198,0.0,219.0,511.0,MARCELLE BORDELON,IMO9350379,WDJ2038,79,3,45,11,3.0,79,A
538003366,2020-08-19T23:12:59,37.15956,-76.15139,11.8,173.4,172.0,ALGOMA VALUE,IMO7926148,V7QH6,70,0,244,32,12.8,,A
538003366,2020-08-19T23:52:39,37.04995,-76.07819,10.9,140.2,141.0,ALGOMA VALUE,IMO7926148,V7QH6,70,0,244,32,12.8,,A
477866300,2020-08-19T23:37:25,36.92741,-76.32986,0.1,75.3,355.0,BILBAO BRIDGE,IMO9492701,VRHY6,70,5,269,35,11.0,74,A
367821000,2020-08-19T23:12:38,36.97282,-76.43367,0.0,0.0,511.0,YANO,IMO7825409,NAQH,70,0,276,32,13.0,70,A
538003366,2020-08-19T23:53:48,37.04726,-76.07533,10.9,140.9,142.0,ALGOMA VALUE,IMO7926148,V7QH6,70,0,244,32,12.8,,A
538003366,2020-08-19T23:39:28,37.08408,-76.10575,11.3,151.0,150.0,ALGOMA VALUE,IMO7926148,V7QH6,70,0,244,32,12.8,,A
366839000,2020-08-19T23:37:02,36.85350,-76.31083,0.0,0.0,40.0,CAPE RISE,IMO7530808,KAFG,70,5,197,32,10.0,,A
367932000,2020-08-19T23:38:17,36.94915,-76.32954,0.0,107.0,279.0,JOHN LENTHALL,IMO8325547,NJLN,80,5,193,29,,,A
367861000,2020-08-19T23:14:59,36.94642,-76.32978,0.0,0.0,265.0,LARAMIE,IMO8906626,NLAR,80,5,193,29,,,A
477196100,2020-08-19T23:39:49,37.19489,-76.13664,0.1,312.9,57.0,DARYA MA,IMO9591674,VRJH5,70,1,229,32,14.5,,A
477196100,2020-08-19T23:15:48,37.19461,-76.13637,0.1,342.7,45.0,DARYA MA,IMO9591674,VRJH5,70,1,229,32,14.5,,A
367822000,2020-08-19T23:38:54,36.97309,-76.43386,0.0,0.0,239.0,USNS SHUGHART,IMO7825394,NAOQ,70,5,276,32,13.0,70,A
538006982,2020-08-19T23:17:16,36.96259,-76.42362,0.0,43.4,40.0,ANTE TOPIC,IMO9737072,V7TR4,70,5,,,,,A
367078110,2020-08-19T23:17:55,36.83852,-76.28199,0.0,259.0,511.0,MARCELLE BORDELON,IMO9350379,WDJ2038,79,3,45,11,3.0,79,A
367078110,2020-08-19T23:43:05,36.83853,-76.28199,0.0,259.0,511.0,MARCELLE BORDELON,IMO9350379,WDJ2038,79,3,45,11,3.0,79,A
367822000,2020-08-19T23:41:56,36.97309,-76.43386,0.0,0.0,239.0,USNS SHUGHART,IMO7825394,NAOQ,70,5,276,32,13.0,70,A
215677000,2020-08-19T23:57:07,37.23580,-76.11936,0.1,305.5,49.0,RIZE,IMO9584035,9HA2781,70,1,229,32,14.5,,A
477196100,2020-08-19T23:57:50,37.19541,-76.13683,0.2,345.4,71.0,DARYA MA,IMO9591674,VRJH5,70,1,229,32,14.5,,A
367821000,2020-08-19T23:59:28,36.97285,-76.43367,0.0,0.0,511.0,YANO,IMO7825409,NAQH,70,0,276,32,13.0,70,A
538003366,2020-08-19T23:44:08,37.07126,-76.09682,11.2,150.8,151.0,ALGOMA VALUE,IMO7926148,V7QH6,70,0,244,32,12.8,,A
367821000,2020-08-19T23:19:38,36.97283,-76.43367,0.0,0.0,511.0,YANO,IMO7825409,NAQH,70,0,276,32,13.0,70,A
367078110,2020-08-19T23:21:26,36.83853,-76.28199,0.0,191.0,511.0,MARCELLE BORDELON,IMO9350379,WDJ2038,79,3,45,11,3.0,79,A
367078110,2020-08-19T23:46:24,36.83854,-76.28199,0.0,228.0,511.0,MARCELLE BORDELON,IMO9350379,WDJ2038,79,3,45,11,3.0,79,A
211839000,2020-08-19T23:43:19,36.90657,-76.32675,0.0,353.0,353.0,CHICAGO EXPRESS,IMO9295268,DCUJ2,70,5,336,42,14.6,79,A
366839000,2020-08-19T23:22:04,36.85348,-76.31083,0.0,0.0,39.0,CAPE RISE,IMO7530808,KAFG,70,5,197,32,10.0,,A
368026000,2020-08-19T23:45:21,36.86574,-76.31605,0.0,270.5,2.0,BENAVIDEZ,IMO9218210,NBHG,70,5,289,32,10.9,70,A
367932000,2020-08-19T23:44:17,36.94916,-76.32962,0.0,107.0,279.0,JOHN LENTHALL,IMO8325547,NJLN,80,5,193,29,,,A
305855000,2020-08-19T23:23:47,36.86429,-76.31476,0.0,83.9,226.0,BBC PEARL,IMO9504786,V2FY8,70,5,153,23,9.1,70,A
538006982,2020-08-19T23:23:16,36.96260,-76.42365,0.0,43.4,40.0,ANTE TOPIC,IMO9737072,V7TR4,70,5,,,,,A
538002652,2020-08-19T23:45:51,36.87942,-76.32645,0.0,226.0,276.0,NAIAS,IMO9330800,V7KN8,70,5,225,32,14.0,70,A
368026000,2020-08-19T23:48:20,36.86576,-76.31604,0.0,270.5,2.0,BENAVIDEZ,IMO9218210,NBHG,70,5,289,32,10.9,70,A
538006982,2020-08-19T23:47:16,36.96253,-76.42360,0.0,43.4,40.0,ANTE TOPIC,IMO9737072,V7TR4,70,5,,,,,A
211839000,2020-08-19T23:49:21,36.90664,-76.32672,0.0,353.0,353.0,CHICAGO EXPRESS,IMO9295268,DCUJ2,70,5,336,42,14.6,79,A
538003366,2020-08-19T23:50:48,37.05434,-76.08253,10.9,141.6,142.0,ALGOMA VALUE,IMO7926148,V7QH6,70,0,244,32,12.8,,A
215677000,2020-08-19T23:51:05,37.23577,-76.11932,0.1,305.5,45.0,RIZE,IMO9584035,9HA2781,70,1,229,32,14.5,,A
305855000,2020-08-19T23:50:47,36.86427,-76.31476,0.0,45.5,226.0,BBC PEARL,IMO9504786,V2FY8,70,5,153,23,9.1,70,A
367078110,2020-08-19T23:26:56,36.83853,-76.28199,0.0,189.0,511.0,MARCELLE BORDELON,IMO9350379,WDJ2038,79,3,45,11,3.0,79,A
366839000,2020-08-19T23:52:05,36.85349,-76.31081,0.0,0.0,39.0,CAPE RISE,IMO7530808,KAFG,70,5,197,32,10.0,,A
211839000,2020-08-19T23:52:23,36.90661,-76.32676,0.0,353.0,353.0,CHICAGO EXPRESS,IMO9295268,DCUJ2,70,5,336,42,14.6,79,A
305855000,2020-08-19T23:53:46,36.86428,-76.31476,0.0,202.4,226.0,BBC PEARL,IMO9504786,V2FY8,70,5,153,23,9.1,70,A
538002652,2020-08-19T23:51:49,36.87943,-76.32643,0.0,226.0,276.0,NAIAS,IMO9330800,V7KN8,70,5,225,32,14.0,70,A
477866300,2020-08-19T23:55:24,36.92743,-76.32999,0.0,255.4,355.0,BILBAO BRIDGE,IMO9492701,VRHY6,70,5,269,35,11.0,74,A
367078110,2020-08-19T23:55:34,36.83855,-76.28199,0.0,163.0,511.0,MARCELLE BORDELON,IMO9350379,WDJ2038,79,3,45,11,3.0,79,A
215677000,2020-08-19T23:30:06,37.23544,-76.11898,0.1,305.5,29.0,RIZE,IMO9584035,9HA2781,70,1,229,32,14.5,,A
538006982,2020-08-19T23:56:16,36.96261,-76.42365,0.0,43.4,40.0,ANTE TOPIC,IMO9737072,V7TR4,70,5,,,,,A
367821000,2020-08-19T23:31:37,36.97284,-76.43365,0.0,0.0,511.0,YANO,IMO7825409,NAQH,70,0,276,32,13.0,70,A
215677000,2020-08-19T00:17:58,37.23920,-76.11840,0.1,58.9,153.0,RIZE,IMO9584035,9HA2781,70,1,229,32,14.5,,A
367078110,2020-08-19T23:56:44,36.83855,-76.28199,0.0,93.0,511.0,MARCELLE BORDELON,IMO9350379,WDJ2038,79,3,45,11,3.0,79,A
368026000,2020-08-19T23:33:21,36.86576,-76.31604,0.0,270.5,2.0,BENAVIDEZ,IMO9218210,NBHG,70,5,289,32,10.9,70,A
367078110,2020-08-19T23:59:14,36.83854,-76.28199,0.0,130.0,511.0,MARCELLE BORDELON,IMO9350379,WDJ2038,79,3,45,11,3.0,79,A
367822000,2020-08-19T23:56:56,36.97309,-76.43386,0.0,0.0,239.0,USNS SHUGHART,IMO7825394,NAOQ,70,5,276,32,13.0,70,A
538006982,2020-08-19T23:59:16,36.96258,-76.42367,0.0,43.4,40.0,ANTE TOPIC,IMO9737072,V7TR4,70,5,,,,,A
477196100,2020-08-19T23:33:48,37.19475,-76.13653,0.1,281.5,53.0,DARYA MA,IMO9591674,VRJH5,70,1,229,32,14.5,,A
477866300,2020-08-19T23:58:26,36.92742,-76.32990,0.0,255.4,355.0,BILBAO BRIDGE,IMO9492701,VRHY6,70,5,269,35,11.0,74,A
366839000,2020-08-19T23:58:04,36.85349,-76.31083,0.0,0.0,39.0,CAPE RISE,IMO7530808,KAFG,70,5,197,32,10.0,,A
366839000,2020-08-19T23:33:59,36.85353,-76.31083,0.0,0.0,39.0,CAPE RISE,IMO7530808,KAFG,70,5,197,32,10.0,,A
367822000,2020-08-19T23:59:56,36.97309,-76.43386,0.0,0.0,239.0,USNS SHUGHART,IMO7825394,NAOQ,70,5,276,32,13.0,70,A
538002652,2020-08-19T23:57:50,36.87945,-76.32642,0.0,226.0,276.0,NAIAS,IMO9330800,V7KN8,70,5,225,32,14.0,70,A
538002652,2020-08-19T00:20:30,37.18297,-76.11092,0.0,339.0,157.0,NAIAS,IMO9330800,V7KN8,70,1,225,32,14.0,70,A
215677000,2020-08-19T23:39:06,37.23561,-76.11918,0.1,305.5,36.0,RIZE,IMO9584035,9HA2781,70,1,229,32,14.5,,A
538002652,2020-08-19T23:39:51,36.87943,-76.32642,0.0,226.0,276.0,NAIAS,IMO9330800,V7KN8,70,5,225,32,14.0,70,A
538002953,2020-08-19T00:22:38,37.13146,-76.13970,18.9,335.5,331.0,SCT SANTIAGO,IMO9302566,V7NF7,70,0,294,32,13.5,71,A
538002953,2020-08-19T00:23:44,37.13646,-76.14329,19.1,335.3,331.0,SCT SANTIAGO,IMO9302566,V7NF7,70,0,294,32,13.5,71,A
367821000,2020-08-19T00:24:18,36.97286,-76.43362,0.0,0.0,511.0,YANO,IMO7825409,NAQH,70,0,276,32,13.0,70,A
538002652,2020-08-19T00:23:30,37.18305,-76.11088,0.0,39.0,159.0,NAIAS,IMO9330800,V7KN8,70,1,225,32,14.0,70,A
477866300,2020-08-19T23:43:26,36.92740,-76.32989,0.0,75.3,355.0,BILBAO BRIDGE,IMO9492701,VRHY6,70,5,269,35,11.0,74,A
538003366,2020-08-19T23:45:19,37.06808,-76.09462,11.2,150.8,151.0,ALGOMA VALUE,IMO7926148,V7QH6,70,0,244,32,12.8,,A
367861000,2020-08-19T00:24:01,36.94638,-76.32984,0.0,0.0,265.0,LARAMIE,IMO8906626,NLAR,80,5,193,29,,,A
215677000,2020-08-19T23:48:05,37.23571,-76.11927,0.1,305.5,42.0,RIZE,IMO9584035,9HA2781,70,1,229,32,14.5,,A
366733250,2020-08-19T00:26:02,37.22951,-76.45858,1.2,268.7,511.0,ATLANTIC SURVEYOR,,WTR5417,70,15,31,7,,,A
538003366,2020-08-19T23:47:48,37.06152,-76.08961,10.9,141.2,142.0,ALGOMA VALUE,IMO7926148,V7QH6,70,0,244,32,12.8,,A
538006982,2020-08-19T23:50:16,36.96258,-76.42361,0.0,43.4,40.0,ANTE TOPIC,IMO9737072,V7TR4,70,5,,,,,A
477196100,2020-08-19T00:27:43,37.19854,-76.13479,0.1,16.5,155.0,DARYA MA,IMO9591674,VRJH5,70,1,229,32,14.5,,A
368026000,2020-08-19T23:51:21,36.86576,-76.31603,0.0,270.5,2.0,BENAVIDEZ,IMO9218210,NBHG,70,5,289,32,10.9,70,A
367078110,2020-08-19T23:53:34,36.83855,-76.28199,0.0,310.0,511.0,MARCELLE BORDELON,IMO9350379,WDJ2038,79,3,45,11,3.0,79,A
367822000,2020-08-19T00:26:56,36.97311,-76.43384,0.0,0.0,239.0,USNS SHUGHART,IMO7825394,NAOQ,70,5,276,32,13.0,70,A
367821000,2020-08-19T00:29:08,36.97285,-76.43362,0.0,0.0,511.0,YANO,IMO7825409,NAQH,70,0,276,32,13.0,70,A
367821000,2020-08-19T23:53:08,36.97282,-76.43368,0.0,0.0,511.0,YANO,IMO7825409,NAQH,70,0,276,32,13.0,70,A
538006982,2020-08-19T00:29:53,37.20752,-76.12379,0.1,64.3,161.0,ANTE TOPIC,IMO9737072,V7TR4,70,1,,,,,A
305855000,2020-08-19T23:59:47,36.86427,-76.31478,0.0,52.9,226.0,BBC PEARL,IMO9504786,V2FY8,70,5,153,23,9.1,70,A
367861000,2020-08-19T00:30:00,36.94638,-76.32983,0.0,0.0,265.0,LARAMIE,IMO8906626,NLAR,80,5,193,29,,,A
367932000,2020-08-19T00:29:18,36.94918,-76.32967,0.0,107.0,279.0,JOHN LENTHALL,IMO8325547,NJLN,80,5,193,29,,,A
366839000,2020-08-19T00:33:56,36.85352,-76.31082,0.0,0.0,40.0,CAPE RISE,IMO7530808,KAFG,70,5,197,32,10.0,,A
367078110,2020-08-19T00:34:52,36.83857,-76.28198,0.0,14.0,511.0,MARCELLE BORDELON,IMO9350379,WDJ2038,79,3,45,11,3.0,79,A
368026000,2020-08-19T00:36:20,36.86576,-76.31604,0.0,19.1,2.0,BENAVIDEZ,IMO9218210,NBHG,70,5,289,32,10.9,70,A
305855000,2020-08-19T00:38:46,36.86428,-76.31476,0.0,154.8,225.0,BBC PEARL,IMO9504786,V2FY8,70,5,153,23,9.1,70,A
215677000,2020-08-19T00:38:56,37.23937,-76.11795,0.1,58.9,156.0,RIZE,IMO9584035,9HA2781,70,1,229,32,14.5,,A
305176000,2020-08-19T00:40:45,37.31645,-76.11385,9.3,199.3,197.0,CELIA,IMO9344394,V2DD5,70,0,100,15,5.6,70,A
366733250,2020-08-19T00:40:31,37.23005,-76.45126,5.4,44.3,511.0,ATLANTIC SURVEYOR,,WTR5417,70,15,31,7,,,A
368026000,2020-08-19T00:45:21,36.86576,-76.31604,0.0,19.1,2.0,BENAVIDEZ,IMO9218210,NBHG,70,5,289,32,10.9,70,A
538002953,2020-08-19T00:44:08,37.23716,-76.13465,18.5,23.2,20.0,SCT SANTIAGO,IMO9302566,V7NF7,70,0,294,32,13.5,71,A
538002953,2020-08-19T00:46:57,37.25092,-76.12941,18.3,22.9,19.0,SCT SANTIAGO,IMO9302566,V7NF7,70,0,294,32,13.5,71,A
538002652,2020-08-19T00:47:30,37.18308,-76.11053,0.0,120.0,167.0,NAIAS,IMO9330800,V7KN8,70,1,225,32,14.0,70,A
367932000,2020-08-19T00:41:16,36.94914,-76.32965,0.0,107.0,279.0,JOHN LENTHALL,IMO8325547,NJLN,80,5,193,29,,,A
367078110,2020-08-19T00:48:13,36.83855,-76.28199,0.0,350.0,511.0,MARCELLE BORDELON,IMO9350379,WDJ2038,79,3,45,11,3.0,79,A
367861000,2020-08-19T00:48:00,36.94637,-76.32980,0.0,0.0,265.0,LARAMIE,IMO8906626,NLAR,80,5,193,29,,,A
366839000,2020-08-19T00:48:59,36.85350,-76.31079,0.0,0.0,40.0,CAPE RISE,IMO7530808,KAFG,70,5,197,32,10.0,,A
367078110,2020-08-19T00:51:42,36.83855,-76.28199,0.0,70.0,511.0,MARCELLE BORDELON,IMO9350379,WDJ2038,79,3,45,11,3.0,79,A
538006982,2020-08-19T00:50:53,37.20765,-76.12327,0.1,80.9,174.0,ANTE TOPIC,IMO9737072,V7TR4,70,1,,,,,A
305855000,2020-08-19T00:53:47,36.86426,-76.31475,0.0,182.1,226.0,BBC PEARL,IMO9504786,V2FY8,70,5,153,23,9.1,70,A
538006982,2020-08-19T00:53:53,37.20763,-76.12319,0.1,113.9,178.0,ANTE TOPIC,IMO9737072,V7TR4,70,1,,,,,A
305176000,2020-08-19T00:53:44,37.28442,-76.12846,9.4,200.4,197.0,CELIA,IMO9344394,V2DD5,70,0,100,15,5.6,70,A
477196100,2020-08-19T00:54:44,37.19872,-76.13425,0.1,95.2,170.0,DARYA MA,IMO9591674,VRJH5,70,1,229,32,14.5,,A
367861000,2020-08-19T00:54:01,36.94633,-76.32980,0.0,0.0,265.0,LARAMIE,IMO8906626,NLAR,80,5,193,29,,,A
366839000,2020-08-19T00:54:59,36.85348,-76.31080,0.0,0.0,39.0,CAPE RISE,IMO7530808,KAFG,70,5,197,32,10.0,,A
538002652,2020-08-19T00:59:31,37.18305,-76.11045,0.0,100.0,172.0,NAIAS,IMO9330800,V7KN8,70,1,225,32,14.0,70,A
366733250,2020-08-19T00:55:32,37.23649,-76.46080,5.5,296.3,511.0,ATLANTIC SURVEYOR,,WTR5417,70,15,31,7,,,A
367861000,2020-08-19T01:00:00,36.94641,-76.32987,0.0,0.0,265.0,LARAMIE,IMO8906626,NLAR,80,5,193,29,,,A
367822000,2020-08-19T00:59:54,36.97309,-76.43384,0.0,0.0,239.0,USNS SHUGHART,IMO7825394,NAOQ,70,5,276,32,13.0,70,A
305176000,2020-08-19T00:58:54,37.27170,-76.13438,9.4,200.2,197.0,CELIA,IMO9344394,V2DD5,70,0,100,15,5.6,70,A
305176000,2020-08-19T01:00:04,37.26877,-76.13572,9.4,200.1,197.0,CELIA,IMO9344394,V2DD5,70,0,100,15,5.6,70,A
366733250,2020-08-19T01:02:21,37.24029,-76.47167,5.0,281.1,511.0,ATLANTIC SURVEYOR,,WTR5417,70,15,31,7,,,A
367861000,2020-08-19T01:03:00,36.94639,-76.32979,0.0,0.0,265.0,LARAMIE,IMO8906626,NLAR,80,5,193,29,,,A
367932000,2020-08-19T00:56:17,36.94917,-76.32969,0.0,107.0,279.0,JOHN LENTHALL,IMO8325547,NJLN,80,5,193,29,,,A
368026000,2020-08-19T01:03:21,36.86575,-76.31603,0.0,19.1,2.0,BENAVIDEZ,IMO9218210,NBHG,70,5,289,32,10.9,70,A
538002953,2020-08-19T01:04:26,37.33669,-76.09028,18.9,27.7,25.0,SCT SANTIAGO,IMO9302566,V7NF7,70,0,294,32,13.5,71,A
367821000,2020-08-19T01:07:27,36.97284,-76.43364,0.0,0.0,511.0,YANO,IMO7825409,NAQH,70,0,276,32,13.0,70,A
367078110,2020-08-19T01:05:52,36.83855,-76.28198,0.0,298.0,511.0,MARCELLE BORDELON,IMO9350379,WDJ2038,79,3,45,11,3.0,79,A
477196100,2020-08-19T01:09:45,37.19870,-76.13425,0.0,95.2,168.0,DARYA MA,IMO9591674,VRJH5,70,1,229,32,14.5,,A
366733250,2020-08-19T01:10:31,37.23701,-76.46835,5.9,84.8,511.0,ATLANTIC SURVEYOR,,WTR5417,70,15,31,7,,,A
366839000,2020-08-19T01:09:55,36.85348,-76.31083,0.0,0.0,39.0,CAPE RISE,IMO7530808,KAFG,70,5,197,32,10.0,,A
366733250,2020-08-19T01:14:11,37.23530,-76.46061,6.6,111.2,511.0,ATLANTIC SURVEYOR,,WTR5417,70,15,31,7,,,A
367932000,2020-08-19T01:11:16,36.94923,-76.32965,0.0,107.0,279.0,JOHN LENTHALL,IMO8325547,NJLN,80,5,193,29,,,A
367078110,2020-08-19T01:17:32,36.83855,-76.28199,0.0,346.0,511.0,MARCELLE BORDELON,IMO9350379,WDJ2038,79,3,45,11,3.0,79,A
367822000,2020-08-19T01:17:55,36.97309,-76.43384,0.0,0.0,239.0,USNS SHUGHART,IMO7825394,NAOQ,70,5,276,32,13.0,70,A
366733250,2020-08-19T01:21:33,37.24090,-76.45430,7.1,257.4,511.0,ATLANTIC SURVEYOR,,WTR5417,70,15,31,7,,,A
367821000,2020-08-19T01:22:07,36.97283,-76.43365,0.0,0.0,511.0,YANO,IMO7825409,NAQH,70,0,276,32,13.0,70,A
366839000,2020-08-19T01:21:57,36.85351,-76.31082,0.0,0.0,39.0,CAPE RISE,IMO7530808,KAFG,70,5,197,32,10.0,,A
367932000,2020-08-19T01:17:17,36.94917,-76.32968,0.0,107.0,279.0,JOHN LENTHALL,IMO8325547,NJLN,80,5,193,29,,,A
367821000,2020-08-19T01:26:57,36.97283,-76.43365,0.0,0.0,511.0,YANO,IMO7825409,NAQH,70,0,276,32,13.0,70,A
305176000,2020-08-19T01:24:45,37.21050,-76.15416,8.5,181.5,180.0,CELIA,IMO9344394,V2DD5,70,0,100,15,5.6,70,A
305176000,2020-08-19T01:27:34,37.20382,-76.15436,8.5,181.7,180.0,CELIA,IMO9344394,V2DD5,70,0,100,15,5.6,70,A
367861000,2020-08-19T01:27:01,36.94641,-76.32979,0.0,0.0,265.0,LARAMIE,IMO8906626,NLAR,80,5,193,29,,,A
538002652,2020-08-19T01:32:28,37.18310,-76.10988,0.0,103.0,188.0,NAIAS,IMO9330800,V7KN8,70,1,225,32,14.0,70,A
367822000,2020-08-19T01:29:56,36.97309,-76.43384,0.0,0.0,239.0,USNS SHUGHART,IMO7825394,NAOQ,70,5,276,32,13.0,70,A
367861000,2020-08-19T01:36:01,36.94634,-76.32979,0.0,0.0,265.0,LARAMIE,IMO8906626,NLAR,80,5,193,29,,,A
367821000,2020-08-19T01:33:47,36.97283,-76.43368,0.0,0.0,511.0,YANO,IMO7825409,NAQH,70,0,276,32,13.0,70,A
367821000,2020-08-19T01:36:48,36.97284,-76.43367,0.0,0.0,511.0,YANO,IMO7825409,NAQH,70,0,276,32,13.0,70,A
367821000,2020-08-19T01:38:48,36.97284,-76.43367,0.0,0.0,511.0,YANO,IMO7825409,NAQH,70,0,276,32,13.0,70,A
368026000,2020-08-19T01:36:20,36.86576,-76.31604,0.0,19.1,2.0,BENAVIDEZ,IMO9218210,NBHG,70,5,289,32,10.9,70,A
367078110,2020-08-19T01:42:23,36.83855,-76.28198,0.0,305.0,511.0,MARCELLE BORDELON,IMO9350379,WDJ2038,79,3,45,11,3.0,79,A
368026000,2020-08-19T01:42:21,36.86579,-76.31605,0.0,19.1,2.0,BENAVIDEZ,IMO9218210,NBHG,70,5,289,32,10.9,70,A
538006982,2020-08-19T01:44:53,37.20766,-76.12290,0.0,129.9,187.0,ANTE TOPIC,IMO9737072,V7TR4,70,1,,,,,A
368026000,2020-08-19T01:45:21,36.86576,-76.31605,0.0,19.1,2.0,BENAVIDEZ,IMO9218210,NBHG,70,5,289,32,10.9,70,A
366733250,2020-08-19T01:47:42,37.24106,-76.44439,7.2,85.7,511.0,ATLANTIC SURVEYOR,,WTR5417,70,15,31,7,,,A
367822000,2020-08-19T01:44:55,36.97309,-76.43384,0.0,0.0,239.0,USNS SHUGHART,IMO7825394,NAOQ,70,5,276,32,13.0,70,A
367822000,2020-08-19T01:50:55,36.97309,-76.43384,0.0,0.0,239.0,USNS SHUGHART,IMO7825394,NAOQ,70,5,276,32,13.0,70,A
215677000,2020-08-19T01:53:57,37.23948,-76.11688,0.1,71.8,183.0,RIZE,IMO9584035,9HA2781,70,1,229,32,14.5,,A
305176000,2020-08-19T01:54:14,37.14497,-76.15410,8.0,147.2,151.0,CELIA,IMO9344394,V2DD5,70,0,100,15,5.6,70,A
305855000,2020-08-19T01:50:46,36.86430,-76.31475,0.0,37.5,226.0,BBC PEARL,IMO9504786,V2FY8,70,5,153,23,9.1,70,A
367821000,2020-08-19T01:52:37,36.97283,-76.43367,0.0,0.0,511.0,YANO,IMO7825409,NAQH,70,0,276,32,13.0,70,A
367821000,2020-08-19T01:54:38,36.97283,-76.43367,0.0,0.0,511.0,YANO,IMO7825409,NAQH,70,0,276,32,13.0,70,A
305176000,2020-08-19T01:57:55,37.13797,-76.14844,8.1,146.8,151.0,CELIA,IMO9344394,V2DD5,70,0,100,15,5.6,70,A
366839000,2020-08-19T01:57:56,36.85351,-76.31083,0.0,0.0,39.0,CAPE RISE,IMO7530808,KAFG,70,5,197,32,10.0,,A
367821000,2020-08-19T02:01:17,36.97285,-76.43365,0.0,0.0,511.0,YANO,IMO7825409,NAQH,70,0,276,32,13.0,70,A
366839000,2020-08-19T02:03:53,36.85350,-76.31082,0.0,0.0,39.0,CAPE RISE,IMO7530808,KAFG,70,5,197,32,10.0,,A
366733250,2020-08-19T02:03:31,37.23514,-76.45077,5.1,254.8,511.0,ATLANTIC SURVEYOR,,WTR5417,70,15,31,7,,,A
367821000,2020-08-19T02:03:47,36.97285,-76.43365,0.0,0.0,511.0,YANO,IMO7825409,NAQH,70,0,276,32,13.0,70,A
367821000,2020-08-19T02:04:57,36.97284,-76.43365,0.0,0.0,511.0,YANO,IMO7825409,NAQH,70,0,276,32,13.0,70,A
305855000,2020-08-19T02:05:48,36.86433,-76.31478,0.0,354.4,226.0,BBC PEARL,IMO9504786,V2FY8,70,5,153,23,9.1,70,A
305176000,2020-08-19T02:07:14,37.12019,-76.13426,8.1,147.8,150.0,CELIA,IMO9344394,V2DD5,70,0,100,15,5.6,70,A
367821000,2020-08-19T02:10:38,36.97284,-76.43365,0.0,0.0,511.0,YANO,IMO7825409,NAQH,70,0,276,32,13.0,70,A
305176000,2020-08-19T02:09:34,37.11577,-76.13075,8.0,148.9,152.0,CELIA,IMO9344394,V2DD5,70,0,100,15,5.6,70,A
366733250,2020-08-19T02:10:21,37.23245,-76.46259,5.2,254.3,511.0,ATLANTIC SURVEYOR,,WTR5417,70,15,31,7,,,A
305855000,2020-08-19T02:14:46,36.86425,-76.31476,0.0,50.7,226.0,BBC PEARL,IMO9504786,V2FY8,70,5,153,23,9.1,70,A
367861000,2020-08-19T02:12:01,36.94640,-76.32977,0.0,0.0,265.0,LARAMIE,IMO8906626,NLAR,80,5,193,29,,,A
366839000,2020-08-19T02:12:59,36.85349,-76.31086,0.0,0.0,39.0,CAPE RISE,IMO7530808,KAFG,70,5,197,32,10.0,,A
366839000,2020-08-19T02:15:57,36.85349,-76.31082,0.0,0.0,39.0,CAPE RISE,IMO7530808,KAFG,70,5,197,32,10.0,,A
305176000,2020-08-19T02:17:45,37.10028,-76.11976,7.7,152.2,155.0,CELIA,IMO9344394,V2DD5,70,0,100,15,5.6,70,A
367861000,2020-08-19T02:21:01,36.94634,-76.32986,0.0,0.0,265.0,LARAMIE,IMO8906626,NLAR,80,5,193,29,,,A
538006982,2020-08-19T02:20:53,37.20767,-76.12243,0.2,125.9,199.0,ANTE TOPIC,IMO9737072,V7TR4,70,1,,,,,A
538002652,2020-08-19T02:20:31,37.18308,-76.10960,0.0,132.0,190.0,NAIAS,IMO9330800,V7KN8,70,1,225,32,14.0,70,A
215677000,2020-08-19T02:20:58,37.23946,-76.11660,0.1,98.8,188.0,RIZE,IMO9584035,9HA2781,70,1,229,32,14.5,,A
368026000,2020-08-19T02:21:21,36.86573,-76.31602,0.0,19.1,2.0,BENAVIDEZ,IMO9218210,NBHG,70,5,289,32,10.9,70,A
367932000,2020-08-19T02:20:18,36.94914,-76.32963,0.0,107.0,279.0,JOHN LENTHALL,IMO8325547,NJLN,80,5,193,29,,,A
367078110,2020-08-19T02:25:22,36.83853,-76.28198,0.0,306.0,511.0,MARCELLE BORDELON,IMO9350379,WDJ2038,79,3,45,11,3.0,79,A
367861000,2020-08-19T02:24:01,36.94639,-76.32990,0.0,0.0,265.0,LARAMIE,IMO8906626,NLAR,80,5,193,29,,,A
367821000,2020-08-19T02:24:18,36.97283,-76.43366,0.0,0.0,511.0,YANO,IMO7825409,NAQH,70,0,276,32,13.0,70,A
367821000,2020-08-19T02:26:28,36.97283,-76.43366,0.0,0.0,511.0,YANO,IMO7825409,NAQH,70,0,276,32,13.0,70,A
477196100,2020-08-19T02:27:41,37.19868,-76.13331,0.0,65.9,189.0,DARYA MA,IMO9591674,VRJH5,70,1,229,32,14.5,,A
215677000,2020-08-19T02:32:55,37.23946,-76.11655,0.1,196.4,191.0,RIZE,IMO9584035,9HA2781,70,1,229,32,14.5,,A
367078110,2020-08-19T02:30:53,36.83850,-76.28204,0.0,337.9,511.0,MARCELLE BORDELON,IMO9350379,WDJ2038,79,3,45,11,3.0,79,A
367078110,2020-08-19T02:36:13,36.83838,-76.28192,0.0,341.5,511.0,MARCELLE BORDELON,IMO9350379,WDJ2038,79,3,45,11,3.0,79,A
367861000,2020-08-19T02:42:00,36.94635,-76.32986,0.0,0.0,265.0,LARAMIE,IMO8906626,NLAR,80,5,193,29,,,A
367821000,2020-08-19T02:41:57,36.97282,-76.43363,0.0,0.0,511.0,YANO,IMO7825409,NAQH,70,0,276,32,13.0,70,A
538002652,2020-08-19T02:38:28,37.18308,-76.10945,0.0,353.0,191.0,NAIAS,IMO9330800,V7KN8,70,1,225,32,14.0,70,A
368026000,2020-08-19T02:42:20,36.86576,-76.31607,0.0,19.1,2.0,BENAVIDEZ,IMO9218210,NBHG,70,5,289,32,10.9,70,A
305176000,2020-08-19T02:45:04,37.04758,-76.07551,7.8,142.3,143.0,CELIA,IMO9344394,V2DD5,70,0,100,15,5.6,70,A
367078110,2020-08-19T02:45:22,36.83854,-76.28199,0.0,262.0,511.0,MARCELLE BORDELON,IMO9350379,WDJ2038,79,3,45,11,3.0,79,A
368026000,2020-08-19T02:48:21,36.86576,-76.31604,0.0,19.1,2.0,BENAVIDEZ,IMO9218210,NBHG,70,5,289,32,10.9,70,A
367822000,2020-08-19T02:50:55,36.97311,-76.43384,0.0,0.0,239.0,USNS SHUGHART,IMO7825394,NAOQ,70,5,276,32,13.0,70,A
367078110,2020-08-19T03:00:13,36.83855,-76.28198,0.0,72.0,511.0,MARCELLE BORDELON,IMO9350379,WDJ2038,79,3,45,11,3.0,79,A
368026000,2020-08-19T03:00:21,36.86575,-76.31603,0.0,19.1,2.0,BENAVIDEZ,IMO9218210,NBHG,70,5,289,32,10.9,70,A
367821000,2020-08-19T03:02:28,36.97285,-76.43362,0.0,0.0,511.0,YANO,IMO7825409,NAQH,70,0,276,32,13.0,70,A
367932000,2020-08-19T02:59:16,36.94915,-76.32967,0.0,107.0,279.0,JOHN LENTHALL,IMO8325547,NJLN,80,5,193,29,,,A
366839000,2020-08-19T03:04:00,36.85350,-76.31084,0.0,0.0,39.0,CAPE RISE,IMO7530808,KAFG,70,5,197,32,10.0,,A
367821000,2020-08-19T03:04:48,36.97285,-76.43361,0.0,0.0,511.0,YANO,IMO7825409,NAQH,70,0,276,32,13.0,70,A
367078110,2020-08-19T03:03:43,36.83855,-76.28197,0.0,139.0,511.0,MARCELLE BORDELON,IMO9350379,WDJ2038,79,3,45,11,3.0,79,A
305855000,2020-08-19T03:05:46,36.86430,-76.31476,0.0,246.9,227.0,BBC PEARL,IMO9504786,V2FY8,70,5,153,23,9.1,70,A
367822000,2020-08-19T03:05:55,36.97310,-76.43384,0.0,0.0,238.0,USNS SHUGHART,IMO7825394,NAOQ,70,5,276,32,13.0,70,A
215677000,2020-08-19T03:08:57,37.23942,-76.11632,0.1,140.9,195.0,RIZE,IMO9584035,9HA2781,70,1,229,32,14.5,,A
477196100,2020-08-19T03:12:44,37.19870,-76.13339,0.0,234.5,188.0,DARYA MA,IMO9591674,VRJH5,70,1,229,32,14.5,,A
366839000,2020-08-19T03:12:56,36.85349,-76.31085,0.0,0.0,39.0,CAPE RISE,IMO7530808,KAFG,70,5,197,32,10.0,,A
366733250,2020-08-19T03:20:21,37.22789,-76.46915,4.8,270.3,511.0,ATLANTIC SURVEYOR,,WTR5417,70,15,31,7,,,A
367078110,2020-08-19T03:19:12,36.83854,-76.28197,0.0,190.0,511.0,MARCELLE BORDELON,IMO9350379,WDJ2038,79,3,45,11,3.0,79,A
366839000,2020-08-19T03:21:59,36.85346,-76.31082,0.0,0.0,39.0,CAPE RISE,IMO7530808,KAFG,70,5,197,32,10.0,,A
366839000,2020-08-19T03:24:56,36.85350,-76.31084,0.0,0.0,39.0,CAPE RISE,IMO7530808,KAFG,70,5,197,32,10.0,,A
367078110,2020-08-19T03:23:33,36.83855,-76.28196,0.0,1.0,511.0,MARCELLE BORDELON,IMO9350379,WDJ2038,79,3,45,11,3.0,79,A
366733250,2020-08-19T03:21:42,37.22774,-76.47159,5.2,268.4,511.0,ATLANTIC SURVEYOR,,WTR5417,70,15,31,7,,,A
368026000,2020-08-19T03:27:21,36.86575,-76.31603,0.0,19.1,3.0,BENAVIDEZ,IMO9218210,NBHG,70,5,289,32,10.9,70,A
215677000,2020-08-19T03:29:57,37.23935,-76.11608,0.0,186.5,201.0,RIZE,IMO9584035,9HA2781,70,1,229,32,14.5,,A
538002652,2020-08-19T03:32:29,37.18303,-76.10938,0.0,325.0,196.0,NAIAS,IMO9330800,V7KN8,70,1,225,32,14.0,70,A
367078110,2020-08-19T03:30:42,36.83855,-76.28197,0.0,121.0,511.0,MARCELLE BORDELON,IMO9350379,WDJ2038,79,3,45,11,3.0,79,A
367821000,2020-08-19T03:35:48,36.97287,-76.43362,0.0,0.0,511.0,YANO,IMO7825409,NAQH,70,0,276,32,13.0,70,A
538002652,2020-08-19T03:35:29,37.18308,-76.10940,0.0,325.0,196.0,NAIAS,IMO9330800,V7KN8,70,1,225,32,14.0,70,A
367861000,2020-08-19T03:33:01,36.94632,-76.32979,0.0,0.0,265.0,LARAMIE,IMO8906626,NLAR,80,5,193,29,,,A
367078110,2020-08-19T03:36:52,36.83855,-76.28197,0.0,286.0,511.0,MARCELLE BORDELON,IMO9350379,WDJ2038,79,3,45,11,3.0,79,A
366839000,2020-08-19T03:36:56,36.85353,-76.31079,0.0,0.0,39.0,CAPE RISE,IMO7530808,KAFG,70,5,197,32,10.0,,A
367821000,2020-08-19T03:41:08,36.97286,-76.43362,0.0,0.0,511.0,YANO,IMO7825409,NAQH,70,0,276,32,13.0,70,A
305855000,2020-08-19T03:41:48,36.86429,-76.31476,0.0,333.0,226.0,BBC PEARL,IMO9504786,V2FY8,70,5,153,23,9.1,70,A
215677000,2020-08-19T03:44:55,37.23918,-76.11574,0.1,138.9,208.0,RIZE,IMO9584035,9HA2781,70,1,229,32,14.5,,A
367932000,2020-08-19T03:38:16,36.94917,-76.32964,0.0,107.0,279.0,JOHN LENTHALL,IMO8325547,NJLN,80,5,193,29,,,A
538006982,2020-08-19T03:50:53,37.20775,-76.12238,0.1,230.5,199.0,ANTE TOPIC,IMO9737072,V7TR4,70,1,,,,,A
367861000,2020-08-19T03:50:59,36.94641,-76.32977,0.0,0.0,265.0,LARAMIE,IMO8906626,NLAR,80,5,193,29,,,A
367861000,2020-08-19T03:54:01,36.94635,-76.32980,0.0,0.0,265.0,LARAMIE,IMO8906626,NLAR,80,5,193,29,,,A
215677000,2020-08-19T03:50:57,37.23910,-76.11559,0.1,158.7,213.0,RIZE,IMO9584035,9HA2781,70,1,229,32,14.5,,A
366839000,2020-08-19T03:54:57,36.85348,-76.31082,0.0,0.0,39.0,CAPE RISE,IMO7530808,KAFG,70,5,197,32,10.0,,A
367078110,2020-08-19T03:53:43,36.83855,-76.28198,0.0,227.0,511.0,MARCELLE BORDELON,IMO9350379,WDJ2038,79,3,45,11,3.0,79,A
538006982,2020-08-19T03:56:53,37.20775,-76.12235,0.0,255.9,200.0,ANTE TOPIC,IMO9737072,V7TR4,70,1,,,,,A
367821000,2020-08-19T03:59:17,36.97283,-76.43366,0.0,0.0,511.0,YANO,IMO7825409,NAQH,70,0,276,32,13.0,70,A
367861000,2020-08-19T04:00:00,36.94640,-76.32983,0.0,0.0,265.0,LARAMIE,IMO8906626,NLAR,80,5,193,29,,,A
366733250,2020-08-19T04:01:13,37.22623,-76.46908,4.2,286.3,511.0,ATLANTIC SURVEYOR,,WTR5417,70,15,31,7,,,A
305855000,2020-08-19T04:02:48,36.86429,-76.31475,0.0,228.4,226.0,BBC PEARL,IMO9504786,V2FY8,70,5,153,23,9.1,70,A
367821000,2020-08-19T04:02:28,36.97283,-76.43366,0.0,0.0,511.0,YANO,IMO7825409,NAQH,70,0,276,32,13.0,70,A
367078110,2020-08-19T04:02:32,36.83855,-76.28198,0.0,249.0,511.0,MARCELLE BORDELON,IMO9350379,WDJ2038,79,3,45,11,3.0,79,A
305855000,2020-08-19T04:08:46,36.86428,-76.31476,0.0,196.0,226.0,BBC PEARL,IMO9504786,V2FY8,70,5,153,23,9.1,70,A
367078110,2020-08-19T04:07:42,36.83855,-76.28197,0.0,157.0,511.0,MARCELLE BORDELON,IMO9350379,WDJ2038,79,3,45,11,3.0,79,A
367821000,2020-08-19T04:09:28,36.97283,-76.43366,0.0,0.0,511.0,YANO,IMO7825409,NAQH,70,0,276,32,13.0,70,A
367078110,2020-08-19T04:13:52,36.83857,-76.28196,0.0,352.0,511.0,MARCELLE BORDELON,IMO9350379,WDJ2038,79,3,45,11,3.0,79,A
477196100,2020-08-19T04:15:43,37.19853,-76.13286,0.2,243.4,206.0,DARYA MA,IMO9591674,VRJH5,70,1,229,32,14.5,,A
367932000,2020-08-19T04:11:17,36.94915,-76.32969,0.0,107.0,279.0,JOHN LENTHALL,IMO8325547,NJLN,80,5,193,29,,,A
538002652,2020-08-19T04:17:28,37.18303,-76.10925,0.0,166.0,200.0,NAIAS,IMO9330800,V7KN8,70,1,225,32,14.0,70,A
367822000,2020-08-19T04:17:55,36.97315,-76.43379,0.0,0.0,238.0,USNS SHUGHART,IMO7825394,NAOQ,70,5,276,32,13.0,70,A
367078110,2020-08-19T04:19:12,36.83856,-76.28198,0.0,215.0,511.0,MARCELLE BORDELON,IMO9350379,WDJ2038,79,3,45,11,3.0,79,A
368026000,2020-08-19T04:21:20,36.86577,-76.31604,0.0,19.1,2.0,BENAVIDEZ,IMO9218210,NBHG,70,5,289,32,10.9,70,A
367861000,2020-08-19T04:21:01,36.94640,-76.32977,0.0,0.0,265.0,LARAMIE,IMO8906626,NLAR,80,5,193,29,,,A
366839000,2020-08-19T04:21:53,36.85347,-76.31082,0.0,0.0,39.0,CAPE RISE,IMO7530808,KAFG,70,5,197,32,10.0,,A
366839000,2020-08-19T04:24:55,36.85350,-76.31076,0.0,0.0,39.0,CAPE RISE,IMO7530808,KAFG,70,5,197,32,10.0,,A
367078110,2020-08-19T04:23:23,36.83856,-76.28198,0.0,286.0,511.0,MARCELLE BORDELON,IMO9350379,WDJ2038,79,3,45,11,3.0,79,A
305855000,2020-08-19T04:26:46,36.86428,-76.31477,0.0,219.3,227.0,BBC PEARL,IMO9504786,V2FY8,70,5,153,23,9.1,70,A
538006982,2020-08-19T04:26:53,37.20778,-76.12256,0.1,272.6,195.0,ANTE TOPIC,IMO9737072,V7TR4,70,1,,,,,A
477196100,2020-08-19T04:27:42,37.19861,-76.13309,0.2,122.4,190.0,DARYA MA,IMO9591674,VRJH5,70,1,229,32,14.5,,A
367822000,2020-08-19T04:29:56,36.97315,-76.43380,0.0,0.0,238.0,USNS SHUGHART,IMO7825394,NAOQ,70,5,276,32,13.0,70,A
538002652,2020-08-19T04:29:30,37.18312,-76.10925,0.1,106.0,194.0,NAIAS,IMO9330800,V7KN8,70,1,225,32,14.0,70,A
538002652,2020-08-19T04:32:31,37.18307,-76.10905,0.2,110.0,199.0,NAIAS,IMO9330800,V7KN8,70,1,225,32,14.0,70,A
367821000,2020-08-19T04:31:57,36.97288,-76.43367,0.0,0.0,511.0,YANO,IMO7825409,NAQH,70,0,276,32,13.0,70,A
367078110,2020-08-19T04:32:53,36.83855,-76.28198,0.0,25.0,511.0,MARCELLE BORDELON,IMO9350379,WDJ2038,79,3,45,11,3.0,79,A
538002652,2020-08-19T04:35:29,37.18300,-76.10892,0.0,119.0,207.0,NAIAS,IMO9330800,V7KN8,70,1,225,32,14.0,70,A
367861000,2020-08-19T04:39:00,36.94640,-76.32980,0.0,0.0,265.0,LARAMIE,IMO8906626,NLAR,80,5,193,29,,,A
367078110,2020-08-19T04:41:02,36.83855,-76.28198,0.0,197.0,511.0,MARCELLE BORDELON,IMO9350379,WDJ2038,79,3,45,11,3.0,79,A
477196100,2020-08-19T04:42:45,37.19861,-76.13294,0.1,288.4,197.0,DARYA MA,IMO9591674,VRJH5,70,1,229,32,14.5,,A
305855000,2020-08-19T04:47:47,36.86427,-76.31477,0.0,166.9,226.0,BBC PEARL,IMO9504786,V2FY8,70,5,153,23,9.1,70,A
367932000,2020-08-19T04:44:16,36.94917,-76.32966,0.0,107.0,279.0,JOHN LENTHALL,IMO8325547,NJLN,80,5,193,29,,,A
215677000,2020-08-19T04:54:00,37.23875,-76.11518,0.1,152.5,225.0,RIZE,IMO9584035,9HA2781,70,1,229,32,14.5,,A
367821000,2020-08-19T04:53:38,36.97286,-76.43364,0.0,0.0,511.0,YANO,IMO7825409,NAQH,70,0,276,32,13.0,70,A
367861000,2020-08-19T04:54:01,36.94638,-76.32982,0.0,0.0,265.0,LARAMIE,IMO8906626,NLAR,80,5,193,29,,,A
367821000,2020-08-19T04:58:38,36.97282,-76.43367,0.0,0.0,511.0,YANO,IMO7825409,NAQH,70,0,276,32,13.0,70,A
367861000,2020-08-19T05:02:59,36.94637,-76.32980,0.0,0.0,265.0,LARAMIE,IMO8906626,NLAR,80,5,193,29,,,A
538002652,2020-08-19T05:05:30,37.18285,-76.10875,0.0,340.0,207.0,NAIAS,IMO9330800,V7KN8,70,1,225,32,14.0,70,A
367932000,2020-08-19T04:56:16,36.94920,-76.32967,0.0,107.0,279.0,JOHN LENTHALL,IMO8325547,NJLN,80,5,193,29,,,A
368026000,2020-08-19T05:06:21,36.86579,-76.31603,0.0,19.1,2.0,BENAVIDEZ,IMO9218210,NBHG,70,5,289,32,10.9,70,A
367821000,2020-08-19T05:04:47,36.97282,-76.43367,0.0,0.0,511.0,YANO,IMO7825409,NAQH,70,0,276,32,13.0,70,A
367822000,2020-08-19T05:05:55,36.97312,-76.43381,0.0,0.0,238.0,USNS SHUGHART,IMO7825394,NAOQ,70,5,276,32,13.0,70,A
367861000,2020-08-19T05:09:00,36.94637,-76.32978,0.0,0.0,265.0,LARAMIE,IMO8906626,NLAR,80,5,193,29,,,A
368026000,2020-08-19T05:09:20,36.86577,-76.31605,0.0,19.1,2.0,BENAVIDEZ,IMO9218210,NBHG,70,5,289,32,10.9,70,A
367078110,2020-08-19T05:08:43,36.83855,-76.28198,0.0,293.0,511.0,MARCELLE BORDELON,IMO9350379,WDJ2038,79,3,45,11,3.0,79,A
367078110,2020-08-19T05:09:44,36.83855,-76.28197,0.0,327.0,511.0,MARCELLE BORDELON,IMO9350379,WDJ2038,79,3,45,11,3.0,79,A
538002652,2020-08-19T05:14:29,37.18267,-76.10838,0.0,118.0,218.0,NAIAS,IMO9330800,V7KN8,70,1,225,32,14.0,70,A
367078110,2020-08-19T05:13:23,36.83855,-76.28198,0.0,324.0,511.0,MARCELLE BORDELON,IMO9350379,WDJ2038,79,3,45,11,3.0,79,A
305855000,2020-08-19T05:14:47,36.86429,-76.31477,0.0,260.2,226.0,BBC PEARL,IMO9504786,V2FY8,70,5,153,23,9.1,70,A
538006982,2020-08-19T05:14:53,37.20759,-76.12183,0.2,134.9,207.0,ANTE TOPIC,IMO9737072,V7TR4,70,1,,,,,A
367821000,2020-08-19T05:18:28,36.97283,-76.43365,0.0,0.0,511.0,YANO,IMO7825409,NAQH,70,0,276,32,13.0,70,A
367932000,2020-08-19T05:11:16,36.94919,-76.32970,0.0,107.0,279.0,JOHN LENTHALL,IMO8325547,NJLN,80,5,193,29,,,A
305855000,2020-08-19T05:20:49,36.86428,-76.31476,0.0,322.6,226.0,BBC PEARL,IMO9504786,V2FY8,70,5,153,23,9.1,70,A
477196100,2020-08-19T05:24:46,37.19816,-76.13211,0.1,91.0,218.0,DARYA MA,IMO9591674,VRJH5,70,1,229,32,14.5,,A
305855000,2020-08-19T05:26:45,36.86426,-76.31478,0.0,322.6,226.0,BBC PEARL,IMO9504786,V2FY8,70,5,153,23,9.1,70,A
538006982,2020-08-19T05:29:53,37.20736,-76.12139,0.0,170.5,225.0,ANTE TOPIC,IMO9737072,V7TR4,70,1,,,,,A
366839000,2020-08-19T05:27:54,36.85352,-76.31083,0.0,0.0,39.0,CAPE RISE,IMO7530808,KAFG,70,5,197,32,10.0,,A
538002652,2020-08-19T05:32:31,37.18260,-76.10818,0.0,126.0,221.0,NAIAS,IMO9330800,V7KN8,70,1,225,32,14.0,70,A
367822000,2020-08-19T05:38:55,36.97311,-76.43382,0.0,0.0,238.0,USNS SHUGHART,IMO7825394,NAOQ,70,5,276,32,13.0,70,A
367932000,2020-08-19T05:41:16,36.94919,-76.32967,0.0,107.0,279.0,JOHN LENTHALL,IMO8325547,NJLN,80,5,193,29,,,A
538002652,2020-08-19T05:41:30,37.18247,-76.10807,0.0,112.0,230.0,NAIAS,IMO9330800,V7KN8,70,1,225,32,14.0,70,A
367821000,2020-08-19T05:48:18,36.97282,-76.43368,0.0,0.0,511.0,YANO,IMO7825409,NAQH,70,0,276,32,13.0,70,A
367932000,2020-08-19T05:50:17,36.94921,-76.32970,0.0,107.0,279.0,JOHN LENTHALL,IMO8325547,NJLN,80,5,193,29,,,A
538002652,2020-08-19T05:50:31,37.18238,-76.10788,0.0,140.0,229.0,NAIAS,IMO9330800,V7KN8,70,1,225,32,14.0,70,A
538006982,2020-08-19T05:47:53,37.20727,-76.12127,0.1,158.7,229.0,ANTE TOPIC,IMO9737072,V7TR4,70,1,,,,,A
368026000,2020-08-19T05:57:22,36.86577,-76.31606,0.0,19.1,2.0,BENAVIDEZ,IMO9218210,NBHG,70,5,289,32,10.9,70,A
367078110,2020-08-19T05:55:13,36.83854,-76.28198,0.0,43.0,511.0,MARCELLE BORDELON,IMO9350379,WDJ2038,79,3,45,11,3.0,79,A
538006982,2020-08-19T05:56:53,37.20707,-76.12108,0.2,152.6,235.0,ANTE TOPIC,IMO9737072,V7TR4,70,1,,,,,A
215677000,2020-08-19T05:56:53,37.23753,-76.11446,0.2,197.5,257.0,RIZE,IMO9584035,9HA2781,70,1,229,32,14.5,,A
367861000,2020-08-19T06:00:01,36.94640,-76.32984,0.0,0.0,265.0,LARAMIE,IMO8906626,NLAR,80,5,193,29,,,A
367821000,2020-08-19T06:00:07,36.97284,-76.43367,0.0,0.0,511.0,YANO,IMO7825409,NAQH,70,0,276,32,13.0,70,A
367932000,2020-08-19T05:56:17,36.94920,-76.32969,0.0,107.0,279.0,JOHN LENTHALL,IMO8325547,NJLN,80,5,193,29,,,A
367078110,2020-08-19T06:03:23,36.83854,-76.28198,0.0,57.0,511.0,MARCELLE BORDELON,IMO9350379,WDJ2038,79,3,45,11,3.0,79,A
367932000,2020-08-19T05:59:16,36.94917,-76.32972,0.0,107.0,279.0,JOHN LENTHALL,IMO8325547,NJLN,80,5,193,29,,,A
368026000,2020-08-19T06:09:21,36.86574,-76.31603,0.0,19.1,2.0,BENAVIDEZ,IMO9218210,NBHG,70,5,289,32,10.9,70,A
367821000,2020-08-19T06:04:48,36.97284,-76.43367,0.0,0.0,511.0,YANO,IMO7825409,NAQH,70,0,276,32,13.0,70,A
367821000,2020-08-19T06:07:07,36.97284,-76.43367,0.0,0.0,511.0,YANO,IMO7825409,NAQH,70,0,276,32,13.0,70,A
367822000,2020-08-19T06:05:56,36.97314,-76.43383,0.0,0.0,238.0,USNS SHUGHART,IMO7825394,NAOQ,70,5,276,32,13.0,70,A
367822000,2020-08-19T06:11:56,36.97313,-76.43381,0.0,0.0,238.0,USNS SHUGHART,IMO7825394,NAOQ,70,5,276,32,13.0,70,A
367821000,2020-08-19T06:11:57,36.97281,-76.43366,0.0,0.0,511.0,YANO,IMO7825409,NAQH,70,0,276,32,13.0,70,A
368026000,2020-08-19T06:12:20,36.86577,-76.31605,0.0,19.1,2.0,BENAVIDEZ,IMO9218210,NBHG,70,5,289,32,10.9,70,A
367932000,2020-08-19T06:08:17,36.94922,-76.32942,0.0,107.0,279.0,JOHN LENTHALL,IMO8325547,NJLN,80,5,193,29,,,A
477196100,2020-08-19T06:15:46,37.19711,-76.13142,0.1,239.3,254.0,DARYA MA,IMO9591674,VRJH5,70,1,229,32,14.5,,A
367078110,2020-08-19T06:17:02,36.83854,-76.28199,0.0,28.0,511.0,MARCELLE BORDELON,IMO9350379,WDJ2038,79,3,45,11,3.0,79,A
367822000,2020-08-19T06:17:55,36.97312,-76.43381,0.0,0.0,238.0,USNS SHUGHART,IMO7825394,NAOQ,70,5,276,32,13.0,70,A
367822000,2020-08-19T06:20:56,36.97312,-76.43381,0.0,0.0,238.0,USNS SHUGHART,IMO7825394,NAOQ,70,5,276,32,13.0,70,A
477196100,2020-08-19T06:18:45,37.19709,-76.13133,0.2,111.8,254.0,DARYA MA,IMO9591674,VRJH5,70,1,229,32,14.5,,A
367821000,2020-08-19T06:22:18,36.97282,-76.43366,0.0,0.0,511.0,YANO,IMO7825409,NAQH,70,0,276,32,13.0,70,A
538002652,2020-08-19T06:26:31,37.18122,-76.10738,0.0,174.0,267.0,NAIAS,IMO9330800,V7KN8,70,1,225,32,14.0,70,A
305855000,2020-08-19T06:26:47,36.86424,-76.31479,0.0,250.7,226.0,BBC PEARL,IMO9504786,V2FY8,70,5,153,23,9.1,70,A
368026000,2020-08-19T06:27:21,36.86576,-76.31604,0.0,19.1,2.0,BENAVIDEZ,IMO9218210,NBHG,70,5,289,32,10.9,70,A
477196100,2020-08-19T06:36:45,37.19645,-76.13133,0.2,177.4,265.0,DARYA MA,IMO9591674,VRJH5,70,1,229,32,14.5,,A
367078110,2020-08-19T06:48:12,36.83855,-76.28198,0.0,304.0,511.0,MARCELLE BORDELON,IMO9350379,WDJ2038,79,3,45,11,3.0,79,A
368026000,2020-08-19T06:48:20,36.86577,-76.31606,0.1,19.1,2.0,BENAVIDEZ,IMO9218210,NBHG,70,5,289,32,10.9,70,A
367822000,2020-08-19T06:47:55,36.97312,-76.43383,0.0,0.0,238.0,USNS SHUGHART,IMO7825394,NAOQ,70,5,276,32,13.0,70,A
366839000,2020-08-19T06:48:56,36.85350,-76.31082,0.0,0.0,40.0,CAPE RISE,IMO7530808,KAFG,70,5,197,32,10.0,,A
366839000,2020-08-19T06:51:56,36.85348,-76.31080,0.0,0.0,40.0,CAPE RISE,IMO7530808,KAFG,70,5,197,32,10.0,,A
367861000,2020-08-19T06:51:01,36.94644,-76.32975,0.0,0.0,265.0,LARAMIE,IMO8906626,NLAR,80,5,193,29,,,A
305855000,2020-08-19T06:53:49,36.86430,-76.31480,0.0,246.7,227.0,BBC PEARL,IMO9504786,V2FY8,70,5,153,23,9.1,70,A
538006982,2020-08-19T06:53:53,37.20513,-76.12090,0.1,200.4,298.0,ANTE TOPIC,IMO9737072,V7TR4,70,1,,,,,A
215677000,2020-08-19T06:56:58,37.23550,-76.11502,0.0,140.2,312.0,RIZE,IMO9584035,9HA2781,70,1,229,32,14.5,,A
368026000,2020-08-19T07:00:21,36.86577,-76.31604,0.0,19.1,2.0,BENAVIDEZ,IMO9218210,NBHG,70,5,289,32,10.9,70,A
367821000,2020-08-19T07:00:07,36.97285,-76.43363,0.0,0.0,511.0,YANO,IMO7825409,NAQH,70,0,276,32,13.0,70,A
367821000,2020-08-19T07:01:18,36.97285,-76.43363,0.0,0.0,511.0,YANO,IMO7825409,NAQH,70,0,276,32,13.0,70,A
367078110,2020-08-19T07:03:33,36.83854,-76.28199,0.5,194.0,511.0,MARCELLE BORDELON,IMO9350379,WDJ2038,79,3,45,11,3.0,79,A
367821000,2020-08-19T07:08:27,36.97285,-76.43364,0.0,0.0,511.0,YANO,IMO7825409,NAQH,70,0,276,32,13.0,70,A
538006982,2020-08-19T07:08:53,37.20492,-76.12110,0.0,213.8,310.0,ANTE TOPIC,IMO9737072,V7TR4,70,1,,,,,A
368026000,2020-08-19T07:09:21,36.86577,-76.31605,0.0,19.1,2.0,BENAVIDEZ,IMO9218210,NBHG,70,5,289,32,10.9,70,A
367078110,2020-08-19T07:08:13,36.83855,-76.28198,0.0,158.0,511.0,MARCELLE BORDELON,IMO9350379,WDJ2038,79,3,45,11,3.0,79,A
305855000,2020-08-19T07:11:49,36.86425,-76.31480,0.0,281.2,227.0,BBC PEARL,IMO9504786,V2FY8,70,5,153,23,9.1,70,A
215677000,2020-08-19T07:11:54,37.23532,-76.11529,0.1,228.3,320.0,RIZE,IMO9584035,9HA2781,70,1,229,32,14.5,,A
538002652,2020-08-19T07:14:28,37.18002,-76.10800,0.1,237.0,302.0,NAIAS,IMO9330800,V7KN8,70,1,225,32,14.0,70,A
367821000,2020-08-19T07:17:27,36.97284,-76.43367,0.0,0.0,511.0,YANO,IMO7825409,NAQH,70,0,276,32,13.0,70,A
366839000,2020-08-19T07:22:01,36.85348,-76.31084,0.0,0.0,39.0,CAPE RISE,IMO7530808,KAFG,70,5,197,32,10.0,,A
367932000,2020-08-19T07:20:16,36.94915,-76.32964,0.0,107.0,279.0,JOHN LENTHALL,IMO8325547,NJLN,80,5,193,29,,,A
477196100,2020-08-19T07:21:44,37.19495,-76.13226,0.1,219.1,316.0,DARYA MA,IMO9591674,VRJH5,70,1,229,32,14.5,,A
366839000,2020-08-19T07:24:54,36.85348,-76.31084,0.0,0.0,39.0,CAPE RISE,IMO7530808,KAFG,70,5,197,32,10.0,,A
305855000,2020-08-19T07:23:48,36.86428,-76.31476,0.0,293.3,227.0,BBC PEARL,IMO9504786,V2FY8,70,5,153,23,9.1,70,A
538006982,2020-08-19T07:23:53,37.20482,-76.12151,0.2,238.9,309.0,ANTE TOPIC,IMO9737072,V7TR4,70,1,,,,,A
367078110,2020-08-19T07:27:33,36.83855,-76.28198,0.0,220.0,511.0,MARCELLE BORDELON,IMO9350379,WDJ2038,79,3,45,11,3.0,79,A
367932000,2020-08-19T07:23:16,36.94914,-76.32974,0.0,107.0,279.0,JOHN LENTHALL,IMO8325547,NJLN,80,5,193,29,,,A
367861000,2020-08-19T07:27:00,36.94634,-76.32967,0.0,0.0,265.0,LARAMIE,IMO8906626,NLAR,80,5,193,29,,,A
538006982,2020-08-19T07:29:53,37.20461,-76.12172,0.2,188.7,319.0,ANTE TOPIC,IMO9737072,V7TR4,70,1,,,,,A
305855000,2020-08-19T07:35:47,36.86428,-76.31475,0.0,83.4,226.0,BBC PEARL,IMO9504786,V2FY8,70,5,153,23,9.1,70,A
538006982,2020-08-19T07:35:53,37.20438,-76.12181,0.1,223.4,333.0,ANTE TOPIC,IMO9737072,V7TR4,70,1,,,,,A
367078110,2020-08-19T07:38:12,36.83855,-76.28199,0.0,188.0,511.0,MARCELLE BORDELON,IMO9350379,WDJ2038,79,3,45,11,3.0,79,A
477196100,2020-08-19T07:39:45,37.19476,-76.13256,0.1,219.1,329.0,DARYA MA,IMO9591674,VRJH5,70,1,229,32,14.5,,A
215677000,2020-08-19T07:41:58,37.23515,-76.11575,0.1,224.5,327.0,RIZE,IMO9584035,9HA2781,70,1,229,32,14.5,,A
538006982,2020-08-19T07:41:53,37.20442,-76.12179,0.1,42.3,338.0,ANTE TOPIC,IMO9737072,V7TR4,70,1,,,,,A
368026000,2020-08-19T07:42:20,36.86574,-76.31605,0.0,19.1,2.0,BENAVIDEZ,IMO9218210,NBHG,70,5,289,32,10.9,70,A
367861000,2020-08-19T07:45:00,36.94639,-76.32986,0.0,0.0,265.0,LARAMIE,IMO8906626,NLAR,80,5,193,29,,,A
305855000,2020-08-19T07:47:46,36.86427,-76.31478,0.0,167.0,226.0,BBC PEARL,IMO9504786,V2FY8,70,5,153,23,9.1,70,A
477196100,2020-08-19T07:48:41,37.19474,-76.13265,0.0,219.1,333.0,DARYA MA,IMO9591674,VRJH5,70,1,229,32,14.5,,A
367821000,2020-08-19T07:49:28,36.97286,-76.43368,0.0,0.0,511.0,YANO,IMO7825409,NAQH,70,0,276,32,13.0,70,A
367821000,2020-08-19T07:53:17,36.97284,-76.43368,0.0,0.0,511.0,YANO,IMO7825409,NAQH,70,0,276,32,13.0,70,A
538002652,2020-08-19T07:53:30,37.17947,-76.10858,0.0,168.0,336.0,NAIAS,IMO9330800,V7KN8,70,1,225,32,14.0,70,A
215677000,2020-08-19T07:56:59,37.23513,-76.11575,0.0,224.5,333.0,RIZE,IMO9584035,9HA2781,70,1,229,32,14.5,,A
367822000,2020-08-19T07:53:55,36.97313,-76.43382,0.0,0.0,238.0,USNS SHUGHART,IMO7825394,NAOQ,70,5,276,32,13.0,70,A
305855000,2020-08-19T07:53:45,36.86429,-76.31476,0.0,167.0,226.0,BBC PEARL,IMO9504786,V2FY8,70,5,153,23,9.1,70,A
305855000,2020-08-19T07:56:47,36.86429,-76.31477,0.0,167.0,226.0,BBC PEARL,IMO9504786,V2FY8,70,5,153,23,9.1,70,A
366839000,2020-08-19T07:54:58,36.85353,-76.31083,0.0,0.0,40.0,CAPE RISE,IMO7530808,KAFG,70,5,197,32,10.0,,A
477196100,2020-08-19T07:57:41,37.19472,-76.13280,0.1,219.1,331.0,DARYA MA,IMO9591674,VRJH5,70,1,229,32,14.5,,A
215677000,2020-08-19T07:59:59,37.23511,-76.11576,0.0,224.5,332.0,RIZE,IMO9584035,9HA2781,70,1,229,32,14.5,,A
367078110,2020-08-19T08:00:02,36.83854,-76.28199,0.0,145.0,511.0,MARCELLE BORDELON,IMO9350379,WDJ2038,79,3,45,11,3.0,79,A
368026000,2020-08-19T08:00:21,36.86577,-76.31602,0.0,19.1,2.0,BENAVIDEZ,IMO9218210,NBHG,70,5,289,32,10.9,70,A
367821000,2020-08-19T08:02:27,36.97283,-76.43367,0.0,0.0,511.0,YANO,IMO7825409,NAQH,70,0,276,32,13.0,70,A
367861000,2020-08-19T08:00:01,36.94639,-76.32982,0.0,0.0,265.0,LARAMIE,IMO8906626,NLAR,80,5,193,29,,,A
367861000,2020-08-19T08:03:01,36.94640,-76.32984,0.0,0.0,265.0,LARAMIE,IMO8906626,NLAR,80,5,193,29,,,A
305855000,2020-08-19T08:02:49,36.86429,-76.31474,0.0,167.0,226.0,BBC PEARL,IMO9504786,V2FY8,70,5,153,23,9.1,70,A
538006982,2020-08-19T08:02:53,37.20428,-76.12203,0.1,207.6,339.0,ANTE TOPIC,IMO9737072,V7TR4,70,1,,,,,A
367821000,2020-08-19T08:06:17,36.97282,-76.43367,0.0,0.0,511.0,YANO,IMO7825409,NAQH,70,0,276,32,13.0,70,A
477196100,2020-08-19T08:03:43,37.19468,-76.13302,0.1,219.1,336.0,DARYA MA,IMO9591674,VRJH5,70,1,229,32,14.5,,A
368026000,2020-08-19T08:06:21,36.86577,-76.31606,0.0,19.1,2.0,BENAVIDEZ,IMO9218210,NBHG,70,5,289,32,10.9,70,A
367932000,2020-08-19T08:05:17,36.94921,-76.32967,0.0,107.0,279.0,JOHN LENTHALL,IMO8325547,NJLN,80,5,193,29,,,A
305855000,2020-08-19T08:11:47,36.86429,-76.31477,0.0,167.0,226.0,BBC PEARL,IMO9504786,V2FY8,70,5,153,23,9.1,70,A
367822000,2020-08-19T08:11:55,36.97313,-76.43382,0.0,0.0,238.0,USNS SHUGHART,IMO7825394,NAOQ,70,5,276,32,13.0,70,A
367078110,2020-08-19T08:11:12,36.83854,-76.28199,0.0,94.0,511.0,MARCELLE BORDELON,IMO9350379,WDJ2038,79,3,45,11,3.0,79,A
215677000,2020-08-19T08:11:57,37.23496,-76.11647,0.2,270.3,342.0,RIZE,IMO9584035,9HA2781,70,1,229,32,14.5,,A
367932000,2020-08-19T08:08:16,36.94917,-76.32969,0.0,107.0,279.0,JOHN LENTHALL,IMO8325547,NJLN,80,5,193,29,,,A
367822000,2020-08-19T08:14:55,36.97313,-76.43382,0.0,0.0,238.0,USNS SHUGHART,IMO7825394,NAOQ,70,5,276,32,13.0,70,A
538006982,2020-08-19T08:20:53,37.20424,-76.12215,0.0,185.3,343.0,ANTE TOPIC,IMO9737072,V7TR4,70,1,,,,,A
368026000,2020-08-19T08:18:21,36.86575,-76.31603,0.0,19.1,2.0,BENAVIDEZ,IMO9218210,NBHG,70,5,289,32,10.9,70,A
367078110,2020-08-19T08:20:22,36.83854,-76.28199,0.0,240.0,511.0,MARCELLE BORDELON,IMO9350379,WDJ2038,79,3,45,11,3.0,79,A
367821000,2020-08-19T08:20:08,36.97282,-76.43367,0.0,0.0,511.0,YANO,IMO7825409,NAQH,70,0,276,32,13.0,70,A
305855000,2020-08-19T08:23:47,36.86430,-76.31475,0.0,89.9,226.0,BBC PEARL,IMO9504786,V2FY8,70,5,153,23,9.1,70,A
477196100,2020-08-19T08:24:44,37.19457,-76.13322,0.0,219.1,345.0,DARYA MA,IMO9591674,VRJH5,70,1,229,32,14.5,,A
367078110,2020-08-19T08:26:33,36.83854,-76.28199,0.0,36.0,511.0,MARCELLE BORDELON,IMO9350379,WDJ2038,79,3,45,11,3.0,79,A
538006982,2020-08-19T08:26:53,37.20420,-76.12223,0.0,203.5,347.0,ANTE TOPIC,IMO9737072,V7TR4,70,1,,,,,A
366839000,2020-08-19T08:28:04,36.85347,-76.31087,0.0,0.0,39.0,CAPE RISE,IMO7530808,KAFG,70,5,197,32,10.0,,A
367078110,2020-08-19T08:32:53,36.83855,-76.28198,0.0,179.0,511.0,MARCELLE BORDELON,IMO9350379,WDJ2038,79,3,45,11,3.0,79,A
215677000,2020-08-19T08:38:57,37.23490,-76.11669,0.1,75.6,349.0,RIZE,IMO9584035,9HA2781,70,1,229,32,14.5,,A
367861000,2020-08-19T08:39:00,36.94635,-76.32978,0.0,0.0,265.0,LARAMIE,IMO8906626,NLAR,80,5,193,29,,,A
367078110,2020-08-19T08:46:23,36.83855,-76.28198,0.0,56.0,511.0,MARCELLE BORDELON,IMO9350379,WDJ2038,79,3,45,11,3.0,79,A
367822000,2020-08-19T08:44:56,36.97312,-76.43384,0.0,0.0,238.0,USNS SHUGHART,IMO7825394,NAOQ,70,5,276,32,13.0,70,A
538002652,2020-08-19T08:44:29,37.17910,-76.10903,0.1,264.0,337.0,NAIAS,IMO9330800,V7KN8,70,1,225,32,14.0,70,A
367822000,2020-08-19T08:50:56,36.97312,-76.43384,0.0,0.0,238.0,USNS SHUGHART,IMO7825394,NAOQ,70,5,276,32,13.0,70,A
367078110,2020-08-19T08:50:43,36.83854,-76.28198,0.0,5.0,511.0,MARCELLE BORDELON,IMO9350379,WDJ2038,79,3,45,11,3.0,79,A
367078110,2020-08-19T08:52:03,36.83854,-76.28198,0.0,136.0,511.0,MARCELLE BORDELON,IMO9350379,WDJ2038,79,3,45,11,3.0,79,A
368026000,2020-08-19T08:48:21,36.86577,-76.31606,0.0,19.1,2.0,BENAVIDEZ,IMO9218210,NBHG,70,5,289,32,10.9,70,A
366839000,2020-08-19T08:52:04,36.85350,-76.31081,0.0,0.0,39.0,CAPE RISE,IMO7530808,KAFG,70,5,197,32,10.0,,A
367821000,2020-08-19T08:55:38,36.97283,-76.43368,0.0,0.0,511.0,YANO,IMO7825409,NAQH,70,0,276,32,13.0,70,A
477196100,2020-08-19T08:57:48,37.19445,-76.13376,0.1,258.5,358.0,DARYA MA,IMO9591674,VRJH5,70,1,229,32,14.5,,A
367932000,2020-08-19T08:47:17,36.94914,-76.32971,0.0,107.0,279.0,JOHN LENTHALL,IMO8325547,NJLN,80,5,193,29,,,A
367078110,2020-08-19T08:57:33,36.83854,-76.28198,0.0,154.0,511.0,MARCELLE BORDELON,IMO9350379,WDJ2038,79,3,45,11,3.0,79,A
367932000,2020-08-19T08:53:17,36.94918,-76.32969,0.0,107.0,279.0,JOHN LENTHALL,IMO8325547,NJLN,80,5,193,29,,,A
366839000,2020-08-19T08:58:04,36.85347,-76.31083,0.0,0.0,39.0,CAPE RISE,IMO7530808,KAFG,70,5,197,32,10.0,,A
367932000,2020-08-19T08:59:17,36.94920,-76.32968,0.0,107.0,279.0,JOHN LENTHALL,IMO8325547,NJLN,80,5,193,29,,,A
367821000,2020-08-19T09:03:38,36.97283,-76.43366,0.0,0.0,511.0,YANO,IMO7825409,NAQH,70,0,276,32,13.0,70,A
538006982,2020-08-19T09:05:53,37.20414,-76.12254,0.0,255.2,355.0,ANTE TOPIC,IMO9737072,V7TR4,70,1,,,,,A
367861000,2020-08-19T09:02:59,36.94638,-76.32979,0.0,0.0,265.0,LARAMIE,IMO8906626,NLAR,80,5,193,29,,,A
538006982,2020-08-19T09:08:53,37.20413,-76.12255,0.0,255.2,356.0,ANTE TOPIC,IMO9737072,V7TR4,70,1,,,,,A
367821000,2020-08-19T09:09:38,36.97282,-76.43365,0.0,0.0,511.0,YANO,IMO7825409,NAQH,70,0,276,32,13.0,70,A
367932000,2020-08-19T09:02:17,36.94921,-76.32965,0.0,107.0,279.0,JOHN LENTHALL,IMO8325547,NJLN,80,5,193,29,,,A
367821000,2020-08-19T09:16:48,36.97283,-76.43366,0.0,0.0,511.0,YANO,IMO7825409,NAQH,70,0,276,32,13.0,70,A
367932000,2020-08-19T09:11:16,36.94921,-76.32970,0.0,107.0,279.0,JOHN LENTHALL,IMO8325547,NJLN,80,5,193,29,,,A
367821000,2020-08-19T09:17:57,36.97283,-76.43366,0.0,0.0,511.0,YANO,IMO7825409,NAQH,70,0,276,32,13.0,70,A
477196100,2020-08-19T09:21:45,37.19447,-76.13382,0.0,258.5,1.0,DARYA MA,IMO9591674,VRJH5,70,1,229,32,14.5,,A
367861000,2020-08-19T09:24:00,36.94639,-76.32982,0.0,0.0,265.0,LARAMIE,IMO8906626,NLAR,80,5,193,29,,,A
366839000,2020-08-19T09:24:58,36.85350,-76.31082,0.0,0.0,39.0,CAPE RISE,IMO7530808,KAFG,70,5,197,32,10.0,,A
367861000,2020-08-19T09:30:01,36.94637,-76.32977,0.0,0.0,265.0,LARAMIE,IMO8906626,NLAR,80,5,193,29,,,A
538006982,2020-08-19T09:38:53,37.20397,-76.12268,0.0,53.5,359.0,ANTE TOPIC,IMO9737072,V7TR4,70,1,,,,,A
367822000,2020-08-19T09:41:54,36.97311,-76.43384,0.0,0.0,238.0,USNS SHUGHART,IMO7825394,NAOQ,70,5,276,32,13.0,70,A
477196100,2020-08-19T09:42:46,37.19448,-76.13392,0.0,258.5,3.0,DARYA MA,IMO9591674,VRJH5,70,1,229,32,14.5,,A
367861000,2020-08-19T09:45:01,36.94640,-76.32979,0.0,0.0,265.0,LARAMIE,IMO8906626,NLAR,80,5,193,29,,,A
367821000,2020-08-19T09:50:17,36.97287,-76.43360,0.0,0.0,511.0,YANO,IMO7825409,NAQH,70,0,276,32,13.0,70,A
215677000,2020-08-19T09:45:00,37.23490,-76.11676,0.1,75.6,356.0,RIZE,IMO9584035,9HA2781,70,1,229,32,14.5,,A
538002652,2020-08-19T09:53:30,37.17900,-76.10985,0.1,290.0,0.0,NAIAS,IMO9330800,V7KN8,70,1,225,32,14.0,70,A
477196100,2020-08-19T09:54:45,37.19447,-76.13393,0.0,258.5,3.0,DARYA MA,IMO9591674,VRJH5,70,1,229,32,14.5,,A
367078110,2020-08-19T09:57:13,36.83854,-76.28199,0.0,285.0,511.0,MARCELLE BORDELON,IMO9350379,WDJ2038,79,3,45,11,3.0,79,A
215677000,2020-08-19T09:59:56,37.23492,-76.11676,0.1,75.6,357.0,RIZE,IMO9584035,9HA2781,70,1,229,32,14.5,,A
367822000,2020-08-19T10:02:55,36.97313,-76.43384,0.0,0.0,238.0,USNS SHUGHART,IMO7825394,NAOQ,70,5,276,32,13.0,70,A
367078110,2020-08-19T10:03:22,36.83854,-76.28198,0.0,159.0,511.0,MARCELLE BORDELON,IMO9350379,WDJ2038,79,3,45,11,3.0,79,A
215677000,2020-08-19T10:08:55,37.23490,-76.11690,0.1,75.6,355.0,RIZE,IMO9584035,9HA2781,70,1,229,32,14.5,,A
367821000,2020-08-19T10:08:17,36.97285,-76.43365,0.0,0.0,511.0,YANO,IMO7825409,NAQH,70,0,276,32,13.0,70,A
366839000,2020-08-19T10:06:59,36.85348,-76.31082,0.0,0.0,40.0,CAPE RISE,IMO7530808,KAFG,70,5,197,32,10.0,,A
367821000,2020-08-19T10:13:18,36.97285,-76.43365,0.0,0.0,511.0,YANO,IMO7825409,NAQH,70,0,276,32,13.0,70,A
367821000,2020-08-19T10:15:57,36.97285,-76.43366,0.0,0.0,511.0,YANO,IMO7825409,NAQH,70,0,276,32,13.0,70,A
305855000,2020-08-19T10:14:49,36.86426,-76.31476,0.0,206.8,226.0,BBC PEARL,IMO9504786,V2FY8,70,5,153,23,9.1,70,A
538002652,2020-08-19T10:17:31,37.17910,-76.11040,0.0,268.0,13.0,NAIAS,IMO9330800,V7KN8,70,1,225,32,14.0,70,A
367078110,2020-08-19T10:18:43,36.83854,-76.28198,0.0,142.0,511.0,MARCELLE BORDELON,IMO9350379,WDJ2038,79,3,45,11,3.0,79,A
367932000,2020-08-19T10:14:16,36.94914,-76.32967,0.0,107.0,279.0,JOHN LENTHALL,IMO8325547,NJLN,80,5,193,29,,,A
367821000,2020-08-19T10:22:08,36.97284,-76.43365,0.0,0.0,511.0,YANO,IMO7825409,NAQH,70,0,276,32,13.0,70,A
215677000,2020-08-19T10:20:59,37.23499,-76.11741,0.1,279.7,1.0,RIZE,IMO9584035,9HA2781,70,1,229,32,14.5,,A
305855000,2020-08-19T10:23:47,36.86429,-76.31477,0.0,197.7,226.0,BBC PEARL,IMO9504786,V2FY8,70,5,153,23,9.1,70,A
366839000,2020-08-19T10:24:55,36.85352,-76.31085,0.0,0.0,40.0,CAPE RISE,IMO7530808,KAFG,70,5,197,32,10.0,,A
367078110,2020-08-19T10:27:03,36.83854,-76.28197,0.0,159.0,511.0,MARCELLE BORDELON,IMO9350379,WDJ2038,79,3,45,11,3.0,79,A
367821000,2020-08-19T10:28:47,36.97285,-76.43365,0.0,0.0,511.0,YANO,IMO7825409,NAQH,70,0,276,32,13.0,70,A
367821000,2020-08-19T10:39:18,36.97285,-76.43366,0.0,0.0,511.0,YANO,IMO7825409,NAQH,70,0,276,32,13.0,70,A
367822000,2020-08-19T10:35:55,36.97314,-76.43385,0.0,0.0,238.0,USNS SHUGHART,IMO7825394,NAOQ,70,5,276,32,13.0,70,A
367078110,2020-08-19T10:37:24,36.83855,-76.28198,0.0,165.0,511.0,MARCELLE BORDELON,IMO9350379,WDJ2038,79,3,45,11,3.0,79,A
367078110,2020-08-19T10:39:12,36.83855,-76.28198,0.0,266.0,511.0,MARCELLE BORDELON,IMO9350379,WDJ2038,79,3,45,11,3.0,79,A
538002652,2020-08-19T10:41:29,37.17913,-76.11048,0.0,266.0,23.0,NAIAS,IMO9330800,V7KN8,70,1,225,32,14.0,70,A
367078110,2020-08-19T10:40:24,36.83855,-76.28197,0.0,169.0,511.0,MARCELLE BORDELON,IMO9350379,WDJ2038,79,3,45,11,3.0,79,A
367821000,2020-08-19T10:41:28,36.97284,-76.43364,0.0,0.0,511.0,YANO,IMO7825409,NAQH,70,0,276,32,13.0,70,A
367821000,2020-08-19T10:45:08,36.97286,-76.43365,0.0,0.0,511.0,YANO,IMO7825409,NAQH,70,0,276,32,13.0,70,A
366839000,2020-08-19T10:39:57,36.85350,-76.31083,0.0,0.0,39.0,CAPE RISE,IMO7530808,KAFG,70,5,197,32,10.0,,A
538002652,2020-08-19T10:44:30,37.17913,-76.11052,0.0,266.0,24.0,NAIAS,IMO9330800,V7KN8,70,1,225,32,14.0,70,A
367078110,2020-08-19T10:42:43,36.83854,-76.28198,0.0,29.0,511.0,MARCELLE BORDELON,IMO9350379,WDJ2038,79,3,45,11,3.0,79,A
367078110,2020-08-19T10:50:53,36.83854,-76.28198,0.0,156.0,511.0,MARCELLE BORDELON,IMO9350379,WDJ2038,79,3,45,11,3.0,79,A
538002652,2020-08-19T10:56:28,37.17928,-76.11070,0.0,266.0,32.0,NAIAS,IMO9330800,V7KN8,70,1,225,32,14.0,70,A
367861000,2020-08-19T11:00:01,36.94640,-76.32973,0.0,0.0,265.0,LARAMIE,IMO8906626,NLAR,80,5,193,29,,,A
367861000,2020-08-19T11:03:00,36.94639,-76.32980,0.0,0.0,265.0,LARAMIE,IMO8906626,NLAR,80,5,193,29,,,A
367078110,2020-08-19T11:01:12,36.83855,-76.28198,0.0,185.0,511.0,MARCELLE BORDELON,IMO9350379,WDJ2038,79,3,45,11,3.0,79,A
367078110,2020-08-19T11:03:33,36.83855,-76.28198,0.0,341.0,511.0,MARCELLE BORDELON,IMO9350379,WDJ2038,79,3,45,11,3.0,79,A
367078110,2020-08-19T11:04:43,36.83855,-76.28198,0.0,224.0,511.0,MARCELLE BORDELON,IMO9350379,WDJ2038,79,3,45,11,3.0,79,A
367822000,2020-08-19T11:05:55,36.97314,-76.43382,0.0,0.0,238.0,USNS SHUGHART,IMO7825394,NAOQ,70,5,276,32,13.0,70,A
367078110,2020-08-19T11:07:02,36.83854,-76.28197,0.0,61.0,511.0,MARCELLE BORDELON,IMO9350379,WDJ2038,79,3,45,11,3.0,79,A
305855000,2020-08-19T11:08:49,36.86427,-76.31477,0.0,142.3,226.0,BBC PEARL,IMO9504786,V2FY8,70,5,153,23,9.1,70,A
538002652,2020-08-19T11:08:31,37.17950,-76.11097,0.1,303.0,43.0,NAIAS,IMO9330800,V7KN8,70,1,225,32,14.0,70,A
538002652,2020-08-19T11:11:30,37.17957,-76.11107,0.1,300.0,46.0,NAIAS,IMO9330800,V7KN8,70,1,225,32,14.0,70,A
368026000,2020-08-19T11:15:21,36.86576,-76.31602,0.0,19.1,2.0,BENAVIDEZ,IMO9218210,NBHG,70,5,289,32,10.9,70,A
367861000,2020-08-19T11:18:00,36.94635,-76.32977,0.0,0.0,265.0,LARAMIE,IMO8906626,NLAR,80,5,193,29,,,A
367821000,2020-08-19T11:18:18,36.97286,-76.43363,0.0,0.0,511.0,YANO,IMO7825409,NAQH,70,0,276,32,13.0,70,A
367932000,2020-08-19T11:14:16,36.94919,-76.32962,0.0,107.0,279.0,JOHN LENTHALL,IMO8325547,NJLN,80,5,193,29,,,A
215677000,2020-08-19T11:20:55,37.23516,-76.11795,0.1,279.7,16.0,RIZE,IMO9584035,9HA2781,70,1,229,32,14.5,,A
367078110,2020-08-19T11:26:33,36.83855,-76.28198,0.0,253.0,511.0,MARCELLE BORDELON,IMO9350379,WDJ2038,79,3,45,11,3.0,79,A
367078110,2020-08-19T11:29:03,36.83855,-76.28198,0.0,224.0,511.0,MARCELLE BORDELON,IMO9350379,WDJ2038,79,3,45,11,3.0,79,A
367932000,2020-08-19T11:23:16,36.94920,-76.32964,0.0,107.0,279.0,JOHN LENTHALL,IMO8325547,NJLN,80,5,193,29,,,A
366839000,2020-08-19T11:27:59,36.85347,-76.31081,0.0,0.0,39.0,CAPE RISE,IMO7530808,KAFG,70,5,197,32,10.0,,A
538006982,2020-08-19T11:32:53,37.20432,-76.12369,0.1,323.9,35.0,ANTE TOPIC,IMO9737072,V7TR4,70,1,,,,,A
538006982,2020-08-19T11:35:53,37.20439,-76.12374,0.1,347.0,38.0,ANTE TOPIC,IMO9737072,V7TR4,70,1,,,,,A
215677000,2020-08-19T11:35:59,37.23541,-76.11845,0.1,295.0,32.0,RIZE,IMO9584035,9HA2781,70,1,229,32,14.5,,A
477196100,2020-08-19T11:36:47,37.19521,-76.13527,0.2,321.4,49.0,DARYA MA,IMO9591674,VRJH5,70,1,229,32,14.5,,A
367078110,2020-08-19T11:41:23,36.83854,-76.28198,0.0,359.0,511.0,MARCELLE BORDELON,IMO9350379,WDJ2038,79,3,45,11,3.0,79,A
367078110,2020-08-19T11:42:34,36.83854,-76.28198,0.0,322.0,511.0,MARCELLE BORDELON,IMO9350379,WDJ2038,79,3,45,11,3.0,79,A
538006982,2020-08-19T11:44:53,37.20476,-76.12410,0.2,322.9,58.0,ANTE TOPIC,IMO9737072,V7TR4,70,1,,,,,A
366733250,2020-08-19T11:47:12,37.24080,-76.38877,7.5,87.1,511.0,ATLANTIC SURVEYOR,,WTR5417,70,15,31,7,,,A
477196100,2020-08-19T11:51:42,37.19584,-76.13577,0.2,335.1,76.0,DARYA MA,IMO9591674,VRJH5,70,1,229,32,14.5,,A
367359930,2020-08-19T11:52:42,36.82404,-76.28907,0.0,2.8,511.0,SUNNY WILLIAMS,,WDE4940,80,0,25,8,,80,A
367359930,2020-08-19T11:56:32,36.82404,-76.28905,0.0,2.8,511.0,SUNNY WILLIAMS,,WDE4940,80,0,25,8,,80,A
366839000,2020-08-19T11:54:58,36.85349,-76.31081,0.0,0.0,39.0,CAPE RISE,IMO7530808,KAFG,70,5,197,32,10.0,,A
367861000,2020-08-19T11:54:00,36.94638,-76.32980,0.0,0.0,265.0,LARAMIE,IMO8906626,NLAR,80,5,193,29,,,A
367359930,2020-08-19T12:00:01,36.82405,-76.28907,0.1,2.8,511.0,SUNNY WILLIAMS,,WDE4940,80,0,25,8,,80,A
367822000,2020-08-19T11:59:56,36.97312,-76.43384,0.0,0.0,238.0,USNS SHUGHART,IMO7825394,NAOQ,70,5,276,32,13.0,70,A
367821000,2020-08-19T12:00:07,36.97284,-76.43365,0.0,0.0,511.0,YANO,IMO7825409,NAQH,70,0,276,32,13.0,70,A
368026000,2020-08-19T12:06:21,36.86576,-76.31603,0.0,19.1,2.0,BENAVIDEZ,IMO9218210,NBHG,70,5,289,32,10.9,70,A
367932000,2020-08-19T12:02:16,36.94911,-76.32964,0.0,107.0,279.0,JOHN LENTHALL,IMO8325547,NJLN,80,5,193,29,,,A
305855000,2020-08-19T12:11:46,36.86424,-76.31476,0.0,72.3,226.0,BBC PEARL,IMO9504786,V2FY8,70,5,153,23,9.1,70,A
367821000,2020-08-19T12:11:07,36.97284,-76.43365,0.0,0.0,511.0,YANO,IMO7825409,NAQH,70,0,276,32,13.0,70,A
367078110,2020-08-19T12:13:33,36.83854,-76.28198,0.0,42.0,511.0,MARCELLE BORDELON,IMO9350379,WDJ2038,79,3,45,11,3.0,79,A
215677000,2020-08-19T12:15:01,37.23631,-76.11885,0.1,337.2,72.0,RIZE,IMO9584035,9HA2781,70,1,229,32,14.5,,A
367821000,2020-08-19T12:17:07,36.97284,-76.43364,0.0,0.0,511.0,YANO,IMO7825409,NAQH,70,0,276,32,13.0,70,A
538002652,2020-08-19T12:17:29,37.18245,-76.11113,0.1,58.0,147.0,NAIAS,IMO9330800,V7KN8,70,1,225,32,14.0,70,A
305855000,2020-08-19T12:17:46,36.86431,-76.31477,0.0,65.1,226.0,BBC PEARL,IMO9504786,V2FY8,70,5,153,23,9.1,70,A
367078110,2020-08-19T12:20:43,36.83854,-76.28199,0.0,313.0,511.0,MARCELLE BORDELON,IMO9350379,WDJ2038,79,3,45,11,3.0,79,A
367821000,2020-08-19T12:19:28,36.97284,-76.43364,0.0,0.0,511.0,YANO,IMO7825409,NAQH,70,0,276,32,13.0,70,A
366733250,2020-08-19T12:23:31,37.21873,-76.30051,7.2,129.2,511.0,ATLANTIC SURVEYOR,,WTR5417,70,15,31,7,,,A
367861000,2020-08-19T12:27:00,36.94641,-76.32981,0.0,0.0,265.0,LARAMIE,IMO8906626,NLAR,80,5,193,29,,,A
367822000,2020-08-19T12:29:55,36.97312,-76.43383,0.0,0.0,238.0,USNS SHUGHART,IMO7825394,NAOQ,70,5,276,32,13.0,70,A
367821000,2020-08-19T12:34:27,36.97283,-76.43364,0.0,0.0,511.0,YANO,IMO7825409,NAQH,70,0,276,32,13.0,70,A
367821000,2020-08-19T12:37:08,36.97283,-76.43364,0.0,0.0,511.0,YANO,IMO7825409,NAQH,70,0,276,32,13.0,70,A
305855000,2020-08-19T12:35:46,36.86430,-76.31476,0.0,38.1,226.0,BBC PEARL,IMO9504786,V2FY8,70,5,153,23,9.1,70,A
477196100,2020-08-19T12:39:45,37.19773,-76.13521,0.1,47.8,137.0,DARYA MA,IMO9591674,VRJH5,70,1,229,32,14.5,,A
367359930,2020-08-19T12:43:01,36.82404,-76.28907,0.0,2.8,511.0,SUNNY WILLIAMS,,WDE4940,80,0,25,8,,80,A
367078110,2020-08-19T12:44:12,36.83855,-76.28199,0.0,16.0,511.0,MARCELLE BORDELON,IMO9350379,WDJ2038,79,3,45,11,3.0,79,A
366733250,2020-08-19T12:45:11,37.19073,-76.25701,7.4,131.4,511.0,ATLANTIC SURVEYOR,,WTR5417,70,15,31,7,,,A
366733250,2020-08-19T12:46:22,37.18910,-76.25464,7.4,130.5,511.0,ATLANTIC SURVEYOR,,WTR5417,70,15,31,7,,,A
366839000,2020-08-19T12:46:01,36.85352,-76.31085,0.0,0.0,39.0,CAPE RISE,IMO7530808,KAFG,70,5,197,32,10.0,,A
215677000,2020-08-19T12:48:01,37.23788,-76.11897,0.2,20.3,115.0,RIZE,IMO9584035,9HA2781,70,1,229,32,14.5,,A
367821000,2020-08-19T12:49:38,36.97286,-76.43362,0.0,0.0,511.0,YANO,IMO7825409,NAQH,70,0,276,32,13.0,70,A
477196100,2020-08-19T12:48:47,37.19791,-76.13503,0.0,18.4,146.0,DARYA MA,IMO9591674,VRJH5,70,1,229,32,14.5,,A
538006982,2020-08-19T12:47:53,37.20664,-76.12436,0.2,52.4,129.0,ANTE TOPIC,IMO9737072,V7TR4,70,1,,,,,A
367821000,2020-08-19T12:54:37,36.97285,-76.43363,0.0,0.0,511.0,YANO,IMO7825409,NAQH,70,0,276,32,13.0,70,A
215677000,2020-08-19T12:51:01,37.23806,-76.11885,0.3,23.3,120.0,RIZE,IMO9584035,9HA2781,70,1,229,32,14.5,,A
367932000,2020-08-19T12:47:17,36.94917,-76.32958,0.0,107.0,279.0,JOHN LENTHALL,IMO8325547,NJLN,80,5,193,29,,,A
366733250,2020-08-19T12:57:42,37.17361,-76.23256,7.4,132.3,511.0,ATLANTIC SURVEYOR,,WTR5417,70,15,31,7,,,A
366733250,2020-08-19T12:59:02,37.17175,-76.22999,7.4,131.6,511.0,ATLANTIC SURVEYOR,,WTR5417,70,15,31,7,,,A
367359930,2020-08-19T12:53:31,36.82405,-76.28907,0.0,2.8,511.0,SUNNY WILLIAMS,,WDE4940,80,0,25,8,,80,A
367078110,2020-08-19T12:58:12,36.83855,-76.28198,0.0,299.0,511.0,MARCELLE BORDELON,IMO9350379,WDJ2038,79,3,45,11,3.0,79,A
366839000,2020-08-19T12:54:58,36.85350,-76.31083,0.0,0.0,39.0,CAPE RISE,IMO7530808,KAFG,70,5,197,32,10.0,,A
305855000,2020-08-19T12:59:47,36.86428,-76.31475,0.0,174.9,226.0,BBC PEARL,IMO9504786,V2FY8,70,5,153,23,9.1,70,A
215677000,2020-08-19T12:57:00,37.23842,-76.11859,0.2,27.8,133.0,RIZE,IMO9584035,9HA2781,70,1,229,32,14.5,,A
367078110,2020-08-19T12:59:23,36.83855,-76.28198,0.0,329.0,511.0,MARCELLE BORDELON,IMO9350379,WDJ2038,79,3,45,11,3.0,79,A
477196100,2020-08-19T13:00:44,37.19798,-76.13490,0.0,18.4,151.0,DARYA MA,IMO9591674,VRJH5,70,1,229,32,14.5,,A
367359930,2020-08-19T13:00:01,36.82407,-76.28906,0.0,2.8,511.0,SUNNY WILLIAMS,,WDE4940,80,0,25,8,,80,A
367359930,2020-08-19T13:01:11,36.82406,-76.28908,0.0,2.8,511.0,SUNNY WILLIAMS,,WDE4940,80,0,25,8,,80,A
366733250,2020-08-19T13:00:02,37.17050,-76.22795,7.3,127.3,511.0,ATLANTIC SURVEYOR,,WTR5417,70,15,31,7,,,A
367078110,2020-08-19T13:05:03,36.83855,-76.28198,0.0,227.0,511.0,MARCELLE BORDELON,IMO9350379,WDJ2038,79,3,45,11,3.0,79,A
477196100,2020-08-19T13:06:44,37.19800,-76.13486,0.1,18.4,152.0,DARYA MA,IMO9591674,VRJH5,70,1,229,32,14.5,,A
367932000,2020-08-19T13:05:17,36.94921,-76.32962,0.0,107.0,279.0,JOHN LENTHALL,IMO8325547,NJLN,80,5,193,29,,,A
367078110,2020-08-19T13:09:43,36.83855,-76.28197,0.0,353.0,511.0,MARCELLE BORDELON,IMO9350379,WDJ2038,79,3,45,11,3.0,79,A
538006982,2020-08-19T13:08:53,37.20718,-76.12346,0.1,75.3,164.0,ANTE TOPIC,IMO9737072,V7TR4,70,1,,,,,A
477196100,2020-08-19T13:12:46,37.19805,-76.13478,0.0,18.4,154.0,DARYA MA,IMO9591674,VRJH5,70,1,229,32,14.5,,A
367078110,2020-08-19T13:12:03,36.83855,-76.28198,0.0,86.0,511.0,MARCELLE BORDELON,IMO9350379,WDJ2038,79,3,45,11,3.0,79,A
367821000,2020-08-19T13:13:07,36.97283,-76.43367,0.0,0.0,511.0,YANO,IMO7825409,NAQH,70,0,276,32,13.0,70,A
367821000,2020-08-19T13:14:37,36.97283,-76.43366,0.0,0.0,511.0,YANO,IMO7825409,NAQH,70,0,276,32,13.0,70,A
538002652,2020-08-19T13:14:31,37.18290,-76.11043,0.0,56.0,171.0,NAIAS,IMO9330800,V7KN8,70,1,225,32,14.0,70,A
367861000,2020-08-19T13:15:01,36.94635,-76.32977,0.0,0.0,265.0,LARAMIE,IMO8906626,NLAR,80,5,193,29,,,A
367359930,2020-08-19T13:14:41,36.82406,-76.28907,0.0,2.8,511.0,SUNNY WILLIAMS,,WDE4940,80,0,25,8,,80,A
305855000,2020-08-19T13:17:49,36.86426,-76.31476,0.0,125.9,227.0,BBC PEARL,IMO9504786,V2FY8,70,5,153,23,9.1,70,A
366733250,2020-08-19T13:15:41,37.17534,-76.18985,7.7,44.0,511.0,ATLANTIC SURVEYOR,,WTR5417,70,15,31,7,,,A
366733250,2020-08-19T13:16:53,37.17740,-76.18785,8.0,36.7,511.0,ATLANTIC SURVEYOR,,WTR5417,70,15,31,7,,,A
366733250,2020-08-19T13:18:02,37.17948,-76.18587,8.1,37.2,511.0,ATLANTIC SURVEYOR,,WTR5417,70,15,31,7,,,A
366839000,2020-08-19T13:15:56,36.85350,-76.31082,0.0,0.0,39.0,CAPE RISE,IMO7530808,KAFG,70,5,197,32,10.0,,A
368026000,2020-08-19T13:18:21,36.86576,-76.31605,0.1,19.1,2.0,BENAVIDEZ,IMO9218210,NBHG,70,5,289,32,10.9,70,A
215677000,2020-08-19T13:20:59,37.23864,-76.11823,0.1,37.8,151.0,RIZE,IMO9584035,9HA2781,70,1,229,32,14.5,,A
367932000,2020-08-19T13:14:18,36.94913,-76.32970,0.0,107.0,279.0,JOHN LENTHALL,IMO8325547,NJLN,80,5,193,29,,,A
367822000,2020-08-19T13:20:55,36.97312,-76.43384,0.0,0.0,238.0,USNS SHUGHART,IMO7825394,NAOQ,70,5,276,32,13.0,70,A
367359930,2020-08-19T13:22:00,36.82408,-76.28908,0.0,2.8,511.0,SUNNY WILLIAMS,,WDE4940,80,0,25,8,,80,A
366839000,2020-08-19T13:24:56,36.85352,-76.31080,0.0,0.0,39.0,CAPE RISE,IMO7530808,KAFG,70,5,197,32,10.0,,A
366839000,2020-08-19T13:28:01,36.85350,-76.31082,0.0,0.0,39.0,CAPE RISE,IMO7530808,KAFG,70,5,197,32,10.0,,A
367078110,2020-08-19T13:29:02,36.83857,-76.28195,0.0,345.0,511.0,MARCELLE BORDELON,IMO9350379,WDJ2038,79,3,45,11,3.0,79,A
367078110,2020-08-19T13:30:23,36.83855,-76.28197,0.0,324.0,511.0,MARCELLE BORDELON,IMO9350379,WDJ2038,79,3,45,11,3.0,79,A
367359930,2020-08-19T13:32:31,36.82405,-76.28906,0.0,2.8,511.0,SUNNY WILLIAMS,,WDE4940,80,0,25,8,,80,A
538002652,2020-08-19T13:29:29,37.18293,-76.11052,0.0,56.0,167.0,NAIAS,IMO9330800,V7KN8,70,1,225,32,14.0,70,A
215677000,2020-08-19T13:30:03,37.23872,-76.11843,0.1,37.8,143.0,RIZE,IMO9584035,9HA2781,70,1,229,32,14.5,,A
477196100,2020-08-19T13:36:43,37.19821,-76.13435,0.1,18.4,171.0,DARYA MA,IMO9591674,VRJH5,70,1,229,32,14.5,,A
538006982,2020-08-19T13:41:53,37.20727,-76.12288,0.0,113.5,187.0,ANTE TOPIC,IMO9737072,V7TR4,70,1,,,,,A
477196100,2020-08-19T13:42:47,37.19825,-76.13442,0.1,18.4,170.0,DARYA MA,IMO9591674,VRJH5,70,1,229,32,14.5,,A
368026000,2020-08-19T13:42:21,36.86578,-76.31605,0.1,19.1,2.0,BENAVIDEZ,IMO9218210,NBHG,70,5,289,32,10.9,70,A
367861000,2020-08-19T13:42:00,36.94642,-76.32984,0.0,0.0,265.0,LARAMIE,IMO8906626,NLAR,80,5,193,29,,,A
305855000,2020-08-19T13:44:49,36.86429,-76.31478,0.0,119.8,227.0,BBC PEARL,IMO9504786,V2FY8,70,5,153,23,9.1,70,A
367821000,2020-08-19T13:51:07,36.97282,-76.43369,0.0,0.0,511.0,YANO,IMO7825409,NAQH,70,0,276,32,13.0,70,A
367932000,2020-08-19T13:41:16,36.94919,-76.32962,0.0,107.0,279.0,JOHN LENTHALL,IMO8325547,NJLN,80,5,193,29,,,A
477196100,2020-08-19T13:51:49,37.19828,-76.13436,0.0,18.4,171.0,DARYA MA,IMO9591674,VRJH5,70,1,229,32,14.5,,A
366733250,2020-08-19T13:54:21,37.24906,-76.13047,8.1,35.8,511.0,ATLANTIC SURVEYOR,,WTR5417,70,15,31,7,,,A
367359930,2020-08-19T13:53:11,36.82404,-76.28908,0.1,2.8,511.0,SUNNY WILLIAMS,,WDE4940,80,0,25,8,,80,A
211839000,2020-08-19T13:52:35,36.97806,-76.12401,18.9,288.9,288.0,CHICAGO EXPRESS,IMO9295268,DCUJ2,70,0,336,42,14.6,79,A
367861000,2020-08-19T13:54:00,36.94634,-76.32984,0.0,0.0,265.0,LARAMIE,IMO8906626,NLAR,80,5,193,29,,,A
366839000,2020-08-19T13:58:01,36.85350,-76.31078,0.0,0.0,39.0,CAPE RISE,IMO7530808,KAFG,70,5,197,32,10.0,,A
367821000,2020-08-19T13:57:07,36.97283,-76.43367,0.0,0.0,511.0,YANO,IMO7825409,NAQH,70,0,276,32,13.0,70,A
367932000,2020-08-19T13:50:17,36.94915,-76.32965,0.0,107.0,279.0,JOHN LENTHALL,IMO8325547,NJLN,80,5,193,29,,,A
305855000,2020-08-19T13:59:47,36.86426,-76.31476,0.0,155.1,227.0,BBC PEARL,IMO9504786,V2FY8,70,5,153,23,9.1,70,A
366733250,2020-08-19T14:00:02,37.25970,-76.12111,8.1,33.0,511.0,ATLANTIC SURVEYOR,,WTR5417,70,15,31,7,,,A
367932000,2020-08-19T13:56:16,36.94915,-76.32970,0.0,107.0,279.0,JOHN LENTHALL,IMO8325547,NJLN,80,5,193,29,,,A
367821000,2020-08-19T14:01:28,36.97284,-76.43367,0.0,0.0,511.0,YANO,IMO7825409,NAQH,70,0,276,32,13.0,70,A
367078110,2020-08-19T14:00:22,36.83854,-76.28198,0.0,3.0,511.0,MARCELLE BORDELON,IMO9350379,WDJ2038,79,3,45,11,3.0,79,A
367359930,2020-08-19T14:01:11,36.82404,-76.28907,0.0,2.8,511.0,SUNNY WILLIAMS,,WDE4940,80,0,25,8,,80,A
367821000,2020-08-19T14:02:38,36.97285,-76.43366,0.0,0.0,511.0,YANO,IMO7825409,NAQH,70,0,276,32,13.0,70,A
367822000,2020-08-19T14:08:55,36.97312,-76.43380,0.0,0.0,238.0,USNS SHUGHART,IMO7825394,NAOQ,70,5,276,32,13.0,70,A
367932000,2020-08-19T14:02:17,36.94909,-76.32970,0.0,107.0,279.0,JOHN LENTHALL,IMO8325547,NJLN,80,5,193,29,,,A
211839000,2020-08-19T14:10:00,37.00513,-76.22953,18.8,288.3,288.0,CHICAGO EXPRESS,IMO9295268,DCUJ2,70,0,336,42,14.6,79,A
538006982,2020-08-19T14:08:53,37.20739,-76.12294,0.0,113.3,189.0,ANTE TOPIC,IMO9737072,V7TR4,70,1,,,,,A
367078110,2020-08-19T14:12:22,36.83855,-76.28197,0.0,181.0,511.0,MARCELLE BORDELON,IMO9350379,WDJ2038,79,3,45,11,3.0,79,A
367822000,2020-08-19T14:11:55,36.97312,-76.43380,0.0,0.0,238.0,USNS SHUGHART,IMO7825394,NAOQ,70,5,276,32,13.0,70,A
367821000,2020-08-19T14:12:27,36.97285,-76.43366,0.0,0.0,511.0,YANO,IMO7825409,NAQH,70,0,276,32,13.0,70,A
305855000,2020-08-19T14:11:46,36.86427,-76.31475,0.0,232.0,227.0,BBC PEARL,IMO9504786,V2FY8,70,5,153,23,9.1,70,A
366839000,2020-08-19T14:16:05,36.85351,-76.31085,0.0,0.0,39.0,CAPE RISE,IMO7530808,KAFG,70,5,197,32,10.0,,A
367822000,2020-08-19T14:14:56,36.97312,-76.43380,0.0,0.0,238.0,USNS SHUGHART,IMO7825394,NAOQ,70,5,276,32,13.0,70,A
477196100,2020-08-19T14:15:45,37.19827,-76.13412,0.1,18.4,178.0,DARYA MA,IMO9591674,VRJH5,70,1,229,32,14.5,,A
368026000,2020-08-19T14:18:21,36.86577,-76.31602,0.0,270.5,2.0,BENAVIDEZ,IMO9218210,NBHG,70,5,289,32,10.9,70,A
305855000,2020-08-19T14:17:46,36.86430,-76.31478,0.0,147.3,227.0,BBC PEARL,IMO9504786,V2FY8,70,5,153,23,9.1,70,A
215677000,2020-08-19T14:17:56,37.23896,-76.11682,0.1,67.5,192.0,RIZE,IMO9584035,9HA2781,70,1,229,32,14.5,,A
367821000,2020-08-19T14:20:07,36.97284,-76.43366,0.0,0.0,511.0,YANO,IMO7825409,NAQH,70,0,276,32,13.0,70,A
477196100,2020-08-19T14:21:46,37.19822,-76.13377,0.2,102.4,188.0,DARYA MA,IMO9591674,VRJH5,70,1,229,32,14.5,,A
367861000,2020-08-19T14:21:00,36.94638,-76.32979,0.0,0.0,265.0,LARAMIE,IMO8906626,NLAR,80,5,193,29,,,A
477196100,2020-08-19T14:24:49,37.19817,-76.13358,0.2,103.4,196.0,DARYA MA,IMO9591674,VRJH5,70,1,229,32,14.5,,A
211839000,2020-08-19T14:21:48,36.99815,-76.29964,16.0,245.5,247.0,CHICAGO EXPRESS,IMO9295268,DCUJ2,70,0,336,42,14.6,79,A
367078110,2020-08-19T14:23:53,36.83855,-76.28198,0.0,40.0,511.0,MARCELLE BORDELON,IMO9350379,WDJ2038,79,3,45,11,3.0,79,A
215677000,2020-08-19T14:23:59,37.23901,-76.11690,0.2,312.2,198.0,RIZE,IMO9584035,9HA2781,70,1,229,32,14.5,,A
305855000,2020-08-19T14:29:46,36.86428,-76.31476,0.0,304.7,226.0,BBC PEARL,IMO9504786,V2FY8,70,5,153,23,9.1,70,A
211839000,2020-08-19T14:34:32,36.96532,-76.33516,10.5,183.3,185.0,CHICAGO EXPRESS,IMO9295268,DCUJ2,70,0,336,42,14.6,79,A
367078110,2020-08-19T14:32:03,36.83855,-76.28199,0.0,276.0,511.0,MARCELLE BORDELON,IMO9350379,WDJ2038,79,3,45,11,3.0,79,A
367821000,2020-08-19T14:33:28,36.97286,-76.43361,0.0,0.0,511.0,YANO,IMO7825409,NAQH,70,0,276,32,13.0,70,A
367861000,2020-08-19T14:33:01,36.94638,-76.32982,0.0,0.0,265.0,LARAMIE,IMO8906626,NLAR,80,5,193,29,,,A
367822000,2020-08-19T14:32:55,36.97313,-76.43380,0.0,0.0,238.0,USNS SHUGHART,IMO7825394,NAOQ,70,5,276,32,13.0,70,A
367359930,2020-08-19T14:36:52,36.82405,-76.28908,0.0,2.8,511.0,SUNNY WILLIAMS,,WDE4940,80,0,25,8,,80,A
366733250,2020-08-19T14:38:32,37.33772,-76.06687,8.1,24.3,511.0,ATLANTIC SURVEYOR,,WTR5417,70,15,31,7,,,A
367359930,2020-08-19T14:39:11,36.82405,-76.28908,0.0,2.8,511.0,SUNNY WILLIAMS,,WDE4940,80,0,25,8,,80,A
538006982,2020-08-19T14:41:53,37.20745,-76.12267,0.1,233.5,207.0,ANTE TOPIC,IMO9737072,V7TR4,70,1,,,,,A
366839000,2020-08-19T14:43:02,36.85347,-76.31087,0.0,0.0,39.0,CAPE RISE,IMO7530808,KAFG,70,5,197,32,10.0,,A
367821000,2020-08-19T14:41:47,36.97287,-76.43362,0.0,0.0,511.0,YANO,IMO7825409,NAQH,70,0,276,32,13.0,70,A
477196100,2020-08-19T14:42:48,37.19828,-76.13333,0.1,2.1,206.0,DARYA MA,IMO9591674,VRJH5,70,1,229,32,14.5,,A
211839000,2020-08-19T14:45:01,36.93959,-76.33752,7.8,183.0,183.0,CHICAGO EXPRESS,IMO9295268,DCUJ2,70,0,336,42,14.6,79,A
311000188,2020-08-19T14:45:08,37.06296,-76.09061,16.4,321.9,320.0,HERMES LEADER,IMO9690535,C6AX9,70,0,199,35,10.6,,A
477196100,2020-08-19T14:45:50,37.19829,-76.13341,0.1,256.2,205.0,DARYA MA,IMO9591674,VRJH5,70,1,229,32,14.5,,A
538006982,2020-08-19T14:44:53,37.20737,-76.12279,0.1,269.1,206.0,ANTE TOPIC,IMO9737072,V7TR4,70,1,,,,,A
367078110,2020-08-19T14:49:13,36.83854,-76.28198,0.0,180.0,511.0,MARCELLE BORDELON,IMO9350379,WDJ2038,79,3,45,11,3.0,79,A
477196100,2020-08-19T14:51:51,37.19831,-76.13358,0.1,261.2,200.0,DARYA MA,IMO9591674,VRJH5,70,1,229,32,14.5,,A
538002652,2020-08-19T14:47:28,37.18188,-76.10880,0.2,86.0,212.0,NAIAS,IMO9330800,V7KN8,70,1,225,32,14.0,70,A
215677000,2020-08-19T14:48:00,37.23908,-76.11722,0.1,320.5,188.0,RIZE,IMO9584035,9HA2781,70,1,229,32,14.5,,A
367932000,2020-08-19T14:47:18,36.94924,-76.32965,0.0,107.0,279.0,JOHN LENTHALL,IMO8325547,NJLN,80,5,193,29,,,A
367821000,2020-08-19T14:50:57,36.97286,-76.43362,0.0,0.0,511.0,YANO,IMO7825409,NAQH,70,0,276,32,13.0,70,A
477196100,2020-08-19T14:54:46,37.19831,-76.13362,0.0,261.2,199.0,DARYA MA,IMO9591674,VRJH5,70,1,229,32,14.5,,A
367359930,2020-08-19T14:59:41,36.82406,-76.28906,0.0,2.8,511.0,SUNNY WILLIAMS,,WDE4940,80,0,25,8,,80,A
311000188,2020-08-19T14:57:08,37.11060,-76.12482,16.5,330.7,329.0,HERMES LEADER,IMO9690535,C6AX9,70,0,199,35,10.6,,A
311000188,2020-08-19T14:58:13,37.11499,-76.12794,16.4,330.4,328.0,HERMES LEADER,IMO9690535,C6AX9,70,0,199,35,10.6,,A
366839000,2020-08-19T15:01:01,36.85351,-76.31082,0.0,0.0,39.0,CAPE RISE,IMO7530808,KAFG,70,5,197,32,10.0,,A
367359930,2020-08-19T15:01:11,36.82406,-76.28909,0.0,2.8,511.0,SUNNY WILLIAMS,,WDE4940,80,0,25,8,,80,A
211839000,2020-08-19T15:01:04,36.91587,-76.33816,1.3,161.6,230.0,CHICAGO EXPRESS,IMO9295268,DCUJ2,70,0,336,42,14.6,79,A
311000188,2020-08-19T15:01:08,37.12656,-76.13604,16.3,330.7,328.0,HERMES LEADER,IMO9690535,C6AX9,70,0,199,35,10.6,,A
311000188,2020-08-19T15:02:14,37.13092,-76.13911,16.3,330.5,328.0,HERMES LEADER,IMO9690535,C6AX9,70,0,199,35,10.6,,A
367932000,2020-08-19T14:56:17,36.94908,-76.32972,0.0,107.0,279.0,JOHN LENTHALL,IMO8325547,NJLN,80,5,193,29,,,A
367932000,2020-08-19T14:59:18,36.94917,-76.32964,0.0,107.0,279.0,JOHN LENTHALL,IMO8325547,NJLN,80,5,193,29,,,A
367359930,2020-08-19T15:05:51,36.82404,-76.28906,0.0,2.8,511.0,SUNNY WILLIAMS,,WDE4940,80,0,25,8,,80,A
538006982,2020-08-19T15:05:53,37.20702,-76.12252,0.4,148.4,221.0,ANTE TOPIC,IMO9737072,V7TR4,70,1,,,,,A
211839000,2020-08-19T15:04:21,36.91521,-76.33725,1.6,107.5,284.0,CHICAGO EXPRESS,IMO9295268,DCUJ2,70,0,336,42,14.6,79,A
211839000,2020-08-19T15:05:32,36.91492,-76.33643,2.3,112.0,292.0,CHICAGO EXPRESS,IMO9295268,DCUJ2,70,0,336,42,14.6,79,A
367078110,2020-08-19T15:04:52,36.83855,-76.28198,0.0,328.0,511.0,MARCELLE BORDELON,IMO9350379,WDJ2038,79,3,45,11,3.0,79,A
311000188,2020-08-19T15:05:32,37.14418,-76.14803,16.3,339.3,337.0,HERMES LEADER,IMO9690535,C6AX9,70,0,199,35,10.6,,A
538002652,2020-08-19T15:06:05,37.18163,-76.11017,3.3,237.0,225.0,NAIAS,IMO9330800,V7KN8,70,0,225,32,14.0,70,A
215677000,2020-08-19T15:09:01,37.23852,-76.11607,0.4,95.6,230.0,RIZE,IMO9584035,9HA2781,70,1,229,32,14.5,,A
367821000,2020-08-19T15:11:08,36.97286,-76.43363,0.0,0.0,511.0,YANO,IMO7825409,NAQH,70,0,276,32,13.0,70,A
538002652,2020-08-19T15:15:26,37.16420,-76.11833,9.6,183.0,185.0,NAIAS,IMO9330800,V7KN8,70,0,225,32,14.0,70,A
311000188,2020-08-19T15:18:44,37.19870,-76.14991,12.7,17.0,16.0,HERMES LEADER,IMO9690535,C6AX9,70,0,199,35,10.6,,A
367861000,2020-08-19T15:17:59,36.94635,-76.32982,0.0,0.0,265.0,LARAMIE,IMO8906626,NLAR,80,5,193,29,,,A
367821000,2020-08-19T15:20:58,36.97285,-76.43366,0.0,0.0,511.0,YANO,IMO7825409,NAQH,70,0,276,32,13.0,70,A
367078110,2020-08-19T15:19:22,36.83854,-76.28199,0.0,5.0,511.0,MARCELLE BORDELON,IMO9350379,WDJ2038,79,3,45,11,3.0,79,A
367821000,2020-08-19T15:24:58,36.97285,-76.43366,0.0,0.0,511.0,YANO,IMO7825409,NAQH,70,0,276,32,13.0,70,A
305855000,2020-08-19T15:20:46,36.86430,-76.31475,0.0,2.1,226.0,BBC PEARL,IMO9504786,V2FY8,70,5,153,23,9.1,70,A
367078110,2020-08-19T15:24:33,36.83855,-76.28199,0.0,347.0,511.0,MARCELLE BORDELON,IMO9350379,WDJ2038,79,3,45,11,3.0,79,A
311000188,2020-08-19T15:24:04,37.21791,-76.14254,14.6,17.0,16.0,HERMES LEADER,IMO9690535,C6AX9,70,0,199,35,10.6,,A
215677000,2020-08-19T15:23:59,37.23747,-76.11521,0.4,200.0,278.0,RIZE,IMO9584035,9HA2781,70,1,229,32,14.5,,A
305855000,2020-08-19T15:26:47,36.86421,-76.31480,0.0,17.2,226.0,BBC PEARL,IMO9504786,V2FY8,70,5,153,23,9.1,70,A
367359930,2020-08-19T15:30:21,36.82404,-76.28909,0.0,2.8,511.0,SUNNY WILLIAMS,,WDE4940,80,0,25,8,,80,A
311000188,2020-08-19T15:31:52,37.24957,-76.13051,15.3,19.2,19.0,HERMES LEADER,IMO9690535,C6AX9,70,0,199,35,10.6,,A
211839000,2020-08-19T15:30:21,36.90655,-76.32675,0.0,352.0,352.0,CHICAGO EXPRESS,IMO9295268,DCUJ2,70,0,336,42,14.6,79,A
211839000,2020-08-19T15:31:42,36.90657,-76.32674,0.0,352.0,352.0,CHICAGO EXPRESS,IMO9295268,DCUJ2,70,0,336,42,14.6,79,A
367932000,2020-08-19T15:26:17,36.94922,-76.32957,0.0,107.0,279.0,JOHN LENTHALL,IMO8325547,NJLN,80,5,193,29,,,A
538002652,2020-08-19T15:33:26,37.10847,-76.11437,12.2,157.0,160.0,NAIAS,IMO9330800,V7KN8,70,0,225,32,14.0,70,A
367821000,2020-08-19T15:33:28,36.97284,-76.43366,0.0,0.0,511.0,YANO,IMO7825409,NAQH,70,0,276,32,13.0,70,A
367821000,2020-08-19T15:34:38,36.97284,-76.43366,0.0,0.0,511.0,YANO,IMO7825409,NAQH,70,0,276,32,13.0,70,A
367821000,2020-08-19T15:36:08,36.97284,-76.43366,0.0,0.0,511.0,YANO,IMO7825409,NAQH,70,0,276,32,13.0,70,A
368026000,2020-08-19T15:33:21,36.86576,-76.31604,0.0,270.5,2.0,BENAVIDEZ,IMO9218210,NBHG,70,5,289,32,10.9,70,A
367359930,2020-08-19T15:35:52,36.82406,-76.28908,0.0,2.8,511.0,SUNNY WILLIAMS,,WDE4940,80,0,25,8,,80,A
367359930,2020-08-19T15:38:11,36.82405,-76.28908,0.0,2.8,511.0,SUNNY WILLIAMS,,WDE4940,80,0,25,8,,80,A
367822000,2020-08-19T15:35:55,36.97312,-76.43384,0.0,0.0,238.0,USNS SHUGHART,IMO7825394,NAOQ,70,5,276,32,13.0,70,A
215677000,2020-08-19T15:45:04,37.23568,-76.11635,0.2,206.0,313.0,RIZE,IMO9584035,9HA2781,70,1,229,32,14.5,,A
367932000,2020-08-19T15:38:18,36.94914,-76.32956,0.0,107.0,279.0,JOHN LENTHALL,IMO8325547,NJLN,80,5,193,29,,,A
538002652,2020-08-19T15:43:36,37.07570,-76.09767,12.8,156.0,158.0,NAIAS,IMO9330800,V7KN8,70,0,225,32,14.0,70,A
538002652,2020-08-19T15:47:25,37.06323,-76.08998,12.8,145.0,145.0,NAIAS,IMO9330800,V7KN8,70,0,225,32,14.0,70,A
311000188,2020-08-19T15:48:04,37.31594,-76.10127,16.0,23.2,25.0,HERMES LEADER,IMO9690535,C6AX9,70,0,199,35,10.6,,A
366839000,2020-08-19T15:46:00,36.85345,-76.31082,0.0,0.0,39.0,CAPE RISE,IMO7530808,KAFG,70,5,197,32,10.0,,A
367078110,2020-08-19T15:50:12,36.83854,-76.28199,0.0,110.0,511.0,MARCELLE BORDELON,IMO9350379,WDJ2038,79,3,45,11,3.0,79,A
367861000,2020-08-19T15:51:00,36.94637,-76.32980,0.0,0.0,265.0,LARAMIE,IMO8906626,NLAR,80,5,193,29,,,A
215677000,2020-08-19T15:51:04,37.23553,-76.11637,0.1,208.0,319.0,RIZE,IMO9584035,9HA2781,70,1,229,32,14.5,,A
311000188,2020-08-19T15:50:23,37.32544,-76.09593,16.1,24.6,24.0,HERMES LEADER,IMO9690535,C6AX9,70,0,199,35,10.6,,A
477196100,2020-08-19T15:51:50,37.19387,-76.13432,0.1,267.8,348.0,DARYA MA,IMO9591674,VRJH5,70,1,229,32,14.5,,A
367078110,2020-08-19T15:52:42,36.83854,-76.28199,0.0,32.0,511.0,MARCELLE BORDELON,IMO9350379,WDJ2038,79,3,45,11,3.0,79,A
538006982,2020-08-19T15:50:53,37.20375,-76.12282,0.1,39.2,345.0,ANTE TOPIC,IMO9737072,V7TR4,70,1,,,,,A
367822000,2020-08-19T15:56:56,36.97312,-76.43383,0.0,0.0,238.0,USNS SHUGHART,IMO7825394,NAOQ,70,5,276,32,13.0,70,A
305855000,2020-08-19T15:53:48,36.86428,-76.31476,0.0,348.8,226.0,BBC PEARL,IMO9504786,V2FY8,70,5,153,23,9.1,70,A
305855000,2020-08-19T15:59:45,36.86429,-76.31475,0.0,220.9,226.0,BBC PEARL,IMO9504786,V2FY8,70,5,153,23,9.1,70,A
367861000,2020-08-19T16:03:00,36.94637,-76.32982,0.0,0.0,265.0,LARAMIE,IMO8906626,NLAR,80,5,193,29,,,A
305855000,2020-08-19T16:08:48,36.86428,-76.31477,0.0,247.9,226.0,BBC PEARL,IMO9504786,V2FY8,70,5,153,23,9.1,70,A
477196100,2020-08-19T16:09:44,37.19384,-76.13443,0.1,267.8,352.0,DARYA MA,IMO9591674,VRJH5,70,1,229,32,14.5,,A
367359930,2020-08-19T16:09:31,36.82404,-76.28907,0.0,2.8,511.0,SUNNY WILLIAMS,,WDE4940,80,0,25,8,,80,A
367861000,2020-08-19T16:12:01,36.94636,-76.32981,0.0,0.0,265.0,LARAMIE,IMO8906626,NLAR,80,5,193,29,,,A
367078110,2020-08-19T16:12:13,36.83853,-76.28199,0.0,297.0,511.0,MARCELLE BORDELON,IMO9350379,WDJ2038,79,3,45,11,3.0,79,A
367359930,2020-08-19T16:17:01,36.82405,-76.28907,0.1,2.8,511.0,SUNNY WILLIAMS,,WDE4940,80,0,25,8,,80,A
367078110,2020-08-19T16:17:53,36.83854,-76.28198,0.0,265.0,511.0,MARCELLE BORDELON,IMO9350379,WDJ2038,79,3,45,11,3.0,79,A
367078110,2020-08-19T16:19:13,36.83854,-76.28198,0.0,271.0,511.0,MARCELLE BORDELON,IMO9350379,WDJ2038,79,3,45,11,3.0,79,A
367821000,2020-08-19T16:18:58,36.97281,-76.43367,0.0,0.0,511.0,YANO,IMO7825409,NAQH,70,0,276,32,13.0,70,A
215677000,2020-08-19T16:21:05,37.23507,-76.11708,0.1,205.8,342.0,RIZE,IMO9584035,9HA2781,70,1,229,32,14.5,,A
366839000,2020-08-19T16:25:06,36.85350,-76.31083,0.0,0.0,39.0,CAPE RISE,IMO7530808,KAFG,70,5,197,32,10.0,,A
305855000,2020-08-19T16:23:48,36.86428,-76.31477,0.0,236.4,225.0,BBC PEARL,IMO9504786,V2FY8,70,5,153,23,9.1,70,A
367821000,2020-08-19T16:24:57,36.97281,-76.43367,0.0,0.0,511.0,YANO,IMO7825409,NAQH,70,0,276,32,13.0,70,A
538006982,2020-08-19T16:26:53,37.20370,-76.12366,0.1,247.1,5.0,ANTE TOPIC,IMO9737072,V7TR4,70,1,,,,,A
367359930,2020-08-19T16:27:52,36.82404,-76.28906,0.0,2.8,511.0,SUNNY WILLIAMS,,WDE4940,80,0,25,8,,80,A
367078110,2020-08-19T16:26:42,36.83855,-76.28198,0.0,0.0,511.0,MARCELLE BORDELON,IMO9350379,WDJ2038,79,3,45,11,3.0,79,A
368026000,2020-08-19T16:27:20,36.86577,-76.31605,0.0,270.5,2.0,BENAVIDEZ,IMO9218210,NBHG,70,5,289,32,10.9,70,A
367078110,2020-08-19T16:32:02,36.83855,-76.28199,0.0,264.0,511.0,MARCELLE BORDELON,IMO9350379,WDJ2038,79,3,45,11,3.0,79,A
538002652,2020-08-19T16:34:35,36.97160,-76.10052,12.2,289.0,290.0,NAIAS,IMO9330800,V7KN8,70,0,225,32,14.0,70,A
366839000,2020-08-19T16:30:57,36.85347,-76.31082,0.0,0.0,39.0,CAPE RISE,IMO7530808,KAFG,70,5,197,32,10.0,,A
368026000,2020-08-19T16:33:20,36.86575,-76.31603,0.0,270.5,2.0,BENAVIDEZ,IMO9218210,NBHG,70,5,289,32,10.9,70,A
538006982,2020-08-19T16:35:53,37.20370,-76.12378,0.1,151.7,14.0,ANTE TOPIC,IMO9737072,V7TR4,70,1,,,,,A
367861000,2020-08-19T16:36:01,36.94642,-76.32977,0.0,0.0,265.0,LARAMIE,IMO8906626,NLAR,80,5,193,29,,,A
477196100,2020-08-19T16:39:46,37.19381,-76.13469,0.1,267.8,2.0,DARYA MA,IMO9591674,VRJH5,70,1,229,32,14.5,,A
367932000,2020-08-19T16:35:18,36.94916,-76.32957,0.0,107.0,279.0,JOHN LENTHALL,IMO8325547,NJLN,80,5,193,29,,,A
368026000,2020-08-19T16:42:21,36.86576,-76.31605,0.0,270.5,2.0,BENAVIDEZ,IMO9218210,NBHG,70,5,289,32,10.9,70,A
367359930,2020-08-19T16:40:21,36.82406,-76.28909,0.1,2.8,511.0,SUNNY WILLIAMS,,WDE4940,80,0,25,8,,80,A
538006982,2020-08-19T16:41:53,37.20364,-76.12356,0.1,137.6,7.0,ANTE TOPIC,IMO9737072,V7TR4,70,1,,,,,A
305855000,2020-08-19T16:44:48,36.86427,-76.31475,0.0,215.0,226.0,BBC PEARL,IMO9504786,V2FY8,70,5,153,23,9.1,70,A
477196100,2020-08-19T16:45:47,37.19382,-76.13454,0.1,267.8,357.0,DARYA MA,IMO9591674,VRJH5,70,1,229,32,14.5,,A
538006982,2020-08-19T16:50:53,37.20365,-76.12336,0.1,314.7,0.0,ANTE TOPIC,IMO9737072,V7TR4,70,1,,,,,A
367932000,2020-08-19T16:47:18,36.94924,-76.32963,0.0,107.0,279.0,JOHN LENTHALL,IMO8325547,NJLN,80,5,193,29,,,A
215677000,2020-08-19T16:57:00,37.23505,-76.11741,0.1,205.8,351.0,RIZE,IMO9584035,9HA2781,70,1,229,32,14.5,,A
538006982,2020-08-19T16:53:53,37.20368,-76.12341,0.1,288.4,0.0,ANTE TOPIC,IMO9737072,V7TR4,70,1,,,,,A
367822000,2020-08-19T16:59:55,36.97309,-76.43381,0.0,0.0,238.0,USNS SHUGHART,IMO7825394,NAOQ,70,5,276,32,13.0,70,A
477196100,2020-08-19T16:57:48,37.19384,-76.13473,0.1,267.8,2.0,DARYA MA,IMO9591674,VRJH5,70,1,229,32,14.5,,A
211839000,2020-08-19T16:58:23,36.90652,-76.32672,0.0,352.0,352.0,CHICAGO EXPRESS,IMO9295268,DCUJ2,70,5,336,42,14.6,79,A
367821000,2020-08-19T17:00:08,36.97284,-76.43364,0.0,0.0,511.0,YANO,IMO7825409,NAQH,70,0,276,32,13.0,70,A
367821000,2020-08-19T17:02:28,36.97284,-76.43364,0.0,0.0,511.0,YANO,IMO7825409,NAQH,70,0,276,32,13.0,70,A
211839000,2020-08-19T17:01:24,36.90653,-76.32674,0.0,352.0,352.0,CHICAGO EXPRESS,IMO9295268,DCUJ2,70,5,336,42,14.6,79,A
538002652,2020-08-19T17:02:25,37.00060,-76.21188,11.1,291.0,293.0,NAIAS,IMO9330800,V7KN8,70,0,225,32,14.0,70,A
367821000,2020-08-19T17:03:38,36.97284,-76.43364,0.0,0.0,511.0,YANO,IMO7825409,NAQH,70,0,276,32,13.0,70,A
215677000,2020-08-19T17:06:01,37.23504,-76.11722,0.1,205.8,350.0,RIZE,IMO9584035,9HA2781,70,1,229,32,14.5,,A
367821000,2020-08-19T17:07:07,36.97284,-76.43365,0.0,0.0,511.0,YANO,IMO7825409,NAQH,70,0,276,32,13.0,70,A
366839000,2020-08-19T17:10:01,36.85347,-76.31082,0.0,0.0,39.0,CAPE RISE,IMO7530808,KAFG,70,5,197,32,10.0,,A
367861000,2020-08-19T17:12:00,36.94635,-76.32980,0.0,0.0,266.0,LARAMIE,IMO8906626,NLAR,80,5,193,29,,,A
366839000,2020-08-19T17:12:57,36.85348,-76.31083,0.0,0.0,39.0,CAPE RISE,IMO7530808,KAFG,70,5,197,32,10.0,,A
367821000,2020-08-19T17:15:38,36.97281,-76.43367,0.0,0.0,511.0,YANO,IMO7825409,NAQH,70,0,276,32,13.0,70,A
305855000,2020-08-19T17:20:49,36.86428,-76.31476,0.0,249.8,226.0,BBC PEARL,IMO9504786,V2FY8,70,5,153,23,9.1,70,A
215677000,2020-08-19T17:20:57,37.23503,-76.11709,0.0,205.8,347.0,RIZE,IMO9584035,9HA2781,70,1,229,32,14.5,,A
367932000,2020-08-19T17:20:17,36.94917,-76.32964,0.0,107.0,279.0,JOHN LENTHALL,IMO8325547,NJLN,80,5,193,29,,,A
477196100,2020-08-19T17:27:50,37.19378,-76.13449,0.1,267.8,0.0,DARYA MA,IMO9591674,VRJH5,70,1,229,32,14.5,,A
367822000,2020-08-19T17:29:56,36.97310,-76.43385,0.0,0.0,238.0,USNS SHUGHART,IMO7825394,NAOQ,70,5,276,32,13.0,70,A
368026000,2020-08-19T17:27:21,36.86574,-76.31605,0.0,270.5,2.0,BENAVIDEZ,IMO9218210,NBHG,70,5,289,32,10.9,70,A
367078110,2020-08-19T17:31:13,36.83852,-76.28200,0.0,192.0,511.0,MARCELLE BORDELON,IMO9350379,WDJ2038,79,3,45,11,3.0,79,A
538002652,2020-08-19T17:29:16,36.99600,-76.30563,9.0,236.0,240.0,NAIAS,IMO9330800,V7KN8,70,0,225,32,14.0,70,A
538006982,2020-08-19T17:32:53,37.20363,-76.12313,0.1,108.9,358.0,ANTE TOPIC,IMO9737072,V7TR4,70,1,,,,,A
368026000,2020-08-19T17:33:21,36.86577,-76.31605,0.0,270.5,2.0,BENAVIDEZ,IMO9218210,NBHG,70,5,289,32,10.9,70,A
538006982,2020-08-19T17:35:53,37.20365,-76.12302,0.0,98.2,355.0,ANTE TOPIC,IMO9737072,V7TR4,70,1,,,,,A
366839000,2020-08-19T17:40:03,36.85346,-76.31083,0.0,0.0,39.0,CAPE RISE,IMO7530808,KAFG,70,5,197,32,10.0,,A
305855000,2020-08-19T17:38:49,36.86427,-76.31475,0.0,281.7,226.0,BBC PEARL,IMO9504786,V2FY8,70,5,153,23,9.1,70,A
477196100,2020-08-19T17:42:49,37.19378,-76.13421,0.0,267.8,355.0,DARYA MA,IMO9591674,VRJH5,70,1,229,32,14.5,,A
367821000,2020-08-19T17:46:08,36.97284,-76.43373,0.0,0.0,511.0,YANO,IMO7825409,NAQH,70,0,276,32,13.0,70,A
211839000,2020-08-19T17:46:45,36.90666,-76.32674,0.0,353.0,353.0,CHICAGO EXPRESS,IMO9295268,DCUJ2,70,5,336,42,14.6,79,A
367078110,2020-08-19T17:46:53,36.83852,-76.28199,0.0,174.0,511.0,MARCELLE BORDELON,IMO9350379,WDJ2038,79,3,45,11,3.0,79,A
366839000,2020-08-19T17:46:04,36.85345,-76.31085,0.0,0.0,39.0,CAPE RISE,IMO7530808,KAFG,70,5,197,32,10.0,,A
368026000,2020-08-19T17:48:21,36.86578,-76.31603,0.0,270.5,2.0,BENAVIDEZ,IMO9218210,NBHG,70,5,289,32,10.9,70,A
215677000,2020-08-19T17:48:02,37.23512,-76.11670,0.0,205.8,344.0,RIZE,IMO9584035,9HA2781,70,1,229,32,14.5,,A
538002652,2020-08-19T17:51:36,36.96557,-76.33607,7.9,182.0,186.0,NAIAS,IMO9330800,V7KN8,70,0,225,32,14.0,70,A
477196100,2020-08-19T17:51:44,37.19380,-76.13412,0.1,267.8,351.0,DARYA MA,IMO9591674,VRJH5,70,1,229,32,14.5,,A
367821000,2020-08-19T17:53:28,36.97283,-76.43367,0.0,0.0,511.0,YANO,IMO7825409,NAQH,70,0,276,32,13.0,70,A
538002652,2020-08-19T17:55:16,36.95722,-76.33673,8.3,183.0,185.0,NAIAS,IMO9330800,V7KN8,70,0,225,32,14.0,70,A
215677000,2020-08-19T17:54:02,37.23508,-76.11675,0.1,205.8,343.0,RIZE,IMO9584035,9HA2781,70,1,229,32,14.5,,A
305855000,2020-08-19T17:53:48,36.86424,-76.31477,0.0,315.1,226.0,BBC PEARL,IMO9504786,V2FY8,70,5,153,23,9.1,70,A
538006982,2020-08-19T17:56:53,37.20362,-76.12319,0.0,312.5,358.0,ANTE TOPIC,IMO9737072,V7TR4,70,1,,,,,A
538002652,2020-08-19T17:59:55,36.94612,-76.33757,8.6,183.0,183.0,NAIAS,IMO9330800,V7KN8,70,0,225,32,14.0,70,A
211839000,2020-08-19T17:58:52,36.90654,-76.32675,0.0,353.0,353.0,CHICAGO EXPRESS,IMO9295268,DCUJ2,70,5,336,42,14.6,79,A
367822000,2020-08-19T17:59:55,36.97311,-76.43385,0.0,0.0,238.0,USNS SHUGHART,IMO7825394,NAOQ,70,5,276,32,13.0,70,A
366839000,2020-08-19T17:57:57,36.85352,-76.31083,0.0,0.0,39.0,CAPE RISE,IMO7530808,KAFG,70,5,197,32,10.0,,A
367932000,2020-08-19T17:56:17,36.94907,-76.32980,0.0,107.0,279.0,JOHN LENTHALL,IMO8325547,NJLN,80,5,193,29,,,A
367078110,2020-08-19T18:03:33,36.83851,-76.28200,0.0,200.0,511.0,MARCELLE BORDELON,IMO9350379,WDJ2038,79,3,45,11,3.0,79,A
211839000,2020-08-19T18:01:52,36.90647,-76.32678,0.0,353.0,353.0,CHICAGO EXPRESS,IMO9295268,DCUJ2,70,5,336,42,14.6,79,A
538002652,2020-08-19T18:04:45,36.93432,-76.33833,8.8,183.0,184.0,NAIAS,IMO9330800,V7KN8,70,0,225,32,14.0,70,A
367932000,2020-08-19T17:59:17,36.94917,-76.32970,0.0,107.0,279.0,JOHN LENTHALL,IMO8325547,NJLN,80,5,193,29,,,A
368026000,2020-08-19T18:12:20,36.86578,-76.31606,0.0,270.5,2.0,BENAVIDEZ,IMO9218210,NBHG,70,5,289,32,10.9,70,A
538002652,2020-08-19T18:14:25,36.91040,-76.33857,9.0,171.0,172.0,NAIAS,IMO9330800,V7KN8,70,0,225,32,14.0,70,A
367932000,2020-08-19T18:17:17,36.94918,-76.32964,0.0,107.0,279.0,JOHN LENTHALL,IMO8325547,NJLN,80,5,193,29,,,A
367821000,2020-08-19T18:22:37,36.97281,-76.43366,0.0,0.0,511.0,YANO,IMO7825409,NAQH,70,0,276,32,13.0,70,A
305855000,2020-08-19T18:23:48,36.86426,-76.31476,0.0,259.9,226.0,BBC PEARL,IMO9504786,V2FY8,70,5,153,23,9.1,70,A
367078110,2020-08-19T18:24:52,36.83852,-76.28199,0.3,203.0,511.0,MARCELLE BORDELON,IMO9350379,WDJ2038,79,3,45,11,3.0,79,A
211839000,2020-08-19T18:26:01,36.90649,-76.32676,0.0,352.0,352.0,CHICAGO EXPRESS,IMO9295268,DCUJ2,70,5,336,42,14.6,79,A
367821000,2020-08-19T18:26:08,36.97281,-76.43366,0.0,0.0,511.0,YANO,IMO7825409,NAQH,70,0,276,32,13.0,70,A
215677000,2020-08-19T18:30:04,37.23503,-76.11700,0.0,205.8,344.0,RIZE,IMO9584035,9HA2781,70,1,229,32,14.5,,A
477196100,2020-08-19T18:30:50,37.19382,-76.13444,0.0,267.8,355.0,DARYA MA,IMO9591674,VRJH5,70,1,229,32,14.5,,A
538002652,2020-08-19T18:30:35,36.88377,-76.33433,3.0,171.0,173.0,NAIAS,IMO9330800,V7KN8,70,0,225,32,14.0,70,A
367932000,2020-08-19T18:23:17,36.94913,-76.32966,0.0,107.0,279.0,JOHN LENTHALL,IMO8325547,NJLN,80,5,193,29,,,A
367821000,2020-08-19T18:31:57,36.97281,-76.43366,0.0,0.0,511.0,YANO,IMO7825409,NAQH,70,0,276,32,13.0,70,A
367821000,2020-08-19T18:33:38,36.97281,-76.43366,0.0,0.0,511.0,YANO,IMO7825409,NAQH,70,0,276,32,13.0,70,A
538002652,2020-08-19T18:34:06,36.88172,-76.33365,1.4,142.0,182.0,NAIAS,IMO9330800,V7KN8,70,0,225,32,14.0,70,A
368026000,2020-08-19T18:33:20,36.86577,-76.31605,0.0,270.5,2.0,BENAVIDEZ,IMO9218210,NBHG,70,5,289,32,10.9,70,A
373124000,2020-08-19T18:37:11,37.05646,-76.08386,15.1,323.9,323.0,MSC IMMACOLATA,IMO9463205,3FLQ2,70,0,199,32,11.2,,A
538006982,2020-08-19T18:38:40,37.20626,-76.12255,3.1,71.2,89.0,ANTE TOPIC,IMO9737072,V7TR4,70,1,,,,,A
373124000,2020-08-19T18:40:23,37.06750,-76.09344,15.1,328.5,329.0,MSC IMMACOLATA,IMO9463205,3FLQ2,70,0,199,32,11.2,,A
373124000,2020-08-19T18:41:52,37.07290,-76.09742,15.2,329.3,329.0,MSC IMMACOLATA,IMO9463205,3FLQ2,70,0,199,32,11.2,,A
367822000,2020-08-19T18:41:55,36.97309,-76.43386,0.0,0.0,238.0,USNS SHUGHART,IMO7825394,NAOQ,70,5,276,32,13.0,70,A
368026000,2020-08-19T18:42:22,36.86577,-76.31605,0.0,270.5,2.0,BENAVIDEZ,IMO9218210,NBHG,70,5,289,32,10.9,70,A
373124000,2020-08-19T18:44:52,37.08385,-76.10554,15.3,329.2,330.0,MSC IMMACOLATA,IMO9463205,3FLQ2,70,0,199,32,11.2,,A
367078110,2020-08-19T18:46:52,36.83853,-76.28199,0.0,16.0,511.0,MARCELLE BORDELON,IMO9350379,WDJ2038,79,3,45,11,3.0,79,A
368026000,2020-08-19T18:48:21,36.86576,-76.31603,0.0,270.5,2.0,BENAVIDEZ,IMO9218210,NBHG,70,5,289,32,10.9,70,A
367822000,2020-08-19T18:44:56,36.97309,-76.43386,0.0,0.0,238.0,USNS SHUGHART,IMO7825394,NAOQ,70,5,276,32,13.0,70,A
538002652,2020-08-19T18:47:36,36.87975,-76.32728,1.0,108.0,282.0,NAIAS,IMO9330800,V7KN8,70,0,225,32,14.0,70,A
215677000,2020-08-19T18:48:05,37.23501,-76.11716,0.0,205.8,348.0,RIZE,IMO9584035,9HA2781,70,1,229,32,14.5,,A
211839000,2020-08-19T18:53:15,36.90660,-76.32675,0.0,352.0,352.0,CHICAGO EXPRESS,IMO9295268,DCUJ2,70,5,336,42,14.6,79,A
538006982,2020-08-19T18:55:30,37.15936,-76.11843,13.7,180.5,185.0,ANTE TOPIC,IMO9737072,V7TR4,70,0,,,,,A
366839000,2020-08-19T18:52:02,36.85352,-76.31085,0.0,0.0,39.0,CAPE RISE,IMO7530808,KAFG,70,5,197,32,10.0,,A
538002652,2020-08-19T18:57:36,36.87947,-76.32645,0.0,96.0,276.0,NAIAS,IMO9330800,V7KN8,70,0,225,32,14.0,70,A
477196100,2020-08-19T18:57:52,37.19377,-76.13446,0.0,267.8,359.0,DARYA MA,IMO9591674,VRJH5,70,1,229,32,14.5,,A
373124000,2020-08-19T18:55:59,37.12505,-76.13488,15.3,329.8,332.0,MSC IMMACOLATA,IMO9463205,3FLQ2,70,0,199,32,11.2,,A
211839000,2020-08-19T18:59:16,36.90655,-76.32675,0.0,352.0,352.0,CHICAGO EXPRESS,IMO9295268,DCUJ2,70,5,336,42,14.6,79,A
367078110,2020-08-19T19:00:03,36.83855,-76.28198,0.0,292.0,511.0,MARCELLE BORDELON,IMO9350379,WDJ2038,79,3,45,11,3.0,79,A
538006982,2020-08-19T19:01:03,37.13820,-76.11961,14.0,182.5,186.0,ANTE TOPIC,IMO9737072,V7TR4,70,0,,,,,A
367822000,2020-08-19T18:59:55,36.97310,-76.43385,0.0,0.0,238.0,USNS SHUGHART,IMO7825394,NAOQ,70,5,276,32,13.0,70,A
538006982,2020-08-19T19:02:09,37.13388,-76.11986,14.3,182.5,186.0,ANTE TOPIC,IMO9737072,V7TR4,70,0,,,,,A
367861000,2020-08-19T19:00:00,36.94639,-76.32985,0.0,0.0,265.0,LARAMIE,IMO8906626,NLAR,80,5,193,29,,,A
367078110,2020-08-19T19:01:13,36.83855,-76.28198,0.0,96.0,511.0,MARCELLE BORDELON,IMO9350379,WDJ2038,79,3,45,11,3.0,79,A
215677000,2020-08-19T19:02:57,37.23499,-76.11733,0.1,205.8,352.0,RIZE,IMO9584035,9HA2781,70,1,229,32,14.5,,A
538006982,2020-08-19T19:04:21,37.12493,-76.12027,14.9,182.2,180.0,ANTE TOPIC,IMO9737072,V7TR4,70,0,,,,,A
373124000,2020-08-19T19:04:23,37.15789,-76.15011,15.0,349.8,349.0,MSC IMMACOLATA,IMO9463205,3FLQ2,70,0,199,32,11.2,,A
373124000,2020-08-19T19:05:29,37.16241,-76.15104,15.0,352.4,353.0,MSC IMMACOLATA,IMO9463205,3FLQ2,70,0,199,32,11.2,,A
211839000,2020-08-19T19:08:19,36.90660,-76.32674,0.0,352.0,352.0,CHICAGO EXPRESS,IMO9295268,DCUJ2,70,5,336,42,14.6,79,A
367821000,2020-08-19T19:07:07,36.97282,-76.43369,0.0,0.0,511.0,YANO,IMO7825409,NAQH,70,0,276,32,13.0,70,A
367932000,2020-08-19T19:02:16,36.94919,-76.32970,0.0,107.0,279.0,JOHN LENTHALL,IMO8325547,NJLN,80,5,193,29,,,A
367861000,2020-08-19T19:09:01,36.94639,-76.32982,0.0,0.0,265.0,LARAMIE,IMO8906626,NLAR,80,5,193,29,,,A
538006982,2020-08-19T19:06:33,37.11611,-76.11765,15.1,156.6,158.0,ANTE TOPIC,IMO9737072,V7TR4,70,0,,,,,A
538006982,2020-08-19T19:09:57,37.10277,-76.11019,15.6,156.0,157.0,ANTE TOPIC,IMO9737072,V7TR4,70,0,,,,,A
477196100,2020-08-19T19:06:49,37.19379,-76.13448,0.1,267.8,358.0,DARYA MA,IMO9591674,VRJH5,70,1,229,32,14.5,,A
367821000,2020-08-19T19:10:47,36.97282,-76.43368,0.0,0.0,511.0,YANO,IMO7825409,NAQH,70,0,276,32,13.0,70,A
215677000,2020-08-19T19:12:06,37.23502,-76.11716,0.0,205.8,348.0,RIZE,IMO9584035,9HA2781,70,1,229,32,14.5,,A
367078110,2020-08-19T19:11:03,36.83855,-76.28199,0.0,285.0,511.0,MARCELLE BORDELON,IMO9350379,WDJ2038,79,3,45,11,3.0,79,A
366839000,2020-08-19T19:13:01,36.85350,-76.31082,0.0,0.0,39.0,CAPE RISE,IMO7530808,KAFG,70,5,197,32,10.0,,A
477196100,2020-08-19T19:09:51,37.19378,-76.13450,0.1,267.8,1.0,DARYA MA,IMO9591674,VRJH5,70,1,229,32,14.5,,A
367822000,2020-08-19T19:14:55,36.97315,-76.43379,0.0,0.0,238.0,USNS SHUGHART,IMO7825394,NAOQ,70,5,276,32,13.0,70,A
367821000,2020-08-19T19:15:38,36.97282,-76.43367,0.0,0.0,511.0,YANO,IMO7825409,NAQH,70,0,276,32,13.0,70,A
367821000,2020-08-19T19:17:57,36.97282,-76.43368,0.0,0.0,511.0,YANO,IMO7825409,NAQH,70,0,276,32,13.0,70,A
305855000,2020-08-19T19:20:49,36.86429,-76.31477,0.0,198.9,227.0,BBC PEARL,IMO9504786,V2FY8,70,5,153,23,9.1,70,A
367078110,2020-08-19T19:21:12,36.83855,-76.28198,0.0,179.0,511.0,MARCELLE BORDELON,IMO9350379,WDJ2038,79,3,45,11,3.0,79,A
367821000,2020-08-19T19:23:47,36.97281,-76.43367,0.0,0.0,511.0,YANO,IMO7825409,NAQH,70,0,276,32,13.0,70,A
368026000,2020-08-19T19:21:22,36.86575,-76.31604,0.1,270.5,2.0,BENAVIDEZ,IMO9218210,NBHG,70,5,289,32,10.9,70,A
211839000,2020-08-19T19:23:29,36.90663,-76.32677,0.0,352.0,352.0,CHICAGO EXPRESS,IMO9295268,DCUJ2,70,5,336,42,14.6,79,A
477866300,2020-08-19T19:21:30,36.97181,-76.10220,16.3,288.4,289.0,BILBAO BRIDGE,IMO9492701,VRHY6,70,0,269,35,11.0,74,A
367078110,2020-08-19T19:24:34,36.83855,-76.28199,0.0,198.0,511.0,MARCELLE BORDELON,IMO9350379,WDJ2038,79,3,45,11,3.0,79,A
367821000,2020-08-19T19:27:58,36.97281,-76.43368,0.0,0.0,511.0,YANO,IMO7825409,NAQH,70,0,276,32,13.0,70,A
367822000,2020-08-19T19:29:56,36.97316,-76.43380,0.0,0.0,238.0,USNS SHUGHART,IMO7825394,NAOQ,70,5,276,32,13.0,70,A
367078110,2020-08-19T19:32:33,36.83855,-76.28199,0.0,329.0,511.0,MARCELLE BORDELON,IMO9350379,WDJ2038,79,3,45,11,3.0,79,A
477866300,2020-08-19T19:34:35,36.99089,-76.17360,16.3,288.3,289.0,BILBAO BRIDGE,IMO9492701,VRHY6,70,0,269,35,11.0,74,A
367821000,2020-08-19T19:32:18,36.97281,-76.43368,0.0,0.0,511.0,YANO,IMO7825409,NAQH,70,0,276,32,13.0,70,A
366839000,2020-08-19T19:34:04,36.85348,-76.31081,0.0,0.0,40.0,CAPE RISE,IMO7530808,KAFG,70,5,197,32,10.0,,A
367078110,2020-08-19T19:35:13,36.83856,-76.28198,0.0,278.0,511.0,MARCELLE BORDELON,IMO9350379,WDJ2038,79,3,45,11,3.0,79,A
367078110,2020-08-19T19:36:22,36.83856,-76.28198,0.0,298.0,511.0,MARCELLE BORDELON,IMO9350379,WDJ2038,79,3,45,11,3.0,79,A
367822000,2020-08-19T19:41:55,36.97316,-76.43380,0.0,0.0,238.0,USNS SHUGHART,IMO7825394,NAOQ,70,5,276,32,13.0,70,A
477196100,2020-08-19T19:39:48,37.19380,-76.13437,0.0,267.8,359.0,DARYA MA,IMO9591674,VRJH5,70,1,229,32,14.5,,A
367078110,2020-08-19T19:38:53,36.83854,-76.28198,0.0,331.0,511.0,MARCELLE BORDELON,IMO9350379,WDJ2038,79,3,45,11,3.0,79,A
367078110,2020-08-19T19:40:33,36.83855,-76.28198,0.0,266.0,511.0,MARCELLE BORDELON,IMO9350379,WDJ2038,79,3,45,11,3.0,79,A
477866300,2020-08-19T19:39:17,36.99730,-76.19836,15.9,287.1,288.0,BILBAO BRIDGE,IMO9492701,VRHY6,70,0,269,35,11.0,74,A
477866300,2020-08-19T19:41:54,37.00062,-76.21273,16.2,284.8,286.0,BILBAO BRIDGE,IMO9492701,VRHY6,70,0,269,35,11.0,74,A
477866300,2020-08-19T19:44:06,37.00334,-76.22522,16.8,285.2,287.0,BILBAO BRIDGE,IMO9492701,VRHY6,70,0,269,35,11.0,74,A
367078110,2020-08-19T19:43:23,36.83855,-76.28198,0.0,307.0,511.0,MARCELLE BORDELON,IMO9350379,WDJ2038,79,3,45,11,3.0,79,A
373124000,2020-08-19T19:44:28,37.31987,-76.09290,16.0,30.5,29.0,MSC IMMACOLATA,IMO9463205,3FLQ2,70,0,199,32,11.2,,A
305855000,2020-08-19T19:47:47,36.86428,-76.31475,0.0,177.3,226.0,BBC PEARL,IMO9504786,V2FY8,70,5,153,23,9.1,70,A
477196100,2020-08-19T19:45:49,37.19381,-76.13434,0.0,267.8,357.0,DARYA MA,IMO9591674,VRJH5,70,1,229,32,14.5,,A
367822000,2020-08-19T19:44:55,36.97317,-76.43380,0.0,0.0,238.0,USNS SHUGHART,IMO7825394,NAOQ,70,5,276,32,13.0,70,A
367822000,2020-08-19T19:50:55,36.97318,-76.43382,0.0,0.0,238.0,USNS SHUGHART,IMO7825394,NAOQ,70,5,276,32,13.0,70,A
367822000,2020-08-19T19:53:55,36.97318,-76.43382,0.0,0.0,238.0,USNS SHUGHART,IMO7825394,NAOQ,70,5,276,32,13.0,70,A
367078110,2020-08-19T19:54:52,36.83855,-76.28199,0.0,281.0,511.0,MARCELLE BORDELON,IMO9350379,WDJ2038,79,3,45,11,3.0,79,A
367078110,2020-08-19T19:57:33,36.83855,-76.28198,0.0,189.0,511.0,MARCELLE BORDELON,IMO9350379,WDJ2038,79,3,45,11,3.0,79,A
477866300,2020-08-19T19:55:59,37.00362,-76.28897,14.3,255.9,248.0,BILBAO BRIDGE,IMO9492701,VRHY6,70,0,269,35,11.0,74,A
367078110,2020-08-19T19:59:13,36.83854,-76.28198,0.0,148.0,511.0,MARCELLE BORDELON,IMO9350379,WDJ2038,79,3,45,11,3.0,79,A
538006982,2020-08-19T19:58:38,36.96880,-76.08402,12.1,276.8,280.0,ANTE TOPIC,IMO9737072,V7TR4,70,0,,,,,A
367822000,2020-08-19T19:59:56,36.97317,-76.43384,0.0,0.0,238.0,USNS SHUGHART,IMO7825394,NAOQ,70,5,276,32,13.0,70,A
215677000,2020-08-19T19:59:59,37.23502,-76.11736,0.1,205.8,351.0,RIZE,IMO9584035,9HA2781,70,1,229,32,14.5,,A
538002652,2020-08-19T20:00:51,36.87943,-76.32642,0.0,169.0,276.0,NAIAS,IMO9330800,V7KN8,70,5,225,32,14.0,70,A
211839000,2020-08-19T20:02:45,36.90655,-76.32675,0.0,352.0,352.0,CHICAGO EXPRESS,IMO9295268,DCUJ2,70,5,336,42,14.6,79,A
367821000,2020-08-19T20:03:37,36.97285,-76.43367,0.0,0.0,511.0,YANO,IMO7825409,NAQH,70,0,276,32,13.0,70,A
367821000,2020-08-19T20:07:08,36.97285,-76.43367,0.0,0.0,511.0,YANO,IMO7825409,NAQH,70,0,276,32,13.0,70,A
215677000,2020-08-19T20:08:57,37.23505,-76.11787,0.1,271.6,2.0,RIZE,IMO9584035,9HA2781,70,1,229,32,14.5,,A
367821000,2020-08-19T20:11:58,36.97285,-76.43367,0.0,0.0,511.0,YANO,IMO7825409,NAQH,70,0,276,32,13.0,70,A
538006982,2020-08-19T20:12:49,36.98203,-76.14198,12.7,288.4,293.0,ANTE TOPIC,IMO9737072,V7TR4,70,0,,,,,A
368026000,2020-08-19T20:09:21,36.86576,-76.31608,0.0,270.5,2.0,BENAVIDEZ,IMO9218210,NBHG,70,5,289,32,10.9,70,A
367078110,2020-08-19T20:11:02,36.83855,-76.28198,0.0,350.0,511.0,MARCELLE BORDELON,IMO9350379,WDJ2038,79,3,45,11,3.0,79,A
477196100,2020-08-19T20:09:49,37.19380,-76.13461,0.1,267.8,5.0,DARYA MA,IMO9591674,VRJH5,70,1,229,32,14.5,,A
477866300,2020-08-19T20:14:01,36.96088,-76.33586,9.7,179.4,184.0,BILBAO BRIDGE,IMO9492701,VRHY6,70,0,269,35,11.0,74,A
367821000,2020-08-19T20:17:58,36.97285,-76.43367,0.0,0.0,511.0,YANO,IMO7825409,NAQH,70,0,276,32,13.0,70,A
366839000,2020-08-19T20:19:03,36.85347,-76.31081,0.0,0.0,39.0,CAPE RISE,IMO7530808,KAFG,70,5,197,32,10.0,,A
538006982,2020-08-19T20:19:48,36.99029,-76.17110,12.8,287.5,290.0,ANTE TOPIC,IMO9737072,V7TR4,70,0,,,,,A
367821000,2020-08-19T20:23:07,36.97284,-76.43366,0.0,0.0,511.0,YANO,IMO7825409,NAQH,70,0,276,32,13.0,70,A
367821000,2020-08-19T20:24:27,36.97284,-76.43366,0.0,0.0,511.0,YANO,IMO7825409,NAQH,70,0,276,32,13.0,70,A
367861000,2020-08-19T20:21:01,36.94637,-76.32975,0.0,0.0,265.0,LARAMIE,IMO8906626,NLAR,80,5,193,29,,,A
211839000,2020-08-19T20:29:58,36.90658,-76.32676,0.0,353.0,353.0,CHICAGO EXPRESS,IMO9295268,DCUJ2,70,5,336,42,14.6,79,A
367078110,2020-08-19T20:29:13,36.83854,-76.28198,0.0,336.0,511.0,MARCELLE BORDELON,IMO9350379,WDJ2038,79,3,45,11,3.0,79,A
367932000,2020-08-19T20:23:17,36.94910,-76.32963,0.0,107.0,279.0,JOHN LENTHALL,IMO8325547,NJLN,80,5,193,29,,,A
477196100,2020-08-19T20:30:51,37.19381,-76.13462,0.1,267.8,1.0,DARYA MA,IMO9591674,VRJH5,70,1,229,32,14.5,,A
368026000,2020-08-19T20:30:22,36.86576,-76.31605,0.0,270.5,2.0,BENAVIDEZ,IMO9218210,NBHG,70,5,289,32,10.9,70,A
305855000,2020-08-19T20:32:46,36.86428,-76.31476,0.0,123.5,226.0,BBC PEARL,IMO9504786,V2FY8,70,5,153,23,9.1,70,A
477866300,2020-08-19T20:35:53,36.92911,-76.33712,1.1,137.5,244.0,BILBAO BRIDGE,IMO9492701,VRHY6,70,0,269,35,11.0,74,A
477866300,2020-08-19T20:37:32,36.92895,-76.33601,2.5,99.3,272.0,BILBAO BRIDGE,IMO9492701,VRHY6,70,0,269,35,11.0,74,A
367822000,2020-08-19T20:35:55,36.97311,-76.43384,0.0,0.0,238.0,USNS SHUGHART,IMO7825394,NAOQ,70,5,276,32,13.0,70,A
367078110,2020-08-19T20:37:34,36.83854,-76.28197,0.0,332.0,511.0,MARCELLE BORDELON,IMO9350379,WDJ2038,79,3,45,11,3.0,79,A
367821000,2020-08-19T20:39:17,36.97285,-76.43365,0.0,0.0,511.0,YANO,IMO7825409,NAQH,70,0,276,32,13.0,70,A
477866300,2020-08-19T20:42:32,36.92712,-76.33106,2.8,120.9,311.0,BILBAO BRIDGE,IMO9492701,VRHY6,70,0,269,35,11.0,74,A
367861000,2020-08-19T20:42:00,36.94641,-76.32975,0.0,0.0,265.0,LARAMIE,IMO8906626,NLAR,80,5,193,29,,,A
211839000,2020-08-19T20:42:01,36.90664,-76.32671,0.0,352.0,353.0,CHICAGO EXPRESS,IMO9295268,DCUJ2,70,5,336,42,14.6,79,A
367932000,2020-08-19T20:35:16,36.94912,-76.32958,0.0,107.0,279.0,JOHN LENTHALL,IMO8325547,NJLN,80,5,193,29,,,A
477866300,2020-08-19T20:44:31,36.92713,-76.33071,1.5,45.2,335.0,BILBAO BRIDGE,IMO9492701,VRHY6,70,0,269,35,11.0,74,A
538002652,2020-08-19T20:45:50,36.87945,-76.32645,0.0,204.0,276.0,NAIAS,IMO9330800,V7KN8,70,5,225,32,14.0,70,A
477196100,2020-08-19T20:42:54,37.19381,-76.13460,0.1,267.8,5.0,DARYA MA,IMO9591674,VRJH5,70,1,229,32,14.5,,A
305855000,2020-08-19T20:47:49,36.86427,-76.31475,0.0,179.0,226.0,BBC PEARL,IMO9504786,V2FY8,70,5,153,23,9.1,70,A
367078110,2020-08-19T20:50:22,36.83855,-76.28197,0.0,254.0,511.0,MARCELLE BORDELON,IMO9350379,WDJ2038,79,3,45,11,3.0,79,A
477196100,2020-08-19T20:48:53,37.19383,-76.13460,0.1,267.8,7.0,DARYA MA,IMO9591674,VRJH5,70,1,229,32,14.5,,A
367822000,2020-08-19T20:50:55,36.97312,-76.43382,0.0,0.0,238.0,USNS SHUGHART,IMO7825394,NAOQ,70,5,276,32,13.0,70,A
368026000,2020-08-19T20:51:21,36.86576,-76.31606,0.0,270.5,2.0,BENAVIDEZ,IMO9218210,NBHG,70,5,289,32,10.9,70,A
477196100,2020-08-19T20:51:49,37.19382,-76.13455,0.1,267.8,7.0,DARYA MA,IMO9591674,VRJH5,70,1,229,32,14.5,,A
367821000,2020-08-19T20:58:47,36.97285,-76.43366,0.0,0.0,511.0,YANO,IMO7825409,NAQH,70,0,276,32,13.0,70,A
366839000,2020-08-19T21:01:00,36.85352,-76.31080,0.0,0.0,39.0,CAPE RISE,IMO7530808,KAFG,70,5,197,32,10.0,,A
538006982,2020-08-19T21:00:09,36.97644,-76.32820,13.0,224.7,227.0,ANTE TOPIC,IMO9737072,V7TR4,70,0,,,,,A
538006982,2020-08-19T21:03:38,36.96742,-76.33956,13.4,225.3,228.0,ANTE TOPIC,IMO9737072,V7TR4,70,0,,,,,A
538006982,2020-08-19T21:08:08,36.95886,-76.35638,12.6,254.2,264.0,ANTE TOPIC,IMO9737072,V7TR4,70,0,,,,,A
367861000,2020-08-19T21:06:01,36.94637,-76.32977,0.0,0.0,265.0,LARAMIE,IMO8906626,NLAR,80,5,193,29,,,A
477196100,2020-08-19T21:09:54,37.19383,-76.13457,0.1,267.8,6.0,DARYA MA,IMO9591674,VRJH5,70,1,229,32,14.5,,A
211839000,2020-08-19T21:09:13,36.90660,-76.32675,0.0,352.0,352.0,CHICAGO EXPRESS,IMO9295268,DCUJ2,70,5,336,42,14.6,79,A
367932000,2020-08-19T21:05:17,36.94919,-76.32971,0.0,107.0,279.0,JOHN LENTHALL,IMO8325547,NJLN,80,5,193,29,,,A
538006982,2020-08-19T21:09:18,36.95835,-76.36146,12.5,263.8,266.0,ANTE TOPIC,IMO9737072,V7TR4,70,0,,,,,A
215677000,2020-08-19T21:12:06,37.23517,-76.11849,0.1,281.1,18.0,RIZE,IMO9584035,9HA2781,70,1,229,32,14.5,,A
367821000,2020-08-19T21:09:37,36.97283,-76.43365,0.0,0.0,511.0,YANO,IMO7825409,NAQH,70,0,276,32,13.0,70,A
477866300,2020-08-19T21:13:25,36.92737,-76.32991,0.0,256.1,354.0,BILBAO BRIDGE,IMO9492701,VRHY6,70,5,269,35,11.0,74,A
477196100,2020-08-19T21:12:51,37.19379,-76.13457,0.1,267.8,4.0,DARYA MA,IMO9591674,VRJH5,70,1,229,32,14.5,,A
367078110,2020-08-19T21:14:13,36.83854,-76.28198,0.0,45.0,511.0,MARCELLE BORDELON,IMO9350379,WDJ2038,79,3,45,11,3.0,79,A
215677000,2020-08-19T21:15:04,37.23519,-76.11857,0.0,281.1,23.0,RIZE,IMO9584035,9HA2781,70,1,229,32,14.5,,A
367078110,2020-08-19T21:16:23,36.83854,-76.28198,0.0,260.0,511.0,MARCELLE BORDELON,IMO9350379,WDJ2038,79,3,45,11,3.0,79,A
367861000,2020-08-19T21:18:01,36.94637,-76.32977,0.0,0.0,265.0,LARAMIE,IMO8906626,NLAR,80,5,193,29,,,A
367932000,2020-08-19T21:11:16,36.94915,-76.32970,0.0,107.0,279.0,JOHN LENTHALL,IMO8325547,NJLN,80,5,193,29,,,A
211839000,2020-08-19T21:18:17,36.90656,-76.32677,0.0,352.0,352.0,CHICAGO EXPRESS,IMO9295268,DCUJ2,70,5,336,42,14.6,79,A
538006982,2020-08-19T21:20:49,36.95427,-76.40185,7.1,259.8,265.0,ANTE TOPIC,IMO9737072,V7TR4,70,0,,,,,A
367932000,2020-08-19T21:17:17,36.94907,-76.32985,0.0,107.0,279.0,JOHN LENTHALL,IMO8325547,NJLN,80,5,193,29,,,A
367078110,2020-08-19T21:23:23,36.83855,-76.28197,0.0,184.0,511.0,MARCELLE BORDELON,IMO9350379,WDJ2038,79,3,45,11,3.0,79,A
538006982,2020-08-19T21:28:37,36.95589,-76.41755,4.9,305.7,308.0,ANTE TOPIC,IMO9737072,V7TR4,70,0,,,,,A
366839000,2020-08-19T21:28:04,36.85348,-76.31084,0.0,0.0,39.0,CAPE RISE,IMO7530808,KAFG,70,5,197,32,10.0,,A
367932000,2020-08-19T21:23:16,36.94925,-76.32973,0.0,107.0,279.0,JOHN LENTHALL,IMO8325547,NJLN,80,5,193,29,,,A
477866300,2020-08-19T21:31:24,36.92737,-76.32988,0.0,199.9,355.0,BILBAO BRIDGE,IMO9492701,VRHY6,70,5,269,35,11.0,74,A
367821000,2020-08-19T21:31:18,36.97287,-76.43374,0.0,0.0,511.0,YANO,IMO7825409,NAQH,70,0,276,32,13.0,70,A
477866300,2020-08-19T21:34:24,36.92741,-76.32987,0.0,199.9,355.0,BILBAO BRIDGE,IMO9492701,VRHY6,70,5,269,35,11.0,74,A
538006982,2020-08-19T21:37:27,36.96146,-76.42351,2.0,349.8,20.0,ANTE TOPIC,IMO9737072,V7TR4,70,0,,,,,A
211839000,2020-08-19T21:39:27,36.90658,-76.32673,0.0,353.0,353.0,CHICAGO EXPRESS,IMO9295268,DCUJ2,70,5,336,42,14.6,79,A
367078110,2020-08-19T21:40:52,36.83855,-76.28197,0.0,38.0,511.0,MARCELLE BORDELON,IMO9350379,WDJ2038,79,3,45,11,3.0,79,A
305855000,2020-08-19T21:38:49,36.86427,-76.31472,0.0,171.2,227.0,BBC PEARL,IMO9504786,V2FY8,70,5,153,23,9.1,70,A
367861000,2020-08-19T21:39:01,36.94636,-76.32976,0.0,0.0,266.0,LARAMIE,IMO8906626,NLAR,80,5,193,29,,,A
305855000,2020-08-19T21:44:48,36.86425,-76.31476,0.0,192.1,227.0,BBC PEARL,IMO9504786,V2FY8,70,5,153,23,9.1,70,A
367078110,2020-08-19T21:42:03,36.83856,-76.28197,0.0,359.0,511.0,MARCELLE BORDELON,IMO9350379,WDJ2038,79,3,45,11,3.0,79,A
368026000,2020-08-19T21:48:21,36.86574,-76.31606,0.0,270.5,2.0,BENAVIDEZ,IMO9218210,NBHG,70,5,289,32,10.9,70,A
367078110,2020-08-19T21:53:12,36.83854,-76.28198,0.0,186.0,511.0,MARCELLE BORDELON,IMO9350379,WDJ2038,79,3,45,11,3.0,79,A
367821000,2020-08-19T21:52:57,36.97285,-76.43369,0.0,0.0,511.0,YANO,IMO7825409,NAQH,70,0,276,32,13.0,70,A
367078110,2020-08-19T21:56:53,36.83854,-76.28198,0.0,221.0,511.0,MARCELLE BORDELON,IMO9350379,WDJ2038,79,3,45,11,3.0,79,A
305855000,2020-08-19T21:56:49,36.86427,-76.31478,0.0,198.3,226.0,BBC PEARL,IMO9504786,V2FY8,70,5,153,23,9.1,70,A
215677000,2020-08-19T21:57:08,37.23518,-76.11851,0.1,321.1,19.0,RIZE,IMO9584035,9HA2781,70,1,229,32,14.5,,A
215677000,2020-08-19T22:00:03,37.23519,-76.11853,0.0,321.1,17.0,RIZE,IMO9584035,9HA2781,70,1,229,32,14.5,,A
368026000,2020-08-19T22:00:21,36.86575,-76.31603,0.0,270.5,2.0,BENAVIDEZ,IMO9218210,NBHG,70,5,289,32,10.9,70,A
538002652,2020-08-19T22:00:53,36.87947,-76.32648,0.0,226.0,276.0,NAIAS,IMO9330800,V7KN8,70,5,225,32,14.0,70,A
538002652,2020-08-19T22:03:51,36.87947,-76.32652,0.0,226.0,276.0,NAIAS,IMO9330800,V7KN8,70,5,225,32,14.0,70,A
367078110,2020-08-19T22:04:53,36.83853,-76.28198,0.0,281.0,511.0,MARCELLE BORDELON,IMO9350379,WDJ2038,79,3,45,11,3.0,79,A
538002652,2020-08-19T22:06:52,36.87948,-76.32652,0.0,226.0,276.0,NAIAS,IMO9330800,V7KN8,70,5,225,32,14.0,70,A
367078110,2020-08-19T22:07:13,36.83853,-76.28198,0.0,265.0,511.0,MARCELLE BORDELON,IMO9350379,WDJ2038,79,3,45,11,3.0,79,A
477866300,2020-08-19T22:10:23,36.92743,-76.32992,0.0,188.6,355.0,BILBAO BRIDGE,IMO9492701,VRHY6,70,5,269,35,11.0,74,A
367822000,2020-08-19T22:11:55,36.97313,-76.43382,0.0,0.0,238.0,USNS SHUGHART,IMO7825394,NAOQ,70,5,276,32,13.0,70,A
367861000,2020-08-19T22:12:01,36.94634,-76.32980,0.0,0.0,265.0,LARAMIE,IMO8906626,NLAR,80,5,193,29,,,A
367078110,2020-08-19T22:10:43,36.83854,-76.28199,0.0,325.0,511.0,MARCELLE BORDELON,IMO9350379,WDJ2038,79,3,45,11,3.0,79,A
367078110,2020-08-19T22:11:52,36.83854,-76.28199,0.0,240.0,511.0,MARCELLE BORDELON,IMO9350379,WDJ2038,79,3,45,11,3.0,79,A
538006982,2020-08-19T22:14:16,36.96256,-76.42363,0.0,171.8,40.0,ANTE TOPIC,IMO9737072,V7TR4,70,5,,,,,A
477866300,2020-08-19T22:13:25,36.92741,-76.32992,0.0,188.6,354.0,BILBAO BRIDGE,IMO9492701,VRHY6,70,5,269,35,11.0,74,A
367821000,2020-08-19T22:13:07,36.97285,-76.43368,0.0,0.0,511.0,YANO,IMO7825409,NAQH,70,0,276,32,13.0,70,A
367821000,2020-08-19T22:16:07,36.97285,-76.43368,0.0,0.0,511.0,YANO,IMO7825409,NAQH,70,0,276,32,13.0,70,A
477866300,2020-08-19T22:16:22,36.92743,-76.32986,0.0,188.6,354.0,BILBAO BRIDGE,IMO9492701,VRHY6,70,5,269,35,11.0,74,A
367821000,2020-08-19T22:17:18,36.97285,-76.43368,0.0,0.0,511.0,YANO,IMO7825409,NAQH,70,0,276,32,13.0,70,A
367821000,2020-08-19T22:18:28,36.97290,-76.43368,0.0,0.0,511.0,YANO,IMO7825409,NAQH,70,0,276,32,13.0,70,A
211839000,2020-08-19T22:18:43,36.90656,-76.32673,0.0,353.0,353.0,CHICAGO EXPRESS,IMO9295268,DCUJ2,70,5,336,42,14.6,79,A
366839000,2020-08-19T22:16:03,36.85348,-76.31082,0.0,0.0,40.0,CAPE RISE,IMO7530808,KAFG,70,5,197,32,10.0,,A
477866300,2020-08-19T22:19:24,36.92738,-76.32992,0.0,210.7,354.0,BILBAO BRIDGE,IMO9492701,VRHY6,70,5,269,35,11.0,74,A
215677000,2020-08-19T22:21:05,37.23516,-76.11846,0.0,298.8,16.0,RIZE,IMO9584035,9HA2781,70,1,229,32,14.5,,A
305855000,2020-08-19T22:20:48,36.86427,-76.31478,0.0,93.8,226.0,BBC PEARL,IMO9504786,V2FY8,70,5,153,23,9.1,70,A
538006982,2020-08-19T22:23:16,36.96256,-76.42368,0.0,171.8,41.0,ANTE TOPIC,IMO9737072,V7TR4,70,5,,,,,A
367861000,2020-08-19T22:21:00,36.94630,-76.32979,0.0,0.0,265.0,LARAMIE,IMO8906626,NLAR,80,5,193,29,,,A
305855000,2020-08-19T22:23:48,36.86429,-76.31475,0.1,92.0,226.0,BBC PEARL,IMO9504786,V2FY8,70,5,153,23,9.1,70,A
367078110,2020-08-19T22:27:35,36.83854,-76.28199,0.0,287.0,511.0,MARCELLE BORDELON,IMO9350379,WDJ2038,79,3,45,11,3.0,79,A
538006982,2020-08-19T22:29:16,36.96257,-76.42367,0.1,97.5,41.0,ANTE TOPIC,IMO9737072,V7TR4,70,5,,,,,A
367822000,2020-08-19T22:29:55,36.97307,-76.43385,0.0,0.0,239.0,USNS SHUGHART,IMO7825394,NAOQ,70,5,276,32,13.0,70,A
368026000,2020-08-19T22:30:20,36.86578,-76.31604,0.0,270.5,2.0,BENAVIDEZ,IMO9218210,NBHG,70,5,289,32,10.9,70,A
367078110,2020-08-19T22:29:55,36.83854,-76.28199,0.0,49.0,511.0,MARCELLE BORDELON,IMO9350379,WDJ2038,79,3,45,11,3.0,79,A
366839000,2020-08-19T22:34:05,36.85350,-76.31077,0.0,0.0,40.0,CAPE RISE,IMO7530808,KAFG,70,5,197,32,10.0,,A
368026000,2020-08-19T22:39:21,36.86575,-76.31605,0.0,270.5,2.0,BENAVIDEZ,IMO9218210,NBHG,70,5,289,32,10.9,70,A
538002652,2020-08-19T22:36:53,36.87948,-76.32647,0.0,226.0,276.0,NAIAS,IMO9330800,V7KN8,70,5,225,32,14.0,70,A
215677000,2020-08-19T22:39:07,37.23523,-76.11870,0.1,305.5,24.0,RIZE,IMO9584035,9HA2781,70,1,229,32,14.5,,A
477866300,2020-08-19T22:40:24,36.92739,-76.32989,0.0,160.4,355.0,BILBAO BRIDGE,IMO9492701,VRHY6,70,5,269,35,11.0,74,A
367822000,2020-08-19T22:41:55,36.97310,-76.43384,0.0,0.0,239.0,USNS SHUGHART,IMO7825394,NAOQ,70,5,276,32,13.0,70,A
366839000,2020-08-19T22:39:58,36.85346,-76.31083,0.0,0.0,40.0,CAPE RISE,IMO7530808,KAFG,70,5,197,32,10.0,,A
367078110,2020-08-19T22:42:04,36.83852,-76.28198,0.0,202.0,511.0,MARCELLE BORDELON,IMO9350379,WDJ2038,79,3,45,11,3.0,79,A
215677000,2020-08-19T22:42:01,37.23523,-76.11864,0.0,305.5,22.0,RIZE,IMO9584035,9HA2781,70,1,229,32,14.5,,A
215677000,2020-08-19T22:45:06,37.23522,-76.11860,0.0,305.5,20.0,RIZE,IMO9584035,9HA2781,70,1,229,32,14.5,,A
367932000,2020-08-19T22:38:18,36.94909,-76.32977,0.0,107.0,279.0,JOHN LENTHALL,IMO8325547,NJLN,80,5,193,29,,,A
367821000,2020-08-19T22:47:27,36.97286,-76.43367,0.0,0.0,511.0,YANO,IMO7825409,NAQH,70,0,276,32,13.0,70,A
305855000,2020-08-19T22:47:46,36.86429,-76.31474,0.0,78.5,227.0,BBC PEARL,IMO9504786,V2FY8,70,5,153,23,9.1,70,A
368026000,2020-08-19T22:51:21,36.86576,-76.31603,0.0,270.5,2.0,BENAVIDEZ,IMO9218210,NBHG,70,5,289,32,10.9,70,A
538006982,2020-08-19T22:53:16,36.96257,-76.42367,0.0,91.8,40.0,ANTE TOPIC,IMO9737072,V7TR4,70,5,,,,,A
538002652,2020-08-19T22:57:51,36.87948,-76.32645,0.0,226.0,276.0,NAIAS,IMO9330800,V7KN8,70,5,225,32,14.0,70,A
367932000,2020-08-19T22:50:17,36.94917,-76.32967,0.0,107.0,279.0,JOHN LENTHALL,IMO8325547,NJLN,80,5,193,29,,,A
367821000,2020-08-19T22:57:28,36.97285,-76.43367,0.0,0.0,511.0,YANO,IMO7825409,NAQH,70,0,276,32,13.0,70,A
305855000,2020-08-19T22:59:46,36.86430,-76.31476,0.0,83.9,227.0,BBC PEARL,IMO9504786,V2FY8,70,5,153,23,9.1,70,A
368026000,2020-08-19T23:00:20,36.86576,-76.31602,0.0,270.5,2.0,BENAVIDEZ,IMO9218210,NBHG,70,5,289,32,10.9,70,A
367078110,2020-08-19T23:01:26,36.83854,-76.28197,0.0,183.0,511.0,MARCELLE BORDELON,IMO9350379,WDJ2038,79,3,45,11,3.0,79,A
538006982,2020-08-19T23:02:16,36.96256,-76.42367,0.0,91.8,40.0,ANTE TOPIC,IMO9737072,V7TR4,70,5,,,,,A
211839000,2020-08-19T23:04:04,36.90657,-76.32675,0.0,352.0,352.0,CHICAGO EXPRESS,IMO9295268,DCUJ2,70,5,336,42,14.6,79,A
367078110,2020-08-19T23:03:46,36.83854,-76.28197,0.0,196.0,511.0,MARCELLE BORDELON,IMO9350379,WDJ2038,79,3,45,11,3.0,79,A
538002652,2020-08-19T23:03:53,36.87945,-76.32643,0.0,226.0,276.0,NAIAS,IMO9330800,V7KN8,70,5,225,32,14.0,70,A
367821000,2020-08-19T23:06:17,36.97279,-76.43367,0.0,0.0,511.0,YANO,IMO7825409,NAQH,70,0,276,32,13.0,70,A
538006982,2020-08-19T23:05:16,36.96255,-76.42368,0.0,91.8,40.0,ANTE TOPIC,IMO9737072,V7TR4,70,5,,,,,A
305855000,2020-08-19T23:05:49,36.86428,-76.31477,0.0,83.9,227.0,BBC PEARL,IMO9504786,V2FY8,70,5,153,23,9.1,70,A
368026000,2020-08-19T23:09:21,36.86579,-76.31604,0.0,270.5,2.0,BENAVIDEZ,IMO9218210,NBHG,70,5,289,32,10.9,70,A
367078110,2020-08-19T23:07:35,36.83853,-76.28198,0.0,289.0,511.0,MARCELLE BORDELON,IMO9350379,WDJ2038,79,3,45,11,3.0,79,A
477196100,2020-08-19T23:12:48,37.19452,-76.13634,0.1,256.5,43.0,DARYA MA,IMO9591674,VRJH5,70,1,229,32,14.5,,A
367078110,2020-08-19T23:12:14,36.83853,-76.28199,0.0,195.0,511.0,MARCELLE BORDELON,IMO9350379,WDJ2038,79,3,45,11,3.0,79,A
368026000,2020-08-19T23:12:20,36.86576,-76.31603,0.0,270.5,2.0,BENAVIDEZ,IMO9218210,NBHG,70,5,289,32,10.9,70,A
366839000,2020-08-19T23:13:03,36.85348,-76.31080,0.0,0.0,39.0,CAPE RISE,IMO7530808,KAFG,70,5,197,32,10.0,,A
538003366,2020-08-19T23:15:19,37.15204,-76.15017,11.9,172.6,172.0,ALGOMA VALUE,IMO7926148,V7QH6,70,0,244,32,12.8,,A
215677000,2020-08-19T23:15:07,37.23532,-76.11883,0.1,305.5,27.0,RIZE,IMO9584035,9HA2781,70,1,229,32,14.5,,A
366839000,2020-08-19T23:16:06,36.85348,-76.31078,0.0,0.0,39.0,CAPE RISE,IMO7530808,KAFG,70,5,197,32,10.0,,A
538003366,2020-08-19T23:18:09,37.14301,-76.14781,11.4,155.2,151.0,ALGOMA VALUE,IMO7926148,V7QH6,70,0,244,32,12.8,,A
305855000,2020-08-19T23:20:46,36.86429,-76.31477,0.0,83.9,226.0,BBC PEARL,IMO9504786,V2FY8,70,5,153,23,9.1,70,A
367822000,2020-08-19T23:23:56,36.97312,-76.43385,0.0,0.0,238.0,USNS SHUGHART,IMO7825394,NAOQ,70,5,276,32,13.0,70,A
211839000,2020-08-19T23:28:15,36.90657,-76.32675,0.0,352.0,352.0,CHICAGO EXPRESS,IMO9295268,DCUJ2,70,5,336,42,14.6,79,A
538003366,2020-08-19T23:25:48,37.12186,-76.13278,11.4,148.9,149.0,ALGOMA VALUE,IMO7926148,V7QH6,70,0,244,32,12.8,,A
538006982,2020-08-19T23:26:16,36.96260,-76.42364,0.0,43.4,40.0,ANTE TOPIC,IMO9737072,V7TR4,70,5,,,,,A
367861000,2020-08-19T23:27:01,36.94642,-76.32985,0.0,0.0,265.0,LARAMIE,IMO8906626,NLAR,80,5,193,29,,,A
215677000,2020-08-19T23:27:07,37.23541,-76.11892,0.1,305.5,29.0,RIZE,IMO9584035,9HA2781,70,1,229,32,14.5,,A
367078110,2020-08-19T23:30:05,36.83853,-76.28199,0.0,173.0,511.0,MARCELLE BORDELON,IMO9350379,WDJ2038,79,3,45,11,3.0,79,A
367821000,2020-08-19T23:28:58,36.97284,-76.43365,0.0,0.0,511.0,YANO,IMO7825409,NAQH,70,0,276,32,13.0,70,A
538003366,2020-08-19T23:34:08,37.09887,-76.11607,11.4,149.4,149.0,ALGOMA VALUE,IMO7926148,V7QH6,70,0,244,32,12.8,,A
538006982,2020-08-19T23:35:16,36.96262,-76.42363,0.0,43.4,40.0,ANTE TOPIC,IMO9737072,V7TR4,70,5,,,,,A
477196100,2020-08-19T23:36:50,37.19479,-76.13658,0.1,301.3,54.0,DARYA MA,IMO9591674,VRJH5,70,1,229,32,14.5,,A
211839000,2020-08-19T23:34:15,36.90656,-76.32675,0.0,352.0,352.0,CHICAGO EXPRESS,IMO9295268,DCUJ2,70,5,336,42,14.6,79,A
367821000,2020-08-19T23:35:37,36.97283,-76.43365,0.0,0.0,511.0,YANO,IMO7825409,NAQH,70,0,276,32,13.0,70,A
367821000,2020-08-19T23:36:47,36.97283,-76.43365,0.0,0.0,511.0,YANO,IMO7825409,NAQH,70,0,276,32,13.0,70,A
367861000,2020-08-19T23:39:00,36.94635,-76.32981,0.0,0.0,265.0,LARAMIE,IMO8906626,NLAR,80,5,193,29,,,A
367078110,2020-08-19T23:38:54,36.83854,-76.28199,0.0,200.0,511.0,MARCELLE BORDELON,IMO9350379,WDJ2038,79,3,45,11,3.0,79,A
367821000,2020-08-19T23:37:57,36.97283,-76.43365,0.0,0.0,511.0,YANO,IMO7825409,NAQH,70,0,276,32,13.0,70,A
368026000,2020-08-19T23:42:20,36.86577,-76.31601,0.0,270.5,2.0,BENAVIDEZ,IMO9218210,NBHG,70,5,289,32,10.9,70,A
366839000,2020-08-19T23:43:01,36.85346,-76.31074,0.0,0.0,39.0,CAPE RISE,IMO7530808,KAFG,70,5,197,32,10.0,,A
367821000,2020-08-19T23:42:28,36.97283,-76.43364,0.0,0.0,511.0,YANO,IMO7825409,NAQH,70,0,276,32,13.0,70,A
538002652,2020-08-19T23:42:51,36.87943,-76.32642,0.0,226.0,276.0,NAIAS,IMO9330800,V7KN8,70,5,225,32,14.0,70,A
367821000,2020-08-19T23:45:57,36.97283,-76.43364,0.0,0.0,511.0,YANO,IMO7825409,NAQH,70,0,276,32,13.0,70,A
367821000,2020-08-19T23:47:57,36.97282,-76.43364,0.0,0.0,511.0,YANO,IMO7825409,NAQH,70,0,276,32,13.0,70,A
367821000,2020-08-19T23:50:47,36.97283,-76.43376,0.0,0.0,511.0,YANO,IMO7825409,NAQH,70,0,276,32,13.0,70,A
367861000,2020-08-19T23:45:00,36.94642,-76.32994,0.0,0.0,265.0,LARAMIE,IMO8906626,NLAR,80,5,193,29,,,A
477196100,2020-08-19T23:51:47,37.19523,-76.13678,0.1,320.8,68.0,DARYA MA,IMO9591674,VRJH5,70,1,229,32,14.5,,A
538003366,2020-08-19T23:57:59,37.03740,-76.06556,10.7,143.1,143.0,ALGOMA VALUE,IMO7926148,V7QH6,70,0,244,32,12.8,,A
367932000,2020-08-19T23:56:16,36.94910,-76.32969,0.0,107.0,279.0,JOHN LENTHALL,IMO8325547,NJLN,80,5,193,29,,,A
