MMSI,BaseDateTime,LAT,LON,SOG,COG,Heading,VesselName,IMO,CallSign,VesselType,Status,Length,Width,Draft,Cargo,TranscieverClass
367359930,2021-02-21T00:00:06,36.82417,-76.28911,0.0,285.2,511.0,SUNNY WILLIAMS,,WDE4940,80,0,25,8,,80,A
477770400,2021-02-21T00:00:10,36.87992,-76.33155,0.0,98.3,96.0,BAO MAY,IMO9410155,VRGV8,70,0,292,45,18.2,70,A
351047000,2021-02-21T00:00:08,37.29060,-76.11361,13.5,19.9,11.0,PUPLINGE,IMO9782156,3FDO8,70,0,,,,,A
366842000,2021-02-21T00:00:16,36.85381,-76.31119,0.0,0.0,42.0,CAPE RACE,IMO7616377,KAFJ,70,5,197,32,10.0,,A
428405000,2021-02-21T00:00:33,36.90624,-76.32671,0.0,351.4,351.0,ZIM QINGDAO,IMO9318163,4XFC,71,5,261,32,12.2,71,A
338273000,2021-02-21T00:01:04,36.96377,-76.35620,0.0,24.2,282.0,SLNC YORK,IMO9538907,WNCG,70,1,142,23,5.5,70,A
367353070,2021-02-21T00:00:04,36.94415,-76.32950,0.0,160.0,267.0,EVERGREEN STATE,IMO9408138,WDE4430,80,5,183,32,11.8,89,A
367862000,2021-02-21T00:00:45,36.94809,-76.32972,0.0,35.7,280.0,JOSHUA HUMPHREYS,IMO8302428,NNJH,80,5,193,29,,,A
477950300,2021-02-21T00:00:32,36.87517,-76.34934,0.0,140.9,347.0,COSCO DEVELOPMENT,IMO9472139,VRIZ9,70,5,366,48,15.5,70,A
538005622,2021-02-21T00:00:16,36.87958,-76.32627,0.0,121.1,276.0,SASEBO GREEN,IMO9675468,V7FN3,70,5,225,32,14.4,,A
338678000,2021-02-21T00:00:30,36.91619,-76.16840,0.0,290.4,10.0,DOLORES CHOUEST,IMO8225931,WCP8847,70,5,54,12,4.0,35,A
373765000,2021-02-21T00:00:16,37.26342,-76.10533,0.1,230.7,344.0,AM CONTRECOEUR,IMO9583184,3FBX4,70,1,229,32,14.4,,A
356589000,2021-02-21T00:01:14,37.23803,-76.09464,0.0,177.8,345.0,DOUBLE FORTUNE,IMO9574119,3FHZ2,70,1,234,38,14.5,70,A
477770400,2021-02-21T00:01:19,36.87991,-76.33155,0.0,98.3,96.0,BAO MAY,IMO9410155,VRGV8,70,0,292,45,18.2,70,A
367821000,2021-02-21T00:01:54,36.97281,-76.43365,0.0,0.0,511.0,YANO,IMO7825409,NAQH,70,5,276,32,13.0,70,A
356643000,2021-02-21T00:02:05,36.93733,-76.37767,0.1,123.9,284.0,ARKI,IMO9561801,3ENP3,70,1,170,27,9.7,70,A
477770400,2021-02-21T00:02:29,36.87991,-76.33155,0.0,98.3,96.0,BAO MAY,IMO9410155,VRGV8,70,0,292,45,18.2,70,A
367822000,2021-02-21T00:02:09,36.97310,-76.43383,0.0,0.0,511.0,USNS SHUGHART,IMO7825394,NAOQ,70,5,276,32,13.0,70,A
351047000,2021-02-21T00:01:17,37.29471,-76.11253,12.8,2.5,357.0,PUPLINGE,IMO9782156,3FDO8,70,0,,,,,A
255806078,2021-02-21T00:02:20,36.90925,-76.32715,0.1,306.9,352.0,NORTHERN MAGNUM,IMO9252541,CQIV4,71,5,300,40,11.3,71,A
477770400,2021-02-21T00:03:39,36.87991,-76.33156,0.0,98.3,96.0,BAO MAY,IMO9410155,VRGV8,70,0,292,45,18.2,70,A
351047000,2021-02-21T00:02:28,37.29888,-76.11274,12.6,355.0,355.0,PUPLINGE,IMO9782156,3FDO8,70,0,,,,,A
366842000,2021-02-21T00:03:11,36.85383,-76.31118,0.0,0.0,42.0,CAPE RACE,IMO7616377,KAFJ,70,5,197,32,10.0,,A
351047000,2021-02-21T00:03:38,37.30294,-76.11319,12.6,355.2,355.0,PUPLINGE,IMO9782156,3FDO8,70,0,,,,,A
367359930,2021-02-21T00:03:34,36.82417,-76.28911,0.0,295.1,511.0,SUNNY WILLIAMS,,WDE4940,80,0,25,8,,80,A
367359930,2021-02-21T00:02:25,36.82418,-76.28913,0.0,287.5,511.0,SUNNY WILLIAMS,,WDE4940,80,0,25,8,,80,A
366841000,2021-02-21T00:03:05,36.85327,-76.31054,0.0,0.0,511.0,CAPE RAY,IMO7530810,KAFI,70,5,197,32,10.0,,A
366839000,2021-02-21T00:02:15,36.85348,-76.31079,0.0,0.0,40.0,CAPE RISE,IMO7530808,KAFG,70,5,197,32,10.0,,A
538005622,2021-02-21T00:03:16,36.87959,-76.32623,0.0,173.2,276.0,SASEBO GREEN,IMO9675468,V7FN3,70,5,225,32,14.4,,A
373765000,2021-02-21T00:03:18,37.26339,-76.10536,0.0,230.7,345.0,AM CONTRECOEUR,IMO9583184,3FBX4,70,1,229,32,14.4,,A
367865000,2021-02-21T00:02:18,36.88689,-76.33849,0.0,286.4,10.0,KANAWHA,IMO8704080,NPTD,80,5,206,29,,,A
367353070,2021-02-21T00:03:04,36.94415,-76.32950,0.0,160.0,267.0,EVERGREEN STATE,IMO9408138,WDE4430,80,5,183,32,11.8,89,A
428405000,2021-02-21T00:03:35,36.90627,-76.32671,0.0,351.5,352.0,ZIM QINGDAO,IMO9318163,4XFC,71,5,261,32,9.9,71,A
356589000,2021-02-21T00:04:13,37.23802,-76.09468,0.1,162.4,346.0,DOUBLE FORTUNE,IMO9574119,3FHZ2,70,1,234,38,14.5,70,A
477950300,2021-02-21T00:03:33,36.87518,-76.34933,0.0,117.7,347.0,COSCO DEVELOPMENT,IMO9472139,VRIZ9,70,5,366,48,15.5,70,A
367862000,2021-02-21T00:03:44,36.94810,-76.32968,0.0,35.7,280.0,JOSHUA HUMPHREYS,IMO8302428,NNJH,80,5,193,29,,,A
338678000,2021-02-21T00:03:30,36.91620,-76.16842,0.0,289.7,10.0,DOLORES CHOUEST,IMO8225931,WCP8847,70,5,54,12,4.0,35,A
255806078,2021-02-21T00:05:24,36.90932,-76.32717,0.1,306.9,352.0,NORTHERN MAGNUM,IMO9252541,CQIV4,71,5,300,40,11.3,71,A
368026000,2021-02-21T00:05:43,36.86576,-76.31606,0.0,224.2,511.0,BENAVIDEZ,IMO9218210,NBHG,70,5,289,32,10.9,70,A
338846000,2021-02-21T00:04:46,36.86554,-76.31576,0.0,0.1,511.0,USNS MENDONCA,IMO9147320,NBMK,70,5,289,32,10.9,,A
367359930,2021-02-21T00:04:46,36.82417,-76.28912,0.0,295.6,511.0,SUNNY WILLIAMS,,WDE4940,80,0,25,8,,80,A
356643000,2021-02-21T00:05:06,36.93744,-76.37763,0.1,29.0,282.0,ARKI,IMO9561801,3ENP3,70,1,170,27,9.7,70,A
367865000,2021-02-21T00:05:19,36.88695,-76.33854,0.0,286.4,10.0,KANAWHA,IMO8704080,NPTD,80,5,206,29,,,A
351047000,2021-02-21T00:05:57,37.31113,-76.11402,12.8,355.6,355.0,PUPLINGE,IMO9782156,3FDO8,70,0,,,,,A
366841000,2021-02-21T00:06:02,36.85329,-76.31052,0.0,0.0,511.0,CAPE RAY,IMO7530810,KAFI,70,5,197,32,10.0,,A
338678000,2021-02-21T00:06:30,36.91621,-76.16842,0.0,287.9,10.0,DOLORES CHOUEST,IMO8225931,WCP8847,70,5,54,12,4.0,35,A
428405000,2021-02-21T00:06:34,36.90626,-76.32668,0.0,351.5,352.0,ZIM QINGDAO,IMO9318163,4XFC,71,5,261,32,9.9,71,A
367359930,2021-02-21T00:07:04,36.82418,-76.28913,0.0,299.1,511.0,SUNNY WILLIAMS,,WDE4940,80,0,25,8,,80,A
366839000,2021-02-21T00:08:09,36.85350,-76.31083,0.0,0.0,40.0,CAPE RISE,IMO7530808,KAFG,70,5,197,32,10.0,,A
477950300,2021-02-21T00:06:31,36.87515,-76.34925,0.0,134.7,347.0,COSCO DEVELOPMENT,IMO9472139,VRIZ9,70,5,366,48,15.5,70,A
636092329,2021-02-21T00:05:04,37.24713,-76.11722,0.1,255.6,341.0,BLUMENAU,IMO9605633,D5AL3,70,1,229,32,14.4,,A
338273000,2021-02-21T00:07:04,36.96380,-76.35621,0.0,24.2,282.0,SLNC YORK,IMO9538907,WNCG,70,1,142,23,5.5,70,A
356589000,2021-02-21T00:07:13,37.23803,-76.09469,0.1,82.2,347.0,DOUBLE FORTUNE,IMO9574119,3FHZ2,70,1,234,38,14.5,70,A
367821000,2021-02-21T00:04:53,36.97281,-76.43367,0.0,0.0,511.0,YANO,IMO7825409,NAQH,70,5,276,32,13.0,70,A
477770400,2021-02-21T00:04:49,36.87992,-76.33155,0.0,98.3,96.0,BAO MAY,IMO9410155,VRGV8,70,0,292,45,18.2,70,A
351047000,2021-02-21T00:04:47,37.30706,-76.11362,12.7,355.3,355.0,PUPLINGE,IMO9782156,3FDO8,70,0,,,,,A
338846000,2021-02-21T00:07:46,36.86556,-76.31579,0.0,0.1,511.0,USNS MENDONCA,IMO9147320,NBMK,70,5,289,32,10.9,,A
367359930,2021-02-21T00:05:55,36.82417,-76.28913,0.0,292.7,511.0,SUNNY WILLIAMS,,WDE4940,80,0,25,8,,80,A
367821000,2021-02-21T00:07:53,36.97281,-76.43367,0.0,0.0,511.0,YANO,IMO7825409,NAQH,70,5,276,32,13.0,70,A
367822000,2021-02-21T00:08:09,36.97311,-76.43385,0.0,0.0,511.0,USNS SHUGHART,IMO7825394,NAOQ,70,5,276,32,13.0,70,A
351047000,2021-02-21T00:08:17,37.31951,-76.11503,12.9,354.3,354.0,PUPLINGE,IMO9782156,3FDO8,70,0,,,,,A
477770400,2021-02-21T00:08:10,36.87993,-76.33154,0.0,98.3,96.0,BAO MAY,IMO9410155,VRGV8,70,0,292,45,18.2,70,A
255806078,2021-02-21T00:08:23,36.90932,-76.32717,0.1,306.9,352.0,NORTHERN MAGNUM,IMO9252541,CQIV4,71,5,300,40,11.3,71,A
367865000,2021-02-21T00:08:19,36.88693,-76.33849,0.0,286.4,11.0,KANAWHA,IMO8704080,NPTD,80,5,206,29,,,A
368445000,2021-02-21T00:08:05,36.96310,-76.42015,0.0,55.8,188.0,OVERSEAS NIKISKI,IMO9353577,WDBH,80,5,183,32,12.2,80,A
356643000,2021-02-21T00:08:05,36.93752,-76.37762,0.1,12.0,279.0,ARKI,IMO9561801,3ENP3,70,1,170,27,9.7,70,A
636092329,2021-02-21T00:08:02,37.24712,-76.11725,0.0,255.6,343.0,BLUMENAU,IMO9605633,D5AL3,70,1,229,32,14.4,,A
367353070,2021-02-21T00:06:04,36.94415,-76.32952,0.1,141.0,267.0,EVERGREEN STATE,IMO9408138,WDE4430,80,5,183,32,11.8,89,A
366842000,2021-02-21T00:09:12,36.85386,-76.31123,0.0,0.0,42.0,CAPE RACE,IMO7616377,KAFJ,70,5,197,32,10.0,,A
477950300,2021-02-21T00:09:34,36.87512,-76.34918,0.0,117.7,347.0,COSCO DEVELOPMENT,IMO9472139,VRIZ9,70,5,366,48,15.5,70,A
373765000,2021-02-21T00:09:17,37.26340,-76.10540,0.0,230.7,345.0,AM CONTRECOEUR,IMO9583184,3FBX4,70,1,229,32,14.4,,A
428405000,2021-02-21T00:09:33,36.90626,-76.32669,0.0,351.5,352.0,ZIM QINGDAO,IMO9318163,4XFC,71,5,261,32,9.9,71,A
338273000,2021-02-21T00:10:05,36.96382,-76.35625,0.0,24.2,280.0,SLNC YORK,IMO9538907,WNCG,70,1,142,23,5.5,70,A
368026000,2021-02-21T00:08:43,36.86579,-76.31603,0.0,224.2,511.0,BENAVIDEZ,IMO9218210,NBHG,70,5,289,32,10.9,70,A
351047000,2021-02-21T00:07:08,37.31536,-76.11452,12.8,354.2,354.0,PUPLINGE,IMO9782156,3FDO8,70,0,,,,,A
351047000,2021-02-21T00:09:28,37.32372,-76.11556,12.9,354.4,354.0,PUPLINGE,IMO9782156,3FDO8,70,0,,,,,A
538005622,2021-02-21T00:09:16,36.87958,-76.32623,0.0,132.4,276.0,SASEBO GREEN,IMO9675468,V7FN3,70,5,225,32,14.4,,A
477770400,2021-02-21T00:09:18,36.87993,-76.33154,0.0,98.3,96.0,BAO MAY,IMO9410155,VRGV8,70,0,292,45,18.2,70,A
477770400,2021-02-21T00:07:09,36.87992,-76.33154,0.0,98.3,96.0,BAO MAY,IMO9410155,VRGV8,70,0,292,45,18.2,70,A
477770400,2021-02-21T00:10:28,36.87993,-76.33155,0.0,98.3,96.0,BAO MAY,IMO9410155,VRGV8,70,0,292,45,18.2,70,A
356589000,2021-02-21T00:10:11,37.23802,-76.09467,0.1,90.8,347.0,DOUBLE FORTUNE,IMO9574119,3FHZ2,70,1,234,38,14.5,70,A
338678000,2021-02-21T00:09:30,36.91621,-76.16841,0.0,270.7,10.0,DOLORES CHOUEST,IMO8225931,WCP8847,70,5,54,12,4.0,35,A
367359930,2021-02-21T00:10:25,36.82417,-76.28911,0.0,287.1,511.0,SUNNY WILLIAMS,,WDE4940,80,0,25,8,,80,A
366841000,2021-02-21T00:09:07,36.85327,-76.31050,0.0,0.0,511.0,CAPE RAY,IMO7530810,KAFI,70,5,197,32,10.0,,A
366839000,2021-02-21T00:11:09,36.85347,-76.31082,0.0,0.0,40.0,CAPE RISE,IMO7530808,KAFG,70,5,197,32,10.0,,A
367359930,2021-02-21T00:09:24,36.82418,-76.28911,0.0,288.3,511.0,SUNNY WILLIAMS,,WDE4940,80,0,25,8,,80,A
351047000,2021-02-21T00:10:38,37.32782,-76.11607,13.0,354.2,354.0,PUPLINGE,IMO9782156,3FDO8,70,0,,,,,A
367865000,2021-02-21T00:11:18,36.88689,-76.33853,0.0,286.4,11.0,KANAWHA,IMO8704080,NPTD,80,5,206,29,,,A
368445000,2021-02-21T00:11:04,36.96308,-76.42013,0.0,55.8,188.0,OVERSEAS NIKISKI,IMO9353577,WDBH,80,5,183,32,12.2,80,A
367862000,2021-02-21T00:09:45,36.94810,-76.32967,0.0,35.7,280.0,JOSHUA HUMPHREYS,IMO8302428,NNJH,80,5,193,29,,,A
356643000,2021-02-21T00:11:08,36.93766,-76.37760,0.3,24.0,278.0,ARKI,IMO9561801,3ENP3,70,1,170,27,9.7,70,A
351047000,2021-02-21T00:11:47,37.33201,-76.11658,13.0,354.5,354.0,PUPLINGE,IMO9782156,3FDO8,70,0,,,,,A
366841000,2021-02-21T00:12:07,36.85327,-76.31054,0.0,0.0,511.0,CAPE RAY,IMO7530810,KAFI,70,5,197,32,10.0,,A
338846000,2021-02-21T00:10:47,36.86562,-76.31584,0.0,0.1,511.0,USNS MENDONCA,IMO9147320,NBMK,70,5,289,32,10.9,,A
636092329,2021-02-21T00:11:04,37.24712,-76.11724,0.0,255.6,344.0,BLUMENAU,IMO9605633,D5AL3,70,1,229,32,14.4,,A
255806078,2021-02-21T00:11:27,36.90933,-76.32718,0.1,306.9,352.0,NORTHERN MAGNUM,IMO9252541,CQIV4,71,5,300,40,11.3,71,A
367353070,2021-02-21T00:12:02,36.94417,-76.32950,0.0,144.0,267.0,EVERGREEN STATE,IMO9408138,WDE4430,80,5,183,32,11.8,89,A
356643000,2021-02-21T00:14:05,36.93776,-76.37762,0.1,24.4,273.0,ARKI,IMO9561801,3ENP3,70,1,170,27,9.7,70,A
477950300,2021-02-21T00:12:33,36.87514,-76.34931,0.0,142.9,347.0,COSCO DEVELOPMENT,IMO9472139,VRIZ9,70,5,366,48,15.5,70,A
477770400,2021-02-21T00:11:39,36.87992,-76.33156,0.0,98.3,96.0,BAO MAY,IMO9410155,VRGV8,70,0,292,45,18.2,70,A
477770400,2021-02-21T00:13:59,36.87992,-76.33155,0.0,98.3,96.0,BAO MAY,IMO9410155,VRGV8,70,0,292,45,18.2,70,A
367822000,2021-02-21T00:11:09,36.97310,-76.43386,0.0,0.0,511.0,USNS SHUGHART,IMO7825394,NAOQ,70,5,276,32,13.0,70,A
356589000,2021-02-21T00:13:13,37.23801,-76.09465,0.1,78.1,347.0,DOUBLE FORTUNE,IMO9574119,3FHZ2,70,1,234,38,14.5,70,A
477770400,2021-02-21T00:12:48,36.87994,-76.33154,0.0,98.3,96.0,BAO MAY,IMO9410155,VRGV8,70,0,292,45,18.2,70,A
428405000,2021-02-21T00:12:33,36.90625,-76.32668,0.0,351.5,352.0,ZIM QINGDAO,IMO9318163,4XFC,71,5,261,32,9.9,71,A
636092329,2021-02-21T00:14:00,37.24713,-76.11719,0.0,255.6,343.0,BLUMENAU,IMO9605633,D5AL3,70,1,229,32,14.4,,A
538005622,2021-02-21T00:12:16,36.87956,-76.32626,0.0,178.2,276.0,SASEBO GREEN,IMO9675468,V7FN3,70,5,225,32,14.4,,A
368026000,2021-02-21T00:11:44,36.86576,-76.31605,0.0,224.2,511.0,BENAVIDEZ,IMO9218210,NBHG,70,5,289,32,10.9,70,A
367862000,2021-02-21T00:12:44,36.94810,-76.32975,0.0,35.7,280.0,JOSHUA HUMPHREYS,IMO8302428,NNJH,80,5,193,29,,,A
477770400,2021-02-21T00:15:10,36.87993,-76.33155,0.0,98.3,96.0,BAO MAY,IMO9410155,VRGV8,70,0,292,45,18.2,70,A
338678000,2021-02-21T00:12:30,36.91625,-76.16843,0.0,267.5,10.0,DOLORES CHOUEST,IMO8225931,WCP8847,70,5,54,12,4.0,35,A
367359930,2021-02-21T00:12:35,36.82417,-76.28913,0.0,283.3,511.0,SUNNY WILLIAMS,,WDE4940,80,0,25,8,,80,A
373765000,2021-02-21T00:12:16,37.26338,-76.10542,0.1,230.7,346.0,AM CONTRECOEUR,IMO9583184,3FBX4,70,1,229,32,14.4,,A
368445000,2021-02-21T00:14:05,36.96308,-76.42011,0.0,55.8,188.0,OVERSEAS NIKISKI,IMO9353577,WDBH,80,5,183,32,12.2,80,A
366839000,2021-02-21T00:14:11,36.85350,-76.31080,0.0,0.0,40.0,CAPE RISE,IMO7530808,KAFG,70,5,197,32,10.0,,A
356589000,2021-02-21T00:16:14,37.23804,-76.09461,0.1,122.8,346.0,DOUBLE FORTUNE,IMO9574119,3FHZ2,70,1,234,38,14.5,70,A
351047000,2021-02-21T00:12:58,37.33633,-76.11714,13.1,354.0,354.0,PUPLINGE,IMO9782156,3FDO8,70,0,,,,,A
338846000,2021-02-21T00:13:45,36.86564,-76.31590,0.0,0.1,511.0,USNS MENDONCA,IMO9147320,NBMK,70,5,289,32,10.9,,A
367359930,2021-02-21T00:13:46,36.82416,-76.28912,0.0,282.2,511.0,SUNNY WILLIAMS,,WDE4940,80,0,25,8,,80,A
477770400,2021-02-21T00:17:29,36.87991,-76.33156,0.0,98.3,96.0,BAO MAY,IMO9410155,VRGV8,70,0,292,45,18.2,70,A
255806078,2021-02-21T00:14:25,36.90930,-76.32720,0.1,306.9,352.0,NORTHERN MAGNUM,IMO9252541,CQIV4,71,5,300,40,11.3,71,A
367821000,2021-02-21T00:13:53,36.97281,-76.43367,0.0,0.0,511.0,YANO,IMO7825409,NAQH,70,5,276,32,13.0,70,A
367822000,2021-02-21T00:14:09,36.97310,-76.43387,0.0,0.0,511.0,USNS SHUGHART,IMO7825394,NAOQ,70,5,276,32,13.0,70,A
477950300,2021-02-21T00:15:34,36.87515,-76.34930,0.0,131.2,347.0,COSCO DEVELOPMENT,IMO9472139,VRIZ9,70,5,366,48,15.5,70,A
368026000,2021-02-21T00:17:44,36.86576,-76.31603,0.0,224.2,511.0,BENAVIDEZ,IMO9218210,NBHG,70,5,289,32,10.9,70,A
338678000,2021-02-21T00:15:30,36.91620,-76.16842,0.0,278.2,10.0,DOLORES CHOUEST,IMO8225931,WCP8847,70,5,54,12,4.0,35,A
255806078,2021-02-21T00:17:30,36.90937,-76.32725,0.1,306.9,352.0,NORTHERN MAGNUM,IMO9252541,CQIV4,71,5,300,40,11.3,71,A
373765000,2021-02-21T00:15:18,37.26339,-76.10543,0.1,230.7,346.0,AM CONTRECOEUR,IMO9583184,3FBX4,70,1,229,32,14.4,,A
368026000,2021-02-21T00:14:43,36.86576,-76.31603,0.0,224.2,511.0,BENAVIDEZ,IMO9218210,NBHG,70,5,289,32,10.9,70,A
338273000,2021-02-21T00:16:04,36.96371,-76.35621,0.0,24.2,277.0,SLNC YORK,IMO9538907,WNCG,70,1,142,23,5.5,70,A
367359930,2021-02-21T00:14:54,36.82415,-76.28910,0.0,284.6,511.0,SUNNY WILLIAMS,,WDE4940,80,0,25,8,,80,A
367865000,2021-02-21T00:14:18,36.88695,-76.33853,0.0,286.4,11.0,KANAWHA,IMO8704080,NPTD,80,5,206,29,,,A
538005622,2021-02-21T00:15:16,36.87956,-76.32624,0.0,178.2,276.0,SASEBO GREEN,IMO9675468,V7FN3,70,5,225,32,14.4,,A
373765000,2021-02-21T00:18:15,37.26342,-76.10543,0.1,230.7,346.0,AM CONTRECOEUR,IMO9583184,3FBX4,70,1,229,32,14.4,,A
366842000,2021-02-21T00:15:14,36.85382,-76.31116,0.0,0.0,42.0,CAPE RACE,IMO7616377,KAFJ,70,5,197,32,10.0,,A
367353070,2021-02-21T00:15:02,36.94420,-76.32957,0.0,144.0,267.0,EVERGREEN STATE,IMO9408138,WDE4430,80,5,183,32,11.8,89,A
367862000,2021-02-21T00:15:44,36.94812,-76.32968,0.0,35.7,280.0,JOSHUA HUMPHREYS,IMO8302428,NNJH,80,5,193,29,,,A
636092329,2021-02-21T00:17:03,37.24715,-76.11717,0.0,255.6,342.0,BLUMENAU,IMO9605633,D5AL3,70,1,229,32,14.4,,A
338846000,2021-02-21T00:16:45,36.86556,-76.31579,0.0,0.1,511.0,USNS MENDONCA,IMO9147320,NBMK,70,5,289,32,10.9,,A
428405000,2021-02-21T00:15:34,36.90624,-76.32668,0.0,351.5,352.0,ZIM QINGDAO,IMO9318163,4XFC,71,5,261,32,9.9,71,A
338678000,2021-02-21T00:18:30,36.91620,-76.16843,0.0,284.5,10.0,DOLORES CHOUEST,IMO8225931,WCP8847,70,5,54,12,4.0,35,A
367353070,2021-02-21T00:18:04,36.94420,-76.32952,0.0,144.0,267.0,EVERGREEN STATE,IMO9408138,WDE4430,80,5,183,32,11.8,89,A
366842000,2021-02-21T00:18:17,36.85381,-76.31115,0.0,0.0,42.0,CAPE RACE,IMO7616377,KAFJ,70,5,197,32,10.0,,A
367359930,2021-02-21T00:17:14,36.82416,-76.28911,0.0,282.7,511.0,SUNNY WILLIAMS,,WDE4940,80,0,25,8,,80,A
368445000,2021-02-21T00:17:04,36.96308,-76.42010,0.0,55.8,188.0,OVERSEAS NIKISKI,IMO9353577,WDBH,80,5,183,32,12.2,80,A
477770400,2021-02-21T00:16:20,36.87991,-76.33156,0.0,98.3,96.0,BAO MAY,IMO9410155,VRGV8,70,0,292,45,18.2,70,A
367865000,2021-02-21T00:17:19,36.88690,-76.33850,0.0,286.4,11.0,KANAWHA,IMO8704080,NPTD,80,5,206,29,,,A
367862000,2021-02-21T00:18:44,36.94812,-76.32975,0.0,35.7,280.0,JOSHUA HUMPHREYS,IMO8302428,NNJH,80,5,193,29,,,A
367359930,2021-02-21T00:20:45,36.82417,-76.28911,0.0,283.6,511.0,SUNNY WILLIAMS,,WDE4940,80,0,25,8,,80,A
367359930,2021-02-21T00:19:36,36.82417,-76.28909,0.0,287.9,511.0,SUNNY WILLIAMS,,WDE4940,80,0,25,8,,80,A
356589000,2021-02-21T00:19:14,37.23809,-76.09456,0.1,113.0,345.0,DOUBLE FORTUNE,IMO9574119,3FHZ2,70,1,234,38,14.5,70,A
366839000,2021-02-21T00:17:13,36.85348,-76.31081,0.0,0.0,40.0,CAPE RISE,IMO7530808,KAFG,70,5,197,32,10.0,,A
428405000,2021-02-21T00:18:34,36.90626,-76.32669,0.0,351.5,352.0,ZIM QINGDAO,IMO9318163,4XFC,71,5,261,32,9.9,71,A
366841000,2021-02-21T00:18:08,36.85325,-76.31051,0.0,0.0,511.0,CAPE RAY,IMO7530810,KAFI,70,5,197,32,10.0,,A
538005972,2021-02-21T00:18:10,36.82473,-76.29130,3.5,346.0,336.0,AUCKLAND SPIRIT,IMO9268083,V7IP8,70,0,171,27,10.4,,A
538005622,2021-02-21T00:18:16,36.87956,-76.32623,0.0,178.2,276.0,SASEBO GREEN,IMO9675468,V7FN3,70,5,225,32,14.4,,A
367822000,2021-02-21T00:20:09,36.97311,-76.43387,0.0,0.0,511.0,USNS SHUGHART,IMO7825394,NAOQ,70,5,276,32,13.0,70,A
366839000,2021-02-21T00:20:14,36.85348,-76.31081,0.0,0.0,40.0,CAPE RISE,IMO7530808,KAFG,70,5,197,32,10.0,,A
477950300,2021-02-21T00:18:35,36.87518,-76.34934,0.0,140.3,347.0,COSCO DEVELOPMENT,IMO9472139,VRIZ9,70,5,366,48,15.5,70,A
477770400,2021-02-21T00:18:39,36.87992,-76.33155,0.0,98.3,96.0,BAO MAY,IMO9410155,VRGV8,70,0,292,45,18.2,70,A
255806078,2021-02-21T00:20:30,36.90935,-76.32722,0.1,306.9,352.0,NORTHERN MAGNUM,IMO9252541,CQIV4,71,5,300,40,11.3,71,A
368026000,2021-02-21T00:20:43,36.86577,-76.31605,0.0,224.2,511.0,BENAVIDEZ,IMO9218210,NBHG,70,5,289,32,10.9,70,A
428405000,2021-02-21T00:21:33,36.90626,-76.32668,0.0,351.5,352.0,ZIM QINGDAO,IMO9318163,4XFC,71,5,261,32,9.9,71,A
367821000,2021-02-21T00:19:53,36.97282,-76.43367,0.0,0.0,511.0,YANO,IMO7825409,NAQH,70,5,276,32,13.0,70,A
636092329,2021-02-21T00:20:00,37.24714,-76.11716,0.0,255.6,341.0,BLUMENAU,IMO9605633,D5AL3,70,1,229,32,14.4,,A
338273000,2021-02-21T00:22:04,36.96369,-76.35623,0.0,24.2,279.0,SLNC YORK,IMO9538907,WNCG,70,1,142,23,5.5,70,A
477950300,2021-02-21T00:21:34,36.87516,-76.34936,0.0,153.2,347.0,COSCO DEVELOPMENT,IMO9472139,VRIZ9,70,5,366,48,15.5,70,A
538005972,2021-02-21T00:23:00,36.82893,-76.29353,3.6,341.0,342.0,AUCKLAND SPIRIT,IMO9268083,V7IP8,70,0,171,27,10.4,,A
367359930,2021-02-21T00:22:05,36.82419,-76.28912,0.0,282.8,511.0,SUNNY WILLIAMS,,WDE4940,80,0,25,8,,80,A
477770400,2021-02-21T00:19:49,36.87992,-76.33154,0.0,98.3,96.0,BAO MAY,IMO9410155,VRGV8,70,0,292,45,18.2,70,A
373765000,2021-02-21T00:21:18,37.26338,-76.10542,0.0,230.7,346.0,AM CONTRECOEUR,IMO9583184,3FBX4,70,1,229,32,14.4,,A
367865000,2021-02-21T00:20:19,36.88684,-76.33850,0.0,286.4,11.0,KANAWHA,IMO8704080,NPTD,80,5,206,29,,,A
356643000,2021-02-21T00:20:04,36.93775,-76.37761,0.1,165.5,271.0,ARKI,IMO9561801,3ENP3,70,1,170,27,9.7,70,A
367862000,2021-02-21T00:21:44,36.94813,-76.32970,0.0,35.7,280.0,JOSHUA HUMPHREYS,IMO8302428,NNJH,80,5,193,29,,,A
538005972,2021-02-21T00:21:41,36.82772,-76.29297,3.4,337.0,339.0,AUCKLAND SPIRIT,IMO9268083,V7IP8,70,0,171,27,10.4,,A
538005972,2021-02-21T00:20:31,36.82672,-76.29245,3.2,333.0,336.0,AUCKLAND SPIRIT,IMO9268083,V7IP8,70,0,171,27,10.4,,A
356589000,2021-02-21T00:22:14,37.23810,-76.09452,0.1,44.4,343.0,DOUBLE FORTUNE,IMO9574119,3FHZ2,70,1,234,38,14.5,70,A
356643000,2021-02-21T00:23:06,36.93773,-76.37760,0.1,358.2,273.0,ARKI,IMO9561801,3ENP3,70,1,170,27,9.7,70,A
366839000,2021-02-21T00:23:13,36.85345,-76.31078,0.0,0.0,40.0,CAPE RISE,IMO7530808,KAFG,70,5,197,32,10.0,,A
367821000,2021-02-21T00:22:54,36.97281,-76.43368,0.0,0.0,511.0,YANO,IMO7825409,NAQH,70,5,276,32,13.0,70,A
366842000,2021-02-21T00:24:09,36.85385,-76.31116,0.0,0.0,42.0,CAPE RACE,IMO7616377,KAFJ,70,5,197,32,10.0,,A
367353070,2021-02-21T00:24:04,36.94420,-76.32947,0.0,144.0,267.0,EVERGREEN STATE,IMO9408138,WDE4430,80,5,183,32,11.8,89,A
368026000,2021-02-21T00:23:44,36.86576,-76.31603,0.0,224.2,511.0,BENAVIDEZ,IMO9218210,NBHG,70,5,289,32,10.9,70,A
373765000,2021-02-21T00:24:15,37.26335,-76.10549,0.1,230.7,347.0,AM CONTRECOEUR,IMO9583184,3FBX4,70,1,229,32,14.4,,A
367862000,2021-02-21T00:24:45,36.94810,-76.32976,0.0,35.7,280.0,JOSHUA HUMPHREYS,IMO8302428,NNJH,80,5,193,29,,,A
428405000,2021-02-21T00:24:34,36.90625,-76.32671,0.0,351.5,352.0,ZIM QINGDAO,IMO9318163,4XFC,71,5,261,32,9.9,71,A
477950300,2021-02-21T00:24:31,36.87515,-76.34931,0.0,141.1,347.0,COSCO DEVELOPMENT,IMO9472139,VRIZ9,70,5,366,48,15.5,70,A
367353070,2021-02-21T00:21:01,36.94420,-76.32947,0.0,144.0,267.0,EVERGREEN STATE,IMO9408138,WDE4430,80,5,183,32,11.8,89,A
538005972,2021-02-21T00:25:20,36.83127,-76.29437,3.8,345.0,350.0,AUCKLAND SPIRIT,IMO9268083,V7IP8,70,0,171,27,10.4,,A
366841000,2021-02-21T00:21:09,36.85325,-76.31049,0.0,0.0,511.0,CAPE RAY,IMO7530810,KAFI,70,5,197,32,10.0,,A
338678000,2021-02-21T00:21:30,36.91621,-76.16844,0.0,288.7,10.0,DOLORES CHOUEST,IMO8225931,WCP8847,70,5,54,12,4.0,35,A
538005622,2021-02-21T00:24:16,36.87958,-76.32625,0.0,127.6,276.0,SASEBO GREEN,IMO9675468,V7FN3,70,5,225,32,14.4,,A
477770400,2021-02-21T00:20:59,36.87993,-76.33154,0.0,98.3,96.0,BAO MAY,IMO9410155,VRGV8,70,0,292,45,18.2,70,A
356643000,2021-02-21T00:26:06,36.93780,-76.37761,0.1,27.2,273.0,ARKI,IMO9561801,3ENP3,70,1,170,27,9.7,70,A
368026000,2021-02-21T00:26:44,36.86577,-76.31603,0.0,224.2,511.0,BENAVIDEZ,IMO9218210,NBHG,70,5,289,32,10.9,70,A
255806078,2021-02-21T00:23:32,36.90925,-76.32720,0.1,306.9,352.0,NORTHERN MAGNUM,IMO9252541,CQIV4,71,5,300,40,11.3,71,A
367865000,2021-02-21T00:26:18,36.88687,-76.33856,0.0,286.4,11.0,KANAWHA,IMO8704080,NPTD,80,5,206,29,,,A
338678000,2021-02-21T00:24:30,36.91621,-76.16842,0.0,287.6,10.0,DOLORES CHOUEST,IMO8225931,WCP8847,70,5,54,12,4.0,35,A
367353070,2021-02-21T00:27:02,36.94422,-76.32947,0.0,144.0,267.0,EVERGREEN STATE,IMO9408138,WDE4430,80,5,183,32,11.8,89,A
338846000,2021-02-21T00:22:47,36.86558,-76.31581,0.0,0.1,511.0,USNS MENDONCA,IMO9147320,NBMK,70,5,289,32,10.9,,A
366839000,2021-02-21T00:26:14,36.85346,-76.31083,0.0,0.0,40.0,CAPE RISE,IMO7530808,KAFG,70,5,197,32,10.0,,A
367359930,2021-02-21T00:23:14,36.82422,-76.28912,0.0,275.8,511.0,SUNNY WILLIAMS,,WDE4940,80,0,25,8,,80,A
477770400,2021-02-21T00:26:39,36.87993,-76.33154,0.0,98.3,96.0,BAO MAY,IMO9410155,VRGV8,70,0,292,45,18.2,70,A
538005972,2021-02-21T00:26:41,36.83275,-76.29465,4.0,353.0,354.0,AUCKLAND SPIRIT,IMO9268083,V7IP8,70,0,171,27,10.4,,A
338846000,2021-02-21T00:28:45,36.86561,-76.31582,0.0,0.1,511.0,USNS MENDONCA,IMO9147320,NBMK,70,5,289,32,10.9,,A
367822000,2021-02-21T00:23:10,36.97311,-76.43387,0.0,0.0,511.0,USNS SHUGHART,IMO7825394,NAOQ,70,5,276,32,13.0,70,A
367822000,2021-02-21T00:26:10,36.97308,-76.43386,0.0,0.0,511.0,USNS SHUGHART,IMO7825394,NAOQ,70,5,276,32,13.0,70,A
367862000,2021-02-21T00:27:45,36.94811,-76.32972,0.0,35.7,280.0,JOSHUA HUMPHREYS,IMO8302428,NNJH,80,5,193,29,,,A
428405000,2021-02-21T00:27:33,36.90624,-76.32673,0.0,351.6,352.0,ZIM QINGDAO,IMO9318163,4XFC,71,5,261,32,9.9,71,A
636092329,2021-02-21T00:26:02,37.24714,-76.11721,0.0,255.6,341.0,BLUMENAU,IMO9605633,D5AL3,70,1,229,32,14.4,,A
367865000,2021-02-21T00:23:19,36.88692,-76.33850,0.0,286.4,11.0,KANAWHA,IMO8704080,NPTD,80,5,206,29,,,A
477770400,2021-02-21T00:27:49,36.87993,-76.33155,0.0,98.3,96.0,BAO MAY,IMO9410155,VRGV8,70,0,292,45,18.2,70,A
356589000,2021-02-21T00:28:13,37.23810,-76.09449,0.0,92.6,343.0,DOUBLE FORTUNE,IMO9574119,3FHZ2,70,1,234,38,14.5,70,A
477770400,2021-02-21T00:23:09,36.87992,-76.33155,0.0,98.3,96.0,BAO MAY,IMO9410155,VRGV8,70,0,292,45,18.2,70,A
367359930,2021-02-21T00:24:26,36.82421,-76.28913,0.0,275.5,511.0,SUNNY WILLIAMS,,WDE4940,80,0,25,8,,80,A
538005972,2021-02-21T00:24:11,36.83010,-76.29398,3.7,344.0,344.0,AUCKLAND SPIRIT,IMO9268083,V7IP8,70,0,171,27,10.4,,A
367822000,2021-02-21T00:29:08,36.97309,-76.43388,0.0,0.0,511.0,USNS SHUGHART,IMO7825394,NAOQ,70,5,276,32,13.0,70,A
477770400,2021-02-21T00:24:19,36.87992,-76.33154,0.0,98.3,96.0,BAO MAY,IMO9410155,VRGV8,70,0,292,45,18.2,70,A
367359930,2021-02-21T00:27:56,36.82419,-76.28913,0.0,277.7,511.0,SUNNY WILLIAMS,,WDE4940,80,0,25,8,,80,A
356589000,2021-02-21T00:25:13,37.23810,-76.09452,0.0,50.9,342.0,DOUBLE FORTUNE,IMO9574119,3FHZ2,70,1,234,38,14.5,70,A
477770400,2021-02-21T00:30:10,36.87994,-76.33155,0.0,98.3,96.0,BAO MAY,IMO9410155,VRGV8,70,0,292,45,18.2,70,A
373765000,2021-02-21T00:30:14,37.26342,-76.10546,0.0,230.7,349.0,AM CONTRECOEUR,IMO9583184,3FBX4,70,1,229,32,14.4,,A
367359930,2021-02-21T00:25:34,36.82422,-76.28914,0.0,275.8,511.0,SUNNY WILLIAMS,,WDE4940,80,0,25,8,,80,A
367359930,2021-02-21T00:30:15,36.82416,-76.28912,0.0,284.9,511.0,SUNNY WILLIAMS,,WDE4940,80,0,25,8,,80,A
367359930,2021-02-21T00:26:46,36.82419,-76.28914,0.0,276.1,511.0,SUNNY WILLIAMS,,WDE4940,80,0,25,8,,80,A
338273000,2021-02-21T00:25:04,36.96367,-76.35622,0.1,24.2,282.0,SLNC YORK,IMO9538907,WNCG,70,1,142,23,5.5,70,A
477770400,2021-02-21T00:25:29,36.87993,-76.33154,0.0,98.3,96.0,BAO MAY,IMO9410155,VRGV8,70,0,292,45,18.2,70,A
367821000,2021-02-21T00:25:54,36.97281,-76.43373,0.0,0.0,511.0,YANO,IMO7825409,NAQH,70,5,276,32,13.0,70,A
367862000,2021-02-21T00:30:44,36.94811,-76.32968,0.0,35.7,280.0,JOSHUA HUMPHREYS,IMO8302428,NNJH,80,5,193,29,,,A
338273000,2021-02-21T00:31:04,36.96369,-76.35624,0.0,24.2,280.0,SLNC YORK,IMO9538907,WNCG,70,1,142,23,5.5,70,A
477950300,2021-02-21T00:27:33,36.87516,-76.34933,0.0,163.4,347.0,COSCO DEVELOPMENT,IMO9472139,VRIZ9,70,5,366,48,15.5,70,A
338846000,2021-02-21T00:25:46,36.86558,-76.31578,0.0,0.1,511.0,USNS MENDONCA,IMO9147320,NBMK,70,5,289,32,10.9,,A
477770400,2021-02-21T00:31:19,36.87993,-76.33155,0.0,98.3,96.0,BAO MAY,IMO9410155,VRGV8,70,0,292,45,18.2,70,A
338678000,2021-02-21T00:30:31,36.91624,-76.16845,0.0,288.2,10.0,DOLORES CHOUEST,IMO8225931,WCP8847,70,5,54,12,4.0,35,A
636092329,2021-02-21T00:32:03,37.24714,-76.11723,0.1,255.6,342.0,BLUMENAU,IMO9605633,D5AL3,70,1,229,32,14.4,,A
477950300,2021-02-21T00:30:33,36.87520,-76.34930,0.0,168.9,347.0,COSCO DEVELOPMENT,IMO9472139,VRIZ9,70,5,366,48,15.5,70,A
538005972,2021-02-21T00:31:20,36.83832,-76.29438,4.5,7.0,6.0,AUCKLAND SPIRIT,IMO9268083,V7IP8,70,0,171,27,10.4,,A
338678000,2021-02-21T00:27:30,36.91623,-76.16842,0.0,293.6,10.0,DOLORES CHOUEST,IMO8225931,WCP8847,70,5,54,12,4.0,35,A
255806078,2021-02-21T00:29:33,36.90930,-76.32720,0.1,306.9,352.0,NORTHERN MAGNUM,IMO9252541,CQIV4,71,5,300,40,11.3,71,A
538005972,2021-02-21T00:30:10,36.83688,-76.29462,4.4,6.0,6.0,AUCKLAND SPIRIT,IMO9268083,V7IP8,70,0,171,27,10.4,,A
255806078,2021-02-21T00:26:33,36.90932,-76.32720,0.1,306.9,352.0,NORTHERN MAGNUM,IMO9252541,CQIV4,71,5,300,40,11.3,71,A
428405000,2021-02-21T00:33:34,36.90626,-76.32669,0.0,351.6,352.0,ZIM QINGDAO,IMO9318163,4XFC,71,5,261,32,9.9,71,A
367359930,2021-02-21T00:31:25,36.82417,-76.28912,0.0,290.7,511.0,SUNNY WILLIAMS,,WDE4940,80,0,25,8,,80,A
367865000,2021-02-21T00:29:18,36.88697,-76.33853,0.0,286.4,11.0,KANAWHA,IMO8704080,NPTD,80,5,206,29,,,A
366841000,2021-02-21T00:33:10,36.85325,-76.31048,0.0,0.0,511.0,CAPE RAY,IMO7530810,KAFI,70,5,197,32,10.0,,A
366841000,2021-02-21T00:30:08,36.85324,-76.31055,0.0,0.0,511.0,CAPE RAY,IMO7530810,KAFI,70,5,197,32,10.0,,A
366839000,2021-02-21T00:29:15,36.85346,-76.31078,0.0,0.0,40.0,CAPE RISE,IMO7530808,KAFG,70,5,197,32,10.0,,A
367822000,2021-02-21T00:32:09,36.97309,-76.43388,0.0,0.0,511.0,USNS SHUGHART,IMO7825394,NAOQ,70,5,276,32,13.0,70,A
311045300,2021-02-21T00:33:13,37.04433,-76.07267,14.8,322.0,322.0,NEPTUNE ACE,IMO9584059,C6YU3,70,0,199,32,9.8,79,A
368026000,2021-02-21T00:29:43,36.86577,-76.31604,0.0,224.2,511.0,BENAVIDEZ,IMO9218210,NBHG,70,5,289,32,10.9,70,A
367865000,2021-02-21T00:32:19,36.88692,-76.33850,0.0,286.4,11.0,KANAWHA,IMO8704080,NPTD,80,5,206,29,,,A
477770400,2021-02-21T00:33:40,36.87993,-76.33156,0.0,98.3,96.0,BAO MAY,IMO9410155,VRGV8,70,0,292,45,18.2,70,A
367359930,2021-02-21T00:32:35,36.82417,-76.28912,0.0,297.6,511.0,SUNNY WILLIAMS,,WDE4940,80,0,25,8,,80,A
367359930,2021-02-21T00:33:44,36.82416,-76.28911,0.0,303.0,511.0,SUNNY WILLIAMS,,WDE4940,80,0,25,8,,80,A
366842000,2021-02-21T00:33:12,36.85382,-76.31118,0.0,0.0,43.0,CAPE RACE,IMO7616377,KAFJ,70,5,197,32,10.0,,A
366842000,2021-02-21T00:27:13,36.85383,-76.31117,0.0,0.0,43.0,CAPE RACE,IMO7616377,KAFJ,70,5,197,32,10.0,,A
538005622,2021-02-21T00:27:16,36.87957,-76.32626,0.1,139.3,276.0,SASEBO GREEN,IMO9675468,V7FN3,70,5,225,32,14.4,,A
338273000,2021-02-21T00:28:04,36.96367,-76.35623,0.0,24.2,284.0,SLNC YORK,IMO9538907,WNCG,70,1,142,23,5.5,70,A
538005972,2021-02-21T00:27:51,36.83407,-76.29483,4.2,353.0,359.0,AUCKLAND SPIRIT,IMO9268083,V7IP8,70,0,171,27,10.4,,A
367359930,2021-02-21T00:01:14,36.82418,-76.28913,0.0,285.8,511.0,SUNNY WILLIAMS,,WDE4940,80,0,25,8,,80,A
367822000,2021-02-21T00:35:10,36.97309,-76.43388,0.0,0.0,511.0,USNS SHUGHART,IMO7825394,NAOQ,70,5,276,32,13.0,70,A
311045300,2021-02-21T00:30:55,37.03678,-76.06557,14.7,323.0,322.0,NEPTUNE ACE,IMO9584059,C6YU3,70,0,199,32,9.8,79,A
367862000,2021-02-21T00:33:45,36.94813,-76.32973,0.0,35.7,280.0,JOSHUA HUMPHREYS,IMO8302428,NNJH,80,5,193,29,,,A
367865000,2021-02-21T00:35:19,36.88692,-76.33849,0.0,286.4,11.0,KANAWHA,IMO8704080,NPTD,80,5,206,29,,,A
538005622,2021-02-21T00:30:16,36.87959,-76.32625,0.1,177.9,276.0,SASEBO GREEN,IMO9675468,V7FN3,70,5,225,32,14.4,,A
356589000,2021-02-21T00:34:11,37.23814,-76.09444,0.1,157.9,340.0,DOUBLE FORTUNE,IMO9574119,3FHZ2,70,1,234,38,14.5,70,A
538005972,2021-02-21T00:34:41,36.84218,-76.29488,4.1,332.0,332.0,AUCKLAND SPIRIT,IMO9268083,V7IP8,70,0,171,27,10.4,,A
538005972,2021-02-21T00:29:00,36.83547,-76.29483,4.2,3.0,6.0,AUCKLAND SPIRIT,IMO9268083,V7IP8,70,0,171,27,10.4,,A
338846000,2021-02-21T00:31:46,36.86555,-76.31578,0.0,0.1,511.0,USNS MENDONCA,IMO9147320,NBMK,70,5,289,32,10.9,,A
367359930,2021-02-21T00:29:05,36.82418,-76.28912,0.0,279.7,511.0,SUNNY WILLIAMS,,WDE4940,80,0,25,8,,80,A
477770400,2021-02-21T00:29:00,36.87993,-76.33155,0.0,98.3,96.0,BAO MAY,IMO9410155,VRGV8,70,0,292,45,18.2,70,A
636092329,2021-02-21T00:29:03,37.24714,-76.11723,0.0,255.6,342.0,BLUMENAU,IMO9605633,D5AL3,70,1,229,32,14.4,,A
368445000,2021-02-21T00:35:04,36.96310,-76.42016,0.0,55.8,188.0,OVERSEAS NIKISKI,IMO9353577,WDBH,80,5,183,32,12.2,80,A
366839000,2021-02-21T00:32:13,36.85346,-76.31081,0.0,0.0,40.0,CAPE RISE,IMO7530808,KAFG,70,5,197,32,10.0,,A
356643000,2021-02-21T00:35:06,36.93802,-76.37764,0.0,338.4,263.0,ARKI,IMO9561801,3ENP3,70,1,170,27,9.7,70,A
367353070,2021-02-21T00:36:02,36.94418,-76.32945,0.0,144.0,267.0,EVERGREEN STATE,IMO9408138,WDE4430,80,5,183,32,11.8,89,A
311045300,2021-02-21T00:32:07,37.04072,-76.06925,14.6,322.0,322.0,NEPTUNE ACE,IMO9584059,C6YU3,70,0,199,32,9.8,79,A
538005972,2021-02-21T00:35:51,36.84340,-76.29567,4.2,332.0,333.0,AUCKLAND SPIRIT,IMO9268083,V7IP8,70,0,171,27,10.4,,A
538005972,2021-02-21T00:32:21,36.83958,-76.29403,4.5,13.0,355.0,AUCKLAND SPIRIT,IMO9268083,V7IP8,70,0,171,27,10.4,,A
368445000,2021-02-21T00:32:05,36.96308,-76.42011,0.0,55.8,188.0,OVERSEAS NIKISKI,IMO9353577,WDBH,80,5,183,32,12.2,80,A
338273000,2021-02-21T00:37:04,36.96369,-76.35626,0.0,24.2,275.0,SLNC YORK,IMO9538907,WNCG,70,1,142,23,5.5,70,A
367862000,2021-02-21T00:36:45,36.94811,-76.32975,0.0,35.7,280.0,JOSHUA HUMPHREYS,IMO8302428,NNJH,80,5,193,29,,,A
367353070,2021-02-21T00:33:01,36.94415,-76.32953,0.0,144.0,267.0,EVERGREEN STATE,IMO9408138,WDE4430,80,5,183,32,11.8,89,A
538005972,2021-02-21T00:33:31,36.84098,-76.29417,4.2,350.0,337.0,AUCKLAND SPIRIT,IMO9268083,V7IP8,70,0,171,27,10.4,,A
477950300,2021-02-21T00:33:34,36.87519,-76.34932,0.0,185.6,347.0,COSCO DEVELOPMENT,IMO9472139,VRIZ9,70,5,366,48,15.5,70,A
338678000,2021-02-21T00:33:30,36.91625,-76.16846,0.0,296.1,10.0,DOLORES CHOUEST,IMO8225931,WCP8847,70,5,54,12,4.0,35,A
373765000,2021-02-21T00:33:20,37.26342,-76.10543,0.0,230.7,348.0,AM CONTRECOEUR,IMO9583184,3FBX4,70,1,229,32,14.4,,A
366842000,2021-02-21T00:30:14,36.85383,-76.31118,0.0,0.0,43.0,CAPE RACE,IMO7616377,KAFJ,70,5,197,32,10.0,,A
338678000,2021-02-21T00:36:30,36.91626,-76.16843,0.0,301.3,10.0,DOLORES CHOUEST,IMO8225931,WCP8847,70,5,54,12,4.0,35,A
338846000,2021-02-21T00:34:46,36.86556,-76.31578,0.0,0.1,511.0,USNS MENDONCA,IMO9147320,NBMK,70,5,289,32,10.9,,A
366839000,2021-02-21T00:38:09,36.85347,-76.31081,0.0,0.0,40.0,CAPE RISE,IMO7530808,KAFG,70,5,197,32,10.0,,A
356589000,2021-02-21T00:31:13,37.23813,-76.09446,0.1,123.2,341.0,DOUBLE FORTUNE,IMO9574119,3FHZ2,70,1,234,38,14.5,70,A
255806078,2021-02-21T00:35:35,36.90932,-76.32713,0.1,306.9,352.0,NORTHERN MAGNUM,IMO9252541,CQIV4,71,5,300,40,11.3,71,A
477770400,2021-02-21T00:34:48,36.87994,-76.33155,0.0,98.3,96.0,BAO MAY,IMO9410155,VRGV8,70,0,292,45,18.2,70,A
368026000,2021-02-21T00:35:43,36.86576,-76.31603,0.0,224.2,511.0,BENAVIDEZ,IMO9218210,NBHG,70,5,289,32,10.9,70,A
356643000,2021-02-21T00:38:06,36.93800,-76.37766,0.0,338.4,264.0,ARKI,IMO9561801,3ENP3,70,1,170,27,9.7,70,A
366839000,2021-02-21T00:35:09,36.85350,-76.31079,0.0,0.0,40.0,CAPE RISE,IMO7530808,KAFG,70,5,197,32,10.0,,A
366842000,2021-02-21T00:36:16,36.85382,-76.31118,0.0,0.0,43.0,CAPE RACE,IMO7616377,KAFJ,70,5,197,32,10.0,,A
311045300,2021-02-21T00:36:30,37.05542,-76.08313,15.4,323.0,322.0,NEPTUNE ACE,IMO9584059,C6YU3,70,0,199,32,9.8,79,A
538005972,2021-02-21T00:38:11,36.84597,-76.29715,4.4,333.0,327.0,AUCKLAND SPIRIT,IMO9268083,V7IP8,70,0,171,27,10.4,,A
367359930,2021-02-21T00:36:05,36.82418,-76.28912,0.0,302.9,511.0,SUNNY WILLIAMS,,WDE4940,80,0,25,8,,80,A
367359930,2021-02-21T00:37:14,36.82420,-76.28913,0.0,301.2,511.0,SUNNY WILLIAMS,,WDE4940,80,0,25,8,,80,A
367359930,2021-02-21T00:38:25,36.82418,-76.28912,0.0,300.9,511.0,SUNNY WILLIAMS,,WDE4940,80,0,25,8,,80,A
356643000,2021-02-21T00:32:04,36.93803,-76.37764,0.0,338.4,264.0,ARKI,IMO9561801,3ENP3,70,1,170,27,9.7,70,A
477770400,2021-02-21T00:32:28,36.87993,-76.33155,0.0,98.3,96.0,BAO MAY,IMO9410155,VRGV8,70,0,292,45,18.2,70,A
477770400,2021-02-21T00:37:09,36.87993,-76.33155,0.0,98.3,96.0,BAO MAY,IMO9410155,VRGV8,70,0,292,45,18.2,70,A
367822000,2021-02-21T00:38:09,36.97310,-76.43388,0.0,0.0,511.0,USNS SHUGHART,IMO7825394,NAOQ,70,5,276,32,13.0,70,A
255806078,2021-02-21T00:32:35,36.90935,-76.32717,0.1,306.9,352.0,NORTHERN MAGNUM,IMO9252541,CQIV4,71,5,300,40,11.3,71,A
538005622,2021-02-21T00:39:16,36.87958,-76.32624,0.0,76.8,276.0,SASEBO GREEN,IMO9675468,V7FN3,70,5,225,32,14.4,,A
538005972,2021-02-21T00:39:21,36.84723,-76.29807,4.5,328.0,318.0,AUCKLAND SPIRIT,IMO9268083,V7IP8,70,0,171,27,10.4,,A
538005972,2021-02-21T00:40:30,36.84847,-76.29942,5.1,316.0,314.0,AUCKLAND SPIRIT,IMO9268083,V7IP8,70,0,171,27,10.4,,A
367862000,2021-02-21T00:39:44,36.94809,-76.32972,0.0,35.7,280.0,JOSHUA HUMPHREYS,IMO8302428,NNJH,80,5,193,29,,,A
538005622,2021-02-21T00:36:16,36.87957,-76.32622,0.0,76.8,276.0,SASEBO GREEN,IMO9675468,V7FN3,70,5,225,32,14.4,,A
477770400,2021-02-21T00:39:29,36.87994,-76.33156,0.0,98.3,96.0,BAO MAY,IMO9410155,VRGV8,70,0,292,45,18.2,70,A
338273000,2021-02-21T00:34:04,36.96369,-76.35625,0.0,24.2,278.0,SLNC YORK,IMO9538907,WNCG,70,1,142,23,5.5,70,A
366842000,2021-02-21T00:39:14,36.85384,-76.31116,0.0,0.0,43.0,CAPE RACE,IMO7616377,KAFJ,70,5,197,32,10.0,,A
367353070,2021-02-21T00:39:01,36.94418,-76.32952,0.0,144.0,267.0,EVERGREEN STATE,IMO9408138,WDE4430,80,5,183,32,11.8,89,A
356589000,2021-02-21T00:40:12,37.23808,-76.09457,0.0,222.5,341.0,DOUBLE FORTUNE,IMO9574119,3FHZ2,70,1,234,38,14.5,70,A
311045300,2021-02-21T00:35:25,37.05170,-76.07960,15.3,323.0,323.0,NEPTUNE ACE,IMO9584059,C6YU3,70,0,199,32,9.8,79,A
538005622,2021-02-21T00:33:16,36.87957,-76.32621,0.1,140.6,276.0,SASEBO GREEN,IMO9675468,V7FN3,70,5,225,32,14.4,,A
255806078,2021-02-21T00:38:38,36.90932,-76.32717,0.1,306.9,352.0,NORTHERN MAGNUM,IMO9252541,CQIV4,71,5,300,40,11.3,71,A
636092329,2021-02-21T00:37:58,37.24712,-76.11731,0.1,255.6,342.0,BLUMENAU,IMO9605633,D5AL3,70,1,229,32,14.4,,A
373765000,2021-02-21T00:36:14,37.26336,-76.10539,0.1,230.7,348.0,AM CONTRECOEUR,IMO9583184,3FBX4,70,1,229,32,14.4,,A
367821000,2021-02-21T00:34:54,36.97284,-76.43367,0.0,0.0,511.0,YANO,IMO7825409,NAQH,70,5,276,32,13.0,70,A
367821000,2021-02-21T00:37:54,36.97284,-76.43367,0.0,0.0,511.0,YANO,IMO7825409,NAQH,70,5,276,32,13.0,70,A
367865000,2021-02-21T00:41:19,36.88691,-76.33849,0.0,286.4,11.0,KANAWHA,IMO8704080,NPTD,80,5,206,29,,,A
311045300,2021-02-21T00:37:36,37.05928,-76.08672,15.4,323.0,322.0,NEPTUNE ACE,IMO9584059,C6YU3,70,0,199,32,9.8,79,A
311045300,2021-02-21T00:38:37,37.06263,-76.08990,15.4,323.0,323.0,NEPTUNE ACE,IMO9584059,C6YU3,70,0,199,32,9.8,79,A
538005972,2021-02-21T00:37:01,36.84467,-76.29642,4.2,334.0,332.0,AUCKLAND SPIRIT,IMO9268083,V7IP8,70,0,171,27,10.4,,A
338846000,2021-02-21T00:37:46,36.86553,-76.31576,0.0,0.1,511.0,USNS MENDONCA,IMO9147320,NBMK,70,5,289,32,10.9,,A
368026000,2021-02-21T00:38:43,36.86576,-76.31603,0.0,224.2,511.0,BENAVIDEZ,IMO9218210,NBHG,70,5,289,32,10.9,70,A
367353070,2021-02-21T00:42:04,36.94418,-76.32947,0.0,144.0,267.0,EVERGREEN STATE,IMO9408138,WDE4430,80,5,183,32,11.8,89,A
255806078,2021-02-21T00:41:38,36.90937,-76.32722,0.1,306.9,352.0,NORTHERN MAGNUM,IMO9252541,CQIV4,71,5,300,40,11.3,71,A
477950300,2021-02-21T00:36:33,36.87518,-76.34928,0.0,145.2,347.0,COSCO DEVELOPMENT,IMO9472139,VRIZ9,70,5,366,48,15.5,70,A
367821000,2021-02-21T00:40:54,36.97284,-76.43366,0.0,0.0,511.0,YANO,IMO7825409,NAQH,70,5,276,32,13.0,70,A
368445000,2021-02-21T00:41:05,36.96306,-76.42014,0.0,55.8,188.0,OVERSEAS NIKISKI,IMO9353577,WDBH,80,5,183,32,12.2,80,A
477770400,2021-02-21T00:41:49,36.87993,-76.33155,0.0,98.3,96.0,BAO MAY,IMO9410155,VRGV8,70,0,292,45,18.2,70,A
311045300,2021-02-21T00:40:49,37.07062,-76.09627,15.5,329.0,329.0,NEPTUNE ACE,IMO9584059,C6YU3,70,0,199,32,9.8,79,A
338678000,2021-02-21T00:42:30,36.91622,-76.16845,0.0,280.8,10.0,DOLORES CHOUEST,IMO8225931,WCP8847,70,5,54,12,4.0,35,A
538005972,2021-02-21T00:42:51,36.85118,-76.30282,6.4,312.0,312.0,AUCKLAND SPIRIT,IMO9268083,V7IP8,70,0,171,27,10.4,,A
367862000,2021-02-21T00:42:45,36.94817,-76.32970,0.0,35.7,280.0,JOSHUA HUMPHREYS,IMO8302428,NNJH,80,5,193,29,,,A
373765000,2021-02-21T00:42:15,37.26341,-76.10529,0.0,230.7,344.0,AM CONTRECOEUR,IMO9583184,3FBX4,70,1,229,32,14.4,,A
368026000,2021-02-21T00:41:44,36.86578,-76.31606,0.0,224.2,511.0,BENAVIDEZ,IMO9218210,NBHG,70,5,289,32,10.9,70,A
373765000,2021-02-21T00:39:19,37.26340,-76.10534,0.0,230.7,345.0,AM CONTRECOEUR,IMO9583184,3FBX4,70,1,229,32,14.4,,A
311045300,2021-02-21T00:39:43,37.06660,-76.09328,15.5,328.0,328.0,NEPTUNE ACE,IMO9584059,C6YU3,70,0,199,32,9.8,79,A
367359930,2021-02-21T00:39:34,36.82419,-76.28911,0.0,303.1,511.0,SUNNY WILLIAMS,,WDE4940,80,0,25,8,,80,A
367359930,2021-02-21T00:40:45,36.82420,-76.28912,0.0,300.2,511.0,SUNNY WILLIAMS,,WDE4940,80,0,25,8,,80,A
367359930,2021-02-21T00:43:15,36.82420,-76.28912,0.0,283.4,511.0,SUNNY WILLIAMS,,WDE4940,80,0,25,8,,80,A
477770400,2021-02-21T00:40:38,36.87993,-76.33155,0.0,98.3,96.0,BAO MAY,IMO9410155,VRGV8,70,0,292,45,18.2,70,A
477770400,2021-02-21T00:44:09,36.87990,-76.33156,0.0,98.3,96.0,BAO MAY,IMO9410155,VRGV8,70,0,292,45,18.2,70,A
367359930,2021-02-21T00:44:24,36.82420,-76.28913,0.0,275.6,511.0,SUNNY WILLIAMS,,WDE4940,80,0,25,8,,80,A
477950300,2021-02-21T00:39:33,36.87518,-76.34932,0.0,143.6,347.0,COSCO DEVELOPMENT,IMO9472139,VRIZ9,70,5,366,48,15.5,70,A
338846000,2021-02-21T00:43:45,36.86556,-76.31578,0.0,0.1,511.0,USNS MENDONCA,IMO9147320,NBMK,70,5,289,32,10.9,,A
356589000,2021-02-21T00:43:14,37.23806,-76.09461,0.0,187.6,343.0,DOUBLE FORTUNE,IMO9574119,3FHZ2,70,1,234,38,14.5,70,A
255806078,2021-02-21T00:44:39,36.90928,-76.32722,0.1,306.9,352.0,NORTHERN MAGNUM,IMO9252541,CQIV4,71,5,300,40,11.3,71,A
338678000,2021-02-21T00:39:30,36.91623,-76.16844,0.0,309.3,10.0,DOLORES CHOUEST,IMO8225931,WCP8847,70,5,54,12,4.0,35,A
356643000,2021-02-21T00:41:06,36.93794,-76.37763,0.1,197.8,266.0,ARKI,IMO9561801,3ENP3,70,1,170,27,9.7,70,A
338273000,2021-02-21T00:43:05,36.96370,-76.35626,0.0,24.2,274.0,SLNC YORK,IMO9538907,WNCG,70,1,142,23,5.5,70,A
367821000,2021-02-21T00:43:53,36.97285,-76.43366,0.0,0.0,511.0,YANO,IMO7825409,NAQH,70,5,276,32,13.0,70,A
366839000,2021-02-21T00:41:09,36.85354,-76.31081,0.0,0.0,40.0,CAPE RISE,IMO7530808,KAFG,70,5,197,32,10.0,,A
338273000,2021-02-21T00:46:04,36.96371,-76.35627,0.0,24.2,273.0,SLNC YORK,IMO9538907,WNCG,70,1,142,23,5.5,70,A
367865000,2021-02-21T00:44:19,36.88695,-76.33854,0.0,286.4,11.0,KANAWHA,IMO8704080,NPTD,80,5,206,29,,,A
311045300,2021-02-21T00:44:07,37.08318,-76.10495,15.5,331.0,331.0,NEPTUNE ACE,IMO9584059,C6YU3,70,0,199,32,9.8,79,A
367359930,2021-02-21T00:42:06,36.82420,-76.28912,0.0,286.8,511.0,SUNNY WILLIAMS,,WDE4940,80,0,25,8,,80,A
428405000,2021-02-21T00:42:35,36.90625,-76.32667,0.0,351.6,352.0,ZIM QINGDAO,IMO9318163,4XFC,71,5,261,32,9.9,71,A
636092329,2021-02-21T00:41:05,37.24710,-76.11735,0.0,255.6,343.0,BLUMENAU,IMO9605633,D5AL3,70,1,229,32,14.4,,A
366842000,2021-02-21T00:45:13,36.85383,-76.31116,0.0,0.0,43.0,CAPE RACE,IMO7616377,KAFJ,70,5,197,32,10.0,,A
538005972,2021-02-21T00:41:40,36.84973,-76.30098,5.7,315.0,314.0,AUCKLAND SPIRIT,IMO9268083,V7IP8,70,0,171,27,10.4,,A
338846000,2021-02-21T00:46:46,36.86557,-76.31577,0.0,0.1,511.0,USNS MENDONCA,IMO9147320,NBMK,70,5,289,32,10.9,,A
477770400,2021-02-21T00:42:59,36.87992,-76.33156,0.0,98.3,96.0,BAO MAY,IMO9410155,VRGV8,70,0,292,45,18.2,70,A
338678000,2021-02-21T00:45:30,36.91623,-76.16843,0.0,268.7,10.0,DOLORES CHOUEST,IMO8225931,WCP8847,70,5,54,12,4.0,35,A
477770400,2021-02-21T00:45:10,36.87992,-76.33156,0.0,98.3,96.0,BAO MAY,IMO9410155,VRGV8,70,0,292,45,18.2,70,A
538005972,2021-02-21T00:46:20,36.85602,-76.30947,7.9,310.0,308.0,AUCKLAND SPIRIT,IMO9268083,V7IP8,70,0,171,27,10.4,,A
367359930,2021-02-21T00:45:35,36.82419,-76.28912,0.0,269.8,511.0,SUNNY WILLIAMS,,WDE4940,80,0,25,8,,80,A
367359930,2021-02-21T00:46:44,36.82419,-76.28912,0.0,266.6,511.0,SUNNY WILLIAMS,,WDE4940,80,0,25,8,,80,A
356643000,2021-02-21T00:44:04,36.93796,-76.37762,0.0,32.5,267.0,ARKI,IMO9561801,3ENP3,70,1,170,27,9.7,70,A
356643000,2021-02-21T00:47:07,36.93804,-76.37765,0.1,359.3,266.0,ARKI,IMO9561801,3ENP3,70,1,170,27,9.7,70,A
538005622,2021-02-21T00:42:16,36.87956,-76.32625,0.0,126.8,276.0,SASEBO GREEN,IMO9675468,V7FN3,70,5,225,32,14.4,,A
477770400,2021-02-21T00:46:19,36.87993,-76.33157,0.0,98.3,96.0,BAO MAY,IMO9410155,VRGV8,70,0,292,45,18.2,70,A
366842000,2021-02-21T00:42:14,36.85383,-76.31114,0.0,0.0,43.0,CAPE RACE,IMO7616377,KAFJ,70,5,197,32,10.0,,A
538005972,2021-02-21T00:47:31,36.85772,-76.31210,8.3,309.0,308.0,AUCKLAND SPIRIT,IMO9268083,V7IP8,70,0,171,27,10.4,,A
366839000,2021-02-21T00:47:14,36.85347,-76.31081,0.0,0.0,40.0,CAPE RISE,IMO7530808,KAFG,70,5,197,32,10.0,,A
367865000,2021-02-21T00:47:19,36.88695,-76.33855,0.0,286.4,11.0,KANAWHA,IMO8704080,NPTD,80,5,206,29,,,A
311045300,2021-02-21T00:43:06,37.07932,-76.10230,15.5,330.0,330.0,NEPTUNE ACE,IMO9584059,C6YU3,70,0,199,32,9.8,79,A
477950300,2021-02-21T00:48:33,36.87515,-76.34936,0.0,120.9,347.0,COSCO DEVELOPMENT,IMO9472139,VRIZ9,70,5,366,48,15.5,70,A
367353070,2021-02-21T00:48:02,36.94415,-76.32947,0.0,144.0,267.0,EVERGREEN STATE,IMO9408138,WDE4430,80,5,183,32,11.8,89,A
366842000,2021-02-21T00:48:14,36.85381,-76.31118,0.0,0.0,43.0,CAPE RACE,IMO7616377,KAFJ,70,5,197,32,10.0,,A
338678000,2021-02-21T00:48:31,36.91630,-76.16838,0.0,264.6,10.0,DOLORES CHOUEST,IMO8225931,WCP8847,70,5,54,12,4.0,35,A
311045300,2021-02-21T00:46:19,37.09153,-76.11073,15.5,331.0,330.0,NEPTUNE ACE,IMO9584059,C6YU3,70,0,199,32,9.8,79,A
366839000,2021-02-21T00:44:10,36.85348,-76.31080,0.0,0.0,40.0,CAPE RISE,IMO7530808,KAFG,70,5,197,32,10.0,,A
367862000,2021-02-21T00:45:44,36.94814,-76.32970,0.0,35.7,280.0,JOSHUA HUMPHREYS,IMO8302428,NNJH,80,5,193,29,,,A
373765000,2021-02-21T00:48:16,37.26343,-76.10527,0.1,230.7,340.0,AM CONTRECOEUR,IMO9583184,3FBX4,70,1,229,32,14.4,,A
368026000,2021-02-21T00:47:43,36.86574,-76.31606,0.0,224.2,511.0,BENAVIDEZ,IMO9218210,NBHG,70,5,289,32,10.9,70,A
367822000,2021-02-21T00:47:09,36.97310,-76.43388,0.0,0.0,511.0,USNS SHUGHART,IMO7825394,NAOQ,70,5,276,32,13.0,70,A
338846000,2021-02-21T00:49:46,36.86559,-76.31579,0.0,0.1,511.0,USNS MENDONCA,IMO9147320,NBMK,70,5,289,32,10.9,,A
636092329,2021-02-21T00:44:04,37.24711,-76.11736,0.0,255.6,342.0,BLUMENAU,IMO9605633,D5AL3,70,1,229,32,14.4,,A
368445000,2021-02-21T00:44:04,36.96308,-76.42014,0.0,55.8,188.0,OVERSEAS NIKISKI,IMO9353577,WDBH,80,5,183,32,12.2,80,A
368026000,2021-02-21T00:44:43,36.86574,-76.31605,0.0,224.2,511.0,BENAVIDEZ,IMO9218210,NBHG,70,5,289,32,10.9,70,A
428405000,2021-02-21T00:45:34,36.90624,-76.32667,0.0,351.6,352.0,ZIM QINGDAO,IMO9318163,4XFC,71,5,261,32,9.9,71,A
311045300,2021-02-21T00:45:13,37.08735,-76.10785,15.5,330.0,330.0,NEPTUNE ACE,IMO9584059,C6YU3,70,0,199,32,9.8,79,A
477770400,2021-02-21T00:48:40,36.87991,-76.33154,0.0,98.3,96.0,BAO MAY,IMO9410155,VRGV8,70,0,292,45,18.2,70,A
366841000,2021-02-21T00:45:09,36.85330,-76.31052,0.0,0.0,511.0,CAPE RAY,IMO7530810,KAFI,70,5,197,32,10.0,,A
367359930,2021-02-21T00:49:05,36.82419,-76.28912,0.0,265.9,511.0,SUNNY WILLIAMS,,WDE4940,80,0,25,8,,80,A
373765000,2021-02-21T00:45:20,37.26342,-76.10525,0.0,230.7,342.0,AM CONTRECOEUR,IMO9583184,3FBX4,70,1,229,32,14.4,,A
367353070,2021-02-21T00:45:01,36.94417,-76.32947,0.0,144.0,267.0,EVERGREEN STATE,IMO9408138,WDE4430,80,5,183,32,11.8,89,A
338273000,2021-02-21T00:49:05,36.96368,-76.35629,0.0,24.2,273.0,SLNC YORK,IMO9538907,WNCG,70,1,142,23,5.5,70,A
367821000,2021-02-21T00:49:53,36.97285,-76.43366,0.0,0.0,511.0,YANO,IMO7825409,NAQH,70,5,276,32,13.0,70,A
477950300,2021-02-21T00:45:35,36.87517,-76.34931,0.0,120.9,347.0,COSCO DEVELOPMENT,IMO9472139,VRIZ9,70,5,366,48,15.5,70,A
538005972,2021-02-21T00:48:40,36.85953,-76.31482,8.7,310.0,309.0,AUCKLAND SPIRIT,IMO9268083,V7IP8,70,0,171,27,10.4,,A
538005622,2021-02-21T00:45:16,36.87957,-76.32622,0.0,126.8,276.0,SASEBO GREEN,IMO9675468,V7FN3,70,5,225,32,14.4,,A
356643000,2021-02-21T00:50:04,36.93811,-76.37767,0.0,345.7,263.0,ARKI,IMO9561801,3ENP3,70,1,170,27,9.7,70,A
356589000,2021-02-21T00:46:12,37.23804,-76.09462,0.0,187.6,345.0,DOUBLE FORTUNE,IMO9574119,3FHZ2,70,1,234,38,14.5,70,A
367821000,2021-02-21T00:46:54,36.97285,-76.43366,0.0,0.0,511.0,YANO,IMO7825409,NAQH,70,5,276,32,13.0,70,A
477770400,2021-02-21T00:50:59,36.87993,-76.33155,0.0,98.3,96.0,BAO MAY,IMO9410155,VRGV8,70,0,292,45,18.2,70,A
538005972,2021-02-21T00:50:51,36.86305,-76.31992,9.0,310.0,309.0,AUCKLAND SPIRIT,IMO9268083,V7IP8,70,0,171,27,10.4,,A
636092329,2021-02-21T00:50:05,37.24712,-76.11742,0.0,255.6,341.0,BLUMENAU,IMO9605633,D5AL3,70,1,229,32,14.4,,A
367865000,2021-02-21T00:50:18,36.88698,-76.33858,0.0,286.4,11.0,KANAWHA,IMO8704080,NPTD,80,5,206,29,,,A
311045300,2021-02-21T00:51:49,37.11213,-76.12563,15.5,329.0,329.0,NEPTUNE ACE,IMO9584059,C6YU3,70,0,199,32,9.8,79,A
311045300,2021-02-21T00:47:25,37.09570,-76.11367,15.5,330.0,329.0,NEPTUNE ACE,IMO9584059,C6YU3,70,0,199,32,9.8,79,A
368445000,2021-02-21T00:50:04,36.96307,-76.42013,0.0,55.8,188.0,OVERSEAS NIKISKI,IMO9353577,WDBH,80,5,183,32,12.2,80,A
368445000,2021-02-21T00:47:04,36.96311,-76.42008,0.0,55.8,188.0,OVERSEAS NIKISKI,IMO9353577,WDBH,80,5,183,32,12.2,80,A
367359930,2021-02-21T00:47:54,36.82419,-76.28912,0.0,266.3,511.0,SUNNY WILLIAMS,,WDE4940,80,0,25,8,,80,A
366841000,2021-02-21T00:48:02,36.85329,-76.31053,0.0,0.0,511.0,CAPE RAY,IMO7530810,KAFI,70,5,197,32,10.0,,A
255806078,2021-02-21T00:47:42,36.90927,-76.32715,0.1,306.9,352.0,NORTHERN MAGNUM,IMO9252541,CQIV4,71,5,300,40,11.3,71,A
311045300,2021-02-21T00:49:36,37.10397,-76.11963,15.5,329.0,329.0,NEPTUNE ACE,IMO9584059,C6YU3,70,0,199,32,9.8,79,A
338678000,2021-02-21T00:51:30,36.91625,-76.16841,0.0,259.8,10.0,DOLORES CHOUEST,IMO8225931,WCP8847,70,5,54,12,4.0,35,A
366839000,2021-02-21T00:50:14,36.85349,-76.31078,0.0,0.0,40.0,CAPE RISE,IMO7530808,KAFG,70,5,197,32,10.0,,A
367862000,2021-02-21T00:48:45,36.94814,-76.32975,0.0,35.7,280.0,JOSHUA HUMPHREYS,IMO8302428,NNJH,80,5,193,29,,,A
428405000,2021-02-21T00:48:33,36.90625,-76.32671,0.0,351.5,352.0,ZIM QINGDAO,IMO9318163,4XFC,71,5,261,32,9.9,71,A
368026000,2021-02-21T00:50:44,36.86576,-76.31604,0.0,224.2,511.0,BENAVIDEZ,IMO9218210,NBHG,70,5,289,32,10.9,70,A
373765000,2021-02-21T00:51:20,37.26343,-76.10533,0.1,230.7,341.0,AM CONTRECOEUR,IMO9583184,3FBX4,70,1,229,32,14.4,,A
356589000,2021-02-21T00:52:11,37.23805,-76.09451,0.1,96.5,343.0,DOUBLE FORTUNE,IMO9574119,3FHZ2,70,1,234,38,14.5,70,A
367353070,2021-02-21T00:51:01,36.94415,-76.32947,0.0,144.0,267.0,EVERGREEN STATE,IMO9408138,WDE4430,80,5,183,32,11.8,89,A
538005972,2021-02-21T00:49:50,36.86140,-76.31750,8.8,311.0,309.0,AUCKLAND SPIRIT,IMO9268083,V7IP8,70,0,171,27,10.4,,A
428405000,2021-02-21T00:51:33,36.90625,-76.32671,0.0,351.5,352.0,ZIM QINGDAO,IMO9318163,4XFC,71,5,261,32,9.9,71,A
538005972,2021-02-21T00:52:02,36.86497,-76.32283,9.2,309.0,309.0,AUCKLAND SPIRIT,IMO9268083,V7IP8,70,0,171,27,10.4,,A
477770400,2021-02-21T00:49:48,36.87992,-76.33155,0.0,98.3,96.0,BAO MAY,IMO9410155,VRGV8,70,0,292,45,18.2,70,A
367822000,2021-02-21T00:53:09,36.97310,-76.43388,0.0,0.0,511.0,USNS SHUGHART,IMO7825394,NAOQ,70,5,276,32,13.0,70,A
367821000,2021-02-21T00:52:52,36.97285,-76.43365,0.0,0.0,511.0,YANO,IMO7825409,NAQH,70,5,276,32,13.0,70,A
255806078,2021-02-21T00:50:42,36.90927,-76.32722,0.1,306.9,352.0,NORTHERN MAGNUM,IMO9252541,CQIV4,71,5,300,40,11.3,71,A
367359930,2021-02-21T00:52:45,36.82418,-76.28911,0.0,267.5,511.0,SUNNY WILLIAMS,,WDE4940,80,0,25,8,,80,A
367862000,2021-02-21T00:51:45,36.94823,-76.32982,0.0,35.7,280.0,JOSHUA HUMPHREYS,IMO8302428,NNJH,80,5,193,29,,,A
311045300,2021-02-21T00:50:42,37.10802,-76.12262,15.5,329.0,329.0,NEPTUNE ACE,IMO9584059,C6YU3,70,0,199,32,9.8,79,A
477770400,2021-02-21T00:52:09,36.87993,-76.33155,0.0,98.3,96.0,BAO MAY,IMO9410155,VRGV8,70,0,292,45,18.2,70,A
366841000,2021-02-21T00:51:08,36.85327,-76.31055,0.0,0.0,511.0,CAPE RAY,IMO7530810,KAFI,70,5,197,32,10.0,,A
538005622,2021-02-21T00:51:16,36.87956,-76.32624,0.0,130.5,276.0,SASEBO GREEN,IMO9675468,V7FN3,70,5,225,32,14.4,,A
366842000,2021-02-21T00:54:15,36.85385,-76.31118,0.0,0.0,42.0,CAPE RACE,IMO7616377,KAFJ,70,5,197,32,10.0,,A
311045300,2021-02-21T00:52:54,37.11625,-76.12862,15.5,329.0,329.0,NEPTUNE ACE,IMO9584059,C6YU3,70,0,199,32,9.8,79,A
538005972,2021-02-21T00:53:11,36.86688,-76.32570,9.3,309.0,309.0,AUCKLAND SPIRIT,IMO9268083,V7IP8,70,0,171,27,10.4,,A
636092329,2021-02-21T00:53:05,37.24714,-76.11747,0.1,255.6,341.0,BLUMENAU,IMO9605633,D5AL3,70,1,229,32,14.4,,A
368026000,2021-02-21T00:53:43,36.86575,-76.31605,0.0,224.2,511.0,BENAVIDEZ,IMO9218210,NBHG,70,5,289,32,10.9,70,A
367353070,2021-02-21T00:54:02,36.94415,-76.32948,0.0,144.0,267.0,EVERGREEN STATE,IMO9408138,WDE4430,80,5,183,32,11.8,89,A
477950300,2021-02-21T00:51:31,36.87516,-76.34935,0.0,120.9,347.0,COSCO DEVELOPMENT,IMO9472139,VRIZ9,70,5,366,48,15.5,70,A
255806078,2021-02-21T00:53:44,36.90938,-76.32717,0.1,306.9,352.0,NORTHERN MAGNUM,IMO9252541,CQIV4,71,5,300,40,11.3,71,A
356643000,2021-02-21T00:53:05,36.93811,-76.37768,0.0,345.7,262.0,ARKI,IMO9561801,3ENP3,70,1,170,27,9.7,70,A
367821000,2021-02-21T00:55:53,36.97285,-76.43365,0.0,0.0,511.0,YANO,IMO7825409,NAQH,70,5,276,32,13.0,70,A
428405000,2021-02-21T00:54:34,36.90625,-76.32666,0.0,351.5,352.0,ZIM QINGDAO,IMO9318163,4XFC,71,5,261,32,9.9,71,A
538005972,2021-02-21T00:54:22,36.86887,-76.32860,9.4,311.0,317.0,AUCKLAND SPIRIT,IMO9268083,V7IP8,70,0,171,27,10.4,,A
366842000,2021-02-21T00:51:13,36.85380,-76.31118,0.0,0.0,42.0,CAPE RACE,IMO7616377,KAFJ,70,5,197,32,10.0,,A
477950300,2021-02-21T00:54:33,36.87513,-76.34932,0.0,120.9,347.0,COSCO DEVELOPMENT,IMO9472139,VRIZ9,70,5,366,48,15.5,70,A
366841000,2021-02-21T00:54:05,36.85324,-76.31051,0.0,0.0,511.0,CAPE RAY,IMO7530810,KAFI,70,5,197,32,10.0,,A
538005972,2021-02-21T00:56:41,36.87403,-76.33275,9.4,337.0,347.0,AUCKLAND SPIRIT,IMO9268083,V7IP8,70,0,171,27,10.4,,A
373765000,2021-02-21T00:54:18,37.26337,-76.10541,102.3,360.0,343.0,AM CONTRECOEUR,IMO9583184,3FBX4,70,1,229,32,14.4,,A
338678000,2021-02-21T00:54:30,36.91619,-76.16841,0.0,265.8,10.0,DOLORES CHOUEST,IMO8225931,WCP8847,70,5,54,12,4.0,35,A
477770400,2021-02-21T00:54:30,36.87993,-76.33155,0.0,98.3,96.0,BAO MAY,IMO9410155,VRGV8,70,0,292,45,18.2,70,A
338846000,2021-02-21T00:52:46,36.86557,-76.31580,0.0,0.1,511.0,USNS MENDONCA,IMO9147320,NBMK,70,5,289,32,10.9,,A
367359930,2021-02-21T00:56:16,36.82417,-76.28912,0.0,273.1,511.0,SUNNY WILLIAMS,,WDE4940,80,0,25,8,,80,A
366839000,2021-02-21T00:53:15,36.85344,-76.31081,0.0,0.0,40.0,CAPE RISE,IMO7530808,KAFG,70,5,197,32,10.0,,A
538005972,2021-02-21T00:55:40,36.87162,-76.33130,9.5,324.0,330.0,AUCKLAND SPIRIT,IMO9268083,V7IP8,70,0,171,27,10.4,,A
356589000,2021-02-21T00:55:12,37.23808,-76.09451,0.0,100.7,341.0,DOUBLE FORTUNE,IMO9574119,3FHZ2,70,1,234,38,14.5,70,A
338846000,2021-02-21T00:55:45,36.86559,-76.31578,0.0,0.1,511.0,USNS MENDONCA,IMO9147320,NBMK,70,5,289,32,10.9,,A
338273000,2021-02-21T00:55:04,36.96367,-76.35628,0.0,24.2,272.0,SLNC YORK,IMO9538907,WNCG,70,1,142,23,5.5,70,A
367865000,2021-02-21T00:53:18,36.88693,-76.33854,0.0,286.4,11.0,KANAWHA,IMO8704080,NPTD,80,5,206,29,,,A
367822000,2021-02-21T00:56:09,36.97309,-76.43388,0.0,0.0,511.0,USNS SHUGHART,IMO7825394,NAOQ,70,5,276,32,13.0,70,A
538005622,2021-02-21T00:54:16,36.87959,-76.32626,0.0,130.5,276.0,SASEBO GREEN,IMO9675468,V7FN3,70,5,225,32,14.4,,A
311045300,2021-02-21T00:54:01,37.12042,-76.13163,15.4,329.0,329.0,NEPTUNE ACE,IMO9584059,C6YU3,70,0,199,32,9.8,79,A
367862000,2021-02-21T00:57:45,36.94820,-76.32974,0.0,35.7,280.0,JOSHUA HUMPHREYS,IMO8302428,NNJH,80,5,193,29,,,A
367862000,2021-02-21T00:54:44,36.94811,-76.32975,0.0,35.7,280.0,JOSHUA HUMPHREYS,IMO8302428,NNJH,80,5,193,29,,,A
538005622,2021-02-21T00:57:16,36.87957,-76.32626,0.0,131.5,276.0,SASEBO GREEN,IMO9675468,V7FN3,70,5,225,32,14.4,,A
366839000,2021-02-21T00:56:13,36.85350,-76.31084,0.0,0.0,40.0,CAPE RISE,IMO7530808,KAFG,70,5,197,32,10.0,,A
366839000,2021-02-21T00:59:09,36.85349,-76.31079,0.0,0.0,40.0,CAPE RISE,IMO7530808,KAFG,70,5,197,32,10.0,,A
367865000,2021-02-21T00:56:19,36.88693,-76.33852,0.0,286.4,11.0,KANAWHA,IMO8704080,NPTD,80,5,206,29,,,A
428405000,2021-02-21T00:57:34,36.90626,-76.32665,0.0,351.5,352.0,ZIM QINGDAO,IMO9318163,4XFC,71,5,261,32,9.9,71,A
255806078,2021-02-21T00:56:47,36.90938,-76.32718,0.1,306.9,352.0,NORTHERN MAGNUM,IMO9252541,CQIV4,71,5,300,40,11.3,71,A
367822000,2021-02-21T00:59:09,36.97309,-76.43386,0.0,0.0,511.0,USNS SHUGHART,IMO7825394,NAOQ,70,5,276,32,13.0,70,A
477770400,2021-02-21T00:56:49,36.87994,-76.33155,0.0,98.3,96.0,BAO MAY,IMO9410155,VRGV8,70,0,292,45,18.2,70,A
367359930,2021-02-21T00:55:06,36.82417,-76.28913,0.0,273.9,511.0,SUNNY WILLIAMS,,WDE4940,80,0,25,8,,80,A
367353070,2021-02-21T00:57:02,36.94420,-76.32948,0.0,144.0,267.0,EVERGREEN STATE,IMO9408138,WDE4430,80,5,183,32,11.8,89,A
311045300,2021-02-21T00:55:07,37.12450,-76.13463,15.4,329.0,329.0,NEPTUNE ACE,IMO9584059,C6YU3,70,0,199,32,9.8,79,A
636092329,2021-02-21T00:56:05,37.24713,-76.11755,0.1,273.2,341.0,BLUMENAU,IMO9605633,D5AL3,70,1,229,32,14.4,,A
368445000,2021-02-21T00:56:05,36.96312,-76.42013,0.0,55.8,188.0,OVERSEAS NIKISKI,IMO9353577,WDBH,80,5,183,32,12.2,80,A
356643000,2021-02-21T00:56:04,36.93811,-76.37767,0.0,170.8,264.0,ARKI,IMO9561801,3ENP3,70,1,170,27,9.7,70,A
255806078,2021-02-21T00:59:46,36.90933,-76.32715,0.1,306.9,352.0,NORTHERN MAGNUM,IMO9252541,CQIV4,71,5,300,40,11.3,71,A
311045300,2021-02-21T00:56:13,37.12858,-76.13762,15.4,329.0,329.0,NEPTUNE ACE,IMO9584059,C6YU3,70,0,199,32,9.8,79,A
338678000,2021-02-21T01:00:30,36.91621,-76.16842,0.0,282.4,10.0,DOLORES CHOUEST,IMO8225931,WCP8847,70,5,54,12,4.0,35,A
367359930,2021-02-21T01:00:06,36.82419,-76.28913,0.0,280.0,511.0,SUNNY WILLIAMS,,WDE4940,80,0,25,8,,80,A
477950300,2021-02-21T00:57:34,36.87516,-76.34929,0.0,120.9,347.0,COSCO DEVELOPMENT,IMO9472139,VRIZ9,70,5,366,48,15.5,70,A
311045300,2021-02-21T01:01:06,37.14750,-76.14913,15.6,345.0,345.0,NEPTUNE ACE,IMO9584059,C6YU3,70,0,199,32,9.8,79,A
311045300,2021-02-21T00:57:18,37.13267,-76.14067,15.4,328.0,329.0,NEPTUNE ACE,IMO9584059,C6YU3,70,0,199,32,9.8,79,A
338678000,2021-02-21T00:57:30,36.91623,-76.16842,0.0,277.8,10.0,DOLORES CHOUEST,IMO8225931,WCP8847,70,5,54,12,4.0,35,A
311045300,2021-02-21T00:58:25,37.13685,-76.14348,15.4,331.0,332.0,NEPTUNE ACE,IMO9584059,C6YU3,70,0,199,32,9.8,79,A
338846000,2021-02-21T00:58:45,36.86562,-76.31576,0.0,0.1,511.0,USNS MENDONCA,IMO9147320,NBMK,70,5,289,32,10.9,,A
477770400,2021-02-21T00:57:58,36.87993,-76.33155,0.0,98.3,96.0,BAO MAY,IMO9410155,VRGV8,70,0,292,45,18.2,70,A
356589000,2021-02-21T00:58:14,37.23808,-76.09450,0.0,100.7,340.0,DOUBLE FORTUNE,IMO9574119,3FHZ2,70,1,234,38,14.5,70,A
367865000,2021-02-21T00:59:18,36.88696,-76.33854,0.0,286.4,11.0,KANAWHA,IMO8704080,NPTD,80,5,206,29,,,A
367821000,2021-02-21T01:01:53,36.97285,-76.43364,0.0,0.0,511.0,YANO,IMO7825409,NAQH,70,5,276,32,13.0,70,A
356643000,2021-02-21T01:02:05,36.93825,-76.37772,0.0,7.9,260.0,ARKI,IMO9561801,3ENP3,70,1,170,27,9.7,70,A
366839000,2021-02-21T01:02:13,36.85350,-76.31077,0.0,0.0,40.0,CAPE RISE,IMO7530808,KAFG,70,5,197,32,10.0,,A
368026000,2021-02-21T00:59:43,36.86578,-76.31606,0.0,224.2,511.0,BENAVIDEZ,IMO9218210,NBHG,70,5,289,32,10.9,70,A
338273000,2021-02-21T00:58:05,36.96372,-76.35627,0.0,24.2,272.0,SLNC YORK,IMO9538907,WNCG,70,1,142,23,5.5,70,A
477770400,2021-02-21T01:03:49,36.87995,-76.33156,0.0,98.3,96.0,BAO MAY,IMO9410155,VRGV8,70,0,292,45,18.2,70,A
311045300,2021-02-21T01:04:19,37.16130,-76.15138,15.3,351.0,349.0,NEPTUNE ACE,IMO9584059,C6YU3,70,0,199,32,9.8,79,A
311045300,2021-02-21T01:00:01,37.14298,-76.14748,15.4,335.0,336.0,NEPTUNE ACE,IMO9584059,C6YU3,70,0,199,32,9.8,79,A
538005972,2021-02-21T01:00:00,36.88272,-76.33433,9.5,351.0,351.0,AUCKLAND SPIRIT,IMO9268083,V7IP8,70,0,171,27,10.4,,A
366842000,2021-02-21T01:00:17,36.85382,-76.31115,0.0,0.0,42.0,CAPE RACE,IMO7616377,KAFJ,70,5,197,32,10.0,,A
311045300,2021-02-21T00:59:31,37.14108,-76.14638,15.5,331.0,331.0,NEPTUNE ACE,IMO9584059,C6YU3,70,0,199,32,9.8,79,A
477950300,2021-02-21T01:00:32,36.87514,-76.34934,0.0,218.6,347.0,COSCO DEVELOPMENT,IMO9472139,VRIZ9,70,5,366,48,15.5,70,A
538005972,2021-02-21T00:57:50,36.87700,-76.33332,9.2,350.0,350.0,AUCKLAND SPIRIT,IMO9268083,V7IP8,70,0,171,27,10.4,,A
356643000,2021-02-21T00:59:05,36.93817,-76.37770,0.1,353.0,263.0,ARKI,IMO9561801,3ENP3,70,1,170,27,9.7,70,A
367862000,2021-02-21T01:00:44,36.94813,-76.32979,0.0,35.7,280.0,JOSHUA HUMPHREYS,IMO8302428,NNJH,80,5,193,29,,,A
367359930,2021-02-21T01:04:45,36.82419,-76.28914,0.0,279.8,511.0,SUNNY WILLIAMS,,WDE4940,80,0,25,8,,80,A
367359930,2021-02-21T00:58:34,36.82419,-76.28914,0.0,278.8,511.0,SUNNY WILLIAMS,,WDE4940,80,0,25,8,,80,A
356589000,2021-02-21T01:01:14,37.23804,-76.09453,0.0,100.7,340.0,DOUBLE FORTUNE,IMO9574119,3FHZ2,70,1,234,38,14.5,70,A
636092329,2021-02-21T00:59:04,37.24714,-76.11767,0.1,273.2,343.0,BLUMENAU,IMO9605633,D5AL3,70,1,229,32,14.4,,A
367821000,2021-02-21T00:58:53,36.97285,-76.43364,0.0,0.0,511.0,YANO,IMO7825409,NAQH,70,5,276,32,13.0,70,A
538005972,2021-02-21T01:03:31,36.89210,-76.33577,9.7,352.0,351.0,AUCKLAND SPIRIT,IMO9268083,V7IP8,70,0,171,27,10.4,,A
636092329,2021-02-21T01:02:07,37.24714,-76.11775,0.1,273.2,343.0,BLUMENAU,IMO9605633,D5AL3,70,1,229,32,14.4,,A
368445000,2021-02-21T00:59:05,36.96309,-76.42017,0.0,55.8,188.0,OVERSEAS NIKISKI,IMO9353577,WDBH,80,5,183,32,12.2,80,A
367353070,2021-02-21T01:03:02,36.94418,-76.32948,0.0,144.0,267.0,EVERGREEN STATE,IMO9408138,WDE4430,80,5,183,32,11.8,89,A
356589000,2021-02-21T01:04:11,37.23805,-76.09459,0.0,216.8,342.0,DOUBLE FORTUNE,IMO9574119,3FHZ2,70,1,234,38,14.5,70,A
367359930,2021-02-21T00:59:35,36.82419,-76.28913,0.0,279.7,511.0,SUNNY WILLIAMS,,WDE4940,80,0,25,8,,80,A
368445000,2021-02-21T01:05:04,36.96309,-76.42013,0.0,55.8,188.0,OVERSEAS NIKISKI,IMO9353577,WDBH,80,5,183,32,12.2,80,A
477770400,2021-02-21T01:00:09,36.87994,-76.33155,0.0,98.3,96.0,BAO MAY,IMO9410155,VRGV8,70,0,292,45,18.2,70,A
367822000,2021-02-21T01:02:08,36.97308,-76.43386,0.0,0.0,511.0,USNS SHUGHART,IMO7825394,NAOQ,70,5,276,32,13.0,70,A
538005972,2021-02-21T01:02:20,36.88893,-76.33530,9.6,353.0,351.0,AUCKLAND SPIRIT,IMO9268083,V7IP8,70,0,171,27,10.4,,A
367359930,2021-02-21T01:07:06,36.82420,-76.28913,0.0,275.6,511.0,SUNNY WILLIAMS,,WDE4940,80,0,25,8,,80,A
373765000,2021-02-21T01:03:18,37.26338,-76.10548,0.1,230.7,346.0,AM CONTRECOEUR,IMO9583184,3FBX4,70,1,229,32,14.4,,A
367353070,2021-02-21T01:06:02,36.94418,-76.32942,0.0,144.0,267.0,EVERGREEN STATE,IMO9408138,WDE4430,80,5,183,32,11.8,89,A
338846000,2021-02-21T01:07:46,36.86557,-76.31579,0.0,0.1,511.0,USNS MENDONCA,IMO9147320,NBMK,70,5,289,32,10.9,,A
538005972,2021-02-21T01:01:10,36.88580,-76.33483,9.6,352.0,351.0,AUCKLAND SPIRIT,IMO9268083,V7IP8,70,0,171,27,10.4,,A
428405000,2021-02-21T01:00:34,36.90629,-76.32669,0.0,351.5,352.0,ZIM QINGDAO,IMO9318163,4XFC,71,5,261,32,9.9,71,A
338273000,2021-02-21T01:01:04,36.96369,-76.35627,0.0,24.2,271.0,SLNC YORK,IMO9538907,WNCG,70,1,142,23,5.5,70,A
368445000,2021-02-21T01:02:04,36.96310,-76.42015,0.0,55.8,188.0,OVERSEAS NIKISKI,IMO9353577,WDBH,80,5,183,32,12.2,80,A
538005622,2021-02-21T01:00:16,36.87960,-76.32623,0.0,131.5,276.0,SASEBO GREEN,IMO9675468,V7FN3,70,5,225,32,14.4,,A
311045300,2021-02-21T01:07:31,37.17507,-76.15350,15.6,353.0,352.0,NEPTUNE ACE,IMO9584059,C6YU3,70,0,199,32,9.8,79,A
367359930,2021-02-21T01:01:15,36.82419,-76.28913,0.0,278.9,511.0,SUNNY WILLIAMS,,WDE4940,80,0,25,8,,80,A
367359930,2021-02-21T01:03:35,36.82419,-76.28912,0.0,277.8,511.0,SUNNY WILLIAMS,,WDE4940,80,0,25,8,,80,A
368026000,2021-02-21T01:02:43,36.86577,-76.31604,0.0,224.2,511.0,BENAVIDEZ,IMO9218210,NBHG,70,5,289,32,10.9,70,A
367359930,2021-02-21T01:08:14,36.82419,-76.28911,0.0,281.5,511.0,SUNNY WILLIAMS,,WDE4940,80,0,25,8,,80,A
255806078,2021-02-21T01:02:48,36.90938,-76.32720,0.1,306.9,352.0,NORTHERN MAGNUM,IMO9252541,CQIV4,71,5,300,40,11.3,71,A
311045300,2021-02-21T01:03:18,37.15700,-76.15058,15.3,352.0,350.0,NEPTUNE ACE,IMO9584059,C6YU3,70,0,199,32,9.8,79,A
538005972,2021-02-21T01:05:51,36.89845,-76.33677,9.7,352.0,351.0,AUCKLAND SPIRIT,IMO9268083,V7IP8,70,0,171,27,10.4,,A
366842000,2021-02-21T01:03:13,36.85383,-76.31119,0.0,0.0,42.0,CAPE RACE,IMO7616377,KAFJ,70,5,197,32,10.0,,A
428405000,2021-02-21T01:03:33,36.90627,-76.32668,0.0,351.5,352.0,ZIM QINGDAO,IMO9318163,4XFC,71,5,261,32,9.9,71,A
538005622,2021-02-21T01:09:16,36.87955,-76.32623,0.0,264.9,276.0,SASEBO GREEN,IMO9675468,V7FN3,70,5,225,32,14.4,,A
366839000,2021-02-21T01:05:14,36.85348,-76.31083,0.0,0.0,40.0,CAPE RISE,IMO7530808,KAFG,70,5,197,32,10.0,,A
367821000,2021-02-21T01:04:53,36.97284,-76.43365,0.0,0.0,511.0,YANO,IMO7825409,NAQH,70,5,276,32,13.0,70,A
477950300,2021-02-21T01:03:33,36.87515,-76.34932,0.0,217.7,347.0,COSCO DEVELOPMENT,IMO9472139,VRIZ9,70,5,366,48,15.5,70,A
367359930,2021-02-21T01:09:25,36.82421,-76.28912,0.0,284.3,511.0,SUNNY WILLIAMS,,WDE4940,80,0,25,8,,80,A
311045300,2021-02-21T01:10:49,37.18950,-76.15378,15.9,11.0,11.0,NEPTUNE ACE,IMO9584059,C6YU3,70,0,199,32,9.8,79,A
538005622,2021-02-21T01:03:16,36.87956,-76.32622,0.0,264.9,276.0,SASEBO GREEN,IMO9675468,V7FN3,70,5,225,32,14.4,,A
373765000,2021-02-21T01:06:16,37.26339,-76.10550,0.1,230.7,345.0,AM CONTRECOEUR,IMO9583184,3FBX4,70,1,229,32,14.4,,A
255806078,2021-02-21T01:05:48,36.90942,-76.32722,0.1,306.9,352.0,NORTHERN MAGNUM,IMO9252541,CQIV4,71,5,300,40,11.3,71,A
636092329,2021-02-21T01:11:03,37.24669,-76.11796,0.2,212.8,346.0,BLUMENAU,IMO9605633,D5AL3,70,1,229,32,14.4,,A
538005972,2021-02-21T01:04:41,36.89525,-76.33627,9.7,352.0,351.0,AUCKLAND SPIRIT,IMO9268083,V7IP8,70,0,171,27,10.4,,A
538005972,2021-02-21T01:07:00,36.90157,-76.33730,9.8,352.0,351.0,AUCKLAND SPIRIT,IMO9268083,V7IP8,70,0,171,27,10.4,,A
338846000,2021-02-21T01:04:45,36.86559,-76.31581,0.0,0.1,511.0,USNS MENDONCA,IMO9147320,NBMK,70,5,289,32,10.9,,A
367862000,2021-02-21T01:06:45,36.94815,-76.32976,0.0,35.7,280.0,JOSHUA HUMPHREYS,IMO8302428,NNJH,80,5,193,29,,,A
367821000,2021-02-21T01:07:53,36.97286,-76.43364,0.0,0.0,511.0,YANO,IMO7825409,NAQH,70,5,276,32,13.0,70,A
636092329,2021-02-21T01:05:03,37.24703,-76.11782,0.2,205.9,342.0,BLUMENAU,IMO9605633,D5AL3,70,1,229,32,14.4,,A
477770400,2021-02-21T01:05:58,36.87993,-76.33154,0.0,98.3,96.0,BAO MAY,IMO9410155,VRGV8,70,0,292,45,18.2,70,A
368026000,2021-02-21T01:05:44,36.86576,-76.31602,0.0,224.2,511.0,BENAVIDEZ,IMO9218210,NBHG,70,5,289,32,10.9,70,A
367822000,2021-02-21T01:05:08,36.97308,-76.43387,0.0,0.0,511.0,USNS SHUGHART,IMO7825394,NAOQ,70,5,276,32,13.0,70,A
367822000,2021-02-21T01:11:10,36.97309,-76.43387,0.0,0.0,511.0,USNS SHUGHART,IMO7825394,NAOQ,70,5,276,32,13.0,70,A
477950300,2021-02-21T01:06:31,36.87517,-76.34933,0.0,216.1,347.0,COSCO DEVELOPMENT,IMO9472139,VRIZ9,70,5,366,48,15.5,70,A
538005622,2021-02-21T01:12:16,36.87955,-76.32624,0.0,264.9,276.0,SASEBO GREEN,IMO9675468,V7FN3,70,5,225,32,14.4,,A
636092329,2021-02-21T01:07:58,37.24685,-76.11786,0.2,206.2,342.0,BLUMENAU,IMO9605633,D5AL3,70,1,229,32,14.4,,A
338678000,2021-02-21T01:06:30,36.91621,-76.16842,0.0,293.3,10.0,DOLORES CHOUEST,IMO8225931,WCP8847,70,5,54,12,4.0,35,A
311045300,2021-02-21T01:06:25,37.17023,-76.15282,15.5,353.0,352.0,NEPTUNE ACE,IMO9584059,C6YU3,70,0,199,32,9.8,79,A
477770400,2021-02-21T01:08:10,36.87993,-76.33154,0.0,98.3,96.0,BAO MAY,IMO9410155,VRGV8,70,0,292,45,18.2,70,A
366841000,2021-02-21T01:09:10,36.85327,-76.31057,0.0,0.0,511.0,CAPE RAY,IMO7530810,KAFI,70,5,197,32,10.0,,A
538005972,2021-02-21T01:08:01,36.90433,-76.33775,9.8,352.0,351.0,AUCKLAND SPIRIT,IMO9268083,V7IP8,70,0,171,27,10.4,,A
367865000,2021-02-21T01:08:19,36.88687,-76.33851,0.0,286.4,11.0,KANAWHA,IMO8704080,NPTD,80,5,206,29,,,A
366839000,2021-02-21T01:08:15,36.85349,-76.31077,0.0,0.0,40.0,CAPE RISE,IMO7530808,KAFG,70,5,197,32,10.0,,A
366842000,2021-02-21T01:09:09,36.85383,-76.31120,0.0,0.0,42.0,CAPE RACE,IMO7616377,KAFJ,70,5,197,32,10.0,,A
428405000,2021-02-21T01:06:34,36.90622,-76.32673,0.0,351.4,351.0,ZIM QINGDAO,IMO9318163,4XFC,71,5,261,32,9.9,71,A
538005622,2021-02-21T01:06:16,36.87953,-76.32623,0.0,264.9,276.0,SASEBO GREEN,IMO9675468,V7FN3,70,5,225,32,14.4,,A
338678000,2021-02-21T01:09:30,36.91622,-76.16843,0.0,293.1,10.0,DOLORES CHOUEST,IMO8225931,WCP8847,70,5,54,12,4.0,35,A
356589000,2021-02-21T01:07:15,37.23805,-76.09463,0.0,216.8,345.0,DOUBLE FORTUNE,IMO9574119,3FHZ2,70,1,234,38,14.5,70,A
477770400,2021-02-21T01:09:20,36.87993,-76.33156,0.0,98.3,96.0,BAO MAY,IMO9410155,VRGV8,70,0,292,45,18.2,70,A
338846000,2021-02-21T01:10:47,36.86559,-76.31581,0.0,0.1,511.0,USNS MENDONCA,IMO9147320,NBMK,70,5,289,32,10.9,,A
356589000,2021-02-21T01:10:14,37.23805,-76.09458,0.0,84.7,344.0,DOUBLE FORTUNE,IMO9574119,3FHZ2,70,1,234,38,14.5,70,A
368445000,2021-02-21T01:08:04,36.96309,-76.42012,0.0,55.8,188.0,OVERSEAS NIKISKI,IMO9353577,WDBH,80,5,183,32,12.2,80,A
367822000,2021-02-21T01:08:09,36.97308,-76.43387,0.0,0.0,511.0,USNS SHUGHART,IMO7825394,NAOQ,70,5,276,32,13.0,70,A
356643000,2021-02-21T01:11:05,36.93831,-76.37774,0.1,345.5,257.0,ARKI,IMO9561801,3ENP3,70,1,170,27,9.7,70,A
428405000,2021-02-21T01:09:33,36.90629,-76.32676,0.0,351.4,351.0,ZIM QINGDAO,IMO9318163,4XFC,71,5,261,32,9.9,71,A
477950300,2021-02-21T01:09:32,36.87518,-76.34932,0.0,216.1,347.0,COSCO DEVELOPMENT,IMO9472139,VRIZ9,70,5,366,48,15.5,70,A
538005972,2021-02-21T01:13:50,36.92038,-76.33792,9.9,3.0,2.0,AUCKLAND SPIRIT,IMO9268083,V7IP8,70,0,171,27,10.4,,A
538005972,2021-02-21T01:10:21,36.91075,-76.33852,9.9,358.0,359.0,AUCKLAND SPIRIT,IMO9268083,V7IP8,70,0,171,27,10.4,,A
636013980,2021-02-21T01:13:44,37.03905,-76.06732,9.7,321.0,321.0,KM MT JADE,IMO9359545,A8QP7,70,0,224,32,14.4,70,A
366839000,2021-02-21T01:14:14,36.85350,-76.31088,0.0,0.0,40.0,CAPE RISE,IMO7530808,KAFG,70,5,197,32,10.0,,A
373765000,2021-02-21T01:09:18,37.26335,-76.10556,0.1,230.7,345.0,AM CONTRECOEUR,IMO9583184,3FBX4,70,1,229,32,14.4,,A
311045300,2021-02-21T01:08:37,37.17978,-76.15413,15.7,353.0,352.0,NEPTUNE ACE,IMO9584059,C6YU3,70,0,199,32,9.8,79,A
311045300,2021-02-21T01:15:12,37.20777,-76.14642,15.5,17.0,15.0,NEPTUNE ACE,IMO9584059,C6YU3,70,0,199,32,9.8,79,A
538005972,2021-02-21T01:09:10,36.90748,-76.33830,9.9,351.0,354.0,AUCKLAND SPIRIT,IMO9268083,V7IP8,70,0,171,27,10.4,,A
366839000,2021-02-21T01:11:16,36.85349,-76.31087,0.0,0.0,40.0,CAPE RISE,IMO7530808,KAFG,70,5,197,32,10.0,,A
373765000,2021-02-21T01:12:15,37.26334,-76.10564,0.1,230.7,346.0,AM CONTRECOEUR,IMO9583184,3FBX4,70,1,229,32,14.4,,A
368026000,2021-02-21T01:08:44,36.86576,-76.31603,0.0,224.2,511.0,BENAVIDEZ,IMO9218210,NBHG,70,5,289,32,10.9,70,A
477950300,2021-02-21T01:12:32,36.87519,-76.34934,0.0,235.6,347.0,COSCO DEVELOPMENT,IMO9472139,VRIZ9,70,5,366,48,15.5,70,A
477950300,2021-02-21T01:15:31,36.87521,-76.34932,0.0,234.9,347.0,COSCO DEVELOPMENT,IMO9472139,VRIZ9,70,5,366,48,15.5,70,A
538005972,2021-02-21T01:11:30,36.91388,-76.33838,9.9,1.0,1.0,AUCKLAND SPIRIT,IMO9268083,V7IP8,70,0,171,27,10.4,,A
366841000,2021-02-21T01:15:11,36.85323,-76.31054,0.0,0.0,511.0,CAPE RAY,IMO7530810,KAFI,70,5,197,32,10.0,,A
538005972,2021-02-21T01:12:40,36.91718,-76.33815,10.0,3.0,2.0,AUCKLAND SPIRIT,IMO9268083,V7IP8,70,0,171,27,10.4,,A
367862000,2021-02-21T01:09:45,36.94811,-76.32973,0.0,35.7,280.0,JOSHUA HUMPHREYS,IMO8302428,NNJH,80,5,193,29,,,A
338273000,2021-02-21T01:10:04,36.96381,-76.35626,0.1,24.2,277.0,SLNC YORK,IMO9538907,WNCG,70,1,142,23,5.5,70,A
373765000,2021-02-21T01:15:20,37.26331,-76.10571,0.1,230.7,349.0,AM CONTRECOEUR,IMO9583184,3FBX4,70,1,229,32,14.4,,A
366841000,2021-02-21T01:12:08,36.85328,-76.31053,0.0,0.0,511.0,CAPE RAY,IMO7530810,KAFI,70,5,197,32,10.0,,A
538005972,2021-02-21T01:16:11,36.92692,-76.33740,10.0,4.0,2.0,AUCKLAND SPIRIT,IMO9268083,V7IP8,70,0,171,27,10.4,,A
311045300,2021-02-21T01:16:18,37.21235,-76.14463,15.5,17.0,15.0,NEPTUNE ACE,IMO9584059,C6YU3,70,0,199,32,9.8,79,A
338846000,2021-02-21T01:16:45,36.86556,-76.31579,0.0,0.1,511.0,USNS MENDONCA,IMO9147320,NBMK,70,5,289,32,10.9,,A
367359930,2021-02-21T01:10:45,36.82420,-76.28912,0.0,282.6,511.0,SUNNY WILLIAMS,,WDE4940,80,0,25,8,,80,A
338273000,2021-02-21T01:13:04,36.96393,-76.35634,0.1,24.2,278.0,SLNC YORK,IMO9538907,WNCG,70,1,142,23,5.5,70,A
477770400,2021-02-21T01:16:19,36.87993,-76.33155,0.0,98.3,96.0,BAO MAY,IMO9410155,VRGV8,70,0,292,45,18.2,70,A
311045300,2021-02-21T01:11:55,37.19408,-76.15187,15.6,17.0,15.0,NEPTUNE ACE,IMO9584059,C6YU3,70,0,199,32,9.8,79,A
338678000,2021-02-21T01:12:30,36.91621,-76.16841,0.0,291.7,10.0,DOLORES CHOUEST,IMO8225931,WCP8847,70,5,54,12,4.0,35,A
368026000,2021-02-21T01:11:44,36.86578,-76.31602,0.0,224.2,511.0,BENAVIDEZ,IMO9218210,NBHG,70,5,289,32,10.9,70,A
477770400,2021-02-21T01:10:29,36.87992,-76.33155,0.0,98.3,96.0,BAO MAY,IMO9410155,VRGV8,70,0,292,45,18.2,70,A
428405000,2021-02-21T01:12:34,36.90625,-76.32663,0.0,351.4,351.0,ZIM QINGDAO,IMO9318163,4XFC,71,5,261,32,9.9,71,A
367359930,2021-02-21T01:14:16,36.82419,-76.28912,0.0,291.7,511.0,SUNNY WILLIAMS,,WDE4940,80,0,25,8,,80,A
368445000,2021-02-21T01:14:05,36.96310,-76.42014,0.0,55.8,188.0,OVERSEAS NIKISKI,IMO9353577,WDBH,80,5,183,32,12.2,80,A
367865000,2021-02-21T01:17:18,36.88687,-76.33856,0.0,286.4,11.0,KANAWHA,IMO8704080,NPTD,80,5,206,29,,,A
636092329,2021-02-21T01:17:05,37.24664,-76.11801,0.1,213.5,347.0,BLUMENAU,IMO9605633,D5AL3,70,1,229,32,14.4,,A
636013980,2021-02-21T01:12:34,37.03655,-76.06487,9.7,321.0,321.0,KM MT JADE,IMO9359545,A8QP7,70,0,224,32,14.4,70,A
255806078,2021-02-21T01:11:54,36.90935,-76.32720,0.1,306.9,352.0,NORTHERN MAGNUM,IMO9252541,CQIV4,71,5,300,40,11.3,71,A
255806078,2021-02-21T01:14:53,36.90937,-76.32722,0.1,306.9,352.0,NORTHERN MAGNUM,IMO9252541,CQIV4,71,5,300,40,11.3,71,A
367862000,2021-02-21T01:15:44,36.94813,-76.32979,0.0,35.7,280.0,JOSHUA HUMPHREYS,IMO8302428,NNJH,80,5,193,29,,,A
367862000,2021-02-21T01:12:44,36.94812,-76.32973,0.0,35.7,280.0,JOSHUA HUMPHREYS,IMO8302428,NNJH,80,5,193,29,,,A
477770400,2021-02-21T01:12:49,36.87991,-76.33154,0.0,98.3,96.0,BAO MAY,IMO9410155,VRGV8,70,0,292,45,18.2,70,A
367359930,2021-02-21T01:13:06,36.82420,-76.28913,0.0,290.9,511.0,SUNNY WILLIAMS,,WDE4940,80,0,25,8,,80,A
367822000,2021-02-21T01:14:09,36.97309,-76.43386,0.0,0.0,511.0,USNS SHUGHART,IMO7825394,NAOQ,70,5,276,32,13.0,70,A
368445000,2021-02-21T01:11:05,36.96311,-76.42014,0.0,55.8,188.0,OVERSEAS NIKISKI,IMO9353577,WDBH,80,5,183,32,12.2,80,A
311045300,2021-02-21T01:14:07,37.20320,-76.14823,15.5,17.0,15.0,NEPTUNE ACE,IMO9584059,C6YU3,70,0,199,32,9.8,79,A
311045300,2021-02-21T01:13:01,37.19868,-76.15003,15.6,17.0,15.0,NEPTUNE ACE,IMO9584059,C6YU3,70,0,199,32,9.8,79,A
367865000,2021-02-21T01:14:19,36.88691,-76.33852,0.0,286.4,11.0,KANAWHA,IMO8704080,NPTD,80,5,206,29,,,A
356589000,2021-02-21T01:16:11,37.23803,-76.09461,0.0,84.7,345.0,DOUBLE FORTUNE,IMO9574119,3FHZ2,70,1,234,38,14.5,70,A
356589000,2021-02-21T01:13:12,37.23804,-76.09458,0.0,84.7,343.0,DOUBLE FORTUNE,IMO9574119,3FHZ2,70,1,234,38,14.5,70,A
367353070,2021-02-21T01:18:04,36.94418,-76.32950,0.0,144.0,267.0,EVERGREEN STATE,IMO9408138,WDE4430,80,5,183,32,11.8,89,A
636013980,2021-02-21T01:16:04,37.04407,-76.07232,9.9,321.0,321.0,KM MT JADE,IMO9359545,A8QP7,70,0,224,32,14.4,70,A
255806078,2021-02-21T01:17:55,36.90932,-76.32723,0.1,306.9,352.0,NORTHERN MAGNUM,IMO9252541,CQIV4,71,5,300,40,11.3,71,A
477770400,2021-02-21T01:13:58,36.87991,-76.33154,0.0,98.3,96.0,BAO MAY,IMO9410155,VRGV8,70,0,292,45,18.2,70,A
538005972,2021-02-21T01:17:21,36.93028,-76.33712,10.1,3.0,1.0,AUCKLAND SPIRIT,IMO9268083,V7IP8,70,0,171,27,10.4,,A
356643000,2021-02-21T01:17:08,36.93831,-76.37774,0.0,161.7,256.0,ARKI,IMO9561801,3ENP3,70,1,170,27,9.7,70,A
538005622,2021-02-21T01:15:16,36.87956,-76.32623,0.0,264.9,276.0,SASEBO GREEN,IMO9675468,V7FN3,70,5,225,32,14.4,,A
367359930,2021-02-21T01:17:55,36.82419,-76.28911,0.0,299.8,511.0,SUNNY WILLIAMS,,WDE4940,80,0,25,8,,80,A
367359930,2021-02-21T01:11:54,36.82419,-76.28913,0.0,285.8,511.0,SUNNY WILLIAMS,,WDE4940,80,0,25,8,,80,A
367359930,2021-02-21T01:19:04,36.82417,-76.28910,0.0,298.8,511.0,SUNNY WILLIAMS,,WDE4940,80,0,25,8,,80,A
636013980,2021-02-21T01:14:54,37.04155,-76.06983,9.8,321.0,321.0,KM MT JADE,IMO9359545,A8QP7,70,0,224,32,14.4,70,A
477770400,2021-02-21T01:18:30,36.87993,-76.33154,0.0,98.3,96.0,BAO MAY,IMO9410155,VRGV8,70,0,292,45,18.2,70,A
366842000,2021-02-21T01:18:10,36.85381,-76.31117,0.0,0.0,42.0,CAPE RACE,IMO7616377,KAFJ,70,5,197,32,10.0,,A
366842000,2021-02-21T01:12:19,36.85383,-76.31118,0.0,0.0,42.0,CAPE RACE,IMO7616377,KAFJ,70,5,197,32,10.0,,A
367353070,2021-02-21T01:15:03,36.94417,-76.32947,0.0,144.0,267.0,EVERGREEN STATE,IMO9408138,WDE4430,80,5,183,32,11.8,89,A
356643000,2021-02-21T01:14:06,36.93832,-76.37774,0.0,345.2,255.0,ARKI,IMO9561801,3ENP3,70,1,170,27,9.7,70,A
477770400,2021-02-21T01:15:09,36.87992,-76.33157,0.0,98.3,96.0,BAO MAY,IMO9410155,VRGV8,70,0,292,45,18.2,70,A
356589000,2021-02-21T01:19:11,37.23801,-76.09465,0.0,84.7,346.0,DOUBLE FORTUNE,IMO9574119,3FHZ2,70,1,234,38,14.5,70,A
338273000,2021-02-21T01:19:05,36.96400,-76.35641,0.0,24.2,267.0,SLNC YORK,IMO9538907,WNCG,70,1,142,23,5.5,70,A
636013980,2021-02-21T01:19:25,37.05150,-76.07957,10.3,323.0,323.0,KM MT JADE,IMO9359545,A8QP7,70,0,224,32,14.4,70,A
373124000,2021-02-21T01:15:15,37.33921,-76.09100,17.8,205.6,207.0,MSC IMMACOLATA,IMO9463205,3FLQ2,70,0,199,32,11.2,,A
367821000,2021-02-21T01:19:52,36.97286,-76.43365,0.0,0.0,511.0,YANO,IMO7825409,NAQH,70,5,276,32,13.0,70,A
477770400,2021-02-21T01:19:39,36.87993,-76.33155,0.0,98.3,96.0,BAO MAY,IMO9410155,VRGV8,70,0,292,45,18.2,70,A
366842000,2021-02-21T01:15:13,36.85384,-76.31122,0.0,0.0,42.0,CAPE RACE,IMO7616377,KAFJ,70,5,197,32,10.0,,A
338678000,2021-02-21T01:15:30,36.91618,-76.16845,0.0,290.8,10.0,DOLORES CHOUEST,IMO8225931,WCP8847,70,5,54,12,4.0,35,A
538005972,2021-02-21T01:19:42,36.93675,-76.33670,10.0,2.0,1.0,AUCKLAND SPIRIT,IMO9268083,V7IP8,70,0,171,27,10.4,,A
538005972,2021-02-21T01:15:01,36.92367,-76.33768,9.9,3.0,2.0,AUCKLAND SPIRIT,IMO9268083,V7IP8,70,0,171,27,10.4,,A
636013980,2021-02-21T01:20:34,37.05415,-76.08207,10.3,323.0,323.0,KM MT JADE,IMO9359545,A8QP7,70,0,224,32,14.4,70,A
368026000,2021-02-21T01:14:43,36.86577,-76.31603,0.0,224.2,511.0,BENAVIDEZ,IMO9218210,NBHG,70,5,289,32,10.9,70,A
356643000,2021-02-21T01:20:04,36.93833,-76.37773,0.0,161.7,255.0,ARKI,IMO9561801,3ENP3,70,1,170,27,9.7,70,A
338273000,2021-02-21T01:16:04,36.96397,-76.35640,0.0,24.2,274.0,SLNC YORK,IMO9538907,WNCG,70,1,142,23,5.5,70,A
367359930,2021-02-21T01:16:46,36.82417,-76.28910,0.0,296.5,511.0,SUNNY WILLIAMS,,WDE4940,80,0,25,8,,80,A
367359930,2021-02-21T01:20:14,36.82419,-76.28911,0.0,302.8,511.0,SUNNY WILLIAMS,,WDE4940,80,0,25,8,,80,A
367359930,2021-02-21T01:15:36,36.82420,-76.28911,0.0,293.7,511.0,SUNNY WILLIAMS,,WDE4940,80,0,25,8,,80,A
477770400,2021-02-21T01:17:29,36.87993,-76.33154,0.0,98.3,96.0,BAO MAY,IMO9410155,VRGV8,70,0,292,45,18.2,70,A
366841000,2021-02-21T01:21:02,36.85327,-76.31056,0.0,0.0,511.0,CAPE RAY,IMO7530810,KAFI,70,5,197,32,10.0,,A
366841000,2021-02-21T01:18:06,36.85324,-76.31051,0.0,0.0,511.0,CAPE RAY,IMO7530810,KAFI,70,5,197,32,10.0,,A
373124000,2021-02-21T01:16:21,37.33420,-76.09395,17.9,204.9,206.0,MSC IMMACOLATA,IMO9463205,3FLQ2,70,0,199,32,11.2,,A
636013980,2021-02-21T01:18:15,37.04883,-76.07707,10.2,323.0,323.0,KM MT JADE,IMO9359545,A8QP7,70,0,224,32,14.4,70,A
373765000,2021-02-21T01:18:16,37.26333,-76.10574,102.3,360.0,349.0,AM CONTRECOEUR,IMO9583184,3FBX4,70,1,229,32,14.4,,A
367359930,2021-02-21T01:21:24,36.82419,-76.28911,0.0,304.7,511.0,SUNNY WILLIAMS,,WDE4940,80,0,25,8,,80,A
373124000,2021-02-21T01:17:27,37.32931,-76.09684,17.9,205.4,206.0,MSC IMMACOLATA,IMO9463205,3FLQ2,70,0,199,32,11.2,,A
366839000,2021-02-21T01:20:15,36.85348,-76.31085,0.0,0.0,40.0,CAPE RISE,IMO7530808,KAFG,70,5,197,32,10.0,,A
311045300,2021-02-21T01:18:25,37.22117,-76.14117,15.5,17.0,15.0,NEPTUNE ACE,IMO9584059,C6YU3,70,0,199,32,9.8,79,A
477770400,2021-02-21T01:20:48,36.87992,-76.33155,0.0,98.3,96.0,BAO MAY,IMO9410155,VRGV8,70,0,292,45,18.2,70,A
367822000,2021-02-21T01:17:09,36.97309,-76.43386,0.0,0.0,511.0,USNS SHUGHART,IMO7825394,NAOQ,70,5,276,32,13.0,70,A
367821000,2021-02-21T01:16:53,36.97286,-76.43366,0.0,0.0,511.0,YANO,IMO7825409,NAQH,70,5,276,32,13.0,70,A
367353070,2021-02-21T01:21:04,36.94417,-76.32948,0.0,144.0,267.0,EVERGREEN STATE,IMO9408138,WDE4430,80,5,183,32,11.8,89,A
366839000,2021-02-21T01:17:17,36.85348,-76.31081,0.0,0.0,40.0,CAPE RISE,IMO7530808,KAFG,70,5,197,32,10.0,,A
338846000,2021-02-21T01:19:45,36.86559,-76.31581,0.0,0.1,511.0,USNS MENDONCA,IMO9147320,NBMK,70,5,289,32,10.9,,A
477950300,2021-02-21T01:21:34,36.87516,-76.34933,0.0,234.9,347.0,COSCO DEVELOPMENT,IMO9472139,VRIZ9,70,5,366,48,15.5,70,A
367862000,2021-02-21T01:18:45,36.94820,-76.32978,0.0,35.7,280.0,JOSHUA HUMPHREYS,IMO8302428,NNJH,80,5,193,29,,,A
477770400,2021-02-21T01:22:00,36.87992,-76.33154,0.0,98.3,96.0,BAO MAY,IMO9410155,VRGV8,70,0,292,45,18.2,70,A
311045300,2021-02-21T01:22:54,37.23982,-76.13397,15.5,16.0,15.0,NEPTUNE ACE,IMO9584059,C6YU3,70,0,199,32,9.8,79,A
373124000,2021-02-21T01:20:40,37.31442,-76.10458,18.1,200.3,202.0,MSC IMMACOLATA,IMO9463205,3FLQ2,70,0,199,32,11.2,,A
538005972,2021-02-21T01:23:11,36.94658,-76.33602,10.1,3.0,1.0,AUCKLAND SPIRIT,IMO9268083,V7IP8,70,0,171,27,10.4,,A
367865000,2021-02-21T01:20:19,36.88696,-76.33853,0.0,286.4,11.0,KANAWHA,IMO8704080,NPTD,80,5,206,29,,,A
311045300,2021-02-21T01:20:37,37.23030,-76.13765,15.4,17.0,15.0,NEPTUNE ACE,IMO9584059,C6YU3,70,0,199,32,9.8,79,A
477770400,2021-02-21T01:24:18,36.87994,-76.33155,0.0,98.3,96.0,BAO MAY,IMO9410155,VRGV8,70,0,292,45,18.2,70,A
338846000,2021-02-21T01:22:47,36.86561,-76.31581,0.0,0.1,511.0,USNS MENDONCA,IMO9147320,NBMK,70,5,289,32,10.9,,A
373124000,2021-02-21T01:18:33,37.32431,-76.09966,17.9,202.9,205.0,MSC IMMACOLATA,IMO9463205,3FLQ2,70,0,199,32,11.2,,A
373124000,2021-02-21T01:23:57,37.29858,-76.11134,18.2,198.4,200.0,MSC IMMACOLATA,IMO9463205,3FLQ2,70,0,199,32,11.2,,A
538005972,2021-02-21T01:18:31,36.93345,-76.33690,10.0,3.0,1.0,AUCKLAND SPIRIT,IMO9268083,V7IP8,70,0,171,27,10.4,,A
428405000,2021-02-21T01:21:34,36.90614,-76.32660,0.0,351.3,351.0,ZIM QINGDAO,IMO9318163,4XFC,71,5,261,32,9.9,71,A
373765000,2021-02-21T01:24:14,37.26330,-76.10588,0.0,230.7,352.0,AM CONTRECOEUR,IMO9583184,3FBX4,70,1,229,32,14.4,,A
311045300,2021-02-21T01:19:31,37.22575,-76.13940,15.5,17.0,15.0,NEPTUNE ACE,IMO9584059,C6YU3,70,0,199,32,9.8,79,A
367353070,2021-02-21T01:24:04,36.94415,-76.32950,0.0,144.0,267.0,EVERGREEN STATE,IMO9408138,WDE4430,80,5,183,32,11.8,89,A
538005622,2021-02-21T01:21:16,36.87959,-76.32622,0.0,264.9,276.0,SASEBO GREEN,IMO9675468,V7FN3,70,5,225,32,14.4,,A
368026000,2021-02-21T01:23:43,36.86577,-76.31606,0.0,224.2,511.0,BENAVIDEZ,IMO9218210,NBHG,70,5,289,32,10.9,70,A
367862000,2021-02-21T01:21:44,36.94814,-76.32972,0.0,35.7,280.0,JOSHUA HUMPHREYS,IMO8302428,NNJH,80,5,193,29,,,A
636092329,2021-02-21T01:20:02,37.24662,-76.11806,0.1,213.5,346.0,BLUMENAU,IMO9605633,D5AL3,70,1,229,32,14.4,,A
636013980,2021-02-21T01:23:53,37.06183,-76.08928,10.4,321.0,325.0,KM MT JADE,IMO9359545,A8QP7,70,0,224,32,14.4,70,A
636013980,2021-02-21T01:25:04,37.06467,-76.09168,10.4,329.0,331.0,KM MT JADE,IMO9359545,A8QP7,70,0,224,32,14.4,70,A
373124000,2021-02-21T01:21:45,37.30927,-76.10694,18.2,199.8,201.0,MSC IMMACOLATA,IMO9463205,3FLQ2,70,0,199,32,11.2,,A
373124000,2021-02-21T01:19:39,37.31914,-76.10238,18.0,202.1,203.0,MSC IMMACOLATA,IMO9463205,3FLQ2,70,0,199,32,11.2,,A
338273000,2021-02-21T01:22:05,36.96398,-76.35641,0.0,24.2,261.0,SLNC YORK,IMO9538907,WNCG,70,1,142,23,5.5,70,A
338273000,2021-02-21T01:25:04,36.96396,-76.35641,0.0,24.2,258.0,SLNC YORK,IMO9538907,WNCG,70,1,142,23,5.5,70,A
428405000,2021-02-21T01:24:33,36.90617,-76.32662,0.0,351.3,351.0,ZIM QINGDAO,IMO9318163,4XFC,71,5,261,32,9.9,71,A
311045300,2021-02-21T01:24:00,37.24430,-76.13217,15.4,18.0,16.0,NEPTUNE ACE,IMO9584059,C6YU3,70,0,199,32,9.8,79,A
338678000,2021-02-21T01:21:30,36.91624,-76.16843,0.0,287.5,10.0,DOLORES CHOUEST,IMO8225931,WCP8847,70,5,54,12,4.0,35,A
477770400,2021-02-21T01:25:30,36.87992,-76.33155,0.0,98.3,96.0,BAO MAY,IMO9410155,VRGV8,70,0,292,45,18.2,70,A
356589000,2021-02-21T01:25:13,37.23801,-76.09469,0.1,225.4,347.0,DOUBLE FORTUNE,IMO9574119,3FHZ2,70,1,234,38,14.5,70,A
255806078,2021-02-21T01:20:58,36.90922,-76.32707,0.1,306.9,352.0,NORTHERN MAGNUM,IMO9252541,CQIV4,71,5,300,40,11.3,71,A
636013980,2021-02-21T01:21:43,37.05678,-76.08455,10.4,323.0,323.0,KM MT JADE,IMO9359545,A8QP7,70,0,224,32,14.4,70,A
311045300,2021-02-21T01:21:43,37.23478,-76.13592,15.4,17.0,15.0,NEPTUNE ACE,IMO9584059,C6YU3,70,0,199,32,9.8,79,A
367865000,2021-02-21T01:23:19,36.88693,-76.33853,0.0,286.4,11.0,KANAWHA,IMO8704080,NPTD,80,5,206,29,,,A
373124000,2021-02-21T01:22:51,37.30396,-76.10914,18.3,197.8,200.0,MSC IMMACOLATA,IMO9463205,3FLQ2,70,0,199,32,11.2,,A
477770400,2021-02-21T01:23:10,36.87993,-76.33155,0.0,98.3,96.0,BAO MAY,IMO9410155,VRGV8,70,0,292,45,18.2,70,A
367359930,2021-02-21T01:22:35,36.82422,-76.28914,0.0,306.4,511.0,SUNNY WILLIAMS,,WDE4940,80,0,25,8,,80,A
368445000,2021-02-21T01:20:05,36.96309,-76.42011,0.0,55.8,188.0,OVERSEAS NIKISKI,IMO9353577,WDBH,80,5,183,32,12.2,80,A
366841000,2021-02-21T01:24:07,36.85327,-76.31051,0.0,0.0,511.0,CAPE RAY,IMO7530810,KAFI,70,5,197,32,10.0,,A
538005972,2021-02-21T01:20:50,36.93998,-76.33648,10.1,3.0,1.0,AUCKLAND SPIRIT,IMO9268083,V7IP8,70,0,171,27,10.4,,A
367821000,2021-02-21T01:25:54,36.97286,-76.43365,0.0,0.0,511.0,YANO,IMO7825409,NAQH,70,5,276,32,13.0,70,A
356589000,2021-02-21T01:22:12,37.23806,-76.09470,0.0,84.7,347.0,DOUBLE FORTUNE,IMO9574119,3FHZ2,70,1,234,38,14.5,70,A
366839000,2021-02-21T01:26:16,36.85348,-76.31081,0.0,0.0,40.0,CAPE RISE,IMO7530808,KAFG,70,5,197,32,10.0,,A
338846000,2021-02-21T01:25:47,36.86559,-76.31583,0.0,0.1,511.0,USNS MENDONCA,IMO9147320,NBMK,70,5,289,32,10.9,,A
311045300,2021-02-21T01:25:07,37.24890,-76.13025,15.4,18.0,16.0,NEPTUNE ACE,IMO9584059,C6YU3,70,0,199,32,9.8,79,A
538005622,2021-02-21T01:24:16,36.87956,-76.32625,0.0,264.9,276.0,SASEBO GREEN,IMO9675468,V7FN3,70,5,225,32,14.4,,A
255806078,2021-02-21T01:26:59,36.90937,-76.32725,0.1,306.9,352.0,NORTHERN MAGNUM,IMO9252541,CQIV4,71,5,300,40,11.3,71,A
367862000,2021-02-21T01:27:44,36.94812,-76.32972,0.0,35.7,280.0,JOSHUA HUMPHREYS,IMO8302428,NNJH,80,5,193,29,,,A
367359930,2021-02-21T01:24:54,36.82420,-76.28913,0.0,310.3,511.0,SUNNY WILLIAMS,,WDE4940,80,0,25,8,,80,A
538005972,2021-02-21T01:26:41,36.95665,-76.33538,10.4,2.0,0.0,AUCKLAND SPIRIT,IMO9268083,V7IP8,70,0,171,27,10.4,,A
373124000,2021-02-21T01:27:15,37.28295,-76.11766,17.6,197.1,199.0,MSC IMMACOLATA,IMO9463205,3FLQ2,70,0,199,32,11.2,,A
338273000,2021-02-21T01:28:05,36.96393,-76.35637,0.0,24.2,259.0,SLNC YORK,IMO9538907,WNCG,70,1,142,23,5.5,70,A
356643000,2021-02-21T01:26:07,36.93824,-76.37771,0.1,143.6,256.0,ARKI,IMO9561801,3ENP3,70,1,170,27,9.7,70,A
477770400,2021-02-21T01:26:38,36.87992,-76.33158,0.0,98.3,96.0,BAO MAY,IMO9410155,VRGV8,70,0,292,45,18.2,70,A
311045300,2021-02-21T01:26:13,37.25343,-76.12840,15.5,17.0,16.0,NEPTUNE ACE,IMO9584059,C6YU3,70,0,199,32,9.8,79,A
636092329,2021-02-21T01:26:00,37.24663,-76.11826,0.1,213.5,349.0,BLUMENAU,IMO9605633,D5AL3,70,1,229,32,14.4,,A
636013980,2021-02-21T01:26:14,37.06772,-76.09378,10.4,331.0,331.0,KM MT JADE,IMO9359545,A8QP7,70,0,224,32,14.4,70,A
477950300,2021-02-21T01:27:35,36.87514,-76.34933,0.0,234.9,347.0,COSCO DEVELOPMENT,IMO9472139,VRIZ9,70,5,366,48,15.5,70,A
368445000,2021-02-21T01:26:05,36.96310,-76.42014,0.0,55.8,188.0,OVERSEAS NIKISKI,IMO9353577,WDBH,80,5,183,32,12.2,80,A
477770400,2021-02-21T01:27:39,36.87994,-76.33155,0.0,98.3,96.0,BAO MAY,IMO9410155,VRGV8,70,0,292,45,18.2,70,A
368026000,2021-02-21T01:26:44,36.86575,-76.31603,0.0,224.2,511.0,BENAVIDEZ,IMO9218210,NBHG,70,5,289,32,10.9,70,A
255806078,2021-02-21T01:23:56,36.90928,-76.32708,0.1,306.9,352.0,NORTHERN MAGNUM,IMO9252541,CQIV4,71,5,300,40,11.3,71,A
538005972,2021-02-21T01:29:01,36.96352,-76.33507,10.6,1.0,2.0,AUCKLAND SPIRIT,IMO9268083,V7IP8,70,0,171,27,10.4,,A
366842000,2021-02-21T01:24:14,36.85386,-76.31120,0.0,0.0,42.0,CAPE RACE,IMO7616377,KAFJ,70,5,197,32,10.0,,A
367821000,2021-02-21T01:22:53,36.97286,-76.43365,0.0,0.0,511.0,YANO,IMO7825409,NAQH,70,5,276,32,13.0,70,A
367865000,2021-02-21T01:29:18,36.88694,-76.33860,0.0,286.4,11.0,KANAWHA,IMO8704080,NPTD,80,5,206,29,,,A
356643000,2021-02-21T01:23:04,36.93831,-76.37774,0.1,168.3,254.0,ARKI,IMO9561801,3ENP3,70,1,170,27,9.7,70,A
477770400,2021-02-21T01:29:58,36.87993,-76.33155,0.0,98.3,96.0,BAO MAY,IMO9410155,VRGV8,70,0,292,45,18.2,70,A
311045300,2021-02-21T01:27:19,37.25790,-76.12655,15.4,18.0,17.0,NEPTUNE ACE,IMO9584059,C6YU3,70,0,199,32,9.8,79,A
477770400,2021-02-21T01:28:49,36.87993,-76.33155,0.0,98.3,96.0,BAO MAY,IMO9410155,VRGV8,70,0,292,45,18.2,70,A
356589000,2021-02-21T01:31:14,37.23804,-76.09472,0.0,80.4,350.0,DOUBLE FORTUNE,IMO9574119,3FHZ2,70,1,234,38,14.5,70,A
636013980,2021-02-21T01:22:44,37.05915,-76.08673,10.4,322.0,323.0,KM MT JADE,IMO9359545,A8QP7,70,0,224,32,14.4,70,A
636013980,2021-02-21T01:28:35,37.07353,-76.09782,10.5,330.0,330.0,KM MT JADE,IMO9359545,A8QP7,70,0,224,32,14.4,70,A
356643000,2021-02-21T01:29:05,36.93822,-76.37771,0.0,141.2,258.0,ARKI,IMO9561801,3ENP3,70,1,170,27,9.7,70,A
538005972,2021-02-21T01:31:21,36.97035,-76.33320,10.9,19.0,24.0,AUCKLAND SPIRIT,IMO9268083,V7IP8,70,0,171,27,10.4,,A
366839000,2021-02-21T01:29:16,36.85347,-76.31080,0.0,0.0,40.0,CAPE RISE,IMO7530808,KAFG,70,5,197,32,10.0,,A
367359930,2021-02-21T01:28:24,36.82422,-76.28912,0.0,313.2,511.0,SUNNY WILLIAMS,,WDE4940,80,0,25,8,,80,A
368445000,2021-02-21T01:29:05,36.96308,-76.42014,0.0,55.8,188.0,OVERSEAS NIKISKI,IMO9353577,WDBH,80,5,183,32,12.2,80,A
538005622,2021-02-21T01:30:16,36.87956,-76.32625,0.0,264.9,276.0,SASEBO GREEN,IMO9675468,V7FN3,70,5,225,32,14.4,,A
367353070,2021-02-21T01:27:03,36.94418,-76.32952,0.0,144.0,267.0,EVERGREEN STATE,IMO9408138,WDE4430,80,5,183,32,11.8,89,A
366842000,2021-02-21T01:27:11,36.85381,-76.31118,0.0,0.0,42.0,CAPE RACE,IMO7616377,KAFJ,70,5,197,32,10.0,,A
373124000,2021-02-21T01:25:03,37.29327,-76.11347,18.3,197.9,199.0,MSC IMMACOLATA,IMO9463205,3FLQ2,70,0,199,32,11.2,,A
538005972,2021-02-21T01:30:10,36.96693,-76.33452,10.8,10.0,12.0,AUCKLAND SPIRIT,IMO9268083,V7IP8,70,0,171,27,10.4,,A
538005972,2021-02-21T01:24:20,36.94992,-76.33580,10.2,3.0,1.0,AUCKLAND SPIRIT,IMO9268083,V7IP8,70,0,171,27,10.4,,A
338846000,2021-02-21T01:28:46,36.86559,-76.31581,0.0,0.1,511.0,USNS MENDONCA,IMO9147320,NBMK,70,5,289,32,10.9,,A
367359930,2021-02-21T01:27:14,36.82421,-76.28912,0.0,310.3,511.0,SUNNY WILLIAMS,,WDE4940,80,0,25,8,,80,A
367862000,2021-02-21T01:24:43,36.94809,-76.32968,0.0,35.7,280.0,JOSHUA HUMPHREYS,IMO8302428,NNJH,80,5,193,29,,,A
538005972,2021-02-21T01:27:52,36.96012,-76.33520,10.5,2.0,0.0,AUCKLAND SPIRIT,IMO9268083,V7IP8,70,0,171,27,10.4,,A
538005972,2021-02-21T01:25:31,36.95327,-76.33555,10.3,2.0,0.0,AUCKLAND SPIRIT,IMO9268083,V7IP8,70,0,171,27,10.4,,A
338678000,2021-02-21T01:27:30,36.91623,-76.16842,0.0,291.8,10.0,DOLORES CHOUEST,IMO8225931,WCP8847,70,5,54,12,4.0,35,A
338678000,2021-02-21T01:24:30,36.91625,-76.16847,0.0,286.4,10.0,DOLORES CHOUEST,IMO8225931,WCP8847,70,5,54,12,4.0,35,A
367865000,2021-02-21T01:26:19,36.88693,-76.33854,0.0,286.4,11.0,KANAWHA,IMO8704080,NPTD,80,5,206,29,,,A
428405000,2021-02-21T01:27:35,36.90629,-76.32663,0.0,351.4,351.0,ZIM QINGDAO,IMO9318163,4XFC,71,5,261,32,9.9,71,A
373765000,2021-02-21T01:27:21,37.26329,-76.10583,0.1,230.7,352.0,AM CONTRECOEUR,IMO9583184,3FBX4,70,1,229,32,14.4,,A
373124000,2021-02-21T01:29:27,37.27262,-76.12211,17.8,199.3,201.0,MSC IMMACOLATA,IMO9463205,3FLQ2,70,0,199,32,11.2,,A
366841000,2021-02-21T01:27:02,36.85330,-76.31051,0.0,0.0,511.0,CAPE RAY,IMO7530810,KAFI,70,5,197,32,10.0,,A
311045300,2021-02-21T01:31:55,37.27672,-76.11873,15.2,16.0,14.0,NEPTUNE ACE,IMO9584059,C6YU3,70,0,199,32,9.8,79,A
636092329,2021-02-21T01:29:05,37.24664,-76.11833,0.0,213.5,351.0,BLUMENAU,IMO9605633,D5AL3,70,1,229,32,14.4,,A
477770400,2021-02-21T01:32:29,36.87993,-76.33156,0.0,98.3,96.0,BAO MAY,IMO9410155,VRGV8,70,0,292,45,18.2,70,A
367359930,2021-02-21T01:29:35,36.82420,-76.28911,0.0,311.4,511.0,SUNNY WILLIAMS,,WDE4940,80,0,25,8,,80,A
367821000,2021-02-21T01:28:54,36.97285,-76.43365,0.0,0.0,511.0,YANO,IMO7825409,NAQH,70,5,276,32,13.0,70,A
367865000,2021-02-21T01:32:19,36.88691,-76.33860,0.0,286.4,11.0,KANAWHA,IMO8704080,NPTD,80,5,206,29,,,A
255806078,2021-02-21T01:30:02,36.90935,-76.32723,0.1,306.9,352.0,NORTHERN MAGNUM,IMO9252541,CQIV4,71,5,300,40,11.3,71,A
367822000,2021-02-21T01:29:10,36.97310,-76.43390,0.0,0.0,511.0,USNS SHUGHART,IMO7825394,NAOQ,70,5,276,32,13.0,70,A
538005972,2021-02-21T01:32:31,36.97340,-76.33103,10.9,34.0,41.0,AUCKLAND SPIRIT,IMO9268083,V7IP8,70,0,171,27,10.4,,A
338678000,2021-02-21T01:30:30,36.91630,-76.16849,0.0,295.0,10.0,DOLORES CHOUEST,IMO8225931,WCP8847,70,5,54,12,4.0,35,A
368445000,2021-02-21T01:32:05,36.96306,-76.42018,0.0,55.8,188.0,OVERSEAS NIKISKI,IMO9353577,WDBH,80,5,183,32,12.2,80,A
338846000,2021-02-21T01:31:46,36.86559,-76.31580,0.0,0.1,511.0,USNS MENDONCA,IMO9147320,NBMK,70,5,289,32,10.9,,A
356589000,2021-02-21T01:28:12,37.23803,-76.09472,0.0,301.2,349.0,DOUBLE FORTUNE,IMO9574119,3FHZ2,70,1,234,38,14.5,70,A
366842000,2021-02-21T01:30:15,36.85385,-76.31120,0.0,0.0,42.0,CAPE RACE,IMO7616377,KAFJ,70,5,197,32,10.0,,A
373765000,2021-02-21T01:33:20,37.26330,-76.10591,0.0,230.7,354.0,AM CONTRECOEUR,IMO9583184,3FBX4,70,1,229,32,14.4,,A
373124000,2021-02-21T01:30:51,37.26610,-76.12490,17.9,197.7,198.0,MSC IMMACOLATA,IMO9463205,3FLQ2,70,0,199,32,11.2,,A
373124000,2021-02-21T01:34:09,37.25015,-76.13051,18.1,196.1,197.0,MSC IMMACOLATA,IMO9463205,3FLQ2,70,0,199,32,11.2,,A
311045300,2021-02-21T01:29:31,37.26685,-76.12260,15.3,19.0,17.0,NEPTUNE ACE,IMO9584059,C6YU3,70,0,199,32,9.8,79,A
338678000,2021-02-21T01:33:30,36.91627,-76.16839,0.0,300.0,10.0,DOLORES CHOUEST,IMO8225931,WCP8847,70,5,54,12,4.0,35,A
373124000,2021-02-21T01:26:09,37.28811,-76.11558,17.9,198.4,200.0,MSC IMMACOLATA,IMO9463205,3FLQ2,70,0,199,32,11.2,,A
636013980,2021-02-21T01:32:05,37.08240,-76.10412,10.5,330.0,330.0,KM MT JADE,IMO9359545,A8QP7,70,0,224,32,14.4,70,A
373124000,2021-02-21T01:31:57,37.26080,-76.12670,17.9,194.6,196.0,MSC IMMACOLATA,IMO9463205,3FLQ2,70,0,199,32,11.2,,A
636092329,2021-02-21T01:32:00,37.24665,-76.11837,0.1,213.5,351.0,BLUMENAU,IMO9605633,D5AL3,70,1,229,32,14.4,,A
338273000,2021-02-21T01:34:05,36.96406,-76.35645,0.0,24.2,265.0,SLNC YORK,IMO9538907,WNCG,70,1,142,23,5.5,70,A
367359930,2021-02-21T01:33:56,36.82421,-76.28913,0.0,311.0,511.0,SUNNY WILLIAMS,,WDE4940,80,0,25,8,,80,A
373124000,2021-02-21T01:35:15,37.24483,-76.13245,18.1,196.1,198.0,MSC IMMACOLATA,IMO9463205,3FLQ2,70,0,199,32,11.2,,A
636013980,2021-02-21T01:27:23,37.07053,-76.09570,10.4,330.0,330.0,KM MT JADE,IMO9359545,A8QP7,70,0,224,32,14.4,70,A
636013980,2021-02-21T01:30:55,37.07945,-76.10202,10.5,330.0,330.0,KM MT JADE,IMO9359545,A8QP7,70,0,224,32,14.4,70,A
367359930,2021-02-21T01:31:35,36.82420,-76.28913,0.0,312.8,511.0,SUNNY WILLIAMS,,WDE4940,80,0,25,8,,80,A
255806078,2021-02-21T01:32:59,36.90932,-76.32720,0.1,306.9,352.0,NORTHERN MAGNUM,IMO9252541,CQIV4,71,5,300,40,11.3,71,A
366841000,2021-02-21T01:33:06,36.85328,-76.31054,0.0,0.0,511.0,CAPE RAY,IMO7530810,KAFI,70,5,197,32,10.0,,A
366842000,2021-02-21T01:33:14,36.85386,-76.31120,0.0,0.0,42.0,CAPE RACE,IMO7616377,KAFJ,70,5,197,32,10.0,,A
367353070,2021-02-21T01:36:02,36.94417,-76.32948,0.0,144.0,267.0,EVERGREEN STATE,IMO9408138,WDE4430,80,5,183,32,11.8,89,A
636013980,2021-02-21T01:34:24,37.08828,-76.10827,10.5,330.0,330.0,KM MT JADE,IMO9359545,A8QP7,70,0,224,32,14.4,70,A
367821000,2021-02-21T01:34:53,36.97286,-76.43363,0.0,0.0,511.0,YANO,IMO7825409,NAQH,70,5,276,32,13.0,70,A
255806078,2021-02-21T01:36:02,36.90958,-76.32735,0.1,306.9,352.0,NORTHERN MAGNUM,IMO9252541,CQIV4,71,5,300,40,11.3,71,A
636013980,2021-02-21T01:35:35,37.09118,-76.11040,10.4,329.0,329.0,KM MT JADE,IMO9359545,A8QP7,70,0,224,32,14.4,70,A
538005622,2021-02-21T01:33:16,36.87954,-76.32624,0.0,264.9,276.0,SASEBO GREEN,IMO9675468,V7FN3,70,5,225,32,14.4,,A
367862000,2021-02-21T01:33:45,36.94808,-76.32983,0.0,35.7,280.0,JOSHUA HUMPHREYS,IMO8302428,NNJH,80,5,193,29,,,A
428405000,2021-02-21T01:33:35,36.90649,-76.32669,0.0,351.4,351.0,ZIM QINGDAO,IMO9318163,4XFC,71,5,261,32,9.9,71,A
367359930,2021-02-21T01:35:05,36.82421,-76.28914,0.0,312.3,511.0,SUNNY WILLIAMS,,WDE4940,80,0,25,8,,80,A
356643000,2021-02-21T01:35:07,36.93828,-76.37771,0.0,17.0,256.0,ARKI,IMO9561801,3ENP3,70,1,170,27,9.7,70,A
338678000,2021-02-21T01:36:30,36.91625,-76.16840,0.0,301.2,10.0,DOLORES CHOUEST,IMO8225931,WCP8847,70,5,54,12,4.0,35,A
356589000,2021-02-21T01:34:12,37.23805,-76.09465,0.1,94.1,348.0,DOUBLE FORTUNE,IMO9574119,3FHZ2,70,1,234,38,14.5,70,A
366839000,2021-02-21T01:35:10,36.85350,-76.31086,0.0,0.0,40.0,CAPE RISE,IMO7530808,KAFG,70,5,197,32,10.0,,A
338273000,2021-02-21T01:37:05,36.96415,-76.35648,0.0,24.2,268.0,SLNC YORK,IMO9538907,WNCG,70,1,142,23,5.5,70,A
538005972,2021-02-21T01:34:51,36.97855,-76.32462,11.1,46.0,45.0,AUCKLAND SPIRIT,IMO9268083,V7IP8,70,0,171,27,10.4,,A
338846000,2021-02-21T01:37:45,36.86562,-76.31583,0.0,0.1,511.0,USNS MENDONCA,IMO9147320,NBMK,70,5,289,32,10.9,,A
636013980,2021-02-21T01:33:13,37.08527,-76.10615,10.5,330.0,330.0,KM MT JADE,IMO9359545,A8QP7,70,0,224,32,14.4,70,A
311045300,2021-02-21T01:35:13,37.29042,-76.11375,15.5,16.0,14.0,NEPTUNE ACE,IMO9584059,C6YU3,70,0,199,32,9.8,79,A
636092329,2021-02-21T01:38:00,37.24662,-76.11850,0.1,213.5,354.0,BLUMENAU,IMO9605633,D5AL3,70,1,229,32,14.4,,A
477770400,2021-02-21T01:34:49,36.87993,-76.33155,0.0,98.3,96.0,BAO MAY,IMO9410155,VRGV8,70,0,292,45,18.2,70,A
373124000,2021-02-21T01:33:03,37.25547,-76.12854,18.1,197.0,198.0,MSC IMMACOLATA,IMO9463205,3FLQ2,70,0,199,32,11.2,,A
368026000,2021-02-21T01:29:43,36.86578,-76.31603,0.0,224.2,511.0,BENAVIDEZ,IMO9218210,NBHG,70,5,289,32,10.9,70,A
367353070,2021-02-21T01:30:03,36.94418,-76.32950,0.0,144.0,267.0,EVERGREEN STATE,IMO9408138,WDE4430,80,5,183,32,11.8,89,A
636013980,2021-02-21T01:37:54,37.09697,-76.11473,10.4,328.0,329.0,KM MT JADE,IMO9359545,A8QP7,70,0,224,32,14.4,70,A
368445000,2021-02-21T01:35:05,36.96306,-76.42016,0.0,55.8,188.0,OVERSEAS NIKISKI,IMO9353577,WDBH,80,5,183,32,12.2,80,A
367822000,2021-02-21T01:35:09,36.97309,-76.43388,0.0,0.0,511.0,USNS SHUGHART,IMO7825394,NAOQ,70,5,276,32,13.0,70,A
366841000,2021-02-21T01:30:08,36.85328,-76.31052,0.0,0.0,511.0,CAPE RAY,IMO7530810,KAFI,70,5,197,32,10.0,,A
311045300,2021-02-21T01:37:25,37.29938,-76.10888,15.7,27.0,25.0,NEPTUNE ACE,IMO9584059,C6YU3,70,0,199,32,9.8,79,A
356643000,2021-02-21T01:38:04,36.93827,-76.37772,0.0,17.0,255.0,ARKI,IMO9561801,3ENP3,70,1,170,27,9.7,70,A
366841000,2021-02-21T01:36:06,36.85325,-76.31057,0.0,0.0,511.0,CAPE RAY,IMO7530810,KAFI,70,5,197,32,10.0,,A
373765000,2021-02-21T01:30:18,37.26328,-76.10587,0.0,230.7,353.0,AM CONTRECOEUR,IMO9583184,3FBX4,70,1,229,32,14.4,,A
373765000,2021-02-21T01:36:18,37.26328,-76.10595,0.1,230.7,354.0,AM CONTRECOEUR,IMO9583184,3FBX4,70,1,229,32,14.4,,A
311045300,2021-02-21T01:34:07,37.28582,-76.11543,15.4,16.0,14.0,NEPTUNE ACE,IMO9584059,C6YU3,70,0,199,32,9.8,79,A
311045300,2021-02-21T01:36:19,37.29502,-76.11173,15.8,21.0,21.0,NEPTUNE ACE,IMO9584059,C6YU3,70,0,199,32,9.8,79,A
367359930,2021-02-21T01:36:15,36.82421,-76.28914,0.0,313.8,511.0,SUNNY WILLIAMS,,WDE4940,80,0,25,8,,80,A
368026000,2021-02-21T01:38:44,36.86573,-76.31604,0.0,224.2,511.0,BENAVIDEZ,IMO9218210,NBHG,70,5,289,32,10.9,70,A
477770400,2021-02-21T01:31:09,36.87994,-76.33155,0.0,98.3,96.0,BAO MAY,IMO9410155,VRGV8,70,0,292,45,18.2,70,A
367865000,2021-02-21T01:35:19,36.88692,-76.33859,0.0,286.4,11.0,KANAWHA,IMO8704080,NPTD,80,5,206,29,,,A
311045300,2021-02-21T01:38:30,37.30348,-76.10615,15.5,28.0,25.0,NEPTUNE ACE,IMO9584059,C6YU3,70,0,199,32,9.8,79,A
636092329,2021-02-21T01:35:07,37.24663,-76.11842,0.1,213.5,352.0,BLUMENAU,IMO9605633,D5AL3,70,1,229,32,14.4,,A
538005622,2021-02-21T01:36:16,36.87954,-76.32623,0.0,264.9,276.0,SASEBO GREEN,IMO9675468,V7FN3,70,5,225,32,14.4,,A
368026000,2021-02-21T01:35:44,36.86575,-76.31605,0.0,224.2,511.0,BENAVIDEZ,IMO9218210,NBHG,70,5,289,32,10.9,70,A
538005972,2021-02-21T01:37:11,36.98360,-76.31807,11.2,45.0,43.0,AUCKLAND SPIRIT,IMO9268083,V7IP8,70,0,171,27,10.4,,A
538005972,2021-02-21T01:36:01,36.98100,-76.32135,11.2,46.0,43.0,AUCKLAND SPIRIT,IMO9268083,V7IP8,70,0,171,27,10.4,,A
477770400,2021-02-21T01:40:20,36.87993,-76.33156,0.0,98.3,96.0,BAO MAY,IMO9410155,VRGV8,70,0,292,45,18.2,70,A
338273000,2021-02-21T01:40:05,36.96418,-76.35650,0.0,24.2,268.0,SLNC YORK,IMO9538907,WNCG,70,1,142,23,5.5,70,A
477950300,2021-02-21T01:39:34,36.87517,-76.34938,0.0,199.6,347.0,COSCO DEVELOPMENT,IMO9472139,VRIZ9,70,5,366,48,15.5,70,A
356643000,2021-02-21T01:32:04,36.93824,-76.37770,0.1,346.0,258.0,ARKI,IMO9561801,3ENP3,70,1,170,27,9.7,70,A
367821000,2021-02-21T01:37:54,36.97286,-76.43367,0.0,0.0,511.0,YANO,IMO7825409,NAQH,70,5,276,32,13.0,70,A
636013980,2021-02-21T01:40:15,37.10275,-76.11907,10.4,329.0,330.0,KM MT JADE,IMO9359545,A8QP7,70,0,224,32,14.4,70,A
636013980,2021-02-21T01:36:43,37.09403,-76.11253,10.4,328.0,329.0,KM MT JADE,IMO9359545,A8QP7,70,0,224,32,14.4,70,A
366839000,2021-02-21T01:41:11,36.85350,-76.31082,0.0,0.0,40.0,CAPE RISE,IMO7530808,KAFG,70,5,197,32,10.0,,A
366839000,2021-02-21T01:38:13,36.85351,-76.31080,0.0,0.0,40.0,CAPE RISE,IMO7530808,KAFG,70,5,197,32,10.0,,A
338846000,2021-02-21T01:40:46,36.86563,-76.31581,0.0,0.1,511.0,USNS MENDONCA,IMO9147320,NBMK,70,5,289,32,10.9,,A
311045300,2021-02-21T01:39:37,37.30765,-76.10335,15.3,28.0,25.0,NEPTUNE ACE,IMO9584059,C6YU3,70,0,199,32,9.8,79,A
538005622,2021-02-21T01:39:16,36.87954,-76.32623,0.0,264.9,276.0,SASEBO GREEN,IMO9675468,V7FN3,70,5,225,32,14.4,,A
311045300,2021-02-21T01:33:01,37.28125,-76.11710,15.4,15.0,14.0,NEPTUNE ACE,IMO9584059,C6YU3,70,0,199,32,9.8,79,A
367865000,2021-02-21T01:38:19,36.88694,-76.33861,0.0,286.4,11.0,KANAWHA,IMO8704080,NPTD,80,5,206,29,,,A
368445000,2021-02-21T01:38:05,36.96308,-76.42018,0.0,55.8,188.0,OVERSEAS NIKISKI,IMO9353577,WDBH,80,5,183,32,12.2,80,A
477950300,2021-02-21T01:36:33,36.87518,-76.34931,0.0,199.6,347.0,COSCO DEVELOPMENT,IMO9472139,VRIZ9,70,5,366,48,15.5,70,A
366841000,2021-02-21T01:42:05,36.85330,-76.31052,0.0,0.0,511.0,CAPE RAY,IMO7530810,KAFI,70,5,197,32,10.0,,A
367359930,2021-02-21T01:39:56,36.82420,-76.28914,0.0,309.1,511.0,SUNNY WILLIAMS,,WDE4940,80,0,25,8,,80,A
373765000,2021-02-21T01:42:19,37.26329,-76.10600,0.0,230.7,356.0,AM CONTRECOEUR,IMO9583184,3FBX4,70,1,229,32,14.4,,A
373124000,2021-02-21T01:38:33,37.22899,-76.13875,18.0,198.1,200.0,MSC IMMACOLATA,IMO9463205,3FLQ2,70,0,199,32,11.2,,A
367821000,2021-02-21T01:40:52,36.97287,-76.43366,0.0,0.0,511.0,YANO,IMO7825409,NAQH,70,5,276,32,13.0,70,A
311045300,2021-02-21T01:40:43,37.31187,-76.10050,15.3,28.0,25.0,NEPTUNE ACE,IMO9584059,C6YU3,70,0,199,32,9.8,79,A
636092329,2021-02-21T01:41:05,37.24661,-76.11850,0.1,213.5,356.0,BLUMENAU,IMO9605633,D5AL3,70,1,229,32,14.4,,A
338273000,2021-02-21T01:43:04,36.96424,-76.35656,0.0,24.2,267.0,SLNC YORK,IMO9538907,WNCG,70,1,142,23,5.5,70,A
366842000,2021-02-21T01:39:14,36.85383,-76.31119,0.0,0.0,42.0,CAPE RACE,IMO7616377,KAFJ,70,5,197,32,10.0,,A
477770400,2021-02-21T01:39:19,36.87994,-76.33156,0.0,98.3,96.0,BAO MAY,IMO9410155,VRGV8,70,0,292,45,18.2,70,A
538005972,2021-02-21T01:39:31,36.98875,-76.31157,11.4,46.0,49.0,AUCKLAND SPIRIT,IMO9268083,V7IP8,70,0,171,27,10.4,,A
367822000,2021-02-21T01:41:09,36.97309,-76.43388,0.0,0.0,511.0,USNS SHUGHART,IMO7825394,NAOQ,70,5,276,32,13.0,70,A
477770400,2021-02-21T01:33:38,36.87992,-76.33155,0.0,98.3,96.0,BAO MAY,IMO9410155,VRGV8,70,0,292,45,18.2,70,A
477950300,2021-02-21T01:33:35,36.87514,-76.34931,0.0,197.1,347.0,COSCO DEVELOPMENT,IMO9472139,VRIZ9,70,5,366,48,15.5,70,A
373124000,2021-02-21T01:41:45,37.21373,-76.14500,18.0,197.9,199.0,MSC IMMACOLATA,IMO9463205,3FLQ2,70,0,199,32,11.2,,A
373124000,2021-02-21T01:39:39,37.22367,-76.14092,18.0,198.1,200.0,MSC IMMACOLATA,IMO9463205,3FLQ2,70,0,199,32,11.2,,A
373765000,2021-02-21T01:39:19,37.26329,-76.10600,0.1,230.7,356.0,AM CONTRECOEUR,IMO9583184,3FBX4,70,1,229,32,14.4,,A
636092329,2021-02-21T01:44:01,37.24661,-76.11858,0.0,213.5,358.0,BLUMENAU,IMO9605633,D5AL3,70,1,229,32,14.4,,A
356589000,2021-02-21T01:40:12,37.23799,-76.09466,0.1,250.2,346.0,DOUBLE FORTUNE,IMO9574119,3FHZ2,70,1,234,38,14.5,70,A
428405000,2021-02-21T01:39:33,36.90635,-76.32671,0.0,351.5,352.0,ZIM QINGDAO,IMO9318163,4XFC,71,5,261,32,9.9,71,A
477950300,2021-02-21T01:45:32,36.87518,-76.34932,0.0,199.6,347.0,COSCO DEVELOPMENT,IMO9472139,VRIZ9,70,5,366,48,15.5,70,A
636013980,2021-02-21T01:39:04,37.09980,-76.11685,10.3,328.0,329.0,KM MT JADE,IMO9359545,A8QP7,70,0,224,32,14.4,70,A
428405000,2021-02-21T01:42:34,36.90633,-76.32671,0.0,351.5,352.0,ZIM QINGDAO,IMO9318163,4XFC,71,5,261,32,9.9,71,A
538005972,2021-02-21T01:43:02,36.99533,-76.29947,12.0,58.0,56.0,AUCKLAND SPIRIT,IMO9268083,V7IP8,70,0,171,27,10.4,,A
368445000,2021-02-21T01:44:05,36.96307,-76.42017,0.0,55.8,188.0,OVERSEAS NIKISKI,IMO9353577,WDBH,80,5,183,32,12.2,80,A
367862000,2021-02-21T01:42:44,36.94814,-76.32984,0.0,35.7,280.0,JOSHUA HUMPHREYS,IMO8302428,NNJH,80,5,193,29,,,A
636013980,2021-02-21T01:42:34,37.10860,-76.12330,10.4,328.0,331.0,KM MT JADE,IMO9359545,A8QP7,70,0,224,32,14.4,70,A
477770400,2021-02-21T01:41:29,36.87993,-76.33157,0.0,98.3,96.0,BAO MAY,IMO9410155,VRGV8,70,0,292,45,18.2,70,A
373124000,2021-02-21T01:46:09,37.19235,-76.15277,18.1,197.2,198.0,MSC IMMACOLATA,IMO9463205,3FLQ2,70,0,199,32,11.2,,A
311045300,2021-02-21T01:41:48,37.31607,-76.09797,15.3,24.0,21.0,NEPTUNE ACE,IMO9584059,C6YU3,70,0,199,32,9.8,79,A
368445000,2021-02-21T01:41:04,36.96308,-76.42017,0.0,55.8,188.0,OVERSEAS NIKISKI,IMO9353577,WDBH,80,5,183,32,12.2,80,A
338846000,2021-02-21T01:34:46,36.86557,-76.31581,0.0,0.1,511.0,USNS MENDONCA,IMO9147320,NBMK,70,5,289,32,10.9,,A
366842000,2021-02-21T01:42:15,36.85377,-76.31115,0.0,0.0,43.0,CAPE RACE,IMO7616377,KAFJ,70,5,197,32,10.0,,A
477770400,2021-02-21T01:42:39,36.87991,-76.33154,0.0,98.3,96.0,BAO MAY,IMO9410155,VRGV8,70,0,292,45,18.2,70,A
367359930,2021-02-21T01:42:25,36.82422,-76.28914,0.0,303.3,511.0,SUNNY WILLIAMS,,WDE4940,80,0,25,8,,80,A
338678000,2021-02-21T01:42:30,36.91624,-76.16846,0.0,293.4,9.0,DOLORES CHOUEST,IMO8225931,WCP8847,70,5,54,12,4.0,35,A
311045300,2021-02-21T01:42:55,37.32048,-76.09572,15.3,22.0,20.0,NEPTUNE ACE,IMO9584059,C6YU3,70,0,199,32,9.8,79,A
373124000,2021-02-21T01:36:21,37.23943,-76.13445,18.1,197.5,199.0,MSC IMMACOLATA,IMO9463205,3FLQ2,70,0,199,32,11.2,,A
477770400,2021-02-21T01:43:50,36.87993,-76.33153,0.0,98.3,96.0,BAO MAY,IMO9410155,VRGV8,70,0,292,45,18.2,70,A
477770400,2021-02-21T01:35:59,36.87994,-76.33155,0.0,98.3,96.0,BAO MAY,IMO9410155,VRGV8,70,0,292,45,18.2,70,A
366842000,2021-02-21T01:36:16,36.85382,-76.31119,0.0,0.0,42.0,CAPE RACE,IMO7616377,KAFJ,70,5,197,32,10.0,,A
366841000,2021-02-21T01:45:06,36.85328,-76.31056,0.0,0.0,511.0,CAPE RAY,IMO7530810,KAFI,70,5,197,32,10.0,,A
368026000,2021-02-21T01:44:44,36.86576,-76.31605,0.0,224.2,511.0,BENAVIDEZ,IMO9218210,NBHG,70,5,289,32,10.9,70,A
367359930,2021-02-21T01:44:45,36.82424,-76.28915,0.0,296.8,511.0,SUNNY WILLIAMS,,WDE4940,80,0,25,8,,80,A
356589000,2021-02-21T01:46:12,37.23797,-76.09486,0.0,282.2,352.0,DOUBLE FORTUNE,IMO9574119,3FHZ2,70,1,234,38,14.5,70,A
373124000,2021-02-21T01:45:03,37.19775,-76.15078,18.1,196.0,198.0,MSC IMMACOLATA,IMO9463205,3FLQ2,70,0,199,32,11.2,,A
255806078,2021-02-21T01:45:07,36.90942,-76.32722,0.1,306.9,352.0,NORTHERN MAGNUM,IMO9252541,CQIV4,71,5,300,40,11.3,71,A
367353070,2021-02-21T01:45:02,36.94418,-76.32945,0.0,144.0,267.0,EVERGREEN STATE,IMO9408138,WDE4430,80,5,183,32,11.8,89,A
477770400,2021-02-21T01:37:09,36.87993,-76.33156,0.0,98.3,96.0,BAO MAY,IMO9410155,VRGV8,70,0,292,45,18.2,70,A
356589000,2021-02-21T01:37:12,37.23803,-76.09461,0.0,102.6,345.0,DOUBLE FORTUNE,IMO9574119,3FHZ2,70,1,234,38,14.5,70,A
367359930,2021-02-21T01:37:24,36.82420,-76.28914,0.0,311.2,511.0,SUNNY WILLIAMS,,WDE4940,80,0,25,8,,80,A
338846000,2021-02-21T01:46:46,36.86561,-76.31580,0.0,0.1,511.0,USNS MENDONCA,IMO9147320,NBMK,70,5,289,32,10.9,,A
366842000,2021-02-21T01:45:10,36.85382,-76.31118,0.0,0.0,43.0,CAPE RACE,IMO7616377,KAFJ,70,5,197,32,10.0,,A
538005622,2021-02-21T01:45:16,36.87955,-76.32625,0.0,264.9,276.0,SASEBO GREEN,IMO9675468,V7FN3,70,5,225,32,14.4,,A
373124000,2021-02-21T01:43:57,37.20309,-76.14889,18.1,195.7,198.0,MSC IMMACOLATA,IMO9463205,3FLQ2,70,0,199,32,11.2,,A
356643000,2021-02-21T01:44:06,36.93825,-76.37771,0.0,17.0,257.0,ARKI,IMO9561801,3ENP3,70,1,170,27,9.7,70,A
636013980,2021-02-21T01:46:03,37.11727,-76.12938,10.4,330.0,331.0,KM MT JADE,IMO9359545,A8QP7,70,0,224,32,14.4,70,A
367359930,2021-02-21T01:47:15,36.82420,-76.28913,0.0,292.2,511.0,SUNNY WILLIAMS,,WDE4940,80,0,25,8,,80,A
367359930,2021-02-21T01:51:55,36.82421,-76.28914,0.0,311.8,511.0,SUNNY WILLIAMS,,WDE4940,80,0,25,8,,80,A
366839000,2021-02-21T01:44:10,36.85348,-76.31082,0.0,0.0,40.0,CAPE RISE,IMO7530808,KAFG,70,5,197,32,10.0,,A
373765000,2021-02-21T01:51:20,37.26322,-76.10615,0.0,230.7,2.0,AM CONTRECOEUR,IMO9583184,3FBX4,70,1,229,32,14.4,,A
338678000,2021-02-21T01:45:30,36.91624,-76.16844,0.0,298.1,9.0,DOLORES CHOUEST,IMO8225931,WCP8847,70,5,54,12,4.0,35,A
477770400,2021-02-21T01:44:59,36.87992,-76.33155,0.0,98.3,96.0,BAO MAY,IMO9410155,VRGV8,70,0,292,45,18.2,70,A
373124000,2021-02-21T01:47:16,37.18694,-76.15439,18.3,188.7,189.0,MSC IMMACOLATA,IMO9463205,3FLQ2,70,0,199,32,11.2,,A
538005972,2021-02-21T01:38:20,36.98617,-76.31485,11.3,45.0,42.0,AUCKLAND SPIRIT,IMO9268083,V7IP8,70,0,171,27,10.4,,A
477770400,2021-02-21T01:51:40,36.87993,-76.33155,0.0,98.3,96.0,BAO MAY,IMO9410155,VRGV8,70,0,292,45,18.2,70,A
428405000,2021-02-21T01:45:34,36.90631,-76.32670,0.0,351.5,352.0,ZIM QINGDAO,IMO9318163,4XFC,71,5,261,32,9.9,71,A
255806078,2021-02-21T01:39:04,36.90933,-76.32723,0.1,306.9,352.0,NORTHERN MAGNUM,IMO9252541,CQIV4,71,5,300,40,11.3,71,A
367353070,2021-02-21T01:39:01,36.94422,-76.32950,0.0,144.0,267.0,EVERGREEN STATE,IMO9408138,WDE4430,80,5,183,32,11.8,89,A
338678000,2021-02-21T01:48:30,36.91630,-76.16845,0.0,302.7,9.0,DOLORES CHOUEST,IMO8225931,WCP8847,70,5,54,12,4.0,35,A
373765000,2021-02-21T01:48:19,37.26323,-76.10614,0.1,230.7,1.0,AM CONTRECOEUR,IMO9583184,3FBX4,70,1,229,32,14.4,,A
477950300,2021-02-21T01:48:35,36.87526,-76.34932,0.0,199.6,347.0,COSCO DEVELOPMENT,IMO9472139,VRIZ9,70,5,366,48,15.5,70,A
255806078,2021-02-21T01:48:06,36.90932,-76.32718,0.1,306.9,352.0,NORTHERN MAGNUM,IMO9252541,CQIV4,71,5,300,40,11.3,71,A
367862000,2021-02-21T01:39:44,36.94816,-76.32983,0.0,35.7,280.0,JOSHUA HUMPHREYS,IMO8302428,NNJH,80,5,193,29,,,A
338273000,2021-02-21T01:49:05,36.96427,-76.35669,0.0,24.2,259.0,SLNC YORK,IMO9538907,WNCG,70,1,142,23,5.5,70,A
338678000,2021-02-21T01:39:30,36.91620,-76.16841,0.0,296.0,9.0,DOLORES CHOUEST,IMO8225931,WCP8847,70,5,54,12,4.0,35,A
477770400,2021-02-21T01:52:48,36.87994,-76.33155,0.0,98.3,96.0,BAO MAY,IMO9410155,VRGV8,70,0,292,45,18.2,70,A
356643000,2021-02-21T01:47:05,36.93827,-76.37771,0.0,323.8,256.0,ARKI,IMO9561801,3ENP3,70,1,170,27,9.7,70,A
368026000,2021-02-21T01:47:43,36.86577,-76.31603,0.0,224.2,511.0,BENAVIDEZ,IMO9218210,NBHG,70,5,289,32,10.9,70,A
538005622,2021-02-21T01:48:16,36.87955,-76.32624,0.0,264.9,276.0,SASEBO GREEN,IMO9675468,V7FN3,70,5,225,32,14.4,,A
636013980,2021-02-21T01:49:34,37.12608,-76.13550,10.3,330.0,331.0,KM MT JADE,IMO9359545,A8QP7,70,0,224,32,14.4,70,A
538005972,2021-02-21T01:46:30,37.00160,-76.28703,12.1,58.0,62.0,AUCKLAND SPIRIT,IMO9268083,V7IP8,70,0,171,27,10.4,,A
367359930,2021-02-21T01:49:34,36.82421,-76.28913,0.0,301.0,511.0,SUNNY WILLIAMS,,WDE4940,80,0,25,8,,80,A
477770400,2021-02-21T01:46:09,36.87992,-76.33155,0.0,98.3,96.0,BAO MAY,IMO9410155,VRGV8,70,0,292,45,18.2,70,A
373124000,2021-02-21T01:49:27,37.17601,-76.15374,17.7,175.0,175.0,MSC IMMACOLATA,IMO9463205,3FLQ2,70,0,199,32,11.2,,A
373124000,2021-02-21T01:50:33,37.17051,-76.15307,17.7,174.6,175.0,MSC IMMACOLATA,IMO9463205,3FLQ2,70,0,199,32,11.2,,A
538005972,2021-02-21T01:50:11,37.00535,-76.27235,12.0,74.0,74.0,AUCKLAND SPIRIT,IMO9268083,V7IP8,70,0,171,27,10.4,,A
538005972,2021-02-21T01:40:40,36.99107,-76.30772,11.7,54.0,54.0,AUCKLAND SPIRIT,IMO9268083,V7IP8,70,0,171,27,10.4,,A
366841000,2021-02-21T01:51:07,36.85327,-76.31055,0.0,0.0,511.0,CAPE RAY,IMO7530810,KAFI,70,5,197,32,10.0,,A
636013980,2021-02-21T01:47:14,37.12025,-76.13145,10.4,330.0,331.0,KM MT JADE,IMO9359545,A8QP7,70,0,224,32,14.4,70,A
367353070,2021-02-21T01:48:04,36.94418,-76.32948,0.0,144.0,267.0,EVERGREEN STATE,IMO9408138,WDE4430,80,5,183,32,11.8,89,A
366842000,2021-02-21T01:48:15,36.85384,-76.31123,0.0,0.0,43.0,CAPE RACE,IMO7616377,KAFJ,70,5,197,32,10.0,,A
428405000,2021-02-21T01:48:35,36.90627,-76.32666,0.0,351.5,352.0,ZIM QINGDAO,IMO9318163,4XFC,71,5,261,32,9.9,71,A
373124000,2021-02-21T01:48:21,37.18136,-76.15441,18.0,174.6,175.0,MSC IMMACOLATA,IMO9463205,3FLQ2,70,0,199,32,11.2,,A
636013980,2021-02-21T01:41:25,37.10570,-76.12118,10.4,329.0,330.0,KM MT JADE,IMO9359545,A8QP7,70,0,224,32,14.4,70,A
366841000,2021-02-21T01:48:04,36.85330,-76.31053,0.0,0.0,511.0,CAPE RAY,IMO7530810,KAFI,70,5,197,32,10.0,,A
368026000,2021-02-21T01:41:43,36.86576,-76.31603,0.0,224.2,511.0,BENAVIDEZ,IMO9218210,NBHG,70,5,289,32,10.9,70,A
373765000,2021-02-21T01:54:13,37.26330,-76.10608,0.1,230.7,1.0,AM CONTRECOEUR,IMO9583184,3FBX4,70,1,229,32,14.4,,A
255806078,2021-02-21T01:42:06,36.90935,-76.32717,0.1,306.9,352.0,NORTHERN MAGNUM,IMO9252541,CQIV4,71,5,300,40,11.3,71,A
538005622,2021-02-21T01:51:16,36.87955,-76.32622,0.0,264.9,276.0,SASEBO GREEN,IMO9675468,V7FN3,70,5,225,32,14.4,,A
373124000,2021-02-21T01:51:39,37.16522,-76.15242,17.6,174.8,175.0,MSC IMMACOLATA,IMO9463205,3FLQ2,70,0,199,32,11.2,,A
538005622,2021-02-21T01:42:16,36.87958,-76.32626,0.0,264.9,276.0,SASEBO GREEN,IMO9675468,V7FN3,70,5,225,32,14.4,,A
636092329,2021-02-21T01:50:02,37.24662,-76.11857,0.0,213.5,357.0,BLUMENAU,IMO9605633,D5AL3,70,1,229,32,14.4,,A
373124000,2021-02-21T01:42:51,37.20842,-76.14696,18.0,196.3,198.0,MSC IMMACOLATA,IMO9463205,3FLQ2,70,0,199,32,11.2,,A
338678000,2021-02-21T01:51:30,36.91627,-76.16846,0.0,307.4,9.0,DOLORES CHOUEST,IMO8225931,WCP8847,70,5,54,12,4.0,35,A
367359930,2021-02-21T01:43:34,36.82421,-76.28914,0.0,301.7,511.0,SUNNY WILLIAMS,,WDE4940,80,0,25,8,,80,A
356643000,2021-02-21T01:50:06,36.93825,-76.37770,0.1,136.4,254.0,ARKI,IMO9561801,3ENP3,70,1,170,27,9.7,70,A
367865000,2021-02-21T01:50:18,36.88692,-76.33853,0.0,286.4,11.0,KANAWHA,IMO8704080,NPTD,80,5,206,29,,,A
367822000,2021-02-21T01:50:08,36.97309,-76.43388,0.0,0.0,511.0,USNS SHUGHART,IMO7825394,NAOQ,70,5,276,32,13.0,70,A
367821000,2021-02-21T01:49:53,36.97286,-76.43365,0.0,0.0,511.0,YANO,IMO7825409,NAQH,70,5,276,32,13.0,70,A
368026000,2021-02-21T01:50:44,36.86576,-76.31602,0.0,224.2,511.0,BENAVIDEZ,IMO9218210,NBHG,70,5,289,32,10.9,70,A
477950300,2021-02-21T01:51:32,36.87521,-76.34934,0.0,199.6,347.0,COSCO DEVELOPMENT,IMO9472139,VRIZ9,70,5,366,48,15.5,70,A
538005972,2021-02-21T01:44:11,36.99737,-76.29542,12.1,57.0,56.0,AUCKLAND SPIRIT,IMO9268083,V7IP8,70,0,171,27,10.4,,A
367359930,2021-02-21T01:50:45,36.82420,-76.28913,0.0,312.7,511.0,SUNNY WILLIAMS,,WDE4940,80,0,25,8,,80,A
338273000,2021-02-21T01:52:05,36.96427,-76.35672,0.0,24.2,257.0,SLNC YORK,IMO9538907,WNCG,70,1,142,23,5.5,70,A
311045300,2021-02-21T01:44:00,37.32482,-76.09352,15.5,21.0,20.0,NEPTUNE ACE,IMO9584059,C6YU3,70,0,199,32,9.8,79,A
311045300,2021-02-21T01:45:07,37.32928,-76.09122,15.5,22.0,20.0,NEPTUNE ACE,IMO9584059,C6YU3,70,0,199,32,9.8,79,A
368445000,2021-02-21T01:56:05,36.96306,-76.42016,0.0,55.8,188.0,OVERSEAS NIKISKI,IMO9353577,WDBH,80,5,183,32,12.2,80,A
356589000,2021-02-21T01:52:13,37.23798,-76.09483,0.0,282.2,351.0,DOUBLE FORTUNE,IMO9574119,3FHZ2,70,1,234,38,14.5,70,A
366842000,2021-02-21T01:51:12,36.85379,-76.31121,0.0,0.0,43.0,CAPE RACE,IMO7616377,KAFJ,70,5,197,32,10.0,,A
367359930,2021-02-21T01:55:34,36.82420,-76.28914,0.0,323.1,511.0,SUNNY WILLIAMS,,WDE4940,80,0,25,8,,80,A
338846000,2021-02-21T01:52:45,36.86559,-76.31578,0.0,0.1,511.0,USNS MENDONCA,IMO9147320,NBMK,70,5,289,32,10.9,,A
367359930,2021-02-21T01:53:05,36.82420,-76.28914,0.0,319.8,511.0,SUNNY WILLIAMS,,WDE4940,80,0,25,8,,80,A
367821000,2021-02-21T01:52:53,36.97286,-76.43365,0.0,0.0,511.0,YANO,IMO7825409,NAQH,70,5,276,32,13.0,70,A
538005972,2021-02-21T01:52:31,37.00720,-76.26288,12.0,81.0,87.0,AUCKLAND SPIRIT,IMO9268083,V7IP8,70,0,171,27,10.4,,A
366839000,2021-02-21T01:53:15,36.85346,-76.31081,0.0,0.0,40.0,CAPE RISE,IMO7530808,KAFG,70,5,197,32,10.0,,A
373124000,2021-02-21T01:52:45,37.15987,-76.15169,17.6,174.1,175.0,MSC IMMACOLATA,IMO9463205,3FLQ2,70,0,199,32,11.2,,A
367862000,2021-02-21T01:45:45,36.94808,-76.32976,0.0,35.7,280.0,JOSHUA HUMPHREYS,IMO8302428,NNJH,80,5,193,29,,,A
367865000,2021-02-21T01:53:19,36.88697,-76.33853,0.0,286.4,11.0,KANAWHA,IMO8704080,NPTD,80,5,206,29,,,A
311045300,2021-02-21T01:46:13,37.33365,-76.08898,15.6,21.0,20.0,NEPTUNE ACE,IMO9584059,C6YU3,70,0,199,32,9.8,79,A
356643000,2021-02-21T01:56:06,36.93821,-76.37770,0.0,168.3,257.0,ARKI,IMO9561801,3ENP3,70,1,170,27,9.7,70,A
636013980,2021-02-21T01:51:54,37.13183,-76.13950,10.2,331.0,332.0,KM MT JADE,IMO9359545,A8QP7,70,0,224,32,14.4,70,A
636013980,2021-02-21T01:53:03,37.13475,-76.14147,10.3,331.0,332.0,KM MT JADE,IMO9359545,A8QP7,70,0,224,32,14.4,70,A
538005972,2021-02-21T01:57:11,37.00727,-76.24340,12.0,89.0,92.0,AUCKLAND SPIRIT,IMO9268083,V7IP8,70,0,171,27,10.4,,A
368445000,2021-02-21T01:53:05,36.96309,-76.42011,0.0,55.8,188.0,OVERSEAS NIKISKI,IMO9353577,WDBH,80,5,183,32,12.2,80,A
367862000,2021-02-21T01:54:44,36.94816,-76.32980,0.0,35.7,280.0,JOSHUA HUMPHREYS,IMO8302428,NNJH,80,5,193,29,,,A
255806078,2021-02-21T01:57:11,36.90933,-76.32720,0.1,306.9,352.0,NORTHERN MAGNUM,IMO9252541,CQIV4,71,5,300,40,11.3,71,A
636092329,2021-02-21T01:53:08,37.24659,-76.11865,0.1,213.5,359.0,BLUMENAU,IMO9605633,D5AL3,70,1,229,32,14.4,,A
636092329,2021-02-21T01:47:06,37.24660,-76.11856,0.0,213.5,357.0,BLUMENAU,IMO9605633,D5AL3,70,1,229,32,14.4,,A
636013980,2021-02-21T01:54:14,37.13765,-76.14350,10.2,333.0,342.0,KM MT JADE,IMO9359545,A8QP7,70,0,224,32,14.4,70,A
368026000,2021-02-21T01:53:44,36.86574,-76.31606,0.0,224.2,511.0,BENAVIDEZ,IMO9218210,NBHG,70,5,289,32,10.9,70,A
367865000,2021-02-21T01:47:19,36.88694,-76.33856,0.0,286.4,11.0,KANAWHA,IMO8704080,NPTD,80,5,206,29,,,A
373124000,2021-02-21T01:53:51,37.15449,-76.15089,17.7,173.3,175.0,MSC IMMACOLATA,IMO9463205,3FLQ2,70,0,199,32,11.2,,A
373124000,2021-02-21T01:54:57,37.14910,-76.15016,17.7,172.9,172.0,MSC IMMACOLATA,IMO9463205,3FLQ2,70,0,199,32,11.2,,A
367353070,2021-02-21T01:54:04,36.94422,-76.32943,0.0,144.0,267.0,EVERGREEN STATE,IMO9408138,WDE4430,80,5,183,32,11.8,89,A
477950300,2021-02-21T01:54:34,36.87518,-76.34935,0.0,199.6,347.0,COSCO DEVELOPMENT,IMO9472139,VRIZ9,70,5,366,48,15.5,70,A
477770400,2021-02-21T01:47:10,36.87992,-76.33154,0.0,98.3,96.0,BAO MAY,IMO9410155,VRGV8,70,0,292,45,18.2,70,A
538005972,2021-02-21T01:59:30,37.00555,-76.23408,11.9,106.0,105.0,AUCKLAND SPIRIT,IMO9268083,V7IP8,70,0,171,27,10.4,,A
367822000,2021-02-21T01:47:09,36.97309,-76.43388,0.0,0.0,511.0,USNS SHUGHART,IMO7825394,NAOQ,70,5,276,32,13.0,70,A
538005972,2021-02-21T01:54:50,37.00728,-76.25323,11.8,89.0,89.0,AUCKLAND SPIRIT,IMO9268083,V7IP8,70,0,171,27,10.4,,A
356589000,2021-02-21T01:55:11,37.23796,-76.09486,0.1,273.0,350.0,DOUBLE FORTUNE,IMO9574119,3FHZ2,70,1,234,38,14.5,70,A
368445000,2021-02-21T01:47:05,36.96310,-76.42015,0.0,55.8,188.0,OVERSEAS NIKISKI,IMO9353577,WDBH,80,5,183,32,12.2,80,A
538005622,2021-02-21T01:54:16,36.87954,-76.32625,0.1,346.9,276.0,SASEBO GREEN,IMO9675468,V7FN3,70,5,225,32,14.4,,A
367821000,2021-02-21T01:55:54,36.97286,-76.43364,0.0,0.0,511.0,YANO,IMO7825409,NAQH,70,5,276,32,13.0,70,A
373124000,2021-02-21T01:56:03,37.14380,-76.14857,17.7,161.1,158.0,MSC IMMACOLATA,IMO9463205,3FLQ2,70,0,199,32,11.2,,A
338678000,2021-02-21T01:57:30,36.91620,-76.16846,0.0,331.7,9.0,DOLORES CHOUEST,IMO8225931,WCP8847,70,5,54,12,4.0,35,A
477770400,2021-02-21T01:48:19,36.87993,-76.33154,0.0,98.3,96.0,BAO MAY,IMO9410155,VRGV8,70,0,292,45,18.2,70,A
538005972,2021-02-21T01:47:41,37.00312,-76.28243,12.1,70.0,73.0,AUCKLAND SPIRIT,IMO9268083,V7IP8,70,0,171,27,10.4,,A
636092329,2021-02-21T01:56:02,37.24658,-76.11865,0.0,213.5,2.0,BLUMENAU,IMO9605633,D5AL3,70,1,229,32,14.4,,A
538005622,2021-02-21T02:00:16,36.87956,-76.32622,0.1,353.9,276.0,SASEBO GREEN,IMO9675468,V7FN3,70,5,225,32,14.4,,A
477770400,2021-02-21T01:56:18,36.87991,-76.33155,0.0,98.3,96.0,BAO MAY,IMO9410155,VRGV8,70,0,292,45,18.2,70,A
367865000,2021-02-21T01:56:19,36.88692,-76.33855,0.0,286.4,11.0,KANAWHA,IMO8704080,NPTD,80,5,206,29,,,A
367822000,2021-02-21T01:56:10,36.97311,-76.43390,0.0,0.0,511.0,USNS SHUGHART,IMO7825394,NAOQ,70,5,276,32,13.0,70,A
366839000,2021-02-21T01:56:14,36.85349,-76.31083,0.0,0.0,40.0,CAPE RISE,IMO7530808,KAFG,70,5,197,32,10.0,,A
428405000,2021-02-21T02:00:33,36.90620,-76.32673,0.0,351.6,352.0,ZIM QINGDAO,IMO9318163,4XFC,71,5,261,32,9.9,71,A
477950300,2021-02-21T01:57:33,36.87510,-76.34931,0.0,350.1,347.0,COSCO DEVELOPMENT,IMO9472139,VRIZ9,70,5,366,48,15.5,70,A
366841000,2021-02-21T01:57:07,36.85333,-76.31051,0.0,0.0,511.0,CAPE RAY,IMO7530810,KAFI,70,5,197,32,10.0,,A
338273000,2021-02-21T01:55:04,36.96430,-76.35676,0.0,24.2,255.0,SLNC YORK,IMO9538907,WNCG,70,1,142,23,5.5,70,A
538005972,2021-02-21T01:49:01,37.00433,-76.27700,12.1,74.0,74.0,AUCKLAND SPIRIT,IMO9268083,V7IP8,70,0,171,27,10.4,,A
367359930,2021-02-21T02:01:06,36.82420,-76.28911,0.0,344.4,511.0,SUNNY WILLIAMS,,WDE4940,80,0,25,8,,80,A
636013980,2021-02-21T01:56:35,37.14397,-76.14597,10.1,344.0,337.0,KM MT JADE,IMO9359545,A8QP7,70,0,224,32,14.4,70,A
367865000,2021-02-21T02:02:19,36.88691,-76.33856,0.0,286.4,11.0,KANAWHA,IMO8704080,NPTD,80,5,206,29,,,A
477770400,2021-02-21T01:49:28,36.87992,-76.33154,0.0,98.3,96.0,BAO MAY,IMO9410155,VRGV8,70,0,292,45,18.2,70,A
477770400,2021-02-21T01:55:09,36.87991,-76.33159,0.0,98.3,96.0,BAO MAY,IMO9410155,VRGV8,70,0,292,45,18.2,70,A
338846000,2021-02-21T01:55:46,36.86559,-76.31582,0.0,0.1,511.0,USNS MENDONCA,IMO9147320,NBMK,70,5,289,32,10.9,,A
636013980,2021-02-21T01:58:53,37.14992,-76.14913,10.2,337.0,345.0,KM MT JADE,IMO9359545,A8QP7,70,0,224,32,14.4,70,A
538005622,2021-02-21T01:57:16,36.87957,-76.32625,0.0,345.6,276.0,SASEBO GREEN,IMO9675468,V7FN3,70,5,225,32,14.4,,A
366839000,2021-02-21T01:59:15,36.85349,-76.31083,0.0,0.0,40.0,CAPE RISE,IMO7530808,KAFG,70,5,197,32,10.0,,A
366839000,2021-02-21T01:50:15,36.85351,-76.31086,0.0,0.0,40.0,CAPE RISE,IMO7530808,KAFG,70,5,197,32,10.0,,A
368026000,2021-02-21T01:59:43,36.86577,-76.31603,0.0,224.2,511.0,BENAVIDEZ,IMO9218210,NBHG,70,5,289,32,10.9,70,A
338846000,2021-02-21T01:49:46,36.86557,-76.31581,0.0,0.1,511.0,USNS MENDONCA,IMO9147320,NBMK,70,5,289,32,10.9,,A
636013980,2021-02-21T02:00:04,37.15315,-76.15003,10.0,354.0,354.0,KM MT JADE,IMO9359545,A8QP7,70,0,224,32,14.4,70,A
477770400,2021-02-21T01:59:49,36.87991,-76.33155,0.0,98.3,96.0,BAO MAY,IMO9410155,VRGV8,70,0,292,45,18.2,70,A
373124000,2021-02-21T01:57:10,37.13906,-76.14534,17.2,149.6,149.0,MSC IMMACOLATA,IMO9463205,3FLQ2,70,0,199,32,11.2,,A
366842000,2021-02-21T02:03:13,36.85383,-76.31120,0.0,0.0,42.0,CAPE RACE,IMO7616377,KAFJ,70,5,197,32,10.0,,A
367359930,2021-02-21T01:56:46,36.82420,-76.28914,0.0,323.1,511.0,SUNNY WILLIAMS,,WDE4940,80,0,25,8,,80,A
368026000,2021-02-21T01:56:44,36.86574,-76.31605,0.0,224.2,511.0,BENAVIDEZ,IMO9218210,NBHG,70,5,289,32,10.9,70,A
636092329,2021-02-21T01:59:08,37.24658,-76.11861,0.1,213.5,2.0,BLUMENAU,IMO9605633,D5AL3,70,1,229,32,14.4,,A
368445000,2021-02-21T01:50:05,36.96307,-76.42012,0.0,55.8,188.0,OVERSEAS NIKISKI,IMO9353577,WDBH,80,5,183,32,12.2,80,A
373765000,2021-02-21T01:57:19,37.26328,-76.10606,0.0,230.7,0.0,AM CONTRECOEUR,IMO9583184,3FBX4,70,1,229,32,14.4,,A
356589000,2021-02-21T01:58:15,37.23794,-76.09494,0.1,311.7,353.0,DOUBLE FORTUNE,IMO9574119,3FHZ2,70,1,234,38,14.5,70,A
366842000,2021-02-21T01:57:11,36.85386,-76.31120,0.0,0.0,43.0,CAPE RACE,IMO7616377,KAFJ,70,5,197,32,10.0,,A
255806078,2021-02-21T01:51:09,36.90938,-76.32720,0.1,306.9,352.0,NORTHERN MAGNUM,IMO9252541,CQIV4,71,5,300,40,11.3,71,A
636013980,2021-02-21T01:57:45,37.14700,-76.14752,10.0,335.0,335.0,KM MT JADE,IMO9359545,A8QP7,70,0,224,32,14.4,70,A
367821000,2021-02-21T02:01:52,36.97285,-76.43364,0.0,0.0,511.0,YANO,IMO7825409,NAQH,70,5,276,32,13.0,70,A
338678000,2021-02-21T02:03:31,36.91625,-76.16841,0.0,334.9,9.0,DOLORES CHOUEST,IMO8225931,WCP8847,70,5,54,12,4.0,35,A
428405000,2021-02-21T01:51:35,36.90622,-76.32668,0.0,351.5,352.0,ZIM QINGDAO,IMO9318163,4XFC,71,5,261,32,9.9,71,A
538005622,2021-02-21T02:03:16,36.87959,-76.32622,0.1,356.4,276.0,SASEBO GREEN,IMO9675468,V7FN3,70,5,225,32,14.4,,A
538005972,2021-02-21T02:00:01,37.00508,-76.23207,11.9,106.0,105.0,AUCKLAND SPIRIT,IMO9268083,V7IP8,70,0,171,27,10.4,,A
636013980,2021-02-21T02:02:13,37.15920,-76.15060,10.2,353.0,351.0,KM MT JADE,IMO9359545,A8QP7,70,0,224,32,14.4,70,A
367353070,2021-02-21T02:00:03,36.94425,-76.32948,0.0,144.0,267.0,EVERGREEN STATE,IMO9408138,WDE4430,80,5,183,32,11.8,89,A
477950300,2021-02-21T02:00:34,36.87512,-76.34932,0.0,350.1,347.0,COSCO DEVELOPMENT,IMO9472139,VRIZ9,70,5,366,48,15.5,70,A
477770400,2021-02-21T02:01:10,36.87991,-76.33155,0.0,98.3,96.0,BAO MAY,IMO9410155,VRGV8,70,0,292,45,18.2,70,A
356589000,2021-02-21T02:01:12,37.23799,-76.09493,0.1,42.5,354.0,DOUBLE FORTUNE,IMO9574119,3FHZ2,70,1,234,38,14.5,70,A
477770400,2021-02-21T02:02:18,36.87992,-76.33156,0.0,98.3,96.0,BAO MAY,IMO9410155,VRGV8,70,0,292,45,18.2,70,A
338846000,2021-02-21T01:58:45,36.86559,-76.31583,0.0,0.1,511.0,USNS MENDONCA,IMO9147320,NBMK,70,5,289,32,10.9,,A
477770400,2021-02-21T02:00:09,36.87991,-76.33155,0.0,98.3,96.0,BAO MAY,IMO9410155,VRGV8,70,0,292,45,18.2,70,A
538005972,2021-02-21T01:58:20,37.00663,-76.23878,11.8,104.0,105.0,AUCKLAND SPIRIT,IMO9268083,V7IP8,70,0,171,27,10.4,,A
538005972,2021-02-21T02:01:11,37.00400,-76.22753,12.0,106.0,105.0,AUCKLAND SPIRIT,IMO9268083,V7IP8,70,0,171,27,10.4,,A
636013980,2021-02-21T02:01:05,37.15595,-76.15023,10.2,358.0,352.0,KM MT JADE,IMO9359545,A8QP7,70,0,224,32,14.4,70,A
367359930,2021-02-21T01:58:55,36.82418,-76.28911,0.0,338.0,511.0,SUNNY WILLIAMS,,WDE4940,80,0,25,8,,80,A
373124000,2021-02-21T01:58:15,37.13450,-76.14200,17.4,150.3,149.0,MSC IMMACOLATA,IMO9463205,3FLQ2,70,0,199,32,11.2,,A
373124000,2021-02-21T02:01:04,37.12257,-76.13355,17.7,150.8,149.0,MSC IMMACOLATA,IMO9463205,3FLQ2,70,0,199,32,11.2,,A
367865000,2021-02-21T01:59:19,36.88689,-76.33856,0.0,286.4,11.0,KANAWHA,IMO8704080,NPTD,80,5,206,29,,,A
366839000,2021-02-21T02:02:13,36.85350,-76.31086,0.0,0.0,40.0,CAPE RISE,IMO7530808,KAFG,70,5,197,32,10.0,,A
338273000,2021-02-21T01:58:05,36.96428,-76.35671,0.0,24.2,253.0,SLNC YORK,IMO9538907,WNCG,70,1,142,23,5.5,70,A
477770400,2021-02-21T01:58:38,36.87992,-76.33154,0.0,98.3,96.0,BAO MAY,IMO9410155,VRGV8,70,0,292,45,18.2,70,A
367822000,2021-02-21T01:59:08,36.97310,-76.43390,0.0,0.0,511.0,USNS SHUGHART,IMO7825394,NAOQ,70,5,276,32,13.0,70,A
356643000,2021-02-21T01:59:07,36.93821,-76.37769,0.0,168.3,258.0,ARKI,IMO9561801,3ENP3,70,1,170,27,9.7,70,A
373124000,2021-02-21T01:59:16,37.13029,-76.13897,17.5,150.0,149.0,MSC IMMACOLATA,IMO9463205,3FLQ2,70,0,199,32,11.2,,A
477950300,2021-02-21T02:03:33,36.87508,-76.34930,0.0,350.1,347.0,COSCO DEVELOPMENT,IMO9472139,VRIZ9,70,5,366,48,15.5,70,A
367359930,2021-02-21T02:02:14,36.82422,-76.28911,0.0,348.9,511.0,SUNNY WILLIAMS,,WDE4940,80,0,25,8,,80,A
477770400,2021-02-21T02:05:38,36.87992,-76.33155,0.0,98.3,96.0,BAO MAY,IMO9410155,VRGV8,70,0,292,45,18.2,70,A
367865000,2021-02-21T02:05:19,36.88697,-76.33857,0.0,286.4,11.0,KANAWHA,IMO8704080,NPTD,80,5,206,29,,,A
428405000,2021-02-21T02:03:34,36.90617,-76.32668,0.0,351.6,352.0,ZIM QINGDAO,IMO9318163,4XFC,71,5,261,32,9.9,71,A
538005972,2021-02-21T02:03:30,37.00180,-76.21818,12.0,105.0,105.0,AUCKLAND SPIRIT,IMO9268083,V7IP8,70,0,171,27,10.4,,A
366841000,2021-02-21T02:00:05,36.85331,-76.31051,0.0,0.0,511.0,CAPE RAY,IMO7530810,KAFI,70,5,197,32,10.0,,A
338273000,2021-02-21T02:04:05,36.96425,-76.35662,0.0,24.2,252.0,SLNC YORK,IMO9538907,WNCG,70,1,142,23,5.5,70,A
373124000,2021-02-21T02:00:03,37.12691,-76.13662,17.6,150.7,149.0,MSC IMMACOLATA,IMO9463205,3FLQ2,70,0,199,32,11.2,,A
367862000,2021-02-21T02:06:45,36.94812,-76.32975,0.0,35.7,280.0,JOSHUA HUMPHREYS,IMO8302428,NNJH,80,5,193,29,,,A
338678000,2021-02-21T02:00:31,36.91625,-76.16849,0.0,332.7,9.0,DOLORES CHOUEST,IMO8225931,WCP8847,70,5,54,12,4.0,35,A
338678000,2021-02-21T02:06:30,36.91623,-76.16843,0.0,345.8,9.0,DOLORES CHOUEST,IMO8225931,WCP8847,70,5,54,12,4.0,35,A
373765000,2021-02-21T02:06:16,37.26328,-76.10607,0.0,230.7,0.0,AM CONTRECOEUR,IMO9583184,3FBX4,70,1,229,32,14.4,,A
373124000,2021-02-21T02:03:16,37.11308,-76.12687,17.8,150.5,149.0,MSC IMMACOLATA,IMO9463205,3FLQ2,70,0,199,32,11.2,,A
366842000,2021-02-21T02:00:15,36.85383,-76.31119,0.0,0.0,42.0,CAPE RACE,IMO7616377,KAFJ,70,5,197,32,10.0,,A
366842000,2021-02-21T01:54:14,36.85384,-76.31122,0.0,0.0,43.0,CAPE RACE,IMO7616377,KAFJ,70,5,197,32,10.0,,A
636013980,2021-02-21T02:04:33,37.16575,-76.15153,10.3,353.0,351.0,KM MT JADE,IMO9359545,A8QP7,70,0,224,32,14.4,70,A
428405000,2021-02-21T01:54:34,36.90617,-76.32666,0.0,351.6,352.0,ZIM QINGDAO,IMO9318163,4XFC,71,5,261,32,9.9,71,A
367821000,2021-02-21T02:04:53,36.97285,-76.43364,0.0,0.0,511.0,YANO,IMO7825409,NAQH,70,5,276,32,13.0,70,A
338273000,2021-02-21T02:01:05,36.96426,-76.35665,0.0,24.2,252.0,SLNC YORK,IMO9538907,WNCG,70,1,142,23,5.5,70,A
367359930,2021-02-21T02:03:24,36.82421,-76.28911,0.0,356.4,511.0,SUNNY WILLIAMS,,WDE4940,80,0,25,8,,80,A
367822000,2021-02-21T02:05:09,36.97310,-76.43390,0.0,0.0,511.0,USNS SHUGHART,IMO7825394,NAOQ,70,5,276,32,13.0,70,A
366841000,2021-02-21T01:54:06,36.85325,-76.31059,0.0,0.0,511.0,CAPE RAY,IMO7530810,KAFI,70,5,197,32,10.0,,A
255806078,2021-02-21T02:00:12,36.90933,-76.32720,0.1,306.9,352.0,NORTHERN MAGNUM,IMO9252541,CQIV4,71,5,300,40,11.3,71,A
477770400,2021-02-21T01:53:59,36.87992,-76.33157,0.0,98.3,96.0,BAO MAY,IMO9410155,VRGV8,70,0,292,45,18.2,70,A
367862000,2021-02-21T02:00:45,36.94808,-76.32983,0.0,35.7,280.0,JOSHUA HUMPHREYS,IMO8302428,NNJH,80,5,193,29,,,A
356643000,2021-02-21T02:05:08,36.93832,-76.37774,0.1,343.3,253.0,ARKI,IMO9561801,3ENP3,70,1,170,27,9.7,70,A
367359930,2021-02-21T02:00:04,36.82418,-76.28912,0.0,334.6,511.0,SUNNY WILLIAMS,,WDE4940,80,0,25,8,,80,A
338846000,2021-02-21T02:04:46,36.86561,-76.31585,0.0,0.1,511.0,USNS MENDONCA,IMO9147320,NBMK,70,5,289,32,10.9,,A
636013980,2021-02-21T01:55:24,37.14075,-76.14483,10.0,341.0,342.0,KM MT JADE,IMO9359545,A8QP7,70,0,224,32,14.4,70,A
356643000,2021-02-21T02:02:06,36.93825,-76.37770,0.1,357.2,258.0,ARKI,IMO9561801,3ENP3,70,1,170,27,9.7,70,A
367822000,2021-02-21T02:02:09,36.97310,-76.43389,0.0,0.0,511.0,USNS SHUGHART,IMO7825394,NAOQ,70,5,276,32,13.0,70,A
636092329,2021-02-21T02:04:58,37.24654,-76.11854,0.1,213.5,359.0,BLUMENAU,IMO9605633,D5AL3,70,1,229,32,14.4,,A
373124000,2021-02-21T02:02:09,37.11790,-76.13026,17.8,150.0,149.0,MSC IMMACOLATA,IMO9463205,3FLQ2,70,0,199,32,11.2,,A
368445000,2021-02-21T02:05:06,36.96310,-76.42010,0.0,55.8,188.0,OVERSEAS NIKISKI,IMO9353577,WDBH,80,5,183,32,12.2,80,A
368026000,2021-02-21T02:02:43,36.86575,-76.31604,0.0,224.2,511.0,BENAVIDEZ,IMO9218210,NBHG,70,5,289,32,10.9,70,A
367353070,2021-02-21T02:03:01,36.94418,-76.32948,0.0,144.0,267.0,EVERGREEN STATE,IMO9408138,WDE4430,80,5,183,32,11.8,89,A
367822000,2021-02-21T02:08:09,36.97310,-76.43389,0.0,0.0,511.0,USNS SHUGHART,IMO7825394,NAOQ,70,5,276,32,13.0,70,A
538005972,2021-02-21T02:07:10,36.99807,-76.20345,12.1,107.0,105.0,AUCKLAND SPIRIT,IMO9268083,V7IP8,70,0,171,27,10.4,,A
538005622,2021-02-21T02:06:16,36.87953,-76.32626,0.0,1.2,276.0,SASEBO GREEN,IMO9675468,V7FN3,70,5,225,32,14.4,,A
368445000,2021-02-21T02:08:05,36.96313,-76.42011,0.0,55.8,188.0,OVERSEAS NIKISKI,IMO9353577,WDBH,80,5,183,32,12.2,80,A
636013980,2021-02-21T02:03:24,37.16253,-76.15107,10.2,353.0,351.0,KM MT JADE,IMO9359545,A8QP7,70,0,224,32,14.4,70,A
538005972,2021-02-21T02:09:21,36.99600,-76.19455,12.0,105.0,104.0,AUCKLAND SPIRIT,IMO9268083,V7IP8,70,0,171,27,10.4,,A
367862000,2021-02-21T02:03:45,36.94812,-76.32976,0.0,35.7,280.0,JOSHUA HUMPHREYS,IMO8302428,NNJH,80,5,193,29,,,A
477770400,2021-02-21T02:08:59,36.87992,-76.33153,0.0,98.3,96.0,BAO MAY,IMO9410155,VRGV8,70,0,292,45,18.2,70,A
303210000,2021-02-21T02:08:42,37.33928,-76.08756,18.6,207.8,208.0,PATRIOT,IMO9316139,WAIU,70,0,199,32,11.3,,A
538005622,2021-02-21T02:09:16,36.87957,-76.32625,0.1,3.6,276.0,SASEBO GREEN,IMO9675468,V7FN3,70,5,225,32,14.4,,A
367359930,2021-02-21T02:04:45,36.82422,-76.28911,0.0,1.1,511.0,SUNNY WILLIAMS,,WDE4940,80,0,25,8,,80,A
636013980,2021-02-21T02:06:53,37.17243,-76.15260,10.5,352.0,351.0,KM MT JADE,IMO9359545,A8QP7,70,0,224,32,14.4,70,A
367821000,2021-02-21T02:07:54,36.97285,-76.43364,0.0,0.0,511.0,YANO,IMO7825409,NAQH,70,5,276,32,13.0,70,A
356589000,2021-02-21T02:07:11,37.23802,-76.09479,0.1,10.7,350.0,DOUBLE FORTUNE,IMO9574119,3FHZ2,70,1,234,38,14.5,70,A
477950300,2021-02-21T02:09:35,36.87508,-76.34923,0.0,350.1,347.0,COSCO DEVELOPMENT,IMO9472139,VRIZ9,70,5,366,48,15.5,70,A
356589000,2021-02-21T02:10:13,37.23802,-76.09478,0.1,343.3,350.0,DOUBLE FORTUNE,IMO9574119,3FHZ2,70,1,234,38,14.5,70,A
373765000,2021-02-21T02:09:17,37.26326,-76.10606,0.1,230.7,359.0,AM CONTRECOEUR,IMO9583184,3FBX4,70,1,229,32,14.4,,A
255806078,2021-02-21T02:09:15,36.90933,-76.32717,0.1,306.9,352.0,NORTHERN MAGNUM,IMO9252541,CQIV4,71,5,300,40,11.3,71,A
366842000,2021-02-21T02:09:13,36.85382,-76.31122,0.0,0.0,42.0,CAPE RACE,IMO7616377,KAFJ,70,5,197,32,10.0,,A
367359930,2021-02-21T01:57:54,36.82421,-76.28913,0.0,330.0,511.0,SUNNY WILLIAMS,,WDE4940,80,0,25,8,,80,A
538005972,2021-02-21T02:04:50,37.00043,-76.21275,12.1,106.0,106.0,AUCKLAND SPIRIT,IMO9268083,V7IP8,70,0,171,27,10.4,,A
338846000,2021-02-21T02:07:45,36.86556,-76.31586,0.0,0.1,511.0,USNS MENDONCA,IMO9147320,NBMK,70,5,289,32,10.9,,A
367821000,2021-02-21T02:10:53,36.97280,-76.43364,0.0,0.0,511.0,YANO,IMO7825409,NAQH,70,5,276,32,13.0,70,A
477770400,2021-02-21T02:04:30,36.87992,-76.33155,0.0,98.3,96.0,BAO MAY,IMO9410155,VRGV8,70,0,292,45,18.2,70,A
367865000,2021-02-21T02:08:19,36.88692,-76.33856,0.0,286.4,11.0,KANAWHA,IMO8704080,NPTD,80,5,206,29,,,A
477770400,2021-02-21T02:07:49,36.87993,-76.33156,0.0,98.3,96.0,BAO MAY,IMO9410155,VRGV8,70,0,292,45,18.2,70,A
368445000,2021-02-21T01:59:05,36.96308,-76.42018,0.0,55.8,188.0,OVERSEAS NIKISKI,IMO9353577,WDBH,80,5,183,32,12.2,80,A
368026000,2021-02-21T02:08:44,36.86578,-76.31601,0.0,224.2,511.0,BENAVIDEZ,IMO9218210,NBHG,70,5,289,32,10.9,70,A
255806078,2021-02-21T02:12:17,36.90935,-76.32717,0.1,306.9,352.0,NORTHERN MAGNUM,IMO9252541,CQIV4,71,5,300,40,11.3,71,A
636092329,2021-02-21T02:08:01,37.24656,-76.11858,0.0,213.5,1.0,BLUMENAU,IMO9605633,D5AL3,70,1,229,32,14.4,,A
373124000,2021-02-21T02:08:45,37.08930,-76.10988,18.0,150.1,149.0,MSC IMMACOLATA,IMO9463205,3FLQ2,70,0,199,32,11.2,,A
373124000,2021-02-21T02:05:27,37.10354,-76.12013,18.0,150.5,149.0,MSC IMMACOLATA,IMO9463205,3FLQ2,70,0,199,32,11.2,,A
367359930,2021-02-21T02:05:55,36.82424,-76.28911,0.0,6.4,511.0,SUNNY WILLIAMS,,WDE4940,80,0,25,8,,80,A
538005972,2021-02-21T02:08:11,36.99710,-76.19943,12.0,106.0,104.0,AUCKLAND SPIRIT,IMO9268083,V7IP8,70,0,171,27,10.4,,A
366841000,2021-02-21T02:09:02,36.85327,-76.31058,0.0,0.0,511.0,CAPE RAY,IMO7530810,KAFI,70,5,197,32,10.0,,A
367353070,2021-02-21T02:09:03,36.94415,-76.32948,0.0,144.0,267.0,EVERGREEN STATE,IMO9408138,WDE4430,80,5,183,32,11.8,89,A
368026000,2021-02-21T02:05:44,36.86579,-76.31603,0.0,224.2,511.0,BENAVIDEZ,IMO9218210,NBHG,70,5,289,32,10.9,70,A
367822000,2021-02-21T02:14:09,36.97310,-76.43387,0.0,0.0,511.0,USNS SHUGHART,IMO7825394,NAOQ,70,5,276,32,13.0,70,A
367821000,2021-02-21T02:13:53,36.97280,-76.43364,0.0,0.0,511.0,YANO,IMO7825409,NAQH,70,5,276,32,13.0,70,A
356643000,2021-02-21T02:14:06,36.93819,-76.37769,0.1,346.0,257.0,ARKI,IMO9561801,3ENP3,70,1,170,27,9.7,70,A
636092329,2021-02-21T02:14:03,37.24656,-76.11853,0.0,213.5,0.0,BLUMENAU,IMO9605633,D5AL3,70,1,229,32,14.4,,A
636013980,2021-02-21T02:09:15,37.17935,-76.15382,10.7,352.0,351.0,KM MT JADE,IMO9359545,A8QP7,70,0,224,32,14.4,70,A
373765000,2021-02-21T02:00:16,37.26326,-76.10610,0.0,230.7,0.0,AM CONTRECOEUR,IMO9583184,3FBX4,70,1,229,32,14.4,,A
367359930,2021-02-21T02:09:25,36.82423,-76.28912,0.0,27.5,511.0,SUNNY WILLIAMS,,WDE4940,80,0,25,8,,80,A
366839000,2021-02-21T02:14:13,36.85346,-76.31085,0.0,0.0,40.0,CAPE RISE,IMO7530808,KAFG,70,5,197,32,10.0,,A
338846000,2021-02-21T02:01:47,36.86559,-76.31583,0.0,0.1,511.0,USNS MENDONCA,IMO9147320,NBMK,70,5,289,32,10.9,,A
373124000,2021-02-21T02:09:51,37.08444,-76.10637,18.0,150.4,150.0,MSC IMMACOLATA,IMO9463205,3FLQ2,70,0,199,32,11.2,,A
636092329,2021-02-21T02:02:03,37.24658,-76.11852,0.0,213.5,0.0,BLUMENAU,IMO9605633,D5AL3,70,1,229,32,14.4,,A
303210000,2021-02-21T02:09:48,37.33431,-76.09107,18.7,209.7,210.0,PATRIOT,IMO9316139,WAIU,70,0,199,32,11.3,,A
373124000,2021-02-21T02:15:09,37.06168,-76.08927,18.0,143.2,143.0,MSC IMMACOLATA,IMO9463205,3FLQ2,70,0,199,32,11.2,,A
428405000,2021-02-21T02:09:33,36.90655,-76.32674,0.0,351.5,352.0,ZIM QINGDAO,IMO9318163,4XFC,71,5,261,32,9.9,71,A
368445000,2021-02-21T02:02:05,36.96315,-76.42015,0.0,55.8,188.0,OVERSEAS NIKISKI,IMO9353577,WDBH,80,5,183,32,12.2,80,A
477770400,2021-02-21T02:10:09,36.87991,-76.33153,0.0,98.3,96.0,BAO MAY,IMO9410155,VRGV8,70,0,292,45,18.2,70,A
367862000,2021-02-21T02:09:45,36.94817,-76.32980,0.0,35.7,280.0,JOSHUA HUMPHREYS,IMO8302428,NNJH,80,5,193,29,,,A
255806078,2021-02-21T02:03:14,36.90932,-76.32720,0.1,306.9,352.0,NORTHERN MAGNUM,IMO9252541,CQIV4,71,5,300,40,11.3,71,A
373765000,2021-02-21T02:03:18,37.26324,-76.10609,0.0,230.7,0.0,AM CONTRECOEUR,IMO9583184,3FBX4,70,1,229,32,14.4,,A
366841000,2021-02-21T02:03:09,36.85329,-76.31054,0.0,0.0,511.0,CAPE RAY,IMO7530810,KAFI,70,5,197,32,10.0,,A
373124000,2021-02-21T02:04:21,37.10839,-76.12355,17.9,150.5,149.0,MSC IMMACOLATA,IMO9463205,3FLQ2,70,0,199,32,11.2,,A
367359930,2021-02-21T02:08:16,36.82424,-76.28913,0.0,17.9,511.0,SUNNY WILLIAMS,,WDE4940,80,0,25,8,,80,A
636013980,2021-02-21T02:10:24,37.18277,-76.15448,10.7,349.0,355.0,KM MT JADE,IMO9359545,A8QP7,70,0,224,32,14.4,70,A
368026000,2021-02-21T02:11:44,36.86576,-76.31606,0.0,224.2,511.0,BENAVIDEZ,IMO9218210,NBHG,70,5,289,32,10.9,70,A
366839000,2021-02-21T02:05:13,36.85350,-76.31079,0.0,0.0,40.0,CAPE RISE,IMO7530808,KAFG,70,5,197,32,10.0,,A
538005972,2021-02-21T02:10:31,36.99498,-76.19002,11.9,105.0,104.0,AUCKLAND SPIRIT,IMO9268083,V7IP8,70,0,171,27,10.4,,A
538005972,2021-02-21T02:06:01,36.99923,-76.20798,12.1,106.0,105.0,AUCKLAND SPIRIT,IMO9268083,V7IP8,70,0,171,27,10.4,,A
367353070,2021-02-21T02:06:01,36.94418,-76.32947,0.0,144.0,267.0,EVERGREEN STATE,IMO9408138,WDE4430,80,5,183,32,11.8,89,A
255806078,2021-02-21T02:06:17,36.90938,-76.32718,0.1,306.9,352.0,NORTHERN MAGNUM,IMO9252541,CQIV4,71,5,300,40,11.3,71,A
366841000,2021-02-21T02:06:05,36.85327,-76.31053,0.0,0.0,511.0,CAPE RAY,IMO7530810,KAFI,70,5,197,32,10.0,,A
636013980,2021-02-21T02:17:14,37.20195,-76.14828,10.6,16.0,13.0,KM MT JADE,IMO9359545,A8QP7,70,0,224,32,14.4,70,A
636013980,2021-02-21T02:11:34,37.18615,-76.15477,10.5,1.0,9.0,KM MT JADE,IMO9359545,A8QP7,70,0,224,32,14.4,70,A
367865000,2021-02-21T02:11:19,36.88690,-76.33856,0.0,286.4,11.0,KANAWHA,IMO8704080,NPTD,80,5,206,29,,,A
366842000,2021-02-21T02:12:12,36.85383,-76.31121,0.0,0.0,42.0,CAPE RACE,IMO7616377,KAFJ,70,5,197,32,10.0,,A
368026000,2021-02-21T02:17:43,36.86575,-76.31603,0.0,224.2,511.0,BENAVIDEZ,IMO9218210,NBHG,70,5,289,32,10.9,70,A
373124000,2021-02-21T02:06:33,37.09881,-76.11678,18.0,150.1,149.0,MSC IMMACOLATA,IMO9463205,3FLQ2,70,0,199,32,11.2,,A
338273000,2021-02-21T02:07:05,36.96429,-76.35664,0.0,24.2,253.0,SLNC YORK,IMO9538907,WNCG,70,1,142,23,5.5,70,A
367359930,2021-02-21T02:11:44,36.82424,-76.28911,0.0,26.6,511.0,SUNNY WILLIAMS,,WDE4940,80,0,25,8,,80,A
356643000,2021-02-21T02:11:06,36.93818,-76.37768,0.0,144.8,257.0,ARKI,IMO9561801,3ENP3,70,1,170,27,9.7,70,A
477770400,2021-02-21T02:11:19,36.87992,-76.33154,0.0,98.3,96.0,BAO MAY,IMO9410155,VRGV8,70,0,292,45,18.2,70,A
538005972,2021-02-21T02:11:40,36.99388,-76.18527,12.0,106.0,105.0,AUCKLAND SPIRIT,IMO9268083,V7IP8,70,0,171,27,10.4,,A
538005622,2021-02-21T02:12:16,36.87960,-76.32622,0.1,6.4,276.0,SASEBO GREEN,IMO9675468,V7FN3,70,5,225,32,14.4,,A
303210000,2021-02-21T02:11:59,37.32434,-76.09820,18.9,209.5,209.0,PATRIOT,IMO9316139,WAIU,70,0,199,32,11.3,,A
373765000,2021-02-21T02:12:17,37.26320,-76.10605,0.0,230.7,359.0,AM CONTRECOEUR,IMO9583184,3FBX4,70,1,229,32,14.4,,A
428405000,2021-02-21T02:12:35,36.90623,-76.32666,0.0,351.5,352.0,ZIM QINGDAO,IMO9318163,4XFC,71,5,261,32,9.9,71,A
477770400,2021-02-21T02:12:28,36.87993,-76.33154,0.0,98.3,96.0,BAO MAY,IMO9410155,VRGV8,70,0,292,45,18.2,70,A
636013980,2021-02-21T02:12:44,37.18955,-76.15398,10.6,14.0,18.0,KM MT JADE,IMO9359545,A8QP7,70,0,224,32,14.4,70,A
636013980,2021-02-21T02:18:24,37.20522,-76.14708,10.7,15.0,13.0,KM MT JADE,IMO9359545,A8QP7,70,0,224,32,14.4,70,A
373124000,2021-02-21T02:07:39,37.09402,-76.11326,18.0,150.0,149.0,MSC IMMACOLATA,IMO9463205,3FLQ2,70,0,199,32,11.2,,A
366841000,2021-02-21T02:12:08,36.85330,-76.31060,0.0,0.0,511.0,CAPE RAY,IMO7530810,KAFI,70,5,197,32,10.0,,A
303210000,2021-02-21T02:18:35,37.29183,-76.11377,19.0,198.0,198.0,PATRIOT,IMO9316139,WAIU,70,0,199,32,11.3,,A
338678000,2021-02-21T02:12:31,36.91623,-76.16844,0.0,356.7,10.0,DOLORES CHOUEST,IMO8225931,WCP8847,70,5,54,12,4.0,35,A
338273000,2021-02-21T02:13:05,36.96427,-76.35666,0.0,24.2,245.0,SLNC YORK,IMO9538907,WNCG,70,1,142,23,5.5,70,A
367862000,2021-02-21T02:12:44,36.94811,-76.32981,0.0,35.7,280.0,JOSHUA HUMPHREYS,IMO8302428,NNJH,80,5,193,29,,,A
367359930,2021-02-21T02:13:55,36.82419,-76.28914,0.0,38.6,511.0,SUNNY WILLIAMS,,WDE4940,80,0,25,8,,80,A
356643000,2021-02-21T02:08:05,36.93827,-76.37774,0.1,177.2,252.0,ARKI,IMO9561801,3ENP3,70,1,170,27,9.7,70,A
477770400,2021-02-21T02:19:18,36.87993,-76.33156,0.0,98.3,96.0,BAO MAY,IMO9410155,VRGV8,70,0,292,45,18.2,70,A
373124000,2021-02-21T02:14:08,37.06577,-76.09286,18.0,149.7,149.0,MSC IMMACOLATA,IMO9463205,3FLQ2,70,0,199,32,11.2,,A
636013980,2021-02-21T02:13:54,37.19272,-76.15245,10.6,22.0,19.0,KM MT JADE,IMO9359545,A8QP7,70,0,224,32,14.4,70,A
367862000,2021-02-21T02:18:44,36.94817,-76.32980,0.0,35.7,280.0,JOSHUA HUMPHREYS,IMO8302428,NNJH,80,5,193,29,,,A
356589000,2021-02-21T02:19:11,37.23796,-76.09489,0.1,345.6,352.0,DOUBLE FORTUNE,IMO9574119,3FHZ2,70,1,234,38,14.5,70,A
368445000,2021-02-21T02:11:05,36.96309,-76.42016,0.0,55.8,188.0,OVERSEAS NIKISKI,IMO9353577,WDBH,80,5,183,32,12.2,80,A
368026000,2021-02-21T02:14:44,36.86576,-76.31603,0.0,224.2,511.0,BENAVIDEZ,IMO9218210,NBHG,70,5,289,32,10.9,70,A
636092329,2021-02-21T02:11:03,37.24656,-76.11856,0.0,213.5,1.0,BLUMENAU,IMO9605633,D5AL3,70,1,229,32,14.4,,A
636092329,2021-02-21T02:20:04,37.24652,-76.11856,0.0,213.5,0.0,BLUMENAU,IMO9605633,D5AL3,70,1,229,32,14.4,,A
538005972,2021-02-21T02:20:01,36.98473,-76.15252,12.0,111.0,108.0,AUCKLAND SPIRIT,IMO9268083,V7IP8,70,0,171,27,10.4,,A
338273000,2021-02-21T02:10:05,36.96428,-76.35667,0.0,24.2,248.0,SLNC YORK,IMO9538907,WNCG,70,1,142,23,5.5,70,A
367359930,2021-02-21T02:10:35,36.82422,-76.28912,0.0,30.5,511.0,SUNNY WILLIAMS,,WDE4940,80,0,25,8,,80,A
368445000,2021-02-21T02:14:05,36.96303,-76.42015,0.0,55.8,188.0,OVERSEAS NIKISKI,IMO9353577,WDBH,80,5,183,32,12.2,80,A
303210000,2021-02-21T02:14:11,37.31391,-76.10411,19.0,199.5,199.0,PATRIOT,IMO9316139,WAIU,70,0,199,32,11.3,,A
368445000,2021-02-21T02:20:05,36.96308,-76.42014,0.0,55.8,188.0,OVERSEAS NIKISKI,IMO9353577,WDBH,80,5,183,32,12.2,80,A
636013980,2021-02-21T02:15:04,37.19588,-76.15082,10.6,20.0,16.0,KM MT JADE,IMO9359545,A8QP7,70,0,224,32,14.4,70,A
477770400,2021-02-21T02:13:39,36.87995,-76.33154,0.0,98.3,96.0,BAO MAY,IMO9410155,VRGV8,70,0,292,45,18.2,70,A
356589000,2021-02-21T02:16:14,37.23796,-76.09488,0.1,341.0,351.0,DOUBLE FORTUNE,IMO9574119,3FHZ2,70,1,234,38,14.5,70,A
367822000,2021-02-21T02:11:10,36.97310,-76.43388,0.0,0.0,511.0,USNS SHUGHART,IMO7825394,NAOQ,70,5,276,32,13.0,70,A
373124000,2021-02-21T02:11:57,37.07529,-76.09990,18.1,149.8,150.0,MSC IMMACOLATA,IMO9463205,3FLQ2,70,0,199,32,11.2,,A
367359930,2021-02-21T02:15:05,36.82419,-76.28913,0.0,37.8,511.0,SUNNY WILLIAMS,,WDE4940,80,0,25,8,,80,A
367821000,2021-02-21T02:16:54,36.97280,-76.43366,0.0,0.0,511.0,YANO,IMO7825409,NAQH,70,5,276,32,13.0,70,A
636013980,2021-02-21T02:16:05,37.19867,-76.14957,10.6,18.0,14.0,KM MT JADE,IMO9359545,A8QP7,70,0,224,32,14.4,70,A
367822000,2021-02-21T02:17:09,36.97309,-76.43387,0.0,0.0,511.0,USNS SHUGHART,IMO7825394,NAOQ,70,5,276,32,13.0,70,A
538005972,2021-02-21T02:12:52,36.99273,-76.18057,11.9,106.0,105.0,AUCKLAND SPIRIT,IMO9268083,V7IP8,70,0,171,27,10.4,,A
366839000,2021-02-21T02:17:12,36.85347,-76.31083,0.0,0.0,40.0,CAPE RISE,IMO7530808,KAFG,70,5,197,32,10.0,,A
366842000,2021-02-21T02:18:12,36.85382,-76.31121,0.0,0.0,42.0,CAPE RACE,IMO7616377,KAFJ,70,5,197,32,10.0,,A
303210000,2021-02-21T02:16:23,37.30291,-76.10908,19.1,199.7,200.0,PATRIOT,IMO9316139,WAIU,70,0,199,32,11.3,,A
303210000,2021-02-21T02:15:17,37.30840,-76.10656,19.1,200.3,200.0,PATRIOT,IMO9316139,WAIU,70,0,199,32,11.3,,A
338846000,2021-02-21T02:16:46,36.86557,-76.31581,0.0,0.1,511.0,USNS MENDONCA,IMO9147320,NBMK,70,5,289,32,10.9,,A
338846000,2021-02-21T02:22:46,36.86563,-76.31583,0.0,0.1,511.0,USNS MENDONCA,IMO9147320,NBMK,70,5,289,32,10.9,,A
366841000,2021-02-21T02:15:05,36.85328,-76.31056,0.0,0.0,511.0,CAPE RAY,IMO7530810,KAFI,70,5,197,32,10.0,,A
538005972,2021-02-21T02:15:10,36.99047,-76.17155,11.9,107.0,107.0,AUCKLAND SPIRIT,IMO9268083,V7IP8,70,0,171,27,10.4,,A
367353070,2021-02-21T02:18:04,36.94417,-76.32950,0.0,144.0,267.0,EVERGREEN STATE,IMO9408138,WDE4430,80,5,183,32,11.8,89,A
367353070,2021-02-21T02:12:02,36.94417,-76.32950,0.0,144.0,267.0,EVERGREEN STATE,IMO9408138,WDE4430,80,5,183,32,11.8,89,A
373765000,2021-02-21T02:18:18,37.26320,-76.10607,0.1,230.7,358.0,AM CONTRECOEUR,IMO9583184,3FBX4,70,1,229,32,14.4,,A
636013980,2021-02-21T02:21:53,37.21515,-76.14338,10.7,17.0,15.0,KM MT JADE,IMO9359545,A8QP7,70,0,224,32,14.4,70,A
255806078,2021-02-21T02:15:18,36.90933,-76.32717,0.1,306.9,352.0,NORTHERN MAGNUM,IMO9252541,CQIV4,71,5,300,40,11.3,71,A
538005622,2021-02-21T02:18:16,36.87957,-76.32622,0.1,8.4,276.0,SASEBO GREEN,IMO9675468,V7FN3,70,5,225,32,14.4,,A
538005622,2021-02-21T02:15:16,36.87959,-76.32622,0.1,6.4,276.0,SASEBO GREEN,IMO9675468,V7FN3,70,5,225,32,14.4,,A
338273000,2021-02-21T02:16:05,36.96429,-76.35668,0.0,24.2,246.0,SLNC YORK,IMO9538907,WNCG,70,1,142,23,5.5,70,A
373124000,2021-02-21T02:18:27,37.04822,-76.07685,18.3,142.9,143.0,MSC IMMACOLATA,IMO9463205,3FLQ2,70,0,199,32,11.2,,A
477950300,2021-02-21T02:15:35,36.87512,-76.34935,0.0,6.7,347.0,COSCO DEVELOPMENT,IMO9472139,VRIZ9,70,5,366,48,15.5,70,A
367865000,2021-02-21T02:17:18,36.88694,-76.33858,0.0,286.4,11.0,KANAWHA,IMO8704080,NPTD,80,5,206,29,,,A
338678000,2021-02-21T02:15:30,36.91628,-76.16842,0.0,333.0,9.0,DOLORES CHOUEST,IMO8225931,WCP8847,70,5,54,12,4.0,35,A
356589000,2021-02-21T02:13:14,37.23796,-76.09484,0.1,279.8,350.0,DOUBLE FORTUNE,IMO9574119,3FHZ2,70,1,234,38,14.5,70,A
373124000,2021-02-21T02:13:03,37.07055,-76.09635,18.0,149.6,150.0,MSC IMMACOLATA,IMO9463205,3FLQ2,70,0,199,32,11.2,,A
255806078,2021-02-21T02:24:24,36.90940,-76.32717,0.1,306.9,352.0,NORTHERN MAGNUM,IMO9252541,CQIV4,71,5,300,40,11.3,71,A
367822000,2021-02-21T02:23:09,36.97309,-76.43387,0.0,0.0,511.0,USNS SHUGHART,IMO7825394,NAOQ,70,5,276,32,13.0,70,A
303210000,2021-02-21T02:20:48,37.28097,-76.11829,18.4,198.9,199.0,PATRIOT,IMO9316139,WAIU,70,0,199,32,11.3,,A
373765000,2021-02-21T02:21:17,37.26327,-76.10615,0.1,230.7,0.0,AM CONTRECOEUR,IMO9583184,3FBX4,70,1,229,32,14.4,,A
367359930,2021-02-21T02:17:24,36.82417,-76.28912,0.0,40.6,511.0,SUNNY WILLIAMS,,WDE4940,80,0,25,8,,80,A
338846000,2021-02-21T02:13:45,36.86558,-76.31581,0.0,0.1,511.0,USNS MENDONCA,IMO9147320,NBMK,70,5,289,32,10.9,,A
367865000,2021-02-21T02:14:20,36.88690,-76.33858,0.0,286.4,11.0,KANAWHA,IMO8704080,NPTD,80,5,206,29,,,A
367353070,2021-02-21T02:21:04,36.94417,-76.32948,0.1,10.0,267.0,EVERGREEN STATE,IMO9408138,WDE4430,80,5,183,32,11.8,89,A
366842000,2021-02-21T02:15:12,36.85381,-76.31119,0.0,0.0,42.0,CAPE RACE,IMO7616377,KAFJ,70,5,197,32,10.0,,A
477770400,2021-02-21T02:18:08,36.87993,-76.33155,0.0,98.3,96.0,BAO MAY,IMO9410155,VRGV8,70,0,292,45,18.2,70,A
367821000,2021-02-21T02:19:54,36.97281,-76.43367,0.0,0.0,511.0,YANO,IMO7825409,NAQH,70,5,276,32,13.0,70,A
373765000,2021-02-21T02:15:19,37.26321,-76.10602,0.0,230.7,358.0,AM CONTRECOEUR,IMO9583184,3FBX4,70,1,229,32,14.4,,A
477770400,2021-02-21T02:21:39,36.87993,-76.33157,0.0,98.3,96.0,BAO MAY,IMO9410155,VRGV8,70,0,292,45,18.2,70,A
373124000,2021-02-21T02:16:15,37.05717,-76.08508,18.0,143.4,143.0,MSC IMMACOLATA,IMO9463205,3FLQ2,70,0,199,32,11.2,,A
538005972,2021-02-21T02:22:20,36.98190,-76.14353,12.0,110.0,108.0,AUCKLAND SPIRIT,IMO9268083,V7IP8,70,0,171,27,10.4,,A
538005972,2021-02-21T02:16:22,36.98910,-76.16688,11.9,110.0,108.0,AUCKLAND SPIRIT,IMO9268083,V7IP8,70,0,171,27,10.4,,A
367359930,2021-02-21T02:16:15,36.82421,-76.28911,0.0,39.4,511.0,SUNNY WILLIAMS,,WDE4940,80,0,25,8,,80,A
368026000,2021-02-21T02:20:44,36.86576,-76.31606,0.0,224.2,511.0,BENAVIDEZ,IMO9218210,NBHG,70,5,289,32,10.9,70,A
428405000,2021-02-21T02:15:34,36.90658,-76.32679,0.0,351.5,352.0,ZIM QINGDAO,IMO9318163,4XFC,71,5,261,32,9.9,71,A
367353070,2021-02-21T02:15:03,36.94412,-76.32950,0.0,144.0,267.0,EVERGREEN STATE,IMO9408138,WDE4430,80,5,183,32,11.8,89,A
477770400,2021-02-21T02:14:48,36.87995,-76.33153,0.0,98.3,96.0,BAO MAY,IMO9410155,VRGV8,70,0,292,45,18.2,70,A
303210000,2021-02-21T02:25:12,37.25960,-76.12692,18.3,198.9,199.0,PATRIOT,IMO9316139,WAIU,70,0,199,32,11.3,,A
477770400,2021-02-21T02:15:49,36.87995,-76.33153,0.0,98.3,96.0,BAO MAY,IMO9410155,VRGV8,70,0,292,45,18.2,70,A
636092329,2021-02-21T02:17:02,37.24652,-76.11854,0.0,213.5,0.0,BLUMENAU,IMO9605633,D5AL3,70,1,229,32,14.4,,A
338678000,2021-02-21T02:21:30,36.91624,-76.16841,0.0,290.1,10.0,DOLORES CHOUEST,IMO8225931,WCP8847,70,5,54,12,4.0,35,A
367821000,2021-02-21T02:22:54,36.97281,-76.43368,0.0,0.0,511.0,YANO,IMO7825409,NAQH,70,5,276,32,13.0,70,A
303210000,2021-02-21T02:17:29,37.29729,-76.11154,19.1,198.6,198.0,PATRIOT,IMO9316139,WAIU,70,0,199,32,11.3,,A
373124000,2021-02-21T02:19:33,37.04371,-76.07267,18.0,143.4,143.0,MSC IMMACOLATA,IMO9463205,3FLQ2,70,0,199,32,11.2,,A
373124000,2021-02-21T02:17:21,37.05282,-76.08098,18.2,142.9,142.0,MSC IMMACOLATA,IMO9463205,3FLQ2,70,0,199,32,11.2,,A
356643000,2021-02-21T02:20:04,36.93824,-76.37771,0.1,337.7,256.0,ARKI,IMO9561801,3ENP3,70,1,170,27,9.7,70,A
367359930,2021-02-21T02:18:34,36.82417,-76.28913,0.0,38.9,511.0,SUNNY WILLIAMS,,WDE4940,80,0,25,8,,80,A
366841000,2021-02-21T02:18:08,36.85333,-76.31059,0.0,0.0,511.0,CAPE RAY,IMO7530810,KAFI,70,5,197,32,10.0,,A
636013980,2021-02-21T02:19:33,37.20850,-76.14593,10.7,14.0,14.0,KM MT JADE,IMO9359545,A8QP7,70,0,224,32,14.4,70,A
538005972,2021-02-21T02:18:41,36.98637,-76.15778,12.0,110.0,108.0,AUCKLAND SPIRIT,IMO9268083,V7IP8,70,0,171,27,10.4,,A
366841000,2021-02-21T02:24:06,36.85332,-76.31057,0.0,0.0,511.0,CAPE RAY,IMO7530810,KAFI,70,5,197,32,10.0,,A
366841000,2021-02-21T02:21:05,36.85331,-76.31057,0.0,0.0,511.0,CAPE RAY,IMO7530810,KAFI,70,5,197,32,10.0,,A
367359930,2021-02-21T02:20:55,36.82420,-76.28914,0.0,25.9,511.0,SUNNY WILLIAMS,,WDE4940,80,0,25,8,,80,A
477770400,2021-02-21T02:16:59,36.87994,-76.33155,0.0,98.3,96.0,BAO MAY,IMO9410155,VRGV8,70,0,292,45,18.2,70,A
477770400,2021-02-21T02:23:59,36.87993,-76.33157,0.0,98.3,96.0,BAO MAY,IMO9410155,VRGV8,70,0,292,45,18.2,70,A
373124000,2021-02-21T02:21:39,37.03504,-76.06475,18.6,144.3,144.0,MSC IMMACOLATA,IMO9463205,3FLQ2,70,0,199,32,11.2,,A
428405000,2021-02-21T02:21:34,36.90633,-76.32667,0.0,351.5,352.0,ZIM QINGDAO,IMO9318163,4XFC,71,5,261,32,9.9,71,A
477950300,2021-02-21T02:18:32,36.87489,-76.34938,0.0,4.0,347.0,COSCO DEVELOPMENT,IMO9472139,VRIZ9,70,5,366,48,15.5,70,A
367862000,2021-02-21T02:21:44,36.94811,-76.32977,0.0,35.7,280.0,JOSHUA HUMPHREYS,IMO8302428,NNJH,80,5,193,29,,,A
255806078,2021-02-21T02:27:25,36.90943,-76.32717,0.1,306.9,352.0,NORTHERN MAGNUM,IMO9252541,CQIV4,71,5,300,40,11.3,71,A
367822000,2021-02-21T02:20:09,36.97309,-76.43387,0.0,0.0,511.0,USNS SHUGHART,IMO7825394,NAOQ,70,5,276,32,13.0,70,A
367359930,2021-02-21T02:27:55,36.82420,-76.28915,0.0,352.2,511.0,SUNNY WILLIAMS,,WDE4940,80,0,25,8,,80,A
538005972,2021-02-21T02:17:31,36.98780,-76.16238,11.9,109.0,108.0,AUCKLAND SPIRIT,IMO9268083,V7IP8,70,0,171,27,10.4,,A
373124000,2021-02-21T02:20:34,37.03969,-76.06884,18.6,144.3,144.0,MSC IMMACOLATA,IMO9463205,3FLQ2,70,0,199,32,11.2,,A
303210000,2021-02-21T02:19:42,37.28630,-76.11603,18.5,198.3,198.0,PATRIOT,IMO9316139,WAIU,70,0,199,32,11.3,,A
303210000,2021-02-21T02:27:24,37.24889,-76.13117,18.3,197.4,197.0,PATRIOT,IMO9316139,WAIU,70,0,199,32,11.3,,A
338273000,2021-02-21T02:22:05,36.96432,-76.35675,0.0,24.2,247.0,SLNC YORK,IMO9538907,WNCG,70,1,142,23,5.5,70,A
255806078,2021-02-21T02:18:21,36.90935,-76.32715,0.1,306.9,352.0,NORTHERN MAGNUM,IMO9252541,CQIV4,71,5,300,40,11.3,71,A
367865000,2021-02-21T02:23:18,36.88696,-76.33855,0.0,286.4,11.0,KANAWHA,IMO8704080,NPTD,80,5,206,29,,,A
255806078,2021-02-21T02:21:23,36.90940,-76.32715,0.1,306.9,352.0,NORTHERN MAGNUM,IMO9252541,CQIV4,71,5,300,40,11.3,71,A
636092329,2021-02-21T02:23:02,37.24654,-76.11856,0.0,213.5,2.0,BLUMENAU,IMO9605633,D5AL3,70,1,229,32,14.4,,A
636013980,2021-02-21T02:25:14,37.22462,-76.13952,10.7,17.0,15.0,KM MT JADE,IMO9359545,A8QP7,70,0,224,32,14.4,70,A
366839000,2021-02-21T02:29:13,36.85352,-76.31083,0.0,0.0,40.0,CAPE RISE,IMO7530808,KAFG,70,5,197,32,10.0,,A
477770400,2021-02-21T02:20:29,36.87994,-76.33157,0.0,98.3,96.0,BAO MAY,IMO9410155,VRGV8,70,0,292,45,18.2,70,A
636013980,2021-02-21T02:24:04,37.22138,-76.14085,10.7,17.0,15.0,KM MT JADE,IMO9359545,A8QP7,70,0,224,32,14.4,70,A
636013980,2021-02-21T02:26:24,37.22783,-76.13820,10.7,19.0,17.0,KM MT JADE,IMO9359545,A8QP7,70,0,224,32,14.4,70,A
356589000,2021-02-21T02:22:14,37.23796,-76.09489,0.1,20.4,353.0,DOUBLE FORTUNE,IMO9574119,3FHZ2,70,1,234,38,14.5,70,A
338273000,2021-02-21T02:25:05,36.96428,-76.35680,0.0,24.2,243.0,SLNC YORK,IMO9538907,WNCG,70,1,142,23,5.5,70,A
538005972,2021-02-21T02:26:51,36.97705,-76.12553,12.1,107.0,104.0,AUCKLAND SPIRIT,IMO9268083,V7IP8,70,0,171,27,10.4,,A
303210000,2021-02-21T02:21:53,37.27562,-76.12043,18.3,197.3,197.0,PATRIOT,IMO9316139,WAIU,70,0,199,32,11.3,,A
303210000,2021-02-21T02:24:05,37.26500,-76.12466,18.3,198.0,198.0,PATRIOT,IMO9316139,WAIU,70,0,199,32,11.3,,A
367359930,2021-02-21T02:26:45,36.82422,-76.28914,0.0,356.8,511.0,SUNNY WILLIAMS,,WDE4940,80,0,25,8,,80,A
338273000,2021-02-21T02:31:05,36.96431,-76.35683,0.0,24.2,241.0,SLNC YORK,IMO9538907,WNCG,70,1,142,23,5.5,70,A
636013980,2021-02-21T02:20:45,37.21195,-76.14467,10.7,16.0,15.0,KM MT JADE,IMO9359545,A8QP7,70,0,224,32,14.4,70,A
356589000,2021-02-21T02:25:12,37.23799,-76.09489,0.1,348.3,352.0,DOUBLE FORTUNE,IMO9574119,3FHZ2,70,1,234,38,14.5,70,A
477770400,2021-02-21T02:25:09,36.87995,-76.33157,0.0,98.3,96.0,BAO MAY,IMO9410155,VRGV8,70,0,292,45,18.2,70,A
303210000,2021-02-21T02:22:59,37.27027,-76.12253,18.3,197.5,198.0,PATRIOT,IMO9316139,WAIU,70,0,199,32,11.3,,A
368445000,2021-02-21T02:23:05,36.96309,-76.42014,0.0,55.8,188.0,OVERSEAS NIKISKI,IMO9353577,WDBH,80,5,183,32,12.2,80,A
477950300,2021-02-21T02:27:35,36.87528,-76.34923,0.0,16.0,347.0,COSCO DEVELOPMENT,IMO9472139,VRIZ9,70,5,366,48,15.5,70,A
636013980,2021-02-21T02:31:05,37.24085,-76.13213,10.6,24.0,12.0,KM MT JADE,IMO9359545,A8QP7,70,0,224,32,14.4,70,A
367821000,2021-02-21T02:25:53,36.97280,-76.43368,0.0,0.0,511.0,YANO,IMO7825409,NAQH,70,5,276,32,13.0,70,A
366839000,2021-02-21T02:26:14,36.85349,-76.31078,0.0,0.0,40.0,CAPE RISE,IMO7530808,KAFG,70,5,197,32,10.0,,A
303210000,2021-02-21T02:26:18,37.25426,-76.12914,18.3,197.2,197.0,PATRIOT,IMO9316139,WAIU,70,0,199,32,11.3,,A
367862000,2021-02-21T02:24:45,36.94818,-76.32975,0.0,35.7,280.0,JOSHUA HUMPHREYS,IMO8302428,NNJH,80,5,193,29,,,A
366841000,2021-02-21T02:33:02,36.85327,-76.31055,0.0,0.0,511.0,CAPE RAY,IMO7530810,KAFI,70,5,197,32,10.0,,A
538005972,2021-02-21T02:25:42,36.97825,-76.13028,12.1,107.0,103.0,AUCKLAND SPIRIT,IMO9268083,V7IP8,70,0,171,27,10.4,,A
368445000,2021-02-21T02:32:05,36.96308,-76.42013,0.0,55.8,188.0,OVERSEAS NIKISKI,IMO9353577,WDBH,80,5,183,32,12.2,80,A
538005622,2021-02-21T02:24:16,36.87960,-76.32625,0.1,359.4,277.0,SASEBO GREEN,IMO9675468,V7FN3,70,5,225,32,14.4,,A
477770400,2021-02-21T02:26:19,36.87994,-76.33157,0.0,98.3,96.0,BAO MAY,IMO9410155,VRGV8,70,0,292,45,18.2,70,A
366842000,2021-02-21T02:33:12,36.85389,-76.31118,0.0,0.0,42.0,CAPE RACE,IMO7616377,KAFJ,70,5,197,32,10.0,,A
367353070,2021-02-21T02:27:03,36.94418,-76.32950,0.0,11.0,267.0,EVERGREEN STATE,IMO9408138,WDE4430,80,5,183,32,11.8,89,A
428405000,2021-02-21T02:27:34,36.90622,-76.32667,0.0,351.5,352.0,ZIM QINGDAO,IMO9318163,4XFC,71,5,261,32,9.9,71,A
367359930,2021-02-21T02:25:35,36.82431,-76.28906,0.0,356.9,511.0,SUNNY WILLIAMS,,WDE4940,80,0,25,8,,80,A
356643000,2021-02-21T02:26:08,36.93821,-76.37774,0.1,5.2,255.0,ARKI,IMO9561801,3ENP3,70,1,170,27,9.7,70,A
367822000,2021-02-21T02:26:09,36.97309,-76.43387,0.0,0.0,511.0,USNS SHUGHART,IMO7825394,NAOQ,70,5,276,32,13.0,70,A
366841000,2021-02-21T02:27:05,36.85330,-76.31052,0.0,0.0,511.0,CAPE RAY,IMO7530810,KAFI,70,5,197,32,10.0,,A
367821000,2021-02-21T02:28:53,36.97280,-76.43368,0.0,0.0,511.0,YANO,IMO7825409,NAQH,70,5,276,32,13.0,70,A
338273000,2021-02-21T02:28:05,36.96430,-76.35682,0.0,24.2,244.0,SLNC YORK,IMO9538907,WNCG,70,1,142,23,5.5,70,A
636013980,2021-02-21T02:22:54,37.21803,-76.14222,10.7,17.0,15.0,KM MT JADE,IMO9359545,A8QP7,70,0,224,32,14.4,70,A
338678000,2021-02-21T02:33:30,36.91625,-76.16844,0.0,306.1,10.0,DOLORES CHOUEST,IMO8225931,WCP8847,70,5,54,12,4.0,35,A
367359930,2021-02-21T02:22:05,36.82422,-76.28913,0.0,18.2,511.0,SUNNY WILLIAMS,,WDE4940,80,0,25,8,,80,A
356589000,2021-02-21T02:28:13,37.23799,-76.09495,0.1,342.0,353.0,DOUBLE FORTUNE,IMO9574119,3FHZ2,70,1,234,38,14.5,70,A
636013980,2021-02-21T02:27:34,37.23110,-76.13665,10.6,19.0,15.0,KM MT JADE,IMO9359545,A8QP7,70,0,224,32,14.4,70,A
367865000,2021-02-21T02:26:18,36.88696,-76.33858,0.0,286.4,11.0,KANAWHA,IMO8704080,NPTD,80,5,206,29,,,A
356643000,2021-02-21T02:23:07,36.93826,-76.37771,0.1,17.9,255.0,ARKI,IMO9561801,3ENP3,70,1,170,27,9.7,70,A
477770400,2021-02-21T02:27:20,36.87994,-76.33155,0.0,98.3,96.0,BAO MAY,IMO9410155,VRGV8,70,0,292,45,18.2,70,A
368026000,2021-02-21T02:26:43,36.86579,-76.31606,0.0,224.2,511.0,BENAVIDEZ,IMO9218210,NBHG,70,5,289,32,10.9,70,A
338678000,2021-02-21T02:27:30,36.91625,-76.16846,0.0,281.6,10.0,DOLORES CHOUEST,IMO8225931,WCP8847,70,5,54,12,4.0,35,A
538005622,2021-02-21T02:27:16,36.87960,-76.32625,0.1,0.7,277.0,SASEBO GREEN,IMO9675468,V7FN3,70,5,225,32,14.4,,A
367865000,2021-02-21T02:29:18,36.88692,-76.33857,0.0,286.4,11.0,KANAWHA,IMO8704080,NPTD,80,5,206,29,,,A
477770400,2021-02-21T02:34:19,36.87994,-76.33154,0.0,98.3,96.0,BAO MAY,IMO9410155,VRGV8,70,0,292,45,18.2,70,A
428405000,2021-02-21T02:30:33,36.90626,-76.32668,0.0,351.5,352.0,ZIM QINGDAO,IMO9318163,4XFC,71,5,261,32,9.9,71,A
367359930,2021-02-21T02:23:15,36.82426,-76.28912,0.0,13.7,511.0,SUNNY WILLIAMS,,WDE4940,80,0,25,8,,80,A
538005972,2021-02-21T02:29:11,36.97468,-76.11617,12.2,107.0,104.0,AUCKLAND SPIRIT,IMO9268083,V7IP8,70,0,171,27,10.4,,A
636018193,2021-02-21T02:34:35,37.05317,-76.08125,14.6,320.4,322.0,HSL PARATY,IMO9311830,A8IY6,79,0,207,30,9.8,79,A
477950300,2021-02-21T02:24:32,36.87518,-76.34931,0.0,19.3,347.0,COSCO DEVELOPMENT,IMO9472139,VRIZ9,70,5,366,48,15.5,70,A
477770400,2021-02-21T02:22:50,36.87996,-76.33156,0.0,98.3,96.0,BAO MAY,IMO9410155,VRGV8,70,0,292,45,18.2,70,A
373765000,2021-02-21T02:30:17,37.26329,-76.10601,0.0,230.7,358.0,AM CONTRECOEUR,IMO9583184,3FBX4,70,1,229,32,14.4,,A
373765000,2021-02-21T02:24:19,37.26326,-76.10612,0.1,230.7,1.0,AM CONTRECOEUR,IMO9583184,3FBX4,70,1,229,32,14.4,,A
338678000,2021-02-21T02:24:30,36.91636,-76.16848,0.0,282.2,10.0,DOLORES CHOUEST,IMO8225931,WCP8847,70,5,54,12,4.0,35,A
636092329,2021-02-21T02:35:03,37.24629,-76.11844,0.1,168.6,357.0,BLUMENAU,IMO9605633,D5AL3,70,1,229,32,14.4,,A
367821000,2021-02-21T02:34:54,36.97280,-76.43368,0.0,0.0,511.0,YANO,IMO7825409,NAQH,70,5,276,32,13.0,70,A
367353070,2021-02-21T02:24:01,36.94417,-76.32950,0.0,11.0,267.0,EVERGREEN STATE,IMO9408138,WDE4430,80,5,183,32,11.8,89,A
366842000,2021-02-21T02:24:12,36.85387,-76.31123,0.0,0.0,42.0,CAPE RACE,IMO7616377,KAFJ,70,5,197,32,10.0,,A
303210000,2021-02-21T02:30:41,37.23298,-76.13745,18.2,195.6,195.0,PATRIOT,IMO9316139,WAIU,70,0,199,32,11.3,,A
303210000,2021-02-21T02:29:36,37.23822,-76.13546,18.3,197.9,197.0,PATRIOT,IMO9316139,WAIU,70,0,199,32,11.3,,A
367359930,2021-02-21T02:36:14,36.82417,-76.28912,0.0,311.6,511.0,SUNNY WILLIAMS,,WDE4940,80,0,25,8,,80,A
636018193,2021-02-21T02:29:11,37.03668,-76.06428,14.3,322.5,322.0,HSL PARATY,IMO9311830,A8IY6,79,0,207,30,9.8,79,A
636092329,2021-02-21T02:29:02,37.24652,-76.11847,0.1,213.5,0.0,BLUMENAU,IMO9605633,D5AL3,70,1,229,32,14.4,,A
636013980,2021-02-21T02:35:44,37.25378,-76.13050,10.2,2.0,1.0,KM MT JADE,IMO9359545,A8QP7,70,0,224,32,14.4,70,A
338846000,2021-02-21T02:28:46,36.86561,-76.31580,0.0,0.1,511.0,USNS MENDONCA,IMO9147320,NBMK,70,5,289,32,10.9,,A
366839000,2021-02-21T02:32:15,36.85351,-76.31085,0.0,0.0,40.0,CAPE RISE,IMO7530808,KAFG,70,5,197,32,10.0,,A
367822000,2021-02-21T02:29:10,36.97309,-76.43386,0.0,0.0,511.0,USNS SHUGHART,IMO7825394,NAOQ,70,5,276,32,13.0,70,A
477770400,2021-02-21T02:29:40,36.87994,-76.33155,0.0,98.3,96.0,BAO MAY,IMO9410155,VRGV8,70,0,292,45,18.2,70,A
636018193,2021-02-21T02:30:16,37.03999,-76.06767,14.1,320.7,322.0,HSL PARATY,IMO9311830,A8IY6,79,0,207,30,9.8,79,A
366841000,2021-02-21T02:36:05,36.85329,-76.31055,0.0,0.0,511.0,CAPE RAY,IMO7530810,KAFI,70,5,197,32,10.0,,A
338678000,2021-02-21T02:36:31,36.91624,-76.16841,0.0,312.3,10.0,DOLORES CHOUEST,IMO8225931,WCP8847,70,5,54,12,4.0,35,A
338678000,2021-02-21T02:30:30,36.91631,-76.16845,0.0,297.2,10.0,DOLORES CHOUEST,IMO8225931,WCP8847,70,5,54,12,4.0,35,A
368445000,2021-02-21T02:29:05,36.96316,-76.42012,0.0,55.8,188.0,OVERSEAS NIKISKI,IMO9353577,WDBH,80,5,183,32,12.2,80,A
636092329,2021-02-21T02:26:02,37.24656,-76.11849,0.1,213.5,0.0,BLUMENAU,IMO9605633,D5AL3,70,1,229,32,14.4,,A
367359930,2021-02-21T02:30:16,36.82421,-76.28913,0.0,353.1,511.0,SUNNY WILLIAMS,,WDE4940,80,0,25,8,,80,A
368445000,2021-02-21T02:26:05,36.96309,-76.42007,0.0,55.8,188.0,OVERSEAS NIKISKI,IMO9353577,WDBH,80,5,183,32,12.2,80,A
367821000,2021-02-21T02:31:54,36.97280,-76.43368,0.0,0.0,511.0,YANO,IMO7825409,NAQH,70,5,276,32,13.0,70,A
538005972,2021-02-21T02:30:21,36.97338,-76.11128,12.3,107.0,104.0,AUCKLAND SPIRIT,IMO9268083,V7IP8,70,0,171,27,10.4,,A
367353070,2021-02-21T02:30:04,36.94422,-76.32948,0.0,11.0,267.0,EVERGREEN STATE,IMO9408138,WDE4430,80,5,183,32,11.8,89,A
356589000,2021-02-21T02:31:13,37.23802,-76.09499,0.1,5.4,354.0,DOUBLE FORTUNE,IMO9574119,3FHZ2,70,1,234,38,14.5,70,A
477950300,2021-02-21T02:30:34,36.87521,-76.34937,0.0,1.4,347.0,COSCO DEVELOPMENT,IMO9472139,VRIZ9,70,5,366,48,15.5,70,A
338846000,2021-02-21T02:31:46,36.86555,-76.31582,0.2,0.1,511.0,USNS MENDONCA,IMO9147320,NBMK,70,5,289,32,10.9,,A
428405000,2021-02-21T02:33:34,36.90651,-76.32689,0.0,351.5,352.0,ZIM QINGDAO,IMO9318163,4XFC,71,5,261,32,9.9,71,A
636092329,2021-02-21T02:32:03,37.24638,-76.11849,0.2,177.9,1.0,BLUMENAU,IMO9605633,D5AL3,70,1,229,32,14.4,,A
356643000,2021-02-21T02:32:06,36.93819,-76.37769,0.0,23.1,256.0,ARKI,IMO9561801,3ENP3,70,1,170,27,9.7,70,A
373765000,2021-02-21T02:27:16,37.26327,-76.10604,0.1,230.7,0.0,AM CONTRECOEUR,IMO9583184,3FBX4,70,1,229,32,14.4,,A
477770400,2021-02-21T02:31:59,36.87993,-76.33156,0.0,98.3,96.0,BAO MAY,IMO9410155,VRGV8,70,0,292,45,18.2,70,A
477770400,2021-02-21T02:30:49,36.87995,-76.33156,0.0,98.3,96.0,BAO MAY,IMO9410155,VRGV8,70,0,292,45,18.2,70,A
636013980,2021-02-21T02:33:25,37.24727,-76.13090,10.1,3.0,1.0,KM MT JADE,IMO9359545,A8QP7,70,0,224,32,14.4,70,A
477950300,2021-02-21T02:33:31,36.87525,-76.34929,0.0,357.4,347.0,COSCO DEVELOPMENT,IMO9472139,VRIZ9,70,5,366,48,15.5,70,A
636018193,2021-02-21T02:31:17,37.04305,-76.07084,14.2,320.7,322.0,HSL PARATY,IMO9311830,A8IY6,79,0,207,30,9.8,79,A
477770400,2021-02-21T02:33:09,36.87991,-76.33156,0.0,98.3,96.0,BAO MAY,IMO9410155,VRGV8,70,0,292,45,18.2,70,A
477770400,2021-02-21T02:35:30,36.87994,-76.33155,0.0,98.3,96.0,BAO MAY,IMO9410155,VRGV8,70,0,292,45,18.2,70,A
366839000,2021-02-21T02:35:13,36.85352,-76.31086,0.0,0.0,40.0,CAPE RISE,IMO7530808,KAFG,70,5,197,32,10.0,,A
367359930,2021-02-21T02:31:25,36.82424,-76.28913,0.0,330.4,511.0,SUNNY WILLIAMS,,WDE4940,80,0,25,8,,80,A
338273000,2021-02-21T02:34:05,36.96433,-76.35683,0.0,24.2,243.0,SLNC YORK,IMO9538907,WNCG,70,1,142,23,5.5,70,A
303210000,2021-02-21T02:31:47,37.22756,-76.13940,18.2,196.2,196.0,PATRIOT,IMO9316139,WAIU,70,0,199,32,11.3,,A
303210000,2021-02-21T02:32:54,37.22221,-76.14144,18.2,197.2,197.0,PATRIOT,IMO9316139,WAIU,70,0,199,32,11.3,,A
368026000,2021-02-21T02:32:43,36.86577,-76.31602,0.0,224.2,511.0,BENAVIDEZ,IMO9218210,NBHG,70,5,289,32,10.9,70,A
636018193,2021-02-21T02:33:29,37.04975,-76.07774,14.4,320.2,323.0,HSL PARATY,IMO9311830,A8IY6,79,0,207,30,9.8,79,A
356643000,2021-02-21T02:35:04,36.93810,-76.37767,0.1,151.3,258.0,ARKI,IMO9561801,3ENP3,70,1,170,27,9.7,70,A
538005972,2021-02-21T02:32:40,36.97098,-76.10168,12.6,106.0,105.0,AUCKLAND SPIRIT,IMO9268083,V7IP8,70,0,171,27,10.4,,A
338846000,2021-02-21T02:34:47,36.86561,-76.31581,0.0,0.1,511.0,USNS MENDONCA,IMO9147320,NBMK,70,5,289,32,10.9,,A
368026000,2021-02-21T02:35:44,36.86577,-76.31605,0.0,224.2,511.0,BENAVIDEZ,IMO9218210,NBHG,70,5,289,32,10.9,70,A
367359930,2021-02-21T02:35:05,36.82420,-76.28913,0.0,324.9,511.0,SUNNY WILLIAMS,,WDE4940,80,0,25,8,,80,A
356589000,2021-02-21T02:40:15,37.23797,-76.09480,0.2,29.8,350.0,DOUBLE FORTUNE,IMO9574119,3FHZ2,70,1,234,38,14.5,70,A
538005972,2021-02-21T02:36:11,36.96743,-76.08715,12.6,106.0,105.0,AUCKLAND SPIRIT,IMO9268083,V7IP8,70,0,171,27,10.4,,A
636018193,2021-02-21T02:36:47,37.06005,-76.08810,14.5,322.8,326.0,HSL PARATY,IMO9311830,A8IY6,79,0,207,30,9.8,79,A
636018193,2021-02-21T02:41:17,37.07557,-76.09970,14.5,330.4,332.0,HSL PARATY,IMO9311830,A8IY6,79,0,207,30,9.8,79,A
538005622,2021-02-21T02:33:16,36.87960,-76.32619,0.1,356.7,277.0,SASEBO GREEN,IMO9675468,V7FN3,70,5,225,32,14.4,,A
303210000,2021-02-21T02:35:05,37.21151,-76.14549,18.3,197.3,197.0,PATRIOT,IMO9316139,WAIU,70,0,199,32,11.3,,A
367353070,2021-02-21T02:33:02,36.94420,-76.32953,0.0,11.0,267.0,EVERGREEN STATE,IMO9408138,WDE4430,80,5,183,32,11.8,89,A
373765000,2021-02-21T02:33:17,37.26329,-76.10602,0.1,230.7,359.0,AM CONTRECOEUR,IMO9583184,3FBX4,70,1,229,32,14.4,,A
636092329,2021-02-21T02:38:04,37.24627,-76.11849,0.1,168.6,354.0,BLUMENAU,IMO9605633,D5AL3,70,1,229,32,14.4,,A
538005972,2021-02-21T02:33:50,36.96978,-76.09688,12.5,106.0,104.0,AUCKLAND SPIRIT,IMO9268083,V7IP8,70,0,171,27,10.4,,A
303210000,2021-02-21T02:36:11,37.20618,-76.14764,18.3,197.8,198.0,PATRIOT,IMO9316139,WAIU,70,0,199,32,11.3,,A
538005622,2021-02-21T02:36:16,36.87958,-76.32625,0.0,8.3,277.0,SASEBO GREEN,IMO9675468,V7FN3,70,5,225,32,14.4,,A
367821000,2021-02-21T02:37:53,36.97279,-76.43368,0.0,0.0,511.0,YANO,IMO7825409,NAQH,70,5,276,32,13.0,70,A
356589000,2021-02-21T02:34:12,37.23801,-76.09498,0.1,25.2,355.0,DOUBLE FORTUNE,IMO9574119,3FHZ2,70,1,234,38,14.5,70,A
367822000,2021-02-21T02:35:09,36.97309,-76.43387,0.0,0.0,511.0,USNS SHUGHART,IMO7825394,NAOQ,70,5,276,32,13.0,70,A
636018193,2021-02-21T02:42:23,37.07944,-76.10252,14.3,330.3,332.0,HSL PARATY,IMO9311830,A8IY6,79,0,207,30,9.8,79,A
636013980,2021-02-21T02:32:15,37.24407,-76.13117,10.0,6.0,1.0,KM MT JADE,IMO9359545,A8QP7,70,0,224,32,14.4,70,A
636013980,2021-02-21T02:42:44,37.27385,-76.12953,10.4,1.0,0.0,KM MT JADE,IMO9359545,A8QP7,70,0,224,32,14.4,70,A
636013980,2021-02-21T02:36:55,37.25712,-76.13032,10.2,2.0,1.0,KM MT JADE,IMO9359545,A8QP7,70,0,224,32,14.4,70,A
303210000,2021-02-21T02:41:35,37.17952,-76.15444,18.1,174.1,173.0,PATRIOT,IMO9316139,WAIU,70,0,199,32,11.3,,A
303210000,2021-02-21T02:38:23,37.19552,-76.15195,18.3,197.8,198.0,PATRIOT,IMO9316139,WAIU,70,0,199,32,11.3,,A
367359930,2021-02-21T02:32:34,36.82420,-76.28914,0.0,329.0,511.0,SUNNY WILLIAMS,,WDE4940,80,0,25,8,,80,A
477950300,2021-02-21T02:42:32,36.87518,-76.34930,0.0,110.6,347.0,COSCO DEVELOPMENT,IMO9472139,VRIZ9,70,5,366,48,15.5,70,A
538005972,2021-02-21T02:35:02,36.96857,-76.09185,12.6,106.0,104.0,AUCKLAND SPIRIT,IMO9268083,V7IP8,70,0,171,27,10.4,,A
368445000,2021-02-21T02:38:05,36.96314,-76.42010,0.0,55.8,188.0,OVERSEAS NIKISKI,IMO9353577,WDBH,80,5,183,32,12.2,80,A
367353070,2021-02-21T02:39:04,36.94420,-76.32947,0.0,11.0,267.0,EVERGREEN STATE,IMO9408138,WDE4430,80,5,183,32,11.8,89,A
373765000,2021-02-21T02:36:19,37.26319,-76.10608,0.1,230.7,359.0,AM CONTRECOEUR,IMO9583184,3FBX4,70,1,229,32,14.4,,A
367359930,2021-02-21T02:43:05,36.82417,-76.28913,0.0,264.4,511.0,SUNNY WILLIAMS,,WDE4940,80,0,25,8,,80,A
367359930,2021-02-21T02:38:25,36.82422,-76.28915,0.0,295.0,511.0,SUNNY WILLIAMS,,WDE4940,80,0,25,8,,80,A
367359930,2021-02-21T02:44:15,36.82416,-76.28913,0.0,258.1,511.0,SUNNY WILLIAMS,,WDE4940,80,0,25,8,,80,A
367862000,2021-02-21T02:36:45,36.94821,-76.32979,0.0,35.7,280.0,JOSHUA HUMPHREYS,IMO8302428,NNJH,80,5,193,29,,,A
367862000,2021-02-21T02:33:44,36.94817,-76.32979,0.0,35.7,280.0,JOSHUA HUMPHREYS,IMO8302428,NNJH,80,5,193,29,,,A
356643000,2021-02-21T02:44:04,36.93818,-76.37768,0.1,328.0,257.0,ARKI,IMO9561801,3ENP3,70,1,170,27,9.7,70,A
538005972,2021-02-21T02:39:41,36.96362,-76.07232,12.8,109.0,106.0,AUCKLAND SPIRIT,IMO9268083,V7IP8,70,0,171,27,10.4,,A
636013980,2021-02-21T02:39:15,37.26378,-76.12995,10.3,1.0,1.0,KM MT JADE,IMO9359545,A8QP7,70,0,224,32,14.4,70,A
636013980,2021-02-21T02:43:54,37.27723,-76.12943,10.4,1.0,0.0,KM MT JADE,IMO9359545,A8QP7,70,0,224,32,14.4,70,A
255806078,2021-02-21T02:33:25,36.90943,-76.32718,0.1,306.9,352.0,NORTHERN MAGNUM,IMO9252541,CQIV4,71,5,300,40,11.3,71,A
366842000,2021-02-21T02:36:13,36.85380,-76.31121,0.0,0.0,42.0,CAPE RACE,IMO7616377,KAFJ,70,5,197,32,10.0,,A
367822000,2021-02-21T02:38:09,36.97309,-76.43386,0.0,0.0,511.0,USNS SHUGHART,IMO7825394,NAOQ,70,5,276,32,13.0,70,A
356643000,2021-02-21T02:38:04,36.93802,-76.37763,0.1,8.1,263.0,ARKI,IMO9561801,3ENP3,70,1,170,27,9.7,70,A
636018193,2021-02-21T02:39:05,37.06804,-76.09412,14.4,329.6,330.0,HSL PARATY,IMO9311830,A8IY6,79,0,207,30,9.8,79,A
477770400,2021-02-21T02:38:58,36.87994,-76.33156,0.0,98.3,96.0,BAO MAY,IMO9410155,VRGV8,70,0,292,45,18.2,70,A
255806078,2021-02-21T02:45:31,36.90948,-76.32718,0.1,306.9,352.0,NORTHERN MAGNUM,IMO9252541,CQIV4,71,5,300,40,11.3,71,A
368026000,2021-02-21T02:38:43,36.86579,-76.31606,0.0,224.2,511.0,BENAVIDEZ,IMO9218210,NBHG,70,5,289,32,10.9,70,A
636013980,2021-02-21T02:34:33,37.25048,-76.13068,10.2,2.0,1.0,KM MT JADE,IMO9359545,A8QP7,70,0,224,32,14.4,70,A
368445000,2021-02-21T02:44:05,36.96307,-76.42014,0.0,55.8,188.0,OVERSEAS NIKISKI,IMO9353577,WDBH,80,5,183,32,12.2,80,A
356589000,2021-02-21T02:37:14,37.23796,-76.09491,0.1,53.4,354.0,DOUBLE FORTUNE,IMO9574119,3FHZ2,70,1,234,38,14.5,70,A
367359930,2021-02-21T02:39:26,36.82420,-76.28915,0.0,284.3,511.0,SUNNY WILLIAMS,,WDE4940,80,0,25,8,,80,A
636018193,2021-02-21T02:37:58,37.06419,-76.09125,14.5,329.2,330.0,HSL PARATY,IMO9311830,A8IY6,79,0,207,30,9.8,79,A
338846000,2021-02-21T02:37:47,36.86561,-76.31580,0.0,0.1,511.0,USNS MENDONCA,IMO9147320,NBMK,70,5,289,32,10.9,,A
636013980,2021-02-21T02:38:04,37.26045,-76.13013,10.3,2.0,1.0,KM MT JADE,IMO9359545,A8QP7,70,0,224,32,14.4,70,A
366842000,2021-02-21T02:39:13,36.85383,-76.31118,0.0,0.0,42.0,CAPE RACE,IMO7616377,KAFJ,70,5,197,32,10.0,,A
428405000,2021-02-21T02:39:34,36.90618,-76.32670,0.0,351.3,351.0,ZIM QINGDAO,IMO9318163,4XFC,71,5,261,32,9.9,71,A
338678000,2021-02-21T02:39:30,36.91626,-76.16844,0.0,314.3,10.0,DOLORES CHOUEST,IMO8225931,WCP8847,70,5,54,12,4.0,35,A
538005622,2021-02-21T02:39:16,36.87954,-76.32628,0.0,10.4,277.0,SASEBO GREEN,IMO9675468,V7FN3,70,5,225,32,14.4,,A
303210000,2021-02-21T02:39:25,37.19048,-76.15383,18.2,193.6,193.0,PATRIOT,IMO9316139,WAIU,70,0,199,32,11.3,,A
368445000,2021-02-21T02:35:05,36.96314,-76.42014,0.0,55.8,188.0,OVERSEAS NIKISKI,IMO9353577,WDBH,80,5,183,32,12.2,80,A
367865000,2021-02-21T02:38:19,36.88692,-76.33852,0.0,286.4,11.0,KANAWHA,IMO8704080,NPTD,80,5,206,29,,,A
636013980,2021-02-21T02:40:24,37.26715,-76.12980,10.4,2.0,0.0,KM MT JADE,IMO9359545,A8QP7,70,0,224,32,14.4,70,A
368026000,2021-02-21T02:41:43,36.86582,-76.31605,0.0,224.2,511.0,BENAVIDEZ,IMO9218210,NBHG,70,5,289,32,10.9,70,A
338846000,2021-02-21T02:46:46,36.86563,-76.31585,0.0,0.1,511.0,USNS MENDONCA,IMO9147320,NBMK,70,5,289,32,10.9,,A
477770400,2021-02-21T02:36:40,36.87994,-76.33156,0.0,98.3,96.0,BAO MAY,IMO9410155,VRGV8,70,0,292,45,18.2,70,A
477950300,2021-02-21T02:36:32,36.87515,-76.34928,0.0,54.0,347.0,COSCO DEVELOPMENT,IMO9472139,VRIZ9,70,5,366,48,15.5,70,A
428405000,2021-02-21T02:36:34,36.90619,-76.32668,0.0,351.4,351.0,ZIM QINGDAO,IMO9318163,4XFC,71,5,261,32,9.9,71,A
338273000,2021-02-21T02:40:05,36.96431,-76.35683,0.0,24.2,245.0,SLNC YORK,IMO9538907,WNCG,70,1,142,23,5.5,70,A
303210000,2021-02-21T02:46:59,37.15226,-76.15053,18.4,171.5,171.0,PATRIOT,IMO9316139,WAIU,70,0,199,32,11.3,,A
356643000,2021-02-21T02:41:05,36.93811,-76.37765,0.2,352.6,262.0,ARKI,IMO9561801,3ENP3,70,1,170,27,9.7,70,A
373765000,2021-02-21T02:39:18,37.26320,-76.10606,0.1,230.7,0.0,AM CONTRECOEUR,IMO9583184,3FBX4,70,1,229,32,14.4,,A
428405000,2021-02-21T02:42:33,36.90631,-76.32653,0.0,351.3,351.0,ZIM QINGDAO,IMO9318163,4XFC,71,5,261,32,9.9,71,A
367821000,2021-02-21T02:40:54,36.97279,-76.43368,0.0,0.0,511.0,YANO,IMO7825409,NAQH,70,5,276,32,13.0,70,A
338846000,2021-02-21T02:40:46,36.86561,-76.31575,0.0,0.1,511.0,USNS MENDONCA,IMO9147320,NBMK,70,5,289,32,10.9,,A
538005972,2021-02-21T02:37:22,36.96620,-76.08200,12.7,106.0,105.0,AUCKLAND SPIRIT,IMO9268083,V7IP8,70,0,171,27,10.4,,A
373765000,2021-02-21T02:42:20,37.26321,-76.10593,0.2,72.4,358.0,AM CONTRECOEUR,IMO9583184,3FBX4,70,1,229,32,14.4,,A
303210000,2021-02-21T02:37:17,37.20093,-76.14978,18.3,197.7,197.0,PATRIOT,IMO9316139,WAIU,70,0,199,32,11.3,,A
477770400,2021-02-21T02:37:49,36.87992,-76.33156,0.0,98.3,96.0,BAO MAY,IMO9410155,VRGV8,70,0,292,45,18.2,70,A
367822000,2021-02-21T02:41:10,36.97308,-76.43385,0.0,0.0,511.0,USNS SHUGHART,IMO7825394,NAOQ,70,5,276,32,13.0,70,A
538005972,2021-02-21T02:38:31,36.96498,-76.07713,12.7,107.0,106.0,AUCKLAND SPIRIT,IMO9268083,V7IP8,70,0,171,27,10.4,,A
366841000,2021-02-21T02:48:07,36.85326,-76.31054,0.0,0.0,511.0,CAPE RAY,IMO7530810,KAFI,70,5,197,32,10.0,,A
367359930,2021-02-21T02:41:45,36.82420,-76.28914,0.1,270.3,511.0,SUNNY WILLIAMS,,WDE4940,80,0,25,8,,80,A
338273000,2021-02-21T02:43:05,36.96430,-76.35682,0.0,24.2,244.0,SLNC YORK,IMO9538907,WNCG,70,1,142,23,5.5,70,A
303210000,2021-02-21T02:42:36,37.17449,-76.15378,18.2,174.1,173.0,PATRIOT,IMO9316139,WAIU,70,0,199,32,11.3,,A
368445000,2021-02-21T02:41:05,36.96307,-76.42013,0.0,55.8,188.0,OVERSEAS NIKISKI,IMO9353577,WDBH,80,5,183,32,12.2,80,A
367822000,2021-02-21T02:44:10,36.97310,-76.43386,0.0,0.0,511.0,USNS SHUGHART,IMO7825394,NAOQ,70,5,276,32,13.0,70,A
255806078,2021-02-21T02:42:31,36.90948,-76.32718,0.1,306.9,352.0,NORTHERN MAGNUM,IMO9252541,CQIV4,71,5,300,40,11.3,71,A
366839000,2021-02-21T02:41:12,36.85352,-76.31085,0.0,0.0,40.0,CAPE RISE,IMO7530808,KAFG,70,5,197,32,10.0,,A
366839000,2021-02-21T02:44:13,36.85355,-76.31081,0.0,0.0,40.0,CAPE RISE,IMO7530808,KAFG,70,5,197,32,10.0,,A
338678000,2021-02-21T02:48:30,36.91623,-76.16852,0.0,322.3,10.0,DOLORES CHOUEST,IMO8225931,WCP8847,70,5,54,12,4.0,35,A
636092329,2021-02-21T02:41:02,37.24623,-76.11862,0.1,168.6,357.0,BLUMENAU,IMO9605633,D5AL3,70,1,229,32,14.4,,A
538005972,2021-02-21T02:40:51,36.96222,-76.06733,12.8,109.0,106.0,AUCKLAND SPIRIT,IMO9268083,V7IP8,70,0,171,27,10.4,,A
366841000,2021-02-21T02:42:05,36.85325,-76.31055,0.0,0.0,511.0,CAPE RAY,IMO7530810,KAFI,70,5,197,32,10.0,,A
538005622,2021-02-21T02:48:16,36.87960,-76.32624,0.0,7.2,277.0,SASEBO GREEN,IMO9675468,V7FN3,70,5,225,32,14.4,,A
367862000,2021-02-21T02:42:45,36.94813,-76.32967,0.0,35.7,280.0,JOSHUA HUMPHREYS,IMO8302428,NNJH,80,5,193,29,,,A
366841000,2021-02-21T02:39:03,36.85328,-76.31054,0.0,0.0,511.0,CAPE RAY,IMO7530810,KAFI,70,5,197,32,10.0,,A
636018193,2021-02-21T02:43:28,37.08312,-76.10517,14.4,329.4,333.0,HSL PARATY,IMO9311830,A8IY6,79,0,207,30,9.8,79,A
366842000,2021-02-21T02:42:12,36.85387,-76.31116,0.0,0.0,42.0,CAPE RACE,IMO7616377,KAFJ,70,5,197,32,10.0,,A
538005622,2021-02-21T02:42:16,36.87961,-76.32624,0.0,10.4,277.0,SASEBO GREEN,IMO9675468,V7FN3,70,5,225,32,14.4,,A
303210000,2021-02-21T02:49:02,37.14220,-76.14720,18.3,157.9,156.0,PATRIOT,IMO9316139,WAIU,70,0,199,32,11.3,,A
338846000,2021-02-21T02:49:45,36.86560,-76.31578,0.0,0.1,511.0,USNS MENDONCA,IMO9147320,NBMK,70,5,289,32,10.9,,A
477770400,2021-02-21T02:40:09,36.87996,-76.33156,0.0,98.3,96.0,BAO MAY,IMO9410155,VRGV8,70,0,292,45,18.2,70,A
367359930,2021-02-21T02:50:05,36.82420,-76.28914,0.0,259.5,511.0,SUNNY WILLIAMS,,WDE4940,80,0,25,8,,80,A
303210000,2021-02-21T02:45:53,37.15790,-76.15155,18.3,172.8,172.0,PATRIOT,IMO9316139,WAIU,70,0,199,32,11.3,,A
477770400,2021-02-21T02:44:48,36.87995,-76.33156,0.0,98.3,96.0,BAO MAY,IMO9410155,VRGV8,70,0,292,45,18.2,70,A
636013980,2021-02-21T02:50:34,37.29668,-76.12902,10.4,1.0,0.0,KM MT JADE,IMO9359545,A8QP7,70,0,224,32,14.4,70,A
367865000,2021-02-21T02:50:19,36.88693,-76.33855,0.0,286.4,11.0,KANAWHA,IMO8704080,NPTD,80,5,206,29,,,A
366841000,2021-02-21T02:45:03,36.85330,-76.31054,0.0,0.0,511.0,CAPE RAY,IMO7530810,KAFI,70,5,197,32,10.0,,A
636018193,2021-02-21T02:51:05,37.11151,-76.12464,15.6,330.7,333.0,HSL PARATY,IMO9311830,A8IY6,79,0,207,30,9.8,79,A
636013980,2021-02-21T02:47:04,37.28647,-76.12917,10.5,1.0,0.0,KM MT JADE,IMO9359545,A8QP7,70,0,224,32,14.4,70,A
636013980,2021-02-21T02:46:03,37.28348,-76.12928,10.4,1.0,1.0,KM MT JADE,IMO9359545,A8QP7,70,0,224,32,14.4,70,A
303210000,2021-02-21T02:40:29,37.18510,-76.15471,18.3,183.0,182.0,PATRIOT,IMO9316139,WAIU,70,0,199,32,11.3,,A
338846000,2021-02-21T02:43:46,36.86564,-76.31583,0.0,0.1,511.0,USNS MENDONCA,IMO9147320,NBMK,70,5,289,32,10.9,,A
636018193,2021-02-21T02:47:46,37.09896,-76.11616,15.5,331.8,333.0,HSL PARATY,IMO9311830,A8IY6,79,0,207,30,9.8,79,A
367353070,2021-02-21T02:45:01,36.94422,-76.32947,0.0,11.0,267.0,EVERGREEN STATE,IMO9408138,WDE4430,80,5,183,32,11.8,89,A
373765000,2021-02-21T02:48:20,37.26325,-76.10593,0.2,266.7,356.0,AM CONTRECOEUR,IMO9583184,3FBX4,70,1,229,32,14.4,,A
477950300,2021-02-21T02:45:32,36.87522,-76.34935,0.0,112.2,347.0,COSCO DEVELOPMENT,IMO9472139,VRIZ9,70,5,366,48,15.5,70,A
367353070,2021-02-21T02:42:03,36.94420,-76.32953,0.0,11.0,267.0,EVERGREEN STATE,IMO9408138,WDE4430,80,5,183,32,11.8,89,A
338678000,2021-02-21T02:42:31,36.91624,-76.16847,0.0,317.5,10.0,DOLORES CHOUEST,IMO8225931,WCP8847,70,5,54,12,4.0,35,A
367359930,2021-02-21T02:45:24,36.82417,-76.28914,0.0,259.7,511.0,SUNNY WILLIAMS,,WDE4940,80,0,25,8,,80,A
303210000,2021-02-21T02:44:48,37.16338,-76.15232,18.3,173.8,173.0,PATRIOT,IMO9316139,WAIU,70,0,199,32,11.3,,A
303210000,2021-02-21T02:48:01,37.14705,-76.14928,18.4,164.7,163.0,PATRIOT,IMO9316139,WAIU,70,0,199,32,11.3,,A
477770400,2021-02-21T02:45:59,36.87994,-76.33155,0.0,98.3,96.0,BAO MAY,IMO9410155,VRGV8,70,0,292,45,18.2,70,A
367821000,2021-02-21T02:52:52,36.97281,-76.43369,0.0,0.0,511.0,YANO,IMO7825409,NAQH,70,5,276,32,13.0,70,A
366842000,2021-02-21T02:45:14,36.85385,-76.31115,0.0,0.0,42.0,CAPE RACE,IMO7616377,KAFJ,70,5,197,32,10.0,,A
356589000,2021-02-21T02:43:13,37.23797,-76.09481,0.1,318.9,350.0,DOUBLE FORTUNE,IMO9574119,3FHZ2,70,1,234,38,14.5,70,A
636013980,2021-02-21T02:54:04,37.30690,-76.12887,10.6,0.0,1.0,KM MT JADE,IMO9359545,A8QP7,70,0,224,32,14.4,70,A
477770400,2021-02-21T02:42:30,36.87993,-76.33156,0.0,98.3,96.0,BAO MAY,IMO9410155,VRGV8,70,0,292,45,18.2,70,A
338273000,2021-02-21T02:46:05,36.96432,-76.35682,0.0,24.2,247.0,SLNC YORK,IMO9538907,WNCG,70,1,142,23,5.5,70,A
428405000,2021-02-21T02:54:34,36.90617,-76.32673,0.0,351.5,352.0,ZIM QINGDAO,IMO9318163,4XFC,71,5,261,32,9.9,71,A
368445000,2021-02-21T02:47:05,36.96314,-76.42012,0.0,55.8,188.0,OVERSEAS NIKISKI,IMO9353577,WDBH,80,5,183,32,12.2,80,A
367359930,2021-02-21T02:46:36,36.82417,-76.28913,0.0,259.3,511.0,SUNNY WILLIAMS,,WDE4940,80,0,25,8,,80,A
356589000,2021-02-21T02:46:11,37.23799,-76.09485,0.0,316.4,353.0,DOUBLE FORTUNE,IMO9574119,3FHZ2,70,1,234,38,14.5,70,A
477770400,2021-02-21T02:48:20,36.87996,-76.33158,0.0,98.3,96.0,BAO MAY,IMO9410155,VRGV8,70,0,292,45,18.2,70,A
367821000,2021-02-21T02:46:53,36.97280,-76.43368,0.0,0.0,511.0,YANO,IMO7825409,NAQH,70,5,276,32,13.0,70,A
636092329,2021-02-21T02:47:03,37.24619,-76.11865,0.1,168.6,359.0,BLUMENAU,IMO9605633,D5AL3,70,1,229,32,14.4,,A
255806078,2021-02-21T02:48:34,36.90942,-76.32718,0.1,306.9,352.0,NORTHERN MAGNUM,IMO9252541,CQIV4,71,5,300,40,11.3,71,A
366842000,2021-02-21T02:48:12,36.85385,-76.31116,0.0,0.0,42.0,CAPE RACE,IMO7616377,KAFJ,70,5,197,32,10.0,,A
477770400,2021-02-21T02:43:38,36.87994,-76.33155,0.0,98.3,96.0,BAO MAY,IMO9410155,VRGV8,70,0,292,45,18.2,70,A
477770400,2021-02-21T02:47:09,36.87995,-76.33156,0.0,98.3,96.0,BAO MAY,IMO9410155,VRGV8,70,0,292,45,18.2,70,A
303210000,2021-02-21T02:43:42,37.16893,-76.15306,18.2,174.1,173.0,PATRIOT,IMO9316139,WAIU,70,0,199,32,11.3,,A
338273000,2021-02-21T02:49:04,36.96430,-76.35680,0.0,24.2,249.0,SLNC YORK,IMO9538907,WNCG,70,1,142,23,5.5,70,A
636018193,2021-02-21T02:48:53,37.10314,-76.11899,15.6,332.5,334.0,HSL PARATY,IMO9311830,A8IY6,79,0,207,30,9.8,79,A
636018193,2021-02-21T02:44:29,37.08672,-76.10770,14.8,331.4,333.0,HSL PARATY,IMO9311830,A8IY6,79,0,207,30,9.8,79,A
367865000,2021-02-21T02:47:18,36.88693,-76.33855,0.0,286.4,11.0,KANAWHA,IMO8704080,NPTD,80,5,206,29,,,A
367865000,2021-02-21T02:56:18,36.88694,-76.33858,0.0,286.4,11.0,KANAWHA,IMO8704080,NPTD,80,5,206,29,,,A
636013980,2021-02-21T02:44:55,37.28018,-76.12937,10.4,0.0,0.0,KM MT JADE,IMO9359545,A8QP7,70,0,224,32,14.4,70,A
303210000,2021-02-21T02:55:30,37.11348,-76.12741,18.3,150.1,148.0,PATRIOT,IMO9316139,WAIU,70,0,199,32,11.3,,A
428405000,2021-02-21T02:45:35,36.90617,-76.32667,0.0,351.4,351.0,ZIM QINGDAO,IMO9318163,4XFC,71,5,261,32,9.9,71,A
367359930,2021-02-21T02:47:45,36.82419,-76.28914,0.0,257.5,511.0,SUNNY WILLIAMS,,WDE4940,80,0,25,8,,80,A
636018193,2021-02-21T02:46:41,37.09481,-76.11334,15.4,331.3,334.0,HSL PARATY,IMO9311830,A8IY6,79,0,207,30,9.8,79,A
367865000,2021-02-21T02:44:19,36.88696,-76.33855,0.0,286.4,11.0,KANAWHA,IMO8704080,NPTD,80,5,206,29,,,A
367865000,2021-02-21T02:53:18,36.88695,-76.33855,0.0,286.4,11.0,KANAWHA,IMO8704080,NPTD,80,5,206,29,,,A
367359930,2021-02-21T02:56:55,36.82421,-76.28914,0.0,261.8,511.0,SUNNY WILLIAMS,,WDE4940,80,0,25,8,,80,A
538005622,2021-02-21T02:45:16,36.87956,-76.32627,0.0,6.2,277.0,SASEBO GREEN,IMO9675468,V7FN3,70,5,225,32,14.4,,A
538005622,2021-02-21T02:57:16,36.87960,-76.32623,0.0,5.7,277.0,SASEBO GREEN,IMO9675468,V7FN3,70,5,225,32,14.4,,A
636013980,2021-02-21T02:49:23,37.29323,-76.12910,10.4,0.0,0.0,KM MT JADE,IMO9359545,A8QP7,70,0,224,32,14.4,70,A
373765000,2021-02-21T02:45:19,37.26321,-76.10581,0.0,74.0,354.0,AM CONTRECOEUR,IMO9583184,3FBX4,70,1,229,32,14.4,,A
367862000,2021-02-21T02:48:44,36.94818,-76.32971,0.0,35.7,280.0,JOSHUA HUMPHREYS,IMO8302428,NNJH,80,5,193,29,,,A
367862000,2021-02-21T02:45:44,36.94818,-76.32969,0.0,35.7,280.0,JOSHUA HUMPHREYS,IMO8302428,NNJH,80,5,193,29,,,A
636018193,2021-02-21T02:45:35,37.09072,-76.11052,15.2,330.1,332.0,HSL PARATY,IMO9311830,A8IY6,79,0,207,30,9.8,79,A
338678000,2021-02-21T02:51:30,36.91629,-76.16844,0.0,324.8,10.0,DOLORES CHOUEST,IMO8225931,WCP8847,70,5,54,12,4.0,35,A
477950300,2021-02-21T02:54:33,36.87508,-76.34924,0.0,9.6,347.0,COSCO DEVELOPMENT,IMO9472139,VRIZ9,70,5,366,48,15.5,70,A
368026000,2021-02-21T02:50:43,36.86577,-76.31605,0.0,224.2,511.0,BENAVIDEZ,IMO9218210,NBHG,70,5,289,32,10.9,70,A
368445000,2021-02-21T02:50:05,36.96310,-76.42011,0.0,55.8,188.0,OVERSEAS NIKISKI,IMO9353577,WDBH,80,5,183,32,12.2,80,A
303210000,2021-02-21T02:50:06,37.13737,-76.14423,18.1,152.4,150.0,PATRIOT,IMO9316139,WAIU,70,0,199,32,11.3,,A
303210000,2021-02-21T02:57:41,37.10380,-76.12032,18.3,149.2,147.0,PATRIOT,IMO9316139,WAIU,70,0,199,32,11.3,,A
366842000,2021-02-21T02:51:14,36.85386,-76.31118,0.0,0.0,42.0,CAPE RACE,IMO7616377,KAFJ,70,5,197,32,10.0,,A
367359930,2021-02-21T02:52:24,36.82421,-76.28912,0.0,261.2,511.0,SUNNY WILLIAMS,,WDE4940,80,0,25,8,,80,A
356643000,2021-02-21T02:47:06,36.93814,-76.37766,0.1,41.4,258.0,ARKI,IMO9561801,3ENP3,70,1,170,27,9.7,70,A
373765000,2021-02-21T02:51:20,37.26320,-76.10602,0.1,268.5,0.0,AM CONTRECOEUR,IMO9583184,3FBX4,70,1,229,32,14.4,,A
338846000,2021-02-21T02:52:45,36.86560,-76.31584,0.0,0.1,511.0,USNS MENDONCA,IMO9147320,NBMK,70,5,289,32,10.9,,A
367353070,2021-02-21T02:51:01,36.94420,-76.32948,0.0,11.0,267.0,EVERGREEN STATE,IMO9408138,WDE4430,80,5,183,32,11.8,89,A
477950300,2021-02-21T02:48:35,36.87510,-76.34939,0.0,4.6,347.0,COSCO DEVELOPMENT,IMO9472139,VRIZ9,70,5,366,48,15.5,70,A
477770400,2021-02-21T02:50:38,36.87996,-76.33157,0.0,98.3,96.0,BAO MAY,IMO9410155,VRGV8,70,0,292,45,18.2,70,A
356643000,2021-02-21T02:56:04,36.93778,-76.37762,0.3,165.0,269.0,ARKI,IMO9561801,3ENP3,70,1,170,27,9.7,70,A
477770400,2021-02-21T02:51:39,36.87996,-76.33158,0.0,98.3,96.0,BAO MAY,IMO9410155,VRGV8,70,0,292,45,18.2,70,A
636018193,2021-02-21T02:59:53,37.14485,-76.14811,15.9,339.4,342.0,HSL PARATY,IMO9311830,A8IY6,79,0,207,30,9.8,79,A
303210000,2021-02-21T02:51:11,37.13251,-76.14088,18.2,149.8,148.0,PATRIOT,IMO9316139,WAIU,70,0,199,32,11.3,,A
368026000,2021-02-21T02:47:43,36.86577,-76.31606,0.0,224.2,511.0,BENAVIDEZ,IMO9218210,NBHG,70,5,289,32,10.9,70,A
538005622,2021-02-21T02:51:16,36.87959,-76.32624,0.0,7.2,277.0,SASEBO GREEN,IMO9675468,V7FN3,70,5,225,32,14.4,,A
477770400,2021-02-21T02:56:20,36.87994,-76.33157,0.0,98.3,96.0,BAO MAY,IMO9410155,VRGV8,70,0,292,45,18.2,70,A
367353070,2021-02-21T02:48:01,36.94418,-76.32948,0.0,11.0,267.0,EVERGREEN STATE,IMO9408138,WDE4430,80,5,183,32,11.8,89,A
366842000,2021-02-21T03:00:12,36.85386,-76.31118,0.0,0.0,42.0,CAPE RACE,IMO7616377,KAFJ,70,5,197,32,10.0,,A
636092329,2021-02-21T02:56:03,37.24627,-76.11852,0.0,168.6,356.0,BLUMENAU,IMO9605633,D5AL3,70,1,229,32,14.4,,A
338273000,2021-02-21T02:52:05,36.96431,-76.35686,0.0,24.2,255.0,SLNC YORK,IMO9538907,WNCG,70,1,142,23,5.5,70,A
367359930,2021-02-21T02:53:25,36.82420,-76.28911,0.0,257.7,511.0,SUNNY WILLIAMS,,WDE4940,80,0,25,8,,80,A
367821000,2021-02-21T02:49:53,36.97281,-76.43368,0.0,0.0,511.0,YANO,IMO7825409,NAQH,70,5,276,32,13.0,70,A
367822000,2021-02-21T02:53:09,36.97308,-76.43387,0.0,0.0,511.0,USNS SHUGHART,IMO7825394,NAOQ,70,5,276,32,13.0,70,A
356589000,2021-02-21T02:52:13,37.23798,-76.09472,0.1,46.0,352.0,DOUBLE FORTUNE,IMO9574119,3FHZ2,70,1,234,38,14.5,70,A
356589000,2021-02-21T02:58:14,37.23797,-76.09463,0.0,207.4,349.0,DOUBLE FORTUNE,IMO9574119,3FHZ2,70,1,234,38,14.5,70,A
303210000,2021-02-21T02:56:35,37.10861,-76.12390,18.3,150.2,148.0,PATRIOT,IMO9316139,WAIU,70,0,199,32,11.3,,A
303210000,2021-02-21T02:52:17,37.12767,-76.13741,18.3,151.1,149.0,PATRIOT,IMO9316139,WAIU,70,0,199,32,11.3,,A
477770400,2021-02-21T02:52:48,36.87993,-76.33158,0.0,98.3,96.0,BAO MAY,IMO9410155,VRGV8,70,0,292,45,18.2,70,A
356643000,2021-02-21T02:50:04,36.93811,-76.37767,0.0,28.1,259.0,ARKI,IMO9561801,3ENP3,70,1,170,27,9.7,70,A
366839000,2021-02-21T02:50:10,36.85348,-76.31083,0.0,0.0,40.0,CAPE RISE,IMO7530808,KAFG,70,5,197,32,10.0,,A
636018193,2021-02-21T02:52:11,37.11568,-76.12749,15.5,332.5,334.0,HSL PARATY,IMO9311830,A8IY6,79,0,207,30,9.8,79,A
636018193,2021-02-21T02:57:41,37.13621,-76.14259,15.8,328.1,331.0,HSL PARATY,IMO9311830,A8IY6,79,0,207,30,9.8,79,A
636018193,2021-02-21T02:49:59,37.10733,-76.12181,15.5,331.4,334.0,HSL PARATY,IMO9311830,A8IY6,79,0,207,30,9.8,79,A
636092329,2021-02-21T02:53:03,37.24625,-76.11853,0.0,168.6,357.0,BLUMENAU,IMO9605633,D5AL3,70,1,229,32,14.4,,A
366842000,2021-02-21T02:54:12,36.85381,-76.31120,0.0,0.0,42.0,CAPE RACE,IMO7616377,KAFJ,70,5,197,32,10.0,,A
373765000,2021-02-21T02:54:19,37.26323,-76.10587,0.1,74.2,357.0,AM CONTRECOEUR,IMO9583184,3FBX4,70,1,229,32,14.4,,A
428405000,2021-02-21T02:51:33,36.90628,-76.32671,0.0,351.5,352.0,ZIM QINGDAO,IMO9318163,4XFC,71,5,261,32,9.9,71,A
338273000,2021-02-21T02:55:05,36.96431,-76.35690,0.0,24.2,260.0,SLNC YORK,IMO9538907,WNCG,70,1,142,23,5.5,70,A
367359930,2021-02-21T02:51:15,36.82420,-76.28912,0.0,255.8,511.0,SUNNY WILLIAMS,,WDE4940,80,0,25,8,,80,A
477950300,2021-02-21T02:51:31,36.87516,-76.34929,0.0,215.3,347.0,COSCO DEVELOPMENT,IMO9472139,VRIZ9,70,5,366,48,15.5,70,A
368445000,2021-02-21T02:53:05,36.96313,-76.42016,0.0,55.8,188.0,OVERSEAS NIKISKI,IMO9353577,WDBH,80,5,183,32,12.2,80,A
477770400,2021-02-21T02:55:08,36.87994,-76.33157,0.0,98.3,96.0,BAO MAY,IMO9410155,VRGV8,70,0,292,45,18.2,70,A
636013980,2021-02-21T02:52:53,37.30342,-76.12890,10.6,0.0,0.0,KM MT JADE,IMO9359545,A8QP7,70,0,224,32,14.4,70,A
477770400,2021-02-21T03:02:30,36.87995,-76.33157,0.0,98.3,96.0,BAO MAY,IMO9410155,VRGV8,70,0,292,45,18.2,70,A
303210000,2021-02-21T03:02:17,37.08381,-76.10559,18.0,149.6,147.0,PATRIOT,IMO9316139,WAIU,70,0,199,32,11.3,,A
538005622,2021-02-21T02:54:16,36.87956,-76.32625,0.0,5.7,277.0,SASEBO GREEN,IMO9675468,V7FN3,70,5,225,32,14.4,,A
428405000,2021-02-21T02:48:35,36.90625,-76.32668,0.0,351.4,351.0,ZIM QINGDAO,IMO9318163,4XFC,71,5,261,32,9.9,71,A
367359930,2021-02-21T03:02:25,36.82417,-76.28913,0.0,256.7,511.0,SUNNY WILLIAMS,,WDE4940,80,0,25,8,,80,A
356589000,2021-02-21T02:49:12,37.23797,-76.09481,0.1,48.5,353.0,DOUBLE FORTUNE,IMO9574119,3FHZ2,70,1,234,38,14.5,70,A
477770400,2021-02-21T02:53:58,36.87993,-76.33158,0.0,98.3,96.0,BAO MAY,IMO9410155,VRGV8,70,0,292,45,18.2,70,A
373765000,2021-02-21T03:03:19,37.26324,-76.10592,0.0,74.2,358.0,AM CONTRECOEUR,IMO9583184,3FBX4,70,1,229,32,14.4,,A
338678000,2021-02-21T02:54:30,36.91626,-76.16846,0.0,300.4,10.0,DOLORES CHOUEST,IMO8225931,WCP8847,70,5,54,12,4.0,35,A
303210000,2021-02-21T02:53:23,37.12284,-76.13408,18.3,151.1,149.0,PATRIOT,IMO9316139,WAIU,70,0,199,32,11.3,,A
303210000,2021-02-21T02:54:29,37.11796,-76.13064,18.2,149.1,146.0,PATRIOT,IMO9316139,WAIU,70,0,199,32,11.3,,A
636018193,2021-02-21T02:55:28,37.12799,-76.13629,15.6,327.7,330.0,HSL PARATY,IMO9311830,A8IY6,79,0,207,30,9.8,79,A
636018193,2021-02-21T02:58:47,37.14035,-76.14571,15.8,327.7,331.0,HSL PARATY,IMO9311830,A8IY6,79,0,207,30,9.8,79,A
367359930,2021-02-21T03:03:34,36.82419,-76.28914,0.0,258.1,511.0,SUNNY WILLIAMS,,WDE4940,80,0,25,8,,80,A
477770400,2021-02-21T02:49:28,36.87996,-76.33157,0.0,98.3,96.0,BAO MAY,IMO9410155,VRGV8,70,0,292,45,18.2,70,A
255806078,2021-02-21T02:54:36,36.90938,-76.32715,0.1,306.9,352.0,NORTHERN MAGNUM,IMO9252541,CQIV4,71,5,300,40,11.3,71,A
636092329,2021-02-21T02:59:02,37.24625,-76.11852,0.0,168.6,357.0,BLUMENAU,IMO9605633,D5AL3,70,1,229,32,14.4,,A
367865000,2021-02-21T02:59:18,36.88693,-76.33857,0.0,286.4,11.0,KANAWHA,IMO8704080,NPTD,80,5,206,29,,,A
367822000,2021-02-21T02:50:10,36.97308,-76.43387,0.0,0.0,511.0,USNS SHUGHART,IMO7825394,NAOQ,70,5,276,32,13.0,70,A
477770400,2021-02-21T03:03:38,36.87994,-76.33157,0.0,98.3,96.0,BAO MAY,IMO9410155,VRGV8,70,0,292,45,18.2,70,A
477770400,2021-02-21T02:58:38,36.87995,-76.33156,0.0,98.3,96.0,BAO MAY,IMO9410155,VRGV8,70,0,292,45,18.2,70,A
367862000,2021-02-21T02:54:45,36.94822,-76.32980,0.0,35.7,280.0,JOSHUA HUMPHREYS,IMO8302428,NNJH,80,5,193,29,,,A
368026000,2021-02-21T02:53:44,36.86576,-76.31605,0.0,224.2,511.0,BENAVIDEZ,IMO9218210,NBHG,70,5,289,32,10.9,70,A
356589000,2021-02-21T02:55:12,37.23801,-76.09466,0.1,67.7,350.0,DOUBLE FORTUNE,IMO9574119,3FHZ2,70,1,234,38,14.5,70,A
338846000,2021-02-21T02:55:46,36.86558,-76.31580,0.0,0.1,511.0,USNS MENDONCA,IMO9147320,NBMK,70,5,289,32,10.9,,A
367821000,2021-02-21T02:55:54,36.97281,-76.43369,0.0,0.0,511.0,YANO,IMO7825409,NAQH,70,5,276,32,13.0,70,A
636018193,2021-02-21T02:53:17,37.11984,-76.13032,15.6,331.8,333.0,HSL PARATY,IMO9311830,A8IY6,79,0,207,30,9.8,79,A
636018193,2021-02-21T02:54:23,37.12406,-76.13329,15.6,330.7,330.0,HSL PARATY,IMO9311830,A8IY6,79,0,207,30,9.8,79,A
477770400,2021-02-21T03:00:08,36.87995,-76.33156,0.0,98.3,96.0,BAO MAY,IMO9410155,VRGV8,70,0,292,45,18.2,70,A
366841000,2021-02-21T02:51:07,36.85328,-76.31052,0.0,0.0,511.0,CAPE RAY,IMO7530810,KAFI,70,5,197,32,10.0,,A
636013980,2021-02-21T02:56:14,37.31323,-76.12868,10.6,1.0,0.0,KM MT JADE,IMO9359545,A8QP7,70,0,224,32,14.4,70,A
367821000,2021-02-21T03:04:53,36.97280,-76.43371,0.0,0.0,511.0,YANO,IMO7825409,NAQH,70,5,276,32,13.0,70,A
368026000,2021-02-21T02:56:44,36.86570,-76.31607,0.0,224.2,511.0,BENAVIDEZ,IMO9218210,NBHG,70,5,289,32,10.9,70,A
636018193,2021-02-21T03:05:35,37.16962,-76.15238,15.8,354.3,354.0,HSL PARATY,IMO9311830,A8IY6,79,0,207,30,9.8,79,A
303210000,2021-02-21T03:04:30,37.07423,-76.09870,18.1,150.5,149.0,PATRIOT,IMO9316139,WAIU,70,0,199,32,11.3,,A
636013980,2021-02-21T02:57:25,37.31673,-76.12862,10.6,1.0,359.0,KM MT JADE,IMO9359545,A8QP7,70,0,224,32,14.4,70,A
255806078,2021-02-21T03:00:39,36.90945,-76.32718,0.1,306.9,352.0,NORTHERN MAGNUM,IMO9252541,CQIV4,71,5,300,40,11.3,71,A
255806078,2021-02-21T02:51:35,36.90938,-76.32720,0.1,306.9,352.0,NORTHERN MAGNUM,IMO9252541,CQIV4,71,5,300,40,11.3,71,A
356643000,2021-02-21T03:05:07,36.93765,-76.37762,0.1,350.0,277.0,ARKI,IMO9561801,3ENP3,70,1,170,27,9.7,70,A
636018193,2021-02-21T02:56:35,37.13213,-76.13946,15.7,327.4,330.0,HSL PARATY,IMO9311830,A8IY6,79,0,207,30,9.8,79,A
366842000,2021-02-21T02:57:13,36.85386,-76.31116,0.0,0.0,42.0,CAPE RACE,IMO7616377,KAFJ,70,5,197,32,10.0,,A
477770400,2021-02-21T02:57:30,36.87996,-76.33157,0.0,98.3,96.0,BAO MAY,IMO9410155,VRGV8,70,0,292,45,18.2,70,A
366839000,2021-02-21T02:56:12,36.85353,-76.31082,0.0,0.0,40.0,CAPE RISE,IMO7530808,KAFG,70,5,197,32,10.0,,A
367359930,2021-02-21T02:58:15,36.82419,-76.28913,0.0,257.2,511.0,SUNNY WILLIAMS,,WDE4940,80,0,25,8,,80,A
366839000,2021-02-21T02:53:16,36.85348,-76.31081,0.0,0.0,40.0,CAPE RISE,IMO7530808,KAFG,70,5,197,32,10.0,,A
367353070,2021-02-21T03:06:03,36.94420,-76.32953,0.0,11.0,267.0,EVERGREEN STATE,IMO9408138,WDE4430,80,5,183,32,11.8,89,A
255806078,2021-02-21T02:57:36,36.90938,-76.32717,0.1,306.9,352.0,NORTHERN MAGNUM,IMO9252541,CQIV4,71,5,300,40,11.3,71,A
636013980,2021-02-21T02:58:34,37.32010,-76.12865,10.5,358.0,358.0,KM MT JADE,IMO9359545,A8QP7,70,0,224,32,14.4,70,A
428405000,2021-02-21T02:57:33,36.90620,-76.32663,0.0,351.4,351.0,ZIM QINGDAO,IMO9318163,4XFC,71,5,261,32,9.9,71,A
477770400,2021-02-21T03:07:09,36.87994,-76.33155,0.0,98.3,96.0,BAO MAY,IMO9410155,VRGV8,70,0,292,45,18.2,70,A
477950300,2021-02-21T02:57:31,36.87511,-76.34933,0.0,163.8,347.0,COSCO DEVELOPMENT,IMO9472139,VRIZ9,70,5,366,48,15.5,70,A
373765000,2021-02-21T02:57:19,37.26323,-76.10581,0.0,74.2,354.0,AM CONTRECOEUR,IMO9583184,3FBX4,70,1,229,32,14.4,,A
367862000,2021-02-21T02:57:45,36.94821,-76.32972,0.0,35.7,280.0,JOSHUA HUMPHREYS,IMO8302428,NNJH,80,5,193,29,,,A
356643000,2021-02-21T03:08:05,36.93777,-76.37761,0.1,11.3,271.0,ARKI,IMO9561801,3ENP3,70,1,170,27,9.7,70,A
367822000,2021-02-21T02:59:09,36.97308,-76.43388,0.0,0.0,511.0,USNS SHUGHART,IMO7825394,NAOQ,70,5,276,32,13.0,70,A
303210000,2021-02-21T03:06:36,37.06509,-76.09219,18.0,149.8,148.0,PATRIOT,IMO9316139,WAIU,70,0,199,32,11.3,,A
368445000,2021-02-21T02:59:05,36.96308,-76.42013,0.0,55.8,188.0,OVERSEAS NIKISKI,IMO9353577,WDBH,80,5,183,32,12.2,80,A
636013980,2021-02-21T02:59:43,37.32340,-76.12880,10.5,358.0,358.0,KM MT JADE,IMO9359545,A8QP7,70,0,224,32,14.4,70,A
366839000,2021-02-21T02:59:16,36.85350,-76.31084,0.0,0.0,40.0,CAPE RISE,IMO7530808,KAFG,70,5,197,32,10.0,,A
366839000,2021-02-21T03:08:15,36.85350,-76.31086,0.0,0.0,40.0,CAPE RISE,IMO7530808,KAFG,70,5,197,32,10.0,,A
477770400,2021-02-21T02:59:49,36.87996,-76.33156,0.0,98.3,96.0,BAO MAY,IMO9410155,VRGV8,70,0,292,45,18.2,70,A
367353070,2021-02-21T02:54:01,36.94423,-76.32952,0.0,11.0,267.0,EVERGREEN STATE,IMO9408138,WDE4430,80,5,183,32,11.8,89,A
428405000,2021-02-21T03:03:34,36.90659,-76.32657,0.0,351.5,352.0,ZIM QINGDAO,IMO9318163,4XFC,71,5,261,32,9.9,71,A
356589000,2021-02-21T03:01:11,37.23796,-76.09470,0.1,282.7,350.0,DOUBLE FORTUNE,IMO9574119,3FHZ2,70,1,234,38,14.5,70,A
367359930,2021-02-21T03:01:15,36.82419,-76.28913,0.0,259.1,511.0,SUNNY WILLIAMS,,WDE4940,80,0,25,8,,80,A
367359930,2021-02-21T02:59:26,36.82420,-76.28914,0.0,259.6,511.0,SUNNY WILLIAMS,,WDE4940,80,0,25,8,,80,A
303210000,2021-02-21T02:58:48,37.09900,-76.11678,18.2,149.3,147.0,PATRIOT,IMO9316139,WAIU,70,0,199,32,11.3,,A
366841000,2021-02-21T02:54:06,36.85329,-76.31051,0.0,0.0,511.0,CAPE RAY,IMO7530810,KAFI,70,5,197,32,10.0,,A
636018193,2021-02-21T03:00:05,37.14561,-76.14844,15.8,339.8,342.0,HSL PARATY,IMO9311830,A8IY6,79,0,207,30,9.8,79,A
636013980,2021-02-21T03:00:05,37.32450,-76.12883,10.4,358.0,358.0,KM MT JADE,IMO9359545,A8QP7,70,0,224,32,14.4,70,A
636013980,2021-02-21T02:55:05,37.30990,-76.12878,10.6,1.0,1.0,KM MT JADE,IMO9359545,A8QP7,70,0,224,32,14.4,70,A
303210000,2021-02-21T03:00:05,37.09339,-76.11269,18.1,149.9,148.0,PATRIOT,IMO9316139,WAIU,70,0,199,32,11.3,,A
367353070,2021-02-21T03:00:03,36.94420,-76.32950,0.0,11.0,267.0,EVERGREEN STATE,IMO9408138,WDE4430,80,5,183,32,11.8,89,A
338273000,2021-02-21T03:04:04,36.96431,-76.35677,0.0,24.2,260.0,SLNC YORK,IMO9538907,WNCG,70,1,142,23,5.5,70,A
538005622,2021-02-21T03:00:16,36.87960,-76.32626,0.0,5.7,277.0,SASEBO GREEN,IMO9675468,V7FN3,70,5,225,32,14.4,,A
428405000,2021-02-21T03:09:33,36.90622,-76.32671,0.0,351.4,351.0,ZIM QINGDAO,IMO9318163,4XFC,71,5,261,32,9.9,71,A
367359930,2021-02-21T02:55:45,36.82419,-76.28914,0.0,261.2,511.0,SUNNY WILLIAMS,,WDE4940,80,0,25,8,,80,A
636013980,2021-02-21T03:01:13,37.32778,-76.12893,10.4,358.0,358.0,KM MT JADE,IMO9359545,A8QP7,70,0,224,32,14.4,70,A
477950300,2021-02-21T03:00:34,36.87497,-76.34922,0.0,347.9,347.0,COSCO DEVELOPMENT,IMO9472139,VRIZ9,70,5,366,48,15.5,70,A
367822000,2021-02-21T03:02:10,36.97308,-76.43388,0.0,0.0,511.0,USNS SHUGHART,IMO7825394,NAOQ,70,5,276,32,13.0,70,A
636018193,2021-02-21T03:01:11,37.15037,-76.14974,15.9,348.4,353.0,HSL PARATY,IMO9311830,A8IY6,79,0,207,30,9.8,79,A
303210000,2021-02-21T03:01:11,37.08855,-76.10912,18.1,149.2,147.0,PATRIOT,IMO9316139,WAIU,70,0,199,32,11.3,,A
338678000,2021-02-21T03:00:31,36.91619,-76.16844,0.0,272.8,10.0,DOLORES CHOUEST,IMO8225931,WCP8847,70,5,54,12,4.0,35,A
367862000,2021-02-21T03:00:45,36.94817,-76.32977,0.0,35.7,280.0,JOSHUA HUMPHREYS,IMO8302428,NNJH,80,5,193,29,,,A
368445000,2021-02-21T00:02:05,36.96303,-76.42014,0.0,55.8,188.0,OVERSEAS NIKISKI,IMO9353577,WDBH,80,5,183,32,12.2,80,A
636092329,2021-02-21T03:11:01,37.24627,-76.11852,0.1,168.6,355.0,BLUMENAU,IMO9605633,D5AL3,70,1,229,32,14.4,,A
636092329,2021-02-21T03:02:01,37.24627,-76.11852,0.1,168.6,356.0,BLUMENAU,IMO9605633,D5AL3,70,1,229,32,14.4,,A
367359930,2021-02-21T03:05:56,36.82420,-76.28915,0.0,258.2,511.0,SUNNY WILLIAMS,,WDE4940,80,0,25,8,,80,A
338678000,2021-02-21T02:57:30,36.91623,-76.16844,0.0,284.9,10.0,DOLORES CHOUEST,IMO8225931,WCP8847,70,5,54,12,4.0,35,A
368445000,2021-02-21T03:02:05,36.96314,-76.42013,0.0,55.8,188.0,OVERSEAS NIKISKI,IMO9353577,WDBH,80,5,183,32,12.2,80,A
367865000,2021-02-21T03:02:19,36.88694,-76.33852,0.0,286.4,11.0,KANAWHA,IMO8704080,NPTD,80,5,206,29,,,A
303210000,2021-02-21T03:11:00,37.04760,-76.07599,17.5,141.8,140.0,PATRIOT,IMO9316139,WAIU,70,0,199,32,11.3,,A
366841000,2021-02-21T02:57:09,36.85330,-76.31056,0.0,0.0,511.0,CAPE RAY,IMO7530810,KAFI,70,5,197,32,10.0,,A
367821000,2021-02-21T03:01:53,36.97280,-76.43368,0.0,0.0,511.0,YANO,IMO7825409,NAQH,70,5,276,32,13.0,70,A
367353070,2021-02-21T02:57:04,36.94423,-76.32955,0.0,11.0,267.0,EVERGREEN STATE,IMO9408138,WDE4430,80,5,183,32,11.8,89,A
367353070,2021-02-21T03:03:03,36.94422,-76.32953,0.0,11.0,267.0,EVERGREEN STATE,IMO9408138,WDE4430,80,5,183,32,11.8,89,A
366841000,2021-02-21T03:12:07,36.85328,-76.31056,0.0,0.0,511.0,CAPE RAY,IMO7530810,KAFI,70,5,197,32,10.0,,A
373765000,2021-02-21T03:12:21,37.26322,-76.10589,0.0,74.2,357.0,AM CONTRECOEUR,IMO9583184,3FBX4,70,1,229,32,14.4,,A
367862000,2021-02-21T03:12:45,36.94818,-76.32981,0.0,35.7,280.0,JOSHUA HUMPHREYS,IMO8302428,NNJH,80,5,193,29,,,A
303210000,2021-02-21T03:12:05,37.04347,-76.07193,17.4,141.9,140.0,PATRIOT,IMO9316139,WAIU,70,0,199,32,11.3,,A
477770400,2021-02-21T03:12:58,36.87993,-76.33156,0.0,98.3,96.0,BAO MAY,IMO9410155,VRGV8,70,0,292,45,18.2,70,A
636018193,2021-02-21T03:03:22,37.15993,-76.15102,15.8,354.0,354.0,HSL PARATY,IMO9311830,A8IY6,79,0,207,30,9.8,79,A
356643000,2021-02-21T02:59:05,36.93765,-76.37762,0.1,180.0,273.0,ARKI,IMO9561801,3ENP3,70,1,170,27,9.7,70,A
367865000,2021-02-21T03:05:19,36.88695,-76.33852,0.0,286.4,11.0,KANAWHA,IMO8704080,NPTD,80,5,206,29,,,A
338846000,2021-02-21T02:58:45,36.86562,-76.31582,0.0,0.1,511.0,USNS MENDONCA,IMO9147320,NBMK,70,5,289,32,10.9,,A
366839000,2021-02-21T03:05:16,36.85357,-76.31078,0.0,0.0,40.0,CAPE RISE,IMO7530808,KAFG,70,5,197,32,10.0,,A
368445000,2021-02-21T03:05:05,36.96313,-76.42011,0.0,55.8,188.0,OVERSEAS NIKISKI,IMO9353577,WDBH,80,5,183,32,12.2,80,A
636018193,2021-02-21T03:04:29,37.16481,-76.15169,15.8,352.5,354.0,HSL PARATY,IMO9311830,A8IY6,79,0,207,30,9.8,79,A
636092329,2021-02-21T03:05:02,37.24626,-76.11853,0.1,168.6,355.0,BLUMENAU,IMO9605633,D5AL3,70,1,229,32,14.4,,A
367359930,2021-02-21T03:04:45,36.82420,-76.28915,0.0,258.1,511.0,SUNNY WILLIAMS,,WDE4940,80,0,25,8,,80,A
356643000,2021-02-21T03:14:06,36.93766,-76.37762,0.1,220.9,275.0,ARKI,IMO9561801,3ENP3,70,1,170,27,9.7,70,A
477950300,2021-02-21T03:06:34,36.87506,-76.34912,0.0,65.7,347.0,COSCO DEVELOPMENT,IMO9472139,VRIZ9,70,5,366,48,15.5,70,A
477770400,2021-02-21T03:04:49,36.87995,-76.33159,0.0,98.3,96.0,BAO MAY,IMO9410155,VRGV8,70,0,292,45,18.2,70,A
636013980,2021-02-21T03:04:35,37.33737,-76.12920,10.2,358.0,358.0,KM MT JADE,IMO9359545,A8QP7,70,0,224,32,14.4,70,A
428405000,2021-02-21T03:06:33,36.90621,-76.32669,0.0,351.5,352.0,ZIM QINGDAO,IMO9318163,4XFC,71,5,261,32,9.9,71,A
367359930,2021-02-21T03:09:14,36.82420,-76.28915,0.0,259.0,511.0,SUNNY WILLIAMS,,WDE4940,80,0,25,8,,80,A
477770400,2021-02-21T03:05:58,36.87994,-76.33155,0.0,98.3,96.0,BAO MAY,IMO9410155,VRGV8,70,0,292,45,18.2,70,A
477950300,2021-02-21T03:09:35,36.87509,-76.34930,0.0,306.0,348.0,COSCO DEVELOPMENT,IMO9472139,VRIZ9,70,5,366,48,15.5,70,A
428405000,2021-02-21T03:15:34,36.90632,-76.32669,0.0,351.5,352.0,ZIM QINGDAO,IMO9318163,4XFC,71,5,261,32,9.9,71,A
338678000,2021-02-21T03:06:30,36.91622,-76.16846,0.0,263.4,10.0,DOLORES CHOUEST,IMO8225931,WCP8847,70,5,54,12,4.0,35,A
366841000,2021-02-21T03:06:06,36.85331,-76.31051,0.0,0.0,511.0,CAPE RAY,IMO7530810,KAFI,70,5,197,32,10.0,,A
367353070,2021-02-21T03:09:03,36.94417,-76.32950,0.0,11.0,267.0,EVERGREEN STATE,IMO9408138,WDE4430,80,5,183,32,11.8,89,A
303210000,2021-02-21T03:05:35,37.06943,-76.09530,18.0,150.3,149.0,PATRIOT,IMO9316139,WAIU,70,0,199,32,11.3,,A
373765000,2021-02-21T03:06:21,37.26323,-76.10586,0.0,74.2,357.0,AM CONTRECOEUR,IMO9583184,3FBX4,70,1,229,32,14.4,,A
428405000,2021-02-21T03:00:34,36.90624,-76.32668,0.0,351.5,352.0,ZIM QINGDAO,IMO9318163,4XFC,71,5,261,32,9.9,71,A
367821000,2021-02-21T03:07:53,36.97281,-76.43370,0.0,0.0,511.0,YANO,IMO7825409,NAQH,70,5,276,32,13.0,70,A
366841000,2021-02-21T03:00:06,36.85330,-76.31055,0.0,0.0,511.0,CAPE RAY,IMO7530810,KAFI,70,5,197,32,10.0,,A
477770400,2021-02-21T03:09:30,36.87992,-76.33156,0.0,98.3,96.0,BAO MAY,IMO9410155,VRGV8,70,0,292,45,18.2,70,A
255806078,2021-02-21T03:06:42,36.90948,-76.32718,0.1,306.9,352.0,NORTHERN MAGNUM,IMO9252541,CQIV4,71,5,300,40,11.3,71,A
538005622,2021-02-21T03:06:16,36.87957,-76.32625,0.0,5.7,277.0,SASEBO GREEN,IMO9675468,V7FN3,70,5,225,32,14.4,,A
303210000,2021-02-21T03:09:53,37.05198,-76.08021,17.9,142.5,141.0,PATRIOT,IMO9316139,WAIU,70,0,199,32,11.3,,A
636018193,2021-02-21T03:08:53,37.18400,-76.15403,15.7,355.6,2.0,HSL PARATY,IMO9311830,A8IY6,79,0,207,30,9.8,79,A
356589000,2021-02-21T03:16:12,37.23804,-76.09469,0.1,32.0,350.0,DOUBLE FORTUNE,IMO9574119,3FHZ2,70,1,234,38,14.5,70,A
356643000,2021-02-21T03:11:04,36.93769,-76.37764,0.1,188.1,272.0,ARKI,IMO9561801,3ENP3,70,1,170,27,9.7,70,A
477770400,2021-02-21T03:08:20,36.87993,-76.33155,0.0,98.3,96.0,BAO MAY,IMO9410155,VRGV8,70,0,292,45,18.2,70,A
367821000,2021-02-21T03:10:53,36.97281,-76.43369,0.0,0.0,511.0,YANO,IMO7825409,NAQH,70,5,276,32,13.0,70,A
338273000,2021-02-21T03:07:05,36.96429,-76.35671,0.0,24.2,260.0,SLNC YORK,IMO9538907,WNCG,70,1,142,23,5.5,70,A
338273000,2021-02-21T03:01:05,36.96431,-76.35676,0.0,24.2,257.0,SLNC YORK,IMO9538907,WNCG,70,1,142,23,5.5,70,A
368445000,2021-02-21T03:08:05,36.96307,-76.42015,0.0,55.8,188.0,OVERSEAS NIKISKI,IMO9353577,WDBH,80,5,183,32,12.2,80,A
356589000,2021-02-21T03:07:12,37.23801,-76.09474,0.0,279.2,352.0,DOUBLE FORTUNE,IMO9574119,3FHZ2,70,1,234,38,14.5,70,A
367353070,2021-02-21T03:12:01,36.94417,-76.32950,0.0,11.0,267.0,EVERGREEN STATE,IMO9408138,WDE4430,80,5,183,32,11.8,89,A
373765000,2021-02-21T03:09:21,37.26322,-76.10589,0.1,74.2,356.0,AM CONTRECOEUR,IMO9583184,3FBX4,70,1,229,32,14.4,,A
367865000,2021-02-21T03:08:19,36.88690,-76.33855,0.0,286.4,11.0,KANAWHA,IMO8704080,NPTD,80,5,206,29,,,A
338846000,2021-02-21T03:07:45,36.86557,-76.31583,0.0,0.1,511.0,USNS MENDONCA,IMO9147320,NBMK,70,5,289,32,10.9,,A
303210000,2021-02-21T03:07:41,37.06056,-76.08836,17.8,144.2,142.0,PATRIOT,IMO9316139,WAIU,70,0,199,32,11.3,,A
303210000,2021-02-21T03:08:47,37.05622,-76.08429,17.7,142.2,140.0,PATRIOT,IMO9316139,WAIU,70,0,199,32,11.3,,A
477950300,2021-02-21T03:12:31,36.87507,-76.34939,0.0,181.6,347.0,COSCO DEVELOPMENT,IMO9472139,VRIZ9,70,5,366,48,15.5,70,A
367821000,2021-02-21T03:16:54,36.97281,-76.43369,0.0,0.0,511.0,YANO,IMO7825409,NAQH,70,5,276,32,13.0,70,A
636013980,2021-02-21T03:02:14,37.33065,-76.12902,10.3,358.0,358.0,KM MT JADE,IMO9359545,A8QP7,70,0,224,32,14.4,70,A
636018193,2021-02-21T03:09:59,37.18880,-76.15341,15.7,5.9,10.0,HSL PARATY,IMO9311830,A8IY6,79,0,207,30,9.8,79,A
367821000,2021-02-21T03:13:54,36.97281,-76.43369,0.0,0.0,511.0,YANO,IMO7825409,NAQH,70,5,276,32,13.0,70,A
367822000,2021-02-21T03:14:10,36.97308,-76.43387,0.0,0.0,511.0,USNS SHUGHART,IMO7825394,NAOQ,70,5,276,32,13.0,70,A
367865000,2021-02-21T03:11:18,36.88696,-76.33855,0.0,286.4,11.0,KANAWHA,IMO8704080,NPTD,80,5,206,29,,,A
636018193,2021-02-21T03:13:17,37.20269,-76.14853,15.5,17.4,16.0,HSL PARATY,IMO9311830,A8IY6,79,0,207,30,9.8,79,A
636018193,2021-02-21T03:02:17,37.15512,-76.15037,15.9,354.3,354.0,HSL PARATY,IMO9311830,A8IY6,79,0,207,30,9.8,79,A
636018193,2021-02-21T03:11:05,37.19360,-76.15199,15.8,13.4,16.0,HSL PARATY,IMO9311830,A8IY6,79,0,207,30,9.8,79,A
366842000,2021-02-21T03:09:12,36.85384,-76.31116,0.0,0.0,42.0,CAPE RACE,IMO7616377,KAFJ,70,5,197,32,10.0,,A
338273000,2021-02-21T03:10:05,36.96430,-76.35669,0.0,24.2,258.0,SLNC YORK,IMO9538907,WNCG,70,1,142,23,5.5,70,A
338846000,2021-02-21T03:10:46,36.86554,-76.31577,0.0,0.1,511.0,USNS MENDONCA,IMO9147320,NBMK,70,5,289,32,10.9,,A
338678000,2021-02-21T03:09:30,36.91624,-76.16849,0.0,256.5,10.0,DOLORES CHOUEST,IMO8225931,WCP8847,70,5,54,12,4.0,35,A
368026000,2021-02-21T03:14:43,36.86577,-76.31602,0.0,224.2,511.0,BENAVIDEZ,IMO9218210,NBHG,70,5,289,32,10.9,70,A
538005622,2021-02-21T03:15:16,36.87957,-76.32623,0.0,5.7,277.0,SASEBO GREEN,IMO9675468,V7FN3,70,5,225,32,14.4,,A
338273000,2021-02-21T03:13:05,36.96430,-76.35668,0.0,24.2,261.0,SLNC YORK,IMO9538907,WNCG,70,1,142,23,5.5,70,A
636018193,2021-02-21T03:14:23,37.20725,-76.14679,15.5,17.1,16.0,HSL PARATY,IMO9311830,A8IY6,79,0,207,30,9.8,79,A
366839000,2021-02-21T03:11:10,36.85351,-76.31084,0.0,0.0,40.0,CAPE RISE,IMO7530808,KAFG,70,5,197,32,10.0,,A
636013980,2021-02-21T03:03:24,37.33405,-76.12910,10.3,359.0,359.0,KM MT JADE,IMO9359545,A8QP7,70,0,224,32,14.4,70,A
356589000,2021-02-21T03:13:14,37.23801,-76.09473,0.0,333.2,351.0,DOUBLE FORTUNE,IMO9574119,3FHZ2,70,1,234,38,14.5,70,A
368445000,2021-02-21T03:11:05,36.96310,-76.42016,0.0,55.8,188.0,OVERSEAS NIKISKI,IMO9353577,WDBH,80,5,183,32,12.2,80,A
636018193,2021-02-21T03:12:11,37.19815,-76.15024,15.7,18.1,16.0,HSL PARATY,IMO9311830,A8IY6,79,0,207,30,9.8,79,A
477770400,2021-02-21T03:15:19,36.87993,-76.33156,0.0,98.3,96.0,BAO MAY,IMO9410155,VRGV8,70,0,292,45,18.2,70,A
367359930,2021-02-21T03:12:06,36.82420,-76.28917,0.0,260.6,511.0,SUNNY WILLIAMS,,WDE4940,80,0,25,8,,80,A
367359930,2021-02-21T03:14:56,36.82420,-76.28915,0.0,263.5,511.0,SUNNY WILLIAMS,,WDE4940,80,0,25,8,,80,A
366842000,2021-02-21T03:12:13,36.85384,-76.31114,0.0,0.0,42.0,CAPE RACE,IMO7616377,KAFJ,70,5,197,32,10.0,,A
428405000,2021-02-21T03:12:33,36.90632,-76.32672,0.0,351.5,352.0,ZIM QINGDAO,IMO9318163,4XFC,71,5,261,32,9.9,71,A
368445000,2021-02-21T03:14:05,36.96311,-76.42015,0.0,55.8,188.0,OVERSEAS NIKISKI,IMO9353577,WDBH,80,5,183,32,12.2,80,A
303210000,2021-02-21T03:03:24,37.07903,-76.10212,18.0,150.1,148.0,PATRIOT,IMO9316139,WAIU,70,0,199,32,11.3,,A
367359930,2021-02-21T03:13:15,36.82419,-76.28917,0.0,261.5,511.0,SUNNY WILLIAMS,,WDE4940,80,0,25,8,,80,A
477770400,2021-02-21T03:11:49,36.87994,-76.33157,0.0,98.3,96.0,BAO MAY,IMO9410155,VRGV8,70,0,292,45,18.2,70,A
477950300,2021-02-21T03:18:33,36.87515,-76.34932,0.0,234.3,347.0,COSCO DEVELOPMENT,IMO9472139,VRIZ9,70,5,366,48,15.5,70,A
367865000,2021-02-21T03:20:19,36.88692,-76.33852,0.0,286.4,11.0,KANAWHA,IMO8704080,NPTD,80,5,206,29,,,A
303210000,2021-02-21T03:13:12,37.03917,-76.06775,17.6,142.3,141.0,PATRIOT,IMO9316139,WAIU,70,0,199,32,11.3,,A
367822000,2021-02-21T03:20:08,36.97308,-76.43388,0.0,0.0,511.0,USNS SHUGHART,IMO7825394,NAOQ,70,5,276,32,13.0,70,A
367353070,2021-02-21T03:18:01,36.94417,-76.32950,0.0,11.0,267.0,EVERGREEN STATE,IMO9408138,WDE4430,80,5,183,32,11.8,89,A
477770400,2021-02-21T03:16:39,36.87993,-76.33158,0.0,98.3,96.0,BAO MAY,IMO9410155,VRGV8,70,0,292,45,18.2,70,A
636018193,2021-02-21T03:16:35,37.21630,-76.14336,15.4,17.1,16.0,HSL PARATY,IMO9311830,A8IY6,79,0,207,30,9.8,79,A
636018193,2021-02-21T03:17:41,37.22080,-76.14164,15.4,17.1,16.0,HSL PARATY,IMO9311830,A8IY6,79,0,207,30,9.8,79,A
338846000,2021-02-21T03:19:46,36.86554,-76.31581,0.0,0.1,511.0,USNS MENDONCA,IMO9147320,NBMK,70,5,289,32,10.9,,A
366842000,2021-02-21T03:06:14,36.85383,-76.31118,0.0,0.0,42.0,CAPE RACE,IMO7616377,KAFJ,70,5,197,32,10.0,,A
366842000,2021-02-21T03:21:15,36.85384,-76.31120,0.0,0.0,42.0,CAPE RACE,IMO7616377,KAFJ,70,5,197,32,10.0,,A
636092329,2021-02-21T03:14:05,37.24624,-76.11860,0.0,168.6,357.0,BLUMENAU,IMO9605633,D5AL3,70,1,229,32,14.4,,A
368445000,2021-02-21T03:17:05,36.96308,-76.42013,0.0,55.8,188.0,OVERSEAS NIKISKI,IMO9353577,WDBH,80,5,183,32,12.2,80,A
477770400,2021-02-21T03:14:10,36.87994,-76.33156,0.0,98.3,96.0,BAO MAY,IMO9410155,VRGV8,70,0,292,45,18.2,70,A
255806078,2021-02-21T03:21:48,36.90935,-76.32718,0.1,306.9,352.0,NORTHERN MAGNUM,IMO9252541,CQIV4,71,5,300,40,11.3,71,A
367862000,2021-02-21T03:06:43,36.94820,-76.32973,0.0,35.7,280.0,JOSHUA HUMPHREYS,IMO8302428,NNJH,80,5,193,29,,,A
367353070,2021-02-21T03:15:02,36.94418,-76.32952,0.0,11.0,267.0,EVERGREEN STATE,IMO9408138,WDE4430,80,5,183,32,11.8,89,A
338678000,2021-02-21T03:21:30,36.91630,-76.16858,0.0,256.7,10.0,DOLORES CHOUEST,IMO8225931,WCP8847,70,5,54,12,4.0,35,A
367359930,2021-02-21T03:07:04,36.82420,-76.28915,0.0,262.3,511.0,SUNNY WILLIAMS,,WDE4940,80,0,25,8,,80,A
636018193,2021-02-21T03:22:05,37.23882,-76.13459,15.5,17.8,16.0,HSL PARATY,IMO9311830,A8IY6,79,0,207,30,9.8,79,A
636018193,2021-02-21T03:06:41,37.17440,-76.15302,15.7,352.9,354.0,HSL PARATY,IMO9311830,A8IY6,79,0,207,30,9.8,79,A
636018193,2021-02-21T03:18:46,37.22524,-76.13989,15.5,17.8,16.0,HSL PARATY,IMO9311830,A8IY6,79,0,207,30,9.8,79,A
538005622,2021-02-21T03:21:16,36.87957,-76.32623,0.0,5.7,276.0,SASEBO GREEN,IMO9675468,V7FN3,70,5,225,32,14.4,,A
538005622,2021-02-21T03:18:16,36.87958,-76.32623,0.0,5.7,277.0,SASEBO GREEN,IMO9675468,V7FN3,70,5,225,32,14.4,,A
366841000,2021-02-21T03:15:04,36.85330,-76.31055,0.0,0.0,511.0,CAPE RAY,IMO7530810,KAFI,70,5,197,32,10.0,,A
366841000,2021-02-21T03:21:06,36.85331,-76.31054,0.0,0.0,511.0,CAPE RAY,IMO7530810,KAFI,70,5,197,32,10.0,,A
366839000,2021-02-21T03:20:14,36.85355,-76.31084,0.0,0.0,40.0,CAPE RISE,IMO7530808,KAFG,70,5,197,32,10.0,,A
367821000,2021-02-21T03:19:54,36.97282,-76.43369,0.0,0.0,511.0,YANO,IMO7825409,NAQH,70,5,276,32,13.0,70,A
255806078,2021-02-21T03:15:46,36.90937,-76.32722,0.1,306.9,352.0,NORTHERN MAGNUM,IMO9252541,CQIV4,71,5,300,40,11.3,71,A
367821000,2021-02-21T03:22:53,36.97282,-76.43369,0.0,0.0,511.0,YANO,IMO7825409,NAQH,70,5,276,32,13.0,70,A
366841000,2021-02-21T03:24:06,36.85328,-76.31052,0.0,0.0,511.0,CAPE RAY,IMO7530810,KAFI,70,5,197,32,10.0,,A
636092329,2021-02-21T03:08:04,37.24628,-76.11853,0.1,168.6,356.0,BLUMENAU,IMO9605633,D5AL3,70,1,229,32,14.4,,A
255806078,2021-02-21T03:24:50,36.90938,-76.32717,0.1,306.9,352.0,NORTHERN MAGNUM,IMO9252541,CQIV4,71,5,300,40,11.3,71,A
368445000,2021-02-21T03:23:05,36.96310,-76.42013,0.0,55.8,188.0,OVERSEAS NIKISKI,IMO9353577,WDBH,80,5,183,32,12.2,80,A
368026000,2021-02-21T03:17:43,36.86578,-76.31605,0.0,224.2,511.0,BENAVIDEZ,IMO9218210,NBHG,70,5,289,32,10.9,70,A
477770400,2021-02-21T03:17:48,36.87994,-76.33157,0.0,98.3,96.0,BAO MAY,IMO9410155,VRGV8,70,0,292,45,18.2,70,A
477770400,2021-02-21T03:21:10,36.87993,-76.33157,0.0,98.3,96.0,BAO MAY,IMO9410155,VRGV8,70,0,292,45,18.2,70,A
367865000,2021-02-21T03:17:18,36.88695,-76.33855,0.0,286.4,11.0,KANAWHA,IMO8704080,NPTD,80,5,206,29,,,A
367865000,2021-02-21T03:23:18,36.88693,-76.33855,0.0,286.4,11.0,KANAWHA,IMO8704080,NPTD,80,5,206,29,,,A
368026000,2021-02-21T03:20:43,36.86575,-76.31603,0.1,224.2,511.0,BENAVIDEZ,IMO9218210,NBHG,70,5,289,32,10.9,70,A
636018193,2021-02-21T03:24:16,37.24774,-76.13104,15.5,18.2,16.0,HSL PARATY,IMO9311830,A8IY6,79,0,207,30,9.8,79,A
338846000,2021-02-21T03:16:47,36.86559,-76.31581,0.0,0.1,511.0,USNS MENDONCA,IMO9147320,NBMK,70,5,289,32,10.9,,A
368026000,2021-02-21T03:08:44,36.86574,-76.31601,0.0,224.2,511.0,BENAVIDEZ,IMO9218210,NBHG,70,5,289,32,10.9,70,A
373765000,2021-02-21T03:18:19,37.26322,-76.10583,0.0,74.2,356.0,AM CONTRECOEUR,IMO9583184,3FBX4,70,1,229,32,14.4,,A
366841000,2021-02-21T03:09:06,36.85328,-76.31051,0.0,0.0,511.0,CAPE RAY,IMO7530810,KAFI,70,5,197,32,10.0,,A
366841000,2021-02-21T03:18:07,36.85330,-76.31054,0.0,0.0,511.0,CAPE RAY,IMO7530810,KAFI,70,5,197,32,10.0,,A
255806078,2021-02-21T03:18:47,36.90937,-76.32720,0.1,306.9,352.0,NORTHERN MAGNUM,IMO9252541,CQIV4,71,5,300,40,11.3,71,A
255806078,2021-02-21T03:09:43,36.90950,-76.32717,0.1,306.9,352.0,NORTHERN MAGNUM,IMO9252541,CQIV4,71,5,300,40,11.3,71,A
367359930,2021-02-21T03:24:25,36.82420,-76.28913,0.0,278.6,511.0,SUNNY WILLIAMS,,WDE4940,80,0,25,8,,80,A
428405000,2021-02-21T03:24:35,36.90642,-76.32675,0.0,351.5,352.0,ZIM QINGDAO,IMO9318163,4XFC,71,5,261,32,9.9,71,A
428405000,2021-02-21T03:18:34,36.90623,-76.32669,0.0,351.5,352.0,ZIM QINGDAO,IMO9318163,4XFC,71,5,261,32,9.9,71,A
477770400,2021-02-21T03:18:49,36.87992,-76.33156,0.0,98.3,96.0,BAO MAY,IMO9410155,VRGV8,70,0,292,45,18.2,70,A
367359930,2021-02-21T03:10:25,36.82420,-76.28915,0.0,259.3,511.0,SUNNY WILLIAMS,,WDE4940,80,0,25,8,,80,A
636018193,2021-02-21T03:23:11,37.24330,-76.13279,15.4,17.8,16.0,HSL PARATY,IMO9311830,A8IY6,79,0,207,30,9.8,79,A
636018193,2021-02-21T03:19:53,37.22980,-76.13813,15.5,17.8,16.0,HSL PARATY,IMO9311830,A8IY6,79,0,207,30,9.8,79,A
356589000,2021-02-21T03:10:15,37.23802,-76.09473,0.0,279.2,350.0,DOUBLE FORTUNE,IMO9574119,3FHZ2,70,1,234,38,14.5,70,A
477770400,2021-02-21T03:10:39,36.87993,-76.33159,0.0,98.3,96.0,BAO MAY,IMO9410155,VRGV8,70,0,292,45,18.2,70,A
338273000,2021-02-21T03:19:05,36.96431,-76.35669,0.0,24.2,259.0,SLNC YORK,IMO9538907,WNCG,70,1,142,23,5.5,70,A
367822000,2021-02-21T03:11:08,36.97308,-76.43387,0.0,0.0,511.0,USNS SHUGHART,IMO7825394,NAOQ,70,5,276,32,13.0,70,A
356643000,2021-02-21T03:20:06,36.93754,-76.37767,0.3,197.1,273.0,ARKI,IMO9561801,3ENP3,70,1,170,27,9.7,70,A
636092329,2021-02-21T03:26:04,37.24626,-76.11847,0.1,168.6,355.0,BLUMENAU,IMO9605633,D5AL3,70,1,229,32,14.4,,A
477770400,2021-02-21T03:19:59,36.87993,-76.33157,0.0,98.3,96.0,BAO MAY,IMO9410155,VRGV8,70,0,292,45,18.2,70,A
338678000,2021-02-21T03:24:31,36.91623,-76.16841,0.0,266.7,10.0,DOLORES CHOUEST,IMO8225931,WCP8847,70,5,54,12,4.0,35,A
367359930,2021-02-21T03:25:36,36.82420,-76.28914,0.0,280.6,511.0,SUNNY WILLIAMS,,WDE4940,80,0,25,8,,80,A
428405000,2021-02-21T03:21:35,36.90626,-76.32671,0.0,351.5,352.0,ZIM QINGDAO,IMO9318163,4XFC,71,5,261,32,9.9,71,A
477950300,2021-02-21T03:24:31,36.87520,-76.34935,0.0,306.7,347.0,COSCO DEVELOPMENT,IMO9472139,VRIZ9,70,5,366,48,15.5,70,A
366839000,2021-02-21T03:26:15,36.85349,-76.31086,0.0,0.0,40.0,CAPE RISE,IMO7530808,KAFG,70,5,197,32,10.0,,A
366841000,2021-02-21T03:27:08,36.85330,-76.31052,0.0,0.0,511.0,CAPE RAY,IMO7530810,KAFI,70,5,197,32,10.0,,A
356589000,2021-02-21T03:25:12,37.23800,-76.09470,0.0,268.9,352.0,DOUBLE FORTUNE,IMO9574119,3FHZ2,70,1,234,38,14.5,70,A
367821000,2021-02-21T03:25:52,36.97282,-76.43368,0.0,0.0,511.0,YANO,IMO7825409,NAQH,70,5,276,32,13.0,70,A
636018193,2021-02-21T03:20:59,37.23439,-76.13634,15.4,16.7,16.0,HSL PARATY,IMO9311830,A8IY6,79,0,207,30,9.8,79,A
368445000,2021-02-21T03:20:05,36.96308,-76.42016,0.0,55.8,188.0,OVERSEAS NIKISKI,IMO9353577,WDBH,80,5,183,32,12.2,80,A
368026000,2021-02-21T03:11:43,36.86577,-76.31603,0.0,224.2,511.0,BENAVIDEZ,IMO9218210,NBHG,70,5,289,32,10.9,70,A
338846000,2021-02-21T03:25:46,36.86560,-76.31580,0.0,0.1,511.0,USNS MENDONCA,IMO9147320,NBMK,70,5,289,32,10.9,,A
367359930,2021-02-21T03:22:05,36.82420,-76.28915,0.0,277.3,511.0,SUNNY WILLIAMS,,WDE4940,80,0,25,8,,80,A
636092329,2021-02-21T03:23:02,37.24624,-76.11849,0.1,168.6,357.0,BLUMENAU,IMO9605633,D5AL3,70,1,229,32,14.4,,A
366842000,2021-02-21T03:27:13,36.85386,-76.31121,0.0,0.0,42.0,CAPE RACE,IMO7616377,KAFJ,70,5,197,32,10.0,,A
338273000,2021-02-21T03:28:05,36.96402,-76.35636,0.1,128.2,261.0,SLNC YORK,IMO9538907,WNCG,70,1,142,23,5.5,70,A
367359930,2021-02-21T03:27:54,36.82419,-76.28914,0.0,279.3,511.0,SUNNY WILLIAMS,,WDE4940,80,0,25,8,,80,A
338846000,2021-02-21T03:22:45,36.86554,-76.31578,0.0,0.1,511.0,USNS MENDONCA,IMO9147320,NBMK,70,5,289,32,10.9,,A
255806078,2021-02-21T03:12:45,36.90937,-76.32718,0.1,306.9,352.0,NORTHERN MAGNUM,IMO9252541,CQIV4,71,5,300,40,11.3,71,A
477770400,2021-02-21T03:23:30,36.87993,-76.33155,0.0,98.3,96.0,BAO MAY,IMO9410155,VRGV8,70,0,292,45,18.2,70,A
477950300,2021-02-21T03:21:34,36.87515,-76.34933,0.1,227.6,347.0,COSCO DEVELOPMENT,IMO9472139,VRIZ9,70,5,366,48,15.5,70,A
367359930,2021-02-21T03:21:04,36.82418,-76.28914,0.0,271.5,511.0,SUNNY WILLIAMS,,WDE4940,80,0,25,8,,80,A
367822000,2021-02-21T03:23:10,36.97308,-76.43387,0.0,0.0,511.0,USNS SHUGHART,IMO7825394,NAOQ,70,5,276,32,13.0,70,A
477950300,2021-02-21T03:27:33,36.87511,-76.34932,0.0,303.9,347.0,COSCO DEVELOPMENT,IMO9472139,VRIZ9,70,5,366,48,15.5,70,A
367862000,2021-02-21T03:21:45,36.94813,-76.32977,0.0,35.7,280.0,JOSHUA HUMPHREYS,IMO8302428,NNJH,80,5,193,29,,,A
366839000,2021-02-21T03:29:15,36.85349,-76.31083,0.0,0.0,40.0,CAPE RISE,IMO7530808,KAFG,70,5,197,32,10.0,,A
367359930,2021-02-21T03:28:55,36.82419,-76.28914,0.0,276.4,511.0,SUNNY WILLIAMS,,WDE4940,80,0,25,8,,80,A
477770400,2021-02-21T03:22:19,36.87994,-76.33157,0.0,98.3,96.0,BAO MAY,IMO9410155,VRGV8,70,0,292,45,18.2,70,A
367821000,2021-02-21T03:28:53,36.97282,-76.43368,0.0,0.0,511.0,YANO,IMO7825409,NAQH,70,5,276,32,13.0,70,A
367865000,2021-02-21T03:14:19,36.88695,-76.33857,0.0,286.4,11.0,KANAWHA,IMO8704080,NPTD,80,5,206,29,,,A
367862000,2021-02-21T03:24:44,36.94814,-76.32978,0.0,35.7,280.0,JOSHUA HUMPHREYS,IMO8302428,NNJH,80,5,193,29,,,A
356643000,2021-02-21T03:29:06,36.93733,-76.37770,0.1,229.3,282.0,ARKI,IMO9561801,3ENP3,70,1,170,27,9.7,70,A
367359930,2021-02-21T03:23:15,36.82420,-76.28914,0.0,277.6,511.0,SUNNY WILLIAMS,,WDE4940,80,0,25,8,,80,A
636018193,2021-02-21T03:15:29,37.21177,-76.14508,15.4,17.1,16.0,HSL PARATY,IMO9311830,A8IY6,79,0,207,30,9.8,79,A
368026000,2021-02-21T03:23:44,36.86577,-76.31605,0.0,224.2,511.0,BENAVIDEZ,IMO9218210,NBHG,70,5,289,32,10.9,70,A
338846000,2021-02-21T03:28:46,36.86563,-76.31585,0.0,0.1,511.0,USNS MENDONCA,IMO9147320,NBMK,70,5,289,32,10.9,,A
367822000,2021-02-21T03:26:09,36.97309,-76.43390,0.0,0.0,511.0,USNS SHUGHART,IMO7825394,NAOQ,70,5,276,32,13.0,70,A
477770400,2021-02-21T03:24:39,36.87993,-76.33155,0.0,98.3,96.0,BAO MAY,IMO9410155,VRGV8,70,0,292,45,18.2,70,A
367359930,2021-02-21T03:16:04,36.82419,-76.28914,0.0,262.4,511.0,SUNNY WILLIAMS,,WDE4940,80,0,25,8,,80,A
367359930,2021-02-21T03:26:45,36.82419,-76.28913,0.0,277.8,511.0,SUNNY WILLIAMS,,WDE4940,80,0,25,8,,80,A
636018193,2021-02-21T03:30:53,37.27451,-76.12056,15.1,17.1,16.0,HSL PARATY,IMO9311830,A8IY6,79,0,207,30,9.8,79,A
636018193,2021-02-21T03:29:47,37.27009,-76.12229,15.0,18.2,16.0,HSL PARATY,IMO9311830,A8IY6,79,0,207,30,9.8,79,A
373765000,2021-02-21T03:27:21,37.26325,-76.10580,0.1,74.2,355.0,AM CONTRECOEUR,IMO9583184,3FBX4,70,1,229,32,14.4,,A
367862000,2021-02-21T03:27:45,36.94817,-76.32979,0.0,35.7,280.0,JOSHUA HUMPHREYS,IMO8302428,NNJH,80,5,193,29,,,A
366841000,2021-02-21T03:30:06,36.85328,-76.31053,0.0,0.0,511.0,CAPE RAY,IMO7530810,KAFI,70,5,197,32,10.0,,A
356589000,2021-02-21T03:28:15,37.23804,-76.09465,0.1,54.9,352.0,DOUBLE FORTUNE,IMO9574119,3FHZ2,70,1,234,38,14.5,70,A
338678000,2021-02-21T03:30:30,36.91622,-76.16847,0.0,271.2,10.0,DOLORES CHOUEST,IMO8225931,WCP8847,70,5,54,12,4.0,35,A
477950300,2021-02-21T03:30:32,36.87513,-76.34933,0.0,272.7,347.0,COSCO DEVELOPMENT,IMO9472139,VRIZ9,70,5,366,48,15.5,70,A
367865000,2021-02-21T03:26:18,36.88692,-76.33854,0.0,286.4,11.0,KANAWHA,IMO8704080,NPTD,80,5,206,29,,,A
255806078,2021-02-21T03:30:51,36.90935,-76.32718,0.1,306.9,352.0,NORTHERN MAGNUM,IMO9252541,CQIV4,71,5,300,40,11.3,71,A
356643000,2021-02-21T03:17:06,36.93769,-76.37762,0.0,3.9,270.0,ARKI,IMO9561801,3ENP3,70,1,170,27,9.7,70,A
367359930,2021-02-21T03:32:25,36.82420,-76.28914,0.0,286.5,511.0,SUNNY WILLIAMS,,WDE4940,80,0,25,8,,80,A
477770400,2021-02-21T03:25:49,36.87995,-76.33154,0.0,98.3,96.0,BAO MAY,IMO9410155,VRGV8,70,0,292,45,18.2,70,A
356589000,2021-02-21T03:31:14,37.23805,-76.09461,0.0,66.7,352.0,DOUBLE FORTUNE,IMO9574119,3FHZ2,70,1,234,38,14.5,70,A
428405000,2021-02-21T03:27:33,36.90625,-76.32669,0.0,351.5,352.0,ZIM QINGDAO,IMO9318163,4XFC,71,5,261,32,9.9,71,A
636018193,2021-02-21T03:32:59,37.28292,-76.11727,15.0,18.2,16.0,HSL PARATY,IMO9311830,A8IY6,79,0,207,30,9.8,79,A
636018193,2021-02-21T03:27:34,37.26119,-76.12576,15.3,17.1,16.0,HSL PARATY,IMO9311830,A8IY6,79,0,207,30,9.8,79,A
477770400,2021-02-21T03:27:58,36.87994,-76.33157,0.0,98.3,96.0,BAO MAY,IMO9410155,VRGV8,70,0,292,45,18.2,70,A
538005622,2021-02-21T03:27:16,36.87958,-76.32624,0.0,5.7,276.0,SASEBO GREEN,IMO9675468,V7FN3,70,5,225,32,14.4,,A
367862000,2021-02-21T03:18:45,36.94813,-76.32979,0.0,35.7,280.0,JOSHUA HUMPHREYS,IMO8302428,NNJH,80,5,193,29,,,A
367822000,2021-02-21T03:29:09,36.97308,-76.43388,0.0,0.0,511.0,USNS SHUGHART,IMO7825394,NAOQ,70,5,276,32,13.0,70,A
338678000,2021-02-21T03:18:30,36.91622,-76.16852,0.0,263.0,10.0,DOLORES CHOUEST,IMO8225931,WCP8847,70,5,54,12,4.0,35,A
368445000,2021-02-21T03:32:05,36.96311,-76.42011,0.0,55.8,188.0,OVERSEAS NIKISKI,IMO9353577,WDBH,80,5,183,32,12.2,80,A
477770400,2021-02-21T03:29:10,36.87995,-76.33157,0.0,98.3,96.0,BAO MAY,IMO9410155,VRGV8,70,0,292,45,18.2,70,A
368026000,2021-02-21T03:26:43,36.86577,-76.31603,0.0,224.2,511.0,BENAVIDEZ,IMO9218210,NBHG,70,5,289,32,10.9,70,A
368445000,2021-02-21T03:29:05,36.96308,-76.42015,0.0,55.8,188.0,OVERSEAS NIKISKI,IMO9353577,WDBH,80,5,183,32,12.2,80,A
636092329,2021-02-21T03:20:04,37.24626,-76.11857,0.1,168.6,358.0,BLUMENAU,IMO9605633,D5AL3,70,1,229,32,14.4,,A
366842000,2021-02-21T03:33:13,36.85381,-76.31122,0.0,0.0,42.0,CAPE RACE,IMO7616377,KAFJ,70,5,197,32,10.0,,A
367359930,2021-02-21T03:19:56,36.82418,-76.28914,0.0,269.1,511.0,SUNNY WILLIAMS,,WDE4940,80,0,25,8,,80,A
356589000,2021-02-21T03:34:13,37.23806,-76.09456,0.0,39.5,350.0,DOUBLE FORTUNE,IMO9574119,3FHZ2,70,1,234,38,14.5,70,A
367822000,2021-02-21T03:35:10,36.97308,-76.43387,0.0,0.0,511.0,USNS SHUGHART,IMO7825394,NAOQ,70,5,276,32,13.0,70,A
367862000,2021-02-21T03:33:45,36.94823,-76.32974,0.0,35.7,280.0,JOSHUA HUMPHREYS,IMO8302428,NNJH,80,5,193,29,,,A
366839000,2021-02-21T03:35:16,36.85350,-76.31082,0.0,0.0,40.0,CAPE RISE,IMO7530808,KAFG,70,5,197,32,10.0,,A
356643000,2021-02-21T03:32:05,36.93729,-76.37770,0.1,222.8,283.0,ARKI,IMO9561801,3ENP3,70,1,170,27,9.7,70,A
255806078,2021-02-21T03:27:50,36.90935,-76.32718,0.1,306.9,352.0,NORTHERN MAGNUM,IMO9252541,CQIV4,71,5,300,40,11.3,71,A
367865000,2021-02-21T03:32:18,36.88694,-76.33858,0.0,286.4,11.0,KANAWHA,IMO8704080,NPTD,80,5,206,29,,,A
636018193,2021-02-21T03:35:10,37.29171,-76.11372,15.1,16.9,20.0,HSL PARATY,IMO9311830,A8IY6,79,0,207,30,9.8,79,A
636018193,2021-02-21T03:28:41,37.26567,-76.12401,15.1,17.1,16.0,HSL PARATY,IMO9311830,A8IY6,79,0,207,30,9.8,79,A
338846000,2021-02-21T03:31:45,36.86558,-76.31583,0.0,0.1,511.0,USNS MENDONCA,IMO9147320,NBMK,70,5,289,32,10.9,,A
636092329,2021-02-21T03:32:04,37.24623,-76.11837,0.1,168.6,355.0,BLUMENAU,IMO9605633,D5AL3,70,1,229,32,14.4,,A
338273000,2021-02-21T03:22:05,36.96427,-76.35668,0.1,24.2,259.0,SLNC YORK,IMO9538907,WNCG,70,1,142,23,5.5,70,A
477770400,2021-02-21T03:32:39,36.87996,-76.33158,0.0,98.3,96.0,BAO MAY,IMO9410155,VRGV8,70,0,292,45,18.2,70,A
338273000,2021-02-21T03:34:05,36.96391,-76.35636,0.0,128.2,269.0,SLNC YORK,IMO9538907,WNCG,70,1,142,23,5.5,70,A
477770400,2021-02-21T03:33:49,36.87995,-76.33158,0.0,98.3,96.0,BAO MAY,IMO9410155,VRGV8,70,0,292,45,18.2,70,A
367865000,2021-02-21T03:29:19,36.88696,-76.33859,0.0,286.4,11.0,KANAWHA,IMO8704080,NPTD,80,5,206,29,,,A
366839000,2021-02-21T03:38:15,36.85350,-76.31081,0.0,0.0,40.0,CAPE RISE,IMO7530808,KAFG,70,5,197,32,10.0,,A
367821000,2021-02-21T03:37:53,36.97283,-76.43368,0.0,0.0,511.0,YANO,IMO7825409,NAQH,70,5,276,32,13.0,70,A
373765000,2021-02-21T03:30:20,37.26324,-76.10582,0.1,74.2,354.0,AM CONTRECOEUR,IMO9583184,3FBX4,70,1,229,32,14.4,,A
636092329,2021-02-21T03:38:03,37.24622,-76.11832,0.1,211.8,352.0,BLUMENAU,IMO9605633,D5AL3,70,1,229,32,14.4,,A
367865000,2021-02-21T03:38:19,36.88695,-76.33855,0.0,286.4,11.0,KANAWHA,IMO8704080,NPTD,80,5,206,29,,,A
428405000,2021-02-21T03:30:35,36.90611,-76.32660,0.0,351.4,351.0,ZIM QINGDAO,IMO9318163,4XFC,71,5,261,32,9.9,71,A
477770400,2021-02-21T03:31:30,36.87994,-76.33158,0.0,98.3,96.0,BAO MAY,IMO9410155,VRGV8,70,0,292,45,18.2,70,A
636018193,2021-02-21T03:38:23,37.30346,-76.10488,15.2,32.2,30.0,HSL PARATY,IMO9311830,A8IY6,79,0,207,30,9.8,79,A
477770400,2021-02-21T03:38:39,36.87995,-76.33156,0.0,98.3,96.0,BAO MAY,IMO9410155,VRGV8,70,0,292,45,18.2,70,A
255806078,2021-02-21T03:33:54,36.90937,-76.32720,0.1,306.9,352.0,NORTHERN MAGNUM,IMO9252541,CQIV4,71,5,300,40,11.3,71,A
367821000,2021-02-21T03:34:54,36.97283,-76.43368,0.0,0.0,511.0,YANO,IMO7825409,NAQH,70,5,276,32,13.0,70,A
538005622,2021-02-21T03:30:16,36.87955,-76.32624,0.0,5.7,276.0,SASEBO GREEN,IMO9675468,V7FN3,70,5,225,32,14.4,,A
367865000,2021-02-21T03:35:18,36.88697,-76.33854,0.0,286.4,11.0,KANAWHA,IMO8704080,NPTD,80,5,206,29,,,A
636018193,2021-02-21T03:31:54,37.27857,-76.11896,15.0,17.9,16.0,HSL PARATY,IMO9311830,A8IY6,79,0,207,30,9.8,79,A
636018193,2021-02-21T03:39:28,37.30732,-76.10175,15.1,33.4,30.0,HSL PARATY,IMO9311830,A8IY6,79,0,207,30,9.8,79,A
428405000,2021-02-21T03:39:34,36.90630,-76.32670,0.0,351.4,351.0,ZIM QINGDAO,IMO9318163,4XFC,71,5,261,32,9.9,71,A
366842000,2021-02-21T03:39:14,36.85385,-76.31118,0.0,0.0,42.0,CAPE RACE,IMO7616377,KAFJ,70,5,197,32,10.0,,A
367821000,2021-02-21T03:31:53,36.97282,-76.43368,0.0,0.0,511.0,YANO,IMO7825409,NAQH,70,5,276,32,13.0,70,A
367359930,2021-02-21T03:36:05,36.82419,-76.28914,0.0,289.7,511.0,SUNNY WILLIAMS,,WDE4940,80,0,25,8,,80,A
368026000,2021-02-21T03:35:44,36.86579,-76.31605,0.0,224.2,511.0,BENAVIDEZ,IMO9218210,NBHG,70,5,289,32,10.9,70,A
368445000,2021-02-21T03:35:05,36.96309,-76.42011,0.0,55.8,188.0,OVERSEAS NIKISKI,IMO9353577,WDBH,80,5,183,32,12.2,80,A
538005622,2021-02-21T03:39:16,36.87958,-76.32622,0.0,5.7,276.0,SASEBO GREEN,IMO9675468,V7FN3,70,5,225,32,14.4,,A
338273000,2021-02-21T03:40:05,36.96381,-76.35633,0.1,128.2,274.0,SLNC YORK,IMO9538907,WNCG,70,1,142,23,5.5,70,A
636018193,2021-02-21T03:25:23,37.25231,-76.12926,15.4,17.1,16.0,HSL PARATY,IMO9311830,A8IY6,79,0,207,30,9.8,79,A
636018193,2021-02-21T03:40:29,37.31077,-76.09896,15.0,33.4,30.0,HSL PARATY,IMO9311830,A8IY6,79,0,207,30,9.8,79,A
477950300,2021-02-21T03:36:35,36.87518,-76.34924,0.1,293.5,347.0,COSCO DEVELOPMENT,IMO9472139,VRIZ9,70,5,366,48,15.5,70,A
367359930,2021-02-21T03:40:45,36.82420,-76.28913,0.0,285.6,511.0,SUNNY WILLIAMS,,WDE4940,80,0,25,8,,80,A
636092329,2021-02-21T03:41:03,37.24623,-76.11842,0.0,281.7,355.0,BLUMENAU,IMO9605633,D5AL3,70,1,229,32,14.4,,A
356643000,2021-02-21T03:26:04,36.93735,-76.37770,0.1,269.7,281.0,ARKI,IMO9561801,3ENP3,70,1,170,27,9.7,70,A
477770400,2021-02-21T03:40:59,36.87993,-76.33156,0.0,98.3,96.0,BAO MAY,IMO9410155,VRGV8,70,0,292,45,18.2,70,A
367821000,2021-02-21T03:40:53,36.97283,-76.43368,0.0,0.0,511.0,YANO,IMO7825409,NAQH,70,5,276,32,13.0,70,A
338678000,2021-02-21T03:36:30,36.91629,-76.16846,0.0,271.9,9.0,DOLORES CHOUEST,IMO8225931,WCP8847,70,5,54,12,4.0,35,A
367822000,2021-02-21T03:41:09,36.97309,-76.43387,0.0,0.0,511.0,USNS SHUGHART,IMO7825394,NAOQ,70,5,276,32,13.0,70,A
367359930,2021-02-21T03:41:55,36.82421,-76.28913,0.0,284.1,511.0,SUNNY WILLIAMS,,WDE4940,80,0,25,8,,80,A
367359930,2021-02-21T03:37:15,36.82419,-76.28913,0.0,289.8,511.0,SUNNY WILLIAMS,,WDE4940,80,0,25,8,,80,A
366841000,2021-02-21T03:42:03,36.85327,-76.31050,0.0,0.0,511.0,CAPE RAY,IMO7530810,KAFI,70,5,197,32,10.0,,A
477770400,2021-02-21T03:37:19,36.87994,-76.33157,0.0,98.3,96.0,BAO MAY,IMO9410155,VRGV8,70,0,292,45,18.2,70,A
636018193,2021-02-21T03:37:17,37.29951,-76.10808,15.5,33.3,30.0,HSL PARATY,IMO9311830,A8IY6,79,0,207,30,9.8,79,A
338678000,2021-02-21T03:33:30,36.91635,-76.16850,0.0,272.8,10.0,DOLORES CHOUEST,IMO8225931,WCP8847,70,5,54,12,4.0,35,A
368445000,2021-02-21T03:41:05,36.96306,-76.42015,0.0,55.8,188.0,OVERSEAS NIKISKI,IMO9353577,WDBH,80,5,183,32,12.2,80,A
356589000,2021-02-21T03:37:12,37.23813,-76.09444,0.1,261.6,348.0,DOUBLE FORTUNE,IMO9574119,3FHZ2,70,1,234,38,14.5,70,A
338678000,2021-02-21T03:42:30,36.91622,-76.16844,0.0,278.3,10.0,DOLORES CHOUEST,IMO8225931,WCP8847,70,5,54,12,4.0,35,A
367359930,2021-02-21T03:34:56,36.82418,-76.28915,0.0,289.3,511.0,SUNNY WILLIAMS,,WDE4940,80,0,25,8,,80,A
367359930,2021-02-21T03:38:25,36.82419,-76.28913,0.0,292.6,511.0,SUNNY WILLIAMS,,WDE4940,80,0,25,8,,80,A
367359930,2021-02-21T03:43:05,36.82422,-76.28912,0.0,285.6,511.0,SUNNY WILLIAMS,,WDE4940,80,0,25,8,,80,A
368026000,2021-02-21T03:38:44,36.86577,-76.31604,0.0,224.2,511.0,BENAVIDEZ,IMO9218210,NBHG,70,5,289,32,10.9,70,A
367862000,2021-02-21T03:39:44,36.94816,-76.32976,0.0,35.7,280.0,JOSHUA HUMPHREYS,IMO8302428,NNJH,80,5,193,29,,,A
477770400,2021-02-21T03:35:00,36.87994,-76.33157,0.0,98.3,96.0,BAO MAY,IMO9410155,VRGV8,70,0,292,45,18.2,70,A
428405000,2021-02-21T03:42:35,36.90629,-76.32674,0.0,351.5,352.0,ZIM QINGDAO,IMO9318163,4XFC,71,5,261,32,9.9,71,A
477950300,2021-02-21T03:42:34,36.87503,-76.34914,0.2,33.0,347.0,COSCO DEVELOPMENT,IMO9472139,VRIZ9,70,5,366,48,15.5,70,A
366839000,2021-02-21T03:44:14,36.85348,-76.31081,0.0,0.0,40.0,CAPE RISE,IMO7530808,KAFG,70,5,197,32,10.0,,A
636018193,2021-02-21T03:36:11,37.29552,-76.11128,15.4,27.1,29.0,HSL PARATY,IMO9311830,A8IY6,79,0,207,30,9.8,79,A
255806078,2021-02-21T03:36:54,36.90938,-76.32718,0.1,306.9,352.0,NORTHERN MAGNUM,IMO9252541,CQIV4,71,5,300,40,11.3,71,A
255806078,2021-02-21T03:45:56,36.90933,-76.32717,0.1,306.9,352.0,NORTHERN MAGNUM,IMO9252541,CQIV4,71,5,300,40,11.3,71,A
366839000,2021-02-21T03:41:16,36.85349,-76.31082,0.0,0.0,40.0,CAPE RISE,IMO7530808,KAFG,70,5,197,32,10.0,,A
367359930,2021-02-21T03:45:35,36.82419,-76.28913,0.0,279.7,511.0,SUNNY WILLIAMS,,WDE4940,80,0,25,8,,80,A
367359930,2021-02-21T03:31:15,36.82419,-76.28914,0.0,283.7,511.0,SUNNY WILLIAMS,,WDE4940,80,0,25,8,,80,A
338273000,2021-02-21T03:46:05,36.96358,-76.35631,0.1,135.9,283.0,SLNC YORK,IMO9538907,WNCG,70,1,142,23,5.5,70,A
338273000,2021-02-21T03:37:04,36.96384,-76.35629,0.0,128.2,272.0,SLNC YORK,IMO9538907,WNCG,70,1,142,23,5.5,70,A
636092329,2021-02-21T03:44:02,37.24624,-76.11845,0.0,281.7,355.0,BLUMENAU,IMO9605633,D5AL3,70,1,229,32,14.4,,A
338846000,2021-02-21T03:37:47,36.86564,-76.31584,0.0,0.1,511.0,USNS MENDONCA,IMO9147320,NBMK,70,5,289,32,10.9,,A
636018193,2021-02-21T03:41:35,37.31469,-76.09581,15.0,32.4,29.0,HSL PARATY,IMO9311830,A8IY6,79,0,207,30,9.8,79,A
367865000,2021-02-21T03:47:18,36.88696,-76.33849,0.0,286.4,11.0,KANAWHA,IMO8704080,NPTD,80,5,206,29,,,A
356589000,2021-02-21T03:46:14,37.23807,-76.09463,0.0,232.9,350.0,DOUBLE FORTUNE,IMO9574119,3FHZ2,70,1,234,38,14.5,70,A
636018193,2021-02-21T03:44:54,37.32694,-76.08884,14.6,21.1,20.0,HSL PARATY,IMO9311830,A8IY6,79,0,207,30,9.8,79,A
356643000,2021-02-21T03:47:05,36.93743,-76.37766,0.1,19.7,278.0,ARKI,IMO9561801,3ENP3,70,1,170,27,9.7,70,A
367822000,2021-02-21T03:32:10,36.97308,-76.43387,0.0,0.0,511.0,USNS SHUGHART,IMO7825394,NAOQ,70,5,276,32,13.0,70,A
338273000,2021-02-21T03:43:05,36.96369,-76.35638,0.2,156.4,277.0,SLNC YORK,IMO9538907,WNCG,70,1,142,23,5.5,70,A
367353070,2021-02-21T03:42:01,36.94418,-76.32950,0.0,11.0,267.0,EVERGREEN STATE,IMO9408138,WDE4430,80,5,183,32,11.8,89,A
366842000,2021-02-21T03:42:17,36.85382,-76.31118,0.0,0.0,42.0,CAPE RACE,IMO7616377,KAFJ,70,5,197,32,10.0,,A
367862000,2021-02-21T03:42:44,36.94817,-76.32976,0.0,35.7,280.0,JOSHUA HUMPHREYS,IMO8302428,NNJH,80,5,193,29,,,A
367862000,2021-02-21T03:45:45,36.94812,-76.32982,0.0,35.7,280.0,JOSHUA HUMPHREYS,IMO8302428,NNJH,80,5,193,29,,,A
255806078,2021-02-21T03:42:57,36.90938,-76.32720,0.1,306.9,352.0,NORTHERN MAGNUM,IMO9252541,CQIV4,71,5,300,40,11.3,71,A
367822000,2021-02-21T03:44:09,36.97310,-76.43387,0.0,0.0,511.0,USNS SHUGHART,IMO7825394,NAOQ,70,5,276,32,13.0,70,A
636092329,2021-02-21T03:47:05,37.24624,-76.11838,0.1,281.7,355.0,BLUMENAU,IMO9605633,D5AL3,70,1,229,32,14.4,,A
373765000,2021-02-21T03:39:18,37.26324,-76.10595,0.1,74.2,358.0,AM CONTRECOEUR,IMO9583184,3FBX4,70,1,229,32,14.4,,A
338678000,2021-02-21T03:39:30,36.91625,-76.16843,0.0,277.5,10.0,DOLORES CHOUEST,IMO8225931,WCP8847,70,5,54,12,4.0,35,A
368026000,2021-02-21T03:32:44,36.86579,-76.31603,0.0,224.2,511.0,BENAVIDEZ,IMO9218210,NBHG,70,5,289,32,10.9,70,A
366841000,2021-02-21T03:48:05,36.85327,-76.31056,0.0,0.0,511.0,CAPE RAY,IMO7530810,KAFI,70,5,197,32,10.0,,A
477770400,2021-02-21T03:43:19,36.87995,-76.33157,0.0,98.3,96.0,BAO MAY,IMO9410155,VRGV8,70,0,292,45,18.2,70,A
338846000,2021-02-21T03:46:47,36.86555,-76.31579,0.0,0.1,511.0,USNS MENDONCA,IMO9147320,NBMK,70,5,289,32,10.9,,A
367353070,2021-02-21T03:45:01,36.94418,-76.32948,0.0,11.0,267.0,EVERGREEN STATE,IMO9408138,WDE4430,80,5,183,32,11.8,89,A
477950300,2021-02-21T03:33:35,36.87512,-76.34931,0.0,295.7,347.0,COSCO DEVELOPMENT,IMO9472139,VRIZ9,70,5,366,48,15.5,70,A
367862000,2021-02-21T03:48:45,36.94806,-76.32981,0.0,35.7,280.0,JOSHUA HUMPHREYS,IMO8302428,NNJH,80,5,193,29,,,A
373765000,2021-02-21T03:45:16,37.26324,-76.10588,0.0,74.2,356.0,AM CONTRECOEUR,IMO9583184,3FBX4,70,1,229,32,14.4,,A
356589000,2021-02-21T03:49:11,37.23813,-76.09461,0.0,76.7,350.0,DOUBLE FORTUNE,IMO9574119,3FHZ2,70,1,234,38,14.5,70,A
356589000,2021-02-21T03:40:11,37.23803,-76.09457,0.1,271.1,348.0,DOUBLE FORTUNE,IMO9574119,3FHZ2,70,1,234,38,14.5,70,A
477950300,2021-02-21T03:39:33,36.87513,-76.34927,0.0,274.2,348.0,COSCO DEVELOPMENT,IMO9472139,VRIZ9,70,5,366,48,15.5,70,A
477950300,2021-02-21T03:45:34,36.87514,-76.34894,0.2,89.1,343.0,COSCO DEVELOPMENT,IMO9472139,VRIZ9,70,5,366,48,15.5,70,A
255806078,2021-02-21T03:39:57,36.90940,-76.32713,0.1,306.9,352.0,NORTHERN MAGNUM,IMO9252541,CQIV4,71,5,300,40,11.3,71,A
636018193,2021-02-21T03:45:59,37.33106,-76.08679,14.8,21.9,20.0,HSL PARATY,IMO9311830,A8IY6,79,0,207,30,9.8,79,A
368026000,2021-02-21T03:47:44,36.86576,-76.31603,0.1,224.2,511.0,BENAVIDEZ,IMO9218210,NBHG,70,5,289,32,10.9,70,A
428405000,2021-02-21T03:45:35,36.90630,-76.32674,0.0,351.5,352.0,ZIM QINGDAO,IMO9318163,4XFC,71,5,261,32,9.9,71,A
338678000,2021-02-21T03:45:30,36.91624,-76.16847,0.0,280.3,10.0,DOLORES CHOUEST,IMO8225931,WCP8847,70,5,54,12,4.0,35,A
367865000,2021-02-21T03:44:18,36.88698,-76.33855,0.0,286.4,11.0,KANAWHA,IMO8704080,NPTD,80,5,206,29,,,A
477770400,2021-02-21T03:39:50,36.87994,-76.33156,0.0,98.3,96.0,BAO MAY,IMO9410155,VRGV8,70,0,292,45,18.2,70,A
356643000,2021-02-21T03:41:08,36.93739,-76.37769,0.2,286.0,279.0,ARKI,IMO9561801,3ENP3,70,1,170,27,9.7,70,A
367822000,2021-02-21T03:50:08,36.97310,-76.43387,0.0,0.0,511.0,USNS SHUGHART,IMO7825394,NAOQ,70,5,276,32,13.0,70,A
338273000,2021-02-21T03:49:05,36.96347,-76.35638,0.0,208.5,288.0,SLNC YORK,IMO9538907,WNCG,70,1,142,23,5.5,70,A
338846000,2021-02-21T03:49:46,36.86556,-76.31581,0.0,0.1,511.0,USNS MENDONCA,IMO9147320,NBMK,70,5,289,32,10.9,,A
538005622,2021-02-21T03:48:16,36.87956,-76.32623,0.0,5.7,276.0,SASEBO GREEN,IMO9675468,V7FN3,70,5,225,32,14.4,,A
356643000,2021-02-21T03:35:08,36.93727,-76.37773,0.0,246.9,283.0,ARKI,IMO9561801,3ENP3,70,1,170,27,9.7,70,A
477770400,2021-02-21T03:50:18,36.87993,-76.33157,0.0,98.3,96.0,BAO MAY,IMO9410155,VRGV8,70,0,292,45,18.2,70,A
636092329,2021-02-21T03:50:03,37.24625,-76.11829,0.1,281.7,354.0,BLUMENAU,IMO9605633,D5AL3,70,1,229,32,14.4,,A
366842000,2021-02-21T03:45:14,36.85382,-76.31121,0.0,0.0,42.0,CAPE RACE,IMO7616377,KAFJ,70,5,197,32,10.0,,A
366842000,2021-02-21T03:48:17,36.85382,-76.31121,0.0,0.0,42.0,CAPE RACE,IMO7616377,KAFJ,70,5,197,32,10.0,,A
366841000,2021-02-21T03:36:05,36.85332,-76.31054,0.0,0.0,511.0,CAPE RAY,IMO7530810,KAFI,70,5,197,32,10.0,,A
373765000,2021-02-21T03:48:19,37.26328,-76.10594,0.1,74.2,358.0,AM CONTRECOEUR,IMO9583184,3FBX4,70,1,229,32,14.4,,A
367821000,2021-02-21T03:49:53,36.97286,-76.43364,0.0,0.0,511.0,YANO,IMO7825409,NAQH,70,5,276,32,13.0,70,A
367865000,2021-02-21T03:50:19,36.88696,-76.33849,0.0,286.4,11.0,KANAWHA,IMO8704080,NPTD,80,5,206,29,,,A
366839000,2021-02-21T03:47:15,36.85349,-76.31081,0.0,0.0,40.0,CAPE RISE,IMO7530808,KAFG,70,5,197,32,10.0,,A
367359930,2021-02-21T03:49:15,36.82418,-76.28914,0.0,284.0,511.0,SUNNY WILLIAMS,,WDE4940,80,0,25,8,,80,A
538005622,2021-02-21T03:45:16,36.87956,-76.32623,0.0,5.7,276.0,SASEBO GREEN,IMO9675468,V7FN3,70,5,225,32,14.4,,A
428405000,2021-02-21T03:48:34,36.90627,-76.32669,0.0,351.4,351.0,ZIM QINGDAO,IMO9318163,4XFC,71,5,261,32,9.9,71,A
367862000,2021-02-21T03:36:45,36.94820,-76.32975,0.0,35.7,280.0,JOSHUA HUMPHREYS,IMO8302428,NNJH,80,5,193,29,,,A
538005622,2021-02-21T03:36:16,36.87958,-76.32623,0.0,5.7,276.0,SASEBO GREEN,IMO9675468,V7FN3,70,5,225,32,14.4,,A
368445000,2021-02-21T03:47:05,36.96308,-76.42015,0.0,55.8,188.0,OVERSEAS NIKISKI,IMO9353577,WDBH,80,5,183,32,12.2,80,A
356643000,2021-02-21T03:50:05,36.93749,-76.37766,0.1,308.2,276.0,ARKI,IMO9561801,3ENP3,70,1,170,27,9.7,70,A
477770400,2021-02-21T03:44:30,36.87994,-76.33157,0.0,98.3,96.0,BAO MAY,IMO9410155,VRGV8,70,0,292,45,18.2,70,A
367359930,2021-02-21T03:44:15,36.82421,-76.28911,0.0,284.9,511.0,SUNNY WILLIAMS,,WDE4940,80,0,25,8,,80,A
368445000,2021-02-21T03:38:05,36.96307,-76.42015,0.0,55.8,188.0,OVERSEAS NIKISKI,IMO9353577,WDBH,80,5,183,32,12.2,80,A
368026000,2021-02-21T03:50:43,36.86576,-76.31605,0.0,224.2,511.0,BENAVIDEZ,IMO9218210,NBHG,70,5,289,32,10.9,70,A
366841000,2021-02-21T03:45:03,36.85327,-76.31054,0.0,0.0,511.0,CAPE RAY,IMO7530810,KAFI,70,5,197,32,10.0,,A
477950300,2021-02-21T03:51:33,36.87487,-76.34775,1.0,99.8,1.0,COSCO DEVELOPMENT,IMO9472139,VRIZ9,70,5,366,48,15.5,70,A
367359930,2021-02-21T03:46:45,36.82417,-76.28912,0.0,282.3,511.0,SUNNY WILLIAMS,,WDE4940,80,0,25,8,,80,A
366839000,2021-02-21T03:50:10,36.85351,-76.31081,0.0,0.0,40.0,CAPE RISE,IMO7530808,KAFG,70,5,197,32,10.0,,A
356643000,2021-02-21T03:38:08,36.93731,-76.37771,0.1,346.9,282.0,ARKI,IMO9561801,3ENP3,70,1,170,27,9.7,70,A
367822000,2021-02-21T03:38:10,36.97308,-76.43387,0.0,0.0,511.0,USNS SHUGHART,IMO7825394,NAOQ,70,5,276,32,13.0,70,A
366841000,2021-02-21T03:39:05,36.85327,-76.31053,0.0,0.0,511.0,CAPE RAY,IMO7530810,KAFI,70,5,197,32,10.0,,A
356589000,2021-02-21T03:52:11,37.23808,-76.09450,0.0,76.7,349.0,DOUBLE FORTUNE,IMO9574119,3FHZ2,70,1,234,38,14.5,70,A
367862000,2021-02-21T03:54:45,36.94817,-76.32985,0.0,35.7,280.0,JOSHUA HUMPHREYS,IMO8302428,NNJH,80,5,193,29,,,A
477770400,2021-02-21T03:51:29,36.87992,-76.33158,0.0,98.3,96.0,BAO MAY,IMO9410155,VRGV8,70,0,292,45,18.2,70,A
366841000,2021-02-21T03:51:07,36.85324,-76.31051,0.0,0.0,511.0,CAPE RAY,IMO7530810,KAFI,70,5,197,32,10.0,,A
367353070,2021-02-21T03:48:01,36.94418,-76.32948,0.0,11.0,267.0,EVERGREEN STATE,IMO9408138,WDE4430,80,5,183,32,11.8,89,A
636092329,2021-02-21T03:53:06,37.24625,-76.11830,0.1,281.7,353.0,BLUMENAU,IMO9605633,D5AL3,70,1,229,32,14.4,,A
367862000,2021-02-21T03:51:45,36.94815,-76.32980,0.0,35.7,280.0,JOSHUA HUMPHREYS,IMO8302428,NNJH,80,5,193,29,,,A
477950300,2021-02-21T03:52:36,36.87487,-76.34753,0.9,65.3,6.0,COSCO DEVELOPMENT,IMO9472139,VRIZ9,70,0,366,48,15.5,70,A
477950300,2021-02-21T03:54:47,36.87497,-76.34717,0.7,58.4,13.0,COSCO DEVELOPMENT,IMO9472139,VRIZ9,70,0,366,48,15.5,70,A
367353070,2021-02-21T03:54:03,36.94418,-76.32948,0.0,11.0,267.0,EVERGREEN STATE,IMO9408138,WDE4430,80,5,183,32,11.8,89,A
367821000,2021-02-21T03:52:53,36.97286,-76.43364,0.0,0.0,511.0,YANO,IMO7825409,NAQH,70,5,276,32,13.0,70,A
338846000,2021-02-21T03:40:47,36.86558,-76.31584,0.0,0.1,511.0,USNS MENDONCA,IMO9147320,NBMK,70,5,289,32,10.9,,A
338678000,2021-02-21T03:51:30,36.91634,-76.16851,0.0,280.3,9.0,DOLORES CHOUEST,IMO8225931,WCP8847,70,5,54,12,4.0,35,A
367359930,2021-02-21T03:51:35,36.82420,-76.28916,0.0,284.2,511.0,SUNNY WILLIAMS,,WDE4940,80,0,25,8,,80,A
368445000,2021-02-21T03:53:05,36.96309,-76.42012,0.0,55.8,188.0,OVERSEAS NIKISKI,IMO9353577,WDBH,80,5,183,32,12.2,80,A
373765000,2021-02-21T03:54:19,37.26331,-76.10586,0.0,74.2,357.0,AM CONTRECOEUR,IMO9583184,3FBX4,70,1,229,32,14.4,,A
338846000,2021-02-21T00:01:47,36.86556,-76.31577,0.0,0.1,511.0,USNS MENDONCA,IMO9147320,NBMK,70,5,289,32,10.9,,A
477770400,2021-02-21T03:52:39,36.87993,-76.33156,0.0,98.3,96.0,BAO MAY,IMO9410155,VRGV8,70,0,292,45,18.2,70,A
477770400,2021-02-21T03:55:00,36.87994,-76.33155,0.0,98.3,96.0,BAO MAY,IMO9410155,VRGV8,70,0,292,45,18.2,70,A
367353070,2021-02-21T03:51:01,36.94418,-76.32948,0.0,11.0,267.0,EVERGREEN STATE,IMO9408138,WDE4430,80,5,183,32,11.8,89,A
367822000,2021-02-21T03:56:10,36.97310,-76.43386,0.0,0.0,511.0,USNS SHUGHART,IMO7825394,NAOQ,70,5,276,32,13.0,70,A
477950300,2021-02-21T03:53:46,36.87493,-76.34734,0.7,78.8,9.0,COSCO DEVELOPMENT,IMO9472139,VRIZ9,70,0,366,48,15.5,70,A
367865000,2021-02-21T03:41:19,36.88696,-76.33853,0.0,286.4,11.0,KANAWHA,IMO8704080,NPTD,80,5,206,29,,,A
356643000,2021-02-21T03:56:04,36.93757,-76.37765,0.1,12.3,276.0,ARKI,IMO9561801,3ENP3,70,1,170,27,9.7,70,A
367822000,2021-02-21T03:53:09,36.97310,-76.43387,0.0,0.0,511.0,USNS SHUGHART,IMO7825394,NAOQ,70,5,276,32,13.0,70,A
368026000,2021-02-21T03:41:43,36.86577,-76.31605,0.0,224.2,511.0,BENAVIDEZ,IMO9218210,NBHG,70,5,289,32,10.9,70,A
368026000,2021-02-21T03:53:44,36.86576,-76.31603,0.0,224.2,511.0,BENAVIDEZ,IMO9218210,NBHG,70,5,289,32,10.9,70,A
366842000,2021-02-21T03:54:17,36.85382,-76.31123,0.0,0.0,42.0,CAPE RACE,IMO7616377,KAFJ,70,5,197,32,10.0,,A
477770400,2021-02-21T03:53:49,36.87994,-76.33156,0.0,98.3,96.0,BAO MAY,IMO9410155,VRGV8,70,0,292,45,18.2,70,A
255806078,2021-02-21T03:55:03,36.90938,-76.32715,0.1,306.9,352.0,NORTHERN MAGNUM,IMO9252541,CQIV4,71,5,300,40,11.3,71,A
366841000,2021-02-21T03:54:08,36.85325,-76.31053,0.0,0.0,511.0,CAPE RAY,IMO7530810,KAFI,70,5,197,32,10.0,,A
636018193,2021-02-21T03:42:41,37.31866,-76.09305,14.8,28.7,21.0,HSL PARATY,IMO9311830,A8IY6,79,0,207,30,9.8,79,A
367359930,2021-02-21T03:53:55,36.82419,-76.28913,0.0,287.6,511.0,SUNNY WILLIAMS,,WDE4940,80,0,25,8,,80,A
368026000,2021-02-21T03:56:43,36.86578,-76.31604,0.0,224.2,511.0,BENAVIDEZ,IMO9218210,NBHG,70,5,289,32,10.9,70,A
255806078,2021-02-21T03:52:02,36.90943,-76.32717,0.1,306.9,352.0,NORTHERN MAGNUM,IMO9252541,CQIV4,71,5,300,40,11.3,71,A
338678000,2021-02-21T03:54:30,36.91629,-76.16846,0.0,281.3,9.0,DOLORES CHOUEST,IMO8225931,WCP8847,70,5,54,12,4.0,35,A
538005622,2021-02-21T03:42:16,36.87959,-76.32623,0.0,5.7,276.0,SASEBO GREEN,IMO9675468,V7FN3,70,5,225,32,14.4,,A
538005622,2021-02-21T03:54:16,36.87956,-76.32623,0.0,5.7,276.0,SASEBO GREEN,IMO9675468,V7FN3,70,5,225,32,14.4,,A
356589000,2021-02-21T03:43:13,37.23804,-76.09463,0.1,305.1,349.0,DOUBLE FORTUNE,IMO9574119,3FHZ2,70,1,234,38,14.5,70,A
428405000,2021-02-21T03:57:34,36.90618,-76.32681,0.0,351.5,352.0,ZIM QINGDAO,IMO9318163,4XFC,71,5,261,32,9.9,71,A
636018193,2021-02-21T03:43:47,37.32276,-76.09094,14.5,21.9,20.0,HSL PARATY,IMO9311830,A8IY6,79,0,207,30,9.8,79,A
477770400,2021-02-21T03:56:08,36.87993,-76.33155,0.0,98.3,96.0,BAO MAY,IMO9410155,VRGV8,70,0,292,45,18.2,70,A
477950300,2021-02-21T03:58:16,36.87582,-76.34627,1.6,42.4,46.0,COSCO DEVELOPMENT,IMO9472139,VRIZ9,70,0,366,48,15.5,70,A
368026000,2021-02-21T03:44:43,36.86576,-76.31603,0.0,224.2,511.0,BENAVIDEZ,IMO9218210,NBHG,70,5,289,32,10.9,70,A
636092329,2021-02-21T03:59:07,37.24626,-76.11827,0.1,281.7,353.0,BLUMENAU,IMO9605633,D5AL3,70,1,229,32,14.4,,A
338273000,2021-02-21T03:55:05,36.96327,-76.35650,0.2,211.1,299.0,SLNC YORK,IMO9538907,WNCG,70,1,142,23,5.5,70,A
366841000,2021-02-21T03:57:06,36.85324,-76.31055,0.0,0.0,511.0,CAPE RAY,IMO7530810,KAFI,70,5,197,32,10.0,,A
366839000,2021-02-21T03:56:14,36.85348,-76.31084,0.0,0.0,40.0,CAPE RISE,IMO7530808,KAFG,70,5,197,32,10.0,,A
366839000,2021-02-21T03:59:14,36.85351,-76.31082,0.0,0.0,40.0,CAPE RISE,IMO7530808,KAFG,70,5,197,32,10.0,,A
477950300,2021-02-21T03:59:17,36.87609,-76.34587,1.6,50.7,57.0,COSCO DEVELOPMENT,IMO9472139,VRIZ9,70,0,366,48,15.5,70,A
367359930,2021-02-21T03:52:45,36.82419,-76.28915,0.0,287.3,511.0,SUNNY WILLIAMS,,WDE4940,80,0,25,8,,80,A
367865000,2021-02-21T03:59:18,36.88691,-76.33854,0.0,286.4,11.0,KANAWHA,IMO8704080,NPTD,80,5,206,29,,,A
367865000,2021-02-21T03:53:19,36.88690,-76.33852,0.0,286.4,11.0,KANAWHA,IMO8704080,NPTD,80,5,206,29,,,A
636092329,2021-02-21T03:56:03,37.24625,-76.11834,0.0,281.7,355.0,BLUMENAU,IMO9605633,D5AL3,70,1,229,32,14.4,,A
368445000,2021-02-21T03:56:05,36.96305,-76.42013,0.0,55.8,188.0,OVERSEAS NIKISKI,IMO9353577,WDBH,80,5,183,32,12.2,80,A
356643000,2021-02-21T03:53:05,36.93752,-76.37766,0.1,288.7,275.0,ARKI,IMO9561801,3ENP3,70,1,170,27,9.7,70,A
367353070,2021-02-21T03:57:03,36.94418,-76.32950,0.0,11.0,267.0,EVERGREEN STATE,IMO9408138,WDE4430,80,5,183,32,11.8,89,A
366842000,2021-02-21T03:57:13,36.85383,-76.31121,0.0,0.0,42.0,CAPE RACE,IMO7616377,KAFJ,70,5,197,32,10.0,,A
338678000,2021-02-21T03:57:31,36.91629,-76.16846,0.0,292.0,10.0,DOLORES CHOUEST,IMO8225931,WCP8847,70,5,54,12,4.0,35,A
338678000,2021-02-21T04:00:30,36.91620,-76.16846,0.0,305.3,10.0,DOLORES CHOUEST,IMO8225931,WCP8847,70,5,54,12,4.0,35,A
367862000,2021-02-21T03:57:45,36.94814,-76.32978,0.0,35.7,280.0,JOSHUA HUMPHREYS,IMO8302428,NNJH,80,5,193,29,,,A
477770400,2021-02-21T03:59:59,36.87994,-76.33156,0.0,98.3,96.0,BAO MAY,IMO9410155,VRGV8,70,0,292,45,18.2,70,A
538005622,2021-02-21T03:57:16,36.87957,-76.32623,0.0,5.7,276.0,SASEBO GREEN,IMO9675468,V7FN3,70,5,225,32,14.4,,A
255806078,2021-02-21T03:58:02,36.90937,-76.32717,0.1,306.9,352.0,NORTHERN MAGNUM,IMO9252541,CQIV4,71,5,300,40,11.3,71,A
477770400,2021-02-21T03:57:19,36.87993,-76.33155,0.0,98.3,96.0,BAO MAY,IMO9410155,VRGV8,70,0,292,45,18.2,70,A
373765000,2021-02-21T04:00:17,37.26326,-76.10596,0.1,74.2,356.0,AM CONTRECOEUR,IMO9583184,3FBX4,70,1,229,32,14.4,,A
338846000,2021-02-21T03:58:45,36.86559,-76.31581,0.0,0.1,511.0,USNS MENDONCA,IMO9147320,NBMK,70,5,289,32,10.9,,A
338273000,2021-02-21T03:58:05,36.96317,-76.35654,0.0,191.2,309.0,SLNC YORK,IMO9538907,WNCG,70,1,142,23,5.5,70,A
428405000,2021-02-21T04:00:35,36.90625,-76.32679,0.0,351.4,351.0,ZIM QINGDAO,IMO9318163,4XFC,71,5,261,32,9.9,71,A
538005622,2021-02-21T04:00:16,36.87960,-76.32622,0.0,5.7,276.0,SASEBO GREEN,IMO9675468,V7FN3,70,5,225,32,14.4,,A
367359930,2021-02-21T03:58:46,36.82422,-76.28914,0.0,294.0,511.0,SUNNY WILLIAMS,,WDE4940,80,0,25,8,,80,A
367359930,2021-02-21T03:48:05,36.82418,-76.28913,0.0,285.1,511.0,SUNNY WILLIAMS,,WDE4940,80,0,25,8,,80,A
477950300,2021-02-21T04:01:16,36.87677,-76.34448,2.7,63.5,64.0,COSCO DEVELOPMENT,IMO9472139,VRIZ9,70,0,366,48,15.5,70,A
368026000,2021-02-21T03:59:44,36.86578,-76.31606,0.0,224.2,511.0,BENAVIDEZ,IMO9218210,NBHG,70,5,289,32,10.9,70,A
477950300,2021-02-21T03:48:31,36.87510,-76.34838,0.9,108.2,348.0,COSCO DEVELOPMENT,IMO9472139,VRIZ9,70,5,366,48,15.5,70,A
368445000,2021-02-21T03:59:05,36.96306,-76.42018,0.0,55.8,188.0,OVERSEAS NIKISKI,IMO9353577,WDBH,80,5,183,32,12.2,80,A
636092329,2021-02-21T04:02:04,37.24626,-76.11835,0.2,267.9,353.0,BLUMENAU,IMO9605633,D5AL3,70,1,229,32,14.4,,A
477770400,2021-02-21T03:49:08,36.87993,-76.33156,0.0,98.3,96.0,BAO MAY,IMO9410155,VRGV8,70,0,292,45,18.2,70,A
367359930,2021-02-21T03:59:55,36.82422,-76.28914,0.0,298.8,511.0,SUNNY WILLIAMS,,WDE4940,80,0,25,8,,80,A
255806078,2021-02-21T03:49:02,36.90942,-76.32717,0.1,306.9,352.0,NORTHERN MAGNUM,IMO9252541,CQIV4,71,5,300,40,11.3,71,A
367865000,2021-02-21T04:02:20,36.88693,-76.33855,0.0,286.4,11.0,KANAWHA,IMO8704080,NPTD,80,5,206,29,,,A
255806078,2021-02-21T04:01:06,36.90932,-76.32718,0.1,306.9,352.0,NORTHERN MAGNUM,IMO9252541,CQIV4,71,5,300,40,11.3,71,A
356643000,2021-02-21T04:02:05,36.93766,-76.37764,0.1,211.8,272.0,ARKI,IMO9561801,3ENP3,70,1,170,27,9.7,70,A
367862000,2021-02-21T04:00:45,36.94816,-76.32980,0.0,35.7,280.0,JOSHUA HUMPHREYS,IMO8302428,NNJH,80,5,193,29,,,A
356589000,2021-02-21T04:01:14,37.23801,-76.09466,0.1,271.7,351.0,DOUBLE FORTUNE,IMO9574119,3FHZ2,70,1,234,38,14.5,70,A
367359930,2021-02-21T04:00:05,36.82422,-76.28914,0.0,296.0,511.0,SUNNY WILLIAMS,,WDE4940,80,0,25,8,,80,A
373765000,2021-02-21T03:51:16,37.26329,-76.10589,0.1,74.2,358.0,AM CONTRECOEUR,IMO9583184,3FBX4,70,1,229,32,14.4,,A
367821000,2021-02-21T04:01:54,36.97285,-76.43366,0.0,0.0,511.0,YANO,IMO7825409,NAQH,70,5,276,32,13.0,70,A
338273000,2021-02-21T04:01:04,36.96311,-76.35657,0.0,191.2,317.0,SLNC YORK,IMO9538907,WNCG,70,1,142,23,5.5,70,A
367359930,2021-02-21T04:02:25,36.82421,-76.28912,0.0,299.6,511.0,SUNNY WILLIAMS,,WDE4940,80,0,25,8,,80,A
367359930,2021-02-21T04:01:14,36.82421,-76.28912,0.0,298.2,511.0,SUNNY WILLIAMS,,WDE4940,80,0,25,8,,80,A
367359930,2021-02-21T03:55:04,36.82418,-76.28913,0.0,288.6,511.0,SUNNY WILLIAMS,,WDE4940,80,0,25,8,,80,A
428405000,2021-02-21T03:51:33,36.90617,-76.32671,0.0,351.4,351.0,ZIM QINGDAO,IMO9318163,4XFC,71,5,261,32,9.9,71,A
366842000,2021-02-21T04:03:15,36.85385,-76.31121,0.0,0.0,42.0,CAPE RACE,IMO7616377,KAFJ,70,5,197,32,10.0,,A
477770400,2021-02-21T04:03:28,36.87992,-76.33157,0.0,98.3,96.0,BAO MAY,IMO9410155,VRGV8,70,0,292,45,18.2,70,A
477950300,2021-02-21T04:03:25,36.87751,-76.34218,3.4,69.6,62.0,COSCO DEVELOPMENT,IMO9472139,VRIZ9,70,0,366,48,15.5,70,A
538005622,2021-02-21T04:03:16,36.87957,-76.32623,0.0,5.7,276.0,SASEBO GREEN,IMO9675468,V7FN3,70,5,225,32,14.4,,A
366839000,2021-02-21T04:02:12,36.85350,-76.31084,0.0,0.0,40.0,CAPE RISE,IMO7530808,KAFG,70,5,197,32,10.0,,A
477950300,2021-02-21T04:02:17,36.87714,-76.34346,3.2,67.4,62.0,COSCO DEVELOPMENT,IMO9472139,VRIZ9,70,0,366,48,15.5,70,A
367822000,2021-02-21T04:02:08,36.97310,-76.43387,0.0,0.0,511.0,USNS SHUGHART,IMO7825394,NAOQ,70,5,276,32,13.0,70,A
338846000,2021-02-21T03:52:46,36.86551,-76.31582,0.0,0.1,511.0,USNS MENDONCA,IMO9147320,NBMK,70,5,289,32,10.9,,A
367865000,2021-02-21T03:56:19,36.88695,-76.33852,0.0,286.4,11.0,KANAWHA,IMO8704080,NPTD,80,5,206,29,,,A
367359930,2021-02-21T03:56:15,36.82419,-76.28914,0.0,288.8,511.0,SUNNY WILLIAMS,,WDE4940,80,0,25,8,,80,A
367353070,2021-02-21T04:03:04,36.94418,-76.32950,0.0,11.0,267.0,EVERGREEN STATE,IMO9408138,WDE4430,80,5,183,32,11.8,89,A
255806078,2021-02-21T04:04:06,36.90933,-76.32718,0.1,306.9,352.0,NORTHERN MAGNUM,IMO9252541,CQIV4,71,5,300,40,11.3,71,A
477950300,2021-02-21T04:04:35,36.87793,-76.34090,3.3,66.9,61.0,COSCO DEVELOPMENT,IMO9472139,VRIZ9,70,0,366,48,15.5,70,A
477950300,2021-02-21T04:05:45,36.87843,-76.33963,3.5,62.5,60.0,COSCO DEVELOPMENT,IMO9472139,VRIZ9,70,0,366,48,15.5,70,A
338846000,2021-02-21T04:04:47,36.86557,-76.31582,0.0,0.1,511.0,USNS MENDONCA,IMO9147320,NBMK,70,5,289,32,10.9,,A
428405000,2021-02-21T03:54:34,36.90626,-76.32674,0.0,351.5,352.0,ZIM QINGDAO,IMO9318163,4XFC,71,5,261,32,9.9,71,A
367359930,2021-02-21T04:04:35,36.82420,-76.28912,0.0,304.5,511.0,SUNNY WILLIAMS,,WDE4940,80,0,25,8,,80,A
428405000,2021-02-21T04:03:35,36.90656,-76.32685,0.0,351.4,351.0,ZIM QINGDAO,IMO9318163,4XFC,71,5,261,32,9.9,71,A
338273000,2021-02-21T04:07:05,36.96300,-76.35677,0.0,241.5,327.0,SLNC YORK,IMO9538907,WNCG,70,1,142,23,5.5,70,A
338273000,2021-02-21T04:04:05,36.96305,-76.35668,0.2,225.4,319.0,SLNC YORK,IMO9538907,WNCG,70,1,142,23,5.5,70,A
368445000,2021-02-21T04:05:05,36.96306,-76.42015,0.0,55.8,188.0,OVERSEAS NIKISKI,IMO9353577,WDBH,80,5,183,32,12.2,80,A
636092329,2021-02-21T04:05:06,37.24622,-76.11854,0.1,268.0,356.0,BLUMENAU,IMO9605633,D5AL3,70,1,229,32,14.4,,A
368026000,2021-02-21T04:05:43,36.86578,-76.31604,0.0,224.2,511.0,BENAVIDEZ,IMO9218210,NBHG,70,5,289,32,10.9,70,A
367865000,2021-02-21T04:05:19,36.88695,-76.33855,0.0,286.4,11.0,KANAWHA,IMO8704080,NPTD,80,5,206,29,,,A
366839000,2021-02-21T04:05:13,36.85346,-76.31081,0.0,0.0,40.0,CAPE RISE,IMO7530808,KAFG,70,5,197,32,10.0,,A
367359930,2021-02-21T04:05:55,36.82422,-76.28915,0.0,307.5,511.0,SUNNY WILLIAMS,,WDE4940,80,0,25,8,,80,A
367821000,2021-02-21T04:04:53,36.97285,-76.43366,0.0,0.0,511.0,YANO,IMO7825409,NAQH,70,5,276,32,13.0,70,A
477950300,2021-02-21T04:06:46,36.87896,-76.33837,4.1,61.7,58.0,COSCO DEVELOPMENT,IMO9472139,VRIZ9,70,0,366,48,15.5,70,A
356643000,2021-02-21T03:59:05,36.93764,-76.37765,0.1,324.6,274.0,ARKI,IMO9561801,3ENP3,70,1,170,27,9.7,70,A
356589000,2021-02-21T04:07:11,37.23812,-76.09445,0.1,88.6,349.0,DOUBLE FORTUNE,IMO9574119,3FHZ2,70,1,234,38,14.5,70,A
366842000,2021-02-21T04:06:10,36.85383,-76.31119,0.0,0.0,42.0,CAPE RACE,IMO7616377,KAFJ,70,5,197,32,10.0,,A
255806078,2021-02-21T04:07:08,36.90935,-76.32718,0.1,306.9,352.0,NORTHERN MAGNUM,IMO9252541,CQIV4,71,5,300,40,11.3,71,A
356643000,2021-02-21T04:08:06,36.93755,-76.37764,0.0,228.0,276.0,ARKI,IMO9561801,3ENP3,70,1,170,27,9.7,70,A
366839000,2021-02-21T04:08:13,36.85351,-76.31085,0.0,0.0,40.0,CAPE RISE,IMO7530808,KAFG,70,5,197,32,10.0,,A
367821000,2021-02-21T03:58:53,36.97285,-76.43366,0.0,0.0,511.0,YANO,IMO7825409,NAQH,70,5,276,32,13.0,70,A
367359930,2021-02-21T04:07:26,36.82420,-76.28914,0.0,310.5,511.0,SUNNY WILLIAMS,,WDE4940,80,0,25,8,,80,A
477950300,2021-02-21T04:07:56,36.87987,-76.33662,5.0,50.9,43.0,COSCO DEVELOPMENT,IMO9472139,VRIZ9,70,0,366,48,15.5,70,A
366841000,2021-02-21T04:06:07,36.85325,-76.31054,0.0,0.0,511.0,CAPE RAY,IMO7530810,KAFI,70,5,197,32,10.0,,A
366841000,2021-02-21T04:00:08,36.85325,-76.31054,0.0,0.0,511.0,CAPE RAY,IMO7530810,KAFI,70,5,197,32,10.0,,A
373765000,2021-02-21T04:09:18,37.26335,-76.10600,0.1,269.5,2.0,AM CONTRECOEUR,IMO9583184,3FBX4,70,1,229,32,14.4,,A
367865000,2021-02-21T04:08:18,36.88692,-76.33860,0.0,286.4,11.0,KANAWHA,IMO8704080,NPTD,80,5,206,29,,,A
477950300,2021-02-21T03:57:06,36.87544,-76.34664,1.3,34.0,34.0,COSCO DEVELOPMENT,IMO9472139,VRIZ9,70,0,366,48,15.5,70,A
368026000,2021-02-21T04:08:43,36.86578,-76.31606,0.0,224.2,511.0,BENAVIDEZ,IMO9218210,NBHG,70,5,289,32,10.9,70,A
373765000,2021-02-21T03:57:17,37.26329,-76.10589,0.1,74.2,357.0,AM CONTRECOEUR,IMO9583184,3FBX4,70,1,229,32,14.4,,A
366841000,2021-02-21T04:09:08,36.85330,-76.31052,0.0,0.0,511.0,CAPE RAY,IMO7530810,KAFI,70,5,197,32,10.0,,A
338678000,2021-02-21T04:09:31,36.91642,-76.16839,0.0,310.2,9.0,DOLORES CHOUEST,IMO8225931,WCP8847,70,5,54,12,4.0,35,A
477950300,2021-02-21T04:09:59,36.88237,-76.33488,5.3,12.2,4.0,COSCO DEVELOPMENT,IMO9472139,VRIZ9,70,0,366,48,15.5,70,A
428405000,2021-02-21T04:06:34,36.90625,-76.32670,0.0,351.4,351.0,ZIM QINGDAO,IMO9318163,4XFC,71,5,261,32,9.9,71,A
366842000,2021-02-21T04:09:15,36.85384,-76.31119,0.0,0.0,42.0,CAPE RACE,IMO7616377,KAFJ,70,5,197,32,10.0,,A
636092329,2021-02-21T04:08:05,37.24623,-76.11857,0.0,268.0,358.0,BLUMENAU,IMO9605633,D5AL3,70,1,229,32,14.4,,A
373765000,2021-02-21T04:03:15,37.26327,-76.10611,0.2,270.2,359.0,AM CONTRECOEUR,IMO9583184,3FBX4,70,1,229,32,14.4,,A
477770400,2021-02-21T04:04:39,36.87994,-76.33157,0.0,98.3,96.0,BAO MAY,IMO9410155,VRGV8,70,0,292,45,18.2,70,A
356589000,2021-02-21T04:04:12,37.23803,-76.09461,0.1,63.2,353.0,DOUBLE FORTUNE,IMO9574119,3FHZ2,70,1,234,38,14.5,70,A
367821000,2021-02-21T04:10:53,36.97284,-76.43366,0.0,0.0,511.0,YANO,IMO7825409,NAQH,70,5,276,32,13.0,70,A
477770400,2021-02-21T03:59:38,36.87994,-76.33156,0.0,98.3,96.0,BAO MAY,IMO9410155,VRGV8,70,0,292,45,18.2,70,A
367353070,2021-02-21T04:09:04,36.94418,-76.32950,0.0,11.0,267.0,EVERGREEN STATE,IMO9408138,WDE4430,80,5,183,32,11.8,89,A
356643000,2021-02-21T04:11:04,36.93751,-76.37766,0.1,196.6,277.0,ARKI,IMO9561801,3ENP3,70,1,170,27,9.7,70,A
477770400,2021-02-21T04:10:28,36.87994,-76.33155,0.0,98.3,96.0,BAO MAY,IMO9410155,VRGV8,70,0,292,45,18.2,70,A
477770400,2021-02-21T04:12:50,36.87991,-76.33155,0.0,98.3,96.0,BAO MAY,IMO9410155,VRGV8,70,0,292,45,18.2,70,A
368026000,2021-02-21T04:11:44,36.86577,-76.31604,0.0,224.2,511.0,BENAVIDEZ,IMO9218210,NBHG,70,5,289,32,10.9,70,A
477950300,2021-02-21T04:12:16,36.88630,-76.33503,6.4,353.8,353.0,COSCO DEVELOPMENT,IMO9472139,VRIZ9,70,0,366,48,15.5,70,A
367865000,2021-02-21T04:11:19,36.88690,-76.33858,0.0,286.4,11.0,KANAWHA,IMO8704080,NPTD,80,5,206,29,,,A
366842000,2021-02-21T04:12:16,36.85382,-76.31119,0.0,0.0,42.0,CAPE RACE,IMO7616377,KAFJ,70,5,197,32,10.0,,A
367359930,2021-02-21T04:09:44,36.82420,-76.28916,0.0,306.7,511.0,SUNNY WILLIAMS,,WDE4940,80,0,25,8,,80,A
367862000,2021-02-21T04:12:44,36.94815,-76.32978,0.0,35.7,280.0,JOSHUA HUMPHREYS,IMO8302428,NNJH,80,5,193,29,,,A
477950300,2021-02-21T04:00:06,36.87636,-76.34540,1.8,55.6,64.0,COSCO DEVELOPMENT,IMO9472139,VRIZ9,70,0,366,48,15.5,70,A
367822000,2021-02-21T04:05:09,36.97310,-76.43387,0.0,0.0,511.0,USNS SHUGHART,IMO7825394,NAOQ,70,5,276,32,13.0,70,A
477770400,2021-02-21T04:11:40,36.87992,-76.33156,0.0,98.3,96.0,BAO MAY,IMO9410155,VRGV8,70,0,292,45,18.2,70,A
538005622,2021-02-21T04:12:16,36.87958,-76.32622,0.0,5.7,276.0,SASEBO GREEN,IMO9675468,V7FN3,70,5,225,32,14.4,,A
636092329,2021-02-21T04:11:07,37.24626,-76.11854,0.0,268.0,358.0,BLUMENAU,IMO9605633,D5AL3,70,1,229,32,14.4,,A
367353070,2021-02-21T04:00:03,36.94413,-76.32948,0.0,11.0,267.0,EVERGREEN STATE,IMO9408138,WDE4430,80,5,183,32,11.8,89,A
428405000,2021-02-21T04:12:34,36.90653,-76.32683,0.0,351.4,351.0,ZIM QINGDAO,IMO9318163,4XFC,71,5,261,32,9.9,71,A
373765000,2021-02-21T04:12:17,37.26325,-76.10596,0.1,269.5,359.0,AM CONTRECOEUR,IMO9583184,3FBX4,70,1,229,32,14.4,,A
367353070,2021-02-21T04:06:01,36.94415,-76.32947,0.0,11.0,267.0,EVERGREEN STATE,IMO9408138,WDE4430,80,5,183,32,11.8,89,A
368445000,2021-02-21T04:11:05,36.96308,-76.42011,0.0,55.8,188.0,OVERSEAS NIKISKI,IMO9353577,WDBH,80,5,183,32,12.2,80,A
338846000,2021-02-21T04:01:46,36.86553,-76.31577,0.0,0.1,511.0,USNS MENDONCA,IMO9147320,NBMK,70,5,289,32,10.9,,A
356589000,2021-02-21T04:13:11,37.23806,-76.09445,0.1,256.6,347.0,DOUBLE FORTUNE,IMO9574119,3FHZ2,70,1,234,38,14.5,70,A
477770400,2021-02-21T04:02:19,36.87993,-76.33156,0.0,98.3,96.0,BAO MAY,IMO9410155,VRGV8,70,0,292,45,18.2,70,A
368445000,2021-02-21T04:02:05,36.96308,-76.42013,0.0,55.8,188.0,OVERSEAS NIKISKI,IMO9353577,WDBH,80,5,183,32,12.2,80,A
367822000,2021-02-21T04:08:09,36.97310,-76.43386,0.0,0.0,511.0,USNS SHUGHART,IMO7825394,NAOQ,70,5,276,32,13.0,70,A
368026000,2021-02-21T04:02:44,36.86575,-76.31603,0.0,224.2,511.0,BENAVIDEZ,IMO9218210,NBHG,70,5,289,32,10.9,70,A
338846000,2021-02-21T04:07:45,36.86557,-76.31583,0.0,0.1,511.0,USNS MENDONCA,IMO9147320,NBMK,70,5,289,32,10.9,,A
367359930,2021-02-21T04:14:36,36.82418,-76.28911,0.0,292.1,511.0,SUNNY WILLIAMS,,WDE4940,80,0,25,8,,80,A
367359930,2021-02-21T04:03:26,36.82421,-76.28912,0.0,300.6,511.0,SUNNY WILLIAMS,,WDE4940,80,0,25,8,,80,A
366842000,2021-02-21T04:15:17,36.85382,-76.31118,0.0,0.0,42.0,CAPE RACE,IMO7616377,KAFJ,70,5,197,32,10.0,,A
368445000,2021-02-21T04:14:06,36.96310,-76.42014,0.0,55.8,188.0,OVERSEAS NIKISKI,IMO9353577,WDBH,80,5,183,32,12.2,80,A
367822000,2021-02-21T04:14:10,36.97308,-76.43385,0.0,0.0,511.0,USNS SHUGHART,IMO7825394,NAOQ,70,5,276,32,13.0,70,A
366841000,2021-02-21T04:15:08,36.85332,-76.31055,0.0,0.0,511.0,CAPE RAY,IMO7530810,KAFI,70,5,197,32,10.0,,A
366841000,2021-02-21T04:03:06,36.85327,-76.31051,0.0,0.0,511.0,CAPE RAY,IMO7530810,KAFI,70,5,197,32,10.0,,A
338273000,2021-02-21T04:16:04,36.96299,-76.35680,0.0,241.5,332.0,SLNC YORK,IMO9538907,WNCG,70,1,142,23,5.5,70,A
367359930,2021-02-21T04:08:35,36.82423,-76.28916,0.0,313.3,511.0,SUNNY WILLIAMS,,WDE4940,80,0,25,8,,80,A
477770400,2021-02-21T04:08:19,36.87994,-76.33156,0.0,98.3,96.0,BAO MAY,IMO9410155,VRGV8,70,0,292,45,18.2,70,A
338678000,2021-02-21T04:15:31,36.91626,-76.16843,0.0,275.3,9.0,DOLORES CHOUEST,IMO8225931,WCP8847,70,5,54,12,4.0,35,A
367862000,2021-02-21T04:03:45,36.94814,-76.32980,0.0,35.7,280.0,JOSHUA HUMPHREYS,IMO8302428,NNJH,80,5,193,29,,,A
477770400,2021-02-21T04:15:09,36.87994,-76.33157,0.0,98.3,96.0,BAO MAY,IMO9410155,VRGV8,70,0,292,45,18.2,70,A
367353070,2021-02-21T04:12:03,36.94417,-76.32948,0.0,11.0,267.0,EVERGREEN STATE,IMO9408138,WDE4430,80,5,183,32,11.8,89,A
477950300,2021-02-21T04:15:36,36.89324,-76.33612,8.0,352.5,352.0,COSCO DEVELOPMENT,IMO9472139,VRIZ9,70,0,366,48,15.5,70,A
428405000,2021-02-21T04:15:33,36.90622,-76.32669,0.0,351.4,351.0,ZIM QINGDAO,IMO9318163,4XFC,71,5,261,32,9.9,71,A
477770400,2021-02-21T04:16:19,36.87994,-76.33156,0.0,98.3,96.0,BAO MAY,IMO9410155,VRGV8,70,0,292,45,18.2,70,A
636092329,2021-02-21T04:14:04,37.24625,-76.11852,0.0,268.0,357.0,BLUMENAU,IMO9605633,D5AL3,70,1,229,32,14.4,,A
538005622,2021-02-21T04:15:16,36.87958,-76.32622,0.0,5.7,276.0,SASEBO GREEN,IMO9675468,V7FN3,70,5,225,32,14.4,,A
368445000,2021-02-21T04:17:05,36.96310,-76.42014,0.0,55.8,188.0,OVERSEAS NIKISKI,IMO9353577,WDBH,80,5,183,32,12.2,80,A
477770400,2021-02-21T04:09:20,36.87993,-76.33155,0.0,98.3,96.0,BAO MAY,IMO9410155,VRGV8,70,0,292,45,18.2,70,A
356643000,2021-02-21T04:17:06,36.93741,-76.37767,0.1,184.8,278.0,ARKI,IMO9561801,3ENP3,70,1,170,27,9.7,70,A
367821000,2021-02-21T04:16:54,36.97284,-76.43366,0.0,0.0,511.0,YANO,IMO7825409,NAQH,70,5,276,32,13.0,70,A
367822000,2021-02-21T04:17:10,36.97308,-76.43386,0.0,0.0,511.0,USNS SHUGHART,IMO7825394,NAOQ,70,5,276,32,13.0,70,A
428405000,2021-02-21T04:09:34,36.90632,-76.32671,0.0,351.4,351.0,ZIM QINGDAO,IMO9318163,4XFC,71,5,261,32,9.9,71,A
636092329,2021-02-21T04:17:07,37.24623,-76.11851,0.1,268.0,358.0,BLUMENAU,IMO9605633,D5AL3,70,1,229,32,14.4,,A
367359930,2021-02-21T04:19:24,36.82421,-76.28914,0.0,310.2,511.0,SUNNY WILLIAMS,,WDE4940,80,0,25,8,,80,A
477770400,2021-02-21T04:18:40,36.87995,-76.33156,0.0,98.3,96.0,BAO MAY,IMO9410155,VRGV8,70,0,292,45,18.2,70,A
368026000,2021-02-21T04:14:44,36.86575,-76.31603,0.0,224.2,511.0,BENAVIDEZ,IMO9218210,NBHG,70,5,289,32,10.9,70,A
367862000,2021-02-21T04:18:44,36.94808,-76.32977,0.0,35.7,280.0,JOSHUA HUMPHREYS,IMO8302428,NNJH,80,5,193,29,,,A
538005622,2021-02-21T04:06:16,36.87959,-76.32625,0.0,5.7,276.0,SASEBO GREEN,IMO9675468,V7FN3,70,5,225,32,14.4,,A
373765000,2021-02-21T04:06:18,37.26326,-76.10618,0.1,269.5,2.0,AM CONTRECOEUR,IMO9583184,3FBX4,70,1,229,32,14.4,,A
373765000,2021-02-21T04:18:18,37.26322,-76.10601,0.0,269.5,0.0,AM CONTRECOEUR,IMO9583184,3FBX4,70,1,229,32,14.4,,A
338273000,2021-02-21T04:10:05,36.96299,-76.35674,0.0,241.5,333.0,SLNC YORK,IMO9538907,WNCG,70,1,142,23,5.5,70,A
356589000,2021-02-21T04:10:12,37.23813,-76.09437,0.1,252.5,345.0,DOUBLE FORTUNE,IMO9574119,3FHZ2,70,1,234,38,14.5,70,A
477770400,2021-02-21T04:07:10,36.87994,-76.33157,0.0,98.3,96.0,BAO MAY,IMO9410155,VRGV8,70,0,292,45,18.2,70,A
356589000,2021-02-21T04:19:11,37.23804,-76.09447,0.0,249.8,350.0,DOUBLE FORTUNE,IMO9574119,3FHZ2,70,1,234,38,14.5,70,A
477950300,2021-02-21T04:19:05,36.90302,-76.33772,10.7,350.6,350.0,COSCO DEVELOPMENT,IMO9472139,VRIZ9,70,0,366,48,15.5,70,A
338678000,2021-02-21T04:18:31,36.91623,-76.16842,0.0,255.1,9.0,DOLORES CHOUEST,IMO8225931,WCP8847,70,5,54,12,4.0,35,A
367862000,2021-02-21T04:06:45,36.94812,-76.32978,0.0,35.7,280.0,JOSHUA HUMPHREYS,IMO8302428,NNJH,80,5,193,29,,,A
255806078,2021-02-21T04:16:09,36.90932,-76.32718,0.1,306.9,352.0,NORTHERN MAGNUM,IMO9252541,CQIV4,71,5,300,40,11.3,71,A
338846000,2021-02-21T04:19:46,36.86561,-76.31579,0.0,0.1,511.0,USNS MENDONCA,IMO9147320,NBMK,70,5,289,32,10.9,,A
356589000,2021-02-21T04:16:12,37.23804,-76.09452,0.1,245.8,349.0,DOUBLE FORTUNE,IMO9574119,3FHZ2,70,1,234,38,14.5,70,A
356643000,2021-02-21T04:20:06,36.93733,-76.37771,0.1,208.9,282.0,ARKI,IMO9561801,3ENP3,70,1,170,27,9.7,70,A
636092329,2021-02-21T00:02:03,37.24714,-76.11713,0.1,255.6,339.0,BLUMENAU,IMO9605633,D5AL3,70,1,229,32,14.4,,A
367822000,2021-02-21T04:20:10,36.97308,-76.43386,0.0,0.0,511.0,USNS SHUGHART,IMO7825394,NAOQ,70,5,276,32,13.0,70,A
368445000,2021-02-21T04:08:05,36.96312,-76.42011,0.0,55.8,188.0,OVERSEAS NIKISKI,IMO9353577,WDBH,80,5,183,32,12.2,80,A
538005622,2021-02-21T04:18:16,36.87956,-76.32623,0.0,24.6,276.0,SASEBO GREEN,IMO9675468,V7FN3,70,5,225,32,14.4,,A
368026000,2021-02-21T04:20:43,36.86576,-76.31604,0.0,224.2,511.0,BENAVIDEZ,IMO9218210,NBHG,70,5,289,32,10.9,70,A
477950300,2021-02-21T04:20:16,36.90649,-76.33841,10.9,349.9,349.0,COSCO DEVELOPMENT,IMO9472139,VRIZ9,70,0,366,48,15.5,70,A
367353070,2021-02-21T04:21:01,36.94417,-76.32950,0.0,11.0,267.0,EVERGREEN STATE,IMO9408138,WDE4430,80,5,183,32,11.8,89,A
477950300,2021-02-21T04:11:05,36.88408,-76.33480,5.6,358.9,357.0,COSCO DEVELOPMENT,IMO9472139,VRIZ9,70,0,366,48,15.5,70,A
477950300,2021-02-21T04:21:25,36.90989,-76.33912,10.7,350.3,350.0,COSCO DEVELOPMENT,IMO9472139,VRIZ9,70,0,366,48,15.5,70,A
367822000,2021-02-21T04:11:09,36.97302,-76.43385,0.0,0.0,511.0,USNS SHUGHART,IMO7825394,NAOQ,70,5,276,32,13.0,70,A
367821000,2021-02-21T04:19:53,36.97284,-76.43366,0.0,0.0,511.0,YANO,IMO7825409,NAQH,70,5,276,32,13.0,70,A
366839000,2021-02-21T04:20:12,36.85351,-76.31086,0.0,0.0,40.0,CAPE RISE,IMO7530808,KAFG,70,5,197,32,10.0,,A
538005622,2021-02-21T04:09:16,36.87957,-76.32626,0.0,5.7,276.0,SASEBO GREEN,IMO9675468,V7FN3,70,5,225,32,14.4,,A
255806078,2021-02-21T04:10:08,36.90935,-76.32722,0.1,306.9,352.0,NORTHERN MAGNUM,IMO9252541,CQIV4,71,5,300,40,11.3,71,A
338846000,2021-02-21T04:10:47,36.86558,-76.31582,0.0,0.1,511.0,USNS MENDONCA,IMO9147320,NBMK,70,5,289,32,10.9,,A
367353070,2021-02-21T04:18:03,36.94422,-76.32947,0.0,11.0,267.0,EVERGREEN STATE,IMO9408138,WDE4430,80,5,183,32,11.8,89,A
367359930,2021-02-21T04:18:04,36.82420,-76.28913,0.0,310.6,511.0,SUNNY WILLIAMS,,WDE4940,80,0,25,8,,80,A
477770400,2021-02-21T04:20:49,36.87994,-76.33157,0.0,98.3,96.0,BAO MAY,IMO9410155,VRGV8,70,0,292,45,18.2,70,A
366839000,2021-02-21T04:17:13,36.85348,-76.31080,0.0,0.0,40.0,CAPE RISE,IMO7530808,KAFG,70,5,197,32,10.0,,A
477950300,2021-02-21T04:17:56,36.89958,-76.33709,10.2,353.2,352.0,COSCO DEVELOPMENT,IMO9472139,VRIZ9,70,0,366,48,15.5,70,A
366842000,2021-02-21T04:18:15,36.85384,-76.31118,0.0,0.0,42.0,CAPE RACE,IMO7616377,KAFJ,70,5,197,32,10.0,,A
428405000,2021-02-21T04:21:34,36.90617,-76.32663,0.0,351.5,352.0,ZIM QINGDAO,IMO9318163,4XFC,71,5,261,32,9.9,71,A
367359930,2021-02-21T04:21:45,36.82419,-76.28913,0.0,311.2,511.0,SUNNY WILLIAMS,,WDE4940,80,0,25,8,,80,A
538005622,2021-02-21T04:21:16,36.87957,-76.32621,0.0,24.6,276.0,SASEBO GREEN,IMO9675468,V7FN3,70,5,225,32,14.4,,A
255806078,2021-02-21T04:19:14,36.90937,-76.32718,0.1,306.9,352.0,NORTHERN MAGNUM,IMO9252541,CQIV4,71,5,300,40,11.3,71,A
367821000,2021-02-21T04:22:53,36.97284,-76.43366,0.0,0.0,511.0,YANO,IMO7825409,NAQH,70,5,276,32,13.0,70,A
367359930,2021-02-21T04:20:35,36.82420,-76.28913,0.0,313.2,511.0,SUNNY WILLIAMS,,WDE4940,80,0,25,8,,80,A
255806078,2021-02-21T04:22:16,36.90935,-76.32718,0.1,306.9,352.0,NORTHERN MAGNUM,IMO9252541,CQIV4,71,5,300,40,11.3,71,A
366839000,2021-02-21T04:11:12,36.85351,-76.31081,0.0,0.0,40.0,CAPE RISE,IMO7530808,KAFG,70,5,197,32,10.0,,A
367822000,2021-02-21T04:23:09,36.97309,-76.43386,0.0,0.0,511.0,USNS SHUGHART,IMO7825394,NAOQ,70,5,276,32,13.0,70,A
366842000,2021-02-21T04:21:18,36.85384,-76.31121,0.0,0.0,42.0,CAPE RACE,IMO7616377,KAFJ,70,5,197,32,10.0,,A
367862000,2021-02-21T04:21:44,36.94814,-76.32982,0.0,35.7,280.0,JOSHUA HUMPHREYS,IMO8302428,NNJH,80,5,193,29,,,A
338678000,2021-02-21T04:21:31,36.91624,-76.16845,0.0,249.3,10.0,DOLORES CHOUEST,IMO8225931,WCP8847,70,5,54,12,4.0,35,A
338678000,2021-02-21T04:12:30,36.91626,-76.16844,0.0,284.4,10.0,DOLORES CHOUEST,IMO8225931,WCP8847,70,5,54,12,4.0,35,A
367865000,2021-02-21T04:23:19,36.88693,-76.33851,0.0,286.4,11.0,KANAWHA,IMO8704080,NPTD,80,5,206,29,,,A
338273000,2021-02-21T04:13:05,36.96300,-76.35674,0.0,241.5,331.0,SLNC YORK,IMO9538907,WNCG,70,1,142,23,5.5,70,A
367359930,2021-02-21T04:22:55,36.82423,-76.28914,0.0,313.0,511.0,SUNNY WILLIAMS,,WDE4940,80,0,25,8,,80,A
366841000,2021-02-21T04:12:08,36.85328,-76.31054,0.0,0.0,511.0,CAPE RAY,IMO7530810,KAFI,70,5,197,32,10.0,,A
477950300,2021-02-21T04:13:25,36.88843,-76.33537,6.9,352.2,352.0,COSCO DEVELOPMENT,IMO9472139,VRIZ9,70,0,366,48,15.5,70,A
367821000,2021-02-21T04:13:53,36.97284,-76.43366,0.0,0.0,511.0,YANO,IMO7825409,NAQH,70,5,276,32,13.0,70,A
636092329,2021-02-21T04:23:09,37.24624,-76.11851,0.1,268.0,355.0,BLUMENAU,IMO9605633,D5AL3,70,1,229,32,14.4,,A
366839000,2021-02-21T04:14:10,36.85349,-76.31084,0.0,0.0,40.0,CAPE RISE,IMO7530808,KAFG,70,5,197,32,10.0,,A
367359930,2021-02-21T04:24:05,36.82420,-76.28913,0.0,312.8,511.0,SUNNY WILLIAMS,,WDE4940,80,0,25,8,,80,A
428405000,2021-02-21T04:24:34,36.90649,-76.32686,0.0,351.5,352.0,ZIM QINGDAO,IMO9318163,4XFC,71,5,261,32,9.9,71,A
366842000,2021-02-21T04:24:14,36.85385,-76.31119,0.0,0.0,42.0,CAPE RACE,IMO7616377,KAFJ,70,5,197,32,10.0,,A
367353070,2021-02-21T04:15:03,36.94423,-76.32947,0.0,11.0,267.0,EVERGREEN STATE,IMO9408138,WDE4430,80,5,183,32,11.8,89,A
366841000,2021-02-21T04:24:08,36.85326,-76.31057,0.0,0.0,511.0,CAPE RAY,IMO7530810,KAFI,70,5,197,32,10.0,,A
255806078,2021-02-21T04:25:17,36.90932,-76.32715,0.1,306.9,352.0,NORTHERN MAGNUM,IMO9252541,CQIV4,71,5,300,40,11.3,71,A
538005622,2021-02-21T04:24:16,36.87959,-76.32625,0.0,24.6,276.0,SASEBO GREEN,IMO9675468,V7FN3,70,5,225,32,14.4,,A
338273000,2021-02-21T04:25:05,36.96294,-76.35690,0.0,241.5,344.0,SLNC YORK,IMO9538907,WNCG,70,1,142,23,5.5,70,A
367359930,2021-02-21T04:15:45,36.82421,-76.28915,0.0,302.4,511.0,SUNNY WILLIAMS,,WDE4940,80,0,25,8,,80,A
367359930,2021-02-21T04:13:15,36.82415,-76.28910,0.0,280.6,511.0,SUNNY WILLIAMS,,WDE4940,80,0,25,8,,80,A
477770400,2021-02-21T04:24:18,36.87995,-76.33157,0.0,98.3,96.0,BAO MAY,IMO9410155,VRGV8,70,0,292,45,18.2,70,A
477770400,2021-02-21T04:25:29,36.87994,-76.33157,0.0,98.3,96.0,BAO MAY,IMO9410155,VRGV8,70,0,292,45,18.2,70,A
367862000,2021-02-21T04:15:44,36.94816,-76.32980,0.0,35.7,280.0,JOSHUA HUMPHREYS,IMO8302428,NNJH,80,5,193,29,,,A
367862000,2021-02-21T04:24:43,36.94811,-76.32985,0.0,35.7,280.0,JOSHUA HUMPHREYS,IMO8302428,NNJH,80,5,193,29,,,A
477770400,2021-02-21T04:13:59,36.87992,-76.33157,0.0,98.3,96.0,BAO MAY,IMO9410155,VRGV8,70,0,292,45,18.2,70,A
356643000,2021-02-21T04:14:05,36.93748,-76.37766,0.1,231.1,277.0,ARKI,IMO9561801,3ENP3,70,1,170,27,9.7,70,A
338846000,2021-02-21T04:16:46,36.86560,-76.31582,0.0,0.1,511.0,USNS MENDONCA,IMO9147320,NBMK,70,5,289,32,10.9,,A
477950300,2021-02-21T04:26:06,36.92358,-76.33939,10.7,3.1,2.0,COSCO DEVELOPMENT,IMO9472139,VRIZ9,70,0,366,48,15.5,70,A
367865000,2021-02-21T04:14:19,36.88693,-76.33853,0.0,286.4,11.0,KANAWHA,IMO8704080,NPTD,80,5,206,29,,,A
356589000,2021-02-21T04:22:11,37.23805,-76.09444,0.1,261.1,347.0,DOUBLE FORTUNE,IMO9574119,3FHZ2,70,1,234,38,14.5,70,A
366839000,2021-02-21T04:26:10,36.85348,-76.31080,0.0,0.0,40.0,CAPE RISE,IMO7530808,KAFG,70,5,197,32,10.0,,A
367359930,2021-02-21T04:16:55,36.82419,-76.28912,0.0,307.7,511.0,SUNNY WILLIAMS,,WDE4940,80,0,25,8,,80,A
477770400,2021-02-21T04:17:29,36.87993,-76.33156,0.0,98.3,96.0,BAO MAY,IMO9410155,VRGV8,70,0,292,45,18.2,70,A
368445000,2021-02-21T04:23:05,36.96310,-76.42015,0.0,55.8,188.0,OVERSEAS NIKISKI,IMO9353577,WDBH,80,5,183,32,12.2,80,A
367865000,2021-02-21T04:17:19,36.88693,-76.33859,0.0,286.4,11.0,KANAWHA,IMO8704080,NPTD,80,5,206,29,,,A
367865000,2021-02-21T04:26:19,36.88691,-76.33854,0.0,286.4,11.0,KANAWHA,IMO8704080,NPTD,80,5,206,29,,,A
477950300,2021-02-21T04:14:35,36.89090,-76.33576,7.5,352.2,352.0,COSCO DEVELOPMENT,IMO9472139,VRIZ9,70,0,366,48,15.5,70,A
368026000,2021-02-21T04:26:44,36.86575,-76.31603,0.0,224.2,511.0,BENAVIDEZ,IMO9218210,NBHG,70,5,289,32,10.9,70,A
373765000,2021-02-21T04:15:19,37.26325,-76.10598,0.0,269.5,0.0,AM CONTRECOEUR,IMO9583184,3FBX4,70,1,229,32,14.4,,A
428405000,2021-02-21T04:18:34,36.90672,-76.32680,0.0,351.4,351.0,ZIM QINGDAO,IMO9318163,4XFC,71,5,261,32,9.9,71,A
636092329,2021-02-21T04:26:05,37.24625,-76.11856,0.0,268.0,358.0,BLUMENAU,IMO9605633,D5AL3,70,1,229,32,14.4,,A
338678000,2021-02-21T04:24:30,36.91636,-76.16844,0.0,252.9,9.0,DOLORES CHOUEST,IMO8225931,WCP8847,70,5,54,12,4.0,35,A
477950300,2021-02-21T04:28:25,36.93010,-76.33894,10.1,2.9,2.0,COSCO DEVELOPMENT,IMO9472139,VRIZ9,70,0,366,48,15.5,70,A
477770400,2021-02-21T04:19:48,36.87994,-76.33157,0.0,98.3,96.0,BAO MAY,IMO9410155,VRGV8,70,0,292,45,18.2,70,A
338846000,2021-02-21T04:25:46,36.86560,-76.31577,0.0,0.1,511.0,USNS MENDONCA,IMO9147320,NBMK,70,5,289,32,10.9,,A
366841000,2021-02-21T04:27:05,36.85328,-76.31054,0.0,0.0,511.0,CAPE RAY,IMO7530810,KAFI,70,5,197,32,10.0,,A
367821000,2021-02-21T04:25:54,36.97284,-76.43366,0.0,0.0,511.0,YANO,IMO7825409,NAQH,70,5,276,32,13.0,70,A
367359930,2021-02-21T04:27:54,36.82418,-76.28915,0.0,319.3,511.0,SUNNY WILLIAMS,,WDE4940,80,0,25,8,,80,A
356589000,2021-02-21T04:28:15,37.23802,-76.09456,0.1,291.5,349.0,DOUBLE FORTUNE,IMO9574119,3FHZ2,70,1,234,38,14.5,70,A
366839000,2021-02-21T04:29:14,36.85350,-76.31082,0.0,0.0,40.0,CAPE RISE,IMO7530808,KAFG,70,5,197,32,10.0,,A
477770400,2021-02-21T04:27:50,36.87993,-76.33156,0.0,98.3,96.0,BAO MAY,IMO9410155,VRGV8,70,0,292,45,18.2,70,A
367353070,2021-02-21T04:27:01,36.94425,-76.32948,0.0,11.0,267.0,EVERGREEN STATE,IMO9408138,WDE4430,80,5,183,32,11.8,89,A
338678000,2021-02-21T04:27:31,36.91623,-76.16841,0.0,254.8,9.0,DOLORES CHOUEST,IMO8225931,WCP8847,70,5,54,12,4.0,35,A
367822000,2021-02-21T04:29:10,36.97308,-76.43386,0.0,0.0,511.0,USNS SHUGHART,IMO7825394,NAOQ,70,5,276,32,13.0,70,A
477950300,2021-02-21T04:30:46,36.93599,-76.33849,9.0,3.3,3.0,COSCO DEVELOPMENT,IMO9472139,VRIZ9,70,0,366,48,15.5,70,A
477770400,2021-02-21T04:21:59,36.87993,-76.33156,0.0,98.3,96.0,BAO MAY,IMO9410155,VRGV8,70,0,292,45,18.2,70,A
477770400,2021-02-21T04:29:00,36.87995,-76.33155,0.0,98.3,96.0,BAO MAY,IMO9410155,VRGV8,70,0,292,45,18.2,70,A
367821000,2021-02-21T04:28:53,36.97285,-76.43366,0.0,0.0,511.0,YANO,IMO7825409,NAQH,70,5,276,32,13.0,70,A
367862000,2021-02-21T04:27:45,36.94808,-76.32982,0.0,35.7,280.0,JOSHUA HUMPHREYS,IMO8302428,NNJH,80,5,193,29,,,A
477950300,2021-02-21T04:27:16,36.92694,-76.33915,10.6,2.9,2.0,COSCO DEVELOPMENT,IMO9472139,VRIZ9,70,0,366,48,15.5,70,A
538005622,2021-02-21T04:27:16,36.87958,-76.32626,0.0,24.6,276.0,SASEBO GREEN,IMO9675468,V7FN3,70,5,225,32,14.4,,A
338846000,2021-02-21T04:28:46,36.86556,-76.31584,0.0,0.1,511.0,USNS MENDONCA,IMO9147320,NBMK,70,5,289,32,10.9,,A
366842000,2021-02-21T04:27:17,36.85385,-76.31121,0.0,0.0,42.0,CAPE RACE,IMO7616377,KAFJ,70,5,197,32,10.0,,A
356643000,2021-02-21T04:23:04,36.93728,-76.37771,0.2,229.1,283.0,ARKI,IMO9561801,3ENP3,70,1,170,27,9.7,70,A
477950300,2021-02-21T04:29:36,36.93314,-76.33871,9.2,2.8,2.0,COSCO DEVELOPMENT,IMO9472139,VRIZ9,70,0,366,48,15.5,70,A
338273000,2021-02-21T04:19:05,36.96296,-76.35679,0.0,241.5,338.0,SLNC YORK,IMO9538907,WNCG,70,1,142,23,5.5,70,A
367359930,2021-02-21T04:30:26,36.82422,-76.28915,0.0,308.4,511.0,SUNNY WILLIAMS,,WDE4940,80,0,25,8,,80,A
636092329,2021-02-21T04:20:03,37.24623,-76.11853,0.1,268.0,357.0,BLUMENAU,IMO9605633,D5AL3,70,1,229,32,14.4,,A
636092329,2021-02-21T04:29:07,37.24627,-76.11854,0.0,268.0,358.0,BLUMENAU,IMO9605633,D5AL3,70,1,229,32,14.4,,A
338678000,2021-02-21T04:30:30,36.91624,-76.16843,0.0,252.7,9.0,DOLORES CHOUEST,IMO8225931,WCP8847,70,5,54,12,4.0,35,A
366842000,2021-02-21T04:30:14,36.85385,-76.31120,0.0,0.0,42.0,CAPE RACE,IMO7616377,KAFJ,70,5,197,32,10.0,,A
368026000,2021-02-21T04:29:43,36.86577,-76.31605,0.0,224.2,511.0,BENAVIDEZ,IMO9218210,NBHG,70,5,289,32,10.9,70,A
338273000,2021-02-21T04:31:05,36.96291,-76.35672,0.1,117.3,1.0,SLNC YORK,IMO9538907,WNCG,70,1,142,23,5.5,70,A
367359930,2021-02-21T04:31:46,36.82421,-76.28915,0.0,302.0,511.0,SUNNY WILLIAMS,,WDE4940,80,0,25,8,,80,A
368445000,2021-02-21T04:29:05,36.96310,-76.42011,0.0,55.8,188.0,OVERSEAS NIKISKI,IMO9353577,WDBH,80,5,183,32,12.2,80,A
367821000,2021-02-21T04:31:53,36.97285,-76.43366,0.0,0.0,511.0,YANO,IMO7825409,NAQH,70,5,276,32,13.0,70,A
356643000,2021-02-21T04:32:06,36.93694,-76.37790,0.1,151.7,290.0,ARKI,IMO9561801,3ENP3,70,1,170,27,9.7,70,A
477770400,2021-02-21T04:31:18,36.87994,-76.33156,0.0,98.3,96.0,BAO MAY,IMO9410155,VRGV8,70,0,292,45,18.2,70,A
367862000,2021-02-21T04:30:45,36.94811,-76.32984,0.0,35.7,280.0,JOSHUA HUMPHREYS,IMO8302428,NNJH,80,5,193,29,,,A
356589000,2021-02-21T04:25:14,37.23803,-76.09449,0.1,287.4,347.0,DOUBLE FORTUNE,IMO9574119,3FHZ2,70,1,234,38,14.5,70,A
338273000,2021-02-21T04:22:05,36.96296,-76.35682,0.1,241.5,340.0,SLNC YORK,IMO9538907,WNCG,70,1,142,23,5.5,70,A
366842000,2021-02-21T04:33:16,36.85386,-76.31118,0.0,0.0,42.0,CAPE RACE,IMO7616377,KAFJ,70,5,197,32,10.0,,A
368026000,2021-02-21T04:32:43,36.86580,-76.31603,0.0,224.2,511.0,BENAVIDEZ,IMO9218210,NBHG,70,5,289,32,10.9,70,A
338273000,2021-02-21T04:34:05,36.96298,-76.35658,0.0,69.5,357.0,SLNC YORK,IMO9538907,WNCG,70,1,142,23,5.5,70,A
366839000,2021-02-21T04:23:12,36.85350,-76.31085,0.0,0.0,40.0,CAPE RISE,IMO7530808,KAFG,70,5,197,32,10.0,,A
367353070,2021-02-21T04:24:01,36.94423,-76.32953,0.0,11.0,267.0,EVERGREEN STATE,IMO9408138,WDE4430,80,5,183,32,11.8,89,A
477950300,2021-02-21T04:33:05,36.94128,-76.33812,8.0,2.8,2.0,COSCO DEVELOPMENT,IMO9472139,VRIZ9,70,0,366,48,15.5,70,A
477950300,2021-02-21T04:23:46,36.91679,-76.33983,10.7,1.2,2.0,COSCO DEVELOPMENT,IMO9472139,VRIZ9,70,0,366,48,15.5,70,A
356589000,2021-02-21T04:34:11,37.23806,-76.09453,0.0,7.2,349.0,DOUBLE FORTUNE,IMO9574119,3FHZ2,70,1,234,38,14.5,70,A
338846000,2021-02-21T04:31:47,36.86555,-76.31581,0.0,0.1,511.0,USNS MENDONCA,IMO9147320,NBMK,70,5,289,32,10.9,,A
366839000,2021-02-21T04:35:13,36.85348,-76.31082,0.0,0.0,40.0,CAPE RISE,IMO7530808,KAFG,70,5,197,32,10.0,,A
367353070,2021-02-21T04:33:02,36.94413,-76.32948,0.0,11.0,267.0,EVERGREEN STATE,IMO9408138,WDE4430,80,5,183,32,11.8,89,A
477950300,2021-02-21T04:35:25,36.94658,-76.33777,8.1,2.6,2.0,COSCO DEVELOPMENT,IMO9472139,VRIZ9,70,0,366,48,15.5,70,A
477950300,2021-02-21T04:24:56,36.92023,-76.33963,10.7,2.8,2.0,COSCO DEVELOPMENT,IMO9472139,VRIZ9,70,0,366,48,15.5,70,A
367865000,2021-02-21T04:35:19,36.88696,-76.33856,0.0,286.4,11.0,KANAWHA,IMO8704080,NPTD,80,5,206,29,,,A
367822000,2021-02-21T04:26:09,36.97308,-76.43386,0.0,0.0,511.0,USNS SHUGHART,IMO7825394,NAOQ,70,5,276,32,13.0,70,A
477770400,2021-02-21T04:33:50,36.87996,-76.33155,0.0,98.3,96.0,BAO MAY,IMO9410155,VRGV8,70,0,292,45,18.2,70,A
367862000,2021-02-21T04:36:44,36.94809,-76.32973,0.0,35.7,280.0,JOSHUA HUMPHREYS,IMO8302428,NNJH,80,5,193,29,,,A
367359930,2021-02-21T04:26:34,36.82420,-76.28913,0.0,319.9,511.0,SUNNY WILLIAMS,,WDE4940,80,0,25,8,,80,A
367359930,2021-02-21T04:32:54,36.82421,-76.28915,0.0,295.9,511.0,SUNNY WILLIAMS,,WDE4940,80,0,25,8,,80,A
477770400,2021-02-21T04:26:39,36.87994,-76.33157,0.0,98.3,96.0,BAO MAY,IMO9410155,VRGV8,70,0,292,45,18.2,70,A
477950300,2021-02-21T04:36:35,36.94939,-76.33760,8.8,2.8,2.0,COSCO DEVELOPMENT,IMO9472139,VRIZ9,70,0,366,48,15.5,70,A
428405000,2021-02-21T04:33:33,36.90610,-76.32658,0.0,351.5,352.0,ZIM QINGDAO,IMO9318163,4XFC,71,5,261,32,9.9,71,A
356643000,2021-02-21T04:35:08,36.93688,-76.37792,0.1,210.9,293.0,ARKI,IMO9561801,3ENP3,70,1,170,27,9.7,70,A
338846000,2021-02-21T04:34:47,36.86551,-76.31583,0.0,0.1,511.0,USNS MENDONCA,IMO9147320,NBMK,70,5,289,32,10.9,,A
338273000,2021-02-21T04:28:05,36.96292,-76.35683,0.0,241.5,355.0,SLNC YORK,IMO9538907,WNCG,70,1,142,23,5.5,70,A
477770400,2021-02-21T04:35:00,36.87996,-76.33156,0.0,98.3,96.0,BAO MAY,IMO9410155,VRGV8,70,0,292,45,18.2,70,A
356589000,2021-02-21T04:37:12,37.23806,-76.09453,0.1,242.5,347.0,DOUBLE FORTUNE,IMO9574119,3FHZ2,70,1,234,38,14.5,70,A
338678000,2021-02-21T04:36:31,36.91624,-76.16844,0.0,251.2,9.0,DOLORES CHOUEST,IMO8225931,WCP8847,70,5,54,12,4.0,35,A
477770400,2021-02-21T04:37:19,36.87993,-76.33156,0.0,98.3,96.0,BAO MAY,IMO9410155,VRGV8,70,0,292,45,18.2,70,A
366841000,2021-02-21T04:36:09,36.85331,-76.31053,0.0,0.0,511.0,CAPE RAY,IMO7530810,KAFI,70,5,197,32,10.0,,A
477950300,2021-02-21T04:37:46,36.95245,-76.33740,9.0,3.1,2.0,COSCO DEVELOPMENT,IMO9472139,VRIZ9,70,0,366,48,15.5,70,A
366839000,2021-02-21T04:38:14,36.85347,-76.31079,0.0,0.0,40.0,CAPE RISE,IMO7530808,KAFG,70,5,197,32,10.0,,A
636092329,2021-02-21T04:38:04,37.24624,-76.11863,0.0,268.0,1.0,BLUMENAU,IMO9605633,D5AL3,70,1,229,32,14.4,,A
367865000,2021-02-21T04:38:19,36.88693,-76.33849,0.0,286.4,11.0,KANAWHA,IMO8704080,NPTD,80,5,206,29,,,A
367865000,2021-02-21T04:29:18,36.88692,-76.33857,0.0,286.4,11.0,KANAWHA,IMO8704080,NPTD,80,5,206,29,,,A
367353070,2021-02-21T04:36:02,36.94420,-76.32950,0.0,11.0,267.0,EVERGREEN STATE,IMO9408138,WDE4430,80,5,183,32,11.8,89,A
255806078,2021-02-21T04:37:19,36.90933,-76.32717,0.1,306.9,352.0,NORTHERN MAGNUM,IMO9252541,CQIV4,71,5,300,40,11.3,71,A
367359930,2021-02-21T04:29:05,36.82421,-76.28915,0.0,313.8,511.0,SUNNY WILLIAMS,,WDE4940,80,0,25,8,,80,A
367359930,2021-02-21T04:36:54,36.82420,-76.28912,0.0,285.1,511.0,SUNNY WILLIAMS,,WDE4940,80,0,25,8,,80,A
367359930,2021-02-21T04:38:05,36.82419,-76.28912,0.0,288.3,511.0,SUNNY WILLIAMS,,WDE4940,80,0,25,8,,80,A
338846000,2021-02-21T04:37:47,36.86559,-76.31582,0.0,0.1,511.0,USNS MENDONCA,IMO9147320,NBMK,70,5,289,32,10.9,,A
538005622,2021-02-21T04:36:16,36.87957,-76.32624,0.0,24.6,276.0,SASEBO GREEN,IMO9675468,V7FN3,70,5,225,32,14.4,,A
367822000,2021-02-21T04:38:09,36.97309,-76.43386,0.0,0.0,511.0,USNS SHUGHART,IMO7825394,NAOQ,70,5,276,32,13.0,70,A
367353070,2021-02-21T04:39:04,36.94417,-76.32950,0.0,11.0,267.0,EVERGREEN STATE,IMO9408138,WDE4430,80,5,183,32,11.8,89,A
477770400,2021-02-21T04:38:30,36.87995,-76.33158,0.0,98.3,96.0,BAO MAY,IMO9410155,VRGV8,70,0,292,45,18.2,70,A
368026000,2021-02-21T04:38:44,36.86579,-76.31604,0.0,224.2,511.0,BENAVIDEZ,IMO9218210,NBHG,70,5,289,32,10.9,70,A
538005622,2021-02-21T04:39:16,36.87959,-76.32624,0.0,24.6,276.0,SASEBO GREEN,IMO9675468,V7FN3,70,5,225,32,14.4,,A
366841000,2021-02-21T04:30:10,36.85327,-76.31052,0.0,0.0,511.0,CAPE RAY,IMO7530810,KAFI,70,5,197,32,10.0,,A
356643000,2021-02-21T04:38:08,36.93680,-76.37801,0.1,217.4,295.0,ARKI,IMO9561801,3ENP3,70,1,170,27,9.7,70,A
477950300,2021-02-21T04:38:57,36.95554,-76.33719,9.4,2.5,2.0,COSCO DEVELOPMENT,IMO9472139,VRIZ9,70,0,366,48,15.5,70,A
338678000,2021-02-21T04:39:30,36.91625,-76.16840,0.0,261.9,9.0,DOLORES CHOUEST,IMO8225931,WCP8847,70,5,54,12,4.0,35,A
538005622,2021-02-21T04:30:16,36.87956,-76.32625,0.0,24.6,276.0,SASEBO GREEN,IMO9675468,V7FN3,70,5,225,32,14.4,,A
366842000,2021-02-21T04:39:16,36.85383,-76.31121,0.0,0.0,42.0,CAPE RACE,IMO7616377,KAFJ,70,5,197,32,10.0,,A
366841000,2021-02-21T04:39:10,36.85328,-76.31054,0.0,0.0,511.0,CAPE RAY,IMO7530810,KAFI,70,5,197,32,10.0,,A
356589000,2021-02-21T04:40:14,37.23802,-76.09458,0.1,283.5,348.0,DOUBLE FORTUNE,IMO9574119,3FHZ2,70,1,234,38,14.5,70,A
477770400,2021-02-21T04:30:09,36.87994,-76.33156,0.0,98.3,96.0,BAO MAY,IMO9410155,VRGV8,70,0,292,45,18.2,70,A
338273000,2021-02-21T04:40:05,36.96300,-76.35663,0.0,69.5,336.0,SLNC YORK,IMO9538907,WNCG,70,1,142,23,5.5,70,A
428405000,2021-02-21T04:30:34,36.90662,-76.32685,0.0,351.6,352.0,ZIM QINGDAO,IMO9318163,4XFC,71,5,261,32,9.9,71,A
338846000,2021-02-21T04:40:46,36.86561,-76.31581,0.0,0.1,511.0,USNS MENDONCA,IMO9147320,NBMK,70,5,289,32,10.9,,A
367862000,2021-02-21T04:39:44,36.94818,-76.32980,0.0,35.7,280.0,JOSHUA HUMPHREYS,IMO8302428,NNJH,80,5,193,29,,,A
367353070,2021-02-21T04:30:04,36.94420,-76.32950,0.0,11.0,267.0,EVERGREEN STATE,IMO9408138,WDE4430,80,5,183,32,11.8,89,A
367865000,2021-02-21T04:41:18,36.88693,-76.33859,0.0,286.4,11.0,KANAWHA,IMO8704080,NPTD,80,5,206,29,,,A
367359930,2021-02-21T04:41:35,36.82421,-76.28914,0.0,303.6,511.0,SUNNY WILLIAMS,,WDE4940,80,0,25,8,,80,A
366839000,2021-02-21T04:41:15,36.85354,-76.31085,0.0,0.0,40.0,CAPE RISE,IMO7530808,KAFG,70,5,197,32,10.0,,A
356589000,2021-02-21T04:31:13,37.23806,-76.09456,0.0,327.9,350.0,DOUBLE FORTUNE,IMO9574119,3FHZ2,70,1,234,38,14.5,70,A
255806078,2021-02-21T04:40:21,36.90938,-76.32717,0.1,306.9,352.0,NORTHERN MAGNUM,IMO9252541,CQIV4,71,5,300,40,11.3,71,A
477950300,2021-02-21T04:40:06,36.95874,-76.33706,9.8,1.9,2.0,COSCO DEVELOPMENT,IMO9472139,VRIZ9,70,0,366,48,15.5,70,A
477950300,2021-02-21T04:31:56,36.93871,-76.33829,8.5,3.0,2.0,COSCO DEVELOPMENT,IMO9472139,VRIZ9,70,0,366,48,15.5,70,A
477950300,2021-02-21T04:42:25,36.96524,-76.33668,10.2,3.5,6.0,COSCO DEVELOPMENT,IMO9472139,VRIZ9,70,0,366,48,15.5,70,A
538005622,2021-02-21T04:42:16,36.87958,-76.32623,0.0,24.6,276.0,SASEBO GREEN,IMO9675468,V7FN3,70,5,225,32,14.4,,A
338678000,2021-02-21T04:42:30,36.91627,-76.16847,0.0,261.6,10.0,DOLORES CHOUEST,IMO8225931,WCP8847,70,5,54,12,4.0,35,A
477770400,2021-02-21T04:40:50,36.87992,-76.33154,0.0,98.3,96.0,BAO MAY,IMO9410155,VRGV8,70,0,292,45,18.2,70,A
367821000,2021-02-21T04:40:54,36.97283,-76.43366,0.0,0.0,511.0,YANO,IMO7825409,NAQH,70,5,276,32,13.0,70,A
356589000,2021-02-21T04:43:15,37.23802,-76.09463,0.1,296.9,349.0,DOUBLE FORTUNE,IMO9574119,3FHZ2,70,1,234,38,14.5,70,A
477770400,2021-02-21T04:32:39,36.87995,-76.33156,0.0,98.3,96.0,BAO MAY,IMO9410155,VRGV8,70,0,292,45,18.2,70,A
368445000,2021-02-21T04:32:06,36.96311,-76.42020,0.0,55.8,188.0,OVERSEAS NIKISKI,IMO9353577,WDBH,80,5,183,32,12.2,80,A
368445000,2021-02-21T04:41:05,36.96312,-76.42011,0.0,55.8,188.0,OVERSEAS NIKISKI,IMO9353577,WDBH,80,5,183,32,12.2,80,A
356643000,2021-02-21T04:44:04,36.93674,-76.37799,0.1,34.8,297.0,ARKI,IMO9561801,3ENP3,70,1,170,27,9.7,70,A
338678000,2021-02-21T04:33:30,36.91624,-76.16843,0.0,250.7,10.0,DOLORES CHOUEST,IMO8225931,WCP8847,70,5,54,12,4.0,35,A
373765000,2021-02-21T04:42:16,37.26323,-76.10624,0.0,265.8,3.0,AM CONTRECOEUR,IMO9583184,3FBX4,70,1,229,32,14.4,,A
367862000,2021-02-21T04:42:44,36.94814,-76.32981,0.0,35.7,280.0,JOSHUA HUMPHREYS,IMO8302428,NNJH,80,5,193,29,,,A
366842000,2021-02-21T04:42:15,36.85384,-76.31123,0.0,0.0,42.0,CAPE RACE,IMO7616377,KAFJ,70,5,197,32,10.0,,A
538005622,2021-02-21T04:33:16,36.87959,-76.32623,0.0,24.6,276.0,SASEBO GREEN,IMO9675468,V7FN3,70,5,225,32,14.4,,A
477770400,2021-02-21T04:43:09,36.87992,-76.33156,0.0,98.3,96.0,BAO MAY,IMO9410155,VRGV8,70,0,292,45,18.2,70,A
338273000,2021-02-21T04:43:05,36.96303,-76.35662,0.0,69.5,333.0,SLNC YORK,IMO9538907,WNCG,70,1,142,23,5.5,70,A
477950300,2021-02-21T04:34:16,36.94387,-76.33794,7.9,3.2,3.0,COSCO DEVELOPMENT,IMO9472139,VRIZ9,70,0,366,48,15.5,70,A
367359930,2021-02-21T04:34:05,36.82421,-76.28914,0.0,291.1,511.0,SUNNY WILLIAMS,,WDE4940,80,0,25,8,,80,A
428405000,2021-02-21T04:42:33,36.90623,-76.32668,0.0,351.6,352.0,ZIM QINGDAO,IMO9318163,4XFC,71,5,261,32,9.9,71,A
636092329,2021-02-21T04:44:04,37.24626,-76.11851,0.1,268.0,357.0,BLUMENAU,IMO9605633,D5AL3,70,1,229,32,14.4,,A
367821000,2021-02-21T04:34:54,36.97284,-76.43367,0.0,0.0,511.0,YANO,IMO7825409,NAQH,70,5,276,32,13.0,70,A
367359930,2021-02-21T04:45:06,36.82421,-76.28915,0.0,275.5,511.0,SUNNY WILLIAMS,,WDE4940,80,0,25,8,,80,A
367359930,2021-02-21T04:35:14,36.82420,-76.28913,0.0,291.7,511.0,SUNNY WILLIAMS,,WDE4940,80,0,25,8,,80,A
636092329,2021-02-21T04:35:07,37.24623,-76.11855,0.1,268.0,358.0,BLUMENAU,IMO9605633,D5AL3,70,1,229,32,14.4,,A
367821000,2021-02-21T04:43:53,36.97283,-76.43367,0.0,0.0,511.0,YANO,IMO7825409,NAQH,70,5,276,32,13.0,70,A
367822000,2021-02-21T04:35:09,36.97308,-76.43386,0.0,0.0,511.0,USNS SHUGHART,IMO7825394,NAOQ,70,5,276,32,13.0,70,A
538005622,2021-02-21T04:45:16,36.87955,-76.32622,0.0,24.6,276.0,SASEBO GREEN,IMO9675468,V7FN3,70,5,225,32,14.4,,A
366841000,2021-02-21T04:45:09,36.85328,-76.31052,0.0,0.0,511.0,CAPE RAY,IMO7530810,KAFI,70,5,197,32,10.0,,A
367359930,2021-02-21T04:42:45,36.82420,-76.28914,0.0,291.8,511.0,SUNNY WILLIAMS,,WDE4940,80,0,25,8,,80,A
477950300,2021-02-21T04:44:46,36.97150,-76.33416,10.3,27.6,31.0,COSCO DEVELOPMENT,IMO9472139,VRIZ9,70,0,366,48,15.5,70,A
373765000,2021-02-21T04:45:18,37.26323,-76.10622,0.0,265.8,3.0,AM CONTRECOEUR,IMO9583184,3FBX4,70,1,229,32,14.4,,A
428405000,2021-02-21T04:36:34,36.90624,-76.32667,0.0,351.5,352.0,ZIM QINGDAO,IMO9318163,4XFC,71,5,261,32,9.9,71,A
338846000,2021-02-21T04:43:45,36.86561,-76.31580,0.0,0.1,511.0,USNS MENDONCA,IMO9147320,NBMK,70,5,289,32,10.9,,A
368445000,2021-02-21T04:35:05,36.96305,-76.42010,0.0,55.8,188.0,OVERSEAS NIKISKI,IMO9353577,WDBH,80,5,183,32,12.2,80,A
367353070,2021-02-21T04:45:01,36.94418,-76.32950,0.0,11.0,267.0,EVERGREEN STATE,IMO9408138,WDE4430,80,5,183,32,11.8,89,A
366842000,2021-02-21T04:36:13,36.85385,-76.31122,0.0,0.0,42.0,CAPE RACE,IMO7616377,KAFJ,70,5,197,32,10.0,,A
366842000,2021-02-21T04:45:14,36.85383,-76.31118,0.0,0.0,42.0,CAPE RACE,IMO7616377,KAFJ,70,5,197,32,10.0,,A
477950300,2021-02-21T04:45:56,36.97425,-76.33162,10.5,40.0,42.0,COSCO DEVELOPMENT,IMO9472139,VRIZ9,70,0,366,48,15.5,70,A
477770400,2021-02-21T04:44:19,36.87992,-76.33155,0.0,98.3,96.0,BAO MAY,IMO9410155,VRGV8,70,0,292,45,18.2,70,A
338678000,2021-02-21T04:45:30,36.91625,-76.16848,0.0,258.3,10.0,DOLORES CHOUEST,IMO8225931,WCP8847,70,5,54,12,4.0,35,A
477770400,2021-02-21T04:45:29,36.87993,-76.33155,0.0,98.3,96.0,BAO MAY,IMO9410155,VRGV8,70,0,292,45,18.2,70,A
255806078,2021-02-21T04:46:25,36.90942,-76.32720,0.1,306.9,352.0,NORTHERN MAGNUM,IMO9252541,CQIV4,71,5,300,40,11.3,71,A
477950300,2021-02-21T04:47:05,36.97690,-76.32847,11.0,44.4,44.0,COSCO DEVELOPMENT,IMO9472139,VRIZ9,70,0,366,48,15.5,70,A
356589000,2021-02-21T04:46:14,37.23803,-76.09462,0.1,24.8,351.0,DOUBLE FORTUNE,IMO9574119,3FHZ2,70,1,234,38,14.5,70,A
373765000,2021-02-21T04:36:17,37.26320,-76.10622,0.1,265.8,2.0,AM CONTRECOEUR,IMO9583184,3FBX4,70,1,229,32,14.4,,A
368445000,2021-02-21T04:47:05,36.96313,-76.42014,0.0,55.8,188.0,OVERSEAS NIKISKI,IMO9353577,WDBH,80,5,183,32,12.2,80,A
356643000,2021-02-21T04:47:04,36.93674,-76.37805,0.1,266.3,296.0,ARKI,IMO9561801,3ENP3,70,1,170,27,9.7,70,A
477950300,2021-02-21T04:48:15,36.97974,-76.32497,11.8,44.7,44.0,COSCO DEVELOPMENT,IMO9472139,VRIZ9,70,0,366,48,15.5,70,A
373765000,2021-02-21T04:48:16,37.26325,-76.10623,0.0,265.8,4.0,AM CONTRECOEUR,IMO9583184,3FBX4,70,1,229,32,14.4,,A
368026000,2021-02-21T04:47:44,36.86579,-76.31605,0.0,224.2,511.0,BENAVIDEZ,IMO9218210,NBHG,70,5,289,32,10.9,70,A
338273000,2021-02-21T04:37:05,36.96300,-76.35661,0.0,69.5,343.0,SLNC YORK,IMO9538907,WNCG,70,1,142,23,5.5,70,A
367353070,2021-02-21T04:48:04,36.94418,-76.32948,0.0,11.0,267.0,EVERGREEN STATE,IMO9408138,WDE4430,80,5,183,32,11.8,89,A
477770400,2021-02-21T04:47:49,36.87993,-76.33158,0.0,98.3,96.0,BAO MAY,IMO9410155,VRGV8,70,0,292,45,18.2,70,A
338273000,2021-02-21T04:49:05,36.96298,-76.35671,0.0,69.5,332.0,SLNC YORK,IMO9538907,WNCG,70,1,142,23,5.5,70,A
366841000,2021-02-21T04:48:08,36.85329,-76.31052,0.0,0.0,511.0,CAPE RAY,IMO7530810,KAFI,70,5,197,32,10.0,,A
428405000,2021-02-21T04:48:33,36.90624,-76.32668,0.0,351.6,352.0,ZIM QINGDAO,IMO9318163,4XFC,71,5,261,32,9.9,71,A
477770400,2021-02-21T04:48:59,36.87995,-76.33158,0.0,98.3,96.0,BAO MAY,IMO9410155,VRGV8,70,0,292,45,18.2,70,A
373765000,2021-02-21T04:39:16,37.26322,-76.10626,0.0,265.8,4.0,AM CONTRECOEUR,IMO9583184,3FBX4,70,1,229,32,14.4,,A
367359930,2021-02-21T04:48:56,36.82419,-76.28914,0.0,288.3,511.0,SUNNY WILLIAMS,,WDE4940,80,0,25,8,,80,A
367359930,2021-02-21T04:39:14,36.82419,-76.28913,0.0,294.5,511.0,SUNNY WILLIAMS,,WDE4940,80,0,25,8,,80,A
477770400,2021-02-21T04:39:39,36.87993,-76.33155,0.0,98.3,96.0,BAO MAY,IMO9410155,VRGV8,70,0,292,45,18.2,70,A
255806078,2021-02-21T04:49:27,36.90933,-76.32717,0.1,306.9,352.0,NORTHERN MAGNUM,IMO9252541,CQIV4,71,5,300,40,11.3,71,A
366842000,2021-02-21T04:48:15,36.85384,-76.31121,0.0,0.0,42.0,CAPE RACE,IMO7616377,KAFJ,70,5,197,32,10.0,,A
356643000,2021-02-21T04:41:04,36.93675,-76.37801,0.0,256.8,297.0,ARKI,IMO9561801,3ENP3,70,1,170,27,9.7,70,A
338846000,2021-02-21T04:46:46,36.86559,-76.31581,0.0,0.1,511.0,USNS MENDONCA,IMO9147320,NBMK,70,5,289,32,10.9,,A
636092329,2021-02-21T04:50:04,37.24625,-76.11868,0.1,268.0,1.0,BLUMENAU,IMO9605633,D5AL3,70,1,229,32,14.4,,A
373765000,2021-02-21T04:51:17,37.26326,-76.10620,0.0,265.8,4.0,AM CONTRECOEUR,IMO9583184,3FBX4,70,1,229,32,14.4,,A
367822000,2021-02-21T04:41:09,36.97308,-76.43386,0.0,0.0,511.0,USNS SHUGHART,IMO7825394,NAOQ,70,5,276,32,13.0,70,A
477770400,2021-02-21T04:50:10,36.87994,-76.33157,0.0,98.3,96.0,BAO MAY,IMO9410155,VRGV8,70,0,292,45,18.2,70,A
366842000,2021-02-21T04:51:15,36.85385,-76.31122,0.0,0.0,42.0,CAPE RACE,IMO7616377,KAFJ,70,5,197,32,10.0,,A
477770400,2021-02-21T04:41:59,36.87992,-76.33155,0.0,98.3,96.0,BAO MAY,IMO9410155,VRGV8,70,0,292,45,18.2,70,A
367821000,2021-02-21T04:49:53,36.97283,-76.43367,0.0,0.0,511.0,YANO,IMO7825409,NAQH,70,5,276,32,13.0,70,A
368445000,2021-02-21T04:50:05,36.96306,-76.42012,0.0,55.8,188.0,OVERSEAS NIKISKI,IMO9353577,WDBH,80,5,183,32,12.2,80,A
367822000,2021-02-21T04:50:09,36.97308,-76.43386,0.0,0.0,511.0,USNS SHUGHART,IMO7825394,NAOQ,70,5,276,32,13.0,70,A
367862000,2021-02-21T04:51:44,36.94809,-76.32971,0.0,35.7,280.0,JOSHUA HUMPHREYS,IMO8302428,NNJH,80,5,193,29,,,A
477950300,2021-02-21T04:41:16,36.96205,-76.33686,10.1,2.3,2.0,COSCO DEVELOPMENT,IMO9472139,VRIZ9,70,0,366,48,15.5,70,A
367353070,2021-02-21T04:42:04,36.94418,-76.32950,0.0,11.0,267.0,EVERGREEN STATE,IMO9408138,WDE4430,80,5,183,32,11.8,89,A
356589000,2021-02-21T04:52:11,37.23807,-76.09447,0.0,90.7,347.0,DOUBLE FORTUNE,IMO9574119,3FHZ2,70,1,234,38,14.5,70,A
428405000,2021-02-21T04:51:33,36.90622,-76.32667,0.0,351.6,352.0,ZIM QINGDAO,IMO9318163,4XFC,71,5,261,32,9.9,71,A
477950300,2021-02-21T04:52:36,36.99070,-76.31108,13.2,49.8,52.0,COSCO DEVELOPMENT,IMO9472139,VRIZ9,70,0,366,48,15.5,70,A
255806078,2021-02-21T04:43:23,36.90938,-76.32717,0.1,306.9,352.0,NORTHERN MAGNUM,IMO9252541,CQIV4,71,5,300,40,11.3,71,A
366839000,2021-02-21T04:44:13,36.85348,-76.31080,0.0,0.0,40.0,CAPE RISE,IMO7530808,KAFG,70,5,197,32,10.0,,A
477770400,2021-02-21T04:52:29,36.87990,-76.33154,0.0,98.3,96.0,BAO MAY,IMO9410155,VRGV8,70,0,292,45,18.2,70,A
367359930,2021-02-21T04:52:35,36.82419,-76.28913,0.0,283.8,511.0,SUNNY WILLIAMS,,WDE4940,80,0,25,8,,80,A
367359930,2021-02-21T04:43:55,36.82421,-76.28914,0.0,277.1,511.0,SUNNY WILLIAMS,,WDE4940,80,0,25,8,,80,A
338846000,2021-02-21T04:52:46,36.86554,-76.31585,0.0,0.1,511.0,USNS MENDONCA,IMO9147320,NBMK,70,5,289,32,10.9,,A
636092329,2021-02-21T04:53:08,37.24627,-76.11865,0.1,268.0,0.0,BLUMENAU,IMO9605633,D5AL3,70,1,229,32,14.4,,A
368026000,2021-02-21T04:44:44,36.86577,-76.31605,0.0,224.2,511.0,BENAVIDEZ,IMO9218210,NBHG,70,5,289,32,10.9,70,A
367359930,2021-02-21T04:53:45,36.82419,-76.28913,0.0,288.9,511.0,SUNNY WILLIAMS,,WDE4940,80,0,25,8,,80,A
367822000,2021-02-21T04:53:09,36.97307,-76.43386,0.0,0.0,511.0,USNS SHUGHART,IMO7825394,NAOQ,70,5,276,32,13.0,70,A
368026000,2021-02-21T04:41:44,36.86577,-76.31604,0.0,224.2,511.0,BENAVIDEZ,IMO9218210,NBHG,70,5,289,32,10.9,70,A
366841000,2021-02-21T04:51:10,36.85331,-76.31054,0.0,0.0,511.0,CAPE RAY,IMO7530810,KAFI,70,5,197,32,10.0,,A
477770400,2021-02-21T04:54:50,36.87991,-76.33155,0.0,98.3,96.0,BAO MAY,IMO9410155,VRGV8,70,0,292,45,18.2,70,A
538005622,2021-02-21T04:54:16,36.87959,-76.32620,0.0,24.6,276.0,SASEBO GREEN,IMO9675468,V7FN3,70,5,225,32,14.4,,A
367821000,2021-02-21T04:52:54,36.97283,-76.43367,0.0,0.0,511.0,YANO,IMO7825409,NAQH,70,5,276,32,13.0,70,A
366839000,2021-02-21T04:53:10,36.85350,-76.31084,0.0,0.0,40.0,CAPE RISE,IMO7530808,KAFG,70,5,197,32,10.0,,A
477950300,2021-02-21T04:43:35,36.96848,-76.33585,10.2,16.1,21.0,COSCO DEVELOPMENT,IMO9472139,VRIZ9,70,0,366,48,15.5,70,A
428405000,2021-02-21T04:54:34,36.90633,-76.32671,0.0,351.6,352.0,ZIM QINGDAO,IMO9318163,4XFC,71,5,261,32,9.9,71,A
367862000,2021-02-21T04:54:44,36.94811,-76.32977,0.0,35.7,280.0,JOSHUA HUMPHREYS,IMO8302428,NNJH,80,5,193,29,,,A
338273000,2021-02-21T04:55:05,36.96295,-76.35675,0.0,69.5,344.0,SLNC YORK,IMO9538907,WNCG,70,1,142,23,5.5,70,A
367359930,2021-02-21T04:46:35,36.82419,-76.28913,0.0,282.5,511.0,SUNNY WILLIAMS,,WDE4940,80,0,25,8,,80,A
367359930,2021-02-21T04:56:05,36.82418,-76.28911,0.0,302.6,511.0,SUNNY WILLIAMS,,WDE4940,80,0,25,8,,80,A
636092329,2021-02-21T04:56:04,37.24626,-76.11860,0.1,268.0,359.0,BLUMENAU,IMO9605633,D5AL3,70,1,229,32,14.4,,A
356589000,2021-02-21T04:55:14,37.23806,-76.09449,0.1,253.0,346.0,DOUBLE FORTUNE,IMO9574119,3FHZ2,70,1,234,38,14.5,70,A
367865000,2021-02-21T04:44:18,36.88691,-76.33853,0.0,286.4,11.0,KANAWHA,IMO8704080,NPTD,80,5,206,29,,,A
367821000,2021-02-21T04:46:54,36.97283,-76.43367,0.0,0.0,511.0,YANO,IMO7825409,NAQH,70,5,276,32,13.0,70,A
366841000,2021-02-21T04:54:03,36.85329,-76.31051,0.0,0.0,511.0,CAPE RAY,IMO7530810,KAFI,70,5,197,32,10.0,,A
255806078,2021-02-21T04:55:27,36.90935,-76.32718,0.1,306.9,352.0,NORTHERN MAGNUM,IMO9252541,CQIV4,71,5,300,40,11.3,71,A
368445000,2021-02-21T04:53:05,36.96309,-76.42011,0.0,55.8,188.0,OVERSEAS NIKISKI,IMO9353577,WDBH,80,5,183,32,12.2,80,A
367353070,2021-02-21T04:54:01,36.94413,-76.32948,0.0,11.0,267.0,EVERGREEN STATE,IMO9408138,WDE4430,80,5,183,32,11.8,89,A
366839000,2021-02-21T04:56:14,36.85350,-76.31087,0.0,0.0,40.0,CAPE RISE,IMO7530808,KAFG,70,5,197,32,10.0,,A
366839000,2021-02-21T04:47:16,36.85351,-76.31085,0.0,0.0,40.0,CAPE RISE,IMO7530808,KAFG,70,5,197,32,10.0,,A
338273000,2021-02-21T04:46:05,36.96299,-76.35666,0.0,69.5,331.0,SLNC YORK,IMO9538907,WNCG,70,1,142,23,5.5,70,A
428405000,2021-02-21T04:45:33,36.90617,-76.32668,0.0,351.6,352.0,ZIM QINGDAO,IMO9318163,4XFC,71,5,261,32,9.9,71,A
477950300,2021-02-21T04:56:01,36.99804,-76.29726,14.1,58.3,57.0,COSCO DEVELOPMENT,IMO9472139,VRIZ9,70,0,366,48,15.5,70,A
477950300,2021-02-21T04:54:57,36.99578,-76.30176,13.8,57.7,58.0,COSCO DEVELOPMENT,IMO9472139,VRIZ9,70,0,366,48,15.5,70,A
367862000,2021-02-21T04:48:44,36.94812,-76.32980,0.0,35.7,280.0,JOSHUA HUMPHREYS,IMO8302428,NNJH,80,5,193,29,,,A
367353070,2021-02-21T04:57:03,36.94418,-76.32948,0.0,11.0,267.0,EVERGREEN STATE,IMO9408138,WDE4430,80,5,183,32,11.8,89,A
366841000,2021-02-21T04:57:04,36.85332,-76.31055,0.0,0.0,511.0,CAPE RAY,IMO7530810,KAFI,70,5,197,32,10.0,,A
356643000,2021-02-21T04:50:04,36.93670,-76.37811,0.1,251.4,297.0,ARKI,IMO9561801,3ENP3,70,1,170,27,9.7,70,A
373765000,2021-02-21T04:57:16,37.26327,-76.10613,0.0,265.8,2.0,AM CONTRECOEUR,IMO9583184,3FBX4,70,1,229,32,14.4,,A
367865000,2021-02-21T04:47:19,36.88690,-76.33858,0.0,286.4,11.0,KANAWHA,IMO8704080,NPTD,80,5,206,29,,,A
636092329,2021-02-21T04:47:07,37.24626,-76.11861,0.1,268.0,358.0,BLUMENAU,IMO9605633,D5AL3,70,1,229,32,14.4,,A
477950300,2021-02-21T04:57:07,37.00016,-76.29249,14.2,63.9,65.0,COSCO DEVELOPMENT,IMO9472139,VRIZ9,70,0,366,48,15.5,70,A
367821000,2021-02-21T04:55:53,36.97283,-76.43367,0.0,0.0,511.0,YANO,IMO7825409,NAQH,70,5,276,32,13.0,70,A
367359930,2021-02-21T04:50:15,36.82418,-76.28913,0.0,287.3,511.0,SUNNY WILLIAMS,,WDE4940,80,0,25,8,,80,A
538005622,2021-02-21T04:57:16,36.87960,-76.32624,0.0,24.6,276.0,SASEBO GREEN,IMO9675468,V7FN3,70,5,225,32,14.4,,A
428405000,2021-02-21T04:57:33,36.90630,-76.32673,0.0,351.6,352.0,ZIM QINGDAO,IMO9318163,4XFC,71,5,261,32,9.9,71,A
368026000,2021-02-21T04:50:43,36.86578,-76.31607,0.0,224.2,511.0,BENAVIDEZ,IMO9218210,NBHG,70,5,289,32,10.9,70,A
356589000,2021-02-21T04:49:13,37.23812,-76.09453,0.1,100.9,350.0,DOUBLE FORTUNE,IMO9574119,3FHZ2,70,1,234,38,14.5,70,A
367359930,2021-02-21T04:58:24,36.82422,-76.28912,0.0,298.3,511.0,SUNNY WILLIAMS,,WDE4940,80,0,25,8,,80,A
538005622,2021-02-21T04:48:16,36.87957,-76.32623,0.0,24.6,276.0,SASEBO GREEN,IMO9675468,V7FN3,70,5,225,32,14.4,,A
367865000,2021-02-21T04:50:19,36.88693,-76.33856,0.0,286.4,11.0,KANAWHA,IMO8704080,NPTD,80,5,206,29,,,A
477950300,2021-02-21T04:49:16,36.98221,-76.32190,12.3,45.0,44.0,COSCO DEVELOPMENT,IMO9472139,VRIZ9,70,0,366,48,15.5,70,A
366839000,2021-02-21T04:50:14,36.85348,-76.31081,0.0,0.0,40.0,CAPE RISE,IMO7530808,KAFG,70,5,197,32,10.0,,A
366839000,2021-02-21T04:59:10,36.85349,-76.31083,0.0,0.0,40.0,CAPE RISE,IMO7530808,KAFG,70,5,197,32,10.0,,A
636092329,2021-02-21T04:59:09,37.24628,-76.11859,0.1,268.0,359.0,BLUMENAU,IMO9605633,D5AL3,70,1,229,32,14.4,,A
367822000,2021-02-21T04:59:09,36.97307,-76.43387,0.0,0.0,511.0,USNS SHUGHART,IMO7825394,NAOQ,70,5,276,32,13.0,70,A
356643000,2021-02-21T04:59:04,36.93656,-76.37823,0.1,230.8,303.0,ARKI,IMO9561801,3ENP3,70,1,170,27,9.7,70,A
366841000,2021-02-21T05:00:08,36.85327,-76.31052,0.0,0.0,511.0,CAPE RAY,IMO7530810,KAFI,70,5,197,32,10.0,,A
368445000,2021-02-21T04:59:05,36.96311,-76.42013,0.0,55.8,188.0,OVERSEAS NIKISKI,IMO9353577,WDBH,80,5,183,32,12.2,80,A
367359930,2021-02-21T05:00:05,36.82418,-76.28911,0.0,278.6,511.0,SUNNY WILLIAMS,,WDE4940,80,0,25,8,,80,A
477950300,2021-02-21T05:00:01,37.00341,-76.27845,14.7,77.1,74.0,COSCO DEVELOPMENT,IMO9472139,VRIZ9,70,0,366,48,15.5,70,A
373765000,2021-02-21T05:00:17,37.26325,-76.10619,0.0,265.8,2.0,AM CONTRECOEUR,IMO9583184,3FBX4,70,1,229,32,14.4,,A
368026000,2021-02-21T04:56:44,36.86579,-76.31603,0.1,224.2,511.0,BENAVIDEZ,IMO9218210,NBHG,70,5,289,32,10.9,70,A
338678000,2021-02-21T04:51:31,36.91625,-76.16844,0.0,257.7,10.0,DOLORES CHOUEST,IMO8225931,WCP8847,70,5,54,12,4.0,35,A
367353070,2021-02-21T05:00:04,36.94417,-76.32952,0.0,11.0,267.0,EVERGREEN STATE,IMO9408138,WDE4430,80,5,183,32,11.8,89,A
368026000,2021-02-21T04:53:44,36.86578,-76.31606,0.0,224.2,511.0,BENAVIDEZ,IMO9218210,NBHG,70,5,289,32,10.9,70,A
477770400,2021-02-21T04:53:40,36.87995,-76.33157,0.0,98.3,96.0,BAO MAY,IMO9410155,VRGV8,70,0,292,45,18.2,70,A
367359930,2021-02-21T04:59:34,36.82416,-76.28911,0.0,278.7,511.0,SUNNY WILLIAMS,,WDE4940,80,0,25,8,,80,A
367359930,2021-02-21T04:51:25,36.82418,-76.28913,0.0,284.6,511.0,SUNNY WILLIAMS,,WDE4940,80,0,25,8,,80,A
367353070,2021-02-21T04:51:03,36.94417,-76.32952,0.0,11.0,267.0,EVERGREEN STATE,IMO9408138,WDE4430,80,5,183,32,11.8,89,A
366842000,2021-02-21T04:57:11,36.85385,-76.31115,0.0,0.0,42.0,CAPE RACE,IMO7616377,KAFJ,70,5,197,32,10.0,,A
366842000,2021-02-21T05:00:13,36.85380,-76.31120,0.0,0.0,43.0,CAPE RACE,IMO7616377,KAFJ,70,5,197,32,10.0,,A
255806078,2021-02-21T04:52:27,36.90935,-76.32717,0.1,306.9,352.0,NORTHERN MAGNUM,IMO9252541,CQIV4,71,5,300,40,11.3,71,A
338273000,2021-02-21T05:01:05,36.96290,-76.35680,0.0,69.5,357.0,SLNC YORK,IMO9538907,WNCG,70,1,142,23,5.5,70,A
477950300,2021-02-21T05:01:07,37.00440,-76.27313,14.7,75.8,74.0,COSCO DEVELOPMENT,IMO9472139,VRIZ9,70,0,366,48,15.5,70,A
356589000,2021-02-21T05:01:13,37.23804,-76.09466,0.1,273.7,351.0,DOUBLE FORTUNE,IMO9574119,3FHZ2,70,1,234,38,14.5,70,A
368445000,2021-02-21T05:02:05,36.96305,-76.42011,0.0,55.8,188.0,OVERSEAS NIKISKI,IMO9353577,WDBH,80,5,183,32,12.2,80,A
367359930,2021-02-21T05:01:15,36.82417,-76.28911,0.0,269.3,511.0,SUNNY WILLIAMS,,WDE4940,80,0,25,8,,80,A
367821000,2021-02-21T05:01:54,36.97283,-76.43367,0.0,0.0,511.0,YANO,IMO7825409,NAQH,70,5,276,32,13.0,70,A
338846000,2021-02-21T05:01:45,36.86561,-76.31580,0.0,0.1,511.0,USNS MENDONCA,IMO9147320,NBMK,70,5,289,32,10.9,,A
366839000,2021-02-21T05:02:16,36.85350,-76.31082,0.0,0.0,40.0,CAPE RISE,IMO7530808,KAFG,70,5,197,32,10.0,,A
367822000,2021-02-21T05:02:09,36.97307,-76.43387,0.0,0.0,511.0,USNS SHUGHART,IMO7825394,NAOQ,70,5,276,32,13.0,70,A
338273000,2021-02-21T04:58:05,36.96293,-76.35677,0.1,69.5,351.0,SLNC YORK,IMO9538907,WNCG,70,1,142,23,5.5,70,A
636092329,2021-02-21T05:02:02,37.24627,-76.11857,0.0,268.0,0.0,BLUMENAU,IMO9605633,D5AL3,70,1,229,32,14.4,,A
366841000,2021-02-21T05:03:08,36.85329,-76.31049,0.0,0.0,511.0,CAPE RAY,IMO7530810,KAFI,70,5,197,32,10.0,,A
367359930,2021-02-21T05:02:25,36.82418,-76.28915,0.0,263.4,511.0,SUNNY WILLIAMS,,WDE4940,80,0,25,8,,80,A
477770400,2021-02-21T05:03:28,36.87995,-76.33157,0.0,98.3,96.0,BAO MAY,IMO9410155,VRGV8,70,0,292,45,18.2,70,A
477950300,2021-02-21T05:02:08,37.00547,-76.26826,14.8,74.4,73.0,COSCO DEVELOPMENT,IMO9472139,VRIZ9,70,0,366,48,15.5,70,A
477770400,2021-02-21T04:57:10,36.87993,-76.33156,0.0,98.3,96.0,BAO MAY,IMO9410155,VRGV8,70,0,292,45,18.2,70,A
338678000,2021-02-21T04:57:30,36.91621,-76.16845,0.0,258.2,10.0,DOLORES CHOUEST,IMO8225931,WCP8847,70,5,54,12,4.0,35,A
477770400,2021-02-21T04:58:19,36.87993,-76.33155,0.0,98.3,96.0,BAO MAY,IMO9410155,VRGV8,70,0,292,45,18.2,70,A
367821000,2021-02-21T04:58:53,36.97283,-76.43367,0.0,0.0,511.0,YANO,IMO7825409,NAQH,70,5,276,32,13.0,70,A
255806078,2021-02-21T04:58:31,36.90935,-76.32720,0.1,306.9,352.0,NORTHERN MAGNUM,IMO9252541,CQIV4,71,5,300,40,11.3,71,A
373765000,2021-02-21T04:54:15,37.26327,-76.10616,0.0,265.8,2.0,AM CONTRECOEUR,IMO9583184,3FBX4,70,1,229,32,14.4,,A
477950300,2021-02-21T04:58:13,37.00172,-76.28724,14.4,73.2,73.0,COSCO DEVELOPMENT,IMO9472139,VRIZ9,70,0,366,48,15.5,70,A
477950300,2021-02-21T04:59:19,37.00278,-76.28187,14.6,77.1,74.0,COSCO DEVELOPMENT,IMO9472139,VRIZ9,70,0,366,48,15.5,70,A
338273000,2021-02-21T05:04:05,36.96292,-76.35671,0.0,69.5,5.0,SLNC YORK,IMO9538907,WNCG,70,1,142,23,5.5,70,A
338678000,2021-02-21T05:03:30,36.91627,-76.16851,0.0,249.1,10.0,DOLORES CHOUEST,IMO8225931,WCP8847,70,5,54,12,4.0,35,A
477770400,2021-02-21T04:59:30,36.87991,-76.33155,0.0,98.3,96.0,BAO MAY,IMO9410155,VRGV8,70,0,292,45,18.2,70,A
367359930,2021-02-21T04:54:56,36.82417,-76.28912,0.0,299.4,511.0,SUNNY WILLIAMS,,WDE4940,80,0,25,8,,80,A
338846000,2021-02-21T05:04:46,36.86559,-76.31579,0.0,0.1,511.0,USNS MENDONCA,IMO9147320,NBMK,70,5,289,32,10.9,,A
338846000,2021-02-21T04:55:46,36.86553,-76.31584,0.0,0.1,511.0,USNS MENDONCA,IMO9147320,NBMK,70,5,289,32,10.9,,A
477770400,2021-02-21T05:00:10,36.87991,-76.33156,0.0,98.3,96.0,BAO MAY,IMO9410155,VRGV8,70,0,292,45,18.2,70,A
373765000,2021-02-21T05:06:18,37.26322,-76.10623,0.1,265.8,5.0,AM CONTRECOEUR,IMO9583184,3FBX4,70,1,229,32,14.4,,A
366842000,2021-02-21T05:06:13,36.85381,-76.31123,0.0,0.0,42.0,CAPE RACE,IMO7616377,KAFJ,70,5,197,32,10.0,,A
477770400,2021-02-21T04:55:59,36.87989,-76.33154,0.0,98.3,96.0,BAO MAY,IMO9410155,VRGV8,70,0,292,45,18.2,70,A
367862000,2021-02-21T05:03:45,36.94821,-76.32983,0.0,35.7,280.0,JOSHUA HUMPHREYS,IMO8302428,NNJH,80,5,193,29,,,A
367821000,2021-02-21T05:04:53,36.97281,-76.43371,0.0,0.0,511.0,YANO,IMO7825409,NAQH,70,5,276,32,13.0,70,A
477770400,2021-02-21T05:04:39,36.87994,-76.33155,0.0,98.3,96.0,BAO MAY,IMO9410155,VRGV8,70,0,292,45,18.2,70,A
477770400,2021-02-21T05:02:20,36.87995,-76.33158,0.0,98.3,96.0,BAO MAY,IMO9410155,VRGV8,70,0,292,45,18.2,70,A
367359930,2021-02-21T05:04:54,36.82415,-76.28917,0.0,258.8,511.0,SUNNY WILLIAMS,,WDE4940,80,0,25,8,,80,A
367865000,2021-02-21T04:56:19,36.88695,-76.33855,0.0,286.4,11.0,KANAWHA,IMO8704080,NPTD,80,5,206,29,,,A
367865000,2021-02-21T05:02:19,36.88692,-76.33854,0.0,286.4,11.0,KANAWHA,IMO8704080,NPTD,80,5,206,29,,,A
366839000,2021-02-21T05:05:15,36.85352,-76.31082,0.0,0.0,40.0,CAPE RISE,IMO7530808,KAFG,70,5,197,32,10.0,,A
373765000,2021-02-21T05:03:16,37.26326,-76.10623,0.1,265.8,4.0,AM CONTRECOEUR,IMO9583184,3FBX4,70,1,229,32,14.4,,A
428405000,2021-02-21T05:03:34,36.90602,-76.32663,0.0,351.5,352.0,ZIM QINGDAO,IMO9318163,4XFC,71,5,261,32,9.9,71,A
428405000,2021-02-21T05:00:33,36.90631,-76.32669,0.0,351.5,352.0,ZIM QINGDAO,IMO9318163,4XFC,71,5,261,32,9.9,71,A
356643000,2021-02-21T05:08:07,36.93637,-76.37839,0.0,209.3,310.0,ARKI,IMO9561801,3ENP3,70,1,170,27,9.7,70,A
255806078,2021-02-21T05:07:33,36.90933,-76.32718,0.1,306.9,352.0,NORTHERN MAGNUM,IMO9252541,CQIV4,71,5,300,40,11.3,71,A
367359930,2021-02-21T04:57:14,36.82420,-76.28910,0.0,314.9,511.0,SUNNY WILLIAMS,,WDE4940,80,0,25,8,,80,A
367862000,2021-02-21T05:00:43,36.94816,-76.32976,0.0,35.7,280.0,JOSHUA HUMPHREYS,IMO8302428,NNJH,80,5,193,29,,,A
367862000,2021-02-21T04:57:44,36.94812,-76.32979,0.0,35.7,280.0,JOSHUA HUMPHREYS,IMO8302428,NNJH,80,5,193,29,,,A
477950300,2021-02-21T05:06:31,37.00832,-76.24658,14.6,98.3,100.0,COSCO DEVELOPMENT,IMO9472139,VRIZ9,70,0,366,48,15.5,70,A
356643000,2021-02-21T05:02:05,36.93648,-76.37828,0.1,226.8,306.0,ARKI,IMO9561801,3ENP3,70,1,170,27,9.7,70,A
367862000,2021-02-21T05:09:45,36.94812,-76.32997,0.0,35.7,280.0,JOSHUA HUMPHREYS,IMO8302428,NNJH,80,5,193,29,,,A
338678000,2021-02-21T05:09:30,36.91626,-76.16844,0.0,236.5,9.0,DOLORES CHOUEST,IMO8225931,WCP8847,70,5,54,12,4.0,35,A
356589000,2021-02-21T04:58:15,37.23802,-76.09460,0.1,271.6,348.0,DOUBLE FORTUNE,IMO9574119,3FHZ2,70,1,234,38,14.5,70,A
367353070,2021-02-21T05:06:02,36.94413,-76.32947,0.0,11.0,267.0,EVERGREEN STATE,IMO9408138,WDE4430,80,5,183,32,11.8,89,A
367865000,2021-02-21T05:08:19,36.88690,-76.33859,0.0,286.4,11.0,KANAWHA,IMO8704080,NPTD,80,5,206,29,,,A
367821000,2021-02-21T05:07:54,36.97281,-76.43372,0.0,0.0,511.0,YANO,IMO7825409,NAQH,70,5,276,32,13.0,70,A
366841000,2021-02-21T05:09:08,36.85329,-76.31054,0.0,0.0,511.0,CAPE RAY,IMO7530810,KAFI,70,5,197,32,10.0,,A
366839000,2021-02-21T05:08:15,36.85349,-76.31082,0.0,0.0,40.0,CAPE RISE,IMO7530808,KAFG,70,5,197,32,10.0,,A
477770400,2021-02-21T05:05:49,36.87989,-76.33153,0.0,98.3,96.0,BAO MAY,IMO9410155,VRGV8,70,0,292,45,18.2,70,A
367865000,2021-02-21T05:05:19,36.88694,-76.33851,0.0,286.4,11.0,KANAWHA,IMO8704080,NPTD,80,5,206,29,,,A
477770400,2021-02-21T05:10:19,36.87993,-76.33154,0.0,98.3,96.0,BAO MAY,IMO9410155,VRGV8,70,0,292,45,18.2,70,A
368445000,2021-02-21T05:08:05,36.96309,-76.42012,0.0,55.8,188.0,OVERSEAS NIKISKI,IMO9353577,WDBH,80,5,183,32,12.2,80,A
338678000,2021-02-21T05:00:30,36.91632,-76.16849,0.0,251.5,10.0,DOLORES CHOUEST,IMO8225931,WCP8847,70,5,54,12,4.0,35,A
367359930,2021-02-21T05:06:06,36.82416,-76.28917,0.0,245.2,511.0,SUNNY WILLIAMS,,WDE4940,80,0,25,8,,80,A
428405000,2021-02-21T05:09:34,36.90622,-76.32667,0.0,351.4,351.0,ZIM QINGDAO,IMO9318163,4XFC,71,5,261,32,9.9,71,A
338846000,2021-02-21T05:10:46,36.86559,-76.31580,0.0,0.1,511.0,USNS MENDONCA,IMO9147320,NBMK,70,5,289,32,10.9,,A
477950300,2021-02-21T05:10:55,37.00361,-76.22482,15.1,106.4,106.0,COSCO DEVELOPMENT,IMO9472139,VRIZ9,70,0,366,48,15.5,70,A
368026000,2021-02-21T05:08:44,36.86577,-76.31602,0.0,224.2,511.0,BENAVIDEZ,IMO9218210,NBHG,70,5,289,32,10.9,70,A
373765000,2021-02-21T05:09:19,37.26322,-76.10617,0.1,265.8,3.0,AM CONTRECOEUR,IMO9583184,3FBX4,70,1,229,32,14.4,,A
367822000,2021-02-21T05:08:10,36.97308,-76.43388,0.0,0.0,511.0,USNS SHUGHART,IMO7825394,NAOQ,70,5,276,32,13.0,70,A
356589000,2021-02-21T05:10:13,37.23805,-76.09453,0.1,259.8,348.0,DOUBLE FORTUNE,IMO9574119,3FHZ2,70,1,234,38,14.5,70,A
367359930,2021-02-21T05:10:45,36.82420,-76.28914,0.0,228.2,511.0,SUNNY WILLIAMS,,WDE4940,80,0,25,8,,80,A
477770400,2021-02-21T05:09:10,36.87991,-76.33154,0.0,98.3,96.0,BAO MAY,IMO9410155,VRGV8,70,0,292,45,18.2,70,A
477950300,2021-02-21T05:09:49,37.00487,-76.23030,15.1,106.1,105.0,COSCO DEVELOPMENT,IMO9472139,VRIZ9,70,0,366,48,15.5,70,A
338273000,2021-02-21T05:10:05,36.96296,-76.35660,0.0,69.5,1.0,SLNC YORK,IMO9538907,WNCG,70,1,142,23,5.5,70,A
356643000,2021-02-21T05:11:04,36.93636,-76.37837,0.1,348.9,312.0,ARKI,IMO9561801,3ENP3,70,1,170,27,9.7,70,A
636092329,2021-02-21T05:11:07,37.24626,-76.11858,0.1,268.0,358.0,BLUMENAU,IMO9605633,D5AL3,70,1,229,32,14.4,,A
368026000,2021-02-21T05:02:43,36.86577,-76.31604,0.0,224.2,511.0,BENAVIDEZ,IMO9218210,NBHG,70,5,289,32,10.9,70,A
366841000,2021-02-21T05:12:08,36.85324,-76.31055,0.0,0.0,511.0,CAPE RAY,IMO7530810,KAFI,70,5,197,32,10.0,,A
338678000,2021-02-21T05:12:31,36.91628,-76.16847,0.0,222.3,10.0,DOLORES CHOUEST,IMO8225931,WCP8847,70,5,54,12,4.0,35,A
373765000,2021-02-21T05:12:19,37.26326,-76.10610,0.1,265.8,1.0,AM CONTRECOEUR,IMO9583184,3FBX4,70,1,229,32,14.4,,A
368026000,2021-02-21T05:11:44,36.86576,-76.31603,0.0,224.2,511.0,BENAVIDEZ,IMO9218210,NBHG,70,5,289,32,10.9,70,A
366841000,2021-02-21T05:06:07,36.85324,-76.31054,0.0,0.0,511.0,CAPE RAY,IMO7530810,KAFI,70,5,197,32,10.0,,A
368445000,2021-02-21T05:11:05,36.96307,-76.42012,0.0,55.8,188.0,OVERSEAS NIKISKI,IMO9353577,WDBH,80,5,183,32,12.2,80,A
538005622,2021-02-21T05:03:16,36.87960,-76.32626,0.0,314.6,276.0,SASEBO GREEN,IMO9675468,V7FN3,70,5,225,32,14.4,,A
366839000,2021-02-21T05:11:15,36.85353,-76.31080,0.0,0.0,40.0,CAPE RISE,IMO7530808,KAFG,70,5,197,32,10.0,,A
356589000,2021-02-21T05:04:12,37.23806,-76.09461,0.1,47.6,352.0,DOUBLE FORTUNE,IMO9574119,3FHZ2,70,1,234,38,14.5,70,A
477950300,2021-02-21T05:05:26,37.00866,-76.25200,14.8,87.0,91.0,COSCO DEVELOPMENT,IMO9472139,VRIZ9,70,0,366,48,15.5,70,A
636092329,2021-02-21T05:05:07,37.24628,-76.11853,0.1,268.0,359.0,BLUMENAU,IMO9605633,D5AL3,70,1,229,32,14.4,,A
367822000,2021-02-21T05:05:10,36.97308,-76.43388,0.0,0.0,511.0,USNS SHUGHART,IMO7825394,NAOQ,70,5,276,32,13.0,70,A
477770400,2021-02-21T05:12:38,36.87994,-76.33155,0.0,98.3,96.0,BAO MAY,IMO9410155,VRGV8,70,0,292,45,18.2,70,A
477770400,2021-02-21T05:06:58,36.87992,-76.33156,0.0,98.3,96.0,BAO MAY,IMO9410155,VRGV8,70,0,292,45,18.2,70,A
428405000,2021-02-21T05:12:34,36.90619,-76.32665,0.0,351.3,351.0,ZIM QINGDAO,IMO9318163,4XFC,71,5,261,32,9.9,71,A
428405000,2021-02-21T05:06:33,36.90625,-76.32666,0.0,351.5,352.0,ZIM QINGDAO,IMO9318163,4XFC,71,5,261,32,9.9,71,A
367862000,2021-02-21T05:06:45,36.94820,-76.32989,0.0,35.7,280.0,JOSHUA HUMPHREYS,IMO8302428,NNJH,80,5,193,29,,,A
356643000,2021-02-21T05:14:04,36.93637,-76.37836,0.1,337.3,312.0,ARKI,IMO9561801,3ENP3,70,1,170,27,9.7,70,A
356589000,2021-02-21T05:07:13,37.23805,-76.09455,0.0,63.6,349.0,DOUBLE FORTUNE,IMO9574119,3FHZ2,70,1,234,38,14.5,70,A
636092329,2021-02-21T05:14:03,37.24629,-76.11865,0.1,268.0,359.0,BLUMENAU,IMO9605633,D5AL3,70,1,229,32,14.4,,A
367821000,2021-02-21T05:13:54,36.97282,-76.43369,0.0,0.0,511.0,YANO,IMO7825409,NAQH,70,5,276,32,13.0,70,A
338273000,2021-02-21T05:07:05,36.96289,-76.35664,0.0,69.5,5.0,SLNC YORK,IMO9538907,WNCG,70,1,142,23,5.5,70,A
255806078,2021-02-21T05:13:37,36.90937,-76.32717,0.1,306.9,352.0,NORTHERN MAGNUM,IMO9252541,CQIV4,71,5,300,40,11.3,71,A
367359930,2021-02-21T05:14:44,36.82420,-76.28915,0.0,221.6,511.0,SUNNY WILLIAMS,,WDE4940,80,0,25,8,,80,A
368026000,2021-02-21T05:14:44,36.86577,-76.31605,0.1,224.2,511.0,BENAVIDEZ,IMO9218210,NBHG,70,5,289,32,10.9,70,A
366839000,2021-02-21T05:14:13,36.85351,-76.31082,0.0,0.0,40.0,CAPE RISE,IMO7530808,KAFG,70,5,197,32,10.0,,A
367353070,2021-02-21T05:09:04,36.94422,-76.32943,0.0,11.0,267.0,EVERGREEN STATE,IMO9408138,WDE4430,80,5,183,32,11.8,89,A
366842000,2021-02-21T05:09:15,36.85383,-76.31120,0.0,0.0,42.0,CAPE RACE,IMO7616377,KAFJ,70,5,197,32,10.0,,A
367822000,2021-02-21T05:14:09,36.97308,-76.43388,0.0,0.0,511.0,USNS SHUGHART,IMO7825394,NAOQ,70,5,276,32,13.0,70,A
477950300,2021-02-21T05:07:37,37.00732,-76.24106,14.7,104.5,105.0,COSCO DEVELOPMENT,IMO9472139,VRIZ9,70,0,366,48,15.5,70,A
367359930,2021-02-21T05:15:54,36.82420,-76.28915,0.0,225.3,511.0,SUNNY WILLIAMS,,WDE4940,80,0,25,8,,80,A
477950300,2021-02-21T05:15:19,36.99785,-76.20275,15.5,108.0,107.0,COSCO DEVELOPMENT,IMO9472139,VRIZ9,70,0,366,48,15.5,70,A
477950300,2021-02-21T05:08:44,37.00612,-76.23564,14.8,105.9,105.0,COSCO DEVELOPMENT,IMO9472139,VRIZ9,70,0,366,48,15.5,70,A
366842000,2021-02-21T05:12:16,36.85383,-76.31118,0.0,0.0,42.0,CAPE RACE,IMO7616377,KAFJ,70,5,197,32,10.0,,A
428405000,2021-02-21T05:15:34,36.90622,-76.32667,0.0,351.3,351.0,ZIM QINGDAO,IMO9318163,4XFC,71,5,261,32,9.9,71,A
477770400,2021-02-21T05:13:49,36.87995,-76.33156,0.0,98.3,96.0,BAO MAY,IMO9410155,VRGV8,70,0,292,45,18.2,70,A
367359930,2021-02-21T05:12:24,36.82420,-76.28914,0.0,222.1,511.0,SUNNY WILLIAMS,,WDE4940,80,0,25,8,,80,A
367359930,2021-02-21T05:13:35,36.82420,-76.28914,0.0,222.2,511.0,SUNNY WILLIAMS,,WDE4940,80,0,25,8,,80,A
255806078,2021-02-21T05:10:34,36.90935,-76.32718,0.1,306.9,352.0,NORTHERN MAGNUM,IMO9252541,CQIV4,71,5,300,40,11.3,71,A
356643000,2021-02-21T05:17:07,36.93634,-76.37842,0.2,241.2,311.0,ARKI,IMO9561801,3ENP3,70,1,170,27,9.7,70,A
367359930,2021-02-21T05:08:24,36.82418,-76.28914,0.0,229.2,511.0,SUNNY WILLIAMS,,WDE4940,80,0,25,8,,80,A
367822000,2021-02-21T05:17:09,36.97308,-76.43388,0.0,0.0,511.0,USNS SHUGHART,IMO7825394,NAOQ,70,5,276,32,13.0,70,A
538005622,2021-02-21T05:15:16,36.87961,-76.32623,0.0,326.0,276.0,SASEBO GREEN,IMO9675468,V7FN3,70,5,225,32,14.4,,A
366841000,2021-02-21T05:15:08,36.85325,-76.31054,0.0,0.0,511.0,CAPE RAY,IMO7530810,KAFI,70,5,197,32,10.0,,A
338273000,2021-02-21T05:16:05,36.96294,-76.35671,0.0,69.5,352.0,SLNC YORK,IMO9538907,WNCG,70,1,142,23,5.5,70,A
367862000,2021-02-21T05:15:45,36.94809,-76.32992,0.0,35.7,280.0,JOSHUA HUMPHREYS,IMO8302428,NNJH,80,5,193,29,,,A
338846000,2021-02-21T05:16:47,36.86554,-76.31582,0.0,0.1,511.0,USNS MENDONCA,IMO9147320,NBMK,70,5,289,32,10.9,,A
368026000,2021-02-21T05:17:43,36.86578,-76.31603,0.0,224.2,511.0,BENAVIDEZ,IMO9218210,NBHG,70,5,289,32,10.9,70,A
477950300,2021-02-21T05:17:26,36.99527,-76.19294,14.4,108.3,107.0,COSCO DEVELOPMENT,IMO9472139,VRIZ9,70,0,366,48,15.5,70,A
367865000,2021-02-21T05:17:19,36.88689,-76.33858,0.0,286.4,11.0,KANAWHA,IMO8704080,NPTD,80,5,206,29,,,A
636092329,2021-02-21T05:17:05,37.24627,-76.11866,0.0,268.0,0.0,BLUMENAU,IMO9605633,D5AL3,70,1,229,32,14.4,,A
368445000,2021-02-21T05:17:05,36.96302,-76.42010,0.0,55.8,188.0,OVERSEAS NIKISKI,IMO9353577,WDBH,80,5,183,32,12.2,80,A
477950300,2021-02-21T05:16:20,36.99653,-76.19773,14.8,108.0,107.0,COSCO DEVELOPMENT,IMO9472139,VRIZ9,70,0,366,48,15.5,70,A
367821000,2021-02-21T05:10:53,36.97282,-76.43371,0.0,0.0,511.0,YANO,IMO7825409,NAQH,70,5,276,32,13.0,70,A
367821000,2021-02-21T05:16:52,36.97282,-76.43369,0.0,0.0,511.0,YANO,IMO7825409,NAQH,70,5,276,32,13.0,70,A
477950300,2021-02-21T05:12:01,37.00223,-76.21933,15.3,108.3,108.0,COSCO DEVELOPMENT,IMO9472139,VRIZ9,70,0,366,48,15.5,70,A
477770400,2021-02-21T05:19:40,36.87987,-76.33156,0.0,98.3,96.0,BAO MAY,IMO9410155,VRGV8,70,0,292,45,18.2,70,A
367359930,2021-02-21T05:18:15,36.82420,-76.28913,0.0,222.2,511.0,SUNNY WILLIAMS,,WDE4940,80,0,25,8,,80,A
428405000,2021-02-21T05:18:33,36.90621,-76.32668,0.0,351.3,351.0,ZIM QINGDAO,IMO9318163,4XFC,71,5,261,32,9.9,71,A
338273000,2021-02-21T05:19:05,36.96295,-76.35670,0.0,69.5,353.0,SLNC YORK,IMO9538907,WNCG,70,1,142,23,5.5,70,A
367353070,2021-02-21T05:18:02,36.94418,-76.32950,0.0,11.0,267.0,EVERGREEN STATE,IMO9408138,WDE4430,80,5,183,32,11.8,89,A
538005622,2021-02-21T05:12:16,36.87961,-76.32624,0.0,326.0,276.0,SASEBO GREEN,IMO9675468,V7FN3,70,5,225,32,14.4,,A
356589000,2021-02-21T05:13:12,37.23805,-76.09459,0.1,284.6,349.0,DOUBLE FORTUNE,IMO9574119,3FHZ2,70,1,234,38,14.5,70,A
477950300,2021-02-21T05:14:13,36.99932,-76.20828,15.2,108.1,107.0,COSCO DEVELOPMENT,IMO9472139,VRIZ9,70,0,366,48,15.5,70,A
477950300,2021-02-21T05:19:37,36.99278,-76.18378,12.9,108.6,107.0,COSCO DEVELOPMENT,IMO9472139,VRIZ9,70,0,366,48,15.5,70,A
255806078,2021-02-21T05:19:39,36.90937,-76.32718,0.1,306.9,352.0,NORTHERN MAGNUM,IMO9252541,CQIV4,71,5,300,40,11.3,71,A
368026000,2021-02-21T05:20:43,36.86575,-76.31601,0.0,224.2,511.0,BENAVIDEZ,IMO9218210,NBHG,70,5,289,32,10.9,70,A
367865000,2021-02-21T05:14:18,36.88689,-76.33849,0.0,286.4,11.0,KANAWHA,IMO8704080,NPTD,80,5,206,29,,,A
356589000,2021-02-21T05:19:13,37.23801,-76.09467,0.0,315.7,352.0,DOUBLE FORTUNE,IMO9574119,3FHZ2,70,1,234,38,14.5,70,A
366839000,2021-02-21T05:20:13,36.85347,-76.31077,0.0,0.0,40.0,CAPE RISE,IMO7530808,KAFG,70,5,197,32,10.0,,A
367821000,2021-02-21T05:19:54,36.97281,-76.43370,0.0,0.0,511.0,YANO,IMO7825409,NAQH,70,5,276,32,13.0,70,A
366841000,2021-02-21T05:21:09,36.85327,-76.31055,0.0,0.0,511.0,CAPE RAY,IMO7530810,KAFI,70,5,197,32,10.0,,A
368445000,2021-02-21T05:20:05,36.96310,-76.42015,0.0,55.8,188.0,OVERSEAS NIKISKI,IMO9353577,WDBH,80,5,183,32,12.2,80,A
367865000,2021-02-21T05:20:18,36.88690,-76.33859,0.0,286.4,11.0,KANAWHA,IMO8704080,NPTD,80,5,206,29,,,A
477770400,2021-02-21T05:14:59,36.87995,-76.33155,0.0,98.3,96.0,BAO MAY,IMO9410155,VRGV8,70,0,292,45,18.2,70,A
373765000,2021-02-21T05:21:20,37.26325,-76.10620,0.1,265.8,5.0,AM CONTRECOEUR,IMO9583184,3FBX4,70,1,229,32,14.4,,A
367353070,2021-02-21T05:21:03,36.94418,-76.32948,0.0,11.0,267.0,EVERGREEN STATE,IMO9408138,WDE4430,80,5,183,32,11.8,89,A
367359930,2021-02-21T05:20:34,36.82420,-76.28914,0.0,221.5,511.0,SUNNY WILLIAMS,,WDE4940,80,0,25,8,,80,A
428405000,2021-02-21T05:21:33,36.90621,-76.32668,0.0,351.3,351.0,ZIM QINGDAO,IMO9318163,4XFC,71,5,261,32,9.9,71,A
367822000,2021-02-21T05:20:09,36.97308,-76.43388,0.0,0.0,511.0,USNS SHUGHART,IMO7825394,NAOQ,70,5,276,32,13.0,70,A
477770400,2021-02-21T05:21:59,36.87992,-76.33161,0.0,98.3,96.0,BAO MAY,IMO9410155,VRGV8,70,0,292,45,18.2,70,A
367359930,2021-02-21T05:21:45,36.82420,-76.28914,0.0,222.5,511.0,SUNNY WILLIAMS,,WDE4940,80,0,25,8,,80,A
367862000,2021-02-21T05:21:45,36.94814,-76.32994,0.0,35.7,280.0,JOSHUA HUMPHREYS,IMO8302428,NNJH,80,5,193,29,,,A
366842000,2021-02-21T05:21:16,36.85385,-76.31117,0.0,0.0,42.0,CAPE RACE,IMO7616377,KAFJ,70,5,197,32,10.0,,A
477950300,2021-02-21T05:21:49,36.99050,-76.17550,11.6,109.2,107.0,COSCO DEVELOPMENT,IMO9472139,VRIZ9,70,0,366,48,15.5,70,A
366839000,2021-02-21T05:23:16,36.85351,-76.31083,0.0,0.0,40.0,CAPE RISE,IMO7530808,KAFG,70,5,197,32,10.0,,A
356589000,2021-02-21T05:16:11,37.23802,-76.09464,0.1,276.6,351.0,DOUBLE FORTUNE,IMO9574119,3FHZ2,70,1,234,38,14.5,70,A
367821000,2021-02-21T05:22:52,36.97281,-76.43370,0.0,0.0,511.0,YANO,IMO7825409,NAQH,70,5,276,32,13.0,70,A
367862000,2021-02-21T05:12:44,36.94809,-76.32998,0.0,35.7,280.0,JOSHUA HUMPHREYS,IMO8302428,NNJH,80,5,193,29,,,A
368026000,2021-02-21T05:23:43,36.86575,-76.31605,0.0,224.2,511.0,BENAVIDEZ,IMO9218210,NBHG,70,5,289,32,10.9,70,A
367359930,2021-02-21T05:22:56,36.82422,-76.28914,0.0,225.3,511.0,SUNNY WILLIAMS,,WDE4940,80,0,25,8,,80,A
477770400,2021-02-21T05:23:00,36.87996,-76.33157,0.0,98.3,96.0,BAO MAY,IMO9410155,VRGV8,70,0,292,45,18.2,70,A
356643000,2021-02-21T05:23:07,36.93631,-76.37843,0.0,357.9,312.0,ARKI,IMO9561801,3ENP3,70,1,170,27,9.7,70,A
477950300,2021-02-21T05:13:08,37.00073,-76.21381,15.2,108.3,107.0,COSCO DEVELOPMENT,IMO9472139,VRIZ9,70,0,366,48,15.5,70,A
366842000,2021-02-21T05:24:13,36.85382,-76.31115,0.0,0.0,42.0,CAPE RACE,IMO7616377,KAFJ,70,5,197,32,10.0,,A
338678000,2021-02-21T05:24:30,36.91628,-76.16844,0.0,195.0,10.0,DOLORES CHOUEST,IMO8225931,WCP8847,70,5,54,12,4.0,35,A
477770400,2021-02-21T05:24:09,36.87997,-76.33152,0.0,98.3,96.0,BAO MAY,IMO9410155,VRGV8,70,0,292,45,18.2,70,A
366839000,2021-02-21T05:17:14,36.85348,-76.31078,0.0,0.0,40.0,CAPE RISE,IMO7530808,KAFG,70,5,197,32,10.0,,A
636092329,2021-02-21T05:23:07,37.24621,-76.11863,0.1,268.0,1.0,BLUMENAU,IMO9605633,D5AL3,70,1,229,32,14.4,,A
428405000,2021-02-21T05:24:33,36.90628,-76.32668,0.0,351.4,351.0,ZIM QINGDAO,IMO9318163,4XFC,71,5,261,32,9.9,71,A
367353070,2021-02-21T05:24:04,36.94418,-76.32948,0.0,11.0,267.0,EVERGREEN STATE,IMO9408138,WDE4430,80,5,183,32,11.8,89,A
367353070,2021-02-21T05:15:03,36.94418,-76.32952,0.0,11.0,267.0,EVERGREEN STATE,IMO9408138,WDE4430,80,5,183,32,11.8,89,A
366842000,2021-02-21T05:15:15,36.85386,-76.31120,0.0,0.0,42.0,CAPE RACE,IMO7616377,KAFJ,70,5,197,32,10.0,,A
538005622,2021-02-21T05:24:16,36.87958,-76.32623,0.0,326.0,276.0,SASEBO GREEN,IMO9675468,V7FN3,70,5,225,32,14.4,,A
477950300,2021-02-21T05:25:20,36.98661,-76.16118,13.0,108.1,106.0,COSCO DEVELOPMENT,IMO9472139,VRIZ9,70,0,366,48,15.5,70,A
477950300,2021-02-21T05:18:31,36.99399,-76.18818,13.6,109.0,107.0,COSCO DEVELOPMENT,IMO9472139,VRIZ9,70,0,366,48,15.5,70,A
367359930,2021-02-21T05:24:05,36.82419,-76.28912,0.0,228.9,511.0,SUNNY WILLIAMS,,WDE4940,80,0,25,8,,80,A
373765000,2021-02-21T05:15:18,37.26322,-76.10614,0.1,265.8,2.0,AM CONTRECOEUR,IMO9583184,3FBX4,70,1,229,32,14.4,,A
477770400,2021-02-21T05:18:29,36.87993,-76.33156,0.0,98.3,96.0,BAO MAY,IMO9410155,VRGV8,70,0,292,45,18.2,70,A
477770400,2021-02-21T05:25:18,36.87995,-76.33157,0.0,98.3,96.0,BAO MAY,IMO9410155,VRGV8,70,0,292,45,18.2,70,A
366842000,2021-02-21T05:18:15,36.85385,-76.31117,0.0,0.0,42.0,CAPE RACE,IMO7616377,KAFJ,70,5,197,32,10.0,,A
368445000,2021-02-21T05:26:05,36.96308,-76.42014,0.0,55.8,188.0,OVERSEAS NIKISKI,IMO9353577,WDBH,80,5,183,32,12.2,80,A
477770400,2021-02-21T05:26:19,36.87992,-76.33159,0.0,98.3,96.0,BAO MAY,IMO9410155,VRGV8,70,0,292,45,18.2,70,A
368026000,2021-02-21T05:26:43,36.86576,-76.31605,0.0,224.2,511.0,BENAVIDEZ,IMO9218210,NBHG,70,5,289,32,10.9,70,A
338678000,2021-02-21T05:15:30,36.91621,-76.16844,0.0,215.5,10.0,DOLORES CHOUEST,IMO8225931,WCP8847,70,5,54,12,4.0,35,A
367862000,2021-02-21T05:27:44,36.94816,-76.32979,0.0,35.7,280.0,JOSHUA HUMPHREYS,IMO8302428,NNJH,80,5,193,29,,,A
367821000,2021-02-21T05:28:53,36.97281,-76.43369,0.0,0.0,511.0,YANO,IMO7825409,NAQH,70,5,276,32,13.0,70,A
338273000,2021-02-21T05:25:05,36.96294,-76.35661,0.0,69.5,358.0,SLNC YORK,IMO9538907,WNCG,70,1,142,23,5.5,70,A
338273000,2021-02-21T05:28:05,36.96292,-76.35669,0.0,69.5,353.0,SLNC YORK,IMO9538907,WNCG,70,1,142,23,5.5,70,A
367359930,2021-02-21T05:28:54,36.82419,-76.28912,0.0,231.7,511.0,SUNNY WILLIAMS,,WDE4940,80,0,25,8,,80,A
477950300,2021-02-21T05:26:30,36.98528,-76.15596,13.7,107.2,105.0,COSCO DEVELOPMENT,IMO9472139,VRIZ9,70,0,366,48,15.5,70,A
636092329,2021-02-21T05:26:03,37.24623,-76.11854,0.1,268.0,358.0,BLUMENAU,IMO9605633,D5AL3,70,1,229,32,14.4,,A
356643000,2021-02-21T05:26:07,36.93632,-76.37847,0.1,286.9,312.0,ARKI,IMO9561801,3ENP3,70,1,170,27,9.7,70,A
255806078,2021-02-21T05:16:36,36.90938,-76.32717,0.1,306.9,352.0,NORTHERN MAGNUM,IMO9252541,CQIV4,71,5,300,40,11.3,71,A
477770400,2021-02-21T05:16:08,36.87994,-76.33154,0.0,98.3,96.0,BAO MAY,IMO9410155,VRGV8,70,0,292,45,18.2,70,A
477950300,2021-02-21T05:27:32,36.98420,-76.15120,14.1,106.0,104.0,COSCO DEVELOPMENT,IMO9472139,VRIZ9,70,0,366,48,15.5,70,A
367359930,2021-02-21T05:19:25,36.82418,-76.28913,0.0,225.3,511.0,SUNNY WILLIAMS,,WDE4940,80,0,25,8,,80,A
367359930,2021-02-21T05:27:36,36.82419,-76.28912,0.0,238.3,511.0,SUNNY WILLIAMS,,WDE4940,80,0,25,8,,80,A
373765000,2021-02-21T05:27:18,37.26325,-76.10608,0.1,265.8,0.0,AM CONTRECOEUR,IMO9583184,3FBX4,70,1,229,32,14.4,,A
538005622,2021-02-21T05:27:16,36.87954,-76.32627,0.0,326.0,276.0,SASEBO GREEN,IMO9675468,V7FN3,70,5,225,32,14.4,,A
338678000,2021-02-21T05:21:31,36.91628,-76.16844,0.0,196.4,10.0,DOLORES CHOUEST,IMO8225931,WCP8847,70,5,54,12,4.0,35,A
477950300,2021-02-21T05:28:38,36.98295,-76.14603,14.2,106.2,104.0,COSCO DEVELOPMENT,IMO9472139,VRIZ9,70,0,366,48,15.5,70,A
255806078,2021-02-21T05:28:43,36.90933,-76.32717,0.1,306.9,352.0,NORTHERN MAGNUM,IMO9252541,CQIV4,71,5,300,40,11.3,71,A
373765000,2021-02-21T05:30:16,37.26326,-76.10613,0.1,265.8,1.0,AM CONTRECOEUR,IMO9583184,3FBX4,70,1,229,32,14.4,,A
338678000,2021-02-21T05:30:31,36.91625,-76.16844,0.0,193.1,9.0,DOLORES CHOUEST,IMO8225931,WCP8847,70,5,54,12,4.0,35,A
338273000,2021-02-21T05:31:05,36.96289,-76.35673,0.0,69.5,352.0,SLNC YORK,IMO9538907,WNCG,70,1,142,23,5.5,70,A
477770400,2021-02-21T05:32:08,36.87993,-76.33154,0.0,98.3,96.0,BAO MAY,IMO9410155,VRGV8,70,0,292,45,18.2,70,A
367353070,2021-02-21T05:30:03,36.94415,-76.32952,0.0,11.0,267.0,EVERGREEN STATE,IMO9408138,WDE4430,80,5,183,32,11.8,89,A
477950300,2021-02-21T05:23:00,36.98923,-76.17089,12.0,109.0,107.0,COSCO DEVELOPMENT,IMO9472139,VRIZ9,70,0,366,48,15.5,70,A
255806078,2021-02-21T05:22:40,36.90938,-76.32717,0.1,306.9,352.0,NORTHERN MAGNUM,IMO9252541,CQIV4,71,5,300,40,11.3,71,A
366841000,2021-02-21T05:27:10,36.85328,-76.31054,0.0,0.0,511.0,CAPE RAY,IMO7530810,KAFI,70,5,197,32,10.0,,A
366841000,2021-02-21T05:30:09,36.85332,-76.31050,0.0,0.0,511.0,CAPE RAY,IMO7530810,KAFI,70,5,197,32,10.0,,A
373765000,2021-02-21T05:18:17,37.26324,-76.10620,0.0,265.8,4.0,AM CONTRECOEUR,IMO9583184,3FBX4,70,1,229,32,14.4,,A
367865000,2021-02-21T05:32:18,36.88695,-76.33857,0.0,286.4,11.0,KANAWHA,IMO8704080,NPTD,80,5,206,29,,,A
338678000,2021-02-21T05:27:30,36.91631,-76.16843,0.0,195.0,10.0,DOLORES CHOUEST,IMO8225931,WCP8847,70,5,54,12,4.0,35,A
368445000,2021-02-21T05:29:05,36.96312,-76.42013,0.0,55.8,188.0,OVERSEAS NIKISKI,IMO9353577,WDBH,80,5,183,32,12.2,80,A
338846000,2021-02-21T05:28:45,36.86558,-76.31581,0.0,0.1,511.0,USNS MENDONCA,IMO9147320,NBMK,70,5,289,32,10.9,,A
477950300,2021-02-21T05:33:02,36.97745,-76.12433,15.5,108.3,107.0,COSCO DEVELOPMENT,IMO9472139,VRIZ9,70,0,366,48,15.5,70,A
373765000,2021-02-21T05:24:17,37.26326,-76.10607,0.1,265.8,1.0,AM CONTRECOEUR,IMO9583184,3FBX4,70,1,229,32,14.4,,A
338846000,2021-02-21T05:31:47,36.86561,-76.31581,0.0,0.1,511.0,USNS MENDONCA,IMO9147320,NBMK,70,5,289,32,10.9,,A
367359930,2021-02-21T05:33:36,36.82420,-76.28913,0.0,224.5,511.0,SUNNY WILLIAMS,,WDE4940,80,0,25,8,,80,A
636092329,2021-02-21T05:32:03,37.24623,-76.11869,0.2,261.5,359.0,BLUMENAU,IMO9605633,D5AL3,70,1,229,32,14.4,,A
366842000,2021-02-21T05:33:15,36.85379,-76.31124,0.0,0.0,42.0,CAPE RACE,IMO7616377,KAFJ,70,5,197,32,10.0,,A
477950300,2021-02-21T05:24:09,36.98797,-76.16622,12.4,108.9,107.0,COSCO DEVELOPMENT,IMO9472139,VRIZ9,70,0,366,48,15.5,70,A
366839000,2021-02-21T05:32:14,36.85350,-76.31080,0.0,0.0,40.0,CAPE RISE,IMO7530808,KAFG,70,5,197,32,10.0,,A
367862000,2021-02-21T05:33:45,36.94811,-76.32984,0.0,35.7,280.0,JOSHUA HUMPHREYS,IMO8302428,NNJH,80,5,193,29,,,A
367359930,2021-02-21T05:30:05,36.82418,-76.28913,0.0,230.1,511.0,SUNNY WILLIAMS,,WDE4940,80,0,25,8,,80,A
477950300,2021-02-21T05:29:44,36.98168,-76.14064,14.5,106.7,105.0,COSCO DEVELOPMENT,IMO9472139,VRIZ9,70,0,366,48,15.5,70,A
428405000,2021-02-21T05:30:33,36.90613,-76.32667,0.0,351.4,351.0,ZIM QINGDAO,IMO9318163,4XFC,71,5,261,32,9.9,71,A
477770400,2021-02-21T05:34:30,36.87994,-76.33155,0.0,98.3,96.0,BAO MAY,IMO9410155,VRGV8,70,0,292,45,18.2,70,A
367865000,2021-02-21T05:26:19,36.88695,-76.33858,0.0,286.4,11.0,KANAWHA,IMO8704080,NPTD,80,5,206,29,,,A
477770400,2021-02-21T05:33:20,36.87990,-76.33158,0.0,98.3,96.0,BAO MAY,IMO9410155,VRGV8,70,0,292,45,18.2,70,A
477950300,2021-02-21T05:20:44,36.99163,-76.17952,12.3,108.9,107.0,COSCO DEVELOPMENT,IMO9472139,VRIZ9,70,0,366,48,15.5,70,A
356643000,2021-02-21T05:35:07,36.93628,-76.37853,0.2,264.0,312.0,ARKI,IMO9561801,3ENP3,70,1,170,27,9.7,70,A
477770400,2021-02-21T05:20:50,36.87990,-76.33158,0.0,98.3,96.0,BAO MAY,IMO9410155,VRGV8,70,0,292,45,18.2,70,A
338273000,2021-02-21T05:34:05,36.96289,-76.35677,0.0,69.5,352.0,SLNC YORK,IMO9538907,WNCG,70,1,142,23,5.5,70,A
367822000,2021-02-21T05:35:09,36.97310,-76.43387,0.0,0.0,511.0,USNS SHUGHART,IMO7825394,NAOQ,70,5,276,32,13.0,70,A
477770400,2021-02-21T05:35:49,36.87991,-76.33155,0.0,98.3,96.0,BAO MAY,IMO9410155,VRGV8,70,0,292,45,18.2,70,A
356643000,2021-02-21T05:32:07,36.93630,-76.37844,0.0,92.7,313.0,ARKI,IMO9561801,3ENP3,70,1,170,27,9.7,70,A
368445000,2021-02-21T05:32:05,36.96311,-76.42009,0.0,55.8,188.0,OVERSEAS NIKISKI,IMO9353577,WDBH,80,5,183,32,12.2,80,A
368445000,2021-02-21T05:35:05,36.96310,-76.42013,0.0,55.8,188.0,OVERSEAS NIKISKI,IMO9353577,WDBH,80,5,183,32,12.2,80,A
373765000,2021-02-21T05:33:17,37.26319,-76.10625,0.1,265.8,3.0,AM CONTRECOEUR,IMO9583184,3FBX4,70,1,229,32,14.4,,A
338678000,2021-02-21T05:33:30,36.91625,-76.16845,0.0,195.3,10.0,DOLORES CHOUEST,IMO8225931,WCP8847,70,5,54,12,4.0,35,A
367353070,2021-02-21T05:33:03,36.94418,-76.32953,0.0,11.0,267.0,EVERGREEN STATE,IMO9408138,WDE4430,80,5,183,32,11.8,89,A
367359930,2021-02-21T05:32:25,36.82419,-76.28912,0.0,229.2,511.0,SUNNY WILLIAMS,,WDE4940,80,0,25,8,,80,A
368026000,2021-02-21T05:35:44,36.86577,-76.31600,0.0,224.2,511.0,BENAVIDEZ,IMO9218210,NBHG,70,5,289,32,10.9,70,A
538005622,2021-02-21T05:36:16,36.87956,-76.32623,0.0,326.0,276.0,SASEBO GREEN,IMO9675468,V7FN3,70,5,225,32,14.4,,A
538005622,2021-02-21T05:33:16,36.87957,-76.32626,0.0,326.0,276.0,SASEBO GREEN,IMO9675468,V7FN3,70,5,225,32,14.4,,A
367865000,2021-02-21T05:29:19,36.88696,-76.33856,0.0,286.4,11.0,KANAWHA,IMO8704080,NPTD,80,5,206,29,,,A
356589000,2021-02-21T05:37:12,37.23803,-76.09458,0.1,194.9,349.0,DOUBLE FORTUNE,IMO9574119,3FHZ2,70,1,234,38,14.5,70,A
338846000,2021-02-21T05:22:46,36.86564,-76.31581,0.0,0.1,511.0,USNS MENDONCA,IMO9147320,NBMK,70,5,289,32,10.9,,A
338846000,2021-02-21T05:37:47,36.86559,-76.31581,0.0,0.1,511.0,USNS MENDONCA,IMO9147320,NBMK,70,5,289,32,10.9,,A
367821000,2021-02-21T05:37:53,36.97282,-76.43369,0.0,0.0,511.0,YANO,IMO7825409,NAQH,70,5,276,32,13.0,70,A
477770400,2021-02-21T05:29:49,36.87994,-76.33154,0.0,98.3,96.0,BAO MAY,IMO9410155,VRGV8,70,0,292,45,18.2,70,A
477770400,2021-02-21T05:38:08,36.87993,-76.33156,0.0,98.3,96.0,BAO MAY,IMO9410155,VRGV8,70,0,292,45,18.2,70,A
366842000,2021-02-21T05:30:11,36.85383,-76.31121,0.0,0.0,42.0,CAPE RACE,IMO7616377,KAFJ,70,5,197,32,10.0,,A
366839000,2021-02-21T05:38:13,36.85347,-76.31081,0.0,0.0,40.0,CAPE RISE,IMO7530808,KAFG,70,5,197,32,10.0,,A
367359930,2021-02-21T05:38:05,36.82421,-76.28914,0.0,222.6,511.0,SUNNY WILLIAMS,,WDE4940,80,0,25,8,,80,A
366841000,2021-02-21T05:39:07,36.85330,-76.31053,0.0,0.0,511.0,CAPE RAY,IMO7530810,KAFI,70,5,197,32,10.0,,A
366839000,2021-02-21T05:35:14,36.85345,-76.31082,0.0,0.0,40.0,CAPE RISE,IMO7530808,KAFG,70,5,197,32,10.0,,A
367353070,2021-02-21T05:39:03,36.94420,-76.32945,0.0,11.0,267.0,EVERGREEN STATE,IMO9408138,WDE4430,80,5,183,32,11.8,89,A
366842000,2021-02-21T05:39:14,36.85381,-76.31119,0.0,0.0,42.0,CAPE RACE,IMO7616377,KAFJ,70,5,197,32,10.0,,A
428405000,2021-02-21T05:39:34,36.90617,-76.32667,0.0,351.4,351.0,ZIM QINGDAO,IMO9318163,4XFC,71,5,261,32,9.9,71,A
477770400,2021-02-21T05:30:59,36.87991,-76.33155,0.0,98.3,96.0,BAO MAY,IMO9410155,VRGV8,70,0,292,45,18.2,70,A
477950300,2021-02-21T05:39:37,36.96842,-76.09048,16.1,108.3,107.0,COSCO DEVELOPMENT,IMO9472139,VRIZ9,70,0,366,48,15.5,70,A
356589000,2021-02-21T05:25:11,37.23800,-76.09467,0.0,333.7,351.0,DOUBLE FORTUNE,IMO9574119,3FHZ2,70,1,234,38,14.5,70,A
373765000,2021-02-21T05:39:19,37.26326,-76.10613,0.0,265.8,3.0,AM CONTRECOEUR,IMO9583184,3FBX4,70,1,229,32,14.4,,A
373765000,2021-02-21T05:36:17,37.26324,-76.10623,0.0,265.8,4.0,AM CONTRECOEUR,IMO9583184,3FBX4,70,1,229,32,14.4,,A
477950300,2021-02-21T05:36:20,36.97285,-76.10744,15.9,108.0,107.0,COSCO DEVELOPMENT,IMO9472139,VRIZ9,70,0,366,48,15.5,70,A
367821000,2021-02-21T05:31:53,36.97282,-76.43369,0.0,0.0,511.0,YANO,IMO7825409,NAQH,70,5,276,32,13.0,70,A
367359930,2021-02-21T05:37:04,36.82421,-76.28914,0.0,223.7,511.0,SUNNY WILLIAMS,,WDE4940,80,0,25,8,,80,A
338846000,2021-02-21T05:40:46,36.86566,-76.31580,0.0,0.1,511.0,USNS MENDONCA,IMO9147320,NBMK,70,5,289,32,10.9,,A
356589000,2021-02-21T05:40:14,37.23803,-76.09458,0.1,275.3,348.0,DOUBLE FORTUNE,IMO9574119,3FHZ2,70,1,234,38,14.5,70,A
367862000,2021-02-21T05:36:45,36.94820,-76.32984,0.0,35.7,280.0,JOSHUA HUMPHREYS,IMO8302428,NNJH,80,5,193,29,,,A
367359930,2021-02-21T05:26:24,36.82421,-76.28913,0.0,243.0,511.0,SUNNY WILLIAMS,,WDE4940,80,0,25,8,,80,A
366839000,2021-02-21T05:26:14,36.85353,-76.31081,0.0,0.0,40.0,CAPE RISE,IMO7530808,KAFG,70,5,197,32,10.0,,A
367822000,2021-02-21T05:41:09,36.97309,-76.43387,0.0,0.0,511.0,USNS SHUGHART,IMO7825394,NAOQ,70,5,276,32,13.0,70,A
338273000,2021-02-21T05:40:05,36.96285,-76.35691,0.1,69.5,357.0,SLNC YORK,IMO9538907,WNCG,70,1,142,23,5.5,70,A
477770400,2021-02-21T05:41:30,36.87994,-76.33157,0.0,98.3,96.0,BAO MAY,IMO9410155,VRGV8,70,0,292,45,18.2,70,A
367353070,2021-02-21T05:27:03,36.94425,-76.32942,0.0,11.0,267.0,EVERGREEN STATE,IMO9408138,WDE4430,80,5,183,32,11.8,89,A
255806078,2021-02-21T05:37:48,36.90937,-76.32718,0.1,306.9,352.0,NORTHERN MAGNUM,IMO9252541,CQIV4,71,5,300,40,11.3,71,A
477950300,2021-02-21T05:34:07,36.97592,-76.11885,15.7,108.9,107.0,COSCO DEVELOPMENT,IMO9472139,VRIZ9,70,0,366,48,15.5,70,A
367821000,2021-02-21T05:40:53,36.97282,-76.43369,0.0,0.0,511.0,YANO,IMO7825409,NAQH,70,5,276,32,13.0,70,A
367359930,2021-02-21T05:42:55,36.82420,-76.28912,0.0,237.0,511.0,SUNNY WILLIAMS,,WDE4940,80,0,25,8,,80,A
428405000,2021-02-21T05:27:34,36.90614,-76.32671,0.0,351.4,351.0,ZIM QINGDAO,IMO9318163,4XFC,71,5,261,32,9.9,71,A
367353070,2021-02-21T05:42:02,36.94417,-76.32947,0.0,11.0,267.0,EVERGREEN STATE,IMO9408138,WDE4430,80,5,183,32,11.8,89,A
477950300,2021-02-21T05:35:14,36.97440,-76.11325,15.8,108.3,107.0,COSCO DEVELOPMENT,IMO9472139,VRIZ9,70,0,366,48,15.5,70,A
367865000,2021-02-21T05:38:19,36.88693,-76.33854,0.0,286.4,11.0,KANAWHA,IMO8704080,NPTD,80,5,206,29,,,A
367822000,2021-02-21T05:29:09,36.97310,-76.43388,0.0,0.0,511.0,USNS SHUGHART,IMO7825394,NAOQ,70,5,276,32,13.0,70,A
338846000,2021-02-21T05:43:46,36.86564,-76.31579,0.0,0.1,511.0,USNS MENDONCA,IMO9147320,NBMK,70,5,289,32,10.9,,A
367865000,2021-02-21T05:35:20,36.88690,-76.33857,0.0,286.4,11.0,KANAWHA,IMO8704080,NPTD,80,5,206,29,,,A
477950300,2021-02-21T05:42:56,36.96382,-76.07297,16.3,106.6,105.0,COSCO DEVELOPMENT,IMO9472139,VRIZ9,70,0,366,48,15.5,70,A
636092329,2021-02-21T05:29:08,37.24625,-76.11856,0.1,268.0,357.0,BLUMENAU,IMO9605633,D5AL3,70,1,229,32,14.4,,A
477770400,2021-02-21T05:28:39,36.87995,-76.33155,0.0,98.3,96.0,BAO MAY,IMO9410155,VRGV8,70,0,292,45,18.2,70,A
368026000,2021-02-21T05:29:44,36.86580,-76.31603,0.0,224.2,511.0,BENAVIDEZ,IMO9218210,NBHG,70,5,289,32,10.9,70,A
366839000,2021-02-21T05:44:14,36.85356,-76.31080,0.0,0.0,40.0,CAPE RISE,IMO7530808,KAFG,70,5,197,32,10.0,,A
367359930,2021-02-21T05:44:05,36.82419,-76.28913,0.0,250.8,511.0,SUNNY WILLIAMS,,WDE4940,80,0,25,8,,80,A
338273000,2021-02-21T05:46:05,36.96278,-76.35688,0.0,69.5,1.0,SLNC YORK,IMO9538907,WNCG,70,1,142,23,5.5,70,A
367353070,2021-02-21T05:36:03,36.94417,-76.32950,0.0,11.0,267.0,EVERGREEN STATE,IMO9408138,WDE4430,80,5,183,32,11.8,89,A
366842000,2021-02-21T05:45:16,36.85382,-76.31117,0.0,0.0,42.0,CAPE RACE,IMO7616377,KAFJ,70,5,197,32,10.0,,A
477950300,2021-02-21T05:44:02,36.96245,-76.06716,16.5,106.2,105.0,COSCO DEVELOPMENT,IMO9472139,VRIZ9,70,0,366,48,15.5,70,A
367865000,2021-02-21T05:44:18,36.88692,-76.33852,0.0,286.4,11.0,KANAWHA,IMO8704080,NPTD,80,5,206,29,,,A
367359930,2021-02-21T05:31:15,36.82418,-76.28913,0.0,228.7,511.0,SUNNY WILLIAMS,,WDE4940,80,0,25,8,,80,A
338678000,2021-02-21T05:39:31,36.91622,-76.16845,0.0,202.4,9.0,DOLORES CHOUEST,IMO8225931,WCP8847,70,5,54,12,4.0,35,A
477770400,2021-02-21T05:39:09,36.87994,-76.33156,0.0,98.3,96.0,BAO MAY,IMO9410155,VRGV8,70,0,292,45,18.2,70,A
477770400,2021-02-21T05:46:00,36.87989,-76.33159,0.0,98.3,96.0,BAO MAY,IMO9410155,VRGV8,70,0,292,45,18.2,70,A
477950300,2021-02-21T05:30:50,36.98034,-76.13521,14.8,107.0,105.0,COSCO DEVELOPMENT,IMO9472139,VRIZ9,70,0,366,48,15.5,70,A
538005622,2021-02-21T05:30:16,36.87956,-76.32624,0.0,326.0,276.0,SASEBO GREEN,IMO9675468,V7FN3,70,5,225,32,14.4,,A
367862000,2021-02-21T05:45:45,36.94823,-76.32977,0.0,35.7,280.0,JOSHUA HUMPHREYS,IMO8302428,NNJH,80,5,193,29,,,A
367359930,2021-02-21T05:45:16,36.82418,-76.28913,0.0,257.1,511.0,SUNNY WILLIAMS,,WDE4940,80,0,25,8,,80,A
477950300,2021-02-21T05:40:43,36.96685,-76.08472,16.1,108.5,107.0,COSCO DEVELOPMENT,IMO9472139,VRIZ9,70,0,366,48,15.5,70,A
373765000,2021-02-21T05:45:17,37.26319,-76.10623,0.1,265.8,1.0,AM CONTRECOEUR,IMO9583184,3FBX4,70,1,229,32,14.4,,A
477770400,2021-02-21T05:36:59,36.87995,-76.33156,0.0,98.3,96.0,BAO MAY,IMO9410155,VRGV8,70,0,292,45,18.2,70,A
636092329,2021-02-21T05:46:59,37.24625,-76.11871,0.0,261.4,1.0,BLUMENAU,IMO9605633,D5AL3,70,1,229,32,14.4,,A
255806078,2021-02-21T05:40:49,36.90932,-76.32717,0.1,306.9,352.0,NORTHERN MAGNUM,IMO9252541,CQIV4,71,5,300,40,11.3,71,A
255806078,2021-02-21T05:46:50,36.90933,-76.32720,0.1,306.9,352.0,NORTHERN MAGNUM,IMO9252541,CQIV4,71,5,300,40,11.3,71,A
356643000,2021-02-21T05:38:06,36.93622,-76.37864,0.1,208.6,316.0,ARKI,IMO9561801,3ENP3,70,1,170,27,9.7,70,A
477950300,2021-02-21T05:41:50,36.96531,-76.07890,16.2,108.3,107.0,COSCO DEVELOPMENT,IMO9472139,VRIZ9,70,0,366,48,15.5,70,A
255806078,2021-02-21T05:31:45,36.90938,-76.32717,0.1,306.9,352.0,NORTHERN MAGNUM,IMO9252541,CQIV4,71,5,300,40,11.3,71,A
338678000,2021-02-21T05:42:30,36.91621,-76.16841,0.0,200.8,10.0,DOLORES CHOUEST,IMO8225931,WCP8847,70,5,54,12,4.0,35,A
356643000,2021-02-21T05:44:05,36.93609,-76.37874,0.1,253.4,320.0,ARKI,IMO9561801,3ENP3,70,1,170,27,9.7,70,A
367359930,2021-02-21T05:47:34,36.82418,-76.28913,0.0,259.9,511.0,SUNNY WILLIAMS,,WDE4940,80,0,25,8,,80,A
367821000,2021-02-21T05:43:54,36.97282,-76.43369,0.0,0.0,511.0,YANO,IMO7825409,NAQH,70,5,276,32,13.0,70,A
636092329,2021-02-21T05:44:03,37.24622,-76.11872,0.0,261.4,0.0,BLUMENAU,IMO9605633,D5AL3,70,1,229,32,14.4,,A
373765000,2021-02-21T05:48:16,37.26319,-76.10636,0.1,265.8,4.0,AM CONTRECOEUR,IMO9583184,3FBX4,70,1,229,32,14.4,,A
366841000,2021-02-21T05:48:11,36.85330,-76.31049,0.0,0.0,511.0,CAPE RAY,IMO7530810,KAFI,70,5,197,32,10.0,,A
366839000,2021-02-21T05:47:10,36.85350,-76.31081,0.0,0.0,40.0,CAPE RISE,IMO7530808,KAFG,70,5,197,32,10.0,,A
368445000,2021-02-21T05:47:05,36.96312,-76.42015,0.0,55.8,188.0,OVERSEAS NIKISKI,IMO9353577,WDBH,80,5,183,32,12.2,80,A
477770400,2021-02-21T05:47:09,36.87991,-76.33158,0.0,98.3,96.0,BAO MAY,IMO9410155,VRGV8,70,0,292,45,18.2,70,A
368026000,2021-02-21T05:38:44,36.86577,-76.31602,0.0,224.2,511.0,BENAVIDEZ,IMO9218210,NBHG,70,5,289,32,10.9,70,A
367353070,2021-02-21T05:48:03,36.94420,-76.32947,0.0,11.0,267.0,EVERGREEN STATE,IMO9408138,WDE4430,80,5,183,32,11.8,89,A
367862000,2021-02-21T05:39:45,36.94816,-76.32982,0.0,35.7,280.0,JOSHUA HUMPHREYS,IMO8302428,NNJH,80,5,193,29,,,A
367359930,2021-02-21T05:39:25,36.82420,-76.28914,0.0,226.6,511.0,SUNNY WILLIAMS,,WDE4940,80,0,25,8,,80,A
367359930,2021-02-21T05:40:34,36.82421,-76.28914,0.0,228.5,511.0,SUNNY WILLIAMS,,WDE4940,80,0,25,8,,80,A
366841000,2021-02-21T05:42:10,36.85328,-76.31057,0.0,0.0,511.0,CAPE RAY,IMO7530810,KAFI,70,5,197,32,10.0,,A
368026000,2021-02-21T05:44:43,36.86577,-76.31604,0.0,224.2,511.0,BENAVIDEZ,IMO9218210,NBHG,70,5,289,32,10.9,70,A
636092329,2021-02-21T05:41:08,37.24628,-76.11863,0.1,261.4,359.0,BLUMENAU,IMO9605633,D5AL3,70,1,229,32,14.4,,A
477770400,2021-02-21T05:42:40,36.87995,-76.33156,0.0,98.3,96.0,BAO MAY,IMO9410155,VRGV8,70,0,292,45,18.2,70,A
367822000,2021-02-21T05:32:09,36.97309,-76.43387,0.0,0.0,511.0,USNS SHUGHART,IMO7825394,NAOQ,70,5,276,32,13.0,70,A
368026000,2021-02-21T05:32:44,36.86576,-76.31602,0.0,224.2,511.0,BENAVIDEZ,IMO9218210,NBHG,70,5,289,32,10.9,70,A
368026000,2021-02-21T05:41:43,36.86577,-76.31605,0.0,224.2,511.0,BENAVIDEZ,IMO9218210,NBHG,70,5,289,32,10.9,70,A
366841000,2021-02-21T05:45:08,36.85330,-76.31051,0.0,0.0,511.0,CAPE RAY,IMO7530810,KAFI,70,5,197,32,10.0,,A
367359930,2021-02-21T05:46:25,36.82418,-76.28912,0.0,260.5,511.0,SUNNY WILLIAMS,,WDE4940,80,0,25,8,,80,A
428405000,2021-02-21T05:48:35,36.90625,-76.32666,0.0,351.4,351.0,ZIM QINGDAO,IMO9318163,4XFC,71,5,261,32,9.9,71,A
366842000,2021-02-21T05:48:13,36.85390,-76.31120,0.0,0.0,42.0,CAPE RACE,IMO7616377,KAFJ,70,5,197,32,10.0,,A
477770400,2021-02-21T05:49:19,36.87994,-76.33157,0.0,98.3,96.0,BAO MAY,IMO9410155,VRGV8,70,0,292,45,18.2,70,A
477770400,2021-02-21T05:43:49,36.87994,-76.33155,0.0,98.3,96.0,BAO MAY,IMO9410155,VRGV8,70,0,292,45,18.2,70,A
338846000,2021-02-21T05:49:46,36.86554,-76.31584,0.0,0.1,511.0,USNS MENDONCA,IMO9147320,NBMK,70,5,289,32,10.9,,A
338846000,2021-02-21T05:46:46,36.86562,-76.31579,0.0,0.1,511.0,USNS MENDONCA,IMO9147320,NBMK,70,5,289,32,10.9,,A
367822000,2021-02-21T05:47:08,36.97309,-76.43386,0.0,0.0,511.0,USNS SHUGHART,IMO7825394,NAOQ,70,5,276,32,13.0,70,A
368026000,2021-02-21T05:50:43,36.86577,-76.31605,0.0,224.2,511.0,BENAVIDEZ,IMO9218210,NBHG,70,5,289,32,10.9,70,A
356589000,2021-02-21T05:49:11,37.23805,-76.09456,0.1,70.1,350.0,DOUBLE FORTUNE,IMO9574119,3FHZ2,70,1,234,38,14.5,70,A
367862000,2021-02-21T05:48:45,36.94819,-76.32975,0.0,35.7,280.0,JOSHUA HUMPHREYS,IMO8302428,NNJH,80,5,193,29,,,A
367359930,2021-02-21T05:34:45,36.82421,-76.28913,0.0,222.6,511.0,SUNNY WILLIAMS,,WDE4940,80,0,25,8,,80,A
338846000,2021-02-21T05:34:47,36.86561,-76.31584,0.0,0.1,511.0,USNS MENDONCA,IMO9147320,NBMK,70,5,289,32,10.9,,A
356589000,2021-02-21T05:43:12,37.23801,-76.09462,0.1,318.6,350.0,DOUBLE FORTUNE,IMO9574119,3FHZ2,70,1,234,38,14.5,70,A
373765000,2021-02-21T05:51:18,37.26321,-76.10639,0.1,265.8,6.0,AM CONTRECOEUR,IMO9583184,3FBX4,70,1,229,32,14.4,,A
338273000,2021-02-21T05:52:05,36.96281,-76.35691,0.0,69.5,359.0,SLNC YORK,IMO9538907,WNCG,70,1,142,23,5.5,70,A
255806078,2021-02-21T05:49:52,36.90935,-76.32718,0.1,306.9,352.0,NORTHERN MAGNUM,IMO9252541,CQIV4,71,5,300,40,11.3,71,A
477770400,2021-02-21T05:51:40,36.87991,-76.33158,0.0,98.3,96.0,BAO MAY,IMO9410155,VRGV8,70,0,292,45,18.2,70,A
367353070,2021-02-21T05:45:04,36.94420,-76.32947,0.0,11.0,267.0,EVERGREEN STATE,IMO9408138,WDE4430,80,5,183,32,11.8,89,A
367821000,2021-02-21T05:52:54,36.97282,-76.43368,0.0,0.0,511.0,YANO,IMO7825409,NAQH,70,5,276,32,13.0,70,A
366839000,2021-02-21T05:50:14,36.85350,-76.31080,0.0,0.0,40.0,CAPE RISE,IMO7530808,KAFG,70,5,197,32,10.0,,A
428405000,2021-02-21T05:51:33,36.90621,-76.32670,0.0,351.4,351.0,ZIM QINGDAO,IMO9318163,4XFC,71,5,261,32,9.9,71,A
368445000,2021-02-21T05:50:05,36.96311,-76.42017,0.0,55.8,188.0,OVERSEAS NIKISKI,IMO9353577,WDBH,80,5,183,32,12.2,80,A
367821000,2021-02-21T05:46:53,36.97282,-76.43369,0.0,0.0,511.0,YANO,IMO7825409,NAQH,70,5,276,32,13.0,70,A
367353070,2021-02-21T05:51:01,36.94417,-76.32950,0.0,11.0,267.0,EVERGREEN STATE,IMO9408138,WDE4430,80,5,183,32,11.8,89,A
255806078,2021-02-21T05:43:48,36.90937,-76.32717,0.1,306.9,352.0,NORTHERN MAGNUM,IMO9252541,CQIV4,71,5,300,40,11.3,71,A
366842000,2021-02-21T05:51:16,36.85385,-76.31118,0.0,0.0,42.0,CAPE RACE,IMO7616377,KAFJ,70,5,197,32,10.0,,A
367865000,2021-02-21T05:50:19,36.88696,-76.33852,0.0,286.4,11.0,KANAWHA,IMO8704080,NPTD,80,5,206,29,,,A
368026000,2021-02-21T05:47:44,36.86577,-76.31604,0.0,224.2,511.0,BENAVIDEZ,IMO9218210,NBHG,70,5,289,32,10.9,70,A
368026000,2021-02-21T05:53:42,36.86574,-76.31603,0.0,224.2,511.0,BENAVIDEZ,IMO9218210,NBHG,70,5,289,32,10.9,70,A
428405000,2021-02-21T05:36:33,36.90622,-76.32663,0.0,351.5,352.0,ZIM QINGDAO,IMO9318163,4XFC,71,5,261,32,9.9,71,A
538005622,2021-02-21T05:51:16,36.87959,-76.32626,0.0,326.0,276.0,SASEBO GREEN,IMO9675468,V7FN3,70,5,225,32,14.4,,A
538005622,2021-02-21T05:48:16,36.87959,-76.32624,0.0,326.0,276.0,SASEBO GREEN,IMO9675468,V7FN3,70,5,225,32,14.4,,A
356589000,2021-02-21T05:52:12,37.23804,-76.09448,0.0,154.4,347.0,DOUBLE FORTUNE,IMO9574119,3FHZ2,70,1,234,38,14.5,70,A
338678000,2021-02-21T05:36:31,36.91627,-76.16844,0.0,206.3,9.0,DOLORES CHOUEST,IMO8225931,WCP8847,70,5,54,12,4.0,35,A
367862000,2021-02-21T05:54:45,36.94815,-76.32973,0.0,35.7,280.0,JOSHUA HUMPHREYS,IMO8302428,NNJH,80,5,193,29,,,A
367359930,2021-02-21T05:55:55,36.82419,-76.28914,0.0,275.5,511.0,SUNNY WILLIAMS,,WDE4940,80,0,25,8,,80,A
367821000,2021-02-21T05:55:53,36.97282,-76.43368,0.0,0.0,511.0,YANO,IMO7825409,NAQH,70,5,276,32,13.0,70,A
636092329,2021-02-21T05:56:05,37.24627,-76.11861,0.1,261.4,0.0,BLUMENAU,IMO9605633,D5AL3,70,1,229,32,14.4,,A
538005622,2021-02-21T05:45:16,36.87960,-76.32622,0.0,326.0,276.0,SASEBO GREEN,IMO9675468,V7FN3,70,5,225,32,14.4,,A
338273000,2021-02-21T05:37:05,36.96287,-76.35684,0.1,69.5,352.0,SLNC YORK,IMO9538907,WNCG,70,1,142,23,5.5,70,A
356643000,2021-02-21T05:47:04,36.93606,-76.37878,0.2,203.9,320.0,ARKI,IMO9561801,3ENP3,70,1,170,27,9.7,70,A
367822000,2021-02-21T05:38:10,36.97309,-76.43387,0.0,0.0,511.0,USNS SHUGHART,IMO7825394,NAOQ,70,5,276,32,13.0,70,A
366842000,2021-02-21T05:57:14,36.85386,-76.31121,0.0,0.0,42.0,CAPE RACE,IMO7616377,KAFJ,70,5,197,32,10.0,,A
368445000,2021-02-21T05:38:05,36.96312,-76.42013,0.0,55.8,188.0,OVERSEAS NIKISKI,IMO9353577,WDBH,80,5,183,32,12.2,80,A
367862000,2021-02-21T05:57:44,36.94814,-76.32976,0.0,35.7,280.0,JOSHUA HUMPHREYS,IMO8302428,NNJH,80,5,193,29,,,A
636092329,2021-02-21T05:53:01,37.24625,-76.11875,0.0,261.4,3.0,BLUMENAU,IMO9605633,D5AL3,70,1,229,32,14.4,,A
367359930,2021-02-21T05:53:25,36.82419,-76.28915,0.0,270.9,511.0,SUNNY WILLIAMS,,WDE4940,80,0,25,8,,80,A
538005622,2021-02-21T05:39:16,36.87957,-76.32623,0.0,326.0,276.0,SASEBO GREEN,IMO9675468,V7FN3,70,5,225,32,14.4,,A
356589000,2021-02-21T05:58:14,37.23800,-76.09456,0.1,284.2,348.0,DOUBLE FORTUNE,IMO9574119,3FHZ2,70,1,234,38,14.5,70,A
367862000,2021-02-21T05:51:44,36.94819,-76.32977,0.0,35.7,280.0,JOSHUA HUMPHREYS,IMO8302428,NNJH,80,5,193,29,,,A
367353070,2021-02-21T05:54:04,36.94413,-76.32952,0.0,11.0,267.0,EVERGREEN STATE,IMO9408138,WDE4430,80,5,183,32,11.8,89,A
367353070,2021-02-21T06:00:03,36.94412,-76.32950,0.0,11.0,267.0,EVERGREEN STATE,IMO9408138,WDE4430,80,5,183,32,11.8,89,A
366842000,2021-02-21T05:54:16,36.85384,-76.31118,0.0,0.0,42.0,CAPE RACE,IMO7616377,KAFJ,70,5,197,32,10.0,,A
367822000,2021-02-21T05:59:09,36.97310,-76.43386,0.0,0.0,511.0,USNS SHUGHART,IMO7825394,NAOQ,70,5,276,32,13.0,70,A
367359930,2021-02-21T05:48:45,36.82416,-76.28913,0.0,253.2,511.0,SUNNY WILLIAMS,,WDE4940,80,0,25,8,,80,A
477770400,2021-02-21T05:48:10,36.87992,-76.33157,0.0,98.3,96.0,BAO MAY,IMO9410155,VRGV8,70,0,292,45,18.2,70,A
368445000,2021-02-21T05:59:05,36.96313,-76.42009,0.0,55.8,188.0,OVERSEAS NIKISKI,IMO9353577,WDBH,80,5,183,32,12.2,80,A
477770400,2021-02-21T05:40:18,36.87995,-76.33155,0.0,98.3,96.0,BAO MAY,IMO9410155,VRGV8,70,0,292,45,18.2,70,A
366841000,2021-02-21T05:54:13,36.85328,-76.31053,0.0,0.0,511.0,CAPE RAY,IMO7530810,KAFI,70,5,197,32,10.0,,A
356643000,2021-02-21T05:41:05,36.93615,-76.37867,0.1,244.5,320.0,ARKI,IMO9561801,3ENP3,70,1,170,27,9.7,70,A
428405000,2021-02-21T05:54:33,36.90634,-76.32667,0.0,351.4,351.0,ZIM QINGDAO,IMO9318163,4XFC,71,5,261,32,9.9,71,A
373765000,2021-02-21T06:00:18,37.26324,-76.10604,0.1,86.5,0.0,AM CONTRECOEUR,IMO9583184,3FBX4,70,1,229,32,14.4,,A
338678000,2021-02-21T06:00:31,36.91623,-76.16844,0.0,246.2,10.0,DOLORES CHOUEST,IMO8225931,WCP8847,70,5,54,12,4.0,35,A
356643000,2021-02-21T05:50:07,36.93601,-76.37888,0.1,214.9,322.0,ARKI,IMO9561801,3ENP3,70,1,170,27,9.7,70,A
367359930,2021-02-21T05:54:44,36.82418,-76.28914,0.0,269.6,511.0,SUNNY WILLIAMS,,WDE4940,80,0,25,8,,80,A
538005622,2021-02-21T05:54:16,36.87956,-76.32620,0.0,326.0,276.0,SASEBO GREEN,IMO9675468,V7FN3,70,5,225,32,14.4,,A
366841000,2021-02-21T06:00:11,36.85334,-76.31055,0.0,0.0,511.0,CAPE RAY,IMO7530810,KAFI,70,5,197,32,10.0,,A
366841000,2021-02-21T05:57:08,36.85328,-76.31052,0.0,0.0,511.0,CAPE RAY,IMO7530810,KAFI,70,5,197,32,10.0,,A
367822000,2021-02-21T05:50:09,36.97309,-76.43386,0.0,0.0,511.0,USNS SHUGHART,IMO7825394,NAOQ,70,5,276,32,13.0,70,A
368026000,2021-02-21T05:56:43,36.86576,-76.31604,0.0,224.2,511.0,BENAVIDEZ,IMO9218210,NBHG,70,5,289,32,10.9,70,A
367865000,2021-02-21T05:41:18,36.88697,-76.33851,0.0,286.4,11.0,KANAWHA,IMO8704080,NPTD,80,5,206,29,,,A
428405000,2021-02-21T05:42:35,36.90628,-76.32676,0.0,351.4,351.0,ZIM QINGDAO,IMO9318163,4XFC,71,5,261,32,9.9,71,A
367359930,2021-02-21T05:41:45,36.82421,-76.28912,0.0,229.4,511.0,SUNNY WILLIAMS,,WDE4940,80,0,25,8,,80,A
255806078,2021-02-21T05:55:57,36.90945,-76.32715,0.1,306.9,352.0,NORTHERN MAGNUM,IMO9252541,CQIV4,71,5,300,40,11.3,71,A
367353070,2021-02-21T05:57:01,36.94413,-76.32950,0.0,11.0,267.0,EVERGREEN STATE,IMO9408138,WDE4430,80,5,183,32,11.8,89,A
477770400,2021-02-21T05:57:29,36.87995,-76.33156,0.0,98.3,96.0,BAO MAY,IMO9410155,VRGV8,70,0,292,45,18.2,70,A
356643000,2021-02-21T05:56:05,36.93597,-76.37894,0.0,283.4,327.0,ARKI,IMO9561801,3ENP3,70,1,170,27,9.7,70,A
220413000,2021-02-21T06:02:11,37.03544,-76.06436,11.8,321.4,323.0,GUNVOR MAERSK,IMO9302891,OYGC2,70,0,367,42,15.0,,A
366841000,2021-02-21T05:51:06,36.85330,-76.31057,0.0,0.0,511.0,CAPE RAY,IMO7530810,KAFI,70,5,197,32,10.0,,A
338273000,2021-02-21T05:55:05,36.96281,-76.35693,0.1,69.5,358.0,SLNC YORK,IMO9538907,WNCG,70,1,142,23,5.5,70,A
367359930,2021-02-21T05:51:05,36.82418,-76.28912,0.0,268.5,511.0,SUNNY WILLIAMS,,WDE4940,80,0,25,8,,80,A
367359930,2021-02-21T05:52:15,36.82418,-76.28914,0.0,263.5,511.0,SUNNY WILLIAMS,,WDE4940,80,0,25,8,,80,A
356643000,2021-02-21T05:59:07,36.93598,-76.37895,0.1,149.6,327.0,ARKI,IMO9561801,3ENP3,70,1,170,27,9.7,70,A
356643000,2021-02-21T05:53:05,36.93598,-76.37893,0.1,241.3,327.0,ARKI,IMO9561801,3ENP3,70,1,170,27,9.7,70,A
338846000,2021-02-21T05:58:45,36.86555,-76.31580,0.0,0.1,511.0,USNS MENDONCA,IMO9147320,NBMK,70,5,289,32,10.9,,A
373765000,2021-02-21T05:42:16,37.26318,-76.10618,0.1,265.8,2.0,AM CONTRECOEUR,IMO9583184,3FBX4,70,1,229,32,14.4,,A
373765000,2021-02-21T05:57:20,37.26324,-76.10618,0.2,85.5,4.0,AM CONTRECOEUR,IMO9583184,3FBX4,70,1,229,32,14.4,,A
366842000,2021-02-21T05:42:13,36.85385,-76.31117,0.0,0.0,42.0,CAPE RACE,IMO7616377,KAFJ,70,5,197,32,10.0,,A
367353070,2021-02-21T06:03:01,36.94418,-76.32950,0.0,11.0,267.0,EVERGREEN STATE,IMO9408138,WDE4430,80,5,183,32,11.8,89,A
367865000,2021-02-21T05:53:18,36.88694,-76.33855,0.0,286.4,11.0,KANAWHA,IMO8704080,NPTD,80,5,206,29,,,A
338678000,2021-02-21T05:57:30,36.91622,-76.16849,0.0,250.2,10.0,DOLORES CHOUEST,IMO8225931,WCP8847,70,5,54,12,4.0,35,A
366841000,2021-02-21T06:03:03,36.85325,-76.31052,0.0,0.0,511.0,CAPE RAY,IMO7530810,KAFI,70,5,197,32,10.0,,A
220413000,2021-02-21T06:03:20,37.03842,-76.06713,11.7,322.1,323.0,GUNVOR MAERSK,IMO9302891,OYGC2,70,0,367,42,15.0,,A
428405000,2021-02-21T05:57:34,36.90623,-76.32669,0.0,351.4,351.0,ZIM QINGDAO,IMO9318163,4XFC,71,5,261,32,9.9,71,A
338678000,2021-02-21T06:03:30,36.91625,-76.16843,0.0,242.3,9.0,DOLORES CHOUEST,IMO8225931,WCP8847,70,5,54,12,4.0,35,A
338273000,2021-02-21T05:43:05,36.96282,-76.35684,0.0,69.5,2.0,SLNC YORK,IMO9538907,WNCG,70,1,142,23,5.5,70,A
477770400,2021-02-21T05:58:39,36.87992,-76.33159,0.0,98.3,96.0,BAO MAY,IMO9410155,VRGV8,70,0,292,45,18.2,70,A
368445000,2021-02-21T05:53:05,36.96312,-76.42012,0.0,55.8,188.0,OVERSEAS NIKISKI,IMO9353577,WDBH,80,5,183,32,12.2,80,A
356589000,2021-02-21T06:04:11,37.23803,-76.09464,0.0,218.5,350.0,DOUBLE FORTUNE,IMO9574119,3FHZ2,70,1,234,38,14.5,70,A
338273000,2021-02-21T06:04:05,36.96278,-76.35703,0.0,69.5,1.0,SLNC YORK,IMO9538907,WNCG,70,1,142,23,5.5,70,A
477770400,2021-02-21T05:44:59,36.87991,-76.33159,0.0,98.3,96.0,BAO MAY,IMO9410155,VRGV8,70,0,292,45,18.2,70,A
428405000,2021-02-21T05:45:34,36.90629,-76.32667,0.0,351.4,351.0,ZIM QINGDAO,IMO9318163,4XFC,71,5,261,32,9.9,71,A
338846000,2021-02-21T06:04:47,36.86558,-76.31582,0.0,0.1,511.0,USNS MENDONCA,IMO9147320,NBMK,70,5,289,32,10.9,,A
366839000,2021-02-21T05:56:13,36.85350,-76.31085,0.0,0.0,40.0,CAPE RISE,IMO7530808,KAFG,70,5,197,32,10.0,,A
538005622,2021-02-21T06:00:16,36.87956,-76.32626,0.0,329.5,276.0,SASEBO GREEN,IMO9675468,V7FN3,70,5,225,32,14.4,,A
367359930,2021-02-21T06:00:15,36.82418,-76.28914,0.0,273.3,511.0,SUNNY WILLIAMS,,WDE4940,80,0,25,8,,80,A
366842000,2021-02-21T06:00:15,36.85383,-76.31117,0.0,0.0,42.0,CAPE RACE,IMO7616377,KAFJ,70,5,197,32,10.0,,A
367865000,2021-02-21T05:59:19,36.88696,-76.33855,0.0,286.4,11.0,KANAWHA,IMO8704080,NPTD,80,5,206,29,,,A
255806078,2021-02-21T05:58:54,36.90940,-76.32717,0.1,306.9,352.0,NORTHERN MAGNUM,IMO9252541,CQIV4,71,5,300,40,11.3,71,A
636092329,2021-02-21T05:59:01,37.24626,-76.11856,0.1,261.4,358.0,BLUMENAU,IMO9605633,D5AL3,70,1,229,32,14.4,,A
356589000,2021-02-21T05:46:15,37.23806,-76.09465,0.0,306.8,352.0,DOUBLE FORTUNE,IMO9574119,3FHZ2,70,1,234,38,14.5,70,A
338846000,2021-02-21T06:01:47,36.86563,-76.31576,0.0,0.1,511.0,USNS MENDONCA,IMO9147320,NBMK,70,5,289,32,10.9,,A
338273000,2021-02-21T06:01:05,36.96279,-76.35699,0.0,69.5,359.0,SLNC YORK,IMO9538907,WNCG,70,1,142,23,5.5,70,A
477770400,2021-02-21T06:06:08,36.87994,-76.33152,0.0,98.3,96.0,BAO MAY,IMO9410155,VRGV8,70,0,292,45,18.2,70,A
366839000,2021-02-21T05:59:17,36.85351,-76.31084,0.0,0.0,40.0,CAPE RISE,IMO7530808,KAFG,70,5,197,32,10.0,,A
477770400,2021-02-21T05:56:19,36.87993,-76.33156,0.0,98.3,96.0,BAO MAY,IMO9410155,VRGV8,70,0,292,45,18.2,70,A
367862000,2021-02-21T06:00:45,36.94816,-76.32979,0.0,35.7,280.0,JOSHUA HUMPHREYS,IMO8302428,NNJH,80,5,193,29,,,A
477770400,2021-02-21T06:00:10,36.87992,-76.33157,0.0,98.3,96.0,BAO MAY,IMO9410155,VRGV8,70,0,292,45,18.2,70,A
477770400,2021-02-21T06:02:29,36.87995,-76.33155,0.0,98.3,96.0,BAO MAY,IMO9410155,VRGV8,70,0,292,45,18.2,70,A
477770400,2021-02-21T06:03:39,36.87994,-76.33156,0.0,98.3,96.0,BAO MAY,IMO9410155,VRGV8,70,0,292,45,18.2,70,A
538005622,2021-02-21T06:06:16,36.87955,-76.32625,0.0,329.5,276.0,SASEBO GREEN,IMO9675468,V7FN3,70,5,225,32,14.4,,A
368445000,2021-02-21T06:02:05,36.96309,-76.42011,0.0,55.8,188.0,OVERSEAS NIKISKI,IMO9353577,WDBH,80,5,183,32,12.2,80,A
428405000,2021-02-21T06:00:35,36.90624,-76.32667,0.0,351.4,351.0,ZIM QINGDAO,IMO9318163,4XFC,71,5,261,32,9.9,71,A
366841000,2021-02-21T06:06:11,36.85330,-76.31052,0.0,0.0,511.0,CAPE RAY,IMO7530810,KAFI,70,5,197,32,10.0,,A
368026000,2021-02-21T06:02:44,36.86577,-76.31603,0.0,224.2,511.0,BENAVIDEZ,IMO9218210,NBHG,70,5,289,32,10.9,70,A
338846000,2021-02-21T06:07:46,36.86557,-76.31579,0.0,0.1,511.0,USNS MENDONCA,IMO9147320,NBMK,70,5,289,32,10.9,,A
338273000,2021-02-21T06:07:05,36.96277,-76.35707,0.0,69.5,6.0,SLNC YORK,IMO9538907,WNCG,70,1,142,23,5.5,70,A
356589000,2021-02-21T06:07:14,37.23799,-76.09463,0.1,199.7,350.0,DOUBLE FORTUNE,IMO9574119,3FHZ2,70,1,234,38,14.5,70,A
367865000,2021-02-21T06:02:19,36.88696,-76.33853,0.0,286.4,11.0,KANAWHA,IMO8704080,NPTD,80,5,206,29,,,A
477770400,2021-02-21T06:04:49,36.87992,-76.33159,0.0,98.3,96.0,BAO MAY,IMO9410155,VRGV8,70,0,292,45,18.2,70,A
255806078,2021-02-21T06:04:58,36.90952,-76.32715,0.1,306.9,352.0,NORTHERN MAGNUM,IMO9252541,CQIV4,71,5,300,40,11.3,71,A
220413000,2021-02-21T06:04:31,37.04149,-76.07005,11.9,321.4,323.0,GUNVOR MAERSK,IMO9302891,OYGC2,70,0,367,42,15.0,,A
373765000,2021-02-21T06:09:22,37.26322,-76.10635,0.1,250.3,4.0,AM CONTRECOEUR,IMO9583184,3FBX4,70,1,229,32,14.4,,A
366839000,2021-02-21T06:05:18,36.85350,-76.31082,0.0,0.0,40.0,CAPE RISE,IMO7530808,KAFG,70,5,197,32,10.0,,A
366842000,2021-02-21T06:09:13,36.85383,-76.31117,0.0,0.0,42.0,CAPE RACE,IMO7616377,KAFJ,70,5,197,32,10.0,,A
366842000,2021-02-21T06:06:13,36.85380,-76.31115,0.0,0.0,42.0,CAPE RACE,IMO7616377,KAFJ,70,5,197,32,10.0,,A
367359930,2021-02-21T05:49:56,36.82416,-76.28912,0.0,264.8,511.0,SUNNY WILLIAMS,,WDE4940,80,0,25,8,,80,A
367865000,2021-02-21T06:05:19,36.88694,-76.33851,0.0,286.4,11.0,KANAWHA,IMO8704080,NPTD,80,5,206,29,,,A
356589000,2021-02-21T06:10:14,37.23803,-76.09464,0.0,326.2,350.0,DOUBLE FORTUNE,IMO9574119,3FHZ2,70,1,234,38,14.5,70,A
538005622,2021-02-21T06:09:16,36.87955,-76.32626,0.0,329.5,276.0,SASEBO GREEN,IMO9675468,V7FN3,70,5,225,32,14.4,,A
367821000,2021-02-21T05:49:54,36.97282,-76.43369,0.0,0.0,511.0,YANO,IMO7825409,NAQH,70,5,276,32,13.0,70,A
367359930,2021-02-21T06:09:45,36.82420,-76.28912,0.0,284.2,511.0,SUNNY WILLIAMS,,WDE4940,80,0,25,8,,80,A
373765000,2021-02-21T06:06:19,37.26320,-76.10624,0.1,250.3,3.0,AM CONTRECOEUR,IMO9583184,3FBX4,70,1,229,32,14.4,,A
477770400,2021-02-21T05:50:29,36.87992,-76.33155,0.0,98.3,96.0,BAO MAY,IMO9410155,VRGV8,70,0,292,45,18.2,70,A
367359930,2021-02-21T06:06:04,36.82421,-76.28913,0.0,285.2,511.0,SUNNY WILLIAMS,,WDE4940,80,0,25,8,,80,A
356643000,2021-02-21T06:08:06,36.93591,-76.37910,0.0,207.7,331.0,ARKI,IMO9561801,3ENP3,70,1,170,27,9.7,70,A
367862000,2021-02-21T06:06:45,36.94811,-76.32973,0.0,35.7,280.0,JOSHUA HUMPHREYS,IMO8302428,NNJH,80,5,193,29,,,A
367821000,2021-02-21T06:07:53,36.97284,-76.43367,0.0,0.0,511.0,YANO,IMO7825409,NAQH,70,5,276,32,13.0,70,A
255806078,2021-02-21T06:10:59,36.90937,-76.32720,0.1,306.9,352.0,NORTHERN MAGNUM,IMO9252541,CQIV4,71,5,300,40,11.3,71,A
636092329,2021-02-21T06:11:04,37.24627,-76.11854,0.0,261.4,359.0,BLUMENAU,IMO9605633,D5AL3,70,1,229,32,14.4,,A
367353070,2021-02-21T06:09:04,36.94420,-76.32947,0.0,11.0,267.0,EVERGREEN STATE,IMO9408138,WDE4430,80,5,183,32,11.8,89,A
428405000,2021-02-21T06:06:33,36.90626,-76.32666,0.0,351.4,351.0,ZIM QINGDAO,IMO9318163,4XFC,71,5,261,32,9.9,71,A
366841000,2021-02-21T06:09:09,36.85326,-76.31056,0.0,0.0,511.0,CAPE RAY,IMO7530810,KAFI,70,5,197,32,10.0,,A
477770400,2021-02-21T06:07:19,36.87995,-76.33156,0.0,98.3,96.0,BAO MAY,IMO9410155,VRGV8,70,0,292,45,18.2,70,A
477770400,2021-02-21T05:52:49,36.87995,-76.33156,0.0,98.3,96.0,BAO MAY,IMO9410155,VRGV8,70,0,292,45,18.2,70,A
636092329,2021-02-21T06:02:04,37.24623,-76.11868,0.1,261.4,0.0,BLUMENAU,IMO9605633,D5AL3,70,1,229,32,14.4,,A
367359930,2021-02-21T06:07:16,36.82422,-76.28912,0.0,285.9,511.0,SUNNY WILLIAMS,,WDE4940,80,0,25,8,,80,A
220413000,2021-02-21T06:09:10,37.05371,-76.08192,12.0,322.4,323.0,GUNVOR MAERSK,IMO9302891,OYGC2,70,0,367,42,15.0,,A
366839000,2021-02-21T06:02:15,36.85351,-76.31082,0.0,0.0,40.0,CAPE RISE,IMO7530808,KAFG,70,5,197,32,10.0,,A
477770400,2021-02-21T05:53:59,36.87994,-76.33156,0.0,98.3,96.0,BAO MAY,IMO9410155,VRGV8,70,0,292,45,18.2,70,A
477770400,2021-02-21T06:08:28,36.87992,-76.33156,0.0,98.3,96.0,BAO MAY,IMO9410155,VRGV8,70,0,292,45,18.2,70,A
367865000,2021-02-21T06:08:19,36.88694,-76.33857,0.0,286.4,11.0,KANAWHA,IMO8704080,NPTD,80,5,206,29,,,A
373765000,2021-02-21T06:12:19,37.26324,-76.10634,0.1,250.3,6.0,AM CONTRECOEUR,IMO9583184,3FBX4,70,1,229,32,14.4,,A
338678000,2021-02-21T06:09:30,36.91621,-76.16847,0.0,231.4,9.0,DOLORES CHOUEST,IMO8225931,WCP8847,70,5,54,12,4.0,35,A
366839000,2021-02-21T06:08:13,36.85347,-76.31079,0.0,0.0,40.0,CAPE RISE,IMO7530808,KAFG,70,5,197,32,10.0,,A
373765000,2021-02-21T05:54:17,37.26329,-76.10632,0.1,265.8,6.0,AM CONTRECOEUR,IMO9583184,3FBX4,70,1,229,32,14.4,,A
366842000,2021-02-21T06:12:15,36.85380,-76.31122,0.0,0.0,42.0,CAPE RACE,IMO7616377,KAFJ,70,5,197,32,10.0,,A
366841000,2021-02-21T06:12:11,36.85329,-76.31055,0.0,0.0,511.0,CAPE RAY,IMO7530810,KAFI,70,5,197,32,10.0,,A
255806078,2021-02-21T06:14:02,36.90938,-76.32718,0.1,306.9,352.0,NORTHERN MAGNUM,IMO9252541,CQIV4,71,5,300,40,11.3,71,A
367359930,2021-02-21T06:13:15,36.82419,-76.28913,0.0,281.0,511.0,SUNNY WILLIAMS,,WDE4940,80,0,25,8,,80,A
367359930,2021-02-21T06:10:55,36.82421,-76.28912,0.0,284.6,511.0,SUNNY WILLIAMS,,WDE4940,80,0,25,8,,80,A
636092329,2021-02-21T06:05:01,37.24626,-76.11865,0.0,261.4,3.0,BLUMENAU,IMO9605633,D5AL3,70,1,229,32,14.4,,A
636092329,2021-02-21T06:14:03,37.24626,-76.11854,0.0,261.4,358.0,BLUMENAU,IMO9605633,D5AL3,70,1,229,32,14.4,,A
477770400,2021-02-21T06:09:38,36.87989,-76.33157,0.0,98.3,96.0,BAO MAY,IMO9410155,VRGV8,70,0,292,45,18.2,70,A
368445000,2021-02-21T06:05:05,36.96314,-76.42010,0.0,55.8,188.0,OVERSEAS NIKISKI,IMO9353577,WDBH,80,5,183,32,12.2,80,A
356643000,2021-02-21T06:14:05,36.93588,-76.37922,0.1,215.7,333.0,ARKI,IMO9561801,3ENP3,70,1,170,27,9.7,70,A
356643000,2021-02-21T06:05:06,36.93597,-76.37908,0.1,218.6,326.0,ARKI,IMO9561801,3ENP3,70,1,170,27,9.7,70,A
220413000,2021-02-21T06:05:41,37.04458,-76.07302,11.9,322.4,324.0,GUNVOR MAERSK,IMO9302891,OYGC2,70,0,367,42,15.0,,A
477770400,2021-02-21T06:12:00,36.87993,-76.33156,0.0,98.3,96.0,BAO MAY,IMO9410155,VRGV8,70,0,292,45,18.2,70,A
367359930,2021-02-21T06:12:05,36.82420,-76.28912,0.0,276.3,511.0,SUNNY WILLIAMS,,WDE4940,80,0,25,8,,80,A
338678000,2021-02-21T06:15:30,36.91622,-76.16845,0.0,258.0,10.0,DOLORES CHOUEST,IMO8225931,WCP8847,70,5,54,12,4.0,35,A
338273000,2021-02-21T06:16:05,36.96275,-76.35710,0.0,69.5,14.0,SLNC YORK,IMO9538907,WNCG,70,1,142,23,5.5,70,A
367862000,2021-02-21T06:12:45,36.94817,-76.32968,0.0,35.7,280.0,JOSHUA HUMPHREYS,IMO8302428,NNJH,80,5,193,29,,,A
368026000,2021-02-21T06:05:44,36.86576,-76.31605,0.0,224.2,511.0,BENAVIDEZ,IMO9218210,NBHG,70,5,289,32,10.9,70,A
367359930,2021-02-21T06:15:34,36.82419,-76.28913,0.0,286.1,511.0,SUNNY WILLIAMS,,WDE4940,80,0,25,8,,80,A
367353070,2021-02-21T06:06:04,36.94418,-76.32945,0.0,11.0,267.0,EVERGREEN STATE,IMO9408138,WDE4430,80,5,183,32,11.8,89,A
338273000,2021-02-21T05:58:05,36.96279,-76.35700,0.0,69.5,356.0,SLNC YORK,IMO9538907,WNCG,70,1,142,23,5.5,70,A
367359930,2021-02-21T05:58:05,36.82419,-76.28913,0.0,274.8,511.0,SUNNY WILLIAMS,,WDE4940,80,0,25,8,,80,A
356643000,2021-02-21T06:11:07,36.93589,-76.37914,0.0,290.4,332.0,ARKI,IMO9561801,3ENP3,70,1,170,27,9.7,70,A
538005622,2021-02-21T05:57:16,36.87956,-76.32629,0.1,346.3,276.0,SASEBO GREEN,IMO9675468,V7FN3,70,5,225,32,14.4,,A
538005622,2021-02-21T06:15:16,36.87956,-76.32624,0.0,329.5,276.0,SASEBO GREEN,IMO9675468,V7FN3,70,5,225,32,14.4,,A
368445000,2021-02-21T06:17:05,36.96317,-76.42009,0.0,55.8,188.0,OVERSEAS NIKISKI,IMO9353577,WDBH,80,5,183,32,12.2,80,A
220413000,2021-02-21T06:08:01,37.05071,-76.07895,12.0,323.4,324.0,GUNVOR MAERSK,IMO9302891,OYGC2,70,0,367,42,15.0,,A
255806078,2021-02-21T06:08:00,36.90945,-76.32715,0.1,306.9,352.0,NORTHERN MAGNUM,IMO9252541,CQIV4,71,5,300,40,11.3,71,A
367359930,2021-02-21T06:08:25,36.82420,-76.28913,0.0,283.9,511.0,SUNNY WILLIAMS,,WDE4940,80,0,25,8,,80,A
255806078,2021-02-21T06:17:05,36.90942,-76.32717,0.1,306.9,352.0,NORTHERN MAGNUM,IMO9252541,CQIV4,71,5,300,40,11.3,71,A
477770400,2021-02-21T06:17:50,36.87994,-76.33156,0.0,98.3,96.0,BAO MAY,IMO9410155,VRGV8,70,0,292,45,18.2,70,A
367359930,2021-02-21T05:59:15,36.82418,-76.28914,0.0,270.1,511.0,SUNNY WILLIAMS,,WDE4940,80,0,25,8,,80,A
367359930,2021-02-21T06:19:06,36.82419,-76.28914,0.0,267.2,511.0,SUNNY WILLIAMS,,WDE4940,80,0,25,8,,80,A
368026000,2021-02-21T05:59:44,36.86578,-76.31605,0.0,224.2,511.0,BENAVIDEZ,IMO9218210,NBHG,70,5,289,32,10.9,70,A
477770400,2021-02-21T05:59:49,36.87993,-76.33156,0.0,98.3,96.0,BAO MAY,IMO9410155,VRGV8,70,0,292,45,18.2,70,A
636092329,2021-02-21T06:17:03,37.24628,-76.11853,0.0,261.4,357.0,BLUMENAU,IMO9605633,D5AL3,70,1,229,32,14.4,,A
428405000,2021-02-21T06:09:33,36.90625,-76.32667,0.0,351.4,351.0,ZIM QINGDAO,IMO9318163,4XFC,71,5,261,32,9.9,71,A
366839000,2021-02-21T06:14:12,36.85348,-76.31084,0.0,0.0,40.0,CAPE RISE,IMO7530808,KAFG,70,5,197,32,10.0,,A
368445000,2021-02-21T06:20:05,36.96311,-76.42013,0.0,55.8,188.0,OVERSEAS NIKISKI,IMO9353577,WDBH,80,5,183,32,12.2,80,A
367353070,2021-02-21T06:15:03,36.94418,-76.32945,0.0,11.0,267.0,EVERGREEN STATE,IMO9408138,WDE4430,80,5,183,32,11.8,89,A
477770400,2021-02-21T06:15:29,36.87995,-76.33154,0.0,98.3,96.0,BAO MAY,IMO9410155,VRGV8,70,0,292,45,18.2,70,A
338678000,2021-02-21T06:18:31,36.91626,-76.16844,0.0,271.3,10.0,DOLORES CHOUEST,IMO8225931,WCP8847,70,5,54,12,4.0,35,A
356589000,2021-02-21T06:16:12,37.23803,-76.09460,0.1,167.8,349.0,DOUBLE FORTUNE,IMO9574119,3FHZ2,70,1,234,38,14.5,70,A
356589000,2021-02-21T06:19:14,37.23802,-76.09460,0.0,152.5,348.0,DOUBLE FORTUNE,IMO9574119,3FHZ2,70,1,234,38,14.5,70,A
366842000,2021-02-21T06:21:13,36.85384,-76.31121,0.0,0.0,42.0,CAPE RACE,IMO7616377,KAFJ,70,5,197,32,10.0,,A
477770400,2021-02-21T06:10:49,36.87992,-76.33155,0.0,98.3,96.0,BAO MAY,IMO9410155,VRGV8,70,0,292,45,18.2,70,A
477770400,2021-02-21T06:21:19,36.87995,-76.33156,0.0,98.3,96.0,BAO MAY,IMO9410155,VRGV8,70,0,292,45,18.2,70,A
367821000,2021-02-21T06:10:54,36.97284,-76.43366,0.0,0.0,511.0,YANO,IMO7825409,NAQH,70,5,276,32,13.0,70,A
368445000,2021-02-21T06:11:05,36.96310,-76.42014,0.0,55.8,188.0,OVERSEAS NIKISKI,IMO9353577,WDBH,80,5,183,32,12.2,80,A
367865000,2021-02-21T06:11:19,36.88698,-76.33851,0.0,286.4,11.0,KANAWHA,IMO8704080,NPTD,80,5,206,29,,,A
367359930,2021-02-21T06:01:16,36.82418,-76.28914,0.0,266.5,511.0,SUNNY WILLIAMS,,WDE4940,80,0,25,8,,80,A
367821000,2021-02-21T06:16:54,36.97284,-76.43366,0.0,0.0,511.0,YANO,IMO7825409,NAQH,70,5,276,32,13.0,70,A
356643000,2021-02-21T06:17:04,36.93584,-76.37928,0.1,241.7,335.0,ARKI,IMO9561801,3ENP3,70,1,170,27,9.7,70,A
338846000,2021-02-21T06:16:46,36.86561,-76.31580,0.0,0.1,511.0,USNS MENDONCA,IMO9147320,NBMK,70,5,289,32,10.9,,A
538005622,2021-02-21T06:12:16,36.87956,-76.32627,0.0,329.5,276.0,SASEBO GREEN,IMO9675468,V7FN3,70,5,225,32,14.4,,A
367359930,2021-02-21T06:16:45,36.82418,-76.28915,0.0,273.6,511.0,SUNNY WILLIAMS,,WDE4940,80,0,25,8,,80,A
477770400,2021-02-21T06:01:19,36.87993,-76.33158,0.0,98.3,96.0,BAO MAY,IMO9410155,VRGV8,70,0,292,45,18.2,70,A
356643000,2021-02-21T06:23:05,36.93581,-76.37933,0.1,160.1,337.0,ARKI,IMO9561801,3ENP3,70,1,170,27,9.7,70,A
366841000,2021-02-21T06:18:11,36.85328,-76.31053,0.0,0.0,511.0,CAPE RAY,IMO7530810,KAFI,70,5,197,32,10.0,,A
428405000,2021-02-21T06:12:33,36.90624,-76.32670,0.0,351.4,351.0,ZIM QINGDAO,IMO9318163,4XFC,71,5,261,32,9.9,71,A
220413000,2021-02-21T06:18:21,37.07964,-76.10260,12.2,329.5,332.0,GUNVOR MAERSK,IMO9302891,OYGC2,70,0,367,42,15.0,,A
373765000,2021-02-21T06:21:20,37.26329,-76.10608,0.1,250.3,2.0,AM CONTRECOEUR,IMO9583184,3FBX4,70,1,229,32,14.4,,A
367359930,2021-02-21T06:21:24,36.82420,-76.28913,0.1,264.3,511.0,SUNNY WILLIAMS,,WDE4940,80,0,25,8,,80,A
373765000,2021-02-21T06:18:20,37.26328,-76.10616,0.1,250.3,4.0,AM CONTRECOEUR,IMO9583184,3FBX4,70,1,229,32,14.4,,A
338678000,2021-02-21T06:12:30,36.91624,-76.16845,0.0,242.8,10.0,DOLORES CHOUEST,IMO8225931,WCP8847,70,5,54,12,4.0,35,A
477770400,2021-02-21T06:23:39,36.87994,-76.33155,0.0,98.3,96.0,BAO MAY,IMO9410155,VRGV8,70,0,292,45,18.2,70,A
477770400,2021-02-21T06:13:09,36.87993,-76.33157,0.0,98.3,96.0,BAO MAY,IMO9410155,VRGV8,70,0,292,45,18.2,70,A
220413000,2021-02-21T06:13:50,37.06647,-76.09308,12.0,328.3,331.0,GUNVOR MAERSK,IMO9302891,OYGC2,70,0,367,42,15.0,,A
428405000,2021-02-21T06:21:35,36.90625,-76.32667,0.0,351.4,351.0,ZIM QINGDAO,IMO9318163,4XFC,71,5,261,32,9.9,71,A
428405000,2021-02-21T06:18:35,36.90624,-76.32667,0.0,351.4,351.0,ZIM QINGDAO,IMO9318163,4XFC,71,5,261,32,9.9,71,A
367862000,2021-02-21T06:18:45,36.94826,-76.32972,0.0,35.7,280.0,JOSHUA HUMPHREYS,IMO8302428,NNJH,80,5,193,29,,,A
367359930,2021-02-21T06:14:24,36.82418,-76.28914,0.0,283.3,511.0,SUNNY WILLIAMS,,WDE4940,80,0,25,8,,80,A
338273000,2021-02-21T06:19:05,36.96274,-76.35709,0.0,69.5,12.0,SLNC YORK,IMO9538907,WNCG,70,1,142,23,5.5,70,A
477770400,2021-02-21T06:14:20,36.87993,-76.33157,0.0,98.3,96.0,BAO MAY,IMO9410155,VRGV8,70,0,292,45,18.2,70,A
366842000,2021-02-21T06:24:15,36.85387,-76.31117,0.0,0.0,42.0,CAPE RACE,IMO7616377,KAFJ,70,5,197,32,10.0,,A
255806078,2021-02-21T06:20:07,36.90940,-76.32717,0.1,306.9,352.0,NORTHERN MAGNUM,IMO9252541,CQIV4,71,5,300,40,11.3,71,A
538005622,2021-02-21T06:03:16,36.87957,-76.32626,0.0,329.5,276.0,SASEBO GREEN,IMO9675468,V7FN3,70,5,225,32,14.4,,A
368026000,2021-02-21T06:20:43,36.86580,-76.31604,0.0,224.2,511.0,BENAVIDEZ,IMO9218210,NBHG,70,5,289,32,10.9,70,A
477770400,2021-02-21T06:22:29,36.87995,-76.33155,0.0,98.3,96.0,BAO MAY,IMO9410155,VRGV8,70,0,292,45,18.2,70,A
428405000,2021-02-21T06:15:33,36.90624,-76.32669,0.0,351.4,351.0,ZIM QINGDAO,IMO9318163,4XFC,71,5,261,32,9.9,71,A
366841000,2021-02-21T06:15:03,36.85333,-76.31050,0.0,0.0,511.0,CAPE RAY,IMO7530810,KAFI,70,5,197,32,10.0,,A
373765000,2021-02-21T06:24:20,37.26328,-76.10609,0.0,250.3,0.0,AM CONTRECOEUR,IMO9583184,3FBX4,70,1,229,32,14.4,,A
477770400,2021-02-21T06:20:09,36.87995,-76.33155,0.0,98.3,96.0,BAO MAY,IMO9410155,VRGV8,70,0,292,45,18.2,70,A
367359930,2021-02-21T06:20:14,36.82420,-76.28912,0.0,267.2,511.0,SUNNY WILLIAMS,,WDE4940,80,0,25,8,,80,A
338678000,2021-02-21T06:21:31,36.91624,-76.16844,0.0,260.9,10.0,DOLORES CHOUEST,IMO8225931,WCP8847,70,5,54,12,4.0,35,A
538005622,2021-02-21T06:21:16,36.87957,-76.32623,0.0,214.4,276.0,SASEBO GREEN,IMO9675468,V7FN3,70,5,225,32,14.4,,A
373765000,2021-02-21T06:15:20,37.26324,-76.10626,0.1,250.3,5.0,AM CONTRECOEUR,IMO9583184,3FBX4,70,1,229,32,14.4,,A
366842000,2021-02-21T06:03:15,36.85386,-76.31116,0.0,0.0,42.0,CAPE RACE,IMO7616377,KAFJ,70,5,197,32,10.0,,A
367862000,2021-02-21T06:21:44,36.94820,-76.32974,0.0,35.7,280.0,JOSHUA HUMPHREYS,IMO8302428,NNJH,80,5,193,29,,,A
220413000,2021-02-21T06:21:41,37.08942,-76.10966,12.0,330.1,332.0,GUNVOR MAERSK,IMO9302891,OYGC2,70,0,367,42,15.0,,A
367353070,2021-02-21T06:21:01,36.94418,-76.32948,0.0,11.0,267.0,EVERGREEN STATE,IMO9408138,WDE4430,80,5,183,32,11.8,89,A
356589000,2021-02-21T06:22:12,37.23800,-76.09465,0.1,220.7,350.0,DOUBLE FORTUNE,IMO9574119,3FHZ2,70,1,234,38,14.5,70,A
367821000,2021-02-21T06:22:54,36.97283,-76.43366,0.0,0.0,511.0,YANO,IMO7825409,NAQH,70,5,276,32,13.0,70,A
428405000,2021-02-21T06:24:35,36.90624,-76.32668,0.0,351.5,352.0,ZIM QINGDAO,IMO9318163,4XFC,71,5,261,32,9.9,71,A
636092329,2021-02-21T06:23:03,37.24627,-76.11866,0.1,261.4,0.0,BLUMENAU,IMO9605633,D5AL3,70,1,229,32,14.4,,A
338678000,2021-02-21T06:24:31,36.91624,-76.16845,0.0,247.0,9.0,DOLORES CHOUEST,IMO8225931,WCP8847,70,5,54,12,4.0,35,A
368445000,2021-02-21T06:23:05,36.96308,-76.42009,0.0,55.8,188.0,OVERSEAS NIKISKI,IMO9353577,WDBH,80,5,183,32,12.2,80,A
338273000,2021-02-21T06:22:05,36.96275,-76.35712,0.0,69.5,9.0,SLNC YORK,IMO9538907,WNCG,70,1,142,23,5.5,70,A
367359930,2021-02-21T06:23:45,36.82420,-76.28912,0.0,251.1,511.0,SUNNY WILLIAMS,,WDE4940,80,0,25,8,,80,A
367821000,2021-02-21T06:25:54,36.97283,-76.43366,0.0,0.0,511.0,YANO,IMO7825409,NAQH,70,5,276,32,13.0,70,A
367865000,2021-02-21T06:26:19,36.88700,-76.33857,0.0,286.4,11.0,KANAWHA,IMO8704080,NPTD,80,5,206,29,,,A
367822000,2021-02-21T06:05:09,36.97310,-76.43386,0.0,0.0,511.0,USNS SHUGHART,IMO7825394,NAOQ,70,5,276,32,13.0,70,A
367353070,2021-02-21T06:27:03,36.94420,-76.32952,0.0,11.0,267.0,EVERGREEN STATE,IMO9408138,WDE4430,80,5,183,32,11.8,89,A
366842000,2021-02-21T06:18:16,36.85384,-76.31118,0.0,0.0,42.0,CAPE RACE,IMO7616377,KAFJ,70,5,197,32,10.0,,A
538005622,2021-02-21T06:24:16,36.87955,-76.32625,0.0,214.4,276.0,SASEBO GREEN,IMO9675468,V7FN3,70,5,225,32,14.4,,A
538005622,2021-02-21T06:18:16,36.87958,-76.32623,0.0,184.5,276.0,SASEBO GREEN,IMO9675468,V7FN3,70,5,225,32,14.4,,A
477770400,2021-02-21T06:27:09,36.87994,-76.33156,0.0,98.3,96.0,BAO MAY,IMO9410155,VRGV8,70,0,292,45,18.2,70,A
367359930,2021-02-21T06:04:55,36.82423,-76.28911,0.0,283.0,511.0,SUNNY WILLIAMS,,WDE4940,80,0,25,8,,80,A
367862000,2021-02-21T06:27:44,36.94825,-76.32978,0.0,35.7,280.0,JOSHUA HUMPHREYS,IMO8302428,NNJH,80,5,193,29,,,A
220413000,2021-02-21T06:26:21,37.10312,-76.11955,12.4,330.1,332.0,GUNVOR MAERSK,IMO9302891,OYGC2,70,0,367,42,15.0,,A
220413000,2021-02-21T06:06:50,37.04755,-76.07588,11.9,323.3,324.0,GUNVOR MAERSK,IMO9302891,OYGC2,70,0,367,42,15.0,,A
367353070,2021-02-21T06:24:02,36.94417,-76.32950,0.0,11.0,267.0,EVERGREEN STATE,IMO9408138,WDE4430,80,5,183,32,11.8,89,A
367821000,2021-02-21T06:19:53,36.97284,-76.43366,0.0,0.0,511.0,YANO,IMO7825409,NAQH,70,5,276,32,13.0,70,A
367359930,2021-02-21T06:24:54,36.82419,-76.28913,0.0,244.1,511.0,SUNNY WILLIAMS,,WDE4940,80,0,25,8,,80,A
338846000,2021-02-21T06:28:46,36.86564,-76.31583,0.0,0.1,511.0,USNS MENDONCA,IMO9147320,NBMK,70,5,289,32,10.9,,A
366841000,2021-02-21T06:24:10,36.85330,-76.31056,0.0,0.0,511.0,CAPE RAY,IMO7530810,KAFI,70,5,197,32,10.0,,A
367822000,2021-02-21T06:20:09,36.97310,-76.43387,0.0,0.0,511.0,USNS SHUGHART,IMO7825394,NAOQ,70,5,276,32,13.0,70,A
220413000,2021-02-21T06:27:30,37.10660,-76.12195,12.3,329.3,332.0,GUNVOR MAERSK,IMO9302891,OYGC2,70,0,367,42,15.0,,A
356589000,2021-02-21T06:25:13,37.23803,-76.09471,0.1,277.5,350.0,DOUBLE FORTUNE,IMO9574119,3FHZ2,70,1,234,38,14.5,70,A
477770400,2021-02-21T06:28:19,36.87994,-76.33156,0.0,98.3,96.0,BAO MAY,IMO9410155,VRGV8,70,0,292,45,18.2,70,A
477770400,2021-02-21T06:25:58,36.87993,-76.33156,0.0,98.3,96.0,BAO MAY,IMO9410155,VRGV8,70,0,292,45,18.2,70,A
367359930,2021-02-21T06:26:05,36.82420,-76.28913,0.0,242.4,511.0,SUNNY WILLIAMS,,WDE4940,80,0,25,8,,80,A
366839000,2021-02-21T06:26:15,36.85349,-76.31080,0.0,0.0,40.0,CAPE RISE,IMO7530808,KAFG,70,5,197,32,10.0,,A
366842000,2021-02-21T06:27:14,36.85380,-76.31119,0.0,0.0,42.0,CAPE RACE,IMO7616377,KAFJ,70,5,197,32,10.0,,A
367359930,2021-02-21T06:27:06,36.82419,-76.28913,0.0,242.1,511.0,SUNNY WILLIAMS,,WDE4940,80,0,25,8,,80,A
373765000,2021-02-21T06:27:21,37.26326,-76.10621,0.1,249.0,1.0,AM CONTRECOEUR,IMO9583184,3FBX4,70,1,229,32,14.4,,A
428405000,2021-02-21T06:27:35,36.90625,-76.32669,0.0,351.4,351.0,ZIM QINGDAO,IMO9318163,4XFC,71,5,261,32,9.9,71,A
220413000,2021-02-21T06:10:21,37.05687,-76.08500,12.0,322.5,323.0,GUNVOR MAERSK,IMO9302891,OYGC2,70,0,367,42,15.0,,A
220413000,2021-02-21T06:29:40,37.11315,-76.12642,12.5,330.4,332.0,GUNVOR MAERSK,IMO9302891,OYGC2,70,0,367,42,15.0,,A
338678000,2021-02-21T06:30:31,36.91634,-76.16854,0.0,233.5,10.0,DOLORES CHOUEST,IMO8225931,WCP8847,70,5,54,12,4.0,35,A
366839000,2021-02-21T06:29:18,36.85357,-76.31079,0.0,0.0,40.0,CAPE RISE,IMO7530808,KAFG,70,5,197,32,10.0,,A
367359930,2021-02-21T06:22:35,36.82419,-76.28912,0.1,258.8,511.0,SUNNY WILLIAMS,,WDE4940,80,0,25,8,,80,A
367359930,2021-02-21T06:28:15,36.82420,-76.28914,0.0,240.7,511.0,SUNNY WILLIAMS,,WDE4940,80,0,25,8,,80,A
477770400,2021-02-21T06:30:39,36.87992,-76.33154,0.0,98.3,96.0,BAO MAY,IMO9410155,VRGV8,70,0,292,45,18.2,70,A
538005622,2021-02-21T06:30:16,36.87956,-76.32625,0.0,214.4,276.0,SASEBO GREEN,IMO9675468,V7FN3,70,5,225,32,14.4,,A
220413000,2021-02-21T06:28:31,37.10965,-76.12402,12.4,330.2,332.0,GUNVOR MAERSK,IMO9302891,OYGC2,70,0,367,42,15.0,,A
477770400,2021-02-21T06:31:40,36.87994,-76.33155,0.0,98.3,96.0,BAO MAY,IMO9410155,VRGV8,70,0,292,45,18.2,70,A
220413000,2021-02-21T06:11:30,37.05989,-76.08798,11.9,322.6,325.0,GUNVOR MAERSK,IMO9302891,OYGC2,70,0,367,42,15.0,,A
367865000,2021-02-21T06:32:18,36.88681,-76.33850,0.0,286.4,11.0,KANAWHA,IMO8704080,NPTD,80,5,206,29,,,A
367865000,2021-02-21T06:29:19,36.88692,-76.33854,0.0,286.4,11.0,KANAWHA,IMO8704080,NPTD,80,5,206,29,,,A
367865000,2021-02-21T06:23:19,36.88689,-76.33857,0.0,286.4,11.0,KANAWHA,IMO8704080,NPTD,80,5,206,29,,,A
356643000,2021-02-21T06:29:05,36.93579,-76.37937,0.1,149.5,341.0,ARKI,IMO9561801,3ENP3,70,1,170,27,9.7,70,A
255806078,2021-02-21T06:29:08,36.90937,-76.32718,0.1,306.9,352.0,NORTHERN MAGNUM,IMO9252541,CQIV4,71,5,300,40,11.3,71,A
368026000,2021-02-21T06:23:44,36.86577,-76.31603,0.0,224.2,511.0,BENAVIDEZ,IMO9218210,NBHG,70,5,289,32,10.9,70,A
367862000,2021-02-21T06:30:44,36.94818,-76.32973,0.0,35.7,280.0,JOSHUA HUMPHREYS,IMO8302428,NNJH,80,5,193,29,,,A
366839000,2021-02-21T06:23:18,36.85353,-76.31087,0.0,0.0,40.0,CAPE RISE,IMO7530808,KAFG,70,5,197,32,10.0,,A
367822000,2021-02-21T06:29:10,36.97310,-76.43387,0.0,0.0,511.0,USNS SHUGHART,IMO7825394,NAOQ,70,5,276,32,13.0,70,A
366841000,2021-02-21T06:30:10,36.85328,-76.31053,0.0,0.0,511.0,CAPE RAY,IMO7530810,KAFI,70,5,197,32,10.0,,A
477770400,2021-02-21T06:32:48,36.87995,-76.33155,0.0,98.3,96.0,BAO MAY,IMO9410155,VRGV8,70,0,292,45,18.2,70,A
368026000,2021-02-21T06:29:43,36.86577,-76.31603,0.1,224.2,511.0,BENAVIDEZ,IMO9218210,NBHG,70,5,289,32,10.9,70,A
220413000,2021-02-21T06:25:10,37.09960,-76.11704,12.2,330.1,331.0,GUNVOR MAERSK,IMO9302891,OYGC2,70,0,367,42,15.0,,A
367821000,2021-02-21T06:31:54,36.97283,-76.43366,0.0,0.0,511.0,YANO,IMO7825409,NAQH,70,5,276,32,13.0,70,A
366839000,2021-02-21T06:32:14,36.85348,-76.31081,0.0,0.0,40.0,CAPE RISE,IMO7530808,KAFG,70,5,197,32,10.0,,A
367359930,2021-02-21T06:32:55,36.82421,-76.28914,0.0,240.0,511.0,SUNNY WILLIAMS,,WDE4940,80,0,25,8,,80,A
636092329,2021-02-21T06:26:04,37.24629,-76.11866,0.1,261.4,1.0,BLUMENAU,IMO9605633,D5AL3,70,1,229,32,14.4,,A
368445000,2021-02-21T06:26:05,36.96309,-76.42013,0.0,55.8,188.0,OVERSEAS NIKISKI,IMO9353577,WDBH,80,5,183,32,12.2,80,A
368445000,2021-02-21T06:32:05,36.96315,-76.42015,0.0,55.8,188.0,OVERSEAS NIKISKI,IMO9353577,WDBH,80,5,183,32,12.2,80,A
367822000,2021-02-21T06:26:09,36.97308,-76.43385,0.0,0.0,511.0,USNS SHUGHART,IMO7825394,NAOQ,70,5,276,32,13.0,70,A
366841000,2021-02-21T06:33:10,36.85328,-76.31053,0.0,0.0,511.0,CAPE RAY,IMO7530810,KAFI,70,5,197,32,10.0,,A
220413000,2021-02-21T06:30:50,37.11676,-76.12888,12.5,329.0,332.0,GUNVOR MAERSK,IMO9302891,OYGC2,70,0,367,42,15.0,,A
367359930,2021-02-21T06:30:35,36.82421,-76.28914,0.0,238.2,511.0,SUNNY WILLIAMS,,WDE4940,80,0,25,8,,80,A
338846000,2021-02-21T06:13:45,36.86556,-76.31577,0.0,0.1,511.0,USNS MENDONCA,IMO9147320,NBMK,70,5,289,32,10.9,,A
356589000,2021-02-21T06:13:13,37.23801,-76.09465,0.0,172.9,352.0,DOUBLE FORTUNE,IMO9574119,3FHZ2,70,1,234,38,14.5,70,A
366842000,2021-02-21T06:33:14,36.85384,-76.31119,0.0,0.0,42.0,CAPE RACE,IMO7616377,KAFJ,70,5,197,32,10.0,,A
477770400,2021-02-21T06:33:49,36.87996,-76.33156,0.0,98.3,96.0,BAO MAY,IMO9410155,VRGV8,70,0,292,45,18.2,70,A
338678000,2021-02-21T06:27:31,36.91625,-76.16851,0.0,239.7,10.0,DOLORES CHOUEST,IMO8225931,WCP8847,70,5,54,12,4.0,35,A
338273000,2021-02-21T06:34:05,36.96274,-76.35716,0.1,69.5,12.0,SLNC YORK,IMO9538907,WNCG,70,1,142,23,5.5,70,A
477770400,2021-02-21T06:37:10,36.87994,-76.33157,0.0,98.3,96.0,BAO MAY,IMO9410155,VRGV8,70,0,292,45,18.2,70,A
367822000,2021-02-21T06:14:10,36.97310,-76.43386,0.0,0.0,511.0,USNS SHUGHART,IMO7825394,NAOQ,70,5,276,32,13.0,70,A
368026000,2021-02-21T06:14:43,36.86576,-76.31604,0.0,224.2,511.0,BENAVIDEZ,IMO9218210,NBHG,70,5,289,32,10.9,70,A
367821000,2021-02-21T06:37:52,36.97283,-76.43366,0.0,0.0,511.0,YANO,IMO7825409,NAQH,70,5,276,32,13.0,70,A
220413000,2021-02-21T06:33:11,37.12384,-76.13379,12.6,330.9,331.0,GUNVOR MAERSK,IMO9302891,OYGC2,70,0,367,42,15.0,,A
428405000,2021-02-21T06:33:35,36.90626,-76.32668,0.0,351.4,351.0,ZIM QINGDAO,IMO9318163,4XFC,71,5,261,32,9.9,71,A
368445000,2021-02-21T06:35:06,36.96307,-76.42015,0.0,55.8,188.0,OVERSEAS NIKISKI,IMO9353577,WDBH,80,5,183,32,12.2,80,A
366839000,2021-02-21T06:35:19,36.85350,-76.31087,0.0,0.0,40.0,CAPE RISE,IMO7530808,KAFG,70,5,197,32,10.0,,A
477770400,2021-02-21T06:16:39,36.87993,-76.33160,0.0,98.3,96.0,BAO MAY,IMO9410155,VRGV8,70,0,292,45,18.2,70,A
220413000,2021-02-21T06:16:01,37.07277,-76.09762,12.1,328.9,331.0,GUNVOR MAERSK,IMO9302891,OYGC2,70,0,367,42,15.0,,A
338273000,2021-02-21T06:28:05,36.96275,-76.35725,0.1,69.5,8.0,SLNC YORK,IMO9538907,WNCG,70,1,142,23,5.5,70,A
538005622,2021-02-21T06:33:16,36.87955,-76.32628,0.1,204.1,276.0,SASEBO GREEN,IMO9675468,V7FN3,70,5,225,32,14.4,,A
366842000,2021-02-21T06:36:11,36.85383,-76.31120,0.0,0.0,42.0,CAPE RACE,IMO7616377,KAFJ,70,5,197,32,10.0,,A
636092329,2021-02-21T06:32:05,37.24627,-76.11869,0.1,261.4,1.0,BLUMENAU,IMO9605633,D5AL3,70,1,229,32,14.4,,A
368026000,2021-02-21T06:32:43,36.86578,-76.31605,0.0,224.2,511.0,BENAVIDEZ,IMO9218210,NBHG,70,5,289,32,10.9,70,A
356589000,2021-02-21T06:37:11,37.23802,-76.09477,0.0,72.1,352.0,DOUBLE FORTUNE,IMO9574119,3FHZ2,70,1,234,38,14.5,70,A
368026000,2021-02-21T06:35:44,36.86574,-76.31605,0.0,224.2,511.0,BENAVIDEZ,IMO9218210,NBHG,70,5,289,32,10.9,70,A
338678000,2021-02-21T06:39:30,36.91627,-76.16846,0.0,245.6,9.0,DOLORES CHOUEST,IMO8225931,WCP8847,70,5,54,12,4.0,35,A
367865000,2021-02-21T06:17:19,36.88690,-76.33858,0.0,286.4,11.0,KANAWHA,IMO8704080,NPTD,80,5,206,29,,,A
367359930,2021-02-21T06:40:04,36.82422,-76.28915,0.0,252.7,511.0,SUNNY WILLIAMS,,WDE4940,80,0,25,8,,80,A
368445000,2021-02-21T06:29:06,36.96308,-76.42014,0.0,55.8,188.0,OVERSEAS NIKISKI,IMO9353577,WDBH,80,5,183,32,12.2,80,A
636092329,2021-02-21T06:35:03,37.24629,-76.11869,0.1,261.4,1.0,BLUMENAU,IMO9605633,D5AL3,70,1,229,32,14.4,,A
367862000,2021-02-21T06:33:45,36.94818,-76.32980,0.0,35.7,280.0,JOSHUA HUMPHREYS,IMO8302428,NNJH,80,5,193,29,,,A
366839000,2021-02-21T06:17:18,36.85350,-76.31082,0.0,0.0,40.0,CAPE RISE,IMO7530808,KAFG,70,5,197,32,10.0,,A
477770400,2021-02-21T06:36:09,36.87993,-76.33156,0.0,98.3,96.0,BAO MAY,IMO9410155,VRGV8,70,0,292,45,18.2,70,A
368026000,2021-02-21T06:17:44,36.86577,-76.31605,0.0,224.2,511.0,BENAVIDEZ,IMO9218210,NBHG,70,5,289,32,10.9,70,A
366842000,2021-02-21T06:39:13,36.85385,-76.31119,0.0,0.0,42.0,CAPE RACE,IMO7616377,KAFJ,70,5,197,32,10.0,,A
338678000,2021-02-21T06:33:31,36.91626,-76.16844,0.0,240.8,10.0,DOLORES CHOUEST,IMO8225931,WCP8847,70,5,54,12,4.0,35,A
338678000,2021-02-21T06:36:31,36.91626,-76.16846,0.0,241.3,10.0,DOLORES CHOUEST,IMO8225931,WCP8847,70,5,54,12,4.0,35,A
636092329,2021-02-21T06:41:03,37.24627,-76.11862,0.1,261.4,357.0,BLUMENAU,IMO9605633,D5AL3,70,1,229,32,14.4,,A
338846000,2021-02-21T06:40:46,36.86559,-76.31584,0.0,0.1,511.0,USNS MENDONCA,IMO9147320,NBMK,70,5,289,32,10.9,,A
366841000,2021-02-21T06:42:11,36.85328,-76.31052,0.0,0.0,511.0,CAPE RAY,IMO7530810,KAFI,70,5,197,32,10.0,,A
428405000,2021-02-21T06:36:33,36.90627,-76.32669,0.0,351.4,351.0,ZIM QINGDAO,IMO9318163,4XFC,71,5,261,32,9.9,71,A
367821000,2021-02-21T06:34:54,36.97283,-76.43366,0.0,0.0,511.0,YANO,IMO7825409,NAQH,70,5,276,32,13.0,70,A
636092329,2021-02-21T06:38:06,37.24627,-76.11864,0.1,261.4,0.0,BLUMENAU,IMO9605633,D5AL3,70,1,229,32,14.4,,A
367359930,2021-02-21T06:17:55,36.82418,-76.28912,0.0,276.0,511.0,SUNNY WILLIAMS,,WDE4940,80,0,25,8,,80,A
220413000,2021-02-21T06:19:31,37.08308,-76.10509,12.2,329.0,332.0,GUNVOR MAERSK,IMO9302891,OYGC2,70,0,367,42,15.0,,A
367353070,2021-02-21T06:30:03,36.94418,-76.32953,0.0,11.0,267.0,EVERGREEN STATE,IMO9408138,WDE4430,80,5,183,32,11.8,89,A
366842000,2021-02-21T06:30:13,36.85383,-76.31118,0.0,0.0,42.0,CAPE RACE,IMO7616377,KAFJ,70,5,197,32,10.0,,A
338273000,2021-02-21T06:31:05,36.96273,-76.35722,0.1,69.5,12.0,SLNC YORK,IMO9538907,WNCG,70,1,142,23,5.5,70,A
338846000,2021-02-21T06:31:47,36.86562,-76.31580,0.0,0.1,511.0,USNS MENDONCA,IMO9147320,NBMK,70,5,289,32,10.9,,A
367359930,2021-02-21T06:31:44,36.82421,-76.28914,0.0,245.1,511.0,SUNNY WILLIAMS,,WDE4940,80,0,25,8,,80,A
220413000,2021-02-21T06:36:41,37.13462,-76.14160,12.7,330.0,331.0,GUNVOR MAERSK,IMO9302891,OYGC2,70,0,367,42,15.0,,A
356589000,2021-02-21T06:31:14,37.23801,-76.09481,0.1,281.1,353.0,DOUBLE FORTUNE,IMO9574119,3FHZ2,70,1,234,38,14.5,70,A
220413000,2021-02-21T06:32:00,37.12031,-76.13129,12.5,329.5,331.0,GUNVOR MAERSK,IMO9302891,OYGC2,70,0,367,42,15.0,,A
368026000,2021-02-21T06:38:43,36.86577,-76.31604,0.0,224.2,511.0,BENAVIDEZ,IMO9218210,NBHG,70,5,289,32,10.9,70,A
338846000,2021-02-21T06:37:45,36.86559,-76.31579,0.0,0.1,511.0,USNS MENDONCA,IMO9147320,NBMK,70,5,289,32,10.9,,A
366839000,2021-02-21T06:20:14,36.85349,-76.31079,0.0,0.0,40.0,CAPE RISE,IMO7530808,KAFG,70,5,197,32,10.0,,A
477770400,2021-02-21T06:38:20,36.87994,-76.33155,0.0,98.3,96.0,BAO MAY,IMO9410155,VRGV8,70,0,292,45,18.2,70,A
367865000,2021-02-21T06:38:19,36.88692,-76.33856,0.0,286.4,11.0,KANAWHA,IMO8704080,NPTD,80,5,206,29,,,A
356589000,2021-02-21T06:43:14,37.23800,-76.09479,0.0,211.1,351.0,DOUBLE FORTUNE,IMO9574119,3FHZ2,70,1,234,38,14.5,70,A
373765000,2021-02-21T06:33:23,37.26329,-76.10621,0.1,251.4,5.0,AM CONTRECOEUR,IMO9583184,3FBX4,70,1,229,32,14.4,,A
428405000,2021-02-21T06:39:34,36.90624,-76.32667,0.0,351.4,351.0,ZIM QINGDAO,IMO9318163,4XFC,71,5,261,32,9.9,71,A
220413000,2021-02-21T06:41:11,37.14914,-76.14921,12.6,349.3,351.0,GUNVOR MAERSK,IMO9302891,OYGC2,70,0,367,42,15.0,,A
367821000,2021-02-21T06:40:52,36.97283,-76.43366,0.0,0.0,511.0,YANO,IMO7825409,NAQH,70,5,276,32,13.0,70,A
636092329,2021-02-21T06:44:06,37.24628,-76.11875,0.2,278.2,359.0,BLUMENAU,IMO9605633,D5AL3,70,1,229,32,14.4,,A
366841000,2021-02-21T06:39:09,36.85326,-76.31055,0.0,0.0,511.0,CAPE RAY,IMO7530810,KAFI,70,5,197,32,10.0,,A
477770400,2021-02-21T06:40:39,36.87995,-76.33155,0.0,98.3,96.0,BAO MAY,IMO9410155,VRGV8,70,0,292,45,18.2,70,A
373765000,2021-02-21T06:39:21,37.26327,-76.10601,0.0,89.1,357.0,AM CONTRECOEUR,IMO9583184,3FBX4,70,1,229,32,14.4,,A
367865000,2021-02-21T06:44:19,36.88692,-76.33852,0.0,286.4,11.0,KANAWHA,IMO8704080,NPTD,80,5,206,29,,,A
220413000,2021-02-21T06:38:54,37.14147,-76.14649,12.7,334.2,339.0,GUNVOR MAERSK,IMO9302891,OYGC2,70,0,367,42,15.0,,A
367359930,2021-02-21T06:34:05,36.82421,-76.28914,0.0,242.1,511.0,SUNNY WILLIAMS,,WDE4940,80,0,25,8,,80,A
366839000,2021-02-21T06:41:18,36.85348,-76.31085,0.0,0.0,40.0,CAPE RISE,IMO7530808,KAFG,70,5,197,32,10.0,,A
367862000,2021-02-21T06:42:45,36.94815,-76.32973,0.0,35.7,280.0,JOSHUA HUMPHREYS,IMO8302428,NNJH,80,5,193,29,,,A
356589000,2021-02-21T06:40:14,37.23801,-76.09478,0.1,203.7,352.0,DOUBLE FORTUNE,IMO9574119,3FHZ2,70,1,234,38,14.5,70,A
220413000,2021-02-21T06:42:20,37.15318,-76.15011,12.6,349.4,351.0,GUNVOR MAERSK,IMO9302891,OYGC2,70,0,367,42,15.0,,A
538005622,2021-02-21T06:42:16,36.87955,-76.32624,0.1,198.8,276.0,SASEBO GREEN,IMO9675468,V7FN3,70,5,225,32,14.4,,A
373765000,2021-02-21T06:42:20,37.26327,-76.10605,0.1,89.1,358.0,AM CONTRECOEUR,IMO9583184,3FBX4,70,1,229,32,14.4,,A
366842000,2021-02-21T06:42:14,36.85384,-76.31115,0.0,0.0,42.0,CAPE RACE,IMO7616377,KAFJ,70,5,197,32,10.0,,A
367359930,2021-02-21T06:41:15,36.82420,-76.28914,0.0,253.6,511.0,SUNNY WILLIAMS,,WDE4940,80,0,25,8,,80,A
367359930,2021-02-21T06:42:24,36.82420,-76.28913,0.0,253.5,511.0,SUNNY WILLIAMS,,WDE4940,80,0,25,8,,80,A
367821000,2021-02-21T06:43:53,36.97283,-76.43366,0.0,0.0,511.0,YANO,IMO7825409,NAQH,70,5,276,32,13.0,70,A
373765000,2021-02-21T06:45:19,37.26328,-76.10612,0.0,89.1,359.0,AM CONTRECOEUR,IMO9583184,3FBX4,70,1,229,32,14.4,,A
356643000,2021-02-21T06:44:08,36.93580,-76.37943,0.1,279.6,341.0,ARKI,IMO9561801,3ENP3,70,1,170,27,9.7,70,A
477770400,2021-02-21T06:35:00,36.87992,-76.33157,0.0,98.3,96.0,BAO MAY,IMO9410155,VRGV8,70,0,292,45,18.2,70,A
477770400,2021-02-21T06:43:00,36.87996,-76.33154,0.0,98.3,96.0,BAO MAY,IMO9410155,VRGV8,70,0,292,45,18.2,70,A
220413000,2021-02-21T06:24:00,37.09611,-76.11450,12.2,329.6,331.0,GUNVOR MAERSK,IMO9302891,OYGC2,70,0,367,42,15.0,,A
220413000,2021-02-21T06:47:01,37.16960,-76.15292,12.8,353.4,354.0,GUNVOR MAERSK,IMO9302891,OYGC2,70,0,367,42,15.0,,A
477770400,2021-02-21T06:46:28,36.87994,-76.33155,0.0,98.3,96.0,BAO MAY,IMO9410155,VRGV8,70,0,292,45,18.2,70,A
367353070,2021-02-21T06:36:02,36.94413,-76.32950,0.0,11.0,267.0,EVERGREEN STATE,IMO9408138,WDE4430,80,5,183,32,11.8,89,A
338273000,2021-02-21T06:25:05,36.96278,-76.35718,0.0,69.5,7.0,SLNC YORK,IMO9538907,WNCG,70,1,142,23,5.5,70,A
338273000,2021-02-21T06:37:05,36.96277,-76.35721,0.0,69.5,9.0,SLNC YORK,IMO9538907,WNCG,70,1,142,23,5.5,70,A
373765000,2021-02-21T06:36:19,37.26329,-76.10604,0.1,89.1,0.0,AM CONTRECOEUR,IMO9583184,3FBX4,70,1,229,32,14.4,,A
367359930,2021-02-21T06:36:25,36.82422,-76.28915,0.0,245.7,511.0,SUNNY WILLIAMS,,WDE4940,80,0,25,8,,80,A
477770400,2021-02-21T06:45:19,36.87994,-76.33156,0.0,98.3,96.0,BAO MAY,IMO9410155,VRGV8,70,0,292,45,18.2,70,A
477770400,2021-02-21T06:44:08,36.87995,-76.33155,0.0,98.3,96.0,BAO MAY,IMO9410155,VRGV8,70,0,292,45,18.2,70,A
428405000,2021-02-21T06:45:34,36.90626,-76.32668,0.0,351.5,352.0,ZIM QINGDAO,IMO9318163,4XFC,71,5,261,32,9.9,71,A
367862000,2021-02-21T06:36:44,36.94818,-76.32984,0.0,35.7,280.0,JOSHUA HUMPHREYS,IMO8302428,NNJH,80,5,193,29,,,A
338846000,2021-02-21T06:43:46,36.86561,-76.31583,0.0,0.1,511.0,USNS MENDONCA,IMO9147320,NBMK,70,5,289,32,10.9,,A
368445000,2021-02-21T06:44:05,36.96307,-76.42012,0.0,55.8,188.0,OVERSEAS NIKISKI,IMO9353577,WDBH,80,5,183,32,12.2,80,A
366842000,2021-02-21T06:45:11,36.85384,-76.31119,0.0,0.0,42.0,CAPE RACE,IMO7616377,KAFJ,70,5,197,32,10.0,,A
255806078,2021-02-21T06:44:16,36.90935,-76.32720,0.1,306.9,352.0,NORTHERN MAGNUM,IMO9252541,CQIV4,71,5,300,40,11.3,71,A
356643000,2021-02-21T06:38:06,36.93581,-76.37938,0.0,121.4,341.0,ARKI,IMO9561801,3ENP3,70,1,170,27,9.7,70,A
366839000,2021-02-21T06:44:17,36.85349,-76.31081,0.0,0.0,40.0,CAPE RISE,IMO7530808,KAFG,70,5,197,32,10.0,,A
366842000,2021-02-21T06:48:14,36.85380,-76.31115,0.0,0.0,42.0,CAPE RACE,IMO7616377,KAFJ,70,5,197,32,10.0,,A
367359930,2021-02-21T06:38:56,36.82422,-76.28915,0.0,246.7,511.0,SUNNY WILLIAMS,,WDE4940,80,0,25,8,,80,A
338678000,2021-02-21T06:45:31,36.91625,-76.16849,0.0,266.8,10.0,DOLORES CHOUEST,IMO8225931,WCP8847,70,5,54,12,4.0,35,A
220413000,2021-02-21T06:45:51,37.16543,-76.15232,12.7,352.7,354.0,GUNVOR MAERSK,IMO9302891,OYGC2,70,0,367,42,15.0,,A
367862000,2021-02-21T06:45:44,36.94810,-76.32974,0.0,35.7,280.0,JOSHUA HUMPHREYS,IMO8302428,NNJH,80,5,193,29,,,A
368026000,2021-02-21T06:44:44,36.86579,-76.31605,0.1,224.2,511.0,BENAVIDEZ,IMO9218210,NBHG,70,5,289,32,10.9,70,A
356643000,2021-02-21T06:26:06,36.93580,-76.37935,0.1,193.0,339.0,ARKI,IMO9561801,3ENP3,70,1,170,27,9.7,70,A
367353070,2021-02-21T06:45:01,36.94415,-76.32948,0.0,11.0,267.0,EVERGREEN STATE,IMO9408138,WDE4430,80,5,183,32,11.8,89,A
477770400,2021-02-21T06:39:30,36.87994,-76.33156,0.0,98.3,96.0,BAO MAY,IMO9410155,VRGV8,70,0,292,45,18.2,70,A
367359930,2021-02-21T06:45:54,36.82419,-76.28914,0.0,261.7,511.0,SUNNY WILLIAMS,,WDE4940,80,0,25,8,,80,A
255806078,2021-02-21T06:50:20,36.90937,-76.32710,0.1,306.9,352.0,NORTHERN MAGNUM,IMO9252541,CQIV4,71,5,300,40,11.3,71,A
220413000,2021-02-21T06:40:01,37.14518,-76.14813,12.7,344.7,347.0,GUNVOR MAERSK,IMO9302891,OYGC2,70,0,367,42,15.0,,A
356589000,2021-02-21T06:46:14,37.23799,-76.09486,0.1,225.6,353.0,DOUBLE FORTUNE,IMO9574119,3FHZ2,70,1,234,38,14.5,70,A
338273000,2021-02-21T06:49:06,36.96273,-76.35721,0.0,69.5,15.0,SLNC YORK,IMO9538907,WNCG,70,1,142,23,5.5,70,A
367862000,2021-02-21T06:39:45,36.94818,-76.32975,0.0,35.7,280.0,JOSHUA HUMPHREYS,IMO8302428,NNJH,80,5,193,29,,,A
477770400,2021-02-21T06:49:59,36.87993,-76.33155,0.0,98.3,96.0,BAO MAY,IMO9410155,VRGV8,70,0,292,45,18.2,70,A
367359930,2021-02-21T06:50:35,36.82416,-76.28913,0.0,259.5,511.0,SUNNY WILLIAMS,,WDE4940,80,0,25,8,,80,A
255806078,2021-02-21T06:41:12,36.90942,-76.32718,0.1,306.9,352.0,NORTHERN MAGNUM,IMO9252541,CQIV4,71,5,300,40,11.3,71,A
356643000,2021-02-21T06:41:06,36.93581,-76.37941,0.0,193.0,342.0,ARKI,IMO9561801,3ENP3,70,1,170,27,9.7,70,A
338273000,2021-02-21T06:40:05,36.96274,-76.35727,0.0,69.5,10.0,SLNC YORK,IMO9538907,WNCG,70,1,142,23,5.5,70,A
338273000,2021-02-21T06:46:05,36.96271,-76.35722,0.0,69.5,16.0,SLNC YORK,IMO9538907,WNCG,70,1,142,23,5.5,70,A
338846000,2021-02-21T06:46:45,36.86559,-76.31581,0.0,0.1,511.0,USNS MENDONCA,IMO9147320,NBMK,70,5,289,32,10.9,,A
367822000,2021-02-21T06:47:10,36.97311,-76.43386,0.0,0.0,511.0,USNS SHUGHART,IMO7825394,NAOQ,70,5,276,32,13.0,70,A
538005622,2021-02-21T06:27:16,36.87954,-76.32625,0.0,214.4,276.0,SASEBO GREEN,IMO9675468,V7FN3,70,5,225,32,14.4,,A
636092329,2021-02-21T06:47:04,37.24630,-76.11888,0.1,279.8,4.0,BLUMENAU,IMO9605633,D5AL3,70,1,229,32,14.4,,A
477770400,2021-02-21T06:51:09,36.87995,-76.33155,0.0,98.3,96.0,BAO MAY,IMO9410155,VRGV8,70,0,292,45,18.2,70,A
220413000,2021-02-21T06:49:20,37.17770,-76.15413,12.6,354.0,354.0,GUNVOR MAERSK,IMO9302891,OYGC2,70,0,367,42,15.0,,A
356589000,2021-02-21T06:49:14,37.23800,-76.09488,0.0,229.3,356.0,DOUBLE FORTUNE,IMO9574119,3FHZ2,70,1,234,38,14.5,70,A
368026000,2021-02-21T06:41:44,36.86577,-76.31603,0.0,224.2,511.0,BENAVIDEZ,IMO9218210,NBHG,70,5,289,32,10.9,70,A
366839000,2021-02-21T06:47:18,36.85351,-76.31082,0.0,0.0,40.0,CAPE RISE,IMO7530808,KAFG,70,5,197,32,10.0,,A
368445000,2021-02-21T06:47:06,36.96306,-76.42015,0.0,55.8,188.0,OVERSEAS NIKISKI,IMO9353577,WDBH,80,5,183,32,12.2,80,A
255806078,2021-02-21T06:47:17,36.90940,-76.32718,0.1,306.9,352.0,NORTHERN MAGNUM,IMO9252541,CQIV4,71,5,300,40,11.3,71,A
338273000,2021-02-21T06:52:05,36.96276,-76.35721,0.0,69.5,14.0,SLNC YORK,IMO9538907,WNCG,70,1,142,23,5.5,70,A
477770400,2021-02-21T06:41:49,36.87993,-76.33156,0.0,98.3,96.0,BAO MAY,IMO9410155,VRGV8,70,0,292,45,18.2,70,A
367359930,2021-02-21T06:47:04,36.82417,-76.28912,0.0,260.5,511.0,SUNNY WILLIAMS,,WDE4940,80,0,25,8,,80,A
367865000,2021-02-21T06:47:19,36.88696,-76.33852,0.0,286.4,11.0,KANAWHA,IMO8704080,NPTD,80,5,206,29,,,A
220413000,2021-02-21T06:48:11,37.17370,-76.15355,12.6,353.6,354.0,GUNVOR MAERSK,IMO9302891,OYGC2,70,0,367,42,15.0,,A
428405000,2021-02-21T06:48:34,36.90625,-76.32669,0.0,351.5,352.0,ZIM QINGDAO,IMO9318163,4XFC,71,5,261,32,9.9,71,A
367359930,2021-02-21T06:48:15,36.82416,-76.28912,0.0,258.2,511.0,SUNNY WILLIAMS,,WDE4940,80,0,25,8,,80,A
477770400,2021-02-21T06:52:19,36.87995,-76.33157,0.0,98.3,96.0,BAO MAY,IMO9410155,VRGV8,70,0,292,45,18.2,70,A
338678000,2021-02-21T06:51:30,36.91626,-76.16844,0.0,274.9,9.0,DOLORES CHOUEST,IMO8225931,WCP8847,70,5,54,12,4.0,35,A
636092329,2021-02-21T06:29:05,37.24628,-76.11866,0.1,261.4,1.0,BLUMENAU,IMO9605633,D5AL3,70,1,229,32,14.4,,A
538005622,2021-02-21T06:48:16,36.87958,-76.32623,0.1,198.8,276.0,SASEBO GREEN,IMO9675468,V7FN3,70,5,225,32,14.4,,A
477770400,2021-02-21T06:29:28,36.87994,-76.33154,0.0,98.3,96.0,BAO MAY,IMO9410155,VRGV8,70,0,292,45,18.2,70,A
367359930,2021-02-21T06:43:35,36.82420,-76.28914,0.0,257.6,511.0,SUNNY WILLIAMS,,WDE4940,80,0,25,8,,80,A
428405000,2021-02-21T06:30:33,36.90626,-76.32668,0.0,351.4,351.0,ZIM QINGDAO,IMO9318163,4XFC,71,5,261,32,9.9,71,A
367862000,2021-02-21T06:51:45,36.94800,-76.32980,0.0,35.7,280.0,JOSHUA HUMPHREYS,IMO8302428,NNJH,80,5,193,29,,,A
636092329,2021-02-21T06:50:07,37.24631,-76.11883,0.1,279.8,5.0,BLUMENAU,IMO9605633,D5AL3,70,1,229,32,14.4,,A
356643000,2021-02-21T06:50:07,36.93576,-76.37955,0.1,227.9,344.0,ARKI,IMO9561801,3ENP3,70,1,170,27,9.7,70,A
366839000,2021-02-21T06:50:19,36.85346,-76.31082,0.0,0.0,40.0,CAPE RISE,IMO7530808,KAFG,70,5,197,32,10.0,,A
367353070,2021-02-21T06:54:01,36.94418,-76.32948,0.0,140.0,267.0,EVERGREEN STATE,IMO9408138,WDE4430,80,5,183,32,11.8,89,A
220413000,2021-02-21T06:44:41,37.16140,-76.15171,12.6,352.5,354.0,GUNVOR MAERSK,IMO9302891,OYGC2,70,0,367,42,15.0,,A
220413000,2021-02-21T06:50:24,37.18145,-76.15470,12.6,354.0,359.0,GUNVOR MAERSK,IMO9302891,OYGC2,70,0,367,42,15.0,,A
538005622,2021-02-21T06:51:16,36.87956,-76.32624,0.1,198.0,276.0,SASEBO GREEN,IMO9675468,V7FN3,70,5,225,32,14.4,,A
538005622,2021-02-21T06:45:16,36.87958,-76.32626,0.1,199.2,276.0,SASEBO GREEN,IMO9675468,V7FN3,70,5,225,32,14.4,,A
356643000,2021-02-21T06:53:07,36.93573,-76.37962,0.1,232.4,349.0,ARKI,IMO9561801,3ENP3,70,1,170,27,9.7,70,A
366839000,2021-02-21T06:53:16,36.85350,-76.31085,0.0,0.0,40.0,CAPE RISE,IMO7530808,KAFG,70,5,197,32,10.0,,A
367865000,2021-02-21T06:56:18,36.88700,-76.33847,0.0,286.4,11.0,KANAWHA,IMO8704080,NPTD,80,5,206,29,,,A
373765000,2021-02-21T06:51:19,37.26329,-76.10596,0.1,89.1,0.0,AM CONTRECOEUR,IMO9583184,3FBX4,70,1,229,32,14.4,,A
636092329,2021-02-21T06:53:06,37.24628,-76.11869,0.1,279.8,1.0,BLUMENAU,IMO9605633,D5AL3,70,1,229,32,14.4,,A
366842000,2021-02-21T06:54:11,36.85381,-76.31119,0.0,0.0,42.0,CAPE RACE,IMO7616377,KAFJ,70,5,197,32,10.0,,A
356589000,2021-02-21T06:52:12,37.23803,-76.09484,0.1,153.3,356.0,DOUBLE FORTUNE,IMO9574119,3FHZ2,70,1,234,38,14.5,70,A
255806078,2021-02-21T06:53:18,36.90930,-76.32718,0.1,306.9,352.0,NORTHERN MAGNUM,IMO9252541,CQIV4,71,5,300,40,11.3,71,A
367359930,2021-02-21T06:55:16,36.82420,-76.28913,0.0,268.0,511.0,SUNNY WILLIAMS,,WDE4940,80,0,25,8,,80,A
338678000,2021-02-21T06:54:30,36.91633,-76.16848,0.0,280.7,9.0,DOLORES CHOUEST,IMO8225931,WCP8847,70,5,54,12,4.0,35,A
338273000,2021-02-21T06:55:05,36.96275,-76.35729,0.1,69.5,10.0,SLNC YORK,IMO9538907,WNCG,70,1,142,23,5.5,70,A
368445000,2021-02-21T06:53:05,36.96312,-76.42015,0.0,55.8,188.0,OVERSEAS NIKISKI,IMO9353577,WDBH,80,5,183,32,12.2,80,A
428405000,2021-02-21T06:54:34,36.90622,-76.32666,0.0,351.5,352.0,ZIM QINGDAO,IMO9318163,4XFC,71,5,261,32,9.9,71,A
367821000,2021-02-21T06:52:54,36.97284,-76.43364,0.0,0.0,511.0,YANO,IMO7825409,NAQH,70,5,276,32,13.0,70,A
220413000,2021-02-21T06:54:47,37.19628,-76.15115,12.3,16.6,17.0,GUNVOR MAERSK,IMO9302891,OYGC2,70,0,367,42,15.0,,A
220413000,2021-02-21T06:35:30,37.13099,-76.13898,12.7,330.4,331.0,GUNVOR MAERSK,IMO9302891,OYGC2,70,0,367,42,15.0,,A
367822000,2021-02-21T06:35:10,36.97310,-76.43386,0.0,0.0,511.0,USNS SHUGHART,IMO7825394,NAOQ,70,5,276,32,13.0,70,A
366841000,2021-02-21T06:48:09,36.85326,-76.31055,0.0,0.0,511.0,CAPE RAY,IMO7530810,KAFI,70,5,197,32,10.0,,A
338846000,2021-02-21T06:34:46,36.86560,-76.31580,0.0,0.1,511.0,USNS MENDONCA,IMO9147320,NBMK,70,5,289,32,10.9,,A
367865000,2021-02-21T06:35:19,36.88693,-76.33854,0.0,286.4,11.0,KANAWHA,IMO8704080,NPTD,80,5,206,29,,,A
366841000,2021-02-21T06:36:11,36.85329,-76.31056,0.0,0.0,511.0,CAPE RAY,IMO7530810,KAFI,70,5,197,32,10.0,,A
367359930,2021-02-21T06:57:26,36.82419,-76.28912,0.0,268.5,511.0,SUNNY WILLIAMS,,WDE4940,80,0,25,8,,80,A
538005622,2021-02-21T06:36:16,36.87955,-76.32625,0.1,203.0,276.0,SASEBO GREEN,IMO9675468,V7FN3,70,5,225,32,14.4,,A
368026000,2021-02-21T00:02:43,36.86577,-76.31605,0.0,224.2,511.0,BENAVIDEZ,IMO9218210,NBHG,70,5,289,32,10.9,70,A
428405000,2021-02-21T06:57:35,36.90623,-76.32667,0.0,351.5,352.0,ZIM QINGDAO,IMO9318163,4XFC,71,5,261,32,9.9,71,A
368445000,2021-02-21T06:56:05,36.96309,-76.42011,0.0,55.8,188.0,OVERSEAS NIKISKI,IMO9353577,WDBH,80,5,183,32,12.2,80,A
538005622,2021-02-21T06:54:16,36.87956,-76.32625,0.0,183.3,276.0,SASEBO GREEN,IMO9675468,V7FN3,70,5,225,32,14.4,,A
477770400,2021-02-21T06:54:29,36.87998,-76.33156,0.0,98.3,96.0,BAO MAY,IMO9410155,VRGV8,70,0,292,45,18.2,70,A
367862000,2021-02-21T06:54:44,36.94811,-76.32989,0.0,35.7,280.0,JOSHUA HUMPHREYS,IMO8302428,NNJH,80,5,193,29,,,A
255806078,2021-02-21T06:56:19,36.90933,-76.32718,0.1,306.9,352.0,NORTHERN MAGNUM,IMO9252541,CQIV4,71,5,300,40,11.3,71,A
356589000,2021-02-21T06:55:11,37.23802,-76.09479,0.1,123.3,354.0,DOUBLE FORTUNE,IMO9574119,3FHZ2,70,1,234,38,14.5,70,A
477770400,2021-02-21T06:58:09,36.87995,-76.33155,0.0,98.3,96.0,BAO MAY,IMO9410155,VRGV8,70,0,292,45,18.2,70,A
367822000,2021-02-21T06:56:09,36.97312,-76.43387,0.0,0.0,511.0,USNS SHUGHART,IMO7825394,NAOQ,70,5,276,32,13.0,70,A
373765000,2021-02-21T06:54:19,37.26329,-76.10589,0.1,89.1,358.0,AM CONTRECOEUR,IMO9583184,3FBX4,70,1,229,32,14.4,,A
367822000,2021-02-21T06:38:08,36.97310,-76.43386,0.0,0.0,511.0,USNS SHUGHART,IMO7825394,NAOQ,70,5,276,32,13.0,70,A
338273000,2021-02-21T06:58:05,36.96276,-76.35740,0.0,69.5,10.0,SLNC YORK,IMO9538907,WNCG,70,1,142,23,5.5,70,A
367359930,2021-02-21T06:58:34,36.82418,-76.28913,0.0,269.6,511.0,SUNNY WILLIAMS,,WDE4940,80,0,25,8,,80,A
220413000,2021-02-21T06:37:51,37.13816,-76.14414,12.8,329.4,331.0,GUNVOR MAERSK,IMO9302891,OYGC2,70,0,367,42,15.0,,A
367821000,2021-02-21T06:49:53,36.97282,-76.43363,0.0,0.0,511.0,YANO,IMO7825409,NAQH,70,5,276,32,13.0,70,A
367353070,2021-02-21T06:39:01,36.94412,-76.32952,0.0,11.0,267.0,EVERGREEN STATE,IMO9408138,WDE4430,80,5,183,32,11.8,89,A
220413000,2021-02-21T06:59:07,37.21031,-76.14575,12.1,16.3,17.0,GUNVOR MAERSK,IMO9302891,OYGC2,70,0,367,42,15.0,,A
538005622,2021-02-21T06:57:16,36.87955,-76.32621,0.1,192.1,276.0,SASEBO GREEN,IMO9675468,V7FN3,70,5,225,32,14.4,,A
477770400,2021-02-21T06:55:49,36.87997,-76.33156,0.0,98.3,96.0,BAO MAY,IMO9410155,VRGV8,70,0,292,45,18.2,70,A
366841000,2021-02-21T06:51:09,36.85330,-76.31055,0.0,0.0,511.0,CAPE RAY,IMO7530810,KAFI,70,5,197,32,10.0,,A
366839000,2021-02-21T06:59:14,36.85349,-76.31082,0.0,0.0,40.0,CAPE RISE,IMO7530808,KAFG,70,5,197,32,10.0,,A
366842000,2021-02-21T06:51:13,36.85382,-76.31117,0.0,0.0,42.0,CAPE RACE,IMO7616377,KAFJ,70,5,197,32,10.0,,A
220413000,2021-02-21T07:00:00,37.21314,-76.14465,12.0,16.8,17.0,GUNVOR MAERSK,IMO9302891,OYGC2,70,0,367,42,15.0,,A
220413000,2021-02-21T06:57:00,37.20348,-76.14838,12.1,17.0,17.0,GUNVOR MAERSK,IMO9302891,OYGC2,70,0,367,42,15.0,,A
373765000,2021-02-21T06:57:21,37.26332,-76.10581,0.0,89.1,353.0,AM CONTRECOEUR,IMO9583184,3FBX4,70,1,229,32,14.4,,A
368026000,2021-02-21T06:56:44,36.86574,-76.31604,0.0,224.2,511.0,BENAVIDEZ,IMO9218210,NBHG,70,5,289,32,10.9,70,A
220413000,2021-02-21T06:51:31,37.18534,-76.15458,12.6,6.5,9.0,GUNVOR MAERSK,IMO9302891,OYGC2,70,0,367,42,15.0,,A
368026000,2021-02-21T06:59:44,36.86578,-76.31602,0.0,224.2,511.0,BENAVIDEZ,IMO9218210,NBHG,70,5,289,32,10.9,70,A
367359930,2021-02-21T06:51:54,36.82415,-76.28912,0.0,260.3,511.0,SUNNY WILLIAMS,,WDE4940,80,0,25,8,,80,A
367359930,2021-02-21T06:52:55,36.82418,-76.28912,0.0,265.1,511.0,SUNNY WILLIAMS,,WDE4940,80,0,25,8,,80,A
367862000,2021-02-21T06:57:44,36.94819,-76.32972,0.0,35.7,280.0,JOSHUA HUMPHREYS,IMO8302428,NNJH,80,5,193,29,,,A
368445000,2021-02-21T06:41:05,36.96309,-76.42011,0.0,55.8,188.0,OVERSEAS NIKISKI,IMO9353577,WDBH,80,5,183,32,12.2,80,A
366841000,2021-02-21T07:00:06,36.85329,-76.31053,0.0,0.0,511.0,CAPE RAY,IMO7530810,KAFI,70,5,197,32,10.0,,A
367353070,2021-02-21T06:57:02,36.94417,-76.32948,0.0,140.0,267.0,EVERGREEN STATE,IMO9408138,WDE4430,80,5,183,32,11.8,89,A
366842000,2021-02-21T06:57:13,36.85381,-76.31117,0.0,0.0,42.0,CAPE RACE,IMO7616377,KAFJ,70,5,197,32,10.0,,A
366842000,2021-02-21T07:00:15,36.85382,-76.31116,0.0,0.0,42.0,CAPE RACE,IMO7616377,KAFJ,70,5,197,32,10.0,,A
367359930,2021-02-21T07:01:16,36.82421,-76.28914,0.0,267.8,511.0,SUNNY WILLIAMS,,WDE4940,80,0,25,8,,80,A
428405000,2021-02-21T07:00:34,36.90620,-76.32666,0.0,351.5,352.0,ZIM QINGDAO,IMO9318163,4XFC,71,5,261,32,9.9,71,A
367865000,2021-02-21T06:41:19,36.88692,-76.33856,0.0,286.4,11.0,KANAWHA,IMO8704080,NPTD,80,5,206,29,,,A
373765000,2021-02-21T07:00:18,37.26327,-76.10585,0.2,253.9,352.0,AM CONTRECOEUR,IMO9583184,3FBX4,70,1,229,32,14.4,,A
367865000,2021-02-21T06:53:19,36.88695,-76.33853,0.0,286.4,11.0,KANAWHA,IMO8704080,NPTD,80,5,206,29,,,A
368026000,2021-02-21T06:53:43,36.86578,-76.31604,0.1,224.2,511.0,BENAVIDEZ,IMO9218210,NBHG,70,5,289,32,10.9,70,A
367359930,2021-02-21T06:54:06,36.82419,-76.28913,0.0,266.8,511.0,SUNNY WILLIAMS,,WDE4940,80,0,25,8,,80,A
367865000,2021-02-21T06:59:18,36.88695,-76.33853,0.0,286.4,11.0,KANAWHA,IMO8704080,NPTD,80,5,206,29,,,A
367822000,2021-02-21T06:59:10,36.97313,-76.43388,0.0,0.0,511.0,USNS SHUGHART,IMO7825394,NAOQ,70,5,276,32,13.0,70,A
636092329,2021-02-21T07:02:07,37.24629,-76.11888,0.1,299.5,2.0,BLUMENAU,IMO9605633,D5AL3,70,1,229,32,14.4,,A
636092329,2021-02-21T06:59:06,37.24625,-76.11875,0.2,264.8,359.0,BLUMENAU,IMO9605633,D5AL3,70,1,229,32,14.4,,A
356589000,2021-02-21T07:01:13,37.23797,-76.09470,0.1,301.2,351.0,DOUBLE FORTUNE,IMO9574119,3FHZ2,70,1,234,38,14.5,70,A
338678000,2021-02-21T06:42:30,36.91623,-76.16849,0.0,254.4,10.0,DOLORES CHOUEST,IMO8225931,WCP8847,70,5,54,12,4.0,35,A
428405000,2021-02-21T07:03:35,36.90620,-76.32666,0.0,351.5,352.0,ZIM QINGDAO,IMO9318163,4XFC,71,5,261,32,9.9,71,A
367822000,2021-02-21T07:02:09,36.97312,-76.43387,0.0,0.0,511.0,USNS SHUGHART,IMO7825394,NAOQ,70,5,276,32,13.0,70,A
367862000,2021-02-21T07:03:45,36.94816,-76.32975,0.0,35.7,280.0,JOSHUA HUMPHREYS,IMO8302428,NNJH,80,5,193,29,,,A
477770400,2021-02-21T07:01:19,36.87993,-76.33156,0.0,98.3,96.0,BAO MAY,IMO9410155,VRGV8,70,0,292,45,18.2,70,A
356643000,2021-02-21T06:56:07,36.93573,-76.37967,0.1,201.5,352.0,ARKI,IMO9561801,3ENP3,70,1,170,27,9.7,70,A
338846000,2021-02-21T06:55:47,36.86558,-76.31582,0.0,0.1,511.0,USNS MENDONCA,IMO9147320,NBMK,70,5,289,32,10.9,,A
477770400,2021-02-21T07:03:39,36.87991,-76.33156,0.0,98.3,96.0,BAO MAY,IMO9410155,VRGV8,70,0,292,45,18.2,70,A
338678000,2021-02-21T06:57:30,36.91629,-76.16845,0.0,283.8,10.0,DOLORES CHOUEST,IMO8225931,WCP8847,70,5,54,12,4.0,35,A
356643000,2021-02-21T07:05:04,36.93573,-76.37970,0.0,13.5,355.0,ARKI,IMO9561801,3ENP3,70,1,170,27,9.7,70,A
367822000,2021-02-21T06:44:09,36.97311,-76.43386,0.0,0.0,511.0,USNS SHUGHART,IMO7825394,NAOQ,70,5,276,32,13.0,70,A
477770400,2021-02-21T06:56:59,36.87996,-76.33155,0.0,98.3,96.0,BAO MAY,IMO9410155,VRGV8,70,0,292,45,18.2,70,A
367821000,2021-02-21T07:01:53,36.97284,-76.43365,0.0,0.0,511.0,YANO,IMO7825409,NAQH,70,5,276,32,13.0,70,A
366841000,2021-02-21T06:57:11,36.85331,-76.31053,0.0,0.0,511.0,CAPE RAY,IMO7530810,KAFI,70,5,197,32,10.0,,A
338846000,2021-02-21T07:01:46,36.86561,-76.31579,0.0,0.1,511.0,USNS MENDONCA,IMO9147320,NBMK,70,5,289,32,10.9,,A
367359930,2021-02-21T06:44:45,36.82420,-76.28915,0.0,257.6,511.0,SUNNY WILLIAMS,,WDE4940,80,0,25,8,,80,A
367359930,2021-02-21T07:02:24,36.82420,-76.28914,0.0,254.4,511.0,SUNNY WILLIAMS,,WDE4940,80,0,25,8,,80,A
356589000,2021-02-21T06:58:12,37.23801,-76.09476,0.1,181.7,352.0,DOUBLE FORTUNE,IMO9574119,3FHZ2,70,1,234,38,14.5,70,A
366839000,2021-02-21T07:02:17,36.85350,-76.31082,0.0,0.0,40.0,CAPE RISE,IMO7530808,KAFG,70,5,197,32,10.0,,A
366841000,2021-02-21T06:45:10,36.85331,-76.31059,0.0,0.0,511.0,CAPE RAY,IMO7530810,KAFI,70,5,197,32,10.0,,A
368445000,2021-02-21T07:02:05,36.96309,-76.42018,0.0,55.8,188.0,OVERSEAS NIKISKI,IMO9353577,WDBH,80,5,183,32,12.2,80,A
477770400,2021-02-21T07:02:30,36.87996,-76.33158,0.0,98.3,96.0,BAO MAY,IMO9410155,VRGV8,70,0,292,45,18.2,70,A
367353070,2021-02-21T07:03:01,36.94415,-76.32950,0.0,140.0,267.0,EVERGREEN STATE,IMO9408138,WDE4430,80,5,183,32,11.8,89,A
366842000,2021-02-21T07:03:14,36.85386,-76.31118,0.0,0.0,42.0,CAPE RACE,IMO7616377,KAFJ,70,5,197,32,10.0,,A
367359930,2021-02-21T07:04:46,36.82420,-76.28914,0.0,251.8,511.0,SUNNY WILLIAMS,,WDE4940,80,0,25,8,,80,A
220413000,2021-02-21T07:03:30,37.22426,-76.14038,12.0,16.9,17.0,GUNVOR MAERSK,IMO9302891,OYGC2,70,0,367,42,15.0,,A
368026000,2021-02-21T07:02:43,36.86576,-76.31603,0.1,224.2,511.0,BENAVIDEZ,IMO9218210,NBHG,70,5,289,32,10.9,70,A
366841000,2021-02-21T07:03:10,36.85328,-76.31055,0.0,0.0,511.0,CAPE RAY,IMO7530810,KAFI,70,5,197,32,10.0,,A
338678000,2021-02-21T07:03:31,36.91633,-76.16848,0.0,252.9,10.0,DOLORES CHOUEST,IMO8225931,WCP8847,70,5,54,12,4.0,35,A
367865000,2021-02-21T07:02:18,36.88695,-76.33854,0.0,286.4,11.0,KANAWHA,IMO8704080,NPTD,80,5,206,29,,,A
373765000,2021-02-21T07:03:21,37.26330,-76.10608,0.2,260.1,357.0,AM CONTRECOEUR,IMO9583184,3FBX4,70,1,229,32,14.4,,A
255806078,2021-02-21T07:05:24,36.90935,-76.32720,0.1,306.9,352.0,NORTHERN MAGNUM,IMO9252541,CQIV4,71,5,300,40,11.3,71,A
367359930,2021-02-21T07:03:35,36.82419,-76.28914,0.0,249.6,511.0,SUNNY WILLIAMS,,WDE4940,80,0,25,8,,80,A
367353070,2021-02-21T07:06:02,36.94418,-76.32948,0.0,140.0,267.0,EVERGREEN STATE,IMO9408138,WDE4430,80,5,183,32,11.8,89,A
366841000,2021-02-21T07:06:07,36.85330,-76.31054,0.0,0.0,511.0,CAPE RAY,IMO7530810,KAFI,70,5,197,32,10.0,,A
368445000,2021-02-21T06:59:05,36.96314,-76.42016,0.0,55.8,188.0,OVERSEAS NIKISKI,IMO9353577,WDBH,80,5,183,32,12.2,80,A
373765000,2021-02-21T06:48:20,37.26327,-76.10609,0.1,89.1,2.0,AM CONTRECOEUR,IMO9583184,3FBX4,70,1,229,32,14.4,,A
368026000,2021-02-21T06:47:44,36.86576,-76.31605,0.0,224.2,511.0,BENAVIDEZ,IMO9218210,NBHG,70,5,289,32,10.9,70,A
356643000,2021-02-21T06:47:06,36.93578,-76.37947,0.1,301.1,342.0,ARKI,IMO9561801,3ENP3,70,1,170,27,9.7,70,A
477770400,2021-02-21T06:47:39,36.87993,-76.33155,0.0,98.3,96.0,BAO MAY,IMO9410155,VRGV8,70,0,292,45,18.2,70,A
338846000,2021-02-21T07:04:46,36.86559,-76.31579,0.0,0.1,511.0,USNS MENDONCA,IMO9147320,NBMK,70,5,289,32,10.9,,A
338678000,2021-02-21T06:48:31,36.91629,-76.16850,0.0,272.9,9.0,DOLORES CHOUEST,IMO8225931,WCP8847,70,5,54,12,4.0,35,A
367353070,2021-02-21T06:48:02,36.94415,-76.32948,0.0,140.0,267.0,EVERGREEN STATE,IMO9408138,WDE4430,80,5,183,32,11.8,89,A
356589000,2021-02-21T07:07:13,37.23802,-76.09474,0.0,188.1,353.0,DOUBLE FORTUNE,IMO9574119,3FHZ2,70,1,234,38,14.5,70,A
338273000,2021-02-21T07:07:05,36.96272,-76.35739,0.0,69.5,25.0,SLNC YORK,IMO9538907,WNCG,70,1,142,23,5.5,70,A
477770400,2021-02-21T07:04:50,36.87998,-76.33157,0.0,98.3,96.0,BAO MAY,IMO9410155,VRGV8,70,0,292,45,18.2,70,A
367821000,2021-02-21T07:04:54,36.97284,-76.43365,0.0,0.0,511.0,YANO,IMO7825409,NAQH,70,5,276,32,13.0,70,A
367822000,2021-02-21T07:05:09,36.97312,-76.43387,0.0,0.0,511.0,USNS SHUGHART,IMO7825394,NAOQ,70,5,276,32,13.0,70,A
477770400,2021-02-21T07:05:59,36.87995,-76.33155,0.0,98.3,96.0,BAO MAY,IMO9410155,VRGV8,70,0,292,45,18.2,70,A
367359930,2021-02-21T07:05:55,36.82419,-76.28914,0.0,248.0,511.0,SUNNY WILLIAMS,,WDE4940,80,0,25,8,,80,A
338846000,2021-02-21T06:49:46,36.86560,-76.31582,0.0,0.1,511.0,USNS MENDONCA,IMO9147320,NBMK,70,5,289,32,10.9,,A
367862000,2021-02-21T07:06:45,36.94814,-76.32980,0.0,35.7,280.0,JOSHUA HUMPHREYS,IMO8302428,NNJH,80,5,193,29,,,A
255806078,2021-02-21T07:08:25,36.90937,-76.32720,0.1,306.9,352.0,NORTHERN MAGNUM,IMO9252541,CQIV4,71,5,300,40,11.3,71,A
367359930,2021-02-21T07:07:06,36.82420,-76.28914,0.0,258.0,511.0,SUNNY WILLIAMS,,WDE4940,80,0,25,8,,80,A
367359930,2021-02-21T07:08:14,36.82420,-76.28913,0.0,267.7,511.0,SUNNY WILLIAMS,,WDE4940,80,0,25,8,,80,A
367822000,2021-02-21T07:08:10,36.97312,-76.43387,0.0,0.0,511.0,USNS SHUGHART,IMO7825394,NAOQ,70,5,276,32,13.0,70,A
220413000,2021-02-21T07:06:51,37.23485,-76.13630,11.8,15.8,18.0,GUNVOR MAERSK,IMO9302891,OYGC2,70,0,367,42,15.0,,A
428405000,2021-02-21T07:06:33,36.90636,-76.32671,0.0,351.5,352.0,ZIM QINGDAO,IMO9318163,4XFC,71,5,261,32,9.9,71,A
366842000,2021-02-21T07:06:13,36.85386,-76.31119,0.0,0.0,42.0,CAPE RACE,IMO7616377,KAFJ,70,5,197,32,10.0,,A
366839000,2021-02-21T07:08:16,36.85349,-76.31081,0.0,0.0,40.0,CAPE RISE,IMO7530808,KAFG,70,5,197,32,10.0,,A
477770400,2021-02-21T07:07:10,36.87997,-76.33157,0.0,98.3,96.0,BAO MAY,IMO9410155,VRGV8,70,0,292,45,18.2,70,A
368026000,2021-02-21T06:50:44,36.86577,-76.31604,0.0,224.2,511.0,BENAVIDEZ,IMO9218210,NBHG,70,5,289,32,10.9,70,A
338846000,2021-02-21T07:07:47,36.86561,-76.31580,0.0,0.1,511.0,USNS MENDONCA,IMO9147320,NBMK,70,5,289,32,10.9,,A
367359930,2021-02-21T06:49:26,36.82416,-76.28913,0.0,263.4,511.0,SUNNY WILLIAMS,,WDE4940,80,0,25,8,,80,A
368445000,2021-02-21T06:50:06,36.96309,-76.42011,0.0,55.8,188.0,OVERSEAS NIKISKI,IMO9353577,WDBH,80,5,183,32,12.2,80,A
356643000,2021-02-21T07:08:04,36.93572,-76.37968,0.1,155.8,354.0,ARKI,IMO9561801,3ENP3,70,1,170,27,9.7,70,A
367865000,2021-02-21T07:08:19,36.88695,-76.33855,0.0,286.4,11.0,KANAWHA,IMO8704080,NPTD,80,5,206,29,,,A
367862000,2021-02-21T07:09:44,36.94816,-76.32974,0.0,35.7,280.0,JOSHUA HUMPHREYS,IMO8302428,NNJH,80,5,193,29,,,A
220413000,2021-02-21T07:08:01,37.23851,-76.13481,11.7,16.7,18.0,GUNVOR MAERSK,IMO9302891,OYGC2,70,0,367,42,15.0,,A
368026000,2021-02-21T07:08:44,36.86576,-76.31604,0.0,224.2,511.0,BENAVIDEZ,IMO9218210,NBHG,70,5,289,32,10.9,70,A
373765000,2021-02-21T07:09:22,37.26329,-76.10625,0.1,271.6,6.0,AM CONTRECOEUR,IMO9583184,3FBX4,70,1,229,32,14.4,,A
367359930,2021-02-21T07:09:25,36.82419,-76.28912,0.0,273.6,511.0,SUNNY WILLIAMS,,WDE4940,80,0,25,8,,80,A
356589000,2021-02-21T07:10:12,37.23803,-76.09468,0.1,142.1,352.0,DOUBLE FORTUNE,IMO9574119,3FHZ2,70,1,234,38,14.5,70,A
367353070,2021-02-21T07:09:03,36.94415,-76.32948,0.0,140.0,267.0,EVERGREEN STATE,IMO9408138,WDE4430,80,5,183,32,11.8,89,A
477770400,2021-02-21T07:09:30,36.87995,-76.33154,0.0,98.3,96.0,BAO MAY,IMO9410155,VRGV8,70,0,292,45,18.2,70,A
338273000,2021-02-21T07:10:05,36.96271,-76.35733,0.0,69.5,24.0,SLNC YORK,IMO9538907,WNCG,70,1,142,23,5.5,70,A
367821000,2021-02-21T07:10:54,36.97284,-76.43366,0.0,0.0,511.0,YANO,IMO7825409,NAQH,70,5,276,32,13.0,70,A
636092329,2021-02-21T07:11:09,37.24628,-76.11869,0.0,299.5,358.0,BLUMENAU,IMO9605633,D5AL3,70,1,229,32,14.4,,A
428405000,2021-02-21T07:09:34,36.90620,-76.32668,0.0,351.5,352.0,ZIM QINGDAO,IMO9318163,4XFC,71,5,261,32,9.9,71,A
367359930,2021-02-21T07:10:35,36.82420,-76.28913,0.0,281.7,511.0,SUNNY WILLIAMS,,WDE4940,80,0,25,8,,80,A
367822000,2021-02-21T07:11:09,36.97312,-76.43386,0.0,0.0,511.0,USNS SHUGHART,IMO7825394,NAOQ,70,5,276,32,13.0,70,A
367865000,2021-02-21T07:11:19,36.88691,-76.33854,0.0,286.4,11.0,KANAWHA,IMO8704080,NPTD,80,5,206,29,,,A
477770400,2021-02-21T07:11:49,36.87996,-76.33155,0.0,98.3,96.0,BAO MAY,IMO9410155,VRGV8,70,0,292,45,18.2,70,A
338678000,2021-02-21T07:12:30,36.91627,-76.16846,0.0,228.1,10.0,DOLORES CHOUEST,IMO8225931,WCP8847,70,5,54,12,4.0,35,A
366839000,2021-02-21T07:11:17,36.85346,-76.31082,0.0,0.0,40.0,CAPE RISE,IMO7530808,KAFG,70,5,197,32,10.0,,A
220413000,2021-02-21T07:11:21,37.24892,-76.13055,11.7,18.6,18.0,GUNVOR MAERSK,IMO9302891,OYGC2,70,0,367,42,15.0,,A
338273000,2021-02-21T07:13:05,36.96270,-76.35729,0.0,69.5,21.0,SLNC YORK,IMO9538907,WNCG,70,1,142,23,5.5,70,A
367359930,2021-02-21T07:11:45,36.82420,-76.28913,0.0,286.4,511.0,SUNNY WILLIAMS,,WDE4940,80,0,25,8,,80,A
366842000,2021-02-21T07:12:16,36.85386,-76.31121,0.0,0.0,42.0,CAPE RACE,IMO7616377,KAFJ,70,5,197,32,10.0,,A
368026000,2021-02-21T07:11:44,36.86575,-76.31606,0.0,224.2,511.0,BENAVIDEZ,IMO9218210,NBHG,70,5,289,32,10.9,70,A
636092329,2021-02-21T07:14:04,37.24627,-76.11876,0.1,299.5,358.0,BLUMENAU,IMO9605633,D5AL3,70,1,229,32,14.4,,A
220413000,2021-02-21T07:12:30,37.25252,-76.12909,11.8,17.8,18.0,GUNVOR MAERSK,IMO9302891,OYGC2,70,0,367,42,15.0,,A
255806078,2021-02-21T07:14:28,36.90937,-76.32715,0.1,306.9,352.0,NORTHERN MAGNUM,IMO9252541,CQIV4,71,5,300,40,11.3,71,A
367822000,2021-02-21T07:14:09,36.97311,-76.43386,0.0,0.0,511.0,USNS SHUGHART,IMO7825394,NAOQ,70,5,276,32,13.0,70,A
367359930,2021-02-21T07:12:55,36.82422,-76.28913,0.0,288.5,511.0,SUNNY WILLIAMS,,WDE4940,80,0,25,8,,80,A
220413000,2021-02-21T06:53:40,37.19258,-76.15255,12.2,16.3,16.0,GUNVOR MAERSK,IMO9302891,OYGC2,70,0,367,42,15.0,,A
367353070,2021-02-21T07:15:01,36.94420,-76.32945,0.0,155.0,267.0,EVERGREEN STATE,IMO9408138,WDE4430,80,5,183,32,11.8,89,A
367865000,2021-02-21T07:05:18,36.88690,-76.33855,0.0,286.4,11.0,KANAWHA,IMO8704080,NPTD,80,5,206,29,,,A
367359930,2021-02-21T07:15:25,36.82420,-76.28913,0.0,294.7,511.0,SUNNY WILLIAMS,,WDE4940,80,0,25,8,,80,A
538005622,2021-02-21T07:15:16,36.87958,-76.32625,0.0,181.8,277.0,SASEBO GREEN,IMO9675468,V7FN3,70,5,225,32,14.4,,A
338678000,2021-02-21T07:06:31,36.91618,-76.16840,0.0,229.7,10.0,DOLORES CHOUEST,IMO8225931,WCP8847,70,5,54,12,4.0,35,A
428405000,2021-02-21T07:15:34,36.90620,-76.32664,0.0,351.6,352.0,ZIM QINGDAO,IMO9318163,4XFC,71,5,261,32,9.9,71,A
367862000,2021-02-21T07:15:44,36.94816,-76.32973,0.0,35.7,280.0,JOSHUA HUMPHREYS,IMO8302428,NNJH,80,5,193,29,,,A
220413000,2021-02-21T07:13:40,37.25620,-76.12760,11.7,18.2,17.0,GUNVOR MAERSK,IMO9302891,OYGC2,70,0,367,42,15.0,,A
366839000,2021-02-21T06:56:18,36.85352,-76.31083,0.0,0.0,40.0,CAPE RISE,IMO7530808,KAFG,70,5,197,32,10.0,,A
477770400,2021-02-21T07:12:59,36.87994,-76.33159,0.0,98.3,96.0,BAO MAY,IMO9410155,VRGV8,70,0,292,45,18.2,70,A
338846000,2021-02-21T07:13:47,36.86559,-76.31582,0.0,0.1,511.0,USNS MENDONCA,IMO9147320,NBMK,70,5,289,32,10.9,,A
367821000,2021-02-21T07:16:53,36.97284,-76.43366,0.0,0.0,511.0,YANO,IMO7825409,NAQH,70,5,276,32,13.0,70,A
338846000,2021-02-21T07:16:47,36.86559,-76.31584,0.0,0.1,511.0,USNS MENDONCA,IMO9147320,NBMK,70,5,289,32,10.9,,A
367359930,2021-02-21T06:56:25,36.82418,-76.28913,0.0,268.3,511.0,SUNNY WILLIAMS,,WDE4940,80,0,25,8,,80,A
220413000,2021-02-21T07:14:51,37.25982,-76.12621,11.6,16.5,17.0,GUNVOR MAERSK,IMO9302891,OYGC2,70,0,367,42,15.0,,A
220413000,2021-02-21T07:18:20,37.27057,-76.12206,11.5,17.0,17.0,GUNVOR MAERSK,IMO9302891,OYGC2,70,0,367,42,15.0,,A
367821000,2021-02-21T07:13:54,36.97284,-76.43366,0.0,0.0,511.0,YANO,IMO7825409,NAQH,70,5,276,32,13.0,70,A
368445000,2021-02-21T07:17:05,36.96309,-76.42014,0.0,55.8,188.0,OVERSEAS NIKISKI,IMO9353577,WDBH,80,5,183,32,12.2,80,A
368445000,2021-02-21T07:14:05,36.96309,-76.42012,0.0,55.8,188.0,OVERSEAS NIKISKI,IMO9353577,WDBH,80,5,183,32,12.2,80,A
367353070,2021-02-21T07:18:01,36.94418,-76.32948,0.0,155.0,267.0,EVERGREEN STATE,IMO9408138,WDE4430,80,5,183,32,11.8,89,A
338273000,2021-02-21T07:16:05,36.96274,-76.35734,0.0,69.5,17.0,SLNC YORK,IMO9538907,WNCG,70,1,142,23,5.5,70,A
368026000,2021-02-21T07:14:43,36.86576,-76.31605,0.0,224.2,511.0,BENAVIDEZ,IMO9218210,NBHG,70,5,289,32,10.9,70,A
220413000,2021-02-21T07:16:00,37.26344,-76.12484,11.5,17.9,17.0,GUNVOR MAERSK,IMO9302891,OYGC2,70,0,367,42,15.0,,A
338678000,2021-02-21T07:15:31,36.91625,-76.16845,0.0,233.4,9.0,DOLORES CHOUEST,IMO8225931,WCP8847,70,5,54,12,4.0,35,A
366841000,2021-02-21T07:15:08,36.85331,-76.31054,0.0,0.0,511.0,CAPE RAY,IMO7530810,KAFI,70,5,197,32,10.0,,A
636092329,2021-02-21T07:08:05,37.24628,-76.11881,0.1,299.5,1.0,BLUMENAU,IMO9605633,D5AL3,70,1,229,32,14.4,,A
367359930,2021-02-21T07:18:55,36.82419,-76.28911,0.0,301.4,511.0,SUNNY WILLIAMS,,WDE4940,80,0,25,8,,80,A
477770400,2021-02-21T07:08:19,36.87997,-76.33155,0.0,98.3,96.0,BAO MAY,IMO9410155,VRGV8,70,0,292,45,18.2,70,A
366839000,2021-02-21T07:17:18,36.85345,-76.31079,0.0,0.0,40.0,CAPE RISE,IMO7530808,KAFG,70,5,197,32,10.0,,A
356643000,2021-02-21T07:17:07,36.93575,-76.37968,0.0,71.6,356.0,ARKI,IMO9561801,3ENP3,70,1,170,27,9.7,70,A
373765000,2021-02-21T07:18:17,37.26329,-76.10598,0.1,80.0,356.0,AM CONTRECOEUR,IMO9583184,3FBX4,70,1,229,32,14.4,,A
220413000,2021-02-21T07:19:31,37.27419,-76.12067,11.4,16.7,17.0,GUNVOR MAERSK,IMO9302891,OYGC2,70,0,367,42,15.0,,A
428405000,2021-02-21T07:18:34,36.90619,-76.32664,0.0,351.6,352.0,ZIM QINGDAO,IMO9318163,4XFC,71,5,261,32,9.9,71,A
220413000,2021-02-21T07:09:11,37.24220,-76.13331,11.8,18.4,18.0,GUNVOR MAERSK,IMO9302891,OYGC2,70,0,367,42,15.0,,A
366842000,2021-02-21T07:18:15,36.85383,-76.31122,0.0,0.0,42.0,CAPE RACE,IMO7616377,KAFJ,70,5,197,32,10.0,,A
338678000,2021-02-21T07:18:31,36.91626,-76.16846,0.0,236.7,10.0,DOLORES CHOUEST,IMO8225931,WCP8847,70,5,54,12,4.0,35,A
367865000,2021-02-21T07:17:19,36.88692,-76.33855,0.0,286.4,11.0,KANAWHA,IMO8704080,NPTD,80,5,206,29,,,A
255806078,2021-02-21T07:20:31,36.90933,-76.32718,0.1,306.9,352.0,NORTHERN MAGNUM,IMO9252541,CQIV4,71,5,300,40,11.3,71,A
220413000,2021-02-21T07:20:40,37.27769,-76.11931,11.3,17.2,17.0,GUNVOR MAERSK,IMO9302891,OYGC2,70,0,367,42,15.0,,A
477770400,2021-02-21T07:18:39,36.87995,-76.33155,0.0,98.3,96.0,BAO MAY,IMO9410155,VRGV8,70,0,292,45,18.2,70,A
338273000,2021-02-21T07:19:05,36.96277,-76.35734,0.0,69.5,18.0,SLNC YORK,IMO9538907,WNCG,70,1,142,23,5.5,70,A
366842000,2021-02-21T07:09:16,36.85385,-76.31115,0.0,0.0,42.0,CAPE RACE,IMO7616377,KAFJ,70,5,197,32,10.0,,A
338678000,2021-02-21T07:00:31,36.91629,-76.16848,0.0,270.3,9.0,DOLORES CHOUEST,IMO8225931,WCP8847,70,5,54,12,4.0,35,A
368026000,2021-02-21T07:17:43,36.86575,-76.31604,0.0,224.2,511.0,BENAVIDEZ,IMO9218210,NBHG,70,5,289,32,10.9,70,A
477770400,2021-02-21T07:21:00,36.87994,-76.33154,0.0,98.3,96.0,BAO MAY,IMO9410155,VRGV8,70,0,292,45,18.2,70,A
428405000,2021-02-21T07:21:35,36.90621,-76.32667,0.0,351.5,352.0,ZIM QINGDAO,IMO9318163,4XFC,71,5,261,32,9.9,71,A
220413000,2021-02-21T07:21:50,37.28130,-76.11795,11.3,16.8,17.0,GUNVOR MAERSK,IMO9302891,OYGC2,70,0,367,42,15.0,,A
367862000,2021-02-21T07:00:45,36.94817,-76.32969,0.0,35.7,280.0,JOSHUA HUMPHREYS,IMO8302428,NNJH,80,5,193,29,,,A
538005622,2021-02-21T07:21:16,36.87954,-76.32622,0.0,181.8,277.0,SASEBO GREEN,IMO9675468,V7FN3,70,5,225,32,14.4,,A
338273000,2021-02-21T07:01:05,36.96276,-76.35746,0.0,69.5,13.0,SLNC YORK,IMO9538907,WNCG,70,1,142,23,5.5,70,A
338273000,2021-02-21T07:22:05,36.96275,-76.35735,0.0,69.5,16.0,SLNC YORK,IMO9538907,WNCG,70,1,142,23,5.5,70,A
367359930,2021-02-21T07:22:25,36.82419,-76.28912,0.0,291.5,511.0,SUNNY WILLIAMS,,WDE4940,80,0,25,8,,80,A
367822000,2021-02-21T07:17:09,36.97311,-76.43386,0.0,0.0,511.0,USNS SHUGHART,IMO7825394,NAOQ,70,5,276,32,13.0,70,A
356643000,2021-02-21T07:02:06,36.93572,-76.37970,0.1,13.5,354.0,ARKI,IMO9561801,3ENP3,70,1,170,27,9.7,70,A
220413000,2021-02-21T07:02:20,37.22055,-76.14183,12.0,17.1,17.0,GUNVOR MAERSK,IMO9302891,OYGC2,70,0,367,42,15.0,,A
255806078,2021-02-21T07:02:24,36.90937,-76.32720,0.1,306.9,352.0,NORTHERN MAGNUM,IMO9252541,CQIV4,71,5,300,40,11.3,71,A
338846000,2021-02-21T07:22:45,36.86560,-76.31582,0.0,0.1,511.0,USNS MENDONCA,IMO9147320,NBMK,70,5,289,32,10.9,,A
367353070,2021-02-21T07:12:02,36.94417,-76.32948,0.0,155.0,267.0,EVERGREEN STATE,IMO9408138,WDE4430,80,5,183,32,11.8,89,A
477770400,2021-02-21T07:23:18,36.87993,-76.33155,0.0,98.3,96.0,BAO MAY,IMO9410155,VRGV8,70,0,292,45,18.2,70,A
428405000,2021-02-21T07:12:34,36.90621,-76.32666,0.0,351.5,352.0,ZIM QINGDAO,IMO9318163,4XFC,71,5,261,32,9.9,71,A
367862000,2021-02-21T07:12:44,36.94812,-76.32977,0.0,35.7,280.0,JOSHUA HUMPHREYS,IMO8302428,NNJH,80,5,193,29,,,A
366841000,2021-02-21T07:12:08,36.85332,-76.31055,0.0,0.0,511.0,CAPE RAY,IMO7530810,KAFI,70,5,197,32,10.0,,A
367353070,2021-02-21T07:24:04,36.94418,-76.32948,0.0,155.0,267.0,EVERGREEN STATE,IMO9408138,WDE4430,80,5,183,32,11.8,89,A
338678000,2021-02-21T07:21:31,36.91620,-76.16843,0.0,232.1,10.0,DOLORES CHOUEST,IMO8225931,WCP8847,70,5,54,12,4.0,35,A
356643000,2021-02-21T07:20:05,36.93576,-76.37964,0.1,149.0,355.0,ARKI,IMO9561801,3ENP3,70,1,170,27,9.7,70,A
367862000,2021-02-21T07:24:44,36.94821,-76.32978,0.0,35.7,280.0,JOSHUA HUMPHREYS,IMO8302428,NNJH,80,5,193,29,,,A
338273000,2021-02-21T07:04:05,36.96275,-76.35746,0.0,69.5,20.0,SLNC YORK,IMO9538907,WNCG,70,1,142,23,5.5,70,A
367865000,2021-02-21T07:23:19,36.88694,-76.33855,0.0,286.4,11.0,KANAWHA,IMO8704080,NPTD,80,5,206,29,,,A
367359930,2021-02-21T07:23:36,36.82420,-76.28912,0.0,287.0,511.0,SUNNY WILLIAMS,,WDE4940,80,0,25,8,,80,A
367359930,2021-02-21T07:20:04,36.82421,-76.28911,0.0,297.7,511.0,SUNNY WILLIAMS,,WDE4940,80,0,25,8,,80,A
367821000,2021-02-21T07:19:54,36.97284,-76.43366,0.0,0.0,511.0,YANO,IMO7825409,NAQH,70,5,276,32,13.0,70,A
477770400,2021-02-21T07:19:50,36.87995,-76.33156,0.0,98.3,96.0,BAO MAY,IMO9410155,VRGV8,70,0,292,45,18.2,70,A
338273000,2021-02-21T07:25:05,36.96275,-76.35735,0.0,69.5,17.0,SLNC YORK,IMO9538907,WNCG,70,1,142,23,5.5,70,A
356589000,2021-02-21T07:04:14,37.23800,-76.09476,0.1,204.8,352.0,DOUBLE FORTUNE,IMO9574119,3FHZ2,70,1,234,38,14.5,70,A
220413000,2021-02-21T07:24:11,37.28836,-76.11516,11.4,16.9,17.0,GUNVOR MAERSK,IMO9302891,OYGC2,70,0,367,42,15.0,,A
366841000,2021-02-21T07:21:09,36.85326,-76.31049,0.0,0.0,511.0,CAPE RAY,IMO7530810,KAFI,70,5,197,32,10.0,,A
367359930,2021-02-21T07:24:45,36.82419,-76.28912,0.0,284.3,511.0,SUNNY WILLIAMS,,WDE4940,80,0,25,8,,80,A
367359930,2021-02-21T07:14:04,36.82420,-76.28913,0.0,289.2,511.0,SUNNY WILLIAMS,,WDE4940,80,0,25,8,,80,A
368026000,2021-02-21T07:23:43,36.86578,-76.31605,0.0,224.2,511.0,BENAVIDEZ,IMO9218210,NBHG,70,5,289,32,10.9,70,A
367353070,2021-02-21T07:21:01,36.94408,-76.32948,0.0,155.0,267.0,EVERGREEN STATE,IMO9408138,WDE4430,80,5,183,32,11.8,89,A
367821000,2021-02-21T07:25:53,36.97283,-76.43367,0.0,0.0,511.0,YANO,IMO7825409,NAQH,70,5,276,32,13.0,70,A
636092329,2021-02-21T07:05:07,37.24627,-76.11889,0.1,299.5,3.0,BLUMENAU,IMO9605633,D5AL3,70,1,229,32,14.4,,A
356643000,2021-02-21T07:14:06,36.93574,-76.37969,0.0,148.2,355.0,ARKI,IMO9561801,3ENP3,70,1,170,27,9.7,70,A
220413000,2021-02-21T07:25:14,37.29154,-76.11388,11.3,23.1,28.0,GUNVOR MAERSK,IMO9302891,OYGC2,70,0,367,42,15.0,,A
366842000,2021-02-21T07:21:20,36.85383,-76.31120,0.0,0.0,42.0,CAPE RACE,IMO7616377,KAFJ,70,5,197,32,10.0,,A
366841000,2021-02-21T07:24:08,36.85329,-76.31052,0.0,0.0,511.0,CAPE RAY,IMO7530810,KAFI,70,5,197,32,10.0,,A
538005622,2021-02-21T07:24:16,36.87956,-76.32624,0.0,181.8,277.0,SASEBO GREEN,IMO9675468,V7FN3,70,5,225,32,14.4,,A
366841000,2021-02-21T07:27:08,36.85327,-76.31053,0.0,0.0,511.0,CAPE RAY,IMO7530810,KAFI,70,5,197,32,10.0,,A
220413000,2021-02-21T07:26:20,37.29455,-76.11167,11.4,31.9,31.0,GUNVOR MAERSK,IMO9302891,OYGC2,70,0,367,42,15.0,,A
477770400,2021-02-21T07:27:40,36.87993,-76.33155,0.0,98.3,96.0,BAO MAY,IMO9410155,VRGV8,70,0,292,45,18.2,70,A
368445000,2021-02-21T07:05:05,36.96307,-76.42014,0.0,55.8,188.0,OVERSEAS NIKISKI,IMO9353577,WDBH,80,5,183,32,12.2,80,A
338273000,2021-02-21T07:28:05,36.96274,-76.35730,0.0,69.5,16.0,SLNC YORK,IMO9538907,WNCG,70,1,142,23,5.5,70,A
255806078,2021-02-21T07:23:34,36.90937,-76.32717,0.1,306.9,352.0,NORTHERN MAGNUM,IMO9252541,CQIV4,71,5,300,40,11.3,71,A
366842000,2021-02-21T07:15:18,36.85382,-76.31116,0.0,0.0,42.0,CAPE RACE,IMO7616377,KAFJ,70,5,197,32,10.0,,A
373765000,2021-02-21T07:27:21,37.26329,-76.10621,0.1,80.0,3.0,AM CONTRECOEUR,IMO9583184,3FBX4,70,1,229,32,14.4,,A
373765000,2021-02-21T07:15:21,37.26328,-76.10596,0.1,80.0,357.0,AM CONTRECOEUR,IMO9583184,3FBX4,70,1,229,32,14.4,,A
373765000,2021-02-21T07:06:18,37.26326,-76.10630,0.1,271.6,4.0,AM CONTRECOEUR,IMO9583184,3FBX4,70,1,229,32,14.4,,A
367359930,2021-02-21T07:26:56,36.82418,-76.28911,0.0,279.6,511.0,SUNNY WILLIAMS,,WDE4940,80,0,25,8,,80,A
477770400,2021-02-21T07:24:19,36.87994,-76.33155,0.0,98.3,96.0,BAO MAY,IMO9410155,VRGV8,70,0,292,45,18.2,70,A
220413000,2021-02-21T07:05:50,37.23170,-76.13751,11.9,17.3,17.0,GUNVOR MAERSK,IMO9302891,OYGC2,70,0,367,42,15.0,,A
367359930,2021-02-21T07:16:34,36.82419,-76.28913,0.0,293.9,511.0,SUNNY WILLIAMS,,WDE4940,80,0,25,8,,80,A
255806078,2021-02-21T07:26:36,36.90937,-76.32718,0.1,306.9,352.0,NORTHERN MAGNUM,IMO9252541,CQIV4,71,5,300,40,11.3,71,A
428405000,2021-02-21T07:27:34,36.90620,-76.32668,0.0,351.6,352.0,ZIM QINGDAO,IMO9318163,4XFC,71,5,261,32,9.9,71,A
356643000,2021-02-21T07:29:07,36.93575,-76.37962,0.1,191.8,353.0,ARKI,IMO9561801,3ENP3,70,1,170,27,9.7,70,A
538005622,2021-02-21T07:06:16,36.87956,-76.32625,0.1,188.2,276.0,SASEBO GREEN,IMO9675468,V7FN3,70,5,225,32,14.4,,A
356589000,2021-02-21T07:28:12,37.23804,-76.09463,0.0,232.2,350.0,DOUBLE FORTUNE,IMO9574119,3FHZ2,70,1,234,38,14.5,70,A
366839000,2021-02-21T07:26:17,36.85354,-76.31083,0.0,0.0,40.0,CAPE RISE,IMO7530808,KAFG,70,5,197,32,10.0,,A
368026000,2021-02-21T07:26:44,36.86575,-76.31603,0.0,224.2,511.0,BENAVIDEZ,IMO9218210,NBHG,70,5,289,32,10.9,70,A
366842000,2021-02-21T07:27:21,36.85384,-76.31118,0.0,0.0,42.0,CAPE RACE,IMO7616377,KAFJ,70,5,197,32,10.0,,A
367822000,2021-02-21T07:29:09,36.97311,-76.43385,0.0,0.0,511.0,USNS SHUGHART,IMO7825394,NAOQ,70,5,276,32,13.0,70,A
220413000,2021-02-21T07:17:10,37.26705,-76.12345,11.6,16.2,17.0,GUNVOR MAERSK,IMO9302891,OYGC2,70,0,367,42,15.0,,A
636092329,2021-02-21T07:17:09,37.24628,-76.11885,0.1,299.5,1.0,BLUMENAU,IMO9605633,D5AL3,70,1,229,32,14.4,,A
338846000,2021-02-21T07:25:46,36.86560,-76.31582,0.0,0.1,511.0,USNS MENDONCA,IMO9147320,NBMK,70,5,289,32,10.9,,A
477770400,2021-02-21T07:17:28,36.87994,-76.33154,0.0,98.3,96.0,BAO MAY,IMO9410155,VRGV8,70,0,292,45,18.2,70,A
477770400,2021-02-21T07:25:29,36.87993,-76.33157,0.0,98.3,96.0,BAO MAY,IMO9410155,VRGV8,70,0,292,45,18.2,70,A
368026000,2021-02-21T07:29:44,36.86577,-76.31605,0.0,224.2,511.0,BENAVIDEZ,IMO9218210,NBHG,70,5,289,32,10.9,70,A
367359930,2021-02-21T07:30:25,36.82419,-76.28911,0.0,282.8,511.0,SUNNY WILLIAMS,,WDE4940,80,0,25,8,,80,A
367862000,2021-02-21T07:27:45,36.94813,-76.32975,0.0,35.7,280.0,JOSHUA HUMPHREYS,IMO8302428,NNJH,80,5,193,29,,,A
338678000,2021-02-21T07:30:31,36.91624,-76.16840,0.0,258.9,9.0,DOLORES CHOUEST,IMO8225931,WCP8847,70,5,54,12,4.0,35,A
477770400,2021-02-21T07:26:39,36.87992,-76.33156,0.0,98.3,96.0,BAO MAY,IMO9410155,VRGV8,70,0,292,45,18.2,70,A
367353070,2021-02-21T07:30:01,36.94418,-76.32948,0.0,155.0,267.0,EVERGREEN STATE,IMO9408138,WDE4430,80,5,183,32,11.8,89,A
338678000,2021-02-21T07:27:30,36.91624,-76.16845,0.0,251.7,9.0,DOLORES CHOUEST,IMO8225931,WCP8847,70,5,54,12,4.0,35,A
220413000,2021-02-21T07:30:51,37.30669,-76.10229,11.2,32.6,30.0,GUNVOR MAERSK,IMO9302891,OYGC2,70,0,367,42,15.0,,A
220413000,2021-02-21T07:27:31,37.29773,-76.10920,11.4,30.8,30.0,GUNVOR MAERSK,IMO9302891,OYGC2,70,0,367,42,15.0,,A
367821000,2021-02-21T07:28:54,36.97281,-76.43367,0.0,0.0,511.0,YANO,IMO7825409,NAQH,70,5,276,32,13.0,70,A
368445000,2021-02-21T07:26:05,36.96310,-76.42009,0.0,55.8,188.0,OVERSEAS NIKISKI,IMO9353577,WDBH,80,5,183,32,12.2,80,A
356589000,2021-02-21T07:31:11,37.23802,-76.09463,0.1,194.1,349.0,DOUBLE FORTUNE,IMO9574119,3FHZ2,70,1,234,38,14.5,70,A
367821000,2021-02-21T07:07:54,36.97284,-76.43365,0.0,0.0,511.0,YANO,IMO7825409,NAQH,70,5,276,32,13.0,70,A
367359930,2021-02-21T07:31:35,36.82418,-76.28914,0.0,281.5,511.0,SUNNY WILLIAMS,,WDE4940,80,0,25,8,,80,A
367865000,2021-02-21T07:32:18,36.88692,-76.33855,0.0,286.4,11.0,KANAWHA,IMO8704080,NPTD,80,5,206,29,,,A
477770400,2021-02-21T07:32:20,36.87992,-76.33155,0.0,98.3,96.0,BAO MAY,IMO9410155,VRGV8,70,0,292,45,18.2,70,A
366842000,2021-02-21T07:30:11,36.85381,-76.31118,0.0,0.0,42.0,CAPE RACE,IMO7616377,KAFJ,70,5,197,32,10.0,,A
366839000,2021-02-21T07:32:19,36.85351,-76.31081,0.0,0.0,40.0,CAPE RISE,IMO7530808,KAFG,70,5,197,32,10.0,,A
373765000,2021-02-21T07:30:19,37.26328,-76.10620,0.0,80.0,2.0,AM CONTRECOEUR,IMO9583184,3FBX4,70,1,229,32,14.4,,A
255806078,2021-02-21T07:29:34,36.90933,-76.32722,0.1,306.9,352.0,NORTHERN MAGNUM,IMO9252541,CQIV4,71,5,300,40,11.3,71,A
368445000,2021-02-21T07:20:05,36.96311,-76.42015,0.0,55.8,188.0,OVERSEAS NIKISKI,IMO9353577,WDBH,80,5,183,32,12.2,80,A
538005622,2021-02-21T07:30:16,36.87956,-76.32624,0.0,181.8,277.0,SASEBO GREEN,IMO9675468,V7FN3,70,5,225,32,14.4,,A
338846000,2021-02-21T07:28:45,36.86560,-76.31580,0.0,0.1,511.0,USNS MENDONCA,IMO9147320,NBMK,70,5,289,32,10.9,,A
368026000,2021-02-21T07:20:43,36.86572,-76.31602,0.0,224.2,511.0,BENAVIDEZ,IMO9218210,NBHG,70,5,289,32,10.9,70,A
367821000,2021-02-21T07:31:54,36.97282,-76.43368,0.0,0.0,511.0,YANO,IMO7825409,NAQH,70,5,276,32,13.0,70,A
367353070,2021-02-21T07:33:02,36.94418,-76.32948,0.0,155.0,267.0,EVERGREEN STATE,IMO9408138,WDE4430,80,5,183,32,11.8,89,A
366842000,2021-02-21T07:33:21,36.85384,-76.31119,0.0,0.0,42.0,CAPE RACE,IMO7616377,KAFJ,70,5,197,32,10.0,,A
255806078,2021-02-21T07:32:37,36.90935,-76.32718,0.1,306.9,352.0,NORTHERN MAGNUM,IMO9252541,CQIV4,71,5,300,40,11.3,71,A
368026000,2021-02-21T07:32:43,36.86576,-76.31604,0.0,224.2,511.0,BENAVIDEZ,IMO9218210,NBHG,70,5,289,32,10.9,70,A
367865000,2021-02-21T07:29:18,36.88694,-76.33850,0.0,286.4,11.0,KANAWHA,IMO8704080,NPTD,80,5,206,29,,,A
368445000,2021-02-21T07:29:05,36.96306,-76.42011,0.0,55.8,188.0,OVERSEAS NIKISKI,IMO9353577,WDBH,80,5,183,32,12.2,80,A
538005622,2021-02-21T07:33:16,36.87956,-76.32624,0.0,181.8,277.0,SASEBO GREEN,IMO9675468,V7FN3,70,5,225,32,14.4,,A
538005622,2021-02-21T07:09:16,36.87959,-76.32624,0.0,184.0,276.0,SASEBO GREEN,IMO9675468,V7FN3,70,5,225,32,14.4,,A
477770400,2021-02-21T07:30:00,36.87994,-76.33155,0.0,98.3,96.0,BAO MAY,IMO9410155,VRGV8,70,0,292,45,18.2,70,A
477770400,2021-02-21T07:34:39,36.87994,-76.33155,0.0,98.3,96.0,BAO MAY,IMO9410155,VRGV8,70,0,292,45,18.2,70,A
367862000,2021-02-21T07:21:45,36.94813,-76.32977,0.0,35.7,280.0,JOSHUA HUMPHREYS,IMO8302428,NNJH,80,5,193,29,,,A
636092329,2021-02-21T07:29:02,37.24626,-76.11880,0.0,299.5,0.0,BLUMENAU,IMO9605633,D5AL3,70,1,229,32,14.4,,A
338678000,2021-02-21T07:09:30,36.91623,-76.16845,0.0,225.0,10.0,DOLORES CHOUEST,IMO8225931,WCP8847,70,5,54,12,4.0,35,A
367862000,2021-02-21T07:33:44,36.94807,-76.32985,0.0,35.7,280.0,JOSHUA HUMPHREYS,IMO8302428,NNJH,80,5,193,29,,,A
366839000,2021-02-21T07:23:16,36.85348,-76.31081,0.0,0.0,40.0,CAPE RISE,IMO7530808,KAFG,70,5,197,32,10.0,,A
356643000,2021-02-21T07:23:05,36.93577,-76.37963,0.0,30.6,355.0,ARKI,IMO9561801,3ENP3,70,1,170,27,9.7,70,A
356643000,2021-02-21T07:32:06,36.93575,-76.37964,0.0,206.7,356.0,ARKI,IMO9561801,3ENP3,70,1,170,27,9.7,70,A
220413000,2021-02-21T07:32:00,37.30981,-76.09987,11.3,31.3,30.0,GUNVOR MAERSK,IMO9302891,OYGC2,70,0,367,42,15.0,,A
338846000,2021-02-21T07:31:46,36.86559,-76.31582,0.0,0.1,511.0,USNS MENDONCA,IMO9147320,NBMK,70,5,289,32,10.9,,A
338846000,2021-02-21T07:10:46,36.86561,-76.31581,0.0,0.1,511.0,USNS MENDONCA,IMO9147320,NBMK,70,5,289,32,10.9,,A
367862000,2021-02-21T07:30:44,36.94807,-76.32977,0.0,35.7,280.0,JOSHUA HUMPHREYS,IMO8302428,NNJH,80,5,193,29,,,A
356643000,2021-02-21T07:11:04,36.93574,-76.37969,0.0,125.1,354.0,ARKI,IMO9561801,3ENP3,70,1,170,27,9.7,70,A
356643000,2021-02-21T07:35:06,36.93576,-76.37962,0.1,163.1,355.0,ARKI,IMO9561801,3ENP3,70,1,170,27,9.7,70,A
220413000,2021-02-21T07:23:00,37.28478,-76.11660,11.3,17.6,17.0,GUNVOR MAERSK,IMO9302891,OYGC2,70,0,367,42,15.0,,A
368445000,2021-02-21T07:11:05,36.96309,-76.42015,0.0,55.8,188.0,OVERSEAS NIKISKI,IMO9353577,WDBH,80,5,183,32,12.2,80,A
220413000,2021-02-21T07:36:40,37.32260,-76.09153,11.0,20.8,20.0,GUNVOR MAERSK,IMO9302891,OYGC2,70,0,367,42,15.0,,A
368026000,2021-02-21T07:35:43,36.86579,-76.31604,0.0,224.2,511.0,BENAVIDEZ,IMO9218210,NBHG,70,5,289,32,10.9,70,A
367862000,2021-02-21T07:36:45,36.94816,-76.32976,0.0,35.7,280.0,JOSHUA HUMPHREYS,IMO8302428,NNJH,80,5,193,29,,,A
366841000,2021-02-21T07:36:10,36.85330,-76.31051,0.0,0.0,511.0,CAPE RAY,IMO7530810,KAFI,70,5,197,32,10.0,,A
367821000,2021-02-21T07:37:53,36.97282,-76.43367,0.0,0.0,511.0,YANO,IMO7825409,NAQH,70,5,276,32,13.0,70,A
338846000,2021-02-21T07:37:47,36.86558,-76.31581,0.0,0.1,511.0,USNS MENDONCA,IMO9147320,NBMK,70,5,289,32,10.9,,A
220413000,2021-02-21T07:37:50,37.32598,-76.08989,11.2,20.6,18.0,GUNVOR MAERSK,IMO9302891,OYGC2,70,0,367,42,15.0,,A
368445000,2021-02-21T07:35:05,36.96311,-76.42011,0.0,55.8,188.0,OVERSEAS NIKISKI,IMO9353577,WDBH,80,5,183,32,12.2,80,A
367359930,2021-02-21T07:37:44,36.82421,-76.28914,0.0,311.0,511.0,SUNNY WILLIAMS,,WDE4940,80,0,25,8,,80,A
428405000,2021-02-21T07:24:33,36.90653,-76.32673,0.0,351.5,352.0,ZIM QINGDAO,IMO9318163,4XFC,71,5,261,32,9.9,71,A
220413000,2021-02-21T07:39:00,37.32942,-76.08844,11.2,17.5,15.0,GUNVOR MAERSK,IMO9302891,OYGC2,70,0,367,42,15.0,,A
373765000,2021-02-21T07:36:20,37.26329,-76.10615,0.1,80.0,2.0,AM CONTRECOEUR,IMO9583184,3FBX4,70,1,229,32,14.4,,A
367353070,2021-02-21T07:36:03,36.94417,-76.32947,0.0,155.0,267.0,EVERGREEN STATE,IMO9408138,WDE4430,80,5,183,32,11.8,89,A
255806078,2021-02-21T07:38:38,36.90938,-76.32720,0.1,306.9,352.0,NORTHERN MAGNUM,IMO9252541,CQIV4,71,5,300,40,11.3,71,A
538005622,2021-02-21T07:39:16,36.87956,-76.32625,0.0,181.8,277.0,SASEBO GREEN,IMO9675468,V7FN3,70,5,225,32,14.4,,A
338273000,2021-02-21T07:37:05,36.96274,-76.35739,0.0,69.5,18.0,SLNC YORK,IMO9538907,WNCG,70,1,142,23,5.5,70,A
367359930,2021-02-21T07:25:55,36.82419,-76.28912,0.0,282.2,511.0,SUNNY WILLIAMS,,WDE4940,80,0,25,8,,80,A
220413000,2021-02-21T07:40:11,37.33296,-76.08713,11.3,16.5,15.0,GUNVOR MAERSK,IMO9302891,OYGC2,70,0,367,42,15.0,,A
367865000,2021-02-21T07:35:19,36.88696,-76.33852,0.0,286.4,11.0,KANAWHA,IMO8704080,NPTD,80,5,206,29,,,A
338273000,2021-02-21T07:40:05,36.96275,-76.35731,0.0,69.5,22.0,SLNC YORK,IMO9538907,WNCG,70,1,142,23,5.5,70,A
338678000,2021-02-21T07:36:30,36.91626,-76.16842,0.0,267.2,9.0,DOLORES CHOUEST,IMO8225931,WCP8847,70,5,54,12,4.0,35,A
220413000,2021-02-21T07:35:31,37.31931,-76.09317,10.9,20.7,20.0,GUNVOR MAERSK,IMO9302891,OYGC2,70,0,367,42,15.0,,A
367353070,2021-02-21T07:27:03,36.94418,-76.32948,0.0,155.0,267.0,EVERGREEN STATE,IMO9408138,WDE4430,80,5,183,32,11.8,89,A
636092329,2021-02-21T07:38:02,37.24627,-76.11891,0.1,299.5,4.0,BLUMENAU,IMO9605633,D5AL3,70,1,229,32,14.4,,A
477770400,2021-02-21T07:38:09,36.87994,-76.33155,0.0,98.3,96.0,BAO MAY,IMO9410155,VRGV8,70,0,292,45,18.2,70,A
477770400,2021-02-21T07:14:09,36.87994,-76.33158,0.0,98.3,96.0,BAO MAY,IMO9410155,VRGV8,70,0,292,45,18.2,70,A
538005622,2021-02-21T07:27:16,36.87956,-76.32626,0.0,181.8,277.0,SASEBO GREEN,IMO9675468,V7FN3,70,5,225,32,14.4,,A
366841000,2021-02-21T07:39:04,36.85328,-76.31051,0.0,0.0,511.0,CAPE RAY,IMO7530810,KAFI,70,5,197,32,10.0,,A
477770400,2021-02-21T07:40:28,36.87994,-76.33155,0.0,98.3,96.0,BAO MAY,IMO9410155,VRGV8,70,0,292,45,18.2,70,A
367865000,2021-02-21T07:14:18,36.88692,-76.33853,0.0,286.4,11.0,KANAWHA,IMO8704080,NPTD,80,5,206,29,,,A
366839000,2021-02-21T07:41:15,36.85348,-76.31078,0.0,0.0,40.0,CAPE RISE,IMO7530808,KAFG,70,5,197,32,10.0,,A
356643000,2021-02-21T07:41:07,36.93576,-76.37962,0.1,210.5,352.0,ARKI,IMO9561801,3ENP3,70,1,170,27,9.7,70,A
255806078,2021-02-21T07:41:38,36.90937,-76.32718,0.1,306.9,352.0,NORTHERN MAGNUM,IMO9252541,CQIV4,71,5,300,40,11.3,71,A
477770400,2021-02-21T07:39:20,36.87994,-76.33156,0.0,98.3,96.0,BAO MAY,IMO9410155,VRGV8,70,0,292,45,18.2,70,A
477770400,2021-02-21T07:28:48,36.87994,-76.33156,0.0,98.3,96.0,BAO MAY,IMO9410155,VRGV8,70,0,292,45,18.2,70,A
477770400,2021-02-21T07:16:18,36.87995,-76.33155,0.0,98.3,96.0,BAO MAY,IMO9410155,VRGV8,70,0,292,45,18.2,70,A
367862000,2021-02-21T07:42:45,36.94813,-76.32979,0.0,35.7,280.0,JOSHUA HUMPHREYS,IMO8302428,NNJH,80,5,193,29,,,A
338273000,2021-02-21T07:43:05,36.96274,-76.35727,0.0,69.5,21.0,SLNC YORK,IMO9538907,WNCG,70,1,142,23,5.5,70,A
368026000,2021-02-21T07:41:43,36.86576,-76.31603,0.0,224.2,511.0,BENAVIDEZ,IMO9218210,NBHG,70,5,289,32,10.9,70,A
356589000,2021-02-21T07:16:14,37.23802,-76.09462,0.0,151.6,349.0,DOUBLE FORTUNE,IMO9574119,3FHZ2,70,1,234,38,14.5,70,A
366841000,2021-02-21T07:30:10,36.85327,-76.31052,0.0,0.0,511.0,CAPE RAY,IMO7530810,KAFI,70,5,197,32,10.0,,A
368445000,2021-02-21T07:38:06,36.96308,-76.42015,0.0,55.8,188.0,OVERSEAS NIKISKI,IMO9353577,WDBH,80,5,183,32,12.2,80,A
477770400,2021-02-21T07:43:59,36.87994,-76.33156,0.0,98.3,96.0,BAO MAY,IMO9410155,VRGV8,70,0,292,45,18.2,70,A
367359930,2021-02-21T07:38:56,36.82421,-76.28913,0.0,313.3,511.0,SUNNY WILLIAMS,,WDE4940,80,0,25,8,,80,A
367822000,2021-02-21T07:41:09,36.97311,-76.43383,0.0,0.0,511.0,USNS SHUGHART,IMO7825394,NAOQ,70,5,276,32,13.0,70,A
428405000,2021-02-21T07:30:34,36.90623,-76.32668,0.0,351.6,352.0,ZIM QINGDAO,IMO9318163,4XFC,71,5,261,32,9.9,71,A
356643000,2021-02-21T07:44:06,36.93575,-76.37963,0.0,164.2,350.0,ARKI,IMO9561801,3ENP3,70,1,170,27,9.7,70,A
338273000,2021-02-21T07:31:05,36.96276,-76.35731,0.0,69.5,14.0,SLNC YORK,IMO9538907,WNCG,70,1,142,23,5.5,70,A
255806078,2021-02-21T07:44:43,36.90937,-76.32718,0.1,306.9,352.0,NORTHERN MAGNUM,IMO9252541,CQIV4,71,5,300,40,11.3,71,A
367359930,2021-02-21T07:17:45,36.82419,-76.28912,0.0,298.9,511.0,SUNNY WILLIAMS,,WDE4940,80,0,25,8,,80,A
367865000,2021-02-21T07:44:18,36.88692,-76.33857,0.0,286.4,11.0,KANAWHA,IMO8704080,NPTD,80,5,206,29,,,A
373765000,2021-02-21T07:33:22,37.26328,-76.10619,0.0,80.0,3.0,AM CONTRECOEUR,IMO9583184,3FBX4,70,1,229,32,14.4,,A
367821000,2021-02-21T07:40:53,36.97281,-76.43367,0.0,0.0,511.0,YANO,IMO7825409,NAQH,70,5,276,32,13.0,70,A
538005622,2021-02-21T07:18:16,36.87958,-76.32624,0.0,181.8,277.0,SASEBO GREEN,IMO9675468,V7FN3,70,5,225,32,14.4,,A
428405000,2021-02-21T07:33:34,36.90624,-76.32666,0.0,351.6,352.0,ZIM QINGDAO,IMO9318163,4XFC,71,5,261,32,9.9,71,A
338273000,2021-02-21T07:34:05,36.96277,-76.35738,0.0,69.5,12.0,SLNC YORK,IMO9538907,WNCG,70,1,142,23,5.5,70,A
368445000,2021-02-21T07:32:05,36.96305,-76.42012,0.0,55.8,188.0,OVERSEAS NIKISKI,IMO9353577,WDBH,80,5,183,32,12.2,80,A
373765000,2021-02-21T07:45:14,37.26325,-76.10622,0.1,80.0,2.0,AM CONTRECOEUR,IMO9583184,3FBX4,70,1,229,32,14.4,,A
338678000,2021-02-21T07:33:31,36.91623,-76.16842,0.0,265.4,10.0,DOLORES CHOUEST,IMO8225931,WCP8847,70,5,54,12,4.0,35,A
366841000,2021-02-21T07:45:08,36.85330,-76.31054,0.0,0.0,511.0,CAPE RAY,IMO7530810,KAFI,70,5,197,32,10.0,,A
367353070,2021-02-21T07:45:02,36.94417,-76.32957,0.0,155.0,267.0,EVERGREEN STATE,IMO9408138,WDE4430,80,5,183,32,11.8,89,A
636092329,2021-02-21T07:44:05,37.24626,-76.11882,0.1,299.5,1.0,BLUMENAU,IMO9605633,D5AL3,70,1,229,32,14.4,,A
636092329,2021-02-21T07:20:02,37.24630,-76.11890,0.0,299.5,2.0,BLUMENAU,IMO9605633,D5AL3,70,1,229,32,14.4,,A
356589000,2021-02-21T07:19:12,37.23802,-76.09464,0.1,229.5,350.0,DOUBLE FORTUNE,IMO9574119,3FHZ2,70,1,234,38,14.5,70,A
367359930,2021-02-21T07:42:44,36.82424,-76.28914,0.0,319.1,511.0,SUNNY WILLIAMS,,WDE4940,80,0,25,8,,80,A
366842000,2021-02-21T07:42:15,36.85385,-76.31118,0.0,0.0,42.0,CAPE RACE,IMO7616377,KAFJ,70,5,197,32,10.0,,A
366839000,2021-02-21T07:35:16,36.85345,-76.31082,0.0,0.0,40.0,CAPE RISE,IMO7530808,KAFG,70,5,197,32,10.0,,A
338846000,2021-02-21T07:46:46,36.86559,-76.31583,0.0,0.1,511.0,USNS MENDONCA,IMO9147320,NBMK,70,5,289,32,10.9,,A
367822000,2021-02-21T07:47:10,36.97312,-76.43384,0.0,0.0,511.0,USNS SHUGHART,IMO7825394,NAOQ,70,5,276,32,13.0,70,A
538005622,2021-02-21T07:42:16,36.87959,-76.32625,0.0,181.8,277.0,SASEBO GREEN,IMO9675468,V7FN3,70,5,225,32,14.4,,A
338678000,2021-02-21T07:42:31,36.91620,-76.16832,0.0,269.6,9.0,DOLORES CHOUEST,IMO8225931,WCP8847,70,5,54,12,4.0,35,A
636092329,2021-02-21T07:47:04,37.24627,-76.11883,0.1,299.5,2.0,BLUMENAU,IMO9605633,D5AL3,70,1,229,32,14.4,,A
477770400,2021-02-21T07:47:29,36.87994,-76.33157,0.0,98.3,96.0,BAO MAY,IMO9410155,VRGV8,70,0,292,45,18.2,70,A
477770400,2021-02-21T07:22:08,36.87995,-76.33155,0.0,98.3,96.0,BAO MAY,IMO9410155,VRGV8,70,0,292,45,18.2,70,A
367359930,2021-02-21T07:21:15,36.82420,-76.28912,0.0,297.0,511.0,SUNNY WILLIAMS,,WDE4940,80,0,25,8,,80,A
366842000,2021-02-21T07:48:17,36.85381,-76.31121,0.0,0.0,42.0,CAPE RACE,IMO7616377,KAFJ,70,5,197,32,10.0,,A
428405000,2021-02-21T07:48:34,36.90621,-76.32668,0.0,351.6,352.0,ZIM QINGDAO,IMO9318163,4XFC,71,5,261,32,9.9,71,A
367359930,2021-02-21T07:36:36,36.82422,-76.28913,0.0,307.6,511.0,SUNNY WILLIAMS,,WDE4940,80,0,25,8,,80,A
367359930,2021-02-21T07:46:16,36.82422,-76.28914,0.0,314.2,511.0,SUNNY WILLIAMS,,WDE4940,80,0,25,8,,80,A
366839000,2021-02-21T07:44:14,36.85350,-76.31084,0.0,0.0,40.0,CAPE RISE,IMO7530808,KAFG,70,5,197,32,10.0,,A
477770400,2021-02-21T07:36:59,36.87994,-76.33155,0.0,98.3,96.0,BAO MAY,IMO9410155,VRGV8,70,0,292,45,18.2,70,A
477770400,2021-02-21T07:48:30,36.87994,-76.33156,0.0,98.3,96.0,BAO MAY,IMO9410155,VRGV8,70,0,292,45,18.2,70,A
538005622,2021-02-21T07:36:16,36.87956,-76.32624,0.0,181.8,277.0,SASEBO GREEN,IMO9675468,V7FN3,70,5,225,32,14.4,,A
367821000,2021-02-21T07:22:53,36.97284,-76.43366,0.0,0.0,511.0,YANO,IMO7825409,NAQH,70,5,276,32,13.0,70,A
356589000,2021-02-21T07:49:11,37.23804,-76.09460,0.0,136.9,350.0,DOUBLE FORTUNE,IMO9574119,3FHZ2,70,1,234,38,14.5,70,A
428405000,2021-02-21T07:45:34,36.90619,-76.32667,0.0,351.6,352.0,ZIM QINGDAO,IMO9318163,4XFC,71,5,261,32,9.9,71,A
356643000,2021-02-21T07:47:04,36.93574,-76.37968,0.1,257.5,352.0,ARKI,IMO9561801,3ENP3,70,1,170,27,9.7,70,A
636092329,2021-02-21T07:23:00,37.24626,-76.11889,0.0,299.5,2.0,BLUMENAU,IMO9605633,D5AL3,70,1,229,32,14.4,,A
338273000,2021-02-21T07:49:05,36.96274,-76.35729,0.0,69.5,18.0,SLNC YORK,IMO9538907,WNCG,70,1,142,23,5.5,70,A
367865000,2021-02-21T07:47:19,36.88693,-76.33855,0.0,286.4,11.0,KANAWHA,IMO8704080,NPTD,80,5,206,29,,,A
477770400,2021-02-21T07:49:40,36.87994,-76.33158,0.0,98.3,96.0,BAO MAY,IMO9410155,VRGV8,70,0,292,45,18.2,70,A
356643000,2021-02-21T07:38:06,36.93575,-76.37960,0.1,169.6,351.0,ARKI,IMO9561801,3ENP3,70,1,170,27,9.7,70,A
367359930,2021-02-21T07:47:34,36.82422,-76.28912,0.0,311.9,511.0,SUNNY WILLIAMS,,WDE4940,80,0,25,8,,80,A
338846000,2021-02-21T07:43:47,36.86561,-76.31581,0.0,0.1,511.0,USNS MENDONCA,IMO9147320,NBMK,70,5,289,32,10.9,,A
368026000,2021-02-21T07:38:44,36.86577,-76.31602,0.0,224.2,511.0,BENAVIDEZ,IMO9218210,NBHG,70,5,289,32,10.9,70,A
428405000,2021-02-21T07:39:33,36.90624,-76.32667,0.0,351.6,352.0,ZIM QINGDAO,IMO9318163,4XFC,71,5,261,32,9.9,71,A
373765000,2021-02-21T07:24:17,37.26328,-76.10612,0.1,80.0,359.0,AM CONTRECOEUR,IMO9583184,3FBX4,70,1,229,32,14.4,,A
368445000,2021-02-21T07:44:05,36.96310,-76.42012,0.0,55.8,188.0,OVERSEAS NIKISKI,IMO9353577,WDBH,80,5,183,32,12.2,80,A
368026000,2021-02-21T07:50:43,36.86576,-76.31604,0.0,224.2,511.0,BENAVIDEZ,IMO9218210,NBHG,70,5,289,32,10.9,70,A
367821000,2021-02-21T07:43:52,36.97282,-76.43367,0.0,0.0,511.0,YANO,IMO7825409,NAQH,70,5,276,32,13.0,70,A
367862000,2021-02-21T07:48:44,36.94812,-76.32978,0.0,35.7,280.0,JOSHUA HUMPHREYS,IMO8302428,NNJH,80,5,193,29,,,A
367822000,2021-02-21T07:26:09,36.97312,-76.43385,0.0,0.0,511.0,USNS SHUGHART,IMO7825394,NAOQ,70,5,276,32,13.0,70,A
255806078,2021-02-21T07:47:42,36.90935,-76.32722,0.1,306.9,352.0,NORTHERN MAGNUM,IMO9252541,CQIV4,71,5,300,40,11.3,71,A
538005622,2021-02-21T07:51:16,36.87957,-76.32624,0.0,181.8,276.0,SASEBO GREEN,IMO9675468,V7FN3,70,5,225,32,14.4,,A
538005622,2021-02-21T07:45:16,36.87958,-76.32625,0.0,181.8,277.0,SASEBO GREEN,IMO9675468,V7FN3,70,5,225,32,14.4,,A
367359930,2021-02-21T07:48:44,36.82423,-76.28914,0.0,312.4,511.0,SUNNY WILLIAMS,,WDE4940,80,0,25,8,,80,A
538005622,2021-02-21T07:48:16,36.87958,-76.32625,0.0,181.8,277.0,SASEBO GREEN,IMO9675468,V7FN3,70,5,225,32,14.4,,A
477770400,2021-02-21T07:53:09,36.87994,-76.33156,0.0,98.3,96.0,BAO MAY,IMO9410155,VRGV8,70,0,292,45,18.2,70,A
373765000,2021-02-21T07:42:20,37.26329,-76.10617,0.0,80.0,1.0,AM CONTRECOEUR,IMO9583184,3FBX4,70,1,229,32,14.4,,A
477770400,2021-02-21T07:41:39,36.87993,-76.33155,0.0,98.3,96.0,BAO MAY,IMO9410155,VRGV8,70,0,292,45,18.2,70,A
367865000,2021-02-21T07:53:18,36.88687,-76.33852,0.0,286.4,11.0,KANAWHA,IMO8704080,NPTD,80,5,206,29,,,A
367359930,2021-02-21T07:50:56,36.82422,-76.28914,0.0,313.6,511.0,SUNNY WILLIAMS,,WDE4940,80,0,25,8,,80,A
366842000,2021-02-21T07:51:21,36.85381,-76.31118,0.0,0.0,42.0,CAPE RACE,IMO7616377,KAFJ,70,5,197,32,10.0,,A
636092329,2021-02-21T07:53:04,37.24630,-76.11881,0.1,299.5,3.0,BLUMENAU,IMO9605633,D5AL3,70,1,229,32,14.4,,A
477770400,2021-02-21T07:50:50,36.87991,-76.33155,0.0,98.3,96.0,BAO MAY,IMO9410155,VRGV8,70,0,292,45,18.2,70,A
368445000,2021-02-21T07:53:05,36.96314,-76.42012,0.0,55.8,188.0,OVERSEAS NIKISKI,IMO9353577,WDBH,80,5,183,32,12.2,80,A
356589000,2021-02-21T07:43:13,37.23803,-76.09466,0.1,156.3,351.0,DOUBLE FORTUNE,IMO9574119,3FHZ2,70,1,234,38,14.5,70,A
477770400,2021-02-21T07:42:48,36.87992,-76.33155,0.0,98.3,96.0,BAO MAY,IMO9410155,VRGV8,70,0,292,45,18.2,70,A
367822000,2021-02-21T07:44:09,36.97311,-76.43384,0.0,0.0,511.0,USNS SHUGHART,IMO7825394,NAOQ,70,5,276,32,13.0,70,A
366841000,2021-02-21T07:48:11,36.85330,-76.31057,0.0,0.0,511.0,CAPE RAY,IMO7530810,KAFI,70,5,197,32,10.0,,A
366839000,2021-02-21T07:50:15,36.85346,-76.31081,0.0,0.0,40.0,CAPE RISE,IMO7530808,KAFG,70,5,197,32,10.0,,A
373765000,2021-02-21T07:51:20,37.26326,-76.10636,0.0,80.0,6.0,AM CONTRECOEUR,IMO9583184,3FBX4,70,1,229,32,14.4,,A
477770400,2021-02-21T07:55:19,36.87993,-76.33155,0.0,98.3,96.0,BAO MAY,IMO9410155,VRGV8,70,0,292,45,18.2,70,A
220413000,2021-02-21T07:28:41,37.30091,-76.10674,11.3,31.1,30.0,GUNVOR MAERSK,IMO9302891,OYGC2,70,0,367,42,15.0,,A
366842000,2021-02-21T07:45:19,36.85386,-76.31120,0.0,0.0,42.0,CAPE RACE,IMO7616377,KAFJ,70,5,197,32,10.0,,A
373765000,2021-02-21T07:48:22,37.26322,-76.10632,0.1,80.0,4.0,AM CONTRECOEUR,IMO9583184,3FBX4,70,1,229,32,14.4,,A
338273000,2021-02-21T07:55:06,36.96277,-76.35738,0.0,69.5,14.0,SLNC YORK,IMO9538907,WNCG,70,1,142,23,5.5,70,A
338678000,2021-02-21T07:51:30,36.91625,-76.16845,0.0,268.5,10.0,DOLORES CHOUEST,IMO8225931,WCP8847,70,5,54,12,4.0,35,A
220413000,2021-02-21T07:29:42,37.30361,-76.10467,11.2,31.1,30.0,GUNVOR MAERSK,IMO9302891,OYGC2,70,0,367,42,15.0,,A
477770400,2021-02-21T07:46:19,36.87996,-76.33158,0.0,98.3,96.0,BAO MAY,IMO9410155,VRGV8,70,0,292,45,18.2,70,A
356643000,2021-02-21T07:53:08,36.93572,-76.37974,0.1,287.0,352.0,ARKI,IMO9561801,3ENP3,70,1,170,27,9.7,70,A
373765000,2021-02-21T07:54:20,37.26327,-76.10636,0.1,80.0,7.0,AM CONTRECOEUR,IMO9583184,3FBX4,70,1,229,32,14.4,,A
366842000,2021-02-21T07:54:16,36.85383,-76.31121,0.0,0.0,42.0,CAPE RACE,IMO7616377,KAFJ,70,5,197,32,10.0,,A
368026000,2021-02-21T07:56:44,36.86577,-76.31603,0.0,224.2,511.0,BENAVIDEZ,IMO9218210,NBHG,70,5,289,32,10.9,70,A
428405000,2021-02-21T07:54:33,36.90624,-76.32670,0.0,351.6,352.0,ZIM QINGDAO,IMO9318163,4XFC,71,5,261,32,9.9,71,A
367821000,2021-02-21T07:52:53,36.97281,-76.43367,0.0,0.0,511.0,YANO,IMO7825409,NAQH,70,5,276,32,13.0,70,A
367821000,2021-02-21T07:46:53,36.97282,-76.43367,0.0,0.0,511.0,YANO,IMO7825409,NAQH,70,5,276,32,13.0,70,A
366841000,2021-02-21T07:57:09,36.85328,-76.31052,0.0,0.0,511.0,CAPE RAY,IMO7530810,KAFI,70,5,197,32,10.0,,A
255806078,2021-02-21T07:53:44,36.90940,-76.32717,0.1,306.9,352.0,NORTHERN MAGNUM,IMO9252541,CQIV4,71,5,300,40,11.3,71,A
428405000,2021-02-21T07:57:34,36.90623,-76.32668,0.0,351.6,352.0,ZIM QINGDAO,IMO9318163,4XFC,71,5,261,32,9.9,71,A
338846000,2021-02-21T07:55:46,36.86558,-76.31582,0.0,0.1,511.0,USNS MENDONCA,IMO9147320,NBMK,70,5,289,32,10.9,,A
367822000,2021-02-21T07:59:10,36.97313,-76.43383,0.0,0.0,511.0,USNS SHUGHART,IMO7825394,NAOQ,70,5,276,32,13.0,70,A
636092329,2021-02-21T07:59:02,37.24629,-76.11873,0.1,299.5,1.0,BLUMENAU,IMO9605633,D5AL3,70,1,229,32,14.4,,A
367353070,2021-02-21T07:57:04,36.94418,-76.32948,0.0,155.0,267.0,EVERGREEN STATE,IMO9408138,WDE4430,80,5,183,32,11.8,89,A
366842000,2021-02-21T07:57:11,36.85382,-76.31121,0.0,0.0,42.0,CAPE RACE,IMO7616377,KAFJ,70,5,197,32,10.0,,A
366839000,2021-02-21T07:56:17,36.85347,-76.31079,0.0,0.0,40.0,CAPE RISE,IMO7530808,KAFG,70,5,197,32,10.0,,A
366839000,2021-02-21T07:59:19,36.85346,-76.31075,0.0,0.0,40.0,CAPE RISE,IMO7530808,KAFG,70,5,197,32,10.0,,A
356589000,2021-02-21T07:34:13,37.23804,-76.09467,0.0,200.7,349.0,DOUBLE FORTUNE,IMO9574119,3FHZ2,70,1,234,38,14.5,70,A
367359930,2021-02-21T07:56:54,36.82420,-76.28914,0.0,304.4,511.0,SUNNY WILLIAMS,,WDE4940,80,0,25,8,,80,A
367865000,2021-02-21T07:56:19,36.88693,-76.33852,0.0,286.4,11.0,KANAWHA,IMO8704080,NPTD,80,5,206,29,,,A
367865000,2021-02-21T07:59:19,36.88698,-76.33856,0.0,286.4,11.0,KANAWHA,IMO8704080,NPTD,80,5,206,29,,,A
338846000,2021-02-21T07:49:46,36.86557,-76.31582,0.0,0.1,511.0,USNS MENDONCA,IMO9147320,NBMK,70,5,289,32,10.9,,A
366841000,2021-02-21T07:33:08,36.85328,-76.31053,0.0,0.0,511.0,CAPE RAY,IMO7530810,KAFI,70,5,197,32,10.0,,A
366841000,2021-02-21T08:00:09,36.85327,-76.31055,0.0,0.0,511.0,CAPE RAY,IMO7530810,KAFI,70,5,197,32,10.0,,A
367821000,2021-02-21T07:49:54,36.97281,-76.43367,0.0,0.0,511.0,YANO,IMO7825409,NAQH,70,5,276,32,13.0,70,A
538005622,2021-02-21T07:57:16,36.87956,-76.32623,0.0,181.8,276.0,SASEBO GREEN,IMO9675468,V7FN3,70,5,225,32,14.4,,A
220413000,2021-02-21T07:34:21,37.31608,-76.09503,11.2,30.6,24.0,GUNVOR MAERSK,IMO9302891,OYGC2,70,0,367,42,15.0,,A
367359930,2021-02-21T07:52:05,36.82421,-76.28913,0.0,309.3,511.0,SUNNY WILLIAMS,,WDE4940,80,0,25,8,,80,A
367359930,2021-02-21T07:34:15,36.82420,-76.28913,0.0,290.6,511.0,SUNNY WILLIAMS,,WDE4940,80,0,25,8,,80,A
367862000,2021-02-21T07:57:45,36.94806,-76.32972,0.0,35.7,280.0,JOSHUA HUMPHREYS,IMO8302428,NNJH,80,5,193,29,,,A
368445000,2021-02-21T07:50:05,36.96311,-76.42007,0.0,55.8,188.0,OVERSEAS NIKISKI,IMO9353577,WDBH,80,5,183,32,12.2,80,A
368445000,2021-02-21T07:59:06,36.96307,-76.42015,0.0,55.8,188.0,OVERSEAS NIKISKI,IMO9353577,WDBH,80,5,183,32,12.2,80,A
366842000,2021-02-21T08:00:16,36.85384,-76.31119,0.0,0.0,42.0,CAPE RACE,IMO7616377,KAFJ,70,5,197,32,10.0,,A
338846000,2021-02-21T07:34:46,36.86558,-76.31584,0.0,0.1,511.0,USNS MENDONCA,IMO9147320,NBMK,70,5,289,32,10.9,,A
367359930,2021-02-21T07:58:05,36.82418,-76.28914,0.1,311.4,511.0,SUNNY WILLIAMS,,WDE4940,80,0,25,8,,80,A
373765000,2021-02-21T07:57:19,37.26329,-76.10635,0.1,80.0,6.0,AM CONTRECOEUR,IMO9583184,3FBX4,70,1,229,32,14.4,,A
368026000,2021-02-21T07:53:44,36.86577,-76.31605,0.0,224.2,511.0,BENAVIDEZ,IMO9218210,NBHG,70,5,289,32,10.9,70,A
366839000,2021-02-21T07:53:18,36.85350,-76.31085,0.0,0.0,40.0,CAPE RISE,IMO7530808,KAFG,70,5,197,32,10.0,,A
338846000,2021-02-21T07:58:45,36.86558,-76.31580,0.0,0.1,511.0,USNS MENDONCA,IMO9147320,NBMK,70,5,289,32,10.9,,A
338273000,2021-02-21T07:58:06,36.96277,-76.35749,0.0,69.5,17.0,SLNC YORK,IMO9538907,WNCG,70,1,142,23,5.5,70,A
338678000,2021-02-21T08:00:31,36.91624,-76.16846,0.0,276.1,9.0,DOLORES CHOUEST,IMO8225931,WCP8847,70,5,54,12,4.0,35,A
367359930,2021-02-21T07:53:14,36.82421,-76.28913,0.0,303.3,511.0,SUNNY WILLIAMS,,WDE4940,80,0,25,8,,80,A
366841000,2021-02-21T07:54:04,36.85328,-76.31058,0.0,0.0,511.0,CAPE RAY,IMO7530810,KAFI,70,5,197,32,10.0,,A
356643000,2021-02-21T08:02:07,36.93570,-76.37990,0.1,236.0,358.0,ARKI,IMO9561801,3ENP3,70,1,170,27,9.7,70,A
366842000,2021-02-21T07:36:14,36.85383,-76.31120,0.0,0.0,42.0,CAPE RACE,IMO7616377,KAFJ,70,5,197,32,10.0,,A
477770400,2021-02-21T07:54:10,36.87993,-76.33155,0.0,98.3,96.0,BAO MAY,IMO9410155,VRGV8,70,0,292,45,18.2,70,A
428405000,2021-02-21T07:36:33,36.90626,-76.32669,0.0,351.6,352.0,ZIM QINGDAO,IMO9318163,4XFC,71,5,261,32,9.9,71,A
366842000,2021-02-21T08:03:17,36.85387,-76.31119,0.0,0.0,42.0,CAPE RACE,IMO7616377,KAFJ,70,5,197,32,10.0,,A
366841000,2021-02-21T08:03:11,36.85332,-76.31053,0.0,0.0,511.0,CAPE RAY,IMO7530810,KAFI,70,5,197,32,10.0,,A
366839000,2021-02-21T08:02:17,36.85347,-76.31081,0.0,0.0,40.0,CAPE RISE,IMO7530808,KAFG,70,5,197,32,10.0,,A
477770400,2021-02-21T08:00:00,36.87994,-76.33155,0.0,98.3,96.0,BAO MAY,IMO9410155,VRGV8,70,0,292,45,18.2,70,A
367822000,2021-02-21T07:38:08,36.97308,-76.43381,0.0,0.0,511.0,USNS SHUGHART,IMO7825394,NAOQ,70,5,276,32,13.0,70,A
367353070,2021-02-21T07:54:01,36.94417,-76.32947,0.0,155.0,267.0,EVERGREEN STATE,IMO9408138,WDE4430,80,5,183,32,11.8,89,A
428405000,2021-02-21T08:03:34,36.90626,-76.32668,0.0,351.6,352.0,ZIM QINGDAO,IMO9318163,4XFC,71,5,261,32,9.9,71,A
368026000,2021-02-21T08:02:43,36.86578,-76.31602,0.0,224.2,511.0,BENAVIDEZ,IMO9218210,NBHG,70,5,289,32,10.9,70,A
338678000,2021-02-21T07:54:31,36.91624,-76.16846,0.0,274.0,10.0,DOLORES CHOUEST,IMO8225931,WCP8847,70,5,54,12,4.0,35,A
373765000,2021-02-21T08:03:20,37.26328,-76.10627,0.0,80.0,4.0,AM CONTRECOEUR,IMO9583184,3FBX4,70,1,229,32,14.4,,A
367862000,2021-02-21T08:03:44,36.94796,-76.32971,0.0,35.7,280.0,JOSHUA HUMPHREYS,IMO8302428,NNJH,80,5,193,29,,,A
538005622,2021-02-21T08:03:16,36.87958,-76.32627,0.0,181.8,276.0,SASEBO GREEN,IMO9675468,V7FN3,70,5,225,32,14.4,,A
636092329,2021-02-21T07:56:05,37.24630,-76.11882,0.1,299.5,3.0,BLUMENAU,IMO9605633,D5AL3,70,1,229,32,14.4,,A
255806078,2021-02-21T07:56:49,36.90935,-76.32718,0.1,306.9,352.0,NORTHERN MAGNUM,IMO9252541,CQIV4,71,5,300,40,11.3,71,A
368026000,2021-02-21T08:05:43,36.86577,-76.31603,0.0,224.2,511.0,BENAVIDEZ,IMO9218210,NBHG,70,5,289,32,10.9,70,A
367822000,2021-02-21T07:56:09,36.97313,-76.43383,0.0,0.0,511.0,USNS SHUGHART,IMO7825394,NAOQ,70,5,276,32,13.0,70,A
367862000,2021-02-21T07:39:44,36.94814,-76.32972,0.0,35.7,280.0,JOSHUA HUMPHREYS,IMO8302428,NNJH,80,5,193,29,,,A
356643000,2021-02-21T07:56:07,36.93570,-76.37980,0.0,202.0,354.0,ARKI,IMO9561801,3ENP3,70,1,170,27,9.7,70,A
367821000,2021-02-21T08:01:53,36.97281,-76.43367,0.0,0.0,511.0,YANO,IMO7825409,NAQH,70,5,276,32,13.0,70,A
367359930,2021-02-21T07:55:34,36.82421,-76.28914,0.0,296.7,511.0,SUNNY WILLIAMS,,WDE4940,80,0,25,8,,80,A
477770400,2021-02-21T07:56:28,36.87990,-76.33154,0.0,98.3,96.0,BAO MAY,IMO9410155,VRGV8,70,0,292,45,18.2,70,A
338846000,2021-02-21T08:04:47,36.86560,-76.31581,0.0,0.1,511.0,USNS MENDONCA,IMO9147320,NBMK,70,5,289,32,10.9,,A
367359930,2021-02-21T08:03:35,36.82421,-76.28909,0.1,314.3,511.0,SUNNY WILLIAMS,,WDE4940,80,0,25,8,,80,A
367353070,2021-02-21T08:03:04,36.94417,-76.32948,0.0,155.0,267.0,EVERGREEN STATE,IMO9408138,WDE4430,80,5,183,32,11.8,89,A
356589000,2021-02-21T07:40:13,37.23802,-76.09469,0.0,213.3,352.0,DOUBLE FORTUNE,IMO9574119,3FHZ2,70,1,234,38,14.5,70,A
477770400,2021-02-21T08:05:40,36.87994,-76.33155,0.0,98.3,96.0,BAO MAY,IMO9410155,VRGV8,70,0,292,45,18.2,70,A
338678000,2021-02-21T07:57:31,36.91626,-76.16851,0.0,269.9,10.0,DOLORES CHOUEST,IMO8225931,WCP8847,70,5,54,12,4.0,35,A
356589000,2021-02-21T08:07:14,37.23806,-76.09462,0.1,26.4,351.0,DOUBLE FORTUNE,IMO9574119,3FHZ2,70,1,234,38,14.5,70,A
367821000,2021-02-21T08:04:52,36.97281,-76.43367,0.0,0.0,511.0,YANO,IMO7825409,NAQH,70,5,276,32,13.0,70,A
367865000,2021-02-21T07:41:19,36.88691,-76.33853,0.0,286.4,11.0,KANAWHA,IMO8704080,NPTD,80,5,206,29,,,A
220413000,2021-02-21T07:41:21,37.33656,-76.08583,11.4,16.1,15.0,GUNVOR MAERSK,IMO9302891,OYGC2,70,0,367,42,15.0,,A
367359930,2021-02-21T07:41:36,36.82420,-76.28913,0.0,318.2,511.0,SUNNY WILLIAMS,,WDE4940,80,0,25,8,,80,A
367359930,2021-02-21T08:05:55,36.82424,-76.28911,0.0,311.9,511.0,SUNNY WILLIAMS,,WDE4940,80,0,25,8,,80,A
367359930,2021-02-21T08:04:45,36.82425,-76.28911,0.0,314.1,511.0,SUNNY WILLIAMS,,WDE4940,80,0,25,8,,80,A
367359930,2021-02-21T07:59:14,36.82419,-76.28914,0.0,318.7,511.0,SUNNY WILLIAMS,,WDE4940,80,0,25,8,,80,A
338273000,2021-02-21T08:07:05,36.96271,-76.35736,0.0,69.5,25.0,SLNC YORK,IMO9538907,WNCG,70,1,142,23,5.5,70,A
477770400,2021-02-21T08:04:39,36.87993,-76.33154,0.0,98.3,96.0,BAO MAY,IMO9410155,VRGV8,70,0,292,45,18.2,70,A
368026000,2021-02-21T07:59:43,36.86577,-76.31604,0.0,224.2,511.0,BENAVIDEZ,IMO9218210,NBHG,70,5,289,32,10.9,70,A
356643000,2021-02-21T07:59:07,36.93570,-76.37981,0.1,193.1,351.0,ARKI,IMO9561801,3ENP3,70,1,170,27,9.7,70,A
367821000,2021-02-21T08:07:54,36.97285,-76.43367,0.0,0.0,511.0,YANO,IMO7825409,NAQH,70,5,276,32,13.0,70,A
477770400,2021-02-21T08:08:58,36.87994,-76.33154,0.0,98.3,96.0,BAO MAY,IMO9410155,VRGV8,70,0,292,45,18.2,70,A
367359930,2021-02-21T07:43:56,36.82424,-76.28913,0.0,317.1,511.0,SUNNY WILLIAMS,,WDE4940,80,0,25,8,,80,A
367359930,2021-02-21T08:00:05,36.82419,-76.28912,0.1,316.3,511.0,SUNNY WILLIAMS,,WDE4940,80,0,25,8,,80,A
367865000,2021-02-21T08:05:18,36.88693,-76.33855,0.0,286.4,11.0,KANAWHA,IMO8704080,NPTD,80,5,206,29,,,A
636092329,2021-02-21T08:08:02,37.24623,-76.11856,0.1,299.5,357.0,BLUMENAU,IMO9605633,D5AL3,70,1,229,32,14.4,,A
367353070,2021-02-21T08:09:01,36.94418,-76.32948,0.0,155.0,267.0,EVERGREEN STATE,IMO9408138,WDE4430,80,5,183,32,11.8,89,A
477770400,2021-02-21T08:00:00,36.87994,-76.33155,0.0,98.3,96.0,BAO MAY,IMO9410155,VRGV8,70,0,292,45,18.2,70,A
477770400,2021-02-21T07:45:09,36.87995,-76.33156,0.0,98.3,96.0,BAO MAY,IMO9410155,VRGV8,70,0,292,45,18.2,70,A
367862000,2021-02-21T08:09:44,36.94822,-76.32971,0.0,35.7,280.0,JOSHUA HUMPHREYS,IMO8302428,NNJH,80,5,193,29,,,A
338678000,2021-02-21T07:45:31,36.91630,-76.16849,0.0,276.0,10.0,DOLORES CHOUEST,IMO8225931,WCP8847,70,5,54,12,4.0,35,A
477770400,2021-02-21T08:01:09,36.87994,-76.33155,0.0,98.3,96.0,BAO MAY,IMO9410155,VRGV8,70,0,292,45,18.2,70,A
538005622,2021-02-21T08:09:16,36.87954,-76.32623,0.0,181.8,276.0,SASEBO GREEN,IMO9675468,V7FN3,70,5,225,32,14.4,,A
538005622,2021-02-21T08:00:16,36.87956,-76.32622,0.0,181.8,276.0,SASEBO GREEN,IMO9675468,V7FN3,70,5,225,32,14.4,,A
367353070,2021-02-21T08:00:01,36.94418,-76.32948,0.0,155.0,267.0,EVERGREEN STATE,IMO9408138,WDE4430,80,5,183,32,11.8,89,A
367865000,2021-02-21T08:11:19,36.88695,-76.33857,0.0,286.4,11.0,KANAWHA,IMO8704080,NPTD,80,5,206,29,,,A
367821000,2021-02-21T08:10:53,36.97282,-76.43369,0.0,0.0,511.0,YANO,IMO7825409,NAQH,70,5,276,32,13.0,70,A
368026000,2021-02-21T08:11:43,36.86578,-76.31604,0.0,224.2,511.0,BENAVIDEZ,IMO9218210,NBHG,70,5,289,32,10.9,70,A
356589000,2021-02-21T08:01:11,37.23804,-76.09456,0.0,285.4,346.0,DOUBLE FORTUNE,IMO9574119,3FHZ2,70,1,234,38,14.5,70,A
338273000,2021-02-21T07:46:05,36.96274,-76.35732,0.0,69.5,17.0,SLNC YORK,IMO9538907,WNCG,70,1,142,23,5.5,70,A
368445000,2021-02-21T08:02:05,36.96311,-76.42010,0.0,55.8,188.0,OVERSEAS NIKISKI,IMO9353577,WDBH,80,5,183,32,12.2,80,A
367359930,2021-02-21T08:02:24,36.82431,-76.28911,0.1,304.2,511.0,SUNNY WILLIAMS,,WDE4940,80,0,25,8,,80,A
636092329,2021-02-21T08:02:04,37.24627,-76.11866,0.1,299.5,358.0,BLUMENAU,IMO9605633,D5AL3,70,1,229,32,14.4,,A
477770400,2021-02-21T08:11:09,36.87991,-76.33155,0.0,98.3,96.0,BAO MAY,IMO9410155,VRGV8,70,0,292,45,18.2,70,A
356643000,2021-02-21T08:08:06,36.93570,-76.37990,0.0,306.7,356.0,ARKI,IMO9561801,3ENP3,70,1,170,27,9.7,70,A
477770400,2021-02-21T08:03:29,36.87993,-76.33155,0.0,98.3,96.0,BAO MAY,IMO9410155,VRGV8,70,0,292,45,18.2,70,A
356589000,2021-02-21T08:13:13,37.23804,-76.09453,0.1,77.9,349.0,DOUBLE FORTUNE,IMO9574119,3FHZ2,70,1,234,38,14.5,70,A
366839000,2021-02-21T08:08:18,36.85350,-76.31080,0.0,0.0,40.0,CAPE RISE,IMO7530808,KAFG,70,5,197,32,10.0,,A
366839000,2021-02-21T08:11:17,36.85348,-76.31083,0.0,0.0,40.0,CAPE RISE,IMO7530808,KAFG,70,5,197,32,10.0,,A
255806078,2021-02-21T08:02:48,36.90935,-76.32718,0.1,306.9,352.0,NORTHERN MAGNUM,IMO9252541,CQIV4,71,5,300,40,11.3,71,A
367359930,2021-02-21T08:12:04,36.82421,-76.28911,0.0,297.3,511.0,SUNNY WILLIAMS,,WDE4940,80,0,25,8,,80,A
338678000,2021-02-21T07:48:30,36.91624,-76.16851,0.0,274.9,9.0,DOLORES CHOUEST,IMO8225931,WCP8847,70,5,54,12,4.0,35,A
366842000,2021-02-21T08:12:17,36.85382,-76.31121,0.0,0.0,42.0,CAPE RACE,IMO7616377,KAFJ,70,5,197,32,10.0,,A
338273000,2021-02-21T08:04:05,36.96272,-76.35741,0.0,69.5,24.0,SLNC YORK,IMO9538907,WNCG,70,1,142,23,5.5,70,A
367862000,2021-02-21T08:12:45,36.94815,-76.32972,0.0,35.7,280.0,JOSHUA HUMPHREYS,IMO8302428,NNJH,80,5,193,29,,,A
356589000,2021-02-21T08:04:12,37.23803,-76.09462,0.1,202.8,349.0,DOUBLE FORTUNE,IMO9574119,3FHZ2,70,1,234,38,14.5,70,A
636092329,2021-02-21T07:50:03,37.24626,-76.11882,0.0,299.5,3.0,BLUMENAU,IMO9605633,D5AL3,70,1,229,32,14.4,,A
356643000,2021-02-21T07:50:06,36.93573,-76.37971,0.0,0.7,353.0,ARKI,IMO9561801,3ENP3,70,1,170,27,9.7,70,A
366839000,2021-02-21T08:05:18,36.85349,-76.31079,0.0,0.0,40.0,CAPE RISE,IMO7530808,KAFG,70,5,197,32,10.0,,A
366841000,2021-02-21T07:51:04,36.85323,-76.31047,0.0,0.0,511.0,CAPE RAY,IMO7530810,KAFI,70,5,197,32,10.0,,A
338273000,2021-02-21T08:13:05,36.96271,-76.35731,0.0,69.5,21.0,SLNC YORK,IMO9538907,WNCG,70,1,142,23,5.5,70,A
356643000,2021-02-21T08:14:05,36.93570,-76.37990,0.1,131.2,1.0,ARKI,IMO9561801,3ENP3,70,1,170,27,9.7,70,A
255806078,2021-02-21T08:05:51,36.90937,-76.32718,0.1,306.9,352.0,NORTHERN MAGNUM,IMO9252541,CQIV4,71,5,300,40,11.3,71,A
477770400,2021-02-21T08:14:39,36.87994,-76.33155,0.0,98.3,96.0,BAO MAY,IMO9410155,VRGV8,70,0,292,45,18.2,70,A
366841000,2021-02-21T08:06:09,36.85332,-76.31052,0.0,0.0,511.0,CAPE RAY,IMO7530810,KAFI,70,5,197,32,10.0,,A
366842000,2021-02-21T08:15:11,36.85386,-76.31118,0.0,0.0,42.0,CAPE RACE,IMO7616377,KAFJ,70,5,197,32,10.0,,A
373765000,2021-02-21T08:12:23,37.26325,-76.10628,0.0,80.0,4.0,AM CONTRECOEUR,IMO9583184,3FBX4,70,1,229,32,14.4,,A
636092329,2021-02-21T08:11:04,37.24627,-76.11851,0.0,299.5,355.0,BLUMENAU,IMO9605633,D5AL3,70,1,229,32,14.4,,A
538005622,2021-02-21T08:15:16,36.87956,-76.32624,0.0,181.8,276.0,SASEBO GREEN,IMO9675468,V7FN3,70,5,225,32,14.4,,A
338678000,2021-02-21T08:15:30,36.91622,-76.16840,0.0,287.2,9.0,DOLORES CHOUEST,IMO8225931,WCP8847,70,5,54,12,4.0,35,A
338678000,2021-02-21T08:12:31,36.91624,-76.16844,0.0,282.1,10.0,DOLORES CHOUEST,IMO8225931,WCP8847,70,5,54,12,4.0,35,A
367822000,2021-02-21T08:05:10,36.97312,-76.43383,0.0,0.0,511.0,USNS SHUGHART,IMO7825394,NAOQ,70,5,276,32,13.0,70,A
367359930,2021-02-21T08:16:55,36.82421,-76.28912,0.0,296.7,511.0,SUNNY WILLIAMS,,WDE4940,80,0,25,8,,80,A
338846000,2021-02-21T08:13:46,36.86561,-76.31582,0.0,0.1,511.0,USNS MENDONCA,IMO9147320,NBMK,70,5,289,32,10.9,,A
367865000,2021-02-21T08:08:18,36.88691,-76.33855,0.0,286.4,11.0,KANAWHA,IMO8704080,NPTD,80,5,206,29,,,A
368026000,2021-02-21T08:08:43,36.86578,-76.31603,0.0,224.2,511.0,BENAVIDEZ,IMO9218210,NBHG,70,5,289,32,10.9,70,A
367865000,2021-02-21T08:17:19,36.88694,-76.33851,0.0,286.4,11.0,KANAWHA,IMO8704080,NPTD,80,5,206,29,,,A
373765000,2021-02-21T08:18:15,37.26326,-76.10631,0.1,80.0,5.0,AM CONTRECOEUR,IMO9583184,3FBX4,70,1,229,32,14.4,,A
373765000,2021-02-21T08:06:23,37.26327,-76.10623,0.1,80.0,3.0,AM CONTRECOEUR,IMO9583184,3FBX4,70,1,229,32,14.4,,A
338678000,2021-02-21T08:06:30,36.91620,-76.16844,0.0,267.7,9.0,DOLORES CHOUEST,IMO8225931,WCP8847,70,5,54,12,4.0,35,A
367353070,2021-02-21T08:18:04,36.94418,-76.32948,0.0,155.0,267.0,EVERGREEN STATE,IMO9408138,WDE4430,80,5,183,32,11.8,89,A
367822000,2021-02-21T08:14:10,36.97313,-76.43383,0.0,0.0,511.0,USNS SHUGHART,IMO7825394,NAOQ,70,5,276,32,13.0,70,A
367359930,2021-02-21T08:07:05,36.82423,-76.28911,0.0,303.3,511.0,SUNNY WILLIAMS,,WDE4940,80,0,25,8,,80,A
367359930,2021-02-21T08:15:45,36.82422,-76.28912,0.0,297.2,511.0,SUNNY WILLIAMS,,WDE4940,80,0,25,8,,80,A
367353070,2021-02-21T08:15:02,36.94418,-76.32948,0.0,155.0,267.0,EVERGREEN STATE,IMO9408138,WDE4430,80,5,183,32,11.8,89,A
367862000,2021-02-21T08:18:44,36.94813,-76.32980,0.0,35.7,280.0,JOSHUA HUMPHREYS,IMO8302428,NNJH,80,5,193,29,,,A
356589000,2021-02-21T08:10:11,37.23806,-76.09459,0.1,147.2,350.0,DOUBLE FORTUNE,IMO9574119,3FHZ2,70,1,234,38,14.5,70,A
367821000,2021-02-21T08:16:53,36.97282,-76.43367,0.0,0.0,511.0,YANO,IMO7825409,NAQH,70,5,276,32,13.0,70,A
367359930,2021-02-21T08:09:25,36.82421,-76.28912,0.0,301.9,511.0,SUNNY WILLIAMS,,WDE4940,80,0,25,8,,80,A
338846000,2021-02-21T08:10:46,36.86561,-76.31581,0.0,0.1,511.0,USNS MENDONCA,IMO9147320,NBMK,70,5,289,32,10.9,,A
373765000,2021-02-21T08:09:19,37.26328,-76.10626,0.0,80.0,4.0,AM CONTRECOEUR,IMO9583184,3FBX4,70,1,229,32,14.4,,A
356643000,2021-02-21T08:11:05,36.93571,-76.37993,0.1,14.9,1.0,ARKI,IMO9561801,3ENP3,70,1,170,27,9.7,70,A
367359930,2021-02-21T08:20:26,36.82419,-76.28913,0.0,301.5,511.0,SUNNY WILLIAMS,,WDE4940,80,0,25,8,,80,A
367822000,2021-02-21T08:20:09,36.97312,-76.43383,0.0,0.0,511.0,USNS SHUGHART,IMO7825394,NAOQ,70,5,276,32,13.0,70,A
636092329,2021-02-21T08:20:07,37.24627,-76.11858,0.1,299.5,358.0,BLUMENAU,IMO9605633,D5AL3,70,1,229,32,14.4,,A
356643000,2021-02-21T08:20:07,36.93573,-76.37984,0.0,339.3,350.0,ARKI,IMO9561801,3ENP3,70,1,170,27,9.7,70,A
477770400,2021-02-21T08:20:28,36.87994,-76.33154,0.0,98.3,96.0,BAO MAY,IMO9410155,VRGV8,70,0,292,45,18.2,70,A
477770400,2021-02-21T08:09:59,36.87996,-76.33154,0.0,98.3,96.0,BAO MAY,IMO9410155,VRGV8,70,0,292,45,18.2,70,A
477770400,2021-02-21T08:21:39,36.87992,-76.33155,0.0,98.3,96.0,BAO MAY,IMO9410155,VRGV8,70,0,292,45,18.2,70,A
538005622,2021-02-21T07:54:16,36.87956,-76.32624,0.0,181.8,276.0,SASEBO GREEN,IMO9675468,V7FN3,70,5,225,32,14.4,,A
367359930,2021-02-21T07:54:24,36.82421,-76.28914,0.0,301.3,511.0,SUNNY WILLIAMS,,WDE4940,80,0,25,8,,80,A
356589000,2021-02-21T07:55:15,37.23805,-76.09453,0.0,88.1,346.0,DOUBLE FORTUNE,IMO9574119,3FHZ2,70,1,234,38,14.5,70,A
428405000,2021-02-21T08:21:35,36.90630,-76.32667,0.0,351.5,352.0,ZIM QINGDAO,IMO9318163,4XFC,71,5,261,32,9.9,71,A
538005622,2021-02-21T08:18:16,36.87956,-76.32625,0.0,181.8,276.0,SASEBO GREEN,IMO9675468,V7FN3,70,5,225,32,14.4,,A
356589000,2021-02-21T08:19:12,37.23806,-76.09441,0.0,134.0,343.0,DOUBLE FORTUNE,IMO9574119,3FHZ2,70,1,234,38,14.5,70,A
538005622,2021-02-21T08:21:16,36.87954,-76.32625,0.0,181.8,276.0,SASEBO GREEN,IMO9675468,V7FN3,70,5,225,32,14.4,,A
255806078,2021-02-21T08:11:55,36.90935,-76.32720,0.1,306.9,352.0,NORTHERN MAGNUM,IMO9252541,CQIV4,71,5,300,40,11.3,71,A
338678000,2021-02-21T08:18:31,36.91623,-76.16841,0.0,288.2,9.0,DOLORES CHOUEST,IMO8225931,WCP8847,70,5,54,12,4.0,35,A
338273000,2021-02-21T08:22:05,36.96276,-76.35747,0.1,69.5,15.0,SLNC YORK,IMO9538907,WNCG,70,1,142,23,5.5,70,A
356589000,2021-02-21T08:22:13,37.23804,-76.09443,0.0,134.0,343.0,DOUBLE FORTUNE,IMO9574119,3FHZ2,70,1,234,38,14.5,70,A
538005622,2021-02-21T08:12:16,36.87954,-76.32624,0.0,181.8,276.0,SASEBO GREEN,IMO9675468,V7FN3,70,5,225,32,14.4,,A
367359930,2021-02-21T08:13:15,36.82421,-76.28913,0.0,297.6,511.0,SUNNY WILLIAMS,,WDE4940,80,0,25,8,,80,A
367359930,2021-02-21T08:22:54,36.82419,-76.28912,0.0,295.0,511.0,SUNNY WILLIAMS,,WDE4940,80,0,25,8,,80,A
356589000,2021-02-21T07:58:12,37.23803,-76.09452,0.0,166.6,345.0,DOUBLE FORTUNE,IMO9574119,3FHZ2,70,1,234,38,14.5,70,A
367821000,2021-02-21T08:13:53,36.97282,-76.43368,0.0,0.0,511.0,YANO,IMO7825409,NAQH,70,5,276,32,13.0,70,A
367865000,2021-02-21T08:14:19,36.88691,-76.33849,0.0,286.4,11.0,KANAWHA,IMO8704080,NPTD,80,5,206,29,,,A
367822000,2021-02-21T08:23:09,36.97308,-76.43387,0.0,0.0,511.0,USNS SHUGHART,IMO7825394,NAOQ,70,5,276,32,13.0,70,A
636092329,2021-02-21T08:14:05,37.24626,-76.11854,0.0,299.5,356.0,BLUMENAU,IMO9605633,D5AL3,70,1,229,32,14.4,,A
368026000,2021-02-21T08:20:44,36.86578,-76.31605,0.0,224.2,511.0,BENAVIDEZ,IMO9218210,NBHG,70,5,289,32,10.9,70,A
368026000,2021-02-21T08:23:43,36.86579,-76.31604,0.0,224.2,511.0,BENAVIDEZ,IMO9218210,NBHG,70,5,289,32,10.9,70,A
255806078,2021-02-21T08:20:57,36.90928,-76.32720,0.1,306.9,352.0,NORTHERN MAGNUM,IMO9252541,CQIV4,71,5,300,40,11.3,71,A
367359930,2021-02-21T08:14:25,36.82422,-76.28911,0.0,293.8,511.0,SUNNY WILLIAMS,,WDE4940,80,0,25,8,,80,A
367862000,2021-02-21T08:24:44,36.94819,-76.32975,0.0,35.7,280.0,JOSHUA HUMPHREYS,IMO8302428,NNJH,80,5,193,29,,,A
366839000,2021-02-21T08:14:18,36.85349,-76.31082,0.0,0.0,40.0,CAPE RISE,IMO7530808,KAFG,70,5,197,32,10.0,,A
428405000,2021-02-21T08:24:34,36.90624,-76.32667,0.0,351.5,352.0,ZIM QINGDAO,IMO9318163,4XFC,71,5,261,32,9.9,71,A
477770400,2021-02-21T08:23:48,36.87994,-76.33152,0.0,98.3,96.0,BAO MAY,IMO9410155,VRGV8,70,0,292,45,18.2,70,A
338678000,2021-02-21T08:24:30,36.91622,-76.16844,0.0,291.6,10.0,DOLORES CHOUEST,IMO8225931,WCP8847,70,5,54,12,4.0,35,A
367865000,2021-02-21T08:23:19,36.88690,-76.33854,0.0,286.4,11.0,KANAWHA,IMO8704080,NPTD,80,5,206,29,,,A
373765000,2021-02-21T08:24:18,37.26329,-76.10629,0.0,80.0,6.0,AM CONTRECOEUR,IMO9583184,3FBX4,70,1,229,32,14.4,,A
368445000,2021-02-21T08:14:05,36.96312,-76.42012,0.0,55.8,188.0,OVERSEAS NIKISKI,IMO9353577,WDBH,80,5,183,32,12.2,80,A
366842000,2021-02-21T08:21:15,36.85383,-76.31115,0.0,0.0,42.0,CAPE RACE,IMO7616377,KAFJ,70,5,197,32,10.0,,A
338678000,2021-02-21T08:21:31,36.91622,-76.16845,0.0,284.8,9.0,DOLORES CHOUEST,IMO8225931,WCP8847,70,5,54,12,4.0,35,A
367359930,2021-02-21T08:25:25,36.82419,-76.28915,0.0,301.6,511.0,SUNNY WILLIAMS,,WDE4940,80,0,25,8,,80,A
367359930,2021-02-21T08:21:44,36.82420,-76.28914,0.0,293.6,511.0,SUNNY WILLIAMS,,WDE4940,80,0,25,8,,80,A
368026000,2021-02-21T08:14:43,36.86577,-76.31604,0.0,224.2,511.0,BENAVIDEZ,IMO9218210,NBHG,70,5,289,32,10.9,70,A
477770400,2021-02-21T08:25:59,36.87994,-76.33154,0.0,98.3,96.0,BAO MAY,IMO9410155,VRGV8,70,0,292,45,18.2,70,A
255806078,2021-02-21T07:59:48,36.90937,-76.32718,0.1,306.9,352.0,NORTHERN MAGNUM,IMO9252541,CQIV4,71,5,300,40,11.3,71,A
338846000,2021-02-21T08:22:46,36.86561,-76.31583,0.0,0.1,511.0,USNS MENDONCA,IMO9147320,NBMK,70,5,289,32,10.9,,A
367359930,2021-02-21T08:01:14,36.82430,-76.28911,0.2,303.7,511.0,SUNNY WILLIAMS,,WDE4940,80,0,25,8,,80,A
368026000,2021-02-21T08:26:44,36.86576,-76.31605,0.0,224.2,511.0,BENAVIDEZ,IMO9218210,NBHG,70,5,289,32,10.9,70,A
367862000,2021-02-21T08:00:43,36.94806,-76.32976,0.0,35.7,280.0,JOSHUA HUMPHREYS,IMO8302428,NNJH,80,5,193,29,,,A
367862000,2021-02-21T08:15:45,36.94816,-76.32978,0.0,35.7,280.0,JOSHUA HUMPHREYS,IMO8302428,NNJH,80,5,193,29,,,A
477770400,2021-02-21T08:15:48,36.87995,-76.33155,0.0,98.3,96.0,BAO MAY,IMO9410155,VRGV8,70,0,292,45,18.2,70,A
373765000,2021-02-21T08:27:19,37.26326,-76.10628,0.0,80.0,4.0,AM CONTRECOEUR,IMO9583184,3FBX4,70,1,229,32,14.4,,A
477770400,2021-02-21T08:02:19,36.87992,-76.33155,0.0,98.3,96.0,BAO MAY,IMO9410155,VRGV8,70,0,292,45,18.2,70,A
367359930,2021-02-21T08:24:16,36.82419,-76.28914,0.0,298.9,511.0,SUNNY WILLIAMS,,WDE4940,80,0,25,8,,80,A
477770400,2021-02-21T08:17:00,36.87993,-76.33154,0.0,98.3,96.0,BAO MAY,IMO9410155,VRGV8,70,0,292,45,18.2,70,A
477770400,2021-02-21T08:24:58,36.87994,-76.33154,0.0,98.3,96.0,BAO MAY,IMO9410155,VRGV8,70,0,292,45,18.2,70,A
538005622,2021-02-21T08:27:16,36.87955,-76.32625,0.0,181.8,276.0,SASEBO GREEN,IMO9675468,V7FN3,70,5,225,32,14.4,,A
338678000,2021-02-21T08:03:31,36.91621,-76.16843,0.0,273.5,10.0,DOLORES CHOUEST,IMO8225931,WCP8847,70,5,54,12,4.0,35,A
477770400,2021-02-21T08:18:10,36.87993,-76.33154,0.0,98.3,96.0,BAO MAY,IMO9410155,VRGV8,70,0,292,45,18.2,70,A
367822000,2021-02-21T08:26:10,36.97312,-76.43384,0.0,0.0,511.0,USNS SHUGHART,IMO7825394,NAOQ,70,5,276,32,13.0,70,A
356643000,2021-02-21T08:26:06,36.93568,-76.38002,0.1,237.0,359.0,ARKI,IMO9561801,3ENP3,70,1,170,27,9.7,70,A
367359930,2021-02-21T08:18:04,36.82421,-76.28913,0.0,295.2,511.0,SUNNY WILLIAMS,,WDE4940,80,0,25,8,,80,A
367862000,2021-02-21T08:27:44,36.94818,-76.32975,0.0,35.7,280.0,JOSHUA HUMPHREYS,IMO8302428,NNJH,80,5,193,29,,,A
366842000,2021-02-21T08:18:15,36.85380,-76.31118,0.0,0.0,42.0,CAPE RACE,IMO7616377,KAFJ,70,5,197,32,10.0,,A
367353070,2021-02-21T08:27:03,36.94417,-76.32950,0.0,155.0,267.0,EVERGREEN STATE,IMO9408138,WDE4430,80,5,183,32,11.8,89,A
255806078,2021-02-21T08:27:01,36.90923,-76.32722,0.1,306.9,352.0,NORTHERN MAGNUM,IMO9252541,CQIV4,71,5,300,40,11.3,71,A
366841000,2021-02-21T08:27:10,36.85330,-76.31051,0.0,0.0,511.0,CAPE RAY,IMO7530810,KAFI,70,5,197,32,10.0,,A
428405000,2021-02-21T08:18:34,36.90624,-76.32669,0.0,351.5,352.0,ZIM QINGDAO,IMO9318163,4XFC,71,5,261,32,9.9,71,A
636092329,2021-02-21T08:29:04,37.24626,-76.11856,0.0,299.5,356.0,BLUMENAU,IMO9605633,D5AL3,70,1,229,32,14.4,,A
356643000,2021-02-21T08:05:07,36.93570,-76.37989,0.0,58.8,356.0,ARKI,IMO9561801,3ENP3,70,1,170,27,9.7,70,A
338273000,2021-02-21T08:19:06,36.96275,-76.35741,0.0,69.5,15.0,SLNC YORK,IMO9538907,WNCG,70,1,142,23,5.5,70,A
367821000,2021-02-21T08:28:53,36.97281,-76.43368,0.0,0.0,511.0,YANO,IMO7825409,NAQH,70,5,276,32,13.0,70,A
356589000,2021-02-21T08:28:13,37.23801,-76.09445,0.0,134.0,344.0,DOUBLE FORTUNE,IMO9574119,3FHZ2,70,1,234,38,14.5,70,A
356643000,2021-02-21T08:29:04,36.93571,-76.38007,0.1,24.0,6.0,ARKI,IMO9561801,3ENP3,70,1,170,27,9.7,70,A
477770400,2021-02-21T08:19:20,36.87992,-76.33154,0.0,98.3,96.0,BAO MAY,IMO9410155,VRGV8,70,0,292,45,18.2,70,A
477770400,2021-02-21T08:29:30,36.87996,-76.33154,0.0,98.3,96.0,BAO MAY,IMO9410155,VRGV8,70,0,292,45,18.2,70,A
367353070,2021-02-21T08:06:03,36.94418,-76.32948,0.0,155.0,267.0,EVERGREEN STATE,IMO9408138,WDE4430,80,5,183,32,11.8,89,A
368026000,2021-02-21T08:29:43,36.86576,-76.31605,0.0,224.2,511.0,BENAVIDEZ,IMO9218210,NBHG,70,5,289,32,10.9,70,A
367862000,2021-02-21T08:30:44,36.94818,-76.32976,0.0,35.7,280.0,JOSHUA HUMPHREYS,IMO8302428,NNJH,80,5,193,29,,,A
477770400,2021-02-21T08:06:49,36.87992,-76.33156,0.0,98.3,96.0,BAO MAY,IMO9410155,VRGV8,70,0,292,45,18.2,70,A
373765000,2021-02-21T08:30:20,37.26326,-76.10627,0.0,80.0,3.0,AM CONTRECOEUR,IMO9583184,3FBX4,70,1,229,32,14.4,,A
373765000,2021-02-21T08:21:20,37.26328,-76.10631,0.0,80.0,6.0,AM CONTRECOEUR,IMO9583184,3FBX4,70,1,229,32,14.4,,A
368445000,2021-02-21T08:20:06,36.96309,-76.42009,0.0,55.8,188.0,OVERSEAS NIKISKI,IMO9353577,WDBH,80,5,183,32,12.2,80,A
367822000,2021-02-21T08:29:10,36.97312,-76.43384,0.0,0.0,511.0,USNS SHUGHART,IMO7825394,NAOQ,70,5,276,32,13.0,70,A
366839000,2021-02-21T08:20:19,36.85349,-76.31086,0.0,0.0,40.0,CAPE RISE,IMO7530808,KAFG,70,5,197,32,10.0,,A
367821000,2021-02-21T08:19:53,36.97282,-76.43368,0.0,0.0,511.0,YANO,IMO7825409,NAQH,70,5,276,32,13.0,70,A
338846000,2021-02-21T08:07:46,36.86565,-76.31580,0.0,0.1,511.0,USNS MENDONCA,IMO9147320,NBMK,70,5,289,32,10.9,,A
538005622,2021-02-21T08:30:16,36.87956,-76.32625,0.0,181.8,276.0,SASEBO GREEN,IMO9675468,V7FN3,70,5,225,32,14.4,,A
368445000,2021-02-21T08:29:05,36.96307,-76.42015,0.0,55.8,188.0,OVERSEAS NIKISKI,IMO9353577,WDBH,80,5,183,32,12.2,80,A
367353070,2021-02-21T08:30:03,36.94418,-76.32950,0.0,155.0,267.0,EVERGREEN STATE,IMO9408138,WDE4430,80,5,183,32,11.8,89,A
255806078,2021-02-21T08:08:53,36.90935,-76.32718,0.1,306.9,352.0,NORTHERN MAGNUM,IMO9252541,CQIV4,71,5,300,40,11.3,71,A
368445000,2021-02-21T08:08:05,36.96310,-76.42015,0.0,55.8,188.0,OVERSEAS NIKISKI,IMO9353577,WDBH,80,5,183,32,12.2,80,A
367862000,2021-02-21T08:21:45,36.94824,-76.32973,0.0,35.7,280.0,JOSHUA HUMPHREYS,IMO8302428,NNJH,80,5,193,29,,,A
367359930,2021-02-21T08:08:15,36.82422,-76.28911,0.0,304.6,511.0,SUNNY WILLIAMS,,WDE4940,80,0,25,8,,80,A
366841000,2021-02-21T08:09:11,36.85328,-76.31052,0.0,0.0,511.0,CAPE RAY,IMO7530810,KAFI,70,5,197,32,10.0,,A
366842000,2021-02-21T08:09:19,36.85386,-76.31118,0.0,0.0,42.0,CAPE RACE,IMO7616377,KAFJ,70,5,197,32,10.0,,A
367359930,2021-02-21T08:32:14,36.82421,-76.28912,0.0,306.9,511.0,SUNNY WILLIAMS,,WDE4940,80,0,25,8,,80,A
367865000,2021-02-21T08:32:19,36.88693,-76.33856,0.0,286.4,11.0,KANAWHA,IMO8704080,NPTD,80,5,206,29,,,A
428405000,2021-02-21T08:33:34,36.90624,-76.32669,0.0,351.4,351.0,ZIM QINGDAO,IMO9318163,4XFC,71,5,261,32,9.9,71,A
255806078,2021-02-21T08:33:01,36.90935,-76.32720,0.1,306.9,352.0,NORTHERN MAGNUM,IMO9252541,CQIV4,71,5,300,40,11.3,71,A
636092329,2021-02-21T08:32:05,37.24628,-76.11862,0.1,299.5,357.0,BLUMENAU,IMO9605633,D5AL3,70,1,229,32,14.4,,A
338678000,2021-02-21T08:30:30,36.91624,-76.16845,0.0,286.9,9.0,DOLORES CHOUEST,IMO8225931,WCP8847,70,5,54,12,4.0,35,A
367353070,2021-02-21T08:21:02,36.94418,-76.32948,0.0,155.0,267.0,EVERGREEN STATE,IMO9408138,WDE4430,80,5,183,32,11.8,89,A
367353070,2021-02-21T08:24:04,36.94422,-76.32953,0.0,155.0,267.0,EVERGREEN STATE,IMO9408138,WDE4430,80,5,183,32,11.8,89,A
338273000,2021-02-21T08:31:05,36.96275,-76.35756,0.0,69.5,26.0,SLNC YORK,IMO9538907,WNCG,70,1,142,23,5.5,70,A
338846000,2021-02-21T08:31:46,36.86562,-76.31584,0.0,0.1,511.0,USNS MENDONCA,IMO9147320,NBMK,70,5,289,32,10.9,,A
368026000,2021-02-21T08:32:43,36.86579,-76.31604,0.0,224.2,511.0,BENAVIDEZ,IMO9218210,NBHG,70,5,289,32,10.9,70,A
366841000,2021-02-21T08:33:04,36.85327,-76.31052,0.0,0.0,511.0,CAPE RAY,IMO7530810,KAFI,70,5,197,32,10.0,,A
367359930,2021-02-21T08:10:56,36.82421,-76.28912,0.0,298.0,511.0,SUNNY WILLIAMS,,WDE4940,80,0,25,8,,80,A
477770400,2021-02-21T08:32:50,36.87994,-76.33157,0.0,98.3,96.0,BAO MAY,IMO9410155,VRGV8,70,0,292,45,18.2,70,A
356643000,2021-02-21T08:23:06,36.93571,-76.37991,0.1,257.1,351.0,ARKI,IMO9561801,3ENP3,70,1,170,27,9.7,70,A
366841000,2021-02-21T08:36:09,36.85329,-76.31055,0.0,0.0,511.0,CAPE RAY,IMO7530810,KAFI,70,5,197,32,10.0,,A
366839000,2021-02-21T08:23:17,36.85354,-76.31084,0.0,0.0,40.0,CAPE RISE,IMO7530808,KAFG,70,5,197,32,10.0,,A
356589000,2021-02-21T08:34:12,37.23806,-76.09442,0.0,166.7,342.0,DOUBLE FORTUNE,IMO9574119,3FHZ2,70,1,234,38,14.5,70,A
367821000,2021-02-21T08:25:54,36.97282,-76.43368,0.0,0.0,511.0,YANO,IMO7825409,NAQH,70,5,276,32,13.0,70,A
367353070,2021-02-21T08:12:02,36.94418,-76.32947,0.0,155.0,267.0,EVERGREEN STATE,IMO9408138,WDE4430,80,5,183,32,11.8,89,A
636092329,2021-02-21T08:26:06,37.24627,-76.11855,0.0,299.5,358.0,BLUMENAU,IMO9605633,D5AL3,70,1,229,32,14.4,,A
367353070,2021-02-21T08:36:03,36.94418,-76.32953,0.0,155.0,267.0,EVERGREEN STATE,IMO9408138,WDE4430,80,5,183,32,11.8,89,A
538005622,2021-02-21T08:35:33,36.87964,-76.32625,0.1,338.9,280.0,SASEBO GREEN,IMO9675468,V7FN3,70,0,225,32,14.4,,A
367822000,2021-02-21T08:11:09,36.97313,-76.43383,0.0,0.0,511.0,USNS SHUGHART,IMO7825394,NAOQ,70,5,276,32,13.0,70,A
367862000,2021-02-21T08:36:44,36.94824,-76.32979,0.0,35.7,280.0,JOSHUA HUMPHREYS,IMO8302428,NNJH,80,5,193,29,,,A
367353070,2021-02-21T08:33:01,36.94418,-76.32948,0.0,155.0,267.0,EVERGREEN STATE,IMO9408138,WDE4430,80,5,183,32,11.8,89,A
338678000,2021-02-21T08:36:31,36.91620,-76.16846,0.0,300.5,9.0,DOLORES CHOUEST,IMO8225931,WCP8847,70,5,54,12,4.0,35,A
477770400,2021-02-21T08:12:18,36.87994,-76.33155,0.0,98.3,96.0,BAO MAY,IMO9410155,VRGV8,70,0,292,45,18.2,70,A
368445000,2021-02-21T08:26:06,36.96309,-76.42015,0.0,55.8,188.0,OVERSEAS NIKISKI,IMO9353577,WDBH,80,5,183,32,12.2,80,A
366841000,2021-02-21T08:24:09,36.85327,-76.31055,0.0,0.0,511.0,CAPE RAY,IMO7530810,KAFI,70,5,197,32,10.0,,A
356643000,2021-02-21T08:35:04,36.93570,-76.37989,0.1,88.2,358.0,ARKI,IMO9561801,3ENP3,70,1,170,27,9.7,70,A
368026000,2021-02-21T08:35:43,36.86578,-76.31605,0.0,224.2,511.0,BENAVIDEZ,IMO9218210,NBHG,70,5,289,32,10.9,70,A
368026000,2021-02-21T08:38:43,36.86575,-76.31605,0.0,224.2,511.0,BENAVIDEZ,IMO9218210,NBHG,70,5,289,32,10.9,70,A
368445000,2021-02-21T08:35:06,36.96310,-76.42013,0.0,55.8,188.0,OVERSEAS NIKISKI,IMO9353577,WDBH,80,5,183,32,12.2,80,A
366841000,2021-02-21T08:39:09,36.85327,-76.31057,0.0,0.0,511.0,CAPE RAY,IMO7530810,KAFI,70,5,197,32,10.0,,A
368445000,2021-02-21T08:38:05,36.96308,-76.42017,0.0,55.8,188.0,OVERSEAS NIKISKI,IMO9353577,WDBH,80,5,183,32,12.2,80,A
367359930,2021-02-21T08:34:36,36.82421,-76.28914,0.0,299.1,511.0,SUNNY WILLIAMS,,WDE4940,80,0,25,8,,80,A
477770400,2021-02-21T08:28:19,36.87994,-76.33154,0.0,98.3,96.0,BAO MAY,IMO9410155,VRGV8,70,0,292,45,18.2,70,A
366842000,2021-02-21T08:39:18,36.85384,-76.31120,0.0,0.0,42.0,CAPE RACE,IMO7616377,KAFJ,70,5,197,32,10.0,,A
367353070,2021-02-21T08:39:04,36.94420,-76.32952,0.0,282.0,267.0,EVERGREEN STATE,IMO9408138,WDE4430,80,5,183,32,11.8,89,A
356589000,2021-02-21T08:40:13,37.23806,-76.09456,0.0,206.7,348.0,DOUBLE FORTUNE,IMO9574119,3FHZ2,70,1,234,38,14.5,70,A
255806078,2021-02-21T08:36:02,36.90932,-76.32720,0.1,306.9,352.0,NORTHERN MAGNUM,IMO9252541,CQIV4,71,5,300,40,11.3,71,A
366839000,2021-02-21T08:35:11,36.85347,-76.31078,0.0,0.0,40.0,CAPE RISE,IMO7530808,KAFG,70,5,197,32,10.0,,A
373765000,2021-02-21T08:36:19,37.26327,-76.10630,0.0,80.0,4.0,AM CONTRECOEUR,IMO9583184,3FBX4,70,1,229,32,14.4,,A
477770400,2021-02-21T08:36:20,36.87995,-76.33156,0.0,98.3,95.0,BAO MAY,IMO9410155,VRGV8,70,0,292,45,18.2,70,A
366839000,2021-02-21T08:29:16,36.85349,-76.31082,0.0,0.0,40.0,CAPE RISE,IMO7530808,KAFG,70,5,197,32,10.0,,A
636092329,2021-02-21T08:41:02,37.24627,-76.11872,0.1,299.5,3.0,BLUMENAU,IMO9605633,D5AL3,70,1,229,32,14.4,,A
356589000,2021-02-21T08:37:12,37.23806,-76.09449,0.1,196.0,345.0,DOUBLE FORTUNE,IMO9574119,3FHZ2,70,1,234,38,14.5,70,A
366842000,2021-02-21T08:36:17,36.85383,-76.31119,0.0,0.0,42.0,CAPE RACE,IMO7616377,KAFJ,70,5,197,32,10.0,,A
338846000,2021-02-21T08:40:47,36.86559,-76.31579,0.0,0.1,511.0,USNS MENDONCA,IMO9147320,NBMK,70,5,289,32,10.9,,A
367359930,2021-02-21T08:40:24,36.82418,-76.28914,0.0,302.9,511.0,SUNNY WILLIAMS,,WDE4940,80,0,25,8,,80,A
367862000,2021-02-21T08:39:44,36.94813,-76.32983,0.0,35.7,280.0,JOSHUA HUMPHREYS,IMO8302428,NNJH,80,5,193,29,,,A
367821000,2021-02-21T08:40:52,36.97282,-76.43371,0.0,0.0,511.0,YANO,IMO7825409,NAQH,70,5,276,32,13.0,70,A
338846000,2021-02-21T08:37:46,36.86560,-76.31583,0.0,0.1,511.0,USNS MENDONCA,IMO9147320,NBMK,70,5,289,32,10.9,,A
368026000,2021-02-21T08:41:44,36.86578,-76.31601,0.0,224.2,511.0,BENAVIDEZ,IMO9218210,NBHG,70,5,289,32,10.9,70,A
367359930,2021-02-21T08:27:45,36.82420,-76.28915,0.0,312.9,511.0,SUNNY WILLIAMS,,WDE4940,80,0,25,8,,80,A
356589000,2021-02-21T08:16:13,37.23807,-76.09445,0.1,113.3,344.0,DOUBLE FORTUNE,IMO9574119,3FHZ2,70,1,234,38,14.5,70,A
636092329,2021-02-21T08:17:02,37.24630,-76.11853,0.1,299.5,356.0,BLUMENAU,IMO9605633,D5AL3,70,1,229,32,14.4,,A
255806078,2021-02-21T08:39:05,36.90932,-76.32720,0.1,306.9,352.0,NORTHERN MAGNUM,IMO9252541,CQIV4,71,5,300,40,11.3,71,A
356643000,2021-02-21T08:17:07,36.93570,-76.37983,0.1,142.9,354.0,ARKI,IMO9561801,3ENP3,70,1,170,27,9.7,70,A
366841000,2021-02-21T08:42:08,36.85328,-76.31055,0.0,0.0,511.0,CAPE RAY,IMO7530810,KAFI,70,5,197,32,10.0,,A
373765000,2021-02-21T08:39:18,37.26328,-76.10624,0.0,80.0,4.0,AM CONTRECOEUR,IMO9583184,3FBX4,70,1,229,32,14.4,,A
428405000,2021-02-21T08:42:34,36.90628,-76.32670,0.0,351.3,351.0,ZIM QINGDAO,IMO9318163,4XFC,71,5,261,32,9.9,71,A
538005622,2021-02-21T08:39:03,36.87980,-76.32645,0.5,296.7,289.0,SASEBO GREEN,IMO9675468,V7FN3,70,0,225,32,14.4,,A
367865000,2021-02-21T08:29:18,36.88694,-76.33853,0.0,286.4,11.0,KANAWHA,IMO8704080,NPTD,80,5,206,29,,,A
367822000,2021-02-21T08:17:10,36.97312,-76.43383,0.0,0.0,511.0,USNS SHUGHART,IMO7825394,NAOQ,70,5,276,32,13.0,70,A
368026000,2021-02-21T08:17:44,36.86577,-76.31605,0.0,224.2,511.0,BENAVIDEZ,IMO9218210,NBHG,70,5,289,32,10.9,70,A
366842000,2021-02-21T08:42:19,36.85382,-76.31117,0.0,0.0,42.0,CAPE RACE,IMO7616377,KAFJ,70,5,197,32,10.0,,A
338678000,2021-02-21T08:42:31,36.91624,-76.16841,0.0,308.5,10.0,DOLORES CHOUEST,IMO8225931,WCP8847,70,5,54,12,4.0,35,A
356643000,2021-02-21T08:41:07,36.93572,-76.37979,0.1,61.0,358.0,ARKI,IMO9561801,3ENP3,70,1,170,27,9.7,70,A
255806078,2021-02-21T08:17:57,36.90935,-76.32720,0.1,306.9,352.0,NORTHERN MAGNUM,IMO9252541,CQIV4,71,5,300,40,11.3,71,A
255806078,2021-02-21T08:29:59,36.90933,-76.32718,0.1,306.9,352.0,NORTHERN MAGNUM,IMO9252541,CQIV4,71,5,300,40,11.3,71,A
366841000,2021-02-21T08:30:08,36.85327,-76.31056,0.0,0.0,511.0,CAPE RAY,IMO7530810,KAFI,70,5,197,32,10.0,,A
366841000,2021-02-21T08:18:06,36.85324,-76.31050,0.0,0.0,511.0,CAPE RAY,IMO7530810,KAFI,70,5,197,32,10.0,,A
367865000,2021-02-21T08:41:19,36.88689,-76.33854,0.0,286.4,11.0,KANAWHA,IMO8704080,NPTD,80,5,206,29,,,A
366839000,2021-02-21T08:41:14,36.85350,-76.31081,0.0,0.0,40.0,CAPE RISE,IMO7530808,KAFG,70,5,197,32,10.0,,A
367359930,2021-02-21T08:44:05,36.82419,-76.28914,0.0,303.5,511.0,SUNNY WILLIAMS,,WDE4940,80,0,25,8,,80,A
367359930,2021-02-21T08:19:16,36.82420,-76.28913,0.0,293.5,511.0,SUNNY WILLIAMS,,WDE4940,80,0,25,8,,80,A
366842000,2021-02-21T08:30:17,36.85382,-76.31117,0.0,0.0,42.0,CAPE RACE,IMO7616377,KAFJ,70,5,197,32,10.0,,A
367353070,2021-02-21T08:42:04,36.94417,-76.32948,0.0,282.0,267.0,EVERGREEN STATE,IMO9408138,WDE4430,80,5,183,32,11.8,89,A
373765000,2021-02-21T08:42:17,37.26326,-76.10616,0.0,80.0,2.0,AM CONTRECOEUR,IMO9583184,3FBX4,70,1,229,32,14.4,,A
367821000,2021-02-21T08:31:53,36.97282,-76.43368,0.0,0.0,511.0,YANO,IMO7825409,NAQH,70,5,276,32,13.0,70,A
367862000,2021-02-21T08:42:45,36.94817,-76.32981,0.0,35.7,280.0,JOSHUA HUMPHREYS,IMO8302428,NNJH,80,5,193,29,,,A
366839000,2021-02-21T08:32:19,36.85349,-76.31081,0.0,0.0,40.0,CAPE RISE,IMO7530808,KAFG,70,5,197,32,10.0,,A
366841000,2021-02-21T08:45:08,36.85331,-76.31051,0.0,0.0,511.0,CAPE RAY,IMO7530810,KAFI,70,5,197,32,10.0,,A
366841000,2021-02-21T08:21:11,36.85332,-76.31051,0.0,0.0,511.0,CAPE RAY,IMO7530810,KAFI,70,5,197,32,10.0,,A
367359930,2021-02-21T08:42:55,36.82420,-76.28915,0.0,302.5,511.0,SUNNY WILLIAMS,,WDE4940,80,0,25,8,,80,A
366842000,2021-02-21T08:45:18,36.85384,-76.31115,0.0,0.0,42.0,CAPE RACE,IMO7616377,KAFJ,70,5,197,32,10.0,,A
338273000,2021-02-21T08:46:05,36.96270,-76.35730,0.0,69.5,21.0,SLNC YORK,IMO9538907,WNCG,70,1,142,23,5.5,70,A
373765000,2021-02-21T08:33:18,37.26328,-76.10625,0.0,80.0,4.0,AM CONTRECOEUR,IMO9583184,3FBX4,70,1,229,32,14.4,,A
477770400,2021-02-21T08:43:18,36.87993,-76.33157,0.0,98.3,96.0,BAO MAY,IMO9410155,VRGV8,70,0,292,45,18.2,70,A
477770400,2021-02-21T08:33:59,36.87992,-76.33155,0.0,98.3,96.0,BAO MAY,IMO9410155,VRGV8,70,0,292,45,18.2,70,A
367865000,2021-02-21T08:44:19,36.88692,-76.33852,0.0,286.4,11.0,KANAWHA,IMO8704080,NPTD,80,5,206,29,,,A
338678000,2021-02-21T08:45:31,36.91622,-76.16843,0.0,306.0,9.0,DOLORES CHOUEST,IMO8225931,WCP8847,70,5,54,12,4.0,35,A
356643000,2021-02-21T08:44:05,36.93573,-76.37970,0.1,105.5,354.0,ARKI,IMO9561801,3ENP3,70,1,170,27,9.7,70,A
366839000,2021-02-21T08:47:15,36.85352,-76.31083,0.0,0.0,40.0,CAPE RISE,IMO7530808,KAFG,70,5,197,32,10.0,,A
538005622,2021-02-21T08:43:32,36.88040,-76.32824,1.7,295.1,284.0,SASEBO GREEN,IMO9675468,V7FN3,70,0,225,32,14.4,,A
538005622,2021-02-21T08:45:54,36.88073,-76.32980,2.2,281.8,283.0,SASEBO GREEN,IMO9675468,V7FN3,70,0,225,32,14.4,,A
477770400,2021-02-21T08:44:30,36.87993,-76.33155,0.0,98.3,95.0,BAO MAY,IMO9410155,VRGV8,70,0,292,45,18.2,70,A
338273000,2021-02-21T08:34:06,36.96272,-76.35749,0.0,69.5,30.0,SLNC YORK,IMO9538907,WNCG,70,1,142,23,5.5,70,A
367822000,2021-02-21T08:44:09,36.97311,-76.43383,0.0,0.0,511.0,USNS SHUGHART,IMO7825394,NAOQ,70,5,276,32,13.0,70,A
367822000,2021-02-21T08:35:10,36.97311,-76.43383,0.0,0.0,511.0,USNS SHUGHART,IMO7825394,NAOQ,70,5,276,32,13.0,70,A
368445000,2021-02-21T08:44:05,36.96312,-76.42016,0.0,55.8,188.0,OVERSEAS NIKISKI,IMO9353577,WDBH,80,5,183,32,12.2,80,A
477770400,2021-02-21T08:35:09,36.87993,-76.33156,0.0,98.3,95.0,BAO MAY,IMO9410155,VRGV8,70,0,292,45,18.2,70,A
368026000,2021-02-21T08:47:44,36.86577,-76.31604,0.0,224.2,511.0,BENAVIDEZ,IMO9218210,NBHG,70,5,289,32,10.9,70,A
368445000,2021-02-21T08:47:05,36.96309,-76.42010,0.0,55.8,188.0,OVERSEAS NIKISKI,IMO9353577,WDBH,80,5,183,32,12.2,80,A
538005622,2021-02-21T08:47:03,36.88078,-76.33074,2.6,269.5,288.0,SASEBO GREEN,IMO9675468,V7FN3,70,0,225,32,14.4,,A
368445000,2021-02-21T08:23:06,36.96306,-76.42011,0.0,55.8,188.0,OVERSEAS NIKISKI,IMO9353577,WDBH,80,5,183,32,12.2,80,A
477770400,2021-02-21T08:22:40,36.87992,-76.33154,0.0,98.3,96.0,BAO MAY,IMO9410155,VRGV8,70,0,292,45,18.2,70,A
367353070,2021-02-21T08:45:03,36.94418,-76.32948,0.0,282.0,267.0,EVERGREEN STATE,IMO9408138,WDE4430,80,5,183,32,11.8,89,A
366842000,2021-02-21T08:48:17,36.85385,-76.31117,0.0,0.0,42.0,CAPE RACE,IMO7616377,KAFJ,70,5,197,32,10.0,,A
538005622,2021-02-21T08:44:43,36.88058,-76.32896,1.9,284.7,283.0,SASEBO GREEN,IMO9675468,V7FN3,70,0,225,32,14.4,,A
367862000,2021-02-21T08:48:45,36.94826,-76.32975,0.0,35.7,280.0,JOSHUA HUMPHREYS,IMO8302428,NNJH,80,5,193,29,,,A
356589000,2021-02-21T08:46:13,37.23808,-76.09450,0.1,79.5,347.0,DOUBLE FORTUNE,IMO9574119,3FHZ2,70,1,234,38,14.5,70,A
367865000,2021-02-21T08:35:18,36.88691,-76.33850,0.0,286.4,11.0,KANAWHA,IMO8704080,NPTD,80,5,206,29,,,A
367353070,2021-02-21T08:48:02,36.94417,-76.32947,0.0,282.0,267.0,EVERGREEN STATE,IMO9408138,WDE4430,80,5,183,32,11.8,89,A
366841000,2021-02-21T08:48:07,36.85329,-76.31057,0.0,0.0,511.0,CAPE RAY,IMO7530810,KAFI,70,5,197,32,10.0,,A
477770400,2021-02-21T08:47:59,36.87991,-76.33157,0.0,98.3,95.0,BAO MAY,IMO9410155,VRGV8,70,0,292,45,18.2,70,A
428405000,2021-02-21T08:48:34,36.90622,-76.32668,0.0,351.3,351.0,ZIM QINGDAO,IMO9318163,4XFC,71,5,261,32,9.9,71,A
367865000,2021-02-21T08:47:18,36.88693,-76.33852,0.0,286.4,11.0,KANAWHA,IMO8704080,NPTD,80,5,206,29,,,A
338678000,2021-02-21T08:48:31,36.91624,-76.16846,0.0,308.8,9.0,DOLORES CHOUEST,IMO8225931,WCP8847,70,5,54,12,4.0,35,A
338846000,2021-02-21T08:49:46,36.86556,-76.31585,0.0,0.1,511.0,USNS MENDONCA,IMO9147320,NBMK,70,5,289,32,10.9,,A
538005622,2021-02-21T08:24:16,36.87958,-76.32624,0.0,181.8,276.0,SASEBO GREEN,IMO9675468,V7FN3,70,5,225,32,14.4,,A
367821000,2021-02-21T08:49:54,36.97282,-76.43369,0.0,0.0,511.0,YANO,IMO7825409,NAQH,70,5,276,32,13.0,70,A
477770400,2021-02-21T08:49:09,36.87992,-76.33155,0.0,98.3,95.0,BAO MAY,IMO9410155,VRGV8,70,0,292,45,18.2,70,A
356643000,2021-02-21T08:38:04,36.93570,-76.37982,0.1,123.9,355.0,ARKI,IMO9561801,3ENP3,70,1,170,27,9.7,70,A
356589000,2021-02-21T08:25:12,37.23805,-76.09445,0.0,134.0,344.0,DOUBLE FORTUNE,IMO9574119,3FHZ2,70,1,234,38,14.5,70,A
338273000,2021-02-21T08:49:05,36.96269,-76.35729,0.0,69.5,17.0,SLNC YORK,IMO9538907,WNCG,70,1,142,23,5.5,70,A
338678000,2021-02-21T08:39:31,36.91625,-76.16846,0.0,304.0,9.0,DOLORES CHOUEST,IMO8225931,WCP8847,70,5,54,12,4.0,35,A
367353070,2021-02-21T08:51:01,36.94417,-76.32952,0.0,282.0,267.0,EVERGREEN STATE,IMO9408138,WDE4430,80,5,183,32,11.8,89,A
538005622,2021-02-21T08:50:24,36.88183,-76.33384,3.1,326.9,346.0,SASEBO GREEN,IMO9675468,V7FN3,70,0,225,32,14.4,,A
373765000,2021-02-21T08:48:16,37.26326,-76.10613,0.0,80.0,1.0,AM CONTRECOEUR,IMO9583184,3FBX4,70,1,229,32,14.4,,A
428405000,2021-02-21T08:39:33,36.90627,-76.32667,0.0,351.4,351.0,ZIM QINGDAO,IMO9318163,4XFC,71,5,261,32,9.9,71,A
338846000,2021-02-21T08:25:46,36.86561,-76.31580,0.0,0.1,511.0,USNS MENDONCA,IMO9147320,NBMK,70,5,289,32,10.9,,A
538005622,2021-02-21T08:37:53,36.87973,-76.32631,0.2,283.2,286.0,SASEBO GREEN,IMO9675468,V7FN3,70,0,225,32,14.4,,A
538005622,2021-02-21T08:40:14,36.87991,-76.32674,0.9,300.4,288.0,SASEBO GREEN,IMO9675468,V7FN3,70,0,225,32,14.4,,A
338678000,2021-02-21T08:51:31,36.91624,-76.16843,0.0,310.5,9.0,DOLORES CHOUEST,IMO8225931,WCP8847,70,5,54,12,4.0,35,A
636092329,2021-02-21T08:38:04,37.24627,-76.11877,0.0,299.5,3.0,BLUMENAU,IMO9605633,D5AL3,70,1,229,32,14.4,,A
367359930,2021-02-21T08:38:05,36.82418,-76.28914,0.0,298.6,511.0,SUNNY WILLIAMS,,WDE4940,80,0,25,8,,80,A
636092329,2021-02-21T08:50:04,37.24626,-76.11851,0.0,299.5,356.0,BLUMENAU,IMO9605633,D5AL3,70,1,229,32,14.4,,A
366839000,2021-02-21T08:53:14,36.85347,-76.31085,0.0,0.0,40.0,CAPE RISE,IMO7530808,KAFG,70,5,197,32,10.0,,A
366841000,2021-02-21T08:51:08,36.85329,-76.31056,0.0,0.0,511.0,CAPE RAY,IMO7530810,KAFI,70,5,197,32,10.0,,A
367865000,2021-02-21T08:26:19,36.88690,-76.33854,0.0,286.4,11.0,KANAWHA,IMO8704080,NPTD,80,5,206,29,,,A
538005622,2021-02-21T08:41:22,36.88003,-76.32718,1.2,288.8,288.0,SASEBO GREEN,IMO9675468,V7FN3,70,0,225,32,14.4,,A
255806078,2021-02-21T08:42:07,36.90933,-76.32718,0.1,306.9,352.0,NORTHERN MAGNUM,IMO9252541,CQIV4,71,5,300,40,11.3,71,A
636092329,2021-02-21T08:53:05,37.24626,-76.11852,0.0,299.5,356.0,BLUMENAU,IMO9605633,D5AL3,70,1,229,32,14.4,,A
477770400,2021-02-21T08:42:09,36.87992,-76.33156,0.0,98.3,96.0,BAO MAY,IMO9410155,VRGV8,70,0,292,45,18.2,70,A
338846000,2021-02-21T08:52:47,36.86559,-76.31585,0.0,0.1,511.0,USNS MENDONCA,IMO9147320,NBMK,70,5,289,32,10.9,,A
255806078,2021-02-21T08:54:12,36.90938,-76.32720,0.1,306.9,352.0,NORTHERN MAGNUM,IMO9252541,CQIV4,71,5,300,40,11.3,71,A
368445000,2021-02-21T08:50:05,36.96307,-76.42014,0.0,55.8,188.0,OVERSEAS NIKISKI,IMO9353577,WDBH,80,5,183,32,12.2,80,A
428405000,2021-02-21T08:27:33,36.90625,-76.32669,0.0,351.5,352.0,ZIM QINGDAO,IMO9318163,4XFC,71,5,261,32,9.9,71,A
367359930,2021-02-21T08:26:36,36.82419,-76.28914,0.0,305.5,511.0,SUNNY WILLIAMS,,WDE4940,80,0,25,8,,80,A
368026000,2021-02-21T08:50:43,36.86573,-76.31605,0.0,224.2,511.0,BENAVIDEZ,IMO9218210,NBHG,70,5,289,32,10.9,70,A
477770400,2021-02-21T08:51:30,36.87994,-76.33155,0.0,98.3,96.0,BAO MAY,IMO9410155,VRGV8,70,0,292,45,18.2,70,A
366842000,2021-02-21T08:27:17,36.85382,-76.31119,0.0,0.0,42.0,CAPE RACE,IMO7616377,KAFJ,70,5,197,32,10.0,,A
338273000,2021-02-21T08:52:05,36.96274,-76.35729,0.1,69.5,11.0,SLNC YORK,IMO9538907,WNCG,70,1,142,23,5.5,70,A
255806078,2021-02-21T08:51:11,36.90937,-76.32722,0.1,306.9,352.0,NORTHERN MAGNUM,IMO9252541,CQIV4,71,5,300,40,11.3,71,A
367862000,2021-02-21T08:54:45,36.94810,-76.32973,0.0,35.7,280.0,JOSHUA HUMPHREYS,IMO8302428,NNJH,80,5,193,29,,,A
428405000,2021-02-21T08:54:33,36.90614,-76.32667,0.0,351.3,351.0,ZIM QINGDAO,IMO9318163,4XFC,71,5,261,32,9.9,71,A
338846000,2021-02-21T08:43:45,36.86561,-76.31580,0.0,0.1,511.0,USNS MENDONCA,IMO9147320,NBMK,70,5,289,32,10.9,,A
356643000,2021-02-21T08:53:06,36.93578,-76.37952,0.0,170.9,339.0,ARKI,IMO9561801,3ENP3,70,1,170,27,9.7,70,A
338846000,2021-02-21T08:55:46,36.86556,-76.31583,0.0,0.1,511.0,USNS MENDONCA,IMO9147320,NBMK,70,5,289,32,10.9,,A
338846000,2021-02-21T08:28:46,36.86561,-76.31583,0.0,0.1,511.0,USNS MENDONCA,IMO9147320,NBMK,70,5,289,32,10.9,,A
367821000,2021-02-21T08:52:53,36.97282,-76.43369,0.0,0.0,511.0,YANO,IMO7825409,NAQH,70,5,276,32,13.0,70,A
477770400,2021-02-21T08:56:18,36.87996,-76.33153,0.0,98.3,95.0,BAO MAY,IMO9410155,VRGV8,70,0,292,45,18.2,70,A
477770400,2021-02-21T08:53:58,36.87995,-76.33153,0.0,98.3,96.0,BAO MAY,IMO9410155,VRGV8,70,0,292,45,18.2,70,A
538005622,2021-02-21T08:52:43,36.88415,-76.33447,4.2,351.2,352.0,SASEBO GREEN,IMO9675468,V7FN3,70,0,225,32,14.4,,A
538005622,2021-02-21T08:56:12,36.88954,-76.33528,6.4,353.2,354.0,SASEBO GREEN,IMO9675468,V7FN3,70,0,225,32,14.4,,A
477770400,2021-02-21T08:30:38,36.87996,-76.33155,0.0,98.3,96.0,BAO MAY,IMO9410155,VRGV8,70,0,292,45,18.2,70,A
366842000,2021-02-21T08:54:16,36.85381,-76.31118,0.0,0.0,42.0,CAPE RACE,IMO7616377,KAFJ,70,5,197,32,10.0,,A
368026000,2021-02-21T08:53:44,36.86575,-76.31608,0.0,224.2,511.0,BENAVIDEZ,IMO9218210,NBHG,70,5,289,32,10.9,70,A
255806078,2021-02-21T08:45:08,36.90935,-76.32718,0.1,306.9,352.0,NORTHERN MAGNUM,IMO9252541,CQIV4,71,5,300,40,11.3,71,A
356643000,2021-02-21T08:32:04,36.93572,-76.38000,0.1,85.5,5.0,ARKI,IMO9561801,3ENP3,70,1,170,27,9.7,70,A
338678000,2021-02-21T08:54:31,36.91627,-76.16842,0.0,308.1,9.0,DOLORES CHOUEST,IMO8225931,WCP8847,70,5,54,12,4.0,35,A
367359930,2021-02-21T08:58:26,36.82418,-76.28912,0.0,274.1,511.0,SUNNY WILLIAMS,,WDE4940,80,0,25,8,,80,A
477770400,2021-02-21T08:58:39,36.87995,-76.33154,0.0,98.3,95.0,BAO MAY,IMO9410155,VRGV8,70,0,292,45,18.2,70,A
373765000,2021-02-21T08:57:21,37.26332,-76.10603,0.0,80.0,0.0,AM CONTRECOEUR,IMO9583184,3FBX4,70,1,229,32,14.4,,A
367865000,2021-02-21T08:56:19,36.88692,-76.33852,0.0,286.4,11.0,KANAWHA,IMO8704080,NPTD,80,5,206,29,,,A
477770400,2021-02-21T08:55:09,36.87996,-76.33153,0.0,98.3,95.0,BAO MAY,IMO9410155,VRGV8,70,0,292,45,18.2,70,A
477770400,2021-02-21T08:46:50,36.87992,-76.33157,0.0,98.3,95.0,BAO MAY,IMO9410155,VRGV8,70,0,292,45,18.2,70,A
538005622,2021-02-21T08:42:23,36.88017,-76.32765,1.5,291.4,288.0,SASEBO GREEN,IMO9675468,V7FN3,70,0,225,32,14.4,,A
538005622,2021-02-21T08:57:23,36.89169,-76.33559,6.7,353.4,355.0,SASEBO GREEN,IMO9675468,V7FN3,70,0,225,32,14.4,,A
538005622,2021-02-21T08:55:02,36.88752,-76.33500,6.0,353.5,354.0,SASEBO GREEN,IMO9675468,V7FN3,70,0,225,32,14.4,,A
356643000,2021-02-21T08:56:06,36.93577,-76.37955,0.1,191.2,341.0,ARKI,IMO9561801,3ENP3,70,1,170,27,9.7,70,A
367822000,2021-02-21T08:59:10,36.97313,-76.43383,0.0,0.0,511.0,USNS SHUGHART,IMO7825394,NAOQ,70,5,276,32,13.0,70,A
636092329,2021-02-21T08:59:06,37.24627,-76.11856,0.1,299.5,358.0,BLUMENAU,IMO9605633,D5AL3,70,1,229,32,14.4,,A
367359930,2021-02-21T08:59:35,36.82420,-76.28910,0.0,271.9,511.0,SUNNY WILLIAMS,,WDE4940,80,0,25,8,,80,A
368445000,2021-02-21T08:59:06,36.96311,-76.42014,0.0,55.8,188.0,OVERSEAS NIKISKI,IMO9353577,WDBH,80,5,183,32,12.2,80,A
367865000,2021-02-21T08:59:19,36.88694,-76.33857,0.0,286.4,11.0,KANAWHA,IMO8704080,NPTD,80,5,206,29,,,A
338846000,2021-02-21T08:58:45,36.86557,-76.31582,0.0,0.1,511.0,USNS MENDONCA,IMO9147320,NBMK,70,5,289,32,10.9,,A
366839000,2021-02-21T08:44:12,36.85349,-76.31081,0.0,0.0,40.0,CAPE RISE,IMO7530808,KAFG,70,5,197,32,10.0,,A
636092329,2021-02-21T08:56:05,37.24628,-76.11852,0.0,299.5,357.0,BLUMENAU,IMO9605633,D5AL3,70,1,229,32,14.4,,A
538005622,2021-02-21T08:59:42,36.89624,-76.33615,7.2,354.6,355.0,SASEBO GREEN,IMO9675468,V7FN3,70,0,225,32,14.4,,A
367359930,2021-02-21T08:47:44,36.82418,-76.28914,0.0,300.5,511.0,SUNNY WILLIAMS,,WDE4940,80,0,25,8,,80,A
367359930,2021-02-21T08:57:05,36.82421,-76.28910,0.0,281.2,511.0,SUNNY WILLIAMS,,WDE4940,80,0,25,8,,80,A
367822000,2021-02-21T08:47:09,36.97311,-76.43383,0.0,0.0,511.0,USNS SHUGHART,IMO7825394,NAOQ,70,5,276,32,13.0,70,A
477770400,2021-02-21T08:57:28,36.87995,-76.33154,0.0,98.3,95.0,BAO MAY,IMO9410155,VRGV8,70,0,292,45,18.2,70,A
367862000,2021-02-21T08:33:45,36.94816,-76.32981,0.0,35.7,280.0,JOSHUA HUMPHREYS,IMO8302428,NNJH,80,5,193,29,,,A
367862000,2021-02-21T08:45:45,36.94815,-76.32971,0.0,35.7,280.0,JOSHUA HUMPHREYS,IMO8302428,NNJH,80,5,193,29,,,A
338678000,2021-02-21T08:33:30,36.91622,-76.16848,0.0,295.3,9.0,DOLORES CHOUEST,IMO8225931,WCP8847,70,5,54,12,4.0,35,A
538005622,2021-02-21T08:33:16,36.87958,-76.32622,0.0,181.8,277.0,SASEBO GREEN,IMO9675468,V7FN3,70,5,225,32,14.4,,A
367353070,2021-02-21T09:00:02,36.94417,-76.32950,0.0,282.0,267.0,EVERGREEN STATE,IMO9408138,WDE4430,80,5,183,32,11.8,89,A
636092329,2021-02-21T09:02:04,37.24625,-76.11856,0.0,299.5,359.0,BLUMENAU,IMO9605633,D5AL3,70,1,229,32,14.4,,A
373765000,2021-02-21T08:45:19,37.26324,-76.10615,0.0,80.0,1.0,AM CONTRECOEUR,IMO9583184,3FBX4,70,1,229,32,14.4,,A
367359930,2021-02-21T08:45:15,36.82420,-76.28916,0.0,304.6,511.0,SUNNY WILLIAMS,,WDE4940,80,0,25,8,,80,A
367359930,2021-02-21T08:33:24,36.82421,-76.28912,0.0,301.4,511.0,SUNNY WILLIAMS,,WDE4940,80,0,25,8,,80,A
366839000,2021-02-21T08:59:11,36.85347,-76.31081,0.0,0.0,40.0,CAPE RISE,IMO7530808,KAFG,70,5,197,32,10.0,,A
477770400,2021-02-21T08:45:39,36.87994,-76.33156,0.0,98.3,95.0,BAO MAY,IMO9410155,VRGV8,70,0,292,45,18.2,70,A
255806078,2021-02-21T08:57:14,36.90930,-76.32718,0.1,306.9,352.0,NORTHERN MAGNUM,IMO9252541,CQIV4,71,5,300,40,11.3,71,A
255806078,2021-02-21T08:48:10,36.90937,-76.32720,0.1,306.9,352.0,NORTHERN MAGNUM,IMO9252541,CQIV4,71,5,300,40,11.3,71,A
367862000,2021-02-21T09:00:44,36.94813,-76.32976,0.0,35.7,280.0,JOSHUA HUMPHREYS,IMO8302428,NNJH,80,5,193,29,,,A
338273000,2021-02-21T08:58:05,36.96276,-76.35745,0.0,69.5,11.0,SLNC YORK,IMO9538907,WNCG,70,1,142,23,5.5,70,A
428405000,2021-02-21T09:00:34,36.90634,-76.32671,0.0,351.4,351.0,ZIM QINGDAO,IMO9318163,4XFC,71,5,261,32,9.9,71,A
636092329,2021-02-21T08:47:03,37.24627,-76.11855,0.1,299.5,358.0,BLUMENAU,IMO9605633,D5AL3,70,1,229,32,14.4,,A
255806078,2021-02-21T09:03:14,36.90932,-76.32720,0.1,306.9,352.0,NORTHERN MAGNUM,IMO9252541,CQIV4,71,5,300,40,11.3,71,A
428405000,2021-02-21T09:03:33,36.90627,-76.32667,0.0,351.4,351.0,ZIM QINGDAO,IMO9318163,4XFC,71,5,261,32,9.9,71,A
428405000,2021-02-21T08:36:34,36.90622,-76.32667,0.0,351.4,351.0,ZIM QINGDAO,IMO9318163,4XFC,71,5,261,32,9.9,71,A
367359930,2021-02-21T08:35:46,36.82418,-76.28913,0.0,300.4,511.0,SUNNY WILLIAMS,,WDE4940,80,0,25,8,,80,A
367359930,2021-02-21T09:01:14,36.82418,-76.28911,0.0,265.4,511.0,SUNNY WILLIAMS,,WDE4940,80,0,25,8,,80,A
338273000,2021-02-21T09:01:05,36.96272,-76.35739,0.0,69.5,17.0,SLNC YORK,IMO9538907,WNCG,70,1,142,23,5.5,70,A
367821000,2021-02-21T08:37:53,36.97283,-76.43372,0.0,0.0,511.0,YANO,IMO7825409,NAQH,70,5,276,32,13.0,70,A
367359930,2021-02-21T08:36:55,36.82417,-76.28912,0.0,299.2,511.0,SUNNY WILLIAMS,,WDE4940,80,0,25,8,,80,A
366839000,2021-02-21T08:50:17,36.85352,-76.31083,0.0,0.0,40.0,CAPE RISE,IMO7530808,KAFG,70,5,197,32,10.0,,A
367865000,2021-02-21T08:50:18,36.88699,-76.33850,0.0,286.4,11.0,KANAWHA,IMO8704080,NPTD,80,5,206,29,,,A
356643000,2021-02-21T09:05:04,36.93577,-76.37952,0.0,113.3,341.0,ARKI,IMO9561801,3ENP3,70,1,170,27,9.7,70,A
367822000,2021-02-21T08:38:09,36.97311,-76.43383,0.0,0.0,511.0,USNS SHUGHART,IMO7825394,NAOQ,70,5,276,32,13.0,70,A
366839000,2021-02-21T08:38:21,36.85349,-76.31080,0.0,0.0,40.0,CAPE RISE,IMO7530808,KAFG,70,5,197,32,10.0,,A
373765000,2021-02-21T09:03:21,37.26333,-76.10591,0.0,80.0,358.0,AM CONTRECOEUR,IMO9583184,3FBX4,70,1,229,32,14.4,,A
367862000,2021-02-21T08:51:45,36.94815,-76.32979,0.0,35.7,280.0,JOSHUA HUMPHREYS,IMO8302428,NNJH,80,5,193,29,,,A
368026000,2021-02-21T08:59:44,36.86576,-76.31605,0.0,224.2,511.0,BENAVIDEZ,IMO9218210,NBHG,70,5,289,32,10.9,70,A
338273000,2021-02-21T09:04:05,36.96272,-76.35737,0.0,69.5,17.0,SLNC YORK,IMO9538907,WNCG,70,1,142,23,5.5,70,A
367865000,2021-02-21T08:38:19,36.88688,-76.33857,0.0,286.4,11.0,KANAWHA,IMO8704080,NPTD,80,5,206,29,,,A
477770400,2021-02-21T09:00:10,36.87994,-76.33158,0.0,98.3,95.0,BAO MAY,IMO9410155,VRGV8,70,0,292,45,18.2,70,A
538005622,2021-02-21T09:03:33,36.90454,-76.33736,8.2,353.5,354.0,SASEBO GREEN,IMO9675468,V7FN3,70,0,225,32,14.4,,A
356589000,2021-02-21T08:52:13,37.23806,-76.09444,0.0,138.0,343.0,DOUBLE FORTUNE,IMO9574119,3FHZ2,70,1,234,38,14.5,70,A
367359930,2021-02-21T09:05:54,36.82422,-76.28914,0.0,246.5,511.0,SUNNY WILLIAMS,,WDE4940,80,0,25,8,,80,A
367865000,2021-02-21T09:05:18,36.88696,-76.33856,0.0,286.4,11.0,KANAWHA,IMO8704080,NPTD,80,5,206,29,,,A
373765000,2021-02-21T09:06:21,37.26333,-76.10586,0.1,80.0,355.0,AM CONTRECOEUR,IMO9583184,3FBX4,70,1,229,32,14.4,,A
477770400,2021-02-21T09:04:49,36.87993,-76.33158,0.0,98.3,95.0,BAO MAY,IMO9410155,VRGV8,70,0,292,45,18.2,70,A
538005622,2021-02-21T09:01:14,36.89940,-76.33652,7.6,353.9,353.0,SASEBO GREEN,IMO9675468,V7FN3,70,0,225,32,14.4,,A
366839000,2021-02-21T09:05:16,36.85349,-76.31076,0.0,0.0,40.0,CAPE RISE,IMO7530808,KAFG,70,5,197,32,10.0,,A
338273000,2021-02-21T08:40:05,36.96270,-76.35734,0.0,69.5,31.0,SLNC YORK,IMO9538907,WNCG,70,1,142,23,5.5,70,A
477770400,2021-02-21T08:39:49,36.87994,-76.33155,0.0,98.3,96.0,BAO MAY,IMO9410155,VRGV8,70,0,292,45,18.2,70,A
477770400,2021-02-21T08:50:19,36.87994,-76.33155,0.0,98.3,96.0,BAO MAY,IMO9410155,VRGV8,70,0,292,45,18.2,70,A
356643000,2021-02-21T09:02:07,36.93577,-76.37957,0.0,11.8,345.0,ARKI,IMO9561801,3ENP3,70,1,170,27,9.7,70,A
477770400,2021-02-21T08:40:59,36.87994,-76.33156,0.0,98.3,96.0,BAO MAY,IMO9410155,VRGV8,70,0,292,45,18.2,70,A
338678000,2021-02-21T09:06:30,36.91619,-76.16843,0.0,282.9,9.0,DOLORES CHOUEST,IMO8225931,WCP8847,70,5,54,12,4.0,35,A
538005622,2021-02-21T08:53:54,36.88569,-76.33474,5.1,353.8,354.0,SASEBO GREEN,IMO9675468,V7FN3,70,0,225,32,14.4,,A
538005622,2021-02-21T09:05:53,36.90992,-76.33808,8.5,356.1,358.0,SASEBO GREEN,IMO9675468,V7FN3,70,0,225,32,14.4,,A
368445000,2021-02-21T09:02:06,36.96306,-76.42014,0.0,55.8,188.0,OVERSEAS NIKISKI,IMO9353577,WDBH,80,5,183,32,12.2,80,A
428405000,2021-02-21T08:51:33,36.90626,-76.32668,0.0,351.3,351.0,ZIM QINGDAO,IMO9318163,4XFC,71,5,261,32,9.9,71,A
338273000,2021-02-21T09:07:05,36.96272,-76.35734,0.0,69.5,16.0,SLNC YORK,IMO9538907,WNCG,70,1,142,23,5.5,70,A
367822000,2021-02-21T09:02:09,36.97313,-76.43382,0.0,0.0,511.0,USNS SHUGHART,IMO7825394,NAOQ,70,5,276,32,13.0,70,A
367822000,2021-02-21T08:41:10,36.97311,-76.43383,0.0,0.0,511.0,USNS SHUGHART,IMO7825394,NAOQ,70,5,276,32,13.0,70,A
366841000,2021-02-21T09:03:11,36.85329,-76.31052,0.0,0.0,511.0,CAPE RAY,IMO7530810,KAFI,70,5,197,32,10.0,,A
373765000,2021-02-21T08:54:18,37.26333,-76.10604,0.0,80.0,0.0,AM CONTRECOEUR,IMO9583184,3FBX4,70,1,229,32,14.4,,A
367359930,2021-02-21T08:53:46,36.82419,-76.28913,0.0,305.8,511.0,SUNNY WILLIAMS,,WDE4940,80,0,25,8,,80,A
636092329,2021-02-21T09:05:04,37.24627,-76.11849,0.1,299.5,358.0,BLUMENAU,IMO9605633,D5AL3,70,1,229,32,14.4,,A
368445000,2021-02-21T08:41:06,36.96315,-76.42016,0.0,55.8,188.0,OVERSEAS NIKISKI,IMO9353577,WDBH,80,5,183,32,12.2,80,A
538005622,2021-02-21T09:08:13,36.91558,-76.33836,8.9,357.3,359.0,SASEBO GREEN,IMO9675468,V7FN3,70,0,225,32,14.4,,A
338846000,2021-02-21T09:04:45,36.86562,-76.31585,0.0,0.1,511.0,USNS MENDONCA,IMO9147320,NBMK,70,5,289,32,10.9,,A
366841000,2021-02-21T09:09:11,36.85331,-76.31055,0.0,0.0,511.0,CAPE RAY,IMO7530810,KAFI,70,5,197,32,10.0,,A
366842000,2021-02-21T08:51:18,36.85386,-76.31118,0.0,0.0,42.0,CAPE RACE,IMO7616377,KAFJ,70,5,197,32,10.0,,A
356589000,2021-02-21T08:55:14,37.23804,-76.09441,0.0,160.2,342.0,DOUBLE FORTUNE,IMO9574119,3FHZ2,70,1,234,38,14.5,70,A
356589000,2021-02-21T08:43:13,37.23805,-76.09457,0.1,152.8,350.0,DOUBLE FORTUNE,IMO9574119,3FHZ2,70,1,234,38,14.5,70,A
538005622,2021-02-21T08:51:32,36.88286,-76.33419,3.5,348.9,351.0,SASEBO GREEN,IMO9675468,V7FN3,70,0,225,32,14.4,,A
428405000,2021-02-21T09:09:33,36.90626,-76.32665,0.0,351.5,352.0,ZIM QINGDAO,IMO9318163,4XFC,71,5,261,32,9.9,71,A
367822000,2021-02-21T09:08:10,36.97314,-76.43382,0.0,0.0,511.0,USNS SHUGHART,IMO7825394,NAOQ,70,5,276,32,13.0,70,A
368026000,2021-02-21T09:02:44,36.86577,-76.31603,0.0,224.2,511.0,BENAVIDEZ,IMO9218210,NBHG,70,5,289,32,10.9,70,A
368026000,2021-02-21T09:05:44,36.86576,-76.31603,0.0,224.2,511.0,BENAVIDEZ,IMO9218210,NBHG,70,5,289,32,10.9,70,A
367821000,2021-02-21T08:43:53,36.97282,-76.43370,0.0,0.0,511.0,YANO,IMO7825409,NAQH,70,5,276,32,13.0,70,A
636092329,2021-02-21T08:44:05,37.24626,-76.11863,0.1,299.5,1.0,BLUMENAU,IMO9605633,D5AL3,70,1,229,32,14.4,,A
338678000,2021-02-21T09:03:31,36.91635,-76.16854,0.0,283.2,9.0,DOLORES CHOUEST,IMO8225931,WCP8847,70,5,54,12,4.0,35,A
366842000,2021-02-21T09:09:19,36.85383,-76.31121,0.0,0.0,42.0,CAPE RACE,IMO7616377,KAFJ,70,5,197,32,10.0,,A
367359930,2021-02-21T08:56:04,36.82420,-76.28911,0.0,288.0,511.0,SUNNY WILLIAMS,,WDE4940,80,0,25,8,,80,A
367862000,2021-02-21T09:03:44,36.94815,-76.32975,0.0,35.7,280.0,JOSHUA HUMPHREYS,IMO8302428,NNJH,80,5,193,29,,,A
356589000,2021-02-21T09:04:11,37.23805,-76.09450,0.1,205.6,345.0,DOUBLE FORTUNE,IMO9574119,3FHZ2,70,1,234,38,14.5,70,A
367353070,2021-02-21T08:57:02,36.94417,-76.32947,0.0,282.0,267.0,EVERGREEN STATE,IMO9408138,WDE4430,80,5,183,32,11.8,89,A
338273000,2021-02-21T09:10:05,36.96273,-76.35734,0.0,69.5,14.0,SLNC YORK,IMO9538907,WNCG,70,1,142,23,5.5,70,A
367822000,2021-02-21T09:05:10,36.97313,-76.43382,0.0,0.0,511.0,USNS SHUGHART,IMO7825394,NAOQ,70,5,276,32,13.0,70,A
367359930,2021-02-21T09:04:45,36.82420,-76.28913,0.0,248.6,511.0,SUNNY WILLIAMS,,WDE4940,80,0,25,8,,80,A
477770400,2021-02-21T09:07:08,36.87993,-76.33156,0.0,98.3,95.0,BAO MAY,IMO9410155,VRGV8,70,0,292,45,18.2,70,A
368026000,2021-02-21T08:44:44,36.86576,-76.31603,0.0,224.2,511.0,BENAVIDEZ,IMO9218210,NBHG,70,5,289,32,10.9,70,A
338846000,2021-02-21T09:10:46,36.86561,-76.31579,0.0,0.1,511.0,USNS MENDONCA,IMO9147320,NBMK,70,5,289,32,10.9,,A
366841000,2021-02-21T08:57:09,36.85329,-76.31054,0.0,0.0,511.0,CAPE RAY,IMO7530810,KAFI,70,5,197,32,10.0,,A
428405000,2021-02-21T08:45:34,36.90628,-76.32670,0.0,351.3,351.0,ZIM QINGDAO,IMO9318163,4XFC,71,5,261,32,9.9,71,A
367865000,2021-02-21T08:53:19,36.88693,-76.33854,0.0,286.4,11.0,KANAWHA,IMO8704080,NPTD,80,5,206,29,,,A
538005622,2021-02-21T09:04:44,36.90725,-76.33773,8.3,353.2,354.0,SASEBO GREEN,IMO9675468,V7FN3,70,0,225,32,14.4,,A
367353070,2021-02-21T08:54:03,36.94418,-76.32952,0.0,282.0,267.0,EVERGREEN STATE,IMO9408138,WDE4430,80,5,183,32,11.8,89,A
338678000,2021-02-21T08:57:31,36.91624,-76.16844,0.0,285.0,9.0,DOLORES CHOUEST,IMO8225931,WCP8847,70,5,54,12,4.0,35,A
367822000,2021-02-21T08:53:09,36.97312,-76.43383,0.0,0.0,511.0,USNS SHUGHART,IMO7825394,NAOQ,70,5,276,32,13.0,70,A
366841000,2021-02-21T09:06:07,36.85327,-76.31058,0.0,0.0,511.0,CAPE RAY,IMO7530810,KAFI,70,5,197,32,10.0,,A
367359930,2021-02-21T08:54:56,36.82420,-76.28911,0.0,299.0,511.0,SUNNY WILLIAMS,,WDE4940,80,0,25,8,,80,A
636092329,2021-02-21T09:11:03,37.24625,-76.11848,0.1,299.5,355.0,BLUMENAU,IMO9605633,D5AL3,70,1,229,32,14.4,,A
477770400,2021-02-21T09:05:59,36.87993,-76.33157,0.0,98.3,95.0,BAO MAY,IMO9410155,VRGV8,70,0,292,45,18.2,70,A
356643000,2021-02-21T09:11:04,36.93579,-76.37948,0.1,164.7,339.0,ARKI,IMO9561801,3ENP3,70,1,170,27,9.7,70,A
428405000,2021-02-21T08:57:34,36.90624,-76.32670,0.0,351.3,351.0,ZIM QINGDAO,IMO9318163,4XFC,71,5,261,32,9.9,71,A
367862000,2021-02-21T09:06:45,36.94811,-76.32986,0.0,35.7,280.0,JOSHUA HUMPHREYS,IMO8302428,NNJH,80,5,193,29,,,A
367359930,2021-02-21T09:11:45,36.82419,-76.28913,0.0,244.6,511.0,SUNNY WILLIAMS,,WDE4940,80,0,25,8,,80,A
367353070,2021-02-21T09:06:04,36.94422,-76.32948,0.0,282.0,267.0,EVERGREEN STATE,IMO9408138,WDE4430,80,5,183,32,11.8,89,A
338678000,2021-02-21T09:12:31,36.91623,-76.16844,0.0,293.0,9.0,DOLORES CHOUEST,IMO8225931,WCP8847,70,5,54,12,4.0,35,A
338846000,2021-02-21T08:46:47,36.86560,-76.31584,0.0,0.1,511.0,USNS MENDONCA,IMO9147320,NBMK,70,5,289,32,10.9,,A
366839000,2021-02-21T09:11:16,36.85352,-76.31078,0.0,0.0,40.0,CAPE RISE,IMO7530808,KAFG,70,5,197,32,10.0,,A
255806078,2021-02-21T09:12:18,36.90935,-76.32720,0.1,306.9,352.0,NORTHERN MAGNUM,IMO9252541,CQIV4,71,5,300,40,11.3,71,A
367359930,2021-02-21T09:12:54,36.82420,-76.28913,0.0,252.6,511.0,SUNNY WILLIAMS,,WDE4940,80,0,25,8,,80,A
367862000,2021-02-21T09:09:43,36.94806,-76.32979,0.0,35.7,280.0,JOSHUA HUMPHREYS,IMO8302428,NNJH,80,5,193,29,,,A
356643000,2021-02-21T08:59:05,36.93574,-76.37958,0.1,182.7,346.0,ARKI,IMO9561801,3ENP3,70,1,170,27,9.7,70,A
338846000,2021-02-21T09:13:45,36.86561,-76.31580,0.0,0.1,511.0,USNS MENDONCA,IMO9147320,NBMK,70,5,289,32,10.9,,A
338273000,2021-02-21T09:13:05,36.96274,-76.35740,0.0,69.5,11.0,SLNC YORK,IMO9538907,WNCG,70,1,142,23,5.5,70,A
368445000,2021-02-21T08:56:05,36.96310,-76.42015,0.0,55.8,188.0,OVERSEAS NIKISKI,IMO9353577,WDBH,80,5,183,32,12.2,80,A
356589000,2021-02-21T08:58:14,37.23805,-76.09446,0.0,160.2,344.0,DOUBLE FORTUNE,IMO9574119,3FHZ2,70,1,234,38,14.5,70,A
368445000,2021-02-21T09:14:05,36.96306,-76.42015,0.0,55.8,188.0,OVERSEAS NIKISKI,IMO9353577,WDBH,80,5,183,32,12.2,80,A
373765000,2021-02-21T09:09:21,37.26329,-76.10585,0.0,80.0,354.0,AM CONTRECOEUR,IMO9583184,3FBX4,70,1,229,32,14.4,,A
477770400,2021-02-21T09:11:49,36.87994,-76.33156,0.0,98.3,95.0,BAO MAY,IMO9410155,VRGV8,70,0,292,45,18.2,70,A
373765000,2021-02-21T09:12:22,37.26330,-76.10591,0.1,80.0,357.0,AM CONTRECOEUR,IMO9583184,3FBX4,70,1,229,32,14.4,,A
538005622,2021-02-21T08:48:12,36.88089,-76.33183,2.9,277.9,304.0,SASEBO GREEN,IMO9675468,V7FN3,70,0,225,32,14.4,,A
356589000,2021-02-21T08:49:12,37.23805,-76.09446,0.1,138.3,345.0,DOUBLE FORTUNE,IMO9574119,3FHZ2,70,1,234,38,14.5,70,A
356643000,2021-02-21T08:50:06,36.93578,-76.37953,0.0,62.8,340.0,ARKI,IMO9561801,3ENP3,70,1,170,27,9.7,70,A
538005622,2021-02-21T08:49:13,36.88116,-76.33288,3.2,290.7,325.0,SASEBO GREEN,IMO9675468,V7FN3,70,0,225,32,14.4,,A
366842000,2021-02-21T09:15:18,36.85383,-76.31119,0.0,0.0,42.0,CAPE RACE,IMO7616377,KAFJ,70,5,197,32,10.0,,A
367359930,2021-02-21T09:00:05,36.82417,-76.28909,0.0,265.9,511.0,SUNNY WILLIAMS,,WDE4940,80,0,25,8,,80,A
356589000,2021-02-21T09:01:14,37.23805,-76.09445,0.0,172.0,344.0,DOUBLE FORTUNE,IMO9574119,3FHZ2,70,1,234,38,14.5,70,A
367359930,2021-02-21T09:02:25,36.82420,-76.28912,0.0,261.2,511.0,SUNNY WILLIAMS,,WDE4940,80,0,25,8,,80,A
367359930,2021-02-21T09:16:16,36.82420,-76.28915,0.0,260.7,511.0,SUNNY WILLIAMS,,WDE4940,80,0,25,8,,80,A
368026000,2021-02-21T09:11:44,36.86577,-76.31604,0.0,224.2,511.0,BENAVIDEZ,IMO9218210,NBHG,70,5,289,32,10.9,70,A
367353070,2021-02-21T09:12:01,36.94417,-76.32952,0.0,282.0,267.0,EVERGREEN STATE,IMO9408138,WDE4430,80,5,183,32,11.8,89,A
367353070,2021-02-21T09:18:03,36.94417,-76.32950,0.0,282.0,267.0,EVERGREEN STATE,IMO9408138,WDE4430,80,5,183,32,11.8,89,A
636092329,2021-02-21T09:14:02,37.24625,-76.11854,0.1,299.5,357.0,BLUMENAU,IMO9605633,D5AL3,70,1,229,32,14.4,,A
538005622,2021-02-21T09:13:54,36.92992,-76.33812,9.4,2.3,3.0,SASEBO GREEN,IMO9675468,V7FN3,70,0,225,32,14.4,,A
367359930,2021-02-21T08:51:16,36.82420,-76.28915,0.0,304.5,511.0,SUNNY WILLIAMS,,WDE4940,80,0,25,8,,80,A
477770400,2021-02-21T09:03:40,36.87993,-76.33157,0.0,98.3,95.0,BAO MAY,IMO9410155,VRGV8,70,0,292,45,18.2,70,A
368445000,2021-02-21T09:17:05,36.96306,-76.42011,0.0,55.8,188.0,OVERSEAS NIKISKI,IMO9353577,WDBH,80,5,183,32,12.2,80,A
373765000,2021-02-21T09:18:20,37.26332,-76.10588,0.0,80.0,356.0,AM CONTRECOEUR,IMO9583184,3FBX4,70,1,229,32,14.4,,A
366842000,2021-02-21T09:03:20,36.85382,-76.31117,0.0,0.0,42.0,CAPE RACE,IMO7616377,KAFJ,70,5,197,32,10.0,,A
356589000,2021-02-21T09:19:14,37.23802,-76.09465,0.1,227.7,349.0,DOUBLE FORTUNE,IMO9574119,3FHZ2,70,1,234,38,14.5,70,A
367865000,2021-02-21T09:02:19,36.88693,-76.33854,0.0,286.4,11.0,KANAWHA,IMO8704080,NPTD,80,5,206,29,,,A
367353070,2021-02-21T09:03:03,36.94417,-76.32950,0.0,282.0,267.0,EVERGREEN STATE,IMO9408138,WDE4430,80,5,183,32,11.8,89,A
538005622,2021-02-21T09:18:34,36.94228,-76.33734,9.7,2.7,3.0,SASEBO GREEN,IMO9675468,V7FN3,70,0,225,32,14.4,,A
538005622,2021-02-21T09:12:44,36.92692,-76.33827,9.2,3.1,3.0,SASEBO GREEN,IMO9675468,V7FN3,70,0,225,32,14.4,,A
338678000,2021-02-21T09:15:31,36.91625,-76.16845,0.0,302.6,9.0,DOLORES CHOUEST,IMO8225931,WCP8847,70,5,54,12,4.0,35,A
367359930,2021-02-21T08:52:34,36.82419,-76.28915,0.0,304.4,511.0,SUNNY WILLIAMS,,WDE4940,80,0,25,8,,80,A
477770400,2021-02-21T09:15:20,36.87995,-76.33158,0.0,98.3,96.0,BAO MAY,IMO9410155,VRGV8,70,0,292,45,18.2,70,A
538005622,2021-02-21T09:15:03,36.93298,-76.33793,9.4,2.7,3.0,SASEBO GREEN,IMO9675468,V7FN3,70,0,225,32,14.4,,A
366839000,2021-02-21T09:20:15,36.85347,-76.31082,0.0,0.0,40.0,CAPE RISE,IMO7530808,KAFG,70,5,197,32,10.0,,A
366839000,2021-02-21T09:14:14,36.85345,-76.31083,0.0,0.0,40.0,CAPE RISE,IMO7530808,KAFG,70,5,197,32,10.0,,A
428405000,2021-02-21T09:21:34,36.90621,-76.32666,0.0,351.5,352.0,ZIM QINGDAO,IMO9318163,4XFC,71,5,261,32,9.9,71,A
367821000,2021-02-21T09:04:53,36.97279,-76.43371,0.0,0.0,511.0,YANO,IMO7825409,NAQH,70,5,276,32,13.0,70,A
477770400,2021-02-21T09:14:10,36.87995,-76.33156,0.0,98.3,95.0,BAO MAY,IMO9410155,VRGV8,70,0,292,45,18.2,70,A
368026000,2021-02-21T09:20:43,36.86577,-76.31602,0.0,224.2,511.0,BENAVIDEZ,IMO9218210,NBHG,70,5,289,32,10.9,70,A
368445000,2021-02-21T09:05:05,36.96309,-76.42011,0.0,55.8,188.0,OVERSEAS NIKISKI,IMO9353577,WDBH,80,5,183,32,12.2,80,A
366842000,2021-02-21T09:21:18,36.85383,-76.31120,0.0,0.0,43.0,CAPE RACE,IMO7616377,KAFJ,70,5,197,32,10.0,,A
366842000,2021-02-21T09:06:11,36.85381,-76.31119,0.0,0.0,42.0,CAPE RACE,IMO7616377,KAFJ,70,5,197,32,10.0,,A
338273000,2021-02-21T08:55:05,36.96279,-76.35743,0.1,69.5,6.0,SLNC YORK,IMO9538907,WNCG,70,1,142,23,5.5,70,A
538005622,2021-02-21T09:21:54,36.95134,-76.33663,9.8,4.1,4.0,SASEBO GREEN,IMO9675468,V7FN3,70,0,225,32,14.4,,A
367822000,2021-02-21T09:23:09,36.97317,-76.43390,0.0,0.0,511.0,USNS SHUGHART,IMO7825394,NAOQ,70,5,276,32,13.0,70,A
367359930,2021-02-21T09:17:25,36.82421,-76.28916,0.0,254.6,511.0,SUNNY WILLIAMS,,WDE4940,80,0,25,8,,80,A
366839000,2021-02-21T08:56:17,36.85349,-76.31085,0.0,0.0,40.0,CAPE RISE,IMO7530808,KAFG,70,5,197,32,10.0,,A
538005622,2021-02-21T09:07:02,36.91265,-76.33817,8.8,357.5,358.0,SASEBO GREEN,IMO9675468,V7FN3,70,0,225,32,14.4,,A
428405000,2021-02-21T09:06:35,36.90624,-76.32666,0.0,351.4,351.0,ZIM QINGDAO,IMO9318163,4XFC,71,5,261,32,9.9,71,A
367865000,2021-02-21T09:17:18,36.88690,-76.33854,0.0,286.4,11.0,KANAWHA,IMO8704080,NPTD,80,5,206,29,,,A
367822000,2021-02-21T08:56:10,36.97313,-76.43383,0.0,0.0,511.0,USNS SHUGHART,IMO7825394,NAOQ,70,5,276,32,13.0,70,A
367821000,2021-02-21T09:07:53,36.97279,-76.43371,0.0,0.0,511.0,YANO,IMO7825409,NAQH,70,5,276,32,13.0,70,A
368445000,2021-02-21T09:23:05,36.96304,-76.42009,0.0,55.8,188.0,OVERSEAS NIKISKI,IMO9353577,WDBH,80,5,183,32,12.2,80,A
368026000,2021-02-21T09:17:43,36.86576,-76.31604,0.0,224.2,511.0,BENAVIDEZ,IMO9218210,NBHG,70,5,289,32,10.9,70,A
367865000,2021-02-21T09:08:19,36.88689,-76.33853,0.0,286.4,11.0,KANAWHA,IMO8704080,NPTD,80,5,206,29,,,A
636092329,2021-02-21T09:08:03,37.24627,-76.11846,0.0,299.5,356.0,BLUMENAU,IMO9605633,D5AL3,70,1,229,32,14.4,,A
477770400,2021-02-21T09:09:28,36.87992,-76.33155,0.0,98.3,95.0,BAO MAY,IMO9410155,VRGV8,70,0,292,45,18.2,70,A
367359930,2021-02-21T09:18:34,36.82422,-76.28917,0.0,244.6,511.0,SUNNY WILLIAMS,,WDE4940,80,0,25,8,,80,A
367359930,2021-02-21T09:08:15,36.82419,-76.28911,0.0,248.4,511.0,SUNNY WILLIAMS,,WDE4940,80,0,25,8,,80,A
367821000,2021-02-21T08:58:54,36.97281,-76.43369,0.0,0.0,511.0,YANO,IMO7825409,NAQH,70,5,276,32,13.0,70,A
367822000,2021-02-21T09:26:08,36.97314,-76.43385,0.0,0.0,511.0,USNS SHUGHART,IMO7825394,NAOQ,70,5,276,32,13.0,70,A
367821000,2021-02-21T09:25:54,36.97280,-76.43370,0.0,0.0,511.0,YANO,IMO7825409,NAQH,70,5,276,32,13.0,70,A
356589000,2021-02-21T09:10:13,37.23803,-76.09448,0.0,188.9,342.0,DOUBLE FORTUNE,IMO9574119,3FHZ2,70,1,234,38,14.5,70,A
366842000,2021-02-21T09:18:14,36.85379,-76.31117,0.0,0.0,42.0,CAPE RACE,IMO7616377,KAFJ,70,5,197,32,10.0,,A
538005622,2021-02-21T08:58:32,36.89392,-76.33587,6.9,354.1,355.0,SASEBO GREEN,IMO9675468,V7FN3,70,0,225,32,14.4,,A
367359930,2021-02-21T09:09:24,36.82419,-76.28912,0.0,246.2,511.0,SUNNY WILLIAMS,,WDE4940,80,0,25,8,,80,A
367359930,2021-02-21T09:20:54,36.82420,-76.28914,0.0,236.6,511.0,SUNNY WILLIAMS,,WDE4940,80,0,25,8,,80,A
367865000,2021-02-21T09:20:19,36.88697,-76.33850,0.0,286.4,11.0,KANAWHA,IMO8704080,NPTD,80,5,206,29,,,A
367865000,2021-02-21T09:26:18,36.88694,-76.33860,0.0,286.4,11.0,KANAWHA,IMO8704080,NPTD,80,5,206,29,,,A
367353070,2021-02-21T09:24:01,36.94415,-76.32948,0.0,282.0,267.0,EVERGREEN STATE,IMO9408138,WDE4430,80,5,183,32,11.8,89,A
368445000,2021-02-21T09:20:05,36.96314,-76.42013,0.0,55.8,188.0,OVERSEAS NIKISKI,IMO9353577,WDBH,80,5,183,32,12.2,80,A
636092329,2021-02-21T09:20:03,37.24627,-76.11861,0.1,299.5,359.0,BLUMENAU,IMO9605633,D5AL3,70,1,229,32,14.4,,A
367359930,2021-02-21T09:27:56,36.82418,-76.28913,0.1,232.4,511.0,SUNNY WILLIAMS,,WDE4940,80,0,25,8,,80,A
338678000,2021-02-21T09:00:31,36.91626,-76.16844,0.0,279.5,9.0,DOLORES CHOUEST,IMO8225931,WCP8847,70,5,54,12,4.0,35,A
255806078,2021-02-21T09:00:12,36.90930,-76.32717,0.1,306.9,352.0,NORTHERN MAGNUM,IMO9252541,CQIV4,71,5,300,40,11.3,71,A
477770400,2021-02-21T09:20:10,36.87992,-76.33155,0.0,98.3,96.0,BAO MAY,IMO9410155,VRGV8,70,0,292,45,18.2,70,A
538005622,2021-02-21T09:00:02,36.89692,-76.33624,7.3,354.1,355.0,SASEBO GREEN,IMO9675468,V7FN3,70,0,225,32,14.4,,A
367822000,2021-02-21T09:20:09,36.97315,-76.43383,0.0,0.0,511.0,USNS SHUGHART,IMO7825394,NAOQ,70,5,276,32,13.0,70,A
356643000,2021-02-21T09:20:07,36.93579,-76.37949,0.1,143.9,341.0,ARKI,IMO9561801,3ENP3,70,1,170,27,9.7,70,A
367359930,2021-02-21T09:19:46,36.82421,-76.28915,0.0,240.6,511.0,SUNNY WILLIAMS,,WDE4940,80,0,25,8,,80,A
477770400,2021-02-21T09:21:20,36.87993,-76.33157,0.0,98.3,96.0,BAO MAY,IMO9410155,VRGV8,70,0,292,45,18.2,70,A
538005622,2021-02-21T09:10:33,36.92144,-76.33863,8.9,358.7,3.0,SASEBO GREEN,IMO9675468,V7FN3,70,0,225,32,14.4,,A
428405000,2021-02-21T09:12:34,36.90625,-76.32666,0.0,351.5,352.0,ZIM QINGDAO,IMO9318163,4XFC,71,5,261,32,9.9,71,A
367353070,2021-02-21T09:30:04,36.94417,-76.32952,0.0,282.0,267.0,EVERGREEN STATE,IMO9408138,WDE4430,80,5,183,32,11.8,89,A
366842000,2021-02-21T09:30:16,36.85382,-76.31119,0.0,0.0,43.0,CAPE RACE,IMO7616377,KAFJ,70,5,197,32,10.0,,A
538005622,2021-02-21T09:11:43,36.92430,-76.33844,9.0,2.8,3.0,SASEBO GREEN,IMO9675468,V7FN3,70,0,225,32,14.4,,A
338678000,2021-02-21T09:21:30,36.91629,-76.16846,0.1,243.1,9.0,DOLORES CHOUEST,IMO8225931,WCP8847,70,5,54,12,4.0,35,A
477770400,2021-02-21T09:22:29,36.87994,-76.33157,0.0,98.3,96.0,BAO MAY,IMO9410155,VRGV8,70,0,292,45,18.2,70,A
367353070,2021-02-21T09:21:04,36.94418,-76.32950,0.0,282.0,267.0,EVERGREEN STATE,IMO9408138,WDE4430,80,5,183,32,11.8,89,A
367862000,2021-02-21T09:27:44,36.94819,-76.32974,0.0,35.7,280.0,JOSHUA HUMPHREYS,IMO8302428,NNJH,80,5,193,29,,,A
255806078,2021-02-21T09:30:28,36.90933,-76.32725,0.1,306.9,352.0,NORTHERN MAGNUM,IMO9252541,CQIV4,71,5,300,40,11.3,71,A
477770400,2021-02-21T09:02:28,36.87993,-76.33157,0.0,98.3,95.0,BAO MAY,IMO9410155,VRGV8,70,0,292,45,18.2,70,A
356589000,2021-02-21T09:22:14,37.23803,-76.09472,0.1,198.9,354.0,DOUBLE FORTUNE,IMO9574119,3FHZ2,70,1,234,38,14.5,70,A
367821000,2021-02-21T09:13:53,36.97279,-76.43371,0.0,0.0,511.0,YANO,IMO7825409,NAQH,70,5,276,32,13.0,70,A
356643000,2021-02-21T09:14:07,36.93578,-76.37951,0.1,199.9,342.0,ARKI,IMO9561801,3ENP3,70,1,170,27,9.7,70,A
255806078,2021-02-21T09:15:21,36.90925,-76.32723,0.1,306.9,352.0,NORTHERN MAGNUM,IMO9252541,CQIV4,71,5,300,40,11.3,71,A
366841000,2021-02-21T09:15:11,36.85329,-76.31052,0.0,0.0,511.0,CAPE RAY,IMO7530810,KAFI,70,5,197,32,10.0,,A
428405000,2021-02-21T09:15:35,36.90626,-76.32668,0.0,351.5,352.0,ZIM QINGDAO,IMO9318163,4XFC,71,5,261,32,9.9,71,A
367821000,2021-02-21T09:31:53,36.97280,-76.43370,0.0,0.0,511.0,YANO,IMO7825409,NAQH,70,5,276,32,13.0,70,A
366839000,2021-02-21T09:23:14,36.85349,-76.31078,0.0,0.0,40.0,CAPE RISE,IMO7530808,KAFG,70,5,197,32,10.0,,A
338846000,2021-02-21T09:31:46,36.86554,-76.31580,0.0,0.1,511.0,USNS MENDONCA,IMO9147320,NBMK,70,5,289,32,10.9,,A
356643000,2021-02-21T09:23:06,36.93582,-76.37949,0.0,317.0,338.0,ARKI,IMO9561801,3ENP3,70,1,170,27,9.7,70,A
356643000,2021-02-21T09:17:05,36.93578,-76.37952,0.0,192.9,343.0,ARKI,IMO9561801,3ENP3,70,1,170,27,9.7,70,A
338678000,2021-02-21T09:30:31,36.91627,-76.16849,0.0,233.4,9.0,DOLORES CHOUEST,IMO8225931,WCP8847,70,5,54,12,4.0,35,A
366841000,2021-02-21T09:24:12,36.85330,-76.31054,0.0,0.0,511.0,CAPE RAY,IMO7530810,KAFI,70,5,197,32,10.0,,A
368026000,2021-02-21T09:23:44,36.86578,-76.31604,0.0,224.2,511.0,BENAVIDEZ,IMO9218210,NBHG,70,5,289,32,10.9,70,A
538005622,2021-02-21T09:17:24,36.93915,-76.33754,9.6,2.7,3.0,SASEBO GREEN,IMO9675468,V7FN3,70,0,225,32,14.4,,A
338273000,2021-02-21T09:25:06,36.96271,-76.35727,0.0,69.5,25.0,SLNC YORK,IMO9538907,WNCG,70,1,142,23,5.5,70,A
428405000,2021-02-21T09:24:35,36.90626,-76.32660,0.0,351.5,352.0,ZIM QINGDAO,IMO9318163,4XFC,71,5,261,32,9.9,71,A
367822000,2021-02-21T09:17:10,36.97315,-76.43383,0.0,0.0,511.0,USNS SHUGHART,IMO7825394,NAOQ,70,5,276,32,13.0,70,A
477770400,2021-02-21T09:24:49,36.87994,-76.33157,0.0,98.3,96.0,BAO MAY,IMO9410155,VRGV8,70,0,292,45,18.2,70,A
636092329,2021-02-21T09:17:03,37.24628,-76.11858,0.1,299.5,358.0,BLUMENAU,IMO9605633,D5AL3,70,1,229,32,14.4,,A
373765000,2021-02-21T09:24:19,37.26331,-76.10580,0.0,80.0,351.0,AM CONTRECOEUR,IMO9583184,3FBX4,70,1,229,32,14.4,,A
373765000,2021-02-21T09:33:20,37.26331,-76.10594,0.1,80.0,357.0,AM CONTRECOEUR,IMO9583184,3FBX4,70,1,229,32,14.4,,A
368026000,2021-02-21T09:32:44,36.86579,-76.31605,0.0,224.2,511.0,BENAVIDEZ,IMO9218210,NBHG,70,5,289,32,10.9,70,A
255806078,2021-02-21T09:27:26,36.90938,-76.32727,0.1,306.9,352.0,NORTHERN MAGNUM,IMO9252541,CQIV4,71,5,300,40,11.3,71,A
428405000,2021-02-21T09:18:34,36.90623,-76.32668,0.0,351.5,352.0,ZIM QINGDAO,IMO9318163,4XFC,71,5,261,32,9.9,71,A
366841000,2021-02-21T09:33:04,36.85330,-76.31054,0.0,0.0,511.0,CAPE RAY,IMO7530810,KAFI,70,5,197,32,10.0,,A
356589000,2021-02-21T09:25:11,37.23803,-76.09474,0.1,148.0,354.0,DOUBLE FORTUNE,IMO9574119,3FHZ2,70,1,234,38,14.5,70,A
367353070,2021-02-21T09:27:03,36.94418,-76.32953,0.0,282.0,267.0,EVERGREEN STATE,IMO9408138,WDE4430,80,5,183,32,11.8,89,A
367359930,2021-02-21T09:26:45,36.82420,-76.28914,0.0,231.1,511.0,SUNNY WILLIAMS,,WDE4940,80,0,25,8,,80,A
338678000,2021-02-21T09:27:30,36.91623,-76.16844,0.0,234.5,9.0,DOLORES CHOUEST,IMO8225931,WCP8847,70,5,54,12,4.0,35,A
538005622,2021-02-21T09:33:22,36.97975,-76.32289,10.1,44.2,45.0,SASEBO GREEN,IMO9675468,V7FN3,70,0,225,32,14.4,,A
477770400,2021-02-21T09:17:38,36.87994,-76.33156,0.0,98.3,96.0,BAO MAY,IMO9410155,VRGV8,70,0,292,45,18.2,70,A
338273000,2021-02-21T09:19:06,36.96272,-76.35739,0.0,69.5,20.0,SLNC YORK,IMO9538907,WNCG,70,1,142,23,5.5,70,A
338273000,2021-02-21T09:28:06,36.96272,-76.35727,0.0,69.5,22.0,SLNC YORK,IMO9538907,WNCG,70,1,142,23,5.5,70,A
338846000,2021-02-21T09:34:45,36.86563,-76.31584,0.0,0.1,511.0,USNS MENDONCA,IMO9147320,NBMK,70,5,289,32,10.9,,A
367359930,2021-02-21T09:07:06,36.82419,-76.28914,0.0,247.2,511.0,SUNNY WILLIAMS,,WDE4940,80,0,25,8,,80,A
538005622,2021-02-21T09:34:32,36.98208,-76.32005,10.2,44.1,45.0,SASEBO GREEN,IMO9675468,V7FN3,70,0,225,32,14.4,,A
255806078,2021-02-21T09:21:21,36.90923,-76.32730,0.1,306.9,352.0,NORTHERN MAGNUM,IMO9252541,CQIV4,71,5,300,40,11.3,71,A
373765000,2021-02-21T09:21:18,37.26329,-76.10585,0.0,80.0,354.0,AM CONTRECOEUR,IMO9583184,3FBX4,70,1,229,32,14.4,,A
477770400,2021-02-21T09:18:59,36.87991,-76.33156,0.0,98.3,96.0,BAO MAY,IMO9410155,VRGV8,70,0,292,45,18.2,70,A
356589000,2021-02-21T09:07:14,37.23804,-76.09448,0.0,181.3,345.0,DOUBLE FORTUNE,IMO9574119,3FHZ2,70,1,234,38,14.5,70,A
356643000,2021-02-21T09:08:07,36.93579,-76.37949,0.1,283.2,339.0,ARKI,IMO9561801,3ENP3,70,1,170,27,9.7,70,A
366839000,2021-02-21T09:08:15,36.85353,-76.31084,0.0,0.0,40.0,CAPE RISE,IMO7530808,KAFG,70,5,197,32,10.0,,A
367821000,2021-02-21T09:19:52,36.97279,-76.43370,0.0,0.0,511.0,YANO,IMO7825409,NAQH,70,5,276,32,13.0,70,A
368445000,2021-02-21T09:08:06,36.96307,-76.42016,0.0,55.8,188.0,OVERSEAS NIKISKI,IMO9353577,WDBH,80,5,183,32,12.2,80,A
538005622,2021-02-21T09:19:44,36.94550,-76.33715,9.7,3.6,4.0,SASEBO GREEN,IMO9675468,V7FN3,70,0,225,32,14.4,,A
368026000,2021-02-21T09:26:43,36.86578,-76.31604,0.0,224.2,511.0,BENAVIDEZ,IMO9218210,NBHG,70,5,289,32,10.9,70,A
366841000,2021-02-21T09:27:10,36.85327,-76.31052,0.0,0.0,511.0,CAPE RAY,IMO7530810,KAFI,70,5,197,32,10.0,,A
428405000,2021-02-21T09:27:33,36.90625,-76.32663,0.0,351.5,352.0,ZIM QINGDAO,IMO9318163,4XFC,71,5,261,32,9.9,71,A
428405000,2021-02-21T09:36:34,36.90625,-76.32665,0.0,351.5,352.0,ZIM QINGDAO,IMO9318163,4XFC,71,5,261,32,9.9,71,A
367862000,2021-02-21T09:21:45,36.94817,-76.32978,0.0,35.7,280.0,JOSHUA HUMPHREYS,IMO8302428,NNJH,80,5,193,29,,,A
368026000,2021-02-21T09:35:43,36.86580,-76.31605,0.1,224.2,511.0,BENAVIDEZ,IMO9218210,NBHG,70,5,289,32,10.9,70,A
477770400,2021-02-21T09:28:18,36.87989,-76.33156,0.0,98.3,96.0,BAO MAY,IMO9410155,VRGV8,70,0,292,45,18.2,70,A
636092329,2021-02-21T09:29:05,37.24627,-76.11852,0.1,299.5,358.0,BLUMENAU,IMO9605633,D5AL3,70,1,229,32,14.4,,A
367359930,2021-02-21T09:30:14,36.82419,-76.28913,0.0,231.0,511.0,SUNNY WILLIAMS,,WDE4940,80,0,25,8,,80,A
356589000,2021-02-21T09:31:13,37.23801,-76.09458,0.2,92.5,348.0,DOUBLE FORTUNE,IMO9574119,3FHZ2,70,1,234,38,14.5,70,A
338678000,2021-02-21T09:36:30,36.91623,-76.16849,0.0,238.2,9.0,DOLORES CHOUEST,IMO8225931,WCP8847,70,5,54,12,4.0,35,A
373765000,2021-02-21T09:36:18,37.26329,-76.10597,0.1,80.0,359.0,AM CONTRECOEUR,IMO9583184,3FBX4,70,1,229,32,14.4,,A
356643000,2021-02-21T09:29:05,36.93579,-76.37956,0.1,215.4,340.0,ARKI,IMO9561801,3ENP3,70,1,170,27,9.7,70,A
338273000,2021-02-21T09:37:06,36.96273,-76.35718,0.0,69.5,18.0,SLNC YORK,IMO9538907,WNCG,70,1,142,23,5.5,70,A
367353070,2021-02-21T09:36:03,36.94417,-76.32952,0.0,282.0,267.0,EVERGREEN STATE,IMO9408138,WDE4430,80,5,183,32,11.8,89,A
338273000,2021-02-21T09:22:05,36.96271,-76.35735,0.0,69.5,24.0,SLNC YORK,IMO9538907,WNCG,70,1,142,23,5.5,70,A
366842000,2021-02-21T09:36:16,36.85384,-76.31119,0.0,0.0,43.0,CAPE RACE,IMO7616377,KAFJ,70,5,197,32,10.0,,A
538005622,2021-02-21T09:35:44,36.98455,-76.31710,10.2,43.9,45.0,SASEBO GREEN,IMO9675468,V7FN3,70,0,225,32,14.4,,A
367821000,2021-02-21T09:28:53,36.97280,-76.43370,0.0,0.0,511.0,YANO,IMO7825409,NAQH,70,5,276,32,13.0,70,A
368026000,2021-02-21T09:08:43,36.86577,-76.31603,0.0,224.2,511.0,BENAVIDEZ,IMO9218210,NBHG,70,5,289,32,10.9,70,A
636092329,2021-02-21T09:23:04,37.24627,-76.11861,0.0,299.5,0.0,BLUMENAU,IMO9605633,D5AL3,70,1,229,32,14.4,,A
367359930,2021-02-21T09:22:05,36.82419,-76.28915,0.0,231.9,511.0,SUNNY WILLIAMS,,WDE4940,80,0,25,8,,80,A
367359930,2021-02-21T09:31:25,36.82419,-76.28913,0.0,231.3,511.0,SUNNY WILLIAMS,,WDE4940,80,0,25,8,,80,A
368026000,2021-02-21T09:29:43,36.86574,-76.31606,0.0,224.2,511.0,BENAVIDEZ,IMO9218210,NBHG,70,5,289,32,10.9,70,A
477770400,2021-02-21T09:31:48,36.87994,-76.33155,0.0,98.3,96.0,BAO MAY,IMO9410155,VRGV8,70,0,292,45,18.2,70,A
428405000,2021-02-21T09:30:35,36.90625,-76.32665,0.0,351.5,352.0,ZIM QINGDAO,IMO9318163,4XFC,71,5,261,32,9.9,71,A
368445000,2021-02-21T09:29:06,36.96312,-76.42013,0.0,55.8,188.0,OVERSEAS NIKISKI,IMO9353577,WDBH,80,5,183,32,12.2,80,A
367359930,2021-02-21T09:32:35,36.82420,-76.28912,0.0,234.1,511.0,SUNNY WILLIAMS,,WDE4940,80,0,25,8,,80,A
367865000,2021-02-21T09:38:18,36.88692,-76.33857,0.0,286.4,11.0,KANAWHA,IMO8704080,NPTD,80,5,206,29,,,A
367865000,2021-02-21T09:23:19,36.88699,-76.33855,0.0,286.4,11.0,KANAWHA,IMO8704080,NPTD,80,5,206,29,,,A
356643000,2021-02-21T09:38:06,36.93570,-76.37990,0.2,221.0,357.0,ARKI,IMO9561801,3ENP3,70,1,170,27,9.7,70,A
368026000,2021-02-21T09:38:42,36.86574,-76.31604,0.0,224.2,511.0,BENAVIDEZ,IMO9218210,NBHG,70,5,289,32,10.9,70,A
338273000,2021-02-21T09:31:05,36.96274,-76.35721,0.0,69.5,20.0,SLNC YORK,IMO9538907,WNCG,70,1,142,23,5.5,70,A
477770400,2021-02-21T09:32:59,36.87994,-76.33155,0.0,98.3,96.0,BAO MAY,IMO9410155,VRGV8,70,0,292,45,18.2,70,A
477770400,2021-02-21T09:30:39,36.87995,-76.33154,0.0,98.3,96.0,BAO MAY,IMO9410155,VRGV8,70,0,292,45,18.2,70,A
477770400,2021-02-21T09:34:09,36.87992,-76.33156,0.0,98.3,96.0,BAO MAY,IMO9410155,VRGV8,70,0,292,45,18.2,70,A
538005622,2021-02-21T09:09:22,36.91844,-76.33849,8.9,357.4,359.0,SASEBO GREEN,IMO9675468,V7FN3,70,0,225,32,14.4,,A
338678000,2021-02-21T09:33:31,36.91631,-76.16854,0.0,231.3,9.0,DOLORES CHOUEST,IMO8225931,WCP8847,70,5,54,12,4.0,35,A
366842000,2021-02-21T09:24:16,36.85381,-76.31121,0.0,0.0,43.0,CAPE RACE,IMO7616377,KAFJ,70,5,197,32,10.0,,A
373765000,2021-02-21T09:39:20,37.26327,-76.10592,0.1,80.0,358.0,AM CONTRECOEUR,IMO9583184,3FBX4,70,1,229,32,14.4,,A
366841000,2021-02-21T09:39:07,36.85329,-76.31057,0.0,0.0,511.0,CAPE RAY,IMO7530810,KAFI,70,5,197,32,10.0,,A
367359930,2021-02-21T09:10:35,36.82420,-76.28911,0.0,243.7,511.0,SUNNY WILLIAMS,,WDE4940,80,0,25,8,,80,A
367359930,2021-02-21T09:24:34,36.82420,-76.28915,0.0,231.2,511.0,SUNNY WILLIAMS,,WDE4940,80,0,25,8,,80,A
367353070,2021-02-21T09:39:02,36.94418,-76.32955,0.0,282.0,267.0,EVERGREEN STATE,IMO9408138,WDE4430,80,5,183,32,11.8,89,A
338678000,2021-02-21T09:24:31,36.91624,-76.16847,0.0,239.7,9.0,DOLORES CHOUEST,IMO8225931,WCP8847,70,5,54,12,4.0,35,A
367359930,2021-02-21T09:25:35,36.82419,-76.28914,0.0,231.3,511.0,SUNNY WILLIAMS,,WDE4940,80,0,25,8,,80,A
356643000,2021-02-21T09:26:06,36.93580,-76.37950,0.1,241.0,338.0,ARKI,IMO9561801,3ENP3,70,1,170,27,9.7,70,A
477770400,2021-02-21T09:25:59,36.87994,-76.33156,0.0,98.3,96.0,BAO MAY,IMO9410155,VRGV8,70,0,292,45,18.2,70,A
368445000,2021-02-21T09:11:05,36.96303,-76.42016,0.0,55.8,188.0,OVERSEAS NIKISKI,IMO9353577,WDBH,80,5,183,32,12.2,80,A
366839000,2021-02-21T09:26:15,36.85346,-76.31084,0.0,0.0,40.0,CAPE RISE,IMO7530808,KAFG,70,5,197,32,10.0,,A
373765000,2021-02-21T09:27:18,37.26329,-76.10585,0.0,80.0,351.0,AM CONTRECOEUR,IMO9583184,3FBX4,70,1,229,32,14.4,,A
367822000,2021-02-21T09:35:09,36.97315,-76.43384,0.0,0.0,511.0,USNS SHUGHART,IMO7825394,NAOQ,70,5,276,32,13.0,70,A
538005622,2021-02-21T09:36:53,36.98697,-76.31426,10.3,42.3,47.0,SASEBO GREEN,IMO9675468,V7FN3,70,0,225,32,14.4,,A
368445000,2021-02-21T09:41:05,36.96310,-76.42015,0.0,55.8,188.0,OVERSEAS NIKISKI,IMO9353577,WDBH,80,5,183,32,12.2,80,A
366839000,2021-02-21T09:35:14,36.85347,-76.31080,0.0,0.0,40.0,CAPE RISE,IMO7530808,KAFG,70,5,197,32,10.0,,A
368026000,2021-02-21T09:41:43,36.86577,-76.31606,0.0,224.2,511.0,BENAVIDEZ,IMO9218210,NBHG,70,5,289,32,10.9,70,A
255806078,2021-02-21T09:42:33,36.90938,-76.32723,0.1,306.9,352.0,NORTHERN MAGNUM,IMO9252541,CQIV4,71,5,300,40,11.3,71,A
538005622,2021-02-21T09:41:43,36.99520,-76.30009,10.6,55.4,57.0,SASEBO GREEN,IMO9675468,V7FN3,70,0,225,32,14.4,,A
366842000,2021-02-21T09:12:14,36.85384,-76.31119,0.0,0.0,42.0,CAPE RACE,IMO7616377,KAFJ,70,5,197,32,10.0,,A
367862000,2021-02-21T09:12:45,36.94809,-76.32976,0.0,35.7,280.0,JOSHUA HUMPHREYS,IMO8302428,NNJH,80,5,193,29,,,A
477770400,2021-02-21T09:43:18,36.87993,-76.33154,0.0,98.3,96.0,BAO MAY,IMO9410155,VRGV8,70,0,292,45,18.2,70,A
366842000,2021-02-21T09:39:16,36.85376,-76.31120,0.0,0.0,42.0,CAPE RACE,IMO7616377,KAFJ,70,5,197,32,10.0,,A
367862000,2021-02-21T09:36:44,36.94811,-76.32965,0.0,35.7,280.0,JOSHUA HUMPHREYS,IMO8302428,NNJH,80,5,193,29,,,A
367865000,2021-02-21T09:14:18,36.88688,-76.33858,0.0,286.4,11.0,KANAWHA,IMO8704080,NPTD,80,5,206,29,,,A
367822000,2021-02-21T09:14:09,36.97315,-76.43382,0.0,0.0,511.0,USNS SHUGHART,IMO7825394,NAOQ,70,5,276,32,13.0,70,A
366839000,2021-02-21T09:44:16,36.85348,-76.31085,0.0,0.0,40.0,CAPE RISE,IMO7530808,KAFG,70,5,197,32,10.0,,A
367359930,2021-02-21T09:14:05,36.82421,-76.28914,0.0,250.8,511.0,SUNNY WILLIAMS,,WDE4940,80,0,25,8,,80,A
367359930,2021-02-21T09:15:15,36.82420,-76.28914,0.0,262.2,511.0,SUNNY WILLIAMS,,WDE4940,80,0,25,8,,80,A
538005622,2021-02-21T09:39:14,36.99106,-76.30765,10.4,56.1,57.0,SASEBO GREEN,IMO9675468,V7FN3,70,0,225,32,14.4,,A
373765000,2021-02-21T09:15:19,37.26331,-76.10592,0.0,80.0,358.0,AM CONTRECOEUR,IMO9583184,3FBX4,70,1,229,32,14.4,,A
367865000,2021-02-21T09:29:18,36.88690,-76.33856,0.0,286.4,11.0,KANAWHA,IMO8704080,NPTD,80,5,206,29,,,A
366839000,2021-02-21T09:29:15,36.85347,-76.31080,0.0,0.0,40.0,CAPE RISE,IMO7530808,KAFG,70,5,197,32,10.0,,A
367359930,2021-02-21T09:44:36,36.82419,-76.28913,0.0,225.4,511.0,SUNNY WILLIAMS,,WDE4940,80,0,25,8,,80,A
338846000,2021-02-21T09:28:45,36.86558,-76.31582,0.0,0.1,511.0,USNS MENDONCA,IMO9147320,NBMK,70,5,289,32,10.9,,A
338273000,2021-02-21T09:16:05,36.96273,-76.35742,0.0,69.5,16.0,SLNC YORK,IMO9538907,WNCG,70,1,142,23,5.5,70,A
477770400,2021-02-21T09:29:29,36.87993,-76.33156,0.0,98.3,96.0,BAO MAY,IMO9410155,VRGV8,70,0,292,45,18.2,70,A
428405000,2021-02-21T09:45:33,36.90625,-76.32668,0.0,351.4,351.0,ZIM QINGDAO,IMO9318163,4XFC,71,5,261,32,9.9,71,A
428405000,2021-02-21T09:39:33,36.90626,-76.32665,0.0,351.5,352.0,ZIM QINGDAO,IMO9318163,4XFC,71,5,261,32,9.9,71,A
255806078,2021-02-21T09:39:30,36.90932,-76.32720,0.1,306.9,352.0,NORTHERN MAGNUM,IMO9252541,CQIV4,71,5,300,40,11.3,71,A
477770400,2021-02-21T09:45:40,36.87992,-76.33156,0.0,98.3,96.0,BAO MAY,IMO9410155,VRGV8,70,0,292,45,18.2,70,A
367862000,2021-02-21T09:30:44,36.94811,-76.32975,0.0,35.7,280.0,JOSHUA HUMPHREYS,IMO8302428,NNJH,80,5,193,29,,,A
338678000,2021-02-21T09:45:31,36.91621,-76.16843,0.0,233.7,9.0,DOLORES CHOUEST,IMO8225931,WCP8847,70,5,54,12,4.0,35,A
373765000,2021-02-21T09:45:19,37.26330,-76.10581,0.0,80.0,356.0,AM CONTRECOEUR,IMO9583184,3FBX4,70,1,229,32,14.4,,A
356589000,2021-02-21T09:46:12,37.23808,-76.09457,0.1,121.7,351.0,DOUBLE FORTUNE,IMO9574119,3FHZ2,70,1,234,38,14.5,70,A
338273000,2021-02-21T09:46:06,36.96272,-76.35715,0.0,69.5,14.0,SLNC YORK,IMO9538907,WNCG,70,1,142,23,5.5,70,A
367862000,2021-02-21T09:42:44,36.94812,-76.32971,0.0,35.7,280.0,JOSHUA HUMPHREYS,IMO8302428,NNJH,80,5,193,29,,,A
366839000,2021-02-21T09:32:15,36.85350,-76.31079,0.0,0.0,40.0,CAPE RISE,IMO7530808,KAFG,70,5,197,32,10.0,,A
338678000,2021-02-21T09:42:31,36.91626,-76.16845,0.0,240.6,10.0,DOLORES CHOUEST,IMO8225931,WCP8847,70,5,54,12,4.0,35,A
356589000,2021-02-21T09:16:13,37.23803,-76.09456,0.1,200.0,343.0,DOUBLE FORTUNE,IMO9574119,3FHZ2,70,1,234,38,14.5,70,A
356643000,2021-02-21T09:47:06,36.93570,-76.38013,0.0,190.9,8.0,ARKI,IMO9561801,3ENP3,70,1,170,27,9.7,70,A
366839000,2021-02-21T09:47:16,36.85345,-76.31081,0.0,0.0,40.0,CAPE RISE,IMO7530808,KAFG,70,5,197,32,10.0,,A
367821000,2021-02-21T09:16:52,36.97279,-76.43371,0.0,0.0,511.0,YANO,IMO7825409,NAQH,70,5,276,32,13.0,70,A
538005622,2021-02-21T09:46:03,37.00166,-76.28628,10.7,73.6,75.0,SASEBO GREEN,IMO9675468,V7FN3,70,0,225,32,14.4,,A
477770400,2021-02-21T09:47:59,36.87992,-76.33157,0.0,98.3,96.0,BAO MAY,IMO9410155,VRGV8,70,0,292,45,18.2,70,A
636092329,2021-02-21T09:41:04,37.24626,-76.11850,0.1,299.5,355.0,BLUMENAU,IMO9605633,D5AL3,70,1,229,32,14.4,,A
538005622,2021-02-21T09:43:53,36.99884,-76.29349,10.8,55.4,58.0,SASEBO GREEN,IMO9675468,V7FN3,70,0,225,32,14.4,,A
538005622,2021-02-21T09:32:12,36.97737,-76.32579,10.0,44.4,45.0,SASEBO GREEN,IMO9675468,V7FN3,70,0,225,32,14.4,,A
338273000,2021-02-21T09:34:05,36.96273,-76.35721,0.0,69.5,19.0,SLNC YORK,IMO9538907,WNCG,70,1,142,23,5.5,70,A
338846000,2021-02-21T09:40:45,36.86559,-76.31581,0.0,0.1,511.0,USNS MENDONCA,IMO9147320,NBMK,70,5,289,32,10.9,,A
367359930,2021-02-21T09:48:15,36.82416,-76.28913,0.0,224.4,511.0,SUNNY WILLIAMS,,WDE4940,80,0,25,8,,80,A
366839000,2021-02-21T09:17:16,36.85347,-76.31082,0.0,0.0,40.0,CAPE RISE,IMO7530808,KAFG,70,5,197,32,10.0,,A
538005622,2021-02-21T09:48:22,37.00365,-76.27783,11.0,73.9,75.0,SASEBO GREEN,IMO9675468,V7FN3,70,0,225,32,14.4,,A
356589000,2021-02-21T09:49:13,37.23808,-76.09445,0.2,115.8,346.0,DOUBLE FORTUNE,IMO9574119,3FHZ2,70,1,234,38,14.5,70,A
366842000,2021-02-21T09:45:15,36.85379,-76.31119,0.0,0.0,42.0,CAPE RACE,IMO7616377,KAFJ,70,5,197,32,10.0,,A
366841000,2021-02-21T09:18:10,36.85325,-76.31055,0.0,0.0,511.0,CAPE RAY,IMO7530810,KAFI,70,5,197,32,10.0,,A
367821000,2021-02-21T09:34:54,36.97280,-76.43369,0.0,0.0,511.0,YANO,IMO7825409,NAQH,70,5,276,32,13.0,70,A
366842000,2021-02-21T09:33:11,36.85382,-76.31123,0.0,0.0,43.0,CAPE RACE,IMO7616377,KAFJ,70,5,197,32,10.0,,A
538005622,2021-02-21T09:49:33,37.00469,-76.27350,11.1,73.6,75.0,SASEBO GREEN,IMO9675468,V7FN3,70,0,225,32,14.4,,A
428405000,2021-02-21T09:33:34,36.90625,-76.32667,0.0,351.5,352.0,ZIM QINGDAO,IMO9318163,4XFC,71,5,261,32,9.9,71,A
367862000,2021-02-21T09:18:45,36.94816,-76.32984,0.0,35.7,280.0,JOSHUA HUMPHREYS,IMO8302428,NNJH,80,5,193,29,,,A
366841000,2021-02-21T09:42:10,36.85327,-76.31054,0.0,0.0,511.0,CAPE RAY,IMO7530810,KAFI,70,5,197,32,10.0,,A
366841000,2021-02-21T09:36:07,36.85325,-76.31051,0.0,0.0,511.0,CAPE RAY,IMO7530810,KAFI,70,5,197,32,10.0,,A
477770400,2021-02-21T09:42:09,36.87992,-76.33154,0.0,98.3,96.0,BAO MAY,IMO9410155,VRGV8,70,0,292,45,18.2,70,A
477770400,2021-02-21T09:50:20,36.87992,-76.33155,0.0,98.3,96.0,BAO MAY,IMO9410155,VRGV8,70,0,292,45,18.2,70,A
367359930,2021-02-21T09:33:45,36.82421,-76.28912,0.0,232.2,511.0,SUNNY WILLIAMS,,WDE4940,80,0,25,8,,80,A
367862000,2021-02-21T09:33:44,36.94808,-76.32965,0.0,35.7,280.0,JOSHUA HUMPHREYS,IMO8302428,NNJH,80,5,193,29,,,A
428405000,2021-02-21T09:42:33,36.90622,-76.32667,0.0,351.5,352.0,ZIM QINGDAO,IMO9318163,4XFC,71,5,261,32,9.9,71,A
356589000,2021-02-21T09:43:11,37.23806,-76.09462,0.0,142.3,353.0,DOUBLE FORTUNE,IMO9574119,3FHZ2,70,1,234,38,14.5,70,A
538005622,2021-02-21T09:50:43,37.00572,-76.26920,11.1,73.7,75.0,SASEBO GREEN,IMO9675468,V7FN3,70,0,225,32,14.4,,A
636092329,2021-02-21T09:44:08,37.24627,-76.11855,0.1,299.5,358.0,BLUMENAU,IMO9605633,D5AL3,70,1,229,32,14.4,,A
338678000,2021-02-21T09:51:31,36.91618,-76.16836,0.0,236.9,9.0,DOLORES CHOUEST,IMO8225931,WCP8847,70,5,54,12,4.0,35,A
356643000,2021-02-21T09:44:06,36.93570,-76.38009,0.1,210.0,6.0,ARKI,IMO9561801,3ENP3,70,1,170,27,9.7,70,A
356590000,2021-02-21T09:51:59,37.32935,-76.08931,10.4,208.6,210.0,UNITED ADVENTURE,IMO9465215,3EXX6,70,0,291,45,18.1,,A
368445000,2021-02-21T09:47:05,36.96308,-76.42015,0.0,55.8,188.0,OVERSEAS NIKISKI,IMO9353577,WDBH,80,5,183,32,12.2,80,A
538005622,2021-02-21T09:20:53,36.94857,-76.33689,9.8,4.1,4.0,SASEBO GREEN,IMO9675468,V7FN3,70,0,225,32,14.4,,A
367865000,2021-02-21T09:35:18,36.88695,-76.33854,0.0,286.4,10.0,KANAWHA,IMO8704080,NPTD,80,5,206,29,,,A
477770400,2021-02-21T09:44:30,36.87993,-76.33157,0.0,98.3,96.0,BAO MAY,IMO9410155,VRGV8,70,0,292,45,18.2,70,A
368026000,2021-02-21T09:47:44,36.86577,-76.31602,0.0,224.2,511.0,BENAVIDEZ,IMO9218210,NBHG,70,5,289,32,10.9,70,A
255806078,2021-02-21T09:36:31,36.90937,-76.32722,0.1,306.9,352.0,NORTHERN MAGNUM,IMO9252541,CQIV4,71,5,300,40,11.3,71,A
538005622,2021-02-21T09:51:52,37.00673,-76.26496,11.1,75.7,84.0,SASEBO GREEN,IMO9675468,V7FN3,70,0,225,32,14.4,,A
367359930,2021-02-21T09:36:04,36.82419,-76.28913,0.0,225.6,511.0,SUNNY WILLIAMS,,WDE4940,80,0,25,8,,80,A
356590000,2021-02-21T09:54:19,37.32365,-76.09384,10.3,215.1,215.0,UNITED ADVENTURE,IMO9465215,3EXX6,70,0,291,45,18.1,,A
338273000,2021-02-21T09:49:05,36.96273,-76.35713,0.0,69.5,12.0,SLNC YORK,IMO9538907,WNCG,70,1,142,23,5.5,70,A
255806078,2021-02-21T09:45:34,36.90933,-76.32725,0.1,306.9,352.0,NORTHERN MAGNUM,IMO9252541,CQIV4,71,5,300,40,11.3,71,A
255806078,2021-02-21T09:48:36,36.90937,-76.32715,0.1,306.9,352.0,NORTHERN MAGNUM,IMO9252541,CQIV4,71,5,300,40,11.3,71,A
367822000,2021-02-21T09:53:09,36.97315,-76.43384,0.0,0.0,511.0,USNS SHUGHART,IMO7825394,NAOQ,70,5,276,32,13.0,70,A
367865000,2021-02-21T09:47:19,36.88693,-76.33848,0.0,286.4,11.0,KANAWHA,IMO8704080,NPTD,80,5,206,29,,,A
367359930,2021-02-21T09:23:14,36.82419,-76.28915,0.0,229.6,511.0,SUNNY WILLIAMS,,WDE4940,80,0,25,8,,80,A
477770400,2021-02-21T09:23:39,36.87994,-76.33156,0.0,98.3,96.0,BAO MAY,IMO9410155,VRGV8,70,0,292,45,18.2,70,A
356590000,2021-02-21T09:55:29,37.32096,-76.09617,10.2,214.3,215.0,UNITED ADVENTURE,IMO9465215,3EXX6,70,0,291,45,18.1,,A
338846000,2021-02-21T09:37:46,36.86558,-76.31582,0.0,0.1,511.0,USNS MENDONCA,IMO9147320,NBMK,70,5,289,32,10.9,,A
338273000,2021-02-21T09:55:05,36.96276,-76.35714,0.0,69.5,6.0,SLNC YORK,IMO9538907,WNCG,70,1,142,23,5.5,70,A
255806078,2021-02-21T09:54:36,36.90932,-76.32718,0.1,306.9,352.0,NORTHERN MAGNUM,IMO9252541,CQIV4,71,5,300,40,11.3,71,A
255806078,2021-02-21T09:51:35,36.90937,-76.32718,0.1,306.9,352.0,NORTHERN MAGNUM,IMO9252541,CQIV4,71,5,300,40,11.3,71,A
367821000,2021-02-21T09:37:53,36.97280,-76.43369,0.0,0.0,511.0,YANO,IMO7825409,NAQH,70,5,276,32,13.0,70,A
373765000,2021-02-21T09:51:21,37.26333,-76.10574,0.1,80.0,354.0,AM CONTRECOEUR,IMO9583184,3FBX4,70,1,229,32,14.4,,A
538005622,2021-02-21T09:38:02,36.98915,-76.31120,10.2,54.7,57.0,SASEBO GREEN,IMO9675468,V7FN3,70,0,225,32,14.4,,A
477770400,2021-02-21T09:55:00,36.87995,-76.33156,0.0,98.3,96.0,BAO MAY,IMO9410155,VRGV8,70,0,292,45,18.2,70,A
367353070,2021-02-21T09:51:03,36.94417,-76.32945,0.0,282.0,267.0,EVERGREEN STATE,IMO9408138,WDE4430,80,5,183,32,11.8,89,A
538005622,2021-02-21T09:24:12,36.95773,-76.33605,10.0,4.0,4.0,SASEBO GREEN,IMO9675468,V7FN3,70,0,225,32,14.4,,A
367822000,2021-02-21T09:56:10,36.97315,-76.43384,0.0,0.0,511.0,USNS SHUGHART,IMO7825394,NAOQ,70,5,276,32,13.0,70,A
368026000,2021-02-21T09:56:44,36.86578,-76.31602,0.0,224.2,511.0,BENAVIDEZ,IMO9218210,NBHG,70,5,289,32,10.9,70,A
366839000,2021-02-21T09:53:14,36.85348,-76.31074,0.0,0.0,40.0,CAPE RISE,IMO7530808,KAFG,70,5,197,32,10.0,,A
367821000,2021-02-21T09:49:53,36.97280,-76.43366,0.0,0.0,511.0,YANO,IMO7825409,NAQH,70,5,276,32,13.0,70,A
356643000,2021-02-21T09:50:05,36.93574,-76.38015,0.0,190.9,10.0,ARKI,IMO9561801,3ENP3,70,1,170,27,9.7,70,A
368445000,2021-02-21T09:38:06,36.96309,-76.42016,0.0,55.8,188.0,OVERSEAS NIKISKI,IMO9353577,WDBH,80,5,183,32,12.2,80,A
368445000,2021-02-21T09:26:06,36.96306,-76.42013,0.0,55.8,188.0,OVERSEAS NIKISKI,IMO9353577,WDBH,80,5,183,32,12.2,80,A
367359930,2021-02-21T09:49:26,36.82415,-76.28913,0.0,225.9,511.0,SUNNY WILLIAMS,,WDE4940,80,0,25,8,,80,A
338678000,2021-02-21T09:39:31,36.91629,-76.16848,0.0,240.1,9.0,DOLORES CHOUEST,IMO8225931,WCP8847,70,5,54,12,4.0,35,A
356589000,2021-02-21T09:40:11,37.23804,-76.09459,0.0,237.5,350.0,DOUBLE FORTUNE,IMO9574119,3FHZ2,70,1,234,38,14.5,70,A
373765000,2021-02-21T09:54:19,37.26333,-76.10567,0.0,80.0,352.0,AM CONTRECOEUR,IMO9583184,3FBX4,70,1,229,32,14.4,,A
367359930,2021-02-21T09:39:45,36.82420,-76.28914,0.0,225.7,511.0,SUNNY WILLIAMS,,WDE4940,80,0,25,8,,80,A
338846000,2021-02-21T09:25:45,36.86558,-76.31579,0.0,0.1,511.0,USNS MENDONCA,IMO9147320,NBMK,70,5,289,32,10.9,,A
366839000,2021-02-21T09:41:15,36.85350,-76.31083,0.0,0.0,40.0,CAPE RISE,IMO7530808,KAFG,70,5,197,32,10.0,,A
477770400,2021-02-21T09:40:59,36.87995,-76.33155,0.0,98.3,96.0,BAO MAY,IMO9410155,VRGV8,70,0,292,45,18.2,70,A
477770400,2021-02-21T09:39:49,36.87995,-76.33156,0.0,98.3,96.0,BAO MAY,IMO9410155,VRGV8,70,0,292,45,18.2,70,A
338273000,2021-02-21T09:58:05,36.96275,-76.35707,0.0,69.5,7.0,SLNC YORK,IMO9538907,WNCG,70,1,142,23,5.5,70,A
538005622,2021-02-21T09:40:32,36.99321,-76.30370,10.5,56.2,57.0,SASEBO GREEN,IMO9675468,V7FN3,70,0,225,32,14.4,,A
428405000,2021-02-21T09:51:33,36.90626,-76.32667,0.0,351.4,351.0,ZIM QINGDAO,IMO9318163,4XFC,71,5,261,32,9.9,71,A
367865000,2021-02-21T09:41:18,36.88690,-76.33861,0.0,286.4,11.0,KANAWHA,IMO8704080,NPTD,80,5,206,29,,,A
356590000,2021-02-21T09:58:58,37.31308,-76.10307,9.7,214.7,215.0,UNITED ADVENTURE,IMO9465215,3EXX6,70,0,291,45,18.1,,A
367821000,2021-02-21T09:40:54,36.97281,-76.43369,0.0,0.0,511.0,YANO,IMO7825409,NAQH,70,5,276,32,13.0,70,A
538005622,2021-02-21T09:26:24,36.96385,-76.33562,10.2,0.7,7.0,SASEBO GREEN,IMO9675468,V7FN3,70,0,225,32,14.4,,A
538005622,2021-02-21T09:58:54,37.00625,-76.23880,10.8,107.1,108.0,SASEBO GREEN,IMO9675468,V7FN3,70,0,225,32,14.4,,A
366839000,2021-02-21T09:59:16,36.85348,-76.31081,0.0,0.0,40.0,CAPE RISE,IMO7530808,KAFG,70,5,197,32,10.0,,A
367359930,2021-02-21T09:58:54,36.82420,-76.28913,0.0,257.7,511.0,SUNNY WILLIAMS,,WDE4940,80,0,25,8,,80,A
367353070,2021-02-21T09:42:04,36.94417,-76.32950,0.0,282.0,267.0,EVERGREEN STATE,IMO9408138,WDE4430,80,5,183,32,11.8,89,A
366842000,2021-02-21T09:27:20,36.85379,-76.31119,0.0,0.0,43.0,CAPE RACE,IMO7616377,KAFJ,70,5,197,32,10.0,,A
338273000,2021-02-21T09:52:05,36.96275,-76.35712,0.0,69.5,9.0,SLNC YORK,IMO9538907,WNCG,70,1,142,23,5.5,70,A
367822000,2021-02-21T09:59:10,36.97315,-76.43384,0.0,0.0,511.0,USNS SHUGHART,IMO7825394,NAOQ,70,5,276,32,13.0,70,A
477770400,2021-02-21T09:27:09,36.87991,-76.33157,0.0,98.3,96.0,BAO MAY,IMO9410155,VRGV8,70,0,292,45,18.2,70,A
367865000,2021-02-21T09:56:18,36.88689,-76.33854,0.0,286.4,11.0,KANAWHA,IMO8704080,NPTD,80,5,206,29,,,A
367821000,2021-02-21T09:52:53,36.97280,-76.43366,0.0,0.0,511.0,YANO,IMO7825409,NAQH,70,5,276,32,13.0,70,A
636092329,2021-02-21T09:56:08,37.24631,-76.11834,0.1,299.5,355.0,BLUMENAU,IMO9605633,D5AL3,70,1,229,32,14.4,,A
368445000,2021-02-21T09:59:06,36.96309,-76.42012,0.0,55.8,188.0,OVERSEAS NIKISKI,IMO9353577,WDBH,80,5,183,32,12.2,80,A
477770400,2021-02-21T09:57:18,36.87993,-76.33155,0.0,98.3,96.0,BAO MAY,IMO9410155,VRGV8,70,0,292,45,18.2,70,A
338678000,2021-02-21T09:57:31,36.91624,-76.16849,0.0,242.1,9.0,DOLORES CHOUEST,IMO8225931,WCP8847,70,5,54,12,4.0,35,A
356589000,2021-02-21T09:28:13,37.23803,-76.09467,0.1,141.9,351.0,DOUBLE FORTUNE,IMO9574119,3FHZ2,70,1,234,38,14.5,70,A
367865000,2021-02-21T09:53:19,36.88692,-76.33850,0.0,286.4,11.0,KANAWHA,IMO8704080,NPTD,80,5,206,29,,,A
373765000,2021-02-21T10:00:18,37.26333,-76.10561,0.0,80.0,350.0,AM CONTRECOEUR,IMO9583184,3FBX4,70,1,229,32,14.4,,A
373765000,2021-02-21T09:42:17,37.26329,-76.10592,0.0,80.0,356.0,AM CONTRECOEUR,IMO9583184,3FBX4,70,1,229,32,14.4,,A
538005622,2021-02-21T09:42:52,36.99717,-76.29651,10.7,55.4,57.0,SASEBO GREEN,IMO9675468,V7FN3,70,0,225,32,14.4,,A
367822000,2021-02-21T09:29:10,36.97314,-76.43384,0.0,0.0,511.0,USNS SHUGHART,IMO7825394,NAOQ,70,5,276,32,13.0,70,A
368026000,2021-02-21T09:53:43,36.86575,-76.31604,0.0,224.2,511.0,BENAVIDEZ,IMO9218210,NBHG,70,5,289,32,10.9,70,A
366842000,2021-02-21T09:57:16,36.85383,-76.31120,0.0,0.0,42.0,CAPE RACE,IMO7616377,KAFJ,70,5,197,32,10.0,,A
367862000,2021-02-21T10:00:44,36.94808,-76.32971,0.0,35.7,280.0,JOSHUA HUMPHREYS,IMO8302428,NNJH,80,5,193,29,,,A
255806078,2021-02-21T10:00:39,36.90935,-76.32718,0.1,306.9,352.0,NORTHERN MAGNUM,IMO9252541,CQIV4,71,5,300,40,11.3,71,A
255806078,2021-02-21T09:57:39,36.90930,-76.32722,0.1,306.9,352.0,NORTHERN MAGNUM,IMO9252541,CQIV4,71,5,300,40,11.3,71,A
367359930,2021-02-21T09:43:24,36.82418,-76.28913,0.0,221.6,511.0,SUNNY WILLIAMS,,WDE4940,80,0,25,8,,80,A
367359930,2021-02-21T10:00:15,36.82421,-76.28914,0.0,261.9,511.0,SUNNY WILLIAMS,,WDE4940,80,0,25,8,,80,A
538005622,2021-02-21T09:57:42,37.00725,-76.24304,10.8,101.3,107.0,SASEBO GREEN,IMO9675468,V7FN3,70,0,225,32,14.4,,A
538005622,2021-02-21T09:28:43,36.97008,-76.33348,9.9,26.9,31.0,SASEBO GREEN,IMO9675468,V7FN3,70,0,225,32,14.4,,A
338678000,2021-02-21T10:00:30,36.91619,-76.16840,0.0,268.3,9.0,DOLORES CHOUEST,IMO8225931,WCP8847,70,5,54,12,4.0,35,A
356590000,2021-02-21T10:01:29,37.30747,-76.10747,9.3,203.1,200.0,UNITED ADVENTURE,IMO9465215,3EXX6,70,0,291,45,18.1,,A
373765000,2021-02-21T09:30:18,37.26330,-76.10586,0.1,80.0,354.0,AM CONTRECOEUR,IMO9583184,3FBX4,70,1,229,32,14.4,,A
366839000,2021-02-21T09:56:12,36.85346,-76.31081,0.0,0.0,40.0,CAPE RISE,IMO7530808,KAFG,70,5,197,32,10.0,,A
477770400,2021-02-21T09:56:09,36.87994,-76.33158,0.0,98.3,96.0,BAO MAY,IMO9410155,VRGV8,70,0,292,45,18.2,70,A
538005622,2021-02-21T09:29:52,36.97278,-76.33138,9.9,36.5,43.0,SASEBO GREEN,IMO9675468,V7FN3,70,0,225,32,14.4,,A
367353070,2021-02-21T09:45:02,36.94417,-76.32950,0.0,282.0,267.0,EVERGREEN STATE,IMO9408138,WDE4430,80,5,183,32,11.8,89,A
373765000,2021-02-21T10:03:22,37.26332,-76.10553,0.0,80.0,348.0,AM CONTRECOEUR,IMO9583184,3FBX4,70,1,229,32,14.4,,A
366841000,2021-02-21T09:45:07,36.85326,-76.31049,0.0,0.0,511.0,CAPE RAY,IMO7530810,KAFI,70,5,197,32,10.0,,A
366841000,2021-02-21T10:03:11,36.85327,-76.31051,0.0,0.0,511.0,CAPE RAY,IMO7530810,KAFI,70,5,197,32,10.0,,A
538005622,2021-02-21T09:45:02,37.00070,-76.28979,10.7,62.7,72.0,SASEBO GREEN,IMO9675468,V7FN3,70,0,225,32,14.4,,A
367353070,2021-02-21T09:57:03,36.94417,-76.32948,0.0,282.0,267.0,EVERGREEN STATE,IMO9408138,WDE4430,80,5,183,32,11.8,89,A
367359930,2021-02-21T09:46:54,36.82419,-76.28914,0.0,222.4,511.0,SUNNY WILLIAMS,,WDE4940,80,0,25,8,,80,A
368026000,2021-02-21T10:02:44,36.86580,-76.31603,0.0,224.2,511.0,BENAVIDEZ,IMO9218210,NBHG,70,5,289,32,10.9,70,A
367353070,2021-02-21T10:00:03,36.94417,-76.32948,0.0,282.0,267.0,EVERGREEN STATE,IMO9408138,WDE4430,80,5,183,32,11.8,89,A
338273000,2021-02-21T10:04:05,36.96278,-76.35712,0.0,69.5,2.0,SLNC YORK,IMO9538907,WNCG,70,1,142,23,5.5,70,A
356590000,2021-02-21T10:00:18,37.31018,-76.10569,9.6,215.1,208.0,UNITED ADVENTURE,IMO9465215,3EXX6,70,0,291,45,18.1,,A
338846000,2021-02-21T09:46:46,36.86556,-76.31581,0.0,0.1,511.0,USNS MENDONCA,IMO9147320,NBMK,70,5,289,32,10.9,,A
367359930,2021-02-21T10:03:55,36.82420,-76.28913,0.0,271.9,511.0,SUNNY WILLIAMS,,WDE4940,80,0,25,8,,80,A
356643000,2021-02-21T09:32:06,36.93577,-76.37967,0.1,239.2,344.0,ARKI,IMO9561801,3ENP3,70,1,170,27,9.7,70,A
538005622,2021-02-21T09:47:13,37.00266,-76.28203,10.8,73.8,75.0,SASEBO GREEN,IMO9675468,V7FN3,70,0,225,32,14.4,,A
428405000,2021-02-21T09:48:34,36.90624,-76.32667,0.0,351.4,351.0,ZIM QINGDAO,IMO9318163,4XFC,71,5,261,32,9.9,71,A
477770400,2021-02-21T10:00:09,36.87994,-76.33155,0.0,98.3,95.0,BAO MAY,IMO9410155,VRGV8,70,0,292,45,18.2,70,A
367865000,2021-02-21T09:32:18,36.88688,-76.33856,0.0,286.4,11.0,KANAWHA,IMO8704080,NPTD,80,5,206,29,,,A
356590000,2021-02-21T09:48:39,37.33837,-76.08468,10.7,192.8,195.0,UNITED ADVENTURE,IMO9465215,3EXX6,70,0,291,45,18.1,,A
338273000,2021-02-21T10:01:05,36.96278,-76.35707,0.0,69.5,4.0,SLNC YORK,IMO9538907,WNCG,70,1,142,23,5.5,70,A
367353070,2021-02-21T09:33:01,36.94415,-76.32948,0.0,282.0,267.0,EVERGREEN STATE,IMO9408138,WDE4430,80,5,183,32,11.8,89,A
366842000,2021-02-21T10:06:15,36.85383,-76.31120,0.0,0.0,42.0,CAPE RACE,IMO7616377,KAFJ,70,5,197,32,10.0,,A
477770400,2021-02-21T10:04:50,36.87995,-76.33157,0.0,98.3,96.0,BAO MAY,IMO9410155,VRGV8,70,0,292,45,18.2,70,A
255806078,2021-02-21T10:06:42,36.90935,-76.32722,0.1,306.9,352.0,NORTHERN MAGNUM,IMO9252541,CQIV4,71,5,300,40,11.3,71,A
367353070,2021-02-21T09:48:04,36.94417,-76.32947,0.0,282.0,267.0,EVERGREEN STATE,IMO9408138,WDE4430,80,5,183,32,11.8,89,A
477770400,2021-02-21T09:49:09,36.87994,-76.33155,0.0,98.3,96.0,BAO MAY,IMO9410155,VRGV8,70,0,292,45,18.2,70,A
368445000,2021-02-21T10:02:05,36.96301,-76.42015,0.0,55.8,188.0,OVERSEAS NIKISKI,IMO9353577,WDBH,80,5,183,32,12.2,80,A
367359930,2021-02-21T10:06:26,36.82419,-76.28912,0.0,275.4,511.0,SUNNY WILLIAMS,,WDE4940,80,0,25,8,,80,A
538005622,2021-02-21T10:05:42,37.00006,-76.21413,11.1,108.6,109.0,SASEBO GREEN,IMO9675468,V7FN3,70,0,225,32,14.4,,A
356589000,2021-02-21T09:34:12,37.23805,-76.09452,0.1,138.2,343.0,DOUBLE FORTUNE,IMO9574119,3FHZ2,70,1,234,38,14.5,70,A
367865000,2021-02-21T10:02:18,36.88684,-76.33857,0.0,286.4,11.0,KANAWHA,IMO8704080,NPTD,80,5,206,29,,,A
636092329,2021-02-21T09:50:08,37.24629,-76.11853,0.0,299.5,359.0,BLUMENAU,IMO9605633,D5AL3,70,1,229,32,14.4,,A
367359930,2021-02-21T09:34:55,36.82420,-76.28912,0.0,228.1,511.0,SUNNY WILLIAMS,,WDE4940,80,0,25,8,,80,A
367822000,2021-02-21T09:50:09,36.97314,-76.43384,0.0,0.0,511.0,USNS SHUGHART,IMO7825394,NAOQ,70,5,276,32,13.0,70,A
338273000,2021-02-21T10:07:06,36.96276,-76.35716,0.0,69.5,359.0,SLNC YORK,IMO9538907,WNCG,70,1,142,23,5.5,70,A
356590000,2021-02-21T10:08:18,37.29098,-76.11420,9.0,196.9,198.0,UNITED ADVENTURE,IMO9465215,3EXX6,70,0,291,45,18.1,,A
356643000,2021-02-21T09:35:05,36.93572,-76.37975,0.1,241.4,349.0,ARKI,IMO9561801,3ENP3,70,1,170,27,9.7,70,A
338846000,2021-02-21T09:49:47,36.86559,-76.31583,0.0,0.1,511.0,USNS MENDONCA,IMO9147320,NBMK,70,5,289,32,10.9,,A
367359930,2021-02-21T09:50:35,36.82417,-76.28913,0.0,224.9,511.0,SUNNY WILLIAMS,,WDE4940,80,0,25,8,,80,A
477770400,2021-02-21T10:02:29,36.87994,-76.33155,0.0,98.3,96.0,BAO MAY,IMO9410155,VRGV8,70,0,292,45,18.2,70,A
366839000,2021-02-21T09:50:18,36.85348,-76.31085,0.0,0.0,40.0,CAPE RISE,IMO7530808,KAFG,70,5,197,32,10.0,,A
367865000,2021-02-21T09:50:18,36.88692,-76.33855,0.0,286.4,11.0,KANAWHA,IMO8704080,NPTD,80,5,206,29,,,A
368445000,2021-02-21T09:50:06,36.96307,-76.42009,0.0,55.8,188.0,OVERSEAS NIKISKI,IMO9353577,WDBH,80,5,183,32,12.2,80,A
477770400,2021-02-21T09:35:19,36.87991,-76.33156,0.0,98.3,96.0,BAO MAY,IMO9410155,VRGV8,70,0,292,45,18.2,70,A
356589000,2021-02-21T09:52:14,37.23808,-76.09437,0.1,111.2,343.0,DOUBLE FORTUNE,IMO9574119,3FHZ2,70,1,234,38,14.5,70,A
368026000,2021-02-21T09:50:43,36.86574,-76.31601,0.0,224.2,511.0,BENAVIDEZ,IMO9218210,NBHG,70,5,289,32,10.9,70,A
356590000,2021-02-21T10:09:29,37.28818,-76.11530,8.9,196.6,198.0,UNITED ADVENTURE,IMO9465215,3EXX6,70,0,291,45,18.1,,A
636092329,2021-02-21T10:08:02,37.24629,-76.11808,0.1,299.5,348.0,BLUMENAU,IMO9605633,D5AL3,70,1,229,32,14.4,,A
367359930,2021-02-21T10:07:34,36.82420,-76.28913,0.0,272.4,511.0,SUNNY WILLIAMS,,WDE4940,80,0,25,8,,80,A
367359930,2021-02-21T09:37:14,36.82418,-76.28913,0.0,228.0,511.0,SUNNY WILLIAMS,,WDE4940,80,0,25,8,,80,A
367359930,2021-02-21T10:10:05,36.82420,-76.28913,0.0,281.1,511.0,SUNNY WILLIAMS,,WDE4940,80,0,25,8,,80,A
367359930,2021-02-21T09:51:46,36.82418,-76.28913,0.0,228.1,511.0,SUNNY WILLIAMS,,WDE4940,80,0,25,8,,80,A
366842000,2021-02-21T09:54:16,36.85379,-76.31121,0.0,0.0,42.0,CAPE RACE,IMO7616377,KAFJ,70,5,197,32,10.0,,A
428405000,2021-02-21T09:54:35,36.90625,-76.32667,0.0,351.4,351.0,ZIM QINGDAO,IMO9318163,4XFC,71,5,261,32,9.9,71,A
538005622,2021-02-21T10:04:32,37.00121,-76.21843,11.0,108.7,109.0,SASEBO GREEN,IMO9675468,V7FN3,70,0,225,32,14.4,,A
356590000,2021-02-21T09:53:08,37.32649,-76.09144,10.4,213.2,215.0,UNITED ADVENTURE,IMO9465215,3EXX6,70,0,291,45,18.1,,A
636092329,2021-02-21T09:53:04,37.24630,-76.11842,0.1,299.5,357.0,BLUMENAU,IMO9605633,D5AL3,70,1,229,32,14.4,,A
338678000,2021-02-21T09:54:30,36.91625,-76.16848,0.0,241.3,10.0,DOLORES CHOUEST,IMO8225931,WCP8847,70,5,54,12,4.0,35,A
477770400,2021-02-21T10:09:29,36.87995,-76.33155,0.0,98.3,96.0,BAO MAY,IMO9410155,VRGV8,70,0,292,45,18.2,70,A
367359930,2021-02-21T09:52:55,36.82420,-76.28914,0.0,235.7,511.0,SUNNY WILLIAMS,,WDE4940,80,0,25,8,,80,A
356589000,2021-02-21T10:10:13,37.23816,-76.09413,0.1,150.4,336.0,DOUBLE FORTUNE,IMO9574119,3FHZ2,70,1,234,38,14.5,70,A
477770400,2021-02-21T09:52:39,36.87994,-76.33155,0.0,98.3,96.0,BAO MAY,IMO9410155,VRGV8,70,0,292,45,18.2,70,A
367353070,2021-02-21T10:09:02,36.94418,-76.32950,0.0,282.0,267.0,EVERGREEN STATE,IMO9408138,WDE4430,80,5,183,32,11.8,89,A
356643000,2021-02-21T10:11:06,36.93577,-76.37952,0.2,79.9,347.0,ARKI,IMO9561801,3ENP3,70,1,170,27,9.7,70,A
636092329,2021-02-21T09:38:06,37.24631,-76.11843,0.1,299.5,352.0,BLUMENAU,IMO9605633,D5AL3,70,1,229,32,14.4,,A
636092329,2021-02-21T10:05:06,37.24630,-76.11813,0.1,299.5,351.0,BLUMENAU,IMO9605633,D5AL3,70,1,229,32,14.4,,A
366839000,2021-02-21T09:38:15,36.85353,-76.31083,0.0,0.0,40.0,CAPE RISE,IMO7530808,KAFG,70,5,197,32,10.0,,A
367822000,2021-02-21T09:38:09,36.97315,-76.43384,0.0,0.0,511.0,USNS SHUGHART,IMO7825394,NAOQ,70,5,276,32,13.0,70,A
356590000,2021-02-21T10:11:49,37.28266,-76.11744,8.9,196.5,198.0,UNITED ADVENTURE,IMO9465215,3EXX6,70,0,291,45,18.1,,A
367359930,2021-02-21T10:05:05,36.82419,-76.28912,0.0,272.5,511.0,SUNNY WILLIAMS,,WDE4940,80,0,25,8,,80,A
477770400,2021-02-21T09:37:39,36.87994,-76.33156,0.0,98.3,96.0,BAO MAY,IMO9410155,VRGV8,70,0,292,45,18.2,70,A
366842000,2021-02-21T10:09:17,36.85384,-76.31121,0.0,0.0,42.0,CAPE RACE,IMO7616377,KAFJ,70,5,197,32,10.0,,A
477770400,2021-02-21T10:10:39,36.87993,-76.33155,0.0,98.3,96.0,BAO MAY,IMO9410155,VRGV8,70,0,292,45,18.2,70,A
368445000,2021-02-21T10:11:06,36.96310,-76.42011,0.0,55.8,188.0,OVERSEAS NIKISKI,IMO9353577,WDBH,80,5,183,32,12.2,80,A
477770400,2021-02-21T10:11:50,36.87992,-76.33155,0.0,98.3,96.0,BAO MAY,IMO9410155,VRGV8,70,0,292,45,18.2,70,A
477770400,2021-02-21T09:53:49,36.87994,-76.33155,0.0,98.3,96.0,BAO MAY,IMO9410155,VRGV8,70,0,292,45,18.2,70,A
373765000,2021-02-21T10:06:18,37.26333,-76.10552,0.0,80.0,349.0,AM CONTRECOEUR,IMO9583184,3FBX4,70,1,229,32,14.4,,A
367821000,2021-02-21T10:10:53,36.97281,-76.43367,0.0,0.0,511.0,YANO,IMO7825409,NAQH,70,5,276,32,13.0,70,A
366839000,2021-02-21T10:11:13,36.85352,-76.31082,0.0,0.0,40.0,CAPE RISE,IMO7530808,KAFG,70,5,197,32,10.0,,A
356589000,2021-02-21T09:58:12,37.23813,-76.09425,0.1,119.1,340.0,DOUBLE FORTUNE,IMO9574119,3FHZ2,70,1,234,38,14.5,70,A
356590000,2021-02-21T09:56:40,37.31827,-76.09854,9.9,214.7,215.0,UNITED ADVENTURE,IMO9465215,3EXX6,70,0,291,45,18.1,,A
356590000,2021-02-21T10:07:09,37.29376,-76.11311,9.0,197.7,198.0,UNITED ADVENTURE,IMO9465215,3EXX6,70,0,291,45,18.1,,A
367862000,2021-02-21T09:54:45,36.94807,-76.32983,0.0,35.7,280.0,JOSHUA HUMPHREYS,IMO8302428,NNJH,80,5,193,29,,,A
366841000,2021-02-21T09:54:08,36.85327,-76.31054,0.0,0.0,511.0,CAPE RAY,IMO7530810,KAFI,70,5,197,32,10.0,,A
356590000,2021-02-21T10:10:38,37.28544,-76.11634,8.9,197.1,198.0,UNITED ADVENTURE,IMO9465215,3EXX6,70,0,291,45,18.1,,A
367359930,2021-02-21T09:55:26,36.82421,-76.28915,0.0,241.2,511.0,SUNNY WILLIAMS,,WDE4940,80,0,25,8,,80,A
367353070,2021-02-21T10:12:03,36.94417,-76.32948,0.0,282.0,267.0,EVERGREEN STATE,IMO9408138,WDE4430,80,5,183,32,11.8,89,A
367862000,2021-02-21T09:39:44,36.94808,-76.32967,0.0,35.7,280.0,JOSHUA HUMPHREYS,IMO8302428,NNJH,80,5,193,29,,,A
636092329,2021-02-21T09:59:03,37.24630,-76.11825,0.1,299.5,352.0,BLUMENAU,IMO9605633,D5AL3,70,1,229,32,14.4,,A
477770400,2021-02-21T10:13:00,36.87992,-76.33155,0.0,98.3,96.0,BAO MAY,IMO9410155,VRGV8,70,0,292,45,18.2,70,A
367359930,2021-02-21T10:14:54,36.82422,-76.28912,0.0,218.8,511.0,SUNNY WILLIAMS,,WDE4940,80,0,25,8,,80,A
368445000,2021-02-21T09:56:06,36.96306,-76.42017,0.0,55.8,188.0,OVERSEAS NIKISKI,IMO9353577,WDBH,80,5,183,32,12.2,80,A
356643000,2021-02-21T09:41:08,36.93572,-76.38002,0.1,264.7,3.0,ARKI,IMO9561801,3ENP3,70,1,170,27,9.7,70,A
636092329,2021-02-21T10:14:05,37.24628,-76.11813,0.1,299.5,347.0,BLUMENAU,IMO9605633,D5AL3,70,1,229,32,14.4,,A
367862000,2021-02-21T10:09:45,36.94812,-76.32981,0.0,35.7,280.0,JOSHUA HUMPHREYS,IMO8302428,NNJH,80,5,193,29,,,A
366842000,2021-02-21T10:00:16,36.85379,-76.31118,0.0,0.0,42.0,CAPE RACE,IMO7616377,KAFJ,70,5,197,32,10.0,,A
538005622,2021-02-21T10:14:52,36.99124,-76.18021,11.2,108.5,108.0,SASEBO GREEN,IMO9675468,V7FN3,70,0,225,32,14.4,,A
538005622,2021-02-21T09:56:32,37.00759,-76.24739,10.9,87.5,95.0,SASEBO GREEN,IMO9675468,V7FN3,70,0,225,32,14.4,,A
373765000,2021-02-21T10:15:20,37.26333,-76.10549,0.0,80.0,345.0,AM CONTRECOEUR,IMO9583184,3FBX4,70,1,229,32,14.4,,A
367353070,2021-02-21T10:15:01,36.94417,-76.32948,0.0,282.0,267.0,EVERGREEN STATE,IMO9408138,WDE4430,80,5,183,32,11.8,89,A
338273000,2021-02-21T10:16:05,36.96274,-76.35714,0.0,69.5,2.0,SLNC YORK,IMO9538907,WNCG,70,1,142,23,5.5,70,A
356589000,2021-02-21T10:01:13,37.23815,-76.09421,0.1,105.5,338.0,DOUBLE FORTUNE,IMO9574119,3FHZ2,70,1,234,38,14.5,70,A
428405000,2021-02-21T10:15:34,36.90619,-76.32663,0.0,351.3,351.0,ZIM QINGDAO,IMO9318163,4XFC,71,5,261,32,9.9,71,A
428405000,2021-02-21T09:57:33,36.90626,-76.32665,0.0,351.4,351.0,ZIM QINGDAO,IMO9318163,4XFC,71,5,261,32,9.9,71,A
367359930,2021-02-21T10:01:26,36.82420,-76.28913,0.0,266.6,511.0,SUNNY WILLIAMS,,WDE4940,80,0,25,8,,80,A
368445000,2021-02-21T10:14:05,36.96304,-76.42015,0.0,55.8,188.0,OVERSEAS NIKISKI,IMO9353577,WDBH,80,5,183,32,12.2,80,A
477770400,2021-02-21T10:16:30,36.87993,-76.33155,0.0,98.3,96.0,BAO MAY,IMO9410155,VRGV8,70,0,292,45,18.2,70,A
367822000,2021-02-21T00:05:09,36.97310,-76.43385,0.0,0.0,511.0,USNS SHUGHART,IMO7825394,NAOQ,70,5,276,32,13.0,70,A
367822000,2021-02-21T10:02:09,36.97315,-76.43385,0.0,0.0,511.0,USNS SHUGHART,IMO7825394,NAOQ,70,5,276,32,13.0,70,A
367359930,2021-02-21T10:12:34,36.82420,-76.28911,0.0,247.9,511.0,SUNNY WILLIAMS,,WDE4940,80,0,25,8,,80,A
366839000,2021-02-21T00:05:14,36.85345,-76.31082,0.0,0.0,40.0,CAPE RISE,IMO7530808,KAFG,70,5,197,32,10.0,,A
338846000,2021-02-21T10:16:46,36.86561,-76.31582,0.0,0.1,511.0,USNS MENDONCA,IMO9147320,NBMK,70,5,289,32,10.9,,A
367821000,2021-02-21T10:16:54,36.97281,-76.43367,0.0,0.0,511.0,YANO,IMO7825409,NAQH,70,5,276,32,13.0,70,A
538005622,2021-02-21T10:12:33,36.99355,-76.18882,11.3,108.0,109.0,SASEBO GREEN,IMO9675468,V7FN3,70,0,225,32,14.4,,A
368445000,2021-02-21T00:05:04,36.96309,-76.42009,0.0,55.8,188.0,OVERSEAS NIKISKI,IMO9353577,WDBH,80,5,183,32,12.2,80,A
255806078,2021-02-21T10:12:45,36.90937,-76.32720,0.1,306.9,352.0,NORTHERN MAGNUM,IMO9252541,CQIV4,71,5,300,40,11.3,71,A
367865000,2021-02-21T10:14:19,36.88694,-76.33855,0.0,286.4,11.0,KANAWHA,IMO8704080,NPTD,80,5,206,29,,,A
367821000,2021-02-21T10:13:54,36.97281,-76.43367,0.0,0.0,511.0,YANO,IMO7825409,NAQH,70,5,276,32,13.0,70,A
338273000,2021-02-21T09:43:05,36.96272,-76.35715,0.0,69.5,14.0,SLNC YORK,IMO9538907,WNCG,70,1,142,23,5.5,70,A
367822000,2021-02-21T09:44:10,36.97314,-76.43385,0.0,0.0,511.0,USNS SHUGHART,IMO7825394,NAOQ,70,5,276,32,13.0,70,A
477770400,2021-02-21T10:03:39,36.87994,-76.33154,0.0,98.3,96.0,BAO MAY,IMO9410155,VRGV8,70,0,292,45,18.2,70,A
477770400,2021-02-21T09:58:29,36.87993,-76.33155,0.0,98.3,96.0,BAO MAY,IMO9410155,VRGV8,70,0,292,45,18.2,70,A
366841000,2021-02-21T10:18:10,36.85329,-76.31058,0.0,0.0,511.0,CAPE RAY,IMO7530810,KAFI,70,5,197,32,10.0,,A
356590000,2021-02-21T10:18:30,37.26674,-76.12359,9.0,197.4,198.0,UNITED ADVENTURE,IMO9465215,3EXX6,70,0,291,45,18.1,,A
367865000,2021-02-21T09:59:18,36.88694,-76.33852,0.0,286.4,11.0,KANAWHA,IMO8704080,NPTD,80,5,206,29,,,A
356590000,2021-02-21T10:16:19,37.27196,-76.12150,9.0,197.2,198.0,UNITED ADVENTURE,IMO9465215,3EXX6,70,0,291,45,18.1,,A
366841000,2021-02-21T10:00:04,36.85328,-76.31055,0.0,0.0,511.0,CAPE RAY,IMO7530810,KAFI,70,5,197,32,10.0,,A
338846000,2021-02-21T10:04:46,36.86563,-76.31584,0.0,0.1,511.0,USNS MENDONCA,IMO9147320,NBMK,70,5,289,32,10.9,,A
538005622,2021-02-21T10:19:24,36.98702,-76.16351,11.2,107.6,108.0,SASEBO GREEN,IMO9675468,V7FN3,70,0,225,32,14.4,,A
356643000,2021-02-21T10:05:06,36.93572,-76.37981,0.1,112.9,359.0,ARKI,IMO9561801,3ENP3,70,1,170,27,9.7,70,A
366839000,2021-02-21T10:05:18,36.85350,-76.31083,0.0,0.0,40.0,CAPE RISE,IMO7530808,KAFG,70,5,197,32,10.0,,A
428405000,2021-02-21T10:00:35,36.90625,-76.32667,0.0,351.4,351.0,ZIM QINGDAO,IMO9318163,4XFC,71,5,261,32,9.9,71,A
368026000,2021-02-21T10:05:44,36.86576,-76.31605,0.1,224.2,511.0,BENAVIDEZ,IMO9218210,NBHG,70,5,289,32,10.9,70,A
356643000,2021-02-21T10:20:05,36.93599,-76.37904,0.1,56.3,324.0,ARKI,IMO9561801,3ENP3,70,1,170,27,9.7,70,A
356643000,2021-02-21T10:17:05,36.93589,-76.37916,0.2,59.1,332.0,ARKI,IMO9561801,3ENP3,70,1,170,27,9.7,70,A
477770400,2021-02-21T10:17:39,36.87991,-76.33155,0.0,98.3,96.0,BAO MAY,IMO9410155,VRGV8,70,0,292,45,18.2,70,A
356590000,2021-02-21T10:17:29,37.26916,-76.12261,9.0,197.4,198.0,UNITED ADVENTURE,IMO9465215,3EXX6,70,0,291,45,18.1,,A
367359930,2021-02-21T10:21:05,36.82418,-76.28911,0.0,183.9,511.0,SUNNY WILLIAMS,,WDE4940,80,0,25,8,,80,A
338678000,2021-02-21T10:06:31,36.91623,-76.16846,0.0,279.4,9.0,DOLORES CHOUEST,IMO8225931,WCP8847,70,5,54,12,4.0,35,A
636092329,2021-02-21T09:47:04,37.24625,-76.11855,0.1,299.5,359.0,BLUMENAU,IMO9605633,D5AL3,70,1,229,32,14.4,,A
367821000,2021-02-21T09:46:53,36.97279,-76.43365,0.0,0.0,511.0,YANO,IMO7825409,NAQH,70,5,276,32,13.0,70,A
477770400,2021-02-21T09:46:50,36.87991,-76.33155,0.0,98.3,96.0,BAO MAY,IMO9410155,VRGV8,70,0,292,45,18.2,70,A
428405000,2021-02-21T10:21:33,36.90623,-76.32664,0.0,351.4,351.0,ZIM QINGDAO,IMO9318163,4XFC,71,5,261,32,9.9,71,A
428405000,2021-02-21T10:18:33,36.90626,-76.32666,0.0,351.3,351.0,ZIM QINGDAO,IMO9318163,4XFC,71,5,261,32,9.9,71,A
356590000,2021-02-21T10:05:58,37.29661,-76.11195,9.1,197.5,198.0,UNITED ADVENTURE,IMO9465215,3EXX6,70,0,291,45,18.1,,A
356590000,2021-02-21T10:21:58,37.25834,-76.12685,9.1,197.3,198.0,UNITED ADVENTURE,IMO9465215,3EXX6,70,0,291,45,18.1,,A
367359930,2021-02-21T10:22:15,36.82418,-76.28912,0.0,180.4,511.0,SUNNY WILLIAMS,,WDE4940,80,0,25,8,,80,A
367353070,2021-02-21T10:21:04,36.94418,-76.32950,0.0,282.0,267.0,EVERGREEN STATE,IMO9408138,WDE4430,80,5,183,32,11.8,89,A
366842000,2021-02-21T10:18:12,36.85380,-76.31121,0.0,0.0,42.0,CAPE RACE,IMO7616377,KAFJ,70,5,197,32,10.0,,A
373765000,2021-02-21T10:21:21,37.26333,-76.10563,0.1,80.0,352.0,AM CONTRECOEUR,IMO9583184,3FBX4,70,1,229,32,14.4,,A
373765000,2021-02-21T10:18:22,37.26339,-76.10550,0.1,80.0,347.0,AM CONTRECOEUR,IMO9583184,3FBX4,70,1,229,32,14.4,,A
367862000,2021-02-21T10:18:45,36.94816,-76.32976,0.0,35.7,280.0,JOSHUA HUMPHREYS,IMO8302428,NNJH,80,5,193,29,,,A
538005622,2021-02-21T10:21:43,36.98487,-76.15480,11.3,107.2,108.0,SASEBO GREEN,IMO9675468,V7FN3,70,0,225,32,14.4,,A
356589000,2021-02-21T10:22:14,37.23823,-76.09409,0.0,110.7,333.0,DOUBLE FORTUNE,IMO9574119,3FHZ2,70,1,234,38,14.5,70,A
366842000,2021-02-21T09:48:14,36.85381,-76.31119,0.0,0.0,42.0,CAPE RACE,IMO7616377,KAFJ,70,5,197,32,10.0,,A
373765000,2021-02-21T09:48:19,37.26331,-76.10579,0.0,80.0,356.0,AM CONTRECOEUR,IMO9583184,3FBX4,70,1,229,32,14.4,,A
366841000,2021-02-21T09:48:09,36.85328,-76.31055,0.0,0.0,511.0,CAPE RAY,IMO7530810,KAFI,70,5,197,32,10.0,,A
367359930,2021-02-21T10:23:25,36.82418,-76.28912,0.0,182.5,511.0,SUNNY WILLIAMS,,WDE4940,80,0,25,8,,80,A
367821000,2021-02-21T10:22:53,36.97281,-76.43367,0.0,0.0,511.0,YANO,IMO7825409,NAQH,70,5,276,32,13.0,70,A
367359930,2021-02-21T10:19:54,36.82418,-76.28912,0.0,188.6,511.0,SUNNY WILLIAMS,,WDE4940,80,0,25,8,,80,A
367359930,2021-02-21T10:02:35,36.82420,-76.28913,0.0,267.6,511.0,SUNNY WILLIAMS,,WDE4940,80,0,25,8,,80,A
338678000,2021-02-21T09:48:31,36.91620,-76.16845,0.0,236.6,9.0,DOLORES CHOUEST,IMO8225931,WCP8847,70,5,54,12,4.0,35,A
368026000,2021-02-21T10:23:44,36.86579,-76.31606,0.0,224.2,511.0,BENAVIDEZ,IMO9218210,NBHG,70,5,289,32,10.9,70,A
368445000,2021-02-21T10:23:05,36.96311,-76.42011,0.0,55.8,188.0,OVERSEAS NIKISKI,IMO9353577,WDBH,80,5,183,32,12.2,80,A
367862000,2021-02-21T09:48:44,36.94807,-76.32973,0.0,35.7,280.0,JOSHUA HUMPHREYS,IMO8302428,NNJH,80,5,193,29,,,A
477770400,2021-02-21T10:19:59,36.87993,-76.33156,0.0,98.3,96.0,BAO MAY,IMO9410155,VRGV8,70,0,292,45,18.2,70,A
338846000,2021-02-21T10:19:47,36.86556,-76.31580,0.0,0.1,511.0,USNS MENDONCA,IMO9147320,NBMK,70,5,289,32,10.9,,A
356590000,2021-02-21T09:49:40,37.33542,-76.08551,10.7,195.7,204.0,UNITED ADVENTURE,IMO9465215,3EXX6,70,0,291,45,18.1,,A
367865000,2021-02-21T10:20:19,36.88694,-76.33858,0.0,286.4,11.0,KANAWHA,IMO8704080,NPTD,80,5,206,29,,,A
366842000,2021-02-21T10:24:17,36.85384,-76.31121,0.0,0.0,42.0,CAPE RACE,IMO7616377,KAFJ,70,5,197,32,10.0,,A
356589000,2021-02-21T10:25:11,37.23821,-76.09404,0.1,138.2,333.0,DOUBLE FORTUNE,IMO9574119,3FHZ2,70,1,234,38,14.5,70,A
338846000,2021-02-21T10:25:46,36.86558,-76.31582,0.0,0.1,511.0,USNS MENDONCA,IMO9147320,NBMK,70,5,289,32,10.9,,A
477770400,2021-02-21T10:21:08,36.87994,-76.33156,0.0,98.3,96.0,BAO MAY,IMO9410155,VRGV8,70,0,292,45,18.2,70,A
255806078,2021-02-21T10:24:51,36.90932,-76.32712,0.1,306.9,352.0,NORTHERN MAGNUM,IMO9252541,CQIV4,71,5,300,40,11.3,71,A
367865000,2021-02-21T10:08:19,36.88695,-76.33858,0.0,286.4,11.0,KANAWHA,IMO8704080,NPTD,80,5,206,29,,,A
338678000,2021-02-21T10:21:31,36.91625,-76.16846,0.0,276.1,9.0,DOLORES CHOUEST,IMO8225931,WCP8847,70,5,54,12,4.0,35,A
356590000,2021-02-21T09:50:48,37.33240,-76.08718,10.4,208.6,210.0,UNITED ADVENTURE,IMO9465215,3EXX6,70,0,291,45,18.1,,A
367862000,2021-02-21T09:51:43,36.94808,-76.32985,0.0,35.7,280.0,JOSHUA HUMPHREYS,IMO8302428,NNJH,80,5,193,29,,,A
367821000,2021-02-21T10:25:52,36.97281,-76.43367,0.0,0.0,511.0,YANO,IMO7825409,NAQH,70,5,276,32,13.0,70,A
366841000,2021-02-21T09:51:09,36.85331,-76.31054,0.0,0.0,511.0,CAPE RAY,IMO7530810,KAFI,70,5,197,32,10.0,,A
338273000,2021-02-21T10:22:05,36.96276,-76.35709,0.0,69.5,1.0,SLNC YORK,IMO9538907,WNCG,70,1,142,23,5.5,70,A
366841000,2021-02-21T10:09:12,36.85329,-76.31054,0.0,0.0,511.0,CAPE RAY,IMO7530810,KAFI,70,5,197,32,10.0,,A
477770400,2021-02-21T10:22:18,36.87994,-76.33158,0.0,98.3,96.0,BAO MAY,IMO9410155,VRGV8,70,0,292,45,18.2,70,A
368026000,2021-02-21T10:26:44,36.86578,-76.31606,0.0,224.2,511.0,BENAVIDEZ,IMO9218210,NBHG,70,5,289,32,10.9,70,A
367359930,2021-02-21T10:25:45,36.82419,-76.28914,0.0,177.1,511.0,SUNNY WILLIAMS,,WDE4940,80,0,25,8,,80,A
356590000,2021-02-21T10:23:08,37.25553,-76.12796,9.1,197.6,198.0,UNITED ADVENTURE,IMO9465215,3EXX6,70,0,291,45,18.1,,A
367822000,2021-02-21T10:26:09,36.97311,-76.43384,0.0,0.0,511.0,USNS SHUGHART,IMO7825394,NAOQ,70,5,276,32,13.0,70,A
367822000,2021-02-21T10:23:09,36.97312,-76.43384,0.0,0.0,511.0,USNS SHUGHART,IMO7825394,NAOQ,70,5,276,32,13.0,70,A
373765000,2021-02-21T10:24:24,37.26335,-76.10567,0.0,80.0,353.0,AM CONTRECOEUR,IMO9583184,3FBX4,70,1,229,32,14.4,,A
338678000,2021-02-21T10:03:31,36.91617,-76.16846,0.0,267.2,9.0,DOLORES CHOUEST,IMO8225931,WCP8847,70,5,54,12,4.0,35,A
367353070,2021-02-21T10:03:04,36.94417,-76.32950,0.0,282.0,267.0,EVERGREEN STATE,IMO9408138,WDE4430,80,5,183,32,11.8,89,A
367359930,2021-02-21T10:24:34,36.82418,-76.28912,0.0,178.1,511.0,SUNNY WILLIAMS,,WDE4940,80,0,25,8,,80,A
356590000,2021-02-21T10:24:19,37.25269,-76.12904,9.1,197.7,198.0,UNITED ADVENTURE,IMO9465215,3EXX6,70,0,291,45,18.1,,A
356589000,2021-02-21T10:04:13,37.23816,-76.09418,0.1,145.4,337.0,DOUBLE FORTUNE,IMO9574119,3FHZ2,70,1,234,38,14.5,70,A
367353070,2021-02-21T10:27:02,36.94417,-76.32947,0.0,136.0,267.0,EVERGREEN STATE,IMO9408138,WDE4430,80,5,183,32,11.8,89,A
538005622,2021-02-21T09:53:03,37.00710,-76.26049,10.9,87.3,89.0,SASEBO GREEN,IMO9675468,V7FN3,70,0,225,32,14.4,,A
367822000,2021-02-21T10:11:09,36.97315,-76.43387,0.0,0.0,511.0,USNS SHUGHART,IMO7825394,NAOQ,70,5,276,32,13.0,70,A
356590000,2021-02-21T10:04:49,37.29933,-76.11087,9.1,197.7,198.0,UNITED ADVENTURE,IMO9465215,3EXX6,70,0,291,45,18.1,,A
367359930,2021-02-21T09:54:05,36.82420,-76.28913,0.0,238.4,511.0,SUNNY WILLIAMS,,WDE4940,80,0,25,8,,80,A
367359930,2021-02-21T10:28:15,36.82418,-76.28913,0.0,174.6,511.0,SUNNY WILLIAMS,,WDE4940,80,0,25,8,,80,A
477770400,2021-02-21T10:06:00,36.87995,-76.33156,0.0,98.3,96.0,BAO MAY,IMO9410155,VRGV8,70,0,292,45,18.2,70,A
366841000,2021-02-21T10:06:07,36.85330,-76.31052,0.0,0.0,511.0,CAPE RAY,IMO7530810,KAFI,70,5,197,32,10.0,,A
356589000,2021-02-21T09:55:11,37.23812,-76.09429,0.2,87.7,341.0,DOUBLE FORTUNE,IMO9574119,3FHZ2,70,1,234,38,14.5,70,A
255806078,2021-02-21T10:27:53,36.90935,-76.32710,0.1,306.9,352.0,NORTHERN MAGNUM,IMO9252541,CQIV4,71,5,300,40,11.3,71,A
538005622,2021-02-21T10:11:22,36.99471,-76.19320,11.3,108.1,109.0,SASEBO GREEN,IMO9675468,V7FN3,70,0,225,32,14.4,,A
477770400,2021-02-21T10:25:39,36.87993,-76.33155,0.0,98.3,96.0,BAO MAY,IMO9410155,VRGV8,70,0,292,45,18.2,70,A
356590000,2021-02-21T10:28:59,37.24139,-76.13348,9.1,197.1,198.0,UNITED ADVENTURE,IMO9465215,3EXX6,70,0,291,45,18.1,,A
367821000,2021-02-21T09:55:53,36.97281,-76.43366,0.0,0.0,511.0,YANO,IMO7825409,NAQH,70,5,276,32,13.0,70,A
368445000,2021-02-21T10:29:06,36.96310,-76.42011,0.0,55.8,188.0,OVERSEAS NIKISKI,IMO9353577,WDBH,80,5,183,32,12.2,80,A
356643000,2021-02-21T09:56:07,36.93572,-76.38004,0.1,106.6,7.0,ARKI,IMO9561801,3ENP3,70,1,170,27,9.7,70,A
538005622,2021-02-21T09:55:23,37.00740,-76.25178,10.9,87.9,89.0,SASEBO GREEN,IMO9675468,V7FN3,70,0,225,32,14.4,,A
538005622,2021-02-21T10:29:52,36.97738,-76.12434,11.3,107.0,108.0,SASEBO GREEN,IMO9675468,V7FN3,70,0,225,32,14.4,,A
367353070,2021-02-21T10:30:04,36.94415,-76.32947,0.0,136.0,267.0,EVERGREEN STATE,IMO9408138,WDE4430,80,5,183,32,11.8,89,A
367359930,2021-02-21T09:56:36,36.82420,-76.28913,0.0,241.1,511.0,SUNNY WILLIAMS,,WDE4940,80,0,25,8,,80,A
428405000,2021-02-21T10:12:34,36.90628,-76.32666,0.0,351.4,351.0,ZIM QINGDAO,IMO9318163,4XFC,71,5,261,32,9.9,71,A
538005622,2021-02-21T10:07:54,36.99797,-76.20612,11.2,107.9,109.0,SASEBO GREEN,IMO9675468,V7FN3,70,0,225,32,14.4,,A
477770400,2021-02-21T10:08:19,36.87994,-76.33155,0.0,98.3,96.0,BAO MAY,IMO9410155,VRGV8,70,0,292,45,18.2,70,A
338846000,2021-02-21T10:13:47,36.86563,-76.31582,0.0,0.1,511.0,USNS MENDONCA,IMO9147320,NBMK,70,5,289,32,10.9,,A
338273000,2021-02-21T10:31:06,36.96280,-76.35709,0.0,69.5,357.0,SLNC YORK,IMO9538907,WNCG,70,1,142,23,5.5,70,A
477770400,2021-02-21T10:26:50,36.87994,-76.33155,0.0,98.3,96.0,BAO MAY,IMO9410155,VRGV8,70,0,292,45,18.2,70,A
338678000,2021-02-21T10:27:30,36.91636,-76.16860,0.0,272.3,9.0,DOLORES CHOUEST,IMO8225931,WCP8847,70,5,54,12,4.0,35,A
356590000,2021-02-21T10:31:19,37.23574,-76.13571,9.1,197.4,198.0,UNITED ADVENTURE,IMO9465215,3EXX6,70,0,291,45,18.1,,A
356590000,2021-02-21T10:15:09,37.27474,-76.12045,9.0,197.1,198.0,UNITED ADVENTURE,IMO9465215,3EXX6,70,0,291,45,18.1,,A
366842000,2021-02-21T10:27:14,36.85385,-76.31125,0.0,0.0,42.0,CAPE RACE,IMO7616377,KAFJ,70,5,197,32,10.0,,A
356589000,2021-02-21T10:16:15,37.23819,-76.09413,0.1,146.5,336.0,DOUBLE FORTUNE,IMO9574119,3FHZ2,70,1,234,38,14.5,70,A
356590000,2021-02-21T09:57:50,37.31566,-76.10085,9.8,215.5,215.0,UNITED ADVENTURE,IMO9465215,3EXX6,70,0,291,45,18.1,,A
477770400,2021-02-21T10:15:18,36.87994,-76.33156,0.0,98.3,96.0,BAO MAY,IMO9410155,VRGV8,70,0,292,45,18.2,70,A
366839000,2021-02-21T10:32:16,36.85351,-76.31081,0.0,0.0,40.0,CAPE RISE,IMO7530808,KAFG,70,5,197,32,10.0,,A
367359930,2021-02-21T09:57:46,36.82421,-76.28914,0.0,244.7,511.0,SUNNY WILLIAMS,,WDE4940,80,0,25,8,,80,A
428405000,2021-02-21T10:27:34,36.90626,-76.32668,0.0,351.3,351.0,ZIM QINGDAO,IMO9318163,4XFC,71,5,261,32,9.9,71,A
636092329,2021-02-21T10:29:05,37.24630,-76.11823,0.2,100.7,354.0,BLUMENAU,IMO9605633,D5AL3,70,1,229,32,14.4,,A
373765000,2021-02-21T10:27:22,37.26332,-76.10568,0.0,80.0,352.0,AM CONTRECOEUR,IMO9583184,3FBX4,70,1,229,32,14.4,,A
338846000,2021-02-21T10:10:45,36.86558,-76.31579,0.0,0.1,511.0,USNS MENDONCA,IMO9147320,NBMK,70,5,289,32,10.9,,A
366842000,2021-02-21T10:12:15,36.85382,-76.31117,0.0,0.0,42.0,CAPE RACE,IMO7616377,KAFJ,70,5,197,32,10.0,,A
538005622,2021-02-21T10:10:13,36.99580,-76.19746,11.3,107.8,109.0,SASEBO GREEN,IMO9675468,V7FN3,70,0,225,32,14.4,,A
538005622,2021-02-21T10:16:03,36.99013,-76.17586,11.2,107.2,108.0,SASEBO GREEN,IMO9675468,V7FN3,70,0,225,32,14.4,,A
368026000,2021-02-21T10:11:44,36.86576,-76.31605,0.1,224.2,511.0,BENAVIDEZ,IMO9218210,NBHG,70,5,289,32,10.9,70,A
373765000,2021-02-21T10:30:22,37.26330,-76.10574,0.1,80.0,352.0,AM CONTRECOEUR,IMO9583184,3FBX4,70,1,229,32,14.4,,A
367862000,2021-02-21T10:30:45,36.94789,-76.32987,0.0,35.7,280.0,JOSHUA HUMPHREYS,IMO8302428,NNJH,80,5,193,29,,,A
538005622,2021-02-21T10:28:42,36.97845,-76.12872,11.3,106.7,108.0,SASEBO GREEN,IMO9675468,V7FN3,70,0,225,32,14.4,,A
367862000,2021-02-21T10:12:45,36.94819,-76.32976,0.0,35.7,280.0,JOSHUA HUMPHREYS,IMO8302428,NNJH,80,5,193,29,,,A
367822000,2021-02-21T10:29:10,36.97311,-76.43384,0.0,0.0,511.0,USNS SHUGHART,IMO7825394,NAOQ,70,5,276,32,13.0,70,A
373765000,2021-02-21T10:33:23,37.26332,-76.10581,0.1,80.0,353.0,AM CONTRECOEUR,IMO9583184,3FBX4,70,1,229,32,14.4,,A
356643000,2021-02-21T09:59:06,36.93573,-76.37998,0.1,101.8,5.0,ARKI,IMO9561801,3ENP3,70,1,170,27,9.7,70,A
338846000,2021-02-21T09:58:45,36.86558,-76.31582,0.0,0.1,511.0,USNS MENDONCA,IMO9147320,NBMK,70,5,289,32,10.9,,A
338846000,2021-02-21T10:31:45,36.86562,-76.31582,0.0,0.1,511.0,USNS MENDONCA,IMO9147320,NBMK,70,5,289,32,10.9,,A
338273000,2021-02-21T10:13:06,36.96278,-76.35712,0.0,69.5,3.0,SLNC YORK,IMO9538907,WNCG,70,1,142,23,5.5,70,A
356643000,2021-02-21T10:32:04,36.93606,-76.37894,0.0,149.5,319.0,ARKI,IMO9561801,3ENP3,70,1,170,27,9.7,70,A
368026000,2021-02-21T10:35:44,36.86577,-76.31602,0.0,224.2,511.0,BENAVIDEZ,IMO9218210,NBHG,70,5,289,32,10.9,70,A
477770400,2021-02-21T10:14:10,36.87995,-76.33156,0.0,98.3,96.0,BAO MAY,IMO9410155,VRGV8,70,0,292,45,18.2,70,A
255806078,2021-02-21T10:36:54,36.90965,-76.32727,0.1,306.9,352.0,NORTHERN MAGNUM,IMO9252541,CQIV4,71,5,300,40,11.3,71,A
366839000,2021-02-21T10:14:18,36.85350,-76.31084,0.0,0.0,40.0,CAPE RISE,IMO7530808,KAFG,70,5,197,32,10.0,,A
366841000,2021-02-21T10:33:12,36.85329,-76.31054,0.0,0.0,511.0,CAPE RAY,IMO7530810,KAFI,70,5,197,32,10.0,,A
538005622,2021-02-21T10:00:02,37.00525,-76.23467,10.9,107.3,108.0,SASEBO GREEN,IMO9675468,V7FN3,70,0,225,32,14.4,,A
356590000,2021-02-21T10:35:58,37.22446,-76.14013,9.1,197.2,198.0,UNITED ADVENTURE,IMO9465215,3EXX6,70,0,291,45,18.1,,A
538005622,2021-02-21T10:35:44,36.97198,-76.10271,11.0,108.5,110.0,SASEBO GREEN,IMO9675468,V7FN3,70,0,225,32,14.4,,A
356589000,2021-02-21T10:37:11,37.23828,-76.09404,0.0,96.7,327.0,DOUBLE FORTUNE,IMO9574119,3FHZ2,70,1,234,38,14.5,70,A
368026000,2021-02-21T10:14:44,36.86578,-76.31602,0.0,224.2,511.0,BENAVIDEZ,IMO9218210,NBHG,70,5,289,32,10.9,70,A
477770400,2021-02-21T10:35:59,36.87994,-76.33160,0.0,98.3,96.0,BAO MAY,IMO9410155,VRGV8,70,0,292,45,18.2,70,A
338846000,2021-02-21T10:37:46,36.86560,-76.31585,0.0,0.1,511.0,USNS MENDONCA,IMO9147320,NBMK,70,5,289,32,10.9,,A
366839000,2021-02-21T10:38:15,36.85348,-76.31079,0.0,0.0,40.0,CAPE RISE,IMO7530808,KAFG,70,5,197,32,10.0,,A
366841000,2021-02-21T10:36:09,36.85327,-76.31058,0.0,0.0,511.0,CAPE RAY,IMO7530810,KAFI,70,5,197,32,10.0,,A
367359930,2021-02-21T10:34:35,36.82420,-76.28913,0.0,228.2,511.0,SUNNY WILLIAMS,,WDE4940,80,0,25,8,,80,A
538005622,2021-02-21T10:01:03,37.00437,-76.23106,10.9,107.3,108.0,SASEBO GREEN,IMO9675468,V7FN3,70,0,225,32,14.4,,A
538005622,2021-02-21T10:32:12,36.97530,-76.11562,11.2,107.6,109.0,SASEBO GREEN,IMO9675468,V7FN3,70,0,225,32,14.4,,A
338273000,2021-02-21T10:34:06,36.96281,-76.35710,0.0,69.5,355.0,SLNC YORK,IMO9538907,WNCG,70,1,142,23,5.5,70,A
367353070,2021-02-21T10:33:03,36.94418,-76.32950,0.0,294.0,267.0,EVERGREEN STATE,IMO9408138,WDE4430,80,5,183,32,11.8,89,A
477770400,2021-02-21T10:37:10,36.87991,-76.33158,0.0,98.3,96.0,BAO MAY,IMO9410155,VRGV8,70,0,292,45,18.2,70,A
366839000,2021-02-21T10:35:14,36.85351,-76.31072,0.0,0.0,40.0,CAPE RISE,IMO7530808,KAFG,70,5,197,32,10.0,,A
373765000,2021-02-21T10:36:21,37.26326,-76.10587,0.1,80.0,357.0,AM CONTRECOEUR,IMO9583184,3FBX4,70,1,229,32,14.4,,A
428405000,2021-02-21T10:33:34,36.90626,-76.32668,0.0,351.4,351.0,ZIM QINGDAO,IMO9318163,4XFC,71,5,261,32,9.9,71,A
338678000,2021-02-21T10:33:31,36.91625,-76.16846,0.0,293.4,9.0,DOLORES CHOUEST,IMO8225931,WCP8847,70,5,54,12,4.0,35,A
356590000,2021-02-21T10:34:48,37.22727,-76.13902,9.1,196.9,198.0,UNITED ADVENTURE,IMO9465215,3EXX6,70,0,291,45,18.1,,A
356590000,2021-02-21T10:33:39,37.23009,-76.13793,9.1,197.3,198.0,UNITED ADVENTURE,IMO9465215,3EXX6,70,0,291,45,18.1,,A
338846000,2021-02-21T10:01:47,36.86561,-76.31585,0.0,0.1,511.0,USNS MENDONCA,IMO9147320,NBMK,70,5,289,32,10.9,,A
367359930,2021-02-21T10:16:15,36.82419,-76.28911,0.0,209.9,511.0,SUNNY WILLIAMS,,WDE4940,80,0,25,8,,80,A
366839000,2021-02-21T10:02:14,36.85348,-76.31086,0.0,0.0,40.0,CAPE RISE,IMO7530808,KAFG,70,5,197,32,10.0,,A
367865000,2021-02-21T10:17:18,36.88698,-76.33857,0.0,286.4,11.0,KANAWHA,IMO8704080,NPTD,80,5,206,29,,,A
366839000,2021-02-21T10:17:17,36.85349,-76.31085,0.0,0.0,40.0,CAPE RISE,IMO7530808,KAFG,70,5,197,32,10.0,,A
367353070,2021-02-21T10:39:01,36.94418,-76.32950,0.0,195.0,267.0,EVERGREEN STATE,IMO9408138,WDE4430,80,5,183,32,11.8,89,A
367822000,2021-02-21T10:35:09,36.97311,-76.43385,0.0,0.0,511.0,USNS SHUGHART,IMO7825394,NAOQ,70,5,276,32,13.0,70,A
368445000,2021-02-21T10:17:05,36.96303,-76.42015,0.0,55.8,188.0,OVERSEAS NIKISKI,IMO9353577,WDBH,80,5,183,32,12.2,80,A
636092329,2021-02-21T10:02:00,37.24629,-76.11817,0.1,299.5,352.0,BLUMENAU,IMO9605633,D5AL3,70,1,229,32,14.4,,A
338678000,2021-02-21T10:39:31,36.91616,-76.16846,0.0,301.1,9.0,DOLORES CHOUEST,IMO8225931,WCP8847,70,5,54,12,4.0,35,A
367862000,2021-02-21T10:36:44,36.94808,-76.32985,0.0,35.7,280.0,JOSHUA HUMPHREYS,IMO8302428,NNJH,80,5,193,29,,,A
367862000,2021-02-21T10:03:45,36.94808,-76.32972,0.0,35.7,280.0,JOSHUA HUMPHREYS,IMO8302428,NNJH,80,5,193,29,,,A
338273000,2021-02-21T10:40:06,36.96281,-76.35705,0.0,69.5,353.0,SLNC YORK,IMO9538907,WNCG,70,1,142,23,5.5,70,A
338678000,2021-02-21T10:18:31,36.91623,-76.16841,0.0,274.7,9.0,DOLORES CHOUEST,IMO8225931,WCP8847,70,5,54,12,4.0,35,A
356589000,2021-02-21T10:19:14,37.23818,-76.09407,0.0,110.7,334.0,DOUBLE FORTUNE,IMO9574119,3FHZ2,70,1,234,38,14.5,70,A
538005622,2021-02-21T10:36:53,36.97085,-76.09856,11.1,108.8,110.0,SASEBO GREEN,IMO9675468,V7FN3,70,0,225,32,14.4,,A
538005622,2021-02-21T10:18:13,36.98810,-76.16785,11.2,107.2,108.0,SASEBO GREEN,IMO9675468,V7FN3,70,0,225,32,14.4,,A
356643000,2021-02-21T10:35:05,36.93608,-76.37891,0.1,88.0,318.0,ARKI,IMO9561801,3ENP3,70,1,170,27,9.7,70,A
477770400,2021-02-21T10:34:48,36.87992,-76.33155,0.0,98.3,96.0,BAO MAY,IMO9410155,VRGV8,70,0,292,45,18.2,70,A
356590000,2021-02-21T10:20:49,37.26116,-76.12574,9.1,197.0,198.0,UNITED ADVENTURE,IMO9465215,3EXX6,70,0,291,45,18.1,,A
368026000,2021-02-21T10:20:43,36.86576,-76.31604,0.0,224.2,511.0,BENAVIDEZ,IMO9218210,NBHG,70,5,289,32,10.9,70,A
368445000,2021-02-21T10:05:06,36.96307,-76.42011,0.0,55.8,188.0,OVERSEAS NIKISKI,IMO9353577,WDBH,80,5,183,32,12.2,80,A
428405000,2021-02-21T10:06:33,36.90625,-76.32667,0.0,351.4,351.0,ZIM QINGDAO,IMO9318163,4XFC,71,5,261,32,9.9,71,A
367822000,2021-02-21T10:41:08,36.97310,-76.43384,0.0,0.0,511.0,USNS SHUGHART,IMO7825394,NAOQ,70,5,276,32,13.0,70,A
477770400,2021-02-21T10:38:20,36.87992,-76.33156,0.0,98.3,96.0,BAO MAY,IMO9410155,VRGV8,70,0,292,45,18.2,70,A
367865000,2021-02-21T10:41:19,36.88692,-76.33858,0.0,286.4,11.0,KANAWHA,IMO8704080,NPTD,80,5,206,29,,,A
368445000,2021-02-21T10:38:06,36.96313,-76.42019,0.0,55.8,188.0,OVERSEAS NIKISKI,IMO9353577,WDBH,80,5,183,32,12.2,80,A
366839000,2021-02-21T10:20:19,36.85347,-76.31083,0.0,0.0,40.0,CAPE RISE,IMO7530808,KAFG,70,5,197,32,10.0,,A
356643000,2021-02-21T10:08:04,36.93574,-76.37968,0.2,100.0,353.0,ARKI,IMO9561801,3ENP3,70,1,170,27,9.7,70,A
366841000,2021-02-21T10:39:13,36.85327,-76.31058,0.0,0.0,511.0,CAPE RAY,IMO7530810,KAFI,70,5,197,32,10.0,,A
356590000,2021-02-21T10:39:28,37.21594,-76.14339,9.1,197.1,198.0,UNITED ADVENTURE,IMO9465215,3EXX6,70,0,291,45,18.1,,A
356589000,2021-02-21T10:40:14,37.23827,-76.09405,0.0,96.7,327.0,DOUBLE FORTUNE,IMO9574119,3FHZ2,70,1,234,38,14.5,70,A
338678000,2021-02-21T10:36:31,36.91622,-76.16845,0.0,294.6,10.0,DOLORES CHOUEST,IMO8225931,WCP8847,70,5,54,12,4.0,35,A
338273000,2021-02-21T10:25:05,36.96276,-76.35710,0.0,69.5,359.0,SLNC YORK,IMO9538907,WNCG,70,1,142,23,5.5,70,A
367822000,2021-02-21T10:20:10,36.97312,-76.43384,0.0,0.0,511.0,USNS SHUGHART,IMO7825394,NAOQ,70,5,276,32,13.0,70,A
538005622,2021-02-21T10:39:13,36.96851,-76.09005,11.1,109.0,110.0,SASEBO GREEN,IMO9675468,V7FN3,70,0,225,32,14.4,,A
538005622,2021-02-21T10:22:52,36.98383,-76.15059,11.3,107.2,108.0,SASEBO GREEN,IMO9675468,V7FN3,70,0,225,32,14.4,,A
368445000,2021-02-21T10:08:06,36.96304,-76.42011,0.0,55.8,188.0,OVERSEAS NIKISKI,IMO9353577,WDBH,80,5,183,32,12.2,80,A
367862000,2021-02-21T10:39:45,36.94816,-76.32980,0.0,35.7,280.0,JOSHUA HUMPHREYS,IMO8302428,NNJH,80,5,193,29,,,A
636092329,2021-02-21T10:41:08,37.24631,-76.11801,0.1,89.2,343.0,BLUMENAU,IMO9605633,D5AL3,70,1,229,32,14.4,,A
338678000,2021-02-21T10:24:31,36.91623,-76.16847,0.0,268.3,9.0,DOLORES CHOUEST,IMO8225931,WCP8847,70,5,54,12,4.0,35,A
367862000,2021-02-21T10:21:45,36.94810,-76.32982,0.0,35.7,280.0,JOSHUA HUMPHREYS,IMO8302428,NNJH,80,5,193,29,,,A
368026000,2021-02-21T10:08:44,36.86579,-76.31608,0.0,224.2,511.0,BENAVIDEZ,IMO9218210,NBHG,70,5,289,32,10.9,70,A
538005622,2021-02-21T10:24:03,36.98273,-76.14617,11.3,107.3,108.0,SASEBO GREEN,IMO9675468,V7FN3,70,0,225,32,14.4,,A
538005622,2021-02-21T10:41:32,36.96618,-76.08157,11.2,108.9,110.0,SASEBO GREEN,IMO9675468,V7FN3,70,0,225,32,14.4,,A
366842000,2021-02-21T10:21:12,36.85383,-76.31119,0.0,0.0,42.0,CAPE RACE,IMO7616377,KAFJ,70,5,197,32,10.0,,A
428405000,2021-02-21T10:09:34,36.90624,-76.32666,0.0,351.3,351.0,ZIM QINGDAO,IMO9318163,4XFC,71,5,261,32,9.9,71,A
373765000,2021-02-21T10:42:19,37.26328,-76.10598,0.1,80.0,359.0,AM CONTRECOEUR,IMO9583184,3FBX4,70,1,229,32,14.4,,A
636092329,2021-02-21T10:23:07,37.24628,-76.11841,0.1,246.0,358.0,BLUMENAU,IMO9605633,D5AL3,70,1,229,32,14.4,,A
538005622,2021-02-21T10:25:12,36.98164,-76.14182,11.3,107.4,108.0,SASEBO GREEN,IMO9675468,V7FN3,70,0,225,32,14.4,,A
255806078,2021-02-21T10:09:44,36.90938,-76.32720,0.1,306.9,352.0,NORTHERN MAGNUM,IMO9252541,CQIV4,71,5,300,40,11.3,71,A
477770400,2021-02-21T10:43:59,36.87993,-76.33157,0.0,98.3,96.0,BAO MAY,IMO9410155,VRGV8,70,0,292,45,18.2,70,A
366842000,2021-02-21T10:42:17,36.85383,-76.31121,0.0,0.0,42.0,CAPE RACE,IMO7616377,KAFJ,70,5,197,32,10.0,,A
366839000,2021-02-21T10:23:18,36.85347,-76.31084,0.0,0.0,40.0,CAPE RISE,IMO7530808,KAFG,70,5,197,32,10.0,,A
366839000,2021-02-21T10:44:14,36.85346,-76.31082,0.0,0.0,40.0,CAPE RISE,IMO7530808,KAFG,70,5,197,32,10.0,,A
356590000,2021-02-21T10:37:09,37.22157,-76.14124,9.1,197.3,198.0,UNITED ADVENTURE,IMO9465215,3EXX6,70,0,291,45,18.1,,A
636092329,2021-02-21T10:11:07,37.24632,-76.11808,0.1,299.5,346.0,BLUMENAU,IMO9605633,D5AL3,70,1,229,32,14.4,,A
356643000,2021-02-21T10:44:07,36.93605,-76.37892,0.0,138.2,319.0,ARKI,IMO9561801,3ENP3,70,1,170,27,9.7,70,A
356590000,2021-02-21T10:38:18,37.21878,-76.14231,9.1,197.0,198.0,UNITED ADVENTURE,IMO9465215,3EXX6,70,0,291,45,18.1,,A
367359930,2021-02-21T10:38:24,36.82419,-76.28912,0.0,251.4,511.0,SUNNY WILLIAMS,,WDE4940,80,0,25,8,,80,A
367359930,2021-02-21T10:11:26,36.82420,-76.28915,0.0,267.8,511.0,SUNNY WILLIAMS,,WDE4940,80,0,25,8,,80,A
368026000,2021-02-21T10:38:43,36.86577,-76.31606,0.0,224.2,511.0,BENAVIDEZ,IMO9218210,NBHG,70,5,289,32,10.9,70,A
367865000,2021-02-21T10:11:18,36.88691,-76.33852,0.0,286.4,11.0,KANAWHA,IMO8704080,NPTD,80,5,206,29,,,A
373765000,2021-02-21T10:12:20,37.26337,-76.10553,0.0,80.0,349.0,AM CONTRECOEUR,IMO9583184,3FBX4,70,1,229,32,14.4,,A
367862000,2021-02-21T10:24:45,36.94799,-76.32978,0.0,35.7,280.0,JOSHUA HUMPHREYS,IMO8302428,NNJH,80,5,193,29,,,A
538005622,2021-02-21T10:43:54,36.96381,-76.07289,11.3,108.4,109.0,SASEBO GREEN,IMO9675468,V7FN3,70,0,225,32,14.4,,A
356590000,2021-02-21T10:27:48,37.24425,-76.13238,9.1,197.9,198.0,UNITED ADVENTURE,IMO9465215,3EXX6,70,0,291,45,18.1,,A
356589000,2021-02-21T10:46:12,37.23819,-76.09410,0.1,187.9,330.0,DOUBLE FORTUNE,IMO9574119,3FHZ2,70,1,234,38,14.5,70,A
356589000,2021-02-21T10:28:11,37.23820,-76.09401,0.1,338.1,331.0,DOUBLE FORTUNE,IMO9574119,3FHZ2,70,1,234,38,14.5,70,A
477770400,2021-02-21T10:39:29,36.87995,-76.33156,0.0,98.3,96.0,BAO MAY,IMO9410155,VRGV8,70,0,292,45,18.2,70,A
255806078,2021-02-21T10:42:59,36.90937,-76.32715,0.1,306.9,352.0,NORTHERN MAGNUM,IMO9252541,CQIV4,71,5,300,40,11.3,71,A
477770400,2021-02-21T10:27:59,36.87994,-76.33155,0.0,98.3,96.0,BAO MAY,IMO9410155,VRGV8,70,0,292,45,18.2,70,A
367822000,2021-02-21T10:47:09,36.97311,-76.43384,0.0,0.0,511.0,USNS SHUGHART,IMO7825394,NAOQ,70,5,276,32,13.0,70,A
356590000,2021-02-21T10:12:59,37.27992,-76.11846,8.9,197.2,198.0,UNITED ADVENTURE,IMO9465215,3EXX6,70,0,291,45,18.1,,A
338678000,2021-02-21T10:12:31,36.91625,-76.16850,0.0,257.7,10.0,DOLORES CHOUEST,IMO8225931,WCP8847,70,5,54,12,4.0,35,A
338846000,2021-02-21T10:40:46,36.86557,-76.31583,0.0,0.1,511.0,USNS MENDONCA,IMO9147320,NBMK,70,5,289,32,10.9,,A
356590000,2021-02-21T10:25:29,37.24987,-76.13014,9.1,197.2,198.0,UNITED ADVENTURE,IMO9465215,3EXX6,70,0,291,45,18.1,,A
368026000,2021-02-21T10:41:43,36.86580,-76.31602,0.0,224.2,511.0,BENAVIDEZ,IMO9218210,NBHG,70,5,289,32,10.9,70,A
366842000,2021-02-21T10:30:16,36.85385,-76.31116,0.0,0.0,42.0,CAPE RACE,IMO7616377,KAFJ,70,5,197,32,10.0,,A
367865000,2021-02-21T10:47:18,36.88683,-76.33859,0.0,286.4,11.0,KANAWHA,IMO8704080,NPTD,80,5,206,29,,,A
366841000,2021-02-21T10:48:09,36.85321,-76.31055,0.0,0.0,511.0,CAPE RAY,IMO7530810,KAFI,70,5,197,32,10.0,,A
428405000,2021-02-21T10:45:34,36.90625,-76.32669,0.0,351.4,351.0,ZIM QINGDAO,IMO9318163,4XFC,71,5,261,32,9.9,71,A
356590000,2021-02-21T10:45:09,37.20235,-76.14877,9.0,198.1,199.0,UNITED ADVENTURE,IMO9465215,3EXX6,70,0,291,45,18.1,,A
356590000,2021-02-21T10:14:08,37.27715,-76.11953,8.9,197.3,198.0,UNITED ADVENTURE,IMO9465215,3EXX6,70,0,291,45,18.1,,A
356590000,2021-02-21T10:26:38,37.24704,-76.13127,9.1,197.5,198.0,UNITED ADVENTURE,IMO9465215,3EXX6,70,0,291,45,18.1,,A
338678000,2021-02-21T10:45:31,36.91622,-76.16847,0.0,234.0,9.0,DOLORES CHOUEST,IMO8225931,WCP8847,70,5,54,12,4.0,35,A
367862000,2021-02-21T10:15:44,36.94822,-76.32983,0.0,35.7,280.0,JOSHUA HUMPHREYS,IMO8302428,NNJH,80,5,193,29,,,A
477770400,2021-02-21T10:42:50,36.87995,-76.33156,0.0,98.3,96.0,BAO MAY,IMO9410155,VRGV8,70,0,292,45,18.2,70,A
356589000,2021-02-21T10:49:13,37.23816,-76.09412,0.0,167.3,332.0,DOUBLE FORTUNE,IMO9574119,3FHZ2,70,1,234,38,14.5,70,A
366842000,2021-02-21T10:48:17,36.85383,-76.31121,0.0,0.0,42.0,CAPE RACE,IMO7616377,KAFJ,70,5,197,32,10.0,,A
338273000,2021-02-21T10:46:05,36.96283,-76.35713,0.0,69.5,347.0,SLNC YORK,IMO9538907,WNCG,70,1,142,23,5.5,70,A
356590000,2021-02-21T10:46:19,37.19962,-76.14989,9.0,198.1,199.0,UNITED ADVENTURE,IMO9465215,3EXX6,70,0,291,45,18.1,,A
356590000,2021-02-21T10:32:28,37.23295,-76.13682,9.1,197.4,198.0,UNITED ADVENTURE,IMO9465215,3EXX6,70,0,291,45,18.1,,A
367865000,2021-02-21T10:32:18,36.88686,-76.33856,0.0,286.4,11.0,KANAWHA,IMO8704080,NPTD,80,5,206,29,,,A
367359930,2021-02-21T10:26:56,36.82419,-76.28913,0.0,173.1,511.0,SUNNY WILLIAMS,,WDE4940,80,0,25,8,,80,A
367359930,2021-02-21T10:47:45,36.82420,-76.28913,0.0,259.7,511.0,SUNNY WILLIAMS,,WDE4940,80,0,25,8,,80,A
367359930,2021-02-21T10:33:26,36.82420,-76.28916,0.0,215.7,511.0,SUNNY WILLIAMS,,WDE4940,80,0,25,8,,80,A
373765000,2021-02-21T10:48:19,37.26335,-76.10595,0.0,80.0,2.0,AM CONTRECOEUR,IMO9583184,3FBX4,70,1,229,32,14.4,,A
367821000,2021-02-21T10:49:53,36.97267,-76.43391,0.0,0.0,511.0,YANO,IMO7825409,NAQH,70,5,276,32,13.0,70,A
636092329,2021-02-21T10:17:06,37.24630,-76.11826,0.1,246.0,349.0,BLUMENAU,IMO9605633,D5AL3,70,1,229,32,14.4,,A
367822000,2021-02-21T10:17:09,36.97312,-76.43385,0.0,0.0,511.0,USNS SHUGHART,IMO7825394,NAOQ,70,5,276,32,13.0,70,A
255806078,2021-02-21T10:33:56,36.90942,-76.32720,0.1,306.9,352.0,NORTHERN MAGNUM,IMO9252541,CQIV4,71,5,300,40,11.3,71,A
538005622,2021-02-21T10:27:33,36.97951,-76.13302,11.3,107.2,108.0,SASEBO GREEN,IMO9675468,V7FN3,70,0,225,32,14.4,,A
366842000,2021-02-21T10:33:16,36.85384,-76.31121,0.0,0.0,42.0,CAPE RACE,IMO7616377,KAFJ,70,5,197,32,10.0,,A
367353070,2021-02-21T10:45:03,36.94415,-76.32948,0.0,195.0,267.0,EVERGREEN STATE,IMO9408138,WDE4430,80,5,183,32,11.8,89,A
477770400,2021-02-21T10:33:40,36.87994,-76.33155,0.0,98.3,95.0,BAO MAY,IMO9410155,VRGV8,70,0,292,45,18.2,70,A
367359930,2021-02-21T10:45:26,36.82421,-76.28913,0.0,252.8,511.0,SUNNY WILLIAMS,,WDE4940,80,0,25,8,,80,A
338273000,2021-02-21T10:28:05,36.96277,-76.35707,0.0,69.5,359.0,SLNC YORK,IMO9538907,WNCG,70,1,142,23,5.5,70,A
338846000,2021-02-21T10:34:47,36.86558,-76.31579,0.0,0.1,511.0,USNS MENDONCA,IMO9147320,NBMK,70,5,289,32,10.9,,A
255806078,2021-02-21T10:46:01,36.90950,-76.32718,0.1,306.9,352.0,NORTHERN MAGNUM,IMO9252541,CQIV4,71,5,300,40,11.3,71,A
338846000,2021-02-21T10:28:46,36.86559,-76.31582,0.0,0.1,511.0,USNS MENDONCA,IMO9147320,NBMK,70,5,289,32,10.9,,A
367359930,2021-02-21T10:18:34,36.82417,-76.28912,0.0,195.2,511.0,SUNNY WILLIAMS,,WDE4940,80,0,25,8,,80,A
367359930,2021-02-21T10:35:44,36.82421,-76.28914,0.0,229.2,511.0,SUNNY WILLIAMS,,WDE4940,80,0,25,8,,80,A
538005622,2021-02-21T10:34:32,36.97316,-76.10709,11.1,107.3,110.0,SASEBO GREEN,IMO9675468,V7FN3,70,0,225,32,14.4,,A
255806078,2021-02-21T10:18:49,36.90938,-76.32720,0.1,306.9,352.0,NORTHERN MAGNUM,IMO9252541,CQIV4,71,5,300,40,11.3,71,A
338273000,2021-02-21T10:19:05,36.96276,-76.35711,0.1,69.5,2.0,SLNC YORK,IMO9538907,WNCG,70,1,142,23,5.5,70,A
356590000,2021-02-21T10:30:09,37.23852,-76.13460,9.1,196.9,198.0,UNITED ADVENTURE,IMO9465215,3EXX6,70,0,291,45,18.1,,A
367359930,2021-02-21T10:29:36,36.82418,-76.28911,0.0,174.7,511.0,SUNNY WILLIAMS,,WDE4940,80,0,25,8,,80,A
368445000,2021-02-21T10:50:05,36.96305,-76.42017,0.0,55.8,188.0,OVERSEAS NIKISKI,IMO9353577,WDBH,80,5,183,32,12.2,80,A
367353070,2021-02-21T10:36:01,36.94417,-76.32947,0.0,195.0,267.0,EVERGREEN STATE,IMO9408138,WDE4430,80,5,183,32,11.8,89,A
366842000,2021-02-21T10:36:16,36.85383,-76.31122,0.0,0.0,42.0,CAPE RACE,IMO7616377,KAFJ,70,5,197,32,10.0,,A
366841000,2021-02-21T10:21:11,36.85330,-76.31053,0.0,0.0,511.0,CAPE RAY,IMO7530810,KAFI,70,5,197,32,10.0,,A
367353070,2021-02-21T10:51:02,36.94415,-76.32950,0.0,195.0,267.0,EVERGREEN STATE,IMO9408138,WDE4430,80,5,183,32,11.8,89,A
338678000,2021-02-21T10:30:31,36.91628,-76.16847,0.0,277.9,9.0,DOLORES CHOUEST,IMO8225931,WCP8847,70,5,54,12,4.0,35,A
538005622,2021-02-21T10:20:32,36.98595,-76.15922,11.3,108.0,108.0,SASEBO GREEN,IMO9675468,V7FN3,70,0,225,32,14.4,,A
356589000,2021-02-21T10:52:14,37.23817,-76.09419,0.0,294.7,334.0,DOUBLE FORTUNE,IMO9574119,3FHZ2,70,1,234,38,14.5,70,A
356589000,2021-02-21T10:31:13,37.23823,-76.09403,0.1,102.1,329.0,DOUBLE FORTUNE,IMO9574119,3FHZ2,70,1,234,38,14.5,70,A
255806078,2021-02-21T10:30:53,36.90935,-76.32715,0.1,306.9,352.0,NORTHERN MAGNUM,IMO9252541,CQIV4,71,5,300,40,11.3,71,A
338273000,2021-02-21T10:37:06,36.96279,-76.35706,0.0,69.5,354.0,SLNC YORK,IMO9538907,WNCG,70,1,142,23,5.5,70,A
373765000,2021-02-21T10:51:24,37.26334,-76.10586,0.1,80.0,0.0,AM CONTRECOEUR,IMO9583184,3FBX4,70,1,229,32,14.4,,A
356590000,2021-02-21T10:47:28,37.19689,-76.15104,8.9,198.9,198.0,UNITED ADVENTURE,IMO9465215,3EXX6,70,0,291,45,18.1,,A
255806078,2021-02-21T10:21:51,36.90935,-76.32717,0.1,306.9,352.0,NORTHERN MAGNUM,IMO9252541,CQIV4,71,5,300,40,11.3,71,A
366839000,2021-02-21T10:47:15,36.85350,-76.31084,0.0,0.0,40.0,CAPE RISE,IMO7530808,KAFG,70,5,197,32,10.0,,A
636092329,2021-02-21T10:38:07,37.24633,-76.11796,0.1,89.2,342.0,BLUMENAU,IMO9605633,D5AL3,70,1,229,32,14.4,,A
367822000,2021-02-21T10:32:09,36.97311,-76.43385,0.0,0.0,511.0,USNS SHUGHART,IMO7825394,NAOQ,70,5,276,32,13.0,70,A
338678000,2021-02-21T10:48:31,36.91621,-76.16843,0.0,221.1,9.0,DOLORES CHOUEST,IMO8225931,WCP8847,70,5,54,12,4.0,35,A
477770400,2021-02-21T10:53:08,36.87995,-76.33158,0.0,98.3,96.0,BAO MAY,IMO9410155,VRGV8,70,0,292,45,18.2,70,A
538005622,2021-02-21T10:38:03,36.96968,-76.09425,11.1,108.7,110.0,SASEBO GREEN,IMO9675468,V7FN3,70,0,225,32,14.4,,A
428405000,2021-02-21T10:48:35,36.90622,-76.32668,0.0,351.4,351.0,ZIM QINGDAO,IMO9318163,4XFC,71,5,261,32,9.9,71,A
338273000,2021-02-21T10:49:05,36.96283,-76.35714,0.0,69.5,346.0,SLNC YORK,IMO9538907,WNCG,70,1,142,23,5.5,70,A
428405000,2021-02-21T10:54:33,36.90626,-76.32669,0.0,351.4,351.0,ZIM QINGDAO,IMO9318163,4XFC,71,5,261,32,9.9,71,A
367359930,2021-02-21T10:48:55,36.82419,-76.28914,0.0,263.5,511.0,SUNNY WILLIAMS,,WDE4940,80,0,25,8,,80,A
356590000,2021-02-21T10:49:59,37.19078,-76.15301,8.9,189.4,190.0,UNITED ADVENTURE,IMO9465215,3EXX6,70,0,291,45,18.1,,A
367822000,2021-02-21T10:50:08,36.97311,-76.43384,0.0,0.0,511.0,USNS SHUGHART,IMO7825394,NAOQ,70,5,276,32,13.0,70,A
356589000,2021-02-21T10:34:12,37.23828,-76.09403,0.0,96.7,327.0,DOUBLE FORTUNE,IMO9574119,3FHZ2,70,1,234,38,14.5,70,A
366839000,2021-02-21T10:50:15,36.85349,-76.31091,0.0,0.0,40.0,CAPE RISE,IMO7530808,KAFG,70,5,197,32,10.0,,A
356643000,2021-02-21T10:50:04,36.93603,-76.37894,0.0,169.7,321.0,ARKI,IMO9561801,3ENP3,70,1,170,27,9.7,70,A
373765000,2021-02-21T10:54:18,37.26330,-76.10576,0.1,80.0,354.0,AM CONTRECOEUR,IMO9583184,3FBX4,70,1,229,32,14.4,,A
367821000,2021-02-21T10:34:53,36.97280,-76.43369,0.0,0.0,511.0,YANO,IMO7825409,NAQH,70,5,276,32,13.0,70,A
636092329,2021-02-21T10:50:08,37.24625,-76.11825,0.0,89.2,352.0,BLUMENAU,IMO9605633,D5AL3,70,1,229,32,14.4,,A
367353070,2021-02-21T10:24:01,36.94420,-76.32950,0.0,136.0,267.0,EVERGREEN STATE,IMO9408138,WDE4430,80,5,183,32,11.8,89,A
366841000,2021-02-21T10:24:11,36.85327,-76.31056,0.0,0.0,511.0,CAPE RAY,IMO7530810,KAFI,70,5,197,32,10.0,,A
367359930,2021-02-21T10:52:15,36.82418,-76.28912,0.0,286.5,511.0,SUNNY WILLIAMS,,WDE4940,80,0,25,8,,80,A
367862000,2021-02-21T10:51:45,36.94802,-76.32982,0.0,35.7,280.0,JOSHUA HUMPHREYS,IMO8302428,NNJH,80,5,193,29,,,A
366842000,2021-02-21T10:54:17,36.85383,-76.31117,0.0,0.0,42.0,CAPE RACE,IMO7616377,KAFJ,70,5,197,32,10.0,,A
636092329,2021-02-21T10:53:06,37.24625,-76.11830,0.0,89.2,352.0,BLUMENAU,IMO9605633,D5AL3,70,1,229,32,14.4,,A
367865000,2021-02-21T10:53:18,36.88693,-76.33855,0.0,286.4,11.0,KANAWHA,IMO8704080,NPTD,80,5,206,29,,,A
428405000,2021-02-21T10:24:34,36.90627,-76.32667,0.0,351.3,351.0,ZIM QINGDAO,IMO9318163,4XFC,71,5,261,32,9.9,71,A
368445000,2021-02-21T10:41:06,36.96312,-76.42011,0.0,55.8,188.0,OVERSEAS NIKISKI,IMO9353577,WDBH,80,5,183,32,12.2,80,A
356643000,2021-02-21T10:38:06,36.93607,-76.37891,0.0,96.8,318.0,ARKI,IMO9561801,3ENP3,70,1,170,27,9.7,70,A
367822000,2021-02-21T10:56:09,36.97312,-76.43380,0.0,0.0,511.0,USNS SHUGHART,IMO7825394,NAOQ,70,5,276,32,13.0,70,A
477770400,2021-02-21T10:24:29,36.87992,-76.33155,0.0,98.3,96.0,BAO MAY,IMO9410155,VRGV8,70,0,292,45,18.2,70,A
356590000,2021-02-21T10:41:39,37.21068,-76.14535,9.0,196.2,199.0,UNITED ADVENTURE,IMO9465215,3EXX6,70,0,291,45,18.1,,A
367865000,2021-02-21T10:38:18,36.88694,-76.33854,0.0,286.4,11.0,KANAWHA,IMO8704080,NPTD,80,5,206,29,,,A
367353070,2021-02-21T10:42:01,36.94415,-76.32947,0.0,195.0,267.0,EVERGREEN STATE,IMO9408138,WDE4430,80,5,183,32,11.8,89,A
367822000,2021-02-21T10:38:10,36.97310,-76.43384,0.0,0.0,511.0,USNS SHUGHART,IMO7825394,NAOQ,70,5,276,32,13.0,70,A
367821000,2021-02-21T10:52:54,36.97282,-76.43372,0.0,0.0,511.0,YANO,IMO7825409,NAQH,70,5,276,32,13.0,70,A
356590000,2021-02-21T10:54:39,37.17942,-76.15444,8.7,174.7,172.0,UNITED ADVENTURE,IMO9465215,3EXX6,70,0,291,45,18.1,,A
367353070,2021-02-21T10:57:04,36.94415,-76.32948,0.0,195.0,267.0,EVERGREEN STATE,IMO9408138,WDE4430,80,5,183,32,11.8,89,A
366842000,2021-02-21T10:57:12,36.85381,-76.31116,0.0,0.0,42.0,CAPE RACE,IMO7616377,KAFJ,70,5,197,32,10.0,,A
368026000,2021-02-21T10:56:43,36.86577,-76.31602,0.1,224.2,511.0,BENAVIDEZ,IMO9218210,NBHG,70,5,289,32,10.9,70,A
367359930,2021-02-21T10:43:05,36.82422,-76.28914,0.0,261.0,511.0,SUNNY WILLIAMS,,WDE4940,80,0,25,8,,80,A
338273000,2021-02-21T10:58:06,36.96285,-76.35713,0.0,69.5,341.0,SLNC YORK,IMO9538907,WNCG,70,1,142,23,5.5,70,A
356643000,2021-02-21T10:26:06,36.93606,-76.37897,0.0,137.2,318.0,ARKI,IMO9561801,3ENP3,70,1,170,27,9.7,70,A
367865000,2021-02-21T10:26:18,36.88694,-76.33850,0.0,286.4,11.0,KANAWHA,IMO8704080,NPTD,80,5,206,29,,,A
538005622,2021-02-21T10:26:23,36.98055,-76.13731,11.3,106.2,108.0,SASEBO GREEN,IMO9675468,V7FN3,70,0,225,32,14.4,,A
636092329,2021-02-21T10:59:06,37.24621,-76.11832,0.0,89.2,352.0,BLUMENAU,IMO9605633,D5AL3,70,1,229,32,14.4,,A
636092329,2021-02-21T10:26:05,37.24632,-76.11838,0.1,246.0,358.0,BLUMENAU,IMO9605633,D5AL3,70,1,229,32,14.4,,A
366839000,2021-02-21T10:26:12,36.85345,-76.31082,0.0,0.0,40.0,CAPE RISE,IMO7530808,KAFG,70,5,197,32,10.0,,A
338678000,2021-02-21T10:57:31,36.91622,-76.16842,0.0,208.0,9.0,DOLORES CHOUEST,IMO8225931,WCP8847,70,5,54,12,4.0,35,A
338678000,2021-02-21T10:54:31,36.91620,-76.16845,0.0,216.0,9.0,DOLORES CHOUEST,IMO8225931,WCP8847,70,5,54,12,4.0,35,A
356590000,2021-02-21T10:58:08,37.17100,-76.15279,8.7,170.4,173.0,UNITED ADVENTURE,IMO9465215,3EXX6,70,0,291,45,18.1,,A
477770400,2021-02-21T10:54:19,36.87993,-76.33157,0.0,98.3,96.0,BAO MAY,IMO9410155,VRGV8,70,0,292,45,18.2,70,A
356590000,2021-02-21T10:40:38,37.21311,-76.14446,9.1,197.7,198.0,UNITED ADVENTURE,IMO9465215,3EXX6,70,0,291,45,18.1,,A
538005622,2021-02-21T10:40:23,36.96735,-76.08579,11.2,109.1,110.0,SASEBO GREEN,IMO9675468,V7FN3,70,0,225,32,14.4,,A
366839000,2021-02-21T10:29:12,36.85349,-76.31083,0.0,0.0,40.0,CAPE RISE,IMO7530808,KAFG,70,5,197,32,10.0,,A
477770400,2021-02-21T10:29:10,36.87994,-76.33155,0.0,98.3,96.0,BAO MAY,IMO9410155,VRGV8,70,0,292,45,18.2,70,A
477770400,2021-02-21T10:59:59,36.87992,-76.33137,0.3,97.6,96.0,BAO MAY,IMO9410155,VRGV8,70,0,292,45,18.2,70,A
373765000,2021-02-21T10:57:24,37.26326,-76.10574,0.0,80.0,352.0,AM CONTRECOEUR,IMO9583184,3FBX4,70,1,229,32,14.4,,A
373765000,2021-02-21T10:45:24,37.26331,-76.10596,0.1,80.0,1.0,AM CONTRECOEUR,IMO9583184,3FBX4,70,1,229,32,14.4,,A
367862000,2021-02-21T10:57:44,36.94817,-76.32966,0.0,35.7,280.0,JOSHUA HUMPHREYS,IMO8302428,NNJH,80,5,193,29,,,A
366841000,2021-02-21T10:45:13,36.85329,-76.31056,0.0,0.0,511.0,CAPE RAY,IMO7530810,KAFI,70,5,197,32,10.0,,A
477770400,2021-02-21T10:57:39,36.87990,-76.33155,0.0,98.3,96.0,BAO MAY,IMO9410155,VRGV8,70,0,292,45,18.2,70,A
356643000,2021-02-21T10:56:07,36.93604,-76.37895,0.1,73.1,321.0,ARKI,IMO9561801,3ENP3,70,1,170,27,9.7,70,A
356590000,2021-02-21T10:55:49,37.17656,-76.15391,8.7,171.2,172.0,UNITED ADVENTURE,IMO9465215,3EXX6,70,0,291,45,18.1,,A
367359930,2021-02-21T11:01:15,36.82418,-76.28914,0.0,249.1,511.0,SUNNY WILLIAMS,,WDE4940,80,0,25,8,,80,A
367862000,2021-02-21T11:00:45,36.94803,-76.32983,0.0,35.7,280.0,JOSHUA HUMPHREYS,IMO8302428,NNJH,80,5,193,29,,,A
366839000,2021-02-21T10:41:15,36.85351,-76.31082,0.0,0.0,40.0,CAPE RISE,IMO7530808,KAFG,70,5,197,32,10.0,,A
368026000,2021-02-21T10:29:44,36.86576,-76.31604,0.0,224.2,511.0,BENAVIDEZ,IMO9218210,NBHG,70,5,289,32,10.9,70,A
367865000,2021-02-21T10:56:18,36.88688,-76.33858,0.0,286.4,11.0,KANAWHA,IMO8704080,NPTD,80,5,206,29,,,A
367359930,2021-02-21T10:59:06,36.82420,-76.28917,0.0,274.5,511.0,SUNNY WILLIAMS,,WDE4940,80,0,25,8,,80,A
428405000,2021-02-21T10:30:34,36.90624,-76.32668,0.0,351.4,351.0,ZIM QINGDAO,IMO9318163,4XFC,71,5,261,32,9.9,71,A
367865000,2021-02-21T10:59:18,36.88690,-76.33855,0.0,286.4,11.0,KANAWHA,IMO8704080,NPTD,80,5,206,29,,,A
338678000,2021-02-21T10:42:31,36.91617,-76.16847,0.0,260.3,9.0,DOLORES CHOUEST,IMO8225931,WCP8847,70,5,54,12,4.0,35,A
367862000,2021-02-21T10:45:44,36.94806,-76.32985,0.0,35.7,280.0,JOSHUA HUMPHREYS,IMO8302428,NNJH,80,5,193,29,,,A
477770400,2021-02-21T10:58:50,36.87991,-76.33149,0.3,115.0,96.0,BAO MAY,IMO9410155,VRGV8,70,0,292,45,18.2,70,A
356590000,2021-02-21T11:01:18,37.16338,-76.15159,8.7,173.0,173.0,UNITED ADVENTURE,IMO9465215,3EXX6,70,0,291,45,18.1,,A
356590000,2021-02-21T10:42:49,37.20786,-76.14651,9.0,197.7,199.0,UNITED ADVENTURE,IMO9465215,3EXX6,70,0,291,45,18.1,,A
338273000,2021-02-21T10:43:05,36.96280,-76.35709,0.0,69.5,350.0,SLNC YORK,IMO9538907,WNCG,70,1,142,23,5.5,70,A
356643000,2021-02-21T11:02:04,36.93608,-76.37887,0.1,79.5,319.0,ARKI,IMO9561801,3ENP3,70,1,170,27,9.7,70,A
428405000,2021-02-21T10:57:35,36.90626,-76.32670,0.0,351.5,352.0,ZIM QINGDAO,IMO9318163,4XFC,71,5,261,32,9.9,71,A
367865000,2021-02-21T11:02:19,36.88696,-76.33857,0.0,286.4,11.0,KANAWHA,IMO8704080,NPTD,80,5,206,29,,,A
356590000,2021-02-21T10:59:18,37.16821,-76.15233,8.7,173.2,174.0,UNITED ADVENTURE,IMO9465215,3EXX6,70,0,291,45,18.1,,A
367821000,2021-02-21T10:58:52,36.97283,-76.43371,0.0,0.0,511.0,YANO,IMO7825409,NAQH,70,5,276,32,13.0,70,A
366842000,2021-02-21T11:03:12,36.85383,-76.31116,0.0,0.0,42.0,CAPE RACE,IMO7616377,KAFJ,70,5,197,32,10.0,,A
356643000,2021-02-21T10:59:04,36.93607,-76.37893,0.0,97.4,320.0,ARKI,IMO9561801,3ENP3,70,1,170,27,9.7,70,A
367353070,2021-02-21T11:00:03,36.94417,-76.32947,0.0,195.0,267.0,EVERGREEN STATE,IMO9408138,WDE4430,80,5,183,32,11.8,89,A
477770400,2021-02-21T11:02:30,36.87989,-76.33116,0.2,98.8,96.0,BAO MAY,IMO9410155,VRGV8,70,0,292,45,18.2,70,A
373765000,2021-02-21T11:03:22,37.26322,-76.10585,0.1,80.0,356.0,AM CONTRECOEUR,IMO9583184,3FBX4,70,1,229,32,14.4,,A
636092329,2021-02-21T10:32:07,37.24630,-76.11806,0.1,89.2,347.0,BLUMENAU,IMO9605633,D5AL3,70,1,229,32,14.4,,A
538005622,2021-02-21T10:31:03,36.97632,-76.11996,11.3,107.1,108.0,SASEBO GREEN,IMO9675468,V7FN3,70,0,225,32,14.4,,A
368026000,2021-02-21T10:59:43,36.86573,-76.31603,0.0,224.2,511.0,BENAVIDEZ,IMO9218210,NBHG,70,5,289,32,10.9,70,A
356590000,2021-02-21T11:00:08,37.16620,-76.15201,8.7,172.9,174.0,UNITED ADVENTURE,IMO9465215,3EXX6,70,0,291,45,18.1,,A
356589000,2021-02-21T11:01:13,37.23821,-76.09423,0.0,353.7,330.0,DOUBLE FORTUNE,IMO9574119,3FHZ2,70,1,234,38,14.5,70,A
367353070,2021-02-21T11:03:02,36.94415,-76.32947,0.0,195.0,267.0,EVERGREEN STATE,IMO9408138,WDE4430,80,5,183,32,11.8,89,A
367821000,2021-02-21T10:46:53,36.97282,-76.43368,0.0,0.0,511.0,YANO,IMO7825409,NAQH,70,5,276,32,13.0,70,A
367821000,2021-02-21T11:04:53,36.97283,-76.43371,0.0,0.0,511.0,YANO,IMO7825409,NAQH,70,5,276,32,13.0,70,A
636092329,2021-02-21T10:44:07,37.24630,-76.11812,0.1,89.2,348.0,BLUMENAU,IMO9605633,D5AL3,70,1,229,32,14.4,,A
368445000,2021-02-21T10:32:05,36.96304,-76.42014,0.0,55.8,188.0,OVERSEAS NIKISKI,IMO9353577,WDBH,80,5,183,32,12.2,80,A
338678000,2021-02-21T11:03:31,36.91626,-76.16843,0.0,219.5,9.0,DOLORES CHOUEST,IMO8225931,WCP8847,70,5,54,12,4.0,35,A
477770400,2021-02-21T10:45:09,36.87994,-76.33155,0.0,98.3,96.0,BAO MAY,IMO9410155,VRGV8,70,0,292,45,18.2,70,A
338273000,2021-02-21T11:04:05,36.96284,-76.35710,0.0,69.5,340.0,SLNC YORK,IMO9538907,WNCG,70,1,142,23,5.5,70,A
477770400,2021-02-21T10:46:10,36.87994,-76.33155,0.0,98.3,96.0,BAO MAY,IMO9410155,VRGV8,70,0,292,45,18.2,70,A
538005622,2021-02-21T10:45:03,36.96265,-76.06856,11.4,108.4,109.0,SASEBO GREEN,IMO9675468,V7FN3,70,0,225,32,14.4,,A
255806078,2021-02-21T11:04:08,36.90930,-76.32718,0.1,306.9,352.0,NORTHERN MAGNUM,IMO9252541,CQIV4,71,5,300,40,11.3,71,A
356589000,2021-02-21T11:04:11,37.23817,-76.09427,0.0,211.0,333.0,DOUBLE FORTUNE,IMO9574119,3FHZ2,70,1,234,38,14.5,70,A
366842000,2021-02-21T11:06:20,36.85384,-76.31117,0.0,0.0,42.0,CAPE RACE,IMO7616377,KAFJ,70,5,197,32,10.0,,A
538005622,2021-02-21T10:46:13,36.96149,-76.06421,11.4,108.4,109.0,SASEBO GREEN,IMO9675468,V7FN3,70,0,225,32,14.4,,A
477770400,2021-02-21T10:47:29,36.87995,-76.33157,0.0,98.3,96.0,BAO MAY,IMO9410155,VRGV8,70,0,292,45,18.2,70,A
367822000,2021-02-21T11:05:09,36.97311,-76.43380,0.0,0.0,511.0,USNS SHUGHART,IMO7825394,NAOQ,70,5,276,32,13.0,70,A
367359930,2021-02-21T10:46:34,36.82420,-76.28914,0.0,249.9,511.0,SUNNY WILLIAMS,,WDE4940,80,0,25,8,,80,A
366839000,2021-02-21T11:05:18,36.85344,-76.31074,0.0,0.0,40.0,CAPE RISE,IMO7530808,KAFG,70,5,197,32,10.0,,A
367865000,2021-02-21T11:05:19,36.88692,-76.33857,0.0,286.4,11.0,KANAWHA,IMO8704080,NPTD,80,5,206,29,,,A
368026000,2021-02-21T11:02:44,36.86579,-76.31603,0.0,224.2,511.0,BENAVIDEZ,IMO9218210,NBHG,70,5,289,32,10.9,70,A
356590000,2021-02-21T10:48:39,37.19407,-76.15215,8.9,196.0,193.0,UNITED ADVENTURE,IMO9465215,3EXX6,70,0,291,45,18.1,,A
356590000,2021-02-21T11:05:58,37.15197,-76.14996,8.9,174.5,171.0,UNITED ADVENTURE,IMO9465215,3EXX6,70,0,291,45,18.1,,A
368445000,2021-02-21T11:05:06,36.96312,-76.42012,0.0,55.8,188.0,OVERSEAS NIKISKI,IMO9353577,WDBH,80,5,183,32,12.2,80,A
368026000,2021-02-21T10:47:44,36.86577,-76.31606,0.0,224.2,511.0,BENAVIDEZ,IMO9218210,NBHG,70,5,289,32,10.9,70,A
367353070,2021-02-21T10:48:01,36.94417,-76.32950,0.0,195.0,267.0,EVERGREEN STATE,IMO9408138,WDE4430,80,5,183,32,11.8,89,A
338846000,2021-02-21T11:04:45,36.86559,-76.31582,0.0,0.1,511.0,USNS MENDONCA,IMO9147320,NBMK,70,5,289,32,10.9,,A
356643000,2021-02-21T11:05:04,36.93612,-76.37883,0.1,80.4,317.0,ARKI,IMO9561801,3ENP3,70,1,170,27,9.7,70,A
368026000,2021-02-21T11:05:44,36.86576,-76.31603,0.0,224.2,511.0,BENAVIDEZ,IMO9218210,NBHG,70,5,289,32,10.9,70,A
255806078,2021-02-21T10:48:59,36.90923,-76.32718,0.1,306.9,352.0,NORTHERN MAGNUM,IMO9252541,CQIV4,71,5,300,40,11.3,71,A
368445000,2021-02-21T10:35:06,36.96303,-76.42014,0.0,55.8,188.0,OVERSEAS NIKISKI,IMO9353577,WDBH,80,5,183,32,12.2,80,A
367865000,2021-02-21T10:35:19,36.88688,-76.33856,0.0,286.4,11.0,KANAWHA,IMO8704080,NPTD,80,5,206,29,,,A
338678000,2021-02-21T11:06:31,36.91624,-76.16850,0.0,248.5,9.0,DOLORES CHOUEST,IMO8225931,WCP8847,70,5,54,12,4.0,35,A
367359930,2021-02-21T11:08:04,36.82422,-76.28912,0.0,227.8,511.0,SUNNY WILLIAMS,,WDE4940,80,0,25,8,,80,A
367822000,2021-02-21T11:08:09,36.97311,-76.43380,0.0,0.0,511.0,USNS SHUGHART,IMO7825394,NAOQ,70,5,276,32,13.0,70,A
477770400,2021-02-21T11:04:49,36.87987,-76.33107,0.1,99.7,96.0,BAO MAY,IMO9410155,VRGV8,70,0,292,45,18.2,70,A
477770400,2021-02-21T11:07:08,36.87991,-76.33103,0.0,99.7,96.0,BAO MAY,IMO9410155,VRGV8,70,0,292,45,18.2,70,A
366841000,2021-02-21T10:51:12,36.85327,-76.31053,0.0,0.0,511.0,CAPE RAY,IMO7530810,KAFI,70,5,197,32,10.0,,A
356590000,2021-02-21T11:08:20,37.14631,-76.14832,8.8,164.6,165.0,UNITED ADVENTURE,IMO9465215,3EXX6,70,0,291,45,18.1,,A
356589000,2021-02-21T11:07:13,37.23812,-76.09430,0.1,160.0,335.0,DOUBLE FORTUNE,IMO9574119,3FHZ2,70,1,234,38,14.5,70,A
367359930,2021-02-21T11:09:15,36.82418,-76.28913,0.0,229.9,511.0,SUNNY WILLIAMS,,WDE4940,80,0,25,8,,80,A
366842000,2021-02-21T11:09:17,36.85383,-76.31122,0.0,0.0,42.0,CAPE RACE,IMO7616377,KAFJ,70,5,197,32,10.0,,A
373765000,2021-02-21T11:09:21,37.26327,-76.10600,0.1,80.0,359.0,AM CONTRECOEUR,IMO9583184,3FBX4,70,1,229,32,14.4,,A
366841000,2021-02-21T11:09:14,36.85328,-76.31056,0.0,0.0,511.0,CAPE RAY,IMO7530810,KAFI,70,5,197,32,10.0,,A
368026000,2021-02-21T11:08:44,36.86575,-76.31605,0.0,224.2,511.0,BENAVIDEZ,IMO9218210,NBHG,70,5,289,32,10.9,70,A
255806078,2021-02-21T11:10:12,36.90937,-76.32718,0.1,306.9,352.0,NORTHERN MAGNUM,IMO9252541,CQIV4,71,5,300,40,11.3,71,A
367865000,2021-02-21T10:50:18,36.88694,-76.33853,0.0,286.4,11.0,KANAWHA,IMO8704080,NPTD,80,5,206,29,,,A
477770400,2021-02-21T10:50:49,36.87996,-76.33156,0.0,98.3,96.0,BAO MAY,IMO9410155,VRGV8,70,0,292,45,18.2,70,A
338846000,2021-02-21T11:10:45,36.86558,-76.31583,0.0,0.1,511.0,USNS MENDONCA,IMO9147320,NBMK,70,5,289,32,10.9,,A
428405000,2021-02-21T10:51:34,36.90625,-76.32672,0.0,351.4,351.0,ZIM QINGDAO,IMO9318163,4XFC,71,5,261,32,9.9,71,A
356590000,2021-02-21T10:52:19,37.18514,-76.15417,8.9,189.5,186.0,UNITED ADVENTURE,IMO9465215,3EXX6,70,0,291,45,18.1,,A
356590000,2021-02-21T11:10:39,37.14095,-76.14605,8.7,152.3,151.0,UNITED ADVENTURE,IMO9465215,3EXX6,70,0,291,45,18.1,,A
356590000,2021-02-21T10:51:08,37.18801,-76.15353,8.9,189.5,190.0,UNITED ADVENTURE,IMO9465215,3EXX6,70,0,291,45,18.1,,A
255806078,2021-02-21T10:52:02,36.90918,-76.32720,0.1,306.9,352.0,NORTHERN MAGNUM,IMO9252541,CQIV4,71,5,300,40,11.3,71,A
367359930,2021-02-21T10:51:14,36.82418,-76.28912,0.0,277.0,511.0,SUNNY WILLIAMS,,WDE4940,80,0,25,8,,80,A
356643000,2021-02-21T11:11:07,36.93618,-76.37874,0.1,75.6,316.0,ARKI,IMO9561801,3ENP3,70,1,170,27,9.7,70,A
338273000,2021-02-21T10:52:06,36.96282,-76.35713,0.0,69.5,345.0,SLNC YORK,IMO9538907,WNCG,70,1,142,23,5.5,70,A
367822000,2021-02-21T10:53:09,36.97313,-76.43383,0.0,0.0,511.0,USNS SHUGHART,IMO7825394,NAOQ,70,5,276,32,13.0,70,A
366839000,2021-02-21T10:53:18,36.85348,-76.31086,0.0,0.0,40.0,CAPE RISE,IMO7530808,KAFG,70,5,197,32,10.0,,A
367359930,2021-02-21T10:39:35,36.82422,-76.28913,0.0,254.2,511.0,SUNNY WILLIAMS,,WDE4940,80,0,25,8,,80,A
366839000,2021-02-21T11:11:19,36.85348,-76.31082,0.0,0.0,40.0,CAPE RISE,IMO7530808,KAFG,70,5,197,32,10.0,,A
366842000,2021-02-21T10:39:18,36.85383,-76.31123,0.0,0.0,42.0,CAPE RACE,IMO7616377,KAFJ,70,5,197,32,10.0,,A
367865000,2021-02-21T11:11:19,36.88692,-76.33853,0.0,286.4,11.0,KANAWHA,IMO8704080,NPTD,80,5,206,29,,,A
636092329,2021-02-21T11:11:06,37.24628,-76.11825,0.0,89.2,351.0,BLUMENAU,IMO9605633,D5AL3,70,1,229,32,14.4,,A
368026000,2021-02-21T10:53:43,36.86575,-76.31603,0.0,224.2,511.0,BENAVIDEZ,IMO9218210,NBHG,70,5,289,32,10.9,70,A
366842000,2021-02-21T11:12:21,36.85382,-76.31115,0.0,0.0,42.0,CAPE RACE,IMO7616377,KAFJ,70,5,197,32,10.0,,A
356590000,2021-02-21T10:53:28,37.18233,-76.15458,8.9,183.1,178.0,UNITED ADVENTURE,IMO9465215,3EXX6,70,0,291,45,18.1,,A
356590000,2021-02-21T11:12:58,37.13609,-76.14241,8.7,149.0,150.0,UNITED ADVENTURE,IMO9465215,3EXX6,70,0,291,45,18.1,,A
356590000,2021-02-21T11:11:49,37.13848,-76.14423,8.6,148.8,150.0,UNITED ADVENTURE,IMO9465215,3EXX6,70,0,291,45,18.1,,A
255806078,2021-02-21T10:39:55,36.90933,-76.32718,0.1,306.9,352.0,NORTHERN MAGNUM,IMO9252541,CQIV4,71,5,300,40,11.3,71,A
368026000,2021-02-21T11:11:43,36.86578,-76.31605,0.0,224.2,511.0,BENAVIDEZ,IMO9218210,NBHG,70,5,289,32,10.9,70,A
366841000,2021-02-21T10:54:07,36.85327,-76.31054,0.0,0.0,511.0,CAPE RAY,IMO7530810,KAFI,70,5,197,32,10.0,,A
367822000,2021-02-21T11:14:09,36.97311,-76.43381,0.0,0.0,511.0,USNS SHUGHART,IMO7825394,NAOQ,70,5,276,32,13.0,70,A
367862000,2021-02-21T11:12:44,36.94819,-76.32979,0.0,35.7,280.0,JOSHUA HUMPHREYS,IMO8302428,NNJH,80,5,193,29,,,A
367353070,2021-02-21T11:12:02,36.94417,-76.32950,0.0,195.0,267.0,EVERGREEN STATE,IMO9408138,WDE4430,80,5,183,32,11.8,89,A
428405000,2021-02-21T11:12:33,36.90626,-76.32666,0.0,351.5,352.0,ZIM QINGDAO,IMO9318163,4XFC,71,5,261,32,9.9,71,A
477770400,2021-02-21T10:55:28,36.87994,-76.33158,0.0,98.3,96.0,BAO MAY,IMO9410155,VRGV8,70,0,292,45,18.2,70,A
356643000,2021-02-21T10:41:07,36.93608,-76.37894,0.0,96.8,319.0,ARKI,IMO9561801,3ENP3,70,1,170,27,9.7,70,A
367359930,2021-02-21T10:54:24,36.82418,-76.28913,0.0,287.3,511.0,SUNNY WILLIAMS,,WDE4940,80,0,25,8,,80,A
338273000,2021-02-21T10:55:05,36.96284,-76.35713,0.0,69.5,344.0,SLNC YORK,IMO9538907,WNCG,70,1,142,23,5.5,70,A
368445000,2021-02-21T10:56:05,36.96305,-76.42016,0.0,55.8,188.0,OVERSEAS NIKISKI,IMO9353577,WDBH,80,5,183,32,12.2,80,A
368026000,2021-02-21T11:14:43,36.86577,-76.31605,0.0,224.2,511.0,BENAVIDEZ,IMO9218210,NBHG,70,5,289,32,10.9,70,A
356590000,2021-02-21T11:14:08,37.13368,-76.14056,8.7,149.5,152.0,UNITED ADVENTURE,IMO9465215,3EXX6,70,0,291,45,18.1,,A
367821000,2021-02-21T10:55:53,36.97283,-76.43371,0.0,0.0,511.0,YANO,IMO7825409,NAQH,70,5,276,32,13.0,70,A
338846000,2021-02-21T11:13:45,36.86559,-76.31584,0.0,0.1,511.0,USNS MENDONCA,IMO9147320,NBMK,70,5,289,32,10.9,,A
367353070,2021-02-21T11:15:01,36.94415,-76.32948,0.0,195.0,267.0,EVERGREEN STATE,IMO9408138,WDE4430,80,5,183,32,11.8,89,A
367865000,2021-02-21T11:14:19,36.88692,-76.33853,0.0,286.4,11.0,KANAWHA,IMO8704080,NPTD,80,5,206,29,,,A
367359930,2021-02-21T11:15:16,36.82417,-76.28914,0.0,258.9,511.0,SUNNY WILLIAMS,,WDE4940,80,0,25,8,,80,A
366841000,2021-02-21T10:42:09,36.85329,-76.31052,0.0,0.0,511.0,CAPE RAY,IMO7530810,KAFI,70,5,197,32,10.0,,A
367359930,2021-02-21T10:56:46,36.82417,-76.28914,0.0,288.2,511.0,SUNNY WILLIAMS,,WDE4940,80,0,25,8,,80,A
367359930,2021-02-21T10:41:55,36.82423,-76.28913,0.0,263.3,511.0,SUNNY WILLIAMS,,WDE4940,80,0,25,8,,80,A
477770400,2021-02-21T10:41:40,36.87995,-76.33157,0.0,98.3,96.0,BAO MAY,IMO9410155,VRGV8,70,0,292,45,18.2,70,A
477770400,2021-02-21T11:14:45,36.87988,-76.33106,0.0,99.7,96.0,BAO MAY,IMO9410155,VRGV8,70,5,292,45,18.2,70,A
367862000,2021-02-21T11:15:45,36.94817,-76.32975,0.0,35.7,280.0,JOSHUA HUMPHREYS,IMO8302428,NNJH,80,5,193,29,,,A
356589000,2021-02-21T10:43:15,37.23823,-76.09407,0.1,233.2,328.0,DOUBLE FORTUNE,IMO9574119,3FHZ2,70,1,234,38,14.5,70,A
356589000,2021-02-21T11:16:14,37.23815,-76.09436,0.0,73.8,336.0,DOUBLE FORTUNE,IMO9574119,3FHZ2,70,1,234,38,14.5,70,A
367359930,2021-02-21T10:55:34,36.82418,-76.28914,0.0,289.8,511.0,SUNNY WILLIAMS,,WDE4940,80,0,25,8,,80,A
255806078,2021-02-21T10:58:05,36.90942,-76.32717,0.1,306.9,352.0,NORTHERN MAGNUM,IMO9252541,CQIV4,71,5,300,40,11.3,71,A
338846000,2021-02-21T11:16:47,36.86559,-76.31585,0.0,0.1,511.0,USNS MENDONCA,IMO9147320,NBMK,70,5,289,32,10.9,,A
367822000,2021-02-21T11:17:08,36.97311,-76.43381,0.0,0.0,511.0,USNS SHUGHART,IMO7825394,NAOQ,70,5,276,32,13.0,70,A
356590000,2021-02-21T10:43:59,37.20515,-76.14762,9.0,198.1,199.0,UNITED ADVENTURE,IMO9465215,3EXX6,70,0,291,45,18.1,,A
367821000,2021-02-21T11:16:54,36.97283,-76.43371,0.0,0.0,511.0,YANO,IMO7825409,NAQH,70,5,276,32,13.0,70,A
636092329,2021-02-21T11:17:07,37.24627,-76.11824,0.1,89.2,350.0,BLUMENAU,IMO9605633,D5AL3,70,1,229,32,14.4,,A
366841000,2021-02-21T10:57:13,36.85327,-76.31054,0.0,0.0,511.0,CAPE RAY,IMO7530810,KAFI,70,5,197,32,10.0,,A
367865000,2021-02-21T10:44:19,36.88693,-76.33851,0.0,286.4,11.0,KANAWHA,IMO8704080,NPTD,80,5,206,29,,,A
356590000,2021-02-21T11:17:28,37.12653,-76.13560,8.9,150.8,152.0,UNITED ADVENTURE,IMO9465215,3EXX6,70,0,291,45,18.1,,A
368445000,2021-02-21T11:17:05,36.96309,-76.42011,0.0,55.8,188.0,OVERSEAS NIKISKI,IMO9353577,WDBH,80,5,183,32,12.2,80,A
367822000,2021-02-21T10:44:09,36.97311,-76.43384,0.0,0.0,511.0,USNS SHUGHART,IMO7825394,NAOQ,70,5,276,32,13.0,70,A
367359930,2021-02-21T10:57:56,36.82418,-76.28916,0.0,281.2,511.0,SUNNY WILLIAMS,,WDE4940,80,0,25,8,,80,A
366842000,2021-02-21T11:18:21,36.85380,-76.31117,0.0,0.0,43.0,CAPE RACE,IMO7616377,KAFJ,70,5,197,32,10.0,,A
356643000,2021-02-21T11:17:08,36.93626,-76.37867,0.1,73.6,312.0,ARKI,IMO9561801,3ENP3,70,1,170,27,9.7,70,A
368026000,2021-02-21T11:17:43,36.86576,-76.31604,0.0,224.2,511.0,BENAVIDEZ,IMO9218210,NBHG,70,5,289,32,10.9,70,A
368026000,2021-02-21T10:44:43,36.86576,-76.31602,0.0,224.2,511.0,BENAVIDEZ,IMO9218210,NBHG,70,5,289,32,10.9,70,A
366841000,2021-02-21T11:18:10,36.85327,-76.31052,0.0,0.0,511.0,CAPE RAY,IMO7530810,KAFI,70,5,197,32,10.0,,A
477770400,2021-02-21T11:17:45,36.87985,-76.33105,0.0,99.7,96.0,BAO MAY,IMO9410155,VRGV8,70,5,292,45,18.2,70,A
367359930,2021-02-21T11:00:06,36.82420,-76.28911,0.0,262.9,511.0,SUNNY WILLIAMS,,WDE4940,80,0,25,8,,80,A
367359930,2021-02-21T11:18:56,36.82417,-76.28916,0.0,261.0,511.0,SUNNY WILLIAMS,,WDE4940,80,0,25,8,,80,A
356589000,2021-02-21T10:58:14,37.23821,-76.09424,0.0,353.7,332.0,DOUBLE FORTUNE,IMO9574119,3FHZ2,70,1,234,38,14.5,70,A
367822000,2021-02-21T10:59:09,36.97311,-76.43380,0.0,0.0,511.0,USNS SHUGHART,IMO7825394,NAOQ,70,5,276,32,13.0,70,A
636092329,2021-02-21T11:20:06,37.24627,-76.11830,0.1,89.2,353.0,BLUMENAU,IMO9605633,D5AL3,70,1,229,32,14.4,,A
477770400,2021-02-21T11:00:10,36.87992,-76.33135,0.3,97.8,96.0,BAO MAY,IMO9410155,VRGV8,70,0,292,45,18.2,70,A
338678000,2021-02-21T11:18:31,36.91623,-76.16846,0.0,270.9,10.0,DOLORES CHOUEST,IMO8225931,WCP8847,70,5,54,12,4.0,35,A
373765000,2021-02-21T11:18:19,37.26331,-76.10603,0.1,80.0,0.0,AM CONTRECOEUR,IMO9583184,3FBX4,70,1,229,32,14.4,,A
366842000,2021-02-21T11:00:19,36.85383,-76.31119,0.0,0.0,42.0,CAPE RACE,IMO7616377,KAFJ,70,5,197,32,10.0,,A
356590000,2021-02-21T11:19:49,37.12149,-76.13207,8.9,150.9,152.0,UNITED ADVENTURE,IMO9465215,3EXX6,70,0,291,45,18.1,,A
367821000,2021-02-21T11:01:53,36.97283,-76.43371,0.0,0.0,511.0,YANO,IMO7825409,NAQH,70,5,276,32,13.0,70,A
367822000,2021-02-21T11:02:09,36.97310,-76.43380,0.0,0.0,511.0,USNS SHUGHART,IMO7825394,NAOQ,70,5,276,32,13.0,70,A
367822000,2021-02-21T11:20:10,36.97311,-76.43381,0.0,0.0,511.0,USNS SHUGHART,IMO7825394,NAOQ,70,5,276,32,13.0,70,A
477770400,2021-02-21T11:01:19,36.87991,-76.33125,0.2,99.3,96.0,BAO MAY,IMO9410155,VRGV8,70,0,292,45,18.2,70,A
367821000,2021-02-21T11:19:54,36.97283,-76.43371,0.0,0.0,511.0,YANO,IMO7825409,NAQH,70,5,276,32,13.0,70,A
338678000,2021-02-21T11:21:31,36.91623,-76.16844,0.0,270.0,9.0,DOLORES CHOUEST,IMO8225931,WCP8847,70,5,54,12,4.0,35,A
367353070,2021-02-21T11:21:02,36.94420,-76.32948,0.0,195.0,267.0,EVERGREEN STATE,IMO9408138,WDE4430,80,5,183,32,11.8,89,A
338273000,2021-02-21T11:01:06,36.96283,-76.35712,0.0,69.5,340.0,SLNC YORK,IMO9538907,WNCG,70,1,142,23,5.5,70,A
373765000,2021-02-21T11:21:21,37.26329,-76.10603,0.1,80.0,1.0,AM CONTRECOEUR,IMO9583184,3FBX4,70,1,229,32,14.4,,A
356590000,2021-02-21T11:03:38,37.15772,-76.15074,8.8,173.8,174.0,UNITED ADVENTURE,IMO9465215,3EXX6,70,0,291,45,18.1,,A
338678000,2021-02-21T11:00:31,36.91624,-76.16844,0.0,211.4,9.0,DOLORES CHOUEST,IMO8225931,WCP8847,70,5,54,12,4.0,35,A
477770400,2021-02-21T11:20:45,36.87989,-76.33108,0.0,99.7,96.0,BAO MAY,IMO9410155,VRGV8,70,5,292,45,18.2,70,A
367862000,2021-02-21T11:21:45,36.94813,-76.32976,0.0,35.7,280.0,JOSHUA HUMPHREYS,IMO8302428,NNJH,80,5,193,29,,,A
338846000,2021-02-21T10:46:46,36.86559,-76.31582,0.0,0.1,511.0,USNS MENDONCA,IMO9147320,NBMK,70,5,289,32,10.9,,A
356590000,2021-02-21T11:22:09,37.11638,-76.12850,9.0,150.6,151.0,UNITED ADVENTURE,IMO9465215,3EXX6,70,0,291,45,18.1,,A
428405000,2021-02-21T11:21:34,36.90627,-76.32667,0.0,351.4,351.0,ZIM QINGDAO,IMO9318163,4XFC,71,5,261,32,9.9,71,A
636092329,2021-02-21T10:47:00,37.24629,-76.11822,0.1,89.2,352.0,BLUMENAU,IMO9605633,D5AL3,70,1,229,32,14.4,,A
338846000,2021-02-21T11:22:45,36.86559,-76.31580,0.0,0.1,511.0,USNS MENDONCA,IMO9147320,NBMK,70,5,289,32,10.9,,A
477770400,2021-02-21T11:23:44,36.87988,-76.33106,0.0,99.7,96.0,BAO MAY,IMO9410155,VRGV8,70,5,292,45,18.2,70,A
636092329,2021-02-21T11:02:06,37.24623,-76.11835,0.0,89.2,353.0,BLUMENAU,IMO9605633,D5AL3,70,1,229,32,14.4,,A
367862000,2021-02-21T10:48:45,36.94807,-76.32974,0.0,35.7,280.0,JOSHUA HUMPHREYS,IMO8302428,NNJH,80,5,193,29,,,A
367359930,2021-02-21T11:04:46,36.82420,-76.28914,0.0,223.3,511.0,SUNNY WILLIAMS,,WDE4940,80,0,25,8,,80,A
356590000,2021-02-21T11:02:28,37.16054,-76.15115,8.7,173.7,174.0,UNITED ADVENTURE,IMO9465215,3EXX6,70,0,291,45,18.1,,A
636092329,2021-02-21T11:23:06,37.24629,-76.11833,0.0,89.2,355.0,BLUMENAU,IMO9605633,D5AL3,70,1,229,32,14.4,,A
356643000,2021-02-21T11:23:04,36.93630,-76.37859,0.0,70.7,310.0,ARKI,IMO9561801,3ENP3,70,1,170,27,9.7,70,A
367865000,2021-02-21T11:23:19,36.88694,-76.33852,0.0,286.4,11.0,KANAWHA,IMO8704080,NPTD,80,5,206,29,,,A
367353070,2021-02-21T11:24:02,36.94418,-76.32952,0.0,195.0,267.0,EVERGREEN STATE,IMO9408138,WDE4430,80,5,183,32,11.8,89,A
366841000,2021-02-21T11:06:06,36.85329,-76.31051,0.0,0.0,511.0,CAPE RAY,IMO7530810,KAFI,70,5,197,32,10.0,,A
477770400,2021-02-21T11:06:00,36.87989,-76.33104,0.0,99.7,96.0,BAO MAY,IMO9410155,VRGV8,70,0,292,45,18.2,70,A
477770400,2021-02-21T10:49:39,36.87994,-76.33157,0.0,98.3,96.0,BAO MAY,IMO9410155,VRGV8,70,0,292,45,18.2,70,A
477770400,2021-02-21T11:03:39,36.87988,-76.33110,0.1,99.7,96.0,BAO MAY,IMO9410155,VRGV8,70,0,292,45,18.2,70,A
367359930,2021-02-21T11:05:55,36.82417,-76.28912,0.0,229.7,511.0,SUNNY WILLIAMS,,WDE4940,80,0,25,8,,80,A
367359930,2021-02-21T11:03:34,36.82418,-76.28913,0.0,226.4,511.0,SUNNY WILLIAMS,,WDE4940,80,0,25,8,,80,A
366841000,2021-02-21T11:24:09,36.85325,-76.31055,0.0,0.0,511.0,CAPE RAY,IMO7530810,KAFI,70,5,197,32,10.0,,A
373765000,2021-02-21T11:06:18,37.26326,-76.10597,0.1,80.0,357.0,AM CONTRECOEUR,IMO9583184,3FBX4,70,1,229,32,14.4,,A
356590000,2021-02-21T11:24:19,37.11167,-76.12519,9.0,150.7,151.0,UNITED ADVENTURE,IMO9465215,3EXX6,70,0,291,45,18.1,,A
428405000,2021-02-21T11:24:33,36.90626,-76.32668,0.0,351.4,351.0,ZIM QINGDAO,IMO9318163,4XFC,71,5,261,32,9.9,71,A
367359930,2021-02-21T10:50:05,36.82419,-76.28913,0.0,272.8,511.0,SUNNY WILLIAMS,,WDE4940,80,0,25,8,,80,A
356590000,2021-02-21T11:07:09,37.14907,-76.14930,8.8,166.0,165.0,UNITED ADVENTURE,IMO9465215,3EXX6,70,0,291,45,18.1,,A
367353070,2021-02-21T11:06:03,36.94415,-76.32948,0.0,195.0,267.0,EVERGREEN STATE,IMO9408138,WDE4430,80,5,183,32,11.8,89,A
356643000,2021-02-21T11:08:04,36.93615,-76.37880,0.1,64.2,317.0,ARKI,IMO9561801,3ENP3,70,1,170,27,9.7,70,A
338678000,2021-02-21T10:51:31,36.91625,-76.16845,0.0,213.0,10.0,DOLORES CHOUEST,IMO8225931,WCP8847,70,5,54,12,4.0,35,A
477770400,2021-02-21T11:08:19,36.87989,-76.33104,0.0,99.7,96.0,BAO MAY,IMO9410155,VRGV8,70,0,292,45,18.2,70,A
338273000,2021-02-21T11:25:06,36.96287,-76.35699,0.0,69.5,327.0,SLNC YORK,IMO9538907,WNCG,70,1,142,23,5.5,70,A
356590000,2021-02-21T11:09:28,37.14358,-76.14740,8.8,163.9,159.0,UNITED ADVENTURE,IMO9465215,3EXX6,70,0,291,45,18.1,,A
477770400,2021-02-21T10:51:58,36.87995,-76.33158,0.0,98.3,96.0,BAO MAY,IMO9410155,VRGV8,70,0,292,45,18.2,70,A
636092329,2021-02-21T11:08:06,37.24620,-76.11828,0.0,89.2,352.0,BLUMENAU,IMO9605633,D5AL3,70,1,229,32,14.4,,A
367821000,2021-02-21T11:07:54,36.97283,-76.43371,0.0,0.0,511.0,YANO,IMO7825409,NAQH,70,5,276,32,13.0,70,A
367353070,2021-02-21T10:54:03,36.94417,-76.32948,0.0,195.0,267.0,EVERGREEN STATE,IMO9408138,WDE4430,80,5,183,32,11.8,89,A
367821000,2021-02-21T11:10:54,36.97283,-76.43371,0.0,0.0,511.0,YANO,IMO7825409,NAQH,70,5,276,32,13.0,70,A
356589000,2021-02-21T11:10:12,37.23811,-76.09435,0.0,175.1,337.0,DOUBLE FORTUNE,IMO9574119,3FHZ2,70,1,234,38,14.5,70,A
477770400,2021-02-21T11:10:38,36.87989,-76.33106,0.0,99.7,96.0,BAO MAY,IMO9410155,VRGV8,70,0,292,45,18.2,70,A
367865000,2021-02-21T11:08:19,36.88692,-76.33859,0.0,286.4,11.0,KANAWHA,IMO8704080,NPTD,80,5,206,29,,,A
367862000,2021-02-21T10:54:44,36.94810,-76.32975,0.0,35.7,280.0,JOSHUA HUMPHREYS,IMO8302428,NNJH,80,5,193,29,,,A
367862000,2021-02-21T11:09:44,36.94815,-76.32976,0.0,35.7,280.0,JOSHUA HUMPHREYS,IMO8302428,NNJH,80,5,193,29,,,A
428405000,2021-02-21T11:09:35,36.90628,-76.32668,0.0,351.5,352.0,ZIM QINGDAO,IMO9318163,4XFC,71,5,261,32,9.9,71,A
356589000,2021-02-21T10:55:13,37.23817,-76.09419,0.0,109.1,332.0,DOUBLE FORTUNE,IMO9574119,3FHZ2,70,1,234,38,14.5,70,A
636092329,2021-02-21T10:56:07,37.24626,-76.11830,0.0,89.2,352.0,BLUMENAU,IMO9605633,D5AL3,70,1,229,32,14.4,,A
367359930,2021-02-21T11:11:46,36.82418,-76.28915,0.0,239.6,511.0,SUNNY WILLIAMS,,WDE4940,80,0,25,8,,80,A
366839000,2021-02-21T10:56:18,36.85349,-76.31083,0.0,0.0,40.0,CAPE RISE,IMO7530808,KAFG,70,5,197,32,10.0,,A
356590000,2021-02-21T10:56:58,37.17383,-76.15338,8.7,171.0,172.0,UNITED ADVENTURE,IMO9465215,3EXX6,70,0,291,45,18.1,,A
367822000,2021-02-21T11:11:08,36.97311,-76.43380,0.0,0.0,511.0,USNS SHUGHART,IMO7825394,NAOQ,70,5,276,32,13.0,70,A
368445000,2021-02-21T11:11:06,36.96312,-76.42013,0.0,55.8,188.0,OVERSEAS NIKISKI,IMO9353577,WDBH,80,5,183,32,12.2,80,A
338273000,2021-02-21T11:13:05,36.96282,-76.35708,0.0,69.5,337.0,SLNC YORK,IMO9538907,WNCG,70,1,142,23,5.5,70,A
255806078,2021-02-21T11:13:11,36.90935,-76.32718,0.1,306.9,352.0,NORTHERN MAGNUM,IMO9252541,CQIV4,71,5,300,40,11.3,71,A
368445000,2021-02-21T10:59:05,36.96313,-76.42013,0.0,55.8,188.0,OVERSEAS NIKISKI,IMO9353577,WDBH,80,5,183,32,12.2,80,A
366839000,2021-02-21T11:14:16,36.85350,-76.31088,0.0,0.0,40.0,CAPE RISE,IMO7530808,KAFG,70,5,197,32,10.0,,A
428405000,2021-02-21T11:00:34,36.90629,-76.32667,0.0,351.4,351.0,ZIM QINGDAO,IMO9318163,4XFC,71,5,261,32,9.9,71,A
367821000,2021-02-21T11:13:54,36.97283,-76.43371,0.0,0.0,511.0,YANO,IMO7825409,NAQH,70,5,276,32,13.0,70,A
367359930,2021-02-21T11:14:05,36.82419,-76.28914,0.0,252.5,511.0,SUNNY WILLIAMS,,WDE4940,80,0,25,8,,80,A
636092329,2021-02-21T11:14:06,37.24627,-76.11823,0.0,89.2,351.0,BLUMENAU,IMO9605633,D5AL3,70,1,229,32,14.4,,A
367359930,2021-02-21T11:16:25,36.82418,-76.28914,0.0,262.1,511.0,SUNNY WILLIAMS,,WDE4940,80,0,25,8,,80,A
428405000,2021-02-21T11:15:33,36.90625,-76.32668,0.0,351.4,351.0,ZIM QINGDAO,IMO9318163,4XFC,71,5,261,32,9.9,71,A
366839000,2021-02-21T11:17:20,36.85347,-76.31084,0.0,0.0,40.0,CAPE RISE,IMO7530808,KAFG,70,5,197,32,10.0,,A
356590000,2021-02-21T11:18:39,37.12398,-76.13383,8.9,151.1,152.0,UNITED ADVENTURE,IMO9465215,3EXX6,70,0,291,45,18.1,,A
367862000,2021-02-21T11:18:44,36.94818,-76.32973,0.0,35.7,280.0,JOSHUA HUMPHREYS,IMO8302428,NNJH,80,5,193,29,,,A
366839000,2021-02-21T11:02:19,36.85343,-76.31078,0.0,0.0,40.0,CAPE RISE,IMO7530808,KAFG,70,5,197,32,10.0,,A
367359930,2021-02-21T11:17:34,36.82418,-76.28915,0.0,260.7,511.0,SUNNY WILLIAMS,,WDE4940,80,0,25,8,,80,A
428405000,2021-02-21T11:18:34,36.90623,-76.32669,0.0,351.4,351.0,ZIM QINGDAO,IMO9318163,4XFC,71,5,261,32,9.9,71,A
338273000,2021-02-21T11:19:06,36.96285,-76.35703,0.0,69.5,332.0,SLNC YORK,IMO9538907,WNCG,70,1,142,23,5.5,70,A
428405000,2021-02-21T11:03:33,36.90626,-76.32667,0.0,351.4,351.0,ZIM QINGDAO,IMO9318163,4XFC,71,5,261,32,9.9,71,A
255806078,2021-02-21T11:19:14,36.90933,-76.32718,0.1,306.9,352.0,NORTHERN MAGNUM,IMO9252541,CQIV4,71,5,300,40,11.3,71,A
366842000,2021-02-21T11:21:17,36.85385,-76.31118,0.0,0.0,42.0,CAPE RACE,IMO7616377,KAFJ,70,5,197,32,10.0,,A
356590000,2021-02-21T11:04:49,37.15478,-76.15031,8.9,173.5,174.0,UNITED ADVENTURE,IMO9465215,3EXX6,70,0,291,45,18.1,,A
356643000,2021-02-21T11:20:05,36.93628,-76.37862,0.1,77.7,310.0,ARKI,IMO9561801,3ENP3,70,1,170,27,9.7,70,A
356589000,2021-02-21T11:22:14,37.23811,-76.09451,0.1,256.5,336.0,DOUBLE FORTUNE,IMO9574119,3FHZ2,70,1,234,38,14.5,70,A
368026000,2021-02-21T11:20:44,36.86577,-76.31603,0.0,224.2,511.0,BENAVIDEZ,IMO9218210,NBHG,70,5,289,32,10.9,70,A
367359930,2021-02-21T11:20:16,36.82417,-76.28914,0.0,262.2,511.0,SUNNY WILLIAMS,,WDE4940,80,0,25,8,,80,A
636092329,2021-02-21T11:05:05,37.24621,-76.11828,0.0,89.2,353.0,BLUMENAU,IMO9605633,D5AL3,70,1,229,32,14.4,,A
366841000,2021-02-21T11:21:12,36.85325,-76.31059,0.0,0.0,511.0,CAPE RAY,IMO7530810,KAFI,70,5,197,32,10.0,,A
356590000,2021-02-21T11:23:18,37.11388,-76.12672,9.0,150.9,152.0,UNITED ADVENTURE,IMO9465215,3EXX6,70,0,291,45,18.1,,A
367821000,2021-02-21T11:22:54,36.97285,-76.43369,0.0,0.0,511.0,YANO,IMO7825409,NAQH,70,5,276,32,13.0,70,A
367359930,2021-02-21T11:06:56,36.82420,-76.28914,0.0,227.2,511.0,SUNNY WILLIAMS,,WDE4940,80,0,25,8,,80,A
428405000,2021-02-21T11:06:34,36.90626,-76.32668,0.0,351.5,352.0,ZIM QINGDAO,IMO9318163,4XFC,71,5,261,32,9.9,71,A
366842000,2021-02-21T11:24:21,36.85384,-76.31118,0.0,0.0,43.0,CAPE RACE,IMO7616377,KAFJ,70,5,197,32,10.0,,A
338273000,2021-02-21T11:07:06,36.96283,-76.35712,0.0,69.5,339.0,SLNC YORK,IMO9538907,WNCG,70,1,142,23,5.5,70,A
368026000,2021-02-21T11:23:43,36.86576,-76.31604,0.1,224.2,511.0,BENAVIDEZ,IMO9218210,NBHG,70,5,289,32,10.9,70,A
367359930,2021-02-21T11:21:24,36.82417,-76.28912,0.0,260.0,511.0,SUNNY WILLIAMS,,WDE4940,80,0,25,8,,80,A
255806078,2021-02-21T11:25:18,36.90937,-76.32715,0.1,306.9,352.0,NORTHERN MAGNUM,IMO9252541,CQIV4,71,5,300,40,11.3,71,A
366839000,2021-02-21T11:08:12,36.85350,-76.31081,0.0,0.0,40.0,CAPE RISE,IMO7530808,KAFG,70,5,197,32,10.0,,A
367353070,2021-02-21T11:09:04,36.94417,-76.32952,0.0,195.0,267.0,EVERGREEN STATE,IMO9408138,WDE4430,80,5,183,32,11.8,89,A
367359930,2021-02-21T11:23:45,36.82417,-76.28913,0.0,256.8,511.0,SUNNY WILLIAMS,,WDE4940,80,0,25,8,,80,A
477770400,2021-02-21T11:09:30,36.87989,-76.33105,0.0,99.7,96.0,BAO MAY,IMO9410155,VRGV8,70,0,292,45,18.2,70,A
338678000,2021-02-21T11:09:31,36.91627,-76.16849,0.0,261.6,9.0,DOLORES CHOUEST,IMO8225931,WCP8847,70,5,54,12,4.0,35,A
367359930,2021-02-21T11:10:34,36.82418,-76.28915,0.0,232.0,511.0,SUNNY WILLIAMS,,WDE4940,80,0,25,8,,80,A
367862000,2021-02-21T11:24:44,36.94816,-76.32971,0.0,35.7,280.0,JOSHUA HUMPHREYS,IMO8302428,NNJH,80,5,193,29,,,A
367359930,2021-02-21T11:12:55,36.82418,-76.28913,0.0,244.9,511.0,SUNNY WILLIAMS,,WDE4940,80,0,25,8,,80,A
477770400,2021-02-21T11:11:44,36.87989,-76.33103,0.0,99.7,96.0,BAO MAY,IMO9410155,VRGV8,70,5,292,45,18.2,70,A
366841000,2021-02-21T11:12:10,36.85326,-76.31051,0.0,0.0,511.0,CAPE RAY,IMO7530810,KAFI,70,5,197,32,10.0,,A
373765000,2021-02-21T11:12:20,37.26325,-76.10600,0.1,80.0,0.0,AM CONTRECOEUR,IMO9583184,3FBX4,70,1,229,32,14.4,,A
367359930,2021-02-21T11:24:56,36.82418,-76.28914,0.0,258.7,511.0,SUNNY WILLIAMS,,WDE4940,80,0,25,8,,80,A
356590000,2021-02-21T11:15:09,37.13155,-76.13908,8.7,151.3,151.0,UNITED ADVENTURE,IMO9465215,3EXX6,70,0,291,45,18.1,,A
356590000,2021-02-21T11:16:19,37.12905,-76.13735,8.8,151.0,152.0,UNITED ADVENTURE,IMO9465215,3EXX6,70,0,291,45,18.1,,A
366842000,2021-02-21T11:15:17,36.85382,-76.31116,0.0,0.0,42.0,CAPE RACE,IMO7616377,KAFJ,70,5,197,32,10.0,,A
255806078,2021-02-21T11:16:13,36.90942,-76.32718,0.1,306.9,352.0,NORTHERN MAGNUM,IMO9252541,CQIV4,71,5,300,40,11.3,71,A
373765000,2021-02-21T11:15:23,37.26328,-76.10600,0.0,80.0,359.0,AM CONTRECOEUR,IMO9583184,3FBX4,70,1,229,32,14.4,,A
338846000,2021-02-21T11:19:46,36.86561,-76.31583,0.0,0.1,511.0,USNS MENDONCA,IMO9147320,NBMK,70,5,289,32,10.9,,A
356589000,2021-02-21T11:19:13,37.23811,-76.09443,0.0,7.0,336.0,DOUBLE FORTUNE,IMO9574119,3FHZ2,70,1,234,38,14.5,70,A
366839000,2021-02-21T11:20:18,36.85348,-76.31078,0.0,0.0,40.0,CAPE RISE,IMO7530808,KAFG,70,5,197,32,10.0,,A
366839000,2021-02-21T11:23:21,36.85352,-76.31078,0.0,0.0,40.0,CAPE RISE,IMO7530808,KAFG,70,5,197,32,10.0,,A
338273000,2021-02-21T11:22:05,36.96290,-76.35703,0.0,69.5,331.0,SLNC YORK,IMO9538907,WNCG,70,1,142,23,5.5,70,A
367359930,2021-02-21T11:22:35,36.82418,-76.28914,0.0,262.0,511.0,SUNNY WILLIAMS,,WDE4940,80,0,25,8,,80,A
356589000,2021-02-21T11:25:11,37.23808,-76.09462,0.1,198.4,342.0,DOUBLE FORTUNE,IMO9574119,3FHZ2,70,1,234,38,14.5,70,A
477770400,2021-02-21T00:06:00,36.87992,-76.33155,0.0,98.3,96.0,BAO MAY,IMO9410155,VRGV8,70,0,292,45,18.2,70,A
538005622,2021-02-21T00:06:16,36.87957,-76.32623,0.1,140.8,276.0,SASEBO GREEN,IMO9675468,V7FN3,70,5,225,32,14.4,,A
367862000,2021-02-21T00:06:44,36.94806,-76.32970,0.0,35.7,280.0,JOSHUA HUMPHREYS,IMO8302428,NNJH,80,5,193,29,,,A
373765000,2021-02-21T00:06:16,37.26340,-76.10538,0.1,230.7,345.0,AM CONTRECOEUR,IMO9583184,3FBX4,70,1,229,32,14.4,,A
366842000,2021-02-21T00:06:16,36.85382,-76.31119,0.0,0.0,42.0,CAPE RACE,IMO7616377,KAFJ,70,5,197,32,10.0,,A
367359930,2021-02-21T00:08:14,36.82418,-76.28911,0.0,297.1,511.0,SUNNY WILLIAMS,,WDE4940,80,0,25,8,,80,A
367821000,2021-02-21T00:10:53,36.97281,-76.43368,0.0,0.0,511.0,YANO,IMO7825409,NAQH,70,5,276,32,13.0,70,A
367359930,2021-02-21T00:11:34,36.82417,-76.28912,0.0,285.6,511.0,SUNNY WILLIAMS,,WDE4940,80,0,25,8,,80,A
366842000,2021-02-21T00:12:16,36.85383,-76.31121,0.0,0.0,42.0,CAPE RACE,IMO7616377,KAFJ,70,5,197,32,10.0,,A
367359930,2021-02-21T00:16:05,36.82416,-76.28910,0.0,283.0,511.0,SUNNY WILLIAMS,,WDE4940,80,0,25,8,,80,A
356643000,2021-02-21T00:17:06,36.93780,-76.37761,0.0,22.7,269.0,ARKI,IMO9561801,3ENP3,70,1,170,27,9.7,70,A
538005972,2021-02-21T00:17:01,36.82362,-76.29102,3.6,350.0,345.0,AUCKLAND SPIRIT,IMO9268083,V7IP8,70,0,171,27,10.4,,A
367822000,2021-02-21T00:17:08,36.97311,-76.43387,0.0,0.0,511.0,USNS SHUGHART,IMO7825394,NAOQ,70,5,276,32,13.0,70,A
367359930,2021-02-21T00:18:25,36.82417,-76.28910,0.1,287.1,511.0,SUNNY WILLIAMS,,WDE4940,80,0,25,8,,80,A
538005972,2021-02-21T00:19:21,36.82573,-76.29183,3.3,335.0,333.0,AUCKLAND SPIRIT,IMO9268083,V7IP8,70,0,171,27,10.4,,A
636092329,2021-02-21T00:23:01,37.24713,-76.11718,0.0,255.6,340.0,BLUMENAU,IMO9605633,D5AL3,70,1,229,32,14.4,,A
477770400,2021-02-21T00:22:00,36.87992,-76.33155,0.0,98.3,96.0,BAO MAY,IMO9410155,VRGV8,70,0,292,45,18.2,70,A
366841000,2021-02-21T00:24:07,36.85328,-76.31052,0.0,0.0,511.0,CAPE RAY,IMO7530810,KAFI,70,5,197,32,10.0,,A
366841000,2021-02-21T00:27:08,36.85329,-76.31053,0.0,0.0,511.0,CAPE RAY,IMO7530810,KAFI,70,5,197,32,10.0,,A
368445000,2021-02-21T00:20:05,36.96310,-76.42012,0.0,55.8,188.0,OVERSEAS NIKISKI,IMO9353577,WDBH,80,5,183,32,12.2,80,A
538005622,2021-02-21T00:21:16,36.87956,-76.32626,0.1,152.8,276.0,SASEBO GREEN,IMO9675468,V7FN3,70,5,225,32,14.4,,A
368445000,2021-02-21T00:23:04,36.96306,-76.42013,0.0,55.8,188.0,OVERSEAS NIKISKI,IMO9353577,WDBH,80,5,183,32,12.2,80,A
373765000,2021-02-21T00:27:18,37.26338,-76.10549,0.0,230.7,349.0,AM CONTRECOEUR,IMO9583184,3FBX4,70,1,229,32,14.4,,A
356643000,2021-02-21T00:29:06,36.93794,-76.37763,0.2,7.4,270.0,ARKI,IMO9561801,3ENP3,70,1,170,27,9.7,70,A
368445000,2021-02-21T00:26:05,36.96308,-76.42010,0.0,55.8,188.0,OVERSEAS NIKISKI,IMO9353577,WDBH,80,5,183,32,12.2,80,A
367353070,2021-02-21T00:30:01,36.94422,-76.32952,0.0,144.0,267.0,EVERGREEN STATE,IMO9408138,WDE4430,80,5,183,32,11.8,89,A
367821000,2021-02-21T00:31:53,36.97284,-76.43367,0.0,0.0,511.0,YANO,IMO7825409,NAQH,70,5,276,32,13.0,70,A
428405000,2021-02-21T00:30:35,36.90626,-76.32672,0.0,351.6,352.0,ZIM QINGDAO,IMO9318163,4XFC,71,5,261,32,9.9,71,A
636092329,2021-02-21T00:35:03,37.24713,-76.11724,0.1,255.6,340.0,BLUMENAU,IMO9605633,D5AL3,70,1,229,32,14.4,,A
356589000,2021-02-21T00:37:11,37.23815,-76.09446,0.1,200.2,339.0,DOUBLE FORTUNE,IMO9574119,3FHZ2,70,1,234,38,14.5,70,A
367359930,2021-02-21T00:34:46,36.82416,-76.28912,0.0,305.9,511.0,SUNNY WILLIAMS,,WDE4940,80,0,25,8,,80,A
311045300,2021-02-21T00:34:19,37.04797,-76.07610,14.9,323.0,322.0,NEPTUNE ACE,IMO9584059,C6YU3,70,0,199,32,9.8,79,A
368445000,2021-02-21T00:29:05,36.96310,-76.42013,0.0,55.8,188.0,OVERSEAS NIKISKI,IMO9353577,WDBH,80,5,183,32,12.2,80,A
428405000,2021-02-21T00:36:34,36.90626,-76.32669,0.0,351.6,352.0,ZIM QINGDAO,IMO9318163,4XFC,71,5,261,32,9.9,71,A
477770400,2021-02-21T00:35:59,36.87994,-76.33154,0.0,98.3,96.0,BAO MAY,IMO9410155,VRGV8,70,0,292,45,18.2,70,A
366841000,2021-02-21T00:36:08,36.85329,-76.31052,0.0,0.0,511.0,CAPE RAY,IMO7530810,KAFI,70,5,197,32,10.0,,A
366841000,2021-02-21T00:39:09,36.85328,-76.31054,0.0,0.0,511.0,CAPE RAY,IMO7530810,KAFI,70,5,197,32,10.0,,A
477770400,2021-02-21T00:38:18,36.87994,-76.33156,0.0,98.3,96.0,BAO MAY,IMO9410155,VRGV8,70,0,292,45,18.2,70,A
338273000,2021-02-21T00:40:05,36.96370,-76.35626,0.0,24.2,275.0,SLNC YORK,IMO9538907,WNCG,70,1,142,23,5.5,70,A
311045300,2021-02-21T00:42:00,37.07522,-76.09945,15.5,330.0,330.0,NEPTUNE ACE,IMO9584059,C6YU3,70,0,199,32,9.8,79,A
477950300,2021-02-21T00:42:33,36.87517,-76.34931,0.0,150.7,347.0,COSCO DEVELOPMENT,IMO9472139,VRIZ9,70,5,366,48,15.5,70,A
428405000,2021-02-21T00:39:35,36.90626,-76.32668,0.0,351.6,352.0,ZIM QINGDAO,IMO9318163,4XFC,71,5,261,32,9.9,71,A
366841000,2021-02-21T00:42:07,36.85329,-76.31050,0.0,0.0,511.0,CAPE RAY,IMO7530810,KAFI,70,5,197,32,10.0,,A
538005972,2021-02-21T00:44:01,36.85278,-76.30495,7.0,313.0,312.0,AUCKLAND SPIRIT,IMO9268083,V7IP8,70,0,171,27,10.4,,A
538005972,2021-02-21T00:45:10,36.85433,-76.30712,7.5,310.0,310.0,AUCKLAND SPIRIT,IMO9268083,V7IP8,70,0,171,27,10.4,,A
368445000,2021-02-21T00:38:05,36.96310,-76.42014,0.0,55.8,188.0,OVERSEAS NIKISKI,IMO9353577,WDBH,80,5,183,32,12.2,80,A
367822000,2021-02-21T00:44:10,36.97310,-76.43388,0.0,0.0,511.0,USNS SHUGHART,IMO7825394,NAOQ,70,5,276,32,13.0,70,A
477770400,2021-02-21T00:47:30,36.87993,-76.33155,0.0,98.3,96.0,BAO MAY,IMO9410155,VRGV8,70,0,292,45,18.2,70,A
367822000,2021-02-21T00:50:09,36.97309,-76.43388,0.0,0.0,511.0,USNS SHUGHART,IMO7825394,NAOQ,70,5,276,32,13.0,70,A
636092329,2021-02-21T00:47:04,37.24710,-76.11737,0.0,255.6,342.0,BLUMENAU,IMO9605633,D5AL3,70,1,229,32,14.4,,A
367359930,2021-02-21T00:50:15,36.82418,-76.28911,0.0,263.5,511.0,SUNNY WILLIAMS,,WDE4940,80,0,25,8,,80,A
367359930,2021-02-21T00:51:34,36.82417,-76.28911,0.0,262.0,511.0,SUNNY WILLIAMS,,WDE4940,80,0,25,8,,80,A
356589000,2021-02-21T00:49:11,37.23804,-76.09456,0.1,93.9,345.0,DOUBLE FORTUNE,IMO9574119,3FHZ2,70,1,234,38,14.5,70,A
311045300,2021-02-21T00:48:30,37.09977,-76.11662,15.5,329.0,329.0,NEPTUNE ACE,IMO9584059,C6YU3,70,0,199,32,9.8,79,A
477770400,2021-02-21T00:53:20,36.87994,-76.33154,0.0,98.3,96.0,BAO MAY,IMO9410155,VRGV8,70,0,292,45,18.2,70,A
367359930,2021-02-21T00:53:56,36.82419,-76.28910,0.0,271.9,511.0,SUNNY WILLIAMS,,WDE4940,80,0,25,8,,80,A
477770400,2021-02-21T00:55:40,36.87993,-76.33156,0.0,98.3,96.0,BAO MAY,IMO9410155,VRGV8,70,0,292,45,18.2,70,A
538005622,2021-02-21T00:48:16,36.87955,-76.32622,0.1,132.2,276.0,SASEBO GREEN,IMO9675468,V7FN3,70,5,225,32,14.4,,A
373765000,2021-02-21T00:57:19,37.26339,-76.10547,0.1,230.7,346.0,AM CONTRECOEUR,IMO9583184,3FBX4,70,1,229,32,14.4,,A
367359930,2021-02-21T00:57:26,36.82416,-76.28912,0.0,276.9,511.0,SUNNY WILLIAMS,,WDE4940,80,0,25,8,,80,A
368026000,2021-02-21T00:56:43,36.86576,-76.31604,0.0,224.2,511.0,BENAVIDEZ,IMO9218210,NBHG,70,5,289,32,10.9,70,A
477770400,2021-02-21T00:59:09,36.87993,-76.33154,0.0,98.3,96.0,BAO MAY,IMO9410155,VRGV8,70,0,292,45,18.2,70,A
366841000,2021-02-21T00:57:08,36.85331,-76.31051,0.0,0.0,511.0,CAPE RAY,IMO7530810,KAFI,70,5,197,32,10.0,,A
538005972,2021-02-21T00:58:51,36.87967,-76.33380,9.5,351.0,351.0,AUCKLAND SPIRIT,IMO9268083,V7IP8,70,0,171,27,10.4,,A
366841000,2021-02-21T01:00:04,36.85328,-76.31053,0.0,0.0,511.0,CAPE RAY,IMO7530810,KAFI,70,5,197,32,10.0,,A
367865000,2021-02-21T01:02:18,36.88690,-76.33853,0.0,286.4,11.0,KANAWHA,IMO8704080,NPTD,80,5,206,29,,,A
373765000,2021-02-21T01:00:16,37.26337,-76.10547,0.1,230.7,345.0,AM CONTRECOEUR,IMO9583184,3FBX4,70,1,229,32,14.4,,A
311045300,2021-02-21T01:02:13,37.15233,-76.14990,15.6,354.0,353.0,NEPTUNE ACE,IMO9584059,C6YU3,70,0,199,32,9.8,79,A
367359930,2021-02-21T01:02:24,36.82419,-76.28912,0.0,276.8,511.0,SUNNY WILLIAMS,,WDE4940,80,0,25,8,,80,A
367353070,2021-02-21T01:00:01,36.94417,-76.32952,0.0,144.0,267.0,EVERGREEN STATE,IMO9408138,WDE4430,80,5,183,32,11.8,89,A
477770400,2021-02-21T01:01:19,36.87995,-76.33155,0.0,98.3,96.0,BAO MAY,IMO9410155,VRGV8,70,0,292,45,18.2,70,A
477770400,2021-02-21T01:02:40,36.87994,-76.33155,0.0,98.3,96.0,BAO MAY,IMO9410155,VRGV8,70,0,292,45,18.2,70,A
367865000,2021-02-21T01:05:19,36.88687,-76.33855,0.0,286.4,11.0,KANAWHA,IMO8704080,NPTD,80,5,206,29,,,A
356643000,2021-02-21T01:05:05,36.93826,-76.37772,0.0,7.9,259.0,ARKI,IMO9561801,3ENP3,70,1,170,27,9.7,70,A
367862000,2021-02-21T01:03:44,36.94815,-76.32978,0.0,35.7,280.0,JOSHUA HUMPHREYS,IMO8302428,NNJH,80,5,193,29,,,A
366841000,2021-02-21T01:03:09,36.85326,-76.31055,0.0,0.0,511.0,CAPE RAY,IMO7530810,KAFI,70,5,197,32,10.0,,A
366841000,2021-02-21T01:06:06,36.85329,-76.31050,0.0,0.0,511.0,CAPE RAY,IMO7530810,KAFI,70,5,197,32,10.0,,A
477770400,2021-02-21T01:04:50,36.87994,-76.33156,0.0,98.3,96.0,BAO MAY,IMO9410155,VRGV8,70,0,292,45,18.2,70,A
338273000,2021-02-21T01:07:05,36.96371,-76.35631,0.0,24.2,274.0,SLNC YORK,IMO9538907,WNCG,70,1,142,23,5.5,70,A
311045300,2021-02-21T01:05:24,37.16600,-76.15222,15.4,351.0,350.0,NEPTUNE ACE,IMO9584059,C6YU3,70,0,199,32,9.8,79,A
366842000,2021-02-21T01:06:18,36.85382,-76.31122,0.0,0.0,42.0,CAPE RACE,IMO7616377,KAFJ,70,5,197,32,10.0,,A
367353070,2021-02-21T01:09:03,36.94417,-76.32948,0.0,144.0,267.0,EVERGREEN STATE,IMO9408138,WDE4430,80,5,183,32,11.8,89,A
477770400,2021-02-21T01:07:09,36.87993,-76.33154,0.0,98.3,96.0,BAO MAY,IMO9410155,VRGV8,70,0,292,45,18.2,70,A
367359930,2021-02-21T01:05:54,36.82419,-76.28912,0.0,278.5,511.0,SUNNY WILLIAMS,,WDE4940,80,0,25,8,,80,A
356643000,2021-02-21T01:08:04,36.93826,-76.37772,0.0,7.9,258.0,ARKI,IMO9561801,3ENP3,70,1,170,27,9.7,70,A
255806078,2021-02-21T01:08:52,36.90937,-76.32720,0.1,306.9,352.0,NORTHERN MAGNUM,IMO9252541,CQIV4,71,5,300,40,11.3,71,A
311045300,2021-02-21T01:09:43,37.18468,-76.15465,15.8,356.0,356.0,NEPTUNE ACE,IMO9584059,C6YU3,70,0,199,32,9.8,79,A
636092329,2021-02-21T01:14:03,37.24663,-76.11802,0.0,213.5,348.0,BLUMENAU,IMO9605633,D5AL3,70,1,229,32,14.4,,A
477770400,2021-02-21T01:11:38,36.87990,-76.33154,0.0,98.3,96.0,BAO MAY,IMO9410155,VRGV8,70,0,292,45,18.2,70,A
367865000,2021-02-21T01:11:19,36.88694,-76.33854,0.0,286.4,11.0,KANAWHA,IMO8704080,NPTD,80,5,206,29,,,A
367353070,2021-02-21T01:12:01,36.94417,-76.32948,0.0,144.0,267.0,EVERGREEN STATE,IMO9408138,WDE4430,80,5,183,32,11.8,89,A
338846000,2021-02-21T01:13:46,36.86558,-76.31583,0.0,0.1,511.0,USNS MENDONCA,IMO9147320,NBMK,70,5,289,32,10.9,,A
367821000,2021-02-21T01:13:53,36.97286,-76.43365,0.0,0.0,511.0,YANO,IMO7825409,NAQH,70,5,276,32,13.0,70,A
428405000,2021-02-21T01:15:33,36.90623,-76.32672,0.0,351.4,351.0,ZIM QINGDAO,IMO9318163,4XFC,71,5,261,32,9.9,71,A
311045300,2021-02-21T01:17:19,37.21667,-76.14292,15.5,17.0,15.0,NEPTUNE ACE,IMO9584059,C6YU3,70,0,199,32,9.8,79,A
338678000,2021-02-21T01:18:30,36.91620,-76.16847,0.0,290.5,10.0,DOLORES CHOUEST,IMO8225931,WCP8847,70,5,54,12,4.0,35,A
368026000,2021-02-21T01:17:44,36.86575,-76.31603,0.0,224.2,511.0,BENAVIDEZ,IMO9218210,NBHG,70,5,289,32,10.9,70,A
477950300,2021-02-21T01:18:33,36.87517,-76.34933,0.0,234.9,347.0,COSCO DEVELOPMENT,IMO9472139,VRIZ9,70,5,366,48,15.5,70,A
636013980,2021-02-21T01:17:14,37.04653,-76.07487,10.2,320.0,323.0,KM MT JADE,IMO9359545,A8QP7,70,0,224,32,14.4,70,A
538005972,2021-02-21T01:22:00,36.94322,-76.33625,10.1,3.0,1.0,AUCKLAND SPIRIT,IMO9268083,V7IP8,70,0,171,27,10.4,,A
428405000,2021-02-21T01:18:34,36.90618,-76.32664,0.0,351.4,351.0,ZIM QINGDAO,IMO9318163,4XFC,71,5,261,32,9.9,71,A
368026000,2021-02-21T01:20:45,36.86578,-76.31603,0.0,224.2,511.0,BENAVIDEZ,IMO9218210,NBHG,70,5,289,32,10.9,70,A
366842000,2021-02-21T01:21:13,36.85381,-76.31115,0.0,0.0,42.0,CAPE RACE,IMO7616377,KAFJ,70,5,197,32,10.0,,A
367822000,2021-02-21T01:23:10,36.97309,-76.43386,0.0,0.0,511.0,USNS SHUGHART,IMO7825394,NAOQ,70,5,276,32,13.0,70,A
538005622,2021-02-21T01:18:16,36.87957,-76.32625,0.0,264.9,276.0,SASEBO GREEN,IMO9675468,V7FN3,70,5,225,32,14.4,,A
373765000,2021-02-21T01:21:20,37.26331,-76.10581,0.1,230.7,351.0,AM CONTRECOEUR,IMO9583184,3FBX4,70,1,229,32,14.4,,A
636092329,2021-02-21T01:23:04,37.24666,-76.11816,0.1,213.5,346.0,BLUMENAU,IMO9605633,D5AL3,70,1,229,32,14.4,,A
366839000,2021-02-21T01:23:16,36.85348,-76.31078,0.0,0.0,40.0,CAPE RISE,IMO7530808,KAFG,70,5,197,32,10.0,,A
477950300,2021-02-21T01:24:32,36.87515,-76.34936,0.0,234.9,347.0,COSCO DEVELOPMENT,IMO9472139,VRIZ9,70,5,366,48,15.5,70,A
367359930,2021-02-21T01:23:44,36.82420,-76.28913,0.0,308.7,511.0,SUNNY WILLIAMS,,WDE4940,80,0,25,8,,80,A
367359930,2021-02-21T01:26:06,36.82420,-76.28912,0.0,311.1,511.0,SUNNY WILLIAMS,,WDE4940,80,0,25,8,,80,A
311045300,2021-02-21T01:28:25,37.26245,-76.12455,15.4,19.0,17.0,NEPTUNE ACE,IMO9584059,C6YU3,70,0,199,32,9.8,79,A
367822000,2021-02-21T01:26:09,36.97308,-76.43387,0.0,0.0,511.0,USNS SHUGHART,IMO7825394,NAOQ,70,5,276,32,13.0,70,A
636013980,2021-02-21T01:29:43,37.07645,-76.09988,10.5,330.0,330.0,KM MT JADE,IMO9359545,A8QP7,70,0,224,32,14.4,70,A
373124000,2021-02-21T01:28:21,37.27784,-76.11986,17.7,198.9,201.0,MSC IMMACOLATA,IMO9463205,3FLQ2,70,0,199,32,11.2,,A
368445000,2021-02-21T01:23:04,36.96311,-76.42014,0.0,55.8,188.0,OVERSEAS NIKISKI,IMO9353577,WDBH,80,5,183,32,12.2,80,A
367359930,2021-02-21T01:32:45,36.82421,-76.28914,0.0,310.7,511.0,SUNNY WILLIAMS,,WDE4940,80,0,25,8,,80,A
311045300,2021-02-21T01:30:49,37.27220,-76.12040,15.2,17.0,15.0,NEPTUNE ACE,IMO9584059,C6YU3,70,0,199,32,9.8,79,A
538005972,2021-02-21T01:33:42,36.97602,-76.32795,11.0,43.0,45.0,AUCKLAND SPIRIT,IMO9268083,V7IP8,70,0,171,27,10.4,,A
366839000,2021-02-21T01:32:10,36.85348,-76.31082,0.0,0.0,40.0,CAPE RISE,IMO7530808,KAFG,70,5,197,32,10.0,,A
368026000,2021-02-21T01:32:44,36.86577,-76.31605,0.0,224.2,511.0,BENAVIDEZ,IMO9218210,NBHG,70,5,289,32,10.9,70,A
538005622,2021-02-21T01:27:16,36.87952,-76.32623,0.0,264.9,276.0,SASEBO GREEN,IMO9675468,V7FN3,70,5,225,32,14.4,,A
367353070,2021-02-21T01:33:04,36.94420,-76.32948,0.0,144.0,267.0,EVERGREEN STATE,IMO9408138,WDE4430,80,5,183,32,11.8,89,A
367822000,2021-02-21T01:38:09,36.97309,-76.43387,0.0,0.0,511.0,USNS SHUGHART,IMO7825394,NAOQ,70,5,276,32,13.0,70,A
367359930,2021-02-21T01:38:44,36.82420,-76.28914,0.0,308.3,511.0,SUNNY WILLIAMS,,WDE4940,80,0,25,8,,80,A
373124000,2021-02-21T01:37:27,37.23425,-76.13661,18.1,197.7,199.0,MSC IMMACOLATA,IMO9463205,3FLQ2,70,0,199,32,11.2,,A
477770400,2021-02-21T01:38:10,36.87994,-76.33158,0.0,98.3,96.0,BAO MAY,IMO9410155,VRGV8,70,0,292,45,18.2,70,A
428405000,2021-02-21T01:36:34,36.90641,-76.32667,0.0,351.5,352.0,ZIM QINGDAO,IMO9318163,4XFC,71,5,261,32,9.9,71,A
367353070,2021-02-21T01:42:01,36.94422,-76.32947,0.0,144.0,267.0,EVERGREEN STATE,IMO9408138,WDE4430,80,5,183,32,11.8,89,A
366841000,2021-02-21T01:39:07,36.85327,-76.31055,0.0,0.0,511.0,CAPE RAY,IMO7530810,KAFI,70,5,197,32,10.0,,A
538005972,2021-02-21T01:41:51,36.99318,-76.30377,11.9,54.0,55.0,AUCKLAND SPIRIT,IMO9268083,V7IP8,70,0,171,27,10.4,,A
367359930,2021-02-21T01:41:04,36.82420,-76.28914,0.0,307.6,511.0,SUNNY WILLIAMS,,WDE4940,80,0,25,8,,80,A
373124000,2021-02-21T01:40:40,37.21888,-76.14289,18.0,197.9,199.0,MSC IMMACOLATA,IMO9463205,3FLQ2,70,0,199,32,11.2,,A
636013980,2021-02-21T01:43:44,37.11150,-76.12535,10.4,331.0,331.0,KM MT JADE,IMO9359545,A8QP7,70,0,224,32,14.4,70,A
636013980,2021-02-21T01:44:54,37.11437,-76.12737,10.4,331.0,331.0,KM MT JADE,IMO9359545,A8QP7,70,0,224,32,14.4,70,A
477950300,2021-02-21T01:42:33,36.87518,-76.34933,0.0,199.6,347.0,COSCO DEVELOPMENT,IMO9472139,VRIZ9,70,5,366,48,15.5,70,A
367822000,2021-02-21T01:44:09,36.97309,-76.43388,0.0,0.0,511.0,USNS SHUGHART,IMO7825394,NAOQ,70,5,276,32,13.0,70,A
338273000,2021-02-21T01:46:04,36.96426,-76.35664,0.0,24.2,262.0,SLNC YORK,IMO9538907,WNCG,70,1,142,23,5.5,70,A
367359930,2021-02-21T01:45:55,36.82422,-76.28914,0.0,292.0,511.0,SUNNY WILLIAMS,,WDE4940,80,0,25,8,,80,A
538005972,2021-02-21T01:45:20,36.99945,-76.29128,12.2,57.0,55.0,AUCKLAND SPIRIT,IMO9268083,V7IP8,70,0,171,27,10.4,,A
367865000,2021-02-21T01:44:18,36.88692,-76.33854,0.0,286.4,11.0,KANAWHA,IMO8704080,NPTD,80,5,206,29,,,A
636013980,2021-02-21T01:48:24,37.12318,-76.13347,10.3,331.0,331.0,KM MT JADE,IMO9359545,A8QP7,70,0,224,32,14.4,70,A
311045300,2021-02-21T01:47:19,37.33817,-76.08667,15.5,22.0,21.0,NEPTUNE ACE,IMO9584059,C6YU3,70,0,199,32,9.8,79,A
367862000,2021-02-21T01:48:44,36.94810,-76.32978,0.0,35.7,280.0,JOSHUA HUMPHREYS,IMO8302428,NNJH,80,5,193,29,,,A
538005972,2021-02-21T01:51:21,37.00638,-76.26760,12.1,74.0,74.0,AUCKLAND SPIRIT,IMO9268083,V7IP8,70,0,171,27,10.4,,A
367359930,2021-02-21T01:48:26,36.82423,-76.28913,0.0,297.5,511.0,SUNNY WILLIAMS,,WDE4940,80,0,25,8,,80,A
367359930,2021-02-21T01:54:15,36.82421,-76.28913,0.0,320.2,511.0,SUNNY WILLIAMS,,WDE4940,80,0,25,8,,80,A
477770400,2021-02-21T01:50:39,36.87991,-76.33154,0.0,98.3,96.0,BAO MAY,IMO9410155,VRGV8,70,0,292,45,18.2,70,A
356643000,2021-02-21T01:53:05,36.93822,-76.37769,0.0,168.3,257.0,ARKI,IMO9561801,3ENP3,70,1,170,27,9.7,70,A
636013980,2021-02-21T01:50:45,37.12905,-76.13758,10.3,330.0,332.0,KM MT JADE,IMO9359545,A8QP7,70,0,224,32,14.4,70,A
338678000,2021-02-21T01:54:30,36.91633,-76.16847,0.0,325.1,9.0,DOLORES CHOUEST,IMO8225931,WCP8847,70,5,54,12,4.0,35,A
367862000,2021-02-21T01:51:44,36.94812,-76.32977,0.0,35.7,280.0,JOSHUA HUMPHREYS,IMO8302428,NNJH,80,5,193,29,,,A
356589000,2021-02-21T01:49:12,37.23798,-76.09486,0.0,282.2,352.0,DOUBLE FORTUNE,IMO9574119,3FHZ2,70,1,234,38,14.5,70,A
255806078,2021-02-21T01:54:11,36.90937,-76.32720,0.1,306.9,352.0,NORTHERN MAGNUM,IMO9252541,CQIV4,71,5,300,40,11.3,71,A
538005972,2021-02-21T01:53:40,37.00725,-76.25812,11.9,89.0,89.0,AUCKLAND SPIRIT,IMO9268083,V7IP8,70,0,171,27,10.4,,A
538005972,2021-02-21T01:56:01,37.00727,-76.24833,11.9,90.0,89.0,AUCKLAND SPIRIT,IMO9268083,V7IP8,70,0,171,27,10.4,,A
367353070,2021-02-21T01:57:01,36.94420,-76.32945,0.0,144.0,267.0,EVERGREEN STATE,IMO9408138,WDE4430,80,5,183,32,11.8,89,A
428405000,2021-02-21T01:57:34,36.90624,-76.32668,0.0,351.6,352.0,ZIM QINGDAO,IMO9318163,4XFC,71,5,261,32,9.9,71,A
477770400,2021-02-21T01:57:29,36.87992,-76.33156,0.0,98.3,96.0,BAO MAY,IMO9410155,VRGV8,70,0,292,45,18.2,70,A
538005972,2021-02-21T02:02:21,37.00287,-76.22280,12.0,106.0,105.0,AUCKLAND SPIRIT,IMO9268083,V7IP8,70,0,171,27,10.4,,A
356589000,2021-02-21T02:04:13,37.23801,-76.09482,0.1,79.9,352.0,DOUBLE FORTUNE,IMO9574119,3FHZ2,70,1,234,38,14.5,70,A
428405000,2021-02-21T02:06:33,36.90624,-76.32681,0.0,351.6,352.0,ZIM QINGDAO,IMO9318163,4XFC,71,5,261,32,9.9,71,A
477770400,2021-02-21T02:03:19,36.87993,-76.33155,0.0,98.3,96.0,BAO MAY,IMO9410155,VRGV8,70,0,292,45,18.2,70,A
636013980,2021-02-21T02:05:45,37.16923,-76.15207,10.4,352.0,351.0,KM MT JADE,IMO9359545,A8QP7,70,0,224,32,14.4,70,A
636013980,2021-02-21T02:08:04,37.17590,-76.15320,10.6,351.0,351.0,KM MT JADE,IMO9359545,A8QP7,70,0,224,32,14.4,70,A
366842000,2021-02-21T02:06:13,36.85381,-76.31115,0.0,0.0,42.0,CAPE RACE,IMO7616377,KAFJ,70,5,197,32,10.0,,A
367359930,2021-02-21T02:07:06,36.82420,-76.28914,0.0,11.8,511.0,SUNNY WILLIAMS,,WDE4940,80,0,25,8,,80,A
477770400,2021-02-21T02:06:39,36.87993,-76.33157,0.0,98.3,96.0,BAO MAY,IMO9410155,VRGV8,70,0,292,45,18.2,70,A
477950300,2021-02-21T02:06:32,36.87507,-76.34933,0.0,350.1,347.0,COSCO DEVELOPMENT,IMO9472139,VRIZ9,70,5,366,48,15.5,70,A
366839000,2021-02-21T02:08:12,36.85344,-76.31091,0.0,0.0,40.0,CAPE RISE,IMO7530808,KAFG,70,5,197,32,10.0,,A
338678000,2021-02-21T02:09:30,36.91621,-76.16847,0.0,349.7,10.0,DOLORES CHOUEST,IMO8225931,WCP8847,70,5,54,12,4.0,35,A
373124000,2021-02-21T02:10:56,37.07968,-76.10304,18.1,150.3,149.0,MSC IMMACOLATA,IMO9463205,3FLQ2,70,0,199,32,11.2,,A
477950300,2021-02-21T02:12:32,36.87513,-76.34927,0.0,350.1,347.0,COSCO DEVELOPMENT,IMO9472139,VRIZ9,70,5,366,48,15.5,70,A
303210000,2021-02-21T02:10:53,37.32942,-76.09460,18.8,209.4,210.0,PATRIOT,IMO9316139,WAIU,70,0,199,32,11.3,,A
367359930,2021-02-21T02:12:54,36.82418,-76.28914,0.0,26.7,511.0,SUNNY WILLIAMS,,WDE4940,80,0,25,8,,80,A
538005972,2021-02-21T02:14:01,36.99162,-76.17602,11.8,107.0,106.0,AUCKLAND SPIRIT,IMO9268083,V7IP8,70,0,171,27,10.4,,A
366839000,2021-02-21T02:11:12,36.85348,-76.31081,0.0,0.0,40.0,CAPE RISE,IMO7530808,KAFG,70,5,197,32,10.0,,A
367862000,2021-02-21T02:15:45,36.94813,-76.32983,0.0,35.7,280.0,JOSHUA HUMPHREYS,IMO8302428,NNJH,80,5,193,29,,,A
428405000,2021-02-21T02:18:33,36.90623,-76.32670,0.0,351.5,352.0,ZIM QINGDAO,IMO9318163,4XFC,71,5,261,32,9.9,71,A
338273000,2021-02-21T02:19:05,36.96433,-76.35670,0.0,24.2,248.0,SLNC YORK,IMO9538907,WNCG,70,1,142,23,5.5,70,A
538005972,2021-02-21T02:21:10,36.98332,-76.14810,12.1,111.0,109.0,AUCKLAND SPIRIT,IMO9268083,V7IP8,70,0,171,27,10.4,,A
303210000,2021-02-21T02:13:05,37.31921,-76.10146,18.8,203.1,203.0,PATRIOT,IMO9316139,WAIU,70,0,199,32,11.3,,A
356643000,2021-02-21T02:17:06,36.93822,-76.37769,0.0,334.4,256.0,ARKI,IMO9561801,3ENP3,70,1,170,27,9.7,70,A
367865000,2021-02-21T02:20:18,36.88695,-76.33858,0.0,286.4,11.0,KANAWHA,IMO8704080,NPTD,80,5,206,29,,,A
338678000,2021-02-21T02:18:30,36.91627,-76.16842,0.0,309.3,10.0,DOLORES CHOUEST,IMO8225931,WCP8847,70,5,54,12,4.0,35,A
477950300,2021-02-21T02:21:33,36.87520,-76.34932,0.0,213.9,347.0,COSCO DEVELOPMENT,IMO9472139,VRIZ9,70,5,366,48,15.5,70,A
367359930,2021-02-21T02:19:44,36.82420,-76.28913,0.0,33.7,511.0,SUNNY WILLIAMS,,WDE4940,80,0,25,8,,80,A
366839000,2021-02-21T02:23:13,36.85347,-76.31078,0.0,0.0,40.0,CAPE RISE,IMO7530808,KAFG,70,5,197,32,10.0,,A
366842000,2021-02-21T02:21:14,36.85382,-76.31121,0.0,0.0,42.0,CAPE RACE,IMO7616377,KAFJ,70,5,197,32,10.0,,A
368445000,2021-02-21T02:17:05,36.96303,-76.42017,0.0,55.8,188.0,OVERSEAS NIKISKI,IMO9353577,WDBH,80,5,183,32,12.2,80,A
538005972,2021-02-21T02:23:31,36.98047,-76.13875,12.0,110.0,106.0,AUCKLAND SPIRIT,IMO9268083,V7IP8,70,0,171,27,10.4,,A
538005972,2021-02-21T02:24:41,36.97923,-76.13423,12.0,107.0,104.0,AUCKLAND SPIRIT,IMO9268083,V7IP8,70,0,171,27,10.4,,A
368026000,2021-02-21T02:23:44,36.86576,-76.31605,0.0,224.2,511.0,BENAVIDEZ,IMO9218210,NBHG,70,5,289,32,10.9,70,A
367359930,2021-02-21T02:24:25,36.82423,-76.28913,0.0,3.7,511.0,SUNNY WILLIAMS,,WDE4940,80,0,25,8,,80,A
538005972,2021-02-21T02:28:01,36.97585,-76.12088,12.2,107.0,103.0,AUCKLAND SPIRIT,IMO9268083,V7IP8,70,0,171,27,10.4,,A
428405000,2021-02-21T02:24:35,36.90625,-76.32670,0.0,351.5,352.0,ZIM QINGDAO,IMO9318163,4XFC,71,5,261,32,9.9,71,A
636013980,2021-02-21T02:28:44,37.23433,-76.13532,10.6,18.0,17.0,KM MT JADE,IMO9359545,A8QP7,70,0,224,32,14.4,70,A
636013980,2021-02-21T02:29:53,37.23758,-76.13378,10.9,20.0,17.0,KM MT JADE,IMO9359545,A8QP7,70,0,224,32,14.4,70,A
367862000,2021-02-21T02:27:44,36.94820,-76.32979,0.0,35.7,280.0,JOSHUA HUMPHREYS,IMO8302428,NNJH,80,5,193,29,,,A
356643000,2021-02-21T02:29:07,36.93823,-76.37770,0.1,348.8,257.0,ARKI,IMO9561801,3ENP3,70,1,170,27,9.7,70,A
367359930,2021-02-21T02:29:06,36.82418,-76.28915,0.0,355.7,511.0,SUNNY WILLIAMS,,WDE4940,80,0,25,8,,80,A
255806078,2021-02-21T02:30:26,36.90942,-76.32718,0.1,306.9,352.0,NORTHERN MAGNUM,IMO9252541,CQIV4,71,5,300,40,11.3,71,A
366841000,2021-02-21T02:30:03,36.85328,-76.31052,0.0,0.0,511.0,CAPE RAY,IMO7530810,KAFI,70,5,197,32,10.0,,A
538005972,2021-02-21T02:31:31,36.97217,-76.10663,12.4,107.0,104.0,AUCKLAND SPIRIT,IMO9268083,V7IP8,70,0,171,27,10.4,,A
477770400,2021-02-21T02:28:29,36.87995,-76.33154,0.0,98.3,96.0,BAO MAY,IMO9410155,VRGV8,70,0,292,45,18.2,70,A
368026000,2021-02-21T02:29:44,36.86576,-76.31605,0.1,224.2,511.0,BENAVIDEZ,IMO9218210,NBHG,70,5,289,32,10.9,70,A
367865000,2021-02-21T02:32:19,36.88699,-76.33861,0.0,286.4,11.0,KANAWHA,IMO8704080,NPTD,80,5,206,29,,,A
303210000,2021-02-21T02:28:29,37.24354,-76.13332,18.3,197.5,197.0,PATRIOT,IMO9316139,WAIU,70,0,199,32,11.3,,A
538005622,2021-02-21T02:30:16,36.87958,-76.32628,0.1,357.9,277.0,SASEBO GREEN,IMO9675468,V7FN3,70,5,225,32,14.4,,A
366842000,2021-02-21T02:30:13,36.85387,-76.31118,0.0,0.0,42.0,CAPE RACE,IMO7616377,KAFJ,70,5,197,32,10.0,,A
636018193,2021-02-21T02:32:22,37.04637,-76.07425,14.1,320.5,323.0,HSL PARATY,IMO9311830,A8IY6,79,0,207,30,9.8,79,A
367359930,2021-02-21T02:33:45,36.82421,-76.28914,0.0,325.8,511.0,SUNNY WILLIAMS,,WDE4940,80,0,25,8,,80,A
255806078,2021-02-21T02:36:28,36.90937,-76.32720,0.1,306.9,352.0,NORTHERN MAGNUM,IMO9252541,CQIV4,71,5,300,40,11.3,71,A
367865000,2021-02-21T02:35:19,36.88695,-76.33855,0.0,286.4,11.0,KANAWHA,IMO8704080,NPTD,80,5,206,29,,,A
477950300,2021-02-21T02:39:32,36.87508,-76.34925,0.0,358.4,347.0,COSCO DEVELOPMENT,IMO9472139,VRIZ9,70,5,366,48,15.5,70,A
303210000,2021-02-21T02:34:00,37.21686,-76.14347,18.3,196.6,196.0,PATRIOT,IMO9316139,WAIU,70,0,199,32,11.3,,A
636018193,2021-02-21T02:35:40,37.05657,-76.08477,14.3,320.7,322.0,HSL PARATY,IMO9311830,A8IY6,79,0,207,30,9.8,79,A
636018193,2021-02-21T02:40:11,37.07177,-76.09692,14.4,329.4,330.0,HSL PARATY,IMO9311830,A8IY6,79,0,207,30,9.8,79,A
367862000,2021-02-21T02:39:45,36.94819,-76.32975,0.0,35.7,280.0,JOSHUA HUMPHREYS,IMO8302428,NNJH,80,5,193,29,,,A
255806078,2021-02-21T02:39:28,36.90938,-76.32723,0.1,306.9,352.0,NORTHERN MAGNUM,IMO9252541,CQIV4,71,5,300,40,11.3,71,A
367359930,2021-02-21T02:37:15,36.82421,-76.28914,0.0,301.2,511.0,SUNNY WILLIAMS,,WDE4940,80,0,25,8,,80,A
338273000,2021-02-21T02:37:04,36.96431,-76.35683,0.0,24.2,245.0,SLNC YORK,IMO9538907,WNCG,70,1,142,23,5.5,70,A
367359930,2021-02-21T02:40:34,36.82420,-76.28914,0.0,274.4,511.0,SUNNY WILLIAMS,,WDE4940,80,0,25,8,,80,A
367865000,2021-02-21T02:41:18,36.88698,-76.33852,0.0,286.4,11.0,KANAWHA,IMO8704080,NPTD,80,5,206,29,,,A
366839000,2021-02-21T02:38:10,36.85349,-76.31079,0.0,0.0,40.0,CAPE RISE,IMO7530808,KAFG,70,5,197,32,10.0,,A
477770400,2021-02-21T02:41:20,36.87995,-76.33155,0.0,98.3,96.0,BAO MAY,IMO9410155,VRGV8,70,0,292,45,18.2,70,A
636092329,2021-02-21T02:44:04,37.24620,-76.11869,0.0,168.6,359.0,BLUMENAU,IMO9605633,D5AL3,70,1,229,32,14.4,,A
338678000,2021-02-21T02:45:30,36.91625,-76.16846,0.0,325.7,10.0,DOLORES CHOUEST,IMO8225931,WCP8847,70,5,54,12,4.0,35,A
636013980,2021-02-21T02:41:33,37.27045,-76.12965,10.4,1.0,0.0,KM MT JADE,IMO9359545,A8QP7,70,0,224,32,14.4,70,A
368026000,2021-02-21T02:44:44,36.86577,-76.31603,0.0,224.2,511.0,BENAVIDEZ,IMO9218210,NBHG,70,5,289,32,10.9,70,A
366839000,2021-02-21T02:47:15,36.85352,-76.31082,0.0,0.0,40.0,CAPE RISE,IMO7530808,KAFG,70,5,197,32,10.0,,A
367822000,2021-02-21T02:47:09,36.97309,-76.43387,0.0,0.0,511.0,USNS SHUGHART,IMO7825394,NAOQ,70,5,276,32,13.0,70,A
367821000,2021-02-21T02:43:54,36.97279,-76.43368,0.0,0.0,511.0,YANO,IMO7825409,NAQH,70,5,276,32,13.0,70,A
636013980,2021-02-21T02:48:14,37.28988,-76.12913,10.4,0.0,0.0,KM MT JADE,IMO9359545,A8QP7,70,0,224,32,14.4,70,A
636092329,2021-02-21T02:50:02,37.24630,-76.11856,0.1,168.6,357.0,BLUMENAU,IMO9605633,D5AL3,70,1,229,32,14.4,,A
367359930,2021-02-21T02:48:55,36.82418,-76.28912,0.0,262.7,511.0,SUNNY WILLIAMS,,WDE4940,80,0,25,8,,80,A
636013980,2021-02-21T02:51:44,37.30007,-76.12893,10.4,1.0,0.0,KM MT JADE,IMO9359545,A8QP7,70,0,224,32,14.4,70,A
367862000,2021-02-21T02:51:43,36.94816,-76.32977,0.0,35.7,280.0,JOSHUA HUMPHREYS,IMO8302428,NNJH,80,5,193,29,,,A
356643000,2021-02-21T02:53:06,36.93799,-76.37766,0.3,183.5,263.0,ARKI,IMO9561801,3ENP3,70,1,170,27,9.7,70,A
367359930,2021-02-21T02:54:35,36.82420,-76.28913,0.0,257.0,511.0,SUNNY WILLIAMS,,WDE4940,80,0,25,8,,80,A
338273000,2021-02-21T02:58:05,36.96433,-76.35683,0.0,24.2,258.0,SLNC YORK,IMO9538907,WNCG,70,1,142,23,5.5,70,A
367821000,2021-02-21T02:58:54,36.97280,-76.43369,0.0,0.0,511.0,YANO,IMO7825409,NAQH,70,5,276,32,13.0,70,A
368026000,2021-02-21T02:59:43,36.86577,-76.31602,0.0,224.2,511.0,BENAVIDEZ,IMO9218210,NBHG,70,5,289,32,10.9,70,A
367359930,2021-02-21T03:00:05,36.82415,-76.28911,0.0,257.0,511.0,SUNNY WILLIAMS,,WDE4940,80,0,25,8,,80,A
366841000,2021-02-21T03:03:07,36.85331,-76.31053,0.0,0.0,511.0,CAPE RAY,IMO7530810,KAFI,70,5,197,32,10.0,,A
368445000,2021-02-21T02:56:05,36.96312,-76.42013,0.0,55.8,188.0,OVERSEAS NIKISKI,IMO9353577,WDBH,80,5,183,32,12.2,80,A
366839000,2021-02-21T03:02:13,36.85351,-76.31083,0.0,0.0,40.0,CAPE RISE,IMO7530808,KAFG,70,5,197,32,10.0,,A
477770400,2021-02-21T03:01:20,36.87993,-76.33160,0.0,98.3,96.0,BAO MAY,IMO9410155,VRGV8,70,0,292,45,18.2,70,A
356589000,2021-02-21T03:04:14,37.23806,-76.09474,0.0,279.2,351.0,DOUBLE FORTUNE,IMO9574119,3FHZ2,70,1,234,38,14.5,70,A
338678000,2021-02-21T03:03:30,36.91624,-76.16848,0.0,267.7,10.0,DOLORES CHOUEST,IMO8225931,WCP8847,70,5,54,12,4.0,35,A
367822000,2021-02-21T03:05:09,36.97308,-76.43388,0.0,0.0,511.0,USNS SHUGHART,IMO7825394,NAOQ,70,5,276,32,13.0,70,A
255806078,2021-02-21T03:03:41,36.90937,-76.32718,0.1,306.9,352.0,NORTHERN MAGNUM,IMO9252541,CQIV4,71,5,300,40,11.3,71,A
368026000,2021-02-21T03:02:44,36.86574,-76.31606,0.0,224.2,511.0,BENAVIDEZ,IMO9218210,NBHG,70,5,289,32,10.9,70,A
477950300,2021-02-21T03:03:34,36.87509,-76.34925,0.0,347.9,347.0,COSCO DEVELOPMENT,IMO9472139,VRIZ9,70,5,366,48,15.5,70,A
368026000,2021-02-21T03:05:43,36.86574,-76.31605,0.0,224.2,511.0,BENAVIDEZ,IMO9218210,NBHG,70,5,289,32,10.9,70,A
303210000,2021-02-21T02:59:54,37.09419,-76.11327,18.1,149.9,148.0,PATRIOT,IMO9316139,WAIU,70,0,199,32,11.3,,A
538005622,2021-02-21T03:03:16,36.87959,-76.32626,0.0,5.7,277.0,SASEBO GREEN,IMO9675468,V7FN3,70,5,225,32,14.4,,A
367822000,2021-02-21T03:08:08,36.97308,-76.43388,0.0,0.0,511.0,USNS SHUGHART,IMO7825394,NAOQ,70,5,276,32,13.0,70,A
636018193,2021-02-21T03:07:46,37.17920,-76.15369,15.8,353.2,354.0,HSL PARATY,IMO9311830,A8IY6,79,0,207,30,9.8,79,A
338846000,2021-02-21T03:04:46,36.86554,-76.31582,0.0,0.1,511.0,USNS MENDONCA,IMO9147320,NBMK,70,5,289,32,10.9,,A
367862000,2021-02-21T03:09:45,36.94811,-76.32983,0.0,35.7,280.0,JOSHUA HUMPHREYS,IMO8302428,NNJH,80,5,193,29,,,A
367359930,2021-02-21T03:08:06,36.82420,-76.28916,0.0,261.3,511.0,SUNNY WILLIAMS,,WDE4940,80,0,25,8,,80,A
538005622,2021-02-21T03:09:16,36.87958,-76.32626,0.0,5.7,277.0,SASEBO GREEN,IMO9675468,V7FN3,70,5,225,32,14.4,,A
373765000,2021-02-21T03:15:21,37.26323,-76.10586,0.0,74.2,356.0,AM CONTRECOEUR,IMO9583184,3FBX4,70,1,229,32,14.4,,A
338678000,2021-02-21T03:12:30,36.91624,-76.16843,0.0,260.8,10.0,DOLORES CHOUEST,IMO8225931,WCP8847,70,5,54,12,4.0,35,A
338678000,2021-02-21T03:15:30,36.91622,-76.16843,0.0,259.3,10.0,DOLORES CHOUEST,IMO8225931,WCP8847,70,5,54,12,4.0,35,A
338273000,2021-02-21T03:16:05,36.96431,-76.35665,0.0,24.2,261.0,SLNC YORK,IMO9538907,WNCG,70,1,142,23,5.5,70,A
367359930,2021-02-21T03:17:34,36.82419,-76.28914,0.0,268.9,511.0,SUNNY WILLIAMS,,WDE4940,80,0,25,8,,80,A
477950300,2021-02-21T03:15:35,36.87516,-76.34935,0.1,234.3,347.0,COSCO DEVELOPMENT,IMO9472139,VRIZ9,70,5,366,48,15.5,70,A
366839000,2021-02-21T03:17:13,36.85352,-76.31080,0.0,0.0,40.0,CAPE RISE,IMO7530808,KAFG,70,5,197,32,10.0,,A
367822000,2021-02-21T03:17:10,36.97308,-76.43388,0.0,0.0,511.0,USNS SHUGHART,IMO7825394,NAOQ,70,5,276,32,13.0,70,A
366842000,2021-02-21T03:15:12,36.85383,-76.31117,0.0,0.0,42.0,CAPE RACE,IMO7616377,KAFJ,70,5,197,32,10.0,,A
538005622,2021-02-21T03:12:16,36.87959,-76.32622,0.0,5.7,277.0,SASEBO GREEN,IMO9675468,V7FN3,70,5,225,32,14.4,,A
303210000,2021-02-21T03:14:17,37.03501,-76.06375,17.5,142.6,141.0,PATRIOT,IMO9316139,WAIU,70,0,199,32,11.3,,A
636092329,2021-02-21T03:17:02,37.24618,-76.11858,0.0,168.6,356.0,BLUMENAU,IMO9605633,D5AL3,70,1,229,32,14.4,,A
356589000,2021-02-21T03:19:13,37.23801,-76.09465,0.1,319.9,349.0,DOUBLE FORTUNE,IMO9574119,3FHZ2,70,1,234,38,14.5,70,A
367359930,2021-02-21T03:18:45,36.82419,-76.28914,0.0,272.8,511.0,SUNNY WILLIAMS,,WDE4940,80,0,25,8,,80,A
366842000,2021-02-21T03:24:15,36.85386,-76.31118,0.0,0.0,42.0,CAPE RACE,IMO7616377,KAFJ,70,5,197,32,10.0,,A
356643000,2021-02-21T03:23:05,36.93737,-76.37769,0.1,155.3,280.0,ARKI,IMO9561801,3ENP3,70,1,170,27,9.7,70,A
373765000,2021-02-21T03:21:21,37.26324,-76.10582,0.0,74.2,355.0,AM CONTRECOEUR,IMO9583184,3FBX4,70,1,229,32,14.4,,A
366839000,2021-02-21T03:23:13,36.85347,-76.31083,0.0,0.0,40.0,CAPE RISE,IMO7530808,KAFG,70,5,197,32,10.0,,A
373765000,2021-02-21T03:24:19,37.26324,-76.10585,0.0,74.2,355.0,AM CONTRECOEUR,IMO9583184,3FBX4,70,1,229,32,14.4,,A
338678000,2021-02-21T03:27:31,36.91626,-76.16844,0.0,267.0,10.0,DOLORES CHOUEST,IMO8225931,WCP8847,70,5,54,12,4.0,35,A
636018193,2021-02-21T03:26:29,37.25686,-76.12746,15.4,17.1,16.0,HSL PARATY,IMO9311830,A8IY6,79,0,207,30,9.8,79,A
538005622,2021-02-21T03:24:16,36.87958,-76.32623,0.0,5.7,276.0,SASEBO GREEN,IMO9675468,V7FN3,70,5,225,32,14.4,,A
367353070,2021-02-21T03:27:03,36.94420,-76.32953,0.0,11.0,267.0,EVERGREEN STATE,IMO9408138,WDE4430,80,5,183,32,11.8,89,A
366842000,2021-02-21T03:30:17,36.85384,-76.31121,0.0,0.0,42.0,CAPE RACE,IMO7616377,KAFJ,70,5,197,32,10.0,,A
477770400,2021-02-21T03:26:50,36.87995,-76.33156,0.0,98.3,96.0,BAO MAY,IMO9410155,VRGV8,70,0,292,45,18.2,70,A
367862000,2021-02-21T03:30:44,36.94818,-76.32974,0.0,35.7,280.0,JOSHUA HUMPHREYS,IMO8302428,NNJH,80,5,193,29,,,A
368026000,2021-02-21T03:29:43,36.86578,-76.31605,0.0,224.2,511.0,BENAVIDEZ,IMO9218210,NBHG,70,5,289,32,10.9,70,A
368445000,2021-02-21T03:26:05,36.96312,-76.42015,0.0,55.8,188.0,OVERSEAS NIKISKI,IMO9353577,WDBH,80,5,183,32,12.2,80,A
477770400,2021-02-21T03:30:19,36.87994,-76.33157,0.0,98.3,96.0,BAO MAY,IMO9410155,VRGV8,70,0,292,45,18.2,70,A
636092329,2021-02-21T03:28:59,37.24625,-76.11847,0.1,168.6,356.0,BLUMENAU,IMO9605633,D5AL3,70,1,229,32,14.4,,A
367359930,2021-02-21T03:30:05,36.82420,-76.28914,0.0,285.3,511.0,SUNNY WILLIAMS,,WDE4940,80,0,25,8,,80,A
538005622,2021-02-21T03:33:16,36.87956,-76.32622,0.0,5.7,276.0,SASEBO GREEN,IMO9675468,V7FN3,70,5,225,32,14.4,,A
366841000,2021-02-21T03:33:03,36.85328,-76.31052,0.0,0.0,511.0,CAPE RAY,IMO7530810,KAFI,70,5,197,32,10.0,,A
338273000,2021-02-21T03:31:05,36.96395,-76.35634,0.0,128.2,264.0,SLNC YORK,IMO9538907,WNCG,70,1,142,23,5.5,70,A
373765000,2021-02-21T03:33:20,37.26323,-76.10592,0.1,74.2,356.0,AM CONTRECOEUR,IMO9583184,3FBX4,70,1,229,32,14.4,,A
373765000,2021-02-21T03:36:18,37.26325,-76.10593,0.0,74.2,357.0,AM CONTRECOEUR,IMO9583184,3FBX4,70,1,229,32,14.4,,A
428405000,2021-02-21T03:33:35,36.90614,-76.32661,0.0,351.5,352.0,ZIM QINGDAO,IMO9318163,4XFC,71,5,261,32,9.9,71,A
428405000,2021-02-21T03:36:33,36.90631,-76.32671,0.0,351.5,352.0,ZIM QINGDAO,IMO9318163,4XFC,71,5,261,32,9.9,71,A
367353070,2021-02-21T03:36:03,36.94418,-76.32948,0.0,11.0,267.0,EVERGREEN STATE,IMO9408138,WDE4430,80,5,183,32,11.8,89,A
636018193,2021-02-21T03:34:05,37.28733,-76.11557,15.0,17.1,16.0,HSL PARATY,IMO9311830,A8IY6,79,0,207,30,9.8,79,A
367359930,2021-02-21T03:33:34,36.82419,-76.28914,0.0,287.2,511.0,SUNNY WILLIAMS,,WDE4940,80,0,25,8,,80,A
636092329,2021-02-21T03:35:01,37.24627,-76.11830,0.0,168.6,354.0,BLUMENAU,IMO9605633,D5AL3,70,1,229,32,14.4,,A
366839000,2021-02-21T03:32:15,36.85349,-76.31082,0.0,0.0,40.0,CAPE RISE,IMO7530808,KAFG,70,5,197,32,10.0,,A
338846000,2021-02-21T03:34:47,36.86562,-76.31585,0.0,0.1,511.0,USNS MENDONCA,IMO9147320,NBMK,70,5,289,32,10.9,,A
366842000,2021-02-21T03:36:16,36.85384,-76.31117,0.0,0.0,43.0,CAPE RACE,IMO7616377,KAFJ,70,5,197,32,10.0,,A
477770400,2021-02-21T03:36:10,36.87994,-76.33157,0.0,98.3,96.0,BAO MAY,IMO9410155,VRGV8,70,0,292,45,18.2,70,A
367359930,2021-02-21T03:39:34,36.82420,-76.28913,0.0,291.3,511.0,SUNNY WILLIAMS,,WDE4940,80,0,25,8,,80,A
373765000,2021-02-21T03:42:19,37.26324,-76.10594,0.1,74.2,358.0,AM CONTRECOEUR,IMO9583184,3FBX4,70,1,229,32,14.4,,A
477770400,2021-02-21T03:42:09,36.87994,-76.33156,0.0,98.3,96.0,BAO MAY,IMO9410155,VRGV8,70,0,292,45,18.2,70,A
356643000,2021-02-21T03:44:06,36.93741,-76.37766,0.1,83.5,278.0,ARKI,IMO9561801,3ENP3,70,1,170,27,9.7,70,A
367821000,2021-02-21T03:46:53,36.97286,-76.43365,0.0,0.0,511.0,YANO,IMO7825409,NAQH,70,5,276,32,13.0,70,A
477770400,2021-02-21T03:45:39,36.87992,-76.33157,0.0,98.3,96.0,BAO MAY,IMO9410155,VRGV8,70,0,292,45,18.2,70,A
477770400,2021-02-21T03:46:49,36.87993,-76.33156,0.0,98.3,96.0,BAO MAY,IMO9410155,VRGV8,70,0,292,45,18.2,70,A
338678000,2021-02-21T03:48:30,36.91632,-76.16849,0.0,282.1,9.0,DOLORES CHOUEST,IMO8225931,WCP8847,70,5,54,12,4.0,35,A
636018193,2021-02-21T03:47:05,37.33531,-76.08507,14.6,16.9,15.0,HSL PARATY,IMO9311830,A8IY6,79,0,207,30,9.8,79,A
477770400,2021-02-21T03:47:59,36.87994,-76.33156,0.0,98.3,96.0,BAO MAY,IMO9410155,VRGV8,70,0,292,45,18.2,70,A
367822000,2021-02-21T03:47:09,36.97310,-76.43387,0.0,0.0,511.0,USNS SHUGHART,IMO7825394,NAOQ,70,5,276,32,13.0,70,A
367359930,2021-02-21T03:50:24,36.82419,-76.28914,0.0,286.1,511.0,SUNNY WILLIAMS,,WDE4940,80,0,25,8,,80,A
366842000,2021-02-21T03:51:13,36.85385,-76.31121,0.0,0.0,42.0,CAPE RACE,IMO7616377,KAFJ,70,5,197,32,10.0,,A
338273000,2021-02-21T03:52:05,36.96340,-76.35640,0.1,208.5,294.0,SLNC YORK,IMO9538907,WNCG,70,1,142,23,5.5,70,A
368445000,2021-02-21T03:50:05,36.96305,-76.42014,0.0,55.8,188.0,OVERSEAS NIKISKI,IMO9353577,WDBH,80,5,183,32,12.2,80,A
538005622,2021-02-21T03:51:16,36.87957,-76.32622,0.0,5.7,276.0,SASEBO GREEN,IMO9675468,V7FN3,70,5,225,32,14.4,,A
367821000,2021-02-21T03:55:53,36.97286,-76.43365,0.0,0.0,511.0,YANO,IMO7825409,NAQH,70,5,276,32,13.0,70,A
366839000,2021-02-21T03:53:15,36.85353,-76.31082,0.0,0.0,40.0,CAPE RISE,IMO7530808,KAFG,70,5,197,32,10.0,,A
477950300,2021-02-21T03:55:55,36.87512,-76.34696,1.3,42.7,24.0,COSCO DEVELOPMENT,IMO9472139,VRIZ9,70,0,366,48,15.5,70,A
356589000,2021-02-21T03:55:11,37.23803,-76.09451,0.1,233.5,348.0,DOUBLE FORTUNE,IMO9574119,3FHZ2,70,1,234,38,14.5,70,A
356589000,2021-02-21T03:58:13,37.23800,-76.09460,0.1,247.7,349.0,DOUBLE FORTUNE,IMO9574119,3FHZ2,70,1,234,38,14.5,70,A
367822000,2021-02-21T03:59:09,36.97310,-76.43387,0.0,0.0,511.0,USNS SHUGHART,IMO7825394,NAOQ,70,5,276,32,13.0,70,A
367359930,2021-02-21T03:57:25,36.82417,-76.28911,0.0,288.2,511.0,SUNNY WILLIAMS,,WDE4940,80,0,25,8,,80,A
338846000,2021-02-21T03:55:46,36.86554,-76.31580,0.0,0.1,511.0,USNS MENDONCA,IMO9147320,NBMK,70,5,289,32,10.9,,A
477770400,2021-02-21T03:58:28,36.87994,-76.33155,0.0,98.3,96.0,BAO MAY,IMO9410155,VRGV8,70,0,292,45,18.2,70,A
477770400,2021-02-21T04:01:10,36.87993,-76.33156,0.0,98.3,96.0,BAO MAY,IMO9410155,VRGV8,70,0,292,45,18.2,70,A
356643000,2021-02-21T04:05:06,36.93758,-76.37765,0.2,195.9,276.0,ARKI,IMO9561801,3ENP3,70,1,170,27,9.7,70,A
338678000,2021-02-21T04:03:31,36.91626,-76.16843,0.0,306.9,10.0,DOLORES CHOUEST,IMO8225931,WCP8847,70,5,54,12,4.0,35,A
338678000,2021-02-21T04:06:30,36.91629,-76.16846,0.0,311.4,10.0,DOLORES CHOUEST,IMO8225931,WCP8847,70,5,54,12,4.0,35,A
477770400,2021-02-21T04:06:00,36.87995,-76.33158,0.0,98.3,96.0,BAO MAY,IMO9410155,VRGV8,70,0,292,45,18.2,70,A
367862000,2021-02-21T04:09:44,36.94812,-76.32981,0.0,35.7,280.0,JOSHUA HUMPHREYS,IMO8302428,NNJH,80,5,193,29,,,A
367821000,2021-02-21T04:07:53,36.97284,-76.43366,0.0,0.0,511.0,YANO,IMO7825409,NAQH,70,5,276,32,13.0,70,A
367359930,2021-02-21T04:10:55,36.82419,-76.28913,0.0,293.7,511.0,SUNNY WILLIAMS,,WDE4940,80,0,25,8,,80,A
477950300,2021-02-21T04:08:57,36.88098,-76.33550,5.3,31.7,23.0,COSCO DEVELOPMENT,IMO9472139,VRIZ9,70,0,366,48,15.5,70,A
367359930,2021-02-21T04:12:04,36.82423,-76.28916,0.0,288.2,511.0,SUNNY WILLIAMS,,WDE4940,80,0,25,8,,80,A
255806078,2021-02-21T04:13:11,36.90933,-76.32720,0.1,306.9,352.0,NORTHERN MAGNUM,IMO9252541,CQIV4,71,5,300,40,11.3,71,A
477950300,2021-02-21T04:16:45,36.89618,-76.33654,9.0,352.7,352.0,COSCO DEVELOPMENT,IMO9472139,VRIZ9,70,0,366,48,15.5,70,A
368026000,2021-02-21T04:17:44,36.86577,-76.31605,0.0,224.2,511.0,BENAVIDEZ,IMO9218210,NBHG,70,5,289,32,10.9,70,A
367865000,2021-02-21T04:20:19,36.88691,-76.33850,0.0,286.4,11.0,KANAWHA,IMO8704080,NPTD,80,5,206,29,,,A
366841000,2021-02-21T04:21:04,36.85330,-76.31053,0.0,0.0,511.0,CAPE RAY,IMO7530810,KAFI,70,5,197,32,10.0,,A
373765000,2021-02-21T04:21:17,37.26322,-76.10596,0.0,269.5,358.0,AM CONTRECOEUR,IMO9583184,3FBX4,70,1,229,32,14.4,,A
373765000,2021-02-21T04:24:18,37.26323,-76.10601,0.1,269.5,0.0,AM CONTRECOEUR,IMO9583184,3FBX4,70,1,229,32,14.4,,A
368026000,2021-02-21T04:23:43,36.86576,-76.31606,0.0,224.2,511.0,BENAVIDEZ,IMO9218210,NBHG,70,5,289,32,10.9,70,A
477950300,2021-02-21T04:22:37,36.91335,-76.33979,10.8,353.2,355.0,COSCO DEVELOPMENT,IMO9472139,VRIZ9,70,0,366,48,15.5,70,A
477770400,2021-02-21T04:23:09,36.87993,-76.33157,0.0,98.3,96.0,BAO MAY,IMO9410155,VRGV8,70,0,292,45,18.2,70,A
255806078,2021-02-21T04:28:18,36.90932,-76.32715,0.1,306.9,352.0,NORTHERN MAGNUM,IMO9252541,CQIV4,71,5,300,40,11.3,71,A
367359930,2021-02-21T04:25:25,36.82420,-76.28913,0.0,320.1,511.0,SUNNY WILLIAMS,,WDE4940,80,0,25,8,,80,A
373765000,2021-02-21T04:27:17,37.26324,-76.10605,0.1,269.5,1.0,AM CONTRECOEUR,IMO9583184,3FBX4,70,1,229,32,14.4,,A
373765000,2021-02-21T04:30:17,37.26323,-76.10601,0.0,269.5,359.0,AM CONTRECOEUR,IMO9583184,3FBX4,70,1,229,32,14.4,,A
356643000,2021-02-21T04:26:07,36.93717,-76.37775,0.2,196.4,284.0,ARKI,IMO9561801,3ENP3,70,1,170,27,9.7,70,A
368445000,2021-02-21T04:26:05,36.96312,-76.42015,0.0,55.8,188.0,OVERSEAS NIKISKI,IMO9353577,WDBH,80,5,183,32,12.2,80,A
636092329,2021-02-21T04:32:04,37.24625,-76.11849,0.0,268.0,357.0,BLUMENAU,IMO9605633,D5AL3,70,1,229,32,14.4,,A
255806078,2021-02-21T04:31:20,36.90932,-76.32718,0.1,306.9,352.0,NORTHERN MAGNUM,IMO9252541,CQIV4,71,5,300,40,11.3,71,A
367865000,2021-02-21T04:32:19,36.88693,-76.33856,0.0,286.4,11.0,KANAWHA,IMO8704080,NPTD,80,5,206,29,,,A
373765000,2021-02-21T04:33:17,37.26322,-76.10607,102.3,360.0,359.0,AM CONTRECOEUR,IMO9583184,3FBX4,70,1,229,32,14.4,,A
255806078,2021-02-21T04:34:20,36.90932,-76.32717,0.1,306.9,352.0,NORTHERN MAGNUM,IMO9252541,CQIV4,71,5,300,40,11.3,71,A
367862000,2021-02-21T04:33:44,36.94812,-76.32976,0.0,35.7,280.0,JOSHUA HUMPHREYS,IMO8302428,NNJH,80,5,193,29,,,A
477770400,2021-02-21T04:36:09,36.87995,-76.33156,0.0,98.3,96.0,BAO MAY,IMO9410155,VRGV8,70,0,292,45,18.2,70,A
367359930,2021-02-21T04:40:26,36.82420,-76.28914,0.0,302.4,511.0,SUNNY WILLIAMS,,WDE4940,80,0,25,8,,80,A
367821000,2021-02-21T04:37:53,36.97284,-76.43366,0.0,0.0,511.0,YANO,IMO7825409,NAQH,70,5,276,32,13.0,70,A
428405000,2021-02-21T04:39:35,36.90623,-76.32668,0.0,351.5,352.0,ZIM QINGDAO,IMO9318163,4XFC,71,5,261,32,9.9,71,A
636092329,2021-02-21T04:41:08,37.24627,-76.11855,0.1,268.0,0.0,BLUMENAU,IMO9605633,D5AL3,70,1,229,32,14.4,,A
366841000,2021-02-21T04:42:10,36.85325,-76.31055,0.0,0.0,511.0,CAPE RAY,IMO7530810,KAFI,70,5,197,32,10.0,,A
367822000,2021-02-21T04:44:10,36.97309,-76.43386,0.0,0.0,511.0,USNS SHUGHART,IMO7825394,NAOQ,70,5,276,32,13.0,70,A
367822000,2021-02-21T04:47:09,36.97308,-76.43385,0.0,0.0,511.0,USNS SHUGHART,IMO7825394,NAOQ,70,5,276,32,13.0,70,A
338678000,2021-02-21T04:48:31,36.91623,-76.16845,0.0,255.8,9.0,DOLORES CHOUEST,IMO8225931,WCP8847,70,5,54,12,4.0,35,A
477770400,2021-02-21T04:46:40,36.87992,-76.33155,0.0,98.3,96.0,BAO MAY,IMO9410155,VRGV8,70,0,292,45,18.2,70,A
367862000,2021-02-21T04:45:44,36.94810,-76.32981,0.0,35.7,280.0,JOSHUA HUMPHREYS,IMO8302428,NNJH,80,5,193,29,,,A
477770400,2021-02-21T04:51:19,36.87995,-76.33158,0.0,98.3,96.0,BAO MAY,IMO9410155,VRGV8,70,0,292,45,18.2,70,A
367359930,2021-02-21T04:47:45,36.82419,-76.28913,0.0,281.6,511.0,SUNNY WILLIAMS,,WDE4940,80,0,25,8,,80,A
477950300,2021-02-21T04:50:26,36.98521,-76.31819,12.6,44.6,44.0,COSCO DEVELOPMENT,IMO9472139,VRIZ9,70,0,366,48,15.5,70,A
356643000,2021-02-21T04:53:04,36.93664,-76.37814,0.0,240.5,300.0,ARKI,IMO9561801,3ENP3,70,1,170,27,9.7,70,A
477950300,2021-02-21T04:51:27,36.98779,-76.31500,12.9,44.4,44.0,COSCO DEVELOPMENT,IMO9472139,VRIZ9,70,0,366,48,15.5,70,A
338273000,2021-02-21T04:52:05,36.96298,-76.35673,0.0,69.5,337.0,SLNC YORK,IMO9538907,WNCG,70,1,142,23,5.5,70,A
477950300,2021-02-21T04:53:46,36.99332,-76.30655,13.5,56.1,57.0,COSCO DEVELOPMENT,IMO9472139,VRIZ9,70,0,366,48,15.5,70,A
366842000,2021-02-21T04:54:14,36.85384,-76.31124,0.0,0.0,42.0,CAPE RACE,IMO7616377,KAFJ,70,5,197,32,10.0,,A
538005622,2021-02-21T04:51:16,36.87957,-76.32622,0.0,24.6,276.0,SASEBO GREEN,IMO9675468,V7FN3,70,5,225,32,14.4,,A
367822000,2021-02-21T04:56:09,36.97308,-76.43387,0.0,0.0,511.0,USNS SHUGHART,IMO7825394,NAOQ,70,5,276,32,13.0,70,A
338678000,2021-02-21T04:54:30,36.91624,-76.16840,0.0,264.6,10.0,DOLORES CHOUEST,IMO8225931,WCP8847,70,5,54,12,4.0,35,A
367865000,2021-02-21T04:59:19,36.88693,-76.33858,0.0,286.4,11.0,KANAWHA,IMO8704080,NPTD,80,5,206,29,,,A
338846000,2021-02-21T04:58:47,36.86559,-76.31580,0.0,0.1,511.0,USNS MENDONCA,IMO9147320,NBMK,70,5,289,32,10.9,,A
356643000,2021-02-21T04:56:05,36.93655,-76.37817,0.1,259.4,301.0,ARKI,IMO9561801,3ENP3,70,1,170,27,9.7,70,A
368026000,2021-02-21T04:59:43,36.86578,-76.31603,0.0,224.2,511.0,BENAVIDEZ,IMO9218210,NBHG,70,5,289,32,10.9,70,A
477770400,2021-02-21T05:01:19,36.87994,-76.33157,0.0,98.3,96.0,BAO MAY,IMO9410155,VRGV8,70,0,292,45,18.2,70,A
367359930,2021-02-21T05:03:34,36.82415,-76.28915,0.0,257.2,511.0,SUNNY WILLIAMS,,WDE4940,80,0,25,8,,80,A
366842000,2021-02-21T05:03:13,36.85383,-76.31120,0.0,0.0,43.0,CAPE RACE,IMO7616377,KAFJ,70,5,197,32,10.0,,A
477950300,2021-02-21T05:03:13,37.00674,-76.26282,14.9,73.6,73.0,COSCO DEVELOPMENT,IMO9472139,VRIZ9,70,0,366,48,15.5,70,A
477950300,2021-02-21T05:04:19,37.00798,-76.25754,14.8,73.9,74.0,COSCO DEVELOPMENT,IMO9472139,VRIZ9,70,0,366,48,15.5,70,A
368026000,2021-02-21T05:05:44,36.86576,-76.31600,0.0,224.2,511.0,BENAVIDEZ,IMO9218210,NBHG,70,5,289,32,10.9,70,A
367359930,2021-02-21T05:07:15,36.82417,-76.28916,0.0,237.3,511.0,SUNNY WILLIAMS,,WDE4940,80,0,25,8,,80,A
367359930,2021-02-21T05:09:34,36.82421,-76.28915,0.0,231.8,511.0,SUNNY WILLIAMS,,WDE4940,80,0,25,8,,80,A
538005622,2021-02-21T05:00:16,36.87958,-76.32624,0.0,24.6,276.0,SASEBO GREEN,IMO9675468,V7FN3,70,5,225,32,14.4,,A
338678000,2021-02-21T05:06:31,36.91620,-76.16847,0.0,245.6,9.0,DOLORES CHOUEST,IMO8225931,WCP8847,70,5,54,12,4.0,35,A
367865000,2021-02-21T05:11:18,36.88688,-76.33858,0.0,286.4,11.0,KANAWHA,IMO8704080,NPTD,80,5,206,29,,,A
477770400,2021-02-21T05:07:59,36.87991,-76.33156,0.0,98.3,96.0,BAO MAY,IMO9410155,VRGV8,70,0,292,45,18.2,70,A
636092329,2021-02-21T05:08:03,37.24627,-76.11852,0.0,268.0,358.0,BLUMENAU,IMO9605633,D5AL3,70,1,229,32,14.4,,A
477770400,2021-02-21T05:11:30,36.87991,-76.33153,0.0,98.3,96.0,BAO MAY,IMO9410155,VRGV8,70,0,292,45,18.2,70,A
538005622,2021-02-21T05:06:16,36.87959,-76.32626,0.0,314.6,276.0,SASEBO GREEN,IMO9675468,V7FN3,70,5,225,32,14.4,,A
538005622,2021-02-21T05:09:16,36.87960,-76.32623,0.0,326.0,276.0,SASEBO GREEN,IMO9675468,V7FN3,70,5,225,32,14.4,,A
338846000,2021-02-21T05:13:45,36.86559,-76.31583,0.0,0.1,511.0,USNS MENDONCA,IMO9147320,NBMK,70,5,289,32,10.9,,A
338273000,2021-02-21T05:13:05,36.96297,-76.35661,0.0,69.5,354.0,SLNC YORK,IMO9538907,WNCG,70,1,142,23,5.5,70,A
368445000,2021-02-21T05:14:05,36.96313,-76.42007,0.0,55.8,188.0,OVERSEAS NIKISKI,IMO9353577,WDBH,80,5,183,32,12.2,80,A
477770400,2021-02-21T05:17:19,36.87993,-76.33153,0.0,98.3,96.0,BAO MAY,IMO9410155,VRGV8,70,0,292,45,18.2,70,A
338678000,2021-02-21T05:18:30,36.91623,-76.16848,0.0,200.8,10.0,DOLORES CHOUEST,IMO8225931,WCP8847,70,5,54,12,4.0,35,A
367862000,2021-02-21T05:18:44,36.94809,-76.32990,0.0,35.7,280.0,JOSHUA HUMPHREYS,IMO8302428,NNJH,80,5,193,29,,,A
338846000,2021-02-21T05:19:46,36.86559,-76.31581,0.0,0.1,511.0,USNS MENDONCA,IMO9147320,NBMK,70,5,289,32,10.9,,A
356643000,2021-02-21T05:20:05,36.93630,-76.37847,0.1,347.5,314.0,ARKI,IMO9561801,3ENP3,70,1,170,27,9.7,70,A
367359930,2021-02-21T05:17:05,36.82418,-76.28913,0.0,224.3,511.0,SUNNY WILLIAMS,,WDE4940,80,0,25,8,,80,A
367865000,2021-02-21T05:23:18,36.88696,-76.33857,0.0,286.4,11.0,KANAWHA,IMO8704080,NPTD,80,5,206,29,,,A
366841000,2021-02-21T05:24:07,36.85329,-76.31056,0.0,0.0,511.0,CAPE RAY,IMO7530810,KAFI,70,5,197,32,10.0,,A
538005622,2021-02-21T05:18:16,36.87956,-76.32619,0.0,326.0,276.0,SASEBO GREEN,IMO9675468,V7FN3,70,5,225,32,14.4,,A
338273000,2021-02-21T05:22:05,36.96292,-76.35671,0.0,69.5,357.0,SLNC YORK,IMO9538907,WNCG,70,1,142,23,5.5,70,A
338846000,2021-02-21T05:25:45,36.86561,-76.31581,0.0,0.1,511.0,USNS MENDONCA,IMO9147320,NBMK,70,5,289,32,10.9,,A
367359930,2021-02-21T05:25:15,36.82420,-76.28913,0.0,242.7,511.0,SUNNY WILLIAMS,,WDE4940,80,0,25,8,,80,A
255806078,2021-02-21T05:25:42,36.90937,-76.32715,0.1,306.9,352.0,NORTHERN MAGNUM,IMO9252541,CQIV4,71,5,300,40,11.3,71,A
367822000,2021-02-21T05:26:10,36.97311,-76.43390,0.0,0.0,511.0,USNS SHUGHART,IMO7825394,NAOQ,70,5,276,32,13.0,70,A
367862000,2021-02-21T05:24:45,36.94812,-76.32993,0.0,35.7,280.0,JOSHUA HUMPHREYS,IMO8302428,NNJH,80,5,193,29,,,A
367821000,2021-02-21T05:25:53,36.97281,-76.43369,0.0,0.0,511.0,YANO,IMO7825409,NAQH,70,5,276,32,13.0,70,A
366842000,2021-02-21T05:27:15,36.85383,-76.31114,0.0,0.0,42.0,CAPE RACE,IMO7616377,KAFJ,70,5,197,32,10.0,,A
356643000,2021-02-21T05:29:05,36.93628,-76.37846,0.0,78.7,312.0,ARKI,IMO9561801,3ENP3,70,1,170,27,9.7,70,A
538005622,2021-02-21T05:21:16,36.87954,-76.32620,0.0,326.0,276.0,SASEBO GREEN,IMO9675468,V7FN3,70,5,225,32,14.4,,A
368445000,2021-02-21T05:23:05,36.96310,-76.42010,0.0,55.8,188.0,OVERSEAS NIKISKI,IMO9353577,WDBH,80,5,183,32,12.2,80,A
477770400,2021-02-21T05:27:29,36.87993,-76.33157,0.0,98.3,96.0,BAO MAY,IMO9410155,VRGV8,70,0,292,45,18.2,70,A
356589000,2021-02-21T05:28:15,37.23802,-76.09465,0.0,333.7,352.0,DOUBLE FORTUNE,IMO9574119,3FHZ2,70,1,234,38,14.5,70,A
367862000,2021-02-21T05:30:43,36.94815,-76.32986,0.0,35.7,280.0,JOSHUA HUMPHREYS,IMO8302428,NNJH,80,5,193,29,,,A
366839000,2021-02-21T05:29:11,36.85353,-76.31077,0.0,0.0,40.0,CAPE RISE,IMO7530808,KAFG,70,5,197,32,10.0,,A
477950300,2021-02-21T05:31:56,36.97893,-76.12984,15.1,108.3,106.0,COSCO DEVELOPMENT,IMO9472139,VRIZ9,70,0,366,48,15.5,70,A
366841000,2021-02-21T05:33:09,36.85331,-76.31050,0.0,0.0,511.0,CAPE RAY,IMO7530810,KAFI,70,5,197,32,10.0,,A
428405000,2021-02-21T05:33:33,36.90624,-76.32666,0.0,351.4,351.0,ZIM QINGDAO,IMO9318163,4XFC,71,5,261,32,9.9,71,A
367821000,2021-02-21T05:34:53,36.97282,-76.43369,0.0,0.0,511.0,YANO,IMO7825409,NAQH,70,5,276,32,13.0,70,A
356589000,2021-02-21T05:31:13,37.23804,-76.09458,0.0,22.1,351.0,DOUBLE FORTUNE,IMO9574119,3FHZ2,70,1,234,38,14.5,70,A
356589000,2021-02-21T05:34:11,37.23806,-76.09458,0.0,39.3,349.0,DOUBLE FORTUNE,IMO9574119,3FHZ2,70,1,234,38,14.5,70,A
366842000,2021-02-21T05:36:15,36.85379,-76.31120,0.0,0.0,42.0,CAPE RACE,IMO7616377,KAFJ,70,5,197,32,10.0,,A
636092329,2021-02-21T05:35:08,37.24627,-76.11872,0.0,261.4,2.0,BLUMENAU,IMO9605633,D5AL3,70,1,229,32,14.4,,A
366841000,2021-02-21T05:36:09,36.85330,-76.31053,0.0,0.0,511.0,CAPE RAY,IMO7530810,KAFI,70,5,197,32,10.0,,A
477950300,2021-02-21T05:37:26,36.97140,-76.10183,16.0,107.8,107.0,COSCO DEVELOPMENT,IMO9472139,VRIZ9,70,0,366,48,15.5,70,A
367359930,2021-02-21T05:35:55,36.82420,-76.28913,0.0,226.4,511.0,SUNNY WILLIAMS,,WDE4940,80,0,25,8,,80,A
477950300,2021-02-21T05:38:31,36.96992,-76.09611,16.1,108.2,107.0,COSCO DEVELOPMENT,IMO9472139,VRIZ9,70,0,366,48,15.5,70,A
636092329,2021-02-21T05:38:01,37.24624,-76.11866,0.1,261.4,1.0,BLUMENAU,IMO9605633,D5AL3,70,1,229,32,14.4,,A
368445000,2021-02-21T05:41:05,36.96313,-76.42009,0.0,55.8,188.0,OVERSEAS NIKISKI,IMO9353577,WDBH,80,5,183,32,12.2,80,A
338678000,2021-02-21T05:45:30,36.91632,-76.16844,0.0,207.1,10.0,DOLORES CHOUEST,IMO8225931,WCP8847,70,5,54,12,4.0,35,A
366839000,2021-02-21T05:41:15,36.85348,-76.31083,0.0,0.0,40.0,CAPE RISE,IMO7530808,KAFG,70,5,197,32,10.0,,A
367862000,2021-02-21T05:42:43,36.94816,-76.32968,0.0,35.7,280.0,JOSHUA HUMPHREYS,IMO8302428,NNJH,80,5,193,29,,,A
338273000,2021-02-21T05:49:06,36.96278,-76.35692,0.0,69.5,358.0,SLNC YORK,IMO9538907,WNCG,70,1,142,23,5.5,70,A
338678000,2021-02-21T05:48:30,36.91621,-76.16846,0.0,246.8,10.0,DOLORES CHOUEST,IMO8225931,WCP8847,70,5,54,12,4.0,35,A
367865000,2021-02-21T05:47:18,36.88692,-76.33855,0.0,286.4,11.0,KANAWHA,IMO8704080,NPTD,80,5,206,29,,,A
538005622,2021-02-21T05:42:16,36.87959,-76.32625,0.0,326.0,276.0,SASEBO GREEN,IMO9675468,V7FN3,70,5,225,32,14.4,,A
636092329,2021-02-21T05:50:01,37.24626,-76.11874,0.1,261.4,2.0,BLUMENAU,IMO9605633,D5AL3,70,1,229,32,14.4,,A
338846000,2021-02-21T05:52:45,36.86561,-76.31578,0.0,0.1,511.0,USNS MENDONCA,IMO9147320,NBMK,70,5,289,32,10.9,,A
338678000,2021-02-21T05:51:31,36.91619,-76.16845,0.0,298.9,10.0,DOLORES CHOUEST,IMO8225931,WCP8847,70,5,54,12,4.0,35,A
338678000,2021-02-21T05:54:31,36.91623,-76.16842,0.0,277.7,10.0,DOLORES CHOUEST,IMO8225931,WCP8847,70,5,54,12,4.0,35,A
367822000,2021-02-21T05:53:10,36.97310,-76.43386,0.0,0.0,511.0,USNS SHUGHART,IMO7825394,NAOQ,70,5,276,32,13.0,70,A
356589000,2021-02-21T05:55:13,37.23805,-76.09448,0.1,229.6,345.0,DOUBLE FORTUNE,IMO9574119,3FHZ2,70,1,234,38,14.5,70,A
367865000,2021-02-21T05:56:19,36.88697,-76.33854,0.0,286.4,11.0,KANAWHA,IMO8704080,NPTD,80,5,206,29,,,A
477770400,2021-02-21T05:55:09,36.87993,-76.33155,0.0,98.3,96.0,BAO MAY,IMO9410155,VRGV8,70,0,292,45,18.2,70,A
367821000,2021-02-21T05:58:54,36.97282,-76.43368,0.0,0.0,511.0,YANO,IMO7825409,NAQH,70,5,276,32,13.0,70,A
368445000,2021-02-21T05:56:05,36.96311,-76.42016,0.0,55.8,188.0,OVERSEAS NIKISKI,IMO9353577,WDBH,80,5,183,32,12.2,80,A
356589000,2021-02-21T06:01:12,37.23802,-76.09463,0.1,228.1,351.0,DOUBLE FORTUNE,IMO9574119,3FHZ2,70,1,234,38,14.5,70,A
356643000,2021-02-21T06:02:06,36.93597,-76.37897,0.0,281.5,325.0,ARKI,IMO9561801,3ENP3,70,1,170,27,9.7,70,A
373765000,2021-02-21T06:03:21,37.26323,-76.10610,0.1,86.5,359.0,AM CONTRECOEUR,IMO9583184,3FBX4,70,1,229,32,14.4,,A
428405000,2021-02-21T06:03:33,36.90624,-76.32667,0.0,351.4,351.0,ZIM QINGDAO,IMO9318163,4XFC,71,5,261,32,9.9,71,A
367359930,2021-02-21T05:57:04,36.82419,-76.28913,0.0,275.5,511.0,SUNNY WILLIAMS,,WDE4940,80,0,25,8,,80,A
367822000,2021-02-21T06:02:10,36.97310,-76.43386,0.0,0.0,511.0,USNS SHUGHART,IMO7825394,NAOQ,70,5,276,32,13.0,70,A
367359930,2021-02-21T06:02:25,36.82418,-76.28914,0.0,270.8,511.0,SUNNY WILLIAMS,,WDE4940,80,0,25,8,,80,A
367862000,2021-02-21T06:03:44,36.94819,-76.32975,0.0,35.7,280.0,JOSHUA HUMPHREYS,IMO8302428,NNJH,80,5,193,29,,,A
338678000,2021-02-21T06:06:30,36.91622,-76.16852,0.0,242.1,10.0,DOLORES CHOUEST,IMO8225931,WCP8847,70,5,54,12,4.0,35,A
367359930,2021-02-21T06:03:45,36.82419,-76.28913,0.0,275.6,511.0,SUNNY WILLIAMS,,WDE4940,80,0,25,8,,80,A
636092329,2021-02-21T06:08:04,37.24630,-76.11857,0.1,261.4,1.0,BLUMENAU,IMO9605633,D5AL3,70,1,229,32,14.4,,A
368026000,2021-02-21T06:08:43,36.86576,-76.31605,0.0,224.2,511.0,BENAVIDEZ,IMO9218210,NBHG,70,5,289,32,10.9,70,A
338273000,2021-02-21T06:10:05,36.96274,-76.35708,0.0,69.5,12.0,SLNC YORK,IMO9538907,WNCG,70,1,142,23,5.5,70,A
366839000,2021-02-21T06:11:18,36.85348,-76.31084,0.0,0.0,40.0,CAPE RISE,IMO7530808,KAFG,70,5,197,32,10.0,,A
367822000,2021-02-21T06:11:10,36.97310,-76.43386,0.0,0.0,511.0,USNS SHUGHART,IMO7825394,NAOQ,70,5,276,32,13.0,70,A
338846000,2021-02-21T06:10:45,36.86564,-76.31578,0.0,0.1,511.0,USNS MENDONCA,IMO9147320,NBMK,70,5,289,32,10.9,,A
220413000,2021-02-21T06:12:40,37.06314,-76.09067,12.0,329.9,331.0,GUNVOR MAERSK,IMO9302891,OYGC2,70,0,367,42,15.0,,A
367353070,2021-02-21T06:12:02,36.94418,-76.32945,0.0,11.0,267.0,EVERGREEN STATE,IMO9408138,WDE4430,80,5,183,32,11.8,89,A
367821000,2021-02-21T06:13:53,36.97284,-76.43366,0.0,0.0,511.0,YANO,IMO7825409,NAQH,70,5,276,32,13.0,70,A
367865000,2021-02-21T06:14:19,36.88696,-76.33855,0.0,286.4,11.0,KANAWHA,IMO8704080,NPTD,80,5,206,29,,,A
368026000,2021-02-21T06:11:44,36.86577,-76.31602,0.0,224.2,511.0,BENAVIDEZ,IMO9218210,NBHG,70,5,289,32,10.9,70,A
338273000,2021-02-21T06:13:05,36.96275,-76.35709,0.0,69.5,12.0,SLNC YORK,IMO9538907,WNCG,70,1,142,23,5.5,70,A
367822000,2021-02-21T06:17:10,36.97310,-76.43386,0.0,0.0,511.0,USNS SHUGHART,IMO7825394,NAOQ,70,5,276,32,13.0,70,A
368445000,2021-02-21T06:08:05,36.96309,-76.42015,0.0,55.8,188.0,OVERSEAS NIKISKI,IMO9353577,WDBH,80,5,183,32,12.2,80,A
366842000,2021-02-21T06:15:13,36.85378,-76.31116,0.0,0.0,42.0,CAPE RACE,IMO7616377,KAFJ,70,5,197,32,10.0,,A
367353070,2021-02-21T06:18:03,36.94418,-76.32950,0.0,11.0,267.0,EVERGREEN STATE,IMO9408138,WDE4430,80,5,183,32,11.8,89,A
220413000,2021-02-21T06:14:51,37.06945,-76.09524,11.9,328.7,331.0,GUNVOR MAERSK,IMO9302891,OYGC2,70,0,367,42,15.0,,A
220413000,2021-02-21T06:17:11,37.07621,-76.10010,12.2,329.5,331.0,GUNVOR MAERSK,IMO9302891,OYGC2,70,0,367,42,15.0,,A
367862000,2021-02-21T06:15:45,36.94819,-76.32971,0.0,35.7,280.0,JOSHUA HUMPHREYS,IMO8302428,NNJH,80,5,193,29,,,A
367865000,2021-02-21T06:20:18,36.88697,-76.33862,0.0,286.4,11.0,KANAWHA,IMO8704080,NPTD,80,5,206,29,,,A
356643000,2021-02-21T06:20:06,36.93582,-76.37932,0.1,210.9,336.0,ARKI,IMO9561801,3ENP3,70,1,170,27,9.7,70,A
368445000,2021-02-21T06:14:05,36.96309,-76.42011,0.0,55.8,188.0,OVERSEAS NIKISKI,IMO9353577,WDBH,80,5,183,32,12.2,80,A
477770400,2021-02-21T06:19:00,36.87994,-76.33158,0.0,98.3,96.0,BAO MAY,IMO9410155,VRGV8,70,0,292,45,18.2,70,A
636092329,2021-02-21T06:20:03,37.24625,-76.11859,0.1,261.4,357.0,BLUMENAU,IMO9605633,D5AL3,70,1,229,32,14.4,,A
366841000,2021-02-21T06:21:07,36.85326,-76.31053,0.0,0.0,511.0,CAPE RAY,IMO7530810,KAFI,70,5,197,32,10.0,,A
220413000,2021-02-21T06:20:32,37.08602,-76.10720,12.2,328.3,332.0,GUNVOR MAERSK,IMO9302891,OYGC2,70,0,367,42,15.0,,A
220413000,2021-02-21T06:22:50,37.09275,-76.11208,12.1,330.3,332.0,GUNVOR MAERSK,IMO9302891,OYGC2,70,0,367,42,15.0,,A
338846000,2021-02-21T06:22:45,36.86562,-76.31583,0.0,0.1,511.0,USNS MENDONCA,IMO9147320,NBMK,70,5,289,32,10.9,,A
255806078,2021-02-21T06:23:05,36.90937,-76.32717,0.1,306.9,352.0,NORTHERN MAGNUM,IMO9252541,CQIV4,71,5,300,40,11.3,71,A
367862000,2021-02-21T06:24:45,36.94818,-76.32977,0.0,35.7,280.0,JOSHUA HUMPHREYS,IMO8302428,NNJH,80,5,193,29,,,A
477770400,2021-02-21T06:24:49,36.87992,-76.33155,0.0,98.3,96.0,BAO MAY,IMO9410155,VRGV8,70,0,292,45,18.2,70,A
368026000,2021-02-21T06:26:44,36.86577,-76.31604,0.1,224.2,511.0,BENAVIDEZ,IMO9218210,NBHG,70,5,289,32,10.9,70,A
367821000,2021-02-21T06:28:54,36.97283,-76.43366,0.0,0.0,511.0,YANO,IMO7825409,NAQH,70,5,276,32,13.0,70,A
356589000,2021-02-21T06:28:13,37.23799,-76.09474,0.2,216.1,351.0,DOUBLE FORTUNE,IMO9574119,3FHZ2,70,1,234,38,14.5,70,A
366841000,2021-02-21T06:27:08,36.85327,-76.31055,0.0,0.0,511.0,CAPE RAY,IMO7530810,KAFI,70,5,197,32,10.0,,A
255806078,2021-02-21T06:26:07,36.90938,-76.32722,0.1,306.9,352.0,NORTHERN MAGNUM,IMO9252541,CQIV4,71,5,300,40,11.3,71,A
367359930,2021-02-21T06:29:24,36.82420,-76.28914,0.0,237.6,511.0,SUNNY WILLIAMS,,WDE4940,80,0,25,8,,80,A
373765000,2021-02-21T06:30:19,37.26326,-76.10626,0.1,251.4,4.0,AM CONTRECOEUR,IMO9583184,3FBX4,70,1,229,32,14.4,,A
367353070,2021-02-21T06:33:04,36.94420,-76.32948,0.0,11.0,267.0,EVERGREEN STATE,IMO9408138,WDE4430,80,5,183,32,11.8,89,A
356643000,2021-02-21T06:32:07,36.93578,-76.37940,0.0,173.3,344.0,ARKI,IMO9561801,3ENP3,70,1,170,27,9.7,70,A
356643000,2021-02-21T06:35:07,36.93579,-76.37939,0.1,126.7,344.0,ARKI,IMO9561801,3ENP3,70,1,170,27,9.7,70,A
255806078,2021-02-21T06:35:10,36.90937,-76.32720,0.1,306.9,352.0,NORTHERN MAGNUM,IMO9252541,CQIV4,71,5,300,40,11.3,71,A
220413000,2021-02-21T06:34:21,37.12748,-76.13645,12.6,330.1,331.0,GUNVOR MAERSK,IMO9302891,OYGC2,70,0,367,42,15.0,,A
367359930,2021-02-21T06:35:15,36.82422,-76.28914,0.0,243.6,511.0,SUNNY WILLIAMS,,WDE4940,80,0,25,8,,80,A
356589000,2021-02-21T06:34:13,37.23800,-76.09483,0.1,167.7,355.0,DOUBLE FORTUNE,IMO9574119,3FHZ2,70,1,234,38,14.5,70,A
255806078,2021-02-21T06:38:12,36.90943,-76.32718,0.1,306.9,352.0,NORTHERN MAGNUM,IMO9252541,CQIV4,71,5,300,40,11.3,71,A
367359930,2021-02-21T06:37:44,36.82422,-76.28915,0.0,246.3,511.0,SUNNY WILLIAMS,,WDE4940,80,0,25,8,,80,A
367353070,2021-02-21T06:42:04,36.94418,-76.32948,0.0,11.0,267.0,EVERGREEN STATE,IMO9408138,WDE4430,80,5,183,32,11.8,89,A
366839000,2021-02-21T06:38:16,36.85347,-76.31081,0.0,0.0,40.0,CAPE RISE,IMO7530808,KAFG,70,5,197,32,10.0,,A
368445000,2021-02-21T06:38:05,36.96306,-76.42017,0.0,55.8,188.0,OVERSEAS NIKISKI,IMO9353577,WDBH,80,5,183,32,12.2,80,A
538005622,2021-02-21T06:39:16,36.87956,-76.32624,0.1,202.6,276.0,SASEBO GREEN,IMO9675468,V7FN3,70,5,225,32,14.4,,A
338273000,2021-02-21T06:43:05,36.96272,-76.35725,0.0,69.5,16.0,SLNC YORK,IMO9538907,WNCG,70,1,142,23,5.5,70,A
367822000,2021-02-21T06:41:10,36.97311,-76.43386,0.0,0.0,511.0,USNS SHUGHART,IMO7825394,NAOQ,70,5,276,32,13.0,70,A
428405000,2021-02-21T06:42:34,36.90626,-76.32667,0.0,351.5,352.0,ZIM QINGDAO,IMO9318163,4XFC,71,5,261,32,9.9,71,A
220413000,2021-02-21T06:43:30,37.15725,-76.15096,12.7,351.1,353.0,GUNVOR MAERSK,IMO9302891,OYGC2,70,0,367,42,15.0,,A
367821000,2021-02-21T06:46:54,36.97284,-76.43363,0.0,0.0,511.0,YANO,IMO7825409,NAQH,70,5,276,32,13.0,70,A
477770400,2021-02-21T06:48:50,36.87994,-76.33156,0.0,98.3,96.0,BAO MAY,IMO9410155,VRGV8,70,0,292,45,18.2,70,A
367353070,2021-02-21T06:51:03,36.94413,-76.32947,0.0,140.0,267.0,EVERGREEN STATE,IMO9408138,WDE4430,80,5,183,32,11.8,89,A
367865000,2021-02-21T06:50:19,36.88693,-76.33853,0.0,286.4,11.0,KANAWHA,IMO8704080,NPTD,80,5,206,29,,,A
367862000,2021-02-21T06:48:45,36.94807,-76.32982,0.0,35.7,280.0,JOSHUA HUMPHREYS,IMO8302428,NNJH,80,5,193,29,,,A
477770400,2021-02-21T06:53:20,36.87996,-76.33156,0.0,98.3,96.0,BAO MAY,IMO9410155,VRGV8,70,0,292,45,18.2,70,A
428405000,2021-02-21T06:51:34,36.90623,-76.32669,0.0,351.6,352.0,ZIM QINGDAO,IMO9318163,4XFC,71,5,261,32,9.9,71,A
220413000,2021-02-21T06:52:34,37.18895,-76.15385,12.3,13.0,15.0,GUNVOR MAERSK,IMO9302891,OYGC2,70,0,367,42,15.0,,A
220413000,2021-02-21T06:55:51,37.19976,-76.14982,12.2,17.3,17.0,GUNVOR MAERSK,IMO9302891,OYGC2,70,0,367,42,15.0,,A
366841000,2021-02-21T06:54:08,36.85330,-76.31054,0.0,0.0,511.0,CAPE RAY,IMO7530810,KAFI,70,5,197,32,10.0,,A
636092329,2021-02-21T06:56:06,37.24628,-76.11865,0.0,279.8,358.0,BLUMENAU,IMO9605633,D5AL3,70,1,229,32,14.4,,A
367821000,2021-02-21T06:55:53,36.97284,-76.43364,0.0,0.0,511.0,YANO,IMO7825409,NAQH,70,5,276,32,13.0,70,A
356643000,2021-02-21T06:59:06,36.93573,-76.37971,0.0,208.8,355.0,ARKI,IMO9561801,3ENP3,70,1,170,27,9.7,70,A
367359930,2021-02-21T06:59:44,36.82418,-76.28912,0.0,267.3,511.0,SUNNY WILLIAMS,,WDE4940,80,0,25,8,,80,A
220413000,2021-02-21T06:58:01,37.20670,-76.14713,12.1,16.2,17.0,GUNVOR MAERSK,IMO9302891,OYGC2,70,0,367,42,15.0,,A
255806078,2021-02-21T06:59:23,36.90940,-76.32718,0.1,306.9,352.0,NORTHERN MAGNUM,IMO9252541,CQIV4,71,5,300,40,11.3,71,A
477770400,2021-02-21T06:59:10,36.87996,-76.33155,0.0,98.3,96.0,BAO MAY,IMO9410155,VRGV8,70,0,292,45,18.2,70,A
477770400,2021-02-21T07:00:10,36.87994,-76.33156,0.0,98.3,96.0,BAO MAY,IMO9410155,VRGV8,70,0,292,45,18.2,70,A
367359930,2021-02-21T07:00:05,36.82418,-76.28913,0.0,267.0,511.0,SUNNY WILLIAMS,,WDE4940,80,0,25,8,,80,A
538005622,2021-02-21T07:00:16,36.87954,-76.32623,0.1,189.9,276.0,SASEBO GREEN,IMO9675468,V7FN3,70,5,225,32,14.4,,A
538005622,2021-02-21T07:03:16,36.87953,-76.32625,0.1,189.6,276.0,SASEBO GREEN,IMO9675468,V7FN3,70,5,225,32,14.4,,A
220413000,2021-02-21T07:01:11,37.21693,-76.14321,12.0,16.8,17.0,GUNVOR MAERSK,IMO9302891,OYGC2,70,0,367,42,15.0,,A
220413000,2021-02-21T07:04:40,37.22802,-76.13895,11.8,16.4,17.0,GUNVOR MAERSK,IMO9302891,OYGC2,70,0,367,42,15.0,,A
366839000,2021-02-21T07:05:16,36.85350,-76.31081,0.0,0.0,40.0,CAPE RISE,IMO7530808,KAFG,70,5,197,32,10.0,,A
368026000,2021-02-21T07:05:44,36.86576,-76.31604,0.0,224.2,511.0,BENAVIDEZ,IMO9218210,NBHG,70,5,289,32,10.9,70,A
366841000,2021-02-21T07:09:04,36.85331,-76.31053,0.0,0.0,511.0,CAPE RAY,IMO7530810,KAFI,70,5,197,32,10.0,,A
373765000,2021-02-21T07:12:18,37.26327,-76.10610,0.2,82.6,1.0,AM CONTRECOEUR,IMO9583184,3FBX4,70,1,229,32,14.4,,A
477770400,2021-02-21T07:10:40,36.87994,-76.33154,0.0,98.3,96.0,BAO MAY,IMO9410155,VRGV8,70,0,292,45,18.2,70,A
220413000,2021-02-21T07:10:19,37.24575,-76.13186,11.8,19.2,18.0,GUNVOR MAERSK,IMO9302891,OYGC2,70,0,367,42,15.0,,A
255806078,2021-02-21T07:11:29,36.90937,-76.32720,0.1,306.9,352.0,NORTHERN MAGNUM,IMO9252541,CQIV4,71,5,300,40,11.3,71,A
356589000,2021-02-21T07:13:12,37.23804,-76.09463,0.1,153.2,351.0,DOUBLE FORTUNE,IMO9574119,3FHZ2,70,1,234,38,14.5,70,A
538005622,2021-02-21T07:12:16,36.87956,-76.32625,0.0,185.0,277.0,SASEBO GREEN,IMO9675468,V7FN3,70,5,225,32,14.4,,A
477770400,2021-02-21T07:15:10,36.87994,-76.33157,0.0,98.3,96.0,BAO MAY,IMO9410155,VRGV8,70,0,292,45,18.2,70,A
366841000,2021-02-21T07:18:08,36.85333,-76.31054,0.0,0.0,511.0,CAPE RAY,IMO7530810,KAFI,70,5,197,32,10.0,,A
255806078,2021-02-21T07:17:30,36.90937,-76.32715,0.1,306.9,352.0,NORTHERN MAGNUM,IMO9252541,CQIV4,71,5,300,40,11.3,71,A
367865000,2021-02-21T07:20:18,36.88694,-76.33858,0.0,286.4,11.0,KANAWHA,IMO8704080,NPTD,80,5,206,29,,,A
367822000,2021-02-21T07:20:10,36.97306,-76.43387,0.0,0.0,511.0,USNS SHUGHART,IMO7825394,NAOQ,70,5,276,32,13.0,70,A
373765000,2021-02-21T07:21:21,37.26324,-76.10607,0.1,80.0,358.0,AM CONTRECOEUR,IMO9583184,3FBX4,70,1,229,32,14.4,,A
366839000,2021-02-21T07:20:16,36.85354,-76.31086,0.0,0.0,40.0,CAPE RISE,IMO7530808,KAFG,70,5,197,32,10.0,,A
338678000,2021-02-21T07:24:31,36.91627,-76.16845,0.0,240.1,10.0,DOLORES CHOUEST,IMO8225931,WCP8847,70,5,54,12,4.0,35,A
356589000,2021-02-21T07:22:15,37.23803,-76.09466,0.0,232.2,351.0,DOUBLE FORTUNE,IMO9574119,3FHZ2,70,1,234,38,14.5,70,A
356589000,2021-02-21T07:25:12,37.23803,-76.09465,0.0,232.2,352.0,DOUBLE FORTUNE,IMO9574119,3FHZ2,70,1,234,38,14.5,70,A
367865000,2021-02-21T07:26:19,36.88695,-76.33855,0.0,286.4,11.0,KANAWHA,IMO8704080,NPTD,80,5,206,29,,,A
368445000,2021-02-21T07:23:06,36.96305,-76.42016,0.0,55.8,188.0,OVERSEAS NIKISKI,IMO9353577,WDBH,80,5,183,32,12.2,80,A
356643000,2021-02-21T07:26:06,36.93575,-76.37962,0.1,174.3,354.0,ARKI,IMO9561801,3ENP3,70,1,170,27,9.7,70,A
366842000,2021-02-21T07:24:11,36.85386,-76.31117,0.0,0.0,42.0,CAPE RACE,IMO7616377,KAFJ,70,5,197,32,10.0,,A
367359930,2021-02-21T07:28:04,36.82418,-76.28911,0.0,277.0,511.0,SUNNY WILLIAMS,,WDE4940,80,0,25,8,,80,A
367359930,2021-02-21T07:29:15,36.82417,-76.28910,0.0,276.6,511.0,SUNNY WILLIAMS,,WDE4940,80,0,25,8,,80,A
366839000,2021-02-21T07:29:18,36.85345,-76.31079,0.0,0.0,40.0,CAPE RISE,IMO7530808,KAFG,70,5,197,32,10.0,,A
367359930,2021-02-21T07:32:54,36.82421,-76.28914,0.0,282.5,511.0,SUNNY WILLIAMS,,WDE4940,80,0,25,8,,80,A
220413000,2021-02-21T07:33:11,37.31292,-76.09747,11.2,31.5,30.0,GUNVOR MAERSK,IMO9302891,OYGC2,70,0,367,42,15.0,,A
477770400,2021-02-21T07:31:09,36.87993,-76.33154,0.0,98.3,96.0,BAO MAY,IMO9410155,VRGV8,70,0,292,45,18.2,70,A
636092329,2021-02-21T07:32:02,37.24628,-76.11883,0.1,299.5,359.0,BLUMENAU,IMO9605633,D5AL3,70,1,229,32,14.4,,A
367822000,2021-02-21T07:32:08,36.97311,-76.43386,0.0,0.0,511.0,USNS SHUGHART,IMO7825394,NAOQ,70,5,276,32,13.0,70,A
636092329,2021-02-21T07:35:04,37.24628,-76.11890,0.1,299.5,3.0,BLUMENAU,IMO9605633,D5AL3,70,1,229,32,14.4,,A
367822000,2021-02-21T07:35:10,36.97311,-76.43386,0.0,0.0,511.0,USNS SHUGHART,IMO7825394,NAOQ,70,5,276,32,13.0,70,A
477770400,2021-02-21T07:33:29,36.87994,-76.33157,0.0,98.3,96.0,BAO MAY,IMO9410155,VRGV8,70,0,292,45,18.2,70,A
477770400,2021-02-21T07:35:49,36.87994,-76.33156,0.0,98.3,96.0,BAO MAY,IMO9410155,VRGV8,70,0,292,45,18.2,70,A
356589000,2021-02-21T07:37:12,37.23804,-76.09469,0.0,200.7,351.0,DOUBLE FORTUNE,IMO9574119,3FHZ2,70,1,234,38,14.5,70,A
366842000,2021-02-21T07:39:20,36.85384,-76.31118,0.0,0.0,42.0,CAPE RACE,IMO7616377,KAFJ,70,5,197,32,10.0,,A
367359930,2021-02-21T07:35:25,36.82420,-76.28914,0.0,297.3,511.0,SUNNY WILLIAMS,,WDE4940,80,0,25,8,,80,A
338678000,2021-02-21T07:39:31,36.91618,-76.16840,0.0,263.8,10.0,DOLORES CHOUEST,IMO8225931,WCP8847,70,5,54,12,4.0,35,A
255806078,2021-02-21T07:35:39,36.90935,-76.32720,0.1,306.9,352.0,NORTHERN MAGNUM,IMO9252541,CQIV4,71,5,300,40,11.3,71,A
366839000,2021-02-21T07:38:11,36.85349,-76.31079,0.0,0.0,40.0,CAPE RISE,IMO7530808,KAFG,70,5,197,32,10.0,,A
373765000,2021-02-21T07:39:21,37.26326,-76.10617,0.1,80.0,2.0,AM CONTRECOEUR,IMO9583184,3FBX4,70,1,229,32,14.4,,A
367865000,2021-02-21T07:38:19,36.88694,-76.33852,0.0,286.4,11.0,KANAWHA,IMO8704080,NPTD,80,5,206,29,,,A
366841000,2021-02-21T07:42:10,36.85328,-76.31051,0.0,0.0,511.0,CAPE RAY,IMO7530810,KAFI,70,5,197,32,10.0,,A
367359930,2021-02-21T07:40:25,36.82421,-76.28914,0.0,315.6,511.0,SUNNY WILLIAMS,,WDE4940,80,0,25,8,,80,A
338846000,2021-02-21T07:40:45,36.86559,-76.31580,0.0,0.1,511.0,USNS MENDONCA,IMO9147320,NBMK,70,5,289,32,10.9,,A
428405000,2021-02-21T07:42:34,36.90623,-76.32667,0.0,351.6,352.0,ZIM QINGDAO,IMO9318163,4XFC,71,5,261,32,9.9,71,A
636092329,2021-02-21T07:41:04,37.24630,-76.11886,0.1,299.5,2.0,BLUMENAU,IMO9605633,D5AL3,70,1,229,32,14.4,,A
367353070,2021-02-21T07:42:03,36.94413,-76.32948,0.0,155.0,267.0,EVERGREEN STATE,IMO9408138,WDE4430,80,5,183,32,11.8,89,A
367359930,2021-02-21T07:45:05,36.82423,-76.28913,0.0,315.6,511.0,SUNNY WILLIAMS,,WDE4940,80,0,25,8,,80,A
368445000,2021-02-21T07:41:05,36.96303,-76.42012,0.0,55.8,188.0,OVERSEAS NIKISKI,IMO9353577,WDBH,80,5,183,32,12.2,80,A
368026000,2021-02-21T07:44:44,36.86576,-76.31603,0.1,224.2,511.0,BENAVIDEZ,IMO9218210,NBHG,70,5,289,32,10.9,70,A
356589000,2021-02-21T07:46:13,37.23801,-76.09462,0.0,136.9,349.0,DOUBLE FORTUNE,IMO9574119,3FHZ2,70,1,234,38,14.5,70,A
368026000,2021-02-21T07:47:44,36.86576,-76.31605,0.0,224.2,511.0,BENAVIDEZ,IMO9218210,NBHG,70,5,289,32,10.9,70,A
367353070,2021-02-21T07:48:03,36.94415,-76.32948,0.0,155.0,267.0,EVERGREEN STATE,IMO9408138,WDE4430,80,5,183,32,11.8,89,A
366839000,2021-02-21T07:47:16,36.85352,-76.31081,0.0,0.0,40.0,CAPE RISE,IMO7530808,KAFG,70,5,197,32,10.0,,A
356589000,2021-02-21T07:52:13,37.23805,-76.09457,0.1,148.4,349.0,DOUBLE FORTUNE,IMO9574119,3FHZ2,70,1,234,38,14.5,70,A
367359930,2021-02-21T07:49:45,36.82421,-76.28913,0.0,316.9,511.0,SUNNY WILLIAMS,,WDE4940,80,0,25,8,,80,A
255806078,2021-02-21T07:50:46,36.90940,-76.32720,0.1,306.9,352.0,NORTHERN MAGNUM,IMO9252541,CQIV4,71,5,300,40,11.3,71,A
338846000,2021-02-21T07:52:46,36.86563,-76.31582,0.0,0.1,511.0,USNS MENDONCA,IMO9147320,NBMK,70,5,289,32,10.9,,A
367862000,2021-02-21T07:51:45,36.94815,-76.32976,0.0,35.7,280.0,JOSHUA HUMPHREYS,IMO8302428,NNJH,80,5,193,29,,,A
367822000,2021-02-21T07:50:08,36.97312,-76.43383,0.0,0.0,511.0,USNS SHUGHART,IMO7825394,NAOQ,70,5,276,32,13.0,70,A
477770400,2021-02-21T07:51:59,36.87990,-76.33157,0.0,98.3,96.0,BAO MAY,IMO9410155,VRGV8,70,0,292,45,18.2,70,A
368445000,2021-02-21T07:47:05,36.96304,-76.42016,0.0,55.8,188.0,OVERSEAS NIKISKI,IMO9353577,WDBH,80,5,183,32,12.2,80,A
428405000,2021-02-21T07:51:33,36.90624,-76.32669,0.0,351.6,352.0,ZIM QINGDAO,IMO9318163,4XFC,71,5,261,32,9.9,71,A
367865000,2021-02-21T07:50:18,36.88692,-76.33860,0.0,286.4,11.0,KANAWHA,IMO8704080,NPTD,80,5,206,29,,,A
367353070,2021-02-21T07:51:03,36.94417,-76.32948,0.0,155.0,267.0,EVERGREEN STATE,IMO9408138,WDE4430,80,5,183,32,11.8,89,A
338273000,2021-02-21T07:52:05,36.96275,-76.35734,0.1,69.5,14.0,SLNC YORK,IMO9538907,WNCG,70,1,142,23,5.5,70,A
367821000,2021-02-21T07:55:53,36.97281,-76.43367,0.0,0.0,511.0,YANO,IMO7825409,NAQH,70,5,276,32,13.0,70,A
367862000,2021-02-21T07:54:44,36.94814,-76.32979,0.0,35.7,280.0,JOSHUA HUMPHREYS,IMO8302428,NNJH,80,5,193,29,,,A
477770400,2021-02-21T07:57:38,36.87993,-76.33155,0.0,98.3,96.0,BAO MAY,IMO9410155,VRGV8,70,0,292,45,18.2,70,A
367821000,2021-02-21T07:58:52,36.97281,-76.43367,0.0,0.0,511.0,YANO,IMO7825409,NAQH,70,5,276,32,13.0,70,A
373765000,2021-02-21T08:00:22,37.26329,-76.10631,0.0,80.0,5.0,AM CONTRECOEUR,IMO9583184,3FBX4,70,1,229,32,14.4,,A
477770400,2021-02-21T07:58:49,36.87995,-76.33155,0.0,98.3,96.0,BAO MAY,IMO9410155,VRGV8,70,0,292,45,18.2,70,A
368445000,2021-02-21T07:56:05,36.96310,-76.42013,0.0,55.8,188.0,OVERSEAS NIKISKI,IMO9353577,WDBH,80,5,183,32,12.2,80,A
428405000,2021-02-21T08:00:34,36.90620,-76.32668,0.0,351.5,352.0,ZIM QINGDAO,IMO9318163,4XFC,71,5,261,32,9.9,71,A
338273000,2021-02-21T08:01:06,36.96273,-76.35745,0.0,69.5,23.0,SLNC YORK,IMO9538907,WNCG,70,1,142,23,5.5,70,A
338846000,2021-02-21T08:01:46,36.86557,-76.31582,0.0,0.1,511.0,USNS MENDONCA,IMO9147320,NBMK,70,5,289,32,10.9,,A
367822000,2021-02-21T08:02:08,36.97312,-76.43383,0.0,0.0,511.0,USNS SHUGHART,IMO7825394,NAOQ,70,5,276,32,13.0,70,A
367865000,2021-02-21T08:02:19,36.88694,-76.33850,0.0,286.4,11.0,KANAWHA,IMO8704080,NPTD,80,5,206,29,,,A
366842000,2021-02-21T08:06:17,36.85383,-76.31117,0.0,0.0,42.0,CAPE RACE,IMO7616377,KAFJ,70,5,197,32,10.0,,A
367822000,2021-02-21T08:08:09,36.97313,-76.43383,0.0,0.0,511.0,USNS SHUGHART,IMO7825394,NAOQ,70,5,276,32,13.0,70,A
636092329,2021-02-21T08:05:03,37.24625,-76.11862,0.1,299.5,359.0,BLUMENAU,IMO9605633,D5AL3,70,1,229,32,14.4,,A
428405000,2021-02-21T08:06:34,36.90620,-76.32667,0.0,351.6,352.0,ZIM QINGDAO,IMO9318163,4XFC,71,5,261,32,9.9,71,A
477770400,2021-02-21T08:07:50,36.87992,-76.33154,0.0,98.3,96.0,BAO MAY,IMO9410155,VRGV8,70,0,292,45,18.2,70,A
338273000,2021-02-21T08:10:05,36.96273,-76.35729,0.0,69.5,23.0,SLNC YORK,IMO9538907,WNCG,70,1,142,23,5.5,70,A
366841000,2021-02-21T08:12:08,36.85329,-76.31052,0.0,0.0,511.0,CAPE RAY,IMO7530810,KAFI,70,5,197,32,10.0,,A
428405000,2021-02-21T08:09:34,36.90625,-76.32668,0.0,351.6,352.0,ZIM QINGDAO,IMO9318163,4XFC,71,5,261,32,9.9,71,A
428405000,2021-02-21T08:12:34,36.90621,-76.32669,0.0,351.6,352.0,ZIM QINGDAO,IMO9318163,4XFC,71,5,261,32,9.9,71,A
368445000,2021-02-21T08:05:05,36.96312,-76.42009,0.0,55.8,188.0,OVERSEAS NIKISKI,IMO9353577,WDBH,80,5,183,32,12.2,80,A
538005622,2021-02-21T08:06:16,36.87956,-76.32622,0.0,181.8,276.0,SASEBO GREEN,IMO9675468,V7FN3,70,5,225,32,14.4,,A
255806078,2021-02-21T08:14:54,36.90935,-76.32720,0.1,306.9,352.0,NORTHERN MAGNUM,IMO9252541,CQIV4,71,5,300,40,11.3,71,A
477770400,2021-02-21T08:13:28,36.87995,-76.33154,0.0,98.3,96.0,BAO MAY,IMO9410155,VRGV8,70,0,292,45,18.2,70,A
338273000,2021-02-21T08:16:05,36.96273,-76.35733,0.0,69.5,19.0,SLNC YORK,IMO9538907,WNCG,70,1,142,23,5.5,70,A
373765000,2021-02-21T08:15:19,37.26326,-76.10627,0.1,80.0,3.0,AM CONTRECOEUR,IMO9583184,3FBX4,70,1,229,32,14.4,,A
428405000,2021-02-21T08:15:35,36.90622,-76.32668,0.0,351.5,352.0,ZIM QINGDAO,IMO9318163,4XFC,71,5,261,32,9.9,71,A
368445000,2021-02-21T08:11:05,36.96303,-76.42011,0.0,55.8,188.0,OVERSEAS NIKISKI,IMO9353577,WDBH,80,5,183,32,12.2,80,A
338846000,2021-02-21T08:16:46,36.86561,-76.31581,0.0,0.1,511.0,USNS MENDONCA,IMO9147320,NBMK,70,5,289,32,10.9,,A
636092329,2021-02-21T08:23:02,37.24628,-76.11858,0.0,299.5,359.0,BLUMENAU,IMO9605633,D5AL3,70,1,229,32,14.4,,A
338273000,2021-02-21T08:25:05,36.96276,-76.35753,0.0,69.5,16.0,SLNC YORK,IMO9538907,WNCG,70,1,142,23,5.5,70,A
366839000,2021-02-21T08:26:20,36.85352,-76.31081,0.0,0.0,40.0,CAPE RISE,IMO7530808,KAFG,70,5,197,32,10.0,,A
477770400,2021-02-21T08:27:09,36.87994,-76.33155,0.0,98.3,96.0,BAO MAY,IMO9410155,VRGV8,70,0,292,45,18.2,70,A
428405000,2021-02-21T08:30:34,36.90625,-76.32670,0.0,351.5,352.0,ZIM QINGDAO,IMO9318163,4XFC,71,5,261,32,9.9,71,A
338273000,2021-02-21T08:28:05,36.96277,-76.35757,0.0,69.5,20.0,SLNC YORK,IMO9538907,WNCG,70,1,142,23,5.5,70,A
367359930,2021-02-21T08:28:54,36.82422,-76.28913,0.0,315.1,511.0,SUNNY WILLIAMS,,WDE4940,80,0,25,8,,80,A
367359930,2021-02-21T08:29:56,36.82420,-76.28913,0.0,314.6,511.0,SUNNY WILLIAMS,,WDE4940,80,0,25,8,,80,A
367359930,2021-02-21T08:31:06,36.82420,-76.28913,0.0,309.2,511.0,SUNNY WILLIAMS,,WDE4940,80,0,25,8,,80,A
477770400,2021-02-21T08:31:39,36.87996,-76.33156,0.0,98.3,96.0,BAO MAY,IMO9410155,VRGV8,70,0,292,45,18.2,70,A
636092329,2021-02-21T08:35:03,37.24626,-76.11873,0.1,299.5,1.0,BLUMENAU,IMO9605633,D5AL3,70,1,229,32,14.4,,A
366842000,2021-02-21T08:33:18,36.85386,-76.31120,0.0,0.0,42.0,CAPE RACE,IMO7616377,KAFJ,70,5,197,32,10.0,,A
338846000,2021-02-21T08:34:46,36.86560,-76.31581,0.0,0.1,511.0,USNS MENDONCA,IMO9147320,NBMK,70,5,289,32,10.9,,A
367821000,2021-02-21T08:34:53,36.97282,-76.43367,0.0,0.0,511.0,YANO,IMO7825409,NAQH,70,5,276,32,13.0,70,A
368445000,2021-02-21T08:32:05,36.96312,-76.42013,0.0,55.8,188.0,OVERSEAS NIKISKI,IMO9353577,WDBH,80,5,183,32,12.2,80,A
338273000,2021-02-21T08:37:05,36.96269,-76.35743,0.1,69.5,33.0,SLNC YORK,IMO9538907,WNCG,70,1,142,23,5.5,70,A
477770400,2021-02-21T08:37:28,36.87995,-76.33155,0.0,98.3,96.0,BAO MAY,IMO9410155,VRGV8,70,0,292,45,18.2,70,A
477770400,2021-02-21T08:38:40,36.87995,-76.33155,0.0,98.3,96.0,BAO MAY,IMO9410155,VRGV8,70,0,292,45,18.2,70,A
367359930,2021-02-21T08:39:15,36.82416,-76.28913,0.0,299.8,511.0,SUNNY WILLIAMS,,WDE4940,80,0,25,8,,80,A
367359930,2021-02-21T08:41:45,36.82419,-76.28915,0.0,299.2,511.0,SUNNY WILLIAMS,,WDE4940,80,0,25,8,,80,A
338273000,2021-02-21T08:43:05,36.96272,-76.35732,0.0,69.5,27.0,SLNC YORK,IMO9538907,WNCG,70,1,142,23,5.5,70,A
538005622,2021-02-21T08:36:42,36.87969,-76.32627,0.2,336.4,282.0,SASEBO GREEN,IMO9675468,V7FN3,70,0,225,32,14.4,,A
356643000,2021-02-21T08:47:07,36.93575,-76.37958,0.1,72.8,345.0,ARKI,IMO9561801,3ENP3,70,1,170,27,9.7,70,A
367359930,2021-02-21T08:46:25,36.82417,-76.28914,0.0,300.9,511.0,SUNNY WILLIAMS,,WDE4940,80,0,25,8,,80,A
367821000,2021-02-21T08:46:53,36.97282,-76.43369,0.0,0.0,511.0,YANO,IMO7825409,NAQH,70,5,276,32,13.0,70,A
367359930,2021-02-21T08:48:55,36.82420,-76.28913,0.0,302.0,511.0,SUNNY WILLIAMS,,WDE4940,80,0,25,8,,80,A
367359930,2021-02-21T08:50:04,36.82420,-76.28914,0.0,302.5,511.0,SUNNY WILLIAMS,,WDE4940,80,0,25,8,,80,A
477770400,2021-02-21T08:52:38,36.87995,-76.33154,0.0,98.3,96.0,BAO MAY,IMO9410155,VRGV8,70,0,292,45,18.2,70,A
373765000,2021-02-21T08:51:21,37.26324,-76.10611,0.0,80.0,1.0,AM CONTRECOEUR,IMO9583184,3FBX4,70,1,229,32,14.4,,A
366841000,2021-02-21T08:54:08,36.85327,-76.31054,0.0,0.0,511.0,CAPE RAY,IMO7530810,KAFI,70,5,197,32,10.0,,A
366842000,2021-02-21T08:57:19,36.85385,-76.31119,0.0,0.0,42.0,CAPE RACE,IMO7616377,KAFJ,70,5,197,32,10.0,,A
367862000,2021-02-21T08:57:44,36.94809,-76.32974,0.0,35.7,280.0,JOSHUA HUMPHREYS,IMO8302428,NNJH,80,5,193,29,,,A
368445000,2021-02-21T08:53:05,36.96308,-76.42010,0.0,55.8,188.0,OVERSEAS NIKISKI,IMO9353577,WDBH,80,5,183,32,12.2,80,A
366842000,2021-02-21T09:00:15,36.85386,-76.31117,0.0,0.0,42.0,CAPE RACE,IMO7616377,KAFJ,70,5,197,32,10.0,,A
366841000,2021-02-21T09:00:04,36.85328,-76.31052,0.0,0.0,511.0,CAPE RAY,IMO7530810,KAFI,70,5,197,32,10.0,,A
477770400,2021-02-21T08:59:49,36.87994,-76.33158,0.0,98.3,95.0,BAO MAY,IMO9410155,VRGV8,70,0,292,45,18.2,70,A
477770400,2021-02-21T09:01:19,36.87994,-76.33155,0.0,98.3,95.0,BAO MAY,IMO9410155,VRGV8,70,0,292,45,18.2,70,A
338846000,2021-02-21T09:01:47,36.86561,-76.31586,0.0,0.1,511.0,USNS MENDONCA,IMO9147320,NBMK,70,5,289,32,10.9,,A
366839000,2021-02-21T09:02:15,36.85350,-76.31081,0.0,0.0,40.0,CAPE RISE,IMO7530808,KAFG,70,5,197,32,10.0,,A
255806078,2021-02-21T09:06:18,36.90932,-76.32723,0.1,306.9,352.0,NORTHERN MAGNUM,IMO9252541,CQIV4,71,5,300,40,11.3,71,A
367359930,2021-02-21T09:03:36,36.82421,-76.28913,0.0,252.1,511.0,SUNNY WILLIAMS,,WDE4940,80,0,25,8,,80,A
538005622,2021-02-21T09:02:23,36.90189,-76.33693,7.9,352.0,353.0,SASEBO GREEN,IMO9675468,V7FN3,70,0,225,32,14.4,,A
255806078,2021-02-21T09:09:19,36.90938,-76.32718,0.1,306.9,352.0,NORTHERN MAGNUM,IMO9252541,CQIV4,71,5,300,40,11.3,71,A
477770400,2021-02-21T09:08:19,36.87993,-76.33157,0.0,98.3,95.0,BAO MAY,IMO9410155,VRGV8,70,0,292,45,18.2,70,A
367822000,2021-02-21T09:11:10,36.97314,-76.43382,0.0,0.0,511.0,USNS SHUGHART,IMO7825394,NAOQ,70,5,276,32,13.0,70,A
338678000,2021-02-21T09:09:31,36.91626,-76.16842,0.0,291.3,10.0,DOLORES CHOUEST,IMO8225931,WCP8847,70,5,54,12,4.0,35,A
367821000,2021-02-21T09:10:52,36.97279,-76.43371,0.0,0.0,511.0,YANO,IMO7825409,NAQH,70,5,276,32,13.0,70,A
477770400,2021-02-21T09:10:38,36.87994,-76.33155,0.0,98.3,95.0,BAO MAY,IMO9410155,VRGV8,70,0,292,45,18.2,70,A
477770400,2021-02-21T09:13:00,36.87994,-76.33156,0.0,98.3,95.0,BAO MAY,IMO9410155,VRGV8,70,0,292,45,18.2,70,A
338846000,2021-02-21T09:16:46,36.86556,-76.31582,0.0,0.1,511.0,USNS MENDONCA,IMO9147320,NBMK,70,5,289,32,10.9,,A
368026000,2021-02-21T09:14:44,36.86577,-76.31603,0.0,224.2,511.0,BENAVIDEZ,IMO9218210,NBHG,70,5,289,32,10.9,70,A
367862000,2021-02-21T09:15:44,36.94807,-76.32976,0.0,35.7,280.0,JOSHUA HUMPHREYS,IMO8302428,NNJH,80,5,193,29,,,A
477770400,2021-02-21T09:16:30,36.87996,-76.33158,0.0,98.3,96.0,BAO MAY,IMO9410155,VRGV8,70,0,292,45,18.2,70,A
338678000,2021-02-21T09:18:31,36.91623,-76.16844,0.0,263.4,9.0,DOLORES CHOUEST,IMO8225931,WCP8847,70,5,54,12,4.0,35,A
366841000,2021-02-21T09:21:10,36.85327,-76.31057,0.0,0.0,511.0,CAPE RAY,IMO7530810,KAFI,70,5,197,32,10.0,,A
255806078,2021-02-21T09:18:20,36.90933,-76.32718,0.1,306.9,352.0,NORTHERN MAGNUM,IMO9252541,CQIV4,71,5,300,40,11.3,71,A
338846000,2021-02-21T09:19:46,36.86557,-76.31586,0.0,0.1,511.0,USNS MENDONCA,IMO9147320,NBMK,70,5,289,32,10.9,,A
538005622,2021-02-21T09:16:13,36.93603,-76.33772,9.5,2.7,3.0,SASEBO GREEN,IMO9675468,V7FN3,70,0,225,32,14.4,,A
255806078,2021-02-21T09:24:25,36.90932,-76.32733,0.1,306.9,352.0,NORTHERN MAGNUM,IMO9252541,CQIV4,71,5,300,40,11.3,71,A
338846000,2021-02-21T09:22:47,36.86554,-76.31584,0.0,0.1,511.0,USNS MENDONCA,IMO9147320,NBMK,70,5,289,32,10.9,,A
636092329,2021-02-21T09:26:04,37.24627,-76.11858,0.0,299.5,0.0,BLUMENAU,IMO9605633,D5AL3,70,1,229,32,14.4,,A
538005622,2021-02-21T09:23:03,36.95453,-76.33632,9.8,4.1,4.0,SASEBO GREEN,IMO9675468,V7FN3,70,0,225,32,14.4,,A
366841000,2021-02-21T09:30:05,36.85329,-76.31054,0.0,0.0,511.0,CAPE RAY,IMO7530810,KAFI,70,5,197,32,10.0,,A
367359930,2021-02-21T09:29:05,36.82419,-76.28914,0.0,231.1,511.0,SUNNY WILLIAMS,,WDE4940,80,0,25,8,,80,A
538005622,2021-02-21T09:25:23,36.96102,-76.33578,10.1,3.7,4.0,SASEBO GREEN,IMO9675468,V7FN3,70,0,225,32,14.4,,A
538005622,2021-02-21T09:27:33,36.96706,-76.33508,10.0,13.1,22.0,SASEBO GREEN,IMO9675468,V7FN3,70,0,225,32,14.4,,A
636092329,2021-02-21T09:32:05,37.24629,-76.11845,0.1,299.5,356.0,BLUMENAU,IMO9605633,D5AL3,70,1,229,32,14.4,,A
255806078,2021-02-21T09:33:29,36.90933,-76.32725,0.1,306.9,352.0,NORTHERN MAGNUM,IMO9252541,CQIV4,71,5,300,40,11.3,71,A
538005622,2021-02-21T09:31:03,36.97509,-76.32854,9.9,45.0,45.0,SASEBO GREEN,IMO9675468,V7FN3,70,0,225,32,14.4,,A
367359930,2021-02-21T09:38:35,36.82420,-76.28914,0.0,229.6,511.0,SUNNY WILLIAMS,,WDE4940,80,0,25,8,,80,A
636092329,2021-02-21T09:35:06,37.24625,-76.11839,0.0,299.5,353.0,BLUMENAU,IMO9605633,D5AL3,70,1,229,32,14.4,,A
477770400,2021-02-21T09:36:29,36.87993,-76.33156,0.0,98.3,96.0,BAO MAY,IMO9410155,VRGV8,70,0,292,45,18.2,70,A
338273000,2021-02-21T09:40:05,36.96270,-76.35715,0.0,69.5,16.0,SLNC YORK,IMO9538907,WNCG,70,1,142,23,5.5,70,A
356589000,2021-02-21T09:37:13,37.23803,-76.09451,0.1,187.1,344.0,DOUBLE FORTUNE,IMO9574119,3FHZ2,70,1,234,38,14.5,70,A
367359930,2021-02-21T09:40:54,36.82420,-76.28913,0.0,225.5,511.0,SUNNY WILLIAMS,,WDE4940,80,0,25,8,,80,A
477770400,2021-02-21T09:38:48,36.87993,-76.33156,0.0,98.3,96.0,BAO MAY,IMO9410155,VRGV8,70,0,292,45,18.2,70,A
368445000,2021-02-21T09:32:06,36.96309,-76.42015,0.0,55.8,188.0,OVERSEAS NIKISKI,IMO9353577,WDBH,80,5,183,32,12.2,80,A
368445000,2021-02-21T09:35:05,36.96303,-76.42008,0.0,55.8,188.0,OVERSEAS NIKISKI,IMO9353577,WDBH,80,5,183,32,12.2,80,A
338846000,2021-02-21T09:43:46,36.86560,-76.31580,0.0,0.1,511.0,USNS MENDONCA,IMO9147320,NBMK,70,5,289,32,10.9,,A
367822000,2021-02-21T09:47:09,36.97314,-76.43385,0.0,0.0,511.0,USNS SHUGHART,IMO7825394,NAOQ,70,5,276,32,13.0,70,A
367359930,2021-02-21T09:42:16,36.82419,-76.28913,0.0,224.1,511.0,SUNNY WILLIAMS,,WDE4940,80,0,25,8,,80,A
367359930,2021-02-21T09:45:45,36.82419,-76.28912,0.0,223.0,511.0,SUNNY WILLIAMS,,WDE4940,80,0,25,8,,80,A
366842000,2021-02-21T09:42:14,36.85383,-76.31117,0.0,0.0,42.0,CAPE RACE,IMO7616377,KAFJ,70,5,197,32,10.0,,A
477770400,2021-02-21T09:51:30,36.87992,-76.33154,0.0,98.3,96.0,BAO MAY,IMO9410155,VRGV8,70,0,292,45,18.2,70,A
366842000,2021-02-21T09:51:15,36.85381,-76.31117,0.0,0.0,42.0,CAPE RACE,IMO7616377,KAFJ,70,5,197,32,10.0,,A
368445000,2021-02-21T09:44:06,36.96314,-76.42012,0.0,55.8,188.0,OVERSEAS NIKISKI,IMO9353577,WDBH,80,5,183,32,12.2,80,A
338846000,2021-02-21T09:52:45,36.86559,-76.31583,0.0,0.1,511.0,USNS MENDONCA,IMO9147320,NBMK,70,5,289,32,10.9,,A
366841000,2021-02-21T09:57:10,36.85327,-76.31054,0.0,0.0,511.0,CAPE RAY,IMO7530810,KAFI,70,5,197,32,10.0,,A
373765000,2021-02-21T09:57:20,37.26333,-76.10564,0.0,80.0,350.0,AM CONTRECOEUR,IMO9583184,3FBX4,70,1,229,32,14.4,,A
368026000,2021-02-21T09:59:44,36.86577,-76.31602,0.0,224.2,511.0,BENAVIDEZ,IMO9218210,NBHG,70,5,289,32,10.9,70,A
367821000,2021-02-21T10:01:54,36.97281,-76.43366,0.0,0.0,511.0,YANO,IMO7825409,NAQH,70,5,276,32,13.0,70,A
477770400,2021-02-21T09:59:39,36.87994,-76.33154,0.0,98.3,95.0,BAO MAY,IMO9410155,VRGV8,70,0,292,45,18.2,70,A
356590000,2021-02-21T10:02:39,37.30461,-76.10877,9.2,198.0,198.0,UNITED ADVENTURE,IMO9465215,3EXX6,70,0,291,45,18.1,,A
356643000,2021-02-21T10:02:06,36.93574,-76.37992,0.1,124.2,4.0,ARKI,IMO9561801,3ENP3,70,1,170,27,9.7,70,A
366842000,2021-02-21T10:03:17,36.85383,-76.31115,0.0,0.0,42.0,CAPE RACE,IMO7616377,KAFJ,70,5,197,32,10.0,,A
255806078,2021-02-21T10:03:41,36.90935,-76.32717,0.1,306.9,352.0,NORTHERN MAGNUM,IMO9252541,CQIV4,71,5,300,40,11.3,71,A
477770400,2021-02-21T10:01:19,36.87993,-76.33155,0.0,98.3,96.0,BAO MAY,IMO9410155,VRGV8,70,0,292,45,18.2,70,A
428405000,2021-02-21T10:03:34,36.90626,-76.32669,0.0,351.4,351.0,ZIM QINGDAO,IMO9318163,4XFC,71,5,261,32,9.9,71,A
538005622,2021-02-21T09:54:13,37.00723,-76.25616,10.8,87.6,89.0,SASEBO GREEN,IMO9675468,V7FN3,70,0,225,32,14.4,,A
356590000,2021-02-21T10:03:40,37.30217,-76.10974,9.2,197.8,198.0,UNITED ADVENTURE,IMO9465215,3EXX6,70,0,291,45,18.1,,A
477770400,2021-02-21T10:07:09,36.87995,-76.33156,0.0,98.3,96.0,BAO MAY,IMO9410155,VRGV8,70,0,292,45,18.2,70,A
356589000,2021-02-21T10:07:12,37.23818,-76.09414,0.0,132.3,336.0,DOUBLE FORTUNE,IMO9574119,3FHZ2,70,1,234,38,14.5,70,A
538005622,2021-02-21T10:02:13,37.00331,-76.22679,11.0,107.3,108.0,SASEBO GREEN,IMO9675468,V7FN3,70,0,225,32,14.4,,A
538005622,2021-02-21T10:03:23,37.00227,-76.22253,11.0,106.9,108.0,SASEBO GREEN,IMO9675468,V7FN3,70,0,225,32,14.4,,A
367822000,2021-02-21T10:08:09,36.97312,-76.43385,0.0,0.0,511.0,USNS SHUGHART,IMO7825394,NAOQ,70,5,276,32,13.0,70,A
367865000,2021-02-21T10:05:18,36.88694,-76.33853,0.0,286.4,11.0,KANAWHA,IMO8704080,NPTD,80,5,206,29,,,A
367862000,2021-02-21T10:06:44,36.94809,-76.32979,0.0,35.7,280.0,JOSHUA HUMPHREYS,IMO8302428,NNJH,80,5,193,29,,,A
367821000,2021-02-21T10:07:54,36.97281,-76.43367,0.0,0.0,511.0,YANO,IMO7825409,NAQH,70,5,276,32,13.0,70,A
338846000,2021-02-21T10:07:45,36.86566,-76.31587,0.0,0.1,511.0,USNS MENDONCA,IMO9147320,NBMK,70,5,289,32,10.9,,A
338273000,2021-02-21T10:10:05,36.96276,-76.35716,0.0,69.5,0.0,SLNC YORK,IMO9538907,WNCG,70,1,142,23,5.5,70,A
373765000,2021-02-21T10:09:20,37.26333,-76.10554,0.0,80.0,349.0,AM CONTRECOEUR,IMO9583184,3FBX4,70,1,229,32,14.4,,A
366839000,2021-02-21T10:08:16,36.85346,-76.31085,0.0,0.0,40.0,CAPE RISE,IMO7530808,KAFG,70,5,197,32,10.0,,A
367359930,2021-02-21T10:08:46,36.82421,-76.28914,0.0,275.0,511.0,SUNNY WILLIAMS,,WDE4940,80,0,25,8,,80,A
366841000,2021-02-21T10:12:07,36.85332,-76.31055,0.0,0.0,511.0,CAPE RAY,IMO7530810,KAFI,70,5,197,32,10.0,,A
338678000,2021-02-21T10:09:30,36.91627,-76.16845,0.0,284.0,9.0,DOLORES CHOUEST,IMO8225931,WCP8847,70,5,54,12,4.0,35,A
356589000,2021-02-21T10:13:13,37.23817,-76.09413,0.0,135.3,336.0,DOUBLE FORTUNE,IMO9574119,3FHZ2,70,1,234,38,14.5,70,A
356643000,2021-02-21T10:14:04,36.93581,-76.37935,0.2,67.1,340.0,ARKI,IMO9561801,3ENP3,70,1,170,27,9.7,70,A
538005622,2021-02-21T10:06:53,36.99893,-76.20979,11.1,107.3,109.0,SASEBO GREEN,IMO9675468,V7FN3,70,0,225,32,14.4,,A
538005622,2021-02-21T10:09:03,36.99688,-76.20180,11.2,108.0,109.0,SASEBO GREEN,IMO9675468,V7FN3,70,0,225,32,14.4,,A
367822000,2021-02-21T10:14:09,36.97312,-76.43385,0.0,0.0,511.0,USNS SHUGHART,IMO7825394,NAOQ,70,5,276,32,13.0,70,A
366842000,2021-02-21T10:15:16,36.85381,-76.31116,0.0,0.0,42.0,CAPE RACE,IMO7616377,KAFJ,70,5,197,32,10.0,,A
367359930,2021-02-21T10:13:44,36.82421,-76.28913,0.0,234.3,511.0,SUNNY WILLIAMS,,WDE4940,80,0,25,8,,80,A
367359930,2021-02-21T10:17:26,36.82417,-76.28911,0.0,198.7,511.0,SUNNY WILLIAMS,,WDE4940,80,0,25,8,,80,A
255806078,2021-02-21T10:15:48,36.90933,-76.32712,0.1,306.9,352.0,NORTHERN MAGNUM,IMO9252541,CQIV4,71,5,300,40,11.3,71,A
338678000,2021-02-21T10:15:31,36.91622,-76.16844,0.0,249.7,10.0,DOLORES CHOUEST,IMO8225931,WCP8847,70,5,54,12,4.0,35,A
366841000,2021-02-21T10:15:11,36.85330,-76.31055,0.0,0.0,511.0,CAPE RAY,IMO7530810,KAFI,70,5,197,32,10.0,,A
368026000,2021-02-21T10:17:43,36.86579,-76.31604,0.0,224.2,511.0,BENAVIDEZ,IMO9218210,NBHG,70,5,289,32,10.9,70,A
636092329,2021-02-21T10:20:07,37.24627,-76.11835,0.1,246.0,352.0,BLUMENAU,IMO9605633,D5AL3,70,1,229,32,14.4,,A
477770400,2021-02-21T10:18:48,36.87992,-76.33154,0.0,98.3,96.0,BAO MAY,IMO9410155,VRGV8,70,0,292,45,18.2,70,A
538005622,2021-02-21T10:13:42,36.99240,-76.18455,11.3,109.2,108.0,SASEBO GREEN,IMO9675468,V7FN3,70,0,225,32,14.4,,A
367353070,2021-02-21T10:18:03,36.94418,-76.32950,0.0,282.0,267.0,EVERGREEN STATE,IMO9408138,WDE4430,80,5,183,32,11.8,89,A
356590000,2021-02-21T10:19:39,37.26394,-76.12468,9.0,197.6,198.0,UNITED ADVENTURE,IMO9465215,3EXX6,70,0,291,45,18.1,,A
538005622,2021-02-21T10:17:12,36.98903,-76.17160,11.2,107.2,108.0,SASEBO GREEN,IMO9675468,V7FN3,70,0,225,32,14.4,,A
356643000,2021-02-21T10:23:05,36.93604,-76.37898,0.0,67.9,320.0,ARKI,IMO9561801,3ENP3,70,1,170,27,9.7,70,A
367865000,2021-02-21T10:23:19,36.88692,-76.33852,0.0,286.4,11.0,KANAWHA,IMO8704080,NPTD,80,5,206,29,,,A
477770400,2021-02-21T10:23:19,36.87993,-76.33157,0.0,98.3,96.0,BAO MAY,IMO9410155,VRGV8,70,0,292,45,18.2,70,A
366841000,2021-02-21T10:27:11,36.85330,-76.31055,0.0,0.0,511.0,CAPE RAY,IMO7530810,KAFI,70,5,197,32,10.0,,A
338846000,2021-02-21T10:22:45,36.86559,-76.31582,0.0,0.1,511.0,USNS MENDONCA,IMO9147320,NBMK,70,5,289,32,10.9,,A
356643000,2021-02-21T10:29:06,36.93606,-76.37895,0.0,147.5,319.0,ARKI,IMO9561801,3ENP3,70,1,170,27,9.7,70,A
368445000,2021-02-21T10:20:06,36.96307,-76.42010,0.0,55.8,188.0,OVERSEAS NIKISKI,IMO9353577,WDBH,80,5,183,32,12.2,80,A
367359930,2021-02-21T10:30:55,36.82421,-76.28915,0.0,176.5,511.0,SUNNY WILLIAMS,,WDE4940,80,0,25,8,,80,A
367821000,2021-02-21T10:28:53,36.97281,-76.43368,0.0,0.0,511.0,YANO,IMO7825409,NAQH,70,5,276,32,13.0,70,A
477770400,2021-02-21T10:30:18,36.87992,-76.33155,0.0,98.3,95.0,BAO MAY,IMO9410155,VRGV8,70,0,292,45,18.2,70,A
367865000,2021-02-21T10:29:19,36.88689,-76.33853,0.0,286.4,11.0,KANAWHA,IMO8704080,NPTD,80,5,206,29,,,A
477770400,2021-02-21T10:31:28,36.87990,-76.33154,0.0,98.3,95.0,BAO MAY,IMO9410155,VRGV8,70,0,292,45,18.2,70,A
368445000,2021-02-21T10:26:06,36.96310,-76.42011,0.0,55.8,188.0,OVERSEAS NIKISKI,IMO9353577,WDBH,80,5,183,32,12.2,80,A
367821000,2021-02-21T10:31:54,36.97282,-76.43368,0.0,0.0,511.0,YANO,IMO7825409,NAQH,70,5,276,32,13.0,70,A
367359930,2021-02-21T10:32:15,36.82420,-76.28914,0.0,202.3,511.0,SUNNY WILLIAMS,,WDE4940,80,0,25,8,,80,A
368026000,2021-02-21T10:32:43,36.86577,-76.31603,0.0,224.2,511.0,BENAVIDEZ,IMO9218210,NBHG,70,5,289,32,10.9,70,A
367862000,2021-02-21T10:33:45,36.94794,-76.32986,0.0,35.7,280.0,JOSHUA HUMPHREYS,IMO8302428,NNJH,80,5,193,29,,,A
477770400,2021-02-21T10:32:39,36.87993,-76.33155,0.0,98.3,95.0,BAO MAY,IMO9410155,VRGV8,70,0,292,45,18.2,70,A
636092329,2021-02-21T10:35:07,37.24631,-76.11797,0.1,89.2,343.0,BLUMENAU,IMO9605633,D5AL3,70,1,229,32,14.4,,A
367359930,2021-02-21T10:36:55,36.82420,-76.28913,0.0,244.0,511.0,SUNNY WILLIAMS,,WDE4940,80,0,25,8,,80,A
373765000,2021-02-21T10:39:24,37.26326,-76.10592,0.0,80.0,356.0,AM CONTRECOEUR,IMO9583184,3FBX4,70,1,229,32,14.4,,A
367359930,2021-02-21T10:40:45,36.82424,-76.28913,0.0,265.3,511.0,SUNNY WILLIAMS,,WDE4940,80,0,25,8,,80,A
428405000,2021-02-21T10:39:35,36.90626,-76.32671,0.0,351.4,351.0,ZIM QINGDAO,IMO9318163,4XFC,71,5,261,32,9.9,71,A
367821000,2021-02-21T10:40:53,36.97281,-76.43369,0.0,0.0,511.0,YANO,IMO7825409,NAQH,70,5,276,32,13.0,70,A
367821000,2021-02-21T10:43:53,36.97281,-76.43368,0.0,0.0,511.0,YANO,IMO7825409,NAQH,70,5,276,32,13.0,70,A
477770400,2021-02-21T10:40:30,36.87995,-76.33157,0.0,98.3,96.0,BAO MAY,IMO9410155,VRGV8,70,0,292,45,18.2,70,A
538005622,2021-02-21T10:33:23,36.97421,-76.11127,11.2,107.4,109.0,SASEBO GREEN,IMO9675468,V7FN3,70,0,225,32,14.4,,A
366842000,2021-02-21T10:45:18,36.85382,-76.31121,0.0,0.0,42.0,CAPE RACE,IMO7616377,KAFJ,70,5,197,32,10.0,,A
367359930,2021-02-21T10:44:16,36.82419,-76.28912,0.0,260.8,511.0,SUNNY WILLIAMS,,WDE4940,80,0,25,8,,80,A
428405000,2021-02-21T10:42:34,36.90625,-76.32668,0.0,351.4,351.0,ZIM QINGDAO,IMO9318163,4XFC,71,5,261,32,9.9,71,A
538005622,2021-02-21T10:42:43,36.96497,-76.07722,11.3,108.9,109.0,SASEBO GREEN,IMO9675468,V7FN3,70,0,225,32,14.4,,A
356643000,2021-02-21T10:47:06,36.93606,-76.37895,0.0,183.8,320.0,ARKI,IMO9561801,3ENP3,70,1,170,27,9.7,70,A
366842000,2021-02-21T10:51:19,36.85378,-76.31118,0.0,0.0,42.0,CAPE RACE,IMO7616377,KAFJ,70,5,197,32,10.0,,A
477770400,2021-02-21T10:48:38,36.87995,-76.33156,0.0,98.3,96.0,BAO MAY,IMO9410155,VRGV8,70,0,292,45,18.2,70,A
368026000,2021-02-21T10:50:44,36.86577,-76.31602,0.0,224.2,511.0,BENAVIDEZ,IMO9218210,NBHG,70,5,289,32,10.9,70,A
367359930,2021-02-21T10:53:16,36.82418,-76.28912,0.0,285.4,511.0,SUNNY WILLIAMS,,WDE4940,80,0,25,8,,80,A
338846000,2021-02-21T10:49:46,36.86559,-76.31582,0.0,0.1,511.0,USNS MENDONCA,IMO9147320,NBMK,70,5,289,32,10.9,,A
338846000,2021-02-21T10:52:47,36.86559,-76.31583,0.0,0.1,511.0,USNS MENDONCA,IMO9147320,NBMK,70,5,289,32,10.9,,A
368445000,2021-02-21T10:47:05,36.96309,-76.42015,0.0,55.8,188.0,OVERSEAS NIKISKI,IMO9353577,WDBH,80,5,183,32,12.2,80,A
255806078,2021-02-21T10:55:05,36.90932,-76.32723,0.1,306.9,352.0,NORTHERN MAGNUM,IMO9252541,CQIV4,71,5,300,40,11.3,71,A
368445000,2021-02-21T10:53:05,36.96306,-76.42016,0.0,55.8,188.0,OVERSEAS NIKISKI,IMO9353577,WDBH,80,5,183,32,12.2,80,A
366841000,2021-02-21T11:00:08,36.85323,-76.31050,0.0,0.0,511.0,CAPE RAY,IMO7530810,KAFI,70,5,197,32,10.0,,A
338846000,2021-02-21T10:55:45,36.86561,-76.31583,0.0,0.1,511.0,USNS MENDONCA,IMO9147320,NBMK,70,5,289,32,10.9,,A
477770400,2021-02-21T10:56:38,36.87993,-76.33157,0.0,98.3,96.0,BAO MAY,IMO9410155,VRGV8,70,0,292,45,18.2,70,A
338846000,2021-02-21T10:58:46,36.86559,-76.31584,0.0,0.1,511.0,USNS MENDONCA,IMO9147320,NBMK,70,5,289,32,10.9,,A
373765000,2021-02-21T11:00:19,37.26331,-76.10578,0.1,80.0,352.0,AM CONTRECOEUR,IMO9583184,3FBX4,70,1,229,32,14.4,,A
367359930,2021-02-21T11:02:26,36.82419,-76.28914,0.0,233.8,511.0,SUNNY WILLIAMS,,WDE4940,80,0,25,8,,80,A
366839000,2021-02-21T10:59:19,36.85348,-76.31080,0.0,0.0,40.0,CAPE RISE,IMO7530808,KAFG,70,5,197,32,10.0,,A
366841000,2021-02-21T11:03:13,36.85326,-76.31053,0.0,0.0,511.0,CAPE RAY,IMO7530810,KAFI,70,5,197,32,10.0,,A
338846000,2021-02-21T11:01:46,36.86558,-76.31582,0.0,0.1,511.0,USNS MENDONCA,IMO9147320,NBMK,70,5,289,32,10.9,,A
367862000,2021-02-21T11:03:45,36.94808,-76.32980,0.0,35.7,280.0,JOSHUA HUMPHREYS,IMO8302428,NNJH,80,5,193,29,,,A
368445000,2021-02-21T11:02:06,36.96307,-76.42015,0.0,55.8,188.0,OVERSEAS NIKISKI,IMO9353577,WDBH,80,5,183,32,12.2,80,A
338273000,2021-02-21T11:10:05,36.96285,-76.35710,0.0,69.5,339.0,SLNC YORK,IMO9538907,WNCG,70,1,142,23,5.5,70,A
338846000,2021-02-21T11:07:45,36.86560,-76.31582,0.0,0.1,511.0,USNS MENDONCA,IMO9147320,NBMK,70,5,289,32,10.9,,A
368445000,2021-02-21T11:08:05,36.96309,-76.42016,0.0,55.8,188.0,OVERSEAS NIKISKI,IMO9353577,WDBH,80,5,183,32,12.2,80,A
356643000,2021-02-21T11:14:05,36.93622,-76.37870,0.0,45.0,314.0,ARKI,IMO9561801,3ENP3,70,1,170,27,9.7,70,A
338678000,2021-02-21T11:12:31,36.91625,-76.16846,0.0,263.4,10.0,DOLORES CHOUEST,IMO8225931,WCP8847,70,5,54,12,4.0,35,A
338678000,2021-02-21T11:15:32,36.91621,-76.16846,0.0,265.4,10.0,DOLORES CHOUEST,IMO8225931,WCP8847,70,5,54,12,4.0,35,A
338273000,2021-02-21T11:16:06,36.96285,-76.35707,0.0,69.5,334.0,SLNC YORK,IMO9538907,WNCG,70,1,142,23,5.5,70,A
366841000,2021-02-21T11:15:14,36.85326,-76.31052,0.0,0.0,511.0,CAPE RAY,IMO7530810,KAFI,70,5,197,32,10.0,,A
367865000,2021-02-21T11:20:18,36.88692,-76.33857,0.0,286.4,11.0,KANAWHA,IMO8704080,NPTD,80,5,206,29,,,A
367353070,2021-02-21T11:18:01,36.94415,-76.32953,0.0,195.0,267.0,EVERGREEN STATE,IMO9408138,WDE4430,80,5,183,32,11.8,89,A
255806078,2021-02-21T11:22:15,36.90938,-76.32715,0.1,306.9,352.0,NORTHERN MAGNUM,IMO9252541,CQIV4,71,5,300,40,11.3,71,A
338678000,2021-02-21T11:24:31,36.91622,-76.16846,0.0,271.0,9.0,DOLORES CHOUEST,IMO8225931,WCP8847,70,5,54,12,4.0,35,A
356590000,2021-02-21T11:20:59,37.11896,-76.13031,8.9,150.7,152.0,UNITED ADVENTURE,IMO9465215,3EXX6,70,0,291,45,18.1,,A
356590000,2021-02-21T11:25:29,37.10911,-76.12340,9.0,151.1,152.0,UNITED ADVENTURE,IMO9465215,3EXX6,70,0,291,45,18.1,,A
367822000,2021-02-21T11:23:09,36.97312,-76.43385,0.0,0.0,511.0,USNS SHUGHART,IMO7825394,NAOQ,70,5,276,32,13.0,70,A
373765000,2021-02-21T11:24:18,37.26333,-76.10602,0.0,80.0,1.0,AM CONTRECOEUR,IMO9583184,3FBX4,70,1,229,32,14.4,,A
