MMSI,BaseDateTime,LAT,LON,SOG,COG,Heading,VesselName,IMO,CallSign,VesselType,Status,Length,Width,Draft,Cargo,TransceiverClass
366733250,2020-08-21T00:00:02,37.18179,-76.25629,3.5,310.1,511.0,ATLANTIC SURVEYOR,,WTR5417,70,15,31,7,,,A
367359930,2020-08-21T00:00:02,36.82404,-76.28906,0.0,219.6,511.0,SUNNY WILLIAMS,,WDE4940,80,0,25,8,,80,A
338794000,2020-08-21T00:00:02,37.15334,-76.15111,16.1,351.5,355.0,ARC INDEPENDENCE,IMO9332925,WAIE,70,0,228,32,9.7,70,A
367861000,2020-08-21T00:00:01,36.94638,-76.32982,0.0,0.0,266.0,LARAMIE,IMO8906626,NLAR,80,5,193,29,,,A
367821000,2020-08-21T00:00:08,36.97284,-76.43364,0.0,0.0,511.0,YANO,IMO7825409,NAQH,70,0,276,32,13.0,70,A
369390000,2020-08-21T00:00:05,36.87100,-76.34817,0.0,302.0,347.0,SAFMARINE MAFADI,IMO9314210,KRIJ,70,5,292,32,11.3,70,A
266338000,2020-08-21T00:00:02,37.19250,-76.15250,16.5,15.8,16.0,FIGARO,IMO9505041,SMIO,70,0,231,32,11.3,,A
367932000,2020-08-21T00:00:08,36.94919,-76.32968,0.0,107.0,279.0,JOHN LENTHALL,IMO8325547,NJLN,80,5,193,29,,,A
368026000,2020-08-21T00:00:20,36.86574,-76.31603,0.0,270.5,2.0,BENAVIDEZ,IMO9218210,NBHG,70,5,289,32,10.9,70,A
366839000,2020-08-21T00:01:05,36.85352,-76.31080,0.0,0.0,39.0,CAPE RISE,IMO7530808,KAFG,70,5,197,32,10.0,,A
538002652,2020-08-21T00:00:51,36.87948,-76.32638,0.0,337.0,276.0,NAIAS,IMO9330800,V7KN8,70,5,225,32,14.0,70,A
338794000,2020-08-21T00:01:03,37.15777,-76.15173,15.9,354.6,358.0,ARC INDEPENDENCE,IMO9332925,WAIE,70,0,228,32,9.7,70,A
367821000,2020-08-21T00:01:18,36.97284,-76.43364,0.0,0.0,511.0,YANO,IMO7825409,NAQH,70,0,276,32,13.0,70,A
367359930,2020-08-21T00:01:12,36.82406,-76.28906,0.0,220.7,511.0,SUNNY WILLIAMS,,WDE4940,80,0,25,8,,80,A
477196100,2020-08-21T00:00:58,37.19550,-76.13694,0.1,342.3,74.0,DARYA MA,IMO9591674,VRJH5,70,1,229,32,14.5,,A
367359930,2020-08-21T00:02:23,36.82404,-76.28905,0.0,227.8,511.0,SUNNY WILLIAMS,,WDE4940,80,0,25,8,,80,A
215677000,2020-08-21T00:01:53,36.96294,-76.42420,0.0,147.3,39.0,RIZE,IMO9584035,9HA2781,70,5,229,32,14.5,,A
338794000,2020-08-21T00:02:08,37.16263,-76.15231,15.9,355.0,358.0,ARC INDEPENDENCE,IMO9332925,WAIE,70,0,228,32,9.7,70,A
266338000,2020-08-21T00:01:08,37.19750,-76.15067,16.5,16.7,18.0,FIGARO,IMO9505041,SMIO,70,0,231,32,11.3,,A
366733250,2020-08-21T00:02:22,37.18325,-76.25845,3.4,310.0,511.0,ATLANTIC SURVEYOR,,WTR5417,70,15,31,7,,,A
367821000,2020-08-21T00:02:28,36.97283,-76.43364,0.0,0.0,511.0,YANO,IMO7825409,NAQH,70,0,276,32,13.0,70,A
367822000,2020-08-21T00:02:55,36.97315,-76.43379,0.0,0.0,238.0,USNS SHUGHART,IMO7825394,NAOQ,70,5,276,32,13.0,70,A
266338000,2020-08-21T00:02:09,37.20183,-76.14900,16.6,16.6,18.0,FIGARO,IMO9505041,SMIO,70,0,231,32,11.3,,A
367861000,2020-08-21T00:03:01,36.94638,-76.32988,0.0,0.0,266.0,LARAMIE,IMO8906626,NLAR,80,5,193,29,,,A
538006982,2020-08-21T00:02:16,36.96256,-76.42368,0.0,44.0,40.0,ANTE TOPIC,IMO9737072,V7TR4,70,5,,,,,A
338403000,2020-08-21T00:01:27,36.92479,-76.32976,0.0,121.6,355.0,MAERSK HARTFORD,IMO9333008,WMHA,70,5,299,40,14.5,,A
367821000,2020-08-21T00:03:37,36.97283,-76.43364,0.0,0.0,511.0,YANO,IMO7825409,NAQH,70,0,276,32,13.0,70,A
369390000,2020-08-21T00:03:05,36.87100,-76.34817,0.0,229.0,347.0,SAFMARINE MAFADI,IMO9314210,KRIJ,70,5,292,32,11.3,70,A
338794000,2020-08-21T00:03:20,37.16791,-76.15285,15.8,354.4,357.0,ARC INDEPENDENCE,IMO9332925,WAIE,70,0,228,32,9.7,70,A
338794000,2020-08-21T00:04:27,37.17267,-76.15367,15.7,351.4,354.0,ARC INDEPENDENCE,IMO9332925,WAIE,70,0,228,32,9.7,70,A
266338000,2020-08-21T00:03:20,37.20721,-76.14704,16.6,16.8,18.0,FIGARO,IMO9505041,SMIO,70,0,231,32,11.3,,A
477738200,2020-08-21T00:03:37,36.87728,-76.34974,0.0,19.1,347.0,COSCO PHILIPPINES,IMO9448762,VRGM7,70,5,334,42,14.5,72,A
367359930,2020-08-21T00:03:32,36.82405,-76.28906,0.0,234.4,511.0,SUNNY WILLIAMS,,WDE4940,80,0,25,8,,80,A
338403000,2020-08-21T00:04:24,36.92479,-76.32972,0.0,121.6,355.0,MAERSK HARTFORD,IMO9333008,WMHA,70,5,299,40,14.5,,A
366839000,2020-08-21T00:04:08,36.85350,-76.31081,0.0,0.0,39.0,CAPE RISE,IMO7530808,KAFG,70,5,197,32,10.0,,A
367359930,2020-08-21T00:04:43,36.82406,-76.28907,0.0,243.9,511.0,SUNNY WILLIAMS,,WDE4940,80,0,25,8,,80,A
538006982,2020-08-21T00:05:16,36.96260,-76.42366,0.0,44.0,40.0,ANTE TOPIC,IMO9737072,V7TR4,70,5,,,,,A
367932000,2020-08-21T00:03:08,36.94920,-76.32961,0.0,107.0,279.0,JOHN LENTHALL,IMO8325547,NJLN,80,5,193,29,,,A
369390000,2020-08-21T00:06:06,36.87096,-76.34823,0.0,184.0,347.0,SAFMARINE MAFADI,IMO9314210,KRIJ,70,5,292,32,11.8,70,A
367821000,2020-08-21T00:05:58,36.97283,-76.43365,0.0,0.0,511.0,YANO,IMO7825409,NAQH,70,0,276,32,13.0,70,A
266338000,2020-08-21T00:05:38,37.21741,-76.14315,16.7,17.0,18.0,FIGARO,IMO9505041,SMIO,70,0,231,32,11.3,,A
538002652,2020-08-21T00:03:51,36.87945,-76.32642,0.0,337.0,276.0,NAIAS,IMO9330800,V7KN8,70,5,225,32,14.0,70,A
477738200,2020-08-21T00:06:38,36.87736,-76.34995,0.1,190.6,347.0,COSCO PHILIPPINES,IMO9448762,VRGM7,70,5,334,42,14.5,72,A
367861000,2020-08-21T00:06:01,36.94637,-76.32983,0.0,0.0,266.0,LARAMIE,IMO8906626,NLAR,80,5,193,29,,,A
368026000,2020-08-21T00:06:21,36.86573,-76.31602,0.0,270.5,2.0,BENAVIDEZ,IMO9218210,NBHG,70,5,289,32,10.9,70,A
367821000,2020-08-21T00:04:38,36.97283,-76.43365,0.0,0.0,511.0,YANO,IMO7825409,NAQH,70,0,276,32,13.0,70,A
266338000,2020-08-21T00:04:25,37.21201,-76.14520,16.7,16.6,18.0,FIGARO,IMO9505041,SMIO,70,0,231,32,11.3,,A
366839000,2020-08-21T00:07:09,36.85351,-76.31082,0.0,0.0,40.0,CAPE RISE,IMO7530808,KAFG,70,5,197,32,10.0,,A
366733250,2020-08-21T00:07:03,37.18617,-76.26269,3.4,311.6,511.0,ATLANTIC SURVEYOR,,WTR5417,70,15,31,7,,,A
366733250,2020-08-21T00:05:51,37.18541,-76.26163,3.4,309.6,511.0,ATLANTIC SURVEYOR,,WTR5417,70,15,31,7,,,A
338794000,2020-08-21T00:05:39,37.17783,-76.15467,15.6,351.8,354.0,ARC INDEPENDENCE,IMO9332925,WAIE,70,0,228,32,8.3,70,A
266338000,2020-08-21T00:06:45,37.22227,-76.14127,16.5,17.5,18.0,FIGARO,IMO9505041,SMIO,70,0,231,32,11.3,,A
367359930,2020-08-21T00:05:51,36.82406,-76.28906,0.0,254.6,511.0,SUNNY WILLIAMS,,WDE4940,80,0,25,8,,80,A
215677000,2020-08-21T00:07:53,36.96293,-76.42418,0.0,147.3,39.0,RIZE,IMO9584035,9HA2781,70,5,229,32,14.5,,A
266338000,2020-08-21T00:07:50,37.22700,-76.13933,16.5,18.5,19.0,FIGARO,IMO9505041,SMIO,70,0,231,32,11.3,,A
367821000,2020-08-21T00:08:17,36.97283,-76.43365,0.0,0.0,511.0,YANO,IMO7825409,NAQH,70,0,276,32,13.0,70,A
538006982,2020-08-21T00:08:16,36.96261,-76.42368,0.0,44.0,40.0,ANTE TOPIC,IMO9737072,V7TR4,70,5,,,,,A
367861000,2020-08-21T00:09:00,36.94642,-76.32980,0.0,0.0,266.0,LARAMIE,IMO8906626,NLAR,80,5,193,29,,,A
338794000,2020-08-21T00:06:45,37.18267,-76.15517,15.4,359.9,4.0,ARC INDEPENDENCE,IMO9332925,WAIE,70,0,228,32,8.3,70,A
367932000,2020-08-21T00:06:08,36.94915,-76.32967,0.0,107.0,279.0,JOHN LENTHALL,IMO8325547,NJLN,80,5,193,29,,,A
338403000,2020-08-21T00:07:22,36.92484,-76.32973,0.0,121.6,355.0,MAERSK HARTFORD,IMO9333008,WMHA,70,5,299,40,14.5,,A
266338000,2020-08-21T00:08:56,37.23183,-76.13733,16.5,19.4,20.0,FIGARO,IMO9505041,SMIO,70,0,231,32,11.3,,A
367359930,2020-08-21T00:07:03,36.82406,-76.28908,0.0,259.3,511.0,SUNNY WILLIAMS,,WDE4940,80,0,25,8,,80,A
367359930,2020-08-21T00:08:12,36.82406,-76.28904,0.0,266.3,511.0,SUNNY WILLIAMS,,WDE4940,80,0,25,8,,80,A
266338000,2020-08-21T00:10:02,37.23666,-76.13520,16.6,18.2,18.0,FIGARO,IMO9505041,SMIO,70,0,231,32,11.3,,A
368026000,2020-08-21T00:09:21,36.86577,-76.31602,0.0,270.5,2.0,BENAVIDEZ,IMO9218210,NBHG,70,5,289,32,10.9,70,A
366733250,2020-08-21T00:08:11,37.18690,-76.26370,3.3,313.4,511.0,ATLANTIC SURVEYOR,,WTR5417,70,15,31,7,,,A
367822000,2020-08-21T00:08:54,36.97311,-76.43384,0.0,0.0,238.0,USNS SHUGHART,IMO7825394,NAOQ,70,5,276,32,13.0,70,A
369390000,2020-08-21T00:09:05,36.87100,-76.34817,0.0,0.0,347.0,SAFMARINE MAFADI,IMO9314210,KRIJ,70,5,292,32,11.8,70,A
338403000,2020-08-21T00:10:22,36.92482,-76.32974,0.0,121.6,355.0,MAERSK HARTFORD,IMO9333008,WMHA,70,5,299,40,14.5,,A
366733250,2020-08-21T00:09:21,37.18765,-76.26473,3.4,312.6,511.0,ATLANTIC SURVEYOR,,WTR5417,70,15,31,7,,,A
477196100,2020-08-21T00:09:55,37.19570,-76.13696,0.1,346.8,76.0,DARYA MA,IMO9591674,VRJH5,70,1,229,32,14.5,,A
367359930,2020-08-21T00:09:13,36.82408,-76.28905,0.0,273.4,511.0,SUNNY WILLIAMS,,WDE4940,80,0,25,8,,80,A
338794000,2020-08-21T00:08:51,37.19117,-76.15350,14.6,16.7,20.0,ARC INDEPENDENCE,IMO9332925,WAIE,70,0,228,32,8.3,70,A
367821000,2020-08-21T00:09:27,36.97283,-76.43365,0.0,0.0,511.0,YANO,IMO7825409,NAQH,70,0,276,32,13.0,70,A
538006982,2020-08-21T00:11:16,36.96260,-76.42363,0.0,44.0,40.0,ANTE TOPIC,IMO9737072,V7TR4,70,5,,,,,A
367359930,2020-08-21T00:11:32,36.82408,-76.28907,0.0,280.0,511.0,SUNNY WILLIAMS,,WDE4940,80,0,25,8,,80,A
367359930,2020-08-21T00:10:22,36.82409,-76.28906,0.0,275.6,511.0,SUNNY WILLIAMS,,WDE4940,80,0,25,8,,80,A
367932000,2020-08-21T00:09:08,36.94919,-76.32972,0.0,107.0,279.0,JOHN LENTHALL,IMO8325547,NJLN,80,5,193,29,,,A
368026000,2020-08-21T00:12:20,36.86576,-76.31605,0.0,270.5,2.0,BENAVIDEZ,IMO9218210,NBHG,70,5,289,32,10.9,70,A
367822000,2020-08-21T00:11:56,36.97312,-76.43382,0.0,0.0,238.0,USNS SHUGHART,IMO7825394,NAOQ,70,5,276,32,13.0,70,A
369390000,2020-08-21T00:12:05,36.87100,-76.34817,0.0,49.0,347.0,SAFMARINE MAFADI,IMO9314210,KRIJ,70,5,292,32,11.8,70,A
367932000,2020-08-21T00:12:08,36.94922,-76.32971,0.0,107.0,279.0,JOHN LENTHALL,IMO8325547,NJLN,80,5,193,29,,,A
477738200,2020-08-21T00:12:37,36.87753,-76.34977,0.0,12.9,347.0,COSCO PHILIPPINES,IMO9448762,VRGM7,70,5,334,42,14.5,72,A
366839000,2020-08-21T00:10:05,36.85352,-76.31084,0.0,0.0,40.0,CAPE RISE,IMO7530808,KAFG,70,5,197,32,10.0,,A
338794000,2020-08-21T00:10:02,37.19573,-76.15153,13.8,19.9,23.0,ARC INDEPENDENCE,IMO9332925,WAIE,70,0,228,32,8.3,70,A
366733250,2020-08-21T00:13:11,37.19132,-76.26930,6.1,316.8,511.0,ATLANTIC SURVEYOR,,WTR5417,70,15,31,7,,,A
367861000,2020-08-21T00:12:00,36.94639,-76.32978,0.0,0.0,266.0,LARAMIE,IMO8906626,NLAR,80,5,193,29,,,A
215677000,2020-08-21T00:10:55,36.96292,-76.42419,0.0,147.3,39.0,RIZE,IMO9584035,9HA2781,70,5,229,32,14.5,,A
367821000,2020-08-21T00:12:57,36.97284,-76.43365,0.0,0.0,511.0,YANO,IMO7825409,NAQH,70,0,276,32,13.0,70,A
338794000,2020-08-21T00:11:08,37.19961,-76.14979,13.1,19.6,23.0,ARC INDEPENDENCE,IMO9332925,WAIE,70,0,228,32,8.3,70,A
266338000,2020-08-21T00:12:26,37.24717,-76.13117,16.7,16.5,17.0,FIGARO,IMO9505041,SMIO,70,0,231,32,11.3,,A
367359930,2020-08-21T00:12:43,36.82408,-76.28908,0.0,281.1,511.0,SUNNY WILLIAMS,,WDE4940,80,0,25,8,,80,A
366839000,2020-08-21T00:13:07,36.85350,-76.31081,0.0,0.0,40.0,CAPE RISE,IMO7530808,KAFG,70,5,197,32,10.0,,A
367821000,2020-08-21T00:10:37,36.97283,-76.43365,0.0,0.0,511.0,YANO,IMO7825409,NAQH,70,0,276,32,13.0,70,A
366733250,2020-08-21T00:11:41,37.18952,-76.26716,5.6,316.2,511.0,ATLANTIC SURVEYOR,,WTR5417,70,15,31,7,,,A
338794000,2020-08-21T00:13:32,37.20765,-76.14627,12.7,18.4,22.0,ARC INDEPENDENCE,IMO9332925,WAIE,70,0,228,32,8.3,70,A
367821000,2020-08-21T00:11:48,36.97283,-76.43365,0.0,0.0,511.0,YANO,IMO7825409,NAQH,70,0,276,32,13.0,70,A
338403000,2020-08-21T00:13:24,36.92480,-76.32973,0.0,355.3,355.0,MAERSK HARTFORD,IMO9333008,WMHA,70,5,299,40,14.5,,A
477196100,2020-08-21T00:12:56,37.19576,-76.13702,0.1,308.0,80.0,DARYA MA,IMO9591674,VRJH5,70,1,229,32,14.5,,A
338403000,2020-08-21T00:16:25,36.92485,-76.32971,0.0,121.6,355.0,MAERSK HARTFORD,IMO9333008,WMHA,70,5,299,40,14.5,,A
367359930,2020-08-21T00:13:53,36.82408,-76.28906,0.0,284.5,511.0,SUNNY WILLIAMS,,WDE4940,80,0,25,8,,80,A
266338000,2020-08-21T00:16:02,37.26342,-76.12520,16.7,17.5,18.0,FIGARO,IMO9505041,SMIO,70,0,231,32,11.3,,A
367821000,2020-08-21T00:14:08,36.97284,-76.43365,0.0,0.0,511.0,YANO,IMO7825409,NAQH,70,0,276,32,13.0,70,A
366733250,2020-08-21T00:14:41,37.19321,-76.27161,6.5,316.0,511.0,ATLANTIC SURVEYOR,,WTR5417,70,15,31,7,,,A
538006982,2020-08-21T00:14:16,36.96260,-76.42361,0.0,197.5,40.0,ANTE TOPIC,IMO9737072,V7TR4,70,5,,,,,A
338794000,2020-08-21T00:15:07,37.21316,-76.14446,13.2,14.5,18.0,ARC INDEPENDENCE,IMO9332925,WAIE,70,0,228,32,8.3,70,A
266338000,2020-08-21T00:14:38,37.25719,-76.12764,16.7,16.3,17.0,FIGARO,IMO9505041,SMIO,70,0,231,32,11.3,,A
367821000,2020-08-21T00:17:07,36.97284,-76.43365,0.0,0.0,511.0,YANO,IMO7825409,NAQH,70,0,276,32,13.0,70,A
215677000,2020-08-21T00:13:52,36.96292,-76.42421,0.0,147.3,39.0,RIZE,IMO9584035,9HA2781,70,5,229,32,14.5,,A
369390000,2020-08-21T00:15:05,36.87100,-76.34817,0.0,358.0,347.0,SAFMARINE MAFADI,IMO9314210,KRIJ,70,5,292,32,11.8,70,A
367359930,2020-08-21T00:15:02,36.82408,-76.28905,0.0,282.2,511.0,SUNNY WILLIAMS,,WDE4940,80,0,25,8,,80,A
266338000,2020-08-21T00:17:26,37.26967,-76.12283,16.9,16.6,18.0,FIGARO,IMO9505041,SMIO,70,0,231,32,11.3,,A
338794000,2020-08-21T00:16:26,37.21791,-76.14280,13.6,17.0,19.0,ARC INDEPENDENCE,IMO9332925,WAIE,70,0,228,32,8.3,70,A
266338000,2020-08-21T00:13:32,37.25224,-76.12936,16.7,15.7,16.0,FIGARO,IMO9505041,SMIO,70,0,231,32,11.3,,A
477738200,2020-08-21T00:15:36,36.87737,-76.34982,0.0,181.3,347.0,COSCO PHILIPPINES,IMO9448762,VRGM7,70,5,334,42,14.5,72,A
369390000,2020-08-21T00:18:06,36.87093,-76.34821,0.0,235.0,347.0,SAFMARINE MAFADI,IMO9314210,KRIJ,70,5,292,32,11.8,70,A
366733250,2020-08-21T00:18:42,37.19838,-76.27828,6.6,313.0,511.0,ATLANTIC SURVEYOR,,WTR5417,70,15,31,7,,,A
477196100,2020-08-21T00:15:55,37.19579,-76.13702,0.1,308.0,83.0,DARYA MA,IMO9591674,VRJH5,70,1,229,32,14.5,,A
367821000,2020-08-21T00:15:57,36.97284,-76.43365,0.0,0.0,511.0,YANO,IMO7825409,NAQH,70,0,276,32,13.0,70,A
367822000,2020-08-21T00:17:55,36.97313,-76.43382,0.0,0.0,238.0,USNS SHUGHART,IMO7825394,NAOQ,70,5,276,32,13.0,70,A
366839000,2020-08-21T00:16:09,36.85350,-76.31082,0.0,0.0,40.0,CAPE RISE,IMO7530808,KAFG,70,5,197,32,10.0,,A
367359930,2020-08-21T00:16:03,36.82410,-76.28905,0.0,277.4,511.0,SUNNY WILLIAMS,,WDE4940,80,0,25,8,,80,A
366733250,2020-08-21T00:16:02,37.19496,-76.27378,6.6,315.7,511.0,ATLANTIC SURVEYOR,,WTR5417,70,15,31,7,,,A
367359930,2020-08-21T00:18:22,36.82408,-76.28906,0.0,263.0,511.0,SUNNY WILLIAMS,,WDE4940,80,0,25,8,,80,A
367822000,2020-08-21T00:14:55,36.97312,-76.43382,0.0,0.0,238.0,USNS SHUGHART,IMO7825394,NAOQ,70,5,276,32,13.0,70,A
538002652,2020-08-21T00:18:51,36.87943,-76.32645,0.0,2.0,277.0,NAIAS,IMO9330800,V7KN8,70,5,225,32,14.0,70,A
367861000,2020-08-21T00:15:01,36.94640,-76.32979,0.0,0.0,266.0,LARAMIE,IMO8906626,NLAR,80,5,193,29,,,A
538006982,2020-08-21T00:17:16,36.96263,-76.42356,0.1,202.9,40.0,ANTE TOPIC,IMO9737072,V7TR4,70,5,,,,,A
367932000,2020-08-21T00:15:09,36.94919,-76.32970,0.0,107.0,279.0,JOHN LENTHALL,IMO8325547,NJLN,80,5,193,29,,,A
366733250,2020-08-21T00:17:11,37.19643,-76.27567,6.6,313.8,511.0,ATLANTIC SURVEYOR,,WTR5417,70,15,31,7,,,A
368026000,2020-08-21T00:15:21,36.86577,-76.31604,0.0,270.5,2.0,BENAVIDEZ,IMO9218210,NBHG,70,5,289,32,10.9,70,A
338794000,2020-08-21T00:18:07,37.22409,-76.14046,13.9,16.6,19.0,ARC INDEPENDENCE,IMO9332925,WAIE,70,0,228,32,8.3,70,A
538002652,2020-08-21T00:15:50,36.87945,-76.32648,0.0,2.0,277.0,NAIAS,IMO9330800,V7KN8,70,5,225,32,14.0,70,A
367932000,2020-08-21T00:18:08,36.94910,-76.32981,0.0,107.0,279.0,JOHN LENTHALL,IMO8325547,NJLN,80,5,193,29,,,A
266338000,2020-08-21T00:19:38,37.27950,-76.11883,17.1,20.5,22.0,FIGARO,IMO9505041,SMIO,70,0,231,32,11.3,,A
538006982,2020-08-21T00:20:16,36.96256,-76.42367,0.1,162.8,40.0,ANTE TOPIC,IMO9737072,V7TR4,70,5,,,,,A
367821000,2020-08-21T00:18:17,36.97284,-76.43365,0.0,0.0,511.0,YANO,IMO7825409,NAQH,70,0,276,32,13.0,70,A
367861000,2020-08-21T00:18:00,36.94635,-76.32980,0.0,0.0,266.0,LARAMIE,IMO8906626,NLAR,80,5,193,29,,,A
367821000,2020-08-21T00:19:28,36.97284,-76.43365,0.0,0.0,511.0,YANO,IMO7825409,NAQH,70,0,276,32,13.0,70,A
338794000,2020-08-21T00:19:29,37.22922,-76.13847,14.2,17.5,19.0,ARC INDEPENDENCE,IMO9332925,WAIE,70,0,228,32,8.3,70,A
477738200,2020-08-21T00:18:39,36.87733,-76.34993,0.1,122.0,347.0,COSCO PHILIPPINES,IMO9448762,VRGM7,70,5,334,42,14.5,72,A
338794000,2020-08-21T00:21:52,37.23834,-76.13487,14.5,17.6,19.0,ARC INDEPENDENCE,IMO9332925,WAIE,70,0,228,32,8.3,70,A
368026000,2020-08-21T00:21:22,36.86575,-76.31602,0.0,270.5,2.0,BENAVIDEZ,IMO9218210,NBHG,70,5,289,32,10.9,70,A
368026000,2020-08-21T00:18:21,36.86575,-76.31604,0.0,270.5,2.0,BENAVIDEZ,IMO9218210,NBHG,70,5,289,32,10.9,70,A
366839000,2020-08-21T00:19:08,36.85352,-76.31085,0.0,0.0,39.0,CAPE RISE,IMO7530808,KAFG,70,5,197,32,10.0,,A
367861000,2020-08-21T00:21:00,36.94637,-76.32981,0.0,0.0,265.0,LARAMIE,IMO8906626,NLAR,80,5,193,29,,,A
367359930,2020-08-21T00:17:13,36.82408,-76.28906,0.0,270.4,511.0,SUNNY WILLIAMS,,WDE4940,80,0,25,8,,80,A
416498000,2020-08-21T00:19:47,37.33321,-76.08678,18.9,199.9,205.0,EVER LYRIC,IMO9629108,BKKH,70,0,334,45,14.2,74,A
477196100,2020-08-21T00:18:55,37.19580,-76.13699,0.0,308.0,82.0,DARYA MA,IMO9591674,VRJH5,70,1,229,32,14.5,,A
338794000,2020-08-21T00:23:05,37.24300,-76.13300,14.7,17.3,19.0,ARC INDEPENDENCE,IMO9332925,WAIE,70,0,228,32,8.3,70,A
416498000,2020-08-21T00:20:59,37.32759,-76.09059,18.7,209.8,211.0,EVER LYRIC,IMO9629108,BKKH,70,0,334,45,14.2,74,A
369390000,2020-08-21T00:21:06,36.87093,-76.34822,0.0,282.0,347.0,SAFMARINE MAFADI,IMO9314210,KRIJ,70,5,292,32,11.8,70,A
368026000,2020-08-21T00:24:21,36.86574,-76.31604,0.0,270.5,2.0,BENAVIDEZ,IMO9218210,NBHG,70,5,289,32,10.9,70,A
338794000,2020-08-21T00:20:35,37.23333,-76.13683,14.4,17.3,19.0,ARC INDEPENDENCE,IMO9332925,WAIE,70,0,228,32,8.3,70,A
266338000,2020-08-21T00:18:32,37.27464,-76.12092,17.0,17.3,18.0,FIGARO,IMO9505041,SMIO,70,0,231,32,11.3,,A
366733250,2020-08-21T00:21:11,37.20181,-76.28217,7.5,327.0,511.0,ATLANTIC SURVEYOR,,WTR5417,70,15,31,7,,,A
477738200,2020-08-21T00:21:39,36.87740,-76.34985,0.0,161.0,347.0,COSCO PHILIPPINES,IMO9448762,VRGM7,70,5,334,42,14.5,72,A
367821000,2020-08-21T00:22:27,36.97284,-76.43364,0.0,0.0,511.0,YANO,IMO7825409,NAQH,70,0,276,32,13.0,70,A
538006982,2020-08-21T00:23:16,36.96262,-76.42368,0.0,145.6,40.0,ANTE TOPIC,IMO9737072,V7TR4,70,5,,,,,A
366839000,2020-08-21T00:25:07,36.85354,-76.31083,0.0,0.0,39.0,CAPE RISE,IMO7530808,KAFG,70,5,197,32,10.0,,A
266338000,2020-08-21T00:22:56,37.29333,-76.10933,17.8,29.5,30.0,FIGARO,IMO9505041,SMIO,70,0,231,32,11.3,,A
538002652,2020-08-21T00:21:51,36.87950,-76.32645,0.0,2.0,277.0,NAIAS,IMO9330800,V7KN8,70,5,225,32,14.0,70,A
477196100,2020-08-21T00:21:54,37.19585,-76.13705,0.1,308.0,83.0,DARYA MA,IMO9591674,VRJH5,70,1,229,32,14.5,,A
416498000,2020-08-21T00:22:47,37.31924,-76.09674,18.8,210.6,210.0,EVER LYRIC,IMO9629108,BKKH,70,0,334,45,14.2,74,A
367822000,2020-08-21T00:20:54,36.97313,-76.43381,0.0,0.0,238.0,USNS SHUGHART,IMO7825394,NAOQ,70,5,276,32,13.0,70,A
215677000,2020-08-21T00:22:51,36.96290,-76.42420,0.0,147.3,39.0,RIZE,IMO9584035,9HA2781,70,5,229,32,14.5,,A
266338000,2020-08-21T00:20:44,37.28417,-76.11583,16.9,30.0,30.0,FIGARO,IMO9505041,SMIO,70,0,231,32,11.3,,A
367932000,2020-08-21T00:21:08,36.94916,-76.32967,0.0,107.0,279.0,JOHN LENTHALL,IMO8325547,NJLN,80,5,193,29,,,A
369390000,2020-08-21T00:27:06,36.87091,-76.34816,0.0,94.0,347.0,SAFMARINE MAFADI,IMO9314210,KRIJ,70,5,292,32,11.8,70,A
338794000,2020-08-21T00:24:29,37.24857,-76.13079,14.8,17.4,19.0,ARC INDEPENDENCE,IMO9332925,WAIE,70,0,228,32,8.3,70,A
367821000,2020-08-21T00:23:38,36.97284,-76.43364,0.0,0.0,511.0,YANO,IMO7825409,NAQH,70,0,276,32,13.0,70,A
215677000,2020-08-21T00:25:54,36.96291,-76.42420,0.0,147.3,39.0,RIZE,IMO9584035,9HA2781,70,5,229,32,14.5,,A
366733250,2020-08-21T00:24:12,37.20730,-76.28629,7.4,336.5,511.0,ATLANTIC SURVEYOR,,WTR5417,70,15,31,7,,,A
266338000,2020-08-21T00:25:08,37.30283,-76.10267,17.7,29.5,30.0,FIGARO,IMO9505041,SMIO,70,0,231,32,11.3,,A
266338000,2020-08-21T00:26:25,37.30853,-76.09909,17.4,21.2,21.0,FIGARO,IMO9505041,SMIO,70,0,231,32,11.3,,A
416498000,2020-08-21T00:23:59,37.31368,-76.10082,18.7,211.6,211.0,EVER LYRIC,IMO9629108,BKKH,70,0,334,45,14.2,74,A
367359930,2020-08-21T00:22:42,36.82406,-76.28906,0.0,238.7,511.0,SUNNY WILLIAMS,,WDE4940,80,0,25,8,,80,A
538006982,2020-08-21T00:29:16,36.96259,-76.42372,0.1,179.6,40.0,ANTE TOPIC,IMO9737072,V7TR4,70,5,,,,,A
366733250,2020-08-21T00:22:41,37.20450,-76.28433,7.6,328.3,511.0,ATLANTIC SURVEYOR,,WTR5417,70,15,31,7,,,A
266338000,2020-08-21T00:21:50,37.28867,-76.11267,17.3,29.9,30.0,FIGARO,IMO9505041,SMIO,70,0,231,32,11.3,,A
367822000,2020-08-21T00:26:55,36.97313,-76.43381,0.0,0.0,238.0,USNS SHUGHART,IMO7825394,NAOQ,70,5,276,32,13.0,70,A
538002652,2020-08-21T00:24:52,36.87947,-76.32647,0.0,2.0,277.0,NAIAS,IMO9330800,V7KN8,70,5,225,32,14.0,70,A
369390000,2020-08-21T00:24:05,36.87083,-76.34817,0.0,289.0,347.0,SAFMARINE MAFADI,IMO9314210,KRIJ,70,5,292,32,11.8,70,A
338403000,2020-08-21T00:22:26,36.92482,-76.32974,0.0,121.6,355.0,MAERSK HARTFORD,IMO9333008,WMHA,70,5,299,40,14.5,,A
266338000,2020-08-21T00:24:01,37.29808,-76.10593,17.7,29.5,30.0,FIGARO,IMO9505041,SMIO,70,0,231,32,11.3,,A
477738200,2020-08-21T00:24:39,36.87739,-76.34996,0.0,161.0,347.0,COSCO PHILIPPINES,IMO9448762,VRGM7,70,5,334,42,14.5,72,A
416498000,2020-08-21T00:28:22,37.29317,-76.11359,17.7,197.2,197.0,EVER LYRIC,IMO9629108,BKKH,70,0,334,45,14.2,74,A
338794000,2020-08-21T00:29:05,37.26650,-76.12300,14.7,30.2,33.0,ARC INDEPENDENCE,IMO9332925,WAIE,70,0,228,32,8.3,70,A
338794000,2020-08-21T00:26:17,37.25570,-76.12808,14.9,17.0,20.0,ARC INDEPENDENCE,IMO9332925,WAIE,70,0,228,32,8.3,70,A
367821000,2020-08-21T00:30:48,36.97284,-76.43364,0.0,0.0,511.0,YANO,IMO7825409,NAQH,70,0,276,32,13.0,70,A
338403000,2020-08-21T00:28:25,36.92479,-76.32971,0.0,121.6,355.0,MAERSK HARTFORD,IMO9333008,WMHA,70,5,299,40,14.5,,A
416498000,2020-08-21T00:25:47,37.30535,-76.10687,18.6,211.4,210.0,EVER LYRIC,IMO9629108,BKKH,70,0,334,45,14.2,74,A
366839000,2020-08-21T00:28:07,36.85352,-76.31081,0.0,0.0,39.0,CAPE RISE,IMO7530808,KAFG,70,5,197,32,10.0,,A
477738200,2020-08-21T00:27:39,36.87741,-76.34987,0.0,161.0,347.0,COSCO PHILIPPINES,IMO9448762,VRGM7,70,5,334,42,14.5,72,A
366733250,2020-08-21T00:25:21,37.20918,-76.28779,7.5,303.3,511.0,ATLANTIC SURVEYOR,,WTR5417,70,15,31,7,,,A
367359930,2020-08-21T00:25:21,36.82406,-76.28905,0.0,227.6,511.0,SUNNY WILLIAMS,,WDE4940,80,0,25,8,,80,A
477196100,2020-08-21T00:24:53,37.19600,-76.13702,0.1,9.8,87.0,DARYA MA,IMO9591674,VRJH5,70,1,229,32,14.5,,A
416498000,2020-08-21T00:27:04,37.29925,-76.11060,18.2,203.7,202.0,EVER LYRIC,IMO9629108,BKKH,70,0,334,45,14.2,74,A
366733250,2020-08-21T00:28:02,37.21215,-76.29416,7.9,296.0,511.0,ATLANTIC SURVEYOR,,WTR5417,70,15,31,7,,,A
366733250,2020-08-21T00:26:33,37.21055,-76.29055,7.8,301.6,511.0,ATLANTIC SURVEYOR,,WTR5417,70,15,31,7,,,A
538006982,2020-08-21T00:26:16,36.96258,-76.42370,0.1,182.6,40.0,ANTE TOPIC,IMO9737072,V7TR4,70,5,,,,,A
366839000,2020-08-21T00:31:08,36.85347,-76.31085,0.0,0.0,39.0,CAPE RISE,IMO7530808,KAFG,70,5,197,32,10.0,,A
367861000,2020-08-21T00:27:01,36.94637,-76.32982,0.0,0.0,265.0,LARAMIE,IMO8906626,NLAR,80,5,193,29,,,A
215677000,2020-08-21T00:28:51,36.96290,-76.42420,0.0,147.3,39.0,RIZE,IMO9584035,9HA2781,70,5,229,32,14.5,,A
368026000,2020-08-21T00:27:21,36.86576,-76.31604,0.0,270.5,2.0,BENAVIDEZ,IMO9218210,NBHG,70,5,289,32,10.9,70,A
538002652,2020-08-21T00:30:50,36.87932,-76.32653,0.0,2.0,277.0,NAIAS,IMO9330800,V7KN8,70,5,225,32,14.0,70,A
367822000,2020-08-21T00:23:56,36.97313,-76.43381,0.0,0.0,238.0,USNS SHUGHART,IMO7825394,NAOQ,70,5,276,32,13.0,70,A
538002652,2020-08-21T00:27:51,36.87948,-76.32642,0.0,2.0,277.0,NAIAS,IMO9330800,V7KN8,70,5,225,32,14.0,70,A
367821000,2020-08-21T00:24:48,36.97284,-76.43364,0.0,0.0,511.0,YANO,IMO7825409,NAQH,70,0,276,32,13.0,70,A
416498000,2020-08-21T00:33:46,37.26845,-76.12350,16.5,197.0,196.0,EVER LYRIC,IMO9629108,BKKH,70,0,334,45,14.2,74,A
367822000,2020-08-21T00:29:56,36.97313,-76.43381,0.0,0.0,238.0,USNS SHUGHART,IMO7825394,NAOQ,70,5,276,32,13.0,70,A
366733250,2020-08-21T00:29:23,37.21341,-76.29749,8.0,295.2,511.0,ATLANTIC SURVEYOR,,WTR5417,70,15,31,7,,,A
367861000,2020-08-21T00:30:01,36.94642,-76.32980,0.0,0.0,265.0,LARAMIE,IMO8906626,NLAR,80,5,193,29,,,A
369390000,2020-08-21T00:30:05,36.87083,-76.34817,0.0,145.0,347.0,SAFMARINE MAFADI,IMO9314210,KRIJ,70,5,292,32,11.8,70,A
367359930,2020-08-21T00:28:53,36.82402,-76.28907,0.0,224.4,511.0,SUNNY WILLIAMS,,WDE4940,80,0,25,8,,80,A
366733250,2020-08-21T00:30:32,37.21449,-76.30040,8.0,294.0,511.0,ATLANTIC SURVEYOR,,WTR5417,70,15,31,7,,,A
338794000,2020-08-21T00:30:34,37.27173,-76.11899,14.7,31.2,33.0,ARC INDEPENDENCE,IMO9332925,WAIE,70,0,228,32,8.3,70,A
215677000,2020-08-21T00:31:53,36.96290,-76.42420,0.0,147.3,39.0,RIZE,IMO9584035,9HA2781,70,5,229,32,14.5,,A
366733250,2020-08-21T00:34:01,37.21795,-76.30917,8.0,296.4,511.0,ATLANTIC SURVEYOR,,WTR5417,70,15,31,7,,,A
266338000,2020-08-21T00:31:44,37.33307,-76.08832,17.6,19.6,20.0,FIGARO,IMO9505041,SMIO,70,0,231,32,11.3,,A
266338000,2020-08-21T00:30:14,37.32612,-76.09140,17.6,19.4,20.0,FIGARO,IMO9505041,SMIO,70,0,231,32,11.3,,A
416498000,2020-08-21T00:32:22,37.27474,-76.12105,16.5,197.9,197.0,EVER LYRIC,IMO9629108,BKKH,70,0,334,45,14.2,74,A
338794000,2020-08-21T00:34:23,37.28532,-76.10789,15.9,31.8,33.0,ARC INDEPENDENCE,IMO9332925,WAIE,70,0,228,32,8.3,70,A
477196100,2020-08-21T00:30:54,37.19624,-76.13700,0.1,353.3,95.0,DARYA MA,IMO9591674,VRJH5,70,1,229,32,14.5,,A
367821000,2020-08-21T00:29:37,36.97284,-76.43364,0.0,0.0,511.0,YANO,IMO7825409,NAQH,70,0,276,32,13.0,70,A
338403000,2020-08-21T00:25:25,36.92476,-76.32970,0.0,121.6,355.0,MAERSK HARTFORD,IMO9333008,WMHA,70,5,299,40,14.5,,A
416498000,2020-08-21T00:31:10,37.28028,-76.11883,16.9,198.2,198.0,EVER LYRIC,IMO9629108,BKKH,70,0,334,45,14.2,74,A
416498000,2020-08-21T00:29:29,37.28789,-76.11575,17.2,197.6,197.0,EVER LYRIC,IMO9629108,BKKH,70,0,334,45,14.2,74,A
477738200,2020-08-21T00:30:37,36.87743,-76.34986,0.0,161.0,347.0,COSCO PHILIPPINES,IMO9448762,VRGM7,70,5,334,42,14.5,72,A
367359930,2020-08-21T00:32:23,36.82404,-76.28906,0.0,231.6,511.0,SUNNY WILLIAMS,,WDE4940,80,0,25,8,,80,A
367932000,2020-08-21T00:30:08,36.94917,-76.32970,0.0,107.0,279.0,JOHN LENTHALL,IMO8325547,NJLN,80,5,193,29,,,A
367359930,2020-08-21T00:26:33,36.82406,-76.28905,0.0,226.7,511.0,SUNNY WILLIAMS,,WDE4940,80,0,25,8,,80,A
367359930,2020-08-21T00:27:42,36.82404,-76.28905,0.0,225.6,511.0,SUNNY WILLIAMS,,WDE4940,80,0,25,8,,80,A
366733250,2020-08-21T00:36:51,37.22082,-76.31629,8.0,298.7,511.0,ATLANTIC SURVEYOR,,WTR5417,70,15,31,7,,,A
369390000,2020-08-21T00:33:06,36.87096,-76.34823,0.0,192.0,347.0,SAFMARINE MAFADI,IMO9314210,KRIJ,70,5,292,32,11.8,70,A
367821000,2020-08-21T00:28:27,36.97284,-76.43364,0.0,0.0,511.0,YANO,IMO7825409,NAQH,70,0,276,32,13.0,70,A
367932000,2020-08-21T00:33:07,36.94915,-76.32983,0.0,107.0,279.0,JOHN LENTHALL,IMO8325547,NJLN,80,5,193,29,,,A
366839000,2020-08-21T00:34:08,36.85352,-76.31083,0.0,0.0,39.0,CAPE RISE,IMO7530808,KAFG,70,5,197,32,10.0,,A
338794000,2020-08-21T00:37:23,37.29732,-76.10103,15.8,18.9,20.0,ARC INDEPENDENCE,IMO9332925,WAIE,70,0,228,32,8.3,70,A
477196100,2020-08-21T00:27:55,37.19612,-76.13701,0.1,353.4,90.0,DARYA MA,IMO9591674,VRJH5,70,1,229,32,14.5,,A
369390000,2020-08-21T00:36:06,36.87083,-76.34819,0.0,191.0,347.0,SAFMARINE MAFADI,IMO9314210,KRIJ,70,5,292,32,11.8,70,A
477738200,2020-08-21T00:33:36,36.87742,-76.34993,0.1,117.8,347.0,COSCO PHILIPPINES,IMO9448762,VRGM7,70,5,334,42,14.5,72,A
538006982,2020-08-21T00:35:16,36.96256,-76.42369,0.0,171.7,40.0,ANTE TOPIC,IMO9737072,V7TR4,70,5,,,,,A
266338000,2020-08-21T00:27:32,37.31350,-76.09683,17.5,18.7,20.0,FIGARO,IMO9505041,SMIO,70,0,231,32,11.3,,A
367821000,2020-08-21T00:35:48,36.97284,-76.43364,0.0,0.0,511.0,YANO,IMO7825409,NAQH,70,0,276,32,13.0,70,A
367359930,2020-08-21T00:34:41,36.82406,-76.28906,0.0,235.2,511.0,SUNNY WILLIAMS,,WDE4940,80,0,25,8,,80,A
338403000,2020-08-21T00:31:24,36.92479,-76.32975,0.0,121.6,355.0,MAERSK HARTFORD,IMO9333008,WMHA,70,5,299,40,14.5,,A
338403000,2020-08-21T00:37:27,36.92482,-76.32969,0.0,121.6,355.0,MAERSK HARTFORD,IMO9333008,WMHA,70,5,299,40,14.5,,A
416498000,2020-08-21T00:37:40,37.25067,-76.13045,15.6,196.7,196.0,EVER LYRIC,IMO9629108,BKKH,70,0,334,45,14.2,74,A
266338000,2020-08-21T00:28:38,37.31867,-76.09467,17.5,19.4,20.0,FIGARO,IMO9505041,SMIO,70,0,231,32,11.3,,A
538002652,2020-08-21T00:36:50,36.87938,-76.32647,0.0,2.0,276.0,NAIAS,IMO9330800,V7KN8,70,5,225,32,14.0,70,A
416498000,2020-08-21T00:36:34,37.25573,-76.12844,15.9,197.3,196.0,EVER LYRIC,IMO9629108,BKKH,70,0,334,45,14.2,74,A
338794000,2020-08-21T00:32:16,37.27766,-76.11414,15.1,32.5,34.0,ARC INDEPENDENCE,IMO9332925,WAIE,70,0,228,32,8.3,70,A
367861000,2020-08-21T00:36:00,36.94638,-76.32981,0.0,0.0,265.0,LARAMIE,IMO8906626,NLAR,80,5,193,29,,,A
538006982,2020-08-21T00:32:16,36.96259,-76.42365,0.1,178.3,40.0,ANTE TOPIC,IMO9737072,V7TR4,70,5,,,,,A
366733250,2020-08-21T00:31:41,37.21563,-76.30332,8.0,296.4,511.0,ATLANTIC SURVEYOR,,WTR5417,70,15,31,7,,,A
367932000,2020-08-21T00:36:07,36.94920,-76.32968,0.0,107.0,279.0,JOHN LENTHALL,IMO8325547,NJLN,80,5,193,29,,,A
367821000,2020-08-21T00:38:07,36.97285,-76.43364,0.0,0.0,511.0,YANO,IMO7825409,NAQH,70,0,276,32,13.0,70,A
367861000,2020-08-21T00:33:01,36.94637,-76.32977,0.0,0.0,265.0,LARAMIE,IMO8906626,NLAR,80,5,193,29,,,A
538006982,2020-08-21T00:38:16,36.96258,-76.42365,0.0,171.7,40.0,ANTE TOPIC,IMO9737072,V7TR4,70,5,,,,,A
367359930,2020-08-21T00:39:22,36.82404,-76.28906,0.0,244.1,511.0,SUNNY WILLIAMS,,WDE4940,80,0,25,8,,80,A
367359930,2020-08-21T00:35:52,36.82406,-76.28905,0.0,237.1,511.0,SUNNY WILLIAMS,,WDE4940,80,0,25,8,,80,A
367821000,2020-08-21T00:39:17,36.97285,-76.43364,0.0,0.0,511.0,YANO,IMO7825409,NAQH,70,0,276,32,13.0,70,A
538002652,2020-08-21T00:33:53,36.87937,-76.32648,0.0,2.0,276.0,NAIAS,IMO9330800,V7KN8,70,5,225,32,14.0,70,A
367359930,2020-08-21T00:38:12,36.82406,-76.28906,0.0,248.4,511.0,SUNNY WILLIAMS,,WDE4940,80,0,25,8,,80,A
367359930,2020-08-21T00:33:32,36.82406,-76.28909,0.0,230.0,511.0,SUNNY WILLIAMS,,WDE4940,80,0,25,8,,80,A
366839000,2020-08-21T00:37:10,36.85348,-76.31083,0.0,0.0,39.0,CAPE RISE,IMO7530808,KAFG,70,5,197,32,10.0,,A
338794000,2020-08-21T00:41:40,37.31546,-76.09371,16.1,16.4,17.0,ARC INDEPENDENCE,IMO9332925,WAIE,70,0,228,32,8.3,70,A
338794000,2020-08-21T00:40:34,37.31076,-76.09554,16.0,17.7,19.0,ARC INDEPENDENCE,IMO9332925,WAIE,70,0,228,32,8.3,70,A
338403000,2020-08-21T00:34:27,36.92482,-76.32969,0.0,121.6,355.0,MAERSK HARTFORD,IMO9333008,WMHA,70,5,299,40,14.5,,A
366733250,2020-08-21T00:39:02,37.22327,-76.32152,8.1,299.2,511.0,ATLANTIC SURVEYOR,,WTR5417,70,15,31,7,,,A
369390000,2020-08-21T00:42:05,36.87083,-76.34817,0.0,288.0,347.0,SAFMARINE MAFADI,IMO9314210,KRIJ,70,5,292,32,11.8,70,A
367359930,2020-08-21T00:40:31,36.82405,-76.28906,0.0,250.0,511.0,SUNNY WILLIAMS,,WDE4940,80,0,25,8,,80,A
338794000,2020-08-21T00:42:47,37.32028,-76.09192,16.2,16.8,18.0,ARC INDEPENDENCE,IMO9332925,WAIE,70,0,228,32,8.3,70,A
367861000,2020-08-21T00:39:00,36.94635,-76.32980,0.0,0.0,265.0,LARAMIE,IMO8906626,NLAR,80,5,193,29,,,A
416498000,2020-08-21T00:38:53,37.24522,-76.13249,14.7,194.1,195.0,EVER LYRIC,IMO9629108,BKKH,70,0,334,45,14.2,74,A
367821000,2020-08-21T00:40:28,36.97285,-76.43363,0.0,0.0,511.0,YANO,IMO7825409,NAQH,70,0,276,32,13.0,70,A
215677000,2020-08-21T00:34:54,36.96290,-76.42417,0.0,147.3,39.0,RIZE,IMO9584035,9HA2781,70,5,229,32,14.5,,A
338794000,2020-08-21T00:36:16,37.29275,-76.10329,15.8,23.2,25.0,ARC INDEPENDENCE,IMO9332925,WAIE,70,0,228,32,8.3,70,A
367359930,2020-08-21T00:42:31,36.82405,-76.28906,0.0,252.6,511.0,SUNNY WILLIAMS,,WDE4940,80,0,25,8,,80,A
366839000,2020-08-21T00:40:08,36.85350,-76.31083,0.0,0.0,39.0,CAPE RISE,IMO7530808,KAFG,70,5,197,32,10.0,,A
368026000,2020-08-21T00:42:21,36.86577,-76.31604,0.0,270.5,2.0,BENAVIDEZ,IMO9218210,NBHG,70,5,289,32,10.9,70,A
367359930,2020-08-21T00:45:33,36.82404,-76.28905,0.0,250.2,511.0,SUNNY WILLIAMS,,WDE4940,80,0,25,8,,80,A
367822000,2020-08-21T00:35:55,36.97313,-76.43382,0.0,0.0,238.0,USNS SHUGHART,IMO7825394,NAOQ,70,5,276,32,13.0,70,A
338794000,2020-08-21T00:38:34,37.30228,-76.09895,15.9,18.5,20.0,ARC INDEPENDENCE,IMO9332925,WAIE,70,0,228,32,8.3,70,A
369390000,2020-08-21T00:39:05,36.87100,-76.34824,0.0,141.0,347.0,SAFMARINE MAFADI,IMO9314210,KRIJ,70,5,292,32,11.8,70,A
416498000,2020-08-21T00:40:28,37.23796,-76.13492,14.9,194.8,195.0,EVER LYRIC,IMO9629108,BKKH,70,0,334,45,14.2,74,A
338403000,2020-08-21T00:43:28,36.92479,-76.32970,0.0,121.6,355.0,MAERSK HARTFORD,IMO9333008,WMHA,70,5,299,40,14.5,,A
477196100,2020-08-21T00:39:56,37.19644,-76.13699,0.1,319.4,101.0,DARYA MA,IMO9591674,VRJH5,70,1,229,32,14.5,,A
367822000,2020-08-21T00:44:56,36.97313,-76.43382,0.0,0.0,238.0,USNS SHUGHART,IMO7825394,NAOQ,70,5,276,32,13.0,70,A
367821000,2020-08-21T00:41:47,36.97285,-76.43363,0.0,0.0,511.0,YANO,IMO7825409,NAQH,70,0,276,32,13.0,70,A
338794000,2020-08-21T00:43:52,37.32497,-76.09018,16.2,16.2,17.0,ARC INDEPENDENCE,IMO9332925,WAIE,70,0,228,32,8.3,70,A
538002652,2020-08-21T00:42:49,36.87940,-76.32647,0.0,2.0,276.0,NAIAS,IMO9330800,V7KN8,70,5,225,32,14.0,70,A
538002652,2020-08-21T00:45:53,36.87942,-76.32647,0.0,2.0,276.0,NAIAS,IMO9330800,V7KN8,70,5,225,32,14.0,70,A
367932000,2020-08-21T00:42:09,36.94921,-76.32966,0.0,107.0,279.0,JOHN LENTHALL,IMO8325547,NJLN,80,5,193,29,,,A
368026000,2020-08-21T00:36:21,36.86575,-76.31606,0.0,270.5,2.0,BENAVIDEZ,IMO9218210,NBHG,70,5,289,32,10.9,70,A
367821000,2020-08-21T00:36:57,36.97285,-76.43364,0.0,0.0,511.0,YANO,IMO7825409,NAQH,70,0,276,32,13.0,70,A
416498000,2020-08-21T00:43:41,37.22355,-76.13984,12.6,199.5,198.0,EVER LYRIC,IMO9629108,BKKH,70,0,334,45,14.2,74,A
367359930,2020-08-21T00:46:53,36.82405,-76.28906,0.0,254.2,511.0,SUNNY WILLIAMS,,WDE4940,80,0,25,8,,80,A
368026000,2020-08-21T00:45:21,36.86577,-76.31603,0.0,270.5,2.0,BENAVIDEZ,IMO9218210,NBHG,70,5,289,32,10.9,70,A
366733250,2020-08-21T00:38:01,37.22212,-76.31911,8.0,301.8,511.0,ATLANTIC SURVEYOR,,WTR5417,70,15,31,7,,,A
538006982,2020-08-21T00:41:16,36.96255,-76.42363,0.0,171.7,40.0,ANTE TOPIC,IMO9737072,V7TR4,70,5,,,,,A
416498000,2020-08-21T00:45:05,37.21731,-76.14255,14.8,199.7,199.0,EVER LYRIC,IMO9629108,BKKH,70,0,334,45,14.2,74,A
477738200,2020-08-21T00:45:38,36.87738,-76.34991,0.0,182.6,347.0,COSCO PHILIPPINES,IMO9448762,VRGM7,70,5,334,42,14.5,72,A
538002652,2020-08-21T00:39:52,36.87940,-76.32648,0.0,2.0,276.0,NAIAS,IMO9330800,V7KN8,70,5,225,32,14.0,70,A
338403000,2020-08-21T00:40:27,36.92475,-76.32975,0.0,355.4,355.0,MAERSK HARTFORD,IMO9333008,WMHA,70,5,299,40,14.5,,A
366733250,2020-08-21T00:47:51,37.22355,-76.31765,5.2,119.9,511.0,ATLANTIC SURVEYOR,,WTR5417,70,15,31,7,,,A
366733250,2020-08-21T00:46:42,37.22439,-76.31949,5.2,120.0,511.0,ATLANTIC SURVEYOR,,WTR5417,70,15,31,7,,,A
416498000,2020-08-21T00:47:17,37.20759,-76.14686,14.3,197.0,197.0,EVER LYRIC,IMO9629108,BKKH,70,0,334,45,14.2,74,A
416498000,2020-08-21T00:46:11,37.21254,-76.14474,15.2,199.4,199.0,EVER LYRIC,IMO9629108,BKKH,70,0,334,45,14.2,74,A
367861000,2020-08-21T00:45:01,36.94638,-76.32977,0.0,0.0,265.0,LARAMIE,IMO8906626,NLAR,80,5,193,29,,,A
477196100,2020-08-21T00:48:54,37.19668,-76.13685,0.2,14.9,111.0,DARYA MA,IMO9591674,VRJH5,70,1,229,32,14.5,,A
215677000,2020-08-21T00:43:50,36.96291,-76.42419,0.0,147.3,39.0,RIZE,IMO9584035,9HA2781,70,5,229,32,14.5,,A
215677000,2020-08-21T00:49:51,36.96292,-76.42419,0.0,147.3,39.0,RIZE,IMO9584035,9HA2781,70,5,229,32,14.5,,A
367822000,2020-08-21T00:41:55,36.97313,-76.43381,0.0,0.0,238.0,USNS SHUGHART,IMO7825394,NAOQ,70,5,276,32,13.0,70,A
338794000,2020-08-21T00:46:11,37.33500,-76.08650,16.4,16.6,17.0,ARC INDEPENDENCE,IMO9332925,WAIE,70,0,228,32,8.3,70,A
367861000,2020-08-21T00:48:00,36.94635,-76.32975,0.0,0.0,265.0,LARAMIE,IMO8906626,NLAR,80,5,193,29,,,A
367861000,2020-08-21T00:42:00,36.94641,-76.32981,0.0,0.0,265.0,LARAMIE,IMO8906626,NLAR,80,5,193,29,,,A
368026000,2020-08-21T00:48:20,36.86575,-76.31603,0.0,270.5,2.0,BENAVIDEZ,IMO9218210,NBHG,70,5,289,32,10.9,70,A
367932000,2020-08-21T00:39:09,36.94920,-76.32968,0.0,107.0,279.0,JOHN LENTHALL,IMO8325547,NJLN,80,5,193,29,,,A
366733250,2020-08-21T00:41:41,37.22659,-76.32723,5.0,8.6,511.0,ATLANTIC SURVEYOR,,WTR5417,70,15,31,7,,,A
416498000,2020-08-21T00:48:23,37.20277,-76.14887,14.4,198.2,197.0,EVER LYRIC,IMO9629108,BKKH,70,0,334,45,14.2,74,A
538006982,2020-08-21T00:47:16,36.96257,-76.42366,0.0,167.4,40.0,ANTE TOPIC,IMO9737072,V7TR4,70,5,,,,,A
367822000,2020-08-21T00:47:55,36.97313,-76.43382,0.0,0.0,238.0,USNS SHUGHART,IMO7825394,NAOQ,70,5,276,32,13.0,70,A
477738200,2020-08-21T00:42:37,36.87738,-76.34997,0.0,182.6,347.0,COSCO PHILIPPINES,IMO9448762,VRGM7,70,5,334,42,14.5,72,A
367359930,2020-08-21T00:48:02,36.82405,-76.28906,0.0,251.2,511.0,SUNNY WILLIAMS,,WDE4940,80,0,25,8,,80,A
366733250,2020-08-21T00:42:51,37.22726,-76.32559,5.7,97.1,511.0,ATLANTIC SURVEYOR,,WTR5417,70,15,31,7,,,A
538002652,2020-08-21T00:48:51,36.87942,-76.32647,0.0,2.0,276.0,NAIAS,IMO9330800,V7KN8,70,5,225,32,14.0,70,A
366839000,2020-08-21T00:43:12,36.85350,-76.31082,0.0,0.0,39.0,CAPE RISE,IMO7530808,KAFG,70,5,197,32,10.0,,A
367359930,2020-08-21T00:49:13,36.82405,-76.28906,0.0,249.5,511.0,SUNNY WILLIAMS,,WDE4940,80,0,25,8,,80,A
367821000,2020-08-21T00:44:27,36.97297,-76.43362,0.0,0.0,511.0,YANO,IMO7825409,NAQH,70,0,276,32,13.0,70,A
366733250,2020-08-21T00:50:11,37.22189,-76.31385,5.4,118.2,511.0,ATLANTIC SURVEYOR,,WTR5417,70,15,31,7,,,A
477196100,2020-08-21T00:42:54,37.19653,-76.13697,0.1,357.8,102.0,DARYA MA,IMO9591674,VRJH5,70,1,229,32,14.5,,A
477738200,2020-08-21T00:48:39,36.87754,-76.34978,0.1,128.1,347.0,COSCO PHILIPPINES,IMO9448762,VRGM7,70,5,334,42,14.5,72,A
367932000,2020-08-21T00:48:08,36.94916,-76.32971,0.0,107.0,279.0,JOHN LENTHALL,IMO8325547,NJLN,80,5,193,29,,,A
416498000,2020-08-21T00:41:34,37.23307,-76.13653,12.9,194.6,195.0,EVER LYRIC,IMO9629108,BKKH,70,0,334,45,14.2,74,A
367822000,2020-08-21T00:50:55,36.97306,-76.43385,0.0,0.0,238.0,USNS SHUGHART,IMO7825394,NAOQ,70,5,276,32,13.0,70,A
367359930,2020-08-21T00:44:31,36.82405,-76.28905,0.0,251.2,511.0,SUNNY WILLIAMS,,WDE4940,80,0,25,8,,80,A
369390000,2020-08-21T00:51:06,36.87095,-76.34818,0.0,143.0,347.0,SAFMARINE MAFADI,IMO9314210,KRIJ,70,5,292,32,11.8,70,A
367821000,2020-08-21T00:51:38,36.97286,-76.43362,0.0,0.0,511.0,YANO,IMO7825409,NAQH,70,0,276,32,13.0,70,A
366733250,2020-08-21T00:45:32,37.22530,-76.32134,5.3,122.9,511.0,ATLANTIC SURVEYOR,,WTR5417,70,15,31,7,,,A
366733250,2020-08-21T00:49:02,37.22270,-76.31574,5.3,118.3,511.0,ATLANTIC SURVEYOR,,WTR5417,70,15,31,7,,,A
366839000,2020-08-21T00:49:10,36.85351,-76.31082,0.0,0.0,39.0,CAPE RISE,IMO7530808,KAFG,70,5,197,32,10.0,,A
338403000,2020-08-21T00:49:30,36.92481,-76.32969,0.0,121.6,355.0,MAERSK HARTFORD,IMO9333008,WMHA,70,5,299,40,14.5,,A
538006982,2020-08-21T00:44:16,36.96256,-76.42365,0.0,171.7,40.0,ANTE TOPIC,IMO9737072,V7TR4,70,5,,,,,A
369390000,2020-08-21T00:45:06,36.87092,-76.34818,0.0,203.0,347.0,SAFMARINE MAFADI,IMO9314210,KRIJ,70,5,292,32,11.8,70,A
367932000,2020-08-21T00:45:09,36.94919,-76.32966,0.0,107.0,279.0,JOHN LENTHALL,IMO8325547,NJLN,80,5,193,29,,,A
538002652,2020-08-21T00:51:52,36.87942,-76.32648,0.0,2.0,276.0,NAIAS,IMO9330800,V7KN8,70,5,225,32,14.0,70,A
416498000,2020-08-21T00:50:59,37.19114,-76.15359,15.9,196.7,193.0,EVER LYRIC,IMO9629108,BKKH,70,0,334,45,14.2,74,A
369390000,2020-08-21T00:48:06,36.87091,-76.34817,0.0,158.0,347.0,SAFMARINE MAFADI,IMO9314210,KRIJ,70,5,292,32,11.8,70,A
368026000,2020-08-21T00:51:21,36.86576,-76.31605,0.0,270.5,2.0,BENAVIDEZ,IMO9218210,NBHG,70,5,289,32,10.9,70,A
366733250,2020-08-21T00:51:23,37.22102,-76.31194,5.3,119.4,511.0,ATLANTIC SURVEYOR,,WTR5417,70,15,31,7,,,A
477196100,2020-08-21T00:45:57,37.19660,-76.13690,0.1,19.0,106.0,DARYA MA,IMO9591674,VRJH5,70,1,229,32,14.5,,A
477738200,2020-08-21T00:51:38,36.87755,-76.34987,0.1,128.4,347.0,COSCO PHILIPPINES,IMO9448762,VRGM7,70,5,334,42,14.5,72,A
366733250,2020-08-21T00:53:31,37.21934,-76.30858,5.2,122.1,511.0,ATLANTIC SURVEYOR,,WTR5417,70,15,31,7,,,A
215677000,2020-08-21T00:46:53,36.96292,-76.42418,0.0,147.3,39.0,RIZE,IMO9584035,9HA2781,70,5,229,32,14.5,,A
477196100,2020-08-21T00:51:59,37.19674,-76.13685,0.1,353.0,112.0,DARYA MA,IMO9591674,VRJH5,70,1,229,32,14.5,,A
366839000,2020-08-21T00:52:10,36.85351,-76.31083,0.0,0.0,39.0,CAPE RISE,IMO7530808,KAFG,70,5,197,32,10.0,,A
367359930,2020-08-21T00:53:52,36.82405,-76.28905,0.0,255.2,511.0,SUNNY WILLIAMS,,WDE4940,80,0,25,8,,80,A
367821000,2020-08-21T00:48:57,36.97287,-76.43363,0.0,0.0,511.0,YANO,IMO7825409,NAQH,70,0,276,32,13.0,70,A
215677000,2020-08-21T00:52:51,36.96291,-76.42421,0.0,147.3,39.0,RIZE,IMO9584035,9HA2781,70,5,229,32,14.5,,A
538006982,2020-08-21T00:53:16,36.96259,-76.42365,0.0,163.5,40.0,ANTE TOPIC,IMO9737072,V7TR4,70,5,,,,,A
367861000,2020-08-21T00:54:00,36.94635,-76.32979,0.0,0.0,265.0,LARAMIE,IMO8906626,NLAR,80,5,193,29,,,A
366733250,2020-08-21T00:54:41,37.21841,-76.30675,5.3,122.7,511.0,ATLANTIC SURVEYOR,,WTR5417,70,15,31,7,,,A
416498000,2020-08-21T00:53:47,37.17828,-76.15396,15.8,173.5,174.0,EVER LYRIC,IMO9629108,BKKH,70,0,334,45,14.2,74,A
416498000,2020-08-21T00:55:59,37.16822,-76.15278,15.7,174.1,173.0,EVER LYRIC,IMO9629108,BKKH,70,0,334,45,14.2,74,A
366839000,2020-08-21T00:55:05,36.85351,-76.31081,0.0,0.0,39.0,CAPE RISE,IMO7530808,KAFG,70,5,197,32,10.0,,A
367821000,2020-08-21T00:54:48,36.97285,-76.43362,0.0,0.0,511.0,YANO,IMO7825409,NAQH,70,0,276,32,13.0,70,A
367821000,2020-08-21T00:55:57,36.97285,-76.43363,0.0,0.0,511.0,YANO,IMO7825409,NAQH,70,0,276,32,13.0,70,A
338403000,2020-08-21T00:55:23,36.92475,-76.32970,0.0,355.4,355.0,MAERSK HARTFORD,IMO9333008,WMHA,70,5,299,40,14.5,,A
367821000,2020-08-21T00:50:08,36.97286,-76.43363,0.0,0.0,511.0,YANO,IMO7825409,NAQH,70,0,276,32,13.0,70,A
215677000,2020-08-21T00:55:53,36.96290,-76.42418,0.0,147.3,39.0,RIZE,IMO9584035,9HA2781,70,5,229,32,14.5,,A
367359930,2020-08-21T00:52:42,36.82406,-76.28905,0.0,257.9,511.0,SUNNY WILLIAMS,,WDE4940,80,0,25,8,,80,A
367861000,2020-08-21T00:51:01,36.94637,-76.32979,0.0,0.0,265.0,LARAMIE,IMO8906626,NLAR,80,5,193,29,,,A
538006982,2020-08-21T00:56:16,36.96256,-76.42363,0.1,136.8,40.0,ANTE TOPIC,IMO9737072,V7TR4,70,5,,,,,A
416498000,2020-08-21T00:57:53,37.15946,-76.15164,15.6,173.2,172.0,EVER LYRIC,IMO9629108,BKKH,70,0,334,45,14.2,74,A
416498000,2020-08-21T00:52:41,37.18327,-76.15453,15.9,175.0,174.0,EVER LYRIC,IMO9629108,BKKH,70,0,334,45,14.2,74,A
538002652,2020-08-21T00:57:53,36.87952,-76.32648,0.0,196.0,276.0,NAIAS,IMO9330800,V7KN8,70,5,225,32,14.0,70,A
367932000,2020-08-21T00:57:09,36.94916,-76.32967,0.0,107.0,279.0,JOHN LENTHALL,IMO8325547,NJLN,80,5,193,29,,,A
366733250,2020-08-21T00:59:11,37.21448,-76.29994,5.4,129.6,511.0,ATLANTIC SURVEYOR,,WTR5417,70,15,31,7,,,A
215677000,2020-08-21T00:58:51,36.96290,-76.42419,0.0,147.3,39.0,RIZE,IMO9584035,9HA2781,70,5,229,32,14.5,,A
538002652,2020-08-21T00:54:50,36.87948,-76.32647,0.0,2.0,276.0,NAIAS,IMO9330800,V7KN8,70,5,225,32,14.0,70,A
338403000,2020-08-21T00:58:27,36.92480,-76.32969,0.0,355.4,355.0,MAERSK HARTFORD,IMO9333008,WMHA,70,5,299,40,14.5,,A
368026000,2020-08-21T00:57:21,36.86574,-76.31606,0.0,270.5,2.0,BENAVIDEZ,IMO9218210,NBHG,70,5,289,32,10.9,70,A
367822000,2020-08-21T00:53:55,36.97308,-76.43382,0.0,0.0,238.0,USNS SHUGHART,IMO7825394,NAOQ,70,5,276,32,13.0,70,A
367822000,2020-08-21T00:59:56,36.97309,-76.43382,0.0,0.0,238.0,USNS SHUGHART,IMO7825394,NAOQ,70,5,276,32,13.0,70,A
477738200,2020-08-21T01:00:37,36.87748,-76.34978,0.0,134.0,347.0,COSCO PHILIPPINES,IMO9448762,VRGM7,70,5,334,42,14.5,72,A
366733250,2020-08-21T00:56:52,37.21668,-76.30331,5.2,123.2,511.0,ATLANTIC SURVEYOR,,WTR5417,70,15,31,7,,,A
367359930,2020-08-21T00:57:43,36.82406,-76.28905,0.0,258.4,511.0,SUNNY WILLIAMS,,WDE4940,80,0,25,8,,80,A
367359930,2020-08-21T01:00:12,36.82407,-76.28905,0.0,259.7,511.0,SUNNY WILLIAMS,,WDE4940,80,0,25,8,,80,A
477196100,2020-08-21T00:54:56,37.19675,-76.13683,0.0,353.0,112.0,DARYA MA,IMO9591674,VRJH5,70,1,229,32,14.5,,A
477196100,2020-08-21T01:00:55,37.19677,-76.13683,0.0,353.0,113.0,DARYA MA,IMO9591674,VRJH5,70,1,229,32,14.5,,A
367359930,2020-08-21T00:56:33,36.82406,-76.28905,0.0,260.2,511.0,SUNNY WILLIAMS,,WDE4940,80,0,25,8,,80,A
367861000,2020-08-21T00:57:01,36.94637,-76.32978,0.0,0.0,265.0,LARAMIE,IMO8906626,NLAR,80,5,193,29,,,A
367359930,2020-08-21T00:59:21,36.82406,-76.28906,0.0,257.0,511.0,SUNNY WILLIAMS,,WDE4940,80,0,25,8,,80,A
366733250,2020-08-21T01:01:22,37.21237,-76.29681,5.3,131.7,511.0,ATLANTIC SURVEYOR,,WTR5417,70,15,31,7,,,A
367821000,2020-08-21T00:57:48,36.97285,-76.43363,0.0,0.0,511.0,YANO,IMO7825409,NAQH,70,0,276,32,13.0,70,A
367359930,2020-08-21T01:01:32,36.82407,-76.28905,0.0,258.2,511.0,SUNNY WILLIAMS,,WDE4940,80,0,25,8,,80,A
367821000,2020-08-21T01:01:18,36.97285,-76.43363,0.0,0.0,511.0,YANO,IMO7825409,NAQH,70,0,276,32,13.0,70,A
368026000,2020-08-21T01:00:21,36.86575,-76.31604,0.0,270.5,2.0,BENAVIDEZ,IMO9218210,NBHG,70,5,289,32,10.9,70,A
366733250,2020-08-21T01:02:32,37.21126,-76.29512,5.4,129.3,511.0,ATLANTIC SURVEYOR,,WTR5417,70,15,31,7,,,A
367932000,2020-08-21T01:00:08,36.94914,-76.32972,0.0,107.0,279.0,JOHN LENTHALL,IMO8325547,NJLN,80,5,193,29,,,A
367822000,2020-08-21T01:02:56,36.97309,-76.43381,0.0,0.0,238.0,USNS SHUGHART,IMO7825394,NAOQ,70,5,276,32,13.0,70,A
215677000,2020-08-21T01:01:53,36.96292,-76.42420,0.0,147.3,39.0,RIZE,IMO9584035,9HA2781,70,5,229,32,14.5,,A
367821000,2020-08-21T00:58:57,36.97285,-76.43363,0.0,0.0,511.0,YANO,IMO7825409,NAQH,70,0,276,32,13.0,70,A
369390000,2020-08-21T01:00:05,36.87100,-76.34817,0.0,230.0,347.0,SAFMARINE MAFADI,IMO9314210,KRIJ,70,5,292,32,11.8,70,A
416498000,2020-08-21T01:02:17,37.14025,-76.14485,16.1,152.2,152.0,EVER LYRIC,IMO9629108,BKKH,70,0,334,45,14.2,74,A
416498000,2020-08-21T01:01:11,37.14479,-76.14777,15.9,153.7,153.0,EVER LYRIC,IMO9629108,BKKH,70,0,334,45,14.2,74,A
366839000,2020-08-21T01:04:10,36.85351,-76.31083,0.0,0.0,39.0,CAPE RISE,IMO7530808,KAFG,70,5,197,32,10.0,,A
367359930,2020-08-21T01:02:43,36.82406,-76.28901,0.0,259.2,511.0,SUNNY WILLIAMS,,WDE4940,80,0,25,8,,80,A
367359930,2020-08-21T01:04:03,36.82407,-76.28905,0.0,260.8,511.0,SUNNY WILLIAMS,,WDE4940,80,0,25,8,,80,A
367932000,2020-08-21T01:03:07,36.94919,-76.32971,0.0,107.0,279.0,JOHN LENTHALL,IMO8325547,NJLN,80,5,193,29,,,A
367821000,2020-08-21T01:04:57,36.97285,-76.43363,0.0,0.0,511.0,YANO,IMO7825409,NAQH,70,0,276,32,13.0,70,A
366839000,2020-08-21T01:01:07,36.85350,-76.31082,0.0,0.0,39.0,CAPE RISE,IMO7530808,KAFG,70,5,197,32,10.0,,A
369390000,2020-08-21T01:03:06,36.87096,-76.34821,0.0,239.0,347.0,SAFMARINE MAFADI,IMO9314210,KRIJ,70,5,292,32,11.8,70,A
477738200,2020-08-21T00:57:37,36.87750,-76.34981,0.0,131.7,347.0,COSCO PHILIPPINES,IMO9448762,VRGM7,70,5,334,42,14.5,72,A
366733250,2020-08-21T01:04:42,37.20919,-76.29195,5.3,131.5,511.0,ATLANTIC SURVEYOR,,WTR5417,70,15,31,7,,,A
367359930,2020-08-21T01:05:21,36.82406,-76.28905,0.0,264.2,511.0,SUNNY WILLIAMS,,WDE4940,80,0,25,8,,80,A
366733250,2020-08-21T01:06:01,37.20788,-76.29011,5.3,131.9,511.0,ATLANTIC SURVEYOR,,WTR5417,70,15,31,7,,,A
538006982,2020-08-21T01:02:16,36.96257,-76.42366,0.0,118.3,40.0,ANTE TOPIC,IMO9737072,V7TR4,70,5,,,,,A
367861000,2020-08-21T01:03:01,36.94638,-76.32978,0.0,0.0,265.0,LARAMIE,IMO8906626,NLAR,80,5,193,29,,,A
369390000,2020-08-21T01:06:05,36.87100,-76.34817,0.0,163.0,347.0,SAFMARINE MAFADI,IMO9314210,KRIJ,70,5,292,32,11.8,70,A
477196100,2020-08-21T01:06:54,37.19691,-76.13678,0.1,7.2,115.0,DARYA MA,IMO9591674,VRJH5,70,1,229,32,14.5,,A
416498000,2020-08-21T00:58:59,37.15451,-76.15096,15.8,174.5,172.0,EVER LYRIC,IMO9629108,BKKH,70,0,334,45,14.2,74,A
367861000,2020-08-21T01:00:00,36.94635,-76.32981,0.0,0.0,265.0,LARAMIE,IMO8906626,NLAR,80,5,193,29,,,A
367821000,2020-08-21T01:00:08,36.97285,-76.43363,0.0,0.0,511.0,YANO,IMO7825409,NAQH,70,0,276,32,13.0,70,A
366733250,2020-08-21T01:00:02,37.21367,-76.29874,5.4,130.6,511.0,ATLANTIC SURVEYOR,,WTR5417,70,15,31,7,,,A
367821000,2020-08-21T01:02:27,36.97285,-76.43363,0.0,0.0,511.0,YANO,IMO7825409,NAQH,70,0,276,32,13.0,70,A
477738200,2020-08-21T01:06:37,36.87744,-76.34982,0.0,155.2,347.0,COSCO PHILIPPINES,IMO9448762,VRGM7,70,5,334,42,14.5,72,A
366733250,2020-08-21T01:03:41,37.21017,-76.29343,5.4,129.5,511.0,ATLANTIC SURVEYOR,,WTR5417,70,15,31,7,,,A
338403000,2020-08-21T01:04:27,36.92477,-76.32970,0.0,121.6,355.0,MAERSK HARTFORD,IMO9333008,WMHA,70,5,299,40,14.5,,A
366733250,2020-08-21T01:07:12,37.20671,-76.28849,5.3,130.9,511.0,ATLANTIC SURVEYOR,,WTR5417,70,15,31,7,,,A
477196100,2020-08-21T01:03:52,37.19682,-76.13680,0.1,353.0,113.0,DARYA MA,IMO9591674,VRJH5,70,1,229,32,14.5,,A
338403000,2020-08-21T01:01:24,36.92474,-76.32968,0.0,121.6,355.0,MAERSK HARTFORD,IMO9333008,WMHA,70,5,299,40,14.5,,A
367821000,2020-08-21T01:03:48,36.97285,-76.43363,0.0,0.0,511.0,YANO,IMO7825409,NAQH,70,0,276,32,13.0,70,A
367822000,2020-08-21T01:08:56,36.97310,-76.43381,0.0,0.0,238.0,USNS SHUGHART,IMO7825394,NAOQ,70,5,276,32,13.0,70,A
368026000,2020-08-21T01:03:21,36.86575,-76.31606,0.0,270.5,2.0,BENAVIDEZ,IMO9218210,NBHG,70,5,289,32,10.9,70,A
367861000,2020-08-21T01:06:00,36.94641,-76.32976,0.0,0.0,265.0,LARAMIE,IMO8906626,NLAR,80,5,193,29,,,A
368026000,2020-08-21T01:09:20,36.86576,-76.31604,0.0,270.5,2.0,BENAVIDEZ,IMO9218210,NBHG,70,5,289,32,10.9,70,A
366733250,2020-08-21T01:09:33,37.20429,-76.28537,5.3,134.8,511.0,ATLANTIC SURVEYOR,,WTR5417,70,15,31,7,,,A
367359930,2020-08-21T01:06:32,36.82408,-76.28906,0.0,270.7,511.0,SUNNY WILLIAMS,,WDE4940,80,0,25,8,,80,A
367821000,2020-08-21T01:06:08,36.97285,-76.43363,0.0,0.0,511.0,YANO,IMO7825409,NAQH,70,0,276,32,13.0,70,A
368026000,2020-08-21T01:06:21,36.86574,-76.31605,0.0,270.5,2.0,BENAVIDEZ,IMO9218210,NBHG,70,5,289,32,10.9,70,A
369390000,2020-08-21T01:09:05,36.87095,-76.34820,0.0,263.0,347.0,SAFMARINE MAFADI,IMO9314210,KRIJ,70,5,292,32,11.8,70,A
367932000,2020-08-21T01:06:09,36.94914,-76.32968,0.0,107.0,279.0,JOHN LENTHALL,IMO8325547,NJLN,80,5,193,29,,,A
416498000,2020-08-21T01:06:35,37.12304,-76.13328,15.7,150.6,151.0,EVER LYRIC,IMO9629108,BKKH,70,0,334,45,14.2,74,A
215677000,2020-08-21T01:10:51,36.96290,-76.42421,0.0,147.3,39.0,RIZE,IMO9584035,9HA2781,70,5,229,32,14.5,,A
416498000,2020-08-21T01:04:28,37.13151,-76.13908,15.8,151.7,151.0,EVER LYRIC,IMO9629108,BKKH,70,0,334,45,14.2,74,A
477196100,2020-08-21T01:09:56,37.19696,-76.13673,0.1,16.0,117.0,DARYA MA,IMO9591674,VRJH5,70,1,229,32,14.5,,A
215677000,2020-08-21T01:04:51,36.96289,-76.42420,0.1,147.3,39.0,RIZE,IMO9584035,9HA2781,70,5,229,32,14.5,,A
416498000,2020-08-21T01:07:40,37.11854,-76.13014,15.5,150.2,151.0,EVER LYRIC,IMO9629108,BKKH,70,0,334,45,14.2,74,A
366733250,2020-08-21T01:08:22,37.20552,-76.28693,5.2,136.7,511.0,ATLANTIC SURVEYOR,,WTR5417,70,15,31,7,,,A
367359930,2020-08-21T01:09:03,36.82407,-76.28906,0.0,280.5,511.0,SUNNY WILLIAMS,,WDE4940,80,0,25,8,,80,A
538002652,2020-08-21T01:06:50,36.87948,-76.32650,0.0,196.0,276.0,NAIAS,IMO9330800,V7KN8,70,5,225,32,14.0,70,A
367861000,2020-08-21T01:09:00,36.94641,-76.32978,0.0,0.0,265.0,LARAMIE,IMO8906626,NLAR,80,5,193,29,,,A
367861000,2020-08-21T01:12:01,36.94639,-76.32977,0.0,0.0,265.0,LARAMIE,IMO8906626,NLAR,80,5,193,29,,,A
477738200,2020-08-21T01:09:39,36.87748,-76.34998,0.0,136.4,347.0,COSCO PHILIPPINES,IMO9448762,VRGM7,70,5,334,42,14.5,72,A
215677000,2020-08-21T01:07:53,36.96290,-76.42421,0.0,147.3,39.0,RIZE,IMO9584035,9HA2781,70,5,229,32,14.5,,A
366839000,2020-08-21T01:10:09,36.85350,-76.31082,0.0,0.0,39.0,CAPE RISE,IMO7530808,KAFG,70,5,197,32,10.0,,A
367359930,2020-08-21T01:12:33,36.82408,-76.28904,0.0,312.4,511.0,SUNNY WILLIAMS,,WDE4940,80,0,25,8,,80,A
215677000,2020-08-21T01:13:54,36.96292,-76.42421,0.0,147.3,39.0,RIZE,IMO9584035,9HA2781,70,5,229,32,14.5,,A
416498000,2020-08-21T01:10:52,37.10554,-76.12117,15.7,150.4,151.0,EVER LYRIC,IMO9629108,BKKH,70,0,334,45,14.2,74,A
338403000,2020-08-21T01:13:25,36.92475,-76.32966,0.0,121.6,355.0,MAERSK HARTFORD,IMO9333008,WMHA,70,5,299,40,14.5,,A
367359930,2020-08-21T01:07:41,36.82408,-76.28906,0.0,273.7,511.0,SUNNY WILLIAMS,,WDE4940,80,0,25,8,,80,A
366733250,2020-08-21T01:11:02,37.20272,-76.28340,5.2,133.7,511.0,ATLANTIC SURVEYOR,,WTR5417,70,15,31,7,,,A
338403000,2020-08-21T01:07:22,36.92477,-76.32974,0.0,121.6,355.0,MAERSK HARTFORD,IMO9333008,WMHA,70,5,299,40,14.5,,A
367821000,2020-08-21T01:11:58,36.97285,-76.43363,0.0,0.0,511.0,YANO,IMO7825409,NAQH,70,0,276,32,13.0,70,A
416498000,2020-08-21T01:08:41,37.11450,-76.12733,15.6,151.0,151.0,EVER LYRIC,IMO9629108,BKKH,70,0,334,45,14.2,74,A
367821000,2020-08-21T01:09:38,36.97285,-76.43363,0.0,0.0,511.0,YANO,IMO7825409,NAQH,70,0,276,32,13.0,70,A
367821000,2020-08-21T01:08:27,36.97285,-76.43363,0.0,0.0,511.0,YANO,IMO7825409,NAQH,70,0,276,32,13.0,70,A
366733250,2020-08-21T01:12:11,37.20153,-76.28185,5.3,132.8,511.0,ATLANTIC SURVEYOR,,WTR5417,70,15,31,7,,,A
368026000,2020-08-21T01:15:20,36.86574,-76.31602,0.0,270.5,2.0,BENAVIDEZ,IMO9218210,NBHG,70,5,289,32,10.9,70,A
366733250,2020-08-21T01:13:22,37.20030,-76.28029,5.3,133.5,511.0,ATLANTIC SURVEYOR,,WTR5417,70,15,31,7,,,A
416498000,2020-08-21T01:12:59,37.09702,-76.11529,15.9,150.7,151.0,EVER LYRIC,IMO9629108,BKKH,70,0,334,45,14.2,74,A
367822000,2020-08-21T01:11:55,36.97310,-76.43382,0.0,0.0,238.0,USNS SHUGHART,IMO7825394,NAOQ,70,5,276,32,13.0,70,A
366733250,2020-08-21T01:15:41,37.19794,-76.27705,5.6,129.9,511.0,ATLANTIC SURVEYOR,,WTR5417,70,15,31,7,,,A
367359930,2020-08-21T01:16:11,36.82406,-76.28905,0.0,326.0,511.0,SUNNY WILLIAMS,,WDE4940,80,0,25,8,,80,A
477738200,2020-08-21T01:12:39,36.87736,-76.34993,0.0,267.6,347.0,COSCO PHILIPPINES,IMO9448762,VRGM7,70,5,334,42,14.5,72,A
416498000,2020-08-21T01:09:47,37.11003,-76.12423,15.8,150.7,151.0,EVER LYRIC,IMO9629108,BKKH,70,0,334,45,14.2,74,A
366733250,2020-08-21T01:17:52,37.19574,-76.27385,5.4,131.2,511.0,ATLANTIC SURVEYOR,,WTR5417,70,15,31,7,,,A
338403000,2020-08-21T01:10:27,36.92473,-76.32968,0.0,121.6,355.0,MAERSK HARTFORD,IMO9333008,WMHA,70,5,299,40,14.5,,A
215677000,2020-08-21T01:16:52,36.96290,-76.42420,0.0,147.3,39.0,RIZE,IMO9584035,9HA2781,70,5,229,32,14.5,,A
538006982,2020-08-21T01:11:16,36.96258,-76.42365,0.0,117.2,40.0,ANTE TOPIC,IMO9737072,V7TR4,70,5,,,,,A
367821000,2020-08-21T01:10:47,36.97285,-76.43363,0.0,0.0,511.0,YANO,IMO7825409,NAQH,70,0,276,32,13.0,70,A
368026000,2020-08-21T01:12:21,36.86575,-76.31605,0.0,270.5,2.0,BENAVIDEZ,IMO9218210,NBHG,70,5,289,32,10.9,70,A
538002652,2020-08-21T01:18:50,36.87948,-76.32647,0.0,53.0,276.0,NAIAS,IMO9330800,V7KN8,70,5,225,32,14.0,70,A
366733250,2020-08-21T01:14:32,37.19907,-76.27867,5.4,131.6,511.0,ATLANTIC SURVEYOR,,WTR5417,70,15,31,7,,,A
477196100,2020-08-21T01:15:55,37.19706,-76.13666,0.1,16.0,120.0,DARYA MA,IMO9591674,VRJH5,70,1,229,32,14.5,,A
416498000,2020-08-21T01:17:35,37.07852,-76.10241,15.9,150.2,150.0,EVER LYRIC,IMO9629108,BKKH,70,0,334,45,14.2,74,A
416498000,2020-08-21T01:14:17,37.09177,-76.11165,16.0,150.3,150.0,EVER LYRIC,IMO9629108,BKKH,70,0,334,45,14.2,74,A
477738200,2020-08-21T01:18:37,36.87751,-76.34982,0.1,160.3,347.0,COSCO PHILIPPINES,IMO9448762,VRGM7,70,5,334,42,14.5,72,A
367861000,2020-08-21T01:15:01,36.94640,-76.32980,0.0,0.0,265.0,LARAMIE,IMO8906626,NLAR,80,5,193,29,,,A
369390000,2020-08-21T01:15:06,36.87093,-76.34818,0.0,137.0,347.0,SAFMARINE MAFADI,IMO9314210,KRIJ,70,5,292,32,11.8,70,A
367359930,2020-08-21T01:11:32,36.82409,-76.28905,0.0,305.5,511.0,SUNNY WILLIAMS,,WDE4940,80,0,25,8,,80,A
416498000,2020-08-21T01:16:29,37.08292,-76.10553,15.9,149.5,150.0,EVER LYRIC,IMO9629108,BKKH,70,0,334,45,14.2,74,A
367359930,2020-08-21T01:20:22,36.82407,-76.28906,0.0,334.4,511.0,SUNNY WILLIAMS,,WDE4940,80,0,25,8,,80,A
538002652,2020-08-21T01:12:52,36.87953,-76.32645,0.0,53.0,276.0,NAIAS,IMO9330800,V7KN8,70,5,225,32,14.0,70,A
338403000,2020-08-21T01:19:26,36.92478,-76.32967,0.0,121.6,355.0,MAERSK HARTFORD,IMO9333008,WMHA,70,5,299,40,14.5,,A
367821000,2020-08-21T01:13:08,36.97285,-76.43363,0.0,0.0,511.0,YANO,IMO7825409,NAQH,70,0,276,32,13.0,70,A
366733250,2020-08-21T01:16:42,37.19692,-76.27555,5.5,130.4,511.0,ATLANTIC SURVEYOR,,WTR5417,70,15,31,7,,,A
367359930,2020-08-21T01:13:43,36.82409,-76.28905,0.0,318.3,511.0,SUNNY WILLIAMS,,WDE4940,80,0,25,8,,80,A
367861000,2020-08-21T01:18:01,36.94641,-76.32980,0.0,0.0,265.0,LARAMIE,IMO8906626,NLAR,80,5,193,29,,,A
477196100,2020-08-21T01:18:55,37.19710,-76.13663,0.1,16.0,121.0,DARYA MA,IMO9591674,VRJH5,70,1,229,32,14.5,,A
367359930,2020-08-21T01:15:02,36.82408,-76.28905,0.0,323.5,511.0,SUNNY WILLIAMS,,WDE4940,80,0,25,8,,80,A
368026000,2020-08-21T01:18:21,36.86575,-76.31604,0.0,270.5,2.0,BENAVIDEZ,IMO9218210,NBHG,70,5,289,32,10.9,70,A
215677000,2020-08-21T01:19:56,36.96292,-76.42421,0.0,147.3,39.0,RIZE,IMO9584035,9HA2781,70,5,229,32,14.5,,A
367822000,2020-08-21T01:14:54,36.97310,-76.43382,0.0,0.0,238.0,USNS SHUGHART,IMO7825394,NAOQ,70,5,276,32,13.0,70,A
538006982,2020-08-21T01:14:16,36.96261,-76.42365,0.0,145.8,40.0,ANTE TOPIC,IMO9737072,V7TR4,70,5,,,,,A
366839000,2020-08-21T01:16:10,36.85349,-76.31083,0.0,0.0,39.0,CAPE RISE,IMO7530808,KAFG,70,5,197,32,10.0,,A
538002652,2020-08-21T01:21:51,36.87948,-76.32647,0.0,53.0,276.0,NAIAS,IMO9330800,V7KN8,70,5,225,32,14.0,70,A
538002652,2020-08-21T01:15:51,36.87948,-76.32647,0.0,53.0,276.0,NAIAS,IMO9330800,V7KN8,70,5,225,32,14.0,70,A
477738200,2020-08-21T01:15:37,36.87762,-76.34982,0.0,223.5,347.0,COSCO PHILIPPINES,IMO9448762,VRGM7,70,5,334,42,14.5,72,A
416498000,2020-08-21T01:15:23,37.08735,-76.10858,16.1,151.2,151.0,EVER LYRIC,IMO9629108,BKKH,70,0,334,45,14.2,74,A
367821000,2020-08-21T01:20:48,36.97287,-76.43360,0.0,0.0,511.0,YANO,IMO7825409,NAQH,70,0,276,32,13.0,70,A
538006982,2020-08-21T01:20:16,36.96263,-76.42366,0.0,105.4,40.0,ANTE TOPIC,IMO9737072,V7TR4,70,5,,,,,A
416498000,2020-08-21T01:22:17,37.06040,-76.08811,15.7,142.4,142.0,EVER LYRIC,IMO9629108,BKKH,70,0,334,45,14.2,74,A
338403000,2020-08-21T01:16:29,36.92473,-76.32968,0.0,355.3,355.0,MAERSK HARTFORD,IMO9333008,WMHA,70,5,299,40,14.5,,A
367821000,2020-08-21T01:22:47,36.97287,-76.43362,0.0,0.0,511.0,YANO,IMO7825409,NAQH,70,0,276,32,13.0,70,A
367821000,2020-08-21T01:16:48,36.97285,-76.43363,0.0,0.0,511.0,YANO,IMO7825409,NAQH,70,0,276,32,13.0,70,A
367821000,2020-08-21T01:19:28,36.97285,-76.43363,0.0,0.0,511.0,YANO,IMO7825409,NAQH,70,0,276,32,13.0,70,A
366839000,2020-08-21T01:22:09,36.85348,-76.31084,0.0,0.0,39.0,CAPE RISE,IMO7530808,KAFG,70,5,197,32,10.0,,A
366733250,2020-08-21T01:21:52,37.19144,-76.26824,5.6,133.7,511.0,ATLANTIC SURVEYOR,,WTR5417,70,15,31,7,,,A
367359930,2020-08-21T01:21:31,36.82406,-76.28906,0.0,334.8,511.0,SUNNY WILLIAMS,,WDE4940,80,0,25,8,,80,A
367359930,2020-08-21T01:17:22,36.82406,-76.28906,0.0,330.2,511.0,SUNNY WILLIAMS,,WDE4940,80,0,25,8,,80,A
369390000,2020-08-21T01:18:06,36.87093,-76.34819,0.0,4.0,347.0,SAFMARINE MAFADI,IMO9314210,KRIJ,70,5,292,32,11.8,70,A
367821000,2020-08-21T01:18:18,36.97285,-76.43363,0.0,0.0,511.0,YANO,IMO7825409,NAQH,70,0,276,32,13.0,70,A
367861000,2020-08-21T01:24:01,36.94637,-76.32986,0.0,0.0,265.0,LARAMIE,IMO8906626,NLAR,80,5,193,29,,,A
367861000,2020-08-21T01:21:00,36.94642,-76.32983,0.0,0.0,265.0,LARAMIE,IMO8906626,NLAR,80,5,193,29,,,A
338403000,2020-08-21T01:22:27,36.92480,-76.32968,0.0,355.2,355.0,MAERSK HARTFORD,IMO9333008,WMHA,70,5,299,40,14.5,,A
477738200,2020-08-21T01:21:39,36.87754,-76.34987,0.0,183.9,347.0,COSCO PHILIPPINES,IMO9448762,VRGM7,70,5,334,42,14.5,72,A
367932000,2020-08-21T01:18:08,36.94920,-76.32967,0.0,107.0,279.0,JOHN LENTHALL,IMO8325547,NJLN,80,5,193,29,,,A
367822000,2020-08-21T01:23:56,36.97311,-76.43382,0.0,0.0,238.0,USNS SHUGHART,IMO7825394,NAOQ,70,5,276,32,13.0,70,A
538006982,2020-08-21T01:23:16,36.96260,-76.42366,0.0,105.4,40.0,ANTE TOPIC,IMO9737072,V7TR4,70,5,,,,,A
367359930,2020-08-21T01:19:11,36.82408,-76.28906,0.0,333.7,511.0,SUNNY WILLIAMS,,WDE4940,80,0,25,8,,80,A
366839000,2020-08-21T01:19:09,36.85349,-76.31083,0.0,0.0,39.0,CAPE RISE,IMO7530808,KAFG,70,5,197,32,10.0,,A
416498000,2020-08-21T01:21:16,37.06411,-76.09147,15.8,148.2,146.0,EVER LYRIC,IMO9629108,BKKH,70,0,334,45,14.2,74,A
416498000,2020-08-21T01:19:05,37.07262,-76.09807,15.8,147.7,148.0,EVER LYRIC,IMO9629108,BKKH,70,0,334,45,14.2,74,A
215677000,2020-08-21T01:22:52,36.96289,-76.42421,0.0,147.3,39.0,RIZE,IMO9584035,9HA2781,70,5,229,32,14.5,,A
538002652,2020-08-21T01:24:52,36.87950,-76.32643,0.0,53.0,276.0,NAIAS,IMO9330800,V7KN8,70,5,225,32,14.0,70,A
367359930,2020-08-21T01:24:53,36.82407,-76.28905,0.0,338.9,511.0,SUNNY WILLIAMS,,WDE4940,80,0,25,8,,80,A
367359930,2020-08-21T01:22:41,36.82406,-76.28906,0.0,336.9,511.0,SUNNY WILLIAMS,,WDE4940,80,0,25,8,,80,A
367821000,2020-08-21T01:23:57,36.97286,-76.43362,0.0,0.0,511.0,YANO,IMO7825409,NAQH,70,0,276,32,13.0,70,A
477738200,2020-08-21T01:24:38,36.87755,-76.34985,0.0,174.8,347.0,COSCO PHILIPPINES,IMO9448762,VRGM7,70,5,334,42,14.5,72,A
368026000,2020-08-21T01:24:22,36.86578,-76.31605,0.0,270.5,2.0,BENAVIDEZ,IMO9218210,NBHG,70,5,289,32,10.9,70,A
367932000,2020-08-21T01:24:09,36.94912,-76.32959,0.0,107.0,279.0,JOHN LENTHALL,IMO8325547,NJLN,80,5,193,29,,,A
367821000,2020-08-21T01:24:58,36.97286,-76.43362,0.0,0.0,511.0,YANO,IMO7825409,NAQH,70,0,276,32,13.0,70,A
416498000,2020-08-21T01:20:10,37.06835,-76.09476,15.7,147.8,148.0,EVER LYRIC,IMO9629108,BKKH,70,0,334,45,14.2,74,A
366733250,2020-08-21T01:27:22,37.18560,-76.26065,5.3,132.6,511.0,ATLANTIC SURVEYOR,,WTR5417,70,15,31,7,,,A
366733250,2020-08-21T01:20:12,37.19326,-76.27057,5.6,135.6,511.0,ATLANTIC SURVEYOR,,WTR5417,70,15,31,7,,,A
538006982,2020-08-21T01:26:16,36.96257,-76.42363,0.1,106.4,40.0,ANTE TOPIC,IMO9737072,V7TR4,70,5,,,,,A
416498000,2020-08-21T01:24:23,37.05297,-76.08094,16.0,141.3,143.0,EVER LYRIC,IMO9629108,BKKH,70,0,334,45,14.2,74,A
215677000,2020-08-21T01:25:57,36.96290,-76.42419,0.0,147.3,39.0,RIZE,IMO9584035,9HA2781,70,5,229,32,14.5,,A
367822000,2020-08-21T01:20:55,36.97311,-76.43382,0.0,0.0,238.0,USNS SHUGHART,IMO7825394,NAOQ,70,5,276,32,13.0,70,A
477196100,2020-08-21T01:21:55,37.19715,-76.13660,0.1,16.0,123.0,DARYA MA,IMO9591674,VRJH5,70,1,229,32,14.5,,A
416498000,2020-08-21T01:25:59,37.04707,-76.07534,15.9,142.0,142.0,EVER LYRIC,IMO9629108,BKKH,70,0,334,45,14.2,74,A
366839000,2020-08-21T01:25:11,36.85349,-76.31079,0.0,0.0,39.0,CAPE RISE,IMO7530808,KAFG,70,5,197,32,10.0,,A
368026000,2020-08-21T01:21:20,36.86578,-76.31604,0.0,270.5,2.0,BENAVIDEZ,IMO9218210,NBHG,70,5,289,32,10.9,70,A
367821000,2020-08-21T01:26:07,36.97285,-76.43361,0.0,0.0,511.0,YANO,IMO7825409,NAQH,70,0,276,32,13.0,70,A
367932000,2020-08-21T01:21:08,36.94920,-76.32967,0.0,107.0,279.0,JOHN LENTHALL,IMO8325547,NJLN,80,5,193,29,,,A
367359930,2020-08-21T01:27:43,36.82407,-76.28906,0.0,333.4,511.0,SUNNY WILLIAMS,,WDE4940,80,0,25,8,,80,A
367861000,2020-08-21T01:27:01,36.94639,-76.32985,0.0,0.0,265.0,LARAMIE,IMO8906626,NLAR,80,5,193,29,,,A
366733250,2020-08-21T01:28:31,37.18442,-76.25909,5.4,135.2,511.0,ATLANTIC SURVEYOR,,WTR5417,70,15,31,7,,,A
477196100,2020-08-21T01:27:54,37.19722,-76.13648,0.1,16.0,125.0,DARYA MA,IMO9591674,VRJH5,70,1,229,32,14.5,,A
366839000,2020-08-21T01:31:11,36.85347,-76.31083,0.0,0.0,39.0,CAPE RISE,IMO7530808,KAFG,70,5,197,32,10.0,,A
366733250,2020-08-21T01:24:22,37.18874,-76.26477,5.5,134.8,511.0,ATLANTIC SURVEYOR,,WTR5417,70,15,31,7,,,A
215677000,2020-08-21T01:28:51,36.96291,-76.42419,0.0,147.3,39.0,RIZE,IMO9584035,9HA2781,70,5,229,32,14.5,,A
416498000,2020-08-21T01:23:22,37.05651,-76.08441,15.9,142.7,142.0,EVER LYRIC,IMO9629108,BKKH,70,0,334,45,14.2,74,A
477196100,2020-08-21T01:24:54,37.19718,-76.13655,0.1,16.0,125.0,DARYA MA,IMO9591674,VRJH5,70,1,229,32,14.5,,A
338403000,2020-08-21T01:28:26,36.92480,-76.32971,0.0,121.6,355.0,MAERSK HARTFORD,IMO9333008,WMHA,70,5,299,40,14.5,,A
367359930,2020-08-21T01:23:52,36.82408,-76.28905,0.0,339.1,511.0,SUNNY WILLIAMS,,WDE4940,80,0,25,8,,80,A
367359930,2020-08-21T01:28:52,36.82408,-76.28907,0.0,333.8,511.0,SUNNY WILLIAMS,,WDE4940,80,0,25,8,,80,A
369390000,2020-08-21T01:24:04,36.87100,-76.34817,0.0,308.0,347.0,SAFMARINE MAFADI,IMO9314210,KRIJ,70,5,292,32,11.8,70,A
416498000,2020-08-21T01:28:34,37.03782,-76.06644,15.9,141.3,142.0,EVER LYRIC,IMO9629108,BKKH,70,0,334,45,14.2,74,A
477738200,2020-08-21T01:27:38,36.87752,-76.34976,0.1,143.6,347.0,COSCO PHILIPPINES,IMO9448762,VRGM7,70,5,334,42,14.5,72,A
367861000,2020-08-21T01:30:00,36.94637,-76.32986,0.0,0.0,265.0,LARAMIE,IMO8906626,NLAR,80,5,193,29,,,A
366733250,2020-08-21T01:25:32,37.18751,-76.26317,5.5,134.1,511.0,ATLANTIC SURVEYOR,,WTR5417,70,15,31,7,,,A
538002652,2020-08-21T01:27:51,36.87948,-76.32643,0.0,53.0,276.0,NAIAS,IMO9330800,V7KN8,70,5,225,32,14.0,70,A
367821000,2020-08-21T01:28:27,36.97286,-76.43361,0.0,0.0,511.0,YANO,IMO7825409,NAQH,70,0,276,32,13.0,70,A
368026000,2020-08-21T01:30:21,36.86577,-76.31602,0.0,270.5,2.0,BENAVIDEZ,IMO9218210,NBHG,70,5,289,32,10.9,70,A
367822000,2020-08-21T01:29:56,36.97311,-76.43383,0.0,0.0,238.0,USNS SHUGHART,IMO7825394,NAOQ,70,5,276,32,13.0,70,A
367359930,2020-08-21T01:26:13,36.82408,-76.28906,0.0,337.7,511.0,SUNNY WILLIAMS,,WDE4940,80,0,25,8,,80,A
369390000,2020-08-21T01:30:05,36.87100,-76.34817,0.0,283.0,347.0,SAFMARINE MAFADI,IMO9314210,KRIJ,70,5,292,32,11.8,70,A
366733250,2020-08-21T01:31:31,37.18461,-76.25341,5.6,82.9,511.0,ATLANTIC SURVEYOR,,WTR5417,70,15,31,7,,,A
367932000,2020-08-21T01:30:08,36.94915,-76.32962,0.0,107.0,279.0,JOHN LENTHALL,IMO8325547,NJLN,80,5,193,29,,,A
338403000,2020-08-21T01:25:27,36.92482,-76.32973,0.0,121.6,355.0,MAERSK HARTFORD,IMO9333008,WMHA,70,5,299,40,14.5,,A
538002652,2020-08-21T01:30:51,36.87947,-76.32645,0.0,53.0,276.0,NAIAS,IMO9330800,V7KN8,70,5,225,32,14.0,70,A
366839000,2020-08-21T01:34:08,36.85350,-76.31082,0.0,0.0,39.0,CAPE RISE,IMO7530808,KAFG,70,5,197,32,10.0,,A
538006982,2020-08-21T01:32:16,36.96261,-76.42365,0.1,149.8,40.0,ANTE TOPIC,IMO9737072,V7TR4,70,5,,,,,A
477738200,2020-08-21T01:33:38,36.87751,-76.34979,0.0,131.8,347.0,COSCO PHILIPPINES,IMO9448762,VRGM7,70,5,334,42,14.5,72,A
367821000,2020-08-21T01:27:18,36.97286,-76.43361,0.0,0.0,511.0,YANO,IMO7825409,NAQH,70,0,276,32,13.0,70,A
366733250,2020-08-21T01:32:52,37.18474,-76.25073,5.7,88.0,511.0,ATLANTIC SURVEYOR,,WTR5417,70,15,31,7,,,A
369390000,2020-08-21T01:27:05,36.87100,-76.34817,0.0,304.0,347.0,SAFMARINE MAFADI,IMO9314210,KRIJ,70,5,292,32,11.8,70,A
367822000,2020-08-21T01:26:55,36.97313,-76.43384,0.0,0.0,238.0,USNS SHUGHART,IMO7825394,NAOQ,70,5,276,32,13.0,70,A
215677000,2020-08-21T01:31:57,36.96293,-76.42420,0.0,147.3,39.0,RIZE,IMO9584035,9HA2781,70,5,229,32,14.5,,A
338403000,2020-08-21T01:31:25,36.92480,-76.32968,0.0,121.6,355.0,MAERSK HARTFORD,IMO9333008,WMHA,70,5,299,40,14.5,,A
538002652,2020-08-21T01:33:53,36.87948,-76.32643,0.0,53.0,276.0,NAIAS,IMO9330800,V7KN8,70,5,225,32,14.0,70,A
367359930,2020-08-21T01:33:02,36.82406,-76.28906,0.0,337.5,511.0,SUNNY WILLIAMS,,WDE4940,80,0,25,8,,80,A
367821000,2020-08-21T01:30:38,36.97286,-76.43362,0.0,0.0,511.0,YANO,IMO7825409,NAQH,70,0,276,32,13.0,70,A
369390000,2020-08-21T01:33:05,36.87083,-76.34817,0.0,315.0,347.0,SAFMARINE MAFADI,IMO9314210,KRIJ,70,5,292,32,11.8,70,A
368026000,2020-08-21T01:33:20,36.86577,-76.31606,0.0,270.5,2.0,BENAVIDEZ,IMO9218210,NBHG,70,5,289,32,10.9,70,A
367822000,2020-08-21T01:32:55,36.97312,-76.43383,0.0,0.0,238.0,USNS SHUGHART,IMO7825394,NAOQ,70,5,276,32,13.0,70,A
366733250,2020-08-21T01:34:41,37.18488,-76.24715,5.7,87.5,511.0,ATLANTIC SURVEYOR,,WTR5417,70,15,31,7,,,A
366839000,2020-08-21T01:28:09,36.85351,-76.31085,0.0,0.0,39.0,CAPE RISE,IMO7530808,KAFG,70,5,197,32,10.0,,A
367861000,2020-08-21T01:33:01,36.94635,-76.32978,0.0,0.0,265.0,LARAMIE,IMO8906626,NLAR,80,5,193,29,,,A
367821000,2020-08-21T01:34:07,36.97286,-76.43362,0.0,0.0,511.0,YANO,IMO7825409,NAQH,70,0,276,32,13.0,70,A
215677000,2020-08-21T01:34:53,36.96293,-76.42422,0.0,147.3,39.0,RIZE,IMO9584035,9HA2781,70,5,229,32,14.5,,A
367359930,2020-08-21T01:36:42,36.82406,-76.28906,0.0,336.5,511.0,SUNNY WILLIAMS,,WDE4940,80,0,25,8,,80,A
367359930,2020-08-21T01:34:42,36.82406,-76.28906,0.0,337.3,511.0,SUNNY WILLIAMS,,WDE4940,80,0,25,8,,80,A
538006982,2020-08-21T01:29:16,36.96260,-76.42364,0.0,99.1,40.0,ANTE TOPIC,IMO9737072,V7TR4,70,5,,,,,A
367359930,2020-08-21T01:31:02,36.82407,-76.28906,0.0,339.0,511.0,SUNNY WILLIAMS,,WDE4940,80,0,25,8,,80,A
338403000,2020-08-21T01:34:25,36.92476,-76.32971,0.0,121.6,355.0,MAERSK HARTFORD,IMO9333008,WMHA,70,5,299,40,14.5,,A
368026000,2020-08-21T01:36:21,36.86576,-76.31605,0.0,270.5,2.0,BENAVIDEZ,IMO9218210,NBHG,70,5,289,32,10.9,70,A
367822000,2020-08-21T01:35:55,36.97312,-76.43382,0.0,0.0,238.0,USNS SHUGHART,IMO7825394,NAOQ,70,5,276,32,13.0,70,A
369390000,2020-08-21T01:36:05,36.87100,-76.34817,0.0,107.0,347.0,SAFMARINE MAFADI,IMO9314210,KRIJ,70,5,292,32,11.8,70,A
367821000,2020-08-21T01:32:17,36.97286,-76.43362,0.0,0.0,511.0,YANO,IMO7825409,NAQH,70,0,276,32,13.0,70,A
477196100,2020-08-21T01:30:56,37.19729,-76.13640,0.1,16.0,126.0,DARYA MA,IMO9591674,VRJH5,70,1,229,32,14.5,,A
477738200,2020-08-21T01:30:37,36.87754,-76.34982,0.1,142.7,347.0,COSCO PHILIPPINES,IMO9448762,VRGM7,70,5,334,42,14.5,72,A
367821000,2020-08-21T01:37:37,36.97286,-76.43362,0.0,0.0,511.0,YANO,IMO7825409,NAQH,70,0,276,32,13.0,70,A
477196100,2020-08-21T01:36:54,37.19743,-76.13621,0.2,45.7,130.0,DARYA MA,IMO9591674,VRJH5,70,1,229,32,14.5,,A
477738200,2020-08-21T01:36:39,36.87757,-76.34973,0.0,127.5,347.0,COSCO PHILIPPINES,IMO9448762,VRGM7,70,5,334,42,14.5,72,A
538002652,2020-08-21T01:36:52,36.87947,-76.32645,0.0,53.0,276.0,NAIAS,IMO9330800,V7KN8,70,5,225,32,14.0,70,A
477196100,2020-08-21T01:33:54,37.19735,-76.13635,0.1,46.5,126.0,DARYA MA,IMO9591674,VRJH5,70,1,229,32,14.5,,A
367821000,2020-08-21T01:38:47,36.97286,-76.43362,0.0,0.0,511.0,YANO,IMO7825409,NAQH,70,0,276,32,13.0,70,A
367861000,2020-08-21T01:36:01,36.94640,-76.32981,0.0,0.0,265.0,LARAMIE,IMO8906626,NLAR,80,5,193,29,,,A
538006982,2020-08-21T01:38:16,36.96259,-76.42363,0.0,151.7,40.0,ANTE TOPIC,IMO9737072,V7TR4,70,5,,,,,A
366839000,2020-08-21T01:37:10,36.85349,-76.31079,0.0,0.0,39.0,CAPE RISE,IMO7530808,KAFG,70,5,197,32,10.0,,A
368026000,2020-08-21T01:39:21,36.86576,-76.31602,0.0,270.5,2.0,BENAVIDEZ,IMO9218210,NBHG,70,5,289,32,10.9,70,A
367359930,2020-08-21T01:40:42,36.82406,-76.28905,0.0,329.4,511.0,SUNNY WILLIAMS,,WDE4940,80,0,25,8,,80,A
366733250,2020-08-21T01:36:12,37.18500,-76.24407,5.7,88.1,511.0,ATLANTIC SURVEYOR,,WTR5417,70,15,31,7,,,A
367932000,2020-08-21T01:39:09,36.94915,-76.32963,0.0,107.0,279.0,JOHN LENTHALL,IMO8325547,NJLN,80,5,193,29,,,A
538002652,2020-08-21T01:39:51,36.87945,-76.32647,0.0,53.0,276.0,NAIAS,IMO9330800,V7KN8,70,5,225,32,14.0,70,A
477196100,2020-08-21T01:39:55,37.19751,-76.13612,0.1,46.0,134.0,DARYA MA,IMO9591674,VRJH5,70,1,229,32,14.5,,A
366839000,2020-08-21T01:40:09,36.85349,-76.31083,0.0,0.0,39.0,CAPE RISE,IMO7530808,KAFG,70,5,197,32,10.0,,A
367821000,2020-08-21T01:35:47,36.97286,-76.43361,0.0,0.0,511.0,YANO,IMO7825409,NAQH,70,0,276,32,13.0,70,A
367821000,2020-08-21T01:41:58,36.97286,-76.43362,0.0,0.0,511.0,YANO,IMO7825409,NAQH,70,0,276,32,13.0,70,A
338403000,2020-08-21T01:40:27,36.92480,-76.32973,0.0,355.1,355.0,MAERSK HARTFORD,IMO9333008,WMHA,70,5,299,40,14.5,,A
538006982,2020-08-21T01:35:16,36.96257,-76.42364,0.0,151.7,40.0,ANTE TOPIC,IMO9737072,V7TR4,70,5,,,,,A
367932000,2020-08-21T01:33:07,36.94921,-76.32967,0.0,107.0,279.0,JOHN LENTHALL,IMO8325547,NJLN,80,5,193,29,,,A
477196100,2020-08-21T01:42:55,37.19757,-76.13608,0.1,46.0,138.0,DARYA MA,IMO9591674,VRJH5,70,1,229,32,14.5,,A
338403000,2020-08-21T01:43:22,36.92480,-76.32969,0.0,121.6,355.0,MAERSK HARTFORD,IMO9333008,WMHA,70,5,299,40,14.5,,A
366839000,2020-08-21T01:43:10,36.85350,-76.31085,0.0,0.0,39.0,CAPE RISE,IMO7530808,KAFG,70,5,197,32,10.0,,A
367359930,2020-08-21T01:37:53,36.82406,-76.28906,0.0,334.4,511.0,SUNNY WILLIAMS,,WDE4940,80,0,25,8,,80,A
367359930,2020-08-21T01:44:02,36.82407,-76.28905,0.0,320.2,511.0,SUNNY WILLIAMS,,WDE4940,80,0,25,8,,80,A
367861000,2020-08-21T01:42:00,36.94636,-76.32982,0.0,0.0,265.0,LARAMIE,IMO8906626,NLAR,80,5,193,29,,,A
367822000,2020-08-21T01:41:56,36.97312,-76.43382,0.0,0.0,238.0,USNS SHUGHART,IMO7825394,NAOQ,70,5,276,32,13.0,70,A
215677000,2020-08-21T01:37:49,36.96292,-76.42420,0.0,147.3,39.0,RIZE,IMO9584035,9HA2781,70,5,229,32,14.5,,A
369390000,2020-08-21T01:39:05,36.87083,-76.34817,0.0,244.0,347.0,SAFMARINE MAFADI,IMO9314210,KRIJ,70,5,292,32,11.8,70,A
367821000,2020-08-21T01:43:18,36.97286,-76.43361,0.0,0.0,511.0,YANO,IMO7825409,NAQH,70,0,276,32,13.0,70,A
366733250,2020-08-21T01:43:21,37.18535,-76.22982,5.9,86.1,511.0,ATLANTIC SURVEYOR,,WTR5417,70,15,31,7,,,A
366733250,2020-08-21T01:38:12,37.18510,-76.24010,5.6,90.1,511.0,ATLANTIC SURVEYOR,,WTR5417,70,15,31,7,,,A
366733250,2020-08-21T01:46:12,37.18563,-76.22395,5.9,86.3,511.0,ATLANTIC SURVEYOR,,WTR5417,70,15,31,7,,,A
538006982,2020-08-21T01:44:16,36.96257,-76.42365,0.0,151.7,40.0,ANTE TOPIC,IMO9737072,V7TR4,70,5,,,,,A
367821000,2020-08-21T01:44:37,36.97286,-76.43361,0.0,0.0,511.0,YANO,IMO7825409,NAQH,70,0,276,32,13.0,70,A
366733250,2020-08-21T01:39:22,37.18512,-76.23780,5.6,88.5,511.0,ATLANTIC SURVEYOR,,WTR5417,70,15,31,7,,,A
338403000,2020-08-21T01:46:29,36.92483,-76.32977,0.0,121.6,355.0,MAERSK HARTFORD,IMO9333008,WMHA,70,5,299,40,14.5,,A
538002652,2020-08-21T01:45:50,36.87945,-76.32647,0.0,53.0,276.0,NAIAS,IMO9330800,V7KN8,70,5,225,32,14.0,70,A
367861000,2020-08-21T01:45:00,36.94637,-76.32986,0.0,0.0,265.0,LARAMIE,IMO8906626,NLAR,80,5,193,29,,,A
369390000,2020-08-21T01:45:06,36.87091,-76.34818,0.0,303.0,347.0,SAFMARINE MAFADI,IMO9314210,KRIJ,70,5,292,32,11.8,70,A
538006982,2020-08-21T01:41:16,36.96258,-76.42364,0.0,151.7,40.0,ANTE TOPIC,IMO9737072,V7TR4,70,5,,,,,A
367822000,2020-08-21T01:38:54,36.97312,-76.43382,0.0,0.0,238.0,USNS SHUGHART,IMO7825394,NAOQ,70,5,276,32,13.0,70,A
367861000,2020-08-21T01:38:59,36.94637,-76.32977,0.0,0.0,265.0,LARAMIE,IMO8906626,NLAR,80,5,193,29,,,A
477196100,2020-08-21T01:45:54,37.19758,-76.13607,0.1,46.0,140.0,DARYA MA,IMO9591674,VRJH5,70,1,229,32,14.5,,A
367359930,2020-08-21T01:39:02,36.82406,-76.28905,0.0,333.4,511.0,SUNNY WILLIAMS,,WDE4940,80,0,25,8,,80,A
367821000,2020-08-21T01:39:57,36.97286,-76.43362,0.0,0.0,511.0,YANO,IMO7825409,NAQH,70,0,276,32,13.0,70,A
367821000,2020-08-21T01:45:47,36.97286,-76.43361,0.0,0.0,511.0,YANO,IMO7825409,NAQH,70,0,276,32,13.0,70,A
477738200,2020-08-21T01:48:36,36.87752,-76.34976,0.0,127.5,347.0,COSCO PHILIPPINES,IMO9448762,VRGM7,70,5,334,42,14.5,72,A
477738200,2020-08-21T01:39:37,36.87757,-76.34976,0.0,127.5,347.0,COSCO PHILIPPINES,IMO9448762,VRGM7,70,5,334,42,14.5,72,A
366839000,2020-08-21T01:46:08,36.85349,-76.31085,0.0,0.0,39.0,CAPE RISE,IMO7530808,KAFG,70,5,197,32,10.0,,A
215677000,2020-08-21T01:40:55,36.96291,-76.42420,0.0,147.3,39.0,RIZE,IMO9584035,9HA2781,70,5,229,32,14.5,,A
366733250,2020-08-21T01:42:01,37.18525,-76.23253,5.8,87.6,511.0,ATLANTIC SURVEYOR,,WTR5417,70,15,31,7,,,A
367359930,2020-08-21T01:41:52,36.82407,-76.28905,0.0,324.3,511.0,SUNNY WILLIAMS,,WDE4940,80,0,25,8,,80,A
367861000,2020-08-21T01:48:01,36.94638,-76.32981,0.0,0.0,265.0,LARAMIE,IMO8906626,NLAR,80,5,193,29,,,A
368026000,2020-08-21T01:42:21,36.86576,-76.31605,0.0,270.5,2.0,BENAVIDEZ,IMO9218210,NBHG,70,5,289,32,10.9,70,A
367932000,2020-08-21T01:42:08,36.94918,-76.32976,0.0,107.0,279.0,JOHN LENTHALL,IMO8325547,NJLN,80,5,193,29,,,A
477738200,2020-08-21T01:42:37,36.87750,-76.34978,0.0,127.5,347.0,COSCO PHILIPPINES,IMO9448762,VRGM7,70,5,334,42,14.5,72,A
369390000,2020-08-21T01:42:05,36.87083,-76.34817,0.0,323.0,347.0,SAFMARINE MAFADI,IMO9314210,KRIJ,70,5,292,32,11.8,70,A
538002652,2020-08-21T01:42:51,36.87948,-76.32640,0.0,53.0,276.0,NAIAS,IMO9330800,V7KN8,70,5,225,32,14.0,70,A
538002652,2020-08-21T01:48:51,36.87943,-76.32653,0.1,40.0,276.0,NAIAS,IMO9330800,V7KN8,70,5,225,32,14.0,70,A
538006982,2020-08-21T01:50:16,36.96258,-76.42364,0.0,151.7,40.0,ANTE TOPIC,IMO9737072,V7TR4,70,5,,,,,A
215677000,2020-08-21T01:43:49,36.96292,-76.42418,0.0,147.3,39.0,RIZE,IMO9584035,9HA2781,70,5,229,32,14.5,,A
368026000,2020-08-21T01:48:20,36.86576,-76.31601,0.0,270.5,2.0,BENAVIDEZ,IMO9218210,NBHG,70,5,289,32,10.9,70,A
366839000,2020-08-21T01:49:06,36.85349,-76.31082,0.0,0.0,39.0,CAPE RISE,IMO7530808,KAFG,70,5,197,32,10.0,,A
538005042,2020-08-21T01:51:51,36.96528,-76.07471,16.8,285.6,286.0,NILEDUTCH OSPREY,IMO9365829,V7AP5,70,0,182,28,11.0,71,A
367822000,2020-08-21T01:44:55,36.97312,-76.43382,0.0,0.0,238.0,USNS SHUGHART,IMO7825394,NAOQ,70,5,276,32,13.0,70,A
367359930,2020-08-21T01:45:32,36.82407,-76.28905,0.0,317.5,511.0,SUNNY WILLIAMS,,WDE4940,80,0,25,8,,80,A
367932000,2020-08-21T01:45:08,36.94913,-76.32964,0.0,107.0,279.0,JOHN LENTHALL,IMO8325547,NJLN,80,5,193,29,,,A
477738200,2020-08-21T01:45:37,36.87752,-76.34976,0.0,127.5,347.0,COSCO PHILIPPINES,IMO9448762,VRGM7,70,5,334,42,14.5,72,A
367821000,2020-08-21T01:47:57,36.97292,-76.43359,0.0,0.0,511.0,YANO,IMO7825409,NAQH,70,0,276,32,13.0,70,A
366839000,2020-08-21T01:52:05,36.85351,-76.31082,0.0,0.0,39.0,CAPE RISE,IMO7530808,KAFG,70,5,197,32,10.0,,A
477196100,2020-08-21T01:48:56,37.19756,-76.13607,0.0,46.0,140.0,DARYA MA,IMO9591674,VRJH5,70,1,229,32,14.5,,A
366733250,2020-08-21T01:49:12,37.18591,-76.21767,5.9,86.1,511.0,ATLANTIC SURVEYOR,,WTR5417,70,15,31,7,,,A
538006982,2020-08-21T01:47:16,36.96262,-76.42365,0.0,151.7,40.0,ANTE TOPIC,IMO9737072,V7TR4,70,5,,,,,A
538005042,2020-08-21T01:54:51,36.96975,-76.09125,16.7,289.7,288.0,NILEDUTCH OSPREY,IMO9365829,V7AP5,70,0,182,28,11.0,71,A
367821000,2020-08-21T01:52:47,36.97289,-76.43363,0.0,0.0,511.0,YANO,IMO7825409,NAQH,70,0,276,32,13.0,70,A
538005042,2020-08-21T01:53:10,36.96715,-76.08201,16.8,288.6,288.0,NILEDUTCH OSPREY,IMO9365829,V7AP5,70,0,182,28,11.0,71,A
367821000,2020-08-21T01:49:47,36.97290,-76.43362,0.0,0.0,511.0,YANO,IMO7825409,NAQH,70,0,276,32,13.0,70,A
367861000,2020-08-21T01:54:01,36.94640,-76.32984,0.0,0.0,265.0,LARAMIE,IMO8906626,NLAR,80,5,193,29,,,A
366733250,2020-08-21T01:47:42,37.18576,-76.22080,6.0,85.2,511.0,ATLANTIC SURVEYOR,,WTR5417,70,15,31,7,,,A
369390000,2020-08-21T01:48:05,36.87093,-76.34820,0.0,158.0,347.0,SAFMARINE MAFADI,IMO9314210,KRIJ,70,5,292,32,11.8,70,A
338403000,2020-08-21T01:49:27,36.92481,-76.32980,0.0,355.1,355.0,MAERSK HARTFORD,IMO9333008,WMHA,70,5,299,40,14.5,,A
367359930,2020-08-21T01:50:03,36.82406,-76.28905,0.0,306.5,511.0,SUNNY WILLIAMS,,WDE4940,80,0,25,8,,80,A
366733250,2020-08-21T01:57:32,37.18754,-76.20041,5.7,91.9,511.0,ATLANTIC SURVEYOR,,WTR5417,70,15,31,7,,,A
367822000,2020-08-21T01:47:55,36.97312,-76.43382,0.0,0.0,238.0,USNS SHUGHART,IMO7825394,NAOQ,70,5,276,32,13.0,70,A
366839000,2020-08-21T01:55:10,36.85349,-76.31082,0.0,0.0,39.0,CAPE RISE,IMO7530808,KAFG,70,5,197,32,10.0,,A
366733250,2020-08-21T01:50:22,37.18609,-76.21523,5.9,84.5,511.0,ATLANTIC SURVEYOR,,WTR5417,70,15,31,7,,,A
477738200,2020-08-21T01:56:04,36.87633,-76.34868,2.4,146.9,337.0,COSCO PHILIPPINES,IMO9448762,VRGM7,70,0,334,42,14.5,72,A
538002652,2020-08-21T01:54:51,36.87945,-76.32650,0.0,36.0,276.0,NAIAS,IMO9330800,V7KN8,70,5,225,32,14.0,70,A
369390000,2020-08-21T01:54:06,36.87091,-76.34818,0.0,269.0,347.0,SAFMARINE MAFADI,IMO9314210,KRIJ,70,5,292,32,11.8,70,A
538005042,2020-08-21T01:57:10,36.97308,-76.10395,16.8,289.7,288.0,NILEDUTCH OSPREY,IMO9365829,V7AP5,70,0,182,28,11.0,71,A
215677000,2020-08-21T01:49:53,36.96292,-76.42421,0.0,147.3,39.0,RIZE,IMO9584035,9HA2781,70,5,229,32,14.5,,A
477738200,2020-08-21T01:51:39,36.87752,-76.34981,0.1,93.3,347.0,COSCO PHILIPPINES,IMO9448762,VRGM7,70,5,334,42,14.5,72,A
367822000,2020-08-21T01:53:56,36.97313,-76.43380,0.0,0.0,238.0,USNS SHUGHART,IMO7825394,NAOQ,70,5,276,32,13.0,70,A
477196100,2020-08-21T01:51:57,37.19758,-76.13603,0.1,46.0,140.0,DARYA MA,IMO9591674,VRJH5,70,1,229,32,14.5,,A
215677000,2020-08-21T01:55:53,36.96291,-76.42421,0.0,147.3,39.0,RIZE,IMO9584035,9HA2781,70,5,229,32,14.5,,A
368026000,2020-08-21T01:51:21,36.86576,-76.31605,0.0,270.5,2.0,BENAVIDEZ,IMO9218210,NBHG,70,5,289,32,10.9,70,A
538005042,2020-08-21T01:58:27,36.97503,-76.11118,17.0,288.6,288.0,NILEDUTCH OSPREY,IMO9365829,V7AP5,70,0,182,28,11.0,71,A
366733250,2020-08-21T01:51:32,37.18628,-76.21285,6.0,83.3,511.0,ATLANTIC SURVEYOR,,WTR5417,70,15,31,7,,,A
366733250,2020-08-21T01:53:52,37.18670,-76.20801,6.0,81.7,511.0,ATLANTIC SURVEYOR,,WTR5417,70,15,31,7,,,A
338403000,2020-08-21T01:52:31,36.92484,-76.32979,0.0,121.6,355.0,MAERSK HARTFORD,IMO9333008,WMHA,70,5,299,40,14.5,,A
369390000,2020-08-21T01:51:05,36.87092,-76.34817,0.0,46.0,347.0,SAFMARINE MAFADI,IMO9314210,KRIJ,70,5,292,32,11.8,70,A
367359930,2020-08-21T01:56:01,36.82404,-76.28903,0.0,308.3,511.0,SUNNY WILLIAMS,,WDE4940,80,0,25,8,,80,A
367822000,2020-08-21T01:50:55,36.97312,-76.43382,0.0,0.0,238.0,USNS SHUGHART,IMO7825394,NAOQ,70,5,276,32,13.0,70,A
477738200,2020-08-21T01:53:04,36.87752,-76.34955,0.3,126.7,346.0,COSCO PHILIPPINES,IMO9448762,VRGM7,70,0,334,42,14.5,72,A
538005042,2020-08-21T01:56:03,36.97145,-76.09779,16.7,288.0,287.0,NILEDUTCH OSPREY,IMO9365829,V7AP5,70,0,182,28,11.0,71,A
367359930,2020-08-21T01:51:23,36.82405,-76.28903,0.0,307.9,511.0,SUNNY WILLIAMS,,WDE4940,80,0,25,8,,80,A
367821000,2020-08-21T01:55:27,36.97288,-76.43362,0.0,0.0,511.0,YANO,IMO7825409,NAQH,70,0,276,32,13.0,70,A
477738200,2020-08-21T01:59:04,36.87482,-76.34759,1.7,148.6,348.0,COSCO PHILIPPINES,IMO9448762,VRGM7,70,0,334,42,14.5,72,A
367932000,2020-08-21T01:57:08,36.94923,-76.32971,0.0,107.0,279.0,JOHN LENTHALL,IMO8325547,NJLN,80,5,193,29,,,A
367821000,2020-08-21T01:56:37,36.97288,-76.43362,0.0,0.0,511.0,YANO,IMO7825409,NAQH,70,0,276,32,13.0,70,A
538005042,2020-08-21T01:59:33,36.97665,-76.11736,17.2,288.3,288.0,NILEDUTCH OSPREY,IMO9365829,V7AP5,70,0,182,28,11.0,71,A
477196100,2020-08-21T01:54:58,37.19765,-76.13599,0.1,46.0,141.0,DARYA MA,IMO9591674,VRJH5,70,1,229,32,14.5,,A
368026000,2020-08-21T01:54:21,36.86576,-76.31605,0.0,270.5,2.0,BENAVIDEZ,IMO9218210,NBHG,70,5,289,32,10.9,70,A
338403000,2020-08-21T01:58:30,36.92485,-76.32975,0.0,355.2,355.0,MAERSK HARTFORD,IMO9333008,WMHA,70,5,299,40,14.5,,A
338403000,2020-08-21T01:55:25,36.92480,-76.32975,0.0,355.2,355.0,MAERSK HARTFORD,IMO9333008,WMHA,70,5,299,40,14.5,,A
367359930,2020-08-21T01:57:11,36.82404,-76.28904,0.0,309.3,511.0,SUNNY WILLIAMS,,WDE4940,80,0,25,8,,80,A
215677000,2020-08-21T01:58:59,36.96291,-76.42419,0.0,147.3,39.0,RIZE,IMO9584035,9HA2781,70,5,229,32,14.5,,A
366733250,2020-08-21T01:55:02,37.18697,-76.20561,5.9,82.9,511.0,ATLANTIC SURVEYOR,,WTR5417,70,15,31,7,,,A
366733250,2020-08-21T01:59:22,37.18744,-76.19664,5.9,91.8,511.0,ATLANTIC SURVEYOR,,WTR5417,70,15,31,7,,,A
538006982,2020-08-21T01:56:16,36.96256,-76.42363,0.1,2.4,40.0,ANTE TOPIC,IMO9737072,V7TR4,70,5,,,,,A
367821000,2020-08-21T01:59:07,36.97288,-76.43362,0.0,0.0,511.0,YANO,IMO7825409,NAQH,70,0,276,32,13.0,70,A
367861000,2020-08-21T02:00:00,36.94637,-76.32984,0.0,0.0,265.0,LARAMIE,IMO8906626,NLAR,80,5,193,29,,,A
367359930,2020-08-21T01:58:33,36.82406,-76.28905,0.0,313.9,511.0,SUNNY WILLIAMS,,WDE4940,80,0,25,8,,80,A
366733250,2020-08-21T02:00:03,37.18741,-76.19526,5.9,91.5,511.0,ATLANTIC SURVEYOR,,WTR5417,70,15,31,7,,,A
367821000,2020-08-21T01:57:48,36.97288,-76.43362,0.0,0.0,511.0,YANO,IMO7825409,NAQH,70,0,276,32,13.0,70,A
368026000,2020-08-21T01:57:21,36.86576,-76.31609,0.0,270.5,2.0,BENAVIDEZ,IMO9218210,NBHG,70,5,289,32,10.9,70,A
366839000,2020-08-21T01:58:05,36.85349,-76.31081,0.0,0.0,39.0,CAPE RISE,IMO7530808,KAFG,70,5,197,32,10.0,,A
367822000,2020-08-21T01:56:55,36.97309,-76.43381,0.0,0.0,238.0,USNS SHUGHART,IMO7825394,NAOQ,70,5,276,32,13.0,70,A
367359930,2020-08-21T02:01:23,36.82406,-76.28905,0.0,323.7,511.0,SUNNY WILLIAMS,,WDE4940,80,0,25,8,,80,A
477196100,2020-08-21T01:57:58,37.19767,-76.13589,0.1,46.0,142.0,DARYA MA,IMO9591674,VRJH5,70,1,229,32,14.5,,A
477738200,2020-08-21T02:00:04,36.87476,-76.34751,1.5,125.7,358.0,COSCO PHILIPPINES,IMO9448762,VRGM7,70,0,334,42,14.5,72,A
366839000,2020-08-21T02:01:10,36.85350,-76.31086,0.0,0.0,39.0,CAPE RISE,IMO7530808,KAFG,70,5,197,32,10.0,,A
367861000,2020-08-21T02:00:00,36.94637,-76.32984,0.0,0.0,265.0,LARAMIE,IMO8906626,NLAR,80,5,193,29,,,A
367821000,2020-08-21T02:01:17,36.97287,-76.43362,0.0,0.0,511.0,YANO,IMO7825409,NAQH,70,0,276,32,13.0,70,A
367359930,2020-08-21T01:59:43,36.82404,-76.28901,0.0,313.7,511.0,SUNNY WILLIAMS,,WDE4940,80,0,25,8,,80,A
367822000,2020-08-21T01:59:56,36.97310,-76.43383,0.0,0.0,238.0,USNS SHUGHART,IMO7825394,NAOQ,70,5,276,32,13.0,70,A
538005042,2020-08-21T02:01:10,36.97915,-76.12637,16.9,287.3,285.0,NILEDUTCH OSPREY,IMO9365829,V7AP5,70,0,182,28,11.0,71,A
477738200,2020-08-21T02:01:07,36.87499,-76.34774,1.7,328.7,20.0,COSCO PHILIPPINES,IMO9448762,VRGM7,70,0,334,42,14.5,72,A
367359930,2020-08-21T02:00:12,36.82405,-76.28902,0.0,315.3,511.0,SUNNY WILLIAMS,,WDE4940,80,0,25,8,,80,A
367359930,2020-08-21T02:02:33,36.82404,-76.28907,0.0,330.9,511.0,SUNNY WILLIAMS,,WDE4940,80,0,25,8,,80,A
366733250,2020-08-21T02:01:12,37.18733,-76.19287,5.9,91.3,511.0,ATLANTIC SURVEYOR,,WTR5417,70,15,31,7,,,A
366733250,2020-08-21T02:02:22,37.18725,-76.19044,5.9,92.1,511.0,ATLANTIC SURVEYOR,,WTR5417,70,15,31,7,,,A
367821000,2020-08-21T02:02:28,36.97287,-76.43362,0.0,0.0,511.0,YANO,IMO7825409,NAQH,70,0,276,32,13.0,70,A
367932000,2020-08-21T02:00:07,36.94922,-76.32971,0.0,107.0,279.0,JOHN LENTHALL,IMO8325547,NJLN,80,5,193,29,,,A
369390000,2020-08-21T02:03:06,36.87102,-76.34823,0.0,5.0,347.0,SAFMARINE MAFADI,IMO9314210,KRIJ,70,5,292,32,11.8,70,A
538002652,2020-08-21T02:00:51,36.87945,-76.32653,0.0,36.0,276.0,NAIAS,IMO9330800,V7KN8,70,5,225,32,14.0,70,A
367821000,2020-08-21T02:00:07,36.97287,-76.43362,0.0,0.0,511.0,YANO,IMO7825409,NAQH,70,0,276,32,13.0,70,A
367821000,2020-08-21T02:03:38,36.97287,-76.43363,0.0,0.0,511.0,YANO,IMO7825409,NAQH,70,0,276,32,13.0,70,A
366733250,2020-08-21T02:03:32,37.18716,-76.18809,5.8,92.2,511.0,ATLANTIC SURVEYOR,,WTR5417,70,15,31,7,,,A
477738200,2020-08-21T02:03:14,36.87601,-76.34744,1.9,42.1,64.0,COSCO PHILIPPINES,IMO9448762,VRGM7,70,0,334,42,14.5,72,A
538005042,2020-08-21T02:03:22,36.98226,-76.13856,16.9,288.3,285.0,NILEDUTCH OSPREY,IMO9365829,V7AP5,70,0,182,28,11.0,71,A
538002652,2020-08-21T02:03:50,36.87943,-76.32648,0.0,36.0,276.0,NAIAS,IMO9330800,V7KN8,70,5,225,32,14.0,70,A
338403000,2020-08-21T02:01:27,36.92481,-76.32972,0.0,121.6,355.0,MAERSK HARTFORD,IMO9333008,WMHA,70,5,299,40,14.5,,A
338403000,2020-08-21T02:04:23,36.92475,-76.32971,0.0,355.2,355.0,MAERSK HARTFORD,IMO9333008,WMHA,70,5,299,40,14.5,,A
477196100,2020-08-21T02:00:59,37.19772,-76.13580,0.1,46.0,145.0,DARYA MA,IMO9591674,VRJH5,70,1,229,32,14.5,,A
477738200,2020-08-21T02:02:08,36.87547,-76.34780,1.6,0.1,45.0,COSCO PHILIPPINES,IMO9448762,VRGM7,70,0,334,42,14.5,72,A
538006982,2020-08-21T02:02:16,36.96257,-76.42364,0.0,8.0,40.0,ANTE TOPIC,IMO9737072,V7TR4,70,5,,,,,A
538005042,2020-08-21T02:04:28,36.98363,-76.14484,16.8,285.6,285.0,NILEDUTCH OSPREY,IMO9365829,V7AP5,70,0,182,28,11.0,71,A
366733250,2020-08-21T02:04:51,37.18704,-76.18543,5.7,93.1,511.0,ATLANTIC SURVEYOR,,WTR5417,70,15,31,7,,,A
215677000,2020-08-21T02:04:49,36.96292,-76.42420,0.0,147.3,39.0,RIZE,IMO9584035,9HA2781,70,5,229,32,14.5,,A
367359930,2020-08-21T02:04:53,36.82406,-76.28906,0.0,333.7,511.0,SUNNY WILLIAMS,,WDE4940,80,0,25,8,,80,A
369390000,2020-08-21T02:06:05,36.87100,-76.34817,0.0,108.0,347.0,SAFMARINE MAFADI,IMO9314210,KRIJ,70,5,292,32,11.8,70,A
368026000,2020-08-21T02:03:20,36.86572,-76.31606,0.0,270.5,2.0,BENAVIDEZ,IMO9218210,NBHG,70,5,289,32,10.9,70,A
367821000,2020-08-21T02:04:47,36.97287,-76.43363,0.0,0.0,511.0,YANO,IMO7825409,NAQH,70,0,276,32,13.0,70,A
477738200,2020-08-21T02:04:23,36.87648,-76.34646,3.1,64.6,68.0,COSCO PHILIPPINES,IMO9448762,VRGM7,70,0,334,42,14.5,72,A
477738200,2020-08-21T02:05:34,36.87695,-76.34496,4.0,67.7,68.0,COSCO PHILIPPINES,IMO9448762,VRGM7,70,0,334,42,14.5,72,A
367359930,2020-08-21T02:03:43,36.82406,-76.28905,0.0,335.0,511.0,SUNNY WILLIAMS,,WDE4940,80,0,25,8,,80,A
367861000,2020-08-21T02:06:01,36.94636,-76.32984,0.0,0.0,265.0,LARAMIE,IMO8906626,NLAR,80,5,193,29,,,A
538002652,2020-08-21T02:06:50,36.87945,-76.32650,0.0,36.0,276.0,NAIAS,IMO9330800,V7KN8,70,5,225,32,14.0,70,A
367932000,2020-08-21T02:03:09,36.94917,-76.32964,0.0,107.0,279.0,JOHN LENTHALL,IMO8325547,NJLN,80,5,193,29,,,A
367932000,2020-08-21T02:06:07,36.94921,-76.32963,0.0,107.0,279.0,JOHN LENTHALL,IMO8325547,NJLN,80,5,193,29,,,A
367359930,2020-08-21T02:06:02,36.82407,-76.28905,0.0,336.1,511.0,SUNNY WILLIAMS,,WDE4940,80,0,25,8,,80,A
338403000,2020-08-21T02:07:28,36.92481,-76.32968,0.0,355.2,355.0,MAERSK HARTFORD,IMO9333008,WMHA,70,5,299,40,14.5,,A
366733250,2020-08-21T02:07:12,37.18713,-76.18066,5.8,86.9,511.0,ATLANTIC SURVEYOR,,WTR5417,70,15,31,7,,,A
366839000,2020-08-21T02:04:08,36.85348,-76.31083,0.0,0.0,39.0,CAPE RISE,IMO7530808,KAFG,70,5,197,32,10.0,,A
538006982,2020-08-21T02:05:16,36.96256,-76.42365,0.0,8.0,40.0,ANTE TOPIC,IMO9737072,V7TR4,70,5,,,,,A
367822000,2020-08-21T02:05:56,36.97310,-76.43382,0.0,0.0,238.0,USNS SHUGHART,IMO7825394,NAOQ,70,5,276,32,13.0,70,A
367821000,2020-08-21T02:07:08,36.97286,-76.43362,0.0,0.0,511.0,YANO,IMO7825409,NAQH,70,0,276,32,13.0,70,A
367359930,2020-08-21T02:07:11,36.82407,-76.28906,0.0,335.8,511.0,SUNNY WILLIAMS,,WDE4940,80,0,25,8,,80,A
538005042,2020-08-21T02:07:51,36.98810,-76.16373,16.8,289.7,288.0,NILEDUTCH OSPREY,IMO9365829,V7AP5,70,0,182,28,11.0,71,A
367861000,2020-08-21T02:03:00,36.94638,-76.32981,0.0,0.0,265.0,LARAMIE,IMO8906626,NLAR,80,5,193,29,,,A
366733250,2020-08-21T02:06:01,37.18706,-76.18308,5.7,88.6,511.0,ATLANTIC SURVEYOR,,WTR5417,70,15,31,7,,,A
367359930,2020-08-21T02:08:23,36.82406,-76.28905,0.0,335.8,511.0,SUNNY WILLIAMS,,WDE4940,80,0,25,8,,80,A
367821000,2020-08-21T02:08:17,36.97287,-76.43362,0.0,0.0,511.0,YANO,IMO7825409,NAQH,70,0,276,32,13.0,70,A
538005042,2020-08-21T02:08:57,36.98970,-76.16982,16.8,289.3,289.0,NILEDUTCH OSPREY,IMO9365829,V7AP5,70,0,182,28,11.0,71,A
538005042,2020-08-21T02:10:03,36.99141,-76.17585,16.8,286.6,287.0,NILEDUTCH OSPREY,IMO9365829,V7AP5,70,0,182,28,11.0,71,A
367861000,2020-08-21T02:09:00,36.94638,-76.32980,0.0,0.0,265.0,LARAMIE,IMO8906626,NLAR,80,5,193,29,,,A
367822000,2020-08-21T02:08:55,36.97310,-76.43381,0.0,0.0,238.0,USNS SHUGHART,IMO7825394,NAOQ,70,5,276,32,13.0,70,A
368026000,2020-08-21T02:09:20,36.86577,-76.31601,0.0,270.5,2.0,BENAVIDEZ,IMO9218210,NBHG,70,5,289,32,10.9,70,A
477738200,2020-08-21T02:06:43,36.87752,-76.34322,4.7,68.8,68.0,COSCO PHILIPPINES,IMO9448762,VRGM7,70,0,334,42,14.5,72,A
367821000,2020-08-21T02:05:57,36.97286,-76.43362,0.0,0.0,511.0,YANO,IMO7825409,NAQH,70,0,276,32,13.0,70,A
538006982,2020-08-21T02:08:16,36.96256,-76.42363,0.0,8.0,40.0,ANTE TOPIC,IMO9737072,V7TR4,70,5,,,,,A
366733250,2020-08-21T02:08:22,37.18716,-76.17832,5.8,88.7,511.0,ATLANTIC SURVEYOR,,WTR5417,70,15,31,7,,,A
368026000,2020-08-21T02:06:20,36.86574,-76.31603,0.0,270.5,2.0,BENAVIDEZ,IMO9218210,NBHG,70,5,289,32,10.9,70,A
367932000,2020-08-21T02:09:08,36.94921,-76.32965,0.0,107.0,279.0,JOHN LENTHALL,IMO8325547,NJLN,80,5,193,29,,,A
477738200,2020-08-21T02:09:04,36.87870,-76.33926,5.7,73.4,65.0,COSCO PHILIPPINES,IMO9448762,VRGM7,70,0,334,42,14.5,72,A
477196100,2020-08-21T02:07:00,37.19773,-76.13576,0.0,46.0,147.0,DARYA MA,IMO9591674,VRJH5,70,1,229,32,14.5,,A
338403000,2020-08-21T02:10:27,36.92480,-76.32973,0.0,121.6,355.0,MAERSK HARTFORD,IMO9333008,WMHA,70,5,299,40,14.5,,A
477738200,2020-08-21T02:07:55,36.87812,-76.34131,5.3,69.5,68.0,COSCO PHILIPPINES,IMO9448762,VRGM7,70,0,334,42,14.5,72,A
367359930,2020-08-21T02:09:32,36.82406,-76.28906,0.0,332.3,511.0,SUNNY WILLIAMS,,WDE4940,80,0,25,8,,80,A
369390000,2020-08-21T02:09:05,36.87100,-76.34817,0.0,45.0,347.0,SAFMARINE MAFADI,IMO9314210,KRIJ,70,5,292,32,11.8,70,A
538002652,2020-08-21T02:09:53,36.87948,-76.32647,0.0,45.0,276.0,NAIAS,IMO9330800,V7KN8,70,5,225,32,14.0,70,A
366733250,2020-08-21T02:09:42,37.18719,-76.17557,5.9,88.9,511.0,ATLANTIC SURVEYOR,,WTR5417,70,15,31,7,,,A
477738200,2020-08-21T02:11:27,36.88011,-76.33530,4.1,49.9,17.0,COSCO PHILIPPINES,IMO9448762,VRGM7,70,0,334,42,14.5,72,A
366839000,2020-08-21T02:10:11,36.85345,-76.31079,0.0,0.0,39.0,CAPE RISE,IMO7530808,KAFG,70,5,197,32,10.0,,A
215677000,2020-08-21T02:07:49,36.96292,-76.42420,0.0,147.3,39.0,RIZE,IMO9584035,9HA2781,70,5,229,32,14.5,,A
367821000,2020-08-21T02:09:28,36.97287,-76.43362,0.0,0.0,511.0,YANO,IMO7825409,NAQH,70,0,276,32,13.0,70,A
215677000,2020-08-21T02:10:54,36.96292,-76.42420,0.0,147.3,39.0,RIZE,IMO9584035,9HA2781,70,5,229,32,14.5,,A
538005042,2020-08-21T02:11:22,36.99339,-76.18311,16.8,290.3,290.0,NILEDUTCH OSPREY,IMO9365829,V7AP5,70,0,182,28,11.0,71,A
538005042,2020-08-21T02:14:03,36.99738,-76.19777,16.8,286.3,286.0,NILEDUTCH OSPREY,IMO9365829,V7AP5,70,0,182,28,11.0,71,A
367834000,2020-08-21T02:13:32,37.03717,-76.06560,15.8,323.2,325.0,USNS GORDON,IMO7234430,NAKL,70,0,290,32,11.3,,A
367359930,2020-08-21T02:11:51,36.82404,-76.28907,0.0,307.4,511.0,SUNNY WILLIAMS,,WDE4940,80,0,25,8,,80,A
367822000,2020-08-21T02:11:55,36.97309,-76.43381,0.0,0.0,238.0,USNS SHUGHART,IMO7825394,NAOQ,70,5,276,32,13.0,70,A
538006982,2020-08-21T02:11:16,36.96259,-76.42366,0.0,8.0,40.0,ANTE TOPIC,IMO9737072,V7TR4,70,5,,,,,A
477738200,2020-08-21T02:12:28,36.88115,-76.33441,3.3,23.6,357.0,COSCO PHILIPPINES,IMO9448762,VRGM7,70,0,334,42,14.5,72,A
367359930,2020-08-21T02:13:13,36.82404,-76.28906,0.0,300.5,511.0,SUNNY WILLIAMS,,WDE4940,80,0,25,8,,80,A
366733250,2020-08-21T02:12:12,37.18727,-76.17046,5.9,89.1,511.0,ATLANTIC SURVEYOR,,WTR5417,70,15,31,7,,,A
366733250,2020-08-21T02:10:51,37.18723,-76.17321,5.9,88.2,511.0,ATLANTIC SURVEYOR,,WTR5417,70,15,31,7,,,A
477738200,2020-08-21T02:10:24,36.87933,-76.33677,5.1,67.6,41.0,COSCO PHILIPPINES,IMO9448762,VRGM7,70,0,334,42,14.5,72,A
368026000,2020-08-21T02:12:21,36.86576,-76.31605,0.0,270.5,2.0,BENAVIDEZ,IMO9218210,NBHG,70,5,289,32,10.9,70,A
367822000,2020-08-21T02:14:56,36.97310,-76.43381,0.0,0.0,238.0,USNS SHUGHART,IMO7825394,NAOQ,70,5,276,32,13.0,70,A
366839000,2020-08-21T02:13:09,36.85348,-76.31077,0.0,0.0,39.0,CAPE RISE,IMO7530808,KAFG,70,5,197,32,10.0,,A
369390000,2020-08-21T02:12:05,36.87083,-76.34817,0.0,222.0,347.0,SAFMARINE MAFADI,IMO9314210,KRIJ,70,5,292,32,11.8,70,A
367821000,2020-08-21T02:13:17,36.97286,-76.43363,0.0,0.0,511.0,YANO,IMO7825409,NAQH,70,0,276,32,13.0,70,A
367821000,2020-08-21T02:10:58,36.97286,-76.43363,0.0,0.0,511.0,YANO,IMO7825409,NAQH,70,0,276,32,13.0,70,A
367861000,2020-08-21T02:12:00,36.94637,-76.32978,0.0,0.0,265.0,LARAMIE,IMO8906626,NLAR,80,5,193,29,,,A
367359930,2020-08-21T02:15:43,36.82405,-76.28906,0.0,291.7,511.0,SUNNY WILLIAMS,,WDE4940,80,0,25,8,,80,A
369390000,2020-08-21T02:15:05,36.87100,-76.34817,0.0,281.0,347.0,SAFMARINE MAFADI,IMO9314210,KRIJ,70,5,292,32,11.8,70,A
366733250,2020-08-21T02:15:43,37.18764,-76.16325,5.9,84.3,511.0,ATLANTIC SURVEYOR,,WTR5417,70,15,31,7,,,A
538005042,2020-08-21T02:15:22,36.99930,-76.20519,16.9,288.3,288.0,NILEDUTCH OSPREY,IMO9365829,V7AP5,70,0,182,28,11.0,71,A
538005042,2020-08-21T02:12:45,36.99557,-76.19057,16.8,289.6,289.0,NILEDUTCH OSPREY,IMO9365829,V7AP5,70,0,182,28,11.0,71,A
477196100,2020-08-21T02:15:56,37.19779,-76.13554,0.1,46.0,149.0,DARYA MA,IMO9591674,VRJH5,70,1,229,32,14.5,,A
477738200,2020-08-21T02:15:55,36.88514,-76.33490,5.0,351.5,353.0,COSCO PHILIPPINES,IMO9448762,VRGM7,70,0,334,42,14.5,72,A
367932000,2020-08-21T02:12:08,36.94912,-76.32961,0.0,107.0,279.0,JOHN LENTHALL,IMO8325547,NJLN,80,5,193,29,,,A
367861000,2020-08-21T02:15:01,36.94638,-76.32982,0.0,0.0,265.0,LARAMIE,IMO8906626,NLAR,80,5,193,29,,,A
477196100,2020-08-21T02:13:01,37.19779,-76.13568,0.1,46.0,147.0,DARYA MA,IMO9591674,VRJH5,70,1,229,32,14.5,,A
366733250,2020-08-21T02:13:22,37.18732,-76.16807,5.8,87.9,511.0,ATLANTIC SURVEYOR,,WTR5417,70,15,31,7,,,A
477738200,2020-08-21T02:13:34,36.88233,-76.33437,3.7,359.4,351.0,COSCO PHILIPPINES,IMO9448762,VRGM7,70,0,334,42,14.5,72,A
477738200,2020-08-21T02:14:45,36.88359,-76.33458,4.4,351.5,351.0,COSCO PHILIPPINES,IMO9448762,VRGM7,70,0,334,42,14.5,72,A
538002652,2020-08-21T02:12:51,36.87947,-76.32652,0.0,45.0,276.0,NAIAS,IMO9330800,V7KN8,70,5,225,32,14.0,70,A
215677000,2020-08-21T02:13:51,36.96291,-76.42418,0.0,147.3,39.0,RIZE,IMO9584035,9HA2781,70,5,229,32,14.5,,A
338403000,2020-08-21T02:13:28,36.92480,-76.32971,0.0,121.6,355.0,MAERSK HARTFORD,IMO9333008,WMHA,70,5,299,40,14.5,,A
367834000,2020-08-21T02:14:39,37.04109,-76.06917,15.7,323.2,325.0,USNS GORDON,IMO7234430,NAKL,70,0,290,32,11.3,,A
367834000,2020-08-21T02:16:45,37.04882,-76.07644,17.2,322.2,323.0,USNS GORDON,IMO7234430,NAKL,70,0,290,32,11.3,,A
367821000,2020-08-21T02:17:48,36.97286,-76.43363,0.0,0.0,511.0,YANO,IMO7825409,NAQH,70,0,276,32,13.0,70,A
367834000,2020-08-21T02:15:44,37.04507,-76.07285,16.6,322.7,323.0,USNS GORDON,IMO7234430,NAKL,70,0,290,32,11.3,,A
369390000,2020-08-21T02:18:06,36.87087,-76.34820,0.0,183.0,347.0,SAFMARINE MAFADI,IMO9314210,KRIJ,70,5,292,32,11.8,70,A
367359930,2020-08-21T02:18:13,36.82405,-76.28905,0.0,286.0,511.0,SUNNY WILLIAMS,,WDE4940,80,0,25,8,,80,A
366733250,2020-08-21T02:16:51,37.18785,-76.16087,5.9,83.7,511.0,ATLANTIC SURVEYOR,,WTR5417,70,15,31,7,,,A
477738200,2020-08-21T02:18:14,36.88874,-76.33548,5.9,352.6,353.0,COSCO PHILIPPINES,IMO9448762,VRGM7,70,0,334,42,14.5,72,A
367861000,2020-08-21T02:18:00,36.94637,-76.32984,0.0,0.0,265.0,LARAMIE,IMO8906626,NLAR,80,5,193,29,,,A
368026000,2020-08-21T02:15:21,36.86575,-76.31603,0.0,270.5,2.0,BENAVIDEZ,IMO9218210,NBHG,70,5,289,32,10.9,70,A
367834000,2020-08-21T02:17:50,37.05293,-76.08058,17.7,321.0,324.0,USNS GORDON,IMO7234430,NAKL,70,0,290,32,11.3,,A
538002652,2020-08-21T02:15:51,36.87952,-76.32645,0.0,45.0,276.0,NAIAS,IMO9330800,V7KN8,70,5,225,32,14.0,70,A
215677000,2020-08-21T02:16:49,36.96290,-76.42421,0.0,147.3,39.0,RIZE,IMO9584035,9HA2781,70,5,229,32,14.5,,A
477738200,2020-08-21T00:00:39,36.87703,-76.34981,0.1,8.7,347.0,COSCO PHILIPPINES,IMO9448762,VRGM7,70,5,334,42,14.5,72,A
367834000,2020-08-21T02:18:56,37.05720,-76.08479,17.9,322.1,324.0,USNS GORDON,IMO7234430,NAKL,70,0,290,32,11.3,,A
538006982,2020-08-21T02:14:16,36.96256,-76.42367,0.0,8.0,40.0,ANTE TOPIC,IMO9737072,V7TR4,70,5,,,,,A
477738200,2020-08-21T02:19:23,36.89073,-76.33578,6.4,353.8,354.0,COSCO PHILIPPINES,IMO9448762,VRGM7,70,0,334,42,14.5,72,A
338403000,2020-08-21T02:16:28,36.92484,-76.32968,0.0,121.6,355.0,MAERSK HARTFORD,IMO9333008,WMHA,70,5,299,40,14.5,,A
366733250,2020-08-21T02:20:52,37.18872,-76.15242,6.2,82.8,511.0,ATLANTIC SURVEYOR,,WTR5417,70,15,31,7,,,A
367359930,2020-08-21T02:20:33,36.82405,-76.28905,0.0,287.5,511.0,SUNNY WILLIAMS,,WDE4940,80,0,25,8,,80,A
367932000,2020-08-21T02:18:08,36.94916,-76.32964,0.0,107.0,279.0,JOHN LENTHALL,IMO8325547,NJLN,80,5,193,29,,,A
368026000,2020-08-21T02:18:21,36.86575,-76.31605,0.0,270.5,2.0,BENAVIDEZ,IMO9218210,NBHG,70,5,289,32,10.9,70,A
366733250,2020-08-21T02:14:31,37.18745,-76.16569,5.8,84.8,511.0,ATLANTIC SURVEYOR,,WTR5417,70,15,31,7,,,A
366733250,2020-08-21T02:19:02,37.18830,-76.15635,6.0,82.4,511.0,ATLANTIC SURVEYOR,,WTR5417,70,15,31,7,,,A
367861000,2020-08-21T02:21:00,36.94639,-76.32976,0.0,0.0,265.0,LARAMIE,IMO8906626,NLAR,80,5,193,29,,,A
367932000,2020-08-21T02:15:09,36.94922,-76.32968,0.0,107.0,279.0,JOHN LENTHALL,IMO8325547,NJLN,80,5,193,29,,,A
367821000,2020-08-21T02:16:07,36.97286,-76.43363,0.0,0.0,511.0,YANO,IMO7825409,NAQH,70,0,276,32,13.0,70,A
538006982,2020-08-21T02:20:16,36.96258,-76.42363,0.0,166.9,40.0,ANTE TOPIC,IMO9737072,V7TR4,70,5,,,,,A
367821000,2020-08-21T02:21:17,36.97286,-76.43363,0.0,0.0,511.0,YANO,IMO7825409,NAQH,70,0,276,32,13.0,70,A
477196100,2020-08-21T02:18:52,37.19783,-76.13541,0.1,46.0,151.0,DARYA MA,IMO9591674,VRJH5,70,1,229,32,14.5,,A
477738200,2020-08-21T02:21:44,36.89595,-76.33643,8.8,353.9,353.0,COSCO PHILIPPINES,IMO9448762,VRGM7,70,0,334,42,14.5,72,A
367359930,2020-08-21T02:19:23,36.82406,-76.28906,0.0,289.2,511.0,SUNNY WILLIAMS,,WDE4940,80,0,25,8,,80,A
367834000,2020-08-21T02:21:26,37.06729,-76.09430,18.1,328.3,332.0,USNS GORDON,IMO7234430,NAKL,70,0,290,32,11.3,,A
367359930,2020-08-21T02:22:52,36.82402,-76.28906,0.0,293.5,511.0,SUNNY WILLIAMS,,WDE4940,80,0,25,8,,80,A
477738200,2020-08-21T02:17:03,36.88685,-76.33519,5.5,352.3,353.0,COSCO PHILIPPINES,IMO9448762,VRGM7,70,0,334,42,14.5,72,A
366733250,2020-08-21T02:17:52,37.18804,-76.15877,6.0,82.5,511.0,ATLANTIC SURVEYOR,,WTR5417,70,15,31,7,,,A
338403000,2020-08-21T02:19:28,36.92478,-76.32970,0.0,121.6,355.0,MAERSK HARTFORD,IMO9333008,WMHA,70,5,299,40,14.5,,A
338403000,2020-08-21T02:22:29,36.92477,-76.32971,0.0,121.6,355.0,MAERSK HARTFORD,IMO9333008,WMHA,70,5,299,40,14.5,,A
367821000,2020-08-21T02:20:08,36.97286,-76.43363,0.0,0.0,511.0,YANO,IMO7825409,NAQH,70,0,276,32,13.0,70,A
538005042,2020-08-21T02:18:21,37.00370,-76.22178,17.0,288.3,288.0,NILEDUTCH OSPREY,IMO9365829,V7AP5,70,0,182,28,11.0,71,A
215677000,2020-08-21T02:19:50,36.96292,-76.42417,0.0,147.3,39.0,RIZE,IMO9584035,9HA2781,70,5,229,32,14.5,,A
367821000,2020-08-21T02:22:58,36.97285,-76.43363,0.0,0.0,511.0,YANO,IMO7825409,NAQH,70,0,276,32,13.0,70,A
477738200,2020-08-21T02:22:54,36.89897,-76.33686,9.7,353.7,353.0,COSCO PHILIPPINES,IMO9448762,VRGM7,70,0,334,42,14.5,72,A
538002652,2020-08-21T02:18:49,36.87945,-76.32650,0.0,45.0,276.0,NAIAS,IMO9330800,V7KN8,70,5,225,32,14.0,70,A
366733250,2020-08-21T02:23:13,37.18891,-76.14740,6.2,89.8,511.0,ATLANTIC SURVEYOR,,WTR5417,70,15,31,7,,,A
367822000,2020-08-21T02:23:56,36.97311,-76.43381,0.0,0.0,238.0,USNS SHUGHART,IMO7825394,NAOQ,70,5,276,32,13.0,70,A
538005042,2020-08-21T02:19:27,37.00527,-76.22777,16.5,286.7,285.0,NILEDUTCH OSPREY,IMO9365829,V7AP5,70,0,182,28,11.0,71,A
538005042,2020-08-21T02:20:33,37.00675,-76.23378,16.0,288.7,288.0,NILEDUTCH OSPREY,IMO9365829,V7AP5,70,0,182,28,11.0,71,A
367821000,2020-08-21T02:18:58,36.97286,-76.43363,0.0,0.0,511.0,YANO,IMO7825409,NAQH,70,0,276,32,13.0,70,A
367834000,2020-08-21T02:20:03,37.06160,-76.08911,18.1,321.1,323.0,USNS GORDON,IMO7234430,NAKL,70,0,290,32,11.3,,A
477738200,2020-08-21T02:24:04,36.90204,-76.33727,9.5,354.1,353.0,COSCO PHILIPPINES,IMO9448762,VRGM7,70,0,334,42,14.5,72,A
477738200,2020-08-21T02:20:35,36.89318,-76.33610,7.8,353.7,353.0,COSCO PHILIPPINES,IMO9448762,VRGM7,70,0,334,42,14.5,72,A
338403000,2020-08-21T02:25:26,36.92480,-76.32972,0.0,121.6,355.0,MAERSK HARTFORD,IMO9333008,WMHA,70,5,299,40,14.5,,A
368026000,2020-08-21T02:21:20,36.86576,-76.31602,0.0,270.5,2.0,BENAVIDEZ,IMO9218210,NBHG,70,5,289,32,10.9,70,A
215677000,2020-08-21T02:22:51,36.96291,-76.42421,0.0,147.3,39.0,RIZE,IMO9584035,9HA2781,70,5,229,32,14.5,,A
477196100,2020-08-21T02:24:56,37.19791,-76.13512,0.1,69.1,157.0,DARYA MA,IMO9591674,VRJH5,70,1,229,32,14.5,,A
367834000,2020-08-21T02:23:56,37.07834,-76.10195,18.2,331.5,334.0,USNS GORDON,IMO7234430,NAKL,70,0,290,32,11.3,,A
367932000,2020-08-21T02:24:09,36.94917,-76.32966,0.0,107.0,279.0,JOHN LENTHALL,IMO8325547,NJLN,80,5,193,29,,,A
367932000,2020-08-21T02:21:08,36.94923,-76.32970,0.0,107.0,279.0,JOHN LENTHALL,IMO8325547,NJLN,80,5,193,29,,,A
538005042,2020-08-21T02:21:39,37.00828,-76.23951,15.7,288.1,286.0,NILEDUTCH OSPREY,IMO9365829,V7AP5,70,0,182,28,11.0,71,A
538005042,2020-08-21T02:24:58,37.00862,-76.25673,15.0,257.2,255.0,NILEDUTCH OSPREY,IMO9365829,V7AP5,70,0,182,28,11.0,71,A
367861000,2020-08-21T02:24:00,36.94637,-76.32971,0.0,0.0,265.0,LARAMIE,IMO8906626,NLAR,80,5,193,29,,,A
538006982,2020-08-21T02:23:16,36.96259,-76.42366,0.0,166.9,40.0,ANTE TOPIC,IMO9737072,V7TR4,70,5,,,,,A
367821000,2020-08-21T02:24:47,36.97277,-76.43370,0.0,0.0,511.0,YANO,IMO7825409,NAQH,70,0,276,32,13.0,70,A
477738200,2020-08-21T02:26:44,36.90870,-76.33816,8.8,353.6,355.0,COSCO PHILIPPINES,IMO9448762,VRGM7,70,0,334,42,14.5,72,A
366733250,2020-08-21T02:27:21,37.18906,-76.13840,6.2,86.3,511.0,ATLANTIC SURVEYOR,,WTR5417,70,15,31,7,,,A
538002652,2020-08-21T02:21:51,36.87948,-76.32645,0.0,45.0,276.0,NAIAS,IMO9330800,V7KN8,70,5,225,32,14.0,70,A
366733250,2020-08-21T02:22:02,37.18887,-76.14995,6.1,90.0,511.0,ATLANTIC SURVEYOR,,WTR5417,70,15,31,7,,,A
367359930,2020-08-21T02:21:42,36.82404,-76.28905,0.0,286.8,511.0,SUNNY WILLIAMS,,WDE4940,80,0,25,8,,80,A
369390000,2020-08-21T02:27:06,36.87094,-76.34820,0.0,6.0,347.0,SAFMARINE MAFADI,IMO9314210,KRIJ,70,5,292,32,11.8,70,A
367834000,2020-08-21T02:22:50,37.07345,-76.09861,18.1,332.0,334.0,USNS GORDON,IMO7234430,NAKL,70,0,290,32,11.3,,A
366733250,2020-08-21T02:24:23,37.18895,-76.14487,6.2,89.2,511.0,ATLANTIC SURVEYOR,,WTR5417,70,15,31,7,,,A
368026000,2020-08-21T02:24:21,36.86576,-76.31602,0.0,270.5,2.0,BENAVIDEZ,IMO9218210,NBHG,70,5,289,32,10.9,70,A
369390000,2020-08-21T02:24:06,36.87087,-76.34819,0.0,17.0,347.0,SAFMARINE MAFADI,IMO9314210,KRIJ,70,5,292,32,11.8,70,A
367821000,2020-08-21T02:25:58,36.97280,-76.43369,0.0,0.0,511.0,YANO,IMO7825409,NAQH,70,0,276,32,13.0,70,A
477738200,2020-08-21T02:27:54,36.91146,-76.33835,8.6,358.0,0.0,COSCO PHILIPPINES,IMO9448762,VRGM7,70,0,334,42,14.5,72,A
366839000,2020-08-21T02:25:12,36.85353,-76.31079,0.0,0.0,39.0,CAPE RISE,IMO7530808,KAFG,70,5,197,32,10.0,,A
367821000,2020-08-21T02:29:48,36.97282,-76.43369,0.0,0.0,511.0,YANO,IMO7825409,NAQH,70,0,276,32,13.0,70,A
215677000,2020-08-21T02:28:52,36.96290,-76.42419,0.0,147.3,39.0,RIZE,IMO9584035,9HA2781,70,5,229,32,14.5,,A
538002652,2020-08-21T02:27:50,36.87947,-76.32647,0.0,45.0,276.0,NAIAS,IMO9330800,V7KN8,70,5,225,32,14.0,70,A
538005042,2020-08-21T02:28:33,37.00519,-76.27419,13.5,256.5,254.0,NILEDUTCH OSPREY,IMO9365829,V7AP5,70,0,182,28,11.0,71,A
477738200,2020-08-21T02:29:44,36.91580,-76.33814,8.4,3.3,2.0,COSCO PHILIPPINES,IMO9448762,VRGM7,70,0,334,42,14.5,72,A
367834000,2020-08-21T02:26:26,37.08948,-76.10962,18.4,331.2,332.0,USNS GORDON,IMO7234430,NAKL,70,0,290,32,11.3,,A
366733250,2020-08-21T02:25:33,37.18899,-76.14235,6.2,90.2,511.0,ATLANTIC SURVEYOR,,WTR5417,70,15,31,7,,,A
338403000,2020-08-21T02:28:23,36.92486,-76.32969,0.0,121.6,355.0,MAERSK HARTFORD,IMO9333008,WMHA,70,5,299,40,14.5,,A
538005042,2020-08-21T02:30:22,37.00357,-76.28214,12.2,256.2,253.0,NILEDUTCH OSPREY,IMO9365829,V7AP5,70,0,182,28,11.0,71,A
538006982,2020-08-21T02:29:16,36.96257,-76.42364,0.0,166.9,40.0,ANTE TOPIC,IMO9737072,V7TR4,70,5,,,,,A
538006982,2020-08-21T02:26:16,36.96257,-76.42366,0.0,166.9,40.0,ANTE TOPIC,IMO9737072,V7TR4,70,5,,,,,A
367861000,2020-08-21T02:27:01,36.94637,-76.32979,0.0,0.0,265.0,LARAMIE,IMO8906626,NLAR,80,5,193,29,,,A
215677000,2020-08-21T02:25:52,36.96291,-76.42422,0.0,147.3,39.0,RIZE,IMO9584035,9HA2781,70,5,229,32,14.5,,A
369390000,2020-08-21T02:30:06,36.87099,-76.34820,0.0,317.0,347.0,SAFMARINE MAFADI,IMO9314210,KRIJ,70,5,292,32,11.8,70,A
367359930,2020-08-21T02:26:22,36.82405,-76.28906,0.0,283.8,511.0,SUNNY WILLIAMS,,WDE4940,80,0,25,8,,80,A
538005042,2020-08-21T02:31:27,37.00254,-76.28637,11.3,252.0,249.0,NILEDUTCH OSPREY,IMO9365829,V7AP5,70,0,182,28,11.0,71,A
367834000,2020-08-21T02:27:32,37.09439,-76.11307,18.4,331.1,333.0,USNS GORDON,IMO7234430,NAKL,70,0,290,32,11.3,,A
367834000,2020-08-21T02:31:26,37.11185,-76.12516,18.3,330.7,332.0,USNS GORDON,IMO7234430,NAKL,70,0,290,32,11.3,,A
538005042,2020-08-21T02:23:51,37.00939,-76.25102,14.9,264.4,261.0,NILEDUTCH OSPREY,IMO9365829,V7AP5,70,0,182,28,11.0,71,A
367359930,2020-08-21T02:27:42,36.82406,-76.28905,0.0,285.2,511.0,SUNNY WILLIAMS,,WDE4940,80,0,25,8,,80,A
368026000,2020-08-21T02:27:21,36.86576,-76.31603,0.0,270.5,2.0,BENAVIDEZ,IMO9218210,NBHG,70,5,289,32,10.9,70,A
367834000,2020-08-21T02:28:50,37.10025,-76.11705,18.4,331.9,333.0,USNS GORDON,IMO7234430,NAKL,70,0,290,32,11.3,,A
538006982,2020-08-21T02:32:16,36.96259,-76.42365,0.0,166.9,40.0,ANTE TOPIC,IMO9737072,V7TR4,70,5,,,,,A
366839000,2020-08-21T02:28:10,36.85348,-76.31083,0.0,0.0,39.0,CAPE RISE,IMO7530808,KAFG,70,5,197,32,10.0,,A
367834000,2020-08-21T02:25:20,37.08456,-76.10620,18.3,330.7,333.0,USNS GORDON,IMO7234430,NAKL,70,0,290,32,11.3,,A
367359930,2020-08-21T02:32:02,36.82406,-76.28907,0.0,305.2,511.0,SUNNY WILLIAMS,,WDE4940,80,0,25,8,,80,A
367359930,2020-08-21T02:30:42,36.82405,-76.28907,0.0,304.0,511.0,SUNNY WILLIAMS,,WDE4940,80,0,25,8,,80,A
477738200,2020-08-21T02:25:24,36.90545,-76.33773,9.1,354.2,353.0,COSCO PHILIPPINES,IMO9448762,VRGM7,70,0,334,42,14.5,72,A
367834000,2020-08-21T02:32:32,37.11674,-76.12860,18.3,330.0,331.0,USNS GORDON,IMO7234430,NAKL,70,0,290,32,11.3,,A
367359930,2020-08-21T02:29:02,36.82406,-76.28905,0.0,292.4,511.0,SUNNY WILLIAMS,,WDE4940,80,0,25,8,,80,A
369390000,2020-08-21T02:33:06,36.87092,-76.34821,0.0,128.0,347.0,SAFMARINE MAFADI,IMO9314210,KRIJ,70,5,292,32,11.8,70,A
366733250,2020-08-21T02:30:12,37.18920,-76.13223,6.2,88.7,511.0,ATLANTIC SURVEYOR,,WTR5417,70,15,31,7,,,A
366733250,2020-08-21T02:29:01,37.18912,-76.13480,6.2,89.2,511.0,ATLANTIC SURVEYOR,,WTR5417,70,15,31,7,,,A
367359930,2020-08-21T02:25:12,36.82404,-76.28908,0.0,287.0,511.0,SUNNY WILLIAMS,,WDE4940,80,0,25,8,,80,A
366839000,2020-08-21T02:31:12,36.85351,-76.31084,0.0,0.0,39.0,CAPE RISE,IMO7530808,KAFG,70,5,197,32,10.0,,A
477738200,2020-08-21T02:30:54,36.91842,-76.33798,8.2,3.1,2.0,COSCO PHILIPPINES,IMO9448762,VRGM7,70,0,334,42,14.5,72,A
367359930,2020-08-21T02:35:31,36.82407,-76.28906,0.0,245.1,511.0,SUNNY WILLIAMS,,WDE4940,80,0,25,8,,80,A
367359930,2020-08-21T02:34:02,36.82407,-76.28907,0.0,271.3,511.0,SUNNY WILLIAMS,,WDE4940,80,0,25,8,,80,A
367932000,2020-08-21T02:30:08,36.94916,-76.32967,0.0,107.0,279.0,JOHN LENTHALL,IMO8325547,NJLN,80,5,193,29,,,A
367834000,2020-08-21T02:30:14,37.10650,-76.12141,18.3,330.5,332.0,USNS GORDON,IMO7234430,NAKL,70,0,290,32,11.3,,A
338403000,2020-08-21T02:34:28,36.92478,-76.32973,0.0,121.6,355.0,MAERSK HARTFORD,IMO9333008,WMHA,70,5,299,40,14.5,,A
538005042,2020-08-21T02:27:27,37.00623,-76.26908,14.2,254.6,253.0,NILEDUTCH OSPREY,IMO9365829,V7AP5,70,0,182,28,11.0,71,A
366839000,2020-08-21T02:34:09,36.85350,-76.31078,0.0,0.0,39.0,CAPE RISE,IMO7530808,KAFG,70,5,197,32,10.0,,A
477738200,2020-08-21T02:34:14,36.92601,-76.33756,8.7,2.0,2.0,COSCO PHILIPPINES,IMO9448762,VRGM7,70,0,334,42,14.5,72,A
367821000,2020-08-21T02:34:57,36.97281,-76.43369,0.0,0.0,511.0,YANO,IMO7825409,NAQH,70,0,276,32,13.0,70,A
477196100,2020-08-21T02:27:58,37.19794,-76.13504,0.0,69.1,161.0,DARYA MA,IMO9591674,VRJH5,70,1,229,32,14.5,,A
366733250,2020-08-21T02:32:21,37.18940,-76.12754,6.2,87.1,511.0,ATLANTIC SURVEYOR,,WTR5417,70,15,31,7,,,A
538006982,2020-08-21T02:35:16,36.96261,-76.42364,0.0,166.9,40.0,ANTE TOPIC,IMO9737072,V7TR4,70,5,,,,,A
367932000,2020-08-21T02:33:09,36.94916,-76.32971,0.0,107.0,279.0,JOHN LENTHALL,IMO8325547,NJLN,80,5,193,29,,,A
367822000,2020-08-21T02:29:55,36.97318,-76.43384,0.0,0.0,238.0,USNS SHUGHART,IMO7825394,NAOQ,70,5,276,32,13.0,70,A
367822000,2020-08-21T02:35:54,36.97314,-76.43384,0.0,0.0,238.0,USNS SHUGHART,IMO7825394,NAOQ,70,5,276,32,13.0,70,A
477738200,2020-08-21T02:32:14,36.92143,-76.33781,8.0,2.3,2.0,COSCO PHILIPPINES,IMO9448762,VRGM7,70,0,334,42,14.5,72,A
367821000,2020-08-21T02:32:57,36.97281,-76.43369,0.0,0.0,511.0,YANO,IMO7825409,NAQH,70,0,276,32,13.0,70,A
538005042,2020-08-21T02:33:51,37.00015,-76.29460,10.0,250.4,251.0,NILEDUTCH OSPREY,IMO9365829,V7AP5,70,0,182,28,11.0,71,A
367834000,2020-08-21T02:38:00,37.14085,-76.14596,18.2,332.0,336.0,USNS GORDON,IMO7234430,NAKL,70,0,290,32,11.3,,A
367834000,2020-08-21T02:33:44,37.12207,-76.13243,18.3,329.6,331.0,USNS GORDON,IMO7234430,NAKL,70,0,290,32,11.3,,A
368026000,2020-08-21T02:30:21,36.86576,-76.31603,0.0,270.5,2.0,BENAVIDEZ,IMO9218210,NBHG,70,5,289,32,10.9,70,A
538002652,2020-08-21T02:30:53,36.87950,-76.32642,0.0,45.0,276.0,NAIAS,IMO9330800,V7KN8,70,5,225,32,14.0,70,A
367359930,2020-08-21T02:38:31,36.82406,-76.28904,0.0,242.6,511.0,SUNNY WILLIAMS,,WDE4940,80,0,25,8,,80,A
477196100,2020-08-21T02:36:56,37.19799,-76.13503,0.0,69.1,162.0,DARYA MA,IMO9591674,VRJH5,70,1,229,32,14.5,,A
367821000,2020-08-21T02:37:17,36.97282,-76.43368,0.0,0.0,511.0,YANO,IMO7825409,NAQH,70,0,276,32,13.0,70,A
367861000,2020-08-21T02:36:00,36.94636,-76.32979,0.0,0.0,265.0,LARAMIE,IMO8906626,NLAR,80,5,193,29,,,A
367822000,2020-08-21T02:32:56,36.97314,-76.43383,0.0,0.0,238.0,USNS SHUGHART,IMO7825394,NAOQ,70,5,276,32,13.0,70,A
367821000,2020-08-21T02:40:17,36.97281,-76.43368,0.0,0.0,511.0,YANO,IMO7825409,NAQH,70,0,276,32,13.0,70,A
367359930,2020-08-21T02:36:51,36.82406,-76.28905,0.0,239.9,511.0,SUNNY WILLIAMS,,WDE4940,80,0,25,8,,80,A
366733250,2020-08-21T02:41:21,37.19030,-76.10896,5.0,85.8,511.0,ATLANTIC SURVEYOR,,WTR5417,70,15,31,7,,,A
338403000,2020-08-21T02:31:27,36.92482,-76.32974,0.0,355.2,355.0,MAERSK HARTFORD,IMO9333008,WMHA,70,5,299,40,14.5,,A
367861000,2020-08-21T02:30:01,36.94635,-76.32976,0.0,0.0,265.0,LARAMIE,IMO8906626,NLAR,80,5,193,29,,,A
367861000,2020-08-21T02:33:01,36.94639,-76.32976,0.0,0.0,265.0,LARAMIE,IMO8906626,NLAR,80,5,193,29,,,A
477196100,2020-08-21T02:33:58,37.19796,-76.13503,0.0,69.1,162.0,DARYA MA,IMO9591674,VRJH5,70,1,229,32,14.5,,A
367834000,2020-08-21T02:35:38,37.13043,-76.13848,18.2,330.2,331.0,USNS GORDON,IMO7234430,NAKL,70,0,290,32,11.3,,A
477738200,2020-08-21T02:35:24,36.92908,-76.33737,9.7,2.3,2.0,COSCO PHILIPPINES,IMO9448762,VRGM7,70,0,334,42,14.5,72,A
538002652,2020-08-21T02:33:52,36.87948,-76.32647,0.0,45.0,276.0,NAIAS,IMO9330800,V7KN8,70,5,225,32,14.0,70,A
215677000,2020-08-21T02:34:53,36.96294,-76.42420,0.0,147.3,39.0,RIZE,IMO9584035,9HA2781,70,5,229,32,14.5,,A
367821000,2020-08-21T02:38:18,36.97282,-76.43368,0.0,0.0,511.0,YANO,IMO7825409,NAQH,70,0,276,32,13.0,70,A
367821000,2020-08-21T02:36:08,36.97282,-76.43368,0.0,0.0,511.0,YANO,IMO7825409,NAQH,70,0,276,32,13.0,70,A
538005042,2020-08-21T02:35:21,36.99878,-76.29948,9.6,250.5,250.0,NILEDUTCH OSPREY,IMO9365829,V7AP5,70,0,182,28,11.0,71,A
367834000,2020-08-21T02:40:14,37.15145,-76.15008,17.7,352.0,356.0,USNS GORDON,IMO7234430,NAKL,70,0,290,32,11.3,,A
369390000,2020-08-21T02:36:05,36.87083,-76.34817,0.0,162.0,347.0,SAFMARINE MAFADI,IMO9314210,KRIJ,70,5,292,32,11.8,70,A
477738200,2020-08-21T02:41:35,36.94429,-76.33660,8.5,4.4,5.0,COSCO PHILIPPINES,IMO9448762,VRGM7,70,0,334,42,14.5,72,A
366733250,2020-08-21T02:37:32,37.18990,-76.11625,6.2,86.0,511.0,ATLANTIC SURVEYOR,,WTR5417,70,15,31,7,,,A
366733250,2020-08-21T00:01:12,37.18252,-76.25737,3.4,309.7,511.0,ATLANTIC SURVEYOR,,WTR5417,70,15,31,7,,,A
538005042,2020-08-21T02:42:41,36.98908,-76.31884,8.1,228.5,219.0,NILEDUTCH OSPREY,IMO9365829,V7AP5,70,0,182,28,11.0,71,A
338403000,2020-08-21T02:40:30,36.92481,-76.32971,0.0,355.2,355.0,MAERSK HARTFORD,IMO9333008,WMHA,70,5,299,40,14.5,,A
215677000,2020-08-21T02:40:50,36.96291,-76.42424,0.0,147.3,39.0,RIZE,IMO9584035,9HA2781,70,5,229,32,14.5,,A
367834000,2020-08-21T02:42:32,37.16276,-76.15176,17.9,353.2,356.0,USNS GORDON,IMO7234430,NAKL,70,0,290,32,11.3,,A
367359930,2020-08-21T02:41:01,36.82404,-76.28905,0.0,259.5,511.0,SUNNY WILLIAMS,,WDE4940,80,0,25,8,,80,A
368026000,2020-08-21T02:36:21,36.86577,-76.31605,0.0,270.5,2.0,BENAVIDEZ,IMO9218210,NBHG,70,5,289,32,10.9,70,A
367834000,2020-08-21T02:36:50,37.13573,-76.14227,18.2,330.1,331.0,USNS GORDON,IMO7234430,NAKL,70,0,290,32,11.3,,A
369390000,2020-08-21T02:42:05,36.87091,-76.34817,0.0,79.0,347.0,SAFMARINE MAFADI,IMO9314210,KRIJ,70,5,292,32,11.8,70,A
366733250,2020-08-21T02:42:31,37.19044,-76.10696,5.0,85.3,511.0,ATLANTIC SURVEYOR,,WTR5417,70,15,31,7,,,A
367822000,2020-08-21T02:41:56,36.97314,-76.43384,0.0,0.0,238.0,USNS SHUGHART,IMO7825394,NAOQ,70,5,276,32,13.0,70,A
367932000,2020-08-21T02:36:09,36.94921,-76.32969,0.0,107.0,279.0,JOHN LENTHALL,IMO8325547,NJLN,80,5,193,29,,,A
538006982,2020-08-21T02:41:16,36.96258,-76.42363,0.0,350.7,40.0,ANTE TOPIC,IMO9737072,V7TR4,70,5,,,,,A
538005042,2020-08-21T02:37:12,36.99686,-76.30499,9.3,242.2,236.0,NILEDUTCH OSPREY,IMO9365829,V7AP5,70,0,182,28,11.0,71,A
368026000,2020-08-21T02:42:20,36.86575,-76.31605,0.0,270.5,2.0,BENAVIDEZ,IMO9218210,NBHG,70,5,289,32,10.9,70,A
338403000,2020-08-21T02:37:23,36.92477,-76.32968,0.0,355.2,355.0,MAERSK HARTFORD,IMO9333008,WMHA,70,5,299,40,14.5,,A
367359930,2020-08-21T02:44:03,36.82406,-76.28905,0.0,293.4,511.0,SUNNY WILLIAMS,,WDE4940,80,0,25,8,,80,A
477738200,2020-08-21T02:38:45,36.93755,-76.33697,8.9,0.3,0.0,COSCO PHILIPPINES,IMO9448762,VRGM7,70,0,334,42,14.5,72,A
366733250,2020-08-21T02:39:21,37.19008,-76.11247,5.2,85.4,511.0,ATLANTIC SURVEYOR,,WTR5417,70,15,31,7,,,A
367932000,2020-08-21T02:42:07,36.94917,-76.32966,0.0,107.0,279.0,JOHN LENTHALL,IMO8325547,NJLN,80,5,193,29,,,A
215677000,2020-08-21T02:37:53,36.96292,-76.42418,0.0,147.3,39.0,RIZE,IMO9584035,9HA2781,70,5,229,32,14.5,,A
215677000,2020-08-21T02:43:52,36.96293,-76.42421,0.0,147.3,39.0,RIZE,IMO9584035,9HA2781,70,5,229,32,14.5,,A
538005042,2020-08-21T02:38:21,36.99533,-76.30819,9.1,235.9,229.0,NILEDUTCH OSPREY,IMO9365829,V7AP5,70,0,182,28,11.0,71,A
367359930,2020-08-21T02:39:41,36.82406,-76.28905,0.0,257.5,511.0,SUNNY WILLIAMS,,WDE4940,80,0,25,8,,80,A
477738200,2020-08-21T02:37:24,36.93425,-76.33705,9.1,3.3,1.0,COSCO PHILIPPINES,IMO9448762,VRGM7,70,0,334,42,14.5,72,A
367861000,2020-08-21T02:39:00,36.94638,-76.32979,0.0,0.0,265.0,LARAMIE,IMO8906626,NLAR,80,5,193,29,,,A
538006982,2020-08-21T02:38:16,36.96256,-76.42364,0.0,350.7,40.0,ANTE TOPIC,IMO9737072,V7TR4,70,5,,,,,A
338403000,2020-08-21T02:43:25,36.92477,-76.32970,0.0,121.6,355.0,MAERSK HARTFORD,IMO9333008,WMHA,70,5,299,40,14.5,,A
369390000,2020-08-21T02:39:06,36.87093,-76.34819,0.0,174.0,347.0,SAFMARINE MAFADI,IMO9314210,KRIJ,70,5,292,32,11.8,70,A
538005042,2020-08-21T02:43:52,36.98727,-76.32115,7.7,225.1,220.0,NILEDUTCH OSPREY,IMO9365829,V7AP5,70,0,182,28,11.0,71,A
477196100,2020-08-21T02:42:57,37.19794,-76.13502,0.0,69.1,162.0,DARYA MA,IMO9591674,VRJH5,70,1,229,32,14.5,,A
367834000,2020-08-21T02:46:08,37.18071,-76.15436,18.0,354.6,359.0,USNS GORDON,IMO7234430,NAKL,70,0,290,32,11.3,,A
538002652,2020-08-21T02:36:52,36.87945,-76.32637,0.0,45.0,276.0,NAIAS,IMO9330800,V7KN8,70,5,225,32,14.0,70,A
538002652,2020-08-21T02:39:52,36.87948,-76.32645,0.0,45.0,276.0,NAIAS,IMO9330800,V7KN8,70,5,225,32,14.0,70,A
538005042,2020-08-21T02:39:32,36.99361,-76.31122,9.2,234.5,229.0,NILEDUTCH OSPREY,IMO9365829,V7AP5,70,0,182,28,11.0,71,A
477738200,2020-08-21T02:46:45,36.95741,-76.33526,10.6,4.7,4.0,COSCO PHILIPPINES,IMO9448762,VRGM7,70,0,334,42,14.5,72,A
367932000,2020-08-21T02:39:08,36.94918,-76.32967,0.0,107.0,279.0,JOHN LENTHALL,IMO8325547,NJLN,80,5,193,29,,,A
366839000,2020-08-21T02:40:06,36.85353,-76.31082,0.0,0.0,39.0,CAPE RISE,IMO7530808,KAFG,70,5,197,32,10.0,,A
366733250,2020-08-21T02:44:43,37.19027,-76.10328,4.8,95.5,511.0,ATLANTIC SURVEYOR,,WTR5417,70,15,31,7,,,A
366733250,2020-08-21T02:47:02,37.18993,-76.09940,4.8,95.8,511.0,ATLANTIC SURVEYOR,,WTR5417,70,15,31,7,,,A
367359930,2020-08-21T02:47:33,36.82404,-76.28906,0.0,283.8,511.0,SUNNY WILLIAMS,,WDE4940,80,0,25,8,,80,A
367834000,2020-08-21T02:47:14,37.18619,-76.15431,17.8,5.5,10.0,USNS GORDON,IMO7234430,NAKL,70,0,290,32,11.3,,A
477738200,2020-08-21T02:39:54,36.94036,-76.33695,8.7,2.0,4.0,COSCO PHILIPPINES,IMO9448762,VRGM7,70,0,334,42,14.5,72,A
477196100,2020-08-21T02:45:55,37.19792,-76.13499,0.0,69.1,163.0,DARYA MA,IMO9591674,VRJH5,70,1,229,32,14.5,,A
366839000,2020-08-21T02:46:06,36.85348,-76.31081,0.0,0.0,39.0,CAPE RISE,IMO7530808,KAFG,70,5,197,32,10.0,,A
538006982,2020-08-21T02:44:16,36.96256,-76.42366,0.0,350.7,40.0,ANTE TOPIC,IMO9737072,V7TR4,70,5,,,,,A
366733250,2020-08-21T02:48:31,37.18970,-76.09689,4.7,96.8,511.0,ATLANTIC SURVEYOR,,WTR5417,70,15,31,7,,,A
367822000,2020-08-21T02:44:56,36.97314,-76.43384,0.0,0.0,238.0,USNS SHUGHART,IMO7825394,NAOQ,70,5,276,32,13.0,70,A
367861000,2020-08-21T02:42:01,36.94635,-76.32977,0.0,0.0,265.0,LARAMIE,IMO8906626,NLAR,80,5,193,29,,,A
367821000,2020-08-21T02:41:38,36.97281,-76.43367,0.0,0.0,511.0,YANO,IMO7825409,NAQH,70,0,276,32,13.0,70,A
477196100,2020-08-21T02:39:57,37.19795,-76.13504,0.1,69.1,162.0,DARYA MA,IMO9591674,VRJH5,70,1,229,32,14.5,,A
477738200,2020-08-21T02:49:24,36.96581,-76.33463,11.6,2.6,11.0,COSCO PHILIPPINES,IMO9448762,VRGM7,70,0,334,42,14.5,72,A
538005042,2020-08-21T02:40:42,36.99190,-76.31418,8.8,234.5,230.0,NILEDUTCH OSPREY,IMO9365829,V7AP5,70,0,182,28,11.0,71,A
366839000,2020-08-21T02:43:10,36.85346,-76.31082,0.0,0.0,39.0,CAPE RISE,IMO7530808,KAFG,70,5,197,32,10.0,,A
538005042,2020-08-21T02:46:52,36.98293,-76.32710,7.7,227.9,225.0,NILEDUTCH OSPREY,IMO9365829,V7AP5,70,0,182,28,11.0,71,A
338403000,2020-08-21T02:49:27,36.92482,-76.32969,0.0,121.6,355.0,MAERSK HARTFORD,IMO9333008,WMHA,70,5,299,40,14.5,,A
538002652,2020-08-21T02:45:53,36.87950,-76.32633,0.0,45.0,276.0,NAIAS,IMO9330800,V7KN8,70,5,225,32,14.0,70,A
366733250,2020-08-21T02:43:32,37.19045,-76.10524,4.6,99.0,511.0,ATLANTIC SURVEYOR,,WTR5417,70,15,31,7,,,A
215677000,2020-08-21T02:49:54,36.96289,-76.42421,0.0,147.3,39.0,RIZE,IMO9584035,9HA2781,70,5,229,32,14.5,,A
367821000,2020-08-21T02:48:48,36.97282,-76.43367,0.0,0.0,511.0,YANO,IMO7825409,NAQH,70,0,276,32,13.0,70,A
369390000,2020-08-21T02:45:05,36.87100,-76.34817,0.0,224.0,347.0,SAFMARINE MAFADI,IMO9314210,KRIJ,70,5,292,32,11.8,70,A
367834000,2020-08-21T02:44:32,37.17273,-76.15323,18.0,353.1,356.0,USNS GORDON,IMO7234430,NAKL,70,0,290,32,11.3,,A
538002652,2020-08-21T02:42:52,36.87950,-76.32647,0.0,45.0,276.0,NAIAS,IMO9330800,V7KN8,70,5,225,32,14.0,70,A
477196100,2020-08-21T02:48:59,37.19798,-76.13498,0.0,69.1,165.0,DARYA MA,IMO9591674,VRJH5,70,1,229,32,14.5,,A
477738200,2020-08-21T02:43:45,36.94928,-76.33608,8.4,5.1,4.0,COSCO PHILIPPINES,IMO9448762,VRGM7,70,0,334,42,14.5,72,A
367861000,2020-08-21T02:48:01,36.94640,-76.32973,0.0,0.0,265.0,LARAMIE,IMO8906626,NLAR,80,5,193,29,,,A
367821000,2020-08-21T02:44:58,36.97282,-76.43367,0.0,0.0,511.0,YANO,IMO7825409,NAQH,70,0,276,32,13.0,70,A
215677000,2020-08-21T02:46:50,36.96291,-76.42421,0.1,147.3,39.0,RIZE,IMO9584035,9HA2781,70,5,229,32,14.5,,A
477738200,2020-08-21T02:45:35,36.95410,-76.33560,9.9,4.6,5.0,COSCO PHILIPPINES,IMO9448762,VRGM7,70,0,334,42,14.5,72,A
477738200,2020-08-21T02:50:54,36.97047,-76.33316,11.4,21.4,29.0,COSCO PHILIPPINES,IMO9448762,VRGM7,70,0,334,42,14.5,72,A
367834000,2020-08-21T02:50:08,37.19982,-76.14979,17.4,19.0,22.0,USNS GORDON,IMO7234430,NAKL,70,0,290,32,11.3,,A
366733250,2020-08-21T02:49:41,37.18954,-76.09497,4.9,96.2,511.0,ATLANTIC SURVEYOR,,WTR5417,70,15,31,7,,,A
366839000,2020-08-21T02:49:06,36.85349,-76.31084,0.0,0.0,39.0,CAPE RISE,IMO7530808,KAFG,70,5,197,32,10.0,,A
538002652,2020-08-21T02:48:53,36.87942,-76.32653,0.0,45.0,276.0,NAIAS,IMO9330800,V7KN8,70,5,225,32,14.0,70,A
366733250,2020-08-21T02:52:01,37.18921,-76.09106,4.8,96.1,511.0,ATLANTIC SURVEYOR,,WTR5417,70,15,31,7,,,A
538005042,2020-08-21T02:45:41,36.98462,-76.32471,7.6,229.7,226.0,NILEDUTCH OSPREY,IMO9365829,V7AP5,70,0,182,28,11.0,71,A
338403000,2020-08-21T02:46:28,36.92481,-76.32968,0.0,355.2,355.0,MAERSK HARTFORD,IMO9333008,WMHA,70,5,299,40,14.5,,A
367359930,2020-08-21T02:45:51,36.82405,-76.28906,0.0,291.4,511.0,SUNNY WILLIAMS,,WDE4940,80,0,25,8,,80,A
368026000,2020-08-21T02:45:21,36.86578,-76.31603,0.0,270.5,2.0,BENAVIDEZ,IMO9218210,NBHG,70,5,289,32,10.9,70,A
538006982,2020-08-21T02:50:16,36.96257,-76.42364,0.0,350.7,40.0,ANTE TOPIC,IMO9737072,V7TR4,70,5,,,,,A
367834000,2020-08-21T02:48:16,37.19120,-76.15321,17.5,15.3,20.0,USNS GORDON,IMO7234430,NAKL,70,0,290,32,11.3,,A
367821000,2020-08-21T02:47:07,36.97282,-76.43367,0.0,0.0,511.0,YANO,IMO7825409,NAQH,70,0,276,32,13.0,70,A
367359930,2020-08-21T02:49:02,36.82407,-76.28906,0.0,271.0,511.0,SUNNY WILLIAMS,,WDE4940,80,0,25,8,,80,A
367932000,2020-08-21T02:45:08,36.94917,-76.32964,0.0,107.0,279.0,JOHN LENTHALL,IMO8325547,NJLN,80,5,193,29,,,A
366733250,2020-08-21T02:55:11,37.18882,-76.08575,4.8,94.8,511.0,ATLANTIC SURVEYOR,,WTR5417,70,15,31,7,,,A
367834000,2020-08-21T02:53:26,37.21491,-76.14349,17.2,18.2,22.0,USNS GORDON,IMO7234430,NAKL,70,0,290,32,11.3,,A
538005042,2020-08-21T02:51:52,36.97435,-76.33630,8.5,205.3,190.0,NILEDUTCH OSPREY,IMO9365829,V7AP5,70,0,182,28,11.0,71,A
538006982,2020-08-21T02:47:16,36.96258,-76.42363,0.0,350.7,40.0,ANTE TOPIC,IMO9737072,V7TR4,70,5,,,,,A
367932000,2020-08-21T02:48:08,36.94916,-76.32966,0.0,107.0,279.0,JOHN LENTHALL,IMO8325547,NJLN,80,5,193,29,,,A
538005042,2020-08-21T02:53:01,36.97183,-76.33698,8.2,184.0,177.0,NILEDUTCH OSPREY,IMO9365829,V7AP5,70,0,182,28,11.0,71,A
215677000,2020-08-21T02:52:51,36.96290,-76.42421,0.0,147.3,39.0,RIZE,IMO9584035,9HA2781,70,5,229,32,14.5,,A
367822000,2020-08-21T02:56:56,36.97313,-76.43383,0.0,0.0,238.0,USNS SHUGHART,IMO7825394,NAOQ,70,5,276,32,13.0,70,A
538005042,2020-08-21T02:48:02,36.98127,-76.32941,7.8,226.1,221.0,NILEDUTCH OSPREY,IMO9365829,V7AP5,70,0,182,28,11.0,71,A
538002652,2020-08-21T02:54:53,36.87947,-76.32640,0.0,45.0,276.0,NAIAS,IMO9330800,V7KN8,70,5,225,32,14.0,70,A
538005042,2020-08-21T02:50:41,36.97676,-76.33446,8.6,217.0,209.0,NILEDUTCH OSPREY,IMO9365829,V7AP5,70,0,182,28,11.0,71,A
367821000,2020-08-21T02:50:07,36.97282,-76.43367,0.0,0.0,511.0,YANO,IMO7825409,NAQH,70,0,276,32,13.0,70,A
538006982,2020-08-21T02:53:16,36.96256,-76.42365,0.0,350.7,40.0,ANTE TOPIC,IMO9737072,V7TR4,70,5,,,,,A
367834000,2020-08-21T02:51:50,37.20760,-76.14647,17.3,17.8,21.0,USNS GORDON,IMO7234430,NAKL,70,0,290,32,11.3,,A
368026000,2020-08-21T02:48:21,36.86576,-76.31602,0.0,270.5,2.0,BENAVIDEZ,IMO9218210,NBHG,70,5,289,32,10.9,70,A
477738200,2020-08-21T02:57:03,36.98658,-76.31562,13.8,43.3,50.0,COSCO PHILIPPINES,IMO9448762,VRGM7,70,0,334,42,14.5,72,A
367861000,2020-08-21T02:51:01,36.94640,-76.32976,0.0,0.0,265.0,LARAMIE,IMO8906626,NLAR,80,5,193,29,,,A
367359930,2020-08-21T02:57:02,36.82410,-76.28903,0.0,277.6,511.0,SUNNY WILLIAMS,,WDE4940,80,0,25,8,,80,A
367822000,2020-08-21T02:47:56,36.97313,-76.43384,0.0,0.0,238.0,USNS SHUGHART,IMO7825394,NAOQ,70,5,276,32,13.0,70,A
477196100,2020-08-21T02:54:57,37.19797,-76.13513,0.1,69.1,165.0,DARYA MA,IMO9591674,VRJH5,70,1,229,32,14.5,,A
367359930,2020-08-21T02:58:22,36.82407,-76.28904,0.0,264.4,511.0,SUNNY WILLIAMS,,WDE4940,80,0,25,8,,80,A
367932000,2020-08-21T02:51:08,36.94917,-76.32965,0.0,107.0,279.0,JOHN LENTHALL,IMO8325547,NJLN,80,5,193,29,,,A
367821000,2020-08-21T02:54:48,36.97283,-76.43366,0.0,0.0,511.0,YANO,IMO7825409,NAQH,70,0,276,32,13.0,70,A
367359930,2020-08-21T02:51:02,36.82406,-76.28905,0.0,266.9,511.0,SUNNY WILLIAMS,,WDE4940,80,0,25,8,,80,A
366839000,2020-08-21T02:52:09,36.85349,-76.31082,0.0,0.0,39.0,CAPE RISE,IMO7530808,KAFG,70,5,197,32,10.0,,A
369390000,2020-08-21T02:59:13,36.87083,-76.34817,0.0,7.0,347.0,SAFMARINE MAFADI,IMO9314210,KRIJ,70,0,292,32,11.8,70,A
367861000,2020-08-21T02:54:01,36.94639,-76.32981,0.0,0.0,265.0,LARAMIE,IMO8906626,NLAR,80,5,193,29,,,A
367834000,2020-08-21T02:55:50,37.22586,-76.13916,17.2,16.2,19.0,USNS GORDON,IMO7234430,NAKL,70,0,290,32,11.3,,A
367834000,2020-08-21T02:57:08,37.23183,-76.13697,17.2,17.1,20.0,USNS GORDON,IMO7234430,NAKL,70,0,290,32,11.3,,A
366733250,2020-08-21T02:53:31,37.18901,-76.08855,4.8,94.8,511.0,ATLANTIC SURVEYOR,,WTR5417,70,15,31,7,,,A
477738200,2020-08-21T02:54:03,36.97849,-76.32537,12.4,45.2,45.0,COSCO PHILIPPINES,IMO9448762,VRGM7,70,0,334,42,14.5,72,A
368026000,2020-08-21T02:51:21,36.86576,-76.31605,0.0,270.5,2.0,BENAVIDEZ,IMO9218210,NBHG,70,5,289,32,10.9,70,A
538002652,2020-08-21T02:51:52,36.87945,-76.32648,0.0,45.0,276.0,NAIAS,IMO9330800,V7KN8,70,5,225,32,14.0,70,A
369390000,2020-08-21T03:00:03,36.87083,-76.34817,0.0,266.0,347.0,SAFMARINE MAFADI,IMO9314210,KRIJ,70,0,292,32,11.8,70,A
367822000,2020-08-21T02:59:56,36.97313,-76.43383,0.0,0.0,238.0,USNS SHUGHART,IMO7825394,NAOQ,70,5,276,32,13.0,70,A
366733250,2020-08-21T02:57:32,37.18854,-76.08182,4.7,95.6,511.0,ATLANTIC SURVEYOR,,WTR5417,70,15,31,7,,,A
366733250,2020-08-21T02:59:41,37.18833,-76.07820,4.8,94.3,511.0,ATLANTIC SURVEYOR,,WTR5417,70,15,31,7,,,A
367834000,2020-08-21T02:59:57,37.24467,-76.13201,17.3,17.3,20.0,USNS GORDON,IMO7234430,NAKL,70,0,290,32,11.3,,A
367834000,2020-08-21T02:58:50,37.23962,-76.13397,17.2,17.2,20.0,USNS GORDON,IMO7234430,NAKL,70,0,290,32,11.3,,A
338403000,2020-08-21T02:58:28,36.92486,-76.32970,0.0,355.2,355.0,MAERSK HARTFORD,IMO9333008,WMHA,70,5,299,40,14.5,,A
538002652,2020-08-21T02:57:51,36.87940,-76.32650,0.0,45.0,276.0,NAIAS,IMO9330800,V7KN8,70,5,225,32,14.0,70,A
367821000,2020-08-21T02:58:57,36.97286,-76.43365,0.0,0.0,511.0,YANO,IMO7825409,NAQH,70,0,276,32,13.0,70,A
215677000,2020-08-21T02:55:54,36.96290,-76.42419,0.0,147.3,39.0,RIZE,IMO9584035,9HA2781,70,5,229,32,14.5,,A
367359930,2020-08-21T02:52:12,36.82405,-76.28905,0.0,271.0,511.0,SUNNY WILLIAMS,,WDE4940,80,0,25,8,,80,A
367359930,2020-08-21T02:54:22,36.82404,-76.28905,0.0,282.1,511.0,SUNNY WILLIAMS,,WDE4940,80,0,25,8,,80,A
538005042,2020-08-21T02:55:21,36.96633,-76.33707,8.7,178.3,177.0,NILEDUTCH OSPREY,IMO9365829,V7AP5,70,0,182,28,11.0,71,A
367932000,2020-08-21T02:57:08,36.94914,-76.32954,0.0,107.0,279.0,JOHN LENTHALL,IMO8325547,NJLN,80,5,193,29,,,A
367932000,2020-08-21T02:54:08,36.94915,-76.32958,0.0,107.0,279.0,JOHN LENTHALL,IMO8325547,NJLN,80,5,193,29,,,A
477738200,2020-08-21T03:02:13,36.99768,-76.29492,14.1,57.6,58.0,COSCO PHILIPPINES,IMO9448762,VRGM7,70,0,334,42,14.5,72,A
338403000,2020-08-21T02:55:22,36.92481,-76.32971,0.0,121.6,355.0,MAERSK HARTFORD,IMO9333008,WMHA,70,5,299,40,14.5,,A
538005042,2020-08-21T02:57:41,36.96091,-76.33706,8.0,180.4,179.0,NILEDUTCH OSPREY,IMO9365829,V7AP5,70,0,182,28,11.0,71,A
538006982,2020-08-21T02:56:16,36.96257,-76.42365,0.0,350.7,40.0,ANTE TOPIC,IMO9737072,V7TR4,70,5,,,,,A
477738200,2020-08-21T02:58:34,36.99036,-76.30927,13.7,57.1,58.0,COSCO PHILIPPINES,IMO9448762,VRGM7,70,0,334,42,14.5,72,A
367861000,2020-08-21T03:03:00,36.94641,-76.32980,0.0,0.0,265.0,LARAMIE,IMO8906626,NLAR,80,5,193,29,,,A
367834000,2020-08-21T03:03:15,37.25992,-76.12605,17.4,16.7,19.0,USNS GORDON,IMO7234430,NAKL,70,0,290,32,11.3,,A
367861000,2020-08-21T03:00:00,36.94635,-76.32983,0.0,0.0,265.0,LARAMIE,IMO8906626,NLAR,80,5,193,29,,,A
367359930,2020-08-21T02:59:33,36.82407,-76.28906,0.0,250.4,511.0,SUNNY WILLIAMS,,WDE4940,80,0,25,8,,80,A
369390000,2020-08-21T02:57:05,36.87083,-76.34817,0.0,21.0,347.0,SAFMARINE MAFADI,IMO9314210,KRIJ,70,5,292,32,11.8,70,A
369390000,2020-08-21T02:54:06,36.87090,-76.34816,0.0,45.0,347.0,SAFMARINE MAFADI,IMO9314210,KRIJ,70,5,292,32,11.8,70,A
368026000,2020-08-21T02:57:21,36.86577,-76.31603,0.0,270.5,2.0,BENAVIDEZ,IMO9218210,NBHG,70,5,289,32,10.9,70,A
366839000,2020-08-21T02:58:10,36.85349,-76.31089,0.0,0.0,39.0,CAPE RISE,IMO7530808,KAFG,70,5,197,32,10.0,,A
366839000,2020-08-21T03:04:08,36.85348,-76.31084,0.0,0.0,39.0,CAPE RISE,IMO7530808,KAFG,70,5,197,32,10.0,,A
367834000,2020-08-21T03:01:08,37.25021,-76.12985,17.4,17.7,20.0,USNS GORDON,IMO7234430,NAKL,70,0,290,32,11.3,,A
538005042,2020-08-21T02:59:52,36.95637,-76.33703,7.2,180.0,180.0,NILEDUTCH OSPREY,IMO9365829,V7AP5,70,0,182,28,11.0,71,A
477196100,2020-08-21T02:57:56,37.19793,-76.13517,0.0,69.1,163.0,DARYA MA,IMO9591674,VRJH5,70,1,229,32,14.5,,A
367821000,2020-08-21T02:56:37,36.97283,-76.43366,0.0,0.0,511.0,YANO,IMO7825409,NAQH,70,0,276,32,13.0,70,A
367834000,2020-08-21T03:04:20,37.26499,-76.12418,17.5,16.8,19.0,USNS GORDON,IMO7234430,NAKL,70,0,290,32,11.3,,A
366733250,2020-08-21T03:01:41,37.18812,-76.07485,4.8,93.2,511.0,ATLANTIC SURVEYOR,,WTR5417,70,15,31,7,,,A
367821000,2020-08-21T03:00:07,36.97285,-76.43365,0.0,0.0,511.0,YANO,IMO7825409,NAQH,70,0,276,32,13.0,70,A
367821000,2020-08-21T03:01:18,36.97285,-76.43366,0.0,0.0,511.0,YANO,IMO7825409,NAQH,70,0,276,32,13.0,70,A
368026000,2020-08-21T03:00:21,36.86577,-76.31605,0.0,270.5,2.0,BENAVIDEZ,IMO9218210,NBHG,70,5,289,32,10.9,70,A
477738200,2020-08-21T03:00:03,36.99315,-76.30380,13.9,57.2,58.0,COSCO PHILIPPINES,IMO9448762,VRGM7,70,0,334,42,14.5,72,A
538005042,2020-08-21T02:56:31,36.96360,-76.33707,8.3,180.7,178.0,NILEDUTCH OSPREY,IMO9365829,V7AP5,70,0,182,28,11.0,71,A
369390000,2020-08-21T03:01:13,36.87083,-76.34817,0.0,1.0,347.0,SAFMARINE MAFADI,IMO9314210,KRIJ,70,0,292,32,11.8,70,A
367359930,2020-08-21T03:01:23,36.82407,-76.28906,0.0,223.7,511.0,SUNNY WILLIAMS,,WDE4940,80,0,25,8,,80,A
477738200,2020-08-21T03:01:06,36.99534,-76.29954,14.0,57.6,58.0,COSCO PHILIPPINES,IMO9448762,VRGM7,70,0,334,42,14.5,72,A
367822000,2020-08-21T03:02:55,36.97313,-76.43380,0.0,0.0,238.0,USNS SHUGHART,IMO7825394,NAOQ,70,5,276,32,13.0,70,A
215677000,2020-08-21T03:01:55,36.96291,-76.42419,0.1,147.3,39.0,RIZE,IMO9584035,9HA2781,70,5,229,32,14.5,,A
538002652,2020-08-21T03:00:53,36.87943,-76.32652,0.0,45.0,276.0,NAIAS,IMO9330800,V7KN8,70,5,225,32,14.0,70,A
538005042,2020-08-21T03:02:12,36.95182,-76.33705,6.7,182.0,182.0,NILEDUTCH OSPREY,IMO9365829,V7AP5,70,0,182,28,11.0,71,A
367359930,2020-08-21T03:02:33,36.82407,-76.28905,0.0,216.4,511.0,SUNNY WILLIAMS,,WDE4940,80,0,25,8,,80,A
477738200,2020-08-21T02:59:44,36.99258,-76.30490,13.9,57.3,58.0,COSCO PHILIPPINES,IMO9448762,VRGM7,70,0,334,42,14.5,72,A
369390000,2020-08-21T03:03:33,36.87083,-76.34817,0.0,7.0,347.0,SAFMARINE MAFADI,IMO9314210,KRIJ,70,0,292,32,11.8,70,A
538005042,2020-08-21T02:58:51,36.95841,-76.33707,7.5,178.7,178.0,NILEDUTCH OSPREY,IMO9365829,V7AP5,70,0,182,28,11.0,71,A
367834000,2020-08-21T03:00:02,37.24505,-76.13185,17.3,17.3,20.0,USNS GORDON,IMO7234430,NAKL,70,0,290,32,11.3,,A
367821000,2020-08-21T03:02:37,36.97285,-76.43365,0.0,0.0,511.0,YANO,IMO7825409,NAQH,70,0,276,32,13.0,70,A
368026000,2020-08-21T03:06:21,36.86579,-76.31603,0.0,270.5,2.0,BENAVIDEZ,IMO9218210,NBHG,70,5,289,32,10.9,70,A
366733250,2020-08-21T03:04:02,37.18777,-76.07097,4.7,98.1,511.0,ATLANTIC SURVEYOR,,WTR5417,70,15,31,7,,,A
338403000,2020-08-21T03:04:23,36.92482,-76.32970,0.0,355.2,355.0,MAERSK HARTFORD,IMO9333008,WMHA,70,5,299,40,14.5,,A
538005042,2020-08-21T03:06:51,36.94384,-76.33725,5.4,182.0,183.0,NILEDUTCH OSPREY,IMO9365829,V7AP5,70,0,182,28,11.0,71,A
367359930,2020-08-21T03:07:13,36.82405,-76.28902,0.0,223.4,511.0,SUNNY WILLIAMS,,WDE4940,80,0,25,8,,80,A
538005042,2020-08-21T03:05:42,36.94563,-76.33734,5.7,177.0,175.0,NILEDUTCH OSPREY,IMO9365829,V7AP5,70,0,182,28,11.0,71,A
366733250,2020-08-21T03:05:12,37.18764,-76.06901,4.8,93.1,511.0,ATLANTIC SURVEYOR,,WTR5417,70,15,31,7,,,A
367821000,2020-08-21T03:04:58,36.97286,-76.43365,0.0,0.0,511.0,YANO,IMO7825409,NAQH,70,0,276,32,13.0,70,A
538006982,2020-08-21T03:05:16,36.96254,-76.42365,0.0,350.7,40.0,ANTE TOPIC,IMO9737072,V7TR4,70,5,,,,,A
367834000,2020-08-21T03:05:26,37.27020,-76.12233,17.4,16.2,21.0,USNS GORDON,IMO7234430,NAKL,70,0,290,32,11.3,,A
367359930,2020-08-21T03:03:42,36.82406,-76.28902,0.0,217.6,511.0,SUNNY WILLIAMS,,WDE4940,80,0,25,8,,80,A
367359930,2020-08-21T03:00:13,36.82408,-76.28905,0.0,243.0,511.0,SUNNY WILLIAMS,,WDE4940,80,0,25,8,,80,A
477196100,2020-08-21T03:03:55,37.19798,-76.13502,0.1,69.1,161.0,DARYA MA,IMO9591674,VRJH5,70,1,229,32,14.5,,A
367932000,2020-08-21T03:00:08,36.94912,-76.32967,0.0,107.0,279.0,JOHN LENTHALL,IMO8325547,NJLN,80,5,193,29,,,A
538005042,2020-08-21T03:01:02,36.95404,-76.33705,7.0,180.6,179.0,NILEDUTCH OSPREY,IMO9365829,V7AP5,70,0,182,28,11.0,71,A
338403000,2020-08-21T03:01:23,36.92479,-76.32971,0.0,355.2,355.0,MAERSK HARTFORD,IMO9333008,WMHA,70,5,299,40,14.5,,A
538005042,2020-08-21T03:04:32,36.94756,-76.33738,6.2,181.6,177.0,NILEDUTCH OSPREY,IMO9365829,V7AP5,70,0,182,28,11.0,71,A
369390000,2020-08-21T03:06:12,36.87090,-76.34817,0.0,48.0,347.0,SAFMARINE MAFADI,IMO9314210,KRIJ,70,0,292,32,11.8,70,A
367861000,2020-08-21T03:05:59,36.94637,-76.32981,0.0,0.0,265.0,LARAMIE,IMO8906626,NLAR,80,5,193,29,,,A
366733250,2020-08-21T03:06:21,37.18753,-76.06709,4.6,95.4,511.0,ATLANTIC SURVEYOR,,WTR5417,70,15,31,7,,,A
215677000,2020-08-21T03:04:56,36.96291,-76.42420,0.0,147.3,39.0,RIZE,IMO9584035,9HA2781,70,5,229,32,14.5,,A
477738200,2020-08-21T03:06:36,37.00429,-76.27522,14.2,76.1,76.0,COSCO PHILIPPINES,IMO9448762,VRGM7,70,0,334,42,14.5,72,A
367834000,2020-08-21T03:06:44,37.27625,-76.12008,17.4,16.2,21.0,USNS GORDON,IMO7234430,NAKL,70,0,290,32,11.3,,A
477196100,2020-08-21T03:00:55,37.19795,-76.13510,0.1,69.1,162.0,DARYA MA,IMO9591674,VRJH5,70,1,229,32,14.5,,A
366733250,2020-08-21T03:02:51,37.18795,-76.07293,4.7,95.2,511.0,ATLANTIC SURVEYOR,,WTR5417,70,15,31,7,,,A
369390000,2020-08-21T03:02:23,36.87083,-76.34817,0.0,14.0,347.0,SAFMARINE MAFADI,IMO9314210,KRIJ,70,0,292,32,11.8,70,A
477738200,2020-08-21T03:05:30,37.00340,-76.27973,14.1,75.0,76.0,COSCO PHILIPPINES,IMO9448762,VRGM7,70,0,334,42,14.5,72,A
477196100,2020-08-21T03:06:54,37.19796,-76.13491,0.1,69.1,163.0,DARYA MA,IMO9591674,VRJH5,70,1,229,32,14.5,,A
538002652,2020-08-21T03:06:52,36.87938,-76.32645,0.0,21.0,276.0,NAIAS,IMO9330800,V7KN8,70,5,225,32,14.0,70,A
367932000,2020-08-21T03:03:08,36.94909,-76.32985,0.0,107.0,279.0,JOHN LENTHALL,IMO8325547,NJLN,80,5,193,29,,,A
367834000,2020-08-21T03:07:50,37.28133,-76.11806,17.4,17.5,21.0,USNS GORDON,IMO7234430,NAKL,70,0,290,32,11.3,,A
538006982,2020-08-21T03:02:16,36.96256,-76.42366,0.0,350.7,40.0,ANTE TOPIC,IMO9737072,V7TR4,70,5,,,,,A
477738200,2020-08-21T03:03:19,37.00001,-76.29043,14.2,57.0,62.0,COSCO PHILIPPINES,IMO9448762,VRGM7,70,0,334,42,14.5,72,A
366733250,2020-08-21T03:07:32,37.18741,-76.06513,4.7,94.2,511.0,ATLANTIC SURVEYOR,,WTR5417,70,15,31,7,,,A
538002652,2020-08-21T03:03:52,36.87943,-76.32643,0.0,21.0,276.0,NAIAS,IMO9330800,V7KN8,70,5,225,32,14.0,70,A
477738200,2020-08-21T03:04:25,37.00213,-76.28516,14.1,66.7,73.0,COSCO PHILIPPINES,IMO9448762,VRGM7,70,0,334,42,14.5,72,A
538006982,2020-08-21T03:08:16,36.96257,-76.42364,0.0,350.7,40.0,ANTE TOPIC,IMO9737072,V7TR4,70,5,,,,,A
367821000,2020-08-21T03:08:28,36.97285,-76.43365,0.0,0.0,511.0,YANO,IMO7825409,NAQH,70,0,276,32,13.0,70,A
215677000,2020-08-21T03:07:49,36.96291,-76.42418,0.0,147.3,39.0,RIZE,IMO9584035,9HA2781,70,5,229,32,14.5,,A
538002652,2020-08-21T03:12:52,36.87943,-76.32643,0.0,21.0,276.0,NAIAS,IMO9330800,V7KN8,70,5,225,32,14.0,70,A
369390000,2020-08-21T03:08:42,36.87090,-76.34818,0.0,17.0,347.0,SAFMARINE MAFADI,IMO9314210,KRIJ,70,0,292,32,11.8,70,A
369390000,2020-08-21T03:04:43,36.87090,-76.34816,0.0,24.0,347.0,SAFMARINE MAFADI,IMO9314210,KRIJ,70,0,292,32,11.8,70,A
367359930,2020-08-21T03:08:23,36.82406,-76.28904,0.0,221.1,511.0,SUNNY WILLIAMS,,WDE4940,80,0,25,8,,80,A
367359930,2020-08-21T03:04:52,36.82406,-76.28905,0.0,220.0,511.0,SUNNY WILLIAMS,,WDE4940,80,0,25,8,,80,A
538005042,2020-08-21T03:03:21,36.94968,-76.33719,6.6,182.8,182.0,NILEDUTCH OSPREY,IMO9365829,V7AP5,70,0,182,28,11.0,71,A
366839000,2020-08-21T03:10:08,36.85350,-76.31082,0.0,0.0,39.0,CAPE RISE,IMO7530808,KAFG,70,5,197,32,10.0,,A
367821000,2020-08-21T03:06:08,36.97286,-76.43365,0.0,0.0,511.0,YANO,IMO7825409,NAQH,70,0,276,32,13.0,70,A
367821000,2020-08-21T03:10:47,36.97285,-76.43365,0.0,0.0,511.0,YANO,IMO7825409,NAQH,70,0,276,32,13.0,70,A
367932000,2020-08-21T03:12:08,36.94919,-76.32968,0.0,107.0,279.0,JOHN LENTHALL,IMO8325547,NJLN,80,5,193,29,,,A
367822000,2020-08-21T03:05:55,36.97312,-76.43382,0.0,0.0,238.0,USNS SHUGHART,IMO7825394,NAOQ,70,5,276,32,13.0,70,A
367821000,2020-08-21T03:09:38,36.97285,-76.43365,0.0,0.0,511.0,YANO,IMO7825409,NAQH,70,0,276,32,13.0,70,A
477196100,2020-08-21T03:09:57,37.19792,-76.13482,0.1,69.1,164.0,DARYA MA,IMO9591674,VRJH5,70,1,229,32,14.5,,A
367822000,2020-08-21T03:11:55,36.97313,-76.43384,0.0,0.0,238.0,USNS SHUGHART,IMO7825394,NAOQ,70,5,276,32,13.0,70,A
367821000,2020-08-21T03:13:07,36.97285,-76.43366,0.0,0.0,511.0,YANO,IMO7825409,NAQH,70,0,276,32,13.0,70,A
367932000,2020-08-21T03:06:08,36.94914,-76.32965,0.0,107.0,279.0,JOHN LENTHALL,IMO8325547,NJLN,80,5,193,29,,,A
338403000,2020-08-21T03:13:26,36.92480,-76.32969,0.0,355.2,355.0,MAERSK HARTFORD,IMO9333008,WMHA,70,5,299,40,14.5,,A
367359930,2020-08-21T03:09:43,36.82404,-76.28907,0.0,227.0,511.0,SUNNY WILLIAMS,,WDE4940,80,0,25,8,,80,A
366839000,2020-08-21T03:13:11,36.85346,-76.31083,0.0,0.0,39.0,CAPE RISE,IMO7530808,KAFG,70,5,197,32,10.0,,A
367834000,2020-08-21T03:10:03,37.29160,-76.11396,17.7,18.1,24.0,USNS GORDON,IMO7234430,NAKL,70,0,290,32,11.3,,A
367821000,2020-08-21T03:07:18,36.97285,-76.43365,0.0,0.0,511.0,YANO,IMO7825409,NAQH,70,0,276,32,13.0,70,A
538005042,2020-08-21T03:14:11,36.93396,-76.33801,4.3,180.6,178.0,NILEDUTCH OSPREY,IMO9365829,V7AP5,70,0,182,28,11.0,71,A
366839000,2020-08-21T03:07:09,36.85349,-76.31085,0.0,0.0,39.0,CAPE RISE,IMO7530808,KAFG,70,5,197,32,10.0,,A
338403000,2020-08-21T03:07:23,36.92479,-76.32971,0.0,121.6,355.0,MAERSK HARTFORD,IMO9333008,WMHA,70,5,299,40,14.5,,A
367861000,2020-08-21T03:15:00,36.94638,-76.32976,0.0,0.0,265.0,LARAMIE,IMO8906626,NLAR,80,5,193,29,,,A
367834000,2020-08-21T03:12:14,37.30124,-76.10807,17.7,29.4,33.0,USNS GORDON,IMO7234430,NAKL,70,0,290,32,11.3,,A
367861000,2020-08-21T03:08:59,36.94640,-76.32985,0.0,0.0,265.0,LARAMIE,IMO8906626,NLAR,80,5,193,29,,,A
477738200,2020-08-21T03:07:42,37.00538,-76.26987,14.3,75.7,76.0,COSCO PHILIPPINES,IMO9448762,VRGM7,70,0,334,42,14.5,72,A
369390000,2020-08-21T03:13:32,36.87097,-76.34811,0.2,43.0,349.0,SAFMARINE MAFADI,IMO9314210,KRIJ,70,0,292,32,11.8,70,A
538006982,2020-08-21T03:14:16,36.96254,-76.42365,0.0,221.1,40.0,ANTE TOPIC,IMO9737072,V7TR4,70,5,,,,,A
215677000,2020-08-21T03:13:54,36.96290,-76.42420,0.0,147.3,39.0,RIZE,IMO9584035,9HA2781,70,5,229,32,14.5,,A
367834000,2020-08-21T03:08:56,37.28644,-76.11603,17.5,17.2,21.0,USNS GORDON,IMO7234430,NAKL,70,0,290,32,11.3,,A
538005042,2020-08-21T03:13:01,36.93538,-76.33798,4.5,181.8,178.0,NILEDUTCH OSPREY,IMO9365829,V7AP5,70,0,182,28,11.0,71,A
538005042,2020-08-21T03:08:02,36.94212,-76.33742,5.2,185.2,183.0,NILEDUTCH OSPREY,IMO9365829,V7AP5,70,0,182,28,11.0,71,A
367359930,2020-08-21T03:13:23,36.82406,-76.28908,0.0,241.0,511.0,SUNNY WILLIAMS,,WDE4940,80,0,25,8,,80,A
367834000,2020-08-21T03:17:36,37.32438,-76.09163,17.8,28.7,29.0,USNS GORDON,IMO7234430,NAKL,70,0,290,32,11.3,,A
215677000,2020-08-21T03:16:53,36.96292,-76.42418,0.0,147.3,39.0,RIZE,IMO9584035,9HA2781,70,5,229,32,14.5,,A
367932000,2020-08-21T03:09:07,36.94914,-76.32971,0.0,107.0,279.0,JOHN LENTHALL,IMO8325547,NJLN,80,5,193,29,,,A
367834000,2020-08-21T03:13:38,37.30732,-76.10379,17.7,29.5,33.0,USNS GORDON,IMO7234430,NAKL,70,0,290,32,11.3,,A
538006982,2020-08-21T03:17:16,36.96262,-76.42365,0.0,224.3,40.0,ANTE TOPIC,IMO9737072,V7TR4,70,5,,,,,A
367821000,2020-08-21T03:17:18,36.97284,-76.43366,0.0,0.0,511.0,YANO,IMO7825409,NAQH,70,0,276,32,13.0,70,A
367822000,2020-08-21T03:17:55,36.97313,-76.43384,0.0,0.0,238.0,USNS SHUGHART,IMO7825394,NAOQ,70,5,276,32,13.0,70,A
368026000,2020-08-21T03:09:20,36.86576,-76.31606,0.0,270.5,2.0,BENAVIDEZ,IMO9218210,NBHG,70,5,289,32,10.9,70,A
477738200,2020-08-21T03:19:49,36.99954,-76.21233,14.0,105.9,106.0,COSCO PHILIPPINES,IMO9448762,VRGM7,70,0,334,42,14.5,72,A
538005042,2020-08-21T03:09:11,36.94047,-76.33765,5.2,186.3,181.0,NILEDUTCH OSPREY,IMO9365829,V7AP5,70,0,182,28,11.0,71,A
538005042,2020-08-21T03:10:21,36.93885,-76.33780,4.9,183.6,179.0,NILEDUTCH OSPREY,IMO9365829,V7AP5,70,0,182,28,11.0,71,A
538002652,2020-08-21T03:18:50,36.87940,-76.32652,0.0,7.0,276.0,NAIAS,IMO9330800,V7KN8,70,5,225,32,14.0,70,A
538002652,2020-08-21T03:09:53,36.87945,-76.32638,0.0,21.0,276.0,NAIAS,IMO9330800,V7KN8,70,5,225,32,14.0,70,A
338403000,2020-08-21T03:10:25,36.92481,-76.32970,0.0,121.6,355.0,MAERSK HARTFORD,IMO9333008,WMHA,70,5,299,40,14.5,,A
338403000,2020-08-21T03:16:27,36.92482,-76.32968,0.0,121.6,355.0,MAERSK HARTFORD,IMO9333008,WMHA,70,5,299,40,14.5,,A
477196100,2020-08-21T03:15:55,37.19797,-76.13472,0.0,69.1,169.0,DARYA MA,IMO9591674,VRJH5,70,1,229,32,14.5,,A
369390000,2020-08-21T03:09:43,36.87083,-76.34817,0.0,227.0,347.0,SAFMARINE MAFADI,IMO9314210,KRIJ,70,0,292,32,11.8,70,A
477738200,2020-08-21T03:10:06,37.00709,-76.25757,14.0,87.6,90.0,COSCO PHILIPPINES,IMO9448762,VRGM7,70,0,334,42,14.5,72,A
477738200,2020-08-21T03:11:19,37.00711,-76.25162,14.0,89.9,90.0,COSCO PHILIPPINES,IMO9448762,VRGM7,70,0,334,42,14.5,72,A
367359930,2020-08-21T03:16:12,36.82407,-76.28907,0.0,251.3,511.0,SUNNY WILLIAMS,,WDE4940,80,0,25,8,,80,A
367932000,2020-08-21T03:15:07,36.94918,-76.32964,0.0,107.0,279.0,JOHN LENTHALL,IMO8325547,NJLN,80,5,193,29,,,A
367359930,2020-08-21T03:17:23,36.82405,-76.28907,0.0,238.9,511.0,SUNNY WILLIAMS,,WDE4940,80,0,25,8,,80,A
538006982,2020-08-21T03:11:16,36.96256,-76.42364,0.0,350.7,40.0,ANTE TOPIC,IMO9737072,V7TR4,70,5,,,,,A
538005042,2020-08-21T03:22:31,36.92831,-76.33368,1.3,112.4,94.0,NILEDUTCH OSPREY,IMO9365829,V7AP5,70,0,182,28,11.0,71,A
367359930,2020-08-21T03:10:52,36.82404,-76.28905,0.0,227.9,511.0,SUNNY WILLIAMS,,WDE4940,80,0,25,8,,80,A
367861000,2020-08-21T03:12:00,36.94641,-76.32975,0.0,0.0,265.0,LARAMIE,IMO8906626,NLAR,80,5,193,29,,,A
477738200,2020-08-21T03:12:42,37.00715,-76.24551,14.2,89.8,96.0,COSCO PHILIPPINES,IMO9448762,VRGM7,70,0,334,42,14.5,72,A
477738200,2020-08-21T03:22:24,36.99673,-76.20018,14.1,106.0,106.0,COSCO PHILIPPINES,IMO9448762,VRGM7,70,0,334,42,14.5,72,A
369390000,2020-08-21T03:12:12,36.87093,-76.34816,0.1,62.0,347.0,SAFMARINE MAFADI,IMO9314210,KRIJ,70,0,292,32,11.8,70,A
367359930,2020-08-21T03:12:12,36.82406,-76.28907,0.0,228.4,511.0,SUNNY WILLIAMS,,WDE4940,80,0,25,8,,80,A
538005042,2020-08-21T03:19:01,36.92952,-76.33641,3.0,129.5,116.0,NILEDUTCH OSPREY,IMO9365829,V7AP5,70,0,182,28,11.0,71,A
367821000,2020-08-21T03:11:58,36.97285,-76.43366,0.0,0.0,511.0,YANO,IMO7825409,NAQH,70,0,276,32,13.0,70,A
477738200,2020-08-21T03:18:31,37.00093,-76.21837,14.0,106.7,106.0,COSCO PHILIPPINES,IMO9448762,VRGM7,70,0,334,42,14.5,72,A
367834000,2020-08-21T03:18:38,37.32909,-76.08911,17.7,18.8,20.0,USNS GORDON,IMO7234430,NAKL,70,0,290,32,11.3,,A
369390000,2020-08-21T03:14:33,36.87098,-76.34804,0.2,52.0,349.0,SAFMARINE MAFADI,IMO9314210,KRIJ,70,0,292,32,11.8,70,A
369390000,2020-08-21T03:18:02,36.87182,-76.34756,1.7,13.0,4.0,SAFMARINE MAFADI,IMO9314210,KRIJ,70,0,292,32,11.8,70,A
477738200,2020-08-21T03:15:06,37.00487,-76.23353,13.9,109.6,109.0,COSCO PHILIPPINES,IMO9448762,VRGM7,70,0,334,42,14.5,72,A
477738200,2020-08-21T03:24:48,36.99394,-76.18894,14.2,107.8,108.0,COSCO PHILIPPINES,IMO9448762,VRGM7,70,0,334,42,14.5,72,A
367834000,2020-08-21T03:14:50,37.31249,-76.10010,17.7,29.8,33.0,USNS GORDON,IMO7234430,NAKL,70,0,290,32,11.3,,A
538005042,2020-08-21T03:15:28,36.93245,-76.33811,4.0,177.1,161.0,NILEDUTCH OSPREY,IMO9365829,V7AP5,70,0,182,28,11.0,71,A
367932000,2020-08-21T03:18:08,36.94912,-76.32959,0.0,107.0,279.0,JOHN LENTHALL,IMO8325547,NJLN,80,5,193,29,,,A
367821000,2020-08-21T03:25:17,36.97284,-76.43366,0.0,0.0,511.0,YANO,IMO7825409,NAQH,70,0,276,32,13.0,70,A
366733250,2020-08-21T03:25:12,37.20204,-76.06359,1.4,349.9,511.0,ATLANTIC SURVEYOR,,WTR5417,70,15,31,7,,,A
477738200,2020-08-21T03:13:54,37.00643,-76.23914,13.9,102.3,108.0,COSCO PHILIPPINES,IMO9448762,VRGM7,70,0,334,42,14.5,72,A
477738200,2020-08-21T03:16:13,37.00366,-76.22908,14.0,108.7,108.0,COSCO PHILIPPINES,IMO9448762,VRGM7,70,0,334,42,14.5,72,A
367822000,2020-08-21T03:23:56,36.97313,-76.43384,0.0,0.0,238.0,USNS SHUGHART,IMO7825394,NAOQ,70,5,276,32,13.0,70,A
369390000,2020-08-21T03:24:33,36.87633,-76.34467,3.7,58.0,63.0,SAFMARINE MAFADI,IMO9314210,KRIJ,70,0,292,32,11.8,70,A
367359930,2020-08-21T03:20:23,36.82405,-76.28903,0.0,228.2,511.0,SUNNY WILLIAMS,,WDE4940,80,0,25,8,,80,A
367821000,2020-08-21T03:18:28,36.97284,-76.43366,0.0,0.0,511.0,YANO,IMO7825409,NAQH,70,0,276,32,13.0,70,A
367822000,2020-08-21T03:14:56,36.97313,-76.43384,0.0,0.0,238.0,USNS SHUGHART,IMO7825394,NAOQ,70,5,276,32,13.0,70,A
367861000,2020-08-21T03:21:01,36.94638,-76.32982,0.0,0.0,265.0,LARAMIE,IMO8906626,NLAR,80,5,193,29,,,A
367834000,2020-08-21T03:19:56,37.33519,-76.08665,17.8,17.2,20.0,USNS GORDON,IMO7234430,NAKL,70,0,290,32,11.3,,A
369390000,2020-08-21T03:21:43,36.87450,-76.34717,3.0,20.0,44.0,SAFMARINE MAFADI,IMO9314210,KRIJ,70,0,292,32,11.8,70,A
367359930,2020-08-21T03:14:32,36.82406,-76.28907,0.0,249.4,511.0,SUNNY WILLIAMS,,WDE4940,80,0,25,8,,80,A
367861000,2020-08-21T03:18:01,36.94642,-76.32978,0.0,0.0,265.0,LARAMIE,IMO8906626,NLAR,80,5,193,29,,,A
366733250,2020-08-21T03:20:12,37.19958,-76.06341,2.2,358.2,511.0,ATLANTIC SURVEYOR,,WTR5417,70,15,31,7,,,A
477196100,2020-08-21T03:21:54,37.19804,-76.13473,0.0,69.1,171.0,DARYA MA,IMO9591674,VRJH5,70,1,229,32,14.5,,A
367834000,2020-08-21T03:16:02,37.31766,-76.09644,17.8,29.8,33.0,USNS GORDON,IMO7234430,NAKL,70,0,290,32,11.3,,A
367359930,2020-08-21T03:21:32,36.82406,-76.28904,0.0,232.4,511.0,SUNNY WILLIAMS,,WDE4940,80,0,25,8,,80,A
367359930,2020-08-21T03:19:02,36.82408,-76.28908,0.0,231.0,511.0,SUNNY WILLIAMS,,WDE4940,80,0,25,8,,80,A
369390000,2020-08-21T03:28:13,36.87817,-76.33983,4.6,68.0,60.0,SAFMARINE MAFADI,IMO9314210,KRIJ,70,0,292,32,11.8,70,A
368026000,2020-08-21T03:27:20,36.86575,-76.31606,0.0,270.5,2.0,BENAVIDEZ,IMO9218210,NBHG,70,5,289,32,10.9,70,A
367821000,2020-08-21T03:15:28,36.97285,-76.43366,0.0,0.0,511.0,YANO,IMO7825409,NAQH,70,0,276,32,13.0,70,A
538002652,2020-08-21T03:15:50,36.87943,-76.32643,0.0,7.0,276.0,NAIAS,IMO9330800,V7KN8,70,5,225,32,14.0,70,A
367359930,2020-08-21T03:23:02,36.82408,-76.28905,0.0,234.9,511.0,SUNNY WILLIAMS,,WDE4940,80,0,25,8,,80,A
215677000,2020-08-21T03:19:55,36.96292,-76.42419,0.0,147.3,39.0,RIZE,IMO9584035,9HA2781,70,5,229,32,14.5,,A
369390000,2020-08-21T03:23:32,36.87571,-76.34577,3.3,46.0,60.0,SAFMARINE MAFADI,IMO9314210,KRIJ,70,0,292,32,11.8,70,A
366839000,2020-08-21T03:16:09,36.85347,-76.31079,0.0,0.0,39.0,CAPE RISE,IMO7530808,KAFG,70,5,197,32,10.0,,A
477738200,2020-08-21T03:23:36,36.99523,-76.19391,14.0,107.7,108.0,COSCO PHILIPPINES,IMO9448762,VRGM7,70,0,334,42,14.5,72,A
538006982,2020-08-21T03:23:16,36.96255,-76.42367,0.0,224.3,40.0,ANTE TOPIC,IMO9737072,V7TR4,70,5,,,,,A
538005042,2020-08-21T03:17:42,36.93035,-76.33734,3.2,149.1,129.0,NILEDUTCH OSPREY,IMO9365829,V7AP5,70,0,182,28,11.0,71,A
538005042,2020-08-21T03:23:55,36.92805,-76.33321,1.3,125.3,73.0,NILEDUTCH OSPREY,IMO9365829,V7AP5,70,0,182,28,11.0,71,A
367821000,2020-08-21T03:23:37,36.97284,-76.43366,0.0,0.0,511.0,YANO,IMO7825409,NAQH,70,0,276,32,13.0,70,A
367821000,2020-08-21T03:20:58,36.97284,-76.43366,0.0,0.0,511.0,YANO,IMO7825409,NAQH,70,0,276,32,13.0,70,A
477738200,2020-08-21T03:17:18,37.00232,-76.22401,14.1,108.1,108.0,COSCO PHILIPPINES,IMO9448762,VRGM7,70,0,334,42,14.5,72,A
367359930,2020-08-21T03:24:23,36.82405,-76.28905,0.0,234.2,511.0,SUNNY WILLIAMS,,WDE4940,80,0,25,8,,80,A
367861000,2020-08-21T03:24:01,36.94630,-76.32985,0.0,0.0,265.0,LARAMIE,IMO8906626,NLAR,80,5,193,29,,,A
367821000,2020-08-21T03:29:47,36.97284,-76.43365,0.0,0.0,511.0,YANO,IMO7825409,NAQH,70,0,276,32,13.0,70,A
477738200,2020-08-21T03:26:01,36.99249,-76.18324,14.3,107.4,108.0,COSCO PHILIPPINES,IMO9448762,VRGM7,70,0,334,42,14.5,72,A
367932000,2020-08-21T03:24:09,36.94918,-76.32973,0.0,107.0,279.0,JOHN LENTHALL,IMO8325547,NJLN,80,5,193,29,,,A
369390000,2020-08-21T03:19:49,36.87300,-76.34767,2.5,358.0,20.0,SAFMARINE MAFADI,IMO9314210,KRIJ,70,0,292,32,11.8,70,A
338403000,2020-08-21T03:19:28,36.92477,-76.32970,0.0,121.6,355.0,MAERSK HARTFORD,IMO9333008,WMHA,70,5,299,40,14.5,,A
366839000,2020-08-21T03:22:08,36.85348,-76.31082,0.0,0.0,39.0,CAPE RISE,IMO7530808,KAFG,70,5,197,32,10.0,,A
368026000,2020-08-21T03:30:20,36.86576,-76.31605,0.0,270.5,2.0,BENAVIDEZ,IMO9218210,NBHG,70,5,289,32,10.9,70,A
215677000,2020-08-21T03:25:53,36.96290,-76.42420,0.0,147.3,39.0,RIZE,IMO9584035,9HA2781,70,5,229,32,14.5,,A
366733250,2020-08-21T03:23:12,37.20116,-76.06347,1.6,354.6,511.0,ATLANTIC SURVEYOR,,WTR5417,70,15,31,7,,,A
538002652,2020-08-21T03:24:50,36.87948,-76.32648,0.0,7.0,276.0,NAIAS,IMO9330800,V7KN8,70,5,225,32,14.0,70,A
538006982,2020-08-21T03:26:16,36.96256,-76.42364,0.0,224.3,40.0,ANTE TOPIC,IMO9737072,V7TR4,70,5,,,,,A
338403000,2020-08-21T03:31:25,36.92478,-76.32974,0.0,121.6,355.0,MAERSK HARTFORD,IMO9333008,WMHA,70,5,299,40,14.5,,A
538005042,2020-08-21T03:21:22,36.92858,-76.33441,2.5,116.3,105.0,NILEDUTCH OSPREY,IMO9365829,V7AP5,70,0,182,28,11.0,71,A
538002652,2020-08-21T03:27:49,36.87947,-76.32647,0.0,7.0,276.0,NAIAS,IMO9330800,V7KN8,70,5,225,32,14.0,70,A
366733250,2020-08-21T03:26:31,37.20276,-76.06351,2.8,15.7,511.0,ATLANTIC SURVEYOR,,WTR5417,70,15,31,7,,,A
367821000,2020-08-21T03:19:38,36.97284,-76.43366,0.0,0.0,511.0,YANO,IMO7825409,NAQH,70,0,276,32,13.0,70,A
538005042,2020-08-21T03:20:11,36.92900,-76.33544,2.9,117.8,110.0,NILEDUTCH OSPREY,IMO9365829,V7AP5,70,0,182,28,11.0,71,A
367932000,2020-08-21T03:27:08,36.94916,-76.32962,0.0,107.0,279.0,JOHN LENTHALL,IMO8325547,NJLN,80,5,193,29,,,A
477738200,2020-08-21T03:28:25,36.98962,-76.17184,14.4,107.5,108.0,COSCO PHILIPPINES,IMO9448762,VRGM7,70,0,334,42,14.5,72,A
477738200,2020-08-21T03:21:19,36.99789,-76.20530,14.0,106.0,106.0,COSCO PHILIPPINES,IMO9448762,VRGM7,70,0,334,42,14.5,72,A
338403000,2020-08-21T03:22:29,36.92476,-76.32971,0.0,121.6,355.0,MAERSK HARTFORD,IMO9333008,WMHA,70,5,299,40,14.5,,A
477196100,2020-08-21T03:27:58,37.19799,-76.13482,0.1,69.1,170.0,DARYA MA,IMO9591674,VRJH5,70,1,229,32,14.5,,A
367359930,2020-08-21T03:32:11,36.82405,-76.28903,0.0,232.9,511.0,SUNNY WILLIAMS,,WDE4940,80,0,25,8,,80,A
369390000,2020-08-21T03:33:22,36.88304,-76.33491,4.8,12.0,356.0,SAFMARINE MAFADI,IMO9314210,KRIJ,70,0,292,32,11.8,70,A
366733250,2020-08-21T03:21:52,37.20051,-76.06342,1.7,358.8,511.0,ATLANTIC SURVEYOR,,WTR5417,70,15,31,7,,,A
215677000,2020-08-21T03:28:54,36.96290,-76.42422,0.0,147.3,39.0,RIZE,IMO9584035,9HA2781,70,5,229,32,14.5,,A
367359930,2020-08-21T03:28:32,36.82407,-76.28904,0.0,233.2,511.0,SUNNY WILLIAMS,,WDE4940,80,0,25,8,,80,A
367359930,2020-08-21T03:29:43,36.82406,-76.28903,0.0,234.9,511.0,SUNNY WILLIAMS,,WDE4940,80,0,25,8,,80,A
538005042,2020-08-21T03:29:11,36.92747,-76.33139,0.9,105.3,9.0,NILEDUTCH OSPREY,IMO9365829,V7AP5,70,0,182,28,11.0,71,A
369390000,2020-08-21T03:29:16,36.87862,-76.33822,4.6,68.0,45.0,SAFMARINE MAFADI,IMO9314210,KRIJ,70,0,292,32,11.8,70,A
367932000,2020-08-21T03:33:08,36.94916,-76.32970,0.0,107.0,279.0,JOHN LENTHALL,IMO8325547,NJLN,80,5,193,29,,,A
477738200,2020-08-21T03:34:19,36.98236,-76.14389,14.4,109.1,109.0,COSCO PHILIPPINES,IMO9448762,VRGM7,70,0,334,42,14.5,72,A
215677000,2020-08-21T03:22:52,36.96292,-76.42420,0.0,147.3,39.0,RIZE,IMO9584035,9HA2781,70,5,229,32,14.5,,A
367822000,2020-08-21T03:26:55,36.97313,-76.43384,0.0,0.0,238.0,USNS SHUGHART,IMO7825394,NAOQ,70,5,276,32,13.0,70,A
367821000,2020-08-21T03:26:38,36.97284,-76.43366,0.0,0.0,511.0,YANO,IMO7825409,NAQH,70,0,276,32,13.0,70,A
538005042,2020-08-21T03:25:59,36.92771,-76.33237,0.9,99.5,28.0,NILEDUTCH OSPREY,IMO9365829,V7AP5,70,0,182,28,11.0,71,A
477738200,2020-08-21T03:31:25,36.98606,-76.15754,14.4,107.7,109.0,COSCO PHILIPPINES,IMO9448762,VRGM7,70,0,334,42,14.5,72,A
338403000,2020-08-21T03:25:26,36.92475,-76.32976,0.0,121.6,355.0,MAERSK HARTFORD,IMO9333008,WMHA,70,5,299,40,14.5,,A
368026000,2020-08-21T03:24:20,36.86575,-76.31605,0.0,270.5,2.0,BENAVIDEZ,IMO9218210,NBHG,70,5,289,32,10.9,70,A
367861000,2020-08-21T03:30:01,36.94633,-76.32983,0.0,0.0,265.0,LARAMIE,IMO8906626,NLAR,80,5,193,29,,,A
538005042,2020-08-21T03:27:02,36.92766,-76.33211,0.7,109.0,19.0,NILEDUTCH OSPREY,IMO9365829,V7AP5,70,0,182,28,11.0,71,A
477738200,2020-08-21T03:27:19,36.99093,-76.17706,14.3,107.3,108.0,COSCO PHILIPPINES,IMO9448762,VRGM7,70,0,334,42,14.5,72,A
366839000,2020-08-21T03:25:14,36.85350,-76.31081,0.0,0.0,39.0,CAPE RISE,IMO7530808,KAFG,70,5,197,32,10.0,,A
369390000,2020-08-21T03:26:22,36.87720,-76.34240,4.1,63.0,65.0,SAFMARINE MAFADI,IMO9314210,KRIJ,70,0,292,32,11.8,70,A
538005042,2020-08-21T03:30:21,36.92742,-76.33108,0.7,102.1,4.0,NILEDUTCH OSPREY,IMO9365829,V7AP5,70,0,182,28,11.0,71,A
367821000,2020-08-21T03:31:38,36.97284,-76.43365,0.0,0.0,511.0,YANO,IMO7825409,NAQH,70,0,276,32,13.0,70,A
367821000,2020-08-21T03:28:38,36.97284,-76.43365,0.0,0.0,511.0,YANO,IMO7825409,NAQH,70,0,276,32,13.0,70,A
366839000,2020-08-21T03:31:16,36.85350,-76.31082,0.0,0.0,39.0,CAPE RISE,IMO7530808,KAFG,70,5,197,32,10.0,,A
367861000,2020-08-21T03:27:01,36.94638,-76.32982,0.0,0.0,265.0,LARAMIE,IMO8906626,NLAR,80,5,193,29,,,A
477196100,2020-08-21T03:30:57,37.19799,-76.13486,0.0,69.1,168.0,DARYA MA,IMO9591674,VRJH5,70,1,229,32,14.5,,A
477738200,2020-08-21T03:38:07,36.97746,-76.12580,14.3,108.9,108.0,COSCO PHILIPPINES,IMO9448762,VRGM7,70,0,334,42,14.5,72,A
366839000,2020-08-21T03:28:09,36.85352,-76.31083,0.0,0.0,39.0,CAPE RISE,IMO7530808,KAFG,70,5,197,32,10.0,,A
366839000,2020-08-21T03:37:06,36.85350,-76.31080,0.0,0.0,39.0,CAPE RISE,IMO7530808,KAFG,70,5,197,32,10.0,,A
338403000,2020-08-21T03:37:27,36.92475,-76.32973,0.0,355.2,355.0,MAERSK HARTFORD,IMO9333008,WMHA,70,5,299,40,14.5,,A
338403000,2020-08-21T03:28:23,36.92482,-76.32972,0.0,355.2,355.0,MAERSK HARTFORD,IMO9333008,WMHA,70,5,299,40,14.5,,A
538006982,2020-08-21T03:38:16,36.96259,-76.42367,0.0,248.7,40.0,ANTE TOPIC,IMO9737072,V7TR4,70,5,,,,,A
477738200,2020-08-21T03:39:31,36.97586,-76.11929,14.2,106.7,107.0,COSCO PHILIPPINES,IMO9448762,VRGM7,70,0,334,42,14.5,72,A
367359930,2020-08-21T03:33:32,36.82403,-76.28904,0.0,231.0,511.0,SUNNY WILLIAMS,,WDE4940,80,0,25,8,,80,A
538005042,2020-08-21T03:35:51,36.92758,-76.33021,0.3,86.0,356.0,NILEDUTCH OSPREY,IMO9365829,V7AP5,70,5,182,28,11.0,71,A
477738200,2020-08-21T03:30:06,36.98762,-76.16383,14.4,107.0,108.0,COSCO PHILIPPINES,IMO9448762,VRGM7,70,0,334,42,14.5,72,A
538006982,2020-08-21T03:29:16,36.96258,-76.42364,0.0,248.7,40.0,ANTE TOPIC,IMO9737072,V7TR4,70,5,,,,,A
369390000,2020-08-21T03:31:13,36.88033,-76.33600,4.6,40.0,20.0,SAFMARINE MAFADI,IMO9314210,KRIJ,70,0,292,32,11.8,70,A
367822000,2020-08-21T03:29:54,36.97313,-76.43384,0.0,0.0,238.0,USNS SHUGHART,IMO7825394,NAOQ,70,5,276,32,13.0,70,A
367821000,2020-08-21T03:34:18,36.97281,-76.43379,0.0,0.0,511.0,YANO,IMO7825409,NAQH,70,0,276,32,13.0,70,A
367359930,2020-08-21T03:40:02,36.82404,-76.28905,0.0,221.7,511.0,SUNNY WILLIAMS,,WDE4940,80,0,25,8,,80,A
538006982,2020-08-21T03:35:16,36.96258,-76.42367,0.0,248.7,40.0,ANTE TOPIC,IMO9737072,V7TR4,70,5,,,,,A
367861000,2020-08-21T03:33:00,36.94639,-76.32984,0.0,0.0,265.0,LARAMIE,IMO8906626,NLAR,80,5,193,29,,,A
538005042,2020-08-21T03:38:51,36.92761,-76.32997,0.2,110.5,354.0,NILEDUTCH OSPREY,IMO9365829,V7AP5,70,5,182,28,11.0,71,A
477738200,2020-08-21T03:36:36,36.97941,-76.13298,14.5,108.4,108.0,COSCO PHILIPPINES,IMO9448762,VRGM7,70,0,334,42,14.5,72,A
538006982,2020-08-21T03:32:16,36.96258,-76.42365,0.0,248.7,40.0,ANTE TOPIC,IMO9737072,V7TR4,70,5,,,,,A
538005042,2020-08-21T03:37:41,36.92763,-76.33004,0.2,85.0,355.0,NILEDUTCH OSPREY,IMO9365829,V7AP5,70,5,182,28,11.0,71,A
369390000,2020-08-21T03:34:52,36.88516,-76.33510,5.2,354.0,353.0,SAFMARINE MAFADI,IMO9314210,KRIJ,70,0,292,32,11.8,70,A
367821000,2020-08-21T03:40:27,36.97282,-76.43367,0.0,0.0,511.0,YANO,IMO7825409,NAQH,70,0,276,32,13.0,70,A
368026000,2020-08-21T03:33:21,36.86577,-76.31603,0.0,270.5,2.0,BENAVIDEZ,IMO9218210,NBHG,70,5,289,32,10.9,70,A
367822000,2020-08-21T03:32:55,36.97313,-76.43384,0.0,0.0,238.0,USNS SHUGHART,IMO7825394,NAOQ,70,5,276,32,13.0,70,A
368026000,2020-08-21T03:36:21,36.86575,-76.31605,0.0,270.5,2.0,BENAVIDEZ,IMO9218210,NBHG,70,5,289,32,10.9,70,A
367932000,2020-08-21T03:39:09,36.94912,-76.32967,0.0,107.0,279.0,JOHN LENTHALL,IMO8325547,NJLN,80,5,193,29,,,A
538002652,2020-08-21T03:33:53,36.87947,-76.32647,0.0,7.0,276.0,NAIAS,IMO9330800,V7KN8,70,5,225,32,14.0,70,A
367821000,2020-08-21T03:35:27,36.97280,-76.43375,0.0,0.0,511.0,YANO,IMO7825409,NAQH,70,0,276,32,13.0,70,A
215677000,2020-08-21T03:34:49,36.96292,-76.42419,0.0,147.3,39.0,RIZE,IMO9584035,9HA2781,70,5,229,32,14.5,,A
215677000,2020-08-21T03:37:55,36.96291,-76.42418,0.0,147.3,39.0,RIZE,IMO9584035,9HA2781,70,5,229,32,14.5,,A
367359930,2020-08-21T03:36:21,36.82405,-76.28905,0.0,226.3,511.0,SUNNY WILLIAMS,,WDE4940,80,0,25,8,,80,A
367861000,2020-08-21T03:35:59,36.94638,-76.32978,0.0,0.0,265.0,LARAMIE,IMO8906626,NLAR,80,5,193,29,,,A
477738200,2020-08-21T03:32:36,36.98455,-76.15193,14.4,108.9,110.0,COSCO PHILIPPINES,IMO9448762,VRGM7,70,0,334,42,14.5,72,A
367932000,2020-08-21T03:42:08,36.94913,-76.32966,0.0,107.0,279.0,JOHN LENTHALL,IMO8325547,NJLN,80,5,193,29,,,A
367359930,2020-08-21T03:38:21,36.82405,-76.28905,0.0,224.9,511.0,SUNNY WILLIAMS,,WDE4940,80,0,25,8,,80,A
367822000,2020-08-21T03:35:54,36.97313,-76.43384,0.0,0.0,238.0,USNS SHUGHART,IMO7825394,NAOQ,70,5,276,32,13.0,70,A
367821000,2020-08-21T03:36:37,36.97281,-76.43370,0.0,0.0,511.0,YANO,IMO7825409,NAQH,70,0,276,32,13.0,70,A
367359930,2020-08-21T03:45:02,36.82403,-76.28903,0.0,218.3,511.0,SUNNY WILLIAMS,,WDE4940,80,0,25,8,,80,A
367359930,2020-08-21T03:41:22,36.82403,-76.28903,0.0,218.8,511.0,SUNNY WILLIAMS,,WDE4940,80,0,25,8,,80,A
477738200,2020-08-21T03:45:28,36.96887,-76.09188,13.8,108.9,108.0,COSCO PHILIPPINES,IMO9448762,VRGM7,70,0,334,42,14.5,72,A
369390000,2020-08-21T03:37:02,36.88909,-76.33562,7.2,355.0,354.0,SAFMARINE MAFADI,IMO9314210,KRIJ,70,0,292,32,11.8,70,A
538005042,2020-08-21T03:34:01,36.92754,-76.33041,0.3,66.5,355.0,NILEDUTCH OSPREY,IMO9365829,V7AP5,70,0,182,28,11.0,71,A
368026000,2020-08-21T03:42:20,36.86577,-76.31603,0.0,270.5,2.0,BENAVIDEZ,IMO9218210,NBHG,70,5,289,32,10.9,70,A
338403000,2020-08-21T03:34:26,36.92477,-76.32968,0.0,121.6,355.0,MAERSK HARTFORD,IMO9333008,WMHA,70,5,299,40,14.5,,A
367822000,2020-08-21T03:41:56,36.97313,-76.43383,0.0,0.0,238.0,USNS SHUGHART,IMO7825394,NAOQ,70,5,276,32,13.0,70,A
215677000,2020-08-21T03:43:55,36.96291,-76.42418,0.1,147.3,39.0,RIZE,IMO9584035,9HA2781,70,5,229,32,14.5,,A
538002652,2020-08-21T03:42:52,36.87950,-76.32650,0.0,206.0,276.0,NAIAS,IMO9330800,V7KN8,70,5,225,32,14.0,70,A
367821000,2020-08-21T03:37:48,36.97282,-76.43367,0.0,0.0,511.0,YANO,IMO7825409,NAQH,70,0,276,32,13.0,70,A
367821000,2020-08-21T03:45:47,36.97283,-76.43366,0.0,0.0,511.0,YANO,IMO7825409,NAQH,70,0,276,32,13.0,70,A
369390000,2020-08-21T03:43:22,36.90627,-76.33813,9.8,353.0,352.0,SAFMARINE MAFADI,IMO9314210,KRIJ,70,0,292,32,11.8,70,A
367822000,2020-08-21T03:38:56,36.97313,-76.43384,0.0,0.0,238.0,USNS SHUGHART,IMO7825394,NAOQ,70,5,276,32,13.0,70,A
368026000,2020-08-21T03:39:20,36.86575,-76.31602,0.0,270.5,2.0,BENAVIDEZ,IMO9218210,NBHG,70,5,289,32,10.9,70,A
368026000,2020-08-21T03:45:20,36.86576,-76.31603,0.0,270.5,2.0,BENAVIDEZ,IMO9218210,NBHG,70,5,289,32,10.9,70,A
338403000,2020-08-21T03:40:25,36.92482,-76.32968,0.0,121.6,355.0,MAERSK HARTFORD,IMO9333008,WMHA,70,5,299,40,14.5,,A
538002652,2020-08-21T03:39:52,36.87955,-76.32643,0.0,7.0,276.0,NAIAS,IMO9330800,V7KN8,70,5,225,32,14.0,70,A
369390000,2020-08-21T03:41:34,36.90133,-76.33733,10.0,353.0,352.0,SAFMARINE MAFADI,IMO9314210,KRIJ,70,0,292,32,11.8,70,A
367932000,2020-08-21T03:36:08,36.94915,-76.32970,0.0,107.0,279.0,JOHN LENTHALL,IMO8325547,NJLN,80,5,193,29,,,A
215677000,2020-08-21T03:40:55,36.96289,-76.42421,0.0,147.3,39.0,RIZE,IMO9584035,9HA2781,70,5,229,32,14.5,,A
538005042,2020-08-21T03:41:06,36.92760,-76.32992,0.0,354.0,354.0,NILEDUTCH OSPREY,IMO9365829,V7AP5,70,5,182,28,11.0,71,A
538005042,2020-08-21T03:44:07,36.92760,-76.32992,0.0,354.0,354.0,NILEDUTCH OSPREY,IMO9365829,V7AP5,70,5,182,28,11.0,71,A
369390000,2020-08-21T03:40:33,36.89850,-76.33683,10.3,352.0,352.0,SAFMARINE MAFADI,IMO9314210,KRIJ,70,0,292,32,11.8,70,A
367821000,2020-08-21T03:41:37,36.97282,-76.43366,0.0,0.0,511.0,YANO,IMO7825409,NAQH,70,0,276,32,13.0,70,A
538002652,2020-08-21T03:36:51,36.87947,-76.32645,0.0,7.0,276.0,NAIAS,IMO9330800,V7KN8,70,5,225,32,14.0,70,A
477196100,2020-08-21T03:36:53,37.19800,-76.13479,0.1,69.1,168.0,DARYA MA,IMO9591674,VRJH5,70,1,229,32,14.5,,A
366839000,2020-08-21T03:40:09,36.85348,-76.31080,0.0,0.0,39.0,CAPE RISE,IMO7530808,KAFG,70,5,197,32,10.0,,A
367822000,2020-08-21T03:47:54,36.97311,-76.43383,0.0,0.0,238.0,USNS SHUGHART,IMO7825394,NAOQ,70,5,276,32,13.0,70,A
369390000,2020-08-21T03:47:23,36.91683,-76.33900,9.2,1.0,0.0,SAFMARINE MAFADI,IMO9314210,KRIJ,70,0,292,32,11.8,70,A
367861000,2020-08-21T03:45:01,36.94638,-76.32979,0.0,0.0,265.0,LARAMIE,IMO8906626,NLAR,80,5,193,29,,,A
338403000,2020-08-21T03:43:23,36.92476,-76.32977,0.0,355.2,355.0,MAERSK HARTFORD,IMO9333008,WMHA,70,5,299,40,14.5,,A
367359930,2020-08-21T03:43:52,36.82401,-76.28900,0.0,219.6,511.0,SUNNY WILLIAMS,,WDE4940,80,0,25,8,,80,A
477738200,2020-08-21T03:44:24,36.97020,-76.09678,13.7,109.1,108.0,COSCO PHILIPPINES,IMO9448762,VRGM7,70,0,334,42,14.5,72,A
366839000,2020-08-21T03:43:06,36.85350,-76.31082,0.0,0.0,39.0,CAPE RISE,IMO7530808,KAFG,70,5,197,32,10.0,,A
538006982,2020-08-21T03:41:16,36.96257,-76.42366,0.0,248.7,40.0,ANTE TOPIC,IMO9737072,V7TR4,70,5,,,,,A
367821000,2020-08-21T03:43:58,36.97282,-76.43366,0.0,0.0,511.0,YANO,IMO7825409,NAQH,70,0,276,32,13.0,70,A
538006982,2020-08-21T03:50:16,36.96260,-76.42368,0.0,248.7,40.0,ANTE TOPIC,IMO9737072,V7TR4,70,5,,,,,A
367359930,2020-08-21T03:46:11,36.82403,-76.28902,0.0,221.7,511.0,SUNNY WILLIAMS,,WDE4940,80,0,25,8,,80,A
367821000,2020-08-21T03:42:47,36.97282,-76.43366,0.0,0.0,511.0,YANO,IMO7825409,NAQH,70,0,276,32,13.0,70,A
367932000,2020-08-21T03:45:07,36.94917,-76.32969,0.0,107.0,279.0,JOHN LENTHALL,IMO8325547,NJLN,80,5,193,29,,,A
477738200,2020-08-21T03:42:00,36.97313,-76.10769,13.9,107.4,109.0,COSCO PHILIPPINES,IMO9448762,VRGM7,70,0,334,42,14.5,72,A
367359930,2020-08-21T03:51:33,36.82407,-76.28904,0.0,224.7,511.0,SUNNY WILLIAMS,,WDE4940,80,0,25,8,,80,A
215677000,2020-08-21T03:46:54,36.96290,-76.42418,0.0,147.3,39.0,RIZE,IMO9584035,9HA2781,70,5,229,32,14.5,,A
538005042,2020-08-21T03:50:06,36.92760,-76.32992,0.0,355.0,355.0,NILEDUTCH OSPREY,IMO9365829,V7AP5,70,5,182,28,11.0,71,A
338403000,2020-08-21T03:46:27,36.92466,-76.32975,0.0,355.2,355.0,MAERSK HARTFORD,IMO9333008,WMHA,70,5,299,40,14.5,,A
367822000,2020-08-21T03:44:55,36.97312,-76.43382,0.0,0.0,238.0,USNS SHUGHART,IMO7825394,NAOQ,70,5,276,32,13.0,70,A
538002652,2020-08-21T03:45:53,36.87943,-76.32647,0.0,206.0,276.0,NAIAS,IMO9330800,V7KN8,70,5,225,32,14.0,70,A
477738200,2020-08-21T03:43:18,36.97154,-76.10169,13.8,108.1,108.0,COSCO PHILIPPINES,IMO9448762,VRGM7,70,0,334,42,14.5,72,A
477196100,2020-08-21T03:48:57,37.19793,-76.13469,0.0,69.1,171.0,DARYA MA,IMO9591674,VRJH5,70,1,229,32,14.5,,A
367861000,2020-08-21T03:54:00,36.94639,-76.32979,0.0,0.0,265.0,LARAMIE,IMO8906626,NLAR,80,5,193,29,,,A
538005042,2020-08-21T03:56:12,36.92760,-76.32992,0.0,355.0,355.0,NILEDUTCH OSPREY,IMO9365829,V7AP5,70,5,182,28,11.0,71,A
367822000,2020-08-21T03:53:54,36.97311,-76.43384,0.0,0.0,238.0,USNS SHUGHART,IMO7825394,NAOQ,70,5,276,32,13.0,70,A
368026000,2020-08-21T03:48:21,36.86574,-76.31606,0.0,270.5,2.0,BENAVIDEZ,IMO9218210,NBHG,70,5,289,32,10.9,70,A
367932000,2020-08-21T03:48:07,36.94907,-76.32961,0.0,107.0,279.0,JOHN LENTHALL,IMO8325547,NJLN,80,5,193,29,,,A
367821000,2020-08-21T03:49:18,36.97282,-76.43367,0.0,0.0,511.0,YANO,IMO7825409,NAQH,70,0,276,32,13.0,70,A
367359930,2020-08-21T03:49:11,36.82406,-76.28903,0.0,226.3,511.0,SUNNY WILLIAMS,,WDE4940,80,0,25,8,,80,A
477738200,2020-08-21T03:48:59,36.96450,-76.07594,13.8,108.5,108.0,COSCO PHILIPPINES,IMO9448762,VRGM7,70,0,334,42,14.5,72,A
369390000,2020-08-21T03:52:03,36.92850,-76.33883,8.9,1.0,0.0,SAFMARINE MAFADI,IMO9314210,KRIJ,70,0,292,32,11.8,70,A
369390000,2020-08-21T03:46:13,36.91383,-76.33900,9.4,358.0,1.0,SAFMARINE MAFADI,IMO9314210,KRIJ,70,0,292,32,11.8,70,A
538005042,2020-08-21T03:47:07,36.92760,-76.32992,0.0,355.0,355.0,NILEDUTCH OSPREY,IMO9365829,V7AP5,70,5,182,28,11.0,71,A
367822000,2020-08-21T03:50:56,36.97311,-76.43383,0.0,0.0,238.0,USNS SHUGHART,IMO7825394,NAOQ,70,5,276,32,13.0,70,A
538002652,2020-08-21T03:48:52,36.87943,-76.32645,0.0,206.0,276.0,NAIAS,IMO9330800,V7KN8,70,5,225,32,14.0,70,A
538006982,2020-08-21T03:47:16,36.96256,-76.42365,0.0,248.7,40.0,ANTE TOPIC,IMO9737072,V7TR4,70,5,,,,,A
538006982,2020-08-21T03:53:16,36.96258,-76.42366,0.0,236.8,40.0,ANTE TOPIC,IMO9737072,V7TR4,70,5,,,,,A
366839000,2020-08-21T03:46:09,36.85349,-76.31082,0.0,0.0,39.0,CAPE RISE,IMO7530808,KAFG,70,5,197,32,10.0,,A
367821000,2020-08-21T03:51:58,36.97283,-76.43366,0.0,0.0,511.0,YANO,IMO7825409,NAQH,70,0,276,32,13.0,70,A
477196100,2020-08-21T03:54:59,37.19803,-76.13469,0.0,69.1,172.0,DARYA MA,IMO9591674,VRJH5,70,1,229,32,14.5,,A
215677000,2020-08-21T03:55:57,36.96290,-76.42420,0.0,147.3,39.0,RIZE,IMO9584035,9HA2781,70,5,229,32,14.5,,A
367861000,2020-08-21T03:48:01,36.94639,-76.32975,0.0,0.0,265.0,LARAMIE,IMO8906626,NLAR,80,5,193,29,,,A
477738200,2020-08-21T03:50:49,36.96225,-76.06762,13.8,108.3,107.0,COSCO PHILIPPINES,IMO9448762,VRGM7,70,0,334,42,14.5,72,A
367861000,2020-08-21T03:51:01,36.94642,-76.32985,0.0,0.0,265.0,LARAMIE,IMO8906626,NLAR,80,5,193,29,,,A
367861000,2020-08-21T03:57:01,36.94641,-76.32980,0.0,0.0,265.0,LARAMIE,IMO8906626,NLAR,80,5,193,29,,,A
338403000,2020-08-21T03:49:26,36.92465,-76.32977,0.0,121.6,355.0,MAERSK HARTFORD,IMO9333008,WMHA,70,5,299,40,14.5,,A
367932000,2020-08-21T03:54:08,36.94917,-76.32961,0.0,107.0,279.0,JOHN LENTHALL,IMO8325547,NJLN,80,5,193,29,,,A
215677000,2020-08-21T03:52:53,36.96290,-76.42420,0.0,147.3,39.0,RIZE,IMO9584035,9HA2781,70,5,229,32,14.5,,A
367359930,2020-08-21T03:54:33,36.82406,-76.28905,0.0,232.7,511.0,SUNNY WILLIAMS,,WDE4940,80,0,25,8,,80,A
538005042,2020-08-21T03:53:11,36.92760,-76.32992,0.0,355.0,355.0,NILEDUTCH OSPREY,IMO9365829,V7AP5,70,5,182,28,11.0,71,A
538002652,2020-08-21T03:51:49,36.87943,-76.32643,0.0,206.0,276.0,NAIAS,IMO9330800,V7KN8,70,5,225,32,14.0,70,A
367359930,2020-08-21T04:01:32,36.82407,-76.28906,0.0,258.1,511.0,SUNNY WILLIAMS,,WDE4940,80,0,25,8,,80,A
367821000,2020-08-21T04:01:37,36.97283,-76.43366,0.0,0.0,511.0,YANO,IMO7825409,NAQH,70,0,276,32,13.0,70,A
367932000,2020-08-21T03:51:08,36.94915,-76.32968,0.0,107.0,279.0,JOHN LENTHALL,IMO8325547,NJLN,80,5,193,29,,,A
367822000,2020-08-21T03:59:55,36.97311,-76.43384,0.0,0.0,238.0,USNS SHUGHART,IMO7825394,NAOQ,70,5,276,32,13.0,70,A
477196100,2020-08-21T03:51:58,37.19796,-76.13468,0.1,69.1,171.0,DARYA MA,IMO9591674,VRJH5,70,1,229,32,14.5,,A
369390000,2020-08-21T03:56:43,36.94000,-76.33850,9.0,3.0,3.0,SAFMARINE MAFADI,IMO9314210,KRIJ,70,0,292,32,11.8,70,A
367821000,2020-08-21T03:53:58,36.97282,-76.43367,0.0,0.0,511.0,YANO,IMO7825409,NAQH,70,0,276,32,13.0,70,A
367359930,2020-08-21T03:59:32,36.82407,-76.28906,0.0,249.0,511.0,SUNNY WILLIAMS,,WDE4940,80,0,25,8,,80,A
369390000,2020-08-21T04:03:32,36.95716,-76.33663,9.1,5.0,4.0,SAFMARINE MAFADI,IMO9314210,KRIJ,70,0,292,32,11.8,70,A
368026000,2020-08-21T03:57:21,36.86574,-76.31604,0.0,270.5,2.0,BENAVIDEZ,IMO9218210,NBHG,70,5,289,32,10.9,70,A
366839000,2020-08-21T03:52:10,36.85345,-76.31080,0.0,0.0,39.0,CAPE RISE,IMO7530808,KAFG,70,5,197,32,10.0,,A
368026000,2020-08-21T04:00:21,36.86576,-76.31602,0.0,270.5,2.0,BENAVIDEZ,IMO9218210,NBHG,70,5,289,32,10.9,70,A
366839000,2020-08-21T04:01:12,36.85349,-76.31080,0.0,0.0,39.0,CAPE RISE,IMO7530808,KAFG,70,5,197,32,10.0,,A
367359930,2020-08-21T03:57:02,36.82407,-76.28905,0.0,244.5,511.0,SUNNY WILLIAMS,,WDE4940,80,0,25,8,,80,A
215677000,2020-08-21T03:58:54,36.96291,-76.42422,0.0,147.3,39.0,RIZE,IMO9584035,9HA2781,70,5,229,32,14.5,,A
366839000,2020-08-21T03:58:09,36.85348,-76.31082,0.0,0.0,39.0,CAPE RISE,IMO7530808,KAFG,70,5,197,32,10.0,,A
367821000,2020-08-21T03:57:18,36.97282,-76.43366,0.0,0.0,511.0,YANO,IMO7825409,NAQH,70,0,276,32,13.0,70,A
367821000,2020-08-21T03:58:27,36.97282,-76.43366,0.0,0.0,511.0,YANO,IMO7825409,NAQH,70,0,276,32,13.0,70,A
538006982,2020-08-21T03:59:16,36.96258,-76.42366,0.1,223.2,40.0,ANTE TOPIC,IMO9737072,V7TR4,70,5,,,,,A
538002652,2020-08-21T03:54:53,36.87945,-76.32647,0.0,206.0,276.0,NAIAS,IMO9330800,V7KN8,70,5,225,32,14.0,70,A
366839000,2020-08-21T03:55:11,36.85348,-76.31082,0.0,0.0,39.0,CAPE RISE,IMO7530808,KAFG,70,5,197,32,10.0,,A
538006982,2020-08-21T04:02:16,36.96260,-76.42366,0.1,222.4,40.0,ANTE TOPIC,IMO9737072,V7TR4,70,5,,,,,A
367821000,2020-08-21T03:59:37,36.97282,-76.43366,0.0,0.0,511.0,YANO,IMO7825409,NAQH,70,0,276,32,13.0,70,A
367861000,2020-08-21T04:06:01,36.94637,-76.32984,0.0,0.0,265.0,LARAMIE,IMO8906626,NLAR,80,5,193,29,,,A
369390000,2020-08-21T04:00:02,36.94834,-76.33766,9.0,5.0,5.0,SAFMARINE MAFADI,IMO9314210,KRIJ,70,0,292,32,11.8,70,A
367359930,2020-08-21T04:00:21,36.82407,-76.28906,0.0,253.8,511.0,SUNNY WILLIAMS,,WDE4940,80,0,25,8,,80,A
367359930,2020-08-21T03:55:52,36.82407,-76.28905,0.0,238.2,511.0,SUNNY WILLIAMS,,WDE4940,80,0,25,8,,80,A
367821000,2020-08-21T04:00:28,36.97282,-76.43366,0.0,0.0,511.0,YANO,IMO7825409,NAQH,70,0,276,32,13.0,70,A
369390000,2020-08-21T04:01:13,36.95133,-76.33733,9.1,6.0,5.0,SAFMARINE MAFADI,IMO9314210,KRIJ,70,0,292,32,11.8,70,A
538002652,2020-08-21T04:00:53,36.87948,-76.32642,0.0,206.0,276.0,NAIAS,IMO9330800,V7KN8,70,5,225,32,14.0,70,A
538006982,2020-08-21T03:56:16,36.96259,-76.42368,0.1,226.4,40.0,ANTE TOPIC,IMO9737072,V7TR4,70,5,,,,,A
538002652,2020-08-21T03:57:50,36.87945,-76.32645,0.0,206.0,276.0,NAIAS,IMO9330800,V7KN8,70,5,225,32,14.0,70,A
538002652,2020-08-21T04:03:50,36.87945,-76.32645,0.0,206.0,276.0,NAIAS,IMO9330800,V7KN8,70,5,225,32,14.0,70,A
367932000,2020-08-21T03:57:08,36.94911,-76.32967,0.0,107.0,279.0,JOHN LENTHALL,IMO8325547,NJLN,80,5,193,29,,,A
215677000,2020-08-21T04:01:58,36.96291,-76.42419,0.0,147.3,39.0,RIZE,IMO9584035,9HA2781,70,5,229,32,14.5,,A
338403000,2020-08-21T03:58:27,36.92480,-76.32970,0.0,121.6,355.0,MAERSK HARTFORD,IMO9333008,WMHA,70,5,299,40,14.5,,A
477196100,2020-08-21T04:01:00,37.19797,-76.13474,0.1,69.1,171.0,DARYA MA,IMO9591674,VRJH5,70,1,229,32,14.5,,A
477196100,2020-08-21T03:57:58,37.19802,-76.13474,0.1,69.1,171.0,DARYA MA,IMO9591674,VRJH5,70,1,229,32,14.5,,A
538005042,2020-08-21T04:02:13,36.92760,-76.32992,0.0,355.0,355.0,NILEDUTCH OSPREY,IMO9365829,V7AP5,70,5,182,28,11.0,71,A
477196100,2020-08-21T04:03:57,37.19794,-76.13470,0.1,69.1,170.0,DARYA MA,IMO9591674,VRJH5,70,1,229,32,14.5,,A
538005042,2020-08-21T03:59:11,36.92760,-76.32992,0.0,355.0,355.0,NILEDUTCH OSPREY,IMO9365829,V7AP5,70,5,182,28,11.0,71,A
538005042,2020-08-21T04:05:14,36.92760,-76.32992,0.0,355.0,355.0,NILEDUTCH OSPREY,IMO9365829,V7AP5,70,5,182,28,11.0,71,A
368026000,2020-08-21T04:03:21,36.86577,-76.31606,0.0,270.5,2.0,BENAVIDEZ,IMO9218210,NBHG,70,5,289,32,10.9,70,A
367359930,2020-08-21T04:02:33,36.82407,-76.28905,0.0,256.4,511.0,SUNNY WILLIAMS,,WDE4940,80,0,25,8,,80,A
215677000,2020-08-21T04:04:54,36.96292,-76.42420,0.0,147.3,39.0,RIZE,IMO9584035,9HA2781,70,5,229,32,14.5,,A
367821000,2020-08-21T04:02:48,36.97283,-76.43366,0.0,0.0,511.0,YANO,IMO7825409,NAQH,70,0,276,32,13.0,70,A
538005042,2020-08-21T04:08:18,36.92760,-76.32992,0.0,355.0,355.0,NILEDUTCH OSPREY,IMO9365829,V7AP5,70,5,182,28,11.0,71,A
367359930,2020-08-21T04:08:41,36.82406,-76.28905,0.0,270.8,511.0,SUNNY WILLIAMS,,WDE4940,80,0,25,8,,80,A
367932000,2020-08-21T04:00:07,36.94917,-76.32975,0.0,107.0,279.0,JOHN LENTHALL,IMO8325547,NJLN,80,5,193,29,,,A
367821000,2020-08-21T04:03:57,36.97283,-76.43366,0.0,0.0,511.0,YANO,IMO7825409,NAQH,70,0,276,32,13.0,70,A
366733250,2020-08-21T04:10:22,37.23093,-76.06437,1.5,332.4,511.0,ATLANTIC SURVEYOR,,WTR5417,70,15,31,7,,,A
367861000,2020-08-21T03:59:59,36.94640,-76.32979,0.0,0.0,265.0,LARAMIE,IMO8906626,NLAR,80,5,193,29,,,A
338403000,2020-08-21T04:10:23,36.92481,-76.32969,0.0,355.2,355.0,MAERSK HARTFORD,IMO9333008,WMHA,70,5,299,40,14.5,,A
366839000,2020-08-21T04:10:11,36.85347,-76.31081,0.0,0.0,39.0,CAPE RISE,IMO7530808,KAFG,70,5,197,32,10.0,,A
367821000,2020-08-21T04:05:07,36.97283,-76.43366,0.0,0.0,511.0,YANO,IMO7825409,NAQH,70,0,276,32,13.0,70,A
367821000,2020-08-21T04:12:18,36.97283,-76.43366,0.0,0.0,511.0,YANO,IMO7825409,NAQH,70,0,276,32,13.0,70,A
369390000,2020-08-21T04:08:06,36.97120,-76.33396,12.5,17.0,28.0,SAFMARINE MAFADI,IMO9314210,KRIJ,70,0,292,32,11.8,70,A
338403000,2020-08-21T04:04:26,36.92477,-76.32972,0.0,121.6,355.0,MAERSK HARTFORD,IMO9333008,WMHA,70,5,299,40,14.5,,A
538006982,2020-08-21T04:11:16,36.96257,-76.42366,0.0,246.7,40.0,ANTE TOPIC,IMO9737072,V7TR4,70,5,,,,,A
367359930,2020-08-21T04:14:21,36.82406,-76.28906,0.0,278.8,511.0,SUNNY WILLIAMS,,WDE4940,80,0,25,8,,80,A
477196100,2020-08-21T04:09:53,37.19796,-76.13465,0.0,69.1,170.0,DARYA MA,IMO9591674,VRJH5,70,1,229,32,14.5,,A
369390000,2020-08-21T04:14:40,36.98933,-76.31237,15.2,48.0,55.0,SAFMARINE MAFADI,IMO9314210,KRIJ,70,0,292,32,11.8,70,A
369390000,2020-08-21T04:06:56,36.96733,-76.33544,11.9,6.0,15.0,SAFMARINE MAFADI,IMO9314210,KRIJ,70,0,292,32,11.8,70,A
367821000,2020-08-21T04:07:28,36.97283,-76.43366,0.0,0.0,511.0,YANO,IMO7825409,NAQH,70,0,276,32,13.0,70,A
368026000,2020-08-21T04:12:21,36.86576,-76.31603,0.0,270.5,2.0,BENAVIDEZ,IMO9218210,NBHG,70,5,289,32,10.9,70,A
366733250,2020-08-21T04:07:22,37.22973,-76.06357,1.6,331.3,511.0,ATLANTIC SURVEYOR,,WTR5417,70,15,31,7,,,A
367861000,2020-08-21T04:12:00,36.94635,-76.32977,0.0,0.0,265.0,LARAMIE,IMO8906626,NLAR,80,5,193,29,,,A
367359930,2020-08-21T04:06:13,36.82406,-76.28905,0.0,262.6,511.0,SUNNY WILLIAMS,,WDE4940,80,0,25,8,,80,A
368026000,2020-08-21T04:09:20,36.86578,-76.31606,0.0,270.5,2.0,BENAVIDEZ,IMO9218210,NBHG,70,5,289,32,10.9,70,A
367932000,2020-08-21T04:03:08,36.94911,-76.32969,0.0,107.0,279.0,JOHN LENTHALL,IMO8325547,NJLN,80,5,193,29,,,A
538006982,2020-08-21T04:08:16,36.96257,-76.42365,0.1,266.3,40.0,ANTE TOPIC,IMO9737072,V7TR4,70,5,,,,,A
477196100,2020-08-21T04:07:00,37.19794,-76.13471,0.0,69.1,170.0,DARYA MA,IMO9591674,VRJH5,70,1,229,32,14.5,,A
367359930,2020-08-21T04:07:22,36.82406,-76.28905,0.0,264.4,511.0,SUNNY WILLIAMS,,WDE4940,80,0,25,8,,80,A
215677000,2020-08-21T04:10:54,36.96291,-76.42418,0.0,147.3,39.0,RIZE,IMO9584035,9HA2781,70,5,229,32,14.5,,A
366839000,2020-08-21T04:04:11,36.85348,-76.31081,0.0,0.0,39.0,CAPE RISE,IMO7530808,KAFG,70,5,197,32,10.0,,A
367822000,2020-08-21T04:08:56,36.97311,-76.43384,0.0,0.0,238.0,USNS SHUGHART,IMO7825394,NAOQ,70,5,276,32,13.0,70,A
538006982,2020-08-21T04:05:16,36.96259,-76.42368,0.1,220.9,40.0,ANTE TOPIC,IMO9737072,V7TR4,70,5,,,,,A
367861000,2020-08-21T04:08:59,36.94637,-76.32979,0.0,0.0,265.0,LARAMIE,IMO8906626,NLAR,80,5,193,29,,,A
367359930,2020-08-21T04:05:01,36.82408,-76.28905,0.0,261.7,511.0,SUNNY WILLIAMS,,WDE4940,80,0,25,8,,80,A
538005042,2020-08-21T04:14:19,36.92761,-76.32992,0.0,355.0,355.0,NILEDUTCH OSPREY,IMO9365829,V7AP5,70,5,182,28,11.0,71,A
367822000,2020-08-21T04:05:55,36.97311,-76.43384,0.0,0.0,238.0,USNS SHUGHART,IMO7825394,NAOQ,70,5,276,32,13.0,70,A
366733250,2020-08-21T04:14:52,37.23273,-76.06551,1.5,332.1,511.0,ATLANTIC SURVEYOR,,WTR5417,70,15,31,7,,,A
538005042,2020-08-21T04:20:21,36.92760,-76.32992,0.0,355.0,355.0,NILEDUTCH OSPREY,IMO9365829,V7AP5,70,5,182,28,11.0,71,A
369390000,2020-08-21T04:05:54,36.96392,-76.33592,11.0,5.0,5.0,SAFMARINE MAFADI,IMO9314210,KRIJ,70,0,292,32,11.8,70,A
338403000,2020-08-21T04:16:28,36.92479,-76.32972,0.0,121.6,355.0,MAERSK HARTFORD,IMO9333008,WMHA,70,5,299,40,14.5,,A
366733250,2020-08-21T04:16:52,37.23353,-76.06603,1.6,334.6,511.0,ATLANTIC SURVEYOR,,WTR5417,70,15,31,7,,,A
367359930,2020-08-21T04:11:03,36.82406,-76.28905,0.0,270.5,511.0,SUNNY WILLIAMS,,WDE4940,80,0,25,8,,80,A
368026000,2020-08-21T04:06:21,36.86575,-76.31604,0.0,270.5,2.0,BENAVIDEZ,IMO9218210,NBHG,70,5,289,32,10.9,70,A
338403000,2020-08-21T04:07:27,36.92478,-76.32968,0.0,121.6,355.0,MAERSK HARTFORD,IMO9333008,WMHA,70,5,299,40,14.5,,A
367821000,2020-08-21T04:06:18,36.97283,-76.43366,0.0,0.0,511.0,YANO,IMO7825409,NAQH,70,0,276,32,13.0,70,A
367932000,2020-08-21T04:06:08,36.94917,-76.32965,0.0,107.0,279.0,JOHN LENTHALL,IMO8325547,NJLN,80,5,193,29,,,A
215677000,2020-08-21T04:07:59,36.96289,-76.42420,0.0,147.3,39.0,RIZE,IMO9584035,9HA2781,70,5,229,32,14.5,,A
538005042,2020-08-21T04:11:17,36.92760,-76.32992,0.0,355.0,355.0,NILEDUTCH OSPREY,IMO9365829,V7AP5,70,5,182,28,11.0,71,A
366839000,2020-08-21T04:19:12,36.85346,-76.31082,0.0,0.0,39.0,CAPE RISE,IMO7530808,KAFG,70,5,197,32,10.0,,A
366733250,2020-08-21T04:23:42,37.23628,-76.06764,1.5,336.4,511.0,ATLANTIC SURVEYOR,,WTR5417,70,15,31,7,,,A
367821000,2020-08-21T04:18:58,36.97284,-76.43370,0.0,0.0,511.0,YANO,IMO7825409,NAQH,70,0,276,32,13.0,70,A
367822000,2020-08-21T04:14:56,36.97311,-76.43383,0.0,0.0,238.0,USNS SHUGHART,IMO7825394,NAOQ,70,5,276,32,13.0,70,A
368026000,2020-08-21T04:24:20,36.86573,-76.31602,0.0,270.5,2.0,BENAVIDEZ,IMO9218210,NBHG,70,5,289,32,10.9,70,A
366733250,2020-08-21T04:08:42,37.23027,-76.06392,1.6,332.0,511.0,ATLANTIC SURVEYOR,,WTR5417,70,15,31,7,,,A
367821000,2020-08-21T04:15:27,36.97282,-76.43376,0.0,0.0,511.0,YANO,IMO7825409,NAQH,70,0,276,32,13.0,70,A
538002652,2020-08-21T04:09:52,36.87948,-76.32645,0.0,206.0,276.0,NAIAS,IMO9330800,V7KN8,70,5,225,32,14.0,70,A
366839000,2020-08-21T04:13:12,36.85348,-76.31082,0.0,0.0,39.0,CAPE RISE,IMO7530808,KAFG,70,5,197,32,10.0,,A
367932000,2020-08-21T04:18:08,36.94920,-76.32963,0.0,107.0,279.0,JOHN LENTHALL,IMO8325547,NJLN,80,5,193,29,,,A
367821000,2020-08-21T04:21:07,36.97285,-76.43369,0.0,0.0,511.0,YANO,IMO7825409,NAQH,70,0,276,32,13.0,70,A
367359930,2020-08-21T04:17:21,36.82412,-76.28909,0.0,275.1,511.0,SUNNY WILLIAMS,,WDE4940,80,0,25,8,,80,A
367821000,2020-08-21T04:13:27,36.97283,-76.43366,0.0,0.0,511.0,YANO,IMO7825409,NAQH,70,0,276,32,13.0,70,A
477196100,2020-08-21T04:21:55,37.19795,-76.13466,0.0,69.1,170.0,DARYA MA,IMO9591674,VRJH5,70,1,229,32,14.5,,A
369390000,2020-08-21T04:30:11,37.00517,-76.23267,15.5,107.0,108.0,SAFMARINE MAFADI,IMO9314210,KRIJ,70,0,292,32,11.8,70,A
369390000,2020-08-21T04:13:22,36.98563,-76.31740,14.6,45.0,45.0,SAFMARINE MAFADI,IMO9314210,KRIJ,70,0,292,32,11.8,70,A
366733250,2020-08-21T04:19:42,37.23467,-76.06671,1.6,333.4,511.0,ATLANTIC SURVEYOR,,WTR5417,70,15,31,7,,,A
366733250,2020-08-21T04:13:22,37.23212,-76.06513,1.5,332.8,511.0,ATLANTIC SURVEYOR,,WTR5417,70,15,31,7,,,A
367822000,2020-08-21T04:20:56,36.97309,-76.43380,0.0,0.0,238.0,USNS SHUGHART,IMO7825394,NAOQ,70,5,276,32,13.0,70,A
369390000,2020-08-21T04:20:22,37.00250,-76.28554,16.3,62.0,72.0,SAFMARINE MAFADI,IMO9314210,KRIJ,70,0,292,32,11.8,70,A
477196100,2020-08-21T04:15:57,37.19795,-76.13470,0.0,69.1,170.0,DARYA MA,IMO9591674,VRJH5,70,1,229,32,14.5,,A
367861000,2020-08-21T04:15:01,36.94637,-76.32979,0.0,0.0,265.0,LARAMIE,IMO8906626,NLAR,80,5,193,29,,,A
366733250,2020-08-21T04:32:01,37.23967,-76.06939,1.6,337.9,511.0,ATLANTIC SURVEYOR,,WTR5417,70,15,31,7,,,A
538002652,2020-08-21T04:12:52,36.87950,-76.32645,0.0,206.0,276.0,NAIAS,IMO9330800,V7KN8,70,5,225,32,14.0,70,A
538002652,2020-08-21T04:15:49,36.87950,-76.32647,0.0,206.0,276.0,NAIAS,IMO9330800,V7KN8,70,5,225,32,14.0,70,A
367932000,2020-08-21T04:12:07,36.94921,-76.32962,0.0,107.0,279.0,JOHN LENTHALL,IMO8325547,NJLN,80,5,193,29,,,A
477196100,2020-08-21T04:12:53,37.19797,-76.13469,0.0,69.1,170.0,DARYA MA,IMO9591674,VRJH5,70,1,229,32,14.5,,A
367821000,2020-08-21T04:23:07,36.97284,-76.43368,0.0,0.0,511.0,YANO,IMO7825409,NAQH,70,0,276,32,13.0,70,A
367932000,2020-08-21T04:24:09,36.94917,-76.32965,0.0,107.0,279.0,JOHN LENTHALL,IMO8325547,NJLN,80,5,193,29,,,A
215677000,2020-08-21T04:16:53,36.96290,-76.42417,0.0,147.3,39.0,RIZE,IMO9584035,9HA2781,70,5,229,32,14.5,,A
215677000,2020-08-21T04:13:58,36.96291,-76.42421,0.0,147.3,39.0,RIZE,IMO9584035,9HA2781,70,5,229,32,14.5,,A
367359930,2020-08-21T04:25:03,36.82405,-76.28903,0.0,256.0,511.0,SUNNY WILLIAMS,,WDE4940,80,0,25,8,,80,A
369390000,2020-08-21T04:16:10,36.99291,-76.30566,15.6,57.0,57.0,SAFMARINE MAFADI,IMO9314210,KRIJ,70,0,292,32,11.8,70,A
369390000,2020-08-21T04:17:22,36.99578,-76.30010,15.9,57.0,57.0,SAFMARINE MAFADI,IMO9314210,KRIJ,70,0,292,32,11.8,70,A
477196100,2020-08-21T04:18:56,37.19795,-76.13469,0.0,69.1,169.0,DARYA MA,IMO9591674,VRJH5,70,1,229,32,14.5,,A
538002652,2020-08-21T04:18:51,36.87945,-76.32648,0.0,191.0,276.0,NAIAS,IMO9330800,V7KN8,70,5,225,32,14.0,70,A
538006982,2020-08-21T04:14:16,36.96257,-76.42364,0.0,249.0,40.0,ANTE TOPIC,IMO9737072,V7TR4,70,5,,,,,A
369390000,2020-08-21T04:31:17,37.00367,-76.22700,15.6,108.0,109.0,SAFMARINE MAFADI,IMO9314210,KRIJ,70,0,292,32,11.8,70,A
369390000,2020-08-21T04:35:58,36.99733,-76.20283,15.6,108.0,109.0,SAFMARINE MAFADI,IMO9314210,KRIJ,70,0,292,32,11.8,70,A
367359930,2020-08-21T04:19:03,36.82409,-76.28907,0.0,270.0,511.0,SUNNY WILLIAMS,,WDE4940,80,0,25,8,,80,A
367359930,2020-08-21T04:31:41,36.82409,-76.28907,0.0,249.8,511.0,SUNNY WILLIAMS,,WDE4940,80,0,25,8,,80,A
538005042,2020-08-21T04:23:21,36.92761,-76.32992,0.0,354.0,354.0,NILEDUTCH OSPREY,IMO9365829,V7AP5,70,5,182,28,11.0,71,A
367821000,2020-08-21T04:35:08,36.97282,-76.43367,0.0,0.0,511.0,YANO,IMO7825409,NAQH,70,0,276,32,13.0,70,A
369390000,2020-08-21T04:27:35,37.00800,-76.24633,15.8,88.0,100.0,SAFMARINE MAFADI,IMO9314210,KRIJ,70,0,292,32,11.8,70,A
368026000,2020-08-21T04:18:20,36.86576,-76.31606,0.0,270.5,2.0,BENAVIDEZ,IMO9218210,NBHG,70,5,289,32,10.9,70,A
366733250,2020-08-21T04:21:21,37.23534,-76.06709,1.6,334.6,511.0,ATLANTIC SURVEYOR,,WTR5417,70,15,31,7,,,A
369390000,2020-08-21T04:28:47,37.00683,-76.24000,15.6,103.0,107.0,SAFMARINE MAFADI,IMO9314210,KRIJ,70,0,292,32,11.8,70,A
367932000,2020-08-21T04:39:07,36.94916,-76.32966,0.0,107.0,279.0,JOHN LENTHALL,IMO8325547,NJLN,80,5,193,29,,,A
538006982,2020-08-21T04:17:16,36.96254,-76.42361,0.0,157.5,40.0,ANTE TOPIC,IMO9737072,V7TR4,70,5,,,,,A
367359930,2020-08-21T04:29:42,36.82409,-76.28906,0.0,251.1,511.0,SUNNY WILLIAMS,,WDE4940,80,0,25,8,,80,A
367861000,2020-08-21T04:21:01,36.94640,-76.32980,0.0,0.0,265.0,LARAMIE,IMO8906626,NLAR,80,5,193,29,,,A
368026000,2020-08-21T04:39:20,36.86577,-76.31604,0.0,270.5,2.0,BENAVIDEZ,IMO9218210,NBHG,70,5,289,32,10.9,70,A
538006982,2020-08-21T04:23:16,36.96258,-76.42366,0.0,157.5,40.0,ANTE TOPIC,IMO9737072,V7TR4,70,5,,,,,A
369390000,2020-08-21T04:40:22,36.99154,-76.18037,15.5,108.0,110.0,SAFMARINE MAFADI,IMO9314210,KRIJ,70,0,292,32,11.8,70,A
538002652,2020-08-21T04:21:51,36.87953,-76.32647,0.0,308.0,276.0,NAIAS,IMO9330800,V7KN8,70,5,225,32,14.0,70,A
338403000,2020-08-21T04:28:26,36.92480,-76.32976,0.0,355.0,355.0,MAERSK HARTFORD,IMO9333008,WMHA,70,5,299,40,14.5,,A
367821000,2020-08-21T04:41:38,36.97283,-76.43367,0.0,0.0,511.0,YANO,IMO7825409,NAQH,70,0,276,32,13.0,70,A
367359930,2020-08-21T04:23:03,36.82410,-76.28903,0.0,270.0,511.0,SUNNY WILLIAMS,,WDE4940,80,0,25,8,,80,A
367861000,2020-08-21T04:24:00,36.94643,-76.32978,0.0,0.0,265.0,LARAMIE,IMO8906626,NLAR,80,5,193,29,,,A
366733250,2020-08-21T04:26:12,37.23729,-76.06818,1.5,337.8,511.0,ATLANTIC SURVEYOR,,WTR5417,70,15,31,7,,,A
215677000,2020-08-21T04:22:53,36.96292,-76.42418,0.0,147.3,39.0,RIZE,IMO9584035,9HA2781,70,5,229,32,14.5,,A
367822000,2020-08-21T04:26:55,36.97310,-76.43385,0.0,0.0,238.0,USNS SHUGHART,IMO7825394,NAOQ,70,5,276,32,13.0,70,A
369390000,2020-08-21T04:26:17,37.00783,-76.25333,15.8,87.0,88.0,SAFMARINE MAFADI,IMO9314210,KRIJ,70,0,292,32,11.8,70,A
538006982,2020-08-21T04:20:16,36.96256,-76.42363,0.0,157.5,40.0,ANTE TOPIC,IMO9737072,V7TR4,70,5,,,,,A
538002652,2020-08-21T04:24:52,36.87947,-76.32645,0.0,308.0,276.0,NAIAS,IMO9330800,V7KN8,70,5,225,32,14.0,70,A
538002652,2020-08-21T04:42:51,36.87945,-76.32638,0.0,25.0,276.0,NAIAS,IMO9330800,V7KN8,70,5,225,32,14.0,70,A
215677000,2020-08-21T04:19:50,36.96290,-76.42419,0.0,147.3,39.0,RIZE,IMO9584035,9HA2781,70,5,229,32,14.5,,A
367359930,2020-08-21T04:33:33,36.82408,-76.28906,0.0,249.9,511.0,SUNNY WILLIAMS,,WDE4940,80,0,25,8,,80,A
366839000,2020-08-21T04:25:14,36.85348,-76.31081,0.0,0.0,39.0,CAPE RISE,IMO7530808,KAFG,70,5,197,32,10.0,,A
338403000,2020-08-21T04:25:24,36.92482,-76.32971,0.0,355.0,355.0,MAERSK HARTFORD,IMO9333008,WMHA,70,5,299,40,14.5,,A
367359930,2020-08-21T04:34:42,36.82407,-76.28906,0.0,254.0,511.0,SUNNY WILLIAMS,,WDE4940,80,0,25,8,,80,A
369390000,2020-08-21T04:45:11,36.98517,-76.15567,15.5,108.0,109.0,SAFMARINE MAFADI,IMO9314210,KRIJ,70,0,292,32,11.8,70,A
538006982,2020-08-21T04:32:16,36.96260,-76.42366,0.0,246.3,40.0,ANTE TOPIC,IMO9737072,V7TR4,70,5,,,,,A
366733250,2020-08-21T04:47:02,37.24525,-76.07171,1.1,339.8,511.0,ATLANTIC SURVEYOR,,WTR5417,70,15,31,7,,,A
338403000,2020-08-21T04:22:28,36.92480,-76.32968,0.0,121.6,355.0,MAERSK HARTFORD,IMO9333008,WMHA,70,5,299,40,14.5,,A
367359930,2020-08-21T04:47:12,36.82406,-76.28905,0.0,286.7,511.0,SUNNY WILLIAMS,,WDE4940,80,0,25,8,,80,A
538005042,2020-08-21T04:32:26,36.92761,-76.32992,0.0,354.0,354.0,NILEDUTCH OSPREY,IMO9365829,V7AP5,70,5,182,28,11.0,71,A
367821000,2020-08-21T04:36:18,36.97282,-76.43367,0.0,0.0,511.0,YANO,IMO7825409,NAQH,70,0,276,32,13.0,70,A
367821000,2020-08-21T04:31:38,36.97283,-76.43368,0.0,0.0,511.0,YANO,IMO7825409,NAQH,70,0,276,32,13.0,70,A
366733250,2020-08-21T04:29:12,37.23851,-76.06882,1.5,338.8,511.0,ATLANTIC SURVEYOR,,WTR5417,70,15,31,7,,,A
367359930,2020-08-21T04:36:13,36.82406,-76.28906,0.0,261.0,511.0,SUNNY WILLIAMS,,WDE4940,80,0,25,8,,80,A
367861000,2020-08-21T04:27:00,36.94649,-76.32980,0.0,0.0,265.0,LARAMIE,IMO8906626,NLAR,80,5,193,29,,,A
215677000,2020-08-21T04:31:53,36.96290,-76.42419,0.0,147.3,39.0,RIZE,IMO9584035,9HA2781,70,5,229,32,14.5,,A
366839000,2020-08-21T04:28:12,36.85348,-76.31083,0.0,0.0,39.0,CAPE RISE,IMO7530808,KAFG,70,5,197,32,10.0,,A
477196100,2020-08-21T04:27:58,37.19790,-76.13473,0.0,69.1,170.0,DARYA MA,IMO9591674,VRJH5,70,1,229,32,14.5,,A
367821000,2020-08-21T04:50:28,36.97283,-76.43367,0.0,0.0,511.0,YANO,IMO7825409,NAQH,70,0,276,32,13.0,70,A
538005042,2020-08-21T04:29:25,36.92760,-76.32992,0.0,354.0,354.0,NILEDUTCH OSPREY,IMO9365829,V7AP5,70,5,182,28,11.0,71,A
366733250,2020-08-21T04:40:51,37.24313,-76.07085,1.3,343.6,511.0,ATLANTIC SURVEYOR,,WTR5417,70,15,31,7,,,A
366733250,2020-08-21T04:33:12,37.24016,-76.06961,1.5,339.6,511.0,ATLANTIC SURVEYOR,,WTR5417,70,15,31,7,,,A
366839000,2020-08-21T04:43:06,36.85352,-76.31083,0.0,0.0,39.0,CAPE RISE,IMO7530808,KAFG,70,5,197,32,10.0,,A
369390000,2020-08-21T04:32:29,37.00200,-76.22083,15.6,108.0,109.0,SAFMARINE MAFADI,IMO9314210,KRIJ,70,0,292,32,11.8,70,A
367861000,2020-08-21T04:30:00,36.94638,-76.32983,0.0,0.0,265.0,LARAMIE,IMO8906626,NLAR,80,5,193,29,,,A
367359930,2020-08-21T04:44:03,36.82406,-76.28906,0.0,294.3,511.0,SUNNY WILLIAMS,,WDE4940,80,0,25,8,,80,A
366733250,2020-08-21T04:54:02,37.24741,-76.07237,1.2,345.7,511.0,ATLANTIC SURVEYOR,,WTR5417,70,15,31,7,,,A
366733250,2020-08-21T04:52:51,37.24704,-76.07225,1.1,348.1,511.0,ATLANTIC SURVEYOR,,WTR5417,70,15,31,7,,,A
367821000,2020-08-21T04:55:18,36.97283,-76.43367,0.0,0.0,511.0,YANO,IMO7825409,NAQH,70,0,276,32,13.0,70,A
369390000,2020-08-21T04:56:05,36.97083,-76.09917,15.6,108.0,108.0,SAFMARINE MAFADI,IMO9314210,KRIJ,70,0,292,32,11.8,70,A
369390000,2020-08-21T04:46:47,36.98317,-76.14750,15.6,108.0,109.0,SAFMARINE MAFADI,IMO9314210,KRIJ,70,0,292,32,11.8,70,A
538005042,2020-08-21T04:26:25,36.92760,-76.32992,0.0,354.0,354.0,NILEDUTCH OSPREY,IMO9365829,V7AP5,70,5,182,28,11.0,71,A
366733250,2020-08-21T04:36:12,37.24138,-76.07015,1.5,340.1,511.0,ATLANTIC SURVEYOR,,WTR5417,70,15,31,7,,,A
367359930,2020-08-21T04:38:42,36.82406,-76.28905,0.0,282.8,511.0,SUNNY WILLIAMS,,WDE4940,80,0,25,8,,80,A
215677000,2020-08-21T04:37:54,36.96290,-76.42420,0.0,147.3,39.0,RIZE,IMO9584035,9HA2781,70,5,229,32,14.5,,A
368026000,2020-08-21T04:27:20,36.86575,-76.31605,0.0,270.5,2.0,BENAVIDEZ,IMO9218210,NBHG,70,5,289,32,10.9,70,A
538006982,2020-08-21T04:26:16,36.96259,-76.42366,0.1,254.3,40.0,ANTE TOPIC,IMO9737072,V7TR4,70,5,,,,,A
369390000,2020-08-21T04:38:22,36.99419,-76.19062,15.5,108.0,109.0,SAFMARINE MAFADI,IMO9314210,KRIJ,70,0,292,32,11.8,70,A
368026000,2020-08-21T04:45:20,36.86576,-76.31606,0.0,270.5,2.0,BENAVIDEZ,IMO9218210,NBHG,70,5,289,32,10.9,70,A
369390000,2020-08-21T04:50:59,36.97767,-76.12567,15.9,108.0,108.0,SAFMARINE MAFADI,IMO9314210,KRIJ,70,0,292,32,11.8,70,A
538002652,2020-08-21T04:27:51,36.87945,-76.32643,0.0,308.0,276.0,NAIAS,IMO9330800,V7KN8,70,5,225,32,14.0,70,A
538005042,2020-08-21T04:53:36,36.92760,-76.32992,0.0,355.0,355.0,NILEDUTCH OSPREY,IMO9365829,V7AP5,70,5,182,28,11.0,71,A
368026000,2020-08-21T04:48:21,36.86578,-76.31605,0.0,270.5,2.0,BENAVIDEZ,IMO9218210,NBHG,70,5,289,32,10.9,70,A
215677000,2020-08-21T04:43:55,36.96292,-76.42420,0.0,147.3,39.0,RIZE,IMO9584035,9HA2781,70,5,229,32,14.5,,A
538006982,2020-08-21T04:29:16,36.96259,-76.42364,0.0,246.3,40.0,ANTE TOPIC,IMO9737072,V7TR4,70,5,,,,,A
369390000,2020-08-21T04:42:22,36.98893,-76.17013,15.5,108.0,109.0,SAFMARINE MAFADI,IMO9314210,KRIJ,70,0,292,32,11.8,70,A
367822000,2020-08-21T04:29:55,36.97310,-76.43385,0.0,0.0,238.0,USNS SHUGHART,IMO7825394,NAOQ,70,5,276,32,13.0,70,A
367821000,2020-08-21T04:44:17,36.97282,-76.43367,0.0,0.0,511.0,YANO,IMO7825409,NAQH,70,0,276,32,13.0,70,A
477196100,2020-08-21T04:42:57,37.19799,-76.13471,0.1,69.1,173.0,DARYA MA,IMO9591674,VRJH5,70,1,229,32,14.5,,A
538006982,2020-08-21T04:35:16,36.96259,-76.42364,0.0,246.3,40.0,ANTE TOPIC,IMO9737072,V7TR4,70,5,,,,,A
477196100,2020-08-21T04:57:57,37.19796,-76.13461,0.1,69.1,173.0,DARYA MA,IMO9591674,VRJH5,70,1,229,32,14.5,,A
369390000,2020-08-21T04:59:41,36.96583,-76.08050,15.8,108.0,108.0,SAFMARINE MAFADI,IMO9314210,KRIJ,70,0,292,32,11.8,70,A
338403000,2020-08-21T04:40:27,36.92477,-76.32967,0.0,121.6,355.0,MAERSK HARTFORD,IMO9333008,WMHA,70,5,299,40,14.5,,A
338403000,2020-08-21T04:31:27,36.92484,-76.32975,0.0,121.6,355.0,MAERSK HARTFORD,IMO9333008,WMHA,70,5,299,40,14.5,,A
367359930,2020-08-21T04:45:31,36.82407,-76.28906,0.0,287.5,511.0,SUNNY WILLIAMS,,WDE4940,80,0,25,8,,80,A
367821000,2020-08-21T04:45:37,36.97282,-76.43367,0.0,0.0,511.0,YANO,IMO7825409,NAQH,70,0,276,32,13.0,70,A
367822000,2020-08-21T04:44:55,36.97310,-76.43384,0.0,0.0,238.0,USNS SHUGHART,IMO7825394,NAOQ,70,5,276,32,13.0,70,A
366733250,2020-08-21T04:45:21,37.24471,-76.07147,1.2,341.2,511.0,ATLANTIC SURVEYOR,,WTR5417,70,15,31,7,,,A
538006982,2020-08-21T04:44:16,36.96260,-76.42366,0.0,246.3,40.0,ANTE TOPIC,IMO9737072,V7TR4,70,5,,,,,A
538006982,2020-08-21T04:41:16,36.96260,-76.42364,0.0,246.3,40.0,ANTE TOPIC,IMO9737072,V7TR4,70,5,,,,,A
369390000,2020-08-21T04:48:11,36.98133,-76.14017,15.7,107.0,109.0,SAFMARINE MAFADI,IMO9314210,KRIJ,70,0,292,32,11.8,70,A
538005042,2020-08-21T04:47:33,36.92760,-76.32992,0.0,354.0,354.0,NILEDUTCH OSPREY,IMO9365829,V7AP5,70,5,182,28,11.0,71,A
367821000,2020-08-21T04:47:17,36.97283,-76.43367,0.0,0.0,511.0,YANO,IMO7825409,NAQH,70,0,276,32,13.0,70,A
367861000,2020-08-21T04:33:00,36.94641,-76.32975,0.0,0.0,265.0,LARAMIE,IMO8906626,NLAR,80,5,193,29,,,A
366733250,2020-08-21T04:50:02,37.24619,-76.07205,1.0,346.5,511.0,ATLANTIC SURVEYOR,,WTR5417,70,15,31,7,,,A
338403000,2020-08-21T04:37:26,36.92478,-76.32967,0.0,355.0,355.0,MAERSK HARTFORD,IMO9333008,WMHA,70,5,299,40,14.5,,A
367359930,2020-08-21T04:48:31,36.82406,-76.28906,0.0,288.6,511.0,SUNNY WILLIAMS,,WDE4940,80,0,25,8,,80,A
367359930,2020-08-21T04:51:33,36.82404,-76.28904,0.0,296.2,511.0,SUNNY WILLIAMS,,WDE4940,80,0,25,8,,80,A
369390000,2020-08-21T04:54:59,36.97233,-76.10483,15.7,108.0,108.0,SAFMARINE MAFADI,IMO9314210,KRIJ,70,0,292,32,11.8,70,A
367822000,2020-08-21T04:53:55,36.97310,-76.43384,0.0,0.0,238.0,USNS SHUGHART,IMO7825394,NAOQ,70,5,276,32,13.0,70,A
215677000,2020-08-21T04:49:55,36.96290,-76.42421,0.0,147.3,39.0,RIZE,IMO9584035,9HA2781,70,5,229,32,14.5,,A
477196100,2020-08-21T04:54:58,37.19802,-76.13464,0.1,69.1,173.0,DARYA MA,IMO9591674,VRJH5,70,1,229,32,14.5,,A
368026000,2020-08-21T04:51:21,36.86574,-76.31605,0.0,270.5,2.0,BENAVIDEZ,IMO9218210,NBHG,70,5,289,32,10.9,70,A
366733250,2020-08-21T04:55:52,37.24801,-76.07258,1.2,340.0,511.0,ATLANTIC SURVEYOR,,WTR5417,70,15,31,7,,,A
366839000,2020-08-21T04:58:06,36.85351,-76.31083,0.0,0.0,39.0,CAPE RISE,IMO7530808,KAFG,70,5,197,32,10.0,,A
367821000,2020-08-21T04:53:38,36.97283,-76.43367,0.0,0.0,511.0,YANO,IMO7825409,NAQH,70,0,276,32,13.0,70,A
338403000,2020-08-21T04:34:26,36.92478,-76.32971,0.0,121.6,355.0,MAERSK HARTFORD,IMO9333008,WMHA,70,5,299,40,14.5,,A
369390000,2020-08-21T04:52:34,36.97546,-76.11731,15.9,108.0,108.0,SAFMARINE MAFADI,IMO9314210,KRIJ,70,0,292,32,11.8,70,A
338403000,2020-08-21T04:55:29,36.92483,-76.32970,0.0,121.6,355.0,MAERSK HARTFORD,IMO9333008,WMHA,70,5,299,40,14.5,,A
338403000,2020-08-21T04:46:28,36.92477,-76.32970,0.0,121.6,355.0,MAERSK HARTFORD,IMO9333008,WMHA,70,5,299,40,14.5,,A
367821000,2020-08-21T04:52:28,36.97283,-76.43367,0.0,0.0,511.0,YANO,IMO7825409,NAQH,70,0,276,32,13.0,70,A
538006982,2020-08-21T04:56:16,36.96256,-76.42364,0.0,246.3,40.0,ANTE TOPIC,IMO9737072,V7TR4,70,5,,,,,A
367861000,2020-08-21T04:39:00,36.94642,-76.32982,0.0,0.0,265.0,LARAMIE,IMO8906626,NLAR,80,5,193,29,,,A
369390000,2020-08-21T04:57:29,36.96883,-76.09183,15.6,108.0,108.0,SAFMARINE MAFADI,IMO9314210,KRIJ,70,0,292,32,11.8,70,A
338403000,2020-08-21T04:43:24,36.92481,-76.32967,0.0,355.1,355.0,MAERSK HARTFORD,IMO9333008,WMHA,70,5,299,40,14.5,,A
538006982,2020-08-21T04:47:16,36.96258,-76.42367,0.0,246.3,40.0,ANTE TOPIC,IMO9737072,V7TR4,70,5,,,,,A
538006982,2020-08-21T04:38:16,36.96258,-76.42365,0.0,246.3,40.0,ANTE TOPIC,IMO9737072,V7TR4,70,5,,,,,A
366733250,2020-08-21T04:57:02,37.24837,-76.07275,1.2,336.5,511.0,ATLANTIC SURVEYOR,,WTR5417,70,15,31,7,,,A
338403000,2020-08-21T04:49:29,36.92480,-76.32970,0.0,121.6,355.0,MAERSK HARTFORD,IMO9333008,WMHA,70,5,299,40,14.5,,A
368026000,2020-08-21T04:57:20,36.86576,-76.31603,0.0,270.5,2.0,BENAVIDEZ,IMO9218210,NBHG,70,5,289,32,10.9,70,A
538006982,2020-08-21T04:59:16,36.96257,-76.42364,0.0,246.3,40.0,ANTE TOPIC,IMO9737072,V7TR4,70,5,,,,,A
367359930,2020-08-21T04:57:12,36.82404,-76.28907,0.0,297.0,511.0,SUNNY WILLIAMS,,WDE4940,80,0,25,8,,80,A
367359930,2020-08-21T04:59:33,36.82406,-76.28909,0.0,301.4,511.0,SUNNY WILLIAMS,,WDE4940,80,0,25,8,,80,A
367821000,2020-08-21T04:58:58,36.97283,-76.43367,0.0,0.0,511.0,YANO,IMO7825409,NAQH,70,0,276,32,13.0,70,A
367822000,2020-08-21T04:59:55,36.97319,-76.43389,0.0,0.0,238.0,USNS SHUGHART,IMO7825394,NAOQ,70,5,276,32,13.0,70,A
538005042,2020-08-21T04:59:37,36.92760,-76.32992,0.0,355.0,355.0,NILEDUTCH OSPREY,IMO9365829,V7AP5,70,5,182,28,11.0,71,A
367821000,2020-08-21T04:56:38,36.97283,-76.43367,0.0,0.0,511.0,YANO,IMO7825409,NAQH,70,0,276,32,13.0,70,A
368026000,2020-08-21T05:00:21,36.86576,-76.31604,0.0,270.5,2.0,BENAVIDEZ,IMO9218210,NBHG,70,5,289,32,10.9,70,A
367861000,2020-08-21T05:00:00,36.94640,-76.32980,0.0,0.0,265.0,LARAMIE,IMO8906626,NLAR,80,5,193,29,,,A
369390000,2020-08-21T05:01:10,36.96387,-76.07270,15.9,108.0,108.0,SAFMARINE MAFADI,IMO9314210,KRIJ,70,0,292,32,11.8,70,A
367821000,2020-08-21T05:01:17,36.97283,-76.43367,0.0,0.0,511.0,YANO,IMO7825409,NAQH,70,0,276,32,13.0,70,A
367821000,2020-08-21T05:02:27,36.97273,-76.43363,0.0,0.0,511.0,YANO,IMO7825409,NAQH,70,0,276,32,13.0,70,A
538005042,2020-08-21T04:56:36,36.92760,-76.32992,0.0,355.0,355.0,NILEDUTCH OSPREY,IMO9365829,V7AP5,70,5,182,28,11.0,71,A
538002652,2020-08-21T04:45:51,36.87937,-76.32640,0.0,25.0,277.0,NAIAS,IMO9330800,V7KN8,70,5,225,32,14.0,70,A
338403000,2020-08-21T04:52:24,36.92479,-76.32967,0.0,355.3,355.0,MAERSK HARTFORD,IMO9333008,WMHA,70,5,299,40,14.5,,A
215677000,2020-08-21T04:46:52,36.96291,-76.42420,0.0,147.3,39.0,RIZE,IMO9584035,9HA2781,70,5,229,32,14.5,,A
215677000,2020-08-21T04:52:54,36.96293,-76.42423,0.0,147.3,39.0,RIZE,IMO9584035,9HA2781,70,5,229,32,14.5,,A
215677000,2020-08-21T05:04:53,36.96291,-76.42421,0.0,147.3,39.0,RIZE,IMO9584035,9HA2781,70,5,229,32,14.5,,A
367932000,2020-08-21T05:03:09,36.94919,-76.32977,0.0,107.0,279.0,JOHN LENTHALL,IMO8325547,NJLN,80,5,193,29,,,A
538006982,2020-08-21T04:53:16,36.96254,-76.42364,0.0,246.3,40.0,ANTE TOPIC,IMO9737072,V7TR4,70,5,,,,,A
477196100,2020-08-21T05:03:57,37.19792,-76.13453,0.0,69.1,174.0,DARYA MA,IMO9591674,VRJH5,70,1,229,32,14.5,,A
538002652,2020-08-21T04:51:50,36.87937,-76.32647,0.0,321.0,276.0,NAIAS,IMO9330800,V7KN8,70,5,225,32,14.0,70,A
367861000,2020-08-21T05:00:00,36.94640,-76.32980,0.0,0.0,265.0,LARAMIE,IMO8906626,NLAR,80,5,193,29,,,A
538005042,2020-08-21T05:05:42,36.92760,-76.32992,0.0,355.0,355.0,NILEDUTCH OSPREY,IMO9365829,V7AP5,70,5,182,28,11.0,71,A
538002652,2020-08-21T04:57:52,36.87938,-76.32647,0.0,328.0,276.0,NAIAS,IMO9330800,V7KN8,70,5,225,32,14.0,70,A
215677000,2020-08-21T04:58:53,36.96293,-76.42422,0.0,147.3,39.0,RIZE,IMO9584035,9HA2781,70,5,229,32,14.5,,A
338403000,2020-08-21T04:58:26,36.92484,-76.32974,0.0,121.6,355.0,MAERSK HARTFORD,IMO9333008,WMHA,70,5,299,40,14.5,,A
368026000,2020-08-21T05:06:21,36.86578,-76.31606,0.0,270.5,2.0,BENAVIDEZ,IMO9218210,NBHG,70,5,289,32,10.9,70,A
538002652,2020-08-21T05:06:52,36.87948,-76.32643,0.0,300.0,276.0,NAIAS,IMO9330800,V7KN8,70,5,225,32,14.0,70,A
215677000,2020-08-21T04:55:53,36.96290,-76.42421,0.0,147.3,39.0,RIZE,IMO9584035,9HA2781,70,5,229,32,14.5,,A
367359930,2020-08-21T05:12:12,36.82405,-76.28905,0.0,295.0,511.0,SUNNY WILLIAMS,,WDE4940,80,0,25,8,,80,A
367359930,2020-08-21T05:02:21,36.82402,-76.28904,0.0,310.7,511.0,SUNNY WILLIAMS,,WDE4940,80,0,25,8,,80,A
538002652,2020-08-21T04:54:52,36.87935,-76.32635,0.1,304.0,276.0,NAIAS,IMO9330800,V7KN8,70,5,225,32,14.0,70,A
369390000,2020-08-21T05:02:41,36.96183,-76.06467,15.9,108.0,107.0,SAFMARINE MAFADI,IMO9314210,KRIJ,70,0,292,32,11.8,70,A
366733250,2020-08-21T04:58:12,37.24873,-76.07296,1.2,334.0,511.0,ATLANTIC SURVEYOR,,WTR5417,70,15,31,7,,,A
367359930,2020-08-21T04:58:23,36.82406,-76.28909,0.0,295.6,511.0,SUNNY WILLIAMS,,WDE4940,80,0,25,8,,80,A
367359930,2020-08-21T05:01:03,36.82405,-76.28906,0.0,302.2,511.0,SUNNY WILLIAMS,,WDE4940,80,0,25,8,,80,A
367821000,2020-08-21T05:11:57,36.97285,-76.43364,0.0,0.0,511.0,YANO,IMO7825409,NAQH,70,0,276,32,13.0,70,A
477196100,2020-08-21T05:00:57,37.19795,-76.13457,0.1,69.1,174.0,DARYA MA,IMO9591674,VRJH5,70,1,229,32,14.5,,A
538002652,2020-08-21T05:00:51,36.87952,-76.32648,0.0,300.0,276.0,NAIAS,IMO9330800,V7KN8,70,5,225,32,14.0,70,A
215677000,2020-08-21T05:01:54,36.96292,-76.42421,0.0,147.3,39.0,RIZE,IMO9584035,9HA2781,70,5,229,32,14.5,,A
367861000,2020-08-21T05:15:00,36.94636,-76.32980,0.0,0.0,265.0,LARAMIE,IMO8906626,NLAR,80,5,193,29,,,A
366733250,2020-08-21T05:01:12,37.24967,-76.07349,1.4,345.8,511.0,ATLANTIC SURVEYOR,,WTR5417,70,15,31,7,,,A
538002652,2020-08-21T05:09:53,36.87947,-76.32643,0.0,300.0,276.0,NAIAS,IMO9330800,V7KN8,70,5,225,32,14.0,70,A
366733250,2020-08-21T05:05:01,37.25037,-76.07385,1.2,229.7,511.0,ATLANTIC SURVEYOR,,WTR5417,70,15,31,7,,,A
366733250,2020-08-21T04:59:32,37.24914,-76.07319,1.2,334.7,511.0,ATLANTIC SURVEYOR,,WTR5417,70,15,31,7,,,A
367822000,2020-08-21T05:02:55,36.97314,-76.43385,0.0,0.0,238.0,USNS SHUGHART,IMO7825394,NAOQ,70,5,276,32,13.0,70,A
367359930,2020-08-21T05:00:02,36.82405,-76.28908,0.0,299.9,511.0,SUNNY WILLIAMS,,WDE4940,80,0,25,8,,80,A
368026000,2020-08-21T05:03:21,36.86576,-76.31607,0.0,270.5,2.0,BENAVIDEZ,IMO9218210,NBHG,70,5,289,32,10.9,70,A
367861000,2020-08-21T05:03:00,36.94640,-76.32979,0.0,0.0,265.0,LARAMIE,IMO8906626,NLAR,80,5,193,29,,,A
538002652,2020-08-21T05:03:51,36.87947,-76.32647,0.0,300.0,276.0,NAIAS,IMO9330800,V7KN8,70,5,225,32,14.0,70,A
367821000,2020-08-21T05:06:48,36.97284,-76.43364,0.0,0.0,511.0,YANO,IMO7825409,NAQH,70,0,276,32,13.0,70,A
367359930,2020-08-21T05:05:01,36.82406,-76.28906,0.0,320.2,511.0,SUNNY WILLIAMS,,WDE4940,80,0,25,8,,80,A
366733250,2020-08-21T05:00:01,37.24929,-76.07329,1.1,334.3,511.0,ATLANTIC SURVEYOR,,WTR5417,70,15,31,7,,,A
366839000,2020-08-21T05:10:12,36.85347,-76.31083,0.0,0.0,39.0,CAPE RISE,IMO7530808,KAFG,70,5,197,32,10.0,,A
367821000,2020-08-21T05:00:08,36.97283,-76.43367,0.0,0.0,511.0,YANO,IMO7825409,NAQH,70,0,276,32,13.0,70,A
477196100,2020-08-21T05:15:58,37.19796,-76.13447,0.0,69.1,178.0,DARYA MA,IMO9591674,VRJH5,70,1,229,32,14.5,,A
338403000,2020-08-21T05:04:27,36.92482,-76.32976,0.0,355.3,355.0,MAERSK HARTFORD,IMO9333008,WMHA,70,5,299,40,14.5,,A
367932000,2020-08-21T05:00:08,36.94920,-76.32969,0.0,107.0,279.0,JOHN LENTHALL,IMO8325547,NJLN,80,5,193,29,,,A
367932000,2020-08-21T05:06:09,36.94909,-76.32974,0.0,107.0,279.0,JOHN LENTHALL,IMO8325547,NJLN,80,5,193,29,,,A
477196100,2020-08-21T05:09:56,37.19795,-76.13448,0.0,69.1,177.0,DARYA MA,IMO9591674,VRJH5,70,1,229,32,14.5,,A
368026000,2020-08-21T05:12:21,36.86575,-76.31604,0.0,270.5,2.0,BENAVIDEZ,IMO9218210,NBHG,70,5,289,32,10.9,70,A
367822000,2020-08-21T05:11:56,36.97313,-76.43385,0.0,0.0,238.0,USNS SHUGHART,IMO7825394,NAOQ,70,5,276,32,13.0,70,A
366733250,2020-08-21T05:12:51,37.24685,-76.07251,1.6,153.2,511.0,ATLANTIC SURVEYOR,,WTR5417,70,15,31,7,,,A
366733250,2020-08-21T05:09:41,37.24817,-76.07329,1.6,156.0,511.0,ATLANTIC SURVEYOR,,WTR5417,70,15,31,7,,,A
538006982,2020-08-21T05:02:16,36.96255,-76.42361,0.0,246.3,40.0,ANTE TOPIC,IMO9737072,V7TR4,70,5,,,,,A
538006982,2020-08-21T05:08:16,36.96260,-76.42364,0.0,246.3,40.0,ANTE TOPIC,IMO9737072,V7TR4,70,5,,,,,A
538002652,2020-08-21T05:12:51,36.87948,-76.32647,0.0,300.0,276.0,NAIAS,IMO9330800,V7KN8,70,5,225,32,14.0,70,A
338403000,2020-08-21T05:13:28,36.92480,-76.32968,0.0,121.6,355.0,MAERSK HARTFORD,IMO9333008,WMHA,70,5,299,40,14.5,,A
477196100,2020-08-21T05:12:58,37.19794,-76.13450,0.0,69.1,177.0,DARYA MA,IMO9591674,VRJH5,70,1,229,32,14.5,,A
538005042,2020-08-21T05:11:45,36.92760,-76.32992,0.0,355.0,355.0,NILEDUTCH OSPREY,IMO9365829,V7AP5,70,5,182,28,11.0,71,A
367821000,2020-08-21T05:04:08,36.97284,-76.43367,0.0,0.0,511.0,YANO,IMO7825409,NAQH,70,0,276,32,13.0,70,A
215677000,2020-08-21T05:22:50,36.96291,-76.42421,0.0,147.3,39.0,RIZE,IMO9584035,9HA2781,70,5,229,32,14.5,,A
338403000,2020-08-21T05:07:28,36.92484,-76.32973,0.0,121.6,355.0,MAERSK HARTFORD,IMO9333008,WMHA,70,5,299,40,14.5,,A
366839000,2020-08-21T05:16:13,36.85353,-76.31080,0.0,0.0,39.0,CAPE RISE,IMO7530808,KAFG,70,5,197,32,10.0,,A
367861000,2020-08-21T05:17:59,36.94638,-76.32981,0.0,0.0,265.0,LARAMIE,IMO8906626,NLAR,80,5,193,29,,,A
367821000,2020-08-21T05:17:17,36.97286,-76.43365,0.0,0.0,511.0,YANO,IMO7825409,NAQH,70,0,276,32,13.0,70,A
538006982,2020-08-21T05:05:16,36.96259,-76.42367,0.0,246.3,40.0,ANTE TOPIC,IMO9737072,V7TR4,70,5,,,,,A
338403000,2020-08-21T05:10:27,36.92482,-76.32968,0.0,355.4,355.0,MAERSK HARTFORD,IMO9333008,WMHA,70,5,299,40,14.5,,A
367932000,2020-08-21T05:12:09,36.94920,-76.32975,0.0,107.0,279.0,JOHN LENTHALL,IMO8325547,NJLN,80,5,193,29,,,A
538006982,2020-08-21T05:11:16,36.96260,-76.42364,0.0,322.8,40.0,ANTE TOPIC,IMO9737072,V7TR4,70,5,,,,,A
367861000,2020-08-21T05:06:00,36.94637,-76.32979,0.0,0.0,265.0,LARAMIE,IMO8906626,NLAR,80,5,193,29,,,A
367359930,2020-08-21T05:17:12,36.82405,-76.28906,0.0,293.2,511.0,SUNNY WILLIAMS,,WDE4940,80,0,25,8,,80,A
367359930,2020-08-21T05:30:21,36.82405,-76.28905,0.0,332.2,511.0,SUNNY WILLIAMS,,WDE4940,80,0,25,8,,80,A
366733250,2020-08-21T05:07:41,37.24910,-76.07376,1.9,160.9,511.0,ATLANTIC SURVEYOR,,WTR5417,70,15,31,7,,,A
367359930,2020-08-21T05:19:01,36.82406,-76.28905,0.0,306.6,511.0,SUNNY WILLIAMS,,WDE4940,80,0,25,8,,80,A
366839000,2020-08-21T05:07:06,36.85350,-76.31084,0.0,0.0,39.0,CAPE RISE,IMO7530808,KAFG,70,5,197,32,10.0,,A
366839000,2020-08-21T05:13:09,36.85350,-76.31080,0.0,0.0,39.0,CAPE RISE,IMO7530808,KAFG,70,5,197,32,10.0,,A
367359930,2020-08-21T05:20:43,36.82406,-76.28905,0.0,314.8,511.0,SUNNY WILLIAMS,,WDE4940,80,0,25,8,,80,A
538005042,2020-08-21T05:20:49,36.92760,-76.32992,0.0,355.0,355.0,NILEDUTCH OSPREY,IMO9365829,V7AP5,70,5,182,28,11.0,71,A
366733250,2020-08-21T05:13:52,37.24642,-76.07223,1.7,152.4,511.0,ATLANTIC SURVEYOR,,WTR5417,70,15,31,7,,,A
367932000,2020-08-21T05:15:09,36.94915,-76.32989,0.0,107.0,279.0,JOHN LENTHALL,IMO8325547,NJLN,80,5,193,29,,,A
338403000,2020-08-21T05:22:28,36.92484,-76.32976,0.0,121.6,355.0,MAERSK HARTFORD,IMO9333008,WMHA,70,5,299,40,14.5,,A
367821000,2020-08-21T05:23:28,36.97286,-76.43365,0.0,0.0,511.0,YANO,IMO7825409,NAQH,70,0,276,32,13.0,70,A
366733250,2020-08-21T05:15:02,37.24588,-76.07189,1.8,155.1,511.0,ATLANTIC SURVEYOR,,WTR5417,70,15,31,7,,,A
366733250,2020-08-21T05:34:12,37.23769,-76.06713,1.7,157.2,511.0,ATLANTIC SURVEYOR,,WTR5417,70,15,31,7,,,A
338403000,2020-08-21T05:16:26,36.92484,-76.32972,0.0,355.4,355.0,MAERSK HARTFORD,IMO9333008,WMHA,70,5,299,40,14.5,,A
367821000,2020-08-21T05:34:47,36.97285,-76.43365,0.0,0.0,511.0,YANO,IMO7825409,NAQH,70,0,276,32,13.0,70,A
538002652,2020-08-21T05:15:50,36.87948,-76.32647,0.0,300.0,276.0,NAIAS,IMO9330800,V7KN8,70,5,225,32,14.0,70,A
367932000,2020-08-21T05:24:07,36.94921,-76.32963,0.0,107.0,279.0,JOHN LENTHALL,IMO8325547,NJLN,80,5,193,29,,,A
215677000,2020-08-21T05:07:54,36.96293,-76.42422,0.0,147.3,39.0,RIZE,IMO9584035,9HA2781,70,5,229,32,14.5,,A
367822000,2020-08-21T05:17:54,36.97314,-76.43385,0.0,0.0,238.0,USNS SHUGHART,IMO7825394,NAOQ,70,5,276,32,13.0,70,A
477196100,2020-08-21T05:18:58,37.19795,-76.13451,0.0,69.1,178.0,DARYA MA,IMO9591674,VRJH5,70,1,229,32,14.5,,A
538002652,2020-08-21T05:18:52,36.87943,-76.32647,0.0,300.0,276.0,NAIAS,IMO9330800,V7KN8,70,5,225,32,14.0,70,A
368026000,2020-08-21T05:18:20,36.86577,-76.31605,0.0,270.5,2.0,BENAVIDEZ,IMO9218210,NBHG,70,5,289,32,10.9,70,A
367861000,2020-08-21T05:09:01,36.94638,-76.32982,0.0,0.0,265.0,LARAMIE,IMO8906626,NLAR,80,5,193,29,,,A
338403000,2020-08-21T05:34:29,36.92482,-76.32981,0.0,355.3,355.0,MAERSK HARTFORD,IMO9333008,WMHA,70,5,299,40,14.5,,A
215677000,2020-08-21T05:13:50,36.96290,-76.42419,0.0,147.3,39.0,RIZE,IMO9584035,9HA2781,70,5,229,32,14.5,,A
538006982,2020-08-21T05:20:16,36.96258,-76.42365,0.0,322.3,40.0,ANTE TOPIC,IMO9737072,V7TR4,70,5,,,,,A
367359930,2020-08-21T05:28:02,36.82406,-76.28906,0.0,326.1,511.0,SUNNY WILLIAMS,,WDE4940,80,0,25,8,,80,A
366839000,2020-08-21T05:19:08,36.85353,-76.31081,0.0,0.0,39.0,CAPE RISE,IMO7530808,KAFG,70,5,197,32,10.0,,A
367932000,2020-08-21T05:09:08,36.94922,-76.32967,0.0,107.0,279.0,JOHN LENTHALL,IMO8325547,NJLN,80,5,193,29,,,A
338403000,2020-08-21T05:19:28,36.92481,-76.32975,0.0,355.4,355.0,MAERSK HARTFORD,IMO9333008,WMHA,70,5,299,40,14.5,,A
366733250,2020-08-21T05:36:52,37.23641,-76.06650,1.9,158.4,511.0,ATLANTIC SURVEYOR,,WTR5417,70,15,31,7,,,A
366839000,2020-08-21T05:22:14,36.85348,-76.31083,0.0,0.0,39.0,CAPE RISE,IMO7530808,KAFG,70,5,197,32,10.0,,A
367861000,2020-08-21T05:24:00,36.94638,-76.32973,0.0,0.0,265.0,LARAMIE,IMO8906626,NLAR,80,5,193,29,,,A
477196100,2020-08-21T05:36:53,37.19792,-76.13475,0.1,69.1,166.0,DARYA MA,IMO9591674,VRJH5,70,1,229,32,14.5,,A
538002652,2020-08-21T05:24:50,36.87942,-76.32647,0.0,300.0,276.0,NAIAS,IMO9330800,V7KN8,70,5,225,32,14.0,70,A
367861000,2020-08-21T05:21:01,36.94636,-76.32984,0.0,0.0,265.0,LARAMIE,IMO8906626,NLAR,80,5,193,29,,,A
367822000,2020-08-21T05:23:54,36.97315,-76.43385,0.0,0.0,238.0,USNS SHUGHART,IMO7825394,NAOQ,70,5,276,32,13.0,70,A
368026000,2020-08-21T05:24:21,36.86577,-76.31602,0.0,270.5,2.0,BENAVIDEZ,IMO9218210,NBHG,70,5,289,32,10.9,70,A
367359930,2020-08-21T05:37:33,36.82407,-76.28907,0.0,330.5,511.0,SUNNY WILLIAMS,,WDE4940,80,0,25,8,,80,A
367359930,2020-08-21T05:39:33,36.82405,-76.28904,0.0,328.7,511.0,SUNNY WILLIAMS,,WDE4940,80,0,25,8,,80,A
366733250,2020-08-21T05:39:52,37.23488,-76.06575,1.8,158.2,511.0,ATLANTIC SURVEYOR,,WTR5417,70,15,31,7,,,A
367821000,2020-08-21T05:19:48,36.97286,-76.43365,0.0,0.0,511.0,YANO,IMO7825409,NAQH,70,0,276,32,13.0,70,A
367821000,2020-08-21T05:30:47,36.97286,-76.43365,0.0,0.0,511.0,YANO,IMO7825409,NAQH,70,0,276,32,13.0,70,A
538006982,2020-08-21T05:26:16,36.96257,-76.42364,0.0,322.3,40.0,ANTE TOPIC,IMO9737072,V7TR4,70,5,,,,,A
367821000,2020-08-21T05:21:08,36.97286,-76.43365,0.0,0.0,511.0,YANO,IMO7825409,NAQH,70,0,276,32,13.0,70,A
367822000,2020-08-21T05:14:54,36.97314,-76.43385,0.0,0.0,238.0,USNS SHUGHART,IMO7825394,NAOQ,70,5,276,32,13.0,70,A
538006982,2020-08-21T05:14:16,36.96260,-76.42366,0.0,322.3,40.0,ANTE TOPIC,IMO9737072,V7TR4,70,5,,,,,A
368026000,2020-08-21T05:15:20,36.86575,-76.31606,0.0,270.5,2.0,BENAVIDEZ,IMO9218210,NBHG,70,5,289,32,10.9,70,A
368026000,2020-08-21T05:21:21,36.86576,-76.31603,0.0,270.5,2.0,BENAVIDEZ,IMO9218210,NBHG,70,5,289,32,10.9,70,A
367861000,2020-08-21T05:27:00,36.94638,-76.32984,0.0,0.0,265.0,LARAMIE,IMO8906626,NLAR,80,5,193,29,,,A
367822000,2020-08-21T05:38:56,36.97310,-76.43385,0.0,0.0,238.0,USNS SHUGHART,IMO7825394,NAOQ,70,5,276,32,13.0,70,A
367359930,2020-08-21T05:24:43,36.82405,-76.28906,0.0,331.3,511.0,SUNNY WILLIAMS,,WDE4940,80,0,25,8,,80,A
366733250,2020-08-21T05:35:41,37.23699,-76.06677,1.8,159.1,511.0,ATLANTIC SURVEYOR,,WTR5417,70,15,31,7,,,A
366733250,2020-08-21T05:16:11,37.24537,-76.07157,1.7,155.2,511.0,ATLANTIC SURVEYOR,,WTR5417,70,15,31,7,,,A
367821000,2020-08-21T05:43:48,36.97286,-76.43366,0.0,0.0,511.0,YANO,IMO7825409,NAQH,70,0,276,32,13.0,70,A
338403000,2020-08-21T05:40:30,36.92477,-76.32967,0.0,121.6,355.0,MAERSK HARTFORD,IMO9333008,WMHA,70,5,299,40,14.5,,A
366733250,2020-08-21T05:25:52,37.24132,-76.06906,1.7,153.8,511.0,ATLANTIC SURVEYOR,,WTR5417,70,15,31,7,,,A
538006982,2020-08-21T05:29:16,36.96258,-76.42364,0.0,322.3,40.0,ANTE TOPIC,IMO9737072,V7TR4,70,5,,,,,A
215677000,2020-08-21T05:25:51,36.96290,-76.42421,0.0,147.3,39.0,RIZE,IMO9584035,9HA2781,70,5,229,32,14.5,,A
367359930,2020-08-21T05:45:22,36.82405,-76.28905,0.0,336.0,511.0,SUNNY WILLIAMS,,WDE4940,80,0,25,8,,80,A
538002652,2020-08-21T05:27:51,36.87942,-76.32647,0.0,300.0,276.0,NAIAS,IMO9330800,V7KN8,70,5,225,32,14.0,70,A
366733250,2020-08-21T05:43:42,37.23289,-76.06475,2.0,157.0,511.0,ATLANTIC SURVEYOR,,WTR5417,70,15,31,7,,,A
367821000,2020-08-21T05:42:37,36.97285,-76.43367,0.0,0.0,511.0,YANO,IMO7825409,NAQH,70,0,276,32,13.0,70,A
367932000,2020-08-21T05:27:09,36.94918,-76.32968,0.0,107.0,279.0,JOHN LENTHALL,IMO8325547,NJLN,80,5,193,29,,,A
366839000,2020-08-21T05:43:15,36.85350,-76.31079,0.0,0.0,39.0,CAPE RISE,IMO7530808,KAFG,70,5,197,32,10.0,,A
367861000,2020-08-21T05:30:01,36.94645,-76.32978,0.0,0.0,265.0,LARAMIE,IMO8906626,NLAR,80,5,193,29,,,A
366839000,2020-08-21T05:28:14,36.85349,-76.31083,0.0,0.0,39.0,CAPE RISE,IMO7530808,KAFG,70,5,197,32,10.0,,A
367359930,2020-08-21T05:44:03,36.82405,-76.28905,0.0,333.8,511.0,SUNNY WILLIAMS,,WDE4940,80,0,25,8,,80,A
366733250,2020-08-21T05:29:52,37.23961,-76.06813,1.6,156.9,511.0,ATLANTIC SURVEYOR,,WTR5417,70,15,31,7,,,A
367822000,2020-08-21T05:44:54,36.97310,-76.43383,0.0,0.0,238.0,USNS SHUGHART,IMO7825394,NAOQ,70,5,276,32,13.0,70,A
368026000,2020-08-21T05:45:21,36.86579,-76.31606,0.0,270.5,2.0,BENAVIDEZ,IMO9218210,NBHG,70,5,289,32,10.9,70,A
367821000,2020-08-21T05:48:07,36.97287,-76.43366,0.0,0.0,511.0,YANO,IMO7825409,NAQH,70,0,276,32,13.0,70,A
366733250,2020-08-21T05:45:22,37.23201,-76.06426,2.0,157.1,511.0,ATLANTIC SURVEYOR,,WTR5417,70,15,31,7,,,A
367359930,2020-08-21T05:49:03,36.82404,-76.28904,0.0,7.2,511.0,SUNNY WILLIAMS,,WDE4940,80,0,25,8,,80,A
538002652,2020-08-21T05:30:50,36.87943,-76.32647,0.0,300.0,276.0,NAIAS,IMO9330800,V7KN8,70,5,225,32,14.0,70,A
367932000,2020-08-21T05:30:08,36.94920,-76.32969,0.0,107.0,279.0,JOHN LENTHALL,IMO8325547,NJLN,80,5,193,29,,,A
538005042,2020-08-21T05:32:51,36.92759,-76.32993,0.0,355.0,355.0,NILEDUTCH OSPREY,IMO9365829,V7AP5,70,5,182,28,11.0,71,A
477196100,2020-08-21T05:21:57,37.19798,-76.13457,0.1,69.1,178.0,DARYA MA,IMO9591674,VRJH5,70,1,229,32,14.5,,A
367359930,2020-08-21T05:51:03,36.82404,-76.28905,0.0,7.1,511.0,SUNNY WILLIAMS,,WDE4940,80,0,25,8,,80,A
477196100,2020-08-21T05:51:58,37.19782,-76.13415,0.1,96.0,176.0,DARYA MA,IMO9591674,VRJH5,70,1,229,32,14.5,,A
367932000,2020-08-21T05:33:08,36.94927,-76.32967,0.0,107.0,279.0,JOHN LENTHALL,IMO8325547,NJLN,80,5,193,29,,,A
538006982,2020-08-21T05:35:16,36.96259,-76.42366,0.0,322.3,40.0,ANTE TOPIC,IMO9737072,V7TR4,70,5,,,,,A
367861000,2020-08-21T05:36:00,36.94637,-76.32984,0.0,0.0,265.0,LARAMIE,IMO8906626,NLAR,80,5,193,29,,,A
366839000,2020-08-21T05:25:12,36.85350,-76.31078,0.0,0.0,39.0,CAPE RISE,IMO7530808,KAFG,70,5,197,32,10.0,,A
367821000,2020-08-21T05:56:37,36.97286,-76.43365,0.0,0.0,511.0,YANO,IMO7825409,NAQH,70,0,276,32,13.0,70,A
367932000,2020-08-21T05:36:08,36.94922,-76.32966,0.0,107.0,279.0,JOHN LENTHALL,IMO8325547,NJLN,80,5,193,29,,,A
367359930,2020-08-21T05:59:22,36.82407,-76.28908,0.0,6.6,511.0,SUNNY WILLIAMS,,WDE4940,80,0,25,8,,80,A
367861000,2020-08-21T05:38:59,36.94635,-76.32982,0.0,0.0,265.0,LARAMIE,IMO8906626,NLAR,80,5,193,29,,,A
367359930,2020-08-21T05:40:42,36.82404,-76.28904,0.0,330.1,511.0,SUNNY WILLIAMS,,WDE4940,80,0,25,8,,80,A
538002652,2020-08-21T05:36:51,36.87945,-76.32635,0.0,300.0,276.0,NAIAS,IMO9330800,V7KN8,70,5,225,32,14.0,70,A
367359930,2020-08-21T05:56:43,36.82407,-76.28907,0.0,10.7,511.0,SUNNY WILLIAMS,,WDE4940,80,0,25,8,,80,A
367359930,2020-08-21T05:55:11,36.82406,-76.28907,0.0,8.9,511.0,SUNNY WILLIAMS,,WDE4940,80,0,25,8,,80,A
538006982,2020-08-21T05:41:16,36.96257,-76.42366,0.0,322.3,40.0,ANTE TOPIC,IMO9737072,V7TR4,70,5,,,,,A
538006982,2020-08-21T05:38:16,36.96260,-76.42362,0.0,322.3,40.0,ANTE TOPIC,IMO9737072,V7TR4,70,5,,,,,A
367359930,2020-08-21T05:58:11,36.82408,-76.28909,0.0,9.0,511.0,SUNNY WILLIAMS,,WDE4940,80,0,25,8,,80,A
367359930,2020-08-21T05:42:33,36.82404,-76.28904,0.0,331.1,511.0,SUNNY WILLIAMS,,WDE4940,80,0,25,8,,80,A
338403000,2020-08-21T05:43:26,36.92482,-76.32969,0.0,121.6,355.0,MAERSK HARTFORD,IMO9333008,WMHA,70,5,299,40,14.5,,A
538002652,2020-08-21T05:39:51,36.87942,-76.32655,0.0,300.0,277.0,NAIAS,IMO9330800,V7KN8,70,5,225,32,14.0,70,A
366839000,2020-08-21T05:46:08,36.85349,-76.31082,0.0,0.0,39.0,CAPE RISE,IMO7530808,KAFG,70,5,197,32,10.0,,A
215677000,2020-08-21T05:43:56,36.96290,-76.42419,0.0,147.3,39.0,RIZE,IMO9584035,9HA2781,70,5,229,32,14.5,,A
367822000,2020-08-21T05:47:55,36.97310,-76.43383,0.0,0.0,238.0,USNS SHUGHART,IMO7825394,NAOQ,70,5,276,32,13.0,70,A
538002652,2020-08-21T05:42:51,36.87943,-76.32648,0.0,300.0,277.0,NAIAS,IMO9330800,V7KN8,70,5,225,32,14.0,70,A
367932000,2020-08-21T05:42:08,36.94926,-76.32972,0.0,107.0,279.0,JOHN LENTHALL,IMO8325547,NJLN,80,5,193,29,,,A
367821000,2020-08-21T05:46:17,36.97286,-76.43366,0.0,0.0,511.0,YANO,IMO7825409,NAQH,70,0,276,32,13.0,70,A
477196100,2020-08-21T05:45:56,37.19782,-76.13443,0.2,101.7,169.0,DARYA MA,IMO9591674,VRJH5,70,1,229,32,14.5,,A
538002652,2020-08-21T05:45:49,36.87945,-76.32650,0.0,300.0,277.0,NAIAS,IMO9330800,V7KN8,70,5,225,32,14.0,70,A
538006982,2020-08-21T05:47:16,36.96262,-76.42367,0.0,322.3,40.0,ANTE TOPIC,IMO9737072,V7TR4,70,5,,,,,A
367861000,2020-08-21T05:45:00,36.94644,-76.32987,0.0,0.0,266.0,LARAMIE,IMO8906626,NLAR,80,5,193,29,,,A
338403000,2020-08-21T05:46:29,36.92479,-76.32971,0.0,355.2,355.0,MAERSK HARTFORD,IMO9333008,WMHA,70,5,299,40,14.5,,A
367359930,2020-08-21T05:47:32,36.82405,-76.28904,0.0,357.7,511.0,SUNNY WILLIAMS,,WDE4940,80,0,25,8,,80,A
367821000,2020-08-21T05:49:38,36.97286,-76.43366,0.0,0.0,511.0,YANO,IMO7825409,NAQH,70,0,276,32,13.0,70,A
367822000,2020-08-21T05:50:56,36.97310,-76.43383,0.0,0.0,238.0,USNS SHUGHART,IMO7825394,NAOQ,70,5,276,32,13.0,70,A
367861000,2020-08-21T05:48:00,36.94640,-76.32988,0.0,0.0,266.0,LARAMIE,IMO8906626,NLAR,80,5,193,29,,,A
367932000,2020-08-21T05:48:07,36.94915,-76.32971,0.0,107.0,279.0,JOHN LENTHALL,IMO8325547,NJLN,80,5,193,29,,,A
538002652,2020-08-21T05:33:50,36.87942,-76.32648,0.0,300.0,276.0,NAIAS,IMO9330800,V7KN8,70,5,225,32,14.0,70,A
338403000,2020-08-21T05:49:28,36.92482,-76.32970,0.0,121.6,355.0,MAERSK HARTFORD,IMO9333008,WMHA,70,5,299,40,14.5,,A
538006982,2020-08-21T05:32:16,36.96261,-76.42363,0.0,322.3,40.0,ANTE TOPIC,IMO9737072,V7TR4,70,5,,,,,A
538005042,2020-08-21T05:51:00,36.92759,-76.32993,0.0,354.0,354.0,NILEDUTCH OSPREY,IMO9365829,V7AP5,70,5,182,28,11.0,71,A
366839000,2020-08-21T05:49:17,36.85348,-76.31079,0.0,0.0,39.0,CAPE RISE,IMO7530808,KAFG,70,5,197,32,10.0,,A
538006982,2020-08-21T05:50:16,36.96260,-76.42363,0.0,322.3,40.0,ANTE TOPIC,IMO9737072,V7TR4,70,5,,,,,A
538005042,2020-08-21T05:54:04,36.92759,-76.32993,0.0,354.0,354.0,NILEDUTCH OSPREY,IMO9365829,V7AP5,70,5,182,28,11.0,71,A
368026000,2020-08-21T05:54:21,36.86574,-76.31603,0.0,270.5,2.0,BENAVIDEZ,IMO9218210,NBHG,70,5,289,32,10.9,70,A
367861000,2020-08-21T05:33:01,36.94644,-76.32988,0.0,0.0,265.0,LARAMIE,IMO8906626,NLAR,80,5,193,29,,,A
367821000,2020-08-21T05:52:27,36.97286,-76.43366,0.0,0.0,511.0,YANO,IMO7825409,NAQH,70,0,276,32,13.0,70,A
538006982,2020-08-21T05:53:16,36.96258,-76.42363,0.0,222.1,40.0,ANTE TOPIC,IMO9737072,V7TR4,70,5,,,,,A
367932000,2020-08-21T05:54:09,36.94922,-76.32957,0.0,107.0,279.0,JOHN LENTHALL,IMO8325547,NJLN,80,5,193,29,,,A
215677000,2020-08-21T05:52:50,36.96292,-76.42419,0.0,147.3,39.0,RIZE,IMO9584035,9HA2781,70,5,229,32,14.5,,A
367861000,2020-08-21T05:53:59,36.94636,-76.32986,0.0,0.0,265.0,LARAMIE,IMO8906626,NLAR,80,5,193,29,,,A
338403000,2020-08-21T05:55:29,36.92482,-76.32972,0.0,121.6,355.0,MAERSK HARTFORD,IMO9333008,WMHA,70,5,299,40,14.5,,A
538006982,2020-08-21T05:56:16,36.96256,-76.42363,0.0,222.1,40.0,ANTE TOPIC,IMO9737072,V7TR4,70,5,,,,,A
366839000,2020-08-21T05:55:15,36.85348,-76.31082,0.0,0.0,39.0,CAPE RISE,IMO7530808,KAFG,70,5,197,32,10.0,,A
367821000,2020-08-21T05:54:57,36.97286,-76.43366,0.0,0.0,511.0,YANO,IMO7825409,NAQH,70,0,276,32,13.0,70,A
367822000,2020-08-21T05:56:55,36.97311,-76.43383,0.0,0.0,238.0,USNS SHUGHART,IMO7825394,NAOQ,70,5,276,32,13.0,70,A
368026000,2020-08-21T05:57:20,36.86575,-76.31603,0.0,270.5,2.0,BENAVIDEZ,IMO9218210,NBHG,70,5,289,32,10.9,70,A
367821000,2020-08-21T05:59:37,36.97286,-76.43366,0.0,0.0,511.0,YANO,IMO7825409,NAQH,70,0,276,32,13.0,70,A
367932000,2020-08-21T05:39:08,36.94919,-76.32977,0.0,107.0,279.0,JOHN LENTHALL,IMO8325547,NJLN,80,5,193,29,,,A
477196100,2020-08-21T05:57:58,37.19786,-76.13382,0.2,83.2,185.0,DARYA MA,IMO9591674,VRJH5,70,1,229,32,14.5,,A
338403000,2020-08-21T05:58:27,36.92477,-76.32971,0.0,121.6,355.0,MAERSK HARTFORD,IMO9333008,WMHA,70,5,299,40,14.5,,A
367821000,2020-08-21T06:00:07,36.97286,-76.43366,0.0,0.0,511.0,YANO,IMO7825409,NAQH,70,0,276,32,13.0,70,A
366839000,2020-08-21T06:01:06,36.85350,-76.31082,0.0,0.0,39.0,CAPE RISE,IMO7530808,KAFG,70,5,197,32,10.0,,A
538006982,2020-08-21T05:44:16,36.96258,-76.42365,0.0,322.3,40.0,ANTE TOPIC,IMO9737072,V7TR4,70,5,,,,,A
367861000,2020-08-21T05:42:01,36.94642,-76.32986,0.0,0.0,265.0,LARAMIE,IMO8906626,NLAR,80,5,193,29,,,A
477196100,2020-08-21T06:00:58,37.19786,-76.13364,0.1,85.6,192.0,DARYA MA,IMO9591674,VRJH5,70,1,229,32,14.5,,A
367359930,2020-08-21T06:00:02,36.82408,-76.28909,0.0,4.2,511.0,SUNNY WILLIAMS,,WDE4940,80,0,25,8,,80,A
538006982,2020-08-21T06:02:16,36.96263,-76.42369,0.1,294.9,40.0,ANTE TOPIC,IMO9737072,V7TR4,70,5,,,,,A
368026000,2020-08-21T05:48:21,36.86577,-76.31605,0.0,270.5,2.0,BENAVIDEZ,IMO9218210,NBHG,70,5,289,32,10.9,70,A
368026000,2020-08-21T06:00:21,36.86576,-76.31604,0.0,270.5,2.0,BENAVIDEZ,IMO9218210,NBHG,70,5,289,32,10.9,70,A
538002652,2020-08-21T05:48:49,36.87945,-76.32650,0.0,300.0,277.0,NAIAS,IMO9330800,V7KN8,70,5,225,32,14.0,70,A
367821000,2020-08-21T06:02:47,36.97285,-76.43366,0.0,0.0,511.0,YANO,IMO7825409,NAQH,70,0,276,32,13.0,70,A
367861000,2020-08-21T06:03:00,36.94635,-76.32983,0.0,0.0,265.0,LARAMIE,IMO8906626,NLAR,80,5,193,29,,,A
366839000,2020-08-21T05:52:10,36.85348,-76.31081,0.0,0.0,39.0,CAPE RISE,IMO7530808,KAFG,70,5,197,32,10.0,,A
215677000,2020-08-21T06:01:57,36.96292,-76.42418,0.0,147.3,39.0,RIZE,IMO9584035,9HA2781,70,5,229,32,14.5,,A
538005042,2020-08-21T06:03:07,36.92759,-76.32993,0.0,355.0,355.0,NILEDUTCH OSPREY,IMO9365829,V7AP5,70,5,182,28,11.0,71,A
215677000,2020-08-21T06:07:57,36.96293,-76.42420,0.0,147.3,39.0,RIZE,IMO9584035,9HA2781,70,5,229,32,14.5,,A
367359930,2020-08-21T06:02:42,36.82404,-76.28904,0.0,352.3,511.0,SUNNY WILLIAMS,,WDE4940,80,0,25,8,,80,A
368026000,2020-08-21T06:03:21,36.86576,-76.31603,0.0,270.5,2.0,BENAVIDEZ,IMO9218210,NBHG,70,5,289,32,10.9,70,A
215677000,2020-08-21T05:55:56,36.96292,-76.42419,0.0,147.3,39.0,RIZE,IMO9584035,9HA2781,70,5,229,32,14.5,,A
368026000,2020-08-21T06:06:22,36.86576,-76.31605,0.0,270.5,2.0,BENAVIDEZ,IMO9218210,NBHG,70,5,289,32,10.9,70,A
367932000,2020-08-21T06:09:07,36.94919,-76.32962,0.0,107.0,279.0,JOHN LENTHALL,IMO8325547,NJLN,80,5,193,29,,,A
367861000,2020-08-21T06:06:00,36.94638,-76.32977,0.0,0.0,265.0,LARAMIE,IMO8906626,NLAR,80,5,193,29,,,A
367359930,2020-08-21T06:10:32,36.82405,-76.28906,0.0,305.4,511.0,SUNNY WILLIAMS,,WDE4940,80,0,25,8,,80,A
366839000,2020-08-21T05:58:10,36.85351,-76.31081,0.0,0.0,39.0,CAPE RISE,IMO7530808,KAFG,70,5,197,32,10.0,,A
538006982,2020-08-21T06:05:16,36.96261,-76.42366,0.0,295.1,40.0,ANTE TOPIC,IMO9737072,V7TR4,70,5,,,,,A
367821000,2020-08-21T06:03:58,36.97285,-76.43366,0.0,0.0,511.0,YANO,IMO7825409,NAQH,70,0,276,32,13.0,70,A
477196100,2020-08-21T06:06:59,37.19780,-76.13349,0.1,85.6,196.0,DARYA MA,IMO9591674,VRJH5,70,1,229,32,14.5,,A
215677000,2020-08-21T05:58:52,36.96291,-76.42419,0.0,147.3,39.0,RIZE,IMO9584035,9HA2781,70,5,229,32,14.5,,A
215677000,2020-08-21T06:04:54,36.96289,-76.42419,0.1,147.3,39.0,RIZE,IMO9584035,9HA2781,70,5,229,32,14.5,,A
367932000,2020-08-21T05:57:08,36.94919,-76.32966,0.0,107.0,279.0,JOHN LENTHALL,IMO8325547,NJLN,80,5,193,29,,,A
367359930,2020-08-21T06:11:42,36.82405,-76.28905,0.0,307.3,511.0,SUNNY WILLIAMS,,WDE4940,80,0,25,8,,80,A
538006982,2020-08-21T05:59:16,36.96256,-76.42365,0.0,222.1,40.0,ANTE TOPIC,IMO9737072,V7TR4,70,5,,,,,A
367359930,2020-08-21T06:08:51,36.82404,-76.28906,0.0,312.4,511.0,SUNNY WILLIAMS,,WDE4940,80,0,25,8,,80,A
367861000,2020-08-21T06:00:01,36.94641,-76.32987,0.0,0.0,265.0,LARAMIE,IMO8906626,NLAR,80,5,193,29,,,A
538005042,2020-08-21T06:06:06,36.92759,-76.32993,0.0,355.0,355.0,NILEDUTCH OSPREY,IMO9365829,V7AP5,70,5,182,28,11.0,71,A
538002652,2020-08-21T06:06:51,36.87942,-76.32633,0.0,300.0,277.0,NAIAS,IMO9330800,V7KN8,70,5,225,32,14.0,70,A
367861000,2020-08-21T06:09:00,36.94637,-76.32976,0.0,0.0,265.0,LARAMIE,IMO8906626,NLAR,80,5,193,29,,,A
368026000,2020-08-21T06:09:21,36.86575,-76.31602,0.0,270.5,2.0,BENAVIDEZ,IMO9218210,NBHG,70,5,289,32,10.9,70,A
367822000,2020-08-21T05:59:55,36.97311,-76.43383,0.0,0.0,238.0,USNS SHUGHART,IMO7825394,NAOQ,70,5,276,32,13.0,70,A
367359930,2020-08-21T06:13:42,36.82404,-76.28905,0.0,304.2,511.0,SUNNY WILLIAMS,,WDE4940,80,0,25,8,,80,A
367359930,2020-08-21T06:15:12,36.82405,-76.28903,0.0,304.0,511.0,SUNNY WILLIAMS,,WDE4940,80,0,25,8,,80,A
367932000,2020-08-21T06:00:08,36.94920,-76.32935,0.0,107.0,279.0,JOHN LENTHALL,IMO8325547,NJLN,80,5,193,29,,,A
367821000,2020-08-21T06:09:17,36.97285,-76.43365,0.0,0.0,511.0,YANO,IMO7825409,NAQH,70,0,276,32,13.0,70,A
367821000,2020-08-21T06:01:37,36.97285,-76.43366,0.0,0.0,511.0,YANO,IMO7825409,NAQH,70,0,276,32,13.0,70,A
538002652,2020-08-21T06:09:51,36.87942,-76.32648,0.0,300.0,277.0,NAIAS,IMO9330800,V7KN8,70,5,225,32,14.0,70,A
367359930,2020-08-21T06:01:33,36.82406,-76.28907,0.0,0.5,511.0,SUNNY WILLIAMS,,WDE4940,80,0,25,8,,80,A
367932000,2020-08-21T06:12:07,36.94914,-76.32965,0.0,107.0,279.0,JOHN LENTHALL,IMO8325547,NJLN,80,5,193,29,,,A
338403000,2020-08-21T06:10:29,36.92480,-76.32966,0.0,121.6,355.0,MAERSK HARTFORD,IMO9333008,WMHA,70,5,299,40,14.5,,A
367821000,2020-08-21T06:10:38,36.97285,-76.43365,0.0,0.0,511.0,YANO,IMO7825409,NAQH,70,0,276,32,13.0,70,A
538006982,2020-08-21T06:11:16,36.96257,-76.42366,0.0,295.1,40.0,ANTE TOPIC,IMO9737072,V7TR4,70,5,,,,,A
367359930,2020-08-21T06:17:02,36.82405,-76.28904,0.0,299.9,511.0,SUNNY WILLIAMS,,WDE4940,80,0,25,8,,80,A
367822000,2020-08-21T06:08:55,36.97311,-76.43382,0.0,0.0,238.0,USNS SHUGHART,IMO7825394,NAOQ,70,5,276,32,13.0,70,A
367822000,2020-08-21T06:17:55,36.97311,-76.43383,0.0,0.0,238.0,USNS SHUGHART,IMO7825394,NAOQ,70,5,276,32,13.0,70,A
367821000,2020-08-21T06:17:57,36.97286,-76.43363,0.0,0.0,511.0,YANO,IMO7825409,NAQH,70,0,276,32,13.0,70,A
367822000,2020-08-21T06:02:55,36.97311,-76.43383,0.0,0.0,238.0,USNS SHUGHART,IMO7825394,NAOQ,70,5,276,32,13.0,70,A
477196100,2020-08-21T06:18:53,37.19759,-76.13319,0.1,122.2,200.0,DARYA MA,IMO9591674,VRJH5,70,1,229,32,14.5,,A
367932000,2020-08-21T06:03:07,36.94916,-76.32963,0.0,107.0,279.0,JOHN LENTHALL,IMO8325547,NJLN,80,5,193,29,,,A
367821000,2020-08-21T06:06:18,36.97285,-76.43366,0.0,0.0,511.0,YANO,IMO7825409,NAQH,70,0,276,32,13.0,70,A
477196100,2020-08-21T06:03:57,37.19786,-76.13354,0.1,85.6,195.0,DARYA MA,IMO9591674,VRJH5,70,1,229,32,14.5,,A
538002652,2020-08-21T06:03:51,36.87940,-76.32648,0.0,300.0,277.0,NAIAS,IMO9330800,V7KN8,70,5,225,32,14.0,70,A
215677000,2020-08-21T06:13:57,36.96290,-76.42421,0.0,147.3,39.0,RIZE,IMO9584035,9HA2781,70,5,229,32,14.5,,A
366839000,2020-08-21T06:04:12,36.85350,-76.31082,0.0,0.0,39.0,CAPE RISE,IMO7530808,KAFG,70,5,197,32,10.0,,A
367359930,2020-08-21T06:06:33,36.82404,-76.28906,0.0,322.2,511.0,SUNNY WILLIAMS,,WDE4940,80,0,25,8,,80,A
367359930,2020-08-21T06:21:12,36.82405,-76.28906,0.0,291.7,511.0,SUNNY WILLIAMS,,WDE4940,80,0,25,8,,80,A
538005042,2020-08-21T06:04:14,36.92759,-76.32993,0.0,355.0,355.0,NILEDUTCH OSPREY,IMO9365829,V7AP5,70,5,182,28,11.0,71,A
538005042,2020-08-21T06:12:11,36.92759,-76.32992,0.0,355.0,355.0,NILEDUTCH OSPREY,IMO9365829,V7AP5,70,5,182,28,11.0,71,A
538002652,2020-08-21T06:18:51,36.87945,-76.32647,0.0,300.0,276.0,NAIAS,IMO9330800,V7KN8,70,5,225,32,14.0,70,A
538006982,2020-08-21T06:14:16,36.96256,-76.42368,0.0,295.1,40.0,ANTE TOPIC,IMO9737072,V7TR4,70,5,,,,,A
367359930,2020-08-21T06:19:02,36.82405,-76.28906,0.0,295.1,511.0,SUNNY WILLIAMS,,WDE4940,80,0,25,8,,80,A
367359930,2020-08-21T06:23:12,36.82405,-76.28906,0.0,293.9,511.0,SUNNY WILLIAMS,,WDE4940,80,0,25,8,,80,A
538005042,2020-08-21T06:21:12,36.92758,-76.32993,0.0,355.0,355.0,NILEDUTCH OSPREY,IMO9365829,V7AP5,70,5,182,28,11.0,71,A
338403000,2020-08-21T06:13:26,36.92475,-76.32965,0.0,121.6,355.0,MAERSK HARTFORD,IMO9333008,WMHA,70,5,299,40,14.5,,A
367821000,2020-08-21T06:08:07,36.97285,-76.43365,0.0,0.0,511.0,YANO,IMO7825409,NAQH,70,0,276,32,13.0,70,A
367822000,2020-08-21T06:05:55,36.97311,-76.43383,0.0,0.0,238.0,USNS SHUGHART,IMO7825394,NAOQ,70,5,276,32,13.0,70,A
368026000,2020-08-21T06:15:21,36.86574,-76.31605,0.0,270.5,2.0,BENAVIDEZ,IMO9218210,NBHG,70,5,289,32,10.9,70,A
367821000,2020-08-21T06:24:08,36.97286,-76.43362,0.0,0.0,511.0,YANO,IMO7825409,NAQH,70,0,276,32,13.0,70,A
538006982,2020-08-21T06:08:16,36.96256,-76.42367,0.0,295.1,40.0,ANTE TOPIC,IMO9737072,V7TR4,70,5,,,,,A
367861000,2020-08-21T06:27:01,36.94637,-76.32980,0.0,0.0,265.0,LARAMIE,IMO8906626,NLAR,80,5,193,29,,,A
338403000,2020-08-21T06:16:28,36.92482,-76.32970,0.0,355.4,355.0,MAERSK HARTFORD,IMO9333008,WMHA,70,5,299,40,14.5,,A
215677000,2020-08-21T06:19:55,36.96289,-76.42419,0.0,147.3,39.0,RIZE,IMO9584035,9HA2781,70,5,229,32,14.5,,A
366839000,2020-08-21T06:31:12,36.85349,-76.31084,0.0,0.0,39.0,CAPE RISE,IMO7530808,KAFG,70,5,197,32,10.0,,A
367821000,2020-08-21T06:25:47,36.97286,-76.43362,0.0,0.0,511.0,YANO,IMO7825409,NAQH,70,0,276,32,13.0,70,A
367932000,2020-08-21T06:24:08,36.94916,-76.32965,0.0,107.0,279.0,JOHN LENTHALL,IMO8325547,NJLN,80,5,193,29,,,A
367821000,2020-08-21T06:31:18,36.97286,-76.43362,0.0,0.0,511.0,YANO,IMO7825409,NAQH,70,0,276,32,13.0,70,A
367821000,2020-08-21T06:27:28,36.97286,-76.43362,0.0,0.0,511.0,YANO,IMO7825409,NAQH,70,0,276,32,13.0,70,A
538002652,2020-08-21T06:15:52,36.87947,-76.32655,0.0,300.0,276.0,NAIAS,IMO9330800,V7KN8,70,5,225,32,14.0,70,A
367359930,2020-08-21T06:28:42,36.82405,-76.28904,0.0,320.3,511.0,SUNNY WILLIAMS,,WDE4940,80,0,25,8,,80,A
367359930,2020-08-21T06:35:33,36.82405,-76.28905,0.0,240.4,511.0,SUNNY WILLIAMS,,WDE4940,80,0,25,8,,80,A
215677000,2020-08-21T06:10:55,36.96292,-76.42418,0.0,147.3,39.0,RIZE,IMO9584035,9HA2781,70,5,229,32,14.5,,A
368026000,2020-08-21T06:36:20,36.86579,-76.31603,0.0,270.5,2.0,BENAVIDEZ,IMO9218210,NBHG,70,5,289,32,10.9,70,A
367861000,2020-08-21T06:30:00,36.94637,-76.32975,0.0,0.0,265.0,LARAMIE,IMO8906626,NLAR,80,5,193,29,,,A
368026000,2020-08-21T06:12:21,36.86577,-76.31605,0.0,270.5,2.0,BENAVIDEZ,IMO9218210,NBHG,70,5,289,32,10.9,70,A
367821000,2020-08-21T06:37:07,36.97285,-76.43362,0.0,0.0,511.0,YANO,IMO7825409,NAQH,70,0,276,32,13.0,70,A
367861000,2020-08-21T06:15:01,36.94636,-76.32974,0.0,0.0,265.0,LARAMIE,IMO8906626,NLAR,80,5,193,29,,,A
367821000,2020-08-21T06:21:08,36.97286,-76.43362,0.0,0.0,511.0,YANO,IMO7825409,NAQH,70,0,276,32,13.0,70,A
477196100,2020-08-21T06:21:56,37.19754,-76.13302,0.1,114.1,204.0,DARYA MA,IMO9591674,VRJH5,70,1,229,32,14.5,,A
366839000,2020-08-21T06:13:11,36.85349,-76.31083,0.0,0.0,39.0,CAPE RISE,IMO7530808,KAFG,70,5,197,32,10.0,,A
367821000,2020-08-21T06:34:07,36.97285,-76.43362,0.0,0.0,511.0,YANO,IMO7825409,NAQH,70,0,276,32,13.0,70,A
215677000,2020-08-21T06:22:54,36.96292,-76.42420,0.0,147.3,39.0,RIZE,IMO9584035,9HA2781,70,5,229,32,14.5,,A
538006982,2020-08-21T06:26:16,36.96257,-76.42367,0.0,295.1,40.0,ANTE TOPIC,IMO9737072,V7TR4,70,5,,,,,A
538002652,2020-08-21T06:36:50,36.87935,-76.32652,0.0,34.0,276.0,NAIAS,IMO9330800,V7KN8,70,5,225,32,14.0,70,A
367821000,2020-08-21T06:38:18,36.97285,-76.43362,0.0,0.0,511.0,YANO,IMO7825409,NAQH,70,0,276,32,13.0,70,A
215677000,2020-08-21T06:25:56,36.96290,-76.42420,0.0,147.3,39.0,RIZE,IMO9584035,9HA2781,70,5,229,32,14.5,,A
367821000,2020-08-21T06:40:27,36.97285,-76.43363,0.0,0.0,511.0,YANO,IMO7825409,NAQH,70,0,276,32,13.0,70,A
367359930,2020-08-21T06:38:11,36.82404,-76.28904,0.0,231.2,511.0,SUNNY WILLIAMS,,WDE4940,80,0,25,8,,80,A
367932000,2020-08-21T06:27:09,36.94918,-76.32969,0.0,107.0,279.0,JOHN LENTHALL,IMO8325547,NJLN,80,5,193,29,,,A
366839000,2020-08-21T06:16:12,36.85350,-76.31079,0.0,0.0,39.0,CAPE RISE,IMO7530808,KAFG,70,5,197,32,10.0,,A
366839000,2020-08-21T06:25:12,36.85346,-76.31083,0.0,0.0,39.0,CAPE RISE,IMO7530808,KAFG,70,5,197,32,10.0,,A
477196100,2020-08-21T06:42:57,37.19726,-76.13253,0.1,108.3,219.0,DARYA MA,IMO9591674,VRJH5,70,1,229,32,14.5,,A
367359930,2020-08-21T06:25:12,36.82407,-76.28905,0.0,309.1,511.0,SUNNY WILLIAMS,,WDE4940,80,0,25,8,,80,A
367821000,2020-08-21T06:44:07,36.97285,-76.43363,0.0,0.0,511.0,YANO,IMO7825409,NAQH,70,0,276,32,13.0,70,A
367932000,2020-08-21T06:30:08,36.94918,-76.32964,0.0,107.0,279.0,JOHN LENTHALL,IMO8325547,NJLN,80,5,193,29,,,A
338403000,2020-08-21T06:43:27,36.92479,-76.32971,0.0,355.3,355.0,MAERSK HARTFORD,IMO9333008,WMHA,70,5,299,40,14.5,,A
538002652,2020-08-21T06:30:52,36.87943,-76.32652,0.0,300.0,276.0,NAIAS,IMO9330800,V7KN8,70,5,225,32,14.0,70,A
368026000,2020-08-21T06:18:21,36.86576,-76.31606,0.0,270.5,2.0,BENAVIDEZ,IMO9218210,NBHG,70,5,289,32,10.9,70,A
367821000,2020-08-21T06:28:47,36.97286,-76.43362,0.0,0.0,511.0,YANO,IMO7825409,NAQH,70,0,276,32,13.0,70,A
367822000,2020-08-21T06:44:56,36.97309,-76.43383,0.0,0.0,238.0,USNS SHUGHART,IMO7825394,NAOQ,70,5,276,32,13.0,70,A
215677000,2020-08-21T06:31:55,36.96289,-76.42418,0.0,147.3,39.0,RIZE,IMO9584035,9HA2781,70,5,229,32,14.5,,A
367822000,2020-08-21T06:20:56,36.97311,-76.43382,0.0,0.0,238.0,USNS SHUGHART,IMO7825394,NAOQ,70,5,276,32,13.0,70,A
367821000,2020-08-21T06:50:18,36.97280,-76.43373,0.0,0.0,511.0,YANO,IMO7825409,NAQH,70,0,276,32,13.0,70,A
367359930,2020-08-21T06:50:43,36.82406,-76.28905,0.0,231.3,511.0,SUNNY WILLIAMS,,WDE4940,80,0,25,8,,80,A
368026000,2020-08-21T06:21:21,36.86577,-76.31603,0.0,270.5,2.0,BENAVIDEZ,IMO9218210,NBHG,70,5,289,32,10.9,70,A
367821000,2020-08-21T06:35:18,36.97286,-76.43362,0.0,0.0,511.0,YANO,IMO7825409,NAQH,70,0,276,32,13.0,70,A
366839000,2020-08-21T06:34:12,36.85347,-76.31082,0.0,0.0,39.0,CAPE RISE,IMO7530808,KAFG,70,5,197,32,10.0,,A
538002652,2020-08-21T06:51:50,36.87945,-76.32642,0.0,34.0,277.0,NAIAS,IMO9330800,V7KN8,70,5,225,32,14.0,70,A
367822000,2020-08-21T06:35:54,36.97313,-76.43382,0.0,0.0,238.0,USNS SHUGHART,IMO7825394,NAOQ,70,5,276,32,13.0,70,A
538006982,2020-08-21T06:32:16,36.96259,-76.42364,0.0,295.1,40.0,ANTE TOPIC,IMO9737072,V7TR4,70,5,,,,,A
367861000,2020-08-21T06:33:00,36.94638,-76.32970,0.0,0.0,265.0,LARAMIE,IMO8906626,NLAR,80,5,193,29,,,A
215677000,2020-08-21T06:34:55,36.96292,-76.42419,0.0,147.3,39.0,RIZE,IMO9584035,9HA2781,70,5,229,32,14.5,,A
367932000,2020-08-21T06:36:08,36.94920,-76.32960,0.0,107.0,279.0,JOHN LENTHALL,IMO8325547,NJLN,80,5,193,29,,,A
367821000,2020-08-21T06:56:08,36.97281,-76.43369,0.0,0.0,511.0,YANO,IMO7825409,NAQH,70,0,276,32,13.0,70,A
538006982,2020-08-21T06:35:16,36.96259,-76.42363,0.0,295.1,40.0,ANTE TOPIC,IMO9737072,V7TR4,70,5,,,,,A
367359930,2020-08-21T06:41:11,36.82406,-76.28905,0.0,226.2,511.0,SUNNY WILLIAMS,,WDE4940,80,0,25,8,,80,A
366839000,2020-08-21T06:37:11,36.85350,-76.31083,0.0,0.0,39.0,CAPE RISE,IMO7530808,KAFG,70,5,197,32,10.0,,A
367932000,2020-08-21T06:57:07,36.94916,-76.32967,0.0,107.0,279.0,JOHN LENTHALL,IMO8325547,NJLN,80,5,193,29,,,A
367821000,2020-08-21T06:59:27,36.97282,-76.43368,0.0,0.0,511.0,YANO,IMO7825409,NAQH,70,0,276,32,13.0,70,A
367821000,2020-08-21T06:42:57,36.97285,-76.43363,0.0,0.0,511.0,YANO,IMO7825409,NAQH,70,0,276,32,13.0,70,A
215677000,2020-08-21T06:28:53,36.96291,-76.42418,0.0,147.3,39.0,RIZE,IMO9584035,9HA2781,70,5,229,32,14.5,,A
338403000,2020-08-21T06:46:29,36.92480,-76.32977,0.0,121.6,355.0,MAERSK HARTFORD,IMO9333008,WMHA,70,5,299,40,14.5,,A
366839000,2020-08-21T06:40:13,36.85348,-76.31082,0.0,0.0,39.0,CAPE RISE,IMO7530808,KAFG,70,5,197,32,10.0,,A
538006982,2020-08-21T06:38:16,36.96260,-76.42364,0.0,295.1,40.0,ANTE TOPIC,IMO9737072,V7TR4,70,5,,,,,A
215677000,2020-08-21T06:58:55,36.96290,-76.42420,0.0,147.3,39.0,RIZE,IMO9584035,9HA2781,70,5,229,32,14.5,,A
367359930,2020-08-21T06:47:43,36.82407,-76.28906,0.0,238.8,511.0,SUNNY WILLIAMS,,WDE4940,80,0,25,8,,80,A
367359930,2020-08-21T06:48:52,36.82406,-76.28906,0.0,239.7,511.0,SUNNY WILLIAMS,,WDE4940,80,0,25,8,,80,A
538005042,2020-08-21T06:51:29,36.92758,-76.32993,0.0,355.0,355.0,NILEDUTCH OSPREY,IMO9365829,V7AP5,70,5,182,28,11.0,71,A
538006982,2020-08-21T06:50:16,36.96257,-76.42366,0.0,295.1,40.0,ANTE TOPIC,IMO9737072,V7TR4,70,5,,,,,A
477196100,2020-08-21T06:52:00,37.19705,-76.13240,0.1,170.4,226.0,DARYA MA,IMO9591674,VRJH5,70,1,229,32,14.5,,A
538005042,2020-08-21T06:33:20,36.92758,-76.32993,0.0,355.0,355.0,NILEDUTCH OSPREY,IMO9365829,V7AP5,70,5,182,28,11.0,71,A
366839000,2020-08-21T06:52:10,36.85347,-76.31082,0.0,0.0,39.0,CAPE RISE,IMO7530808,KAFG,70,5,197,32,10.0,,A
538005042,2020-08-21T06:45:26,36.92758,-76.32993,0.0,355.0,355.0,NILEDUTCH OSPREY,IMO9365829,V7AP5,70,5,182,28,11.0,71,A
367822000,2020-08-21T06:50:56,36.97311,-76.43385,0.0,0.0,238.0,USNS SHUGHART,IMO7825394,NAOQ,70,5,276,32,13.0,70,A
367822000,2020-08-21T06:53:54,36.97310,-76.43385,0.0,0.0,238.0,USNS SHUGHART,IMO7825394,NAOQ,70,5,276,32,13.0,70,A
368026000,2020-08-21T06:51:21,36.86574,-76.31603,0.0,270.5,2.0,BENAVIDEZ,IMO9218210,NBHG,70,5,289,32,10.9,70,A
338403000,2020-08-21T06:55:27,36.92484,-76.32971,0.0,121.6,355.0,MAERSK HARTFORD,IMO9333008,WMHA,70,5,299,40,14.5,,A
538005042,2020-08-21T06:54:27,36.92758,-76.32993,0.0,355.0,355.0,NILEDUTCH OSPREY,IMO9365829,V7AP5,70,5,182,28,11.0,71,A
368026000,2020-08-21T06:54:20,36.86575,-76.31605,0.0,270.5,2.0,BENAVIDEZ,IMO9218210,NBHG,70,5,289,32,10.9,70,A
338403000,2020-08-21T06:49:24,36.92482,-76.32972,0.0,121.6,355.0,MAERSK HARTFORD,IMO9333008,WMHA,70,5,299,40,14.5,,A
367822000,2020-08-21T06:56:55,36.97310,-76.43385,0.0,0.0,238.0,USNS SHUGHART,IMO7825394,NAOQ,70,5,276,32,13.0,70,A
538005042,2020-08-21T06:57:29,36.92758,-76.32993,0.0,355.0,355.0,NILEDUTCH OSPREY,IMO9365829,V7AP5,70,5,182,28,11.0,71,A
215677000,2020-08-21T06:55:56,36.96291,-76.42419,0.0,147.3,39.0,RIZE,IMO9584035,9HA2781,70,5,229,32,14.5,,A
538002652,2020-08-21T06:54:51,36.87945,-76.32643,0.0,34.0,277.0,NAIAS,IMO9330800,V7KN8,70,5,225,32,14.0,70,A
538006982,2020-08-21T06:53:16,36.96258,-76.42366,0.0,295.1,40.0,ANTE TOPIC,IMO9737072,V7TR4,70,5,,,,,A
338403000,2020-08-21T06:52:29,36.92482,-76.32977,0.0,121.6,355.0,MAERSK HARTFORD,IMO9333008,WMHA,70,5,299,40,14.5,,A
338403000,2020-08-21T06:58:31,36.92480,-76.32971,0.0,121.6,355.0,MAERSK HARTFORD,IMO9333008,WMHA,70,5,299,40,14.5,,A
538005042,2020-08-21T06:36:20,36.92758,-76.32993,0.0,355.0,355.0,NILEDUTCH OSPREY,IMO9365829,V7AP5,70,5,182,28,11.0,71,A
367359930,2020-08-21T06:59:02,36.82407,-76.28906,0.0,211.3,511.0,SUNNY WILLIAMS,,WDE4940,80,0,25,8,,80,A
477196100,2020-08-21T06:58:00,37.19678,-76.13228,0.2,160.9,233.0,DARYA MA,IMO9591674,VRJH5,70,1,229,32,14.5,,A
367359930,2020-08-21T06:57:52,36.82404,-76.28907,0.0,215.4,511.0,SUNNY WILLIAMS,,WDE4940,80,0,25,8,,80,A
367861000,2020-08-21T07:00:00,36.94640,-76.32984,0.0,0.0,265.0,LARAMIE,IMO8906626,NLAR,80,5,193,29,,,A
538006982,2020-08-21T06:59:16,36.96258,-76.42364,0.0,295.1,40.0,ANTE TOPIC,IMO9737072,V7TR4,70,5,,,,,A
368026000,2020-08-21T07:00:21,36.86576,-76.31604,0.0,270.5,2.0,BENAVIDEZ,IMO9218210,NBHG,70,5,289,32,10.9,70,A
367822000,2020-08-21T06:59:54,36.97310,-76.43385,0.0,0.0,238.0,USNS SHUGHART,IMO7825394,NAOQ,70,5,276,32,13.0,70,A
367821000,2020-08-21T06:58:08,36.97282,-76.43368,0.0,0.0,511.0,YANO,IMO7825409,NAQH,70,0,276,32,13.0,70,A
538002652,2020-08-21T06:57:53,36.87947,-76.32645,0.0,34.0,277.0,NAIAS,IMO9330800,V7KN8,70,5,225,32,14.0,70,A
368026000,2020-08-21T06:57:21,36.86577,-76.31605,0.0,270.5,2.0,BENAVIDEZ,IMO9218210,NBHG,70,5,289,32,10.9,70,A
538006982,2020-08-21T06:41:16,36.96262,-76.42364,0.0,295.1,40.0,ANTE TOPIC,IMO9737072,V7TR4,70,5,,,,,A
538005042,2020-08-21T06:42:21,36.92758,-76.32993,0.0,355.0,355.0,NILEDUTCH OSPREY,IMO9365829,V7AP5,70,5,182,28,11.0,71,A
367821000,2020-08-21T07:01:17,36.97283,-76.43367,0.0,0.0,511.0,YANO,IMO7825409,NAQH,70,0,276,32,13.0,70,A
538006982,2020-08-21T07:02:16,36.96258,-76.42366,0.0,295.1,40.0,ANTE TOPIC,IMO9737072,V7TR4,70,5,,,,,A
338403000,2020-08-21T07:01:24,36.92478,-76.32977,0.0,121.6,355.0,MAERSK HARTFORD,IMO9333008,WMHA,70,5,299,40,14.5,,A
477196100,2020-08-21T07:00:59,37.19665,-76.13220,0.2,161.3,239.0,DARYA MA,IMO9591674,VRJH5,70,1,229,32,14.5,,A
538002652,2020-08-21T07:00:52,36.87948,-76.32645,0.0,34.0,277.0,NAIAS,IMO9330800,V7KN8,70,5,225,32,14.0,70,A
366839000,2020-08-21T06:43:07,36.85348,-76.31084,0.0,0.0,39.0,CAPE RISE,IMO7530808,KAFG,70,5,197,32,10.0,,A
366839000,2020-08-21T06:58:07,36.85347,-76.31084,0.0,0.0,39.0,CAPE RISE,IMO7530808,KAFG,70,5,197,32,10.0,,A
367359930,2020-08-21T07:00:03,36.82406,-76.28906,0.0,211.1,511.0,SUNNY WILLIAMS,,WDE4940,80,0,25,8,,80,A
367359930,2020-08-21T07:03:32,36.82406,-76.28906,0.0,208.6,511.0,SUNNY WILLIAMS,,WDE4940,80,0,25,8,,80,A
538002652,2020-08-21T07:03:52,36.87948,-76.32638,0.0,34.0,277.0,NAIAS,IMO9330800,V7KN8,70,5,225,32,14.0,70,A
367821000,2020-08-21T07:04:47,36.97283,-76.43367,0.0,0.0,511.0,YANO,IMO7825409,NAQH,70,0,276,32,13.0,70,A
338403000,2020-08-21T07:04:24,36.92480,-76.32973,0.0,121.6,355.0,MAERSK HARTFORD,IMO9333008,WMHA,70,5,299,40,14.5,,A
477196100,2020-08-21T06:54:57,37.19694,-76.13235,0.2,168.0,229.0,DARYA MA,IMO9591674,VRJH5,70,1,229,32,14.5,,A
367822000,2020-08-21T07:05:55,36.97310,-76.43384,0.0,0.0,238.0,USNS SHUGHART,IMO7825394,NAOQ,70,5,276,32,13.0,70,A
367821000,2020-08-21T07:06:17,36.97283,-76.43367,0.0,0.0,511.0,YANO,IMO7825409,NAQH,70,0,276,32,13.0,70,A
366839000,2020-08-21T06:55:08,36.85350,-76.31081,0.0,0.0,39.0,CAPE RISE,IMO7530808,KAFG,70,5,197,32,10.0,,A
477196100,2020-08-21T07:06:57,37.19636,-76.13206,0.2,162.9,249.0,DARYA MA,IMO9591674,VRJH5,70,1,229,32,14.5,,A
215677000,2020-08-21T07:07:58,36.96291,-76.42419,0.0,147.3,39.0,RIZE,IMO9584035,9HA2781,70,5,229,32,14.5,,A
367359930,2020-08-21T07:07:13,36.82407,-76.28904,0.0,206.2,511.0,SUNNY WILLIAMS,,WDE4940,80,0,25,8,,80,A
538002652,2020-08-21T07:06:50,36.87945,-76.32643,0.0,34.0,277.0,NAIAS,IMO9330800,V7KN8,70,5,225,32,14.0,70,A
338403000,2020-08-21T07:07:24,36.92474,-76.32975,0.0,121.6,355.0,MAERSK HARTFORD,IMO9333008,WMHA,70,5,299,40,14.5,,A
367821000,2020-08-21T07:08:47,36.97284,-76.43366,0.0,0.0,511.0,YANO,IMO7825409,NAQH,70,0,276,32,13.0,70,A
367822000,2020-08-21T07:02:54,36.97310,-76.43385,0.0,0.0,238.0,USNS SHUGHART,IMO7825394,NAOQ,70,5,276,32,13.0,70,A
367822000,2020-08-21T07:08:56,36.97310,-76.43384,0.0,0.0,238.0,USNS SHUGHART,IMO7825394,NAOQ,70,5,276,32,13.0,70,A
538005042,2020-08-21T07:03:30,36.92758,-76.32993,0.0,355.0,355.0,NILEDUTCH OSPREY,IMO9365829,V7AP5,70,5,182,28,11.0,71,A
477196100,2020-08-21T07:03:59,37.19650,-76.13212,0.2,162.5,244.0,DARYA MA,IMO9591674,VRJH5,70,1,229,32,14.5,,A
367821000,2020-08-21T07:09:48,36.97284,-76.43366,0.0,0.0,511.0,YANO,IMO7825409,NAQH,70,0,276,32,13.0,70,A
367861000,2020-08-21T07:09:01,36.94636,-76.32980,0.0,0.0,265.0,LARAMIE,IMO8906626,NLAR,80,5,193,29,,,A
538005042,2020-08-21T07:00:32,36.92759,-76.32993,0.0,355.0,355.0,NILEDUTCH OSPREY,IMO9365829,V7AP5,70,5,182,28,11.0,71,A
215677000,2020-08-21T07:10:56,36.96291,-76.42420,0.1,147.3,39.0,RIZE,IMO9584035,9HA2781,70,5,229,32,14.5,,A
538006982,2020-08-21T06:56:16,36.96257,-76.42364,0.0,295.1,40.0,ANTE TOPIC,IMO9737072,V7TR4,70,5,,,,,A
367359930,2020-08-21T07:09:33,36.82406,-76.28906,0.0,206.3,511.0,SUNNY WILLIAMS,,WDE4940,80,0,25,8,,80,A
538005042,2020-08-21T07:09:33,36.92759,-76.32992,0.0,355.0,355.0,NILEDUTCH OSPREY,IMO9365829,V7AP5,70,5,182,28,11.0,71,A
366839000,2020-08-21T07:01:12,36.85348,-76.31084,0.0,0.0,39.0,CAPE RISE,IMO7530808,KAFG,70,5,197,32,10.0,,A
538002652,2020-08-21T07:09:50,36.87947,-76.32647,0.0,34.0,277.0,NAIAS,IMO9330800,V7KN8,70,5,225,32,14.0,70,A
367359930,2020-08-21T07:04:42,36.82405,-76.28905,0.0,209.9,511.0,SUNNY WILLIAMS,,WDE4940,80,0,25,8,,80,A
477196100,2020-08-21T07:10:01,37.19623,-76.13201,0.2,167.1,254.0,DARYA MA,IMO9591674,VRJH5,70,1,229,32,14.5,,A
538002652,2020-08-21T07:12:50,36.87947,-76.32642,0.0,34.0,276.0,NAIAS,IMO9330800,V7KN8,70,5,225,32,14.0,70,A
367359930,2020-08-21T07:10:43,36.82405,-76.28906,0.0,204.4,511.0,SUNNY WILLIAMS,,WDE4940,80,0,25,8,,80,A
367359930,2020-08-21T07:13:03,36.82405,-76.28908,0.0,203.5,511.0,SUNNY WILLIAMS,,WDE4940,80,0,25,8,,80,A
538006982,2020-08-21T07:11:16,36.96260,-76.42365,0.0,295.1,40.0,ANTE TOPIC,IMO9737072,V7TR4,70,5,,,,,A
367821000,2020-08-21T07:13:27,36.97284,-76.43366,0.0,0.0,511.0,YANO,IMO7825409,NAQH,70,0,276,32,13.0,70,A
367821000,2020-08-21T07:02:27,36.97283,-76.43367,0.0,0.0,511.0,YANO,IMO7825409,NAQH,70,0,276,32,13.0,70,A
367821000,2020-08-21T07:03:37,36.97283,-76.43367,0.0,0.0,511.0,YANO,IMO7825409,NAQH,70,0,276,32,13.0,70,A
367861000,2020-08-21T07:12:01,36.94639,-76.32979,0.0,0.0,265.0,LARAMIE,IMO8906626,NLAR,80,5,193,29,,,A
367932000,2020-08-21T07:03:08,36.94913,-76.32966,0.0,107.0,279.0,JOHN LENTHALL,IMO8325547,NJLN,80,5,193,29,,,A
538006982,2020-08-21T07:14:16,36.96259,-76.42365,0.0,295.1,40.0,ANTE TOPIC,IMO9737072,V7TR4,70,5,,,,,A
368026000,2020-08-21T07:15:21,36.86574,-76.31604,0.0,270.5,2.0,BENAVIDEZ,IMO9218210,NBHG,70,5,289,32,10.9,70,A
367821000,2020-08-21T07:00:08,36.97282,-76.43368,0.0,0.0,511.0,YANO,IMO7825409,NAQH,70,0,276,32,13.0,70,A
368026000,2020-08-21T07:06:20,36.86574,-76.31604,0.0,270.5,2.0,BENAVIDEZ,IMO9218210,NBHG,70,5,289,32,10.9,70,A
367822000,2020-08-21T07:11:54,36.97310,-76.43384,0.0,0.0,238.0,USNS SHUGHART,IMO7825394,NAOQ,70,5,276,32,13.0,70,A
538006982,2020-08-21T07:05:16,36.96259,-76.42366,0.0,295.1,40.0,ANTE TOPIC,IMO9737072,V7TR4,70,5,,,,,A
538006982,2020-08-21T07:17:16,36.96257,-76.42365,0.0,280.5,40.0,ANTE TOPIC,IMO9737072,V7TR4,70,5,,,,,A
367861000,2020-08-21T07:15:01,36.94634,-76.32975,0.0,0.0,265.0,LARAMIE,IMO8906626,NLAR,80,5,193,29,,,A
367822000,2020-08-21T07:17:56,36.97308,-76.43384,0.0,0.0,238.0,USNS SHUGHART,IMO7825394,NAOQ,70,5,276,32,13.0,70,A
366733250,2020-08-21T00:03:32,37.18398,-76.25953,3.4,310.8,511.0,ATLANTIC SURVEYOR,,WTR5417,70,15,31,7,,,A
368026000,2020-08-21T00:03:21,36.86575,-76.31603,0.0,270.5,2.0,BENAVIDEZ,IMO9218210,NBHG,70,5,289,32,10.9,70,A
367821000,2020-08-21T07:15:47,36.97283,-76.43361,0.0,0.0,511.0,YANO,IMO7825409,NAQH,70,0,276,32,13.0,70,A
367359930,2020-08-21T07:15:51,36.82405,-76.28908,0.0,199.9,511.0,SUNNY WILLIAMS,,WDE4940,80,0,25,8,,80,A
367932000,2020-08-21T07:15:09,36.94915,-76.32971,0.0,107.0,279.0,JOHN LENTHALL,IMO8325547,NJLN,80,5,193,29,,,A
368026000,2020-08-21T07:03:21,36.86575,-76.31603,0.0,270.5,2.0,BENAVIDEZ,IMO9218210,NBHG,70,5,289,32,10.9,70,A
367821000,2020-08-21T07:07:37,36.97283,-76.43366,0.0,0.0,511.0,YANO,IMO7825409,NAQH,70,0,276,32,13.0,70,A
366839000,2020-08-21T07:16:11,36.85349,-76.31082,0.0,0.0,39.0,CAPE RISE,IMO7530808,KAFG,70,5,197,32,10.0,,A
366839000,2020-08-21T07:19:13,36.85346,-76.31081,0.0,0.0,39.0,CAPE RISE,IMO7530808,KAFG,70,5,197,32,10.0,,A
367861000,2020-08-21T07:18:00,36.94631,-76.32972,0.0,0.0,265.0,LARAMIE,IMO8906626,NLAR,80,5,193,29,,,A
338403000,2020-08-21T07:10:28,36.92480,-76.32968,0.0,121.6,355.0,MAERSK HARTFORD,IMO9333008,WMHA,70,5,299,40,14.5,,A
367821000,2020-08-21T07:10:58,36.97284,-76.43366,0.0,0.0,511.0,YANO,IMO7825409,NAQH,70,0,276,32,13.0,70,A
367821000,2020-08-21T07:18:07,36.97285,-76.43366,0.0,0.0,511.0,YANO,IMO7825409,NAQH,70,0,276,32,13.0,70,A
367821000,2020-08-21T07:21:47,36.97284,-76.43365,0.0,0.0,511.0,YANO,IMO7825409,NAQH,70,0,276,32,13.0,70,A
367861000,2020-08-21T07:05:59,36.94638,-76.32983,0.0,0.0,265.0,LARAMIE,IMO8906626,NLAR,80,5,193,29,,,A
215677000,2020-08-21T07:19:58,36.96288,-76.42419,0.1,147.3,39.0,RIZE,IMO9584035,9HA2781,70,5,229,32,14.5,,A
338403000,2020-08-21T07:19:30,36.92475,-76.32973,0.0,121.6,355.0,MAERSK HARTFORD,IMO9333008,WMHA,70,5,299,40,14.5,,A
338403000,2020-08-21T07:13:28,36.92483,-76.32969,0.0,121.6,355.0,MAERSK HARTFORD,IMO9333008,WMHA,70,5,299,40,14.5,,A
538005042,2020-08-21T07:06:33,36.92758,-76.32993,0.0,355.0,355.0,NILEDUTCH OSPREY,IMO9365829,V7AP5,70,5,182,28,11.0,71,A
215677000,2020-08-21T07:22:53,36.96290,-76.42422,0.0,147.3,39.0,RIZE,IMO9584035,9HA2781,70,5,229,32,14.5,,A
538005042,2020-08-21T07:21:41,36.92759,-76.32992,0.0,355.0,355.0,NILEDUTCH OSPREY,IMO9365829,V7AP5,70,5,182,28,11.0,71,A
477196100,2020-08-21T07:21:53,37.19567,-76.13194,0.1,187.3,274.0,DARYA MA,IMO9591674,VRJH5,70,1,229,32,14.5,,A
368026000,2020-08-21T07:12:20,36.86575,-76.31605,0.0,270.5,2.0,BENAVIDEZ,IMO9218210,NBHG,70,5,289,32,10.9,70,A
367822000,2020-08-21T07:20:55,36.97310,-76.43384,0.0,0.0,238.0,USNS SHUGHART,IMO7825394,NAOQ,70,5,276,32,13.0,70,A
367821000,2020-08-21T07:14:38,36.97284,-76.43366,0.0,0.0,511.0,YANO,IMO7825409,NAQH,70,0,276,32,13.0,70,A
538006982,2020-08-21T07:20:16,36.96259,-76.42369,0.0,280.5,40.0,ANTE TOPIC,IMO9737072,V7TR4,70,5,,,,,A
367359930,2020-08-21T07:25:41,36.82410,-76.28908,0.0,216.3,511.0,SUNNY WILLIAMS,,WDE4940,80,0,25,8,,80,A
367821000,2020-08-21T07:25:28,36.97284,-76.43366,0.0,0.0,511.0,YANO,IMO7825409,NAQH,70,0,276,32,13.0,70,A
538006982,2020-08-21T07:08:16,36.96261,-76.42362,0.0,295.1,40.0,ANTE TOPIC,IMO9737072,V7TR4,70,5,,,,,A
367932000,2020-08-21T07:21:07,36.94916,-76.32962,0.0,107.0,279.0,JOHN LENTHALL,IMO8325547,NJLN,80,5,193,29,,,A
215677000,2020-08-21T07:16:55,36.96292,-76.42418,0.0,147.3,39.0,RIZE,IMO9584035,9HA2781,70,5,229,32,14.5,,A
367359930,2020-08-21T07:17:03,36.82405,-76.28908,0.0,200.9,511.0,SUNNY WILLIAMS,,WDE4940,80,0,25,8,,80,A
366839000,2020-08-21T07:13:12,36.85349,-76.31084,0.0,0.0,39.0,CAPE RISE,IMO7530808,KAFG,70,5,197,32,10.0,,A
368026000,2020-08-21T07:18:21,36.86575,-76.31601,0.0,270.5,2.0,BENAVIDEZ,IMO9218210,NBHG,70,5,289,32,10.9,70,A
366839000,2020-08-21T07:25:12,36.85347,-76.31083,0.0,0.0,39.0,CAPE RISE,IMO7530808,KAFG,70,5,197,32,10.0,,A
368026000,2020-08-21T07:27:21,36.86577,-76.31603,0.0,270.5,2.0,BENAVIDEZ,IMO9218210,NBHG,70,5,289,32,10.9,70,A
367932000,2020-08-21T07:09:08,36.94915,-76.32971,0.0,107.0,279.0,JOHN LENTHALL,IMO8325547,NJLN,80,5,193,29,,,A
367821000,2020-08-21T07:22:57,36.97284,-76.43366,0.0,0.0,511.0,YANO,IMO7825409,NAQH,70,0,276,32,13.0,70,A
215677000,2020-08-21T07:14:00,36.96290,-76.42421,0.0,147.3,39.0,RIZE,IMO9584035,9HA2781,70,5,229,32,14.5,,A
368026000,2020-08-21T07:09:20,36.86575,-76.31604,0.0,270.5,2.0,BENAVIDEZ,IMO9218210,NBHG,70,5,289,32,10.9,70,A
477196100,2020-08-21T07:18:57,37.19581,-76.13194,0.2,182.8,270.0,DARYA MA,IMO9591674,VRJH5,70,1,229,32,14.5,,A
338403000,2020-08-21T07:25:32,36.92483,-76.32974,0.0,355.2,355.0,MAERSK HARTFORD,IMO9333008,WMHA,70,5,299,40,14.5,,A
367822000,2020-08-21T07:14:54,36.97308,-76.43386,0.0,0.0,238.0,USNS SHUGHART,IMO7825394,NAOQ,70,5,276,32,13.0,70,A
366839000,2020-08-21T07:28:13,36.85349,-76.31083,0.0,0.0,39.0,CAPE RISE,IMO7530808,KAFG,70,5,197,32,10.0,,A
538005042,2020-08-21T07:24:42,36.92759,-76.32992,0.0,355.0,355.0,NILEDUTCH OSPREY,IMO9365829,V7AP5,70,5,182,28,11.0,71,A
477196100,2020-08-21T00:03:52,37.19552,-76.13695,0.1,342.3,72.0,DARYA MA,IMO9591674,VRJH5,70,1,229,32,14.5,,A
367821000,2020-08-21T07:27:07,36.97284,-76.43366,0.0,0.0,511.0,YANO,IMO7825409,NAQH,70,0,276,32,13.0,70,A
367822000,2020-08-21T07:26:55,36.97310,-76.43384,0.0,0.0,238.0,USNS SHUGHART,IMO7825394,NAOQ,70,5,276,32,13.0,70,A
215677000,2020-08-21T07:28:54,36.96290,-76.42419,0.1,147.3,39.0,RIZE,IMO9584035,9HA2781,70,5,229,32,14.5,,A
367821000,2020-08-21T07:12:18,36.97284,-76.43366,0.0,0.0,511.0,YANO,IMO7825409,NAQH,70,0,276,32,13.0,70,A
538006982,2020-08-21T07:26:16,36.96255,-76.42363,0.0,280.5,40.0,ANTE TOPIC,IMO9737072,V7TR4,70,5,,,,,A
367359930,2020-08-21T07:26:53,36.82406,-76.28908,0.0,219.0,511.0,SUNNY WILLIAMS,,WDE4940,80,0,25,8,,80,A
477196100,2020-08-21T07:27:58,37.19544,-76.13200,0.1,199.7,282.0,DARYA MA,IMO9591674,VRJH5,70,1,229,32,14.5,,A
367932000,2020-08-21T07:27:09,36.94915,-76.32971,0.0,107.0,279.0,JOHN LENTHALL,IMO8325547,NJLN,80,5,193,29,,,A
477196100,2020-08-21T07:12:57,37.19610,-76.13197,0.2,172.8,259.0,DARYA MA,IMO9591674,VRJH5,70,1,229,32,14.5,,A
338403000,2020-08-21T07:16:28,36.92484,-76.32973,0.0,121.6,355.0,MAERSK HARTFORD,IMO9333008,WMHA,70,5,299,40,14.5,,A
367359930,2020-08-21T07:21:42,36.82406,-76.28905,0.0,203.4,511.0,SUNNY WILLIAMS,,WDE4940,80,0,25,8,,80,A
367822000,2020-08-21T07:32:55,36.97310,-76.43384,0.0,0.0,238.0,USNS SHUGHART,IMO7825394,NAOQ,70,5,276,32,13.0,70,A
367359930,2020-08-21T07:14:12,36.82405,-76.28908,0.0,201.7,511.0,SUNNY WILLIAMS,,WDE4940,80,0,25,8,,80,A
538006982,2020-08-21T07:29:16,36.96258,-76.42364,0.0,280.5,40.0,ANTE TOPIC,IMO9737072,V7TR4,70,5,,,,,A
368026000,2020-08-21T07:30:21,36.86574,-76.31603,0.0,270.5,2.0,BENAVIDEZ,IMO9218210,NBHG,70,5,289,32,10.9,70,A
538002652,2020-08-21T07:15:50,36.87948,-76.32640,0.0,34.0,276.0,NAIAS,IMO9330800,V7KN8,70,5,225,32,14.0,70,A
367822000,2020-08-21T07:29:55,36.97310,-76.43384,0.0,0.0,238.0,USNS SHUGHART,IMO7825394,NAOQ,70,5,276,32,13.0,70,A
367821000,2020-08-21T07:34:57,36.97283,-76.43366,0.0,0.0,511.0,YANO,IMO7825409,NAQH,70,0,276,32,13.0,70,A
538005042,2020-08-21T07:18:40,36.92759,-76.32993,0.0,355.0,355.0,NILEDUTCH OSPREY,IMO9365829,V7AP5,70,5,182,28,11.0,71,A
368026000,2020-08-21T07:33:20,36.86575,-76.31604,0.0,270.5,2.0,BENAVIDEZ,IMO9218210,NBHG,70,5,289,32,10.9,70,A
215677000,2020-08-21T07:31:59,36.96291,-76.42419,0.0,147.3,39.0,RIZE,IMO9584035,9HA2781,70,5,229,32,14.5,,A
367861000,2020-08-21T07:30:01,36.94643,-76.32981,0.0,0.0,265.0,LARAMIE,IMO8906626,NLAR,80,5,193,29,,,A
367821000,2020-08-21T07:32:07,36.97283,-76.43366,0.0,0.0,511.0,YANO,IMO7825409,NAQH,70,0,276,32,13.0,70,A
367822000,2020-08-21T07:23:55,36.97310,-76.43384,0.0,0.0,238.0,USNS SHUGHART,IMO7825394,NAOQ,70,5,276,32,13.0,70,A
368026000,2020-08-21T07:36:21,36.86575,-76.31604,0.0,270.5,2.0,BENAVIDEZ,IMO9218210,NBHG,70,5,289,32,10.9,70,A
367359930,2020-08-21T07:33:12,36.82405,-76.28906,0.0,249.2,511.0,SUNNY WILLIAMS,,WDE4940,80,0,25,8,,80,A
366839000,2020-08-21T07:22:12,36.85347,-76.31083,0.0,0.0,39.0,CAPE RISE,IMO7530808,KAFG,70,5,197,32,10.0,,A
367821000,2020-08-21T07:16:57,36.97285,-76.43367,0.0,0.0,511.0,YANO,IMO7825409,NAQH,70,0,276,32,13.0,70,A
538006982,2020-08-21T07:23:16,36.96258,-76.42364,0.0,280.5,40.0,ANTE TOPIC,IMO9737072,V7TR4,70,5,,,,,A
538002652,2020-08-21T07:18:51,36.87952,-76.32638,0.0,34.0,276.0,NAIAS,IMO9330800,V7KN8,70,5,225,32,14.0,70,A
367861000,2020-08-21T07:27:00,36.94639,-76.32982,0.0,0.0,265.0,LARAMIE,IMO8906626,NLAR,80,5,193,29,,,A
366839000,2020-08-21T07:34:12,36.85349,-76.31081,0.0,0.0,39.0,CAPE RISE,IMO7530808,KAFG,70,5,197,32,10.0,,A
367861000,2020-08-21T07:24:00,36.94636,-76.32978,0.0,0.0,265.0,LARAMIE,IMO8906626,NLAR,80,5,193,29,,,A
538002652,2020-08-21T07:33:49,36.87948,-76.32642,0.0,34.0,276.0,NAIAS,IMO9330800,V7KN8,70,5,225,32,14.0,70,A
367932000,2020-08-21T07:18:08,36.94918,-76.32962,0.0,107.0,279.0,JOHN LENTHALL,IMO8325547,NJLN,80,5,193,29,,,A
367932000,2020-08-21T07:33:09,36.94921,-76.32971,0.0,107.0,279.0,JOHN LENTHALL,IMO8325547,NJLN,80,5,193,29,,,A
538005042,2020-08-21T07:33:44,36.92759,-76.32993,0.0,355.0,355.0,NILEDUTCH OSPREY,IMO9365829,V7AP5,70,5,182,28,11.0,71,A
367821000,2020-08-21T07:36:38,36.97283,-76.43366,0.0,0.0,511.0,YANO,IMO7825409,NAQH,70,0,276,32,13.0,70,A
477196100,2020-08-21T07:36:58,37.19512,-76.13213,0.2,203.3,295.0,DARYA MA,IMO9591674,VRJH5,70,1,229,32,14.5,,A
367359930,2020-08-21T07:38:01,36.82404,-76.28906,0.0,241.1,511.0,SUNNY WILLIAMS,,WDE4940,80,0,25,8,,80,A
367822000,2020-08-21T07:35:55,36.97310,-76.43384,0.0,0.0,238.0,USNS SHUGHART,IMO7825394,NAOQ,70,5,276,32,13.0,70,A
538006982,2020-08-21T07:38:16,36.96257,-76.42364,0.0,280.5,40.0,ANTE TOPIC,IMO9737072,V7TR4,70,5,,,,,A
538002652,2020-08-21T07:36:51,36.87948,-76.32647,0.0,34.0,276.0,NAIAS,IMO9330800,V7KN8,70,5,225,32,14.0,70,A
368026000,2020-08-21T07:21:21,36.86574,-76.31603,0.0,270.5,2.0,BENAVIDEZ,IMO9218210,NBHG,70,5,289,32,10.9,70,A
367821000,2020-08-21T07:41:48,36.97283,-76.43366,0.0,0.0,511.0,YANO,IMO7825409,NAQH,70,0,276,32,13.0,70,A
367359930,2020-08-21T07:40:42,36.82405,-76.28907,0.0,236.3,511.0,SUNNY WILLIAMS,,WDE4940,80,0,25,8,,80,A
538005042,2020-08-21T07:36:48,36.92759,-76.32993,0.0,355.0,355.0,NILEDUTCH OSPREY,IMO9365829,V7AP5,70,5,182,28,11.0,71,A
367932000,2020-08-21T07:36:09,36.94917,-76.32985,0.0,107.0,279.0,JOHN LENTHALL,IMO8325547,NJLN,80,5,193,29,,,A
367359930,2020-08-21T07:29:32,36.82405,-76.28906,0.0,233.8,511.0,SUNNY WILLIAMS,,WDE4940,80,0,25,8,,80,A
338403000,2020-08-21T07:37:30,36.92480,-76.32973,0.0,355.2,355.0,MAERSK HARTFORD,IMO9333008,WMHA,70,5,299,40,14.5,,A
338403000,2020-08-21T07:40:29,36.92484,-76.32975,0.0,355.2,355.0,MAERSK HARTFORD,IMO9333008,WMHA,70,5,299,40,14.5,,A
367932000,2020-08-21T07:30:09,36.94915,-76.32965,0.0,107.0,279.0,JOHN LENTHALL,IMO8325547,NJLN,80,5,193,29,,,A
215677000,2020-08-21T07:37:51,36.96294,-76.42421,0.0,147.3,39.0,RIZE,IMO9584035,9HA2781,70,5,229,32,14.5,,A
338403000,2020-08-21T07:22:27,36.92487,-76.32984,0.0,121.6,355.0,MAERSK HARTFORD,IMO9333008,WMHA,70,5,299,40,14.5,,A
477196100,2020-08-21T07:30:56,37.19533,-76.13205,0.1,201.9,286.0,DARYA MA,IMO9591674,VRJH5,70,1,229,32,14.5,,A
367821000,2020-08-21T07:29:07,36.97284,-76.43366,0.0,0.0,511.0,YANO,IMO7825409,NAQH,70,0,276,32,13.0,70,A
538006982,2020-08-21T07:32:16,36.96259,-76.42365,0.0,280.5,40.0,ANTE TOPIC,IMO9737072,V7TR4,70,5,,,,,A
538002652,2020-08-21T07:30:49,36.87952,-76.32633,0.0,34.0,276.0,NAIAS,IMO9330800,V7KN8,70,5,225,32,14.0,70,A
538005042,2020-08-21T07:30:43,36.92759,-76.32992,0.0,355.0,355.0,NILEDUTCH OSPREY,IMO9365829,V7AP5,70,5,182,28,11.0,71,A
338403000,2020-08-21T07:28:27,36.92477,-76.32977,0.0,121.6,355.0,MAERSK HARTFORD,IMO9333008,WMHA,70,5,299,40,14.5,,A
338403000,2020-08-21T07:31:24,36.92479,-76.32973,0.0,121.6,355.0,MAERSK HARTFORD,IMO9333008,WMHA,70,5,299,40,14.5,,A
367359930,2020-08-21T07:31:12,36.82406,-76.28906,0.0,250.8,511.0,SUNNY WILLIAMS,,WDE4940,80,0,25,8,,80,A
368026000,2020-08-21T07:42:20,36.86576,-76.31603,0.1,270.5,2.0,BENAVIDEZ,IMO9218210,NBHG,70,5,289,32,10.9,70,A
367822000,2020-08-21T07:38:56,36.97310,-76.43384,0.0,0.0,238.0,USNS SHUGHART,IMO7825394,NAOQ,70,5,276,32,13.0,70,A
477196100,2020-08-21T07:39:59,37.19501,-76.13217,0.1,212.7,300.0,DARYA MA,IMO9591674,VRJH5,70,1,229,32,14.5,,A
367932000,2020-08-21T07:24:08,36.94919,-76.32965,0.0,107.0,279.0,JOHN LENTHALL,IMO8325547,NJLN,80,5,193,29,,,A
366839000,2020-08-21T07:40:10,36.85350,-76.31080,0.0,0.0,39.0,CAPE RISE,IMO7530808,KAFG,70,5,197,32,10.0,,A
215677000,2020-08-21T07:40:54,36.96291,-76.42420,0.0,147.3,39.0,RIZE,IMO9584035,9HA2781,70,5,229,32,14.5,,A
477196100,2020-08-21T07:24:56,37.19557,-76.13195,0.1,189.3,278.0,DARYA MA,IMO9591674,VRJH5,70,1,229,32,14.5,,A
477196100,2020-08-21T07:43:00,37.19497,-76.13228,0.1,220.8,303.0,DARYA MA,IMO9591674,VRJH5,70,1,229,32,14.5,,A
215677000,2020-08-21T07:34:55,36.96293,-76.42422,0.0,147.3,39.0,RIZE,IMO9584035,9HA2781,70,5,229,32,14.5,,A
215677000,2020-08-21T07:25:58,36.96292,-76.42419,0.0,147.3,39.0,RIZE,IMO9584035,9HA2781,70,5,229,32,14.5,,A
367821000,2020-08-21T07:37:48,36.97283,-76.43366,0.0,0.0,511.0,YANO,IMO7825409,NAQH,70,0,276,32,13.0,70,A
367359930,2020-08-21T07:44:51,36.82405,-76.28906,0.0,234.4,511.0,SUNNY WILLIAMS,,WDE4940,80,0,25,8,,80,A
367822000,2020-08-21T07:41:55,36.97310,-76.43384,0.0,0.0,238.0,USNS SHUGHART,IMO7825394,NAOQ,70,5,276,32,13.0,70,A
538002652,2020-08-21T07:27:50,36.87947,-76.32643,0.0,34.0,276.0,NAIAS,IMO9330800,V7KN8,70,5,225,32,14.0,70,A
538005042,2020-08-21T07:27:43,36.92759,-76.32992,0.0,355.0,355.0,NILEDUTCH OSPREY,IMO9365829,V7AP5,70,5,182,28,11.0,71,A
367821000,2020-08-21T07:44:07,36.97283,-76.43365,0.0,0.0,511.0,YANO,IMO7825409,NAQH,70,0,276,32,13.0,70,A
538005042,2020-08-21T07:39:47,36.92759,-76.32993,0.0,355.0,355.0,NILEDUTCH OSPREY,IMO9365829,V7AP5,70,5,182,28,11.0,71,A
367861000,2020-08-21T07:33:01,36.94639,-76.32979,0.0,0.0,265.0,LARAMIE,IMO8906626,NLAR,80,5,193,29,,,A
367932000,2020-08-21T07:45:07,36.94922,-76.32960,0.0,107.0,279.0,JOHN LENTHALL,IMO8325547,NJLN,80,5,193,29,,,A
538006982,2020-08-21T07:35:16,36.96259,-76.42362,0.0,280.5,40.0,ANTE TOPIC,IMO9737072,V7TR4,70,5,,,,,A
538005042,2020-08-21T07:45:50,36.92759,-76.32993,0.0,355.0,355.0,NILEDUTCH OSPREY,IMO9365829,V7AP5,70,5,182,28,11.0,71,A
367821000,2020-08-21T07:50:08,36.97284,-76.43365,0.0,0.0,511.0,YANO,IMO7825409,NAQH,70,0,276,32,13.0,70,A
367821000,2020-08-21T07:52:08,36.97284,-76.43365,0.0,0.0,511.0,YANO,IMO7825409,NAQH,70,0,276,32,13.0,70,A
338403000,2020-08-21T07:43:31,36.92474,-76.32977,0.0,121.6,355.0,MAERSK HARTFORD,IMO9333008,WMHA,70,5,299,40,14.5,,A
538002652,2020-08-21T07:51:53,36.87950,-76.32648,0.0,34.0,277.0,NAIAS,IMO9330800,V7KN8,70,5,225,32,14.0,70,A
366839000,2020-08-21T07:49:10,36.85347,-76.31083,0.0,0.0,39.0,CAPE RISE,IMO7530808,KAFG,70,5,197,32,10.0,,A
367822000,2020-08-21T07:44:56,36.97310,-76.43384,0.0,0.0,238.0,USNS SHUGHART,IMO7825394,NAOQ,70,5,276,32,13.0,70,A
367861000,2020-08-21T07:44:59,36.94638,-76.32981,0.0,0.0,265.0,LARAMIE,IMO8906626,NLAR,80,5,193,29,,,A
367359930,2020-08-21T07:52:21,36.82403,-76.28904,0.0,236.7,511.0,SUNNY WILLIAMS,,WDE4940,80,0,25,8,,80,A
538002652,2020-08-21T07:45:50,36.87950,-76.32642,0.0,34.0,277.0,NAIAS,IMO9330800,V7KN8,70,5,225,32,14.0,70,A
368026000,2020-08-21T07:48:21,36.86572,-76.31603,0.0,270.5,2.0,BENAVIDEZ,IMO9218210,NBHG,70,5,289,32,10.9,70,A
477196100,2020-08-21T07:49:00,37.19484,-76.13235,0.1,187.2,307.0,DARYA MA,IMO9591674,VRJH5,70,1,229,32,14.5,,A
477196100,2020-08-21T07:33:59,37.19523,-76.13208,0.1,199.6,290.0,DARYA MA,IMO9591674,VRJH5,70,1,229,32,14.5,,A
538006982,2020-08-21T07:50:16,36.96258,-76.42363,0.0,280.5,40.0,ANTE TOPIC,IMO9737072,V7TR4,70,5,,,,,A
367821000,2020-08-21T07:54:07,36.97284,-76.43365,0.0,0.0,511.0,YANO,IMO7825409,NAQH,70,0,276,32,13.0,70,A
367359930,2020-08-21T07:49:31,36.82403,-76.28906,0.0,232.0,511.0,SUNNY WILLIAMS,,WDE4940,80,0,25,8,,80,A
366839000,2020-08-21T07:43:10,36.85348,-76.31079,0.0,0.0,39.0,CAPE RISE,IMO7530808,KAFG,70,5,197,32,10.0,,A
538002652,2020-08-21T07:39:53,36.87950,-76.32637,0.0,34.0,277.0,NAIAS,IMO9330800,V7KN8,70,5,225,32,14.0,70,A
366839000,2020-08-21T07:37:09,36.85348,-76.31082,0.0,0.0,39.0,CAPE RISE,IMO7530808,KAFG,70,5,197,32,10.0,,A
367821000,2020-08-21T07:55:37,36.97283,-76.43367,0.0,0.0,511.0,YANO,IMO7825409,NAQH,70,0,276,32,13.0,70,A
538002652,2020-08-21T07:54:52,36.87953,-76.32652,0.0,34.0,277.0,NAIAS,IMO9330800,V7KN8,70,5,225,32,14.0,70,A
368026000,2020-08-21T07:45:20,36.86575,-76.31604,0.0,270.5,2.0,BENAVIDEZ,IMO9218210,NBHG,70,5,289,32,10.9,70,A
367861000,2020-08-21T07:42:01,36.94638,-76.32986,0.0,0.0,265.0,LARAMIE,IMO8906626,NLAR,80,5,193,29,,,A
538002652,2020-08-21T07:42:53,36.87943,-76.32655,0.0,34.0,277.0,NAIAS,IMO9330800,V7KN8,70,5,225,32,14.0,70,A
338403000,2020-08-21T07:49:31,36.92471,-76.32975,0.0,121.6,355.0,MAERSK HARTFORD,IMO9333008,WMHA,70,5,299,40,14.5,,A
538005042,2020-08-21T07:42:48,36.92759,-76.32993,0.0,355.0,355.0,NILEDUTCH OSPREY,IMO9365829,V7AP5,70,5,182,28,11.0,71,A
367932000,2020-08-21T07:39:09,36.94914,-76.32966,0.0,107.0,279.0,JOHN LENTHALL,IMO8325547,NJLN,80,5,193,29,,,A
367359930,2020-08-21T07:42:51,36.82404,-76.28905,0.0,235.1,511.0,SUNNY WILLIAMS,,WDE4940,80,0,25,8,,80,A
477196100,2020-08-21T07:55:01,37.19474,-76.13246,0.1,187.2,311.0,DARYA MA,IMO9591674,VRJH5,70,1,229,32,14.5,,A
338403000,2020-08-21T07:55:31,36.92478,-76.32968,0.0,121.6,355.0,MAERSK HARTFORD,IMO9333008,WMHA,70,5,299,40,14.5,,A
538005042,2020-08-21T07:54:55,36.92759,-76.32993,0.0,354.0,354.0,NILEDUTCH OSPREY,IMO9365829,V7AP5,70,5,182,28,11.0,71,A
367822000,2020-08-21T07:53:55,36.97308,-76.43385,0.0,0.0,238.0,USNS SHUGHART,IMO7825394,NAOQ,70,5,276,32,13.0,70,A
367821000,2020-08-21T07:47:27,36.97284,-76.43365,0.0,0.0,511.0,YANO,IMO7825409,NAQH,70,0,276,32,13.0,70,A
538006982,2020-08-21T07:41:16,36.96260,-76.42365,0.0,280.5,40.0,ANTE TOPIC,IMO9737072,V7TR4,70,5,,,,,A
367359930,2020-08-21T07:55:21,36.82404,-76.28904,0.0,232.4,511.0,SUNNY WILLIAMS,,WDE4940,80,0,25,8,,80,A
215677000,2020-08-21T07:55:56,36.96291,-76.42418,0.0,147.3,39.0,RIZE,IMO9584035,9HA2781,70,5,229,32,14.5,,A
538005042,2020-08-21T07:57:56,36.92759,-76.32993,0.0,354.0,354.0,NILEDUTCH OSPREY,IMO9365829,V7AP5,70,5,182,28,11.0,71,A
338403000,2020-08-21T07:52:30,36.92479,-76.32967,0.0,355.4,355.0,MAERSK HARTFORD,IMO9333008,WMHA,70,5,299,40,14.5,,A
367932000,2020-08-21T07:51:08,36.94918,-76.32968,0.0,107.0,279.0,JOHN LENTHALL,IMO8325547,NJLN,80,5,193,29,,,A
367821000,2020-08-21T07:42:58,36.97283,-76.43365,0.0,0.0,511.0,YANO,IMO7825409,NAQH,70,0,276,32,13.0,70,A
215677000,2020-08-21T07:52:57,36.96291,-76.42418,0.0,147.3,39.0,RIZE,IMO9584035,9HA2781,70,5,229,32,14.5,,A
367359930,2020-08-21T07:46:03,36.82404,-76.28904,0.0,236.9,511.0,SUNNY WILLIAMS,,WDE4940,80,0,25,8,,80,A
367821000,2020-08-21T07:57:07,36.97285,-76.43368,0.0,0.0,511.0,YANO,IMO7825409,NAQH,70,0,276,32,13.0,70,A
338403000,2020-08-21T07:46:30,36.92477,-76.32975,0.0,121.6,355.0,MAERSK HARTFORD,IMO9333008,WMHA,70,5,299,40,14.5,,A
367932000,2020-08-21T07:57:07,36.94920,-76.32977,0.0,107.0,279.0,JOHN LENTHALL,IMO8325547,NJLN,80,5,193,29,,,A
538006982,2020-08-21T07:47:16,36.96259,-76.42363,0.0,280.5,40.0,ANTE TOPIC,IMO9737072,V7TR4,70,5,,,,,A
367861000,2020-08-21T08:00:01,36.94639,-76.32979,0.0,0.0,265.0,LARAMIE,IMO8906626,NLAR,80,5,193,29,,,A
367359930,2020-08-21T07:57:21,36.82405,-76.28906,0.0,239.7,511.0,SUNNY WILLIAMS,,WDE4940,80,0,25,8,,80,A
368026000,2020-08-21T07:54:21,36.86577,-76.31605,0.0,270.5,2.0,BENAVIDEZ,IMO9218210,NBHG,70,5,289,32,10.9,70,A
366839000,2020-08-21T07:55:09,36.85348,-76.31081,0.0,0.0,39.0,CAPE RISE,IMO7530808,KAFG,70,5,197,32,10.0,,A
366839000,2020-08-21T07:46:10,36.85349,-76.31082,0.0,0.0,39.0,CAPE RISE,IMO7530808,KAFG,70,5,197,32,10.0,,A
367821000,2020-08-21T07:59:27,36.97285,-76.43366,0.0,0.0,511.0,YANO,IMO7825409,NAQH,70,0,276,32,13.0,70,A
367932000,2020-08-21T08:00:07,36.94913,-76.32962,0.0,107.0,279.0,JOHN LENTHALL,IMO8325547,NJLN,80,5,193,29,,,A
367932000,2020-08-21T07:48:07,36.94917,-76.32970,0.0,107.0,279.0,JOHN LENTHALL,IMO8325547,NJLN,80,5,193,29,,,A
538006982,2020-08-21T07:56:16,36.96258,-76.42363,0.0,280.5,40.0,ANTE TOPIC,IMO9737072,V7TR4,70,5,,,,,A
367821000,2020-08-21T08:00:08,36.97285,-76.43365,0.0,0.0,511.0,YANO,IMO7825409,NAQH,70,0,276,32,13.0,70,A
367359930,2020-08-21T08:01:13,36.82404,-76.28906,0.0,248.1,511.0,SUNNY WILLIAMS,,WDE4940,80,0,25,8,,80,A
366839000,2020-08-21T08:01:10,36.85347,-76.31081,0.0,0.0,39.0,CAPE RISE,IMO7530808,KAFG,70,5,197,32,10.0,,A
367822000,2020-08-21T07:47:56,36.97310,-76.43384,0.0,0.0,238.0,USNS SHUGHART,IMO7825394,NAOQ,70,5,276,32,13.0,70,A
367861000,2020-08-21T07:54:00,36.94637,-76.32980,0.0,0.0,265.0,LARAMIE,IMO8906626,NLAR,80,5,193,29,,,A
477196100,2020-08-21T07:57:59,37.19470,-76.13251,0.0,187.2,313.0,DARYA MA,IMO9591674,VRJH5,70,1,229,32,14.5,,A
538005042,2020-08-21T07:51:53,36.92759,-76.32993,0.0,355.0,355.0,NILEDUTCH OSPREY,IMO9365829,V7AP5,70,5,182,28,11.0,71,A
368026000,2020-08-21T07:57:21,36.86575,-76.31604,0.0,270.5,2.0,BENAVIDEZ,IMO9218210,NBHG,70,5,289,32,10.9,70,A
215677000,2020-08-21T07:58:51,36.96290,-76.42419,0.0,147.3,39.0,RIZE,IMO9584035,9HA2781,70,5,229,32,14.5,,A
477196100,2020-08-21T07:51:56,37.19479,-76.13238,0.1,187.2,309.0,DARYA MA,IMO9591674,VRJH5,70,1,229,32,14.5,,A
215677000,2020-08-21T07:49:54,36.96291,-76.42421,0.0,147.3,39.0,RIZE,IMO9584035,9HA2781,70,5,229,32,14.5,,A
368026000,2020-08-21T07:51:21,36.86574,-76.31604,0.0,270.5,2.0,BENAVIDEZ,IMO9218210,NBHG,70,5,289,32,10.9,70,A
366839000,2020-08-21T07:52:10,36.85347,-76.31085,0.0,0.0,39.0,CAPE RISE,IMO7530808,KAFG,70,5,197,32,10.0,,A
367359930,2020-08-21T08:00:01,36.82404,-76.28906,0.0,242.4,511.0,SUNNY WILLIAMS,,WDE4940,80,0,25,8,,80,A
538006982,2020-08-21T07:53:16,36.96258,-76.42364,0.0,280.5,40.0,ANTE TOPIC,IMO9737072,V7TR4,70,5,,,,,A
538005042,2020-08-21T08:00:56,36.92759,-76.32993,0.0,354.0,354.0,NILEDUTCH OSPREY,IMO9365829,V7AP5,70,5,182,28,11.0,71,A
367821000,2020-08-21T08:01:18,36.97285,-76.43364,0.0,0.0,511.0,YANO,IMO7825409,NAQH,70,0,276,32,13.0,70,A
367821000,2020-08-21T08:02:27,36.97285,-76.43364,0.0,0.0,511.0,YANO,IMO7825409,NAQH,70,0,276,32,13.0,70,A
477196100,2020-08-21T08:01:02,37.19468,-76.13253,0.1,187.2,314.0,DARYA MA,IMO9591674,VRJH5,70,1,229,32,14.5,,A
367861000,2020-08-21T08:03:00,36.94639,-76.32976,0.0,0.0,265.0,LARAMIE,IMO8906626,NLAR,80,5,193,29,,,A
215677000,2020-08-21T08:01:51,36.96292,-76.42418,0.0,147.3,39.0,RIZE,IMO9584035,9HA2781,70,5,229,32,14.5,,A
367861000,2020-08-21T07:57:00,36.94637,-76.32990,0.0,0.0,265.0,LARAMIE,IMO8906626,NLAR,80,5,193,29,,,A
338403000,2020-08-21T08:01:33,36.92475,-76.32976,0.0,121.6,355.0,MAERSK HARTFORD,IMO9333008,WMHA,70,5,299,40,14.5,,A
367822000,2020-08-21T08:02:55,36.97310,-76.43384,0.0,0.0,238.0,USNS SHUGHART,IMO7825394,NAOQ,70,5,276,32,13.0,70,A
538002652,2020-08-21T07:57:49,36.87947,-76.32643,0.0,34.0,276.0,NAIAS,IMO9330800,V7KN8,70,5,225,32,14.0,70,A
367822000,2020-08-21T07:59:56,36.97310,-76.43384,0.0,0.0,238.0,USNS SHUGHART,IMO7825394,NAOQ,70,5,276,32,13.0,70,A
366839000,2020-08-21T07:58:07,36.85349,-76.31083,0.0,0.0,39.0,CAPE RISE,IMO7530808,KAFG,70,5,197,32,10.0,,A
367359930,2020-08-21T08:06:21,36.82405,-76.28906,0.0,263.9,511.0,SUNNY WILLIAMS,,WDE4940,80,0,25,8,,80,A
367359930,2020-08-21T07:58:33,36.82406,-76.28907,0.0,239.3,511.0,SUNNY WILLIAMS,,WDE4940,80,0,25,8,,80,A
367861000,2020-08-21T08:06:00,36.94638,-76.32980,0.0,0.0,265.0,LARAMIE,IMO8906626,NLAR,80,5,193,29,,,A
367932000,2020-08-21T08:03:07,36.94917,-76.32965,0.0,107.0,279.0,JOHN LENTHALL,IMO8325547,NJLN,80,5,193,29,,,A
538006982,2020-08-21T07:59:16,36.96260,-76.42366,0.0,280.5,40.0,ANTE TOPIC,IMO9737072,V7TR4,70,5,,,,,A
338403000,2020-08-21T07:58:29,36.92476,-76.32973,0.0,121.6,355.0,MAERSK HARTFORD,IMO9333008,WMHA,70,5,299,40,14.5,,A
368026000,2020-08-21T08:03:21,36.86574,-76.31602,0.0,270.5,2.0,BENAVIDEZ,IMO9218210,NBHG,70,5,289,32,10.9,70,A
367359930,2020-08-21T07:59:41,36.82404,-76.28906,0.0,244.2,511.0,SUNNY WILLIAMS,,WDE4940,80,0,25,8,,80,A
367359930,2020-08-21T08:03:53,36.82405,-76.28906,0.0,255.6,511.0,SUNNY WILLIAMS,,WDE4940,80,0,25,8,,80,A
367821000,2020-08-21T08:03:38,36.97285,-76.43364,0.0,0.0,511.0,YANO,IMO7825409,NAQH,70,0,276,32,13.0,70,A
477196100,2020-08-21T08:04:00,37.19468,-76.13259,0.0,187.2,315.0,DARYA MA,IMO9591674,VRJH5,70,1,229,32,14.5,,A
477196100,2020-08-21T08:07:03,37.19462,-76.13259,0.1,187.2,316.0,DARYA MA,IMO9591674,VRJH5,70,1,229,32,14.5,,A
538002652,2020-08-21T08:03:51,36.87947,-76.32648,0.0,34.0,276.0,NAIAS,IMO9330800,V7KN8,70,5,225,32,14.0,70,A
338403000,2020-08-21T08:04:29,36.92476,-76.32968,0.0,355.4,355.0,MAERSK HARTFORD,IMO9333008,WMHA,70,5,299,40,14.5,,A
538002652,2020-08-21T08:00:51,36.87948,-76.32652,0.0,34.0,276.0,NAIAS,IMO9330800,V7KN8,70,5,225,32,14.0,70,A
368026000,2020-08-21T08:00:21,36.86577,-76.31603,0.0,270.5,2.0,BENAVIDEZ,IMO9218210,NBHG,70,5,289,32,10.9,70,A
338403000,2020-08-21T08:08:59,36.92488,-76.32967,0.0,355.3,355.0,MAERSK HARTFORD,IMO9333008,WMHA,70,0,299,40,14.5,,A
366839000,2020-08-21T08:04:13,36.85347,-76.31081,0.0,0.0,39.0,CAPE RISE,IMO7530808,KAFG,70,5,197,32,10.0,,A
538006982,2020-08-21T08:08:16,36.96260,-76.42363,0.0,280.5,40.0,ANTE TOPIC,IMO9737072,V7TR4,70,5,,,,,A
367359930,2020-08-21T08:09:02,36.82404,-76.28904,0.0,268.8,511.0,SUNNY WILLIAMS,,WDE4940,80,0,25,8,,80,A
367359930,2020-08-21T08:02:41,36.82405,-76.28907,0.0,254.5,511.0,SUNNY WILLIAMS,,WDE4940,80,0,25,8,,80,A
367932000,2020-08-21T08:09:08,36.94918,-76.32965,0.0,107.0,279.0,JOHN LENTHALL,IMO8325547,NJLN,80,5,193,29,,,A
367821000,2020-08-21T08:07:18,36.97284,-76.43364,0.0,0.0,511.0,YANO,IMO7825409,NAQH,70,0,276,32,13.0,70,A
338403000,2020-08-21T08:07:33,36.92481,-76.32966,0.0,265.4,355.0,MAERSK HARTFORD,IMO9333008,WMHA,70,5,299,40,14.5,,A
367359930,2020-08-21T08:07:43,36.82404,-76.28906,0.0,265.5,511.0,SUNNY WILLIAMS,,WDE4940,80,0,25,8,,80,A
366839000,2020-08-21T08:07:10,36.85351,-76.31082,0.0,0.0,39.0,CAPE RISE,IMO7530808,KAFG,70,5,197,32,10.0,,A
538005042,2020-08-21T08:03:59,36.92759,-76.32993,0.0,355.0,355.0,NILEDUTCH OSPREY,IMO9365829,V7AP5,70,5,182,28,11.0,71,A
538005042,2020-08-21T08:10:01,36.92759,-76.32993,0.0,355.0,355.0,NILEDUTCH OSPREY,IMO9365829,V7AP5,70,5,182,28,11.0,71,A
367359930,2020-08-21T08:10:11,36.82403,-76.28905,0.0,270.8,511.0,SUNNY WILLIAMS,,WDE4940,80,0,25,8,,80,A
367359930,2020-08-21T08:05:02,36.82404,-76.28905,0.0,257.4,511.0,SUNNY WILLIAMS,,WDE4940,80,0,25,8,,80,A
367822000,2020-08-21T08:05:54,36.97310,-76.43384,0.0,0.0,238.0,USNS SHUGHART,IMO7825394,NAOQ,70,5,276,32,13.0,70,A
367821000,2020-08-21T08:08:38,36.97284,-76.43365,0.0,0.0,511.0,YANO,IMO7825409,NAQH,70,0,276,32,13.0,70,A
538006982,2020-08-21T08:05:16,36.96259,-76.42369,0.0,280.5,40.0,ANTE TOPIC,IMO9737072,V7TR4,70,5,,,,,A
338403000,2020-08-21T08:11:19,36.92479,-76.32983,0.0,356.5,356.0,MAERSK HARTFORD,IMO9333008,WMHA,70,0,299,40,14.5,,A
367821000,2020-08-21T08:04:58,36.97284,-76.43364,0.0,0.0,511.0,YANO,IMO7825409,NAQH,70,0,276,32,13.0,70,A
367821000,2020-08-21T08:06:08,36.97285,-76.43364,0.0,0.0,511.0,YANO,IMO7825409,NAQH,70,0,276,32,13.0,70,A
538002652,2020-08-21T08:09:49,36.87943,-76.32647,0.0,34.0,276.0,NAIAS,IMO9330800,V7KN8,70,5,225,32,14.0,70,A
215677000,2020-08-21T08:04:51,36.96291,-76.42420,0.0,147.3,39.0,RIZE,IMO9584035,9HA2781,70,5,229,32,14.5,,A
477196100,2020-08-21T08:13:03,37.19458,-76.13268,0.1,187.2,319.0,DARYA MA,IMO9591674,VRJH5,70,1,229,32,14.5,,A
368026000,2020-08-21T08:09:20,36.86573,-76.31602,0.0,270.5,2.0,BENAVIDEZ,IMO9218210,NBHG,70,5,289,32,10.9,70,A
366839000,2020-08-21T08:10:07,36.85345,-76.31080,0.0,0.0,39.0,CAPE RISE,IMO7530808,KAFG,70,5,197,32,10.0,,A
367359930,2020-08-21T08:11:21,36.82405,-76.28906,0.0,274.0,511.0,SUNNY WILLIAMS,,WDE4940,80,0,25,8,,80,A
338403000,2020-08-21T08:12:29,36.92479,-76.32997,0.6,272.3,353.0,MAERSK HARTFORD,IMO9333008,WMHA,70,0,299,40,14.5,,A
367822000,2020-08-21T08:08:56,36.97310,-76.43384,0.0,0.0,238.0,USNS SHUGHART,IMO7825394,NAOQ,70,5,276,32,13.0,70,A
367822000,2020-08-21T08:11:55,36.97311,-76.43384,0.0,0.0,238.0,USNS SHUGHART,IMO7825394,NAOQ,70,5,276,32,13.0,70,A
367821000,2020-08-21T08:09:47,36.97284,-76.43365,0.0,0.0,511.0,YANO,IMO7825409,NAQH,70,0,276,32,13.0,70,A
215677000,2020-08-21T08:10:52,36.96292,-76.42422,0.0,147.3,39.0,RIZE,IMO9584035,9HA2781,70,5,229,32,14.5,,A
215677000,2020-08-21T08:07:53,36.96292,-76.42419,0.0,147.3,39.0,RIZE,IMO9584035,9HA2781,70,5,229,32,14.5,,A
367821000,2020-08-21T08:10:57,36.97284,-76.43365,0.0,0.0,511.0,YANO,IMO7825409,NAQH,70,0,276,32,13.0,70,A
538006982,2020-08-21T08:11:16,36.96260,-76.42361,0.0,280.5,40.0,ANTE TOPIC,IMO9737072,V7TR4,70,5,,,,,A
368026000,2020-08-21T08:06:20,36.86576,-76.31606,0.0,270.5,2.0,BENAVIDEZ,IMO9218210,NBHG,70,5,289,32,10.9,70,A
538002652,2020-08-21T08:06:50,36.87948,-76.32648,0.0,34.0,276.0,NAIAS,IMO9330800,V7KN8,70,5,225,32,14.0,70,A
367359930,2020-08-21T08:12:32,36.82405,-76.28906,0.0,279.0,511.0,SUNNY WILLIAMS,,WDE4940,80,0,25,8,,80,A
367359930,2020-08-21T08:14:33,36.82405,-76.28906,0.0,284.2,511.0,SUNNY WILLIAMS,,WDE4940,80,0,25,8,,80,A
338403000,2020-08-21T08:15:00,36.92474,-76.33037,0.7,330.5,338.0,MAERSK HARTFORD,IMO9333008,WMHA,70,0,299,40,14.5,,A
367861000,2020-08-21T08:15:00,36.94637,-76.32982,0.0,0.0,265.0,LARAMIE,IMO8906626,NLAR,80,5,193,29,,,A
538005042,2020-08-21T08:07:01,36.92759,-76.32993,0.0,355.0,355.0,NILEDUTCH OSPREY,IMO9365829,V7AP5,70,5,182,28,11.0,71,A
367821000,2020-08-21T08:13:17,36.97284,-76.43365,0.0,0.0,511.0,YANO,IMO7825409,NAQH,70,0,276,32,13.0,70,A
215677000,2020-08-21T08:13:55,36.96292,-76.42419,0.0,147.3,39.0,RIZE,IMO9584035,9HA2781,70,5,229,32,14.5,,A
538006982,2020-08-21T08:14:16,36.96260,-76.42364,0.0,280.5,40.0,ANTE TOPIC,IMO9737072,V7TR4,70,5,,,,,A
477196100,2020-08-21T08:10:01,37.19459,-76.13263,0.0,187.2,317.0,DARYA MA,IMO9591674,VRJH5,70,1,229,32,14.5,,A
367932000,2020-08-21T08:12:09,36.94918,-76.32968,0.0,107.0,279.0,JOHN LENTHALL,IMO8325547,NJLN,80,5,193,29,,,A
338403000,2020-08-21T08:10:09,36.92482,-76.32974,0.0,280.7,356.0,MAERSK HARTFORD,IMO9333008,WMHA,70,0,299,40,14.5,,A
367359930,2020-08-21T08:16:11,36.82405,-76.28906,0.0,285.8,511.0,SUNNY WILLIAMS,,WDE4940,80,0,25,8,,80,A
538002652,2020-08-21T08:12:49,36.87942,-76.32647,0.0,34.0,276.0,NAIAS,IMO9330800,V7KN8,70,5,225,32,14.0,70,A
366839000,2020-08-21T08:16:10,36.85345,-76.31084,0.0,0.0,39.0,CAPE RISE,IMO7530808,KAFG,70,5,197,32,10.0,,A
477196100,2020-08-21T08:16:02,37.19457,-76.13271,0.0,187.2,321.0,DARYA MA,IMO9591674,VRJH5,70,1,229,32,14.5,,A
368026000,2020-08-21T08:15:21,36.86576,-76.31604,0.0,270.5,2.0,BENAVIDEZ,IMO9218210,NBHG,70,5,289,32,10.9,70,A
338403000,2020-08-21T08:16:49,36.92531,-76.33083,2.2,315.1,325.0,MAERSK HARTFORD,IMO9333008,WMHA,70,0,299,40,14.5,,A
367821000,2020-08-21T08:17:07,36.97284,-76.43365,0.0,0.0,511.0,YANO,IMO7825409,NAQH,70,0,276,32,13.0,70,A
215677000,2020-08-21T08:16:56,36.96291,-76.42419,0.0,147.3,39.0,RIZE,IMO9584035,9HA2781,70,5,229,32,14.5,,A
367861000,2020-08-21T08:12:01,36.94636,-76.32979,0.0,0.0,265.0,LARAMIE,IMO8906626,NLAR,80,5,193,29,,,A
367821000,2020-08-21T08:12:08,36.97284,-76.43365,0.0,0.0,511.0,YANO,IMO7825409,NAQH,70,0,276,32,13.0,70,A
367822000,2020-08-21T08:17:55,36.97311,-76.43383,0.0,0.0,238.0,USNS SHUGHART,IMO7825394,NAOQ,70,5,276,32,13.0,70,A
367932000,2020-08-21T08:15:09,36.94912,-76.32970,0.0,107.0,279.0,JOHN LENTHALL,IMO8325547,NJLN,80,5,193,29,,,A
368026000,2020-08-21T08:18:20,36.86576,-76.31605,0.0,270.5,2.0,BENAVIDEZ,IMO9218210,NBHG,70,5,289,32,10.9,70,A
338403000,2020-08-21T08:19:10,36.92672,-76.33227,3.5,306.9,308.0,MAERSK HARTFORD,IMO9333008,WMHA,70,0,299,40,14.5,,A
366839000,2020-08-21T08:13:10,36.85351,-76.31083,0.0,0.0,39.0,CAPE RISE,IMO7530808,KAFG,70,5,197,32,10.0,,A
367359930,2020-08-21T08:18:42,36.82404,-76.28905,0.0,288.3,511.0,SUNNY WILLIAMS,,WDE4940,80,0,25,8,,80,A
367359930,2020-08-21T08:20:11,36.82405,-76.28906,0.0,295.0,511.0,SUNNY WILLIAMS,,WDE4940,80,0,25,8,,80,A
538005042,2020-08-21T08:13:03,36.92759,-76.32993,0.0,355.0,355.0,NILEDUTCH OSPREY,IMO9365829,V7AP5,70,5,182,28,11.0,71,A
538002652,2020-08-21T08:15:51,36.87943,-76.32650,0.0,34.0,277.0,NAIAS,IMO9330800,V7KN8,70,5,225,32,14.0,70,A
366839000,2020-08-21T08:19:12,36.85345,-76.31083,0.0,0.0,39.0,CAPE RISE,IMO7530808,KAFG,70,5,197,32,10.0,,A
538002652,2020-08-21T08:18:51,36.87947,-76.32643,0.0,116.0,277.0,NAIAS,IMO9330800,V7KN8,70,5,225,32,14.0,70,A
367821000,2020-08-21T08:18:17,36.97284,-76.43365,0.0,0.0,511.0,YANO,IMO7825409,NAQH,70,0,276,32,13.0,70,A
366839000,2020-08-21T08:22:09,36.85348,-76.31082,0.0,0.0,39.0,CAPE RISE,IMO7530808,KAFG,70,5,197,32,10.0,,A
338403000,2020-08-21T08:13:39,36.92475,-76.33021,0.4,247.9,349.0,MAERSK HARTFORD,IMO9333008,WMHA,70,0,299,40,14.5,,A
367821000,2020-08-21T08:20:58,36.97284,-76.43365,0.0,0.0,511.0,YANO,IMO7825409,NAQH,70,0,276,32,13.0,70,A
477196100,2020-08-21T08:19:04,37.19458,-76.13275,0.0,187.2,321.0,DARYA MA,IMO9591674,VRJH5,70,1,229,32,14.5,,A
367821000,2020-08-21T08:14:27,36.97284,-76.43365,0.0,0.0,511.0,YANO,IMO7825409,NAQH,70,0,276,32,13.0,70,A
367821000,2020-08-21T08:15:37,36.97284,-76.43365,0.0,0.0,511.0,YANO,IMO7825409,NAQH,70,0,276,32,13.0,70,A
215677000,2020-08-21T08:19:55,36.96291,-76.42419,0.0,147.3,39.0,RIZE,IMO9584035,9HA2781,70,5,229,32,14.5,,A
338403000,2020-08-21T08:21:20,36.92818,-76.33472,4.5,306.2,318.0,MAERSK HARTFORD,IMO9333008,WMHA,70,0,299,40,14.5,,A
367821000,2020-08-21T08:19:26,36.97284,-76.43365,0.0,0.0,511.0,YANO,IMO7825409,NAQH,70,0,276,32,13.0,70,A
367359930,2020-08-21T08:21:33,36.82406,-76.28906,0.0,290.8,511.0,SUNNY WILLIAMS,,WDE4940,80,0,25,8,,80,A
538005042,2020-08-21T08:19:06,36.92760,-76.32993,0.0,355.0,355.0,NILEDUTCH OSPREY,IMO9365829,V7AP5,70,5,182,28,11.0,71,A
538005042,2020-08-21T08:16:02,36.92759,-76.32993,0.0,355.0,355.0,NILEDUTCH OSPREY,IMO9365829,V7AP5,70,5,182,28,11.0,71,A
538002652,2020-08-21T08:21:52,36.87943,-76.32645,0.0,241.0,277.0,NAIAS,IMO9330800,V7KN8,70,5,225,32,14.0,70,A
367932000,2020-08-21T08:24:08,36.94917,-76.32968,0.0,107.0,279.0,JOHN LENTHALL,IMO8325547,NJLN,80,5,193,29,,,A
477196100,2020-08-21T08:25:02,37.19448,-76.13277,0.1,187.2,322.0,DARYA MA,IMO9591674,VRJH5,70,1,229,32,14.5,,A
367359930,2020-08-21T08:17:33,36.82405,-76.28905,0.0,285.9,511.0,SUNNY WILLIAMS,,WDE4940,80,0,25,8,,80,A
538005042,2020-08-21T08:22:06,36.92760,-76.32993,0.0,355.0,355.0,NILEDUTCH OSPREY,IMO9365829,V7AP5,70,5,182,28,11.0,71,A
477196100,2020-08-21T08:22:03,37.19452,-76.13277,0.1,187.2,322.0,DARYA MA,IMO9591674,VRJH5,70,1,229,32,14.5,,A
215677000,2020-08-21T08:22:55,36.96291,-76.42421,0.0,147.3,39.0,RIZE,IMO9584035,9HA2781,70,5,229,32,14.5,,A
538006982,2020-08-21T08:17:16,36.96257,-76.42365,0.0,280.5,40.0,ANTE TOPIC,IMO9737072,V7TR4,70,5,,,,,A
367861000,2020-08-21T08:18:00,36.94637,-76.32987,0.0,0.0,265.0,LARAMIE,IMO8906626,NLAR,80,5,193,29,,,A
338403000,2020-08-21T08:27:09,36.93590,-76.33757,6.5,8.4,358.0,MAERSK HARTFORD,IMO9333008,WMHA,70,0,299,40,14.5,,A
367932000,2020-08-21T08:18:08,36.94916,-76.32962,0.0,107.0,279.0,JOHN LENTHALL,IMO8325547,NJLN,80,5,193,29,,,A
538006982,2020-08-21T08:20:16,36.96258,-76.42365,0.0,280.5,40.0,ANTE TOPIC,IMO9737072,V7TR4,70,5,,,,,A
538006982,2020-08-21T08:23:16,36.96258,-76.42364,0.0,280.5,40.0,ANTE TOPIC,IMO9737072,V7TR4,70,5,,,,,A
368026000,2020-08-21T08:21:21,36.86576,-76.31602,0.0,270.5,2.0,BENAVIDEZ,IMO9218210,NBHG,70,5,289,32,10.9,70,A
367821000,2020-08-21T08:22:08,36.97284,-76.43365,0.0,0.0,511.0,YANO,IMO7825409,NAQH,70,0,276,32,13.0,70,A
367359930,2020-08-21T08:25:21,36.82406,-76.28906,0.0,284.6,511.0,SUNNY WILLIAMS,,WDE4940,80,0,25,8,,80,A
538005042,2020-08-21T08:28:09,36.92760,-76.32993,0.0,355.0,355.0,NILEDUTCH OSPREY,IMO9365829,V7AP5,70,5,182,28,11.0,71,A
367822000,2020-08-21T08:23:56,36.97311,-76.43383,0.0,0.0,238.0,USNS SHUGHART,IMO7825394,NAOQ,70,5,276,32,13.0,70,A
367822000,2020-08-21T08:29:55,36.97312,-76.43378,0.0,0.0,238.0,USNS SHUGHART,IMO7825394,NAOQ,70,5,276,32,13.0,70,A
338403000,2020-08-21T08:24:50,36.93193,-76.33740,5.3,356.1,357.0,MAERSK HARTFORD,IMO9333008,WMHA,70,0,299,40,14.5,,A
367861000,2020-08-21T08:24:01,36.94637,-76.32984,0.0,0.0,265.0,LARAMIE,IMO8906626,NLAR,80,5,193,29,,,A
368026000,2020-08-21T08:24:20,36.86577,-76.31603,0.0,270.5,2.0,BENAVIDEZ,IMO9218210,NBHG,70,5,289,32,10.9,70,A
338403000,2020-08-21T08:30:39,36.94355,-76.33759,8.1,12.6,2.0,MAERSK HARTFORD,IMO9333008,WMHA,70,0,299,40,14.5,,A
538005042,2020-08-21T08:25:07,36.92760,-76.32993,0.0,355.0,355.0,NILEDUTCH OSPREY,IMO9365829,V7AP5,70,5,182,28,11.0,71,A
366839000,2020-08-21T08:25:11,36.85349,-76.31083,0.0,0.0,39.0,CAPE RISE,IMO7530808,KAFG,70,5,197,32,10.0,,A
368026000,2020-08-21T08:27:20,36.86575,-76.31604,0.0,270.5,2.0,BENAVIDEZ,IMO9218210,NBHG,70,5,289,32,10.9,70,A
367359930,2020-08-21T08:24:03,36.82406,-76.28907,0.0,290.7,511.0,SUNNY WILLIAMS,,WDE4940,80,0,25,8,,80,A
367821000,2020-08-21T08:23:58,36.97284,-76.43365,0.0,0.0,511.0,YANO,IMO7825409,NAQH,70,0,276,32,13.0,70,A
367821000,2020-08-21T08:30:27,36.97286,-76.43370,0.0,0.0,511.0,YANO,IMO7825409,NAQH,70,0,276,32,13.0,70,A
477196100,2020-08-21T08:31:02,37.19444,-76.13287,0.1,187.2,325.0,DARYA MA,IMO9591674,VRJH5,70,1,229,32,14.5,,A
367359930,2020-08-21T08:32:52,36.82405,-76.28906,0.0,292.7,511.0,SUNNY WILLIAMS,,WDE4940,80,0,25,8,,80,A
338403000,2020-08-21T08:23:49,36.93061,-76.33704,4.1,6.5,353.0,MAERSK HARTFORD,IMO9333008,WMHA,70,0,299,40,14.5,,A
338403000,2020-08-21T08:33:09,36.94953,-76.33729,7.8,14.0,2.0,MAERSK HARTFORD,IMO9333008,WMHA,70,0,299,40,14.5,,A
366839000,2020-08-21T08:28:10,36.85349,-76.31082,0.0,0.0,39.0,CAPE RISE,IMO7530808,KAFG,70,5,197,32,10.0,,A
538006982,2020-08-21T08:32:16,36.96260,-76.42363,0.0,280.5,40.0,ANTE TOPIC,IMO9737072,V7TR4,70,5,,,,,A
477196100,2020-08-21T08:28:03,37.19445,-76.13282,0.1,187.2,323.0,DARYA MA,IMO9591674,VRJH5,70,1,229,32,14.5,,A
367359930,2020-08-21T08:29:02,36.82407,-76.28906,0.0,283.3,511.0,SUNNY WILLIAMS,,WDE4940,80,0,25,8,,80,A
367821000,2020-08-21T08:25:48,36.97284,-76.43365,0.0,0.0,511.0,YANO,IMO7825409,NAQH,70,0,276,32,13.0,70,A
367821000,2020-08-21T08:26:58,36.97284,-76.43365,0.0,0.0,511.0,YANO,IMO7825409,NAQH,70,0,276,32,13.0,70,A
368026000,2020-08-21T08:30:21,36.86576,-76.31603,0.0,270.5,2.0,BENAVIDEZ,IMO9218210,NBHG,70,5,289,32,10.9,70,A
367822000,2020-08-21T08:32:56,36.97312,-76.43383,0.0,0.0,238.0,USNS SHUGHART,IMO7825394,NAOQ,70,5,276,32,13.0,70,A
215677000,2020-08-21T08:28:56,36.96290,-76.42418,0.0,147.3,39.0,RIZE,IMO9584035,9HA2781,70,5,229,32,14.5,,A
215677000,2020-08-21T08:25:51,36.96292,-76.42419,0.0,147.3,39.0,RIZE,IMO9584035,9HA2781,70,5,229,32,14.5,,A
538002652,2020-08-21T08:27:53,36.87943,-76.32643,0.0,252.0,277.0,NAIAS,IMO9330800,V7KN8,70,5,225,32,14.0,70,A
367821000,2020-08-21T08:33:48,36.97286,-76.43369,0.0,0.0,511.0,YANO,IMO7825409,NAQH,70,0,276,32,13.0,70,A
368026000,2020-08-21T08:33:20,36.86572,-76.31602,0.0,270.5,2.0,BENAVIDEZ,IMO9218210,NBHG,70,5,289,32,10.9,70,A
366839000,2020-08-21T08:31:10,36.85348,-76.31088,0.0,0.0,39.0,CAPE RISE,IMO7530808,KAFG,70,5,197,32,10.0,,A
367821000,2020-08-21T08:32:38,36.97286,-76.43369,0.0,0.0,511.0,YANO,IMO7825409,NAQH,70,0,276,32,13.0,70,A
538002652,2020-08-21T08:30:52,36.87945,-76.32642,0.0,252.0,277.0,NAIAS,IMO9330800,V7KN8,70,5,225,32,14.0,70,A
538002652,2020-08-21T08:33:52,36.87945,-76.32645,0.0,252.0,277.0,NAIAS,IMO9330800,V7KN8,70,5,225,32,14.0,70,A
367821000,2020-08-21T08:29:17,36.97284,-76.43366,0.0,0.0,511.0,YANO,IMO7825409,NAQH,70,0,276,32,13.0,70,A
367359930,2020-08-21T08:31:02,36.82405,-76.28905,0.0,289.1,511.0,SUNNY WILLIAMS,,WDE4940,80,0,25,8,,80,A
215677000,2020-08-21T08:31:55,36.96290,-76.42417,0.0,147.3,39.0,RIZE,IMO9584035,9HA2781,70,5,229,32,14.5,,A
367359930,2020-08-21T08:34:52,36.82406,-76.28906,0.0,300.0,511.0,SUNNY WILLIAMS,,WDE4940,80,0,25,8,,80,A
366839000,2020-08-21T08:34:07,36.85351,-76.31086,0.0,0.0,39.0,CAPE RISE,IMO7530808,KAFG,70,5,197,32,10.0,,A
215677000,2020-08-21T08:34:54,36.96292,-76.42421,0.0,147.3,39.0,RIZE,IMO9584035,9HA2781,70,5,229,32,14.5,,A
367861000,2020-08-21T08:36:01,36.94641,-76.32978,0.0,0.0,265.0,LARAMIE,IMO8906626,NLAR,80,5,193,29,,,A
367932000,2020-08-21T08:33:09,36.94915,-76.32965,0.0,107.0,279.0,JOHN LENTHALL,IMO8325547,NJLN,80,5,193,29,,,A
367822000,2020-08-21T08:35:54,36.97312,-76.43383,0.0,0.0,238.0,USNS SHUGHART,IMO7825394,NAOQ,70,5,276,32,13.0,70,A
367821000,2020-08-21T08:36:28,36.97286,-76.43369,0.0,0.0,511.0,YANO,IMO7825409,NAQH,70,0,276,32,13.0,70,A
367821000,2020-08-21T08:37:38,36.97286,-76.43368,0.0,0.0,511.0,YANO,IMO7825409,NAQH,70,0,276,32,13.0,70,A
367359930,2020-08-21T08:37:52,36.82408,-76.28908,0.0,296.6,511.0,SUNNY WILLIAMS,,WDE4940,80,0,25,8,,80,A
538006982,2020-08-21T08:29:16,36.96258,-76.42364,0.0,280.5,40.0,ANTE TOPIC,IMO9737072,V7TR4,70,5,,,,,A
538005042,2020-08-21T08:31:12,36.92760,-76.32993,0.0,355.0,355.0,NILEDUTCH OSPREY,IMO9365829,V7AP5,70,5,182,28,11.0,71,A
477196100,2020-08-21T08:37:01,37.19442,-76.13294,0.0,187.2,327.0,DARYA MA,IMO9591674,VRJH5,70,1,229,32,14.5,,A
367861000,2020-08-21T08:30:00,36.94635,-76.32981,0.0,0.0,265.0,LARAMIE,IMO8906626,NLAR,80,5,193,29,,,A
538006982,2020-08-21T08:35:16,36.96259,-76.42364,0.0,280.5,40.0,ANTE TOPIC,IMO9737072,V7TR4,70,5,,,,,A
367821000,2020-08-21T08:39:28,36.97285,-76.43368,0.0,0.0,511.0,YANO,IMO7825409,NAQH,70,0,276,32,13.0,70,A
538005042,2020-08-21T08:34:12,36.92760,-76.32993,0.0,355.0,355.0,NILEDUTCH OSPREY,IMO9365829,V7AP5,70,5,182,28,11.0,71,A
538005042,2020-08-21T08:37:12,36.92760,-76.32993,0.0,355.0,355.0,NILEDUTCH OSPREY,IMO9365829,V7AP5,70,5,182,28,11.0,71,A
477196100,2020-08-21T08:33:54,37.19443,-76.13289,0.0,187.2,326.0,DARYA MA,IMO9591674,VRJH5,70,1,229,32,14.5,,A
367861000,2020-08-21T08:33:00,36.94644,-76.32979,0.0,0.0,265.0,LARAMIE,IMO8906626,NLAR,80,5,193,29,,,A
367359930,2020-08-21T08:36:41,36.82408,-76.28907,0.0,302.7,511.0,SUNNY WILLIAMS,,WDE4940,80,0,25,8,,80,A
338403000,2020-08-21T08:39:41,36.96686,-76.33529,10.8,34.0,20.0,MAERSK HARTFORD,IMO9333008,WMHA,70,0,299,40,14.5,,A
338403000,2020-08-21T08:38:00,36.96203,-76.33641,10.2,4.9,8.0,MAERSK HARTFORD,IMO9333008,WMHA,70,0,299,40,14.5,,A
367861000,2020-08-21T08:39:00,36.94638,-76.32982,0.0,0.0,265.0,LARAMIE,IMO8906626,NLAR,80,5,193,29,,,A
215677000,2020-08-21T08:37:54,36.96292,-76.42422,0.0,147.3,39.0,RIZE,IMO9584035,9HA2781,70,5,229,32,14.5,,A
368026000,2020-08-21T08:36:20,36.86576,-76.31603,0.0,270.5,2.0,BENAVIDEZ,IMO9218210,NBHG,70,5,289,32,10.9,70,A
367822000,2020-08-21T08:41:55,36.97311,-76.43384,0.0,0.0,238.0,USNS SHUGHART,IMO7825394,NAOQ,70,5,276,32,13.0,70,A
538002652,2020-08-21T08:39:53,36.87943,-76.32648,0.0,252.0,277.0,NAIAS,IMO9330800,V7KN8,70,5,225,32,14.0,70,A
538005042,2020-08-21T08:40:15,36.92760,-76.32993,0.0,355.0,355.0,NILEDUTCH OSPREY,IMO9365829,V7AP5,70,5,182,28,11.0,71,A
477196100,2020-08-21T08:39:56,37.19438,-76.13298,0.1,187.2,327.0,DARYA MA,IMO9591674,VRJH5,70,1,229,32,14.5,,A
366839000,2020-08-21T08:37:09,36.85348,-76.31081,0.0,0.0,39.0,CAPE RISE,IMO7530808,KAFG,70,5,197,32,10.0,,A
215677000,2020-08-21T08:40:55,36.96294,-76.42420,0.0,147.3,39.0,RIZE,IMO9584035,9HA2781,70,5,229,32,14.5,,A
367932000,2020-08-21T08:36:07,36.94927,-76.32971,0.0,107.0,279.0,JOHN LENTHALL,IMO8325547,NJLN,80,5,193,29,,,A
338403000,2020-08-21T08:46:01,36.98443,-76.31855,14.0,47.8,47.0,MAERSK HARTFORD,IMO9333008,WMHA,70,0,299,40,14.5,,A
338403000,2020-08-21T08:44:39,36.98080,-76.32320,13.5,45.0,45.0,MAERSK HARTFORD,IMO9333008,WMHA,70,0,299,40,14.5,,A
538002652,2020-08-21T08:42:51,36.87945,-76.32648,0.0,252.0,277.0,NAIAS,IMO9330800,V7KN8,70,5,225,32,14.0,70,A
367861000,2020-08-21T08:42:00,36.94642,-76.32980,0.0,0.0,265.0,LARAMIE,IMO8906626,NLAR,80,5,193,29,,,A
367821000,2020-08-21T08:45:07,36.97285,-76.43367,0.0,0.0,511.0,YANO,IMO7825409,NAQH,70,0,276,32,13.0,70,A
368026000,2020-08-21T08:39:21,36.86576,-76.31606,0.0,270.5,2.0,BENAVIDEZ,IMO9218210,NBHG,70,5,289,32,10.9,70,A
368026000,2020-08-21T08:42:20,36.86578,-76.31605,0.0,270.5,2.0,BENAVIDEZ,IMO9218210,NBHG,70,5,289,32,10.9,70,A
538006982,2020-08-21T08:44:16,36.96258,-76.42364,0.0,280.5,40.0,ANTE TOPIC,IMO9737072,V7TR4,70,5,,,,,A
367359930,2020-08-21T08:45:22,36.82405,-76.28906,0.0,292.3,511.0,SUNNY WILLIAMS,,WDE4940,80,0,25,8,,80,A
538005042,2020-08-21T08:43:17,36.92760,-76.32993,0.0,355.0,355.0,NILEDUTCH OSPREY,IMO9365829,V7AP5,70,5,182,28,11.0,71,A
367932000,2020-08-21T08:42:08,36.94919,-76.32969,0.0,107.0,279.0,JOHN LENTHALL,IMO8325547,NJLN,80,5,193,29,,,A
477196100,2020-08-21T08:43:02,37.19433,-76.13306,0.1,187.2,329.0,DARYA MA,IMO9591674,VRJH5,70,1,229,32,14.5,,A
367932000,2020-08-21T08:39:07,36.94919,-76.32972,0.0,107.0,279.0,JOHN LENTHALL,IMO8325547,NJLN,80,5,193,29,,,A
338403000,2020-08-21T08:47:08,36.98740,-76.31457,14.7,49.6,52.0,MAERSK HARTFORD,IMO9333008,WMHA,70,0,299,40,14.5,,A
215677000,2020-08-21T08:43:54,36.96290,-76.42418,0.0,147.3,39.0,RIZE,IMO9584035,9HA2781,70,5,229,32,14.5,,A
366839000,2020-08-21T08:40:11,36.85348,-76.31081,0.0,0.0,39.0,CAPE RISE,IMO7530808,KAFG,70,5,197,32,10.0,,A
367932000,2020-08-21T08:45:08,36.94917,-76.32971,0.0,107.0,279.0,JOHN LENTHALL,IMO8325547,NJLN,80,5,193,29,,,A
338403000,2020-08-21T08:41:20,36.97189,-76.33279,11.7,50.8,36.0,MAERSK HARTFORD,IMO9333008,WMHA,70,0,299,40,14.5,,A
338403000,2020-08-21T08:48:25,36.99064,-76.30927,15.4,56.3,56.0,MAERSK HARTFORD,IMO9333008,WMHA,70,0,299,40,14.5,,A
366839000,2020-08-21T08:49:10,36.85345,-76.31083,0.0,0.0,39.0,CAPE RISE,IMO7530808,KAFG,70,5,197,32,10.0,,A
338403000,2020-08-21T08:50:07,36.99472,-76.30151,16.2,58.7,58.0,MAERSK HARTFORD,IMO9333008,WMHA,70,0,299,40,14.5,,A
538005042,2020-08-21T08:46:18,36.92760,-76.32993,0.0,355.0,355.0,NILEDUTCH OSPREY,IMO9365829,V7AP5,70,5,182,28,11.0,71,A
538002652,2020-08-21T08:45:53,36.87943,-76.32643,0.0,252.0,277.0,NAIAS,IMO9330800,V7KN8,70,5,225,32,14.0,70,A
538006982,2020-08-21T08:47:16,36.96257,-76.42363,0.0,280.5,40.0,ANTE TOPIC,IMO9737072,V7TR4,70,5,,,,,A
367861000,2020-08-21T08:48:00,36.94638,-76.32979,0.0,0.0,265.0,LARAMIE,IMO8906626,NLAR,80,5,193,29,,,A
367359930,2020-08-21T08:42:22,36.82406,-76.28906,0.0,293.8,511.0,SUNNY WILLIAMS,,WDE4940,80,0,25,8,,80,A
538002652,2020-08-21T08:51:51,36.87948,-76.32645,0.0,252.0,276.0,NAIAS,IMO9330800,V7KN8,70,5,225,32,14.0,70,A
338403000,2020-08-21T08:51:19,36.99754,-76.29570,16.6,60.3,60.0,MAERSK HARTFORD,IMO9333008,WMHA,70,0,299,40,14.5,,A
338403000,2020-08-21T08:52:38,37.00050,-76.28900,16.8,65.3,70.0,MAERSK HARTFORD,IMO9333008,WMHA,70,0,299,40,14.5,,A
367821000,2020-08-21T08:42:37,36.97285,-76.43367,0.0,0.0,511.0,YANO,IMO7825409,NAQH,70,0,276,32,13.0,70,A
538006982,2020-08-21T08:41:16,36.96258,-76.42364,0.0,280.5,40.0,ANTE TOPIC,IMO9737072,V7TR4,70,5,,,,,A
538005042,2020-08-21T08:49:18,36.92760,-76.32993,0.0,355.0,355.0,NILEDUTCH OSPREY,IMO9365829,V7AP5,70,5,182,28,11.0,71,A
477196100,2020-08-21T08:49:03,37.19428,-76.13315,0.0,187.2,333.0,DARYA MA,IMO9591674,VRJH5,70,1,229,32,14.5,,A
367359930,2020-08-21T08:55:22,36.82409,-76.28909,0.0,301.6,511.0,SUNNY WILLIAMS,,WDE4940,80,0,25,8,,80,A
368026000,2020-08-21T08:45:20,36.86577,-76.31604,0.0,270.5,2.0,BENAVIDEZ,IMO9218210,NBHG,70,5,289,32,10.9,70,A
368026000,2020-08-21T08:51:22,36.86576,-76.31603,0.0,270.5,2.0,BENAVIDEZ,IMO9218210,NBHG,70,5,289,32,10.9,70,A
477196100,2020-08-21T08:45:59,37.19430,-76.13313,0.1,187.2,332.0,DARYA MA,IMO9591674,VRJH5,70,1,229,32,14.5,,A
215677000,2020-08-21T08:49:53,36.96291,-76.42419,0.0,147.3,39.0,RIZE,IMO9584035,9HA2781,70,5,229,32,14.5,,A
367932000,2020-08-21T08:48:09,36.94921,-76.32966,0.0,107.0,279.0,JOHN LENTHALL,IMO8325547,NJLN,80,5,193,29,,,A
367821000,2020-08-21T08:54:07,36.97285,-76.43366,0.0,0.0,511.0,YANO,IMO7825409,NAQH,70,0,276,32,13.0,70,A
477196100,2020-08-21T08:51:59,37.19429,-76.13318,0.0,187.2,334.0,DARYA MA,IMO9591674,VRJH5,70,1,229,32,14.5,,A
338403000,2020-08-21T08:56:08,37.00536,-76.26956,16.7,82.9,75.0,MAERSK HARTFORD,IMO9333008,WMHA,70,0,299,40,14.5,,A
367359930,2020-08-21T08:56:52,36.82406,-76.28906,0.0,300.3,511.0,SUNNY WILLIAMS,,WDE4940,80,0,25,8,,80,A
215677000,2020-08-21T08:52:58,36.96292,-76.42421,0.0,147.3,39.0,RIZE,IMO9584035,9HA2781,70,5,229,32,14.5,,A
367822000,2020-08-21T08:50:54,36.97311,-76.43384,0.0,0.0,238.0,USNS SHUGHART,IMO7825394,NAOQ,70,5,276,32,13.0,70,A
366839000,2020-08-21T08:52:12,36.85346,-76.31082,0.0,0.0,39.0,CAPE RISE,IMO7530808,KAFG,70,5,197,32,10.0,,A
538006982,2020-08-21T08:53:16,36.96258,-76.42363,0.0,280.5,40.0,ANTE TOPIC,IMO9737072,V7TR4,70,5,,,,,A
367822000,2020-08-21T08:53:54,36.97311,-76.43383,0.0,0.0,238.0,USNS SHUGHART,IMO7825394,NAOQ,70,5,276,32,13.0,70,A
338403000,2020-08-21T08:57:13,37.00666,-76.26324,16.7,91.9,82.0,MAERSK HARTFORD,IMO9333008,WMHA,70,0,299,40,14.5,,A
215677000,2020-08-21T08:55:54,36.96292,-76.42419,0.0,147.3,39.0,RIZE,IMO9584035,9HA2781,70,5,229,32,14.5,,A
367359930,2020-08-21T08:53:32,36.82406,-76.28907,0.0,300.9,511.0,SUNNY WILLIAMS,,WDE4940,80,0,25,8,,80,A
367861000,2020-08-21T08:54:01,36.94635,-76.32977,0.0,0.0,265.0,LARAMIE,IMO8906626,NLAR,80,5,193,29,,,A
338403000,2020-08-21T08:58:37,37.00753,-76.25514,16.6,87.5,88.0,MAERSK HARTFORD,IMO9333008,WMHA,70,0,299,40,14.5,,A
477196100,2020-08-21T08:55:01,37.19428,-76.13318,0.0,187.2,333.0,DARYA MA,IMO9591674,VRJH5,70,1,229,32,14.5,,A
368026000,2020-08-21T08:54:20,36.86577,-76.31606,0.0,270.5,2.0,BENAVIDEZ,IMO9218210,NBHG,70,5,289,32,10.9,70,A
367821000,2020-08-21T08:57:18,36.97285,-76.43365,0.0,0.0,511.0,YANO,IMO7825409,NAQH,70,0,276,32,13.0,70,A
538002652,2020-08-21T08:57:53,36.87938,-76.32650,0.0,252.0,276.0,NAIAS,IMO9330800,V7KN8,70,5,225,32,14.0,70,A
338403000,2020-08-21T08:55:02,37.00405,-76.27564,16.7,80.6,75.0,MAERSK HARTFORD,IMO9333008,WMHA,70,0,299,40,14.5,,A
538005042,2020-08-21T08:52:21,36.92759,-76.32993,0.0,355.0,355.0,NILEDUTCH OSPREY,IMO9365829,V7AP5,70,5,182,28,11.0,71,A
367822000,2020-08-21T08:47:54,36.97311,-76.43383,0.0,0.0,238.0,USNS SHUGHART,IMO7825394,NAOQ,70,5,276,32,13.0,70,A
367822000,2020-08-21T08:56:56,36.97311,-76.43383,0.0,0.0,238.0,USNS SHUGHART,IMO7825394,NAOQ,70,5,276,32,13.0,70,A
338403000,2020-08-21T08:59:49,37.00773,-76.24825,16.4,102.1,93.0,MAERSK HARTFORD,IMO9333008,WMHA,70,0,299,40,14.5,,A
366839000,2020-08-21T08:55:12,36.85348,-76.31082,0.0,0.0,39.0,CAPE RISE,IMO7530808,KAFG,70,5,197,32,10.0,,A
538005042,2020-08-21T08:55:23,36.92760,-76.32993,0.0,355.0,355.0,NILEDUTCH OSPREY,IMO9365829,V7AP5,70,5,182,28,11.0,71,A
477196100,2020-08-21T08:57:58,37.19425,-76.13323,0.1,187.2,333.0,DARYA MA,IMO9591674,VRJH5,70,1,229,32,14.5,,A
367861000,2020-08-21T09:00:01,36.94640,-76.32979,0.0,0.0,265.0,LARAMIE,IMO8906626,NLAR,80,5,193,29,,,A
538005042,2020-08-21T08:58:22,36.92760,-76.32993,0.0,355.0,355.0,NILEDUTCH OSPREY,IMO9365829,V7AP5,70,5,182,28,11.0,71,A
367359930,2020-08-21T08:59:22,36.82406,-76.28907,0.0,291.0,511.0,SUNNY WILLIAMS,,WDE4940,80,0,25,8,,80,A
538006982,2020-08-21T08:56:16,36.96259,-76.42364,0.0,280.5,40.0,ANTE TOPIC,IMO9737072,V7TR4,70,5,,,,,A
538002652,2020-08-21T09:00:52,36.87942,-76.32648,0.0,252.0,276.0,NAIAS,IMO9330800,V7KN8,70,5,225,32,14.0,70,A
368026000,2020-08-21T08:57:20,36.86576,-76.31606,0.0,270.5,2.0,BENAVIDEZ,IMO9218210,NBHG,70,5,289,32,10.9,70,A
367932000,2020-08-21T08:51:09,36.94919,-76.32968,0.0,107.0,279.0,JOHN LENTHALL,IMO8325547,NJLN,80,5,193,29,,,A
366839000,2020-08-21T08:58:10,36.85348,-76.31082,0.0,0.0,39.0,CAPE RISE,IMO7530808,KAFG,70,5,197,32,10.0,,A
367932000,2020-08-21T08:57:08,36.94923,-76.32971,0.0,107.0,279.0,JOHN LENTHALL,IMO8325547,NJLN,80,5,193,29,,,A
367821000,2020-08-21T08:59:38,36.97282,-76.43361,0.0,0.0,511.0,YANO,IMO7825409,NAQH,70,0,276,32,13.0,70,A
367359930,2020-08-21T09:01:21,36.82406,-76.28907,0.0,286.4,511.0,SUNNY WILLIAMS,,WDE4940,80,0,25,8,,80,A
367359930,2020-08-21T09:00:11,36.82406,-76.28907,0.0,291.0,511.0,SUNNY WILLIAMS,,WDE4940,80,0,25,8,,80,A
368026000,2020-08-21T09:00:20,36.86577,-76.31605,0.0,270.5,2.0,BENAVIDEZ,IMO9218210,NBHG,70,5,289,32,10.9,70,A
368026000,2020-08-21T09:03:21,36.86577,-76.31606,0.0,270.5,2.0,BENAVIDEZ,IMO9218210,NBHG,70,5,289,32,10.9,70,A
367822000,2020-08-21T08:59:56,36.97310,-76.43380,0.0,0.0,238.0,USNS SHUGHART,IMO7825394,NAOQ,70,5,276,32,13.0,70,A
338403000,2020-08-21T09:01:07,37.00734,-76.24079,16.5,111.8,103.0,MAERSK HARTFORD,IMO9333008,WMHA,70,0,299,40,14.5,,A
477196100,2020-08-21T09:01:00,37.19421,-76.13328,0.0,187.2,335.0,DARYA MA,IMO9591674,VRJH5,70,1,229,32,14.5,,A
367359930,2020-08-21T09:02:33,36.82408,-76.28905,0.0,283.8,511.0,SUNNY WILLIAMS,,WDE4940,80,0,25,8,,80,A
367821000,2020-08-21T09:00:08,36.97282,-76.43361,0.0,0.0,511.0,YANO,IMO7825409,NAQH,70,0,276,32,13.0,70,A
367821000,2020-08-21T09:01:18,36.97283,-76.43362,0.0,0.0,511.0,YANO,IMO7825409,NAQH,70,0,276,32,13.0,70,A
538006982,2020-08-21T09:02:16,36.96258,-76.42364,0.0,280.5,40.0,ANTE TOPIC,IMO9737072,V7TR4,70,5,,,,,A
367821000,2020-08-21T09:04:47,36.97284,-76.43364,0.0,0.0,511.0,YANO,IMO7825409,NAQH,70,0,276,32,13.0,70,A
367861000,2020-08-21T09:03:00,36.94636,-76.32982,0.0,0.0,265.0,LARAMIE,IMO8906626,NLAR,80,5,193,29,,,A
366839000,2020-08-21T09:01:10,36.85348,-76.31080,0.0,0.0,39.0,CAPE RISE,IMO7530808,KAFG,70,5,197,32,10.0,,A
367821000,2020-08-21T09:02:27,36.97283,-76.43364,0.0,0.0,511.0,YANO,IMO7825409,NAQH,70,0,276,32,13.0,70,A
215677000,2020-08-21T09:04:54,36.96291,-76.42419,0.0,147.3,39.0,RIZE,IMO9584035,9HA2781,70,5,229,32,14.5,,A
538006982,2020-08-21T09:05:16,36.96255,-76.42365,0.0,280.5,40.0,ANTE TOPIC,IMO9737072,V7TR4,70,5,,,,,A
338403000,2020-08-21T09:03:20,37.00507,-76.22859,16.5,106.5,106.0,MAERSK HARTFORD,IMO9333008,WMHA,70,0,299,40,14.5,,A
367861000,2020-08-21T09:06:00,36.94639,-76.32980,0.0,0.0,265.0,LARAMIE,IMO8906626,NLAR,80,5,193,29,,,A
338403000,2020-08-21T09:02:13,37.00639,-76.23469,16.5,104.7,105.0,MAERSK HARTFORD,IMO9333008,WMHA,70,0,299,40,14.5,,A
338403000,2020-08-21T09:04:26,37.00353,-76.22240,16.4,117.1,107.0,MAERSK HARTFORD,IMO9333008,WMHA,70,0,299,40,14.5,,A
338403000,2020-08-21T09:00:01,37.00773,-76.24720,16.4,103.8,94.0,MAERSK HARTFORD,IMO9333008,WMHA,70,0,299,40,14.5,,A
367821000,2020-08-21T09:06:18,36.97284,-76.43365,0.0,0.0,511.0,YANO,IMO7825409,NAQH,70,0,276,32,13.0,70,A
367932000,2020-08-21T09:06:07,36.94915,-76.32971,0.0,107.0,279.0,JOHN LENTHALL,IMO8325547,NJLN,80,5,193,29,,,A
367932000,2020-08-21T09:00:08,36.94918,-76.32966,0.0,107.0,279.0,JOHN LENTHALL,IMO8325547,NJLN,80,5,193,29,,,A
338403000,2020-08-21T09:05:31,37.00197,-76.21647,16.0,118.7,107.0,MAERSK HARTFORD,IMO9333008,WMHA,70,0,299,40,14.5,,A
538002652,2020-08-21T09:03:52,36.87950,-76.32642,0.0,252.0,276.0,NAIAS,IMO9330800,V7KN8,70,5,225,32,14.0,70,A
538005042,2020-08-21T09:07:27,36.92760,-76.32993,0.0,355.0,355.0,NILEDUTCH OSPREY,IMO9365829,V7AP5,70,5,182,28,11.0,71,A
538005042,2020-08-21T09:01:23,36.92760,-76.32993,0.0,355.0,355.0,NILEDUTCH OSPREY,IMO9365829,V7AP5,70,5,182,28,11.0,71,A
338403000,2020-08-21T09:06:32,37.00053,-76.21105,16.0,119.6,107.0,MAERSK HARTFORD,IMO9333008,WMHA,70,0,299,40,14.5,,A
367822000,2020-08-21T09:05:56,36.97308,-76.43381,0.0,0.0,238.0,USNS SHUGHART,IMO7825394,NAOQ,70,5,276,32,13.0,70,A
367821000,2020-08-21T09:07:27,36.97284,-76.43365,0.0,0.0,511.0,YANO,IMO7825409,NAQH,70,0,276,32,13.0,70,A
367861000,2020-08-21T09:09:01,36.94638,-76.32980,0.0,0.0,265.0,LARAMIE,IMO8906626,NLAR,80,5,193,29,,,A
367822000,2020-08-21T09:02:55,36.97308,-76.43381,0.0,0.0,238.0,USNS SHUGHART,IMO7825394,NAOQ,70,5,276,32,13.0,70,A
338403000,2020-08-21T09:09:02,36.99682,-76.19763,15.9,122.1,110.0,MAERSK HARTFORD,IMO9333008,WMHA,70,0,299,40,14.5,,A
367821000,2020-08-21T09:03:38,36.97284,-76.43365,0.0,0.0,511.0,YANO,IMO7825409,NAQH,70,0,276,32,13.0,70,A
367821000,2020-08-21T09:10:07,36.97285,-76.43366,0.0,0.0,511.0,YANO,IMO7825409,NAQH,70,0,276,32,13.0,70,A
367932000,2020-08-21T09:03:09,36.94918,-76.32969,0.0,107.0,279.0,JOHN LENTHALL,IMO8325547,NJLN,80,5,193,29,,,A
477196100,2020-08-21T09:09:57,37.19425,-76.13326,0.0,187.2,335.0,DARYA MA,IMO9591674,VRJH5,70,1,229,32,14.5,,A
477196100,2020-08-21T09:03:55,37.19422,-76.13329,0.0,187.2,337.0,DARYA MA,IMO9591674,VRJH5,70,1,229,32,14.5,,A
366839000,2020-08-21T09:04:11,36.85347,-76.31083,0.0,0.0,39.0,CAPE RISE,IMO7530808,KAFG,70,5,197,32,10.0,,A
367359930,2020-08-21T09:03:53,36.82407,-76.28907,0.0,279.6,511.0,SUNNY WILLIAMS,,WDE4940,80,0,25,8,,80,A
368026000,2020-08-21T09:09:21,36.86574,-76.31603,0.0,270.5,2.0,BENAVIDEZ,IMO9218210,NBHG,70,5,289,32,10.9,70,A
367359930,2020-08-21T09:06:13,36.82407,-76.28908,0.0,282.9,511.0,SUNNY WILLIAMS,,WDE4940,80,0,25,8,,80,A
367359930,2020-08-21T09:05:02,36.82408,-76.28908,0.0,277.7,511.0,SUNNY WILLIAMS,,WDE4940,80,0,25,8,,80,A
538002652,2020-08-21T09:06:51,36.87943,-76.32648,0.0,252.0,276.0,NAIAS,IMO9330800,V7KN8,70,5,225,32,14.0,70,A
367932000,2020-08-21T09:09:09,36.94919,-76.32969,0.0,107.0,279.0,JOHN LENTHALL,IMO8325547,NJLN,80,5,193,29,,,A
368026000,2020-08-21T09:12:21,36.86575,-76.31604,0.0,270.5,2.0,BENAVIDEZ,IMO9218210,NBHG,70,5,289,32,10.9,70,A
477196100,2020-08-21T09:07:01,37.19424,-76.13327,0.0,187.2,336.0,DARYA MA,IMO9591674,VRJH5,70,1,229,32,14.5,,A
367359930,2020-08-21T09:12:32,36.82407,-76.28907,0.0,258.5,511.0,SUNNY WILLIAMS,,WDE4940,80,0,25,8,,80,A
367359930,2020-08-21T09:10:53,36.82408,-76.28907,0.0,260.4,511.0,SUNNY WILLIAMS,,WDE4940,80,0,25,8,,80,A
367359930,2020-08-21T09:07:22,36.82409,-76.28906,0.0,280.8,511.0,SUNNY WILLIAMS,,WDE4940,80,0,25,8,,80,A
366839000,2020-08-21T09:07:10,36.85348,-76.31086,0.0,0.0,39.0,CAPE RISE,IMO7530808,KAFG,70,5,197,32,10.0,,A
477196100,2020-08-21T09:15:59,37.19417,-76.13322,0.0,187.2,333.0,DARYA MA,IMO9591674,VRJH5,70,1,229,32,14.5,,A
538002652,2020-08-21T09:09:49,36.87948,-76.32645,0.0,252.0,276.0,NAIAS,IMO9330800,V7KN8,70,5,225,32,14.0,70,A
367359930,2020-08-21T09:08:33,36.82408,-76.28906,0.0,272.3,511.0,SUNNY WILLIAMS,,WDE4940,80,0,25,8,,80,A
367359930,2020-08-21T09:14:32,36.82407,-76.28907,0.0,253.7,511.0,SUNNY WILLIAMS,,WDE4940,80,0,25,8,,80,A
367359930,2020-08-21T09:09:43,36.82408,-76.28906,0.0,261.5,511.0,SUNNY WILLIAMS,,WDE4940,80,0,25,8,,80,A
338403000,2020-08-21T09:10:20,36.99479,-76.19082,16.1,110.6,109.0,MAERSK HARTFORD,IMO9333008,WMHA,70,0,299,40,14.5,,A
538006982,2020-08-21T09:08:16,36.96255,-76.42365,0.0,280.5,40.0,ANTE TOPIC,IMO9737072,V7TR4,70,5,,,,,A
367821000,2020-08-21T09:08:38,36.97284,-76.43365,0.0,0.0,511.0,YANO,IMO7825409,NAQH,70,0,276,32,13.0,70,A
366839000,2020-08-21T09:10:07,36.85351,-76.31082,0.0,0.0,39.0,CAPE RISE,IMO7530808,KAFG,70,5,197,32,10.0,,A
367861000,2020-08-21T09:12:00,36.94643,-76.32980,0.0,0.0,265.0,LARAMIE,IMO8906626,NLAR,80,5,193,29,,,A
367932000,2020-08-21T09:12:09,36.94916,-76.32971,0.0,107.0,279.0,JOHN LENTHALL,IMO8325547,NJLN,80,5,193,29,,,A
367821000,2020-08-21T09:12:28,36.97284,-76.43366,0.0,0.0,511.0,YANO,IMO7825409,NAQH,70,0,276,32,13.0,70,A
368026000,2020-08-21T09:15:21,36.86575,-76.31605,0.0,270.5,2.0,BENAVIDEZ,IMO9218210,NBHG,70,5,289,32,10.9,70,A
367821000,2020-08-21T09:16:57,36.97285,-76.43365,0.0,0.0,511.0,YANO,IMO7825409,NAQH,70,0,276,32,13.0,70,A
367821000,2020-08-21T09:15:47,36.97284,-76.43365,0.0,0.0,511.0,YANO,IMO7825409,NAQH,70,0,276,32,13.0,70,A
366839000,2020-08-21T09:13:12,36.85351,-76.31082,0.0,0.0,39.0,CAPE RISE,IMO7530808,KAFG,70,5,197,32,10.0,,A
338403000,2020-08-21T09:16:50,36.98542,-76.15707,15.5,108.4,108.0,MAERSK HARTFORD,IMO9333008,WMHA,70,0,299,40,14.5,,A
215677000,2020-08-21T09:10:55,36.96290,-76.42422,0.0,147.3,39.0,RIZE,IMO9584035,9HA2781,70,5,229,32,14.5,,A
538006982,2020-08-21T09:11:16,36.96256,-76.42365,0.0,280.5,40.0,ANTE TOPIC,IMO9737072,V7TR4,70,5,,,,,A
338403000,2020-08-21T09:19:07,36.98224,-76.14519,15.0,117.8,108.0,MAERSK HARTFORD,IMO9333008,WMHA,70,0,299,40,14.5,,A
367822000,2020-08-21T09:14:55,36.97309,-76.43382,0.0,0.0,238.0,USNS SHUGHART,IMO7825394,NAOQ,70,5,276,32,13.0,70,A
367821000,2020-08-21T09:11:18,36.97284,-76.43366,0.0,0.0,511.0,YANO,IMO7825409,NAQH,70,0,276,32,13.0,70,A
367861000,2020-08-21T09:18:01,36.94638,-76.32983,0.0,0.0,265.0,LARAMIE,IMO8906626,NLAR,80,5,193,29,,,A
338403000,2020-08-21T09:13:20,36.99030,-76.17516,15.9,109.6,109.0,MAERSK HARTFORD,IMO9333008,WMHA,70,0,299,40,14.5,,A
338403000,2020-08-21T09:15:37,36.98703,-76.16325,15.6,107.5,107.0,MAERSK HARTFORD,IMO9333008,WMHA,70,0,299,40,14.5,,A
477196100,2020-08-21T09:13:02,37.19423,-76.13323,0.0,187.2,334.0,DARYA MA,IMO9591674,VRJH5,70,1,229,32,14.5,,A
538002652,2020-08-21T09:15:51,36.87943,-76.32648,0.0,252.0,276.0,NAIAS,IMO9330800,V7KN8,70,5,225,32,14.0,70,A
367821000,2020-08-21T09:14:28,36.97285,-76.43365,0.0,0.0,511.0,YANO,IMO7825409,NAQH,70,0,276,32,13.0,70,A
367861000,2020-08-21T09:15:00,36.94640,-76.32981,0.0,0.0,265.0,LARAMIE,IMO8906626,NLAR,80,5,193,29,,,A
215677000,2020-08-21T09:13:55,36.96289,-76.42419,0.0,147.3,39.0,RIZE,IMO9584035,9HA2781,70,5,229,32,14.5,,A
338403000,2020-08-21T09:12:02,36.99218,-76.18187,15.9,109.9,511.0,MAERSK HARTFORD,IMO9333008,WMHA,70,0,299,40,14.5,,A
538005042,2020-08-21T09:13:28,36.92760,-76.32993,0.0,355.0,355.0,NILEDUTCH OSPREY,IMO9365829,V7AP5,70,5,182,28,11.0,71,A
367821000,2020-08-21T09:19:37,36.97285,-76.43365,0.0,0.0,511.0,YANO,IMO7825409,NAQH,70,0,276,32,13.0,70,A
367822000,2020-08-21T09:11:55,36.97309,-76.43382,0.0,0.0,238.0,USNS SHUGHART,IMO7825394,NAOQ,70,5,276,32,13.0,70,A
215677000,2020-08-21T09:19:57,36.96292,-76.42420,0.0,147.3,39.0,RIZE,IMO9584035,9HA2781,70,5,229,32,14.5,,A
338403000,2020-08-21T09:14:26,36.98870,-76.16948,15.3,115.6,107.0,MAERSK HARTFORD,IMO9333008,WMHA,70,0,299,40,14.5,,A
367861000,2020-08-21T09:21:00,36.94641,-76.32982,0.0,0.0,265.0,LARAMIE,IMO8906626,NLAR,80,5,193,29,,,A
538006982,2020-08-21T09:14:16,36.96257,-76.42364,0.0,280.5,40.0,ANTE TOPIC,IMO9737072,V7TR4,70,5,,,,,A
367359930,2020-08-21T09:22:11,36.82406,-76.28905,0.0,295.9,511.0,SUNNY WILLIAMS,,WDE4940,80,0,25,8,,80,A
367359930,2020-08-21T09:20:22,36.82407,-76.28906,0.0,285.2,511.0,SUNNY WILLIAMS,,WDE4940,80,0,25,8,,80,A
368026000,2020-08-21T09:18:20,36.86577,-76.31603,0.0,270.5,2.0,BENAVIDEZ,IMO9218210,NBHG,70,5,289,32,10.9,70,A
538002652,2020-08-21T09:18:52,36.87935,-76.32662,0.0,216.0,276.0,NAIAS,IMO9330800,V7KN8,70,5,225,32,14.0,70,A
538002652,2020-08-21T09:12:53,36.87935,-76.32653,0.0,252.0,276.0,NAIAS,IMO9330800,V7KN8,70,5,225,32,14.0,70,A
367821000,2020-08-21T09:21:47,36.97285,-76.43365,0.0,0.0,511.0,YANO,IMO7825409,NAQH,70,0,276,32,13.0,70,A
367822000,2020-08-21T09:17:55,36.97310,-76.43382,0.0,0.0,238.0,USNS SHUGHART,IMO7825394,NAOQ,70,5,276,32,13.0,70,A
366839000,2020-08-21T09:22:10,36.85350,-76.31080,0.0,0.0,39.0,CAPE RISE,IMO7530808,KAFG,70,5,197,32,10.0,,A
367359930,2020-08-21T09:23:33,36.82410,-76.28909,0.0,300.2,511.0,SUNNY WILLIAMS,,WDE4940,80,0,25,8,,80,A
367359930,2020-08-21T09:15:43,36.82407,-76.28907,0.0,255.7,511.0,SUNNY WILLIAMS,,WDE4940,80,0,25,8,,80,A
338403000,2020-08-21T09:24:32,36.97500,-76.11705,15.7,119.1,108.0,MAERSK HARTFORD,IMO9333008,WMHA,70,0,299,40,14.5,,A
215677000,2020-08-21T09:22:56,36.96292,-76.42422,0.0,147.3,39.0,RIZE,IMO9584035,9HA2781,70,5,229,32,14.5,,A
367822000,2020-08-21T09:20:56,36.97310,-76.43383,0.0,0.0,238.0,USNS SHUGHART,IMO7825394,NAOQ,70,5,276,32,13.0,70,A
538006982,2020-08-21T09:23:16,36.96260,-76.42366,0.0,280.5,40.0,ANTE TOPIC,IMO9737072,V7TR4,70,5,,,,,A
367932000,2020-08-21T09:24:07,36.94921,-76.32969,0.0,107.0,279.0,JOHN LENTHALL,IMO8325547,NJLN,80,5,193,29,,,A
368026000,2020-08-21T09:21:21,36.86574,-76.31604,0.0,270.5,2.0,BENAVIDEZ,IMO9218210,NBHG,70,5,289,32,10.9,70,A
538005042,2020-08-21T09:25:37,36.92760,-76.32993,0.0,355.0,355.0,NILEDUTCH OSPREY,IMO9365829,V7AP5,70,5,182,28,11.0,71,A
538005042,2020-08-21T09:16:32,36.92760,-76.32993,0.0,355.0,355.0,NILEDUTCH OSPREY,IMO9365829,V7AP5,70,5,182,28,11.0,71,A
367932000,2020-08-21T09:21:09,36.94914,-76.32964,0.0,107.0,279.0,JOHN LENTHALL,IMO8325547,NJLN,80,5,193,29,,,A
367359930,2020-08-21T09:26:22,36.82406,-76.28907,0.0,286.4,511.0,SUNNY WILLIAMS,,WDE4940,80,0,25,8,,80,A
367932000,2020-08-21T09:15:08,36.94919,-76.32967,0.0,107.0,279.0,JOHN LENTHALL,IMO8325547,NJLN,80,5,193,29,,,A
367821000,2020-08-21T09:18:18,36.97285,-76.43365,0.0,0.0,511.0,YANO,IMO7825409,NAQH,70,0,276,32,13.0,70,A
366839000,2020-08-21T09:16:11,36.85352,-76.31082,0.0,0.0,39.0,CAPE RISE,IMO7530808,KAFG,70,5,197,32,10.0,,A
215677000,2020-08-21T09:16:56,36.96290,-76.42421,0.0,147.3,39.0,RIZE,IMO9584035,9HA2781,70,5,229,32,14.5,,A
367359930,2020-08-21T09:17:32,36.82406,-76.28906,0.0,265.4,511.0,SUNNY WILLIAMS,,WDE4940,80,0,25,8,,80,A
367359930,2020-08-21T09:19:11,36.82406,-76.28905,0.0,273.4,511.0,SUNNY WILLIAMS,,WDE4940,80,0,25,8,,80,A
477196100,2020-08-21T09:18:54,37.19421,-76.13328,0.0,187.2,334.0,DARYA MA,IMO9591674,VRJH5,70,1,229,32,14.5,,A
538006982,2020-08-21T09:26:16,36.96263,-76.42364,0.0,280.5,40.0,ANTE TOPIC,IMO9737072,V7TR4,70,5,,,,,A
367822000,2020-08-21T09:23:54,36.97310,-76.43383,0.0,0.0,238.0,USNS SHUGHART,IMO7825394,NAOQ,70,5,276,32,13.0,70,A
538006982,2020-08-21T09:20:16,36.96261,-76.42366,0.0,280.5,40.0,ANTE TOPIC,IMO9737072,V7TR4,70,5,,,,,A
366733250,2020-08-21T09:28:12,37.23251,-76.06430,0.2,252.4,511.0,ATLANTIC SURVEYOR,,WTR5417,70,15,31,7,,,A
367821000,2020-08-21T09:28:47,36.97282,-76.43363,0.0,0.0,511.0,YANO,IMO7825409,NAQH,70,0,276,32,13.0,70,A
366839000,2020-08-21T09:19:13,36.85347,-76.31080,0.0,0.0,39.0,CAPE RISE,IMO7530808,KAFG,70,5,197,32,10.0,,A
368026000,2020-08-21T09:27:20,36.86577,-76.31604,0.0,270.5,2.0,BENAVIDEZ,IMO9218210,NBHG,70,5,289,32,10.9,70,A
538005042,2020-08-21T09:19:31,36.92760,-76.32993,0.0,355.0,355.0,NILEDUTCH OSPREY,IMO9365829,V7AP5,70,5,182,28,11.0,71,A
367861000,2020-08-21T09:26:59,36.94636,-76.32983,0.0,0.0,265.0,LARAMIE,IMO8906626,NLAR,80,5,193,29,,,A
338403000,2020-08-21T09:21:31,36.97903,-76.13281,15.5,120.7,107.0,MAERSK HARTFORD,IMO9333008,WMHA,70,0,299,40,14.5,,A
367359930,2020-08-21T09:30:03,36.82407,-76.28906,0.0,273.9,511.0,SUNNY WILLIAMS,,WDE4940,80,0,25,8,,80,A
477196100,2020-08-21T09:22:01,37.19418,-76.13327,0.1,187.2,334.0,DARYA MA,IMO9591674,VRJH5,70,1,229,32,14.5,,A
367822000,2020-08-21T09:29:55,36.97309,-76.43385,0.0,0.0,238.0,USNS SHUGHART,IMO7825394,NAOQ,70,5,276,32,13.0,70,A
538002652,2020-08-21T09:21:53,36.87943,-76.32647,0.0,216.0,276.0,NAIAS,IMO9330800,V7KN8,70,5,225,32,14.0,70,A
538005042,2020-08-21T09:22:34,36.92760,-76.32993,0.0,355.0,355.0,NILEDUTCH OSPREY,IMO9365829,V7AP5,70,5,182,28,11.0,71,A
338403000,2020-08-21T09:29:56,36.96781,-76.08860,15.5,116.2,107.0,MAERSK HARTFORD,IMO9333008,WMHA,70,0,299,40,14.5,,A
368026000,2020-08-21T09:24:20,36.86576,-76.31602,0.0,270.5,2.0,BENAVIDEZ,IMO9218210,NBHG,70,5,289,32,10.9,70,A
367359930,2020-08-21T09:24:42,36.82406,-76.28908,0.0,297.8,511.0,SUNNY WILLIAMS,,WDE4940,80,0,25,8,,80,A
367861000,2020-08-21T09:24:01,36.94639,-76.32981,0.0,0.0,265.0,LARAMIE,IMO8906626,NLAR,80,5,193,29,,,A
338403000,2020-08-21T09:25:37,36.97357,-76.11138,15.5,115.3,107.0,MAERSK HARTFORD,IMO9333008,WMHA,70,0,299,40,14.5,,A
366733250,2020-08-21T09:30:41,37.23213,-76.06421,0.8,161.7,511.0,ATLANTIC SURVEYOR,,WTR5417,70,15,31,7,,,A
338403000,2020-08-21T09:31:26,36.96578,-76.08066,15.8,115.7,107.0,MAERSK HARTFORD,IMO9333008,WMHA,70,0,299,40,14.5,,A
366839000,2020-08-21T09:25:13,36.85349,-76.31082,0.0,0.0,39.0,CAPE RISE,IMO7530808,KAFG,70,5,197,32,10.0,,A
367821000,2020-08-21T09:27:17,36.97283,-76.43363,0.0,0.0,511.0,YANO,IMO7825409,NAQH,70,0,276,32,13.0,70,A
538006982,2020-08-21T09:29:16,36.96264,-76.42364,0.0,280.5,40.0,ANTE TOPIC,IMO9737072,V7TR4,70,5,,,,,A
538002652,2020-08-21T09:24:52,36.87947,-76.32653,0.0,216.0,276.0,NAIAS,IMO9330800,V7KN8,70,5,225,32,14.0,70,A
367359930,2020-08-21T09:27:32,36.82407,-76.28906,0.0,278.6,511.0,SUNNY WILLIAMS,,WDE4940,80,0,25,8,,80,A
368026000,2020-08-21T09:30:21,36.86576,-76.31604,0.0,270.5,2.0,BENAVIDEZ,IMO9218210,NBHG,70,5,289,32,10.9,70,A
367821000,2020-08-21T09:33:38,36.97283,-76.43365,0.0,0.0,511.0,YANO,IMO7825409,NAQH,70,0,276,32,13.0,70,A
366733250,2020-08-21T09:26:12,37.23226,-76.06376,1.1,304.9,511.0,ATLANTIC SURVEYOR,,WTR5417,70,15,31,7,,,A
215677000,2020-08-21T09:25:58,36.96291,-76.42421,0.0,147.3,39.0,RIZE,IMO9584035,9HA2781,70,5,229,32,14.5,,A
538002652,2020-08-21T09:30:52,36.87947,-76.32652,0.0,216.0,276.0,NAIAS,IMO9330800,V7KN8,70,5,225,32,14.0,70,A
338403000,2020-08-21T09:32:44,36.96405,-76.07384,16.0,115.6,107.0,MAERSK HARTFORD,IMO9333008,WMHA,70,0,299,40,14.5,,A
367359930,2020-08-21T09:28:42,36.82408,-76.28908,0.0,277.5,511.0,SUNNY WILLIAMS,,WDE4940,80,0,25,8,,80,A
366733250,2020-08-21T09:33:22,37.23140,-76.06383,1.1,155.0,511.0,ATLANTIC SURVEYOR,,WTR5417,70,15,31,7,,,A
368026000,2020-08-21T09:33:20,36.86576,-76.31604,0.0,270.5,2.0,BENAVIDEZ,IMO9218210,NBHG,70,5,289,32,10.9,70,A
338403000,2020-08-21T09:27:32,36.97104,-76.10123,15.9,107.8,107.0,MAERSK HARTFORD,IMO9333008,WMHA,70,0,299,40,14.5,,A
366733250,2020-08-21T09:29:31,37.23236,-76.06432,0.6,169.1,511.0,ATLANTIC SURVEYOR,,WTR5417,70,15,31,7,,,A
366839000,2020-08-21T09:34:12,36.85347,-76.31085,0.0,0.0,39.0,CAPE RISE,IMO7530808,KAFG,70,5,197,32,10.0,,A
477196100,2020-08-21T09:34:03,37.19414,-76.13347,0.1,187.2,338.0,DARYA MA,IMO9591674,VRJH5,70,1,229,32,14.5,,A
538006982,2020-08-21T09:32:16,36.96261,-76.42362,0.0,280.5,40.0,ANTE TOPIC,IMO9737072,V7TR4,70,5,,,,,A
338403000,2020-08-21T09:28:50,36.96927,-76.09440,15.9,107.3,107.0,MAERSK HARTFORD,IMO9333008,WMHA,70,0,299,40,14.5,,A
367359930,2020-08-21T09:32:03,36.82407,-76.28908,0.0,273.8,511.0,SUNNY WILLIAMS,,WDE4940,80,0,25,8,,80,A
538002652,2020-08-21T09:27:50,36.87943,-76.32640,0.0,216.0,276.0,NAIAS,IMO9330800,V7KN8,70,5,225,32,14.0,70,A
367821000,2020-08-21T09:34:48,36.97283,-76.43365,0.0,0.0,511.0,YANO,IMO7825409,NAQH,70,0,276,32,13.0,70,A
538005042,2020-08-21T09:28:36,36.92760,-76.32993,0.0,355.0,355.0,NILEDUTCH OSPREY,IMO9365829,V7AP5,70,5,182,28,11.0,71,A
367932000,2020-08-21T09:27:08,36.94926,-76.32968,0.0,107.0,279.0,JOHN LENTHALL,IMO8325547,NJLN,80,5,193,29,,,A
367821000,2020-08-21T09:35:58,36.97283,-76.43365,0.0,0.0,511.0,YANO,IMO7825409,NAQH,70,0,276,32,13.0,70,A
538005042,2020-08-21T09:34:39,36.92760,-76.32993,0.0,355.0,355.0,NILEDUTCH OSPREY,IMO9365829,V7AP5,70,5,182,28,11.0,71,A
366839000,2020-08-21T09:31:07,36.85350,-76.31085,0.0,0.0,39.0,CAPE RISE,IMO7530808,KAFG,70,5,197,32,10.0,,A
366733250,2020-08-21T09:34:31,37.23103,-76.06363,1.2,156.0,511.0,ATLANTIC SURVEYOR,,WTR5417,70,15,31,7,,,A
477196100,2020-08-21T09:36:54,37.19413,-76.13349,0.1,187.2,338.0,DARYA MA,IMO9591674,VRJH5,70,1,229,32,14.5,,A
367822000,2020-08-21T09:38:54,36.97310,-76.43385,0.0,0.0,238.0,USNS SHUGHART,IMO7825394,NAOQ,70,5,276,32,13.0,70,A
338403000,2020-08-21T09:34:07,36.96215,-76.06629,16.0,115.0,107.0,MAERSK HARTFORD,IMO9333008,WMHA,70,0,299,40,14.5,,A
477196100,2020-08-21T09:28:03,37.19418,-76.13339,0.1,187.2,337.0,DARYA MA,IMO9591674,VRJH5,70,1,229,32,14.5,,A
367822000,2020-08-21T09:35:55,36.97309,-76.43385,0.0,0.0,238.0,USNS SHUGHART,IMO7825394,NAOQ,70,5,276,32,13.0,70,A
367861000,2020-08-21T09:30:00,36.94640,-76.32979,0.0,0.0,265.0,LARAMIE,IMO8906626,NLAR,80,5,193,29,,,A
538002652,2020-08-21T09:36:51,36.87945,-76.32650,0.0,216.0,277.0,NAIAS,IMO9330800,V7KN8,70,5,225,32,14.0,70,A
367821000,2020-08-21T09:40:28,36.97284,-76.43365,0.0,0.0,511.0,YANO,IMO7825409,NAQH,70,0,276,32,13.0,70,A
367932000,2020-08-21T09:39:08,36.94929,-76.32964,0.0,107.0,279.0,JOHN LENTHALL,IMO8325547,NJLN,80,5,193,29,,,A
215677000,2020-08-21T09:37:58,36.96291,-76.42421,0.1,147.3,39.0,RIZE,IMO9584035,9HA2781,70,5,229,32,14.5,,A
477196100,2020-08-21T09:30:59,37.19416,-76.13343,0.1,187.2,337.0,DARYA MA,IMO9591674,VRJH5,70,1,229,32,14.5,,A
367821000,2020-08-21T09:31:28,36.97283,-76.43364,0.0,0.0,511.0,YANO,IMO7825409,NAQH,70,0,276,32,13.0,70,A
215677000,2020-08-21T09:31:58,36.96291,-76.42418,0.0,147.3,39.0,RIZE,IMO9584035,9HA2781,70,5,229,32,14.5,,A
366733250,2020-08-21T00:04:42,37.18469,-76.26059,3.4,310.1,511.0,ATLANTIC SURVEYOR,,WTR5417,70,15,31,7,,,A
538006982,2020-08-21T09:35:16,36.96256,-76.42363,0.1,155.1,40.0,ANTE TOPIC,IMO9737072,V7TR4,70,5,,,,,A
367359930,2020-08-21T09:36:32,36.82406,-76.28907,0.0,252.3,511.0,SUNNY WILLIAMS,,WDE4940,80,0,25,8,,80,A
367932000,2020-08-21T09:33:09,36.94915,-76.32964,0.0,107.0,279.0,JOHN LENTHALL,IMO8325547,NJLN,80,5,193,29,,,A
215677000,2020-08-21T09:34:57,36.96292,-76.42420,0.0,147.3,39.0,RIZE,IMO9584035,9HA2781,70,5,229,32,14.5,,A
367861000,2020-08-21T09:42:01,36.94643,-76.32981,0.0,0.0,265.0,LARAMIE,IMO8906626,NLAR,80,5,193,29,,,A
367821000,2020-08-21T09:37:07,36.97283,-76.43365,0.0,0.0,511.0,YANO,IMO7825409,NAQH,70,0,276,32,13.0,70,A
368026000,2020-08-21T09:42:21,36.86576,-76.31605,0.0,270.5,2.0,BENAVIDEZ,IMO9218210,NBHG,70,5,289,32,10.9,70,A
538002652,2020-08-21T09:42:52,36.87947,-76.32660,0.0,216.0,277.0,NAIAS,IMO9330800,V7KN8,70,5,225,32,14.0,70,A
367822000,2020-08-21T09:32:56,36.97309,-76.43385,0.0,0.0,238.0,USNS SHUGHART,IMO7825394,NAOQ,70,5,276,32,13.0,70,A
367861000,2020-08-21T09:35:59,36.94638,-76.32981,0.0,0.0,265.0,LARAMIE,IMO8906626,NLAR,80,5,193,29,,,A
367861000,2020-08-21T09:33:01,36.94638,-76.32980,0.0,0.0,265.0,LARAMIE,IMO8906626,NLAR,80,5,193,29,,,A
538006982,2020-08-21T09:38:16,36.96254,-76.42365,0.1,158.8,40.0,ANTE TOPIC,IMO9737072,V7TR4,70,5,,,,,A
366839000,2020-08-21T09:43:15,36.85352,-76.31082,0.0,0.0,39.0,CAPE RISE,IMO7530808,KAFG,70,5,197,32,10.0,,A
367359930,2020-08-21T09:39:52,36.82393,-76.28964,1.1,181.2,511.0,SUNNY WILLIAMS,,WDE4940,80,0,25,8,,80,A
366839000,2020-08-21T09:37:13,36.85346,-76.31082,0.0,0.0,39.0,CAPE RISE,IMO7530808,KAFG,70,5,197,32,10.0,,A
538002652,2020-08-21T09:33:53,36.87945,-76.32655,0.0,216.0,276.0,NAIAS,IMO9330800,V7KN8,70,5,225,32,14.0,70,A
367932000,2020-08-21T09:36:07,36.94922,-76.32962,0.0,107.0,279.0,JOHN LENTHALL,IMO8325547,NJLN,80,5,193,29,,,A
538005042,2020-08-21T09:37:41,36.92760,-76.32993,0.0,355.0,355.0,NILEDUTCH OSPREY,IMO9365829,V7AP5,70,5,182,28,11.0,71,A
367359930,2020-08-21T09:37:52,36.82404,-76.28911,0.2,207.2,511.0,SUNNY WILLIAMS,,WDE4940,80,0,25,8,,80,A
367821000,2020-08-21T09:45:38,36.97284,-76.43365,0.0,0.0,511.0,YANO,IMO7825409,NAQH,70,0,276,32,13.0,70,A
367932000,2020-08-21T09:48:08,36.94922,-76.32972,0.0,107.0,279.0,JOHN LENTHALL,IMO8325547,NJLN,80,5,193,29,,,A
366839000,2020-08-21T09:46:12,36.85351,-76.31084,0.0,0.0,39.0,CAPE RISE,IMO7530808,KAFG,70,5,197,32,10.0,,A
538002652,2020-08-21T09:48:50,36.87943,-76.32648,0.0,216.0,277.0,NAIAS,IMO9330800,V7KN8,70,5,225,32,14.0,70,A
367821000,2020-08-21T09:46:47,36.97284,-76.43365,0.0,0.0,511.0,YANO,IMO7825409,NAQH,70,0,276,32,13.0,70,A
538005042,2020-08-21T09:40:40,36.92760,-76.32993,0.0,355.0,355.0,NILEDUTCH OSPREY,IMO9365829,V7AP5,70,5,182,28,11.0,71,A
215677000,2020-08-21T09:46:52,36.96291,-76.42420,0.0,147.3,40.0,RIZE,IMO9584035,9HA2781,70,5,229,32,14.5,,A
477196100,2020-08-21T09:42:59,37.19405,-76.13359,0.1,187.2,340.0,DARYA MA,IMO9591674,VRJH5,70,1,229,32,14.5,,A
368026000,2020-08-21T09:48:21,36.86576,-76.31605,0.0,270.5,2.0,BENAVIDEZ,IMO9218210,NBHG,70,5,289,32,10.9,70,A
538006982,2020-08-21T09:41:16,36.96256,-76.42364,0.0,156.1,40.0,ANTE TOPIC,IMO9737072,V7TR4,70,5,,,,,A
538002652,2020-08-21T09:39:52,36.87938,-76.32662,0.0,216.0,277.0,NAIAS,IMO9330800,V7KN8,70,5,225,32,14.0,70,A
367821000,2020-08-21T09:44:27,36.97284,-76.43365,0.0,0.0,511.0,YANO,IMO7825409,NAQH,70,0,276,32,13.0,70,A
538006982,2020-08-21T09:47:16,36.96255,-76.42366,0.0,184.7,40.0,ANTE TOPIC,IMO9737072,V7TR4,70,5,,,,,A
368026000,2020-08-21T09:45:21,36.86574,-76.31603,0.0,270.5,2.0,BENAVIDEZ,IMO9218210,NBHG,70,5,289,32,10.9,70,A
215677000,2020-08-21T09:40:58,36.96293,-76.42420,0.0,147.3,39.0,RIZE,IMO9584035,9HA2781,70,5,229,32,14.5,,A
538005042,2020-08-21T09:46:45,36.92760,-76.32993,0.0,355.0,355.0,NILEDUTCH OSPREY,IMO9365829,V7AP5,70,5,182,28,11.0,71,A
366839000,2020-08-21T09:49:16,36.85350,-76.31081,0.0,0.0,39.0,CAPE RISE,IMO7530808,KAFG,70,5,197,32,10.0,,A
367861000,2020-08-21T09:44:59,36.94636,-76.32983,0.0,0.0,265.0,LARAMIE,IMO8906626,NLAR,80,5,193,29,,,A
215677000,2020-08-21T09:43:57,36.96292,-76.42422,0.0,147.3,39.0,RIZE,IMO9584035,9HA2781,70,5,229,32,14.5,,A
367932000,2020-08-21T09:42:08,36.94924,-76.32966,0.0,107.0,279.0,JOHN LENTHALL,IMO8325547,NJLN,80,5,193,29,,,A
215677000,2020-08-21T09:49:51,36.96290,-76.42420,0.0,147.3,40.0,RIZE,IMO9584035,9HA2781,70,5,229,32,14.5,,A
367822000,2020-08-21T09:41:55,36.97310,-76.43385,0.0,0.0,238.0,USNS SHUGHART,IMO7825394,NAOQ,70,5,276,32,13.0,70,A
366839000,2020-08-21T09:40:11,36.85348,-76.31081,0.0,0.0,39.0,CAPE RISE,IMO7530808,KAFG,70,5,197,32,10.0,,A
477196100,2020-08-21T09:46:02,37.19402,-76.13365,0.1,187.2,341.0,DARYA MA,IMO9591674,VRJH5,70,1,229,32,14.5,,A
367821000,2020-08-21T09:41:38,36.97284,-76.43365,0.0,0.0,511.0,YANO,IMO7825409,NAQH,70,0,276,32,13.0,70,A
538005042,2020-08-21T09:52:47,36.92760,-76.32993,0.0,355.0,355.0,NILEDUTCH OSPREY,IMO9365829,V7AP5,70,5,182,28,11.0,71,A
538006982,2020-08-21T09:56:16,36.96259,-76.42364,0.1,181.3,40.0,ANTE TOPIC,IMO9737072,V7TR4,70,5,,,,,A
367822000,2020-08-21T09:44:55,36.97310,-76.43385,0.0,0.0,238.0,USNS SHUGHART,IMO7825394,NAOQ,70,5,276,32,13.0,70,A
367932000,2020-08-21T09:45:08,36.94917,-76.32970,0.0,107.0,279.0,JOHN LENTHALL,IMO8325547,NJLN,80,5,193,29,,,A
367821000,2020-08-21T09:59:58,36.97287,-76.43367,0.0,0.0,511.0,YANO,IMO7825409,NAQH,70,0,276,32,13.0,70,A
477196100,2020-08-21T09:52:03,37.19397,-76.13376,0.1,187.2,344.0,DARYA MA,IMO9591674,VRJH5,70,1,229,32,14.5,,A
367822000,2020-08-21T09:47:55,36.97310,-76.43385,0.0,0.0,238.0,USNS SHUGHART,IMO7825394,NAOQ,70,5,276,32,13.0,70,A
538006982,2020-08-21T09:44:16,36.96259,-76.42366,0.1,159.3,40.0,ANTE TOPIC,IMO9737072,V7TR4,70,5,,,,,A
367821000,2020-08-21T09:50:47,36.97284,-76.43365,0.0,0.0,511.0,YANO,IMO7825409,NAQH,70,0,276,32,13.0,70,A
368026000,2020-08-21T09:54:22,36.86577,-76.31605,0.0,270.5,2.0,BENAVIDEZ,IMO9218210,NBHG,70,5,289,32,10.9,70,A
367821000,2020-08-21T09:58:48,36.97286,-76.43367,0.0,0.0,511.0,YANO,IMO7825409,NAQH,70,0,276,32,13.0,70,A
367932000,2020-08-21T09:51:07,36.94919,-76.32964,0.0,107.0,279.0,JOHN LENTHALL,IMO8325547,NJLN,80,5,193,29,,,A
367932000,2020-08-21T09:57:07,36.94915,-76.32967,0.0,107.0,279.0,JOHN LENTHALL,IMO8325547,NJLN,80,5,193,29,,,A
215677000,2020-08-21T09:58:51,36.96292,-76.42420,0.0,147.3,40.0,RIZE,IMO9584035,9HA2781,70,5,229,32,14.5,,A
538005042,2020-08-21T09:58:50,36.92760,-76.32994,0.0,355.0,355.0,NILEDUTCH OSPREY,IMO9365829,V7AP5,70,5,182,28,11.0,71,A
538006982,2020-08-21T10:02:16,36.96257,-76.42365,0.1,177.4,40.0,ANTE TOPIC,IMO9737072,V7TR4,70,5,,,,,A
367861000,2020-08-21T10:00:01,36.94640,-76.32986,0.0,0.0,265.0,LARAMIE,IMO8906626,NLAR,80,5,193,29,,,A
367821000,2020-08-21T10:02:28,36.97288,-76.43367,0.0,0.0,511.0,YANO,IMO7825409,NAQH,70,0,276,32,13.0,70,A
538002652,2020-08-21T09:54:50,36.87950,-76.32647,0.0,216.0,277.0,NAIAS,IMO9330800,V7KN8,70,5,225,32,14.0,70,A
215677000,2020-08-21T10:01:54,36.96291,-76.42421,0.0,147.3,40.0,RIZE,IMO9584035,9HA2781,70,5,229,32,14.5,,A
538005042,2020-08-21T09:49:45,36.92759,-76.32993,0.0,355.0,355.0,NILEDUTCH OSPREY,IMO9365829,V7AP5,70,5,182,28,11.0,71,A
538005042,2020-08-21T09:55:48,36.92759,-76.32993,0.0,355.0,355.0,NILEDUTCH OSPREY,IMO9365829,V7AP5,70,5,182,28,11.0,71,A
538002652,2020-08-21T10:03:51,36.87955,-76.32645,0.0,216.0,276.0,NAIAS,IMO9330800,V7KN8,70,5,225,32,14.0,70,A
367861000,2020-08-21T09:51:00,36.94638,-76.32984,0.0,0.0,265.0,LARAMIE,IMO8906626,NLAR,80,5,193,29,,,A
367822000,2020-08-21T09:53:55,36.97310,-76.43384,0.0,0.0,238.0,USNS SHUGHART,IMO7825394,NAOQ,70,5,276,32,13.0,70,A
367861000,2020-08-21T09:57:01,36.94635,-76.32979,0.0,0.0,265.0,LARAMIE,IMO8906626,NLAR,80,5,193,29,,,A
368026000,2020-08-21T09:51:20,36.86575,-76.31605,0.0,270.5,2.0,BENAVIDEZ,IMO9218210,NBHG,70,5,289,32,10.9,70,A
366839000,2020-08-21T09:52:11,36.85348,-76.31086,0.0,0.0,39.0,CAPE RISE,IMO7530808,KAFG,70,5,197,32,10.0,,A
215677000,2020-08-21T09:55:51,36.96292,-76.42419,0.0,147.3,40.0,RIZE,IMO9584035,9HA2781,70,5,229,32,14.5,,A
538002652,2020-08-21T09:57:51,36.87945,-76.32648,0.0,216.0,277.0,NAIAS,IMO9330800,V7KN8,70,5,225,32,14.0,70,A
367821000,2020-08-21T09:56:18,36.97285,-76.43365,0.0,0.0,511.0,YANO,IMO7825409,NAQH,70,0,276,32,13.0,70,A
367932000,2020-08-21T09:54:08,36.94916,-76.32966,0.0,107.0,279.0,JOHN LENTHALL,IMO8325547,NJLN,80,5,193,29,,,A
538006982,2020-08-21T09:53:16,36.96257,-76.42364,0.0,180.3,40.0,ANTE TOPIC,IMO9737072,V7TR4,70,5,,,,,A
366839000,2020-08-21T09:58:09,36.85347,-76.31084,0.0,0.0,39.0,CAPE RISE,IMO7530808,KAFG,70,5,197,32,10.0,,A
366839000,2020-08-21T09:55:15,36.85350,-76.31081,0.0,0.0,39.0,CAPE RISE,IMO7530808,KAFG,70,5,197,32,10.0,,A
368026000,2020-08-21T09:57:20,36.86576,-76.31604,0.1,270.5,2.0,BENAVIDEZ,IMO9218210,NBHG,70,5,289,32,10.9,70,A
538006982,2020-08-21T09:59:16,36.96256,-76.42365,0.0,179.6,40.0,ANTE TOPIC,IMO9737072,V7TR4,70,5,,,,,A
367932000,2020-08-21T10:06:08,36.94914,-76.32967,0.0,107.0,279.0,JOHN LENTHALL,IMO8325547,NJLN,80,5,193,29,,,A
477196100,2020-08-21T09:54:58,37.19400,-76.13382,0.0,187.2,345.0,DARYA MA,IMO9591674,VRJH5,70,1,229,32,14.5,,A
477196100,2020-08-21T09:57:55,37.19400,-76.13383,0.1,187.2,345.0,DARYA MA,IMO9591674,VRJH5,70,1,229,32,14.5,,A
367861000,2020-08-21T10:03:01,36.94640,-76.32986,0.0,0.0,265.0,LARAMIE,IMO8906626,NLAR,80,5,193,29,,,A
367822000,2020-08-21T10:02:55,36.97314,-76.43384,0.0,0.0,238.0,USNS SHUGHART,IMO7825394,NAOQ,70,5,276,32,13.0,70,A
538002652,2020-08-21T10:00:51,36.87958,-76.32645,0.0,216.0,277.0,NAIAS,IMO9330800,V7KN8,70,5,225,32,14.0,70,A
368026000,2020-08-21T10:00:21,36.86576,-76.31606,0.0,270.5,2.0,BENAVIDEZ,IMO9218210,NBHG,70,5,289,32,10.9,70,A
367821000,2020-08-21T10:01:18,36.97288,-76.43368,0.0,0.0,511.0,YANO,IMO7825409,NAQH,70,0,276,32,13.0,70,A
367932000,2020-08-21T10:00:08,36.94916,-76.32970,0.0,107.0,279.0,JOHN LENTHALL,IMO8325547,NJLN,80,5,193,29,,,A
367821000,2020-08-21T10:03:38,36.97287,-76.43367,0.0,0.0,511.0,YANO,IMO7825409,NAQH,70,0,276,32,13.0,70,A
367822000,2020-08-21T09:59:55,36.97315,-76.43384,0.0,0.0,238.0,USNS SHUGHART,IMO7825394,NAOQ,70,5,276,32,13.0,70,A
368026000,2020-08-21T10:03:20,36.86576,-76.31604,0.0,270.5,2.0,BENAVIDEZ,IMO9218210,NBHG,70,5,289,32,10.9,70,A
477196100,2020-08-21T10:00:56,37.19397,-76.13382,0.0,187.2,345.0,DARYA MA,IMO9591674,VRJH5,70,1,229,32,14.5,,A
367821000,2020-08-21T10:00:07,36.97288,-76.43368,0.0,0.0,511.0,YANO,IMO7825409,NAQH,70,0,276,32,13.0,70,A
366839000,2020-08-21T10:04:09,36.85345,-76.31079,0.0,0.0,39.0,CAPE RISE,IMO7530808,KAFG,70,5,197,32,10.0,,A
366839000,2020-08-21T10:01:16,36.85351,-76.31084,0.0,0.0,39.0,CAPE RISE,IMO7530808,KAFG,70,5,197,32,10.0,,A
215677000,2020-08-21T10:04:55,36.96293,-76.42420,0.0,147.3,40.0,RIZE,IMO9584035,9HA2781,70,5,229,32,14.5,,A
367932000,2020-08-21T10:03:09,36.94916,-76.32962,0.0,107.0,279.0,JOHN LENTHALL,IMO8325547,NJLN,80,5,193,29,,,A
477196100,2020-08-21T10:03:57,37.19400,-76.13386,0.0,187.2,345.0,DARYA MA,IMO9591674,VRJH5,70,1,229,32,14.5,,A
538002652,2020-08-21T10:06:49,36.87955,-76.32647,0.0,216.0,276.0,NAIAS,IMO9330800,V7KN8,70,5,225,32,14.0,70,A
367821000,2020-08-21T10:04:48,36.97286,-76.43367,0.0,0.0,511.0,YANO,IMO7825409,NAQH,70,0,276,32,13.0,70,A
367821000,2020-08-21T10:07:08,36.97286,-76.43366,0.0,0.0,511.0,YANO,IMO7825409,NAQH,70,0,276,32,13.0,70,A
538006982,2020-08-21T10:05:16,36.96257,-76.42365,0.1,169.1,40.0,ANTE TOPIC,IMO9737072,V7TR4,70,5,,,,,A
368026000,2020-08-21T10:12:21,36.86574,-76.31602,0.0,270.5,2.0,BENAVIDEZ,IMO9218210,NBHG,70,5,289,32,10.9,70,A
538005042,2020-08-21T10:04:52,36.92760,-76.32993,0.0,355.0,355.0,NILEDUTCH OSPREY,IMO9365829,V7AP5,70,5,182,28,11.0,71,A
538006982,2020-08-21T10:08:16,36.96257,-76.42364,0.1,172.3,40.0,ANTE TOPIC,IMO9737072,V7TR4,70,5,,,,,A
215677000,2020-08-21T10:07:55,36.96290,-76.42421,0.0,147.3,40.0,RIZE,IMO9584035,9HA2781,70,5,229,32,14.5,,A
367861000,2020-08-21T10:06:00,36.94638,-76.32983,0.0,0.0,266.0,LARAMIE,IMO8906626,NLAR,80,5,193,29,,,A
538005042,2020-08-21T10:07:54,36.92760,-76.32993,0.0,354.0,354.0,NILEDUTCH OSPREY,IMO9365829,V7AP5,70,5,182,28,11.0,71,A
367821000,2020-08-21T10:05:57,36.97286,-76.43366,0.0,0.0,511.0,YANO,IMO7825409,NAQH,70,0,276,32,13.0,70,A
367821000,2020-08-21T10:08:17,36.97286,-76.43366,0.0,0.0,511.0,YANO,IMO7825409,NAQH,70,0,276,32,13.0,70,A
367822000,2020-08-21T10:05:56,36.97313,-76.43384,0.0,0.0,238.0,USNS SHUGHART,IMO7825394,NAOQ,70,5,276,32,13.0,70,A
538002652,2020-08-21T10:09:53,36.87938,-76.32647,0.0,216.0,276.0,NAIAS,IMO9330800,V7KN8,70,5,225,32,14.0,70,A
477196100,2020-08-21T10:09:59,37.19399,-76.13397,0.0,187.2,347.0,DARYA MA,IMO9591674,VRJH5,70,1,229,32,14.5,,A
477196100,2020-08-21T10:06:57,37.19398,-76.13388,0.1,187.2,346.0,DARYA MA,IMO9591674,VRJH5,70,1,229,32,14.5,,A
366839000,2020-08-21T10:07:15,36.85345,-76.31081,0.0,0.0,39.0,CAPE RISE,IMO7530808,KAFG,70,5,197,32,10.0,,A
367821000,2020-08-21T10:10:48,36.97286,-76.43365,0.0,0.0,511.0,YANO,IMO7825409,NAQH,70,0,276,32,13.0,70,A
367932000,2020-08-21T10:15:08,36.94915,-76.32967,0.0,107.0,279.0,JOHN LENTHALL,IMO8325547,NJLN,80,5,193,29,,,A
538005042,2020-08-21T10:10:56,36.92760,-76.32993,0.0,354.0,354.0,NILEDUTCH OSPREY,IMO9365829,V7AP5,70,5,182,28,11.0,71,A
367821000,2020-08-21T10:15:17,36.97286,-76.43365,0.0,0.0,511.0,YANO,IMO7825409,NAQH,70,0,276,32,13.0,70,A
367932000,2020-08-21T10:18:07,36.94915,-76.32973,0.0,107.0,279.0,JOHN LENTHALL,IMO8325547,NJLN,80,5,193,29,,,A
538002652,2020-08-21T10:12:50,36.87950,-76.32642,0.0,216.0,277.0,NAIAS,IMO9330800,V7KN8,70,5,225,32,14.0,70,A
366839000,2020-08-21T10:13:13,36.85350,-76.31083,0.0,0.0,39.0,CAPE RISE,IMO7530808,KAFG,70,5,197,32,10.0,,A
367821000,2020-08-21T10:09:27,36.97286,-76.43365,0.0,0.0,511.0,YANO,IMO7825409,NAQH,70,0,276,32,13.0,70,A
367861000,2020-08-21T10:08:59,36.94640,-76.32982,0.0,0.0,266.0,LARAMIE,IMO8906626,NLAR,80,5,193,29,,,A
368026000,2020-08-21T10:09:21,36.86573,-76.31603,0.0,270.5,2.0,BENAVIDEZ,IMO9218210,NBHG,70,5,289,32,10.9,70,A
215677000,2020-08-21T10:10:53,36.96291,-76.42419,0.0,147.3,40.0,RIZE,IMO9584035,9HA2781,70,5,229,32,14.5,,A
366839000,2020-08-21T10:10:11,36.85350,-76.31082,0.0,0.0,39.0,CAPE RISE,IMO7530808,KAFG,70,5,197,32,10.0,,A
368026000,2020-08-21T10:15:20,36.86574,-76.31603,0.0,270.5,2.0,BENAVIDEZ,IMO9218210,NBHG,70,5,289,32,10.9,70,A
367932000,2020-08-21T10:09:08,36.94916,-76.32970,0.0,107.0,279.0,JOHN LENTHALL,IMO8325547,NJLN,80,5,193,29,,,A
367821000,2020-08-21T10:20:38,36.97286,-76.43365,0.0,0.0,511.0,YANO,IMO7825409,NAQH,70,0,276,32,13.0,70,A
538006982,2020-08-21T10:11:16,36.96260,-76.42366,0.1,171.6,40.0,ANTE TOPIC,IMO9737072,V7TR4,70,5,,,,,A
538005042,2020-08-21T10:16:58,36.92761,-76.32993,0.0,354.0,354.0,NILEDUTCH OSPREY,IMO9365829,V7AP5,70,5,182,28,11.0,71,A
367821000,2020-08-21T10:13:58,36.97286,-76.43365,0.0,0.0,511.0,YANO,IMO7825409,NAQH,70,0,276,32,13.0,70,A
215677000,2020-08-21T10:13:56,36.96291,-76.42420,0.0,147.3,40.0,RIZE,IMO9584035,9HA2781,70,5,229,32,14.5,,A
538002652,2020-08-21T10:21:49,36.87940,-76.32650,0.0,216.0,277.0,NAIAS,IMO9330800,V7KN8,70,5,225,32,14.0,70,A
538002652,2020-08-21T10:18:52,36.87945,-76.32647,0.0,216.0,277.0,NAIAS,IMO9330800,V7KN8,70,5,225,32,14.0,70,A
367932000,2020-08-21T10:12:07,36.94921,-76.32970,0.0,107.0,279.0,JOHN LENTHALL,IMO8325547,NJLN,80,5,193,29,,,A
538006982,2020-08-21T10:17:16,36.96259,-76.42365,0.1,168.1,40.0,ANTE TOPIC,IMO9737072,V7TR4,70,5,,,,,A
477196100,2020-08-21T10:12:54,37.19400,-76.13399,0.1,187.2,348.0,DARYA MA,IMO9591674,VRJH5,70,1,229,32,14.5,,A
367822000,2020-08-21T10:17:55,36.97314,-76.43385,0.0,0.0,238.0,USNS SHUGHART,IMO7825394,NAOQ,70,5,276,32,13.0,70,A
368026000,2020-08-21T10:18:21,36.86577,-76.31604,0.0,270.5,2.0,BENAVIDEZ,IMO9218210,NBHG,70,5,289,32,10.9,70,A
367932000,2020-08-21T10:21:08,36.94918,-76.32967,0.0,107.0,279.0,JOHN LENTHALL,IMO8325547,NJLN,80,5,193,29,,,A
366839000,2020-08-21T10:16:13,36.85350,-76.31084,0.0,0.0,39.0,CAPE RISE,IMO7530808,KAFG,70,5,197,32,10.0,,A
538006982,2020-08-21T10:20:16,36.96258,-76.42362,0.1,167.7,40.0,ANTE TOPIC,IMO9737072,V7TR4,70,5,,,,,A
367822000,2020-08-21T10:20:55,36.97313,-76.43384,0.0,0.0,238.0,USNS SHUGHART,IMO7825394,NAOQ,70,5,276,32,13.0,70,A
366839000,2020-08-21T10:25:14,36.85349,-76.31082,0.0,0.0,39.0,CAPE RISE,IMO7530808,KAFG,70,5,197,32,10.0,,A
477196100,2020-08-21T10:21:57,37.19397,-76.13410,0.1,187.2,352.0,DARYA MA,IMO9591674,VRJH5,70,1,229,32,14.5,,A
366839000,2020-08-21T10:22:15,36.85351,-76.31087,0.0,0.0,39.0,CAPE RISE,IMO7530808,KAFG,70,5,197,32,10.0,,A
538005042,2020-08-21T10:26:03,36.92761,-76.32994,0.0,354.0,354.0,NILEDUTCH OSPREY,IMO9365829,V7AP5,70,5,182,28,11.0,71,A
538006982,2020-08-21T10:23:16,36.96258,-76.42364,0.1,165.2,40.0,ANTE TOPIC,IMO9737072,V7TR4,70,5,,,,,A
367821000,2020-08-21T10:26:58,36.97286,-76.43366,0.0,0.0,511.0,YANO,IMO7825409,NAQH,70,0,276,32,13.0,70,A
538002652,2020-08-21T10:27:52,36.87942,-76.32640,0.0,216.0,277.0,NAIAS,IMO9330800,V7KN8,70,5,225,32,14.0,70,A
215677000,2020-08-21T10:22:57,36.96291,-76.42421,0.0,147.3,40.0,RIZE,IMO9584035,9HA2781,70,5,229,32,14.5,,A
538005042,2020-08-21T10:29:01,36.92761,-76.32994,0.0,355.0,355.0,NILEDUTCH OSPREY,IMO9365829,V7AP5,70,5,182,28,11.0,71,A
215677000,2020-08-21T10:16:56,36.96290,-76.42421,0.0,147.3,40.0,RIZE,IMO9584035,9HA2781,70,5,229,32,14.5,,A
367821000,2020-08-21T10:24:38,36.97286,-76.43365,0.0,0.0,511.0,YANO,IMO7825409,NAQH,70,0,276,32,13.0,70,A
538006982,2020-08-21T10:26:16,36.96259,-76.42364,0.1,161.4,40.0,ANTE TOPIC,IMO9737072,V7TR4,70,5,,,,,A
367822000,2020-08-21T10:26:55,36.97313,-76.43384,0.0,0.0,238.0,USNS SHUGHART,IMO7825394,NAOQ,70,5,276,32,13.0,70,A
367821000,2020-08-21T10:18:57,36.97286,-76.43365,0.0,0.0,511.0,YANO,IMO7825409,NAQH,70,0,276,32,13.0,70,A
367861000,2020-08-21T10:18:00,36.94643,-76.32983,0.0,0.0,265.0,LARAMIE,IMO8906626,NLAR,80,5,193,29,,,A
367861000,2020-08-21T10:27:00,36.94638,-76.32980,0.0,0.0,265.0,LARAMIE,IMO8906626,NLAR,80,5,193,29,,,A
538002652,2020-08-21T10:24:49,36.87940,-76.32643,0.0,216.0,277.0,NAIAS,IMO9330800,V7KN8,70,5,225,32,14.0,70,A
367932000,2020-08-21T10:27:07,36.94915,-76.32964,0.0,107.0,279.0,JOHN LENTHALL,IMO8325547,NJLN,80,5,193,29,,,A
367861000,2020-08-21T10:30:01,36.94642,-76.32984,0.0,0.0,265.0,LARAMIE,IMO8906626,NLAR,80,5,193,29,,,A
215677000,2020-08-21T10:19:57,36.96292,-76.42420,0.1,147.3,40.0,RIZE,IMO9584035,9HA2781,70,5,229,32,14.5,,A
367821000,2020-08-21T10:25:48,36.97286,-76.43366,0.0,0.0,511.0,YANO,IMO7825409,NAQH,70,0,276,32,13.0,70,A
366839000,2020-08-21T10:19:13,36.85350,-76.31086,0.0,0.0,39.0,CAPE RISE,IMO7530808,KAFG,70,5,197,32,10.0,,A
477196100,2020-08-21T10:30:59,37.19393,-76.13422,0.1,187.2,353.0,DARYA MA,IMO9591674,VRJH5,70,1,229,32,14.5,,A
477196100,2020-08-21T10:27:54,37.19394,-76.13414,0.1,187.2,351.0,DARYA MA,IMO9591674,VRJH5,70,1,229,32,14.5,,A
367821000,2020-08-21T10:32:07,36.97286,-76.43366,0.0,0.0,511.0,YANO,IMO7825409,NAQH,70,0,276,32,13.0,70,A
367861000,2020-08-21T10:33:00,36.94636,-76.32979,0.0,0.0,265.0,LARAMIE,IMO8906626,NLAR,80,5,193,29,,,A
368026000,2020-08-21T10:21:20,36.86572,-76.31601,0.0,270.5,2.0,BENAVIDEZ,IMO9218210,NBHG,70,5,289,32,10.9,70,A
367821000,2020-08-21T10:28:07,36.97286,-76.43366,0.0,0.0,511.0,YANO,IMO7825409,NAQH,70,0,276,32,13.0,70,A
367861000,2020-08-21T10:24:00,36.94638,-76.32982,0.0,0.0,265.0,LARAMIE,IMO8906626,NLAR,80,5,193,29,,,A
367821000,2020-08-21T10:33:18,36.97286,-76.43366,0.0,0.0,511.0,YANO,IMO7825409,NAQH,70,0,276,32,13.0,70,A
367821000,2020-08-21T10:21:48,36.97286,-76.43365,0.0,0.0,511.0,YANO,IMO7825409,NAQH,70,0,276,32,13.0,70,A
367821000,2020-08-21T10:23:28,36.97286,-76.43366,0.0,0.0,511.0,YANO,IMO7825409,NAQH,70,0,276,32,13.0,70,A
538006982,2020-08-21T10:29:16,36.96256,-76.42364,0.1,161.5,40.0,ANTE TOPIC,IMO9737072,V7TR4,70,5,,,,,A
538002652,2020-08-21T10:30:52,36.87953,-76.32643,0.0,216.0,277.0,NAIAS,IMO9330800,V7KN8,70,5,225,32,14.0,70,A
538006982,2020-08-21T10:35:16,36.96257,-76.42365,0.1,162.6,40.0,ANTE TOPIC,IMO9737072,V7TR4,70,5,,,,,A
367822000,2020-08-21T10:32:55,36.97314,-76.43384,0.0,0.0,238.0,USNS SHUGHART,IMO7825394,NAOQ,70,5,276,32,13.0,70,A
367822000,2020-08-21T10:35:56,36.97313,-76.43384,0.0,0.0,238.0,USNS SHUGHART,IMO7825394,NAOQ,70,5,276,32,13.0,70,A
368026000,2020-08-21T10:27:20,36.86575,-76.31605,0.0,270.5,2.0,BENAVIDEZ,IMO9218210,NBHG,70,5,289,32,10.9,70,A
367861000,2020-08-21T10:36:01,36.94641,-76.32979,0.0,0.0,265.0,LARAMIE,IMO8906626,NLAR,80,5,193,29,,,A
367932000,2020-08-21T10:30:07,36.94919,-76.32965,0.0,107.0,279.0,JOHN LENTHALL,IMO8325547,NJLN,80,5,193,29,,,A
366839000,2020-08-21T10:37:16,36.85349,-76.31083,0.0,0.0,39.0,CAPE RISE,IMO7530808,KAFG,70,5,197,32,10.0,,A
367932000,2020-08-21T10:39:08,36.94918,-76.32964,0.0,107.0,279.0,JOHN LENTHALL,IMO8325547,NJLN,80,5,193,29,,,A
366839000,2020-08-21T10:31:15,36.85352,-76.31087,0.0,0.0,39.0,CAPE RISE,IMO7530808,KAFG,70,5,197,32,10.0,,A
538005042,2020-08-21T10:38:06,36.92761,-76.32994,0.0,355.0,355.0,NILEDUTCH OSPREY,IMO9365829,V7AP5,70,5,182,28,11.0,71,A
367821000,2020-08-21T10:38:17,36.97286,-76.43366,0.0,0.0,511.0,YANO,IMO7825409,NAQH,70,0,276,32,13.0,70,A
368026000,2020-08-21T10:39:21,36.86577,-76.31606,0.0,270.5,2.0,BENAVIDEZ,IMO9218210,NBHG,70,5,289,32,10.9,70,A
367932000,2020-08-21T10:36:07,36.94915,-76.32965,0.0,107.0,279.0,JOHN LENTHALL,IMO8325547,NJLN,80,5,193,29,,,A
538006982,2020-08-21T10:32:16,36.96257,-76.42367,0.1,158.1,40.0,ANTE TOPIC,IMO9737072,V7TR4,70,5,,,,,A
368026000,2020-08-21T10:33:21,36.86577,-76.31607,0.0,270.5,2.0,BENAVIDEZ,IMO9218210,NBHG,70,5,289,32,10.9,70,A
538006982,2020-08-21T10:38:16,36.96256,-76.42364,0.1,164.1,40.0,ANTE TOPIC,IMO9737072,V7TR4,70,5,,,,,A
215677000,2020-08-21T10:34:56,36.96290,-76.42420,0.0,147.3,40.0,RIZE,IMO9584035,9HA2781,70,5,229,32,14.5,,A
367821000,2020-08-21T10:34:27,36.97286,-76.43366,0.0,0.0,511.0,YANO,IMO7825409,NAQH,70,0,276,32,13.0,70,A
538002652,2020-08-21T10:33:49,36.87950,-76.32642,0.0,216.0,277.0,NAIAS,IMO9330800,V7KN8,70,5,225,32,14.0,70,A
368026000,2020-08-21T10:30:21,36.86576,-76.31604,0.1,270.5,2.0,BENAVIDEZ,IMO9218210,NBHG,70,5,289,32,10.9,70,A
367822000,2020-08-21T10:29:54,36.97313,-76.43384,0.0,0.0,238.0,USNS SHUGHART,IMO7825394,NAOQ,70,5,276,32,13.0,70,A
368026000,2020-08-21T10:36:20,36.86575,-76.31604,0.0,270.5,2.0,BENAVIDEZ,IMO9218210,NBHG,70,5,289,32,10.9,70,A
367821000,2020-08-21T10:45:17,36.97287,-76.43366,0.0,0.0,511.0,YANO,IMO7825409,NAQH,70,0,276,32,13.0,70,A
367821000,2020-08-21T10:30:58,36.97286,-76.43366,0.0,0.0,511.0,YANO,IMO7825409,NAQH,70,0,276,32,13.0,70,A
215677000,2020-08-21T10:28:57,36.96291,-76.42419,0.0,147.3,40.0,RIZE,IMO9584035,9HA2781,70,5,229,32,14.5,,A
538005042,2020-08-21T10:35:03,36.92761,-76.32994,0.0,355.0,355.0,NILEDUTCH OSPREY,IMO9365829,V7AP5,70,5,182,28,11.0,71,A
367861000,2020-08-21T10:41:59,36.94646,-76.32979,0.0,0.0,265.0,LARAMIE,IMO8906626,NLAR,80,5,193,29,,,A
477196100,2020-08-21T10:45:58,37.19393,-76.13429,0.1,187.2,355.0,DARYA MA,IMO9591674,VRJH5,70,1,229,32,14.5,,A
215677000,2020-08-21T10:43:58,36.96293,-76.42419,0.0,147.3,40.0,RIZE,IMO9584035,9HA2781,70,5,229,32,14.5,,A
215677000,2020-08-21T10:31:57,36.96290,-76.42421,0.0,147.3,40.0,RIZE,IMO9584035,9HA2781,70,5,229,32,14.5,,A
538005042,2020-08-21T10:32:03,36.92761,-76.32994,0.0,355.0,355.0,NILEDUTCH OSPREY,IMO9365829,V7AP5,70,5,182,28,11.0,71,A
538005042,2020-08-21T10:44:07,36.92761,-76.32994,0.0,355.0,355.0,NILEDUTCH OSPREY,IMO9365829,V7AP5,70,5,182,28,11.0,71,A
367821000,2020-08-21T10:46:38,36.97287,-76.43366,0.0,0.0,511.0,YANO,IMO7825409,NAQH,70,0,276,32,13.0,70,A
367821000,2020-08-21T10:37:07,36.97286,-76.43366,0.0,0.0,511.0,YANO,IMO7825409,NAQH,70,0,276,32,13.0,70,A
367822000,2020-08-21T10:38:55,36.97313,-76.43383,0.0,0.0,238.0,USNS SHUGHART,IMO7825394,NAOQ,70,5,276,32,13.0,70,A
477196100,2020-08-21T10:34:00,37.19390,-76.13429,0.1,187.2,355.0,DARYA MA,IMO9591674,VRJH5,70,1,229,32,14.5,,A
367821000,2020-08-21T10:48:47,36.97283,-76.43366,0.0,0.0,511.0,YANO,IMO7825409,NAQH,70,0,276,32,13.0,70,A
367932000,2020-08-21T10:33:09,36.94918,-76.32966,0.0,107.0,279.0,JOHN LENTHALL,IMO8325547,NJLN,80,5,193,29,,,A
367822000,2020-08-21T10:44:54,36.97313,-76.43383,0.0,0.0,238.0,USNS SHUGHART,IMO7825394,NAOQ,70,5,276,32,13.0,70,A
477196100,2020-08-21T10:42:59,37.19392,-76.13424,0.0,187.2,355.0,DARYA MA,IMO9591674,VRJH5,70,1,229,32,14.5,,A
367932000,2020-08-21T10:42:09,36.94919,-76.32967,0.0,107.0,279.0,JOHN LENTHALL,IMO8325547,NJLN,80,5,193,29,,,A
538005042,2020-08-21T10:47:10,36.92761,-76.32994,0.0,355.0,355.0,NILEDUTCH OSPREY,IMO9365829,V7AP5,70,5,182,28,11.0,71,A
477196100,2020-08-21T10:48:58,37.19393,-76.13439,0.1,187.2,358.0,DARYA MA,IMO9591674,VRJH5,70,1,229,32,14.5,,A
215677000,2020-08-21T10:46:54,36.96291,-76.42419,0.0,147.3,40.0,RIZE,IMO9584035,9HA2781,70,5,229,32,14.5,,A
367821000,2020-08-21T10:43:38,36.97287,-76.43366,0.0,0.0,511.0,YANO,IMO7825409,NAQH,70,0,276,32,13.0,70,A
367822000,2020-08-21T10:41:55,36.97313,-76.43383,0.0,0.0,238.0,USNS SHUGHART,IMO7825394,NAOQ,70,5,276,32,13.0,70,A
538002652,2020-08-21T10:48:49,36.87950,-76.32642,0.0,216.0,276.0,NAIAS,IMO9330800,V7KN8,70,5,225,32,14.0,70,A
538006982,2020-08-21T10:44:16,36.96257,-76.42367,0.1,153.2,40.0,ANTE TOPIC,IMO9737072,V7TR4,70,5,,,,,A
477196100,2020-08-21T10:39:58,37.19393,-76.13428,0.1,187.2,357.0,DARYA MA,IMO9591674,VRJH5,70,1,229,32,14.5,,A
215677000,2020-08-21T00:04:55,36.96290,-76.42417,0.0,147.3,39.0,RIZE,IMO9584035,9HA2781,70,5,229,32,14.5,,A
366839000,2020-08-21T10:40:15,36.85349,-76.31084,0.0,0.0,40.0,CAPE RISE,IMO7530808,KAFG,70,5,197,32,10.0,,A
368026000,2020-08-21T10:45:21,36.86575,-76.31603,0.0,270.5,2.0,BENAVIDEZ,IMO9218210,NBHG,70,5,289,32,10.9,70,A
368026000,2020-08-21T10:48:21,36.86574,-76.31603,0.0,270.5,2.0,BENAVIDEZ,IMO9218210,NBHG,70,5,289,32,10.9,70,A
538006982,2020-08-21T10:50:16,36.96257,-76.42364,0.0,143.5,40.0,ANTE TOPIC,IMO9737072,V7TR4,70,5,,,,,A
368026000,2020-08-21T10:51:22,36.86575,-76.31602,0.1,270.5,2.0,BENAVIDEZ,IMO9218210,NBHG,70,5,289,32,10.9,70,A
367932000,2020-08-21T10:48:07,36.94923,-76.32970,0.0,107.0,279.0,JOHN LENTHALL,IMO8325547,NJLN,80,5,193,29,,,A
367861000,2020-08-21T10:48:01,36.94643,-76.32984,0.0,0.0,265.0,LARAMIE,IMO8906626,NLAR,80,5,193,29,,,A
215677000,2020-08-21T10:52:54,36.96291,-76.42418,0.0,147.3,40.0,RIZE,IMO9584035,9HA2781,70,5,229,32,14.5,,A
367822000,2020-08-21T10:47:56,36.97311,-76.43380,0.0,0.0,238.0,USNS SHUGHART,IMO7825394,NAOQ,70,5,276,32,13.0,70,A
538002652,2020-08-21T10:36:51,36.87948,-76.32645,0.0,216.0,277.0,NAIAS,IMO9330800,V7KN8,70,5,225,32,14.0,70,A
367821000,2020-08-21T10:53:47,36.97286,-76.43365,0.0,0.0,511.0,YANO,IMO7825409,NAQH,70,0,276,32,13.0,70,A
367821000,2020-08-21T10:54:57,36.97286,-76.43366,0.0,0.0,511.0,YANO,IMO7825409,NAQH,70,0,276,32,13.0,70,A
538006982,2020-08-21T10:41:16,36.96261,-76.42368,0.1,152.1,40.0,ANTE TOPIC,IMO9737072,V7TR4,70,5,,,,,A
366839000,2020-08-21T10:52:15,36.85351,-76.31085,0.0,0.0,40.0,CAPE RISE,IMO7530808,KAFG,70,5,197,32,10.0,,A
538002652,2020-08-21T10:45:50,36.87950,-76.32642,0.0,216.0,276.0,NAIAS,IMO9330800,V7KN8,70,5,225,32,14.0,70,A
367861000,2020-08-21T10:39:00,36.94643,-76.32984,0.0,0.0,265.0,LARAMIE,IMO8906626,NLAR,80,5,193,29,,,A
368026000,2020-08-21T10:54:22,36.86577,-76.31603,0.0,270.5,2.0,BENAVIDEZ,IMO9218210,NBHG,70,5,289,32,10.9,70,A
367861000,2020-08-21T10:53:59,36.94638,-76.32982,0.0,0.0,265.0,LARAMIE,IMO8906626,NLAR,80,5,193,29,,,A
538005042,2020-08-21T10:53:13,36.92761,-76.32994,0.0,355.0,355.0,NILEDUTCH OSPREY,IMO9365829,V7AP5,70,5,182,28,11.0,71,A
367821000,2020-08-21T10:41:38,36.97287,-76.43366,0.0,0.0,511.0,YANO,IMO7825409,NAQH,70,0,276,32,13.0,70,A
367932000,2020-08-21T10:54:07,36.94919,-76.32968,0.0,107.0,279.0,JOHN LENTHALL,IMO8325547,NJLN,80,5,193,29,,,A
215677000,2020-08-21T10:40:51,36.96291,-76.42419,0.0,147.3,40.0,RIZE,IMO9584035,9HA2781,70,5,229,32,14.5,,A
538006982,2020-08-21T10:56:16,36.96260,-76.42364,0.0,158.5,40.0,ANTE TOPIC,IMO9737072,V7TR4,70,5,,,,,A
367822000,2020-08-21T10:53:55,36.97311,-76.43381,0.0,0.0,238.0,USNS SHUGHART,IMO7825394,NAOQ,70,5,276,32,13.0,70,A
367932000,2020-08-21T10:51:08,36.94918,-76.32971,0.0,107.0,279.0,JOHN LENTHALL,IMO8325547,NJLN,80,5,193,29,,,A
367861000,2020-08-21T10:57:01,36.94641,-76.32978,0.0,0.0,265.0,LARAMIE,IMO8906626,NLAR,80,5,193,29,,,A
477196100,2020-08-21T10:57:56,37.19391,-76.13449,0.0,187.2,1.0,DARYA MA,IMO9591674,VRJH5,70,1,229,32,14.5,,A
366839000,2020-08-21T10:58:14,36.85354,-76.31082,0.0,0.0,39.0,CAPE RISE,IMO7530808,KAFG,70,5,197,32,10.0,,A
367822000,2020-08-21T10:56:56,36.97312,-76.43382,0.0,0.0,238.0,USNS SHUGHART,IMO7825394,NAOQ,70,5,276,32,13.0,70,A
538006982,2020-08-21T10:59:16,36.96258,-76.42363,0.0,158.5,40.0,ANTE TOPIC,IMO9737072,V7TR4,70,5,,,,,A
366839000,2020-08-21T10:43:15,36.85348,-76.31082,0.0,0.0,40.0,CAPE RISE,IMO7530808,KAFG,70,5,197,32,10.0,,A
215677000,2020-08-21T10:58:57,36.96292,-76.42419,0.0,147.3,40.0,RIZE,IMO9584035,9HA2781,70,5,229,32,14.5,,A
367821000,2020-08-21T10:58:47,36.97286,-76.43365,0.0,0.0,511.0,YANO,IMO7825409,NAQH,70,0,276,32,13.0,70,A
367822000,2020-08-21T10:59:54,36.97311,-76.43382,0.0,0.0,238.0,USNS SHUGHART,IMO7825394,NAOQ,70,5,276,32,13.0,70,A
367861000,2020-08-21T11:00:00,36.94640,-76.32981,0.0,0.0,265.0,LARAMIE,IMO8906626,NLAR,80,5,193,29,,,A
538002652,2020-08-21T11:00:50,36.87935,-76.32622,0.0,216.0,276.0,NAIAS,IMO9330800,V7KN8,70,5,225,32,14.0,70,A
538006982,2020-08-21T10:47:16,36.96258,-76.42364,0.1,144.6,40.0,ANTE TOPIC,IMO9737072,V7TR4,70,5,,,,,A
538005042,2020-08-21T10:56:16,36.92761,-76.32994,0.0,355.0,355.0,NILEDUTCH OSPREY,IMO9365829,V7AP5,70,5,182,28,11.0,71,A
367821000,2020-08-21T10:57:37,36.97286,-76.43366,0.0,0.0,511.0,YANO,IMO7825409,NAQH,70,0,276,32,13.0,70,A
367821000,2020-08-21T11:01:38,36.97286,-76.43365,0.0,0.0,511.0,YANO,IMO7825409,NAQH,70,0,276,32,13.0,70,A
367861000,2020-08-21T10:51:00,36.94637,-76.32976,0.0,0.0,265.0,LARAMIE,IMO8906626,NLAR,80,5,193,29,,,A
367932000,2020-08-21T10:57:09,36.94919,-76.32964,0.0,107.0,279.0,JOHN LENTHALL,IMO8325547,NJLN,80,5,193,29,,,A
538005042,2020-08-21T11:02:16,36.92761,-76.32994,0.0,355.0,355.0,NILEDUTCH OSPREY,IMO9365829,V7AP5,70,5,182,28,11.0,71,A
477196100,2020-08-21T10:51:57,37.19393,-76.13444,0.0,187.2,0.0,DARYA MA,IMO9591674,VRJH5,70,1,229,32,14.5,,A
367821000,2020-08-21T10:59:57,36.97286,-76.43365,0.0,0.0,511.0,YANO,IMO7825409,NAQH,70,0,276,32,13.0,70,A
366839000,2020-08-21T11:04:14,36.85348,-76.31085,0.0,0.0,39.0,CAPE RISE,IMO7530808,KAFG,70,5,197,32,10.0,,A
367821000,2020-08-21T11:03:57,36.97286,-76.43365,0.0,0.0,511.0,YANO,IMO7825409,NAQH,70,0,276,32,13.0,70,A
367932000,2020-08-21T11:03:09,36.94917,-76.32961,0.0,107.0,279.0,JOHN LENTHALL,IMO8325547,NJLN,80,5,193,29,,,A
538002652,2020-08-21T11:03:50,36.87947,-76.32642,0.0,216.0,276.0,NAIAS,IMO9330800,V7KN8,70,5,225,32,14.0,70,A
538002652,2020-08-21T10:54:51,36.87947,-76.32630,0.0,216.0,276.0,NAIAS,IMO9330800,V7KN8,70,5,225,32,14.0,70,A
215677000,2020-08-21T11:04:58,36.96293,-76.42419,0.0,147.3,40.0,RIZE,IMO9584035,9HA2781,70,5,229,32,14.5,,A
366839000,2020-08-21T10:55:15,36.85349,-76.31083,0.0,0.0,40.0,CAPE RISE,IMO7530808,KAFG,70,5,197,32,10.0,,A
215677000,2020-08-21T10:55:58,36.96292,-76.42419,0.0,147.3,40.0,RIZE,IMO9584035,9HA2781,70,5,229,32,14.5,,A
538006982,2020-08-21T11:05:16,36.96258,-76.42364,0.0,158.5,40.0,ANTE TOPIC,IMO9737072,V7TR4,70,5,,,,,A
367821000,2020-08-21T11:05:18,36.97286,-76.43365,0.0,0.0,511.0,YANO,IMO7825409,NAQH,70,0,276,32,13.0,70,A
368026000,2020-08-21T10:57:22,36.86579,-76.31601,0.0,270.5,2.0,BENAVIDEZ,IMO9218210,NBHG,70,5,289,32,10.9,70,A
538002652,2020-08-21T10:57:53,36.87942,-76.32628,0.0,216.0,276.0,NAIAS,IMO9330800,V7KN8,70,5,225,32,14.0,70,A
367822000,2020-08-21T11:05:55,36.97312,-76.43382,0.0,0.0,238.0,USNS SHUGHART,IMO7825394,NAOQ,70,5,276,32,13.0,70,A
367932000,2020-08-21T11:00:09,36.94918,-76.32967,0.0,107.0,279.0,JOHN LENTHALL,IMO8325547,NJLN,80,5,193,29,,,A
367932000,2020-08-21T11:09:09,36.94921,-76.32967,0.0,107.0,279.0,JOHN LENTHALL,IMO8325547,NJLN,80,5,193,29,,,A
367822000,2020-08-21T11:02:55,36.97311,-76.43382,0.0,0.0,238.0,USNS SHUGHART,IMO7825394,NAOQ,70,5,276,32,13.0,70,A
367821000,2020-08-21T11:09:37,36.97286,-76.43365,0.0,0.0,511.0,YANO,IMO7825409,NAQH,70,0,276,32,13.0,70,A
366839000,2020-08-21T11:01:16,36.85352,-76.31082,0.0,0.0,39.0,CAPE RISE,IMO7530808,KAFG,70,5,197,32,10.0,,A
367822000,2020-08-21T11:08:55,36.97311,-76.43382,0.0,0.0,238.0,USNS SHUGHART,IMO7825394,NAOQ,70,5,276,32,13.0,70,A
368026000,2020-08-21T11:03:21,36.86578,-76.31603,0.0,270.5,2.0,BENAVIDEZ,IMO9218210,NBHG,70,5,289,32,10.9,70,A
368026000,2020-08-21T11:06:21,36.86577,-76.31603,0.0,270.5,2.0,BENAVIDEZ,IMO9218210,NBHG,70,5,289,32,10.9,70,A
477196100,2020-08-21T11:06:57,37.19393,-76.13463,0.0,187.2,4.0,DARYA MA,IMO9591674,VRJH5,70,1,229,32,14.5,,A
367821000,2020-08-21T11:06:47,36.97286,-76.43365,0.0,0.0,511.0,YANO,IMO7825409,NAQH,70,0,276,32,13.0,70,A
215677000,2020-08-21T11:10:57,36.96294,-76.42420,0.0,147.3,40.0,RIZE,IMO9584035,9HA2781,70,5,229,32,14.5,,A
538006982,2020-08-21T11:08:16,36.96260,-76.42369,0.0,132.6,40.0,ANTE TOPIC,IMO9737072,V7TR4,70,5,,,,,A
367822000,2020-08-21T11:11:55,36.97311,-76.43382,0.0,0.0,238.0,USNS SHUGHART,IMO7825394,NAOQ,70,5,276,32,13.0,70,A
538002652,2020-08-21T11:12:51,36.87947,-76.32642,0.0,216.0,277.0,NAIAS,IMO9330800,V7KN8,70,5,225,32,14.0,70,A
367861000,2020-08-21T11:05:59,36.94639,-76.32981,0.0,0.0,265.0,LARAMIE,IMO8906626,NLAR,80,5,193,29,,,A
367932000,2020-08-21T11:06:08,36.94915,-76.32962,0.0,107.0,279.0,JOHN LENTHALL,IMO8325547,NJLN,80,5,193,29,,,A
367821000,2020-08-21T11:02:47,36.97286,-76.43365,0.0,0.0,511.0,YANO,IMO7825409,NAQH,70,0,276,32,13.0,70,A
367861000,2020-08-21T11:03:01,36.94640,-76.32980,0.0,0.0,265.0,LARAMIE,IMO8906626,NLAR,80,5,193,29,,,A
215677000,2020-08-21T11:13:56,36.96290,-76.42419,0.0,147.3,40.0,RIZE,IMO9584035,9HA2781,70,5,229,32,14.5,,A
367932000,2020-08-21T11:12:09,36.94920,-76.32968,0.0,107.0,279.0,JOHN LENTHALL,IMO8325547,NJLN,80,5,193,29,,,A
367932000,2020-08-21T11:15:09,36.94914,-76.32967,0.0,107.0,279.0,JOHN LENTHALL,IMO8325547,NJLN,80,5,193,29,,,A
366839000,2020-08-21T11:07:15,36.85350,-76.31085,0.0,0.0,39.0,CAPE RISE,IMO7530808,KAFG,70,5,197,32,10.0,,A
477196100,2020-08-21T11:12:56,37.19392,-76.13460,0.0,187.2,5.0,DARYA MA,IMO9591674,VRJH5,70,1,229,32,14.5,,A
367861000,2020-08-21T11:15:00,36.94641,-76.32984,0.0,0.0,265.0,LARAMIE,IMO8906626,NLAR,80,5,193,29,,,A
367359930,2020-08-21T11:16:21,36.82401,-76.28909,0.5,65.9,511.0,SUNNY WILLIAMS,,WDE4940,80,0,25,8,,80,A
538002652,2020-08-21T11:06:53,36.87947,-76.32642,0.0,216.0,276.0,NAIAS,IMO9330800,V7KN8,70,5,225,32,14.0,70,A
538005042,2020-08-21T11:08:18,36.92761,-76.32993,0.0,355.0,355.0,NILEDUTCH OSPREY,IMO9365829,V7AP5,70,5,182,28,11.0,71,A
538005042,2020-08-21T11:17:22,36.92761,-76.32993,0.0,355.0,355.0,NILEDUTCH OSPREY,IMO9365829,V7AP5,70,5,182,28,11.0,71,A
368026000,2020-08-21T11:15:21,36.86577,-76.31604,0.0,270.5,2.0,BENAVIDEZ,IMO9218210,NBHG,70,5,289,32,10.9,70,A
367821000,2020-08-21T11:15:18,36.97285,-76.43364,0.0,0.0,511.0,YANO,IMO7825409,NAQH,70,0,276,32,13.0,70,A
367821000,2020-08-21T11:16:47,36.97285,-76.43364,0.0,0.0,511.0,YANO,IMO7825409,NAQH,70,0,276,32,13.0,70,A
538005042,2020-08-21T11:14:24,36.92761,-76.32993,0.0,355.0,355.0,NILEDUTCH OSPREY,IMO9365829,V7AP5,70,5,182,28,11.0,71,A
366839000,2020-08-21T11:10:14,36.85350,-76.31083,0.0,0.0,39.0,CAPE RISE,IMO7530808,KAFG,70,5,197,32,10.0,,A
215677000,2020-08-21T11:07:57,36.96291,-76.42420,0.0,147.3,40.0,RIZE,IMO9584035,9HA2781,70,5,229,32,14.5,,A
538002652,2020-08-21T11:15:52,36.87947,-76.32647,0.0,216.0,277.0,NAIAS,IMO9330800,V7KN8,70,5,225,32,14.0,70,A
366839000,2020-08-21T11:19:12,36.85350,-76.31083,0.0,0.0,39.0,CAPE RISE,IMO7530808,KAFG,70,5,197,32,10.0,,A
368026000,2020-08-21T11:18:21,36.86576,-76.31602,0.0,270.5,2.0,BENAVIDEZ,IMO9218210,NBHG,70,5,289,32,10.9,70,A
367821000,2020-08-21T11:10:47,36.97286,-76.43364,0.0,0.0,511.0,YANO,IMO7825409,NAQH,70,0,276,32,13.0,70,A
367359930,2020-08-21T11:14:42,36.82294,-76.28998,5.9,12.8,511.0,SUNNY WILLIAMS,,WDE4940,80,0,25,8,,80,A
367861000,2020-08-21T11:09:01,36.94643,-76.32983,0.0,0.0,265.0,LARAMIE,IMO8906626,NLAR,80,5,193,29,,,A
367821000,2020-08-21T11:18:47,36.97285,-76.43364,0.0,0.0,511.0,YANO,IMO7825409,NAQH,70,0,276,32,13.0,70,A
538006982,2020-08-21T11:11:16,36.96256,-76.42362,0.0,132.6,40.0,ANTE TOPIC,IMO9737072,V7TR4,70,5,,,,,A
368026000,2020-08-21T11:09:21,36.86575,-76.31601,0.0,270.5,2.0,BENAVIDEZ,IMO9218210,NBHG,70,5,289,32,10.9,70,A
367932000,2020-08-21T11:18:09,36.94910,-76.32967,0.0,107.0,279.0,JOHN LENTHALL,IMO8325547,NJLN,80,5,193,29,,,A
538002652,2020-08-21T11:18:52,36.87945,-76.32642,0.0,216.0,277.0,NAIAS,IMO9330800,V7KN8,70,5,225,32,14.0,70,A
538002652,2020-08-21T11:09:50,36.87947,-76.32642,0.0,216.0,277.0,NAIAS,IMO9330800,V7KN8,70,5,225,32,14.0,70,A
367821000,2020-08-21T11:14:07,36.97285,-76.43365,0.0,0.0,511.0,YANO,IMO7825409,NAQH,70,0,276,32,13.0,70,A
367821000,2020-08-21T11:12:07,36.97285,-76.43364,0.0,0.0,511.0,YANO,IMO7825409,NAQH,70,0,276,32,13.0,70,A
538006982,2020-08-21T11:17:16,36.96257,-76.42364,0.0,132.6,40.0,ANTE TOPIC,IMO9737072,V7TR4,70,5,,,,,A
368026000,2020-08-21T11:21:20,36.86575,-76.31606,0.0,270.5,2.0,BENAVIDEZ,IMO9218210,NBHG,70,5,289,32,10.9,70,A
538005042,2020-08-21T11:11:20,36.92761,-76.32993,0.0,355.0,355.0,NILEDUTCH OSPREY,IMO9365829,V7AP5,70,5,182,28,11.0,71,A
367359930,2020-08-21T11:21:42,36.82406,-76.28902,0.0,299.0,511.0,SUNNY WILLIAMS,,WDE4940,80,0,25,8,,80,A
367359930,2020-08-21T11:23:32,36.82407,-76.28903,0.0,291.4,511.0,SUNNY WILLIAMS,,WDE4940,80,0,25,8,,80,A
367932000,2020-08-21T11:21:08,36.94917,-76.32960,0.0,107.0,279.0,JOHN LENTHALL,IMO8325547,NJLN,80,5,193,29,,,A
367861000,2020-08-21T11:12:01,36.94642,-76.32985,0.0,0.0,265.0,LARAMIE,IMO8906626,NLAR,80,5,193,29,,,A
367359930,2020-08-21T11:19:21,36.82406,-76.28904,0.0,336.2,511.0,SUNNY WILLIAMS,,WDE4940,80,0,25,8,,80,A
538005042,2020-08-21T11:23:24,36.92761,-76.32993,0.0,355.0,355.0,NILEDUTCH OSPREY,IMO9365829,V7AP5,70,5,182,28,11.0,71,A
367821000,2020-08-21T11:23:07,36.97285,-76.43365,0.0,0.0,511.0,YANO,IMO7825409,NAQH,70,0,276,32,13.0,70,A
215677000,2020-08-21T11:16:57,36.96290,-76.42418,0.0,147.3,40.0,RIZE,IMO9584035,9HA2781,70,5,229,32,14.5,,A
366839000,2020-08-21T11:13:13,36.85351,-76.31083,0.0,0.0,39.0,CAPE RISE,IMO7530808,KAFG,70,5,197,32,10.0,,A
367822000,2020-08-21T11:17:55,36.97311,-76.43383,0.0,0.0,238.0,USNS SHUGHART,IMO7825394,NAOQ,70,5,276,32,13.0,70,A
367821000,2020-08-21T11:24:48,36.97285,-76.43365,0.0,0.0,511.0,YANO,IMO7825409,NAQH,70,0,276,32,13.0,70,A
367822000,2020-08-21T11:14:56,36.97311,-76.43383,0.0,0.0,238.0,USNS SHUGHART,IMO7825394,NAOQ,70,5,276,32,13.0,70,A
538005042,2020-08-21T11:20:25,36.92761,-76.32993,0.0,354.0,354.0,NILEDUTCH OSPREY,IMO9365829,V7AP5,70,5,182,28,11.0,71,A
367821000,2020-08-21T11:20:47,36.97285,-76.43365,0.0,0.0,511.0,YANO,IMO7825409,NAQH,70,0,276,32,13.0,70,A
367359930,2020-08-21T11:24:42,36.82407,-76.28903,0.0,281.4,511.0,SUNNY WILLIAMS,,WDE4940,80,0,25,8,,80,A
215677000,2020-08-21T11:22:58,36.96290,-76.42420,0.0,147.3,40.0,RIZE,IMO9584035,9HA2781,70,5,229,32,14.5,,A
538006982,2020-08-21T11:23:16,36.96258,-76.42369,0.0,128.4,40.0,ANTE TOPIC,IMO9737072,V7TR4,70,5,,,,,A
538002652,2020-08-21T11:27:52,36.87927,-76.32632,0.0,216.0,277.0,NAIAS,IMO9330800,V7KN8,70,5,225,32,14.0,70,A
367822000,2020-08-21T11:23:55,36.97307,-76.43384,0.0,0.0,238.0,USNS SHUGHART,IMO7825394,NAOQ,70,5,276,32,13.0,70,A
367861000,2020-08-21T11:18:00,36.94642,-76.32985,0.0,0.0,265.0,LARAMIE,IMO8906626,NLAR,80,5,193,29,,,A
215677000,2020-08-21T11:25:52,36.96288,-76.42420,0.0,147.3,39.0,RIZE,IMO9584035,9HA2781,70,5,229,32,14.5,,A
477196100,2020-08-21T11:16:00,37.19396,-76.13459,0.0,187.2,3.0,DARYA MA,IMO9591674,VRJH5,70,1,229,32,14.5,,A
367932000,2020-08-21T11:24:09,36.94920,-76.32965,0.0,107.0,279.0,JOHN LENTHALL,IMO8325547,NJLN,80,5,193,29,,,A
367359930,2020-08-21T11:27:43,36.82406,-76.28902,0.0,281.3,511.0,SUNNY WILLIAMS,,WDE4940,80,0,25,8,,80,A
366839000,2020-08-21T11:28:12,36.85351,-76.31083,0.0,0.0,39.0,CAPE RISE,IMO7530808,KAFG,70,5,197,32,10.0,,A
367932000,2020-08-21T11:27:09,36.94917,-76.32961,0.0,107.0,279.0,JOHN LENTHALL,IMO8325547,NJLN,80,5,193,29,,,A
366839000,2020-08-21T11:16:15,36.85351,-76.31081,0.0,0.0,39.0,CAPE RISE,IMO7530808,KAFG,70,5,197,32,10.0,,A
477196100,2020-08-21T11:27:57,37.19400,-76.13492,0.1,187.2,12.0,DARYA MA,IMO9591674,VRJH5,70,1,229,32,14.5,,A
367861000,2020-08-21T11:29:59,36.94637,-76.32980,0.0,0.0,265.0,LARAMIE,IMO8906626,NLAR,80,5,193,29,,,A
367359930,2020-08-21T11:20:33,36.82406,-76.28902,0.0,307.5,511.0,SUNNY WILLIAMS,,WDE4940,80,0,25,8,,80,A
538002953,2020-08-21T11:27:58,37.33471,-76.09365,13.8,203.1,200.0,SCT SANTIAGO,IMO9302566,V7NF7,70,0,294,32,13.5,71,A
215677000,2020-08-21T11:28:52,36.96290,-76.42418,0.0,147.3,39.0,RIZE,IMO9584035,9HA2781,70,5,229,32,14.5,,A
538002652,2020-08-21T11:21:50,36.87928,-76.32648,0.0,216.0,277.0,NAIAS,IMO9330800,V7KN8,70,5,225,32,14.0,70,A
538006982,2020-08-21T11:26:16,36.96258,-76.42367,0.0,128.4,40.0,ANTE TOPIC,IMO9737072,V7TR4,70,5,,,,,A
367359930,2020-08-21T11:29:33,36.82406,-76.28902,0.0,278.2,511.0,SUNNY WILLIAMS,,WDE4940,80,0,25,8,,80,A
477196100,2020-08-21T11:21:58,37.19393,-76.13470,0.1,187.2,5.0,DARYA MA,IMO9591674,VRJH5,70,1,229,32,14.5,,A
367821000,2020-08-21T11:28:58,36.97285,-76.43363,0.0,0.0,511.0,YANO,IMO7825409,NAQH,70,0,276,32,13.0,70,A
367821000,2020-08-21T11:27:48,36.97288,-76.43363,0.0,0.0,511.0,YANO,IMO7825409,NAQH,70,0,276,32,13.0,70,A
538006982,2020-08-21T11:29:16,36.96261,-76.42365,0.0,128.4,40.0,ANTE TOPIC,IMO9737072,V7TR4,70,5,,,,,A
538002652,2020-08-21T11:30:52,36.87940,-76.32645,0.0,216.0,277.0,NAIAS,IMO9330800,V7KN8,70,5,225,32,14.0,70,A
367861000,2020-08-21T11:27:01,36.94642,-76.32981,0.0,0.0,265.0,LARAMIE,IMO8906626,NLAR,80,5,193,29,,,A
367861000,2020-08-21T11:24:01,36.94641,-76.32980,0.0,0.0,265.0,LARAMIE,IMO8906626,NLAR,80,5,193,29,,,A
367932000,2020-08-21T11:30:08,36.94917,-76.32954,0.0,107.0,279.0,JOHN LENTHALL,IMO8325547,NJLN,80,5,193,29,,,A
366839000,2020-08-21T11:25:08,36.85353,-76.31083,0.0,0.0,39.0,CAPE RISE,IMO7530808,KAFG,70,5,197,32,10.0,,A
538005042,2020-08-21T11:29:30,36.92760,-76.32993,0.0,355.0,355.0,NILEDUTCH OSPREY,IMO9365829,V7AP5,70,5,182,28,11.0,71,A
367359930,2020-08-21T11:31:52,36.82409,-76.28902,0.0,283.1,511.0,SUNNY WILLIAMS,,WDE4940,80,0,25,8,,80,A
215677000,2020-08-21T11:31:57,36.96291,-76.42419,0.0,147.3,39.0,RIZE,IMO9584035,9HA2781,70,5,229,32,14.5,,A
538005042,2020-08-21T11:26:27,36.92761,-76.32993,0.0,355.0,355.0,NILEDUTCH OSPREY,IMO9365829,V7AP5,70,5,182,28,11.0,71,A
367821000,2020-08-21T11:25:58,36.97285,-76.43365,0.0,0.0,511.0,YANO,IMO7825409,NAQH,70,0,276,32,13.0,70,A
538006982,2020-08-21T11:20:16,36.96259,-76.42365,0.0,132.6,40.0,ANTE TOPIC,IMO9737072,V7TR4,70,5,,,,,A
366839000,2020-08-21T11:34:10,36.85353,-76.31085,0.0,0.0,39.0,CAPE RISE,IMO7530808,KAFG,70,5,197,32,10.0,,A
538005042,2020-08-21T11:32:32,36.92760,-76.32993,0.0,355.0,355.0,NILEDUTCH OSPREY,IMO9365829,V7AP5,70,5,182,28,11.0,71,A
477196100,2020-08-21T11:33:58,37.19400,-76.13491,0.0,187.2,14.0,DARYA MA,IMO9591674,VRJH5,70,1,229,32,14.5,,A
538002652,2020-08-21T11:33:51,36.87935,-76.32648,0.0,132.0,277.0,NAIAS,IMO9330800,V7KN8,70,5,225,32,14.0,70,A
538006982,2020-08-21T11:32:16,36.96261,-76.42366,0.0,128.4,40.0,ANTE TOPIC,IMO9737072,V7TR4,70,5,,,,,A
367821000,2020-08-21T11:32:28,36.97282,-76.43364,0.0,0.0,511.0,YANO,IMO7825409,NAQH,70,0,276,32,13.0,70,A
367861000,2020-08-21T11:33:00,36.94635,-76.32980,0.0,0.0,265.0,LARAMIE,IMO8906626,NLAR,80,5,193,29,,,A
367932000,2020-08-21T11:33:08,36.94914,-76.32958,0.0,107.0,279.0,JOHN LENTHALL,IMO8325547,NJLN,80,5,193,29,,,A
367359930,2020-08-21T11:36:02,36.82407,-76.28902,0.0,273.7,511.0,SUNNY WILLIAMS,,WDE4940,80,0,25,8,,80,A
367821000,2020-08-21T11:30:08,36.97284,-76.43364,0.0,0.0,511.0,YANO,IMO7825409,NAQH,70,0,276,32,13.0,70,A
368026000,2020-08-21T11:30:20,36.86574,-76.31604,0.0,270.5,2.0,BENAVIDEZ,IMO9218210,NBHG,70,5,289,32,10.9,70,A
538002652,2020-08-21T11:24:51,36.87945,-76.32642,0.0,216.0,277.0,NAIAS,IMO9330800,V7KN8,70,5,225,32,14.0,70,A
538005042,2020-08-21T11:35:30,36.92760,-76.32993,0.0,355.0,355.0,NILEDUTCH OSPREY,IMO9365829,V7AP5,70,5,182,28,11.0,71,A
367821000,2020-08-21T11:38:18,36.97282,-76.43364,0.0,0.0,511.0,YANO,IMO7825409,NAQH,70,0,276,32,13.0,70,A
367821000,2020-08-21T11:35:47,36.97282,-76.43364,0.0,0.0,511.0,YANO,IMO7825409,NAQH,70,0,276,32,13.0,70,A
367359930,2020-08-21T11:26:32,36.82407,-76.28903,0.0,281.4,511.0,SUNNY WILLIAMS,,WDE4940,80,0,25,8,,80,A
368026000,2020-08-21T11:36:21,36.86577,-76.31603,0.0,270.5,2.0,BENAVIDEZ,IMO9218210,NBHG,70,5,289,32,10.9,70,A
215677000,2020-08-21T11:37:56,36.96290,-76.42421,0.0,147.3,39.0,RIZE,IMO9584035,9HA2781,70,5,229,32,14.5,,A
366839000,2020-08-21T11:31:13,36.85348,-76.31081,0.0,0.0,39.0,CAPE RISE,IMO7530808,KAFG,70,5,197,32,10.0,,A
477196100,2020-08-21T11:24:58,37.19396,-76.13483,0.1,187.2,8.0,DARYA MA,IMO9591674,VRJH5,70,1,229,32,14.5,,A
538002652,2020-08-21T11:36:53,36.87940,-76.32648,0.0,132.0,277.0,NAIAS,IMO9330800,V7KN8,70,5,225,32,14.0,70,A
215677000,2020-08-21T11:34:55,36.96294,-76.42421,0.0,147.3,39.0,RIZE,IMO9584035,9HA2781,70,5,229,32,14.5,,A
367822000,2020-08-21T11:38:56,36.97309,-76.43385,0.0,0.0,238.0,USNS SHUGHART,IMO7825394,NAOQ,70,5,276,32,13.0,70,A
477196100,2020-08-21T11:36:57,37.19401,-76.13491,0.0,187.2,12.0,DARYA MA,IMO9591674,VRJH5,70,1,229,32,14.5,,A
538005042,2020-08-21T11:38:35,36.92760,-76.32993,0.0,355.0,355.0,NILEDUTCH OSPREY,IMO9365829,V7AP5,70,5,182,28,11.0,71,A
538006982,2020-08-21T11:38:16,36.96260,-76.42364,0.0,128.4,40.0,ANTE TOPIC,IMO9737072,V7TR4,70,5,,,,,A
367359930,2020-08-21T11:34:52,36.82408,-76.28901,0.0,272.6,511.0,SUNNY WILLIAMS,,WDE4940,80,0,25,8,,80,A
367821000,2020-08-21T11:34:37,36.97282,-76.43363,0.0,0.0,511.0,YANO,IMO7825409,NAQH,70,0,276,32,13.0,70,A
367861000,2020-08-21T11:39:01,36.94641,-76.32988,0.0,0.0,265.0,LARAMIE,IMO8906626,NLAR,80,5,193,29,,,A
538002953,2020-08-21T11:30:53,37.32438,-76.09852,13.8,203.5,200.0,SCT SANTIAGO,IMO9302566,V7NF7,70,0,294,32,13.5,71,A
367822000,2020-08-21T11:29:54,36.97308,-76.43384,0.0,0.0,238.0,USNS SHUGHART,IMO7825394,NAOQ,70,5,276,32,13.0,70,A
538002953,2020-08-21T11:34:05,37.31307,-76.10395,13.8,203.2,200.0,SCT SANTIAGO,IMO9302566,V7NF7,70,0,294,32,13.5,71,A
538002953,2020-08-21T11:33:04,37.31659,-76.10224,13.6,204.3,200.0,SCT SANTIAGO,IMO9302566,V7NF7,70,0,294,32,13.5,71,A
367822000,2020-08-21T11:32:55,36.97308,-76.43384,0.0,0.0,238.0,USNS SHUGHART,IMO7825394,NAOQ,70,5,276,32,13.0,70,A
477196100,2020-08-21T11:40:00,37.19405,-76.13502,0.1,187.2,11.0,DARYA MA,IMO9591674,VRJH5,70,1,229,32,14.5,,A
367821000,2020-08-21T11:42:18,36.97283,-76.43364,0.0,0.0,511.0,YANO,IMO7825409,NAQH,70,0,276,32,13.0,70,A
538002953,2020-08-21T11:42:36,37.28300,-76.11721,13.4,199.4,196.0,SCT SANTIAGO,IMO9302566,V7NF7,70,0,294,32,13.5,71,A
477196100,2020-08-21T11:30:55,37.19402,-76.13496,0.0,187.2,15.0,DARYA MA,IMO9591674,VRJH5,70,1,229,32,14.5,,A
538006982,2020-08-21T11:41:16,36.96260,-76.42366,0.0,128.4,40.0,ANTE TOPIC,IMO9737072,V7TR4,70,5,,,,,A
538002953,2020-08-21T11:31:59,37.32042,-76.10041,13.7,202.9,200.0,SCT SANTIAGO,IMO9302566,V7NF7,70,0,294,32,13.5,71,A
538005042,2020-08-21T11:41:35,36.92760,-76.32992,0.0,355.0,355.0,NILEDUTCH OSPREY,IMO9365829,V7AP5,70,5,182,28,11.0,71,A
538002953,2020-08-21T11:36:53,37.30320,-76.10870,13.8,202.8,200.0,SCT SANTIAGO,IMO9302566,V7NF7,70,0,294,32,13.5,71,A
538002953,2020-08-21T11:43:54,37.27836,-76.11890,13.5,198.5,195.0,SCT SANTIAGO,IMO9302566,V7NF7,70,0,294,32,13.5,71,A
538006982,2020-08-21T11:35:16,36.96262,-76.42366,0.0,128.4,40.0,ANTE TOPIC,IMO9737072,V7TR4,70,5,,,,,A
367932000,2020-08-21T11:36:08,36.94915,-76.32959,0.0,107.0,279.0,JOHN LENTHALL,IMO8325547,NJLN,80,5,193,29,,,A
368026000,2020-08-21T11:45:21,36.86576,-76.31602,0.0,270.5,2.0,BENAVIDEZ,IMO9218210,NBHG,70,5,289,32,10.9,70,A
366839000,2020-08-21T11:43:14,36.85348,-76.31079,0.0,0.0,39.0,CAPE RISE,IMO7530808,KAFG,70,5,197,32,10.0,,A
538002953,2020-08-21T11:45:04,37.27418,-76.12041,13.6,197.0,194.0,SCT SANTIAGO,IMO9302566,V7NF7,70,0,294,32,13.5,71,A
477196100,2020-08-21T11:42:57,37.19404,-76.13514,0.2,295.6,14.0,DARYA MA,IMO9591674,VRJH5,70,1,229,32,14.5,,A
538002953,2020-08-21T11:38:15,37.29835,-76.11096,13.7,202.8,200.0,SCT SANTIAGO,IMO9302566,V7NF7,70,0,294,32,13.5,71,A
538002953,2020-08-21T11:39:25,37.29423,-76.11277,13.4,200.2,197.0,SCT SANTIAGO,IMO9302566,V7NF7,70,0,294,32,13.5,71,A
538005042,2020-08-21T11:44:34,36.92759,-76.32992,0.0,355.0,355.0,NILEDUTCH OSPREY,IMO9365829,V7AP5,70,5,182,28,11.0,71,A
367359930,2020-08-21T11:46:43,36.82404,-76.28903,0.0,304.2,511.0,SUNNY WILLIAMS,,WDE4940,80,0,25,8,,80,A
215677000,2020-08-21T11:46:57,36.96288,-76.42420,0.0,147.3,39.0,RIZE,IMO9584035,9HA2781,70,5,229,32,14.5,,A
538002953,2020-08-21T11:46:25,37.26934,-76.12207,13.4,196.7,194.0,SCT SANTIAGO,IMO9302566,V7NF7,70,0,294,32,13.5,71,A
366839000,2020-08-21T11:37:15,36.85349,-76.31083,0.0,0.0,39.0,CAPE RISE,IMO7530808,KAFG,70,5,197,32,10.0,,A
367821000,2020-08-21T11:48:28,36.97283,-76.43364,0.0,0.0,511.0,YANO,IMO7825409,NAQH,70,0,276,32,13.0,70,A
538002953,2020-08-21T11:41:04,37.28840,-76.11507,13.3,200.7,197.0,SCT SANTIAGO,IMO9302566,V7NF7,70,0,294,32,13.5,71,A
367861000,2020-08-21T11:36:01,36.94637,-76.32981,0.0,0.0,265.0,LARAMIE,IMO8906626,NLAR,80,5,193,29,,,A
367932000,2020-08-21T11:45:07,36.94913,-76.32969,0.0,107.0,279.0,JOHN LENTHALL,IMO8325547,NJLN,80,5,193,29,,,A
367821000,2020-08-21T11:40:38,36.97283,-76.43364,0.0,0.0,511.0,YANO,IMO7825409,NAQH,70,0,276,32,13.0,70,A
367359930,2020-08-21T11:41:32,36.82405,-76.28903,0.0,289.3,511.0,SUNNY WILLIAMS,,WDE4940,80,0,25,8,,80,A
367821000,2020-08-21T11:39:37,36.97283,-76.43364,0.0,0.0,511.0,YANO,IMO7825409,NAQH,70,0,276,32,13.0,70,A
368026000,2020-08-21T11:39:20,36.86575,-76.31605,0.0,270.5,2.0,BENAVIDEZ,IMO9218210,NBHG,70,5,289,32,10.9,70,A
538002652,2020-08-21T11:39:49,36.87942,-76.32652,0.0,132.0,277.0,NAIAS,IMO9330800,V7KN8,70,5,225,32,14.0,70,A
367861000,2020-08-21T11:42:00,36.94644,-76.32983,0.0,0.0,265.0,LARAMIE,IMO8906626,NLAR,80,5,193,29,,,A
367821000,2020-08-21T11:44:37,36.97283,-76.43364,0.0,0.0,511.0,YANO,IMO7825409,NAQH,70,0,276,32,13.0,70,A
538006982,2020-08-21T11:47:16,36.96256,-76.42366,0.0,128.4,40.0,ANTE TOPIC,IMO9737072,V7TR4,70,5,,,,,A
367821000,2020-08-21T11:49:48,36.97283,-76.43364,0.0,0.0,511.0,YANO,IMO7825409,NAQH,70,0,276,32,13.0,70,A
367359930,2020-08-21T11:42:33,36.82403,-76.28902,0.0,296.5,511.0,SUNNY WILLIAMS,,WDE4940,80,0,25,8,,80,A
538005042,2020-08-21T11:47:34,36.92759,-76.32992,0.0,355.0,355.0,NILEDUTCH OSPREY,IMO9365829,V7AP5,70,5,182,28,11.0,71,A
367861000,2020-08-21T11:45:01,36.94640,-76.32983,0.0,0.0,265.0,LARAMIE,IMO8906626,NLAR,80,5,193,29,,,A
367932000,2020-08-21T11:48:09,36.94913,-76.32963,0.0,107.0,279.0,JOHN LENTHALL,IMO8325547,NJLN,80,5,193,29,,,A
477196100,2020-08-21T11:48:59,37.19413,-76.13542,0.0,298.3,28.0,DARYA MA,IMO9591674,VRJH5,70,1,229,32,14.5,,A
367821000,2020-08-21T11:52:47,36.97283,-76.43364,0.0,0.0,511.0,YANO,IMO7825409,NAQH,70,0,276,32,13.0,70,A
367822000,2020-08-21T11:50:55,36.97310,-76.43385,0.0,0.0,238.0,USNS SHUGHART,IMO7825394,NAOQ,70,5,276,32,13.0,70,A
367861000,2020-08-21T11:51:00,36.94640,-76.32973,0.0,0.0,265.0,LARAMIE,IMO8906626,NLAR,80,5,193,29,,,A
367932000,2020-08-21T11:39:08,36.94915,-76.32966,0.0,107.0,279.0,JOHN LENTHALL,IMO8325547,NJLN,80,5,193,29,,,A
367932000,2020-08-21T11:42:08,36.94899,-76.32971,0.0,107.0,279.0,JOHN LENTHALL,IMO8325547,NJLN,80,5,193,29,,,A
367359930,2020-08-21T11:54:03,36.82404,-76.28902,0.0,313.3,511.0,SUNNY WILLIAMS,,WDE4940,80,0,25,8,,80,A
368026000,2020-08-21T11:51:21,36.86578,-76.31605,0.0,270.5,2.0,BENAVIDEZ,IMO9218210,NBHG,70,5,289,32,10.9,70,A
367359930,2020-08-21T11:43:41,36.82404,-76.28902,0.0,299.5,511.0,SUNNY WILLIAMS,,WDE4940,80,0,25,8,,80,A
477196100,2020-08-21T11:52:00,37.19416,-76.13533,0.1,83.6,27.0,DARYA MA,IMO9591674,VRJH5,70,1,229,32,14.5,,A
366839000,2020-08-21T11:52:13,36.85343,-76.31084,0.0,0.0,40.0,CAPE RISE,IMO7530808,KAFG,70,5,197,32,10.0,,A
366839000,2020-08-21T11:40:12,36.85349,-76.31079,0.0,0.0,39.0,CAPE RISE,IMO7530808,KAFG,70,5,197,32,10.0,,A
215677000,2020-08-21T11:40:54,36.96292,-76.42419,0.0,147.3,39.0,RIZE,IMO9584035,9HA2781,70,5,229,32,14.5,,A
367821000,2020-08-21T11:54:58,36.97283,-76.43363,0.0,0.0,511.0,YANO,IMO7825409,NAQH,70,0,276,32,13.0,70,A
538006982,2020-08-21T11:44:16,36.96259,-76.42365,0.0,128.4,40.0,ANTE TOPIC,IMO9737072,V7TR4,70,5,,,,,A
215677000,2020-08-21T11:43:56,36.96292,-76.42418,0.0,147.3,39.0,RIZE,IMO9584035,9HA2781,70,5,229,32,14.5,,A
538006982,2020-08-21T11:53:16,36.96261,-76.42366,0.0,128.4,40.0,ANTE TOPIC,IMO9737072,V7TR4,70,5,,,,,A
538002652,2020-08-21T11:45:51,36.87940,-76.32647,0.0,132.0,277.0,NAIAS,IMO9330800,V7KN8,70,5,225,32,14.0,70,A
367822000,2020-08-21T11:53:54,36.97310,-76.43385,0.0,0.0,238.0,USNS SHUGHART,IMO7825394,NAOQ,70,5,276,32,13.0,70,A
366839000,2020-08-21T11:46:13,36.85348,-76.31082,0.0,0.0,39.0,CAPE RISE,IMO7530808,KAFG,70,5,197,32,10.0,,A
367821000,2020-08-21T11:58:18,36.97283,-76.43363,0.0,0.0,511.0,YANO,IMO7825409,NAQH,70,0,276,32,13.0,70,A
367359930,2020-08-21T11:57:03,36.82407,-76.28902,0.0,311.6,511.0,SUNNY WILLIAMS,,WDE4940,80,0,25,8,,80,A
367861000,2020-08-21T11:57:01,36.94637,-76.32976,0.0,0.0,265.0,LARAMIE,IMO8906626,NLAR,80,5,193,29,,,A
538002953,2020-08-21T11:50:04,37.25634,-76.12695,13.6,200.2,196.0,SCT SANTIAGO,IMO9302566,V7NF7,70,0,294,32,13.5,71,A
538002953,2020-08-21T11:57:44,37.22926,-76.13784,13.5,201.0,197.0,SCT SANTIAGO,IMO9302566,V7NF7,70,0,294,32,13.5,71,A
368026000,2020-08-21T11:54:21,36.86576,-76.31605,0.0,270.5,2.0,BENAVIDEZ,IMO9218210,NBHG,70,5,289,32,10.9,70,A
366839000,2020-08-21T11:58:15,36.85349,-76.31082,0.0,0.0,40.0,CAPE RISE,IMO7530808,KAFG,70,5,197,32,10.0,,A
367822000,2020-08-21T11:59:55,36.97310,-76.43385,0.0,0.0,238.0,USNS SHUGHART,IMO7825394,NAOQ,70,5,276,32,13.0,70,A
367822000,2020-08-21T11:47:56,36.97310,-76.43385,0.0,0.0,238.0,USNS SHUGHART,IMO7825394,NAOQ,70,5,276,32,13.0,70,A
538002652,2020-08-21T11:57:50,36.87938,-76.32620,0.0,132.0,277.0,NAIAS,IMO9330800,V7KN8,70,5,225,32,14.0,70,A
538002953,2020-08-21T11:51:24,37.25158,-76.12875,13.5,200.1,196.0,SCT SANTIAGO,IMO9302566,V7NF7,70,0,294,32,13.5,71,A
538005042,2020-08-21T11:59:41,36.92759,-76.32992,0.0,354.0,354.0,NILEDUTCH OSPREY,IMO9365829,V7AP5,70,5,182,28,11.0,71,A
368026000,2020-08-21T11:48:21,36.86573,-76.31601,0.0,270.5,2.0,BENAVIDEZ,IMO9218210,NBHG,70,5,289,32,10.9,70,A
538006982,2020-08-21T11:56:16,36.96259,-76.42366,0.0,128.4,40.0,ANTE TOPIC,IMO9737072,V7TR4,70,5,,,,,A
367359930,2020-08-21T11:58:13,36.82407,-76.28902,0.0,315.6,511.0,SUNNY WILLIAMS,,WDE4940,80,0,25,8,,80,A
538002652,2020-08-21T11:48:51,36.87928,-76.32647,0.0,132.0,277.0,NAIAS,IMO9330800,V7KN8,70,5,225,32,14.0,70,A
215677000,2020-08-21T11:55:57,36.96292,-76.42420,0.0,147.3,39.0,RIZE,IMO9584035,9HA2781,70,5,229,32,14.5,,A
368026000,2020-08-21T11:57:20,36.86574,-76.31603,0.0,270.5,2.0,BENAVIDEZ,IMO9218210,NBHG,70,5,289,32,10.9,70,A
538005042,2020-08-21T11:50:37,36.92759,-76.32992,0.0,355.0,355.0,NILEDUTCH OSPREY,IMO9365829,V7AP5,70,5,182,28,11.0,71,A
477196100,2020-08-21T11:57:59,37.19407,-76.13518,0.1,92.3,19.0,DARYA MA,IMO9591674,VRJH5,70,1,229,32,14.5,,A
366839000,2020-08-21T11:49:13,36.85352,-76.31088,0.0,0.0,40.0,CAPE RISE,IMO7530808,KAFG,70,5,197,32,10.0,,A
538002953,2020-08-21T11:53:24,37.24442,-76.13152,13.3,199.4,196.0,SCT SANTIAGO,IMO9302566,V7NF7,70,0,294,32,13.5,71,A
367861000,2020-08-21T11:48:00,36.94638,-76.32984,0.0,0.0,265.0,LARAMIE,IMO8906626,NLAR,80,5,193,29,,,A
367821000,2020-08-21T11:59:28,36.97283,-76.43363,0.0,0.0,511.0,YANO,IMO7825409,NAQH,70,0,276,32,13.0,70,A
367861000,2020-08-21T12:00:01,36.94641,-76.32986,0.0,0.0,265.0,LARAMIE,IMO8906626,NLAR,80,5,193,29,,,A
367359930,2020-08-21T12:00:02,36.82406,-76.28902,0.0,323.4,511.0,SUNNY WILLIAMS,,WDE4940,80,0,25,8,,80,A
367932000,2020-08-21T11:51:07,36.94918,-76.32970,0.0,107.0,279.0,JOHN LENTHALL,IMO8325547,NJLN,80,5,193,29,,,A
367821000,2020-08-21T12:00:08,36.97283,-76.43363,0.0,0.0,511.0,YANO,IMO7825409,NAQH,70,0,276,32,13.0,70,A
538002953,2020-08-21T12:00:04,37.22103,-76.14114,13.6,198.8,195.0,SCT SANTIAGO,IMO9302566,V7NF7,70,0,294,32,13.5,71,A
538002953,2020-08-21T11:55:55,37.23555,-76.13507,13.4,202.1,198.0,SCT SANTIAGO,IMO9302566,V7NF7,70,0,294,32,13.5,71,A
367359930,2020-08-21T11:50:43,36.82404,-76.28902,0.0,320.5,511.0,SUNNY WILLIAMS,,WDE4940,80,0,25,8,,80,A
368026000,2020-08-21T12:00:20,36.86578,-76.31602,0.0,270.5,2.0,BENAVIDEZ,IMO9218210,NBHG,70,5,289,32,10.9,70,A
538002652,2020-08-21T11:51:53,36.87943,-76.32642,0.0,132.0,277.0,NAIAS,IMO9330800,V7KN8,70,5,225,32,14.0,70,A
477196100,2020-08-21T12:01:00,37.19405,-76.13525,0.1,92.3,18.0,DARYA MA,IMO9591674,VRJH5,70,1,229,32,14.5,,A
367821000,2020-08-21T12:01:18,36.97283,-76.43363,0.0,0.0,511.0,YANO,IMO7825409,NAQH,70,0,276,32,13.0,70,A
538005042,2020-08-21T11:53:38,36.92759,-76.32992,0.0,355.0,355.0,NILEDUTCH OSPREY,IMO9365829,V7AP5,70,5,182,28,11.0,71,A
538002953,2020-08-21T12:01:15,37.21684,-76.14276,13.4,200.6,196.0,SCT SANTIAGO,IMO9302566,V7NF7,70,0,294,32,13.5,71,A
367821000,2020-08-21T11:57:08,36.97283,-76.43363,0.0,0.0,511.0,YANO,IMO7825409,NAQH,70,0,276,32,13.0,70,A
366839000,2020-08-21T12:01:14,36.85352,-76.31085,0.0,0.0,40.0,CAPE RISE,IMO7530808,KAFG,70,5,197,32,10.0,,A
215677000,2020-08-21T12:01:58,36.96294,-76.42420,0.0,147.3,40.0,RIZE,IMO9584035,9HA2781,70,5,229,32,14.5,,A
367932000,2020-08-21T11:54:08,36.94910,-76.32966,0.0,107.0,279.0,JOHN LENTHALL,IMO8325547,NJLN,80,5,193,29,,,A
538002953,2020-08-21T11:58:56,37.22510,-76.13956,13.3,199.7,196.0,SCT SANTIAGO,IMO9302566,V7NF7,70,0,294,32,13.5,71,A
477196100,2020-08-21T11:55:01,37.19411,-76.13520,0.1,92.3,21.0,DARYA MA,IMO9591674,VRJH5,70,1,229,32,14.5,,A
538002652,2020-08-21T12:03:51,36.87942,-76.32642,0.0,132.0,277.0,NAIAS,IMO9330800,V7KN8,70,5,225,32,14.0,70,A
367359930,2020-08-21T12:02:21,36.82407,-76.28902,0.1,325.1,511.0,SUNNY WILLIAMS,,WDE4940,80,0,25,8,,80,A
367861000,2020-08-21T12:03:01,36.94644,-76.32986,0.0,0.0,265.0,LARAMIE,IMO8906626,NLAR,80,5,193,29,,,A
538002953,2020-08-21T12:03:35,37.20858,-76.14606,13.5,199.8,196.0,SCT SANTIAGO,IMO9302566,V7NF7,70,0,294,32,13.5,71,A
366839000,2020-08-21T12:04:14,36.85350,-76.31078,0.0,0.0,40.0,CAPE RISE,IMO7530808,KAFG,70,5,197,32,10.0,,A
215677000,2020-08-21T11:58:58,36.96291,-76.42419,0.0,147.3,39.0,RIZE,IMO9584035,9HA2781,70,5,229,32,14.5,,A
367932000,2020-08-21T12:03:08,36.94914,-76.32964,0.0,107.0,279.0,JOHN LENTHALL,IMO8325547,NJLN,80,5,193,29,,,A
367932000,2020-08-21T11:57:08,36.94904,-76.32953,0.0,107.0,279.0,JOHN LENTHALL,IMO8325547,NJLN,80,5,193,29,,,A
367359930,2020-08-21T11:59:21,36.82407,-76.28902,0.0,320.5,511.0,SUNNY WILLIAMS,,WDE4940,80,0,25,8,,80,A
367821000,2020-08-21T12:05:58,36.97283,-76.43363,0.0,0.0,511.0,YANO,IMO7825409,NAQH,70,0,276,32,13.0,70,A
538002953,2020-08-21T12:05:56,37.20028,-76.14935,13.4,199.7,196.0,SCT SANTIAGO,IMO9302566,V7NF7,70,0,294,32,13.5,71,A
368026000,2020-08-21T12:06:20,36.86576,-76.31605,0.0,270.5,2.0,BENAVIDEZ,IMO9218210,NBHG,70,5,289,32,10.9,70,A
367821000,2020-08-21T12:07:17,36.97283,-76.43363,0.0,0.0,511.0,YANO,IMO7825409,NAQH,70,0,276,32,13.0,70,A
538002953,2020-08-21T12:07:04,37.19621,-76.15095,13.4,199.7,195.0,SCT SANTIAGO,IMO9302566,V7NF7,70,0,294,32,13.5,71,A
477196100,2020-08-21T12:03:58,37.19411,-76.13536,0.1,309.7,18.0,DARYA MA,IMO9591674,VRJH5,70,1,229,32,14.5,,A
538006982,2020-08-21T11:59:16,36.96256,-76.42361,0.0,128.4,40.0,ANTE TOPIC,IMO9737072,V7TR4,70,5,,,,,A
538002652,2020-08-21T12:06:51,36.87937,-76.32632,0.0,132.0,277.0,NAIAS,IMO9330800,V7KN8,70,5,225,32,14.0,70,A
538002953,2020-08-21T12:02:25,37.21264,-76.14444,13.4,199.9,196.0,SCT SANTIAGO,IMO9302566,V7NF7,70,0,294,32,13.5,71,A
367932000,2020-08-21T12:00:08,36.94903,-76.32962,0.0,107.0,279.0,JOHN LENTHALL,IMO8325547,NJLN,80,5,193,29,,,A
538006982,2020-08-21T12:08:16,36.96261,-76.42365,0.0,128.4,40.0,ANTE TOPIC,IMO9737072,V7TR4,70,5,,,,,A
367821000,2020-08-21T12:08:28,36.97283,-76.43363,0.0,0.0,511.0,YANO,IMO7825409,NAQH,70,0,276,32,13.0,70,A
477196100,2020-08-21T12:06:55,37.19419,-76.13545,0.2,315.5,22.0,DARYA MA,IMO9591674,VRJH5,70,1,229,32,14.5,,A
367359930,2020-08-21T12:01:13,36.82407,-76.28902,0.0,322.6,511.0,SUNNY WILLIAMS,,WDE4940,80,0,25,8,,80,A
367359930,2020-08-21T12:07:12,36.82408,-76.28902,0.0,312.4,511.0,SUNNY WILLIAMS,,WDE4940,80,0,25,8,,80,A
538005042,2020-08-21T12:08:46,36.92759,-76.32992,0.0,354.0,354.0,NILEDUTCH OSPREY,IMO9365829,V7AP5,70,5,182,28,11.0,71,A
538005042,2020-08-21T12:02:41,36.92759,-76.32992,0.0,354.0,354.0,NILEDUTCH OSPREY,IMO9365829,V7AP5,70,5,182,28,11.0,71,A
538002652,2020-08-21T12:09:52,36.87938,-76.32630,0.0,132.0,277.0,NAIAS,IMO9330800,V7KN8,70,5,225,32,14.0,70,A
538006982,2020-08-21T12:02:16,36.96262,-76.42366,0.0,128.4,40.0,ANTE TOPIC,IMO9737072,V7TR4,70,5,,,,,A
367822000,2020-08-21T12:08:56,36.97310,-76.43384,0.0,0.0,238.0,USNS SHUGHART,IMO7825394,NAOQ,70,5,276,32,13.0,70,A
215677000,2020-08-21T12:10:57,36.96290,-76.42419,0.0,147.3,40.0,RIZE,IMO9584035,9HA2781,70,5,229,32,14.5,,A
368026000,2020-08-21T12:03:20,36.86576,-76.31603,0.0,270.5,2.0,BENAVIDEZ,IMO9218210,NBHG,70,5,289,32,10.9,70,A
367821000,2020-08-21T12:09:38,36.97283,-76.43363,0.0,0.0,511.0,YANO,IMO7825409,NAQH,70,0,276,32,13.0,70,A
367359930,2020-08-21T12:03:32,36.82408,-76.28903,0.0,321.9,511.0,SUNNY WILLIAMS,,WDE4940,80,0,25,8,,80,A
367821000,2020-08-21T12:10:48,36.97283,-76.43363,0.0,0.0,511.0,YANO,IMO7825409,NAQH,70,0,276,32,13.0,70,A
367821000,2020-08-21T12:11:57,36.97283,-76.43363,0.0,0.0,511.0,YANO,IMO7825409,NAQH,70,0,276,32,13.0,70,A
538006982,2020-08-21T12:05:16,36.96260,-76.42366,0.0,128.4,40.0,ANTE TOPIC,IMO9737072,V7TR4,70,5,,,,,A
367359930,2020-08-21T12:10:12,36.82406,-76.28902,0.0,305.1,511.0,SUNNY WILLIAMS,,WDE4940,80,0,25,8,,80,A
367932000,2020-08-21T12:12:07,36.94918,-76.32963,0.0,107.0,279.0,JOHN LENTHALL,IMO8325547,NJLN,80,5,193,29,,,A
215677000,2020-08-21T12:04:52,36.96292,-76.42421,0.0,147.3,40.0,RIZE,IMO9584035,9HA2781,70,5,229,32,14.5,,A
367861000,2020-08-21T12:11:59,36.94638,-76.32985,0.0,0.0,265.0,LARAMIE,IMO8906626,NLAR,80,5,193,29,,,A
538006982,2020-08-21T12:11:16,36.96258,-76.42360,0.0,128.4,40.0,ANTE TOPIC,IMO9737072,V7TR4,70,5,,,,,A
538002953,2020-08-21T12:12:05,37.17866,-76.15456,12.4,176.0,170.0,SCT SANTIAGO,IMO9302566,V7NF7,70,0,294,32,13.5,71,A
538005042,2020-08-21T12:05:42,36.92759,-76.32992,0.0,354.0,354.0,NILEDUTCH OSPREY,IMO9365829,V7AP5,70,5,182,28,11.0,71,A
368026000,2020-08-21T12:12:21,36.86576,-76.31603,0.1,270.5,2.0,BENAVIDEZ,IMO9218210,NBHG,70,5,289,32,10.9,70,A
538002953,2020-08-21T12:04:45,37.20446,-76.14769,13.2,200.8,196.0,SCT SANTIAGO,IMO9302566,V7NF7,70,0,294,32,13.5,71,A
367821000,2020-08-21T12:04:47,36.97283,-76.43363,0.0,0.0,511.0,YANO,IMO7825409,NAQH,70,0,276,32,13.0,70,A
367821000,2020-08-21T12:13:08,36.97283,-76.43364,0.0,0.0,511.0,YANO,IMO7825409,NAQH,70,0,276,32,13.0,70,A
367861000,2020-08-21T12:06:01,36.94637,-76.32983,0.0,0.0,265.0,LARAMIE,IMO8906626,NLAR,80,5,193,29,,,A
367821000,2020-08-21T12:14:17,36.97283,-76.43364,0.0,0.0,511.0,YANO,IMO7825409,NAQH,70,0,276,32,13.0,70,A
368026000,2020-08-21T12:15:21,36.86574,-76.31604,0.0,270.5,2.0,BENAVIDEZ,IMO9218210,NBHG,70,5,289,32,10.9,70,A
367359930,2020-08-21T12:15:42,36.82405,-76.28902,0.0,300.1,511.0,SUNNY WILLIAMS,,WDE4940,80,0,25,8,,80,A
366839000,2020-08-21T12:13:13,36.85351,-76.31085,0.0,0.0,39.0,CAPE RISE,IMO7530808,KAFG,70,5,197,32,10.0,,A
367359930,2020-08-21T12:06:03,36.82405,-76.28902,0.0,315.1,511.0,SUNNY WILLIAMS,,WDE4940,80,0,25,8,,80,A
367359930,2020-08-21T12:08:52,36.82406,-76.28902,0.0,306.5,511.0,SUNNY WILLIAMS,,WDE4940,80,0,25,8,,80,A
538005042,2020-08-21T12:14:49,36.92759,-76.32992,0.0,354.0,354.0,NILEDUTCH OSPREY,IMO9365829,V7AP5,70,5,182,28,11.0,71,A
367861000,2020-08-21T12:09:00,36.94640,-76.32978,0.0,0.0,265.0,LARAMIE,IMO8906626,NLAR,80,5,193,29,,,A
367932000,2020-08-21T12:15:08,36.94915,-76.32961,0.0,107.0,279.0,JOHN LENTHALL,IMO8325547,NJLN,80,5,193,29,,,A
538002953,2020-08-21T12:16:44,37.16271,-76.15191,12.6,174.4,170.0,SCT SANTIAGO,IMO9302566,V7NF7,70,0,294,32,13.5,71,A
367359930,2020-08-21T12:11:42,36.82404,-76.28901,0.0,301.0,511.0,SUNNY WILLIAMS,,WDE4940,80,0,25,8,,80,A
538002953,2020-08-21T12:10:55,37.18271,-76.15502,12.6,176.5,172.0,SCT SANTIAGO,IMO9302566,V7NF7,70,0,294,32,13.5,71,A
367822000,2020-08-21T12:14:56,36.97310,-76.43384,0.0,0.0,238.0,USNS SHUGHART,IMO7825394,NAOQ,70,5,276,32,13.0,70,A
215677000,2020-08-21T12:07:59,36.96292,-76.42420,0.0,147.3,40.0,RIZE,IMO9584035,9HA2781,70,5,229,32,14.5,,A
538002953,2020-08-21T12:08:15,37.19206,-76.15260,13.4,199.1,195.0,SCT SANTIAGO,IMO9302566,V7NF7,70,0,294,32,13.5,71,A
477196100,2020-08-21T12:09:58,37.19428,-76.13561,0.2,305.1,28.0,DARYA MA,IMO9591674,VRJH5,70,1,229,32,14.5,,A
477196100,2020-08-21T12:12:59,37.19432,-76.13576,0.1,285.8,34.0,DARYA MA,IMO9591674,VRJH5,70,1,229,32,14.5,,A
367821000,2020-08-21T12:18:57,36.97282,-76.43364,0.0,0.0,511.0,YANO,IMO7825409,NAQH,70,0,276,32,13.0,70,A
366839000,2020-08-21T12:10:15,36.85348,-76.31081,0.0,0.0,39.0,CAPE RISE,IMO7530808,KAFG,70,5,197,32,10.0,,A
367932000,2020-08-21T12:09:09,36.94913,-76.32966,0.0,107.0,279.0,JOHN LENTHALL,IMO8325547,NJLN,80,5,193,29,,,A
367822000,2020-08-21T12:11:55,36.97310,-76.43384,0.0,0.0,238.0,USNS SHUGHART,IMO7825394,NAOQ,70,5,276,32,13.0,70,A
538002953,2020-08-21T12:21:16,37.14721,-76.14920,12.5,163.6,161.0,SCT SANTIAGO,IMO9302566,V7NF7,70,0,294,32,13.5,71,A
366839000,2020-08-21T12:19:15,36.85349,-76.31084,0.0,0.0,39.0,CAPE RISE,IMO7530808,KAFG,70,5,197,32,10.0,,A
367932000,2020-08-21T12:18:07,36.94914,-76.32962,0.0,107.0,279.0,JOHN LENTHALL,IMO8325547,NJLN,80,5,193,29,,,A
538002652,2020-08-21T12:12:50,36.87945,-76.32643,0.0,132.0,277.0,NAIAS,IMO9330800,V7KN8,70,5,225,32,14.0,70,A
538002652,2020-08-21T12:18:49,36.87947,-76.32640,0.0,132.0,277.0,NAIAS,IMO9330800,V7KN8,70,5,225,32,14.0,70,A
215677000,2020-08-21T12:19:52,36.96292,-76.42419,0.0,147.3,40.0,RIZE,IMO9584035,9HA2781,70,5,229,32,14.5,,A
367359930,2020-08-21T12:19:51,36.82404,-76.28900,0.0,308.1,511.0,SUNNY WILLIAMS,,WDE4940,80,0,25,8,,80,A
366839000,2020-08-21T12:22:10,36.85348,-76.31084,0.0,0.0,39.0,CAPE RISE,IMO7530808,KAFG,70,5,197,32,10.0,,A
538002953,2020-08-21T12:13:55,37.17246,-76.15359,12.3,175.4,170.0,SCT SANTIAGO,IMO9302566,V7NF7,70,0,294,32,13.5,71,A
538005042,2020-08-21T12:11:48,36.92759,-76.32992,0.0,354.0,354.0,NILEDUTCH OSPREY,IMO9365829,V7AP5,70,5,182,28,11.0,71,A
367359930,2020-08-21T12:12:52,36.82404,-76.28901,0.0,301.5,511.0,SUNNY WILLIAMS,,WDE4940,80,0,25,8,,80,A
367359930,2020-08-21T12:14:32,36.82403,-76.28901,0.0,298.3,511.0,SUNNY WILLIAMS,,WDE4940,80,0,25,8,,80,A
538006982,2020-08-21T12:20:16,36.96258,-76.42365,0.0,128.4,40.0,ANTE TOPIC,IMO9737072,V7TR4,70,5,,,,,A
367821000,2020-08-21T12:23:57,36.97282,-76.43364,0.0,0.0,511.0,YANO,IMO7825409,NAQH,70,0,276,32,13.0,70,A
366842000,2020-08-21T12:21:52,36.96524,-76.07520,16.1,290.2,293.0,CAPE RACE,IMO7616377,KAFJ,70,0,197,32,10.0,35,A
215677000,2020-08-21T12:22:59,36.96291,-76.42422,0.0,147.3,40.0,RIZE,IMO9584035,9HA2781,70,5,229,32,14.5,,A
366842000,2020-08-21T12:23:03,36.96707,-76.08130,16.1,291.7,295.0,CAPE RACE,IMO7616377,KAFJ,70,0,197,32,10.0,35,A
538002953,2020-08-21T12:15:15,37.16788,-76.15281,12.5,174.4,169.0,SCT SANTIAGO,IMO9302566,V7NF7,70,0,294,32,13.5,71,A
538005042,2020-08-21T12:23:52,36.92760,-76.32992,0.0,354.0,354.0,NILEDUTCH OSPREY,IMO9365829,V7AP5,70,5,182,28,11.0,71,A
538002953,2020-08-21T12:17:55,37.15870,-76.15121,12.6,173.9,169.0,SCT SANTIAGO,IMO9302566,V7NF7,70,0,294,32,13.5,71,A
477196100,2020-08-21T12:21:58,37.19429,-76.13568,0.1,285.8,33.0,DARYA MA,IMO9591674,VRJH5,70,1,229,32,14.5,,A
538002953,2020-08-21T12:23:54,37.13938,-76.14473,11.8,154.9,148.0,SCT SANTIAGO,IMO9302566,V7NF7,70,0,294,32,13.5,71,A
367821000,2020-08-21T12:17:18,36.97282,-76.43364,0.0,0.0,511.0,YANO,IMO7825409,NAQH,70,0,276,32,13.0,70,A
367932000,2020-08-21T12:21:09,36.94911,-76.32967,0.0,107.0,279.0,JOHN LENTHALL,IMO8325547,NJLN,80,5,193,29,,,A
367932000,2020-08-21T12:24:08,36.94911,-76.32962,0.0,107.0,279.0,JOHN LENTHALL,IMO8325547,NJLN,80,5,193,29,,,A
366842000,2020-08-21T12:27:33,36.97467,-76.10461,16.2,292.1,294.0,CAPE RACE,IMO7616377,KAFJ,70,0,197,32,10.0,35,A
477196100,2020-08-21T12:15:59,37.19429,-76.13583,0.0,285.8,38.0,DARYA MA,IMO9591674,VRJH5,70,1,229,32,14.5,,A
367861000,2020-08-21T12:30:01,36.94642,-76.32979,0.0,0.0,265.0,LARAMIE,IMO8906626,NLAR,80,5,193,29,,,A
367359930,2020-08-21T12:18:42,36.82406,-76.28902,0.0,307.4,511.0,SUNNY WILLIAMS,,WDE4940,80,0,25,8,,80,A
538006982,2020-08-21T12:17:16,36.96263,-76.42364,0.0,128.4,40.0,ANTE TOPIC,IMO9737072,V7TR4,70,5,,,,,A
477196100,2020-08-21T12:18:57,37.19427,-76.13575,0.1,285.8,36.0,DARYA MA,IMO9591674,VRJH5,70,1,229,32,14.5,,A
538002953,2020-08-21T12:26:24,37.13218,-76.13975,12.1,153.9,148.0,SCT SANTIAGO,IMO9302566,V7NF7,70,0,294,32,13.5,71,A
368026000,2020-08-21T12:27:20,36.86576,-76.31603,0.0,270.5,2.0,BENAVIDEZ,IMO9218210,NBHG,70,5,289,32,10.9,70,A
366842000,2020-08-21T12:26:09,36.97234,-76.09736,16.1,291.7,293.0,CAPE RACE,IMO7616377,KAFJ,70,0,197,32,10.0,35,A
366839000,2020-08-21T12:25:15,36.85349,-76.31081,0.0,0.0,39.0,CAPE RISE,IMO7530808,KAFG,70,5,197,32,10.0,,A
368026000,2020-08-21T12:18:21,36.86577,-76.31604,0.0,270.5,2.0,BENAVIDEZ,IMO9218210,NBHG,70,5,289,32,10.9,70,A
366842000,2020-08-21T12:20:03,36.96245,-76.06559,16.1,289.0,292.0,CAPE RACE,IMO7616377,KAFJ,70,0,197,32,10.0,35,A
538002953,2020-08-21T12:19:54,37.15189,-76.14999,12.5,174.3,169.0,SCT SANTIAGO,IMO9302566,V7NF7,70,0,294,32,13.5,71,A
367359930,2020-08-21T12:32:41,36.82406,-76.28902,0.0,310.2,511.0,SUNNY WILLIAMS,,WDE4940,80,0,25,8,,80,A
367822000,2020-08-21T12:17:56,36.97310,-76.43385,0.0,0.0,238.0,USNS SHUGHART,IMO7825394,NAOQ,70,5,276,32,13.0,70,A
367822000,2020-08-21T12:20:54,36.97310,-76.43384,0.0,0.0,238.0,USNS SHUGHART,IMO7825394,NAOQ,70,5,276,32,13.0,70,A
367822000,2020-08-21T12:29:56,36.97310,-76.43383,0.0,0.0,238.0,USNS SHUGHART,IMO7825394,NAOQ,70,5,276,32,13.0,70,A
215677000,2020-08-21T12:34:56,36.96291,-76.42419,0.0,147.3,39.0,RIZE,IMO9584035,9HA2781,70,5,229,32,14.5,,A
367822000,2020-08-21T12:26:55,36.97310,-76.43384,0.0,0.0,238.0,USNS SHUGHART,IMO7825394,NAOQ,70,5,276,32,13.0,70,A
538006982,2020-08-21T12:29:16,36.96258,-76.42364,0.0,128.4,40.0,ANTE TOPIC,IMO9737072,V7TR4,70,5,,,,,A
368026000,2020-08-21T12:21:21,36.86574,-76.31604,0.0,270.5,2.0,BENAVIDEZ,IMO9218210,NBHG,70,5,289,32,10.9,70,A
538005042,2020-08-21T12:17:48,36.92760,-76.32992,0.0,354.0,354.0,NILEDUTCH OSPREY,IMO9365829,V7AP5,70,5,182,28,11.0,71,A
538002652,2020-08-21T12:21:49,36.87953,-76.32648,0.0,132.0,277.0,NAIAS,IMO9330800,V7KN8,70,5,225,32,14.0,70,A
366842000,2020-08-21T12:24:51,36.97013,-76.09063,16.1,292.0,294.0,CAPE RACE,IMO7616377,KAFJ,70,0,197,32,10.0,35,A
366842000,2020-08-21T12:36:29,36.98586,-76.15372,17.1,277.1,281.0,CAPE RACE,IMO7616377,KAFJ,70,0,197,32,10.0,35,A
367821000,2020-08-21T12:35:38,36.97284,-76.43362,0.0,0.0,511.0,YANO,IMO7825409,NAQH,70,0,276,32,13.0,70,A
367359930,2020-08-21T12:36:41,36.82405,-76.28902,0.0,308.5,511.0,SUNNY WILLIAMS,,WDE4940,80,0,25,8,,80,A
538002953,2020-08-21T12:25:16,37.13548,-76.14198,12.1,154.2,148.0,SCT SANTIAGO,IMO9302566,V7NF7,70,0,294,32,13.5,71,A
538002953,2020-08-21T12:27:25,37.12921,-76.13773,12.3,153.7,148.0,SCT SANTIAGO,IMO9302566,V7NF7,70,0,294,32,13.5,71,A
538002953,2020-08-21T12:22:45,37.14260,-76.14699,11.6,153.7,148.0,SCT SANTIAGO,IMO9302566,V7NF7,70,0,294,32,13.5,71,A
538002953,2020-08-21T12:32:25,37.11461,-76.12758,12.2,153.6,148.0,SCT SANTIAGO,IMO9302566,V7NF7,70,0,294,32,13.5,71,A
367821000,2020-08-21T12:21:18,36.97282,-76.43364,0.0,0.0,511.0,YANO,IMO7825409,NAQH,70,0,276,32,13.0,70,A
367359930,2020-08-21T12:27:13,36.82406,-76.28902,0.0,308.6,511.0,SUNNY WILLIAMS,,WDE4940,80,0,25,8,,80,A
366839000,2020-08-21T12:28:09,36.85350,-76.31083,0.0,0.0,39.0,CAPE RISE,IMO7530808,KAFG,70,5,197,32,10.0,,A
367861000,2020-08-21T12:39:01,36.94638,-76.32983,0.0,0.0,265.0,LARAMIE,IMO8906626,NLAR,80,5,193,29,,,A
538002652,2020-08-21T12:24:50,36.87947,-76.32643,0.0,132.0,277.0,NAIAS,IMO9330800,V7KN8,70,5,225,32,14.0,70,A
538005042,2020-08-21T12:35:55,36.92759,-76.32992,0.1,84.0,354.0,NILEDUTCH OSPREY,IMO9365829,V7AP5,70,5,182,28,11.0,71,A
367821000,2020-08-21T12:29:37,36.97281,-76.43362,0.0,0.0,511.0,YANO,IMO7825409,NAQH,70,0,276,32,13.0,70,A
367359930,2020-08-21T12:25:02,36.82406,-76.28902,0.0,307.1,511.0,SUNNY WILLIAMS,,WDE4940,80,0,25,8,,80,A
366842000,2020-08-21T12:28:51,36.97669,-76.11162,16.7,288.1,290.0,CAPE RACE,IMO7616377,KAFJ,70,0,197,32,10.0,35,A
368026000,2020-08-21T12:36:20,36.86578,-76.31603,0.0,270.5,2.0,BENAVIDEZ,IMO9218210,NBHG,70,5,289,32,10.9,70,A
366839000,2020-08-21T12:31:15,36.85348,-76.31084,0.0,0.0,39.0,CAPE RISE,IMO7530808,KAFG,70,5,197,32,10.0,,A
367359930,2020-08-21T12:40:41,36.82403,-76.28901,0.0,309.6,511.0,SUNNY WILLIAMS,,WDE4940,80,0,25,8,,80,A
366842000,2020-08-21T12:33:39,36.98368,-76.13772,16.3,286.4,288.0,CAPE RACE,IMO7616377,KAFJ,70,0,197,32,10.0,35,A
366842000,2020-08-21T12:37:39,36.98724,-76.16034,16.7,287.3,291.0,CAPE RACE,IMO7616377,KAFJ,70,0,197,32,10.0,35,A
367359930,2020-08-21T12:38:41,36.82405,-76.28904,0.0,310.3,511.0,SUNNY WILLIAMS,,WDE4940,80,0,25,8,,80,A
215677000,2020-08-21T12:25:56,36.96291,-76.42421,0.0,147.3,40.0,RIZE,IMO9584035,9HA2781,70,5,229,32,14.5,,A
477196100,2020-08-21T12:33:55,37.19431,-76.13590,0.1,285.8,36.0,DARYA MA,IMO9591674,VRJH5,70,1,229,32,14.5,,A
367821000,2020-08-21T12:37:38,36.97284,-76.43362,0.0,0.0,511.0,YANO,IMO7825409,NAQH,70,0,276,32,13.0,70,A
367821000,2020-08-21T12:42:48,36.97285,-76.43363,0.0,0.0,511.0,YANO,IMO7825409,NAQH,70,0,276,32,13.0,70,A
367359930,2020-08-21T12:20:53,36.82404,-76.28900,0.0,307.5,511.0,SUNNY WILLIAMS,,WDE4940,80,0,25,8,,80,A
538005042,2020-08-21T12:26:52,36.92760,-76.32992,0.0,354.0,354.0,NILEDUTCH OSPREY,IMO9365829,V7AP5,70,5,182,28,11.0,71,A
538006982,2020-08-21T12:23:16,36.96259,-76.42363,0.0,128.4,40.0,ANTE TOPIC,IMO9737072,V7TR4,70,5,,,,,A
538006982,2020-08-21T12:35:16,36.96255,-76.42364,0.1,148.0,40.0,ANTE TOPIC,IMO9737072,V7TR4,70,5,,,,,A
367861000,2020-08-21T12:24:00,36.94642,-76.32980,0.0,0.0,265.0,LARAMIE,IMO8906626,NLAR,80,5,193,29,,,A
477196100,2020-08-21T12:25:00,37.19426,-76.13568,0.1,285.8,33.0,DARYA MA,IMO9591674,VRJH5,70,1,229,32,14.5,,A
366839000,2020-08-21T12:34:11,36.85349,-76.31084,0.0,0.0,39.0,CAPE RISE,IMO7530808,KAFG,70,5,197,32,10.0,,A
538006982,2020-08-21T12:45:18,36.96220,-76.42400,0.9,213.1,40.0,ANTE TOPIC,IMO9737072,V7TR4,70,0,,,,,A
366842000,2020-08-21T12:45:51,36.99876,-76.20557,16.6,287.5,290.0,CAPE RACE,IMO7616377,KAFJ,70,0,197,32,10.0,35,A
367932000,2020-08-21T12:33:08,36.94915,-76.32967,0.0,107.0,279.0,JOHN LENTHALL,IMO8325547,NJLN,80,5,193,29,,,A
538006982,2020-08-21T12:26:16,36.96260,-76.42365,0.0,128.4,40.0,ANTE TOPIC,IMO9737072,V7TR4,70,5,,,,,A
366842000,2020-08-21T12:42:45,36.99452,-76.18842,16.7,287.3,289.0,CAPE RACE,IMO7616377,KAFJ,70,0,197,32,10.0,35,A
367932000,2020-08-21T12:36:09,36.94914,-76.32968,0.0,107.0,279.0,JOHN LENTHALL,IMO8325547,NJLN,80,5,193,29,,,A
215677000,2020-08-21T12:28:57,36.96292,-76.42418,0.0,147.3,39.0,RIZE,IMO9584035,9HA2781,70,5,229,32,14.5,,A
367359930,2020-08-21T12:30:02,36.82406,-76.28902,0.0,310.3,511.0,SUNNY WILLIAMS,,WDE4940,80,0,25,8,,80,A
367359930,2020-08-21T12:43:33,36.82404,-76.28902,0.0,312.6,511.0,SUNNY WILLIAMS,,WDE4940,80,0,25,8,,80,A
368026000,2020-08-21T12:39:21,36.86576,-76.31603,0.0,270.5,2.0,BENAVIDEZ,IMO9218210,NBHG,70,5,289,32,10.9,70,A
366839000,2020-08-21T12:40:11,36.85349,-76.31083,0.0,0.0,39.0,CAPE RISE,IMO7530808,KAFG,70,5,197,32,10.0,,A
538006982,2020-08-21T12:44:07,36.96240,-76.42380,0.6,211.6,40.0,ANTE TOPIC,IMO9737072,V7TR4,70,0,,,,,A
477196100,2020-08-21T12:31:01,37.19429,-76.13585,0.1,285.8,36.0,DARYA MA,IMO9591674,VRJH5,70,1,229,32,14.5,,A
367821000,2020-08-21T12:41:18,36.97285,-76.43363,0.0,0.0,511.0,YANO,IMO7825409,NAQH,70,0,276,32,13.0,70,A
367821000,2020-08-21T12:27:47,36.97281,-76.43356,0.0,0.0,511.0,YANO,IMO7825409,NAQH,70,0,276,32,13.0,70,A
215677000,2020-08-21T12:40:54,36.96289,-76.42418,0.0,147.3,39.0,RIZE,IMO9584035,9HA2781,70,5,229,32,14.5,,A
367822000,2020-08-21T12:23:55,36.97310,-76.43384,0.0,0.0,238.0,USNS SHUGHART,IMO7825394,NAOQ,70,5,276,32,13.0,70,A
538006982,2020-08-21T12:42:48,36.96254,-76.42367,0.2,210.1,40.0,ANTE TOPIC,IMO9737072,V7TR4,70,0,,,,,A
538002652,2020-08-21T12:30:50,36.87945,-76.32645,0.0,132.0,277.0,NAIAS,IMO9330800,V7KN8,70,5,225,32,14.0,70,A
368026000,2020-08-21T12:30:21,36.86575,-76.31605,0.0,270.5,2.0,BENAVIDEZ,IMO9218210,NBHG,70,5,289,32,10.9,70,A
366842000,2020-08-21T12:44:27,36.99684,-76.19786,16.7,286.7,290.0,CAPE RACE,IMO7616377,KAFJ,70,0,197,32,10.0,35,A
477196100,2020-08-21T12:37:01,37.19441,-76.13593,0.1,335.5,38.0,DARYA MA,IMO9591674,VRJH5,70,1,229,32,14.5,,A
367932000,2020-08-21T12:30:09,36.94919,-76.32961,0.0,107.0,279.0,JOHN LENTHALL,IMO8325547,NJLN,80,5,193,29,,,A
215677000,2020-08-21T12:46:56,36.96292,-76.42419,0.0,147.3,39.0,RIZE,IMO9584035,9HA2781,70,5,229,32,14.5,,A
538002953,2020-08-21T12:53:26,37.05326,-76.08143,12.1,146.2,139.0,SCT SANTIAGO,IMO9302566,V7NF7,70,0,294,32,13.5,71,A
366842000,2020-08-21T12:30:33,36.97891,-76.12114,16.7,286.9,290.0,CAPE RACE,IMO7616377,KAFJ,70,0,197,32,10.0,35,A
367822000,2020-08-21T12:32:55,36.97310,-76.43384,0.0,0.0,238.0,USNS SHUGHART,IMO7825394,NAOQ,70,5,276,32,13.0,70,A
366842000,2020-08-21T12:32:27,36.98196,-76.13129,16.3,291.0,293.0,CAPE RACE,IMO7616377,KAFJ,70,0,197,32,10.0,35,A
538006982,2020-08-21T12:32:16,36.96256,-76.42364,0.1,107.0,40.0,ANTE TOPIC,IMO9737072,V7TR4,70,5,,,,,A
367822000,2020-08-21T12:38:56,36.97310,-76.43385,0.0,0.0,238.0,USNS SHUGHART,IMO7825394,NAOQ,70,5,276,32,13.0,70,A
538002953,2020-08-21T12:55:26,37.04789,-76.07637,12.1,144.0,138.0,SCT SANTIAGO,IMO9302566,V7NF7,70,0,294,32,13.5,71,A
477196100,2020-08-21T12:45:59,37.19455,-76.13614,0.0,285.4,48.0,DARYA MA,IMO9591674,VRJH5,70,1,229,32,14.5,,A
366842000,2020-08-21T12:54:57,37.00729,-76.25623,16.6,269.7,272.0,CAPE RACE,IMO7616377,KAFJ,70,0,197,32,10.0,35,A
538002652,2020-08-21T12:27:52,36.87952,-76.32645,0.0,132.0,277.0,NAIAS,IMO9330800,V7KN8,70,5,225,32,14.0,70,A
367932000,2020-08-21T12:27:08,36.94913,-76.32962,0.0,107.0,279.0,JOHN LENTHALL,IMO8325547,NJLN,80,5,193,29,,,A
367932000,2020-08-21T12:39:08,36.94913,-76.32961,0.0,107.0,279.0,JOHN LENTHALL,IMO8325547,NJLN,80,5,193,29,,,A
367822000,2020-08-21T12:41:55,36.97310,-76.43385,0.0,0.0,238.0,USNS SHUGHART,IMO7825394,NAOQ,70,5,276,32,13.0,70,A
366842000,2020-08-21T12:48:33,37.00247,-76.22040,16.5,287.4,290.0,CAPE RACE,IMO7616377,KAFJ,70,0,197,32,10.0,35,A
366842000,2020-08-21T12:39:57,36.99060,-76.17296,16.7,288.4,291.0,CAPE RACE,IMO7616377,KAFJ,70,0,197,32,10.0,35,A
538002953,2020-08-21T12:49:56,37.06257,-76.09020,12.1,145.6,139.0,SCT SANTIAGO,IMO9302566,V7NF7,70,0,294,32,13.5,71,A
538002953,2020-08-21T12:48:26,37.06667,-76.09378,12.3,147.5,142.0,SCT SANTIAGO,IMO9302566,V7NF7,70,0,294,32,13.5,71,A
367821000,2020-08-21T12:51:27,36.97285,-76.43363,0.0,0.0,511.0,YANO,IMO7825409,NAQH,70,0,276,32,13.0,70,A
366842000,2020-08-21T12:41:28,36.99272,-76.18120,16.8,287.4,290.0,CAPE RACE,IMO7616377,KAFJ,70,0,197,32,10.0,35,A
367359930,2020-08-21T12:53:31,36.82408,-76.28902,0.0,299.3,511.0,SUNNY WILLIAMS,,WDE4940,80,0,25,8,,80,A
538005042,2020-08-21T12:29:56,36.92760,-76.32992,0.0,354.0,354.0,NILEDUTCH OSPREY,IMO9365829,V7AP5,70,5,182,28,11.0,71,A
367932000,2020-08-21T12:54:08,36.94915,-76.32965,0.0,107.0,279.0,JOHN LENTHALL,IMO8325547,NJLN,80,5,193,29,,,A
367822000,2020-08-21T12:44:56,36.97310,-76.43385,0.0,0.0,238.0,USNS SHUGHART,IMO7825394,NAOQ,70,5,276,32,13.0,70,A
538006982,2020-08-21T12:46:48,36.96189,-76.42434,1.0,219.7,41.0,ANTE TOPIC,IMO9737072,V7TR4,70,0,,,,,A
538005042,2020-08-21T12:45:01,36.92760,-76.32992,0.0,355.0,355.0,NILEDUTCH OSPREY,IMO9365829,V7AP5,70,5,182,28,11.0,71,A
367821000,2020-08-21T12:55:57,36.97285,-76.43363,0.0,0.0,511.0,YANO,IMO7825409,NAQH,70,0,276,32,13.0,70,A
366842000,2020-08-21T12:47:27,37.00096,-76.21440,16.5,287.1,290.0,CAPE RACE,IMO7616377,KAFJ,70,0,197,32,10.0,35,A
367359930,2020-08-21T12:55:21,36.82404,-76.28900,0.0,306.4,511.0,SUNNY WILLIAMS,,WDE4940,80,0,25,8,,80,A
366842000,2020-08-21T12:38:51,36.98897,-76.16689,16.7,288.3,291.0,CAPE RACE,IMO7616377,KAFJ,70,0,197,32,10.0,35,A
538006982,2020-08-21T12:48:07,36.96162,-76.42467,1.2,222.3,44.0,ANTE TOPIC,IMO9737072,V7TR4,70,0,,,,,A
366839000,2020-08-21T12:46:11,36.85351,-76.31084,0.0,0.0,39.0,CAPE RISE,IMO7530808,KAFG,70,5,197,32,10.0,,A
366842000,2020-08-21T12:49:51,37.00426,-76.22750,16.5,287.0,290.0,CAPE RACE,IMO7616377,KAFJ,70,0,197,32,10.0,35,A
367821000,2020-08-21T12:46:27,36.97285,-76.43363,0.0,0.0,511.0,YANO,IMO7825409,NAQH,70,0,276,32,13.0,70,A
367861000,2020-08-21T12:54:00,36.94638,-76.32979,0.0,0.0,265.0,LARAMIE,IMO8906626,NLAR,80,5,193,29,,,A
477196100,2020-08-21T12:43:00,37.19453,-76.13608,0.1,308.1,46.0,DARYA MA,IMO9591674,VRJH5,70,1,229,32,14.5,,A
477196100,2020-08-21T12:49:00,37.19451,-76.13613,0.0,285.4,46.0,DARYA MA,IMO9591674,VRJH5,70,1,229,32,14.5,,A
367932000,2020-08-21T12:42:09,36.94917,-76.32957,0.0,107.0,279.0,JOHN LENTHALL,IMO8325547,NJLN,80,5,193,29,,,A
538002652,2020-08-21T12:33:51,36.87950,-76.32650,0.0,132.0,277.0,NAIAS,IMO9330800,V7KN8,70,5,225,32,14.0,70,A
366839000,2020-08-21T12:49:16,36.85347,-76.31079,0.0,0.0,39.0,CAPE RISE,IMO7530808,KAFG,70,5,197,32,10.0,,A
366842000,2020-08-21T12:59:33,37.00359,-76.28159,15.6,254.4,256.0,CAPE RACE,IMO7616377,KAFJ,70,0,197,32,10.0,35,A
215677000,2020-08-21T12:52:52,36.96290,-76.42419,0.0,147.3,40.0,RIZE,IMO9584035,9HA2781,70,5,229,32,14.5,,A
367359930,2020-08-21T12:58:42,36.82406,-76.28901,0.0,307.9,511.0,SUNNY WILLIAMS,,WDE4940,80,0,25,8,,80,A
367861000,2020-08-21T12:51:01,36.94637,-76.32976,0.0,0.0,265.0,LARAMIE,IMO8906626,NLAR,80,5,193,29,,,A
367861000,2020-08-21T12:42:00,36.94638,-76.32982,0.0,0.0,265.0,LARAMIE,IMO8906626,NLAR,80,5,193,29,,,A
368026000,2020-08-21T12:45:21,36.86576,-76.31604,0.0,270.5,2.0,BENAVIDEZ,IMO9218210,NBHG,70,5,289,32,10.9,70,A
538006982,2020-08-21T12:53:58,36.96101,-76.42696,0.6,317.8,102.0,ANTE TOPIC,IMO9737072,V7TR4,70,0,,,,,A
366839000,2020-08-21T12:37:17,36.85349,-76.31081,0.0,0.0,39.0,CAPE RISE,IMO7530808,KAFG,70,5,197,32,10.0,,A
368026000,2020-08-21T12:51:20,36.86576,-76.31605,0.0,270.5,2.0,BENAVIDEZ,IMO9218210,NBHG,70,5,289,32,10.9,70,A
538002652,2020-08-21T12:57:49,36.87947,-76.32645,0.0,132.0,277.0,NAIAS,IMO9330800,V7KN8,70,5,225,32,14.0,70,A
538002652,2020-08-21T12:51:53,36.87945,-76.32650,0.0,132.0,277.0,NAIAS,IMO9330800,V7KN8,70,5,225,32,14.0,70,A
538006982,2020-08-21T12:52:18,36.96079,-76.42638,1.6,271.4,72.0,ANTE TOPIC,IMO9737072,V7TR4,70,0,,,,,A
215677000,2020-08-21T12:55:52,36.96290,-76.42420,0.0,147.3,40.0,RIZE,IMO9584035,9HA2781,70,5,229,32,14.5,,A
367821000,2020-08-21T12:53:08,36.97285,-76.43363,0.0,0.0,511.0,YANO,IMO7825409,NAQH,70,0,276,32,13.0,70,A
538005042,2020-08-21T13:00:08,36.92759,-76.32991,0.0,355.0,355.0,NILEDUTCH OSPREY,IMO9365829,V7AP5,70,5,182,28,11.0,71,A
367821000,2020-08-21T12:54:38,36.97285,-76.43363,0.0,0.0,511.0,YANO,IMO7825409,NAQH,70,0,276,32,13.0,70,A
366842000,2020-08-21T12:53:39,37.00729,-76.24878,16.5,270.1,272.0,CAPE RACE,IMO7616377,KAFJ,70,0,197,32,10.0,35,A
368026000,2020-08-21T12:54:20,36.86576,-76.31603,0.0,270.5,2.0,BENAVIDEZ,IMO9218210,NBHG,70,5,289,32,10.9,70,A
368026000,2020-08-21T13:00:20,36.86576,-76.31602,0.0,270.5,2.0,BENAVIDEZ,IMO9218210,NBHG,70,5,289,32,10.9,70,A
367359930,2020-08-21T12:45:51,36.82404,-76.28897,0.0,309.2,511.0,SUNNY WILLIAMS,,WDE4940,80,0,25,8,,80,A
366842000,2020-08-21T12:56:15,37.00695,-76.26371,16.7,262.9,264.0,CAPE RACE,IMO7616377,KAFJ,70,0,197,32,10.0,35,A
538006982,2020-08-21T12:57:08,36.96065,-76.42616,2.0,129.7,124.0,ANTE TOPIC,IMO9737072,V7TR4,70,0,,,,,A
477196100,2020-08-21T12:57:58,37.19459,-76.13622,0.0,304.5,50.0,DARYA MA,IMO9591674,VRJH5,70,1,229,32,14.5,,A
366839000,2020-08-21T12:58:14,36.85349,-76.31079,0.0,0.0,39.0,CAPE RISE,IMO7530808,KAFG,70,5,197,32,10.0,,A
367932000,2020-08-21T12:57:09,36.94922,-76.32966,0.0,107.0,279.0,JOHN LENTHALL,IMO8325547,NJLN,80,5,193,29,,,A
538002953,2020-08-21T13:00:05,37.03568,-76.06446,12.2,145.4,140.0,SCT SANTIAGO,IMO9302566,V7NF7,70,0,294,32,13.5,71,A
368026000,2020-08-21T12:48:21,36.86577,-76.31605,0.0,270.5,2.0,BENAVIDEZ,IMO9218210,NBHG,70,5,289,32,10.9,70,A
538006982,2020-08-21T13:01:18,36.95857,-76.42212,4.3,123.5,125.0,ANTE TOPIC,IMO9737072,V7TR4,70,0,,,,,A
538002652,2020-08-21T12:48:50,36.87938,-76.32662,0.0,132.0,277.0,NAIAS,IMO9330800,V7KN8,70,5,225,32,14.0,70,A
367359930,2020-08-21T12:49:02,36.82406,-76.28904,0.0,295.0,511.0,SUNNY WILLIAMS,,WDE4940,80,0,25,8,,80,A
538002953,2020-08-21T12:58:35,37.03968,-76.06827,12.0,145.2,139.0,SCT SANTIAGO,IMO9302566,V7NF7,70,0,294,32,13.5,71,A
367821000,2020-08-21T13:02:38,36.97285,-76.43373,0.0,0.0,511.0,YANO,IMO7825409,NAQH,70,0,276,32,13.0,70,A
538002652,2020-08-21T13:00:51,36.87945,-76.32650,0.0,132.0,276.0,NAIAS,IMO9330800,V7KN8,70,5,225,32,14.0,70,A
477196100,2020-08-21T13:01:01,37.19464,-76.13618,0.1,304.5,50.0,DARYA MA,IMO9591674,VRJH5,70,1,229,32,14.5,,A
366842000,2020-08-21T13:02:39,36.99884,-76.29653,14.5,244.1,245.0,CAPE RACE,IMO7616377,KAFJ,70,0,197,32,10.0,35,A
367359930,2020-08-21T12:59:52,36.82403,-76.28899,0.0,309.6,511.0,SUNNY WILLIAMS,,WDE4940,80,0,25,8,,80,A
367821000,2020-08-21T13:00:09,36.97300,-76.43374,0.0,0.0,511.0,YANO,IMO7825409,NAQH,70,0,276,32,13.0,70,A
366842000,2020-08-21T12:52:33,37.00718,-76.24245,16.5,274.0,274.0,CAPE RACE,IMO7616377,KAFJ,70,0,197,32,10.0,35,A
367861000,2020-08-21T13:00:01,36.94638,-76.32979,0.0,0.0,265.0,LARAMIE,IMO8906626,NLAR,80,5,193,29,,,A
366839000,2020-08-21T13:01:09,36.85349,-76.31082,0.0,0.0,39.0,CAPE RISE,IMO7530808,KAFG,70,5,197,32,10.0,,A
367861000,2020-08-21T12:45:01,36.94640,-76.32976,0.0,0.0,265.0,LARAMIE,IMO8906626,NLAR,80,5,193,29,,,A
367821000,2020-08-21T13:03:57,36.97284,-76.43370,0.0,0.0,511.0,YANO,IMO7825409,NAQH,70,0,276,32,13.0,70,A
477196100,2020-08-21T12:51:57,37.19456,-76.13612,0.1,285.4,46.0,DARYA MA,IMO9591674,VRJH5,70,1,229,32,14.5,,A
367932000,2020-08-21T13:00:09,36.94911,-76.32971,0.0,107.0,279.0,JOHN LENTHALL,IMO8325547,NJLN,80,5,193,29,,,A
366842000,2020-08-21T13:01:10,37.00139,-76.28959,14.9,248.1,249.0,CAPE RACE,IMO7616377,KAFJ,70,0,197,32,10.0,35,A
366839000,2020-08-21T12:52:14,36.85349,-76.31083,0.0,0.0,39.0,CAPE RISE,IMO7530808,KAFG,70,5,197,32,10.0,,A
368026000,2020-08-21T13:03:21,36.86577,-76.31603,0.0,270.5,2.0,BENAVIDEZ,IMO9218210,NBHG,70,5,289,32,10.9,70,A
477196100,2020-08-21T12:55:01,37.19461,-76.13617,0.1,331.4,48.0,DARYA MA,IMO9591674,VRJH5,70,1,229,32,14.5,,A
366839000,2020-08-21T12:55:14,36.85350,-76.31080,0.0,0.0,39.0,CAPE RISE,IMO7530808,KAFG,70,5,197,32,10.0,,A
367359930,2020-08-21T13:04:32,36.82406,-76.28901,0.0,305.6,511.0,SUNNY WILLIAMS,,WDE4940,80,0,25,8,,80,A
367861000,2020-08-21T12:57:01,36.94645,-76.32982,0.0,0.0,265.0,LARAMIE,IMO8906626,NLAR,80,5,193,29,,,A
368026000,2020-08-21T12:57:20,36.86576,-76.31603,0.0,270.5,2.0,BENAVIDEZ,IMO9218210,NBHG,70,5,289,32,10.9,70,A
538005042,2020-08-21T13:03:09,36.92759,-76.32991,0.0,355.0,355.0,NILEDUTCH OSPREY,IMO9365829,V7AP5,70,5,182,28,11.0,71,A
367822000,2020-08-21T12:56:55,36.97307,-76.43382,0.0,0.0,238.0,USNS SHUGHART,IMO7825394,NAOQ,70,5,276,32,13.0,70,A
366842000,2020-08-21T13:05:21,36.99405,-76.30881,14.7,243.9,243.0,CAPE RACE,IMO7616377,KAFJ,70,0,197,32,10.0,35,A
367932000,2020-08-21T13:03:08,36.94907,-76.32981,0.0,107.0,279.0,JOHN LENTHALL,IMO8325547,NJLN,80,5,193,29,,,A
538006982,2020-08-21T13:05:59,36.95487,-76.41527,5.6,114.8,107.0,ANTE TOPIC,IMO9737072,V7TR4,70,0,,,,,A
367822000,2020-08-21T12:59:56,36.97308,-76.43383,0.0,0.0,238.0,USNS SHUGHART,IMO7825394,NAOQ,70,5,276,32,13.0,70,A
367359930,2020-08-21T13:00:03,36.82403,-76.28899,0.0,309.2,511.0,SUNNY WILLIAMS,,WDE4940,80,0,25,8,,80,A
366842000,2020-08-21T13:00:03,37.00298,-76.28417,15.4,253.3,255.0,CAPE RACE,IMO7616377,KAFJ,70,0,197,32,10.0,35,A
367861000,2020-08-21T13:06:00,36.94640,-76.32982,0.0,0.0,265.0,LARAMIE,IMO8906626,NLAR,80,5,193,29,,,A
368026000,2020-08-21T13:09:20,36.86576,-76.31604,0.0,270.5,2.0,BENAVIDEZ,IMO9218210,NBHG,70,5,289,32,10.9,70,A
215677000,2020-08-21T13:01:57,36.96291,-76.42418,0.0,147.3,40.0,RIZE,IMO9584035,9HA2781,70,5,229,32,14.5,,A
366842000,2020-08-21T13:09:45,36.98281,-76.32614,14.3,224.6,225.0,CAPE RACE,IMO7616377,KAFJ,70,0,197,32,10.0,35,A
367359930,2020-08-21T13:08:13,36.82404,-76.28900,0.0,302.9,511.0,SUNNY WILLIAMS,,WDE4940,80,0,25,8,,80,A
215677000,2020-08-21T12:49:53,36.96289,-76.42418,0.0,147.3,40.0,RIZE,IMO9584035,9HA2781,70,5,229,32,14.5,,A
367861000,2020-08-21T13:09:00,36.94641,-76.32981,0.0,0.0,265.0,LARAMIE,IMO8906626,NLAR,80,5,193,29,,,A
367359930,2020-08-21T13:09:21,36.82404,-76.28901,0.0,304.0,511.0,SUNNY WILLIAMS,,WDE4940,80,0,25,8,,80,A
477196100,2020-08-21T13:10:01,37.19479,-76.13638,0.1,310.2,55.0,DARYA MA,IMO9591674,VRJH5,70,1,229,32,14.5,,A
538002652,2020-08-21T13:09:49,36.87945,-76.32648,0.0,43.0,277.0,NAIAS,IMO9330800,V7KN8,70,5,225,32,14.0,70,A
366842000,2020-08-21T13:06:33,36.99143,-76.31386,14.4,233.1,231.0,CAPE RACE,IMO7616377,KAFJ,70,0,197,32,10.0,35,A
367861000,2020-08-21T13:12:00,36.94642,-76.32981,0.0,0.0,265.0,LARAMIE,IMO8906626,NLAR,80,5,193,29,,,A
477196100,2020-08-21T13:03:57,37.19469,-76.13629,0.1,304.5,51.0,DARYA MA,IMO9591674,VRJH5,70,1,229,32,14.5,,A
477196100,2020-08-21T13:07:03,37.19473,-76.13633,0.1,304.5,54.0,DARYA MA,IMO9591674,VRJH5,70,1,229,32,14.5,,A
366842000,2020-08-21T13:10:51,36.97983,-76.32972,13.1,224.0,225.0,CAPE RACE,IMO7616377,KAFJ,70,0,197,32,10.0,35,A
367822000,2020-08-21T13:11:55,36.97308,-76.43384,0.0,0.0,238.0,USNS SHUGHART,IMO7825394,NAOQ,70,5,276,32,13.0,70,A
367359930,2020-08-21T13:16:03,36.82404,-76.28900,0.0,280.5,511.0,SUNNY WILLIAMS,,WDE4940,80,0,25,8,,80,A
367359930,2020-08-21T13:10:32,36.82405,-76.28902,0.0,304.7,511.0,SUNNY WILLIAMS,,WDE4940,80,0,25,8,,80,A
366842000,2020-08-21T13:12:45,36.97481,-76.33504,12.1,218.7,218.0,CAPE RACE,IMO7616377,KAFJ,70,0,197,32,10.0,35,A
538006982,2020-08-21T13:07:47,36.95390,-76.41166,6.3,105.8,93.0,ANTE TOPIC,IMO9737072,V7TR4,70,0,,,,,A
538006982,2020-08-21T13:00:08,36.95931,-76.42350,3.8,122.7,125.0,ANTE TOPIC,IMO9737072,V7TR4,70,0,,,,,A
538005042,2020-08-21T13:15:16,36.92759,-76.32990,0.0,355.0,355.0,NILEDUTCH OSPREY,IMO9365829,V7AP5,70,5,182,28,11.0,71,A
368026000,2020-08-21T13:12:20,36.86575,-76.31605,0.0,270.5,2.0,BENAVIDEZ,IMO9218210,NBHG,70,5,289,32,10.9,70,A
367359930,2020-08-21T13:11:43,36.82407,-76.28903,0.0,305.8,511.0,SUNNY WILLIAMS,,WDE4940,80,0,25,8,,80,A
367821000,2020-08-21T13:15:17,36.97283,-76.43366,0.0,0.0,511.0,YANO,IMO7825409,NAQH,70,0,276,32,13.0,70,A
366839000,2020-08-21T13:13:13,36.85348,-76.31079,0.0,0.0,39.0,CAPE RISE,IMO7530808,KAFG,70,5,197,32,10.0,,A
367932000,2020-08-21T13:12:07,36.94917,-76.32966,0.0,107.0,279.0,JOHN LENTHALL,IMO8325547,NJLN,80,5,193,29,,,A
477196100,2020-08-21T13:13:02,37.19482,-76.13644,0.1,323.9,56.0,DARYA MA,IMO9591674,VRJH5,70,1,229,32,14.5,,A
367821000,2020-08-21T13:08:37,36.97283,-76.43368,0.0,0.0,511.0,YANO,IMO7825409,NAQH,70,0,276,32,13.0,70,A
367821000,2020-08-21T13:17:18,36.97283,-76.43366,0.0,0.0,511.0,YANO,IMO7825409,NAQH,70,0,276,32,13.0,70,A
367821000,2020-08-21T13:14:08,36.97283,-76.43367,0.0,0.0,511.0,YANO,IMO7825409,NAQH,70,0,276,32,13.0,70,A
366842000,2020-08-21T13:08:40,36.98593,-76.32213,14.9,229.5,229.0,CAPE RACE,IMO7616377,KAFJ,70,0,197,32,10.0,35,A
477196100,2020-08-21T13:15:55,37.19491,-76.13650,0.1,326.9,59.0,DARYA MA,IMO9591674,VRJH5,70,1,229,32,14.5,,A
367821000,2020-08-21T13:01:27,36.97286,-76.43373,0.0,0.0,511.0,YANO,IMO7825409,NAQH,70,0,276,32,13.0,70,A
366842000,2020-08-21T13:16:07,36.96509,-76.33786,10.5,181.7,178.0,CAPE RACE,IMO7616377,KAFJ,70,0,197,32,10.0,35,A
367932000,2020-08-21T13:09:08,36.94914,-76.32962,0.0,107.0,279.0,JOHN LENTHALL,IMO8325547,NJLN,80,5,193,29,,,A
477196100,2020-08-21T13:19:03,37.19503,-76.13656,0.2,334.3,63.0,DARYA MA,IMO9591674,VRJH5,70,1,229,32,14.5,,A
367821000,2020-08-21T13:18:48,36.97283,-76.43366,0.0,0.0,511.0,YANO,IMO7825409,NAQH,70,0,276,32,13.0,70,A
367359930,2020-08-21T13:17:22,36.82404,-76.28900,0.0,274.6,511.0,SUNNY WILLIAMS,,WDE4940,80,0,25,8,,80,A
538006982,2020-08-21T13:19:38,36.95658,-76.37869,9.3,82.3,83.0,ANTE TOPIC,IMO9737072,V7TR4,70,0,,,,,A
367822000,2020-08-21T13:02:56,36.97308,-76.43384,0.0,0.0,238.0,USNS SHUGHART,IMO7825394,NAOQ,70,5,276,32,13.0,70,A
538006982,2020-08-21T13:09:58,36.95410,-76.40671,7.0,85.0,86.0,ANTE TOPIC,IMO9737072,V7TR4,70,0,,,,,A
538006982,2020-08-21T13:18:17,36.95611,-76.38298,9.1,83.0,83.0,ANTE TOPIC,IMO9737072,V7TR4,70,0,,,,,A
367359930,2020-08-21T13:20:22,36.82405,-76.28899,0.0,266.1,511.0,SUNNY WILLIAMS,,WDE4940,80,0,25,8,,80,A
366842000,2020-08-21T13:17:17,36.96171,-76.33783,10.3,179.4,176.0,CAPE RACE,IMO7616377,KAFJ,70,0,197,32,10.0,35,A
366842000,2020-08-21T13:04:09,36.99617,-76.30331,14.6,243.6,244.0,CAPE RACE,IMO7616377,KAFJ,70,0,197,32,10.0,35,A
368026000,2020-08-21T13:18:21,36.86576,-76.31604,0.0,270.5,2.0,BENAVIDEZ,IMO9218210,NBHG,70,5,289,32,10.9,70,A
538006982,2020-08-21T13:04:18,36.95622,-76.41796,5.4,125.4,123.0,ANTE TOPIC,IMO9737072,V7TR4,70,0,,,,,A
367822000,2020-08-21T13:17:55,36.97309,-76.43384,0.0,0.0,238.0,USNS SHUGHART,IMO7825394,NAOQ,70,5,276,32,13.0,70,A
215677000,2020-08-21T13:10:55,36.96290,-76.42418,0.0,147.3,40.0,RIZE,IMO9584035,9HA2781,70,5,229,32,14.5,,A
538005042,2020-08-21T13:12:14,36.92759,-76.32991,0.0,355.0,355.0,NILEDUTCH OSPREY,IMO9365829,V7AP5,70,5,182,28,11.0,71,A
366842000,2020-08-21T13:20:47,36.95190,-76.33750,9.4,180.0,180.0,CAPE RACE,IMO7616377,KAFJ,70,0,197,32,10.0,35,A
367821000,2020-08-21T13:10:57,36.97283,-76.43367,0.0,0.0,511.0,YANO,IMO7825409,NAQH,70,0,276,32,13.0,70,A
367821000,2020-08-21T13:05:27,36.97284,-76.43369,0.0,0.0,511.0,YANO,IMO7825409,NAQH,70,0,276,32,13.0,70,A
367932000,2020-08-21T13:18:08,36.94914,-76.32965,0.0,107.0,279.0,JOHN LENTHALL,IMO8325547,NJLN,80,5,193,29,,,A
215677000,2020-08-21T13:04:54,36.96291,-76.42420,0.0,147.3,40.0,RIZE,IMO9584035,9HA2781,70,5,229,32,14.5,,A
215677000,2020-08-21T13:13:56,36.96286,-76.42419,0.0,147.3,40.0,RIZE,IMO9584035,9HA2781,70,5,229,32,14.5,,A
367822000,2020-08-21T13:05:55,36.97308,-76.43384,0.0,0.0,238.0,USNS SHUGHART,IMO7825394,NAOQ,70,5,276,32,13.0,70,A
367359930,2020-08-21T13:05:42,36.82406,-76.28902,0.0,306.3,511.0,SUNNY WILLIAMS,,WDE4940,80,0,25,8,,80,A
215677000,2020-08-21T13:19:54,36.96289,-76.42419,0.0,147.3,40.0,RIZE,IMO9584035,9HA2781,70,5,229,32,14.5,,A
368026000,2020-08-21T13:15:21,36.86576,-76.31605,0.0,270.5,2.0,BENAVIDEZ,IMO9218210,NBHG,70,5,289,32,10.9,70,A
538006982,2020-08-21T13:15:48,36.95527,-76.39059,8.7,81.9,83.0,ANTE TOPIC,IMO9737072,V7TR4,70,0,,,,,A
367821000,2020-08-21T13:07:27,36.97283,-76.43368,0.0,0.0,511.0,YANO,IMO7825409,NAQH,70,0,276,32,13.0,70,A
538006982,2020-08-21T13:12:48,36.95456,-76.39929,8.0,87.0,86.0,ANTE TOPIC,IMO9737072,V7TR4,70,0,,,,,A
538002652,2020-08-21T13:06:51,36.87945,-76.32657,0.0,43.0,276.0,NAIAS,IMO9330800,V7KN8,70,5,225,32,14.0,70,A
368026000,2020-08-21T13:06:20,36.86575,-76.31604,0.0,270.5,2.0,BENAVIDEZ,IMO9218210,NBHG,70,5,289,32,10.9,70,A
367359930,2020-08-21T13:06:53,36.82405,-76.28901,0.0,304.3,511.0,SUNNY WILLIAMS,,WDE4940,80,0,25,8,,80,A
538006982,2020-08-21T13:16:58,36.95568,-76.38701,8.9,82.4,83.0,ANTE TOPIC,IMO9737072,V7TR4,70,0,,,,,A
366842000,2020-08-21T13:23:38,36.94462,-76.33784,9.1,183.6,184.0,CAPE RACE,IMO7616377,KAFJ,70,0,197,32,10.0,35,A
367822000,2020-08-21T13:20:55,36.97310,-76.43384,0.0,0.0,238.0,USNS SHUGHART,IMO7825394,NAOQ,70,5,276,32,13.0,70,A
366839000,2020-08-21T13:07:12,36.85348,-76.31078,0.0,0.0,39.0,CAPE RISE,IMO7530808,KAFG,70,5,197,32,10.0,,A
366842000,2020-08-21T13:07:39,36.98860,-76.31820,14.7,230.0,229.0,CAPE RACE,IMO7616377,KAFJ,70,0,197,32,10.0,35,A
477196100,2020-08-21T13:21:58,37.19513,-76.13662,0.2,335.8,67.0,DARYA MA,IMO9591674,VRJH5,70,1,229,32,14.5,,A
367932000,2020-08-21T13:21:07,36.94912,-76.32965,0.0,107.0,279.0,JOHN LENTHALL,IMO8325547,NJLN,80,5,193,29,,,A
367821000,2020-08-21T13:25:07,36.97284,-76.43365,0.0,0.0,511.0,YANO,IMO7825409,NAQH,70,0,276,32,13.0,70,A
215677000,2020-08-21T13:22:55,36.96290,-76.42418,0.0,147.3,40.0,RIZE,IMO9584035,9HA2781,70,5,229,32,14.5,,A
366839000,2020-08-21T13:22:12,36.85345,-76.31081,0.0,0.0,39.0,CAPE RISE,IMO7530808,KAFG,70,5,197,32,10.0,,A
538005042,2020-08-21T13:21:15,36.92759,-76.32990,0.0,355.0,355.0,NILEDUTCH OSPREY,IMO9365829,V7AP5,70,5,182,28,11.0,71,A
367359930,2020-08-21T13:23:03,36.82405,-76.28901,0.0,268.5,511.0,SUNNY WILLIAMS,,WDE4940,80,0,25,8,,80,A
538002652,2020-08-21T13:21:51,36.87942,-76.32657,0.0,55.0,277.0,NAIAS,IMO9330800,V7KN8,70,5,225,32,14.0,70,A
538006982,2020-08-21T13:25:37,36.95861,-76.35888,9.9,84.9,81.0,ANTE TOPIC,IMO9737072,V7TR4,70,0,,,,,A
367359930,2020-08-21T13:25:51,36.82404,-76.28901,0.0,264.4,511.0,SUNNY WILLIAMS,,WDE4940,80,0,25,8,,80,A
367861000,2020-08-21T13:24:00,36.94640,-76.32979,0.0,0.0,265.0,LARAMIE,IMO8906626,NLAR,80,5,193,29,,,A
366839000,2020-08-21T13:10:14,36.85348,-76.31081,0.0,0.0,39.0,CAPE RISE,IMO7530808,KAFG,70,5,197,32,10.0,,A
538006982,2020-08-21T13:11:47,36.95439,-76.40204,7.7,85.7,85.0,ANTE TOPIC,IMO9737072,V7TR4,70,0,,,,,A
367822000,2020-08-21T13:14:55,36.97308,-76.43384,0.0,0.0,238.0,USNS SHUGHART,IMO7825394,NAOQ,70,5,276,32,13.0,70,A
366842000,2020-08-21T13:26:38,36.93692,-76.33845,9.2,184.2,184.0,CAPE RACE,IMO7616377,KAFJ,70,0,197,32,10.0,35,A
366839000,2020-08-21T13:16:09,36.85348,-76.31079,0.0,0.0,39.0,CAPE RISE,IMO7530808,KAFG,70,5,197,32,10.0,,A
367359930,2020-08-21T13:18:32,36.82405,-76.28900,0.0,273.1,511.0,SUNNY WILLIAMS,,WDE4940,80,0,25,8,,80,A
367861000,2020-08-21T13:21:01,36.94631,-76.32979,0.0,0.0,265.0,LARAMIE,IMO8906626,NLAR,80,5,193,29,,,A
538006982,2020-08-21T13:28:27,36.96166,-76.35069,9.3,49.8,50.0,ANTE TOPIC,IMO9737072,V7TR4,70,0,,,,,A
366839000,2020-08-21T13:25:14,36.85346,-76.31080,0.0,0.0,39.0,CAPE RISE,IMO7530808,KAFG,70,5,197,32,10.0,,A
215677000,2020-08-21T13:16:57,36.96289,-76.42421,0.1,147.3,40.0,RIZE,IMO9584035,9HA2781,70,5,229,32,14.5,,A
367822000,2020-08-21T13:23:56,36.97310,-76.43384,0.0,0.0,238.0,USNS SHUGHART,IMO7825394,NAOQ,70,5,276,32,13.0,70,A
366842000,2020-08-21T13:18:18,36.95884,-76.33774,10.3,178.2,176.0,CAPE RACE,IMO7616377,KAFJ,70,0,197,32,10.0,35,A
538006982,2020-08-21T13:14:38,36.95488,-76.39403,8.5,83.8,83.0,ANTE TOPIC,IMO9737072,V7TR4,70,0,,,,,A
538006982,2020-08-21T13:20:57,36.95705,-76.37440,9.5,81.8,83.0,ANTE TOPIC,IMO9737072,V7TR4,70,0,,,,,A
538005042,2020-08-21T13:27:19,36.92758,-76.32991,0.0,355.0,355.0,NILEDUTCH OSPREY,IMO9365829,V7AP5,70,5,182,28,11.0,71,A
367359930,2020-08-21T13:14:32,36.82406,-76.28901,0.0,291.7,511.0,SUNNY WILLIAMS,,WDE4940,80,0,25,8,,80,A
366842000,2020-08-21T13:28:27,36.93214,-76.33856,9.9,181.9,182.0,CAPE RACE,IMO7616377,KAFJ,70,0,197,32,10.0,35,A
366842000,2020-08-21T13:13:46,36.97187,-76.33702,11.2,199.9,196.0,CAPE RACE,IMO7616377,KAFJ,70,0,197,32,10.0,35,A
366839000,2020-08-21T13:28:09,36.85348,-76.31081,0.0,0.0,39.0,CAPE RISE,IMO7530808,KAFG,70,5,197,32,10.0,,A
538006982,2020-08-21T13:26:54,36.95931,-76.35466,9.6,70.4,59.0,ANTE TOPIC,IMO9737072,V7TR4,70,0,,,,,A
367932000,2020-08-21T13:27:08,36.94914,-76.32967,0.0,107.0,279.0,JOHN LENTHALL,IMO8325547,NJLN,80,5,193,29,,,A
538006982,2020-08-21T13:29:37,36.96361,-76.34779,9.5,50.2,50.0,ANTE TOPIC,IMO9737072,V7TR4,70,0,,,,,A
538006982,2020-08-21T13:23:57,36.95811,-76.36452,9.7,83.0,83.0,ANTE TOPIC,IMO9737072,V7TR4,70,0,,,,,A
367861000,2020-08-21T13:30:00,36.94642,-76.32980,0.0,0.0,265.0,LARAMIE,IMO8906626,NLAR,80,5,193,29,,,A
367932000,2020-08-21T13:15:09,36.94915,-76.32963,0.0,107.0,279.0,JOHN LENTHALL,IMO8325547,NJLN,80,5,193,29,,,A
538006982,2020-08-21T13:31:17,36.96647,-76.34349,9.6,50.4,51.0,ANTE TOPIC,IMO9737072,V7TR4,70,0,,,,,A
538005042,2020-08-21T13:24:17,36.92758,-76.32991,0.0,355.0,355.0,NILEDUTCH OSPREY,IMO9365829,V7AP5,70,5,182,28,11.0,71,A
538005042,2020-08-21T13:30:21,36.92758,-76.32991,0.0,355.0,355.0,NILEDUTCH OSPREY,IMO9365829,V7AP5,70,5,182,28,11.0,71,A
368026000,2020-08-21T13:30:22,36.86578,-76.31603,0.0,270.5,2.0,BENAVIDEZ,IMO9218210,NBHG,70,5,289,32,10.9,70,A
477196100,2020-08-21T13:25:03,37.19528,-76.13667,0.1,335.5,71.0,DARYA MA,IMO9591674,VRJH5,70,1,229,32,14.5,,A
367359930,2020-08-21T13:31:32,36.82407,-76.28902,0.0,258.7,511.0,SUNNY WILLIAMS,,WDE4940,80,0,25,8,,80,A
367861000,2020-08-21T13:18:00,36.94637,-76.32977,0.0,0.0,265.0,LARAMIE,IMO8906626,NLAR,80,5,193,29,,,A
367821000,2020-08-21T13:20:18,36.97283,-76.43366,0.0,0.0,511.0,YANO,IMO7825409,NAQH,70,0,276,32,13.0,70,A
538002652,2020-08-21T13:18:53,36.87947,-76.32650,0.0,55.0,277.0,NAIAS,IMO9330800,V7KN8,70,5,225,32,14.0,70,A
215677000,2020-08-21T13:31:55,36.96291,-76.42419,0.1,147.3,39.0,RIZE,IMO9584035,9HA2781,70,5,229,32,14.5,,A
538005042,2020-08-21T13:33:23,36.92758,-76.32990,0.0,355.0,355.0,NILEDUTCH OSPREY,IMO9365829,V7AP5,70,5,182,28,11.0,71,A
367821000,2020-08-21T13:29:37,36.97283,-76.43365,0.0,0.0,511.0,YANO,IMO7825409,NAQH,70,0,276,32,13.0,70,A
538002652,2020-08-21T13:24:50,36.87943,-76.32655,0.0,55.0,277.0,NAIAS,IMO9330800,V7KN8,70,5,225,32,14.0,70,A
368026000,2020-08-21T13:27:20,36.86575,-76.31606,0.1,270.5,2.0,BENAVIDEZ,IMO9218210,NBHG,70,5,289,32,10.9,70,A
367932000,2020-08-21T13:24:08,36.94908,-76.32958,0.0,107.0,279.0,JOHN LENTHALL,IMO8325547,NJLN,80,5,193,29,,,A
367932000,2020-08-21T13:36:07,36.94919,-76.32969,0.0,107.0,279.0,JOHN LENTHALL,IMO8325547,NJLN,80,5,193,29,,,A
366842000,2020-08-21T13:37:48,36.90298,-76.33803,11.1,172.7,173.0,CAPE RACE,IMO7616377,KAFJ,70,0,197,32,10.0,35,A
366839000,2020-08-21T13:34:12,36.85347,-76.31082,0.0,0.0,39.0,CAPE RISE,IMO7530808,KAFG,70,5,197,32,10.0,,A
367821000,2020-08-21T13:26:17,36.97284,-76.43365,0.0,0.0,511.0,YANO,IMO7825409,NAQH,70,0,276,32,13.0,70,A
538002652,2020-08-21T13:27:50,36.87945,-76.32655,0.0,55.0,277.0,NAIAS,IMO9330800,V7KN8,70,5,225,32,14.0,70,A
538002652,2020-08-21T13:30:50,36.87948,-76.32643,0.0,195.0,277.0,NAIAS,IMO9330800,V7KN8,70,5,225,32,14.0,70,A
366842000,2020-08-21T13:35:27,36.91014,-76.33911,11.0,173.7,174.0,CAPE RACE,IMO7616377,KAFJ,70,0,197,32,10.0,35,A
367821000,2020-08-21T13:37:27,36.97283,-76.43365,0.0,0.0,511.0,YANO,IMO7825409,NAQH,70,0,276,32,13.0,70,A
367822000,2020-08-21T13:26:54,36.97308,-76.43390,0.0,0.0,238.0,USNS SHUGHART,IMO7825394,NAOQ,70,5,276,32,13.0,70,A
538005042,2020-08-21T13:22:58,36.92758,-76.32991,0.0,355.0,355.0,NILEDUTCH OSPREY,IMO9365829,V7AP5,70,5,182,28,11.0,71,A
367861000,2020-08-21T13:27:01,36.94639,-76.32974,0.0,0.0,265.0,LARAMIE,IMO8906626,NLAR,80,5,193,29,,,A
538006982,2020-08-21T13:34:48,36.97254,-76.33423,10.0,50.3,50.0,ANTE TOPIC,IMO9737072,V7TR4,70,0,,,,,A
367359930,2020-08-21T13:30:13,36.82406,-76.28902,0.0,263.4,511.0,SUNNY WILLIAMS,,WDE4940,80,0,25,8,,80,A
367359930,2020-08-21T13:37:33,36.82407,-76.28904,0.0,259.5,511.0,SUNNY WILLIAMS,,WDE4940,80,0,25,8,,80,A
367822000,2020-08-21T13:29:56,36.97307,-76.43388,0.0,0.0,238.0,USNS SHUGHART,IMO7825394,NAOQ,70,5,276,32,13.0,70,A
215677000,2020-08-21T13:25:56,36.96291,-76.42421,0.0,147.3,40.0,RIZE,IMO9584035,9HA2781,70,5,229,32,14.5,,A
367359930,2020-08-21T13:36:23,36.82406,-76.28903,0.0,257.2,511.0,SUNNY WILLIAMS,,WDE4940,80,0,25,8,,80,A
538006982,2020-08-21T13:33:07,36.96958,-76.33872,9.9,51.2,50.0,ANTE TOPIC,IMO9737072,V7TR4,70,0,,,,,A
367932000,2020-08-21T13:30:08,36.94918,-76.32967,0.0,107.0,279.0,JOHN LENTHALL,IMO8325547,NJLN,80,5,193,29,,,A
366839000,2020-08-21T13:31:15,36.85347,-76.31077,0.0,0.0,39.0,CAPE RISE,IMO7530808,KAFG,70,5,197,32,10.0,,A
538005042,2020-08-21T13:36:25,36.92758,-76.32990,0.0,355.0,355.0,NILEDUTCH OSPREY,IMO9365829,V7AP5,70,5,182,28,11.0,71,A
366842000,2020-08-21T13:31:37,36.92245,-76.33897,12.2,182.9,184.0,CAPE RACE,IMO7616377,KAFJ,70,0,197,32,10.0,35,A
367861000,2020-08-21T13:33:00,36.94636,-76.32981,0.0,0.0,265.0,LARAMIE,IMO8906626,NLAR,80,5,193,29,,,A
215677000,2020-08-21T13:37:53,36.96290,-76.42419,0.0,147.3,39.0,RIZE,IMO9584035,9HA2781,70,5,229,32,14.5,,A
538002652,2020-08-21T13:36:51,36.87943,-76.32662,0.0,214.0,277.0,NAIAS,IMO9330800,V7KN8,70,5,225,32,14.0,70,A
538006982,2020-08-21T13:40:07,36.98254,-76.32048,10.1,44.1,46.0,ANTE TOPIC,IMO9737072,V7TR4,70,0,,,,,A
368026000,2020-08-21T13:33:21,36.86575,-76.31603,0.1,270.5,2.0,BENAVIDEZ,IMO9218210,NBHG,70,5,289,32,10.9,70,A
477196100,2020-08-21T13:31:02,37.19553,-76.13675,0.2,346.3,78.0,DARYA MA,IMO9591674,VRJH5,70,1,229,32,14.5,,A
366839000,2020-08-21T13:40:11,36.85348,-76.31076,0.0,0.0,39.0,CAPE RISE,IMO7530808,KAFG,70,5,197,32,10.0,,A
366842000,2020-08-21T13:40:48,36.89422,-76.33654,9.8,172.5,173.0,CAPE RACE,IMO7616377,KAFJ,70,0,197,32,10.0,35,A
538006982,2020-08-21T13:36:07,36.97494,-76.33068,10.1,49.5,50.0,ANTE TOPIC,IMO9737072,V7TR4,70,0,,,,,A
538002652,2020-08-21T13:33:52,36.87957,-76.32643,0.0,195.0,277.0,NAIAS,IMO9330800,V7KN8,70,5,225,32,14.0,70,A
367822000,2020-08-21T13:32:54,36.97307,-76.43388,0.0,0.0,238.0,USNS SHUGHART,IMO7825394,NAOQ,70,5,276,32,13.0,70,A
367822000,2020-08-21T13:38:55,36.97307,-76.43386,0.0,0.0,238.0,USNS SHUGHART,IMO7825394,NAOQ,70,5,276,32,13.0,70,A
367861000,2020-08-21T13:39:00,36.94634,-76.32978,0.0,0.0,265.0,LARAMIE,IMO8906626,NLAR,80,5,193,29,,,A
538006982,2020-08-21T13:42:07,36.98675,-76.31571,10.2,41.1,50.0,ANTE TOPIC,IMO9737072,V7TR4,70,0,,,,,A
477196100,2020-08-21T13:40:01,37.19591,-76.13675,0.1,353.8,91.0,DARYA MA,IMO9591674,VRJH5,70,1,229,32,14.5,,A
367932000,2020-08-21T13:33:08,36.94919,-76.32960,0.0,107.0,279.0,JOHN LENTHALL,IMO8325547,NJLN,80,5,193,29,,,A
367359930,2020-08-21T13:32:33,36.82406,-76.28902,0.0,258.1,511.0,SUNNY WILLIAMS,,WDE4940,80,0,25,8,,80,A
367359930,2020-08-21T13:35:11,36.82406,-76.28902,0.0,255.1,511.0,SUNNY WILLIAMS,,WDE4940,80,0,25,8,,80,A
367822000,2020-08-21T13:41:55,36.97307,-76.43386,0.0,0.0,238.0,USNS SHUGHART,IMO7825394,NAOQ,70,5,276,32,13.0,70,A
367861000,2020-08-21T13:42:01,36.94636,-76.32989,0.0,0.0,265.0,LARAMIE,IMO8906626,NLAR,80,5,193,29,,,A
538006982,2020-08-21T13:37:27,36.97738,-76.32717,10.1,48.1,50.0,ANTE TOPIC,IMO9737072,V7TR4,70,0,,,,,A
367932000,2020-08-21T13:39:07,36.94918,-76.32968,0.0,107.0,279.0,JOHN LENTHALL,IMO8325547,NJLN,80,5,193,29,,,A
215677000,2020-08-21T13:40:56,36.96289,-76.42418,0.0,147.3,39.0,RIZE,IMO9584035,9HA2781,70,5,229,32,14.5,,A
367821000,2020-08-21T13:38:37,36.97287,-76.43361,0.0,0.0,511.0,YANO,IMO7825409,NAQH,70,0,276,32,13.0,70,A
215677000,2020-08-21T13:34:55,36.96289,-76.42419,0.1,147.3,39.0,RIZE,IMO9584035,9HA2781,70,5,229,32,14.5,,A
367822000,2020-08-21T13:35:56,36.97307,-76.43387,0.0,0.0,238.0,USNS SHUGHART,IMO7825394,NAOQ,70,5,276,32,13.0,70,A
368026000,2020-08-21T13:36:21,36.86574,-76.31604,0.0,270.5,2.0,BENAVIDEZ,IMO9218210,NBHG,70,5,289,32,10.9,70,A
367821000,2020-08-21T13:43:48,36.97288,-76.43362,0.0,0.0,511.0,YANO,IMO7825409,NAQH,70,0,276,32,13.0,70,A
538006982,2020-08-21T13:38:37,36.97953,-76.32409,10.1,48.4,46.0,ANTE TOPIC,IMO9737072,V7TR4,70,0,,,,,A
367861000,2020-08-21T13:36:00,36.94638,-76.32977,0.0,0.0,265.0,LARAMIE,IMO8906626,NLAR,80,5,193,29,,,A
366842000,2020-08-21T13:38:57,36.89941,-76.33747,10.8,172.7,173.0,CAPE RACE,IMO7616377,KAFJ,70,0,197,32,10.0,35,A
538006982,2020-08-21T13:43:18,36.98877,-76.31252,9.8,58.1,60.0,ANTE TOPIC,IMO9737072,V7TR4,70,0,,,,,A
215677000,2020-08-21T13:43:53,36.96291,-76.42422,0.1,147.3,39.0,RIZE,IMO9584035,9HA2781,70,5,229,32,14.5,,A
366839000,2020-08-21T13:43:14,36.85352,-76.31082,0.0,0.0,39.0,CAPE RISE,IMO7530808,KAFG,70,5,197,32,10.0,,A
366839000,2020-08-21T13:37:15,36.85341,-76.31076,0.0,0.0,39.0,CAPE RISE,IMO7530808,KAFG,70,5,197,32,10.0,,A
367861000,2020-08-21T13:45:01,36.94636,-76.32984,0.0,0.0,265.0,LARAMIE,IMO8906626,NLAR,80,5,193,29,,,A
367359930,2020-08-21T13:41:23,36.82408,-76.28902,0.0,261.8,511.0,SUNNY WILLIAMS,,WDE4940,80,0,25,8,,80,A
538005042,2020-08-21T13:45:28,36.92758,-76.32991,0.0,355.0,355.0,NILEDUTCH OSPREY,IMO9365829,V7AP5,70,5,182,28,11.0,71,A
368026000,2020-08-21T13:39:20,36.86575,-76.31605,0.0,270.5,2.0,BENAVIDEZ,IMO9218210,NBHG,70,5,289,32,10.9,70,A
367821000,2020-08-21T13:45:48,36.97287,-76.43363,0.0,0.0,511.0,YANO,IMO7825409,NAQH,70,0,276,32,13.0,70,A
538005042,2020-08-21T13:39:26,36.92758,-76.32990,0.0,355.0,355.0,NILEDUTCH OSPREY,IMO9365829,V7AP5,70,5,182,28,11.0,71,A
367821000,2020-08-21T13:42:28,36.97288,-76.43362,0.0,0.0,511.0,YANO,IMO7825409,NAQH,70,0,276,32,13.0,70,A
367932000,2020-08-21T13:42:08,36.94912,-76.32958,0.0,107.0,279.0,JOHN LENTHALL,IMO8325547,NJLN,80,5,193,29,,,A
538006982,2020-08-21T13:45:37,36.99215,-76.30590,9.9,58.6,63.0,ANTE TOPIC,IMO9737072,V7TR4,70,0,,,,,A
538002652,2020-08-21T13:48:52,36.87957,-76.32638,0.0,242.0,276.0,NAIAS,IMO9330800,V7KN8,70,5,225,32,14.0,70,A
538002652,2020-08-21T13:39:50,36.87957,-76.32650,0.0,214.0,276.0,NAIAS,IMO9330800,V7KN8,70,5,225,32,14.0,70,A
367821000,2020-08-21T13:47:48,36.97287,-76.43364,0.0,0.0,511.0,YANO,IMO7825409,NAQH,70,0,276,32,13.0,70,A
366842000,2020-08-21T13:42:48,36.88920,-76.33570,8.2,172.9,172.0,CAPE RACE,IMO7616377,KAFJ,70,0,197,32,10.0,35,A
366842000,2020-08-21T13:46:06,36.88238,-76.33482,6.8,175.6,173.0,CAPE RACE,IMO7616377,KAFJ,70,0,197,32,10.0,35,A
368026000,2020-08-21T13:48:21,36.86578,-76.31604,0.1,270.5,2.0,BENAVIDEZ,IMO9218210,NBHG,70,5,289,32,10.9,70,A
366842000,2020-08-21T13:44:57,36.88465,-76.33512,7.1,174.6,172.0,CAPE RACE,IMO7616377,KAFJ,70,0,197,32,10.0,35,A
366842000,2020-08-21T13:47:17,36.88022,-76.33459,6.6,173.5,172.0,CAPE RACE,IMO7616377,KAFJ,70,0,197,32,10.0,35,A
367359930,2020-08-21T13:42:32,36.82406,-76.28902,0.0,262.4,511.0,SUNNY WILLIAMS,,WDE4940,80,0,25,8,,80,A
538006982,2020-08-21T13:46:48,36.99377,-76.30235,9.9,60.9,63.0,ANTE TOPIC,IMO9737072,V7TR4,70,0,,,,,A
538006982,2020-08-21T13:50:57,36.99940,-76.28961,10.3,60.4,63.0,ANTE TOPIC,IMO9737072,V7TR4,70,0,,,,,A
477196100,2020-08-21T13:43:00,37.19603,-76.13675,0.2,352.7,95.0,DARYA MA,IMO9591674,VRJH5,70,1,229,32,14.5,,A
366842000,2020-08-21T13:52:59,36.86949,-76.32963,7.5,135.3,134.0,CAPE RACE,IMO7616377,KAFJ,70,0,197,32,10.0,35,A
367359930,2020-08-21T13:45:32,36.82405,-76.28902,0.0,280.7,511.0,SUNNY WILLIAMS,,WDE4940,80,0,25,8,,80,A
538002652,2020-08-21T13:42:51,36.87943,-76.32660,0.0,214.0,276.0,NAIAS,IMO9330800,V7KN8,70,5,225,32,14.0,70,A
367822000,2020-08-21T13:47:54,36.97307,-76.43386,0.0,0.0,238.0,USNS SHUGHART,IMO7825394,NAOQ,70,5,276,32,13.0,70,A
367861000,2020-08-21T13:48:01,36.94635,-76.32980,0.0,0.0,265.0,LARAMIE,IMO8906626,NLAR,80,5,193,29,,,A
538006982,2020-08-21T13:52:57,37.00220,-76.28328,10.5,65.0,74.0,ANTE TOPIC,IMO9737072,V7TR4,70,0,,,,,A
367359930,2020-08-21T13:54:12,36.82407,-76.28901,0.0,271.8,511.0,SUNNY WILLIAMS,,WDE4940,80,0,25,8,,80,A
367821000,2020-08-21T13:50:07,36.97286,-76.43364,0.0,0.0,511.0,YANO,IMO7825409,NAQH,70,0,276,32,13.0,70,A
367861000,2020-08-21T13:54:01,36.94638,-76.32973,0.0,0.0,265.0,LARAMIE,IMO8906626,NLAR,80,5,193,29,,,A
368026000,2020-08-21T13:45:21,36.86574,-76.31603,0.0,270.5,2.0,BENAVIDEZ,IMO9218210,NBHG,70,5,289,32,10.9,70,A
367822000,2020-08-21T13:44:55,36.97307,-76.43386,0.0,0.0,238.0,USNS SHUGHART,IMO7825394,NAOQ,70,5,276,32,13.0,70,A
538006982,2020-08-21T13:44:27,36.99041,-76.30925,9.8,58.1,59.0,ANTE TOPIC,IMO9737072,V7TR4,70,0,,,,,A
367932000,2020-08-21T13:51:08,36.94910,-76.32966,0.0,107.0,279.0,JOHN LENTHALL,IMO8325547,NJLN,80,5,193,29,,,A
367359930,2020-08-21T13:47:32,36.82405,-76.28902,0.0,275.4,511.0,SUNNY WILLIAMS,,WDE4940,80,0,25,8,,80,A
367821000,2020-08-21T13:55:48,36.97285,-76.43364,0.0,0.0,511.0,YANO,IMO7825409,NAQH,70,0,276,32,13.0,70,A
367359930,2020-08-21T13:51:12,36.82405,-76.28902,0.0,273.5,511.0,SUNNY WILLIAMS,,WDE4940,80,0,25,8,,80,A
367932000,2020-08-21T13:48:08,36.94915,-76.32969,0.0,107.0,279.0,JOHN LENTHALL,IMO8325547,NJLN,80,5,193,29,,,A
366839000,2020-08-21T13:46:13,36.85349,-76.31082,0.0,0.0,39.0,CAPE RISE,IMO7530808,KAFG,70,5,197,32,10.0,,A
215677000,2020-08-21T13:49:54,36.96290,-76.42420,0.0,147.3,40.0,RIZE,IMO9584035,9HA2781,70,5,229,32,14.5,,A
367359930,2020-08-21T13:57:12,36.82404,-76.28900,0.0,281.0,511.0,SUNNY WILLIAMS,,WDE4940,80,0,25,8,,80,A
366842000,2020-08-21T13:50:38,36.87349,-76.33307,7.6,158.7,156.0,CAPE RACE,IMO7616377,KAFJ,70,0,197,32,10.0,35,A
538005042,2020-08-21T13:48:29,36.92758,-76.32991,0.0,355.0,355.0,NILEDUTCH OSPREY,IMO9365829,V7AP5,70,5,182,28,11.0,71,A
367932000,2020-08-21T13:54:07,36.94913,-76.32972,0.0,107.0,279.0,JOHN LENTHALL,IMO8325547,NJLN,80,5,193,29,,,A
368026000,2020-08-21T13:54:20,36.86575,-76.31605,0.0,270.5,2.0,BENAVIDEZ,IMO9218210,NBHG,70,5,289,32,10.9,70,A
367821000,2020-08-21T13:48:57,36.97287,-76.43364,0.0,0.0,511.0,YANO,IMO7825409,NAQH,70,0,276,32,13.0,70,A
538002652,2020-08-21T13:54:52,36.87948,-76.32657,0.0,236.0,276.0,NAIAS,IMO9330800,V7KN8,70,5,225,32,14.0,70,A
366842000,2020-08-21T13:56:38,36.86420,-76.32253,7.1,132.6,132.0,CAPE RACE,IMO7616377,KAFJ,70,0,197,32,10.0,35,A
367822000,2020-08-21T13:53:55,36.97308,-76.43386,0.0,0.0,238.0,USNS SHUGHART,IMO7825394,NAOQ,70,5,276,32,13.0,70,A
538006982,2020-08-21T13:56:27,37.00480,-76.27102,10.6,74.8,77.0,ANTE TOPIC,IMO9737072,V7TR4,70,0,,,,,A
367821000,2020-08-21T13:58:08,36.97285,-76.43364,0.0,0.0,511.0,YANO,IMO7825409,NAQH,70,0,276,32,13.0,70,A
215677000,2020-08-21T13:55:54,36.96291,-76.42419,0.0,147.3,40.0,RIZE,IMO9584035,9HA2781,70,5,229,32,14.5,,A
215677000,2020-08-21T13:52:56,36.96294,-76.42420,0.0,147.3,40.0,RIZE,IMO9584035,9HA2781,70,5,229,32,14.5,,A
477196100,2020-08-21T13:48:58,37.19626,-76.13674,0.2,0.3,101.0,DARYA MA,IMO9591674,VRJH5,70,1,229,32,14.5,,A
367821000,2020-08-21T13:56:58,36.97285,-76.43364,0.0,0.0,511.0,YANO,IMO7825409,NAQH,70,0,276,32,13.0,70,A
538002652,2020-08-21T13:57:51,36.87948,-76.32650,0.0,236.0,276.0,NAIAS,IMO9330800,V7KN8,70,5,225,32,14.0,70,A
477196100,2020-08-21T13:58:04,37.19672,-76.13657,0.2,18.3,114.0,DARYA MA,IMO9591674,VRJH5,70,1,229,32,14.5,,A
538006982,2020-08-21T13:58:58,37.00672,-76.26189,10.8,74.9,77.0,ANTE TOPIC,IMO9737072,V7TR4,70,0,,,,,A
538006982,2020-08-21T13:57:48,37.00583,-76.26609,10.7,74.9,77.0,ANTE TOPIC,IMO9737072,V7TR4,70,0,,,,,A
366842000,2020-08-21T13:57:47,36.86270,-76.32054,6.7,132.9,133.0,CAPE RACE,IMO7616377,KAFJ,70,0,197,32,10.0,35,A
367821000,2020-08-21T13:59:18,36.97285,-76.43363,0.0,0.0,511.0,YANO,IMO7825409,NAQH,70,0,276,32,13.0,70,A
367932000,2020-08-21T13:57:08,36.94913,-76.32975,0.0,107.0,279.0,JOHN LENTHALL,IMO8325547,NJLN,80,5,193,29,,,A
367359930,2020-08-21T13:59:33,36.82405,-76.28899,0.0,286.0,511.0,SUNNY WILLIAMS,,WDE4940,80,0,25,8,,80,A
366842000,2020-08-21T13:58:56,36.86126,-76.31858,6.2,132.7,132.0,CAPE RACE,IMO7616377,KAFJ,70,0,197,32,10.0,35,A
538002953,2020-08-21T13:59:47,36.97643,-76.11618,17.2,292.0,288.0,SCT SANTIAGO,IMO9302566,V7NF7,70,0,294,32,13.5,71,A
538005042,2020-08-21T13:51:32,36.92758,-76.32991,0.0,355.0,355.0,NILEDUTCH OSPREY,IMO9365829,V7AP5,70,5,182,28,11.0,71,A
477196100,2020-08-21T13:52:02,37.19642,-76.13669,0.2,4.5,105.0,DARYA MA,IMO9591674,VRJH5,70,1,229,32,14.5,,A
367861000,2020-08-21T13:57:00,36.94635,-76.32980,0.0,0.0,265.0,LARAMIE,IMO8906626,NLAR,80,5,193,29,,,A
366839000,2020-08-21T13:52:13,36.85350,-76.31082,0.0,0.0,39.0,CAPE RISE,IMO7530808,KAFG,70,5,197,32,10.0,,A
538005042,2020-08-21T13:57:35,36.92758,-76.32990,0.0,355.0,355.0,NILEDUTCH OSPREY,IMO9365829,V7AP5,70,5,182,28,11.0,71,A
366839000,2020-08-21T13:58:12,36.85347,-76.31081,0.0,0.0,39.0,CAPE RISE,IMO7530808,KAFG,70,5,197,32,10.0,,A
477196100,2020-08-21T14:01:02,37.19685,-76.13648,0.2,24.5,118.0,DARYA MA,IMO9591674,VRJH5,70,1,229,32,14.5,,A
366842000,2020-08-21T13:59:57,36.86011,-76.31714,5.4,133.8,133.0,CAPE RACE,IMO7616377,KAFJ,70,0,197,32,10.0,35,A
366842000,2020-08-21T14:00:06,36.85994,-76.31691,5.3,133.9,134.0,CAPE RACE,IMO7616377,KAFJ,70,0,197,32,10.0,35,A
477196100,2020-08-21T13:55:00,37.19657,-76.13665,0.2,8.2,109.0,DARYA MA,IMO9591674,VRJH5,70,1,229,32,14.5,,A
367359930,2020-08-21T13:58:22,36.82406,-76.28900,0.0,285.0,511.0,SUNNY WILLIAMS,,WDE4940,80,0,25,8,,80,A
366842000,2020-08-21T14:01:17,36.85887,-76.31544,4.6,131.6,132.0,CAPE RACE,IMO7616377,KAFJ,70,0,197,32,10.0,35,A
367359930,2020-08-21T14:00:02,36.82406,-76.28900,0.0,286.2,511.0,SUNNY WILLIAMS,,WDE4940,80,0,25,8,,80,A
538002953,2020-08-21T14:01:11,36.97843,-76.12400,17.1,291.1,286.0,SCT SANTIAGO,IMO9302566,V7NF7,70,0,294,32,13.5,71,A
538002953,2020-08-21T14:02:17,36.97990,-76.13026,17.0,291.3,288.0,SCT SANTIAGO,IMO9302566,V7NF7,70,0,294,32,13.5,71,A
366839000,2020-08-21T13:55:11,36.85343,-76.31081,0.0,0.0,39.0,CAPE RISE,IMO7530808,KAFG,70,5,197,32,10.0,,A
368026000,2020-08-21T13:57:20,36.86576,-76.31602,0.0,270.5,2.0,BENAVIDEZ,IMO9218210,NBHG,70,5,289,32,10.9,70,A
538006982,2020-08-21T14:03:27,37.00798,-76.24606,10.2,109.9,110.0,ANTE TOPIC,IMO9737072,V7TR4,70,0,,,,,A
367861000,2020-08-21T14:03:00,36.94638,-76.32983,0.0,0.0,265.0,LARAMIE,IMO8906626,NLAR,80,5,193,29,,,A
368026000,2020-08-21T14:03:21,36.86574,-76.31604,0.0,270.5,2.0,BENAVIDEZ,IMO9218210,NBHG,70,5,289,32,10.9,70,A
538002953,2020-08-21T14:03:22,36.98144,-76.13625,17.2,291.0,288.0,SCT SANTIAGO,IMO9302566,V7NF7,70,0,294,32,13.5,71,A
538006982,2020-08-21T14:02:20,37.00894,-76.24974,10.4,93.0,106.0,ANTE TOPIC,IMO9737072,V7TR4,70,0,,,,,A
367359930,2020-08-21T14:04:43,36.82402,-76.28900,0.0,295.5,511.0,SUNNY WILLIAMS,,WDE4940,80,0,25,8,,80,A
538002652,2020-08-21T14:00:53,36.87962,-76.32632,0.0,236.0,276.0,NAIAS,IMO9330800,V7KN8,70,5,225,32,14.0,70,A
367821000,2020-08-21T14:02:27,36.97284,-76.43364,0.0,0.0,511.0,YANO,IMO7825409,NAQH,70,0,276,32,13.0,70,A
215677000,2020-08-21T13:58:56,36.96292,-76.42419,0.0,147.3,40.0,RIZE,IMO9584035,9HA2781,70,5,229,32,14.5,,A
367821000,2020-08-21T14:04:48,36.97284,-76.43364,0.0,0.0,511.0,YANO,IMO7825409,NAQH,70,0,276,32,13.0,70,A
366839000,2020-08-21T14:01:09,36.85346,-76.31079,0.0,0.0,39.0,CAPE RISE,IMO7530808,KAFG,70,5,197,32,10.0,,A
367821000,2020-08-21T14:01:18,36.97285,-76.43364,0.0,0.0,511.0,YANO,IMO7825409,NAQH,70,0,276,32,13.0,70,A
538002953,2020-08-21T14:00:05,36.97688,-76.11785,17.1,291.0,287.0,SCT SANTIAGO,IMO9302566,V7NF7,70,0,294,32,13.5,71,A
367822000,2020-08-21T14:05:56,36.97313,-76.43384,0.0,0.0,238.0,USNS SHUGHART,IMO7825394,NAOQ,70,5,276,32,13.0,70,A
368026000,2020-08-21T14:06:21,36.86578,-76.31606,0.1,270.5,2.0,BENAVIDEZ,IMO9218210,NBHG,70,5,289,32,10.9,70,A
367861000,2020-08-21T14:06:00,36.94644,-76.32986,0.0,0.0,265.0,LARAMIE,IMO8906626,NLAR,80,5,193,29,,,A
538005042,2020-08-21T14:00:33,36.92758,-76.32990,0.0,355.0,355.0,NILEDUTCH OSPREY,IMO9365829,V7AP5,70,5,182,28,11.0,71,A
538002953,2020-08-21T14:06:41,36.98614,-76.15476,17.2,291.5,288.0,SCT SANTIAGO,IMO9302566,V7NF7,70,0,294,32,13.5,71,A
538002953,2020-08-21T14:04:24,36.98289,-76.14193,17.1,291.4,288.0,SCT SANTIAGO,IMO9302566,V7NF7,70,0,294,32,13.5,71,A
538006982,2020-08-21T14:01:18,37.00861,-76.25358,10.8,73.8,83.0,ANTE TOPIC,IMO9737072,V7TR4,70,0,,,,,A
367821000,2020-08-21T14:00:08,36.97285,-76.43364,0.0,0.0,511.0,YANO,IMO7825409,NAQH,70,0,276,32,13.0,70,A
538006982,2020-08-21T14:00:07,37.00762,-76.25781,10.8,73.5,77.0,ANTE TOPIC,IMO9737072,V7TR4,70,0,,,,,A
215677000,2020-08-21T14:01:54,36.96289,-76.42418,0.0,147.3,40.0,RIZE,IMO9584035,9HA2781,70,5,229,32,14.5,,A
538002652,2020-08-21T14:06:50,36.87943,-76.32660,0.0,236.0,276.0,NAIAS,IMO9330800,V7KN8,70,5,225,32,14.0,70,A
538005042,2020-08-21T14:06:38,36.92760,-76.32991,0.0,355.0,355.0,NILEDUTCH OSPREY,IMO9365829,V7AP5,70,5,182,28,11.0,71,A
215677000,2020-08-21T14:07:53,36.96292,-76.42422,0.0,147.3,40.0,RIZE,IMO9584035,9HA2781,70,5,229,32,14.5,,A
367359930,2020-08-21T14:02:12,36.82404,-76.28902,0.0,293.2,511.0,SUNNY WILLIAMS,,WDE4940,80,0,25,8,,80,A
477196100,2020-08-21T14:07:00,37.19708,-76.13631,0.1,28.6,126.0,DARYA MA,IMO9591674,VRJH5,70,1,229,32,14.5,,A
538006982,2020-08-21T14:08:06,37.00383,-76.23017,10.5,106.3,108.0,ANTE TOPIC,IMO9737072,V7TR4,70,0,,,,,A
367359930,2020-08-21T14:08:12,36.82407,-76.28901,0.0,294.9,511.0,SUNNY WILLIAMS,,WDE4940,80,0,25,8,,80,A
367359930,2020-08-21T14:01:03,36.82402,-76.28900,0.0,290.5,511.0,SUNNY WILLIAMS,,WDE4940,80,0,25,8,,80,A
366842000,2020-08-21T14:06:07,36.85583,-76.31132,1.9,145.5,123.0,CAPE RACE,IMO7616377,KAFJ,70,0,197,32,10.0,35,A
366839000,2020-08-21T14:07:14,36.85350,-76.31081,0.0,0.0,39.0,CAPE RISE,IMO7530808,KAFG,70,5,197,32,10.0,,A
367821000,2020-08-21T14:03:38,36.97284,-76.43364,0.0,0.0,511.0,YANO,IMO7825409,NAQH,70,0,276,32,13.0,70,A
367822000,2020-08-21T14:02:55,36.97308,-76.43386,0.0,0.0,238.0,USNS SHUGHART,IMO7825394,NAOQ,70,5,276,32,13.0,70,A
366839000,2020-08-21T14:04:12,36.85347,-76.31078,0.0,0.0,39.0,CAPE RISE,IMO7530808,KAFG,70,5,197,32,10.0,,A
538006982,2020-08-21T14:04:36,37.00688,-76.24216,10.3,109.1,110.0,ANTE TOPIC,IMO9737072,V7TR4,70,0,,,,,A
366842000,2020-08-21T14:04:57,36.85630,-76.31182,2.5,130.3,122.0,CAPE RACE,IMO7616377,KAFJ,70,0,197,32,10.0,35,A
366842000,2020-08-21T14:03:37,36.85703,-76.31297,3.7,131.2,132.0,CAPE RACE,IMO7616377,KAFJ,70,0,197,32,10.0,35,A
477196100,2020-08-21T14:04:06,37.19695,-76.13638,0.2,26.4,122.0,DARYA MA,IMO9591674,VRJH5,70,1,229,32,14.5,,A
538002953,2020-08-21T14:07:46,36.98770,-76.16079,17.1,290.5,287.0,SCT SANTIAGO,IMO9302566,V7NF7,70,0,294,32,13.5,71,A
367821000,2020-08-21T14:08:17,36.97284,-76.43363,0.0,0.0,511.0,YANO,IMO7825409,NAQH,70,0,276,32,13.0,70,A
538002652,2020-08-21T14:03:53,36.87943,-76.32662,0.0,236.0,276.0,NAIAS,IMO9330800,V7KN8,70,5,225,32,14.0,70,A
368026000,2020-08-21T14:09:21,36.86575,-76.31605,0.0,270.5,2.0,BENAVIDEZ,IMO9218210,NBHG,70,5,289,32,10.9,70,A
538002953,2020-08-21T14:08:59,36.98938,-76.16757,17.0,292.1,288.0,SCT SANTIAGO,IMO9302566,V7NF7,70,0,294,32,13.5,71,A
367821000,2020-08-21T14:05:57,36.97284,-76.43363,0.0,0.0,511.0,YANO,IMO7825409,NAQH,70,0,276,32,13.0,70,A
538002953,2020-08-21T14:05:35,36.98457,-76.14863,17.1,291.5,288.0,SCT SANTIAGO,IMO9302566,V7NF7,70,0,294,32,13.5,71,A
367821000,2020-08-21T14:09:27,36.97284,-76.43363,0.0,0.0,511.0,YANO,IMO7825409,NAQH,70,0,276,32,13.0,70,A
538006982,2020-08-21T14:05:48,37.00577,-76.23810,10.3,109.4,110.0,ANTE TOPIC,IMO9737072,V7TR4,70,0,,,,,A
367359930,2020-08-21T14:09:21,36.82407,-76.28902,0.0,292.9,511.0,SUNNY WILLIAMS,,WDE4940,80,0,25,8,,80,A
367932000,2020-08-21T14:09:08,36.94914,-76.32974,0.0,107.0,279.0,JOHN LENTHALL,IMO8325547,NJLN,80,5,193,29,,,A
366842000,2020-08-21T14:09:56,36.85442,-76.30968,1.3,128.7,115.0,CAPE RACE,IMO7616377,KAFJ,70,0,197,32,10.0,35,A
367359930,2020-08-21T14:10:33,36.82408,-76.28902,0.0,295.9,511.0,SUNNY WILLIAMS,,WDE4940,80,0,25,8,,80,A
538006982,2020-08-21T14:06:57,37.00478,-76.23423,10.4,106.0,108.0,ANTE TOPIC,IMO9737072,V7TR4,70,0,,,,,A
538006982,2020-08-21T14:10:28,37.00168,-76.22146,10.6,108.0,109.0,ANTE TOPIC,IMO9737072,V7TR4,70,0,,,,,A
538002953,2020-08-21T14:10:05,36.99100,-76.17369,17.0,292.6,288.0,SCT SANTIAGO,IMO9302566,V7NF7,70,0,294,32,13.5,71,A
366842000,2020-08-21T14:07:17,36.85536,-76.31088,1.8,138.6,123.0,CAPE RACE,IMO7616377,KAFJ,70,0,197,32,10.0,35,A
215677000,2020-08-21T14:10:53,36.96290,-76.42419,0.1,147.3,40.0,RIZE,IMO9584035,9HA2781,70,5,229,32,14.5,,A
367861000,2020-08-21T14:12:01,36.94631,-76.32980,0.0,0.0,265.0,LARAMIE,IMO8906626,NLAR,80,5,193,29,,,A
367821000,2020-08-21T14:10:38,36.97284,-76.43363,0.0,0.0,511.0,YANO,IMO7825409,NAQH,70,0,276,32,13.0,70,A
538002953,2020-08-21T14:12:11,36.99409,-76.18525,17.0,293.4,290.0,SCT SANTIAGO,IMO9302566,V7NF7,70,0,294,32,13.5,71,A
366842000,2020-08-21T14:08:27,36.85491,-76.31034,1.7,135.5,120.0,CAPE RACE,IMO7616377,KAFJ,70,0,197,32,10.0,35,A
538005042,2020-08-21T14:12:41,36.92760,-76.32992,0.0,355.0,355.0,NILEDUTCH OSPREY,IMO9365829,V7AP5,70,5,182,28,11.0,71,A
366842000,2020-08-21T14:12:56,36.85422,-76.30940,0.0,117.9,113.0,CAPE RACE,IMO7616377,KAFJ,70,0,197,32,10.0,35,A
367821000,2020-08-21T14:12:58,36.97284,-76.43363,0.0,0.0,511.0,YANO,IMO7825409,NAQH,70,0,276,32,13.0,70,A
367822000,2020-08-21T14:08:56,36.97310,-76.43383,0.0,0.0,238.0,USNS SHUGHART,IMO7825394,NAOQ,70,5,276,32,13.0,70,A
367359930,2020-08-21T14:05:52,36.82406,-76.28897,0.0,289.5,511.0,SUNNY WILLIAMS,,WDE4940,80,0,25,8,,80,A
367861000,2020-08-21T14:09:01,36.94641,-76.32978,0.0,0.0,265.0,LARAMIE,IMO8906626,NLAR,80,5,193,29,,,A
538002652,2020-08-21T14:12:50,36.87942,-76.32658,0.0,58.0,277.0,NAIAS,IMO9330800,V7KN8,70,5,225,32,14.0,70,A
367932000,2020-08-21T14:12:08,36.94930,-76.32994,0.0,107.0,279.0,JOHN LENTHALL,IMO8325547,NJLN,80,5,193,29,,,A
538006982,2020-08-21T14:09:18,37.00274,-76.22554,10.6,106.5,109.0,ANTE TOPIC,IMO9737072,V7TR4,70,0,,,,,A
368026000,2020-08-21T14:12:21,36.86576,-76.31606,0.0,270.5,2.0,BENAVIDEZ,IMO9218210,NBHG,70,5,289,32,10.9,70,A
538005042,2020-08-21T14:09:38,36.92760,-76.32992,0.0,355.0,355.0,NILEDUTCH OSPREY,IMO9365829,V7AP5,70,5,182,28,11.0,71,A
538002953,2020-08-21T14:13:17,36.99583,-76.19142,17.1,293.1,289.0,SCT SANTIAGO,IMO9302566,V7NF7,70,0,294,32,13.5,71,A
366839000,2020-08-21T14:13:14,36.85349,-76.31083,0.0,0.0,39.0,CAPE RISE,IMO7530808,KAFG,70,5,197,32,10.0,,A
367932000,2020-08-21T14:06:07,36.94923,-76.32965,0.0,107.0,279.0,JOHN LENTHALL,IMO8325547,NJLN,80,5,193,29,,,A
367359930,2020-08-21T14:13:21,36.82408,-76.28900,0.0,300.3,511.0,SUNNY WILLIAMS,,WDE4940,80,0,25,8,,80,A
477196100,2020-08-21T14:09:55,37.19715,-76.13622,0.1,30.4,129.0,DARYA MA,IMO9591674,VRJH5,70,1,229,32,14.5,,A
367359930,2020-08-21T14:06:53,36.82404,-76.28900,0.0,292.4,511.0,SUNNY WILLIAMS,,WDE4940,80,0,25,8,,80,A
366842000,2020-08-21T14:11:27,36.85426,-76.30952,0.2,125.5,118.0,CAPE RACE,IMO7616377,KAFJ,70,0,197,32,10.0,35,A
366842000,2020-08-21T14:15:31,36.85423,-76.30899,0.6,33.4,97.0,CAPE RACE,IMO7616377,KAFJ,70,0,197,32,10.0,35,A
366842000,2020-08-21T14:14:27,36.85418,-76.30924,0.7,102.8,107.0,CAPE RACE,IMO7616377,KAFJ,70,0,197,32,10.0,35,A
538002652,2020-08-21T14:09:53,36.87943,-76.32657,0.0,59.0,276.0,NAIAS,IMO9330800,V7KN8,70,5,225,32,14.0,70,A
538006982,2020-08-21T14:13:57,36.99877,-76.20958,10.6,107.4,109.0,ANTE TOPIC,IMO9737072,V7TR4,70,0,,,,,A
367821000,2020-08-21T14:14:17,36.97284,-76.43363,0.0,0.0,511.0,YANO,IMO7825409,NAQH,70,0,276,32,13.0,70,A
538006982,2020-08-21T14:15:18,36.99761,-76.20488,10.7,108.2,109.0,ANTE TOPIC,IMO9737072,V7TR4,70,0,,,,,A
367359930,2020-08-21T14:12:12,36.82409,-76.28901,0.0,299.5,511.0,SUNNY WILLIAMS,,WDE4940,80,0,25,8,,80,A
538002953,2020-08-21T14:14:41,36.99790,-76.19921,17.3,292.3,287.0,SCT SANTIAGO,IMO9302566,V7NF7,70,0,294,32,13.5,71,A
367861000,2020-08-21T14:15:01,36.94639,-76.32980,0.0,0.0,265.0,LARAMIE,IMO8906626,NLAR,80,5,193,29,,,A
367821000,2020-08-21T14:07:08,36.97284,-76.43363,0.0,0.0,511.0,YANO,IMO7825409,NAQH,70,0,276,32,13.0,70,A
538006982,2020-08-21T14:11:38,37.00079,-76.21780,10.6,107.6,109.0,ANTE TOPIC,IMO9737072,V7TR4,70,0,,,,,A
367359930,2020-08-21T14:15:33,36.82407,-76.28900,0.0,307.8,511.0,SUNNY WILLIAMS,,WDE4940,80,0,25,8,,80,A
366839000,2020-08-21T14:16:13,36.85348,-76.31078,0.0,0.0,39.0,CAPE RISE,IMO7530808,KAFG,70,5,197,32,10.0,,A
538006982,2020-08-21T14:16:57,36.99623,-76.19905,10.6,107.1,109.0,ANTE TOPIC,IMO9737072,V7TR4,70,0,,,,,A
367822000,2020-08-21T14:11:55,36.97308,-76.43382,0.0,0.0,238.0,USNS SHUGHART,IMO7825394,NAOQ,70,5,276,32,13.0,70,A
538005042,2020-08-21T14:15:42,36.92760,-76.32991,0.0,355.0,355.0,NILEDUTCH OSPREY,IMO9365829,V7AP5,70,5,182,28,11.0,71,A
477196100,2020-08-21T14:13:00,37.19723,-76.13614,0.1,30.4,132.0,DARYA MA,IMO9591674,VRJH5,70,1,229,32,14.5,,A
538002953,2020-08-21T14:16:48,37.00094,-76.21105,17.3,291.0,287.0,SCT SANTIAGO,IMO9302566,V7NF7,70,0,294,32,13.5,71,A
368026000,2020-08-21T14:18:20,36.86573,-76.31600,0.0,270.5,2.0,BENAVIDEZ,IMO9218210,NBHG,70,5,289,32,10.9,70,A
367359930,2020-08-21T14:18:03,36.82413,-76.28903,0.0,304.9,511.0,SUNNY WILLIAMS,,WDE4940,80,0,25,8,,80,A
215677000,2020-08-21T14:13:56,36.96291,-76.42419,0.0,147.3,40.0,RIZE,IMO9584035,9HA2781,70,5,229,32,14.5,,A
367359930,2020-08-21T14:16:41,36.82406,-76.28900,0.0,305.4,511.0,SUNNY WILLIAMS,,WDE4940,80,0,25,8,,80,A
367821000,2020-08-21T14:17:57,36.97284,-76.43364,0.0,0.0,511.0,YANO,IMO7825409,NAQH,70,0,276,32,13.0,70,A
367821000,2020-08-21T14:19:47,36.97283,-76.43365,0.0,0.0,511.0,YANO,IMO7825409,NAQH,70,0,276,32,13.0,70,A
215677000,2020-08-21T14:19:56,36.96291,-76.42420,0.0,147.3,40.0,RIZE,IMO9584035,9HA2781,70,5,229,32,14.5,,A
367822000,2020-08-21T14:14:55,36.97308,-76.43382,0.0,0.0,238.0,USNS SHUGHART,IMO7825394,NAOQ,70,5,276,32,13.0,70,A
538002953,2020-08-21T14:11:10,36.99260,-76.17971,17.1,291.8,288.0,SCT SANTIAGO,IMO9302566,V7NF7,70,0,294,32,13.5,71,A
367861000,2020-08-21T14:18:01,36.94641,-76.32982,0.0,0.0,265.0,LARAMIE,IMO8906626,NLAR,80,5,193,29,,,A
367861000,2020-08-21T14:21:01,36.94637,-76.32982,0.0,0.0,265.0,LARAMIE,IMO8906626,NLAR,80,5,193,29,,,A
367932000,2020-08-21T14:15:08,36.94917,-76.32960,0.0,107.0,279.0,JOHN LENTHALL,IMO8325547,NJLN,80,5,193,29,,,A
366842000,2020-08-21T14:16:38,36.85436,-76.30905,0.6,297.4,89.0,CAPE RACE,IMO7616377,KAFJ,70,0,197,32,10.0,35,A
538002953,2020-08-21T14:21:11,37.00735,-76.23624,17.6,290.8,287.0,SCT SANTIAGO,IMO9302566,V7NF7,70,0,294,32,13.5,71,A
538002953,2020-08-21T14:20:05,37.00573,-76.22986,17.6,292.1,288.0,SCT SANTIAGO,IMO9302566,V7NF7,70,0,294,32,13.5,71,A
368026000,2020-08-21T14:15:20,36.86573,-76.31602,0.1,270.5,2.0,BENAVIDEZ,IMO9218210,NBHG,70,5,289,32,10.9,70,A
366842000,2020-08-21T14:18:58,36.85460,-76.30963,0.7,288.8,69.0,CAPE RACE,IMO7616377,KAFJ,70,0,197,32,10.0,35,A
215677000,2020-08-21T14:16:55,36.96292,-76.42420,0.0,147.3,40.0,RIZE,IMO9584035,9HA2781,70,5,229,32,14.5,,A
538002652,2020-08-21T14:15:53,36.87945,-76.32657,0.0,64.0,277.0,NAIAS,IMO9330800,V7KN8,70,5,225,32,14.0,70,A
538002652,2020-08-21T00:06:53,36.87950,-76.32643,0.0,337.0,276.0,NAIAS,IMO9330800,V7KN8,70,5,225,32,14.0,70,A
367821000,2020-08-21T14:11:47,36.97284,-76.43364,0.0,0.0,511.0,YANO,IMO7825409,NAQH,70,0,276,32,13.0,70,A
538006982,2020-08-21T14:21:07,36.99248,-76.18434,10.7,108.0,110.0,ANTE TOPIC,IMO9737072,V7TR4,70,0,,,,,A
215677000,2020-08-21T14:22:54,36.96291,-76.42419,0.0,147.3,40.0,RIZE,IMO9584035,9HA2781,70,5,229,32,14.5,,A
538002652,2020-08-21T14:21:50,36.87943,-76.32660,0.0,64.0,277.0,NAIAS,IMO9330800,V7KN8,70,5,225,32,14.0,70,A
367821000,2020-08-21T14:16:47,36.97283,-76.43364,0.0,0.0,511.0,YANO,IMO7825409,NAQH,70,0,276,32,13.0,70,A
367359930,2020-08-21T14:22:41,36.82408,-76.28902,0.0,277.1,511.0,SUNNY WILLIAMS,,WDE4940,80,0,25,8,,80,A
538006982,2020-08-21T14:24:18,36.98948,-76.17314,10.7,109.6,110.0,ANTE TOPIC,IMO9737072,V7TR4,70,0,,,,,A
538005042,2020-08-21T14:21:46,36.92760,-76.32991,0.0,355.0,355.0,NILEDUTCH OSPREY,IMO9365829,V7AP5,70,5,182,28,11.0,71,A
367932000,2020-08-21T14:21:09,36.94919,-76.32965,0.0,107.0,279.0,JOHN LENTHALL,IMO8325547,NJLN,80,5,193,29,,,A
367821000,2020-08-21T14:20:57,36.97283,-76.43364,0.0,0.0,511.0,YANO,IMO7825409,NAQH,70,0,276,32,13.0,70,A
366839000,2020-08-21T14:22:14,36.85350,-76.31083,0.0,0.0,39.0,CAPE RISE,IMO7530808,KAFG,70,5,197,32,10.0,,A
366842000,2020-08-21T14:23:18,36.85462,-76.31046,0.9,235.9,41.0,CAPE RACE,IMO7616377,KAFJ,70,0,197,32,10.0,35,A
367359930,2020-08-21T14:21:23,36.82408,-76.28902,0.0,278.8,511.0,SUNNY WILLIAMS,,WDE4940,80,0,25,8,,80,A
368026000,2020-08-21T14:24:21,36.86574,-76.31605,0.0,270.5,2.0,BENAVIDEZ,IMO9218210,NBHG,70,5,289,32,10.9,70,A
367822000,2020-08-21T14:17:55,36.97307,-76.43382,0.0,0.0,238.0,USNS SHUGHART,IMO7825394,NAOQ,70,5,276,32,13.0,70,A
367822000,2020-08-21T14:20:55,36.97308,-76.43383,0.0,0.0,238.0,USNS SHUGHART,IMO7825394,NAOQ,70,5,276,32,13.0,70,A
367932000,2020-08-21T14:24:07,36.94923,-76.32968,0.0,107.0,279.0,JOHN LENTHALL,IMO8325547,NJLN,80,5,193,29,,,A
367861000,2020-08-21T14:24:00,36.94638,-76.32981,0.0,0.0,265.0,LARAMIE,IMO8906626,NLAR,80,5,193,29,,,A
538002953,2020-08-21T14:18:59,37.00414,-76.22363,17.3,291.5,287.0,SCT SANTIAGO,IMO9302566,V7NF7,70,0,294,32,13.5,71,A
366839000,2020-08-21T14:19:16,36.85352,-76.31079,0.0,0.0,39.0,CAPE RISE,IMO7530808,KAFG,70,5,197,32,10.0,,A
538002652,2020-08-21T14:18:51,36.87945,-76.32657,0.0,64.0,277.0,NAIAS,IMO9330800,V7KN8,70,5,225,32,14.0,70,A
477196100,2020-08-21T14:19:00,37.19733,-76.13604,0.1,30.4,136.0,DARYA MA,IMO9591674,VRJH5,70,1,229,32,14.5,,A
367359930,2020-08-21T14:19:13,36.82410,-76.28902,0.0,298.7,511.0,SUNNY WILLIAMS,,WDE4940,80,0,25,8,,80,A
367359930,2020-08-21T14:25:51,36.82405,-76.28903,0.0,271.1,511.0,SUNNY WILLIAMS,,WDE4940,80,0,25,8,,80,A
366842000,2020-08-21T14:20:08,36.85466,-76.30994,0.7,271.0,61.0,CAPE RACE,IMO7616377,KAFJ,70,0,197,32,10.0,35,A
538006982,2020-08-21T14:19:57,36.99357,-76.18842,10.6,108.6,110.0,ANTE TOPIC,IMO9737072,V7TR4,70,0,,,,,A
366842000,2020-08-21T14:27:17,36.85407,-76.31110,0.2,224.2,40.0,CAPE RACE,IMO7616377,KAFJ,70,0,197,32,10.0,35,A
367359930,2020-08-21T14:20:22,36.82410,-76.28904,0.0,291.3,511.0,SUNNY WILLIAMS,,WDE4940,80,0,25,8,,80,A
367359930,2020-08-21T14:14:32,36.82407,-76.28900,0.0,302.3,511.0,SUNNY WILLIAMS,,WDE4940,80,0,25,8,,80,A
367821000,2020-08-21T14:25:28,36.97284,-76.43364,0.0,0.0,511.0,YANO,IMO7825409,NAQH,70,0,276,32,13.0,70,A
367821000,2020-08-21T14:24:27,36.97284,-76.43364,0.0,0.0,511.0,YANO,IMO7825409,NAQH,70,0,276,32,13.0,70,A
538005042,2020-08-21T14:24:47,36.92760,-76.32991,0.1,175.0,355.0,NILEDUTCH OSPREY,IMO9365829,V7AP5,70,5,182,28,11.0,71,A
367821000,2020-08-21T14:15:27,36.97284,-76.43363,0.0,0.0,511.0,YANO,IMO7825409,NAQH,70,0,276,32,13.0,70,A
366842000,2020-08-21T14:25:47,36.85416,-76.31103,0.6,212.8,40.0,CAPE RACE,IMO7616377,KAFJ,70,0,197,32,10.0,35,A
538002953,2020-08-21T14:25:11,37.00837,-76.25917,16.7,263.0,258.0,SCT SANTIAGO,IMO9302566,V7NF7,70,0,294,32,13.5,71,A
366839000,2020-08-21T14:25:15,36.85346,-76.31079,0.0,0.0,40.0,CAPE RISE,IMO7530808,KAFG,70,5,197,32,10.0,,A
215677000,2020-08-21T14:25:57,36.96291,-76.42420,0.0,147.3,40.0,RIZE,IMO9584035,9HA2781,70,5,229,32,14.5,,A
367359930,2020-08-21T14:27:51,36.82406,-76.28903,0.0,297.2,511.0,SUNNY WILLIAMS,,WDE4940,80,0,25,8,,80,A
367861000,2020-08-21T14:27:00,36.94640,-76.32979,0.0,0.0,265.0,LARAMIE,IMO8906626,NLAR,80,5,193,29,,,A
367821000,2020-08-21T14:23:17,36.97284,-76.43364,0.0,0.0,511.0,YANO,IMO7825409,NAQH,70,0,276,32,13.0,70,A
367821000,2020-08-21T14:22:08,36.97284,-76.43365,0.0,0.0,511.0,YANO,IMO7825409,NAQH,70,0,276,32,13.0,70,A
368026000,2020-08-21T14:27:21,36.86574,-76.31604,0.0,270.5,2.0,BENAVIDEZ,IMO9218210,NBHG,70,5,289,32,10.9,70,A
367359930,2020-08-21T14:24:41,36.82404,-76.28903,0.0,277.0,511.0,SUNNY WILLIAMS,,WDE4940,80,0,25,8,,80,A
538002953,2020-08-21T14:24:05,37.00918,-76.25289,16.8,264.1,261.0,SCT SANTIAGO,IMO9302566,V7NF7,70,0,294,32,13.5,71,A
477196100,2020-08-21T14:27:57,37.19746,-76.13584,0.1,30.4,141.0,DARYA MA,IMO9591674,VRJH5,70,1,229,32,14.5,,A
538002953,2020-08-21T14:22:59,37.00900,-76.24663,17.0,279.1,274.0,SCT SANTIAGO,IMO9302566,V7NF7,70,0,294,32,13.5,71,A
538002953,2020-08-21T14:28:29,37.00519,-76.27778,16.7,251.1,246.0,SCT SANTIAGO,IMO9302566,V7NF7,70,0,294,32,13.5,71,A
367821000,2020-08-21T14:28:58,36.97284,-76.43363,0.0,0.0,511.0,YANO,IMO7825409,NAQH,70,0,276,32,13.0,70,A
367822000,2020-08-21T14:23:55,36.97308,-76.43383,0.0,0.0,238.0,USNS SHUGHART,IMO7825394,NAOQ,70,5,276,32,13.0,70,A
215677000,2020-08-21T14:28:56,36.96293,-76.42419,0.0,147.3,40.0,RIZE,IMO9584035,9HA2781,70,5,229,32,14.5,,A
368026000,2020-08-21T14:30:20,36.86574,-76.31603,0.0,270.5,2.0,BENAVIDEZ,IMO9218210,NBHG,70,5,289,32,10.9,70,A
366839000,2020-08-21T14:28:09,36.85349,-76.31082,0.0,0.0,40.0,CAPE RISE,IMO7530808,KAFG,70,5,197,32,10.0,,A
367359930,2020-08-21T14:30:23,36.82407,-76.28905,0.0,311.9,511.0,SUNNY WILLIAMS,,WDE4940,80,0,25,8,,80,A
538006982,2020-08-21T14:30:18,36.98379,-76.15199,10.8,108.3,110.0,ANTE TOPIC,IMO9737072,V7TR4,70,0,,,,,A
367822000,2020-08-21T14:29:55,36.97308,-76.43383,0.0,0.0,238.0,USNS SHUGHART,IMO7825394,NAOQ,70,5,276,32,13.0,70,A
366842000,2020-08-21T14:17:48,36.85448,-76.30934,0.7,302.0,80.0,CAPE RACE,IMO7616377,KAFJ,70,0,197,32,10.0,35,A
538006982,2020-08-21T14:25:27,36.98840,-76.16915,10.7,108.5,110.0,ANTE TOPIC,IMO9737072,V7TR4,70,0,,,,,A
538002652,2020-08-21T14:24:50,36.87932,-76.32647,0.0,28.0,277.0,NAIAS,IMO9330800,V7KN8,70,5,225,32,14.0,70,A
538002953,2020-08-21T14:29:35,37.00330,-76.28349,16.5,249.8,244.0,SCT SANTIAGO,IMO9302566,V7NF7,70,0,294,32,13.5,71,A
538002953,2020-08-21T14:17:52,37.00251,-76.21722,17.4,292.2,287.0,SCT SANTIAGO,IMO9302566,V7NF7,70,0,294,32,13.5,71,A
538002652,2020-08-21T14:30:53,36.87953,-76.32632,0.0,22.0,277.0,NAIAS,IMO9330800,V7KN8,70,5,225,32,14.0,70,A
538006982,2020-08-21T14:31:28,36.98266,-76.14787,10.7,108.6,109.0,ANTE TOPIC,IMO9737072,V7TR4,70,0,,,,,A
367822000,2020-08-21T14:26:56,36.97308,-76.43383,0.0,0.0,238.0,USNS SHUGHART,IMO7825394,NAOQ,70,5,276,32,13.0,70,A
538002652,2020-08-21T14:27:52,36.87945,-76.32643,0.0,22.0,277.0,NAIAS,IMO9330800,V7KN8,70,5,225,32,14.0,70,A
477196100,2020-08-21T14:24:58,37.19743,-76.13594,0.1,30.4,138.0,DARYA MA,IMO9591674,VRJH5,70,1,229,32,14.5,,A
538005042,2020-08-21T14:18:43,36.92760,-76.32991,0.0,355.0,355.0,NILEDUTCH OSPREY,IMO9365829,V7AP5,70,5,182,28,11.0,71,A
366842000,2020-08-21T14:28:27,36.85398,-76.31116,0.2,200.8,40.0,CAPE RACE,IMO7616377,KAFJ,70,0,197,32,10.0,35,A
538002953,2020-08-21T14:27:23,37.00636,-76.27150,17.0,261.7,257.0,SCT SANTIAGO,IMO9302566,V7NF7,70,0,294,32,13.5,71,A
367822000,2020-08-21T14:32:56,36.97308,-76.43383,0.0,0.0,238.0,USNS SHUGHART,IMO7825394,NAOQ,70,5,276,32,13.0,70,A
477196100,2020-08-21T14:34:01,37.19754,-76.13569,0.1,30.4,145.0,DARYA MA,IMO9591674,VRJH5,70,1,229,32,14.5,,A
538002953,2020-08-21T14:34:29,36.99351,-76.30958,17.0,234.9,229.0,SCT SANTIAGO,IMO9302566,V7NF7,70,0,294,32,13.5,71,A
366842000,2020-08-21T14:21:23,36.85472,-76.31019,0.3,317.6,46.0,CAPE RACE,IMO7616377,KAFJ,70,0,197,32,10.0,35,A
366842000,2020-08-21T14:31:17,36.85385,-76.31116,0.0,179.5,42.0,CAPE RACE,IMO7616377,KAFJ,70,0,197,32,10.0,35,A
367821000,2020-08-21T14:35:07,36.97285,-76.43363,0.0,0.0,511.0,YANO,IMO7825409,NAQH,70,0,276,32,13.0,70,A
538002953,2020-08-21T14:30:41,37.00121,-76.28925,16.7,248.8,244.0,SCT SANTIAGO,IMO9302566,V7NF7,70,0,294,32,13.5,71,A
538005042,2020-08-21T14:30:45,36.92760,-76.32991,0.0,355.0,355.0,NILEDUTCH OSPREY,IMO9365829,V7AP5,70,5,182,28,11.0,71,A
367359930,2020-08-21T14:36:02,36.82408,-76.28902,0.0,308.1,511.0,SUNNY WILLIAMS,,WDE4940,80,0,25,8,,80,A
538006982,2020-08-21T14:22:57,36.99074,-76.17790,10.7,109.1,109.0,ANTE TOPIC,IMO9737072,V7TR4,70,0,,,,,A
367821000,2020-08-21T14:31:18,36.97285,-76.43363,0.0,0.0,511.0,YANO,IMO7825409,NAQH,70,0,276,32,13.0,70,A
477196100,2020-08-21T14:31:00,37.19753,-76.13576,0.1,30.4,143.0,DARYA MA,IMO9591674,VRJH5,70,1,229,32,14.5,,A
367932000,2020-08-21T14:33:07,36.94917,-76.32965,0.0,107.0,279.0,JOHN LENTHALL,IMO8325547,NJLN,80,5,193,29,,,A
215677000,2020-08-21T14:31:56,36.96291,-76.42420,0.0,147.3,40.0,RIZE,IMO9584035,9HA2781,70,5,229,32,14.5,,A
538002953,2020-08-21T14:37:35,36.98396,-76.32294,16.7,229.2,224.0,SCT SANTIAGO,IMO9302566,V7NF7,70,0,294,32,13.5,71,A
367821000,2020-08-21T14:37:47,36.97285,-76.43362,0.0,0.0,511.0,YANO,IMO7825409,NAQH,70,0,276,32,13.0,70,A
538006982,2020-08-21T14:36:18,36.97855,-76.13046,10.9,105.2,110.0,ANTE TOPIC,IMO9737072,V7TR4,70,0,,,,,A
367861000,2020-08-21T14:32:59,36.94637,-76.32987,0.0,0.0,265.0,LARAMIE,IMO8906626,NLAR,80,5,193,29,,,A
538005042,2020-08-21T14:36:52,36.92760,-76.32991,0.0,355.0,355.0,NILEDUTCH OSPREY,IMO9365829,V7AP5,70,5,182,28,11.0,71,A
366839000,2020-08-21T14:34:09,36.85352,-76.31088,0.0,0.0,39.0,CAPE RISE,IMO7530808,KAFG,70,5,197,32,10.0,,A
538002652,2020-08-21T14:33:52,36.87947,-76.32648,0.0,22.0,277.0,NAIAS,IMO9330800,V7KN8,70,5,225,32,14.0,70,A
367821000,2020-08-21T14:30:07,36.97284,-76.43363,0.0,0.0,511.0,YANO,IMO7825409,NAQH,70,0,276,32,13.0,70,A
367359930,2020-08-21T14:37:13,36.82406,-76.28903,0.0,322.1,511.0,SUNNY WILLIAMS,,WDE4940,80,0,25,8,,80,A
538002953,2020-08-21T14:32:29,36.99761,-76.29885,17.2,248.6,245.0,SCT SANTIAGO,IMO9302566,V7NF7,70,0,294,32,13.5,71,A
215677000,2020-08-21T14:37:56,36.96290,-76.42420,0.0,147.3,40.0,RIZE,IMO9584035,9HA2781,70,5,229,32,14.5,,A
366839000,2020-08-21T14:37:17,36.85348,-76.31084,0.0,0.0,39.0,CAPE RISE,IMO7530808,KAFG,70,5,197,32,10.0,,A
366839000,2020-08-21T14:31:16,36.85350,-76.31085,0.0,0.0,40.0,CAPE RISE,IMO7530808,KAFG,70,5,197,32,10.0,,A
538005042,2020-08-21T14:39:54,36.92760,-76.32991,0.0,355.0,355.0,NILEDUTCH OSPREY,IMO9365829,V7AP5,70,5,182,28,11.0,71,A
538002953,2020-08-21T14:41:11,36.97353,-76.33540,11.7,198.4,194.0,SCT SANTIAGO,IMO9302566,V7NF7,70,0,294,32,13.5,71,A
367861000,2020-08-21T14:36:00,36.94638,-76.32983,0.0,0.0,265.0,LARAMIE,IMO8906626,NLAR,80,5,193,29,,,A
367821000,2020-08-21T14:26:47,36.97284,-76.43363,0.0,0.0,511.0,YANO,IMO7825409,NAQH,70,0,276,32,13.0,70,A
538002953,2020-08-21T14:26:17,37.00740,-76.26530,17.0,261.6,257.0,SCT SANTIAGO,IMO9302566,V7NF7,70,0,294,32,13.5,71,A
367861000,2020-08-21T14:39:00,36.94641,-76.32983,0.0,0.0,265.0,LARAMIE,IMO8906626,NLAR,80,5,193,29,,,A
538006982,2020-08-21T14:39:58,36.97541,-76.11724,10.8,105.3,109.0,ANTE TOPIC,IMO9737072,V7TR4,70,0,,,,,A
538006982,2020-08-21T14:27:18,36.98660,-76.16261,10.8,109.2,110.0,ANTE TOPIC,IMO9737072,V7TR4,70,0,,,,,A
477196100,2020-08-21T14:40:00,37.19761,-76.13559,0.1,30.4,148.0,DARYA MA,IMO9591674,VRJH5,70,1,229,32,14.5,,A
367359930,2020-08-21T14:38:22,36.82406,-76.28902,0.0,338.6,511.0,SUNNY WILLIAMS,,WDE4940,80,0,25,8,,80,A
368026000,2020-08-21T14:42:20,36.86575,-76.31604,0.0,270.5,2.0,BENAVIDEZ,IMO9218210,NBHG,70,5,289,32,10.9,70,A
538006982,2020-08-21T14:44:08,36.97190,-76.10225,10.8,106.4,109.0,ANTE TOPIC,IMO9737072,V7TR4,70,0,,,,,A
367932000,2020-08-21T14:27:07,36.94921,-76.32963,0.0,107.0,279.0,JOHN LENTHALL,IMO8325547,NJLN,80,5,193,29,,,A
367359930,2020-08-21T14:34:02,36.82407,-76.28902,0.0,317.9,511.0,SUNNY WILLIAMS,,WDE4940,80,0,25,8,,80,A
538005042,2020-08-21T14:27:44,36.92760,-76.32991,0.0,355.0,355.0,NILEDUTCH OSPREY,IMO9365829,V7AP5,70,5,182,28,11.0,71,A
367932000,2020-08-21T14:42:08,36.94908,-76.32969,0.0,107.0,279.0,JOHN LENTHALL,IMO8325547,NJLN,80,5,193,29,,,A
538006982,2020-08-21T14:35:08,36.97949,-76.13475,10.8,106.3,108.0,ANTE TOPIC,IMO9737072,V7TR4,70,0,,,,,A
538006982,2020-08-21T14:38:48,36.97638,-76.12143,10.9,106.2,109.0,ANTE TOPIC,IMO9737072,V7TR4,70,0,,,,,A
366842000,2020-08-21T14:29:48,36.85390,-76.31116,0.1,179.5,40.0,CAPE RACE,IMO7616377,KAFJ,70,0,197,32,10.0,35,A
366842000,2020-08-21T14:35:07,36.85386,-76.31115,0.0,179.5,42.0,CAPE RACE,IMO7616377,KAFJ,70,5,197,32,10.0,35,A
538006982,2020-08-21T14:42:18,36.97345,-76.10889,10.8,105.9,109.0,ANTE TOPIC,IMO9737072,V7TR4,70,0,,,,,A
367359930,2020-08-21T14:28:52,36.82410,-76.28902,0.0,320.5,511.0,SUNNY WILLIAMS,,WDE4940,80,0,25,8,,80,A
366842000,2020-08-21T14:41:08,36.85383,-76.31116,0.0,209.9,42.0,CAPE RACE,IMO7616377,KAFJ,70,5,197,32,10.0,35,A
367861000,2020-08-21T14:41:59,36.94639,-76.32990,0.0,0.0,265.0,LARAMIE,IMO8906626,NLAR,80,5,193,29,,,A
538002652,2020-08-21T14:42:52,36.87945,-76.32645,0.0,196.0,277.0,NAIAS,IMO9330800,V7KN8,70,5,225,32,14.0,70,A
477196100,2020-08-21T14:43:00,37.19764,-76.13554,0.0,30.4,149.0,DARYA MA,IMO9591674,VRJH5,70,1,229,32,14.5,,A
367822000,2020-08-21T14:44:55,36.97313,-76.43385,0.0,0.0,238.0,USNS SHUGHART,IMO7825394,NAOQ,70,5,276,32,13.0,70,A
367861000,2020-08-21T14:45:00,36.94636,-76.32983,0.0,0.0,265.0,LARAMIE,IMO8906626,NLAR,80,5,193,29,,,A
368026000,2020-08-21T14:36:21,36.86577,-76.31603,0.0,270.5,2.0,BENAVIDEZ,IMO9218210,NBHG,70,5,289,32,10.9,70,A
367932000,2020-08-21T14:30:08,36.94926,-76.32962,0.0,107.0,279.0,JOHN LENTHALL,IMO8325547,NJLN,80,5,193,29,,,A
367359930,2020-08-21T14:32:02,36.82411,-76.28900,0.0,317.7,511.0,SUNNY WILLIAMS,,WDE4940,80,0,25,8,,80,A
538005042,2020-08-21T14:42:54,36.92760,-76.32991,0.0,355.0,355.0,NILEDUTCH OSPREY,IMO9365829,V7AP5,70,5,182,28,11.0,71,A
366839000,2020-08-21T14:46:11,36.85351,-76.31081,0.0,0.0,39.0,CAPE RISE,IMO7530808,KAFG,70,5,197,32,10.0,,A
215677000,2020-08-21T14:46:59,36.96292,-76.42421,0.0,147.3,40.0,RIZE,IMO9584035,9HA2781,70,5,229,32,14.5,,A
538006982,2020-08-21T14:33:08,36.98119,-76.14199,10.7,106.0,108.0,ANTE TOPIC,IMO9737072,V7TR4,70,0,,,,,A
538002953,2020-08-21T14:38:41,36.98062,-76.32730,15.7,229.0,224.0,SCT SANTIAGO,IMO9302566,V7NF7,70,0,294,32,13.5,71,A
538002953,2020-08-21T14:40:05,36.97662,-76.33248,14.1,220.7,218.0,SCT SANTIAGO,IMO9302566,V7NF7,70,0,294,32,13.5,71,A
367822000,2020-08-21T14:38:55,36.97308,-76.43383,0.0,0.0,238.0,USNS SHUGHART,IMO7825394,NAOQ,70,5,276,32,13.0,70,A
538002953,2020-08-21T14:44:50,36.96342,-76.33679,10.0,187.3,182.0,SCT SANTIAGO,IMO9302566,V7NF7,70,0,294,32,13.5,71,A
368026000,2020-08-21T14:48:20,36.86577,-76.31604,0.0,270.5,2.0,BENAVIDEZ,IMO9218210,NBHG,70,5,289,32,10.9,70,A
538006982,2020-08-21T14:47:38,36.96864,-76.08987,10.9,107.6,110.0,ANTE TOPIC,IMO9737072,V7TR4,70,0,,,,,A
367359930,2020-08-21T14:40:32,36.82406,-76.28902,0.0,354.5,511.0,SUNNY WILLIAMS,,WDE4940,80,0,25,8,,80,A
368026000,2020-08-21T14:39:21,36.86576,-76.31604,0.0,270.5,2.0,BENAVIDEZ,IMO9218210,NBHG,70,5,289,32,10.9,70,A
366839000,2020-08-21T14:40:13,36.85348,-76.31080,0.0,0.0,39.0,CAPE RISE,IMO7530808,KAFG,70,5,197,32,10.0,,A
538002953,2020-08-21T14:50:41,36.94706,-76.33784,10.4,184.9,180.0,SCT SANTIAGO,IMO9302566,V7NF7,70,0,294,32,13.5,71,A
538006982,2020-08-21T14:49:08,36.96722,-76.08457,10.9,108.4,110.0,ANTE TOPIC,IMO9737072,V7TR4,70,0,,,,,A
538002652,2020-08-21T14:39:53,36.87948,-76.32645,0.0,196.0,277.0,NAIAS,IMO9330800,V7KN8,70,5,225,32,14.0,70,A
366839000,2020-08-21T14:43:18,36.85348,-76.31080,0.0,0.0,39.0,CAPE RISE,IMO7530808,KAFG,70,5,197,32,10.0,,A
367822000,2020-08-21T14:35:56,36.97308,-76.43383,0.0,0.0,238.0,USNS SHUGHART,IMO7825394,NAOQ,70,5,276,32,13.0,70,A
215677000,2020-08-21T14:40:57,36.96292,-76.42419,0.0,147.3,40.0,RIZE,IMO9584035,9HA2781,70,5,229,32,14.5,,A
367821000,2020-08-21T14:48:14,36.97286,-76.43366,0.0,0.0,511.0,YANO,IMO7825409,NAQH,70,0,276,32,13.0,70,A
367932000,2020-08-21T14:48:08,36.94916,-76.32964,0.0,107.0,279.0,JOHN LENTHALL,IMO8325547,NJLN,80,5,193,29,,,A
538005042,2020-08-21T14:48:56,36.92760,-76.32991,0.0,355.0,355.0,NILEDUTCH OSPREY,IMO9365829,V7AP5,70,5,182,28,11.0,71,A
367359930,2020-08-21T14:51:13,36.82404,-76.28903,0.0,95.6,511.0,SUNNY WILLIAMS,,WDE4940,80,0,25,8,,80,A
367932000,2020-08-21T14:54:07,36.94912,-76.32966,0.0,107.0,279.0,JOHN LENTHALL,IMO8325547,NJLN,80,5,193,29,,,A
538002953,2020-08-21T14:43:41,36.96661,-76.33675,9.8,186.1,179.0,SCT SANTIAGO,IMO9302566,V7NF7,70,0,294,32,13.5,71,A
538002652,2020-08-21T14:36:50,36.87948,-76.32647,0.0,22.0,277.0,NAIAS,IMO9330800,V7KN8,70,5,225,32,14.0,70,A
215677000,2020-08-21T14:49:59,36.96291,-76.42420,0.0,147.3,40.0,RIZE,IMO9584035,9HA2781,70,5,229,32,14.5,,A
367359930,2020-08-21T14:45:02,36.82405,-76.28902,0.0,67.9,511.0,SUNNY WILLIAMS,,WDE4940,80,0,25,8,,80,A
538002953,2020-08-21T14:47:11,36.95694,-76.33723,10.1,186.6,182.0,SCT SANTIAGO,IMO9302566,V7NF7,70,0,294,32,13.5,71,A
538006982,2020-08-21T14:53:57,36.96251,-76.06733,10.9,110.6,110.0,ANTE TOPIC,IMO9737072,V7TR4,70,0,,,,,A
367821000,2020-08-21T14:47:05,36.97286,-76.43366,0.0,0.0,511.0,YANO,IMO7825409,NAQH,70,0,276,32,13.0,70,A
367359930,2020-08-21T14:43:51,36.82405,-76.28903,0.0,42.7,511.0,SUNNY WILLIAMS,,WDE4940,80,0,25,8,,80,A
367861000,2020-08-21T14:51:00,36.94640,-76.32981,0.0,0.0,265.0,LARAMIE,IMO8906626,NLAR,80,5,193,29,,,A
367932000,2020-08-21T14:51:07,36.94916,-76.32963,0.0,107.0,279.0,JOHN LENTHALL,IMO8325547,NJLN,80,5,193,29,,,A
366842000,2020-08-21T14:44:07,36.85382,-76.31121,0.0,209.9,42.0,CAPE RACE,IMO7616377,KAFJ,70,5,197,32,10.0,35,A
215677000,2020-08-21T14:43:57,36.96292,-76.42421,0.0,147.3,40.0,RIZE,IMO9584035,9HA2781,70,5,229,32,14.5,,A
538005042,2020-08-21T14:45:55,36.92760,-76.32991,0.0,355.0,355.0,NILEDUTCH OSPREY,IMO9365829,V7AP5,70,5,182,28,11.0,71,A
366842000,2020-08-21T14:53:03,36.85385,-76.31117,0.0,209.9,42.0,CAPE RACE,IMO7616377,KAFJ,70,5,197,32,10.0,35,A
366839000,2020-08-21T14:49:19,36.85351,-76.31080,0.0,0.0,39.0,CAPE RISE,IMO7530808,KAFG,70,5,197,32,10.0,,A
366842000,2020-08-21T14:59:06,36.85383,-76.31122,0.0,209.9,42.0,CAPE RACE,IMO7616377,KAFJ,70,5,197,32,10.0,35,A
367822000,2020-08-21T14:47:56,36.97313,-76.43385,0.0,0.0,238.0,USNS SHUGHART,IMO7825394,NAOQ,70,5,276,32,13.0,70,A
538002652,2020-08-21T14:45:50,36.87943,-76.32642,0.0,196.0,277.0,NAIAS,IMO9330800,V7KN8,70,5,225,32,14.0,70,A
367821000,2020-08-21T14:45:05,36.97287,-76.43366,0.0,0.0,511.0,YANO,IMO7825409,NAQH,70,0,276,32,13.0,70,A
215677000,2020-08-21T14:55:59,36.96291,-76.42421,0.0,147.3,40.0,RIZE,IMO9584035,9HA2781,70,5,229,32,14.5,,A
367822000,2020-08-21T14:50:55,36.97312,-76.43384,0.0,0.0,238.0,USNS SHUGHART,IMO7825394,NAOQ,70,5,276,32,13.0,70,A
368026000,2020-08-21T14:51:20,36.86576,-76.31602,0.0,270.5,2.0,BENAVIDEZ,IMO9218210,NBHG,70,5,289,32,10.9,70,A
538002652,2020-08-21T14:48:51,36.87950,-76.32648,0.0,196.0,277.0,NAIAS,IMO9330800,V7KN8,70,5,225,32,14.0,70,A
538002652,2020-08-21T14:51:53,36.87940,-76.32607,0.0,196.0,277.0,NAIAS,IMO9330800,V7KN8,70,5,225,32,14.0,70,A
538005042,2020-08-21T14:51:58,36.92760,-76.32991,0.0,355.0,355.0,NILEDUTCH OSPREY,IMO9365829,V7AP5,70,5,182,28,11.0,71,A
368026000,2020-08-21T15:00:21,36.86576,-76.31604,0.0,270.5,2.0,BENAVIDEZ,IMO9218210,NBHG,70,5,289,32,10.9,70,A
366839000,2020-08-21T14:52:13,36.85349,-76.31081,0.0,0.0,39.0,CAPE RISE,IMO7530808,KAFG,70,5,197,32,10.0,,A
538005042,2020-08-21T15:01:02,36.92760,-76.32991,0.0,355.0,355.0,NILEDUTCH OSPREY,IMO9365829,V7AP5,70,5,182,28,11.0,71,A
368026000,2020-08-21T14:57:21,36.86573,-76.31604,0.1,270.5,2.0,BENAVIDEZ,IMO9218210,NBHG,70,5,289,32,10.9,70,A
367822000,2020-08-21T14:56:56,36.97312,-76.43384,0.0,0.0,238.0,USNS SHUGHART,IMO7825394,NAOQ,70,5,276,32,13.0,70,A
215677000,2020-08-21T14:52:58,36.96292,-76.42419,0.0,147.3,40.0,RIZE,IMO9584035,9HA2781,70,5,229,32,14.5,,A
538005042,2020-08-21T14:58:00,36.92760,-76.32991,0.0,355.0,355.0,NILEDUTCH OSPREY,IMO9365829,V7AP5,70,5,182,28,11.0,71,A
538002953,2020-08-21T14:59:02,36.92262,-76.33951,10.9,182.7,180.0,SCT SANTIAGO,IMO9302566,V7NF7,70,0,294,32,13.5,71,A
215677000,2020-08-21T14:58:56,36.96288,-76.42420,0.0,147.3,40.0,RIZE,IMO9584035,9HA2781,70,5,229,32,14.5,,A
366842000,2020-08-21T14:50:08,36.85383,-76.31122,0.0,209.9,42.0,CAPE RACE,IMO7616377,KAFJ,70,5,197,32,10.0,35,A
477196100,2020-08-21T14:45:58,37.19765,-76.13549,0.0,30.4,150.0,DARYA MA,IMO9591674,VRJH5,70,1,229,32,14.5,,A
367821000,2020-08-21T15:01:50,36.97288,-76.43360,0.0,0.0,511.0,YANO,IMO7825409,NAQH,70,0,276,32,13.0,70,A
368026000,2020-08-21T14:54:20,36.86573,-76.31603,0.0,270.5,2.0,BENAVIDEZ,IMO9218210,NBHG,70,5,289,32,10.9,70,A
367822000,2020-08-21T14:59:56,36.97312,-76.43384,0.0,0.0,238.0,USNS SHUGHART,IMO7825394,NAOQ,70,5,276,32,13.0,70,A
477196100,2020-08-21T14:55:03,37.19772,-76.13536,0.1,30.4,153.0,DARYA MA,IMO9591674,VRJH5,70,1,229,32,14.5,,A
538005042,2020-08-21T14:54:56,36.92760,-76.32991,0.0,355.0,355.0,NILEDUTCH OSPREY,IMO9365829,V7AP5,70,5,182,28,11.0,71,A
367359930,2020-08-21T14:52:23,36.82403,-76.28902,0.0,90.0,511.0,SUNNY WILLIAMS,,WDE4940,80,0,25,8,,80,A
367359930,2020-08-21T14:55:02,36.82405,-76.28905,0.0,65.6,511.0,SUNNY WILLIAMS,,WDE4940,80,0,25,8,,80,A
367359930,2020-08-21T15:02:32,36.82406,-76.28905,0.0,324.1,511.0,SUNNY WILLIAMS,,WDE4940,80,0,25,8,,80,A
367359930,2020-08-21T14:46:03,36.82404,-76.28902,0.0,79.9,511.0,SUNNY WILLIAMS,,WDE4940,80,0,25,8,,80,A
367359930,2020-08-21T14:48:13,36.82405,-76.28902,0.0,98.4,511.0,SUNNY WILLIAMS,,WDE4940,80,0,25,8,,80,A
538002953,2020-08-21T15:00:02,36.91967,-76.33959,10.5,182.7,179.0,SCT SANTIAGO,IMO9302566,V7NF7,70,0,294,32,13.5,71,A
367359930,2020-08-21T15:00:11,36.82404,-76.28903,0.0,357.4,511.0,SUNNY WILLIAMS,,WDE4940,80,0,25,8,,80,A
367822000,2020-08-21T14:53:55,36.97312,-76.43384,0.0,0.0,238.0,USNS SHUGHART,IMO7825394,NAOQ,70,5,276,32,13.0,70,A
367821000,2020-08-21T14:52:45,36.97287,-76.43366,0.0,0.0,511.0,YANO,IMO7825409,NAQH,70,0,276,32,13.0,70,A
477196100,2020-08-21T14:51:58,37.19766,-76.13539,0.0,30.4,152.0,DARYA MA,IMO9591674,VRJH5,70,1,229,32,14.5,,A
366842000,2020-08-21T14:47:09,36.85380,-76.31121,0.0,209.9,42.0,CAPE RACE,IMO7616377,KAFJ,70,5,197,32,10.0,35,A
367821000,2020-08-21T14:55:05,36.97287,-76.43366,0.0,0.0,511.0,YANO,IMO7825409,NAQH,70,0,276,32,13.0,70,A
538002953,2020-08-21T14:51:52,36.94365,-76.33795,10.5,184.9,181.0,SCT SANTIAGO,IMO9302566,V7NF7,70,0,294,32,13.5,71,A
538002652,2020-08-21T14:54:53,36.87940,-76.32640,0.0,196.0,277.0,NAIAS,IMO9330800,V7KN8,70,5,225,32,14.0,70,A
538002652,2020-08-21T15:00:53,36.87940,-76.32652,0.0,196.0,276.0,NAIAS,IMO9330800,V7KN8,70,5,225,32,14.0,70,A
538002953,2020-08-21T14:54:41,36.93548,-76.33842,10.5,186.2,182.0,SCT SANTIAGO,IMO9302566,V7NF7,70,0,294,32,13.5,71,A
367861000,2020-08-21T14:48:00,36.94643,-76.32984,0.0,0.0,265.0,LARAMIE,IMO8906626,NLAR,80,5,193,29,,,A
366842000,2020-08-21T15:02:03,36.85383,-76.31124,0.0,209.9,42.0,CAPE RACE,IMO7616377,KAFJ,70,5,197,32,10.0,35,A
538002953,2020-08-21T14:57:51,36.92616,-76.33920,10.7,187.1,182.0,SCT SANTIAGO,IMO9302566,V7NF7,70,0,294,32,13.5,71,A
367359930,2020-08-21T14:59:11,36.82405,-76.28904,0.0,9.1,511.0,SUNNY WILLIAMS,,WDE4940,80,0,25,8,,80,A
367861000,2020-08-21T15:00:00,36.94641,-76.32985,0.0,0.0,265.0,LARAMIE,IMO8906626,NLAR,80,5,193,29,,,A
538006982,2020-08-21T14:50:18,36.96610,-76.08039,10.9,108.3,110.0,ANTE TOPIC,IMO9737072,V7TR4,70,0,,,,,A
366842000,2020-08-21T14:56:07,36.85380,-76.31118,0.0,209.9,42.0,CAPE RACE,IMO7616377,KAFJ,70,5,197,32,10.0,35,A
215677000,2020-08-21T15:04:58,36.96290,-76.42421,0.0,147.3,40.0,RIZE,IMO9584035,9HA2781,70,5,229,32,14.5,,A
477196100,2020-08-21T15:01:01,37.19772,-76.13526,0.1,30.4,156.0,DARYA MA,IMO9591674,VRJH5,70,1,229,32,14.5,,A
367932000,2020-08-21T15:00:07,36.94913,-76.32968,0.0,107.0,279.0,JOHN LENTHALL,IMO8325547,NJLN,80,5,193,29,,,A
368026000,2020-08-21T15:09:21,36.86577,-76.31604,0.0,270.5,2.0,BENAVIDEZ,IMO9218210,NBHG,70,5,289,32,10.9,70,A
367821000,2020-08-21T14:53:55,36.97287,-76.43366,0.0,0.0,511.0,YANO,IMO7825409,NAQH,70,0,276,32,13.0,70,A
367821000,2020-08-21T15:08:50,36.97286,-76.43362,0.0,0.0,511.0,YANO,IMO7825409,NAQH,70,0,276,32,13.0,70,A
367822000,2020-08-21T15:02:56,36.97311,-76.43384,0.0,0.0,238.0,USNS SHUGHART,IMO7825394,NAOQ,70,5,276,32,13.0,70,A
367861000,2020-08-21T15:06:01,36.94638,-76.32990,0.0,0.0,265.0,LARAMIE,IMO8906626,NLAR,80,5,193,29,,,A
538002652,2020-08-21T15:09:52,36.87943,-76.32648,0.0,196.0,277.0,NAIAS,IMO9330800,V7KN8,70,5,225,32,14.0,70,A
368026000,2020-08-21T15:06:20,36.86577,-76.31604,0.0,270.5,2.0,BENAVIDEZ,IMO9218210,NBHG,70,5,289,32,10.9,70,A
366839000,2020-08-21T14:55:19,36.85350,-76.31078,0.0,0.0,39.0,CAPE RISE,IMO7530808,KAFG,70,5,197,32,10.0,,A
366839000,2020-08-21T15:07:09,36.85354,-76.31080,0.0,0.0,39.0,CAPE RISE,IMO7530808,KAFG,70,5,197,32,10.0,,A
538002652,2020-08-21T14:57:51,36.87932,-76.32643,0.0,196.0,276.0,NAIAS,IMO9330800,V7KN8,70,5,225,32,14.0,70,A
367359930,2020-08-21T15:07:32,36.82408,-76.28902,0.0,315.3,511.0,SUNNY WILLIAMS,,WDE4940,80,0,25,8,,80,A
367359930,2020-08-21T14:57:51,36.82406,-76.28904,0.0,36.3,511.0,SUNNY WILLIAMS,,WDE4940,80,0,25,8,,80,A
367821000,2020-08-21T15:03:00,36.97287,-76.43361,0.0,0.0,511.0,YANO,IMO7825409,NAQH,70,0,276,32,13.0,70,A
367861000,2020-08-21T15:03:01,36.94641,-76.32988,0.0,0.0,265.0,LARAMIE,IMO8906626,NLAR,80,5,193,29,,,A
477196100,2020-08-21T15:06:56,37.19772,-76.13517,0.0,30.4,158.0,DARYA MA,IMO9591674,VRJH5,70,1,229,32,14.5,,A
366839000,2020-08-21T15:01:09,36.85350,-76.31082,0.0,0.0,39.0,CAPE RISE,IMO7530808,KAFG,70,5,197,32,10.0,,A
367359930,2020-08-21T15:01:22,36.82403,-76.28904,0.0,334.8,511.0,SUNNY WILLIAMS,,WDE4940,80,0,25,8,,80,A
477196100,2020-08-21T14:57:56,37.19774,-76.13531,0.1,30.4,154.0,DARYA MA,IMO9591674,VRJH5,70,1,229,32,14.5,,A
366842000,2020-08-21T15:05:06,36.85381,-76.31124,0.0,209.9,42.0,CAPE RACE,IMO7616377,KAFJ,70,5,197,32,10.0,35,A
538002953,2020-08-21T15:08:10,36.90050,-76.33743,7.2,172.8,170.0,SCT SANTIAGO,IMO9302566,V7NF7,70,0,294,32,13.5,71,A
367821000,2020-08-21T15:04:09,36.97286,-76.43363,0.0,0.0,511.0,YANO,IMO7825409,NAQH,70,0,276,32,13.0,70,A
538002953,2020-08-21T15:04:41,36.90787,-76.33852,8.4,175.5,172.0,SCT SANTIAGO,IMO9302566,V7NF7,70,0,294,32,13.5,71,A
538002953,2020-08-21T15:02:22,36.91342,-76.33930,9.2,178.9,174.0,SCT SANTIAGO,IMO9302566,V7NF7,70,0,294,32,13.5,71,A
367821000,2020-08-21T15:05:19,36.97286,-76.43363,0.0,0.0,511.0,YANO,IMO7825409,NAQH,70,0,276,32,13.0,70,A
538002953,2020-08-21T15:09:21,36.89816,-76.33700,7.0,172.6,169.0,SCT SANTIAGO,IMO9302566,V7NF7,70,0,294,32,13.5,71,A
366839000,2020-08-21T15:13:10,36.85351,-76.31084,0.0,0.0,39.0,CAPE RISE,IMO7530808,KAFG,70,5,197,32,10.0,,A
367822000,2020-08-21T15:05:55,36.97311,-76.43385,0.0,0.0,238.0,USNS SHUGHART,IMO7825394,NAOQ,70,5,276,32,13.0,70,A
477196100,2020-08-21T15:09:57,37.19777,-76.13516,0.0,30.4,160.0,DARYA MA,IMO9591674,VRJH5,70,1,229,32,14.5,,A
538002953,2020-08-21T15:01:11,36.91644,-76.33957,9.9,178.6,174.0,SCT SANTIAGO,IMO9302566,V7NF7,70,0,294,32,13.5,71,A
538002953,2020-08-21T15:03:32,36.91057,-76.33896,8.8,176.7,171.0,SCT SANTIAGO,IMO9302566,V7NF7,70,0,294,32,13.5,71,A
538002652,2020-08-21T15:03:49,36.87942,-76.32643,0.0,196.0,276.0,NAIAS,IMO9330800,V7KN8,70,5,225,32,14.0,70,A
366839000,2020-08-21T15:04:13,36.85353,-76.31082,0.0,0.0,39.0,CAPE RISE,IMO7530808,KAFG,70,5,197,32,10.0,,A
367359930,2020-08-21T15:15:13,36.82405,-76.28902,0.0,272.3,511.0,SUNNY WILLIAMS,,WDE4940,80,0,25,8,,80,A
367821000,2020-08-21T15:07:39,36.97286,-76.43362,0.0,0.0,511.0,YANO,IMO7825409,NAQH,70,0,276,32,13.0,70,A
538002953,2020-08-21T15:07:02,36.90278,-76.33772,7.5,177.1,172.0,SCT SANTIAGO,IMO9302566,V7NF7,70,0,294,32,13.5,71,A
367359930,2020-08-21T15:05:01,36.82405,-76.28904,0.0,312.4,511.0,SUNNY WILLIAMS,,WDE4940,80,0,25,8,,80,A
538002953,2020-08-21T15:05:52,36.90526,-76.33808,8.1,176.5,172.0,SCT SANTIAGO,IMO9302566,V7NF7,70,0,294,32,13.5,71,A
367359930,2020-08-21T15:11:11,36.82406,-76.28903,0.0,296.8,511.0,SUNNY WILLIAMS,,WDE4940,80,0,25,8,,80,A
367821000,2020-08-21T15:06:29,36.97286,-76.43363,0.0,0.0,511.0,YANO,IMO7825409,NAQH,70,0,276,32,13.0,70,A
538002953,2020-08-21T15:12:21,36.89264,-76.33581,6.6,177.0,171.0,SCT SANTIAGO,IMO9302566,V7NF7,70,0,294,32,13.5,71,A
367822000,2020-08-21T15:08:56,36.97311,-76.43385,0.0,0.0,238.0,USNS SHUGHART,IMO7825394,NAOQ,70,5,276,32,13.0,70,A
368026000,2020-08-21T15:03:21,36.86577,-76.31604,0.0,270.5,2.0,BENAVIDEZ,IMO9218210,NBHG,70,5,289,32,10.9,70,A
367359930,2020-08-21T15:13:32,36.82405,-76.28903,0.0,275.7,511.0,SUNNY WILLIAMS,,WDE4940,80,0,25,8,,80,A
477196100,2020-08-21T15:03:58,37.19774,-76.13520,0.0,30.4,157.0,DARYA MA,IMO9591674,VRJH5,70,1,229,32,14.5,,A
367821000,2020-08-21T15:13:40,36.97286,-76.43362,0.0,0.0,511.0,YANO,IMO7825409,NAQH,70,0,276,32,13.0,70,A
366842000,2020-08-21T15:08:03,36.85382,-76.31118,0.0,209.9,42.0,CAPE RACE,IMO7616377,KAFJ,70,5,197,32,10.0,35,A
367359930,2020-08-21T15:09:53,36.82407,-76.28903,0.0,303.3,511.0,SUNNY WILLIAMS,,WDE4940,80,0,25,8,,80,A
367359930,2020-08-21T15:08:43,36.82407,-76.28902,0.0,312.2,511.0,SUNNY WILLIAMS,,WDE4940,80,0,25,8,,80,A
538002953,2020-08-21T15:10:51,36.89540,-76.33640,6.9,173.3,169.0,SCT SANTIAGO,IMO9302566,V7NF7,70,0,294,32,13.5,71,A
367821000,2020-08-21T15:12:39,36.97286,-76.43362,0.0,0.0,511.0,YANO,IMO7825409,NAQH,70,0,276,32,13.0,70,A
215677000,2020-08-21T15:10:57,36.96291,-76.42421,0.0,256.1,40.0,RIZE,IMO9584035,9HA2781,70,5,229,32,14.5,,A
368026000,2020-08-21T15:15:21,36.86579,-76.31604,0.0,270.5,2.0,BENAVIDEZ,IMO9218210,NBHG,70,5,289,32,10.9,70,A
538005042,2020-08-21T15:10:58,36.92760,-76.32991,0.0,355.0,355.0,NILEDUTCH OSPREY,IMO9365829,V7AP5,70,5,182,28,11.0,71,A
367932000,2020-08-21T15:12:08,36.94920,-76.32961,0.0,107.0,279.0,JOHN LENTHALL,IMO8325547,NJLN,80,5,193,29,,,A
366842000,2020-08-21T15:11:07,36.85380,-76.31118,0.0,209.9,42.0,CAPE RACE,IMO7616377,KAFJ,70,5,197,32,10.0,35,A
367861000,2020-08-21T15:12:00,36.94640,-76.32979,0.0,0.0,265.0,LARAMIE,IMO8906626,NLAR,80,5,193,29,,,A
367359930,2020-08-21T15:17:43,36.82404,-76.28902,0.0,266.1,511.0,SUNNY WILLIAMS,,WDE4940,80,0,25,8,,80,A
477196100,2020-08-21T15:13:00,37.19780,-76.13513,0.0,30.4,160.0,DARYA MA,IMO9591674,VRJH5,70,1,229,32,14.5,,A
538005042,2020-08-21T15:07:02,36.92759,-76.32991,0.0,355.0,355.0,NILEDUTCH OSPREY,IMO9365829,V7AP5,70,5,182,28,11.0,71,A
367822000,2020-08-21T15:17:55,36.97308,-76.43386,0.0,0.0,238.0,USNS SHUGHART,IMO7825394,NAOQ,70,5,276,32,13.0,70,A
538002953,2020-08-21T15:14:01,36.88960,-76.33533,6.7,178.9,174.0,SCT SANTIAGO,IMO9302566,V7NF7,70,0,294,32,13.5,71,A
538002953,2020-08-21T15:15:12,36.88752,-76.33512,6.3,179.5,175.0,SCT SANTIAGO,IMO9302566,V7NF7,70,0,294,32,13.5,71,A
538005042,2020-08-21T15:16:08,36.92759,-76.32992,0.0,355.0,355.0,NILEDUTCH OSPREY,IMO9365829,V7AP5,70,5,182,28,11.0,71,A
367359930,2020-08-21T15:16:23,36.82405,-76.28902,0.0,265.6,511.0,SUNNY WILLIAMS,,WDE4940,80,0,25,8,,80,A
366842000,2020-08-21T15:14:08,36.85384,-76.31115,0.0,209.9,42.0,CAPE RACE,IMO7616377,KAFJ,70,5,197,32,10.0,35,A
215677000,2020-08-21T15:08:02,36.96290,-76.42419,0.0,147.3,40.0,RIZE,IMO9584035,9HA2781,70,5,229,32,14.5,,A
538005042,2020-08-21T15:19:10,36.92761,-76.32991,0.0,355.0,355.0,NILEDUTCH OSPREY,IMO9365829,V7AP5,70,5,182,28,11.0,71,A
538002953,2020-08-21T15:18:11,36.88292,-76.33480,5.3,209.9,198.0,SCT SANTIAGO,IMO9302566,V7NF7,70,0,294,32,13.5,71,A
367861000,2020-08-21T15:09:01,36.94641,-76.32984,0.0,0.0,265.0,LARAMIE,IMO8906626,NLAR,80,5,193,29,,,A
367821000,2020-08-21T15:14:50,36.97286,-76.43362,0.0,0.0,511.0,YANO,IMO7825409,NAQH,70,0,276,32,13.0,70,A
367821000,2020-08-21T15:10:00,36.97286,-76.43362,0.0,0.0,511.0,YANO,IMO7825409,NAQH,70,0,276,32,13.0,70,A
367861000,2020-08-21T15:18:01,36.94642,-76.32981,0.0,0.0,265.0,LARAMIE,IMO8906626,NLAR,80,5,193,29,,,A
367359930,2020-08-21T15:12:12,36.82406,-76.28904,0.0,283.8,511.0,SUNNY WILLIAMS,,WDE4940,80,0,25,8,,80,A
477196100,2020-08-21T15:15:59,37.19783,-76.13510,0.1,30.4,160.0,DARYA MA,IMO9591674,VRJH5,70,1,229,32,14.5,,A
367822000,2020-08-21T15:14:54,36.97311,-76.43385,0.0,0.0,238.0,USNS SHUGHART,IMO7825394,NAOQ,70,5,276,32,13.0,70,A
366839000,2020-08-21T15:16:14,36.85349,-76.31080,0.0,0.0,39.0,CAPE RISE,IMO7530808,KAFG,70,5,197,32,10.0,,A
367932000,2020-08-21T15:15:07,36.94920,-76.32960,0.0,107.0,279.0,JOHN LENTHALL,IMO8325547,NJLN,80,5,193,29,,,A
538002652,2020-08-21T15:12:50,36.87955,-76.32638,0.0,196.0,277.0,NAIAS,IMO9330800,V7KN8,70,5,225,32,14.0,70,A
538002953,2020-08-21T15:19:22,36.88130,-76.33527,4.9,229.0,218.0,SCT SANTIAGO,IMO9302566,V7NF7,70,0,294,32,13.5,71,A
367822000,2020-08-21T15:20:56,36.97307,-76.43384,0.0,0.0,238.0,USNS SHUGHART,IMO7825394,NAOQ,70,5,276,32,13.0,70,A
367861000,2020-08-21T15:21:01,36.94635,-76.32978,0.0,0.0,265.0,LARAMIE,IMO8906626,NLAR,80,5,193,29,,,A
538002953,2020-08-21T15:16:22,36.88565,-76.33497,5.6,181.6,176.0,SCT SANTIAGO,IMO9302566,V7NF7,70,0,294,32,13.5,71,A
367359930,2020-08-21T15:22:13,36.82402,-76.28903,0.0,259.5,511.0,SUNNY WILLIAMS,,WDE4940,80,0,25,8,,80,A
367821000,2020-08-21T15:17:10,36.97286,-76.43362,0.0,0.0,511.0,YANO,IMO7825409,NAQH,70,0,276,32,13.0,70,A
538002652,2020-08-21T15:21:51,36.87952,-76.32632,0.0,196.0,277.0,NAIAS,IMO9330800,V7KN8,70,5,225,32,14.0,70,A
538005042,2020-08-21T15:18:07,36.92761,-76.32992,0.0,355.0,355.0,NILEDUTCH OSPREY,IMO9365829,V7AP5,70,5,182,28,11.0,71,A
538005042,2020-08-21T15:22:08,36.92763,-76.32991,0.0,355.0,355.0,NILEDUTCH OSPREY,IMO9365829,V7AP5,70,5,182,28,11.0,71,A
367821000,2020-08-21T15:23:10,36.97285,-76.43363,0.0,0.0,511.0,YANO,IMO7825409,NAQH,70,0,276,32,13.0,70,A
366842000,2020-08-21T15:23:08,36.85384,-76.31117,0.0,209.9,42.0,CAPE RACE,IMO7616377,KAFJ,70,5,197,32,10.0,35,A
367822000,2020-08-21T15:11:55,36.97311,-76.43384,0.0,0.0,238.0,USNS SHUGHART,IMO7825394,NAOQ,70,5,276,32,13.0,70,A
367821000,2020-08-21T15:18:19,36.97286,-76.43363,0.0,0.0,511.0,YANO,IMO7825409,NAQH,70,0,276,32,13.0,70,A
367821000,2020-08-21T15:16:00,36.97286,-76.43362,0.0,0.0,511.0,YANO,IMO7825409,NAQH,70,0,276,32,13.0,70,A
215677000,2020-08-21T15:22:57,36.96291,-76.42420,0.0,256.1,40.0,RIZE,IMO9584035,9HA2781,70,5,229,32,14.5,,A
367822000,2020-08-21T15:23:55,36.97308,-76.43384,0.0,0.0,238.0,USNS SHUGHART,IMO7825394,NAOQ,70,5,276,32,13.0,70,A
368026000,2020-08-21T15:21:21,36.86577,-76.31603,0.0,270.5,2.0,BENAVIDEZ,IMO9218210,NBHG,70,5,289,32,10.9,70,A
367861000,2020-08-21T15:24:00,36.94635,-76.32981,0.0,0.0,265.0,LARAMIE,IMO8906626,NLAR,80,5,193,29,,,A
366842000,2020-08-21T15:17:09,36.85385,-76.31122,0.0,209.9,42.0,CAPE RACE,IMO7616377,KAFJ,70,5,197,32,10.0,35,A
367821000,2020-08-21T15:21:49,36.97286,-76.43363,0.0,0.0,511.0,YANO,IMO7825409,NAQH,70,0,276,32,13.0,70,A
538002652,2020-08-21T15:18:51,36.87950,-76.32648,0.0,196.0,277.0,NAIAS,IMO9330800,V7KN8,70,5,225,32,14.0,70,A
477196100,2020-08-21T15:18:59,37.19786,-76.13504,0.1,30.4,161.0,DARYA MA,IMO9591674,VRJH5,70,1,229,32,14.5,,A
538002953,2020-08-21T15:25:21,36.87722,-76.34287,3.6,276.5,267.0,SCT SANTIAGO,IMO9302566,V7NF7,70,0,294,32,13.5,71,A
477196100,2020-08-21T15:21:58,37.19789,-76.13496,0.0,30.4,164.0,DARYA MA,IMO9591674,VRJH5,70,1,229,32,14.5,,A
477196100,2020-08-21T15:28:00,37.19792,-76.13492,0.0,30.4,166.0,DARYA MA,IMO9591674,VRJH5,70,1,229,32,14.5,,A
366842000,2020-08-21T15:26:06,36.85385,-76.31118,0.0,209.9,42.0,CAPE RACE,IMO7616377,KAFJ,70,5,197,32,10.0,35,A
538002953,2020-08-21T15:22:32,36.87843,-76.33905,4.7,248.6,247.0,SCT SANTIAGO,IMO9302566,V7NF7,70,0,294,32,13.5,71,A
366839000,2020-08-21T15:25:12,36.85350,-76.31082,0.0,0.0,39.0,CAPE RISE,IMO7530808,KAFG,70,5,197,32,10.0,,A
477196100,2020-08-21T15:24:58,37.19788,-76.13495,0.1,30.4,165.0,DARYA MA,IMO9591674,VRJH5,70,1,229,32,14.5,,A
367359930,2020-08-21T15:25:12,36.82404,-76.28904,0.0,280.3,511.0,SUNNY WILLIAMS,,WDE4940,80,0,25,8,,80,A
367359930,2020-08-21T15:21:01,36.82403,-76.28903,0.0,259.8,511.0,SUNNY WILLIAMS,,WDE4940,80,0,25,8,,80,A
367861000,2020-08-21T15:27:01,36.94640,-76.32984,0.0,0.0,265.0,LARAMIE,IMO8906626,NLAR,80,5,193,29,,,A
367932000,2020-08-21T15:21:08,36.94920,-76.32961,0.0,107.0,279.0,JOHN LENTHALL,IMO8325547,NJLN,80,5,193,29,,,A
215677000,2020-08-21T15:20:02,36.96292,-76.42419,0.0,256.1,40.0,RIZE,IMO9584035,9HA2781,70,5,229,32,14.5,,A
367861000,2020-08-21T15:15:01,36.94635,-76.32977,0.0,0.0,265.0,LARAMIE,IMO8906626,NLAR,80,5,193,29,,,A
538002953,2020-08-21T15:27:21,36.87712,-76.34510,3.0,296.0,282.0,SCT SANTIAGO,IMO9302566,V7NF7,70,0,294,32,13.5,71,A
366842000,2020-08-21T15:20:06,36.85382,-76.31120,0.0,209.9,42.0,CAPE RACE,IMO7616377,KAFJ,70,5,197,32,10.0,35,A
538002953,2020-08-21T15:24:01,36.87766,-76.34114,4.2,263.2,256.0,SCT SANTIAGO,IMO9302566,V7NF7,70,0,294,32,13.5,71,A
366839000,2020-08-21T15:28:09,36.85349,-76.31079,0.0,0.0,39.0,CAPE RISE,IMO7530808,KAFG,70,5,197,32,10.0,,A
367821000,2020-08-21T15:25:00,36.97285,-76.43363,0.0,0.0,511.0,YANO,IMO7825409,NAQH,70,0,276,32,13.0,70,A
538002652,2020-08-21T15:15:51,36.87942,-76.32647,0.0,196.0,277.0,NAIAS,IMO9330800,V7KN8,70,5,225,32,14.0,70,A
215677000,2020-08-21T15:28:56,36.96290,-76.42422,0.0,256.1,40.0,RIZE,IMO9584035,9HA2781,70,5,229,32,14.5,,A
367932000,2020-08-21T15:27:08,36.94915,-76.32961,0.0,107.0,279.0,JOHN LENTHALL,IMO8325547,NJLN,80,5,193,29,,,A
538005042,2020-08-21T15:28:14,36.92759,-76.32992,0.0,355.0,355.0,NILEDUTCH OSPREY,IMO9365829,V7AP5,70,5,182,28,11.0,71,A
368026000,2020-08-21T15:30:21,36.86580,-76.31605,0.0,270.5,2.0,BENAVIDEZ,IMO9218210,NBHG,70,5,289,32,10.9,70,A
367359930,2020-08-21T15:19:13,36.82402,-76.28902,0.0,259.2,511.0,SUNNY WILLIAMS,,WDE4940,80,0,25,8,,80,A
366842000,2020-08-21T15:29:09,36.85385,-76.31117,0.0,209.9,42.0,CAPE RACE,IMO7616377,KAFJ,70,5,197,32,10.0,35,A
366839000,2020-08-21T15:19:11,36.85350,-76.31084,0.0,0.0,39.0,CAPE RISE,IMO7530808,KAFG,70,5,197,32,10.0,,A
367822000,2020-08-21T15:26:55,36.97308,-76.43385,0.0,0.0,238.0,USNS SHUGHART,IMO7825394,NAOQ,70,5,276,32,13.0,70,A
477196100,2020-08-21T15:30:58,37.19791,-76.13491,0.0,30.4,166.0,DARYA MA,IMO9591674,VRJH5,70,1,229,32,14.5,,A
367821000,2020-08-21T15:20:39,36.97286,-76.43363,0.0,0.0,511.0,YANO,IMO7825409,NAQH,70,0,276,32,13.0,70,A
538002652,2020-08-21T15:24:51,36.87945,-76.32643,0.0,196.0,277.0,NAIAS,IMO9330800,V7KN8,70,5,225,32,14.0,70,A
538002953,2020-08-21T15:21:01,36.87951,-76.33690,4.7,244.6,239.0,SCT SANTIAGO,IMO9302566,V7NF7,70,0,294,32,13.5,71,A
367359930,2020-08-21T15:32:52,36.82406,-76.28902,0.0,259.0,511.0,SUNNY WILLIAMS,,WDE4940,80,0,25,8,,80,A
538005042,2020-08-21T15:31:14,36.92759,-76.32992,0.0,355.0,355.0,NILEDUTCH OSPREY,IMO9365829,V7AP5,70,5,182,28,11.0,71,A
366839000,2020-08-21T15:31:13,36.85348,-76.31084,0.0,0.0,39.0,CAPE RISE,IMO7530808,KAFG,70,5,197,32,10.0,,A
367821000,2020-08-21T15:32:59,36.97282,-76.43363,0.0,0.0,511.0,YANO,IMO7825409,NAQH,70,0,276,32,13.0,70,A
367821000,2020-08-21T15:26:39,36.97285,-76.43363,0.0,0.0,511.0,YANO,IMO7825409,NAQH,70,0,276,32,13.0,70,A
538005042,2020-08-21T15:25:10,36.92760,-76.32993,0.0,355.0,355.0,NILEDUTCH OSPREY,IMO9365829,V7AP5,70,5,182,28,11.0,71,A
355919000,2020-08-21T15:32:50,37.31848,-76.09800,16.8,210.5,208.0,MSC MARIA ELENA,IMO9304423,3EGR2,70,0,336,45,15.0,71,A
366839000,2020-08-21T15:22:14,36.85350,-76.31083,0.0,0.0,39.0,CAPE RISE,IMO7530808,KAFG,70,5,197,32,10.0,,A
538002953,2020-08-21T15:28:30,36.87719,-76.34625,2.7,312.0,296.0,SCT SANTIAGO,IMO9302566,V7NF7,70,0,294,32,13.5,71,A
477196100,2020-08-21T15:33:56,37.19794,-76.13486,0.1,30.4,165.0,DARYA MA,IMO9591674,VRJH5,70,1,229,32,14.5,,A
367359930,2020-08-21T15:24:01,36.82402,-76.28902,0.0,271.5,511.0,SUNNY WILLIAMS,,WDE4940,80,0,25,8,,80,A
355919000,2020-08-21T15:29:44,37.33142,-76.08917,16.7,205.7,205.0,MSC MARIA ELENA,IMO9304423,3EGR2,70,0,336,45,15.0,71,A
367359930,2020-08-21T15:31:22,36.82405,-76.28903,0.0,255.5,511.0,SUNNY WILLIAMS,,WDE4940,80,0,25,8,,80,A
538002953,2020-08-21T15:30:51,36.87752,-76.34811,1.5,331.4,325.0,SCT SANTIAGO,IMO9302566,V7NF7,70,0,294,32,13.5,71,A
367932000,2020-08-21T15:30:08,36.94914,-76.32959,0.0,107.0,279.0,JOHN LENTHALL,IMO8325547,NJLN,80,5,193,29,,,A
367821000,2020-08-21T15:30:19,36.97285,-76.43363,0.0,0.0,511.0,YANO,IMO7825409,NAQH,70,0,276,32,13.0,70,A
538002953,2020-08-21T15:36:21,36.87756,-76.34989,0.4,261.3,347.0,SCT SANTIAGO,IMO9302566,V7NF7,70,0,294,32,13.5,71,A
355919000,2020-08-21T15:31:32,37.32387,-76.09418,16.8,208.8,208.0,MSC MARIA ELENA,IMO9304423,3EGR2,70,0,336,45,15.0,71,A
367861000,2020-08-21T15:33:00,36.94637,-76.32980,0.0,0.0,265.0,LARAMIE,IMO8906626,NLAR,80,5,193,29,,,A
366842000,2020-08-21T15:35:09,36.85382,-76.31118,0.0,209.9,42.0,CAPE RACE,IMO7616377,KAFJ,70,5,197,32,10.0,35,A
367359930,2020-08-21T15:37:02,36.82407,-76.28903,0.0,252.1,511.0,SUNNY WILLIAMS,,WDE4940,80,0,25,8,,80,A
538002953,2020-08-21T15:32:51,36.87767,-76.34918,0.7,326.5,341.0,SCT SANTIAGO,IMO9302566,V7NF7,70,0,294,32,13.5,71,A
366842000,2020-08-21T15:32:06,36.85386,-76.31122,0.0,209.9,42.0,CAPE RACE,IMO7616377,KAFJ,70,5,197,32,10.0,35,A
367822000,2020-08-21T15:35:55,36.97309,-76.43384,0.0,0.0,238.0,USNS SHUGHART,IMO7825394,NAOQ,70,5,276,32,13.0,70,A
368026000,2020-08-21T15:36:21,36.86573,-76.31605,0.1,270.5,2.0,BENAVIDEZ,IMO9218210,NBHG,70,5,289,32,10.9,70,A
367359930,2020-08-21T15:34:03,36.82408,-76.28902,0.0,255.4,511.0,SUNNY WILLIAMS,,WDE4940,80,0,25,8,,80,A
367359930,2020-08-21T15:39:02,36.82407,-76.28904,0.0,246.6,511.0,SUNNY WILLIAMS,,WDE4940,80,0,25,8,,80,A
477196100,2020-08-21T15:37:00,37.19794,-76.13476,0.1,30.4,167.0,DARYA MA,IMO9591674,VRJH5,70,1,229,32,14.5,,A
538002953,2020-08-21T15:37:30,36.87754,-76.34997,0.1,77.2,347.0,SCT SANTIAGO,IMO9302566,V7NF7,70,5,294,32,13.5,71,A
367821000,2020-08-21T15:28:00,36.97285,-76.43363,0.0,0.0,511.0,YANO,IMO7825409,NAQH,70,0,276,32,13.0,70,A
215677000,2020-08-21T15:37:59,36.96292,-76.42420,0.0,256.1,40.0,RIZE,IMO9584035,9HA2781,70,5,229,32,14.5,,A
367359930,2020-08-21T15:41:21,36.82406,-76.28902,0.0,246.8,511.0,SUNNY WILLIAMS,,WDE4940,80,0,25,8,,80,A
367359930,2020-08-21T15:29:03,36.82405,-76.28906,0.0,264.7,511.0,SUNNY WILLIAMS,,WDE4940,80,0,25,8,,80,A
355919000,2020-08-21T15:35:13,37.30849,-76.10511,17.1,209.0,208.0,MSC MARIA ELENA,IMO9304423,3EGR2,70,0,336,45,15.0,71,A
538002652,2020-08-21T15:27:49,36.87952,-76.32643,0.0,196.0,277.0,NAIAS,IMO9330800,V7KN8,70,5,225,32,14.0,70,A
538002652,2020-08-21T15:39:53,36.87947,-76.32647,0.0,196.0,277.0,NAIAS,IMO9330800,V7KN8,70,5,225,32,14.0,70,A
538002652,2020-08-21T15:36:52,36.87955,-76.32640,0.0,196.0,277.0,NAIAS,IMO9330800,V7KN8,70,5,225,32,14.0,70,A
538002953,2020-08-21T15:34:21,36.87764,-76.34961,0.5,260.7,346.0,SCT SANTIAGO,IMO9302566,V7NF7,70,0,294,32,13.5,71,A
355919000,2020-08-21T15:40:38,37.28521,-76.11674,16.2,196.3,195.0,MSC MARIA ELENA,IMO9304423,3EGR2,70,0,336,45,15.0,71,A
367821000,2020-08-21T15:36:40,36.97283,-76.43365,0.0,0.0,511.0,YANO,IMO7825409,NAQH,70,0,276,32,13.0,70,A
367821000,2020-08-21T15:40:50,36.97284,-76.43365,0.0,0.0,511.0,YANO,IMO7825409,NAQH,70,0,276,32,13.0,70,A
367932000,2020-08-21T15:39:08,36.94916,-76.32968,0.0,107.0,279.0,JOHN LENTHALL,IMO8325547,NJLN,80,5,193,29,,,A
366839000,2020-08-21T15:34:10,36.85348,-76.31082,0.0,0.0,39.0,CAPE RISE,IMO7530808,KAFG,70,5,197,32,10.0,,A
366842000,2020-08-21T15:41:08,36.85378,-76.31118,0.0,209.9,43.0,CAPE RACE,IMO7616377,KAFJ,70,5,197,32,10.0,35,A
538002652,2020-08-21T15:30:51,36.87953,-76.32628,0.0,196.0,277.0,NAIAS,IMO9330800,V7KN8,70,5,225,32,14.0,70,A
355919000,2020-08-21T15:43:44,37.27152,-76.12199,16.3,197.0,196.0,MSC MARIA ELENA,IMO9304423,3EGR2,70,0,336,45,15.0,71,A
538005042,2020-08-21T15:34:14,36.92760,-76.32992,0.1,174.0,354.0,NILEDUTCH OSPREY,IMO9365829,V7AP5,70,5,182,28,11.0,71,A
355919000,2020-08-21T15:41:44,37.28033,-76.11857,16.4,197.4,195.0,MSC MARIA ELENA,IMO9304423,3EGR2,70,0,336,45,15.0,71,A
367822000,2020-08-21T15:41:56,36.97308,-76.43385,0.0,0.0,238.0,USNS SHUGHART,IMO7825394,NAOQ,70,5,276,32,13.0,70,A
215677000,2020-08-21T15:34:55,36.96290,-76.42419,0.0,256.1,40.0,RIZE,IMO9584035,9HA2781,70,5,229,32,14.5,,A
367359930,2020-08-21T15:35:13,36.82407,-76.28902,0.0,249.7,511.0,SUNNY WILLIAMS,,WDE4940,80,0,25,8,,80,A
355919000,2020-08-21T15:36:38,37.30264,-76.10909,16.9,207.1,205.0,MSC MARIA ELENA,IMO9304423,3EGR2,70,0,336,45,15.0,71,A
538005042,2020-08-21T15:43:18,36.92759,-76.32992,0.1,175.0,355.0,NILEDUTCH OSPREY,IMO9365829,V7AP5,70,5,182,28,11.0,71,A
367821000,2020-08-21T15:44:20,36.97284,-76.43365,0.0,0.0,511.0,YANO,IMO7825409,NAQH,70,0,276,32,13.0,70,A
367932000,2020-08-21T15:36:08,36.94914,-76.32962,0.0,107.0,279.0,JOHN LENTHALL,IMO8325547,NJLN,80,5,193,29,,,A
477196100,2020-08-21T15:43:00,37.19794,-76.13459,0.0,30.4,173.0,DARYA MA,IMO9591674,VRJH5,70,1,229,32,14.5,,A
366839000,2020-08-21T15:43:11,36.85349,-76.31081,0.0,0.0,39.0,CAPE RISE,IMO7530808,KAFG,70,5,197,32,10.0,,A
355919000,2020-08-21T15:38:38,37.29405,-76.11355,16.3,195.8,194.0,MSC MARIA ELENA,IMO9304423,3EGR2,70,0,336,45,15.0,71,A
215677000,2020-08-21T15:40:57,36.96292,-76.42420,0.0,256.1,40.0,RIZE,IMO9584035,9HA2781,70,5,229,32,14.5,,A
538002953,2020-08-21T15:40:29,36.87756,-76.34994,0.0,256.8,346.0,SCT SANTIAGO,IMO9302566,V7NF7,70,5,294,32,13.5,71,A
538005042,2020-08-21T15:37:16,36.92760,-76.32992,0.0,355.0,355.0,NILEDUTCH OSPREY,IMO9365829,V7AP5,70,5,182,28,11.0,71,A
538002953,2020-08-21T15:43:29,36.87756,-76.34995,0.0,230.5,347.0,SCT SANTIAGO,IMO9302566,V7NF7,70,5,294,32,13.5,71,A
368026000,2020-08-21T15:45:21,36.86572,-76.31608,0.0,270.5,2.0,BENAVIDEZ,IMO9218210,NBHG,70,5,289,32,10.9,70,A
367821000,2020-08-21T15:45:29,36.97284,-76.43365,0.0,0.0,511.0,YANO,IMO7825409,NAQH,70,0,276,32,13.0,70,A
477196100,2020-08-21T15:39:56,37.19793,-76.13464,0.1,30.4,170.0,DARYA MA,IMO9591674,VRJH5,70,1,229,32,14.5,,A
355919000,2020-08-21T15:46:32,37.25921,-76.12651,16.2,194.3,194.0,MSC MARIA ELENA,IMO9304423,3EGR2,70,0,336,45,15.0,71,A
366839000,2020-08-21T15:40:12,36.85347,-76.31082,0.0,0.0,39.0,CAPE RISE,IMO7530808,KAFG,70,5,197,32,10.0,,A
538005042,2020-08-21T15:40:18,36.92759,-76.32992,0.0,355.0,355.0,NILEDUTCH OSPREY,IMO9365829,V7AP5,70,5,182,28,11.0,71,A
215677000,2020-08-21T15:46:58,36.96292,-76.42422,0.0,256.1,40.0,RIZE,IMO9584035,9HA2781,70,5,229,32,14.5,,A
367861000,2020-08-21T15:36:01,36.94636,-76.32982,0.0,0.0,265.0,LARAMIE,IMO8906626,NLAR,80,5,193,29,,,A
367821000,2020-08-21T15:50:19,36.97284,-76.43365,0.0,0.0,511.0,YANO,IMO7825409,NAQH,70,0,276,32,13.0,70,A
367821000,2020-08-21T15:46:40,36.97284,-76.43365,0.0,0.0,511.0,YANO,IMO7825409,NAQH,70,0,276,32,13.0,70,A
367359930,2020-08-21T15:47:43,36.82406,-76.28903,0.0,253.4,511.0,SUNNY WILLIAMS,,WDE4940,80,0,25,8,,80,A
367861000,2020-08-21T15:45:00,36.94639,-76.32981,0.0,0.0,265.0,LARAMIE,IMO8906626,NLAR,80,5,193,29,,,A
367861000,2020-08-21T15:42:01,36.94639,-76.32983,0.0,0.0,265.0,LARAMIE,IMO8906626,NLAR,80,5,193,29,,,A
367861000,2020-08-21T15:48:00,36.94635,-76.32977,0.0,0.0,265.0,LARAMIE,IMO8906626,NLAR,80,5,193,29,,,A
477196100,2020-08-21T15:48:58,37.19793,-76.13461,0.1,30.4,174.0,DARYA MA,IMO9591674,VRJH5,70,1,229,32,14.5,,A
367821000,2020-08-21T15:42:00,36.97284,-76.43365,0.0,0.0,511.0,YANO,IMO7825409,NAQH,70,0,276,32,13.0,70,A
367932000,2020-08-21T15:48:08,36.94915,-76.32966,0.0,107.0,279.0,JOHN LENTHALL,IMO8325547,NJLN,80,5,193,29,,,A
368026000,2020-08-21T15:42:22,36.86574,-76.31606,0.0,270.5,2.0,BENAVIDEZ,IMO9218210,NBHG,70,5,289,32,10.9,70,A
367932000,2020-08-21T15:42:07,36.94914,-76.32969,0.0,107.0,279.0,JOHN LENTHALL,IMO8325547,NJLN,80,5,193,29,,,A
367821000,2020-08-21T15:51:29,36.97284,-76.43365,0.0,0.0,511.0,YANO,IMO7825409,NAQH,70,0,276,32,13.0,70,A
366839000,2020-08-21T15:49:12,36.85348,-76.31086,0.0,0.0,39.0,CAPE RISE,IMO7530808,KAFG,70,5,197,32,10.0,,A
367359930,2020-08-21T15:51:52,36.82405,-76.28904,0.0,253.7,511.0,SUNNY WILLIAMS,,WDE4940,80,0,25,8,,80,A
538005042,2020-08-21T15:46:22,36.92759,-76.32992,0.1,265.0,355.0,NILEDUTCH OSPREY,IMO9365829,V7AP5,70,5,182,28,11.0,71,A
366842000,2020-08-21T15:50:10,36.85377,-76.31116,0.0,209.9,43.0,CAPE RACE,IMO7616377,KAFJ,70,5,197,32,10.0,35,A
538002652,2020-08-21T15:48:50,36.87945,-76.32648,0.0,212.0,277.0,NAIAS,IMO9330800,V7KN8,70,5,225,32,14.0,70,A
367359930,2020-08-21T15:44:42,36.82408,-76.28904,0.0,252.8,511.0,SUNNY WILLIAMS,,WDE4940,80,0,25,8,,80,A
367359930,2020-08-21T15:53:52,36.82404,-76.28904,0.0,258.4,511.0,SUNNY WILLIAMS,,WDE4940,80,0,25,8,,80,A
367359930,2020-08-21T15:43:33,36.82407,-76.28903,0.0,249.9,511.0,SUNNY WILLIAMS,,WDE4940,80,0,25,8,,80,A
215677000,2020-08-21T15:44:00,36.96290,-76.42421,0.0,256.1,40.0,RIZE,IMO9584035,9HA2781,70,5,229,32,14.5,,A
538005042,2020-08-21T15:52:23,36.92759,-76.32992,0.0,355.0,355.0,NILEDUTCH OSPREY,IMO9365829,V7AP5,70,5,182,28,11.0,71,A
477196100,2020-08-21T15:52:02,37.19795,-76.13463,0.0,30.4,173.0,DARYA MA,IMO9591674,VRJH5,70,1,229,32,14.5,,A
366842000,2020-08-21T15:44:09,36.85381,-76.31119,0.0,209.9,43.0,CAPE RACE,IMO7616377,KAFJ,70,5,197,32,10.0,35,A
367359930,2020-08-21T15:42:32,36.82407,-76.28903,0.0,250.7,511.0,SUNNY WILLIAMS,,WDE4940,80,0,25,8,,80,A
367821000,2020-08-21T15:54:50,36.97284,-76.43365,0.0,0.0,511.0,YANO,IMO7825409,NAQH,70,0,276,32,13.0,70,A
355919000,2020-08-21T15:52:26,37.23359,-76.13588,15.7,197.2,197.0,MSC MARIA ELENA,IMO9304423,3EGR2,70,0,336,45,15.0,71,A
538002953,2020-08-21T15:52:29,36.87759,-76.34995,0.0,212.4,347.0,SCT SANTIAGO,IMO9302566,V7NF7,70,5,294,32,13.5,71,A
538002652,2020-08-21T15:45:52,36.87940,-76.32652,0.0,196.0,277.0,NAIAS,IMO9330800,V7KN8,70,5,225,32,14.0,70,A
366839000,2020-08-21T15:52:15,36.85347,-76.31083,0.0,0.0,39.0,CAPE RISE,IMO7530808,KAFG,70,5,197,32,10.0,,A
477196100,2020-08-21T15:46:01,37.19795,-76.13457,0.1,30.4,175.0,DARYA MA,IMO9591674,VRJH5,70,1,229,32,14.5,,A
366842000,2020-08-21T15:56:12,36.85382,-76.31121,0.0,209.9,43.0,CAPE RACE,IMO7616377,KAFJ,70,5,197,32,10.0,35,A
367359930,2020-08-21T15:55:23,36.82405,-76.28906,0.0,255.3,511.0,SUNNY WILLIAMS,,WDE4940,80,0,25,8,,80,A
367359930,2020-08-21T15:46:33,36.82407,-76.28903,0.0,253.5,511.0,SUNNY WILLIAMS,,WDE4940,80,0,25,8,,80,A
367822000,2020-08-21T15:44:54,36.97308,-76.43385,0.0,0.0,238.0,USNS SHUGHART,IMO7825394,NAOQ,70,5,276,32,13.0,70,A
367821000,2020-08-21T15:58:10,36.97284,-76.43365,0.0,0.0,511.0,YANO,IMO7825409,NAQH,70,0,276,32,13.0,70,A
367821000,2020-08-21T15:56:19,36.97284,-76.43365,0.0,0.0,511.0,YANO,IMO7825409,NAQH,70,0,276,32,13.0,70,A
367822000,2020-08-21T15:56:56,36.97310,-76.43386,0.0,0.0,238.0,USNS SHUGHART,IMO7825394,NAOQ,70,5,276,32,13.0,70,A
366839000,2020-08-21T15:46:14,36.85349,-76.31082,0.0,0.0,39.0,CAPE RISE,IMO7530808,KAFG,70,5,197,32,10.0,,A
368026000,2020-08-21T15:54:20,36.86575,-76.31603,0.0,270.5,2.0,BENAVIDEZ,IMO9218210,NBHG,70,5,289,32,10.9,70,A
538002953,2020-08-21T15:46:29,36.87758,-76.34996,0.0,347.2,347.0,SCT SANTIAGO,IMO9302566,V7NF7,70,5,294,32,13.5,71,A
355919000,2020-08-21T15:54:44,37.22371,-76.13978,16.0,197.9,196.0,MSC MARIA ELENA,IMO9304423,3EGR2,70,0,336,45,15.0,71,A
355919000,2020-08-21T15:49:02,37.24824,-76.13027,16.0,194.6,194.0,MSC MARIA ELENA,IMO9304423,3EGR2,70,0,336,45,15.0,71,A
366842000,2020-08-21T15:47:08,36.85382,-76.31119,0.0,209.9,43.0,CAPE RACE,IMO7616377,KAFJ,70,5,197,32,10.0,35,A
367821000,2020-08-21T15:48:29,36.97284,-76.43365,0.0,0.0,511.0,YANO,IMO7825409,NAQH,70,0,276,32,13.0,70,A
368026000,2020-08-21T15:48:20,36.86576,-76.31605,0.0,270.5,2.0,BENAVIDEZ,IMO9218210,NBHG,70,5,289,32,10.9,70,A
477196100,2020-08-21T15:58:00,37.19794,-76.13459,0.1,30.4,173.0,DARYA MA,IMO9591674,VRJH5,70,1,229,32,14.5,,A
367359930,2020-08-21T15:59:12,36.82406,-76.28905,0.0,252.7,511.0,SUNNY WILLIAMS,,WDE4940,80,0,25,8,,80,A
355919000,2020-08-21T15:50:08,37.24344,-76.13192,15.9,196.6,196.0,MSC MARIA ELENA,IMO9304423,3EGR2,70,0,336,45,15.0,71,A
215677000,2020-08-21T15:56:01,36.96289,-76.42421,0.0,256.1,40.0,RIZE,IMO9584035,9HA2781,70,5,229,32,14.5,,A
367359930,2020-08-21T15:48:53,36.82406,-76.28903,0.0,259.1,511.0,SUNNY WILLIAMS,,WDE4940,80,0,25,8,,80,A
355919000,2020-08-21T15:55:56,37.21847,-76.14183,15.9,196.6,196.0,MSC MARIA ELENA,IMO9304423,3EGR2,70,0,336,45,15.0,71,A
368026000,2020-08-21T15:51:20,36.86575,-76.31605,0.0,270.5,2.0,BENAVIDEZ,IMO9218210,NBHG,70,5,289,32,10.9,70,A
367932000,2020-08-21T15:51:08,36.94913,-76.32972,0.0,107.0,279.0,JOHN LENTHALL,IMO8325547,NJLN,80,5,193,29,,,A
366839000,2020-08-21T15:58:09,36.85347,-76.31081,0.0,0.0,39.0,CAPE RISE,IMO7530808,KAFG,70,5,197,32,10.0,,A
367932000,2020-08-21T16:00:08,36.94905,-76.32968,0.0,107.0,279.0,JOHN LENTHALL,IMO8325547,NJLN,80,5,193,29,,,A
355919000,2020-08-21T15:59:38,37.20275,-76.14827,15.8,198.6,198.0,MSC MARIA ELENA,IMO9304423,3EGR2,70,0,336,45,15.0,71,A
368026000,2020-08-21T15:57:22,36.86577,-76.31604,0.0,270.5,2.0,BENAVIDEZ,IMO9218210,NBHG,70,5,289,32,10.9,70,A
367359930,2020-08-21T16:01:12,36.82405,-76.28904,0.0,254.4,511.0,SUNNY WILLIAMS,,WDE4940,80,0,25,8,,80,A
538005042,2020-08-21T15:49:21,36.92760,-76.32992,0.0,355.0,355.0,NILEDUTCH OSPREY,IMO9365829,V7AP5,70,5,182,28,11.0,71,A
366842000,2020-08-21T15:59:08,36.85379,-76.31117,0.0,209.9,43.0,CAPE RACE,IMO7616377,KAFJ,70,5,197,32,10.0,35,A
367359930,2020-08-21T15:57:02,36.82406,-76.28904,0.0,256.9,511.0,SUNNY WILLIAMS,,WDE4940,80,0,25,8,,80,A
367932000,2020-08-21T15:54:07,36.94915,-76.32962,0.0,107.0,279.0,JOHN LENTHALL,IMO8325547,NJLN,80,5,193,29,,,A
367861000,2020-08-21T15:57:00,36.94642,-76.32982,0.0,0.0,265.0,LARAMIE,IMO8906626,NLAR,80,5,193,29,,,A
538002953,2020-08-21T15:55:30,36.87756,-76.34995,0.0,149.1,347.0,SCT SANTIAGO,IMO9302566,V7NF7,70,5,294,32,13.5,71,A
477196100,2020-08-21T16:00:56,37.19799,-76.13452,0.1,30.4,174.0,DARYA MA,IMO9591674,VRJH5,70,1,229,32,14.5,,A
355919000,2020-08-21T15:53:32,37.22880,-76.13780,15.9,196.4,196.0,MSC MARIA ELENA,IMO9304423,3EGR2,70,0,336,45,15.0,71,A
367821000,2020-08-21T16:02:30,36.97284,-76.43365,0.0,0.0,511.0,YANO,IMO7825409,NAQH,70,0,276,32,13.0,70,A
367822000,2020-08-21T15:50:54,36.97308,-76.43385,0.0,0.0,238.0,USNS SHUGHART,IMO7825394,NAOQ,70,5,276,32,13.0,70,A
367822000,2020-08-21T15:59:55,36.97309,-76.43384,0.0,0.0,238.0,USNS SHUGHART,IMO7825394,NAOQ,70,5,276,32,13.0,70,A
538002953,2020-08-21T16:01:29,36.87759,-76.34994,0.0,284.4,347.0,SCT SANTIAGO,IMO9302566,V7NF7,70,5,294,32,13.5,71,A
355919000,2020-08-21T16:00:08,37.20058,-76.14923,15.7,199.2,198.0,MSC MARIA ELENA,IMO9304423,3EGR2,70,0,336,45,15.0,71,A
355919000,2020-08-21T15:57:02,37.21371,-76.14368,16.0,196.7,196.0,MSC MARIA ELENA,IMO9304423,3EGR2,70,0,336,45,15.0,71,A
355919000,2020-08-21T16:02:20,37.19131,-76.15326,15.8,195.5,194.0,MSC MARIA ELENA,IMO9304423,3EGR2,70,0,336,45,15.0,71,A
355919000,2020-08-21T16:01:14,37.19602,-76.15125,15.8,199.0,198.0,MSC MARIA ELENA,IMO9304423,3EGR2,70,0,336,45,15.0,71,A
368026000,2020-08-21T16:03:20,36.86576,-76.31605,0.0,270.5,2.0,BENAVIDEZ,IMO9218210,NBHG,70,5,289,32,10.9,70,A
538005042,2020-08-21T15:58:28,36.92759,-76.32992,0.0,355.0,355.0,NILEDUTCH OSPREY,IMO9365829,V7AP5,70,5,182,28,11.0,71,A
367932000,2020-08-21T15:57:07,36.94916,-76.32965,0.0,107.0,279.0,JOHN LENTHALL,IMO8325547,NJLN,80,5,193,29,,,A
355919000,2020-08-21T16:03:26,37.18659,-76.15480,15.6,184.9,181.0,MSC MARIA ELENA,IMO9304423,3EGR2,70,0,336,45,15.0,71,A
367822000,2020-08-21T15:53:54,36.97308,-76.43385,0.0,0.0,238.0,USNS SHUGHART,IMO7825394,NAOQ,70,5,276,32,13.0,70,A
215677000,2020-08-21T15:58:55,36.96292,-76.42421,0.0,256.1,40.0,RIZE,IMO9584035,9HA2781,70,5,229,32,14.5,,A
538002652,2020-08-21T15:54:50,36.87948,-76.32645,0.0,211.0,276.0,NAIAS,IMO9330800,V7KN8,70,5,225,32,14.0,70,A
367821000,2020-08-21T15:52:40,36.97284,-76.43365,0.0,0.0,511.0,YANO,IMO7825409,NAQH,70,0,276,32,13.0,70,A
355919000,2020-08-21T16:04:31,37.18192,-76.15478,15.2,173.8,172.0,MSC MARIA ELENA,IMO9304423,3EGR2,70,0,336,45,15.0,71,A
367821000,2020-08-21T16:03:40,36.97284,-76.43365,0.0,0.0,511.0,YANO,IMO7825409,NAQH,70,0,276,32,13.0,70,A
367821000,2020-08-21T16:01:10,36.97284,-76.43365,0.0,0.0,511.0,YANO,IMO7825409,NAQH,70,0,276,32,13.0,70,A
215677000,2020-08-21T16:02:00,36.96289,-76.42421,0.0,256.1,40.0,RIZE,IMO9584035,9HA2781,70,5,229,32,14.5,,A
367359930,2020-08-21T16:00:02,36.82406,-76.28905,0.0,251.9,511.0,SUNNY WILLIAMS,,WDE4940,80,0,25,8,,80,A
367932000,2020-08-21T16:03:08,36.94913,-76.32969,0.0,107.0,279.0,JOHN LENTHALL,IMO8325547,NJLN,80,5,193,29,,,A
367861000,2020-08-21T15:54:00,36.94638,-76.32982,0.0,0.0,265.0,LARAMIE,IMO8906626,NLAR,80,5,193,29,,,A
367861000,2020-08-21T16:00:01,36.94637,-76.32977,0.0,0.0,265.0,LARAMIE,IMO8906626,NLAR,80,5,193,29,,,A
538005042,2020-08-21T16:04:28,36.92759,-76.32992,0.0,355.0,355.0,NILEDUTCH OSPREY,IMO9365829,V7AP5,70,5,182,28,11.0,71,A
366839000,2020-08-21T15:55:13,36.85348,-76.31085,0.0,0.0,39.0,CAPE RISE,IMO7530808,KAFG,70,5,197,32,10.0,,A
538002953,2020-08-21T16:04:30,36.87758,-76.34995,0.0,77.8,347.0,SCT SANTIAGO,IMO9302566,V7NF7,70,5,294,32,13.5,71,A
367861000,2020-08-21T16:03:00,36.94633,-76.32976,0.0,0.0,265.0,LARAMIE,IMO8906626,NLAR,80,5,193,29,,,A
366839000,2020-08-21T16:01:14,36.85348,-76.31081,0.0,0.0,39.0,CAPE RISE,IMO7530808,KAFG,70,5,197,32,10.0,,A
538005042,2020-08-21T15:55:23,36.92759,-76.32992,0.0,355.0,355.0,NILEDUTCH OSPREY,IMO9365829,V7AP5,70,5,182,28,11.0,71,A
367821000,2020-08-21T16:04:50,36.97284,-76.43365,0.0,0.0,511.0,YANO,IMO7825409,NAQH,70,0,276,32,13.0,70,A
477196100,2020-08-21T16:03:59,37.19795,-76.13450,0.0,30.4,176.0,DARYA MA,IMO9591674,VRJH5,70,1,229,32,14.5,,A
367359930,2020-08-21T16:04:33,36.82405,-76.28904,0.0,265.7,511.0,SUNNY WILLIAMS,,WDE4940,80,0,25,8,,80,A
367822000,2020-08-21T16:05:56,36.97310,-76.43384,0.0,0.0,238.0,USNS SHUGHART,IMO7825394,NAOQ,70,5,276,32,13.0,70,A
367821000,2020-08-21T16:06:00,36.97284,-76.43364,0.0,0.0,511.0,YANO,IMO7825409,NAQH,70,0,276,32,13.0,70,A
367359930,2020-08-21T16:06:52,36.82406,-76.28903,0.0,264.9,511.0,SUNNY WILLIAMS,,WDE4940,80,0,25,8,,80,A
367821000,2020-08-21T16:00:00,36.97284,-76.43365,0.0,0.0,511.0,YANO,IMO7825409,NAQH,70,0,276,32,13.0,70,A
367821000,2020-08-21T16:07:09,36.97284,-76.43364,0.0,0.0,511.0,YANO,IMO7825409,NAQH,70,0,276,32,13.0,70,A
367932000,2020-08-21T16:06:09,36.94919,-76.32963,0.0,107.0,279.0,JOHN LENTHALL,IMO8325547,NJLN,80,5,193,29,,,A
538002953,2020-08-21T15:58:30,36.87757,-76.34994,0.1,352.9,347.0,SCT SANTIAGO,IMO9302566,V7NF7,70,5,294,32,13.5,71,A
538005042,2020-08-21T16:07:28,36.92759,-76.32992,0.0,355.0,355.0,NILEDUTCH OSPREY,IMO9365829,V7AP5,70,5,182,28,11.0,71,A
368026000,2020-08-21T16:00:20,36.86575,-76.31605,0.0,270.5,2.0,BENAVIDEZ,IMO9218210,NBHG,70,5,289,32,10.9,70,A
366842000,2020-08-21T16:05:06,36.85383,-76.31120,0.0,209.9,43.0,CAPE RACE,IMO7616377,KAFJ,70,5,197,32,10.0,35,A
367861000,2020-08-21T16:06:00,36.94638,-76.32976,0.0,0.0,265.0,LARAMIE,IMO8906626,NLAR,80,5,193,29,,,A
367359930,2020-08-21T16:05:42,36.82406,-76.28903,0.0,262.7,511.0,SUNNY WILLIAMS,,WDE4940,80,0,25,8,,80,A
215677000,2020-08-21T16:08:01,36.96291,-76.42421,0.0,256.1,40.0,RIZE,IMO9584035,9HA2781,70,5,229,32,14.5,,A
368026000,2020-08-21T16:06:20,36.86575,-76.31606,0.0,270.5,2.0,BENAVIDEZ,IMO9218210,NBHG,70,5,289,32,10.9,70,A
367822000,2020-08-21T16:08:56,36.97310,-76.43384,0.0,0.0,239.0,USNS SHUGHART,IMO7825394,NAOQ,70,5,276,32,13.0,70,A
355919000,2020-08-21T16:09:08,37.16226,-76.15155,15.3,172.4,172.0,MSC MARIA ELENA,IMO9304423,3EGR2,70,0,336,45,15.0,71,A
367359930,2020-08-21T16:08:03,36.82405,-76.28903,0.0,265.8,511.0,SUNNY WILLIAMS,,WDE4940,80,0,25,8,,80,A
367359930,2020-08-21T16:02:21,36.82405,-76.28904,0.0,259.5,511.0,SUNNY WILLIAMS,,WDE4940,80,0,25,8,,80,A
538002652,2020-08-21T16:00:53,36.87940,-76.32647,0.0,211.0,276.0,NAIAS,IMO9330800,V7KN8,70,5,225,32,14.0,70,A
538002652,2020-08-21T16:09:52,36.87942,-76.32643,0.0,207.0,276.0,NAIAS,IMO9330800,V7KN8,70,5,225,32,14.0,70,A
367861000,2020-08-21T16:09:01,36.94634,-76.32975,0.0,0.0,265.0,LARAMIE,IMO8906626,NLAR,80,5,193,29,,,A
367359930,2020-08-21T16:10:31,36.82405,-76.28902,0.0,266.2,511.0,SUNNY WILLIAMS,,WDE4940,80,0,25,8,,80,A
368026000,2020-08-21T16:09:21,36.86576,-76.31606,0.0,270.5,2.0,BENAVIDEZ,IMO9218210,NBHG,70,5,289,32,10.9,70,A
355919000,2020-08-21T16:10:44,37.15534,-76.15054,15.5,172.4,171.0,MSC MARIA ELENA,IMO9304423,3EGR2,70,0,336,45,15.0,71,A
477196100,2020-08-21T16:10:01,37.19798,-76.13449,0.0,30.4,179.0,DARYA MA,IMO9591674,VRJH5,70,1,229,32,14.5,,A
366842000,2020-08-21T16:11:03,36.85377,-76.31120,0.0,209.9,43.0,CAPE RACE,IMO7616377,KAFJ,70,5,197,32,10.0,35,A
367932000,2020-08-21T16:09:08,36.94916,-76.32967,0.0,107.0,279.0,JOHN LENTHALL,IMO8325547,NJLN,80,5,193,29,,,A
367821000,2020-08-21T16:08:29,36.97284,-76.43364,0.0,0.0,511.0,YANO,IMO7825409,NAQH,70,0,276,32,13.0,70,A
367821000,2020-08-21T16:09:39,36.97284,-76.43364,0.0,0.0,511.0,YANO,IMO7825409,NAQH,70,0,276,32,13.0,70,A
366842000,2020-08-21T16:02:13,36.85380,-76.31117,0.0,209.9,43.0,CAPE RACE,IMO7616377,KAFJ,70,5,197,32,10.0,35,A
538002652,2020-08-21T16:03:51,36.87940,-76.32647,0.0,211.0,276.0,NAIAS,IMO9330800,V7KN8,70,5,225,32,14.0,70,A
355919000,2020-08-21T16:12:14,37.14883,-76.14936,15.7,170.3,169.0,MSC MARIA ELENA,IMO9304423,3EGR2,70,0,336,45,15.0,71,A
367821000,2020-08-21T16:10:50,36.97284,-76.43364,0.0,0.0,511.0,YANO,IMO7825409,NAQH,70,0,276,32,13.0,70,A
367861000,2020-08-21T16:12:00,36.94636,-76.32982,0.0,0.0,265.0,LARAMIE,IMO8906626,NLAR,80,5,193,29,,,A
367822000,2020-08-21T16:02:54,36.97309,-76.43384,0.0,0.0,238.0,USNS SHUGHART,IMO7825394,NAOQ,70,5,276,32,13.0,70,A
366839000,2020-08-21T16:04:09,36.85349,-76.31079,0.0,0.0,39.0,CAPE RISE,IMO7530808,KAFG,70,5,197,32,10.0,,A
366839000,2020-08-21T16:13:15,36.85353,-76.31082,0.0,0.0,39.0,CAPE RISE,IMO7530808,KAFG,70,5,197,32,10.0,,A
367821000,2020-08-21T16:12:10,36.97284,-76.43364,0.0,0.0,511.0,YANO,IMO7825409,NAQH,70,0,276,32,13.0,70,A
367359930,2020-08-21T16:11:43,36.82406,-76.28903,0.0,269.2,511.0,SUNNY WILLIAMS,,WDE4940,80,0,25,8,,80,A
368026000,2020-08-21T16:12:21,36.86576,-76.31604,0.0,270.5,2.0,BENAVIDEZ,IMO9218210,NBHG,70,5,289,32,10.9,70,A
538002652,2020-08-21T16:12:52,36.87947,-76.32643,0.0,207.0,276.0,NAIAS,IMO9330800,V7KN8,70,5,225,32,14.0,70,A
215677000,2020-08-21T16:04:57,36.96291,-76.42421,0.0,256.1,40.0,RIZE,IMO9584035,9HA2781,70,5,229,32,14.5,,A
367359930,2020-08-21T16:15:43,36.82405,-76.28902,0.0,271.2,511.0,SUNNY WILLIAMS,,WDE4940,80,0,25,8,,80,A
355919000,2020-08-21T16:05:49,37.17638,-76.15384,15.2,171.0,171.0,MSC MARIA ELENA,IMO9304423,3EGR2,70,0,336,45,15.0,71,A
477196100,2020-08-21T16:12:59,37.19796,-76.13450,0.1,30.4,178.0,DARYA MA,IMO9591674,VRJH5,70,1,229,32,14.5,,A
367821000,2020-08-21T16:13:19,36.97284,-76.43364,0.0,0.0,511.0,YANO,IMO7825409,NAQH,70,0,276,32,13.0,70,A
367359930,2020-08-21T16:12:52,36.82406,-76.28903,0.0,268.9,511.0,SUNNY WILLIAMS,,WDE4940,80,0,25,8,,80,A
355919000,2020-08-21T16:13:26,37.14364,-76.14802,15.3,158.7,156.0,MSC MARIA ELENA,IMO9304423,3EGR2,70,0,336,45,15.0,71,A
538002953,2020-08-21T16:13:30,36.87758,-76.34996,0.0,231.3,347.0,SCT SANTIAGO,IMO9302566,V7NF7,70,5,294,32,13.5,71,A
367359930,2020-08-21T16:14:01,36.82407,-76.28902,0.0,273.2,511.0,SUNNY WILLIAMS,,WDE4940,80,0,25,8,,80,A
367821000,2020-08-21T16:15:49,36.97284,-76.43364,0.0,0.0,511.0,YANO,IMO7825409,NAQH,70,0,276,32,13.0,70,A
538002953,2020-08-21T16:07:30,36.87759,-76.34998,0.0,68.4,347.0,SCT SANTIAGO,IMO9302566,V7NF7,70,5,294,32,13.5,71,A
366842000,2020-08-21T16:08:13,36.85383,-76.31115,0.0,209.9,43.0,CAPE RACE,IMO7616377,KAFJ,70,5,197,32,10.0,35,A
368026000,2020-08-21T16:15:21,36.86576,-76.31603,0.0,270.5,2.0,BENAVIDEZ,IMO9218210,NBHG,70,5,289,32,10.9,70,A
367821000,2020-08-21T16:14:39,36.97284,-76.43364,0.0,0.0,511.0,YANO,IMO7825409,NAQH,70,0,276,32,13.0,70,A
367359930,2020-08-21T16:17:01,36.82406,-76.28903,0.0,275.1,511.0,SUNNY WILLIAMS,,WDE4940,80,0,25,8,,80,A
367861000,2020-08-21T16:15:00,36.94637,-76.32976,0.0,0.0,265.0,LARAMIE,IMO8906626,NLAR,80,5,193,29,,,A
355919000,2020-08-21T16:14:38,37.13922,-76.14518,14.8,147.7,148.0,MSC MARIA ELENA,IMO9304423,3EGR2,70,0,336,45,15.0,71,A
477196100,2020-08-21T16:06:56,37.19795,-76.13447,0.0,30.4,177.0,DARYA MA,IMO9591674,VRJH5,70,1,229,32,14.5,,A
538002652,2020-08-21T16:15:52,36.87945,-76.32643,0.0,207.0,277.0,NAIAS,IMO9330800,V7KN8,70,5,225,32,14.0,70,A
366839000,2020-08-21T16:07:13,36.85348,-76.31084,0.0,0.0,39.0,CAPE RISE,IMO7530808,KAFG,70,5,197,32,10.0,,A
367861000,2020-08-21T16:18:00,36.94638,-76.32977,0.0,0.0,265.0,LARAMIE,IMO8906626,NLAR,80,5,193,29,,,A
355919000,2020-08-21T16:08:02,37.16696,-76.15229,15.3,172.0,172.0,MSC MARIA ELENA,IMO9304423,3EGR2,70,0,336,45,15.0,71,A
366842000,2020-08-21T16:17:06,36.85379,-76.31119,0.0,209.9,42.0,CAPE RACE,IMO7616377,KAFJ,70,5,197,32,10.0,35,A
367821000,2020-08-21T16:17:09,36.97284,-76.43364,0.0,0.0,511.0,YANO,IMO7825409,NAQH,70,0,276,32,13.0,70,A
367821000,2020-08-21T16:18:49,36.97284,-76.43364,0.0,0.0,511.0,YANO,IMO7825409,NAQH,70,0,276,32,13.0,70,A
367932000,2020-08-21T16:18:09,36.94916,-76.32969,0.0,107.0,279.0,JOHN LENTHALL,IMO8325547,NJLN,80,5,193,29,,,A
477196100,2020-08-21T16:18:59,37.19795,-76.13460,0.1,30.4,175.0,DARYA MA,IMO9591674,VRJH5,70,1,229,32,14.5,,A
368026000,2020-08-21T16:18:21,36.86575,-76.31603,0.0,270.5,2.0,BENAVIDEZ,IMO9218210,NBHG,70,5,289,32,10.9,70,A
366839000,2020-08-21T16:10:12,36.85348,-76.31083,0.0,0.0,39.0,CAPE RISE,IMO7530808,KAFG,70,5,197,32,10.0,,A
215677000,2020-08-21T16:19:53,36.96288,-76.42419,0.0,256.1,40.0,RIZE,IMO9584035,9HA2781,70,5,229,32,14.5,,A
366839000,2020-08-21T16:19:16,36.85346,-76.31079,0.0,0.0,39.0,CAPE RISE,IMO7530808,KAFG,70,5,197,32,10.0,,A
367359930,2020-08-21T16:18:12,36.82404,-76.28902,0.0,281.4,511.0,SUNNY WILLIAMS,,WDE4940,80,0,25,8,,80,A
367359930,2020-08-21T16:09:21,36.82404,-76.28902,0.0,269.6,511.0,SUNNY WILLIAMS,,WDE4940,80,0,25,8,,80,A
355919000,2020-08-21T16:18:26,37.12525,-76.13465,15.3,148.9,150.0,MSC MARIA ELENA,IMO9304423,3EGR2,70,0,336,45,15.0,71,A
538002652,2020-08-21T16:18:51,36.87950,-76.32645,0.0,207.0,277.0,NAIAS,IMO9330800,V7KN8,70,5,225,32,14.0,70,A
367821000,2020-08-21T16:20:29,36.97284,-76.43364,0.0,0.0,511.0,YANO,IMO7825409,NAQH,70,0,276,32,13.0,70,A
367359930,2020-08-21T16:20:02,36.82403,-76.28901,0.0,288.5,511.0,SUNNY WILLIAMS,,WDE4940,80,0,25,8,,80,A
366842000,2020-08-21T16:20:06,36.85383,-76.31118,0.0,209.9,42.0,CAPE RACE,IMO7616377,KAFJ,70,5,197,32,10.0,35,A
367822000,2020-08-21T16:20:56,36.97310,-76.43385,0.0,0.0,238.0,USNS SHUGHART,IMO7825394,NAOQ,70,5,276,32,13.0,70,A
355919000,2020-08-21T16:19:38,37.12073,-76.13141,15.3,149.2,150.0,MSC MARIA ELENA,IMO9304423,3EGR2,70,0,336,45,15.0,71,A
355919000,2020-08-21T16:20:44,37.11657,-76.12841,15.4,149.5,150.0,MSC MARIA ELENA,IMO9304423,3EGR2,70,0,336,45,15.0,71,A
367359930,2020-08-21T16:21:13,36.82404,-76.28902,0.0,291.3,511.0,SUNNY WILLIAMS,,WDE4940,80,0,25,8,,80,A
215677000,2020-08-21T16:10:58,36.96290,-76.42422,0.0,256.1,40.0,RIZE,IMO9584035,9HA2781,70,5,229,32,14.5,,A
368026000,2020-08-21T16:21:21,36.86577,-76.31605,0.0,270.5,2.0,BENAVIDEZ,IMO9218210,NBHG,70,5,289,32,10.9,70,A
215677000,2020-08-21T16:22:58,36.96290,-76.42420,0.0,256.1,40.0,RIZE,IMO9584035,9HA2781,70,5,229,32,14.5,,A
367821000,2020-08-21T16:22:50,36.97284,-76.43363,0.0,0.0,511.0,YANO,IMO7825409,NAQH,70,0,276,32,13.0,70,A
367932000,2020-08-21T16:12:07,36.94916,-76.32969,0.0,107.0,279.0,JOHN LENTHALL,IMO8325547,NJLN,80,5,193,29,,,A
355919000,2020-08-21T16:22:14,37.11080,-76.12428,15.5,149.7,150.0,MSC MARIA ELENA,IMO9304423,3EGR2,70,0,336,45,15.0,71,A
366842000,2020-08-21T16:14:03,36.85381,-76.31120,0.0,209.9,42.0,CAPE RACE,IMO7616377,KAFJ,70,5,197,32,10.0,35,A
477196100,2020-08-21T16:22:01,37.19798,-76.13462,0.1,30.4,174.0,DARYA MA,IMO9591674,VRJH5,70,1,229,32,14.5,,A
367861000,2020-08-21T16:24:01,36.94630,-76.32985,0.0,0.0,265.0,LARAMIE,IMO8906626,NLAR,80,5,193,29,,,A
477196100,2020-08-21T16:24:58,37.19798,-76.13462,0.0,30.4,173.0,DARYA MA,IMO9591674,VRJH5,70,1,229,32,14.5,,A
367822000,2020-08-21T16:23:55,36.97310,-76.43385,0.0,0.0,238.0,USNS SHUGHART,IMO7825394,NAOQ,70,5,276,32,13.0,70,A
538002652,2020-08-21T16:24:49,36.87948,-76.32642,0.0,207.0,277.0,NAIAS,IMO9330800,V7KN8,70,5,225,32,14.0,70,A
538002953,2020-08-21T16:25:30,36.87761,-76.34995,0.0,302.5,347.0,SCT SANTIAGO,IMO9302566,V7NF7,70,5,294,32,13.5,71,A
367359930,2020-08-21T16:24:32,36.82401,-76.28896,0.0,300.5,511.0,SUNNY WILLIAMS,,WDE4940,80,0,25,8,,80,A
367359930,2020-08-21T16:26:32,36.82404,-76.28901,0.0,298.3,511.0,SUNNY WILLIAMS,,WDE4940,80,0,25,8,,80,A
367821000,2020-08-21T16:25:09,36.97287,-76.43363,0.0,0.0,511.0,YANO,IMO7825409,NAQH,70,0,276,32,13.0,70,A
367821000,2020-08-21T16:26:20,36.97287,-76.43363,0.0,0.0,511.0,YANO,IMO7825409,NAQH,70,0,276,32,13.0,70,A
355919000,2020-08-21T16:25:26,37.09853,-76.11583,15.6,151.4,151.0,MSC MARIA ELENA,IMO9304423,3EGR2,70,0,336,45,15.0,71,A
366842000,2020-08-21T16:26:07,36.85383,-76.31120,0.0,209.9,42.0,CAPE RACE,IMO7616377,KAFJ,70,5,197,32,10.0,35,A
367821000,2020-08-21T16:23:59,36.97288,-76.43363,0.0,0.0,511.0,YANO,IMO7825409,NAQH,70,0,276,32,13.0,70,A
367932000,2020-08-21T16:15:08,36.94915,-76.32977,0.0,107.0,279.0,JOHN LENTHALL,IMO8325547,NJLN,80,5,193,29,,,A
367822000,2020-08-21T16:14:56,36.97310,-76.43385,0.0,0.0,238.0,USNS SHUGHART,IMO7825394,NAOQ,70,5,276,32,13.0,70,A
368026000,2020-08-21T16:27:21,36.86577,-76.31604,0.0,270.5,2.0,BENAVIDEZ,IMO9218210,NBHG,70,5,289,32,10.9,70,A
367932000,2020-08-21T16:24:07,36.94912,-76.32958,0.0,107.0,279.0,JOHN LENTHALL,IMO8325547,NJLN,80,5,193,29,,,A
355919000,2020-08-21T16:28:44,37.08586,-76.10690,15.7,149.2,150.0,MSC MARIA ELENA,IMO9304423,3EGR2,70,0,336,45,15.0,71,A
367932000,2020-08-21T16:27:07,36.94915,-76.32961,0.0,107.0,279.0,JOHN LENTHALL,IMO8325547,NJLN,80,5,193,29,,,A
538005042,2020-08-21T16:16:35,36.92759,-76.32992,0.0,355.0,355.0,NILEDUTCH OSPREY,IMO9365829,V7AP5,70,5,182,28,11.0,71,A
355919000,2020-08-21T16:15:44,37.13526,-76.14209,15.0,148.3,149.0,MSC MARIA ELENA,IMO9304423,3EGR2,70,0,336,45,15.0,71,A
367821000,2020-08-21T16:28:39,36.97288,-76.43363,0.0,0.0,511.0,YANO,IMO7825409,NAQH,70,0,276,32,13.0,70,A
477196100,2020-08-21T16:16:02,37.19796,-76.13456,0.1,30.4,177.0,DARYA MA,IMO9591674,VRJH5,70,1,229,32,14.5,,A
367359930,2020-08-21T16:27:52,36.82405,-76.28902,0.0,301.7,511.0,SUNNY WILLIAMS,,WDE4940,80,0,25,8,,80,A
367821000,2020-08-21T16:29:49,36.97288,-76.43363,0.0,0.0,511.0,YANO,IMO7825409,NAQH,70,0,276,32,13.0,70,A
538005042,2020-08-21T16:28:39,36.92759,-76.32992,0.0,355.0,355.0,NILEDUTCH OSPREY,IMO9365829,V7AP5,70,5,182,28,11.0,71,A
367359930,2020-08-21T16:29:02,36.82404,-76.28903,0.0,302.0,511.0,SUNNY WILLIAMS,,WDE4940,80,0,25,8,,80,A
215677000,2020-08-21T16:28:57,36.96290,-76.42418,0.0,256.1,39.0,RIZE,IMO9584035,9HA2781,70,5,229,32,14.5,,A
215677000,2020-08-21T16:25:53,36.96292,-76.42419,0.0,256.1,39.0,RIZE,IMO9584035,9HA2781,70,5,229,32,14.5,,A
366842000,2020-08-21T16:29:07,36.85381,-76.31121,0.0,209.9,42.0,CAPE RACE,IMO7616377,KAFJ,70,5,197,32,10.0,35,A
367822000,2020-08-21T16:29:56,36.97310,-76.43385,0.0,0.0,238.0,USNS SHUGHART,IMO7825394,NAOQ,70,5,276,32,13.0,70,A
367822000,2020-08-21T16:26:55,36.97310,-76.43385,0.0,0.0,238.0,USNS SHUGHART,IMO7825394,NAOQ,70,5,276,32,13.0,70,A
368026000,2020-08-21T16:30:22,36.86576,-76.31605,0.0,270.5,2.0,BENAVIDEZ,IMO9218210,NBHG,70,5,289,32,10.9,70,A
366839000,2020-08-21T16:31:16,36.85347,-76.31083,0.0,0.0,39.0,CAPE RISE,IMO7530808,KAFG,70,5,197,32,10.0,,A
367821000,2020-08-21T16:32:20,36.97287,-76.43363,0.0,0.0,511.0,YANO,IMO7825409,NAQH,70,0,276,32,13.0,70,A
367359930,2020-08-21T16:31:22,36.82405,-76.28903,0.0,298.9,511.0,SUNNY WILLIAMS,,WDE4940,80,0,25,8,,80,A
355919000,2020-08-21T16:30:44,37.07820,-76.10142,15.7,149.9,150.0,MSC MARIA ELENA,IMO9304423,3EGR2,70,0,336,45,15.0,71,A
538005042,2020-08-21T16:31:40,36.92759,-76.32992,0.0,355.0,355.0,NILEDUTCH OSPREY,IMO9365829,V7AP5,70,5,182,28,11.0,71,A
538002953,2020-08-21T16:31:31,36.87759,-76.34995,0.0,77.5,347.0,SCT SANTIAGO,IMO9302566,V7NF7,70,5,294,32,13.5,71,A
367359930,2020-08-21T16:32:33,36.82404,-76.28902,0.1,293.3,511.0,SUNNY WILLIAMS,,WDE4940,80,0,25,8,,80,A
215677000,2020-08-21T16:31:57,36.96291,-76.42421,0.0,256.1,39.0,RIZE,IMO9584035,9HA2781,70,5,229,32,14.5,,A
355919000,2020-08-21T16:33:20,37.06829,-76.09440,15.5,149.9,149.0,MSC MARIA ELENA,IMO9304423,3EGR2,70,0,336,45,15.0,71,A
538005042,2020-08-21T16:19:35,36.92759,-76.32992,0.0,355.0,355.0,NILEDUTCH OSPREY,IMO9365829,V7AP5,70,5,182,28,11.0,71,A
355919000,2020-08-21T16:31:56,37.07357,-76.09812,15.6,150.1,150.0,MSC MARIA ELENA,IMO9304423,3EGR2,70,0,336,45,15.0,71,A
366839000,2020-08-21T16:34:09,36.85347,-76.31080,0.0,0.0,39.0,CAPE RISE,IMO7530808,KAFG,70,5,197,32,10.0,,A
367932000,2020-08-21T16:21:08,36.94916,-76.32962,0.0,107.0,279.0,JOHN LENTHALL,IMO8325547,NJLN,80,5,193,29,,,A
355919000,2020-08-21T16:34:44,37.06302,-76.09040,15.7,145.4,144.0,MSC MARIA ELENA,IMO9304423,3EGR2,70,0,336,45,15.0,71,A
538005042,2020-08-21T16:34:43,36.92759,-76.32992,0.0,355.0,355.0,NILEDUTCH OSPREY,IMO9365829,V7AP5,70,5,182,28,11.0,71,A
215677000,2020-08-21T16:34:58,36.96290,-76.42419,0.0,256.1,39.0,RIZE,IMO9584035,9HA2781,70,5,229,32,14.5,,A
367932000,2020-08-21T16:33:08,36.94915,-76.32966,0.0,107.0,279.0,JOHN LENTHALL,IMO8325547,NJLN,80,5,193,29,,,A
367861000,2020-08-21T16:33:00,36.94637,-76.32974,0.0,0.0,265.0,LARAMIE,IMO8906626,NLAR,80,5,193,29,,,A
538002652,2020-08-21T16:33:53,36.87948,-76.32645,0.0,207.0,276.0,NAIAS,IMO9330800,V7KN8,70,5,225,32,14.0,70,A
367861000,2020-08-21T16:35:59,36.94638,-76.32979,0.0,0.0,265.0,LARAMIE,IMO8906626,NLAR,80,5,193,29,,,A
538002953,2020-08-21T16:22:30,36.87758,-76.34996,0.0,91.7,347.0,SCT SANTIAGO,IMO9302566,V7NF7,70,5,294,32,13.5,71,A
367822000,2020-08-21T16:32:54,36.97310,-76.43385,0.0,0.0,238.0,USNS SHUGHART,IMO7825394,NAOQ,70,5,276,32,13.0,70,A
366839000,2020-08-21T16:22:12,36.85348,-76.31080,0.0,0.0,39.0,CAPE RISE,IMO7530808,KAFG,70,5,197,32,10.0,,A
477196100,2020-08-21T16:36:56,37.19798,-76.13457,0.1,30.4,176.0,DARYA MA,IMO9591674,VRJH5,70,1,229,32,14.5,,A
366842000,2020-08-21T16:23:05,36.85381,-76.31114,0.0,209.9,42.0,CAPE RACE,IMO7616377,KAFJ,70,5,197,32,10.0,35,A
538002953,2020-08-21T16:34:31,36.87757,-76.34995,0.0,0.0,347.0,SCT SANTIAGO,IMO9302566,V7NF7,70,5,294,32,13.5,71,A
355919000,2020-08-21T16:37:08,37.05465,-76.08223,15.8,140.7,141.0,MSC MARIA ELENA,IMO9304423,3EGR2,70,0,336,45,15.0,71,A
367822000,2020-08-21T16:35:56,36.97310,-76.43385,0.0,0.0,238.0,USNS SHUGHART,IMO7825394,NAOQ,70,5,276,32,13.0,70,A
368026000,2020-08-21T16:24:21,36.86576,-76.31604,0.0,270.5,2.0,BENAVIDEZ,IMO9218210,NBHG,70,5,289,32,10.9,70,A
367359930,2020-08-21T16:38:13,36.82408,-76.28902,0.0,295.9,511.0,SUNNY WILLIAMS,,WDE4940,80,0,25,8,,80,A
355919000,2020-08-21T16:38:14,37.05077,-76.07833,15.9,142.0,141.0,MSC MARIA ELENA,IMO9304423,3EGR2,70,0,336,45,15.0,71,A
538005042,2020-08-21T16:25:35,36.92759,-76.32992,0.0,355.0,355.0,NILEDUTCH OSPREY,IMO9365829,V7AP5,70,5,182,28,11.0,71,A
366839000,2020-08-21T16:25:15,36.85348,-76.31083,0.0,0.0,39.0,CAPE RISE,IMO7530808,KAFG,70,5,197,32,10.0,,A
367359930,2020-08-21T16:36:13,36.82405,-76.28902,0.0,293.7,511.0,SUNNY WILLIAMS,,WDE4940,80,0,25,8,,80,A
477196100,2020-08-21T16:40:00,37.19798,-76.13462,0.1,30.4,175.0,DARYA MA,IMO9591674,VRJH5,70,1,229,32,14.5,,A
355919000,2020-08-21T16:39:31,37.04626,-76.07386,15.5,141.5,142.0,MSC MARIA ELENA,IMO9304423,3EGR2,70,0,336,45,15.0,71,A
366839000,2020-08-21T16:28:09,36.85348,-76.31082,0.0,0.0,39.0,CAPE RISE,IMO7530808,KAFG,70,5,197,32,10.0,,A
367861000,2020-08-21T16:27:00,36.94639,-76.32980,0.0,0.0,265.0,LARAMIE,IMO8906626,NLAR,80,5,193,29,,,A
367821000,2020-08-21T16:37:20,36.97286,-76.43362,0.0,0.0,511.0,YANO,IMO7825409,NAQH,70,0,276,32,13.0,70,A
538002953,2020-08-21T16:37:31,36.87755,-76.34994,0.0,167.4,347.0,SCT SANTIAGO,IMO9302566,V7NF7,70,5,294,32,13.5,71,A
538002652,2020-08-21T16:39:49,36.87947,-76.32642,0.0,207.0,276.0,NAIAS,IMO9330800,V7KN8,70,5,225,32,14.0,70,A
366839000,2020-08-21T16:37:15,36.85350,-76.31081,0.0,0.0,39.0,CAPE RISE,IMO7530808,KAFG,70,5,197,32,10.0,,A
538002652,2020-08-21T16:27:52,36.87948,-76.32642,0.0,207.0,277.0,NAIAS,IMO9330800,V7KN8,70,5,225,32,14.0,70,A
367359930,2020-08-21T16:40:32,36.82409,-76.28902,0.0,298.4,511.0,SUNNY WILLIAMS,,WDE4940,80,0,25,8,,80,A
367861000,2020-08-21T16:30:00,36.94638,-76.32979,0.0,0.0,265.0,LARAMIE,IMO8906626,NLAR,80,5,193,29,,,A
367821000,2020-08-21T16:39:39,36.97286,-76.43363,0.0,0.0,511.0,YANO,IMO7825409,NAQH,70,0,276,32,13.0,70,A
367821000,2020-08-21T16:41:20,36.97286,-76.43363,0.0,0.0,511.0,YANO,IMO7825409,NAQH,70,0,276,32,13.0,70,A
368026000,2020-08-21T16:39:21,36.86577,-76.31603,0.0,270.5,2.0,BENAVIDEZ,IMO9218210,NBHG,70,5,289,32,10.9,70,A
215677000,2020-08-21T16:40:57,36.96290,-76.42422,0.0,256.1,39.0,RIZE,IMO9584035,9HA2781,70,5,229,32,14.5,,A
538005042,2020-08-21T16:40:46,36.92760,-76.32992,0.0,354.0,354.0,NILEDUTCH OSPREY,IMO9365829,V7AP5,70,5,182,28,11.0,71,A
367359930,2020-08-21T16:30:13,36.82402,-76.28898,0.0,299.9,511.0,SUNNY WILLIAMS,,WDE4940,80,0,25,8,,80,A
366842000,2020-08-21T16:44:03,36.85380,-76.31118,0.0,209.9,42.0,CAPE RACE,IMO7616377,KAFJ,70,5,197,32,10.0,35,A
367932000,2020-08-21T16:30:09,36.94915,-76.32963,0.0,107.0,279.0,JOHN LENTHALL,IMO8325547,NJLN,80,5,193,29,,,A
367932000,2020-08-21T16:39:07,36.94924,-76.32965,0.0,107.0,279.0,JOHN LENTHALL,IMO8325547,NJLN,80,5,193,29,,,A
538002953,2020-08-21T16:40:31,36.87758,-76.34994,0.0,257.2,347.0,SCT SANTIAGO,IMO9302566,V7NF7,70,5,294,32,13.5,71,A
368026000,2020-08-21T16:42:21,36.86577,-76.31605,0.0,270.5,2.0,BENAVIDEZ,IMO9218210,NBHG,70,5,289,32,10.9,70,A
477196100,2020-08-21T16:30:59,37.19801,-76.13456,0.1,30.4,174.0,DARYA MA,IMO9591674,VRJH5,70,1,229,32,14.5,,A
367821000,2020-08-21T16:46:29,36.97285,-76.43363,0.0,0.0,511.0,YANO,IMO7825409,NAQH,70,0,276,32,13.0,70,A
368026000,2020-08-21T16:45:21,36.86574,-76.31604,0.0,270.5,2.0,BENAVIDEZ,IMO9218210,NBHG,70,5,289,32,10.9,70,A
538002652,2020-08-21T16:45:50,36.87957,-76.32647,0.0,207.0,276.0,NAIAS,IMO9330800,V7KN8,70,5,225,32,14.0,70,A
367861000,2020-08-21T16:41:59,36.94637,-76.32976,0.0,0.0,265.0,LARAMIE,IMO8906626,NLAR,80,5,193,29,,,A
215677000,2020-08-21T16:46:54,36.96293,-76.42419,0.0,256.1,39.0,RIZE,IMO9584035,9HA2781,70,5,229,32,14.5,,A
366842000,2020-08-21T16:32:07,36.85380,-76.31120,0.0,209.9,42.0,CAPE RACE,IMO7616377,KAFJ,70,5,197,32,10.0,35,A
367822000,2020-08-21T16:41:56,36.97305,-76.43386,0.0,0.0,238.0,USNS SHUGHART,IMO7825394,NAOQ,70,5,276,32,13.0,70,A
477196100,2020-08-21T16:43:02,37.19800,-76.13464,0.1,30.4,173.0,DARYA MA,IMO9591674,VRJH5,70,1,229,32,14.5,,A
367359930,2020-08-21T16:33:43,36.82406,-76.28903,0.0,290.7,511.0,SUNNY WILLIAMS,,WDE4940,80,0,25,8,,80,A
367359930,2020-08-21T16:44:41,36.82406,-76.28902,0.0,306.5,511.0,SUNNY WILLIAMS,,WDE4940,80,0,25,8,,80,A
367821000,2020-08-21T16:45:10,36.97285,-76.43363,0.0,0.0,511.0,YANO,IMO7825409,NAQH,70,0,276,32,13.0,70,A
367821000,2020-08-21T16:36:09,36.97286,-76.43362,0.0,0.0,511.0,YANO,IMO7825409,NAQH,70,0,276,32,13.0,70,A
366839000,2020-08-21T16:43:15,36.85350,-76.31082,0.0,0.0,39.0,CAPE RISE,IMO7530808,KAFG,70,5,197,32,10.0,,A
215677000,2020-08-21T16:43:57,36.96290,-76.42419,0.0,256.1,39.0,RIZE,IMO9584035,9HA2781,70,5,229,32,14.5,,A
367932000,2020-08-21T16:45:08,36.94915,-76.32962,0.0,107.0,279.0,JOHN LENTHALL,IMO8325547,NJLN,80,5,193,29,,,A
477196100,2020-08-21T16:34:01,37.19799,-76.13454,0.0,30.4,176.0,DARYA MA,IMO9591674,VRJH5,70,1,229,32,14.5,,A
367821000,2020-08-21T16:51:10,36.97285,-76.43363,0.0,0.0,511.0,YANO,IMO7825409,NAQH,70,0,276,32,13.0,70,A
368026000,2020-08-21T16:36:21,36.86576,-76.31605,0.0,270.5,2.0,BENAVIDEZ,IMO9218210,NBHG,70,5,289,32,10.9,70,A
366842000,2020-08-21T16:47:08,36.85382,-76.31118,0.0,209.9,42.0,CAPE RACE,IMO7616377,KAFJ,70,5,197,32,10.0,35,A
366842000,2020-08-21T16:35:06,36.85379,-76.31118,0.0,209.9,42.0,CAPE RACE,IMO7616377,KAFJ,70,5,197,32,10.0,35,A
367821000,2020-08-21T16:49:20,36.97285,-76.43363,0.0,0.0,511.0,YANO,IMO7825409,NAQH,70,0,276,32,13.0,70,A
367861000,2020-08-21T16:45:00,36.94638,-76.32978,0.0,0.0,265.0,LARAMIE,IMO8906626,NLAR,80,5,193,29,,,A
538005042,2020-08-21T16:37:43,36.92760,-76.32992,0.0,354.0,354.0,NILEDUTCH OSPREY,IMO9365829,V7AP5,70,5,182,28,11.0,71,A
477196100,2020-08-21T16:46:00,37.19805,-76.13461,0.1,30.4,172.0,DARYA MA,IMO9591674,VRJH5,70,1,229,32,14.5,,A
367821000,2020-08-21T16:48:10,36.97285,-76.43363,0.0,0.0,511.0,YANO,IMO7825409,NAQH,70,0,276,32,13.0,70,A
538002652,2020-08-21T16:48:51,36.87938,-76.32650,0.0,207.0,276.0,NAIAS,IMO9330800,V7KN8,70,5,225,32,14.0,70,A
368026000,2020-08-21T16:48:20,36.86574,-76.31601,0.0,270.5,2.0,BENAVIDEZ,IMO9218210,NBHG,70,5,289,32,10.9,70,A
366842000,2020-08-21T16:41:03,36.85379,-76.31119,0.0,209.9,42.0,CAPE RACE,IMO7616377,KAFJ,70,5,197,32,10.0,35,A
367932000,2020-08-21T16:36:09,36.94916,-76.32962,0.0,107.0,279.0,JOHN LENTHALL,IMO8325547,NJLN,80,5,193,29,,,A
366842000,2020-08-21T16:50:03,36.85381,-76.31113,0.0,209.9,43.0,CAPE RACE,IMO7616377,KAFJ,70,5,197,32,10.0,35,A
538002652,2020-08-21T16:36:50,36.87947,-76.32643,0.0,207.0,276.0,NAIAS,IMO9330800,V7KN8,70,5,225,32,14.0,70,A
367822000,2020-08-21T16:50:56,36.97310,-76.43383,0.0,0.0,238.0,USNS SHUGHART,IMO7825394,NAOQ,70,5,276,32,13.0,70,A
215677000,2020-08-21T16:37:59,36.96291,-76.42419,0.0,256.1,39.0,RIZE,IMO9584035,9HA2781,70,5,229,32,14.5,,A
367822000,2020-08-21T16:47:56,36.97310,-76.43383,0.0,0.0,238.0,USNS SHUGHART,IMO7825394,NAOQ,70,5,276,32,13.0,70,A
367821000,2020-08-21T16:42:49,36.97285,-76.43363,0.0,0.0,511.0,YANO,IMO7825409,NAQH,70,0,276,32,13.0,70,A
367821000,2020-08-21T16:38:30,36.97286,-76.43363,0.0,0.0,511.0,YANO,IMO7825409,NAQH,70,0,276,32,13.0,70,A
367359930,2020-08-21T16:53:21,36.82407,-76.28904,0.0,314.3,511.0,SUNNY WILLIAMS,,WDE4940,80,0,25,8,,80,A
477196100,2020-08-21T16:49:00,37.19806,-76.13447,0.1,30.4,174.0,DARYA MA,IMO9591674,VRJH5,70,1,229,32,14.5,,A
367359930,2020-08-21T16:47:31,36.82406,-76.28903,0.0,309.1,511.0,SUNNY WILLIAMS,,WDE4940,80,0,25,8,,80,A
367822000,2020-08-21T16:38:55,36.97310,-76.43385,0.0,0.0,238.0,USNS SHUGHART,IMO7825394,NAOQ,70,5,276,32,13.0,70,A
366839000,2020-08-21T16:52:13,36.85348,-76.31081,0.0,0.0,39.0,CAPE RISE,IMO7530808,KAFG,70,5,197,32,10.0,,A
538005042,2020-08-21T16:43:43,36.92760,-76.32992,0.0,354.0,354.0,NILEDUTCH OSPREY,IMO9365829,V7AP5,70,5,182,28,11.0,71,A
538005042,2020-08-21T16:49:48,36.92760,-76.32992,0.0,354.0,354.0,NILEDUTCH OSPREY,IMO9365829,V7AP5,70,5,182,28,11.0,71,A
477196100,2020-08-21T16:51:58,37.19808,-76.13433,0.1,72.2,179.0,DARYA MA,IMO9591674,VRJH5,70,1,229,32,14.5,,A
366839000,2020-08-21T16:55:17,36.85345,-76.31080,0.0,0.0,39.0,CAPE RISE,IMO7530808,KAFG,70,5,197,32,10.0,,A
367932000,2020-08-21T16:51:07,36.94910,-76.32978,0.0,107.0,279.0,JOHN LENTHALL,IMO8325547,NJLN,80,5,193,29,,,A
538005042,2020-08-21T16:52:48,36.92759,-76.32992,0.0,354.0,354.0,NILEDUTCH OSPREY,IMO9365829,V7AP5,70,5,182,28,11.0,71,A
367932000,2020-08-21T16:42:09,36.94915,-76.32964,0.0,107.0,279.0,JOHN LENTHALL,IMO8325547,NJLN,80,5,193,29,,,A
215677000,2020-08-21T16:52:56,36.96291,-76.42419,0.0,256.1,39.0,RIZE,IMO9584035,9HA2781,70,5,229,32,14.5,,A
538002652,2020-08-21T16:54:53,36.87935,-76.32652,0.0,207.0,276.0,NAIAS,IMO9330800,V7KN8,70,5,225,32,14.0,70,A
538002652,2020-08-21T16:51:50,36.87933,-76.32642,0.0,207.0,276.0,NAIAS,IMO9330800,V7KN8,70,5,225,32,14.0,70,A
538002652,2020-08-21T16:42:52,36.87952,-76.32645,0.0,207.0,276.0,NAIAS,IMO9330800,V7KN8,70,5,225,32,14.0,70,A
367821000,2020-08-21T16:56:59,36.97282,-76.43365,0.0,0.0,511.0,YANO,IMO7825409,NAQH,70,0,276,32,13.0,70,A
368026000,2020-08-21T16:57:20,36.86576,-76.31605,0.0,270.5,2.0,BENAVIDEZ,IMO9218210,NBHG,70,5,289,32,10.9,70,A
367359930,2020-08-21T16:59:13,36.82409,-76.28903,0.0,326.6,511.0,SUNNY WILLIAMS,,WDE4940,80,0,25,8,,80,A
366842000,2020-08-21T16:59:09,36.85382,-76.31121,0.0,209.9,43.0,CAPE RACE,IMO7616377,KAFJ,70,5,197,32,10.0,35,A
367822000,2020-08-21T16:44:56,36.97308,-76.43384,0.0,0.0,238.0,USNS SHUGHART,IMO7825394,NAOQ,70,5,276,32,13.0,70,A
538002953,2020-08-21T16:58:31,36.87761,-76.34993,0.0,122.2,347.0,SCT SANTIAGO,IMO9302566,V7NF7,70,5,294,32,13.5,71,A
366839000,2020-08-21T16:58:13,36.85351,-76.31088,0.0,0.0,39.0,CAPE RISE,IMO7530808,KAFG,70,5,197,32,10.0,,A
366839000,2020-08-21T16:46:09,36.85345,-76.31081,0.0,0.0,39.0,CAPE RISE,IMO7530808,KAFG,70,5,197,32,10.0,,A
538002953,2020-08-21T16:46:31,36.87758,-76.34996,0.0,103.8,347.0,SCT SANTIAGO,IMO9302566,V7NF7,70,5,294,32,13.5,71,A
538005042,2020-08-21T16:46:45,36.92759,-76.32992,0.0,354.0,354.0,NILEDUTCH OSPREY,IMO9365829,V7AP5,70,5,182,28,11.0,71,A
367822000,2020-08-21T16:56:56,36.97310,-76.43383,0.0,0.0,238.0,USNS SHUGHART,IMO7825394,NAOQ,70,5,276,32,13.0,70,A
367861000,2020-08-21T17:00:00,36.94637,-76.32984,0.0,0.0,265.0,LARAMIE,IMO8906626,NLAR,80,5,193,29,,,A
367359930,2020-08-21T16:56:32,36.82408,-76.28904,0.0,320.9,511.0,SUNNY WILLIAMS,,WDE4940,80,0,25,8,,80,A
477196100,2020-08-21T16:58:01,37.19804,-76.13438,0.1,72.2,180.0,DARYA MA,IMO9591674,VRJH5,70,1,229,32,14.5,,A
538002953,2020-08-21T16:49:31,36.87758,-76.34995,0.0,122.3,347.0,SCT SANTIAGO,IMO9302566,V7NF7,70,5,294,32,13.5,71,A
367932000,2020-08-21T16:57:08,36.94921,-76.32966,0.0,107.0,279.0,JOHN LENTHALL,IMO8325547,NJLN,80,5,193,29,,,A
215677000,2020-08-21T16:58:54,36.96291,-76.42419,0.0,256.1,39.0,RIZE,IMO9584035,9HA2781,70,5,229,32,14.5,,A
215677000,2020-08-21T16:49:55,36.96291,-76.42421,0.0,256.1,39.0,RIZE,IMO9584035,9HA2781,70,5,229,32,14.5,,A
367821000,2020-08-21T16:59:19,36.97286,-76.43364,0.0,0.0,511.0,YANO,IMO7825409,NAQH,70,0,276,32,13.0,70,A
477196100,2020-08-21T16:55:01,37.19803,-76.13432,0.0,72.2,181.0,DARYA MA,IMO9591674,VRJH5,70,1,229,32,14.5,,A
538005042,2020-08-21T16:55:51,36.92760,-76.32992,0.0,354.0,354.0,NILEDUTCH OSPREY,IMO9365829,V7AP5,70,5,182,28,11.0,71,A
538002652,2020-08-21T17:00:51,36.87938,-76.32648,0.0,207.0,276.0,NAIAS,IMO9330800,V7KN8,70,5,225,32,14.0,70,A
367821000,2020-08-21T17:01:19,36.97285,-76.43364,0.0,0.0,511.0,YANO,IMO7825409,NAQH,70,0,276,32,13.0,70,A
366842000,2020-08-21T17:02:07,36.85381,-76.31122,0.0,209.9,43.0,CAPE RACE,IMO7616377,KAFJ,70,5,197,32,10.0,35,A
367861000,2020-08-21T16:56:59,36.94640,-76.32980,0.0,0.0,265.0,LARAMIE,IMO8906626,NLAR,80,5,193,29,,,A
366839000,2020-08-21T16:49:15,36.85349,-76.31081,0.0,0.0,39.0,CAPE RISE,IMO7530808,KAFG,70,5,197,32,10.0,,A
538002652,2020-08-21T16:57:52,36.87940,-76.32647,0.0,207.0,276.0,NAIAS,IMO9330800,V7KN8,70,5,225,32,14.0,70,A
538002652,2020-08-21T17:03:51,36.87937,-76.32643,0.0,207.0,276.0,NAIAS,IMO9330800,V7KN8,70,5,225,32,14.0,70,A
367821000,2020-08-21T16:53:29,36.97285,-76.43363,0.0,0.0,511.0,YANO,IMO7825409,NAQH,70,0,276,32,13.0,70,A
367822000,2020-08-21T16:53:55,36.97310,-76.43384,0.0,0.0,238.0,USNS SHUGHART,IMO7825394,NAOQ,70,5,276,32,13.0,70,A
367359930,2020-08-21T17:00:02,36.82406,-76.28903,0.0,326.7,511.0,SUNNY WILLIAMS,,WDE4940,80,0,25,8,,80,A
367932000,2020-08-21T16:54:08,36.94914,-76.32965,0.0,107.0,279.0,JOHN LENTHALL,IMO8325547,NJLN,80,5,193,29,,,A
477196100,2020-08-21T17:04:01,37.19810,-76.13451,0.1,72.2,174.0,DARYA MA,IMO9591674,VRJH5,70,1,229,32,14.5,,A
366839000,2020-08-21T17:04:13,36.85345,-76.31085,0.0,0.0,39.0,CAPE RISE,IMO7530808,KAFG,70,5,197,32,10.0,,A
367359930,2020-08-21T17:04:32,36.82405,-76.28903,0.0,325.1,511.0,SUNNY WILLIAMS,,WDE4940,80,0,25,8,,80,A
538002953,2020-08-21T16:55:31,36.87761,-76.34995,0.0,140.7,347.0,SCT SANTIAGO,IMO9302566,V7NF7,70,5,294,32,13.5,71,A
367861000,2020-08-21T16:51:00,36.94637,-76.32977,0.0,0.0,265.0,LARAMIE,IMO8906626,NLAR,80,5,193,29,,,A
367359930,2020-08-21T17:03:31,36.82406,-76.28902,0.0,328.0,511.0,SUNNY WILLIAMS,,WDE4940,80,0,25,8,,80,A
367821000,2020-08-21T17:06:10,36.97285,-76.43364,0.0,0.0,511.0,YANO,IMO7825409,NAQH,70,0,276,32,13.0,70,A
367821000,2020-08-21T17:03:39,36.97285,-76.43364,0.0,0.0,511.0,YANO,IMO7825409,NAQH,70,0,276,32,13.0,70,A
368026000,2020-08-21T17:06:20,36.86575,-76.31605,0.0,270.5,2.0,BENAVIDEZ,IMO9218210,NBHG,70,5,289,32,10.9,70,A
538002652,2020-08-21T17:06:51,36.87935,-76.32640,0.0,207.0,276.0,NAIAS,IMO9330800,V7KN8,70,5,225,32,14.0,70,A
367821000,2020-08-21T17:04:49,36.97285,-76.43364,0.0,0.0,511.0,YANO,IMO7825409,NAQH,70,0,276,32,13.0,70,A
215677000,2020-08-21T17:04:59,36.96291,-76.42420,0.1,256.1,39.0,RIZE,IMO9584035,9HA2781,70,5,229,32,14.5,,A
215677000,2020-08-21T17:01:58,36.96289,-76.42421,0.0,256.1,39.0,RIZE,IMO9584035,9HA2781,70,5,229,32,14.5,,A
538005042,2020-08-21T17:01:51,36.92759,-76.32992,0.0,354.0,354.0,NILEDUTCH OSPREY,IMO9365829,V7AP5,70,5,182,28,11.0,71,A
367359930,2020-08-21T16:54:32,36.82406,-76.28905,0.0,316.7,511.0,SUNNY WILLIAMS,,WDE4940,80,0,25,8,,80,A
367821000,2020-08-21T16:58:10,36.97284,-76.43365,0.0,0.0,511.0,YANO,IMO7825409,NAQH,70,0,276,32,13.0,70,A
366842000,2020-08-21T17:05:03,36.85383,-76.31121,0.0,209.9,42.0,CAPE RACE,IMO7616377,KAFJ,70,5,197,32,10.0,35,A
367359930,2020-08-21T17:05:42,36.82408,-76.28905,0.1,324.8,511.0,SUNNY WILLIAMS,,WDE4940,80,0,25,8,,80,A
367821000,2020-08-21T17:08:49,36.97286,-76.43363,0.0,0.0,511.0,YANO,IMO7825409,NAQH,70,0,276,32,13.0,70,A
367359930,2020-08-21T17:09:11,36.82406,-76.28901,0.0,328.8,511.0,SUNNY WILLIAMS,,WDE4940,80,0,25,8,,80,A
368026000,2020-08-21T16:54:20,36.86577,-76.31605,0.0,270.5,2.0,BENAVIDEZ,IMO9218210,NBHG,70,5,289,32,10.9,70,A
215677000,2020-08-21T17:07:59,36.96290,-76.42421,0.0,256.1,39.0,RIZE,IMO9584035,9HA2781,70,5,229,32,14.5,,A
367359930,2020-08-21T17:08:02,36.82407,-76.28902,0.0,325.4,511.0,SUNNY WILLIAMS,,WDE4940,80,0,25,8,,80,A
367822000,2020-08-21T17:05:55,36.97311,-76.43383,0.0,0.0,238.0,USNS SHUGHART,IMO7825394,NAOQ,70,5,276,32,13.0,70,A
367822000,2020-08-21T16:59:54,36.97310,-76.43382,0.0,0.0,238.0,USNS SHUGHART,IMO7825394,NAOQ,70,5,276,32,13.0,70,A
367932000,2020-08-21T17:09:08,36.94924,-76.32973,0.0,107.0,279.0,JOHN LENTHALL,IMO8325547,NJLN,80,5,193,29,,,A
367861000,2020-08-21T17:06:00,36.94637,-76.32974,0.0,0.0,265.0,LARAMIE,IMO8906626,NLAR,80,5,193,29,,,A
538002652,2020-08-21T17:09:50,36.87943,-76.32643,0.0,207.0,276.0,NAIAS,IMO9330800,V7KN8,70,5,225,32,14.0,70,A
477196100,2020-08-21T17:06:56,37.19813,-76.13451,0.1,72.2,174.0,DARYA MA,IMO9591674,VRJH5,70,1,229,32,14.5,,A
538002953,2020-08-21T17:07:32,36.87758,-76.34995,0.1,234.9,347.0,SCT SANTIAGO,IMO9302566,V7NF7,70,5,294,32,13.5,71,A
215677000,2020-08-21T17:10:59,36.96289,-76.42421,0.0,256.1,39.0,RIZE,IMO9584035,9HA2781,70,5,229,32,14.5,,A
538005042,2020-08-21T17:07:55,36.92759,-76.32992,0.0,354.0,354.0,NILEDUTCH OSPREY,IMO9365829,V7AP5,70,5,182,28,11.0,71,A
367861000,2020-08-21T17:12:01,36.94638,-76.32978,0.0,0.0,265.0,LARAMIE,IMO8906626,NLAR,80,5,193,29,,,A
367822000,2020-08-21T17:11:55,36.97311,-76.43382,0.0,0.0,238.0,USNS SHUGHART,IMO7825394,NAOQ,70,5,276,32,13.0,70,A
367822000,2020-08-21T17:02:56,36.97311,-76.43383,0.0,0.0,238.0,USNS SHUGHART,IMO7825394,NAOQ,70,5,276,32,13.0,70,A
368026000,2020-08-21T17:12:21,36.86577,-76.31606,0.0,270.5,2.0,BENAVIDEZ,IMO9218210,NBHG,70,5,289,32,10.9,70,A
367821000,2020-08-21T17:13:29,36.97286,-76.43364,0.0,0.0,511.0,YANO,IMO7825409,NAQH,70,0,276,32,13.0,70,A
367932000,2020-08-21T17:12:08,36.94915,-76.32962,0.0,107.0,279.0,JOHN LENTHALL,IMO8325547,NJLN,80,5,193,29,,,A
538002953,2020-08-21T17:04:31,36.87759,-76.34996,0.0,1.3,347.0,SCT SANTIAGO,IMO9302566,V7NF7,70,5,294,32,13.5,71,A
367359930,2020-08-21T17:10:31,36.82407,-76.28901,0.0,331.8,511.0,SUNNY WILLIAMS,,WDE4940,80,0,25,8,,80,A
367822000,2020-08-21T17:08:55,36.97311,-76.43383,0.0,0.0,238.0,USNS SHUGHART,IMO7825394,NAOQ,70,5,276,32,13.0,70,A
368026000,2020-08-21T17:00:20,36.86574,-76.31604,0.0,270.5,2.0,BENAVIDEZ,IMO9218210,NBHG,70,5,289,32,10.9,70,A
367861000,2020-08-21T17:15:00,36.94638,-76.32980,0.0,0.0,265.0,LARAMIE,IMO8906626,NLAR,80,5,193,29,,,A
367359930,2020-08-21T17:14:02,36.82405,-76.28903,0.0,332.5,511.0,SUNNY WILLIAMS,,WDE4940,80,0,25,8,,80,A
366839000,2020-08-21T17:01:17,36.85348,-76.31081,0.0,0.0,39.0,CAPE RISE,IMO7530808,KAFG,70,5,197,32,10.0,,A
477196100,2020-08-21T17:01:01,37.19808,-76.13447,0.1,72.2,177.0,DARYA MA,IMO9591674,VRJH5,70,1,229,32,14.5,,A
367359930,2020-08-21T17:01:13,36.82406,-76.28902,0.0,328.3,511.0,SUNNY WILLIAMS,,WDE4940,80,0,25,8,,80,A
477196100,2020-08-21T17:16:01,37.19812,-76.13437,0.1,72.2,177.0,DARYA MA,IMO9591674,VRJH5,70,1,229,32,14.5,,A
367861000,2020-08-21T17:03:01,36.94637,-76.32976,0.0,0.0,265.0,LARAMIE,IMO8906626,NLAR,80,5,193,29,,,A
538002652,2020-08-21T17:15:49,36.87942,-76.32642,0.0,271.0,276.0,NAIAS,IMO9330800,V7KN8,70,5,225,32,14.0,70,A
366839000,2020-08-21T17:16:12,36.85348,-76.31086,0.0,0.0,39.0,CAPE RISE,IMO7530808,KAFG,70,5,197,32,10.0,,A
368026000,2020-08-21T17:03:21,36.86576,-76.31604,0.1,270.5,2.0,BENAVIDEZ,IMO9218210,NBHG,70,5,289,32,10.9,70,A
367821000,2020-08-21T17:10:59,36.97286,-76.43364,0.0,0.0,511.0,YANO,IMO7825409,NAQH,70,0,276,32,13.0,70,A
215677000,2020-08-21T17:16:59,36.96290,-76.42419,0.0,256.1,39.0,RIZE,IMO9584035,9HA2781,70,5,229,32,14.5,,A
367359930,2020-08-21T17:11:43,36.82407,-76.28902,0.0,332.8,511.0,SUNNY WILLIAMS,,WDE4940,80,0,25,8,,80,A
366842000,2020-08-21T17:14:07,36.85379,-76.31116,0.0,209.9,42.0,CAPE RACE,IMO7616377,KAFJ,70,5,197,32,10.0,35,A
538002652,2020-08-21T17:18:52,36.87943,-76.32633,0.0,271.0,276.0,NAIAS,IMO9330800,V7KN8,70,5,225,32,14.0,70,A
367822000,2020-08-21T17:17:55,36.97313,-76.43384,0.0,0.0,238.0,USNS SHUGHART,IMO7825394,NAOQ,70,5,276,32,13.0,70,A
367821000,2020-08-21T17:19:29,36.97286,-76.43364,0.0,0.0,511.0,YANO,IMO7825409,NAQH,70,0,276,32,13.0,70,A
367359930,2020-08-21T17:06:53,36.82408,-76.28903,0.0,321.2,511.0,SUNNY WILLIAMS,,WDE4940,80,0,25,8,,80,A
368026000,2020-08-21T17:21:21,36.86577,-76.31606,0.0,270.5,2.0,BENAVIDEZ,IMO9218210,NBHG,70,5,289,32,10.9,70,A
367932000,2020-08-21T17:06:09,36.94918,-76.32970,0.0,107.0,279.0,JOHN LENTHALL,IMO8325547,NJLN,80,5,193,29,,,A
367821000,2020-08-21T17:15:50,36.97286,-76.43364,0.0,0.0,511.0,YANO,IMO7825409,NAQH,70,0,276,32,13.0,70,A
367359930,2020-08-21T17:18:42,36.82404,-76.28902,0.0,323.6,511.0,SUNNY WILLIAMS,,WDE4940,80,0,25,8,,80,A
477196100,2020-08-21T17:19:00,37.19813,-76.13438,0.0,72.2,178.0,DARYA MA,IMO9591674,VRJH5,70,1,229,32,14.5,,A
366839000,2020-08-21T17:19:12,36.85352,-76.31084,0.0,0.0,39.0,CAPE RISE,IMO7530808,KAFG,70,5,197,32,10.0,,A
366839000,2020-08-21T17:10:12,36.85348,-76.31081,0.0,0.0,39.0,CAPE RISE,IMO7530808,KAFG,70,5,197,32,10.0,,A
538005042,2020-08-21T17:10:58,36.92759,-76.32991,0.1,84.0,354.0,NILEDUTCH OSPREY,IMO9365829,V7AP5,70,5,182,28,11.0,71,A
367822000,2020-08-21T17:14:55,36.97313,-76.43382,0.0,0.0,238.0,USNS SHUGHART,IMO7825394,NAOQ,70,5,276,32,13.0,70,A
367359930,2020-08-21T17:20:12,36.82406,-76.28903,0.0,325.1,511.0,SUNNY WILLIAMS,,WDE4940,80,0,25,8,,80,A
366842000,2020-08-21T17:08:06,36.85379,-76.31118,0.0,209.9,42.0,CAPE RACE,IMO7616377,KAFJ,70,5,197,32,10.0,35,A
366842000,2020-08-21T17:17:09,36.85386,-76.31119,0.0,209.9,42.0,CAPE RACE,IMO7616377,KAFJ,70,5,197,32,10.0,35,A
367932000,2020-08-21T17:15:07,36.94917,-76.32964,0.0,107.0,279.0,JOHN LENTHALL,IMO8325547,NJLN,80,5,193,29,,,A
367861000,2020-08-21T17:21:00,36.94640,-76.32985,0.0,0.0,265.0,LARAMIE,IMO8906626,NLAR,80,5,193,29,,,A
367932000,2020-08-21T17:18:08,36.94911,-76.32971,0.0,107.0,279.0,JOHN LENTHALL,IMO8325547,NJLN,80,5,193,29,,,A
477196100,2020-08-21T17:22:00,37.19811,-76.13439,0.1,72.2,178.0,DARYA MA,IMO9591674,VRJH5,70,1,229,32,14.5,,A
367861000,2020-08-21T17:18:01,36.94637,-76.32981,0.0,0.0,265.0,LARAMIE,IMO8906626,NLAR,80,5,193,29,,,A
368026000,2020-08-21T17:09:20,36.86575,-76.31605,0.0,270.5,2.0,BENAVIDEZ,IMO9218210,NBHG,70,5,289,32,10.9,70,A
367359930,2020-08-21T17:15:11,36.82404,-76.28903,0.0,331.2,511.0,SUNNY WILLIAMS,,WDE4940,80,0,25,8,,80,A
538002953,2020-08-21T17:22:32,36.87760,-76.34993,0.0,325.5,347.0,SCT SANTIAGO,IMO9302566,V7NF7,70,5,294,32,13.5,71,A
366842000,2020-08-21T17:20:05,36.85384,-76.31117,0.0,209.9,43.0,CAPE RACE,IMO7616377,KAFJ,70,5,197,32,10.0,35,A
367359930,2020-08-21T17:16:12,36.82407,-76.28904,0.0,328.2,511.0,SUNNY WILLIAMS,,WDE4940,80,0,25,8,,80,A
368026000,2020-08-21T17:15:21,36.86577,-76.31604,0.0,270.5,2.0,BENAVIDEZ,IMO9218210,NBHG,70,5,289,32,10.9,70,A
538005042,2020-08-21T17:20:00,36.92759,-76.32991,0.1,84.0,354.0,NILEDUTCH OSPREY,IMO9365829,V7AP5,70,5,182,28,11.0,71,A
367359930,2020-08-21T17:17:32,36.82406,-76.28903,0.0,327.0,511.0,SUNNY WILLIAMS,,WDE4940,80,0,25,8,,80,A
368026000,2020-08-21T17:24:21,36.86576,-76.31605,0.0,270.5,2.0,BENAVIDEZ,IMO9218210,NBHG,70,5,289,32,10.9,70,A
366842000,2020-08-21T17:11:08,36.85383,-76.31122,0.0,209.9,42.0,CAPE RACE,IMO7616377,KAFJ,70,5,197,32,10.0,35,A
367861000,2020-08-21T17:24:00,36.94639,-76.32981,0.0,0.0,265.0,LARAMIE,IMO8906626,NLAR,80,5,193,29,,,A
367932000,2020-08-21T17:24:08,36.94910,-76.32975,0.0,107.0,279.0,JOHN LENTHALL,IMO8325547,NJLN,80,5,193,29,,,A
367821000,2020-08-21T17:25:39,36.97287,-76.43364,0.0,0.0,511.0,YANO,IMO7825409,NAQH,70,0,276,32,13.0,70,A
538002652,2020-08-21T17:24:51,36.87940,-76.32645,0.0,271.0,276.0,NAIAS,IMO9330800,V7KN8,70,5,225,32,14.0,70,A
367359930,2020-08-21T17:21:33,36.82408,-76.28904,0.0,321.3,511.0,SUNNY WILLIAMS,,WDE4940,80,0,25,8,,80,A
366842000,2020-08-21T17:26:07,36.85383,-76.31117,0.0,209.9,43.0,CAPE RACE,IMO7616377,KAFJ,70,5,197,32,10.0,35,A
538002953,2020-08-21T17:13:32,36.87761,-76.34996,0.0,290.9,347.0,SCT SANTIAGO,IMO9302566,V7NF7,70,5,294,32,13.5,71,A
366839000,2020-08-21T17:13:10,36.85349,-76.31083,0.0,0.0,39.0,CAPE RISE,IMO7530808,KAFG,70,5,197,32,10.0,,A
367821000,2020-08-21T17:14:39,36.97286,-76.43364,0.0,0.0,511.0,YANO,IMO7825409,NAQH,70,0,276,32,13.0,70,A
367932000,2020-08-21T17:27:08,36.94919,-76.32965,0.0,107.0,279.0,JOHN LENTHALL,IMO8325547,NJLN,80,5,193,29,,,A
368026000,2020-08-21T17:18:20,36.86576,-76.31605,0.0,270.5,2.0,BENAVIDEZ,IMO9218210,NBHG,70,5,289,32,10.9,70,A
367359930,2020-08-21T17:30:11,36.82410,-76.28905,0.0,331.1,511.0,SUNNY WILLIAMS,,WDE4940,80,0,25,8,,80,A
367822000,2020-08-21T17:23:56,36.97313,-76.43385,0.0,0.0,238.0,USNS SHUGHART,IMO7825394,NAOQ,70,5,276,32,13.0,70,A
366842000,2020-08-21T17:29:07,36.85383,-76.31120,0.0,209.9,43.0,CAPE RACE,IMO7616377,KAFJ,70,5,197,32,10.0,35,A
367359930,2020-08-21T17:25:02,36.82409,-76.28903,0.0,321.0,511.0,SUNNY WILLIAMS,,WDE4940,80,0,25,8,,80,A
367359930,2020-08-21T17:28:22,36.82409,-76.28904,0.0,333.3,511.0,SUNNY WILLIAMS,,WDE4940,80,0,25,8,,80,A
538002953,2020-08-21T17:16:32,36.87757,-76.34997,0.0,339.2,347.0,SCT SANTIAGO,IMO9302566,V7NF7,70,5,294,32,13.5,71,A
538005042,2020-08-21T17:16:59,36.92759,-76.32992,0.0,354.0,354.0,NILEDUTCH OSPREY,IMO9365829,V7AP5,70,5,182,28,11.0,71,A
538002953,2020-08-21T17:19:32,36.87759,-76.34996,0.0,340.2,347.0,SCT SANTIAGO,IMO9302566,V7NF7,70,5,294,32,13.5,71,A
367821000,2020-08-21T17:31:09,36.97286,-76.43364,0.0,0.0,511.0,YANO,IMO7825409,NAQH,70,0,276,32,13.0,70,A
367822000,2020-08-21T17:20:55,36.97313,-76.43384,0.0,0.0,238.0,USNS SHUGHART,IMO7825394,NAOQ,70,5,276,32,13.0,70,A
367861000,2020-08-21T17:30:00,36.94638,-76.32985,0.0,0.0,265.0,LARAMIE,IMO8906626,NLAR,80,5,193,29,,,A
367822000,2020-08-21T17:29:55,36.97314,-76.43385,0.0,0.0,238.0,USNS SHUGHART,IMO7825394,NAOQ,70,5,276,32,13.0,70,A
538002652,2020-08-21T17:27:52,36.87932,-76.32652,0.0,271.0,277.0,NAIAS,IMO9330800,V7KN8,70,5,225,32,14.0,70,A
367821000,2020-08-21T17:21:50,36.97286,-76.43364,0.0,0.0,511.0,YANO,IMO7825409,NAQH,70,0,276,32,13.0,70,A
366839000,2020-08-21T17:31:13,36.85347,-76.31083,0.0,0.0,39.0,CAPE RISE,IMO7530808,KAFG,70,5,197,32,10.0,,A
367359930,2020-08-21T17:32:32,36.82404,-76.28904,0.0,324.0,511.0,SUNNY WILLIAMS,,WDE4940,80,0,25,8,,80,A
477196100,2020-08-21T17:31:01,37.19812,-76.13431,0.1,72.2,179.0,DARYA MA,IMO9591674,VRJH5,70,1,229,32,14.5,,A
538002652,2020-08-21T17:21:50,36.87938,-76.32638,0.0,271.0,276.0,NAIAS,IMO9330800,V7KN8,70,5,225,32,14.0,70,A
367821000,2020-08-21T17:18:19,36.97286,-76.43364,0.0,0.0,511.0,YANO,IMO7825409,NAQH,70,0,276,32,13.0,70,A
215677000,2020-08-21T17:22:59,36.96289,-76.42420,0.0,256.1,39.0,RIZE,IMO9584035,9HA2781,70,5,229,32,14.5,,A
366839000,2020-08-21T17:28:16,36.85352,-76.31080,0.0,0.0,39.0,CAPE RISE,IMO7530808,KAFG,70,5,197,32,10.0,,A
366842000,2020-08-21T17:32:06,36.85386,-76.31118,0.0,209.9,43.0,CAPE RACE,IMO7616377,KAFJ,70,5,197,32,10.0,35,A
538002652,2020-08-21T17:30:50,36.87938,-76.32642,0.0,271.0,277.0,NAIAS,IMO9330800,V7KN8,70,5,225,32,14.0,70,A
367359930,2020-08-21T17:33:42,36.82405,-76.28905,0.0,313.0,511.0,SUNNY WILLIAMS,,WDE4940,80,0,25,8,,80,A
215677000,2020-08-21T17:31:55,36.96292,-76.42421,0.0,256.1,39.0,RIZE,IMO9584035,9HA2781,70,5,229,32,14.5,,A
367359930,2020-08-21T17:22:41,36.82406,-76.28900,0.0,324.5,511.0,SUNNY WILLIAMS,,WDE4940,80,0,25,8,,80,A
367821000,2020-08-21T17:20:39,36.97286,-76.43364,0.0,0.0,511.0,YANO,IMO7825409,NAQH,70,0,276,32,13.0,70,A
215677000,2020-08-21T17:19:54,36.96292,-76.42421,0.0,256.1,39.0,RIZE,IMO9584035,9HA2781,70,5,229,32,14.5,,A
367861000,2020-08-21T17:33:00,36.94639,-76.32984,0.0,0.0,265.0,LARAMIE,IMO8906626,NLAR,80,5,193,29,,,A
367821000,2020-08-21T17:24:30,36.97286,-76.43364,0.0,0.0,511.0,YANO,IMO7825409,NAQH,70,0,276,32,13.0,70,A
366842000,2020-08-21T17:23:03,36.85380,-76.31118,0.0,209.9,43.0,CAPE RACE,IMO7616377,KAFJ,70,5,197,32,10.0,35,A
366839000,2020-08-21T17:25:12,36.85349,-76.31083,0.0,0.0,39.0,CAPE RISE,IMO7530808,KAFG,70,5,197,32,10.0,,A
368026000,2020-08-21T17:33:21,36.86574,-76.31601,0.0,270.5,2.0,BENAVIDEZ,IMO9218210,NBHG,70,5,289,32,10.9,70,A
368026000,2020-08-21T17:30:22,36.86578,-76.31605,0.0,270.5,2.0,BENAVIDEZ,IMO9218210,NBHG,70,5,289,32,10.9,70,A
477196100,2020-08-21T17:34:00,37.19807,-76.13424,0.1,72.2,180.0,DARYA MA,IMO9591674,VRJH5,70,1,229,32,14.5,,A
215677000,2020-08-21T17:25:57,36.96289,-76.42419,0.0,256.1,39.0,RIZE,IMO9584035,9HA2781,70,5,229,32,14.5,,A
367821000,2020-08-21T00:07:08,36.97283,-76.43365,0.0,0.0,511.0,YANO,IMO7825409,NAQH,70,0,276,32,13.0,70,A
477196100,2020-08-21T17:25:01,37.19811,-76.13441,0.0,72.2,177.0,DARYA MA,IMO9591674,VRJH5,70,1,229,32,14.5,,A
367932000,2020-08-21T17:33:07,36.94916,-76.32964,0.0,107.0,279.0,JOHN LENTHALL,IMO8325547,NJLN,80,5,193,29,,,A
538002953,2020-08-21T17:25:33,36.87757,-76.34993,0.1,328.9,347.0,SCT SANTIAGO,IMO9302566,V7NF7,70,5,294,32,13.5,71,A
368026000,2020-08-21T17:27:21,36.86579,-76.31603,0.0,270.5,2.0,BENAVIDEZ,IMO9218210,NBHG,70,5,289,32,10.9,70,A
366839000,2020-08-21T17:37:15,36.85345,-76.31084,0.0,0.0,39.0,CAPE RISE,IMO7530808,KAFG,70,5,197,32,10.0,,A
367821000,2020-08-21T17:38:00,36.97285,-76.43363,0.0,0.0,511.0,YANO,IMO7825409,NAQH,70,0,276,32,13.0,70,A
538005042,2020-08-21T17:26:02,36.92759,-76.32992,0.0,355.0,355.0,NILEDUTCH OSPREY,IMO9365829,V7AP5,70,5,182,28,11.0,71,A
367932000,2020-08-21T17:21:08,36.94916,-76.32979,0.0,107.0,279.0,JOHN LENTHALL,IMO8325547,NJLN,80,5,193,29,,,A
367359930,2020-08-21T17:27:11,36.82406,-76.28903,0.0,330.8,511.0,SUNNY WILLIAMS,,WDE4940,80,0,25,8,,80,A
367821000,2020-08-21T17:26:49,36.97286,-76.43364,0.0,0.0,511.0,YANO,IMO7825409,NAQH,70,0,276,32,13.0,70,A
366839000,2020-08-21T17:22:14,36.85348,-76.31081,0.0,0.0,39.0,CAPE RISE,IMO7530808,KAFG,70,5,197,32,10.0,,A
367822000,2020-08-21T17:26:55,36.97314,-76.43385,0.0,0.0,238.0,USNS SHUGHART,IMO7825394,NAOQ,70,5,276,32,13.0,70,A
367861000,2020-08-21T17:36:01,36.94636,-76.32980,0.0,0.0,265.0,LARAMIE,IMO8906626,NLAR,80,5,193,29,,,A
367861000,2020-08-21T17:27:01,36.94640,-76.32985,0.0,0.0,265.0,LARAMIE,IMO8906626,NLAR,80,5,193,29,,,A
538005042,2020-08-21T17:23:04,36.92759,-76.32992,0.0,354.0,354.0,NILEDUTCH OSPREY,IMO9365829,V7AP5,70,5,182,28,11.0,71,A
477196100,2020-08-21T17:28:00,37.19812,-76.13436,0.1,72.2,178.0,DARYA MA,IMO9591674,VRJH5,70,1,229,32,14.5,,A
366842000,2020-08-21T17:38:07,36.85377,-76.31124,0.0,209.9,43.0,CAPE RACE,IMO7616377,KAFJ,70,5,197,32,10.0,35,A
355919000,2020-08-21T17:33:20,36.96348,-76.06856,16.2,286.1,285.0,MSC MARIA ELENA,IMO9304423,3EGR2,70,0,336,45,15.0,71,A
355919000,2020-08-21T17:40:14,36.97283,-76.10621,16.3,287.4,286.0,MSC MARIA ELENA,IMO9304423,3EGR2,70,0,336,45,15.0,71,A
538002953,2020-08-21T17:28:33,36.87759,-76.34998,0.1,67.0,347.0,SCT SANTIAGO,IMO9302566,V7NF7,70,5,294,32,13.5,71,A
477196100,2020-08-21T17:37:00,37.19808,-76.13416,0.0,72.2,183.0,DARYA MA,IMO9591674,VRJH5,70,1,229,32,14.5,,A
367821000,2020-08-21T17:39:10,36.97284,-76.43363,0.0,0.0,511.0,YANO,IMO7825409,NAQH,70,0,276,32,13.0,70,A
367932000,2020-08-21T17:39:09,36.94911,-76.32976,0.0,107.0,279.0,JOHN LENTHALL,IMO8325547,NJLN,80,5,193,29,,,A
367821000,2020-08-21T17:29:20,36.97286,-76.43364,0.0,0.0,511.0,YANO,IMO7825409,NAQH,70,0,276,32,13.0,70,A
538002953,2020-08-21T17:34:32,36.87759,-76.34995,0.0,77.4,347.0,SCT SANTIAGO,IMO9302566,V7NF7,70,5,294,32,13.5,71,A
366839000,2020-08-21T17:40:15,36.85347,-76.31086,0.0,0.0,39.0,CAPE RISE,IMO7530808,KAFG,70,5,197,32,10.0,,A
367821000,2020-08-21T17:32:50,36.97286,-76.43364,0.0,0.0,511.0,YANO,IMO7825409,NAQH,70,0,276,32,13.0,70,A
538005042,2020-08-21T17:35:06,36.92759,-76.32992,0.0,355.0,355.0,NILEDUTCH OSPREY,IMO9365829,V7AP5,70,5,182,28,11.0,71,A
538002953,2020-08-21T17:31:33,36.87759,-76.34995,0.0,347.4,347.0,SCT SANTIAGO,IMO9302566,V7NF7,70,5,294,32,13.5,71,A
366842000,2020-08-21T17:41:08,36.85380,-76.31123,0.0,209.9,43.0,CAPE RACE,IMO7616377,KAFJ,70,5,197,32,10.0,35,A
368026000,2020-08-21T17:36:21,36.86574,-76.31603,0.0,270.5,2.0,BENAVIDEZ,IMO9218210,NBHG,70,5,289,32,10.9,70,A
367821000,2020-08-21T17:43:50,36.97286,-76.43363,0.0,0.0,511.0,YANO,IMO7825409,NAQH,70,0,276,32,13.0,70,A
538005042,2020-08-21T17:41:09,36.92759,-76.32992,0.0,355.0,355.0,NILEDUTCH OSPREY,IMO9365829,V7AP5,70,5,182,28,11.0,71,A
215677000,2020-08-21T17:37:54,36.96290,-76.42421,0.0,256.1,39.0,RIZE,IMO9584035,9HA2781,70,5,229,32,14.5,,A
538005042,2020-08-21T17:38:10,36.92759,-76.32992,0.0,355.0,355.0,NILEDUTCH OSPREY,IMO9365829,V7AP5,70,5,182,28,11.0,71,A
215677000,2020-08-21T17:28:53,36.96293,-76.42421,0.0,256.1,39.0,RIZE,IMO9584035,9HA2781,70,5,229,32,14.5,,A
355919000,2020-08-21T17:42:26,36.97586,-76.11823,16.1,286.6,286.0,MSC MARIA ELENA,IMO9304423,3EGR2,70,0,336,45,15.0,71,A
367821000,2020-08-21T17:34:50,36.97293,-76.43362,0.0,0.0,511.0,YANO,IMO7825409,NAQH,70,0,276,32,13.0,70,A
366842000,2020-08-21T17:35:06,36.85380,-76.31121,0.0,209.9,43.0,CAPE RACE,IMO7616377,KAFJ,70,5,197,32,10.0,35,A
367822000,2020-08-21T17:41:55,36.97313,-76.43385,0.0,0.0,238.0,USNS SHUGHART,IMO7825394,NAOQ,70,5,276,32,13.0,70,A
538002652,2020-08-21T17:39:52,36.87942,-76.32648,0.0,271.0,277.0,NAIAS,IMO9330800,V7KN8,70,5,225,32,14.0,70,A
538002652,2020-08-21T17:33:49,36.87942,-76.32643,0.0,271.0,277.0,NAIAS,IMO9330800,V7KN8,70,5,225,32,14.0,70,A
477196100,2020-08-21T17:42:59,37.19806,-76.13422,0.1,72.2,184.0,DARYA MA,IMO9591674,VRJH5,70,1,229,32,14.5,,A
366842000,2020-08-21T17:44:09,36.85382,-76.31119,0.0,209.9,43.0,CAPE RACE,IMO7616377,KAFJ,70,5,197,32,10.0,35,A
367932000,2020-08-21T17:30:09,36.94915,-76.32975,0.0,107.0,279.0,JOHN LENTHALL,IMO8325547,NJLN,80,5,193,29,,,A
355919000,2020-08-21T17:37:14,36.96866,-76.08988,16.2,286.5,286.0,MSC MARIA ELENA,IMO9304423,3EGR2,70,0,336,45,15.0,71,A
538005042,2020-08-21T17:44:13,36.92759,-76.32992,0.1,265.0,355.0,NILEDUTCH OSPREY,IMO9365829,V7AP5,70,5,182,28,11.0,71,A
538005042,2020-08-21T17:32:07,36.92759,-76.32992,0.0,355.0,355.0,NILEDUTCH OSPREY,IMO9365829,V7AP5,70,5,182,28,11.0,71,A
215677000,2020-08-21T17:40:58,36.96291,-76.42419,0.0,256.1,39.0,RIZE,IMO9584035,9HA2781,70,5,229,32,14.5,,A
367822000,2020-08-21T17:35:55,36.97314,-76.43385,0.0,0.0,238.0,USNS SHUGHART,IMO7825394,NAOQ,70,5,276,32,13.0,70,A
367821000,2020-08-21T17:46:20,36.97287,-76.43363,0.0,0.0,511.0,YANO,IMO7825409,NAQH,70,0,276,32,13.0,70,A
355919000,2020-08-21T17:41:20,36.97436,-76.11221,16.3,286.0,286.0,MSC MARIA ELENA,IMO9304423,3EGR2,70,0,336,45,15.0,71,A
368026000,2020-08-21T17:45:20,36.86578,-76.31605,0.0,270.5,2.0,BENAVIDEZ,IMO9218210,NBHG,70,5,289,32,10.9,70,A
538002953,2020-08-21T17:46:33,36.87759,-76.34996,0.0,122.4,347.0,SCT SANTIAGO,IMO9302566,V7NF7,70,5,294,32,13.5,71,A
367822000,2020-08-21T17:32:55,36.97314,-76.43385,0.0,0.0,238.0,USNS SHUGHART,IMO7825394,NAOQ,70,5,276,32,13.0,70,A
367822000,2020-08-21T17:44:55,36.97313,-76.43385,0.0,0.0,238.0,USNS SHUGHART,IMO7825394,NAOQ,70,5,276,32,13.0,70,A
367932000,2020-08-21T17:36:08,36.94911,-76.32967,0.0,107.0,279.0,JOHN LENTHALL,IMO8325547,NJLN,80,5,193,29,,,A
355919000,2020-08-21T17:34:26,36.96493,-76.07458,16.2,286.0,285.0,MSC MARIA ELENA,IMO9304423,3EGR2,70,0,336,45,15.0,71,A
367359930,2020-08-21T17:34:53,36.82405,-76.28903,0.0,301.8,511.0,SUNNY WILLIAMS,,WDE4940,80,0,25,8,,80,A
215677000,2020-08-21T17:47:00,36.96292,-76.42421,0.0,256.1,39.0,RIZE,IMO9584035,9HA2781,70,5,229,32,14.5,,A
355919000,2020-08-21T17:48:56,36.98464,-76.15302,16.0,287.5,286.0,MSC MARIA ELENA,IMO9304423,3EGR2,70,0,336,45,15.0,71,A
538002953,2020-08-21T17:37:32,36.87760,-76.34995,0.0,212.3,347.0,SCT SANTIAGO,IMO9302566,V7NF7,70,5,294,32,13.5,71,A
538002652,2020-08-21T17:36:49,36.87938,-76.32633,0.0,271.0,277.0,NAIAS,IMO9330800,V7KN8,70,5,225,32,14.0,70,A
477196100,2020-08-21T17:45:59,37.19805,-76.13429,0.1,72.2,183.0,DARYA MA,IMO9591674,VRJH5,70,1,229,32,14.5,,A
367359930,2020-08-21T17:47:13,36.82404,-76.28903,0.0,265.2,511.0,SUNNY WILLIAMS,,WDE4940,80,0,25,8,,80,A
367821000,2020-08-21T17:48:00,36.97287,-76.43363,0.0,0.0,511.0,YANO,IMO7825409,NAQH,70,0,276,32,13.0,70,A
355919000,2020-08-21T17:47:44,36.98304,-76.14669,15.8,287.6,286.0,MSC MARIA ELENA,IMO9304423,3EGR2,70,0,336,45,15.0,71,A
355919000,2020-08-21T17:35:32,36.96639,-76.08059,16.1,286.9,285.0,MSC MARIA ELENA,IMO9304423,3EGR2,70,0,336,45,15.0,71,A
367861000,2020-08-21T17:39:01,36.94638,-76.32984,0.0,0.0,265.0,LARAMIE,IMO8906626,NLAR,80,5,193,29,,,A
368026000,2020-08-21T17:48:20,36.86577,-76.31607,0.0,270.5,2.0,BENAVIDEZ,IMO9218210,NBHG,70,5,289,32,10.9,70,A
355919000,2020-08-21T17:38:26,36.97030,-76.09642,16.1,286.7,286.0,MSC MARIA ELENA,IMO9304423,3EGR2,70,0,336,45,15.0,71,A
355919000,2020-08-21T17:50:20,36.98659,-76.16052,16.0,286.7,286.0,MSC MARIA ELENA,IMO9304423,3EGR2,70,0,336,45,15.0,71,A
367932000,2020-08-21T17:48:08,36.94915,-76.32972,0.0,107.0,279.0,JOHN LENTHALL,IMO8325547,NJLN,80,5,193,29,,,A
538002652,2020-08-21T17:42:51,36.87945,-76.32645,0.0,271.0,277.0,NAIAS,IMO9330800,V7KN8,70,5,225,32,14.0,70,A
368026000,2020-08-21T17:51:21,36.86578,-76.31605,0.0,270.5,2.0,BENAVIDEZ,IMO9218210,NBHG,70,5,289,32,10.9,70,A
367359930,2020-08-21T17:48:42,36.82405,-76.28903,0.0,260.3,511.0,SUNNY WILLIAMS,,WDE4940,80,0,25,8,,80,A
366842000,2020-08-21T17:47:04,36.85380,-76.31117,0.0,209.9,43.0,CAPE RACE,IMO7616377,KAFJ,70,5,197,32,10.0,35,A
367821000,2020-08-21T17:49:10,36.97287,-76.43363,0.0,0.0,511.0,YANO,IMO7825409,NAQH,70,0,276,32,13.0,70,A
367861000,2020-08-21T17:42:00,36.94639,-76.32976,0.0,0.0,265.0,LARAMIE,IMO8906626,NLAR,80,5,193,29,,,A
367359930,2020-08-21T17:38:43,36.82405,-76.28902,0.0,279.0,511.0,SUNNY WILLIAMS,,WDE4940,80,0,25,8,,80,A
367821000,2020-08-21T17:40:20,36.97285,-76.43363,0.0,0.0,511.0,YANO,IMO7825409,NAQH,70,0,276,32,13.0,70,A
538002652,2020-08-21T17:51:52,36.87937,-76.32657,0.0,298.0,277.0,NAIAS,IMO9330800,V7KN8,70,5,225,32,14.0,70,A
538002652,2020-08-21T17:48:51,36.87937,-76.32632,0.0,271.0,277.0,NAIAS,IMO9330800,V7KN8,70,5,225,32,14.0,70,A
367359930,2020-08-21T17:42:52,36.82404,-76.28907,0.0,274.7,511.0,SUNNY WILLIAMS,,WDE4940,80,0,25,8,,80,A
367821000,2020-08-21T17:51:10,36.97287,-76.43363,0.0,0.0,511.0,YANO,IMO7825409,NAQH,70,0,276,32,13.0,70,A
355919000,2020-08-21T17:43:32,36.97734,-76.12416,16.0,286.6,286.0,MSC MARIA ELENA,IMO9304423,3EGR2,70,0,336,45,15.0,71,A
355919000,2020-08-21T17:51:44,36.98856,-76.16817,16.0,287.2,286.0,MSC MARIA ELENA,IMO9304423,3EGR2,70,0,336,45,15.0,71,A
367359930,2020-08-21T17:39:53,36.82406,-76.28903,0.0,279.2,511.0,SUNNY WILLIAMS,,WDE4940,80,0,25,8,,80,A
215677000,2020-08-21T17:49:56,36.96292,-76.42420,0.0,256.1,39.0,RIZE,IMO9584035,9HA2781,70,5,229,32,14.5,,A
367821000,2020-08-21T17:53:49,36.97287,-76.43363,0.0,0.0,511.0,YANO,IMO7825409,NAQH,70,0,276,32,13.0,70,A
367359930,2020-08-21T17:51:02,36.82406,-76.28904,0.0,261.5,511.0,SUNNY WILLIAMS,,WDE4940,80,0,25,8,,80,A
367861000,2020-08-21T17:45:01,36.94637,-76.32978,0.0,0.0,265.0,LARAMIE,IMO8906626,NLAR,80,5,193,29,,,A
367822000,2020-08-21T17:50:54,36.97313,-76.43385,0.0,0.0,238.0,USNS SHUGHART,IMO7825394,NAOQ,70,5,276,32,13.0,70,A
367359930,2020-08-21T17:41:03,36.82405,-76.28903,0.0,278.4,511.0,SUNNY WILLIAMS,,WDE4940,80,0,25,8,,80,A
367821000,2020-08-21T17:42:30,36.97285,-76.43363,0.0,0.0,511.0,YANO,IMO7825409,NAQH,70,0,276,32,13.0,70,A
538002953,2020-08-21T17:40:33,36.87760,-76.34995,0.0,185.8,347.0,SCT SANTIAGO,IMO9302566,V7NF7,70,5,294,32,13.5,71,A
367932000,2020-08-21T17:42:07,36.94915,-76.32966,0.0,107.0,279.0,JOHN LENTHALL,IMO8325547,NJLN,80,5,193,29,,,A
538002953,2020-08-21T17:52:33,36.87761,-76.34996,0.1,170.4,347.0,SCT SANTIAGO,IMO9302566,V7NF7,70,5,294,32,13.5,71,A
366842000,2020-08-21T17:53:07,36.85385,-76.31118,0.0,209.9,43.0,CAPE RACE,IMO7616377,KAFJ,70,5,197,32,10.0,35,A
368026000,2020-08-21T17:42:21,36.86575,-76.31605,0.0,270.5,2.0,BENAVIDEZ,IMO9218210,NBHG,70,5,289,32,10.9,70,A
366839000,2020-08-21T17:46:16,36.85350,-76.31081,0.0,0.0,39.0,CAPE RISE,IMO7530808,KAFG,70,5,197,32,10.0,,A
477196100,2020-08-21T17:52:02,37.19802,-76.13447,0.1,72.2,180.0,DARYA MA,IMO9591674,VRJH5,70,1,229,32,14.5,,A
538002652,2020-08-21T17:54:50,36.87937,-76.32653,0.0,298.0,277.0,NAIAS,IMO9330800,V7KN8,70,5,225,32,14.0,70,A
538005042,2020-08-21T17:47:12,36.92759,-76.32992,0.0,355.0,355.0,NILEDUTCH OSPREY,IMO9365829,V7AP5,70,5,182,28,11.0,71,A
367359930,2020-08-21T17:45:13,36.82405,-76.28904,0.0,264.6,511.0,SUNNY WILLIAMS,,WDE4940,80,0,25,8,,80,A
538002953,2020-08-21T17:55:33,36.87757,-76.34995,0.0,296.0,347.0,SCT SANTIAGO,IMO9302566,V7NF7,70,5,294,32,13.5,71,A
538002953,2020-08-21T17:49:33,36.87758,-76.34995,0.0,148.9,347.0,SCT SANTIAGO,IMO9302566,V7NF7,70,5,294,32,13.5,71,A
367932000,2020-08-21T17:45:08,36.94920,-76.32966,0.0,107.0,279.0,JOHN LENTHALL,IMO8325547,NJLN,80,5,193,29,,,A
538002652,2020-08-21T17:45:50,36.87945,-76.32647,0.0,271.0,277.0,NAIAS,IMO9330800,V7KN8,70,5,225,32,14.0,70,A
355919000,2020-08-21T17:45:44,36.98032,-76.13598,15.9,287.1,286.0,MSC MARIA ELENA,IMO9304423,3EGR2,70,0,336,45,15.0,71,A
215677000,2020-08-21T17:55:59,36.96289,-76.42421,0.0,256.1,39.0,RIZE,IMO9584035,9HA2781,70,5,229,32,14.5,,A
367821000,2020-08-21T17:56:10,36.97287,-76.43363,0.0,0.0,511.0,YANO,IMO7825409,NAQH,70,0,276,32,13.0,70,A
215677000,2020-08-21T17:53:00,36.96292,-76.42421,0.0,256.1,39.0,RIZE,IMO9584035,9HA2781,70,5,229,32,14.5,,A
367861000,2020-08-21T17:48:00,36.94638,-76.32980,0.0,0.0,265.0,LARAMIE,IMO8906626,NLAR,80,5,193,29,,,A
477196100,2020-08-21T17:49:01,37.19805,-76.13436,0.1,72.2,182.0,DARYA MA,IMO9591674,VRJH5,70,1,229,32,14.5,,A
367821000,2020-08-21T17:57:59,36.97287,-76.43363,0.0,0.0,511.0,YANO,IMO7825409,NAQH,70,0,276,32,13.0,70,A
367822000,2020-08-21T17:47:55,36.97313,-76.43385,0.0,0.0,238.0,USNS SHUGHART,IMO7825394,NAOQ,70,5,276,32,13.0,70,A
538002953,2020-08-21T17:58:33,36.87758,-76.34994,0.0,50.8,347.0,SCT SANTIAGO,IMO9302566,V7NF7,70,5,294,32,13.5,71,A
355919000,2020-08-21T17:54:08,36.99172,-76.18093,16.0,287.4,286.0,MSC MARIA ELENA,IMO9304423,3EGR2,70,0,336,45,15.0,71,A
367932000,2020-08-21T17:57:07,36.94913,-76.32966,0.0,107.0,279.0,JOHN LENTHALL,IMO8325547,NJLN,80,5,193,29,,,A
366842000,2020-08-21T17:56:09,36.85382,-76.31121,0.0,209.9,42.0,CAPE RACE,IMO7616377,KAFJ,70,5,197,32,10.0,35,A
366842000,2020-08-21T17:50:09,36.85383,-76.31115,0.0,209.9,43.0,CAPE RACE,IMO7616377,KAFJ,70,5,197,32,10.0,35,A
366839000,2020-08-21T17:58:16,36.85348,-76.31081,0.0,0.0,39.0,CAPE RISE,IMO7530808,KAFG,70,5,197,32,10.0,,A
367861000,2020-08-21T18:00:00,36.94640,-76.32984,0.0,0.0,265.0,LARAMIE,IMO8906626,NLAR,80,5,193,29,,,A
538005042,2020-08-21T17:56:16,36.92758,-76.32994,0.0,355.0,355.0,NILEDUTCH OSPREY,IMO9365829,V7AP5,70,5,182,28,11.0,71,A
367359930,2020-08-21T18:00:02,36.82403,-76.28904,0.0,256.0,511.0,SUNNY WILLIAMS,,WDE4940,80,0,25,8,,80,A
366842000,2020-08-21T17:59:06,36.85378,-76.31122,0.0,209.9,42.0,CAPE RACE,IMO7616377,KAFJ,70,5,197,32,10.0,35,A
355919000,2020-08-21T17:52:56,36.99017,-76.17458,15.8,287.1,286.0,MSC MARIA ELENA,IMO9304423,3EGR2,70,0,336,45,15.0,71,A
367359930,2020-08-21T17:59:42,36.82403,-76.28904,0.0,255.3,511.0,SUNNY WILLIAMS,,WDE4940,80,0,25,8,,80,A
367821000,2020-08-21T18:00:10,36.97287,-76.43363,0.0,0.0,511.0,YANO,IMO7825409,NAQH,70,0,276,32,13.0,70,A
367821000,2020-08-21T17:59:10,36.97287,-76.43363,0.0,0.0,511.0,YANO,IMO7825409,NAQH,70,0,276,32,13.0,70,A
368026000,2020-08-21T17:57:21,36.86573,-76.31603,0.1,270.5,2.0,BENAVIDEZ,IMO9218210,NBHG,70,5,289,32,10.9,70,A
477196100,2020-08-21T18:01:01,37.19802,-76.13454,0.1,72.2,178.0,DARYA MA,IMO9591674,VRJH5,70,1,229,32,14.5,,A
366839000,2020-08-21T18:01:12,36.85348,-76.31083,0.0,0.0,39.0,CAPE RISE,IMO7530808,KAFG,70,5,197,32,10.0,,A
367359930,2020-08-21T17:54:02,36.82405,-76.28904,0.0,259.5,511.0,SUNNY WILLIAMS,,WDE4940,80,0,25,8,,80,A
355919000,2020-08-21T18:00:02,36.99946,-76.21252,15.8,288.9,288.0,MSC MARIA ELENA,IMO9304423,3EGR2,70,0,336,45,15.0,71,A
367359930,2020-08-21T17:49:52,36.82406,-76.28903,0.0,263.9,511.0,SUNNY WILLIAMS,,WDE4940,80,0,25,8,,80,A
368026000,2020-08-21T17:54:20,36.86576,-76.31606,0.0,270.5,2.0,BENAVIDEZ,IMO9218210,NBHG,70,5,289,32,10.9,70,A
367822000,2020-08-21T17:53:55,36.97313,-76.43385,0.0,0.0,238.0,USNS SHUGHART,IMO7825394,NAOQ,70,5,276,32,13.0,70,A
366839000,2020-08-21T17:55:12,36.85346,-76.31082,0.0,0.0,39.0,CAPE RISE,IMO7530808,KAFG,70,5,197,32,10.0,,A
355919000,2020-08-21T17:57:20,36.99585,-76.19811,15.8,286.7,286.0,MSC MARIA ELENA,IMO9304423,3EGR2,70,0,336,45,15.0,71,A
538005042,2020-08-21T17:50:14,36.92759,-76.32993,0.0,355.0,355.0,NILEDUTCH OSPREY,IMO9365829,V7AP5,70,5,182,28,11.0,71,A
477196100,2020-08-21T17:55:02,37.19805,-76.13451,0.1,72.2,178.0,DARYA MA,IMO9591674,VRJH5,70,1,229,32,14.5,,A
367359930,2020-08-21T18:04:52,36.82404,-76.28902,0.0,256.8,511.0,SUNNY WILLIAMS,,WDE4940,80,0,25,8,,80,A
355919000,2020-08-21T18:04:49,37.00689,-76.23783,15.8,284.0,281.0,MSC MARIA ELENA,IMO9304423,3EGR2,70,0,336,45,15.0,71,A
367932000,2020-08-21T17:54:08,36.94911,-76.32966,0.0,107.0,279.0,JOHN LENTHALL,IMO8325547,NJLN,80,5,193,29,,,A
355919000,2020-08-21T17:58:32,36.99736,-76.20455,16.0,288.0,288.0,MSC MARIA ELENA,IMO9304423,3EGR2,70,0,336,45,15.0,71,A
367822000,2020-08-21T18:05:56,36.97317,-76.43385,0.0,0.0,238.0,USNS SHUGHART,IMO7825394,NAOQ,70,5,276,32,13.0,70,A
367821000,2020-08-21T18:03:29,36.97288,-76.43363,0.0,0.0,511.0,YANO,IMO7825409,NAQH,70,0,276,32,13.0,70,A
366842000,2020-08-21T18:05:04,36.85386,-76.31118,0.0,209.9,42.0,CAPE RACE,IMO7616377,KAFJ,70,5,197,32,10.0,35,A
368026000,2020-08-21T18:06:21,36.86577,-76.31602,0.0,270.5,2.0,BENAVIDEZ,IMO9218210,NBHG,70,5,289,32,10.9,70,A
366839000,2020-08-21T17:52:17,36.85350,-76.31083,0.0,0.0,39.0,CAPE RISE,IMO7530808,KAFG,70,5,197,32,10.0,,A
367359930,2020-08-21T17:58:32,36.82406,-76.28903,0.0,251.6,511.0,SUNNY WILLIAMS,,WDE4940,80,0,25,8,,80,A
538002953,2020-08-21T18:01:34,36.87763,-76.34997,0.0,50.8,347.0,SCT SANTIAGO,IMO9302566,V7NF7,70,5,294,32,13.5,71,A
366839000,2020-08-21T18:04:10,36.85351,-76.31081,0.0,0.0,39.0,CAPE RISE,IMO7530808,KAFG,70,5,197,32,10.0,,A
538002652,2020-08-21T18:03:53,36.87938,-76.32643,0.0,298.0,277.0,NAIAS,IMO9330800,V7KN8,70,5,225,32,14.0,70,A
355919000,2020-08-21T18:05:56,37.00775,-76.24381,15.3,277.5,275.0,MSC MARIA ELENA,IMO9304423,3EGR2,70,0,336,45,15.0,71,A
477196100,2020-08-21T17:58:01,37.19801,-76.13452,0.1,72.2,177.0,DARYA MA,IMO9591674,VRJH5,70,1,229,32,14.5,,A
367359930,2020-08-21T17:56:02,36.82404,-76.28903,0.0,261.3,511.0,SUNNY WILLIAMS,,WDE4940,80,0,25,8,,80,A
538002652,2020-08-21T18:06:51,36.87938,-76.32647,0.0,298.0,277.0,NAIAS,IMO9330800,V7KN8,70,5,225,32,14.0,70,A
538002652,2020-08-21T17:57:52,36.87937,-76.32640,0.0,298.0,277.0,NAIAS,IMO9330800,V7KN8,70,5,225,32,14.0,70,A
538002953,2020-08-21T18:07:33,36.87761,-76.34995,0.0,320.8,347.0,SCT SANTIAGO,IMO9302566,V7NF7,70,5,294,32,13.5,71,A
355919000,2020-08-21T18:08:02,37.00842,-76.25496,14.9,262.1,258.0,MSC MARIA ELENA,IMO9304423,3EGR2,70,0,336,45,15.0,71,A
367932000,2020-08-21T18:00:08,36.94911,-76.32958,0.0,107.0,279.0,JOHN LENTHALL,IMO8325547,NJLN,80,5,193,29,,,A
367359930,2020-08-21T18:08:22,36.82405,-76.28902,0.0,291.2,511.0,SUNNY WILLIAMS,,WDE4940,80,0,25,8,,80,A
355919000,2020-08-21T18:09:07,37.00749,-76.26058,14.7,257.0,254.0,MSC MARIA ELENA,IMO9304423,3EGR2,70,0,336,45,15.0,71,A
355919000,2020-08-21T18:01:13,37.00120,-76.21887,15.9,290.8,290.0,MSC MARIA ELENA,IMO9304423,3EGR2,70,0,336,45,15.0,71,A
367359930,2020-08-21T18:01:12,36.82405,-76.28903,0.0,250.0,511.0,SUNNY WILLIAMS,,WDE4940,80,0,25,8,,80,A
477196100,2020-08-21T18:10:00,37.19804,-76.13451,0.1,72.2,178.0,DARYA MA,IMO9591674,VRJH5,70,1,229,32,14.5,,A
367821000,2020-08-21T18:02:19,36.97288,-76.43363,0.0,0.0,511.0,YANO,IMO7825409,NAQH,70,0,276,32,13.0,70,A
367821000,2020-08-21T18:04:49,36.97288,-76.43363,0.0,0.0,511.0,YANO,IMO7825409,NAQH,70,0,276,32,13.0,70,A
215677000,2020-08-21T18:05:00,36.96292,-76.42419,0.0,256.1,39.0,RIZE,IMO9584035,9HA2781,70,5,229,32,14.5,,A
367861000,2020-08-21T18:06:01,36.94634,-76.32984,0.0,0.0,265.0,LARAMIE,IMO8906626,NLAR,80,5,193,29,,,A
366842000,2020-08-21T18:02:10,36.85382,-76.31124,0.0,209.9,42.0,CAPE RACE,IMO7616377,KAFJ,70,5,197,32,10.0,35,A
367359930,2020-08-21T18:06:02,36.82404,-76.28901,0.0,270.1,511.0,SUNNY WILLIAMS,,WDE4940,80,0,25,8,,80,A
367822000,2020-08-21T18:02:56,36.97317,-76.43384,0.0,0.0,238.0,USNS SHUGHART,IMO7825394,NAOQ,70,5,276,32,13.0,70,A
367861000,2020-08-21T18:03:01,36.94638,-76.32979,0.0,0.0,265.0,LARAMIE,IMO8906626,NLAR,80,5,193,29,,,A
367861000,2020-08-21T17:56:59,36.94637,-76.32981,0.0,0.0,265.0,LARAMIE,IMO8906626,NLAR,80,5,193,29,,,A
538005042,2020-08-21T18:02:20,36.92758,-76.32994,0.0,355.0,355.0,NILEDUTCH OSPREY,IMO9365829,V7AP5,70,5,182,28,11.0,71,A
367821000,2020-08-21T18:07:09,36.97288,-76.43363,0.0,0.0,511.0,YANO,IMO7825409,NAQH,70,0,276,32,13.0,70,A
355919000,2020-08-21T18:11:43,37.00473,-76.27377,14.8,255.8,255.0,MSC MARIA ELENA,IMO9304423,3EGR2,70,0,336,45,15.0,71,A
538005042,2020-08-21T17:59:17,36.92758,-76.32994,0.0,355.0,355.0,NILEDUTCH OSPREY,IMO9365829,V7AP5,70,5,182,28,11.0,71,A
367821000,2020-08-21T18:05:59,36.97288,-76.43363,0.0,0.0,511.0,YANO,IMO7825409,NAQH,70,0,276,32,13.0,70,A
355919000,2020-08-21T18:07:01,37.00824,-76.24963,15.5,275.7,273.0,MSC MARIA ELENA,IMO9304423,3EGR2,70,0,336,45,15.0,71,A
477196100,2020-08-21T18:07:00,37.19806,-76.13450,0.1,72.2,178.0,DARYA MA,IMO9591674,VRJH5,70,1,229,32,14.5,,A
367359930,2020-08-21T18:02:21,36.82407,-76.28903,0.0,254.3,511.0,SUNNY WILLIAMS,,WDE4940,80,0,25,8,,80,A
355919000,2020-08-21T17:59:37,36.99888,-76.21040,15.8,288.6,288.0,MSC MARIA ELENA,IMO9304423,3EGR2,70,0,336,45,15.0,71,A
367821000,2020-08-21T18:08:20,36.97288,-76.43363,0.0,0.0,511.0,YANO,IMO7825409,NAQH,70,0,276,32,13.0,70,A
368026000,2020-08-21T18:12:21,36.86574,-76.31604,0.0,270.5,2.0,BENAVIDEZ,IMO9218210,NBHG,70,5,289,32,10.9,70,A
367861000,2020-08-21T18:09:00,36.94631,-76.32990,0.0,0.0,265.0,LARAMIE,IMO8906626,NLAR,80,5,193,29,,,A
367861000,2020-08-21T18:12:01,36.94633,-76.32994,0.0,0.0,265.0,LARAMIE,IMO8906626,NLAR,80,5,193,29,,,A
367359930,2020-08-21T18:13:23,36.82406,-76.28904,0.0,310.3,511.0,SUNNY WILLIAMS,,WDE4940,80,0,25,8,,80,A
215677000,2020-08-21T18:07:58,36.96291,-76.42417,0.0,256.1,39.0,RIZE,IMO9584035,9HA2781,70,5,229,32,14.5,,A
367821000,2020-08-21T18:01:18,36.97288,-76.43363,0.0,0.0,511.0,YANO,IMO7825409,NAQH,70,0,276,32,13.0,70,A
367932000,2020-08-21T18:03:09,36.94911,-76.32978,0.0,107.0,279.0,JOHN LENTHALL,IMO8325547,NJLN,80,5,193,29,,,A
215677000,2020-08-21T18:13:56,36.96290,-76.42419,0.0,256.1,39.0,RIZE,IMO9584035,9HA2781,70,5,229,32,14.5,,A
538002953,2020-08-21T18:04:33,36.87759,-76.34995,0.0,50.8,347.0,SCT SANTIAGO,IMO9302566,V7NF7,70,5,294,32,13.5,71,A
215677000,2020-08-21T18:11:00,36.96292,-76.42419,0.1,256.1,39.0,RIZE,IMO9584035,9HA2781,70,5,229,32,14.5,,A
538002953,2020-08-21T18:13:34,36.87776,-76.34993,0.1,172.1,347.0,SCT SANTIAGO,IMO9302566,V7NF7,70,5,294,32,13.5,71,A
355919000,2020-08-21T18:10:25,37.00612,-76.26716,14.9,255.7,255.0,MSC MARIA ELENA,IMO9304423,3EGR2,70,0,336,45,15.0,71,A
355919000,2020-08-21T18:02:26,37.00311,-76.22518,16.0,290.4,290.0,MSC MARIA ELENA,IMO9304423,3EGR2,70,0,336,45,15.0,71,A
215677000,2020-08-21T18:01:59,36.96290,-76.42419,0.1,256.1,39.0,RIZE,IMO9584035,9HA2781,70,5,229,32,14.5,,A
367821000,2020-08-21T18:10:40,36.97288,-76.43363,0.0,0.0,511.0,YANO,IMO7825409,NAQH,70,0,276,32,13.0,70,A
367359930,2020-08-21T18:03:33,36.82405,-76.28902,0.0,256.1,511.0,SUNNY WILLIAMS,,WDE4940,80,0,25,8,,80,A
367932000,2020-08-21T18:06:08,36.94906,-76.32975,0.0,107.0,279.0,JOHN LENTHALL,IMO8325547,NJLN,80,5,193,29,,,A
477196100,2020-08-21T18:04:01,37.19804,-76.13451,0.0,72.2,179.0,DARYA MA,IMO9591674,VRJH5,70,1,229,32,14.5,,A
477196100,2020-08-21T18:12:59,37.19805,-76.13452,0.0,72.2,178.0,DARYA MA,IMO9591674,VRJH5,70,1,229,32,14.5,,A
538005042,2020-08-21T18:05:19,36.92759,-76.32992,0.0,354.0,354.0,NILEDUTCH OSPREY,IMO9365829,V7AP5,70,5,182,28,11.0,71,A
366842000,2020-08-21T18:14:10,36.85385,-76.31118,0.0,209.9,42.0,CAPE RACE,IMO7616377,KAFJ,70,5,197,32,10.0,35,A
368026000,2020-08-21T18:15:21,36.86577,-76.31603,0.0,270.5,2.0,BENAVIDEZ,IMO9218210,NBHG,70,5,289,32,10.9,70,A
367822000,2020-08-21T18:14:55,36.97317,-76.43384,0.0,0.0,238.0,USNS SHUGHART,IMO7825394,NAOQ,70,5,276,32,13.0,70,A
538005042,2020-08-21T18:17:27,36.92759,-76.32994,0.0,354.0,354.0,NILEDUTCH OSPREY,IMO9365829,V7AP5,70,5,182,28,11.0,71,A
538005042,2020-08-21T18:08:22,36.92759,-76.32993,0.0,354.0,354.0,NILEDUTCH OSPREY,IMO9365829,V7AP5,70,5,182,28,11.0,71,A
367822000,2020-08-21T18:08:55,36.97317,-76.43385,0.0,0.0,238.0,USNS SHUGHART,IMO7825394,NAOQ,70,5,276,32,13.0,70,A
538005042,2020-08-21T18:14:24,36.92759,-76.32993,0.0,354.0,354.0,NILEDUTCH OSPREY,IMO9365829,V7AP5,70,5,182,28,11.0,71,A
538002652,2020-08-21T18:09:49,36.87942,-76.32645,0.0,63.0,276.0,NAIAS,IMO9330800,V7KN8,70,5,225,32,14.0,70,A
367821000,2020-08-21T18:09:30,36.97288,-76.43363,0.0,0.0,511.0,YANO,IMO7825409,NAQH,70,0,276,32,13.0,70,A
355919000,2020-08-21T18:18:56,36.99186,-76.30688,14.5,239.5,240.0,MSC MARIA ELENA,IMO9304423,3EGR2,70,0,336,45,15.0,71,A
367861000,2020-08-21T18:15:01,36.94634,-76.32988,0.0,0.0,265.0,LARAMIE,IMO8906626,NLAR,80,5,193,29,,,A
367932000,2020-08-21T18:15:07,36.94924,-76.32966,0.0,107.0,279.0,JOHN LENTHALL,IMO8325547,NJLN,80,5,193,29,,,A
367932000,2020-08-21T18:09:07,36.94911,-76.32968,0.0,107.0,279.0,JOHN LENTHALL,IMO8325547,NJLN,80,5,193,29,,,A
538002953,2020-08-21T18:10:33,36.87766,-76.34993,0.0,174.5,347.0,SCT SANTIAGO,IMO9302566,V7NF7,70,5,294,32,13.5,71,A
367359930,2020-08-21T18:21:42,36.82406,-76.28903,0.0,323.8,511.0,SUNNY WILLIAMS,,WDE4940,80,0,25,8,,80,A
366842000,2020-08-21T18:11:08,36.85381,-76.31115,0.0,209.9,42.0,CAPE RACE,IMO7616377,KAFJ,70,5,197,32,10.0,35,A
367359930,2020-08-21T18:11:02,36.82407,-76.28903,0.0,303.2,511.0,SUNNY WILLIAMS,,WDE4940,80,0,25,8,,80,A
367359930,2020-08-21T18:12:22,36.82403,-76.28902,0.0,305.4,511.0,SUNNY WILLIAMS,,WDE4940,80,0,25,8,,80,A
367932000,2020-08-21T18:21:07,36.94915,-76.32962,0.0,107.0,279.0,JOHN LENTHALL,IMO8325547,NJLN,80,5,193,29,,,A
367861000,2020-08-21T18:18:01,36.94632,-76.32983,0.0,0.0,265.0,LARAMIE,IMO8906626,NLAR,80,5,193,29,,,A
367359930,2020-08-21T18:09:52,36.82406,-76.28902,0.0,300.5,511.0,SUNNY WILLIAMS,,WDE4940,80,0,25,8,,80,A
367821000,2020-08-21T18:12:59,36.97288,-76.43363,0.0,0.0,511.0,YANO,IMO7825409,NAQH,70,0,276,32,13.0,70,A
367821000,2020-08-21T18:11:50,36.97288,-76.43363,0.0,0.0,511.0,YANO,IMO7825409,NAQH,70,0,276,32,13.0,70,A
538002953,2020-08-21T18:22:34,36.87761,-76.34995,0.0,212.3,347.0,SCT SANTIAGO,IMO9302566,V7NF7,70,5,294,32,13.5,71,A
366839000,2020-08-21T18:19:14,36.85349,-76.31083,0.0,0.0,39.0,CAPE RISE,IMO7530808,KAFG,70,5,197,32,10.0,,A
367821000,2020-08-21T18:20:40,36.97288,-76.43363,0.0,0.0,511.0,YANO,IMO7825409,NAQH,70,0,276,32,13.0,70,A
477196100,2020-08-21T18:19:01,37.19798,-76.13458,0.1,72.2,179.0,DARYA MA,IMO9591674,VRJH5,70,1,229,32,14.5,,A
538002953,2020-08-21T18:19:34,36.87762,-76.34995,0.0,347.4,347.0,SCT SANTIAGO,IMO9302566,V7NF7,70,5,294,32,13.5,71,A
366839000,2020-08-21T18:10:12,36.85349,-76.31082,0.0,0.0,39.0,CAPE RISE,IMO7530808,KAFG,70,5,197,32,10.0,,A
367359930,2020-08-21T18:23:52,36.82406,-76.28904,0.0,321.7,511.0,SUNNY WILLIAMS,,WDE4940,80,0,25,8,,80,A
355919000,2020-08-21T18:20:02,36.98965,-76.31147,13.6,233.1,231.0,MSC MARIA ELENA,IMO9304423,3EGR2,70,0,336,45,15.0,71,A
367821000,2020-08-21T18:14:40,36.97288,-76.43363,0.0,0.0,511.0,YANO,IMO7825409,NAQH,70,0,276,32,13.0,70,A
538002652,2020-08-21T18:12:51,36.87945,-76.32650,0.0,63.0,276.0,NAIAS,IMO9330800,V7KN8,70,5,225,32,14.0,70,A
355919000,2020-08-21T18:14:38,37.00085,-76.28797,14.4,241.2,240.0,MSC MARIA ELENA,IMO9304423,3EGR2,70,0,336,45,15.0,71,A
367822000,2020-08-21T18:23:56,36.97317,-76.43384,0.0,0.0,238.0,USNS SHUGHART,IMO7825394,NAOQ,70,5,276,32,13.0,70,A
366839000,2020-08-21T18:13:14,36.85347,-76.31081,0.0,0.0,39.0,CAPE RISE,IMO7530808,KAFG,70,5,197,32,10.0,,A
367359930,2020-08-21T18:25:03,36.82406,-76.28902,0.0,321.2,511.0,SUNNY WILLIAMS,,WDE4940,80,0,25,8,,80,A
366842000,2020-08-21T18:20:10,36.85381,-76.31121,0.0,209.9,42.0,CAPE RACE,IMO7616377,KAFJ,70,5,197,32,10.0,35,A
367822000,2020-08-21T18:11:55,36.97317,-76.43385,0.0,0.0,238.0,USNS SHUGHART,IMO7825394,NAOQ,70,5,276,32,13.0,70,A
368026000,2020-08-21T18:27:22,36.86576,-76.31604,0.0,270.5,2.0,BENAVIDEZ,IMO9218210,NBHG,70,5,289,32,10.9,70,A
367359930,2020-08-21T18:15:51,36.82406,-76.28903,0.0,315.1,511.0,SUNNY WILLIAMS,,WDE4940,80,0,25,8,,80,A
367932000,2020-08-21T18:12:08,36.94913,-76.32970,0.0,107.0,279.0,JOHN LENTHALL,IMO8325547,NJLN,80,5,193,29,,,A
366842000,2020-08-21T18:23:08,36.85385,-76.31118,0.0,209.9,42.0,CAPE RACE,IMO7616377,KAFJ,70,5,197,32,10.0,35,A
366839000,2020-08-21T18:16:14,36.85347,-76.31082,0.0,0.0,39.0,CAPE RISE,IMO7530808,KAFG,70,5,197,32,10.0,,A
538002652,2020-08-21T18:15:51,36.87952,-76.32623,0.0,63.0,276.0,NAIAS,IMO9330800,V7KN8,70,5,225,32,14.0,70,A
538002953,2020-08-21T18:16:33,36.87772,-76.34995,0.2,350.1,347.0,SCT SANTIAGO,IMO9302566,V7NF7,70,5,294,32,13.5,71,A
367359930,2020-08-21T18:17:02,36.82407,-76.28903,0.0,314.2,511.0,SUNNY WILLIAMS,,WDE4940,80,0,25,8,,80,A
338794000,2020-08-21T00:07:50,37.18727,-76.15475,15.0,10.4,15.0,ARC INDEPENDENCE,IMO9332925,WAIE,70,0,228,32,8.3,70,A
367821000,2020-08-21T18:22:59,36.97288,-76.43363,0.0,0.0,511.0,YANO,IMO7825409,NAQH,70,0,276,32,13.0,70,A
355919000,2020-08-21T18:21:43,36.98548,-76.31714,12.5,224.7,225.0,MSC MARIA ELENA,IMO9304423,3EGR2,70,0,336,45,15.0,71,A
367932000,2020-08-21T18:24:07,36.94913,-76.32962,0.0,107.0,279.0,JOHN LENTHALL,IMO8325547,NJLN,80,5,193,29,,,A
366842000,2020-08-21T18:29:08,36.85381,-76.31117,0.0,209.9,42.0,CAPE RACE,IMO7616377,KAFJ,70,5,197,32,10.0,35,A
355919000,2020-08-21T18:17:26,36.99504,-76.30027,14.6,240.1,240.0,MSC MARIA ELENA,IMO9304423,3EGR2,70,0,336,45,15.0,71,A
367861000,2020-08-21T18:21:00,36.94634,-76.32987,0.0,0.0,265.0,LARAMIE,IMO8906626,NLAR,80,5,193,29,,,A
367821000,2020-08-21T18:18:50,36.97288,-76.43363,0.0,0.0,511.0,YANO,IMO7825409,NAQH,70,0,276,32,13.0,70,A
367359930,2020-08-21T18:18:23,36.82406,-76.28903,0.0,316.7,511.0,SUNNY WILLIAMS,,WDE4940,80,0,25,8,,80,A
538002652,2020-08-21T18:21:50,36.87942,-76.32648,0.0,63.0,276.0,NAIAS,IMO9330800,V7KN8,70,5,225,32,14.0,70,A
355919000,2020-08-21T18:15:44,36.99858,-76.29283,14.3,239.9,240.0,MSC MARIA ELENA,IMO9304423,3EGR2,70,0,336,45,15.0,71,A
367821000,2020-08-21T18:24:10,36.97288,-76.43363,0.0,0.0,511.0,YANO,IMO7825409,NAQH,70,0,276,32,13.0,70,A
367821000,2020-08-21T18:15:50,36.97288,-76.43363,0.0,0.0,511.0,YANO,IMO7825409,NAQH,70,0,276,32,13.0,70,A
367932000,2020-08-21T18:18:08,36.94920,-76.32966,0.0,107.0,279.0,JOHN LENTHALL,IMO8325547,NJLN,80,5,193,29,,,A
366842000,2020-08-21T18:17:07,36.85384,-76.31118,0.0,209.9,42.0,CAPE RACE,IMO7616377,KAFJ,70,5,197,32,10.0,35,A
355919000,2020-08-21T18:31:41,36.96066,-76.33702,9.4,181.2,182.0,MSC MARIA ELENA,IMO9304423,3EGR2,70,0,336,45,15.0,71,A
367861000,2020-08-21T18:24:00,36.94637,-76.32986,0.0,0.0,265.0,LARAMIE,IMO8906626,NLAR,80,5,193,29,,,A
367359930,2020-08-21T18:26:51,36.82405,-76.28903,0.0,333.3,511.0,SUNNY WILLIAMS,,WDE4940,80,0,25,8,,80,A
367861000,2020-08-21T18:27:01,36.94634,-76.32987,0.0,0.0,265.0,LARAMIE,IMO8906626,NLAR,80,5,193,29,,,A
215677000,2020-08-21T18:25:58,36.96289,-76.42420,0.0,256.1,39.0,RIZE,IMO9584035,9HA2781,70,5,229,32,14.5,,A
367359930,2020-08-21T18:20:02,36.82406,-76.28903,0.0,319.8,511.0,SUNNY WILLIAMS,,WDE4940,80,0,25,8,,80,A
538002652,2020-08-21T18:18:51,36.87943,-76.32648,0.0,63.0,276.0,NAIAS,IMO9330800,V7KN8,70,5,225,32,14.0,70,A
367932000,2020-08-21T18:27:07,36.94916,-76.32962,0.0,107.0,279.0,JOHN LENTHALL,IMO8325547,NJLN,80,5,193,29,,,A
368026000,2020-08-21T18:18:20,36.86577,-76.31606,0.0,270.5,2.0,BENAVIDEZ,IMO9218210,NBHG,70,5,289,32,10.9,70,A
367359930,2020-08-21T18:35:52,36.82404,-76.28906,0.0,320.5,511.0,SUNNY WILLIAMS,,WDE4940,80,0,25,8,,80,A
477196100,2020-08-21T18:34:03,37.19805,-76.13474,0.0,72.2,170.0,DARYA MA,IMO9591674,VRJH5,70,1,229,32,14.5,,A
355919000,2020-08-21T18:22:56,36.98237,-76.32085,12.6,224.3,225.0,MSC MARIA ELENA,IMO9304423,3EGR2,70,0,336,45,15.0,71,A
368026000,2020-08-21T18:30:21,36.86576,-76.31605,0.0,270.5,2.0,BENAVIDEZ,IMO9218210,NBHG,70,5,289,32,10.9,70,A
538005042,2020-08-21T18:35:33,36.92760,-76.32993,0.0,354.0,354.0,NILEDUTCH OSPREY,IMO9365829,V7AP5,70,5,182,28,11.0,71,A
367821000,2020-08-21T18:30:00,36.97288,-76.43362,0.0,0.0,511.0,YANO,IMO7825409,NAQH,70,0,276,32,13.0,70,A
355919000,2020-08-21T18:38:19,36.94346,-76.33763,8.5,182.7,181.0,MSC MARIA ELENA,IMO9304423,3EGR2,70,0,336,45,15.0,71,A
355919000,2020-08-21T18:24:30,36.97842,-76.32565,12.4,224.3,225.0,MSC MARIA ELENA,IMO9304423,3EGR2,70,0,336,45,15.0,71,A
538005042,2020-08-21T18:20:25,36.92759,-76.32993,0.1,264.0,354.0,NILEDUTCH OSPREY,IMO9365829,V7AP5,70,5,182,28,11.0,71,A
538002652,2020-08-21T18:30:51,36.87940,-76.32643,0.0,63.0,276.0,NAIAS,IMO9330800,V7KN8,70,5,225,32,14.0,70,A
367822000,2020-08-21T18:29:56,36.97316,-76.43384,0.0,0.0,238.0,USNS SHUGHART,IMO7825394,NAOQ,70,5,276,32,13.0,70,A
538002652,2020-08-21T18:27:53,36.87943,-76.32645,0.0,63.0,276.0,NAIAS,IMO9330800,V7KN8,70,5,225,32,14.0,70,A
366842000,2020-08-21T18:38:24,36.85382,-76.31122,0.0,209.9,45.0,CAPE RACE,IMO7616377,KAFJ,70,5,197,32,10.0,35,A
477196100,2020-08-21T18:31:02,37.19803,-76.13478,0.1,72.2,172.0,DARYA MA,IMO9591674,VRJH5,70,1,229,32,14.5,,A
367821000,2020-08-21T18:21:49,36.97288,-76.43363,0.0,0.0,511.0,YANO,IMO7825409,NAQH,70,0,276,32,13.0,70,A
366839000,2020-08-21T18:31:15,36.85350,-76.31085,0.0,0.0,39.0,CAPE RISE,IMO7530808,KAFG,70,5,197,32,10.0,,A
538005042,2020-08-21T18:38:36,36.92760,-76.32993,0.0,354.0,354.0,NILEDUTCH OSPREY,IMO9365829,V7AP5,70,5,182,28,11.0,71,A
355919000,2020-08-21T18:29:11,36.96722,-76.33680,9.5,187.3,184.0,MSC MARIA ELENA,IMO9304423,3EGR2,70,0,336,45,15.0,71,A
215677000,2020-08-21T18:22:56,36.96291,-76.42419,0.0,256.1,39.0,RIZE,IMO9584035,9HA2781,70,5,229,32,14.5,,A
538005042,2020-08-21T18:23:28,36.92759,-76.32993,0.0,354.0,354.0,NILEDUTCH OSPREY,IMO9365829,V7AP5,70,5,182,28,11.0,71,A
355919000,2020-08-21T18:26:30,36.97370,-76.33153,11.5,225.7,223.0,MSC MARIA ELENA,IMO9304423,3EGR2,70,0,336,45,15.0,71,A
368026000,2020-08-21T18:39:20,36.86575,-76.31605,0.0,270.5,2.0,BENAVIDEZ,IMO9218210,NBHG,70,5,289,32,10.9,70,A
366842000,2020-08-21T18:26:09,36.85385,-76.31118,0.0,209.9,42.0,CAPE RACE,IMO7616377,KAFJ,70,5,197,32,10.0,35,A
538002953,2020-08-21T18:40:34,36.87759,-76.34994,0.0,107.1,347.0,SCT SANTIAGO,IMO9302566,V7NF7,70,5,294,32,13.5,71,A
367932000,2020-08-21T18:33:08,36.94915,-76.32962,0.0,107.0,279.0,JOHN LENTHALL,IMO8325547,NJLN,80,5,193,29,,,A
367821000,2020-08-21T18:42:39,36.97285,-76.43366,0.0,0.0,511.0,YANO,IMO7825409,NAQH,70,0,276,32,13.0,70,A
368026000,2020-08-21T18:33:20,36.86579,-76.31604,0.0,270.5,2.0,BENAVIDEZ,IMO9218210,NBHG,70,5,289,32,10.9,70,A
538002652,2020-08-21T18:33:50,36.87950,-76.32643,0.0,63.0,276.0,NAIAS,IMO9330800,V7KN8,70,5,225,32,14.0,70,A
366842000,2020-08-21T18:32:09,36.85382,-76.31118,0.0,209.9,42.0,CAPE RACE,IMO7616377,KAFJ,70,5,197,32,10.0,35,A
367861000,2020-08-21T18:33:00,36.94635,-76.32983,0.0,0.0,265.0,LARAMIE,IMO8906626,NLAR,80,5,193,29,,,A
538002953,2020-08-21T18:31:34,36.87759,-76.34996,0.0,347.4,347.0,SCT SANTIAGO,IMO9302566,V7NF7,70,5,294,32,13.5,71,A
367821000,2020-08-21T18:25:39,36.97288,-76.43363,0.0,0.0,511.0,YANO,IMO7825409,NAQH,70,0,276,32,13.0,70,A
355919000,2020-08-21T18:34:50,36.95220,-76.33724,9.2,181.7,181.0,MSC MARIA ELENA,IMO9304423,3EGR2,70,0,336,45,15.0,71,A
367822000,2020-08-21T18:41:54,36.97314,-76.43383,0.0,0.0,238.0,USNS SHUGHART,IMO7825394,NAOQ,70,5,276,32,13.0,70,A
366839000,2020-08-21T18:25:16,36.85350,-76.31082,0.0,0.0,39.0,CAPE RISE,IMO7530808,KAFG,70,5,197,32,10.0,,A
538002953,2020-08-21T18:25:34,36.87755,-76.34996,0.0,167.4,347.0,SCT SANTIAGO,IMO9302566,V7NF7,70,5,294,32,13.5,71,A
367359930,2020-08-21T18:28:51,36.82404,-76.28903,0.0,339.2,511.0,SUNNY WILLIAMS,,WDE4940,80,0,25,8,,80,A
477196100,2020-08-21T18:28:02,37.19799,-76.13477,0.1,72.2,173.0,DARYA MA,IMO9591674,VRJH5,70,1,229,32,14.5,,A
366839000,2020-08-21T18:28:10,36.85346,-76.31085,0.0,0.0,39.0,CAPE RISE,IMO7530808,KAFG,70,5,197,32,10.0,,A
368026000,2020-08-21T18:36:20,36.86578,-76.31604,0.0,270.5,2.0,BENAVIDEZ,IMO9218210,NBHG,70,5,289,32,10.9,70,A
367821000,2020-08-21T18:27:39,36.97288,-76.43362,0.0,0.0,511.0,YANO,IMO7825409,NAQH,70,0,276,32,13.0,70,A
538002953,2020-08-21T18:28:34,36.87760,-76.34996,0.0,11.3,347.0,SCT SANTIAGO,IMO9302566,V7NF7,70,5,294,32,13.5,71,A
366839000,2020-08-21T18:37:10,36.85349,-76.31085,0.0,0.0,39.0,CAPE RISE,IMO7530808,KAFG,70,5,197,32,10.0,,A
366842000,2020-08-21T18:35:27,36.85384,-76.31117,0.0,209.9,43.0,CAPE RACE,IMO7616377,KAFJ,70,5,197,32,10.0,35,A
367821000,2020-08-21T18:37:19,36.97288,-76.43362,0.0,0.0,511.0,YANO,IMO7825409,NAQH,70,0,276,32,13.0,70,A
367359930,2020-08-21T18:44:42,36.82406,-76.28903,0.0,328.3,511.0,SUNNY WILLIAMS,,WDE4940,80,0,25,8,,80,A
355919000,2020-08-21T18:27:40,36.97107,-76.33464,10.8,212.6,207.0,MSC MARIA ELENA,IMO9304423,3EGR2,70,0,336,45,15.0,71,A
538002953,2020-08-21T18:37:34,36.87760,-76.34997,0.0,0.0,347.0,SCT SANTIAGO,IMO9302566,V7NF7,70,5,294,32,13.5,71,A
215677000,2020-08-21T18:28:55,36.96292,-76.42419,0.0,256.1,39.0,RIZE,IMO9584035,9HA2781,70,5,229,32,14.5,,A
538002652,2020-08-21T18:36:51,36.87943,-76.32650,0.0,63.0,276.0,NAIAS,IMO9330800,V7KN8,70,5,225,32,14.0,70,A
367932000,2020-08-21T18:30:08,36.94915,-76.32957,0.0,107.0,279.0,JOHN LENTHALL,IMO8325547,NJLN,80,5,193,29,,,A
367359930,2020-08-21T18:39:03,36.82406,-76.28906,0.0,314.1,511.0,SUNNY WILLIAMS,,WDE4940,80,0,25,8,,80,A
367359930,2020-08-21T18:46:52,36.82404,-76.28904,0.0,320.6,511.0,SUNNY WILLIAMS,,WDE4940,80,0,25,8,,80,A
215677000,2020-08-21T18:37:58,36.96294,-76.42420,0.0,256.1,39.0,RIZE,IMO9584035,9HA2781,70,5,229,32,14.5,,A
538002652,2020-08-21T18:39:51,36.87957,-76.32658,0.0,63.0,276.0,NAIAS,IMO9330800,V7KN8,70,5,225,32,14.0,70,A
367359930,2020-08-21T18:41:21,36.82406,-76.28904,0.0,312.9,511.0,SUNNY WILLIAMS,,WDE4940,80,0,25,8,,80,A
367821000,2020-08-21T18:31:09,36.97288,-76.43362,0.0,0.0,511.0,YANO,IMO7825409,NAQH,70,0,276,32,13.0,70,A
367359930,2020-08-21T18:30:02,36.82405,-76.28904,0.0,341.8,511.0,SUNNY WILLIAMS,,WDE4940,80,0,25,8,,80,A
215677000,2020-08-21T18:40:59,36.96290,-76.42419,0.0,256.1,39.0,RIZE,IMO9584035,9HA2781,70,5,229,32,14.5,,A
215677000,2020-08-21T18:31:59,36.96292,-76.42419,0.0,256.1,39.0,RIZE,IMO9584035,9HA2781,70,5,229,32,14.5,,A
367359930,2020-08-21T18:31:52,36.82404,-76.28904,0.0,336.1,511.0,SUNNY WILLIAMS,,WDE4940,80,0,25,8,,80,A
367821000,2020-08-21T18:34:19,36.97288,-76.43362,0.0,0.0,511.0,YANO,IMO7825409,NAQH,70,0,276,32,13.0,70,A
538005042,2020-08-21T18:41:38,36.92760,-76.32993,0.0,354.0,354.0,NILEDUTCH OSPREY,IMO9365829,V7AP5,70,5,182,28,11.0,71,A
367822000,2020-08-21T18:32:55,36.97316,-76.43384,0.0,0.0,238.0,USNS SHUGHART,IMO7825394,NAOQ,70,5,276,32,13.0,70,A
366839000,2020-08-21T18:34:10,36.85348,-76.31081,0.0,0.0,39.0,CAPE RISE,IMO7530808,KAFG,70,5,197,32,10.0,,A
367821000,2020-08-21T18:43:49,36.97290,-76.43363,0.0,0.0,511.0,YANO,IMO7825409,NAQH,70,0,276,32,13.0,70,A
367821000,2020-08-21T18:35:49,36.97288,-76.43362,0.0,0.0,511.0,YANO,IMO7825409,NAQH,70,0,276,32,13.0,70,A
367932000,2020-08-21T18:42:08,36.94914,-76.32966,0.0,107.0,279.0,JOHN LENTHALL,IMO8325547,NJLN,80,5,193,29,,,A
367861000,2020-08-21T18:36:01,36.94637,-76.32989,0.0,0.0,265.0,LARAMIE,IMO8906626,NLAR,80,5,193,29,,,A
366842000,2020-08-21T18:44:25,36.85382,-76.31118,0.0,209.9,42.0,CAPE RACE,IMO7616377,KAFJ,70,5,197,32,10.0,35,A
355919000,2020-08-21T18:32:51,36.95750,-76.33708,9.6,181.3,181.0,MSC MARIA ELENA,IMO9304423,3EGR2,70,0,336,45,15.0,71,A
366839000,2020-08-21T18:43:12,36.85350,-76.31084,0.0,0.0,39.0,CAPE RISE,IMO7530808,KAFG,70,5,197,32,10.0,,A
367822000,2020-08-21T18:47:55,36.97314,-76.43383,0.0,0.0,239.0,USNS SHUGHART,IMO7825394,NAOQ,70,5,276,32,13.0,70,A
215677000,2020-08-21T18:34:57,36.96290,-76.42419,0.0,256.1,39.0,RIZE,IMO9584035,9HA2781,70,5,229,32,14.5,,A
366842000,2020-08-21T18:50:27,36.85383,-76.31121,0.0,209.9,37.0,CAPE RACE,IMO7616377,KAFJ,70,5,197,32,10.0,35,A
538005042,2020-08-21T18:44:36,36.92760,-76.32993,0.0,354.0,354.0,NILEDUTCH OSPREY,IMO9365829,V7AP5,70,5,182,28,11.0,71,A
367932000,2020-08-21T18:45:08,36.94915,-76.32967,0.0,107.0,279.0,JOHN LENTHALL,IMO8325547,NJLN,80,5,193,29,,,A
215677000,2020-08-21T18:43:59,36.96290,-76.42423,0.0,256.1,39.0,RIZE,IMO9584035,9HA2781,70,5,229,32,14.5,,A
355919000,2020-08-21T18:50:21,36.91607,-76.33925,7.9,184.2,182.0,MSC MARIA ELENA,IMO9304423,3EGR2,70,0,336,45,15.0,71,A
367359930,2020-08-21T18:37:31,36.82404,-76.28907,0.0,318.0,511.0,SUNNY WILLIAMS,,WDE4940,80,0,25,8,,80,A
538002953,2020-08-21T18:34:34,36.87758,-76.34997,0.0,354.5,347.0,SCT SANTIAGO,IMO9302566,V7NF7,70,5,294,32,13.5,71,A
355919000,2020-08-21T18:47:49,36.92174,-76.33882,7.9,182.5,182.0,MSC MARIA ELENA,IMO9304423,3EGR2,70,0,336,45,15.0,71,A
355919000,2020-08-21T18:44:30,36.92928,-76.33842,8.0,183.1,181.0,MSC MARIA ELENA,IMO9304423,3EGR2,70,0,336,45,15.0,71,A
367822000,2020-08-21T18:44:56,36.97314,-76.43383,0.0,0.0,238.0,USNS SHUGHART,IMO7825394,NAOQ,70,5,276,32,13.0,70,A
367861000,2020-08-21T18:45:01,36.94637,-76.32980,0.0,0.0,265.0,LARAMIE,IMO8906626,NLAR,80,5,193,29,,,A
366839000,2020-08-21T18:52:10,36.85348,-76.31084,0.0,0.0,39.0,CAPE RISE,IMO7530808,KAFG,70,5,197,32,10.0,,A
367821000,2020-08-21T18:41:19,36.97288,-76.43362,0.0,0.0,511.0,YANO,IMO7825409,NAQH,70,0,276,32,13.0,70,A
355919000,2020-08-21T18:39:30,36.94065,-76.33779,8.2,183.2,181.0,MSC MARIA ELENA,IMO9304423,3EGR2,70,0,336,45,15.0,71,A
477196100,2020-08-21T18:37:04,37.19804,-76.13466,0.1,72.2,171.0,DARYA MA,IMO9591674,VRJH5,70,1,229,32,14.5,,A
367932000,2020-08-21T18:36:07,36.94913,-76.32957,0.0,107.0,279.0,JOHN LENTHALL,IMO8325547,NJLN,80,5,193,29,,,A
367359930,2020-08-21T18:48:52,36.82406,-76.28903,0.0,324.9,511.0,SUNNY WILLIAMS,,WDE4940,80,0,25,8,,80,A
538005042,2020-08-21T18:53:42,36.92760,-76.32993,0.0,355.0,355.0,NILEDUTCH OSPREY,IMO9365829,V7AP5,70,5,182,28,11.0,71,A
367861000,2020-08-21T18:47:59,36.94638,-76.32977,0.0,0.0,265.0,LARAMIE,IMO8906626,NLAR,80,5,193,29,,,A
367822000,2020-08-21T18:53:56,36.97319,-76.43394,0.0,0.0,239.0,USNS SHUGHART,IMO7825394,NAOQ,70,5,276,32,13.0,70,A
367821000,2020-08-21T18:38:29,36.97288,-76.43362,0.0,0.0,511.0,YANO,IMO7825409,NAQH,70,0,276,32,13.0,70,A
367861000,2020-08-21T18:39:01,36.94637,-76.32976,0.0,0.0,265.0,LARAMIE,IMO8906626,NLAR,80,5,193,29,,,A
367932000,2020-08-21T18:39:07,36.94915,-76.32955,0.0,107.0,279.0,JOHN LENTHALL,IMO8325547,NJLN,80,5,193,29,,,A
477196100,2020-08-21T18:40:04,37.19807,-76.13453,0.1,90.7,173.0,DARYA MA,IMO9591674,VRJH5,70,1,229,32,14.5,,A
367359930,2020-08-21T18:50:42,36.82404,-76.28904,0.0,301.7,511.0,SUNNY WILLIAMS,,WDE4940,80,0,25,8,,80,A
367932000,2020-08-21T18:54:09,36.94919,-76.32971,0.0,107.0,279.0,JOHN LENTHALL,IMO8325547,NJLN,80,5,193,29,,,A
368026000,2020-08-21T18:51:20,36.86577,-76.31605,0.0,270.5,2.0,BENAVIDEZ,IMO9218210,NBHG,70,5,289,32,10.9,70,A
367821000,2020-08-21T18:49:10,36.97291,-76.43366,0.0,0.0,511.0,YANO,IMO7825409,NAQH,70,0,276,32,13.0,70,A
477196100,2020-08-21T18:43:06,37.19807,-76.13439,0.1,67.3,178.0,DARYA MA,IMO9591674,VRJH5,70,1,229,32,14.5,,A
477196100,2020-08-21T18:48:57,37.19802,-76.13438,0.1,67.3,182.0,DARYA MA,IMO9591674,VRJH5,70,1,229,32,14.5,,A
366842000,2020-08-21T18:41:27,36.85383,-76.31117,0.0,209.9,46.0,CAPE RACE,IMO7616377,KAFJ,70,5,197,32,10.0,35,A
355919000,2020-08-21T18:49:10,36.91870,-76.33902,7.9,183.5,182.0,MSC MARIA ELENA,IMO9304423,3EGR2,70,0,336,45,15.0,71,A
538002652,2020-08-21T18:51:50,36.87950,-76.32640,0.0,63.0,276.0,NAIAS,IMO9330800,V7KN8,70,5,225,32,14.0,70,A
538002953,2020-08-21T18:49:35,36.87759,-76.34996,0.0,302.3,347.0,SCT SANTIAGO,IMO9302566,V7NF7,70,5,294,32,13.5,71,A
367821000,2020-08-21T18:39:39,36.97288,-76.43362,0.0,0.0,511.0,YANO,IMO7825409,NAQH,70,0,276,32,13.0,70,A
538002953,2020-08-21T18:46:34,36.87760,-76.34997,0.0,0.0,347.0,SCT SANTIAGO,IMO9302566,V7NF7,70,5,294,32,13.5,71,A
538005042,2020-08-21T18:50:39,36.92760,-76.32993,0.1,265.0,355.0,NILEDUTCH OSPREY,IMO9365829,V7AP5,70,5,182,28,11.0,71,A
367861000,2020-08-21T18:51:00,36.94641,-76.32987,0.0,0.0,265.0,LARAMIE,IMO8906626,NLAR,80,5,193,29,,,A
368026000,2020-08-21T18:45:21,36.86577,-76.31606,0.0,270.5,2.0,BENAVIDEZ,IMO9218210,NBHG,70,5,289,32,10.9,70,A
367821000,2020-08-21T18:53:39,36.97290,-76.43365,0.0,0.0,511.0,YANO,IMO7825409,NAQH,70,0,276,32,13.0,70,A
367822000,2020-08-21T18:50:55,36.97314,-76.43384,0.0,0.0,239.0,USNS SHUGHART,IMO7825394,NAOQ,70,5,276,32,13.0,70,A
477196100,2020-08-21T18:46:06,37.19808,-76.13433,0.1,67.3,182.0,DARYA MA,IMO9591674,VRJH5,70,1,229,32,14.5,,A
367821000,2020-08-21T18:50:19,36.97290,-76.43367,0.0,0.0,511.0,YANO,IMO7825409,NAQH,70,0,276,32,13.0,70,A
355919000,2020-08-21T18:43:19,36.93195,-76.33825,7.9,182.4,182.0,MSC MARIA ELENA,IMO9304423,3EGR2,70,0,336,45,15.0,71,A
355919000,2020-08-21T18:56:19,36.90348,-76.33810,7.4,173.2,171.0,MSC MARIA ELENA,IMO9304423,3EGR2,70,0,336,45,15.0,71,A
477196100,2020-08-21T18:52:04,37.19800,-76.13445,0.1,67.3,182.0,DARYA MA,IMO9591674,VRJH5,70,1,229,32,14.5,,A
368026000,2020-08-21T18:42:21,36.86576,-76.31605,0.0,270.5,2.0,BENAVIDEZ,IMO9218210,NBHG,70,5,289,32,10.9,70,A
367821000,2020-08-21T18:58:20,36.97289,-76.43365,0.0,0.0,511.0,YANO,IMO7825409,NAQH,70,0,276,32,13.0,70,A
366842000,2020-08-21T18:56:28,36.85382,-76.31117,0.0,209.9,34.0,CAPE RACE,IMO7616377,KAFJ,70,5,197,32,10.0,35,A
355919000,2020-08-21T18:51:30,36.91354,-76.33951,7.7,176.5,173.0,MSC MARIA ELENA,IMO9304423,3EGR2,70,0,336,45,15.0,71,A
367932000,2020-08-21T18:48:09,36.94917,-76.32961,0.0,107.0,279.0,JOHN LENTHALL,IMO8325547,NJLN,80,5,193,29,,,A
367359930,2020-08-21T18:43:32,36.82406,-76.28903,0.0,322.7,511.0,SUNNY WILLIAMS,,WDE4940,80,0,25,8,,80,A
366842000,2020-08-21T18:53:27,36.85386,-76.31123,0.0,209.9,35.0,CAPE RACE,IMO7616377,KAFJ,70,5,197,32,10.0,35,A
367821000,2020-08-21T18:46:09,36.97292,-76.43363,0.0,0.0,511.0,YANO,IMO7825409,NAQH,70,0,276,32,13.0,70,A
367861000,2020-08-21T18:59:59,36.94641,-76.32982,0.0,0.0,265.0,LARAMIE,IMO8906626,NLAR,80,5,193,29,,,A
367359930,2020-08-21T18:54:52,36.82405,-76.28904,0.0,270.7,511.0,SUNNY WILLIAMS,,WDE4940,80,0,25,8,,80,A
366839000,2020-08-21T18:55:14,36.85351,-76.31080,0.0,0.0,39.0,CAPE RISE,IMO7530808,KAFG,70,5,197,32,10.0,,A
538002652,2020-08-21T18:45:50,36.87950,-76.32647,0.0,63.0,276.0,NAIAS,IMO9330800,V7KN8,70,5,225,32,14.0,70,A
355919000,2020-08-21T18:45:40,36.92662,-76.33856,7.9,183.0,182.0,MSC MARIA ELENA,IMO9304423,3EGR2,70,0,336,45,15.0,71,A
367821000,2020-08-21T18:47:59,36.97290,-76.43365,0.0,0.0,511.0,YANO,IMO7825409,NAQH,70,0,276,32,13.0,70,A
367821000,2020-08-21T18:56:09,36.97290,-76.43365,0.0,0.0,511.0,YANO,IMO7825409,NAQH,70,0,276,32,13.0,70,A
366839000,2020-08-21T18:46:10,36.85349,-76.31083,0.0,0.0,39.0,CAPE RISE,IMO7530808,KAFG,70,5,197,32,10.0,,A
215677000,2020-08-21T18:58:56,36.96291,-76.42421,0.0,256.1,39.0,RIZE,IMO9584035,9HA2781,70,5,229,32,14.5,,A
538002652,2020-08-21T18:54:52,36.87962,-76.32635,0.0,63.0,276.0,NAIAS,IMO9330800,V7KN8,70,5,225,32,14.0,70,A
368026000,2020-08-21T18:48:20,36.86575,-76.31604,0.0,270.5,2.0,BENAVIDEZ,IMO9218210,NBHG,70,5,289,32,10.9,70,A
538005042,2020-08-21T18:47:41,36.92760,-76.32993,0.0,355.0,355.0,NILEDUTCH OSPREY,IMO9365829,V7AP5,70,5,182,28,11.0,71,A
538002953,2020-08-21T18:52:35,36.87759,-76.34996,0.0,66.0,347.0,SCT SANTIAGO,IMO9302566,V7NF7,70,5,294,32,13.5,71,A
215677000,2020-08-21T18:52:57,36.96290,-76.42418,0.1,256.1,39.0,RIZE,IMO9584035,9HA2781,70,5,229,32,14.5,,A
355919000,2020-08-21T18:52:51,36.91073,-76.33915,7.4,173.5,171.0,MSC MARIA ELENA,IMO9304423,3EGR2,70,0,336,45,15.0,71,A
367821000,2020-08-21T18:59:39,36.97290,-76.43365,0.0,0.0,511.0,YANO,IMO7825409,NAQH,70,0,276,32,13.0,70,A
366842000,2020-08-21T18:47:28,36.85380,-76.31118,0.0,209.9,39.0,CAPE RACE,IMO7616377,KAFJ,70,5,197,32,10.0,35,A
355919000,2020-08-21T18:54:00,36.90832,-76.33879,7.4,172.5,171.0,MSC MARIA ELENA,IMO9304423,3EGR2,70,0,336,45,15.0,71,A
368026000,2020-08-21T18:54:21,36.86576,-76.31605,0.1,270.5,2.0,BENAVIDEZ,IMO9218210,NBHG,70,5,289,32,10.9,70,A
367821000,2020-08-21T19:02:19,36.97289,-76.43364,0.0,0.0,511.0,YANO,IMO7825409,NAQH,70,0,276,32,13.0,70,A
367822000,2020-08-21T18:59:56,36.97317,-76.43390,0.0,0.0,238.0,USNS SHUGHART,IMO7825394,NAOQ,70,5,276,32,13.0,70,A
215677000,2020-08-21T19:01:57,36.96294,-76.42419,0.0,256.1,39.0,RIZE,IMO9584035,9HA2781,70,5,229,32,14.5,,A
355919000,2020-08-21T19:00:09,36.89636,-76.33697,6.1,166.7,164.0,MSC MARIA ELENA,IMO9304423,3EGR2,70,0,336,45,15.0,71,A
366839000,2020-08-21T18:49:15,36.85347,-76.31082,0.0,0.0,39.0,CAPE RISE,IMO7530808,KAFG,70,5,197,32,10.0,,A
355919000,2020-08-21T18:55:09,36.90591,-76.33843,7.2,173.3,172.0,MSC MARIA ELENA,IMO9304423,3EGR2,70,0,336,45,15.0,71,A
367861000,2020-08-21T18:57:00,36.94637,-76.32981,0.0,0.0,265.0,LARAMIE,IMO8906626,NLAR,80,5,193,29,,,A
477196100,2020-08-21T18:55:01,37.19800,-76.13453,0.1,67.3,180.0,DARYA MA,IMO9591674,VRJH5,70,1,229,32,14.5,,A
477196100,2020-08-21T18:58:05,37.19804,-76.13458,0.1,67.3,178.0,DARYA MA,IMO9591674,VRJH5,70,1,229,32,14.5,,A
366842000,2020-08-21T18:59:29,36.85379,-76.31123,0.0,209.9,33.0,CAPE RACE,IMO7616377,KAFJ,70,5,197,32,10.0,35,A
538002652,2020-08-21T19:00:51,36.87948,-76.32652,0.0,63.0,276.0,NAIAS,IMO9330800,V7KN8,70,5,225,32,14.0,70,A
538005042,2020-08-21T18:56:44,36.92760,-76.32993,0.0,355.0,355.0,NILEDUTCH OSPREY,IMO9365829,V7AP5,70,5,182,28,11.0,71,A
355919000,2020-08-21T18:58:29,36.89921,-76.33754,6.5,173.7,170.0,MSC MARIA ELENA,IMO9304423,3EGR2,70,0,336,45,15.0,71,A
367359930,2020-08-21T18:53:42,36.82405,-76.28906,0.0,274.0,511.0,SUNNY WILLIAMS,,WDE4940,80,0,25,8,,80,A
367932000,2020-08-21T18:51:09,36.94917,-76.32963,0.0,107.0,279.0,JOHN LENTHALL,IMO8325547,NJLN,80,5,193,29,,,A
538002953,2020-08-21T18:58:34,36.87758,-76.34996,0.0,77.4,347.0,SCT SANTIAGO,IMO9302566,V7NF7,70,5,294,32,13.5,71,A
366839000,2020-08-21T18:58:10,36.85347,-76.31082,0.0,0.0,39.0,CAPE RISE,IMO7530808,KAFG,70,5,197,32,10.0,,A
366842000,2020-08-21T19:02:30,36.85386,-76.31121,0.0,209.9,33.0,CAPE RACE,IMO7616377,KAFJ,70,5,197,32,10.0,35,A
367359930,2020-08-21T18:59:52,36.82406,-76.28902,0.0,253.3,511.0,SUNNY WILLIAMS,,WDE4940,80,0,25,8,,80,A
538002652,2020-08-21T18:57:51,36.87958,-76.32643,0.0,63.0,276.0,NAIAS,IMO9330800,V7KN8,70,5,225,32,14.0,70,A
367932000,2020-08-21T18:57:07,36.94921,-76.32972,0.0,107.0,279.0,JOHN LENTHALL,IMO8325547,NJLN,80,5,193,29,,,A
367821000,2020-08-21T19:03:20,36.97289,-76.43364,0.0,0.0,511.0,YANO,IMO7825409,NAQH,70,0,276,32,13.0,70,A
355919000,2020-08-21T18:59:30,36.89746,-76.33728,6.3,164.5,165.0,MSC MARIA ELENA,IMO9304423,3EGR2,70,0,336,45,15.0,71,A
355919000,2020-08-21T19:03:39,36.89011,-76.33546,6.5,173.7,173.0,MSC MARIA ELENA,IMO9304423,3EGR2,70,0,336,45,15.0,71,A
538002652,2020-08-21T19:03:50,36.87952,-76.32645,0.1,215.0,276.0,NAIAS,IMO9330800,V7KN8,70,5,225,32,14.0,70,A
355919000,2020-08-21T19:04:59,36.88773,-76.33518,6.1,173.0,173.0,MSC MARIA ELENA,IMO9304423,3EGR2,70,0,336,45,15.0,71,A
367821000,2020-08-21T18:59:59,36.97289,-76.43364,0.0,0.0,511.0,YANO,IMO7825409,NAQH,70,0,276,32,13.0,70,A
366839000,2020-08-21T19:04:10,36.85351,-76.31081,0.0,0.0,39.0,CAPE RISE,IMO7530808,KAFG,70,5,197,32,10.0,,A
368026000,2020-08-21T19:00:20,36.86579,-76.31604,0.0,270.5,2.0,BENAVIDEZ,IMO9218210,NBHG,70,5,289,32,10.9,70,A
367932000,2020-08-21T19:00:07,36.94912,-76.32964,0.0,107.0,279.0,JOHN LENTHALL,IMO8325547,NJLN,80,5,193,29,,,A
367821000,2020-08-21T19:01:09,36.97289,-76.43364,0.0,0.0,511.0,YANO,IMO7825409,NAQH,70,0,276,32,13.0,70,A
367821000,2020-08-21T19:05:39,36.97289,-76.43364,0.0,0.0,511.0,YANO,IMO7825409,NAQH,70,0,276,32,13.0,70,A
355919000,2020-08-21T19:01:20,36.89434,-76.33628,6.3,165.0,167.0,MSC MARIA ELENA,IMO9304423,3EGR2,70,0,336,45,15.0,71,A
366839000,2020-08-21T19:01:10,36.85348,-76.31083,0.0,0.0,39.0,CAPE RISE,IMO7530808,KAFG,70,5,197,32,10.0,,A
367822000,2020-08-21T18:56:56,36.97317,-76.43392,0.0,0.0,239.0,USNS SHUGHART,IMO7825394,NAOQ,70,5,276,32,13.0,70,A
538002953,2020-08-21T19:01:35,36.87762,-76.34995,0.0,103.9,347.0,SCT SANTIAGO,IMO9302566,V7NF7,70,5,294,32,13.5,71,A
367861000,2020-08-21T18:54:01,36.94639,-76.32986,0.0,0.0,265.0,LARAMIE,IMO8906626,NLAR,80,5,193,29,,,A
367359930,2020-08-21T19:02:23,36.82406,-76.28902,0.0,248.6,511.0,SUNNY WILLIAMS,,WDE4940,80,0,25,8,,80,A
538002953,2020-08-21T18:55:35,36.87757,-76.34995,0.0,347.4,347.0,SCT SANTIAGO,IMO9302566,V7NF7,70,5,294,32,13.5,71,A
367359930,2020-08-21T18:56:02,36.82407,-76.28903,0.0,261.8,511.0,SUNNY WILLIAMS,,WDE4940,80,0,25,8,,80,A
367822000,2020-08-21T19:05:56,36.97315,-76.43386,0.0,0.0,238.0,USNS SHUGHART,IMO7825394,NAOQ,70,5,276,32,13.0,70,A
367822000,2020-08-21T19:02:56,36.97316,-76.43388,0.0,0.0,238.0,USNS SHUGHART,IMO7825394,NAOQ,70,5,276,32,13.0,70,A
368026000,2020-08-21T18:57:20,36.86577,-76.31605,0.0,270.5,2.0,BENAVIDEZ,IMO9218210,NBHG,70,5,289,32,10.9,70,A
477196100,2020-08-21T19:07:01,37.19804,-76.13465,0.0,67.3,174.0,DARYA MA,IMO9591674,VRJH5,70,1,229,32,14.5,,A
215677000,2020-08-21T18:55:58,36.96290,-76.42420,0.0,256.1,39.0,RIZE,IMO9584035,9HA2781,70,5,229,32,14.5,,A
355919000,2020-08-21T18:57:20,36.90142,-76.33781,7.3,173.1,171.0,MSC MARIA ELENA,IMO9304423,3EGR2,70,0,336,45,15.0,71,A
367932000,2020-08-21T19:03:07,36.94916,-76.32965,0.0,107.0,279.0,JOHN LENTHALL,IMO8325547,NJLN,80,5,193,29,,,A
355919000,2020-08-21T19:08:39,36.88202,-76.33492,5.2,200.7,206.0,MSC MARIA ELENA,IMO9304423,3EGR2,70,0,336,45,15.0,71,A
367821000,2020-08-21T19:04:29,36.97289,-76.43364,0.0,0.0,511.0,YANO,IMO7825409,NAQH,70,0,276,32,13.0,70,A
477196100,2020-08-21T19:04:04,37.19805,-76.13465,0.0,67.3,175.0,DARYA MA,IMO9591674,VRJH5,70,1,229,32,14.5,,A
538002953,2020-08-21T19:04:35,36.87758,-76.34996,0.0,302.3,347.0,SCT SANTIAGO,IMO9302566,V7NF7,70,5,294,32,13.5,71,A
367821000,2020-08-21T19:09:10,36.97290,-76.43364,0.0,0.0,511.0,YANO,IMO7825409,NAQH,70,0,276,32,13.0,70,A
538005042,2020-08-21T19:08:48,36.92760,-76.32993,0.0,355.0,355.0,NILEDUTCH OSPREY,IMO9365829,V7AP5,70,5,182,28,11.0,71,A
366842000,2020-08-21T19:08:28,36.85383,-76.31120,0.0,209.9,33.0,CAPE RACE,IMO7616377,KAFJ,70,5,197,32,10.0,35,A
368026000,2020-08-21T19:09:21,36.86576,-76.31603,0.0,270.5,2.0,BENAVIDEZ,IMO9218210,NBHG,70,5,289,32,10.9,70,A
367359930,2020-08-21T19:00:03,36.82406,-76.28902,0.0,253.1,511.0,SUNNY WILLIAMS,,WDE4940,80,0,25,8,,80,A
367359930,2020-08-21T19:04:51,36.82408,-76.28905,0.0,251.5,511.0,SUNNY WILLIAMS,,WDE4940,80,0,25,8,,80,A
538005042,2020-08-21T18:59:46,36.92760,-76.32993,0.0,354.0,354.0,NILEDUTCH OSPREY,IMO9365829,V7AP5,70,5,182,28,11.0,71,A
367932000,2020-08-21T19:06:07,36.94915,-76.32965,0.0,107.0,279.0,JOHN LENTHALL,IMO8325547,NJLN,80,5,193,29,,,A
538005042,2020-08-21T19:05:48,36.92760,-76.32993,0.0,355.0,355.0,NILEDUTCH OSPREY,IMO9365829,V7AP5,70,5,182,28,11.0,71,A
367359930,2020-08-21T19:06:03,36.82407,-76.28904,0.0,253.1,511.0,SUNNY WILLIAMS,,WDE4940,80,0,25,8,,80,A
367821000,2020-08-21T19:06:50,36.97290,-76.43364,0.0,0.0,511.0,YANO,IMO7825409,NAQH,70,0,276,32,13.0,70,A
368026000,2020-08-21T19:06:21,36.86578,-76.31604,0.0,270.5,2.0,BENAVIDEZ,IMO9218210,NBHG,70,5,289,32,10.9,70,A
367359930,2020-08-21T19:11:12,36.82408,-76.28902,0.0,252.5,511.0,SUNNY WILLIAMS,,WDE4940,80,0,25,8,,80,A
355919000,2020-08-21T19:07:29,36.88376,-76.33460,5.5,185.9,191.0,MSC MARIA ELENA,IMO9304423,3EGR2,70,0,336,45,15.0,71,A
366839000,2020-08-21T19:07:13,36.85350,-76.31080,0.0,0.0,39.0,CAPE RISE,IMO7530808,KAFG,70,5,197,32,10.0,,A
538002953,2020-08-21T19:07:35,36.87758,-76.34994,0.0,122.3,347.0,SCT SANTIAGO,IMO9302566,V7NF7,70,5,294,32,13.5,71,A
367821000,2020-08-21T19:08:00,36.97290,-76.43364,0.0,0.0,511.0,YANO,IMO7825409,NAQH,70,0,276,32,13.0,70,A
215677000,2020-08-21T19:07:58,36.96291,-76.42419,0.0,256.1,39.0,RIZE,IMO9584035,9HA2781,70,5,229,32,14.5,,A
355919000,2020-08-21T19:11:00,36.87925,-76.33702,4.4,237.5,240.0,MSC MARIA ELENA,IMO9304423,3EGR2,70,0,336,45,15.0,71,A
367861000,2020-08-21T19:12:00,36.94634,-76.32979,0.0,0.0,265.0,LARAMIE,IMO8906626,NLAR,80,5,193,29,,,A
538005042,2020-08-21T19:02:47,36.92760,-76.32993,0.0,354.0,354.0,NILEDUTCH OSPREY,IMO9365829,V7AP5,70,5,182,28,11.0,71,A
368026000,2020-08-21T19:03:20,36.86578,-76.31601,0.0,270.5,2.0,BENAVIDEZ,IMO9218210,NBHG,70,5,289,32,10.9,70,A
367822000,2020-08-21T19:11:56,36.97315,-76.43385,0.0,0.0,238.0,USNS SHUGHART,IMO7825394,NAOQ,70,5,276,32,13.0,70,A
367359930,2020-08-21T19:12:22,36.82408,-76.28902,0.0,257.2,511.0,SUNNY WILLIAMS,,WDE4940,80,0,25,8,,80,A
355919000,2020-08-21T19:09:49,36.88048,-76.33571,4.7,218.9,224.0,MSC MARIA ELENA,IMO9304423,3EGR2,70,0,336,45,15.0,71,A
367359930,2020-08-21T19:03:41,36.82405,-76.28903,0.0,252.8,511.0,SUNNY WILLIAMS,,WDE4940,80,0,25,8,,80,A
367359930,2020-08-21T19:13:33,36.82409,-76.28903,0.0,261.3,511.0,SUNNY WILLIAMS,,WDE4940,80,0,25,8,,80,A
538002953,2020-08-21T19:13:35,36.87758,-76.34995,0.0,122.3,347.0,SCT SANTIAGO,IMO9302566,V7NF7,70,5,294,32,13.5,71,A
538002953,2020-08-21T19:10:35,36.87762,-76.34995,0.0,13.8,347.0,SCT SANTIAGO,IMO9302566,V7NF7,70,5,294,32,13.5,71,A
477196100,2020-08-21T19:10:04,37.19803,-76.13462,0.1,67.3,177.0,DARYA MA,IMO9591674,VRJH5,70,1,229,32,14.5,,A
367861000,2020-08-21T19:06:01,36.94635,-76.32983,0.0,0.0,265.0,LARAMIE,IMO8906626,NLAR,80,5,193,29,,,A
538005042,2020-08-21T19:14:52,36.92760,-76.32993,0.0,355.0,355.0,NILEDUTCH OSPREY,IMO9365829,V7AP5,70,5,182,28,11.0,71,A
355919000,2020-08-21T19:06:20,36.88562,-76.33484,5.4,174.6,177.0,MSC MARIA ELENA,IMO9304423,3EGR2,70,0,336,45,15.0,71,A
367821000,2020-08-21T19:10:20,36.97290,-76.43363,0.0,0.0,511.0,YANO,IMO7825409,NAQH,70,0,276,32,13.0,70,A
477196100,2020-08-21T19:16:06,37.19797,-76.13447,0.2,150.4,182.0,DARYA MA,IMO9591674,VRJH5,70,1,229,32,14.5,,A
215677000,2020-08-21T19:04:55,36.96291,-76.42419,0.0,256.1,39.0,RIZE,IMO9584035,9HA2781,70,5,229,32,14.5,,A
368026000,2020-08-21T19:15:22,36.86577,-76.31605,0.0,270.5,2.0,BENAVIDEZ,IMO9218210,NBHG,70,5,289,32,10.9,70,A
538002652,2020-08-21T19:15:53,36.87950,-76.32645,0.0,200.0,277.0,NAIAS,IMO9330800,V7KN8,70,5,225,32,14.0,70,A
538005042,2020-08-21T19:11:50,36.92760,-76.32993,0.0,355.0,355.0,NILEDUTCH OSPREY,IMO9365829,V7AP5,70,5,182,28,11.0,71,A
367821000,2020-08-21T19:12:49,36.97290,-76.43363,0.0,0.0,511.0,YANO,IMO7825409,NAQH,70,0,276,32,13.0,70,A
367359930,2020-08-21T19:08:33,36.82408,-76.28903,0.0,253.4,511.0,SUNNY WILLIAMS,,WDE4940,80,0,25,8,,80,A
355919000,2020-08-21T19:12:09,36.87850,-76.33863,4.6,246.3,247.0,MSC MARIA ELENA,IMO9304423,3EGR2,70,0,336,45,15.0,71,A
538002652,2020-08-21T19:06:52,36.87953,-76.32640,0.0,204.0,276.0,NAIAS,IMO9330800,V7KN8,70,5,225,32,14.0,70,A
538002652,2020-08-21T19:12:49,36.87955,-76.32638,0.0,200.0,276.0,NAIAS,IMO9330800,V7KN8,70,5,225,32,14.0,70,A
477196100,2020-08-21T19:13:03,37.19807,-76.13458,0.1,41.4,179.0,DARYA MA,IMO9591674,VRJH5,70,1,229,32,14.5,,A
367932000,2020-08-21T19:12:07,36.94912,-76.32968,0.0,107.0,279.0,JOHN LENTHALL,IMO8325547,NJLN,80,5,193,29,,,A
367359930,2020-08-21T19:09:41,36.82408,-76.28903,0.0,254.1,511.0,SUNNY WILLIAMS,,WDE4940,80,0,25,8,,80,A
538002652,2020-08-21T19:09:53,36.87953,-76.32647,0.0,204.0,276.0,NAIAS,IMO9330800,V7KN8,70,5,225,32,14.0,70,A
367932000,2020-08-21T19:09:07,36.94914,-76.32966,0.0,107.0,279.0,JOHN LENTHALL,IMO8325547,NJLN,80,5,193,29,,,A
366839000,2020-08-21T19:10:13,36.85349,-76.31081,0.0,0.0,39.0,CAPE RISE,IMO7530808,KAFG,70,5,197,32,10.0,,A
367821000,2020-08-21T19:14:10,36.97290,-76.43363,0.0,0.0,511.0,YANO,IMO7825409,NAQH,70,0,276,32,13.0,70,A
367821000,2020-08-21T19:15:19,36.97290,-76.43363,0.0,0.0,511.0,YANO,IMO7825409,NAQH,70,0,276,32,13.0,70,A
367822000,2020-08-21T19:17:56,36.97314,-76.43385,0.0,0.0,238.0,USNS SHUGHART,IMO7825394,NAOQ,70,5,276,32,13.0,70,A
366839000,2020-08-21T19:16:13,36.85348,-76.31084,0.0,0.0,39.0,CAPE RISE,IMO7530808,KAFG,70,5,197,32,10.0,,A
367861000,2020-08-21T19:09:01,36.94635,-76.32982,0.0,0.0,265.0,LARAMIE,IMO8906626,NLAR,80,5,193,29,,,A
367932000,2020-08-21T19:15:07,36.94913,-76.32967,0.0,107.0,279.0,JOHN LENTHALL,IMO8325547,NJLN,80,5,193,29,,,A
367359930,2020-08-21T19:19:52,36.82409,-76.28903,0.0,263.2,511.0,SUNNY WILLIAMS,,WDE4940,80,0,25,8,,80,A
367861000,2020-08-21T19:15:00,36.94638,-76.32979,0.0,0.0,265.0,LARAMIE,IMO8906626,NLAR,80,5,193,29,,,A
538002953,2020-08-21T19:16:35,36.87756,-76.34994,0.0,328.8,347.0,SCT SANTIAGO,IMO9302566,V7NF7,70,5,294,32,13.5,71,A
215677000,2020-08-21T19:10:59,36.96291,-76.42420,0.0,256.1,39.0,RIZE,IMO9584035,9HA2781,70,5,229,32,14.5,,A
367821000,2020-08-21T19:11:29,36.97290,-76.43363,0.0,0.0,511.0,YANO,IMO7825409,NAQH,70,0,276,32,13.0,70,A
367821000,2020-08-21T19:16:30,36.97290,-76.43363,0.0,0.0,511.0,YANO,IMO7825409,NAQH,70,0,276,32,13.0,70,A
367359930,2020-08-21T19:21:02,36.82407,-76.28903,0.0,262.9,511.0,SUNNY WILLIAMS,,WDE4940,80,0,25,8,,80,A
367359930,2020-08-21T19:16:02,36.82408,-76.28902,0.0,252.6,511.0,SUNNY WILLIAMS,,WDE4940,80,0,25,8,,80,A
355919000,2020-08-21T19:16:39,36.87691,-76.34375,1.6,250.8,261.0,MSC MARIA ELENA,IMO9304423,3EGR2,70,0,336,45,15.0,71,A
538005042,2020-08-21T19:17:54,36.92760,-76.32993,0.1,265.0,355.0,NILEDUTCH OSPREY,IMO9365829,V7AP5,70,5,182,28,11.0,71,A
368026000,2020-08-21T19:12:21,36.86575,-76.31604,0.0,270.5,2.0,BENAVIDEZ,IMO9218210,NBHG,70,5,289,32,10.9,70,A
215677000,2020-08-21T19:16:54,36.96292,-76.42421,0.0,256.1,39.0,RIZE,IMO9584035,9HA2781,70,5,229,32,14.5,,A
477196100,2020-08-21T19:19:02,37.19770,-76.13441,0.5,177.1,185.0,DARYA MA,IMO9591674,VRJH5,70,1,229,32,14.5,,A
355919000,2020-08-21T19:17:59,36.87654,-76.34413,0.7,231.5,277.0,MSC MARIA ELENA,IMO9304423,3EGR2,70,0,336,45,15.0,71,A
367821000,2020-08-21T19:18:50,36.97290,-76.43363,0.0,0.0,511.0,YANO,IMO7825409,NAQH,70,0,276,32,13.0,70,A
355919000,2020-08-21T19:24:19,36.87474,-76.34586,0.9,218.5,327.0,MSC MARIA ELENA,IMO9304423,3EGR2,70,0,336,45,15.0,71,A
355919000,2020-08-21T19:13:39,36.87779,-76.34083,4.3,249.7,250.0,MSC MARIA ELENA,IMO9304423,3EGR2,70,0,336,45,15.0,71,A
215677000,2020-08-21T19:13:57,36.96291,-76.42419,0.0,256.1,39.0,RIZE,IMO9584035,9HA2781,70,5,229,32,14.5,,A
367861000,2020-08-21T19:18:01,36.94640,-76.32984,0.0,0.0,265.0,LARAMIE,IMO8906626,NLAR,80,5,193,29,,,A
367932000,2020-08-21T19:18:08,36.94911,-76.32965,0.0,107.0,279.0,JOHN LENTHALL,IMO8325547,NJLN,80,5,193,29,,,A
538004202,2020-08-21T19:24:09,36.96463,-76.07520,13.7,287.8,286.0,MOL MISSION,IMO9475650,V7VS5,70,0,301,43,14.2,,A
355919000,2020-08-21T19:19:10,36.87617,-76.34445,0.7,228.9,292.0,MSC MARIA ELENA,IMO9304423,3EGR2,70,0,336,45,15.0,71,A
367821000,2020-08-21T19:20:00,36.97290,-76.43364,0.0,0.0,511.0,YANO,IMO7825409,NAQH,70,0,276,32,13.0,70,A
538002652,2020-08-21T19:18:52,36.87950,-76.32645,0.0,200.0,277.0,NAIAS,IMO9330800,V7KN8,70,5,225,32,14.0,70,A
367359930,2020-08-21T19:25:52,36.82408,-76.28903,0.0,277.1,511.0,SUNNY WILLIAMS,,WDE4940,80,0,25,8,,80,A
538002652,2020-08-21T19:24:49,36.87958,-76.32642,0.0,200.0,277.0,NAIAS,IMO9330800,V7KN8,70,5,225,32,14.0,70,A
215677000,2020-08-21T19:19:54,36.96291,-76.42420,0.0,256.1,39.0,RIZE,IMO9584035,9HA2781,70,5,229,32,14.5,,A
355919000,2020-08-21T19:20:19,36.87586,-76.34478,0.9,219.2,300.0,MSC MARIA ELENA,IMO9304423,3EGR2,70,0,336,45,15.0,71,A
538005042,2020-08-21T19:20:53,36.92760,-76.32993,0.0,354.0,354.0,NILEDUTCH OSPREY,IMO9365829,V7AP5,70,5,182,28,11.0,71,A
366842000,2020-08-21T19:20:30,36.85382,-76.31117,0.0,209.9,39.0,CAPE RACE,IMO7616377,KAFJ,70,5,197,32,10.0,35,A
367359930,2020-08-21T19:14:53,36.82408,-76.28903,0.1,258.0,511.0,SUNNY WILLIAMS,,WDE4940,80,0,25,8,,80,A
355919000,2020-08-21T19:15:30,36.87720,-76.34296,2.7,252.1,253.0,MSC MARIA ELENA,IMO9304423,3EGR2,70,0,336,45,15.0,71,A
367821000,2020-08-21T19:21:09,36.97290,-76.43364,0.0,0.0,511.0,YANO,IMO7825409,NAQH,70,0,276,32,13.0,70,A
367861000,2020-08-21T19:21:00,36.94635,-76.32982,0.0,0.0,265.0,LARAMIE,IMO8906626,NLAR,80,5,193,29,,,A
367821000,2020-08-21T19:25:39,36.97290,-76.43364,0.0,0.0,511.0,YANO,IMO7825409,NAQH,70,0,276,32,13.0,70,A
538004202,2020-08-21T19:22:21,36.96249,-76.06678,14.7,287.6,287.0,MOL MISSION,IMO9475650,V7VS5,70,0,301,43,14.2,,A
366839000,2020-08-21T19:22:16,36.85351,-76.31087,0.0,0.0,39.0,CAPE RISE,IMO7530808,KAFG,70,5,197,32,10.0,,A
367359930,2020-08-21T19:18:33,36.82407,-76.28903,0.0,260.7,511.0,SUNNY WILLIAMS,,WDE4940,80,0,25,8,,80,A
538004202,2020-08-21T19:27:09,36.96764,-76.08813,12.4,285.5,286.0,MOL MISSION,IMO9475650,V7VS5,70,0,301,43,14.2,,A
367821000,2020-08-21T19:26:50,36.97290,-76.43364,0.0,0.0,511.0,YANO,IMO7825409,NAQH,70,0,276,32,13.0,70,A
367822000,2020-08-21T19:26:55,36.97314,-76.43385,0.0,0.0,238.0,USNS SHUGHART,IMO7825394,NAOQ,70,5,276,32,13.0,70,A
367822000,2020-08-21T19:23:55,36.97314,-76.43385,0.0,0.0,238.0,USNS SHUGHART,IMO7825394,NAOQ,70,5,276,32,13.0,70,A
366842000,2020-08-21T19:23:31,36.85381,-76.31124,0.0,209.9,41.0,CAPE RACE,IMO7616377,KAFJ,70,5,197,32,10.0,35,A
538005042,2020-08-21T19:23:53,36.92760,-76.32993,0.0,354.0,354.0,NILEDUTCH OSPREY,IMO9365829,V7AP5,70,5,182,28,11.0,71,A
367932000,2020-08-21T19:21:07,36.94917,-76.32966,0.0,107.0,279.0,JOHN LENTHALL,IMO8325547,NJLN,80,5,193,29,,,A
367821000,2020-08-21T19:23:20,36.97290,-76.43364,0.0,0.0,511.0,YANO,IMO7825409,NAQH,70,0,276,32,13.0,70,A
355919000,2020-08-21T19:28:09,36.87407,-76.34730,1.2,234.4,344.0,MSC MARIA ELENA,IMO9304423,3EGR2,70,0,336,45,15.0,71,A
477196100,2020-08-21T19:27:57,37.19740,-76.13437,0.2,26.2,176.0,DARYA MA,IMO9591674,VRJH5,70,1,229,32,14.5,,A
538004202,2020-08-21T19:25:27,36.96598,-76.08094,13.0,286.1,286.0,MOL MISSION,IMO9475650,V7VS5,70,0,301,43,14.2,,A
366842000,2020-08-21T19:17:29,36.85381,-76.31120,0.0,209.9,37.0,CAPE RACE,IMO7616377,KAFJ,70,5,197,32,10.0,35,A
367821000,2020-08-21T19:17:39,36.97290,-76.43363,0.0,0.0,511.0,YANO,IMO7825409,NAQH,70,0,276,32,13.0,70,A
215677000,2020-08-21T19:22:54,36.96291,-76.42420,0.0,256.1,39.0,RIZE,IMO9584035,9HA2781,70,5,229,32,14.5,,A
367359930,2020-08-21T19:22:12,36.82407,-76.28902,0.0,264.1,511.0,SUNNY WILLIAMS,,WDE4940,80,0,25,8,,80,A
367359930,2020-08-21T19:24:31,36.82408,-76.28903,0.0,270.9,511.0,SUNNY WILLIAMS,,WDE4940,80,0,25,8,,80,A
367821000,2020-08-21T19:30:29,36.97290,-76.43364,0.0,0.0,511.0,YANO,IMO7825409,NAQH,70,0,276,32,13.0,70,A
367359930,2020-08-21T19:30:01,36.82404,-76.28901,0.0,283.9,511.0,SUNNY WILLIAMS,,WDE4940,80,0,25,8,,80,A
368026000,2020-08-21T19:18:21,36.86574,-76.31605,0.1,270.5,2.0,BENAVIDEZ,IMO9218210,NBHG,70,5,289,32,10.9,70,A
477196100,2020-08-21T19:22:05,37.19733,-76.13444,0.2,200.0,182.0,DARYA MA,IMO9591674,VRJH5,70,1,229,32,14.5,,A
366839000,2020-08-21T19:19:10,36.85349,-76.31084,0.0,0.0,39.0,CAPE RISE,IMO7530808,KAFG,70,5,197,32,10.0,,A
538004202,2020-08-21T19:30:32,36.97104,-76.10168,12.3,290.1,290.0,MOL MISSION,IMO9475650,V7VS5,70,0,301,43,14.2,,A
538002953,2020-08-21T19:19:36,36.87758,-76.34997,0.0,320.7,347.0,SCT SANTIAGO,IMO9302566,V7NF7,70,5,294,32,13.5,71,A
367821000,2020-08-21T19:31:49,36.97289,-76.43364,0.0,0.0,511.0,YANO,IMO7825409,NAQH,70,0,276,32,13.0,70,A
538002652,2020-08-21T19:21:50,36.87957,-76.32642,0.0,200.0,277.0,NAIAS,IMO9330800,V7KN8,70,5,225,32,14.0,70,A
368026000,2020-08-21T19:30:21,36.86576,-76.31602,0.0,270.5,2.0,BENAVIDEZ,IMO9218210,NBHG,70,5,289,32,10.9,70,A
366839000,2020-08-21T19:31:11,36.85348,-76.31083,0.0,0.0,39.0,CAPE RISE,IMO7530808,KAFG,70,5,197,32,10.0,,A
366842000,2020-08-21T19:26:31,36.85377,-76.31117,0.0,209.9,42.0,CAPE RACE,IMO7616377,KAFJ,70,5,197,32,10.0,35,A
367359930,2020-08-21T19:33:12,36.82400,-76.28902,0.0,289.4,511.0,SUNNY WILLIAMS,,WDE4940,80,0,25,8,,80,A
367821000,2020-08-21T19:22:19,36.97290,-76.43364,0.0,0.0,511.0,YANO,IMO7825409,NAQH,70,0,276,32,13.0,70,A
367821000,2020-08-21T19:28:20,36.97290,-76.43364,0.0,0.0,511.0,YANO,IMO7825409,NAQH,70,0,276,32,13.0,70,A
355919000,2020-08-21T19:22:40,36.87519,-76.34540,0.9,211.4,316.0,MSC MARIA ELENA,IMO9304423,3EGR2,70,0,336,45,15.0,71,A
367821000,2020-08-21T19:24:29,36.97290,-76.43364,0.0,0.0,511.0,YANO,IMO7825409,NAQH,70,0,276,32,13.0,70,A
477196100,2020-08-21T19:25:01,37.19726,-76.13447,0.1,206.2,174.0,DARYA MA,IMO9591674,VRJH5,70,1,229,32,14.5,,A
368026000,2020-08-21T19:21:22,36.86577,-76.31604,0.0,270.5,2.0,BENAVIDEZ,IMO9218210,NBHG,70,5,289,32,10.9,70,A
355919000,2020-08-21T19:21:30,36.87552,-76.34510,0.9,216.4,306.0,MSC MARIA ELENA,IMO9304423,3EGR2,70,0,336,45,15.0,71,A
366839000,2020-08-21T19:25:10,36.85349,-76.31081,0.0,0.0,39.0,CAPE RISE,IMO7530808,KAFG,70,5,197,32,10.0,,A
368026000,2020-08-21T19:33:20,36.86576,-76.31605,0.0,270.5,2.0,BENAVIDEZ,IMO9218210,NBHG,70,5,289,32,10.9,70,A
355919000,2020-08-21T19:33:40,36.87394,-76.34885,0.6,283.7,348.0,MSC MARIA ELENA,IMO9304423,3EGR2,70,0,336,45,15.0,71,A
538002652,2020-08-21T19:33:53,36.87953,-76.32642,0.0,200.0,277.0,NAIAS,IMO9330800,V7KN8,70,5,225,32,14.0,70,A
367359930,2020-08-21T19:23:23,36.82407,-76.28902,0.0,270.2,511.0,SUNNY WILLIAMS,,WDE4940,80,0,25,8,,80,A
367861000,2020-08-21T19:27:01,36.94628,-76.32975,0.0,0.0,265.0,LARAMIE,IMO8906626,NLAR,80,5,193,29,,,A
355919000,2020-08-21T19:34:50,36.87394,-76.34900,0.4,240.2,347.0,MSC MARIA ELENA,IMO9304423,3EGR2,70,0,336,45,15.0,71,A
538004202,2020-08-21T19:36:01,36.97774,-76.12510,13.7,288.4,287.0,MOL MISSION,IMO9475650,V7VS5,70,0,301,43,14.2,,A
367932000,2020-08-21T19:24:08,36.94912,-76.32969,0.0,107.0,279.0,JOHN LENTHALL,IMO8325547,NJLN,80,5,193,29,,,A
538004202,2020-08-21T19:37:30,36.97960,-76.13186,14.0,288.9,288.0,MOL MISSION,IMO9475650,V7VS5,70,0,301,43,14.2,,A
367359930,2020-08-21T19:37:02,36.82405,-76.28903,0.0,298.9,511.0,SUNNY WILLIAMS,,WDE4940,80,0,25,8,,80,A
368026000,2020-08-21T19:36:21,36.86575,-76.31604,0.0,270.5,2.0,BENAVIDEZ,IMO9218210,NBHG,70,5,289,32,10.9,70,A
538002953,2020-08-21T19:25:35,36.87759,-76.34995,0.0,155.9,347.0,SCT SANTIAGO,IMO9302566,V7NF7,70,5,294,32,13.5,71,A
538002652,2020-08-21T19:36:51,36.87950,-76.32652,0.1,106.0,277.0,NAIAS,IMO9330800,V7KN8,70,5,225,32,14.0,70,A
355919000,2020-08-21T19:25:40,36.87451,-76.34632,0.9,245.8,334.0,MSC MARIA ELENA,IMO9304423,3EGR2,70,0,336,45,15.0,71,A
538004202,2020-08-21T19:38:34,36.98093,-76.13687,14.3,288.2,287.0,MOL MISSION,IMO9475650,V7VS5,70,0,301,43,14.2,,A
367359930,2020-08-21T19:27:01,36.82406,-76.28903,0.0,280.8,511.0,SUNNY WILLIAMS,,WDE4940,80,0,25,8,,80,A
367359930,2020-08-21T19:28:32,36.82408,-76.28903,0.0,284.5,511.0,SUNNY WILLIAMS,,WDE4940,80,0,25,8,,80,A
368026000,2020-08-21T19:27:21,36.86579,-76.31604,0.0,270.5,2.0,BENAVIDEZ,IMO9218210,NBHG,70,5,289,32,10.9,70,A
538004202,2020-08-21T19:32:51,36.97390,-76.11114,12.9,290.8,289.0,MOL MISSION,IMO9475650,V7VS5,70,0,301,43,14.2,,A
366839000,2020-08-21T19:37:15,36.85350,-76.31086,0.0,0.0,39.0,CAPE RISE,IMO7530808,KAFG,70,5,197,32,10.0,,A
215677000,2020-08-21T19:25:56,36.96290,-76.42422,0.0,256.1,39.0,RIZE,IMO9584035,9HA2781,70,5,229,32,14.5,,A
215677000,2020-08-21T19:28:57,36.96291,-76.42421,0.0,256.1,39.0,RIZE,IMO9584035,9HA2781,70,5,229,32,14.5,,A
538004202,2020-08-21T19:28:11,36.96858,-76.09227,12.1,285.4,286.0,MOL MISSION,IMO9475650,V7VS5,70,0,301,43,14.2,,A
355919000,2020-08-21T19:26:59,36.87429,-76.34683,1.0,237.9,340.0,MSC MARIA ELENA,IMO9304423,3EGR2,70,0,336,45,15.0,71,A
538002953,2020-08-21T19:28:36,36.87761,-76.34997,0.0,77.3,347.0,SCT SANTIAGO,IMO9302566,V7NF7,70,5,294,32,13.5,71,A
367861000,2020-08-21T19:30:01,36.94639,-76.32978,0.0,0.0,265.0,LARAMIE,IMO8906626,NLAR,80,5,193,29,,,A
367359930,2020-08-21T19:39:12,36.82404,-76.28903,0.0,299.1,511.0,SUNNY WILLIAMS,,WDE4940,80,0,25,8,,80,A
366839000,2020-08-21T19:28:17,36.85345,-76.31083,0.0,0.0,39.0,CAPE RISE,IMO7530808,KAFG,70,5,197,32,10.0,,A
355919000,2020-08-21T19:37:09,36.87385,-76.34899,0.1,87.9,346.0,MSC MARIA ELENA,IMO9304423,3EGR2,70,0,336,45,15.0,71,A
538004202,2020-08-21T19:31:41,36.97243,-76.10632,12.6,290.6,290.0,MOL MISSION,IMO9475650,V7VS5,70,0,301,43,14.2,,A
355919000,2020-08-21T19:29:59,36.87385,-76.34794,0.8,260.8,346.0,MSC MARIA ELENA,IMO9304423,3EGR2,70,0,336,45,15.0,71,A
538002953,2020-08-21T19:31:36,36.87757,-76.34990,0.0,32.3,347.0,SCT SANTIAGO,IMO9302566,V7NF7,70,5,294,32,13.5,71,A
538005042,2020-08-21T19:29:58,36.92760,-76.32993,0.0,354.0,354.0,NILEDUTCH OSPREY,IMO9365829,V7AP5,70,5,182,28,11.0,71,A
368026000,2020-08-21T19:39:21,36.86574,-76.31604,0.1,270.5,2.0,BENAVIDEZ,IMO9218210,NBHG,70,5,289,32,10.9,70,A
538005042,2020-08-21T19:39:03,36.92760,-76.32992,0.0,355.0,355.0,NILEDUTCH OSPREY,IMO9365829,V7AP5,70,5,182,28,11.0,71,A
355919000,2020-08-21T19:39:29,36.87383,-76.34897,0.0,320.2,346.0,MSC MARIA ELENA,IMO9304423,3EGR2,70,0,336,45,15.0,71,A
538002652,2020-08-21T19:30:50,36.87953,-76.32640,0.0,200.0,277.0,NAIAS,IMO9330800,V7KN8,70,5,225,32,14.0,70,A
367861000,2020-08-21T19:39:00,36.94639,-76.32974,0.0,0.0,265.0,LARAMIE,IMO8906626,NLAR,80,5,193,29,,,A
366842000,2020-08-21T19:32:31,36.85384,-76.31118,0.0,209.9,45.0,CAPE RACE,IMO7616377,KAFJ,70,5,197,32,10.0,35,A
367822000,2020-08-21T19:29:54,36.97313,-76.43385,0.0,0.0,238.0,USNS SHUGHART,IMO7825394,NAOQ,70,5,276,32,13.0,70,A
538004202,2020-08-21T19:41:40,36.98488,-76.15178,14.7,287.5,287.0,MOL MISSION,IMO9475650,V7VS5,70,0,301,43,14.2,,A
477196100,2020-08-21T19:31:00,37.19752,-76.13423,0.1,39.4,183.0,DARYA MA,IMO9591674,VRJH5,70,1,229,32,14.5,,A
367932000,2020-08-21T19:33:08,36.94915,-76.32963,0.0,107.0,279.0,JOHN LENTHALL,IMO8325547,NJLN,80,5,193,29,,,A
366842000,2020-08-21T19:29:32,36.85383,-76.31123,0.0,209.9,44.0,CAPE RACE,IMO7616377,KAFJ,70,5,197,32,10.0,35,A
538005042,2020-08-21T19:32:58,36.92760,-76.32993,0.0,355.0,355.0,NILEDUTCH OSPREY,IMO9365829,V7AP5,70,5,182,28,11.0,71,A
538004202,2020-08-21T19:29:21,36.96967,-76.09699,12.1,288.5,290.0,MOL MISSION,IMO9475650,V7VS5,70,0,301,43,14.2,,A
367821000,2020-08-21T19:33:00,36.97290,-76.43364,0.0,0.0,511.0,YANO,IMO7825409,NAQH,70,0,276,32,13.0,70,A
367821000,2020-08-21T19:41:19,36.97291,-76.43367,0.0,0.0,511.0,YANO,IMO7825409,NAQH,70,0,276,32,13.0,70,A
367821000,2020-08-21T19:34:10,36.97290,-76.43364,0.0,0.0,511.0,YANO,IMO7825409,NAQH,70,0,276,32,13.0,70,A
367359930,2020-08-21T19:31:32,36.82402,-76.28900,0.0,286.5,511.0,SUNNY WILLIAMS,,WDE4940,80,0,25,8,,80,A
477196100,2020-08-21T19:43:02,37.19761,-76.13418,0.1,306.3,196.0,DARYA MA,IMO9591674,VRJH5,70,1,229,32,14.5,,A
367932000,2020-08-21T19:30:08,36.94918,-76.32964,0.0,107.0,279.0,JOHN LENTHALL,IMO8325547,NJLN,80,5,193,29,,,A
477196100,2020-08-21T19:34:01,37.19755,-76.13405,0.1,91.0,196.0,DARYA MA,IMO9591674,VRJH5,70,1,229,32,14.5,,A
366842000,2020-08-21T19:38:31,36.85379,-76.31116,0.0,209.9,47.0,CAPE RACE,IMO7616377,KAFJ,70,5,197,32,10.0,35,A
215677000,2020-08-21T19:31:59,36.96292,-76.42419,0.0,256.1,39.0,RIZE,IMO9584035,9HA2781,70,5,229,32,14.5,,A
538002953,2020-08-21T19:43:36,36.87759,-76.34995,0.0,18.2,347.0,SCT SANTIAGO,IMO9302566,V7NF7,70,5,294,32,13.5,71,A
367861000,2020-08-21T19:36:01,36.94635,-76.32978,0.0,0.0,265.0,LARAMIE,IMO8906626,NLAR,80,5,193,29,,,A
367821000,2020-08-21T19:37:59,36.97290,-76.43366,0.0,0.0,511.0,YANO,IMO7825409,NAQH,70,0,276,32,13.0,70,A
477196100,2020-08-21T19:37:00,37.19754,-76.13403,0.1,91.0,201.0,DARYA MA,IMO9591674,VRJH5,70,1,229,32,14.5,,A
538004202,2020-08-21T19:34:01,36.97538,-76.11614,13.2,288.6,288.0,MOL MISSION,IMO9475650,V7VS5,70,0,301,43,14.2,,A
367822000,2020-08-21T19:35:54,36.97312,-76.43385,0.0,0.0,238.0,USNS SHUGHART,IMO7825394,NAOQ,70,5,276,32,13.0,70,A
366839000,2020-08-21T19:34:17,36.85348,-76.31081,0.0,0.0,39.0,CAPE RISE,IMO7530808,KAFG,70,5,197,32,10.0,,A
538005042,2020-08-21T19:35:59,36.92760,-76.32993,0.0,355.0,355.0,NILEDUTCH OSPREY,IMO9365829,V7AP5,70,5,182,28,11.0,71,A
215677000,2020-08-21T19:37:58,36.96292,-76.42422,0.0,256.1,39.0,RIZE,IMO9584035,9HA2781,70,5,229,32,14.5,,A
367932000,2020-08-21T19:36:08,36.94932,-76.32983,0.0,107.0,279.0,JOHN LENTHALL,IMO8325547,NJLN,80,5,193,29,,,A
367359930,2020-08-21T19:46:21,36.82405,-76.28903,0.0,308.8,511.0,SUNNY WILLIAMS,,WDE4940,80,0,25,8,,80,A
538002652,2020-08-21T19:45:50,36.87947,-76.32640,0.0,104.0,277.0,NAIAS,IMO9330800,V7KN8,70,5,225,32,14.0,70,A
366842000,2020-08-21T19:35:31,36.85383,-76.31118,0.0,209.9,46.0,CAPE RACE,IMO7616377,KAFJ,70,5,197,32,10.0,35,A
215677000,2020-08-21T19:34:56,36.96293,-76.42419,0.0,256.1,39.0,RIZE,IMO9584035,9HA2781,70,5,229,32,14.5,,A
367822000,2020-08-21T19:44:56,36.97313,-76.43387,0.0,0.0,238.0,USNS SHUGHART,IMO7825394,NAOQ,70,5,276,32,13.0,70,A
355919000,2020-08-21T19:38:20,36.87384,-76.34899,0.0,256.7,346.0,MSC MARIA ELENA,IMO9304423,3EGR2,70,0,336,45,15.0,71,A
367821000,2020-08-21T19:35:19,36.97290,-76.43364,0.0,0.0,511.0,YANO,IMO7825409,NAQH,70,0,276,32,13.0,70,A
367861000,2020-08-21T19:42:01,36.94637,-76.32977,0.0,0.0,265.0,LARAMIE,IMO8906626,NLAR,80,5,193,29,,,A
367359930,2020-08-21T19:48:03,36.82406,-76.28902,0.0,310.0,511.0,SUNNY WILLIAMS,,WDE4940,80,0,25,8,,80,A
367822000,2020-08-21T19:38:56,36.97312,-76.43385,0.0,0.0,238.0,USNS SHUGHART,IMO7825394,NAOQ,70,5,276,32,13.0,70,A
355919000,2020-08-21T19:36:01,36.87388,-76.34897,0.3,163.8,345.0,MSC MARIA ELENA,IMO9304423,3EGR2,70,0,336,45,15.0,71,A
538002652,2020-08-21T19:42:52,36.87948,-76.32643,0.0,104.0,277.0,NAIAS,IMO9330800,V7KN8,70,5,225,32,14.0,70,A
367932000,2020-08-21T19:39:08,36.94917,-76.32968,0.0,107.0,279.0,JOHN LENTHALL,IMO8325547,NJLN,80,5,193,29,,,A
367821000,2020-08-21T19:45:59,36.97290,-76.43365,0.0,0.0,511.0,YANO,IMO7825409,NAQH,70,0,276,32,13.0,70,A
538005042,2020-08-21T19:48:06,36.92760,-76.32993,0.1,265.0,355.0,NILEDUTCH OSPREY,IMO9365829,V7AP5,70,5,182,28,11.0,71,A
366842000,2020-08-21T19:44:33,36.85383,-76.31118,0.0,209.9,48.0,CAPE RACE,IMO7616377,KAFJ,70,5,197,32,10.0,35,A
367861000,2020-08-21T19:48:01,36.94640,-76.32981,0.0,0.0,265.0,LARAMIE,IMO8906626,NLAR,80,5,193,29,,,A
367821000,2020-08-21T19:40:09,36.97290,-76.43367,0.0,0.0,511.0,YANO,IMO7825409,NAQH,70,0,276,32,13.0,70,A
355919000,2020-08-21T19:47:01,36.87390,-76.34898,0.0,230.4,347.0,MSC MARIA ELENA,IMO9304423,3EGR2,70,0,336,45,15.0,71,A
538004202,2020-08-21T19:51:05,36.99677,-76.19843,15.1,289.1,289.0,MOL MISSION,IMO9475650,V7VS5,70,0,301,43,14.2,,A
367861000,2020-08-21T19:45:01,36.94637,-76.32976,0.0,0.0,265.0,LARAMIE,IMO8906626,NLAR,80,5,193,29,,,A
366839000,2020-08-21T19:49:15,36.85350,-76.31081,0.0,0.0,39.0,CAPE RISE,IMO7530808,KAFG,70,5,197,32,10.0,,A
368026000,2020-08-21T19:45:21,36.86575,-76.31605,0.0,270.5,2.0,BENAVIDEZ,IMO9218210,NBHG,70,5,289,32,10.9,70,A
215677000,2020-08-21T19:40:59,36.96292,-76.42419,0.1,256.1,39.0,RIZE,IMO9584035,9HA2781,70,5,229,32,14.5,,A
366842000,2020-08-21T19:41:31,36.85382,-76.31118,0.0,209.9,48.0,CAPE RACE,IMO7616377,KAFJ,70,5,197,32,10.0,35,A
538002652,2020-08-21T19:39:52,36.87950,-76.32638,0.0,104.0,277.0,NAIAS,IMO9330800,V7KN8,70,5,225,32,14.0,70,A
367359930,2020-08-21T19:40:23,36.82406,-76.28903,0.0,300.1,511.0,SUNNY WILLIAMS,,WDE4940,80,0,25,8,,80,A
355919000,2020-08-21T19:40:30,36.87384,-76.34898,0.0,240.8,346.0,MSC MARIA ELENA,IMO9304423,3EGR2,70,0,336,45,15.0,71,A
367359930,2020-08-21T19:49:13,36.82406,-76.28902,0.0,310.8,511.0,SUNNY WILLIAMS,,WDE4940,80,0,25,8,,80,A
366839000,2020-08-21T19:40:16,36.85348,-76.31082,0.0,0.0,39.0,CAPE RISE,IMO7530808,KAFG,70,5,197,32,10.0,,A
367821000,2020-08-21T19:42:29,36.97290,-76.43366,0.0,0.0,511.0,YANO,IMO7825409,NAQH,70,0,276,32,13.0,70,A
367821000,2020-08-21T19:50:10,36.97290,-76.43365,0.0,0.0,511.0,YANO,IMO7825409,NAQH,70,0,276,32,13.0,70,A
367359930,2020-08-21T19:42:43,36.82406,-76.28903,0.0,305.8,511.0,SUNNY WILLIAMS,,WDE4940,80,0,25,8,,80,A
355919000,2020-08-21T19:48:19,36.87387,-76.34898,0.0,243.0,347.0,MSC MARIA ELENA,IMO9304423,3EGR2,70,0,336,45,15.0,71,A
368026000,2020-08-21T19:42:21,36.86577,-76.31603,0.0,270.5,2.0,BENAVIDEZ,IMO9218210,NBHG,70,5,289,32,10.9,70,A
367822000,2020-08-21T19:41:56,36.97325,-76.43390,0.0,0.0,238.0,USNS SHUGHART,IMO7825394,NAOQ,70,5,276,32,13.0,70,A
477196100,2020-08-21T19:52:00,37.19759,-76.13444,0.1,306.3,189.0,DARYA MA,IMO9591674,VRJH5,70,1,229,32,14.5,,A
538004202,2020-08-21T19:44:11,36.98801,-76.16416,14.9,287.2,287.0,MOL MISSION,IMO9475650,V7VS5,70,0,301,43,14.2,,A
367359930,2020-08-21T19:44:43,36.82406,-76.28904,0.0,304.5,511.0,SUNNY WILLIAMS,,WDE4940,80,0,25,8,,80,A
366842000,2020-08-21T19:50:24,36.85381,-76.31122,0.0,209.9,48.0,CAPE RACE,IMO7616377,KAFJ,70,5,197,32,10.0,35,A
366839000,2020-08-21T19:43:11,36.85350,-76.31083,0.0,0.0,39.0,CAPE RISE,IMO7530808,KAFG,70,5,197,32,10.0,,A
367861000,2020-08-21T19:51:01,36.94638,-76.32982,0.0,0.0,265.0,LARAMIE,IMO8906626,NLAR,80,5,193,29,,,A
538002953,2020-08-21T19:40:36,36.87761,-76.34994,0.0,140.7,347.0,SCT SANTIAGO,IMO9302566,V7NF7,70,5,294,32,13.5,71,A
368026000,2020-08-21T19:51:21,36.86575,-76.31605,0.0,270.5,2.0,BENAVIDEZ,IMO9218210,NBHG,70,5,289,32,10.9,70,A
367821000,2020-08-21T19:43:40,36.97290,-76.43366,0.0,0.0,511.0,YANO,IMO7825409,NAQH,70,0,276,32,13.0,70,A
538002652,2020-08-21T19:51:53,36.87942,-76.32647,0.0,104.0,276.0,NAIAS,IMO9330800,V7KN8,70,5,225,32,14.0,70,A
538005042,2020-08-21T19:45:06,36.92760,-76.32993,0.0,355.0,355.0,NILEDUTCH OSPREY,IMO9365829,V7AP5,70,5,182,28,11.0,71,A
538005042,2020-08-21T19:51:06,36.92760,-76.32993,0.0,355.0,355.0,NILEDUTCH OSPREY,IMO9365829,V7AP5,70,5,182,28,11.0,71,A
538004202,2020-08-21T19:46:23,36.99068,-76.17498,15.0,287.6,287.0,MOL MISSION,IMO9475650,V7VS5,70,0,301,43,14.2,,A
477196100,2020-08-21T19:45:59,37.19765,-76.13428,0.1,306.3,194.0,DARYA MA,IMO9591674,VRJH5,70,1,229,32,14.5,,A
367821000,2020-08-21T19:55:00,36.97289,-76.43366,0.0,0.0,511.0,YANO,IMO7825409,NAQH,70,0,276,32,13.0,70,A
367932000,2020-08-21T19:45:09,36.94922,-76.32970,0.0,107.0,279.0,JOHN LENTHALL,IMO8325547,NJLN,80,5,193,29,,,A
538005042,2020-08-21T19:54:07,36.92760,-76.32993,0.0,355.0,355.0,NILEDUTCH OSPREY,IMO9365829,V7AP5,70,5,182,28,11.0,71,A
367821000,2020-08-21T19:48:10,36.97290,-76.43365,0.0,0.0,511.0,YANO,IMO7825409,NAQH,70,0,276,32,13.0,70,A
538004202,2020-08-21T19:48:16,36.99307,-76.18443,15.1,287.9,288.0,MOL MISSION,IMO9475650,V7VS5,70,0,301,43,14.2,,A
366839000,2020-08-21T19:52:15,36.85349,-76.31080,0.0,0.0,39.0,CAPE RISE,IMO7530808,KAFG,70,5,197,32,10.0,,A
538002953,2020-08-21T19:46:36,36.87759,-76.34996,0.0,235.4,347.0,SCT SANTIAGO,IMO9302566,V7NF7,70,5,294,32,13.5,71,A
538005042,2020-08-21T19:42:02,36.92760,-76.32992,0.0,355.0,355.0,NILEDUTCH OSPREY,IMO9365829,V7AP5,70,5,182,28,11.0,71,A
215677000,2020-08-21T19:47:01,36.96290,-76.42420,0.0,256.1,39.0,RIZE,IMO9584035,9HA2781,70,5,229,32,14.5,,A
367822000,2020-08-21T19:56:55,36.97310,-76.43389,0.0,0.0,238.0,USNS SHUGHART,IMO7825394,NAOQ,70,5,276,32,13.0,70,A
538004202,2020-08-21T19:45:16,36.98932,-76.16952,15.0,287.3,287.0,MOL MISSION,IMO9475650,V7VS5,70,0,301,43,14.2,,A
538002953,2020-08-21T19:49:36,36.87759,-76.34994,0.0,283.8,347.0,SCT SANTIAGO,IMO9302566,V7NF7,70,5,294,32,13.5,71,A
367359930,2020-08-21T19:55:42,36.82406,-76.28901,0.0,317.4,511.0,SUNNY WILLIAMS,,WDE4940,80,0,25,8,,80,A
366842000,2020-08-21T19:56:29,36.85377,-76.31119,0.0,209.9,47.0,CAPE RACE,IMO7616377,KAFJ,70,5,197,32,10.0,35,A
366842000,2020-08-21T19:47:30,36.85381,-76.31123,0.0,209.9,48.0,CAPE RACE,IMO7616377,KAFJ,70,5,197,32,10.0,35,A
367822000,2020-08-21T19:47:55,36.97309,-76.43390,0.0,0.0,238.0,USNS SHUGHART,IMO7825394,NAOQ,70,5,276,32,13.0,70,A
215677000,2020-08-21T19:43:56,36.96291,-76.42419,0.0,256.1,39.0,RIZE,IMO9584035,9HA2781,70,5,229,32,14.5,,A
538004202,2020-08-21T19:49:47,36.99504,-76.19200,15.1,287.4,288.0,MOL MISSION,IMO9475650,V7VS5,70,0,301,43,14.2,,A
355919000,2020-08-21T19:50:39,36.87383,-76.34899,0.0,257.0,347.0,MSC MARIA ELENA,IMO9304423,3EGR2,70,0,336,45,15.0,71,A
355919000,2020-08-21T19:44:39,36.87384,-76.34897,0.0,256.9,347.0,MSC MARIA ELENA,IMO9304423,3EGR2,70,0,336,45,15.0,71,A
538004202,2020-08-21T19:52:29,36.99867,-76.20546,15.2,288.8,288.0,MOL MISSION,IMO9475650,V7VS5,70,0,301,43,14.2,,A
367359930,2020-08-21T19:52:13,36.82407,-76.28902,0.0,315.2,511.0,SUNNY WILLIAMS,,WDE4940,80,0,25,8,,80,A
215677000,2020-08-21T19:53:02,36.96292,-76.42419,0.0,256.1,39.0,RIZE,IMO9584035,9HA2781,70,5,229,32,14.5,,A
368026000,2020-08-21T19:48:20,36.86576,-76.31603,0.0,270.5,2.0,BENAVIDEZ,IMO9218210,NBHG,70,5,289,32,10.9,70,A
538005042,2020-08-21T20:00:10,36.92760,-76.32995,0.1,265.0,355.0,NILEDUTCH OSPREY,IMO9365829,V7AP5,70,5,182,28,11.0,71,A
355919000,2020-08-21T19:58:21,36.87385,-76.34897,0.0,230.6,347.0,MSC MARIA ELENA,IMO9304423,3EGR2,70,0,336,45,15.0,71,A
355919000,2020-08-21T19:59:30,36.87385,-76.34899,0.0,212.1,347.0,MSC MARIA ELENA,IMO9304423,3EGR2,70,0,336,45,15.0,71,A
367821000,2020-08-21T19:59:29,36.97288,-76.43366,0.0,0.0,511.0,YANO,IMO7825409,NAQH,70,0,276,32,13.0,70,A
538004202,2020-08-21T19:59:28,37.00825,-76.24020,15.0,288.8,285.0,MOL MISSION,IMO9475650,V7VS5,70,0,301,43,14.2,,A
538004202,2020-08-21T19:54:16,37.00112,-76.21441,15.2,288.7,289.0,MOL MISSION,IMO9475650,V7VS5,70,0,301,43,14.2,,A
355919000,2020-08-21T19:51:59,36.87385,-76.34898,0.0,347.2,347.0,MSC MARIA ELENA,IMO9304423,3EGR2,70,0,336,45,15.0,71,A
367359930,2020-08-21T20:01:23,36.82406,-76.28902,0.1,316.3,511.0,SUNNY WILLIAMS,,WDE4940,80,0,25,8,,80,A
367359930,2020-08-21T20:00:02,36.82406,-76.28902,0.0,317.6,511.0,SUNNY WILLIAMS,,WDE4940,80,0,25,8,,80,A
538002953,2020-08-21T19:55:36,36.87757,-76.34994,0.0,238.8,347.0,SCT SANTIAGO,IMO9302566,V7NF7,70,5,294,32,13.5,71,A
538002953,2020-08-21T20:01:36,36.87758,-76.34998,0.0,212.2,347.0,SCT SANTIAGO,IMO9302566,V7NF7,70,5,294,32,13.5,71,A
538002953,2020-08-21T19:52:36,36.87758,-76.34995,0.0,275.7,347.0,SCT SANTIAGO,IMO9302566,V7NF7,70,5,294,32,13.5,71,A
367359930,2020-08-21T19:53:23,36.82406,-76.28900,0.0,314.7,511.0,SUNNY WILLIAMS,,WDE4940,80,0,25,8,,80,A
355919000,2020-08-21T20:02:41,36.87384,-76.34899,0.0,257.1,347.0,MSC MARIA ELENA,IMO9304423,3EGR2,70,0,336,45,15.0,71,A
366842000,2020-08-21T19:53:24,36.85383,-76.31120,0.0,209.9,47.0,CAPE RACE,IMO7616377,KAFJ,70,5,197,32,10.0,35,A
367359930,2020-08-21T19:54:33,36.82406,-76.28901,0.0,313.2,511.0,SUNNY WILLIAMS,,WDE4940,80,0,25,8,,80,A
355919000,2020-08-21T19:53:10,36.87384,-76.34898,0.0,257.1,347.0,MSC MARIA ELENA,IMO9304423,3EGR2,70,0,336,45,15.0,71,A
355919000,2020-08-21T19:54:21,36.87385,-76.34899,0.0,257.1,347.0,MSC MARIA ELENA,IMO9304423,3EGR2,70,0,336,45,15.0,71,A
367821000,2020-08-21T19:56:09,36.97289,-76.43366,0.0,0.0,511.0,YANO,IMO7825409,NAQH,70,0,276,32,13.0,70,A
538004202,2020-08-21T19:55:29,37.00279,-76.22048,15.2,289.1,289.0,MOL MISSION,IMO9475650,V7VS5,70,0,301,43,14.2,,A
538004202,2020-08-21T20:03:22,37.00818,-76.25917,14.1,258.5,258.0,MOL MISSION,IMO9475650,V7VS5,70,0,301,43,14.2,,A
367861000,2020-08-21T19:54:01,36.94637,-76.32981,0.0,0.0,265.0,LARAMIE,IMO8906626,NLAR,80,5,193,29,,,A
477196100,2020-08-21T19:55:01,37.19757,-76.13453,0.1,306.3,187.0,DARYA MA,IMO9591674,VRJH5,70,1,229,32,14.5,,A
355919000,2020-08-21T19:56:59,36.87385,-76.34893,0.0,283.7,347.0,MSC MARIA ELENA,IMO9304423,3EGR2,70,0,336,45,15.0,71,A
368026000,2020-08-21T19:54:21,36.86575,-76.31606,0.0,270.5,2.0,BENAVIDEZ,IMO9218210,NBHG,70,5,289,32,10.9,70,A
366839000,2020-08-21T19:55:14,36.85347,-76.31085,0.0,0.0,40.0,CAPE RISE,IMO7530808,KAFG,70,5,197,32,10.0,,A
368026000,2020-08-21T19:57:20,36.86577,-76.31603,0.0,270.5,2.0,BENAVIDEZ,IMO9218210,NBHG,70,5,289,32,10.9,70,A
367821000,2020-08-21T19:53:00,36.97290,-76.43366,0.0,0.0,511.0,YANO,IMO7825409,NAQH,70,0,276,32,13.0,70,A
538002652,2020-08-21T20:03:50,36.87945,-76.32650,0.0,104.0,276.0,NAIAS,IMO9330800,V7KN8,70,5,225,32,14.0,70,A
215677000,2020-08-21T19:55:56,36.96293,-76.42418,0.0,256.1,39.0,RIZE,IMO9584035,9HA2781,70,5,229,32,14.5,,A
355919000,2020-08-21T20:03:49,36.87383,-76.34898,0.0,257.1,347.0,MSC MARIA ELENA,IMO9304423,3EGR2,70,0,336,45,15.0,71,A
367359930,2020-08-21T20:02:32,36.82407,-76.28902,0.0,315.9,511.0,SUNNY WILLIAMS,,WDE4940,80,0,25,8,,80,A
367821000,2020-08-21T19:58:10,36.97289,-76.43366,0.0,0.0,511.0,YANO,IMO7825409,NAQH,70,0,276,32,13.0,70,A
367822000,2020-08-21T19:53:55,36.97309,-76.43388,0.0,0.0,238.0,USNS SHUGHART,IMO7825394,NAOQ,70,5,276,32,13.0,70,A
367359930,2020-08-21T20:04:52,36.82406,-76.28903,0.0,306.2,511.0,SUNNY WILLIAMS,,WDE4940,80,0,25,8,,80,A
367861000,2020-08-21T20:03:01,36.94638,-76.32980,0.0,0.0,265.0,LARAMIE,IMO8906626,NLAR,80,5,193,29,,,A
367932000,2020-08-21T19:51:08,36.94912,-76.32968,0.0,107.0,279.0,JOHN LENTHALL,IMO8325547,NJLN,80,5,193,29,,,A
368026000,2020-08-21T20:03:21,36.86575,-76.31605,0.0,270.5,2.0,BENAVIDEZ,IMO9218210,NBHG,70,5,289,32,10.9,70,A
367932000,2020-08-21T19:57:08,36.94915,-76.32967,0.0,107.0,279.0,JOHN LENTHALL,IMO8325547,NJLN,80,5,193,29,,,A
366839000,2020-08-21T19:58:13,36.85351,-76.31082,0.0,0.0,39.0,CAPE RISE,IMO7530808,KAFG,70,5,197,32,10.0,,A
355919000,2020-08-21T20:04:59,36.87385,-76.34897,0.0,275.6,347.0,MSC MARIA ELENA,IMO9304423,3EGR2,70,0,336,45,15.0,71,A
538002953,2020-08-21T19:58:36,36.87761,-76.34995,0.0,223.6,347.0,SCT SANTIAGO,IMO9302566,V7NF7,70,5,294,32,13.5,71,A
538002652,2020-08-21T19:54:50,36.87933,-76.32652,0.0,104.0,276.0,NAIAS,IMO9330800,V7KN8,70,5,225,32,14.0,70,A
367821000,2020-08-21T20:04:49,36.97287,-76.43366,0.0,0.0,511.0,YANO,IMO7825409,NAQH,70,0,276,32,13.0,70,A
367359930,2020-08-21T19:59:23,36.82406,-76.28902,0.0,320.0,511.0,SUNNY WILLIAMS,,WDE4940,80,0,25,8,,80,A
367822000,2020-08-21T19:59:55,36.97310,-76.43388,0.0,0.0,238.0,USNS SHUGHART,IMO7825394,NAOQ,70,5,276,32,13.0,70,A
367359930,2020-08-21T19:58:02,36.82407,-76.28902,0.0,319.3,511.0,SUNNY WILLIAMS,,WDE4940,80,0,25,8,,80,A
538004202,2020-08-21T20:00:05,37.00901,-76.24322,14.7,285.5,278.0,MOL MISSION,IMO9475650,V7VS5,70,0,301,43,14.2,,A
367821000,2020-08-21T20:00:10,36.97288,-76.43366,0.0,0.0,511.0,YANO,IMO7825409,NAQH,70,0,276,32,13.0,70,A
368026000,2020-08-21T20:00:21,36.86578,-76.31607,0.0,270.5,2.0,BENAVIDEZ,IMO9218210,NBHG,70,5,289,32,10.9,70,A
538002953,2020-08-21T20:07:37,36.87760,-76.34994,0.0,13.8,347.0,SCT SANTIAGO,IMO9302566,V7NF7,70,5,294,32,13.5,71,A
477196100,2020-08-21T20:01:02,37.19766,-76.13466,0.1,306.3,184.0,DARYA MA,IMO9591674,VRJH5,70,1,229,32,14.5,,A
538004202,2020-08-21T20:07:41,37.00411,-76.27921,13.4,248.2,243.0,MOL MISSION,IMO9475650,V7VS5,70,0,301,43,14.2,,A
367822000,2020-08-21T20:02:55,36.97310,-76.43388,0.0,0.0,238.0,USNS SHUGHART,IMO7825394,NAOQ,70,5,276,32,13.0,70,A
366839000,2020-08-21T20:07:15,36.85350,-76.31084,0.0,0.0,39.0,CAPE RISE,IMO7530808,KAFG,70,5,197,32,10.0,,A
367932000,2020-08-21T20:00:08,36.94917,-76.32971,0.0,107.0,279.0,JOHN LENTHALL,IMO8325547,NJLN,80,5,193,29,,,A
215677000,2020-08-21T20:08:01,36.96291,-76.42420,0.0,256.1,39.0,RIZE,IMO9584035,9HA2781,70,5,229,32,14.5,,A
538002652,2020-08-21T20:00:49,36.87942,-76.32643,0.0,104.0,276.0,NAIAS,IMO9330800,V7KN8,70,5,225,32,14.0,70,A
355919000,2020-08-21T20:08:59,36.87386,-76.34898,0.0,257.1,347.0,MSC MARIA ELENA,IMO9304423,3EGR2,70,0,336,45,15.0,71,A
215677000,2020-08-21T19:59:04,36.96291,-76.42421,0.0,256.1,39.0,RIZE,IMO9584035,9HA2781,70,5,229,32,14.5,,A
366842000,2020-08-21T20:02:27,36.85383,-76.31119,0.0,209.9,45.0,CAPE RACE,IMO7616377,KAFJ,70,5,197,32,10.0,35,A
355919000,2020-08-21T20:01:21,36.87385,-76.34896,0.0,223.5,347.0,MSC MARIA ELENA,IMO9304423,3EGR2,70,0,336,45,15.0,71,A
367359930,2020-08-21T20:09:33,36.82407,-76.28902,0.0,309.3,511.0,SUNNY WILLIAMS,,WDE4940,80,0,25,8,,80,A
538004202,2020-08-21T20:02:17,37.00903,-76.25399,14.0,260.2,258.0,MOL MISSION,IMO9475650,V7VS5,70,0,301,43,14.2,,A
215677000,2020-08-21T20:04:54,36.96291,-76.42421,0.0,256.1,39.0,RIZE,IMO9584035,9HA2781,70,5,229,32,14.5,,A
367821000,2020-08-21T20:02:29,36.97288,-76.43366,0.0,0.0,511.0,YANO,IMO7825409,NAQH,70,0,276,32,13.0,70,A
366842000,2020-08-21T19:59:29,36.85383,-76.31121,0.0,209.9,46.0,CAPE RACE,IMO7616377,KAFJ,70,5,197,32,10.0,35,A
367821000,2020-08-21T20:06:00,36.97287,-76.43366,0.0,0.0,511.0,YANO,IMO7825409,NAQH,70,0,276,32,13.0,70,A
367359930,2020-08-21T20:10:42,36.82408,-76.28903,0.0,314.7,511.0,SUNNY WILLIAMS,,WDE4940,80,0,25,8,,80,A
367861000,2020-08-21T20:09:01,36.94638,-76.32976,0.0,0.0,265.0,LARAMIE,IMO8906626,NLAR,80,5,193,29,,,A
367821000,2020-08-21T20:08:30,36.97287,-76.43365,0.0,0.0,511.0,YANO,IMO7825409,NAQH,70,0,276,32,13.0,70,A
367359930,2020-08-21T20:08:22,36.82407,-76.28902,0.0,308.7,511.0,SUNNY WILLIAMS,,WDE4940,80,0,25,8,,80,A
355919000,2020-08-21T20:00:10,36.87384,-76.34898,0.0,223.5,347.0,MSC MARIA ELENA,IMO9304423,3EGR2,70,0,336,45,15.0,71,A
367932000,2020-08-21T20:09:07,36.94913,-76.32963,0.0,107.0,279.0,JOHN LENTHALL,IMO8325547,NJLN,80,5,193,29,,,A
366839000,2020-08-21T20:04:16,36.85350,-76.31080,0.0,0.0,39.0,CAPE RISE,IMO7530808,KAFG,70,5,197,32,10.0,,A
367821000,2020-08-21T20:12:10,36.97286,-76.43366,0.0,0.0,511.0,YANO,IMO7825409,NAQH,70,0,276,32,13.0,70,A
538005042,2020-08-21T20:06:13,36.92759,-76.32992,0.0,355.0,355.0,NILEDUTCH OSPREY,IMO9365829,V7AP5,70,5,182,28,11.0,71,A
355919000,2020-08-21T20:13:59,36.87387,-76.34899,0.0,257.1,347.0,MSC MARIA ELENA,IMO9304423,3EGR2,70,0,336,45,15.0,71,A
367932000,2020-08-21T20:12:08,36.94914,-76.32959,0.0,107.0,279.0,JOHN LENTHALL,IMO8325547,NJLN,80,5,193,29,,,A
355919000,2020-08-21T20:07:49,36.87384,-76.34898,0.0,257.1,347.0,MSC MARIA ELENA,IMO9304423,3EGR2,70,0,336,45,15.0,71,A
538004202,2020-08-21T20:05:29,37.00636,-76.26908,13.8,255.8,254.0,MOL MISSION,IMO9475650,V7VS5,70,0,301,43,14.2,,A
366839000,2020-08-21T20:01:14,36.85348,-76.31084,0.0,0.0,39.0,CAPE RISE,IMO7530808,KAFG,70,5,197,32,10.0,,A
366842000,2020-08-21T20:14:27,36.85384,-76.31117,0.0,209.9,41.0,CAPE RACE,IMO7616377,KAFJ,70,5,197,32,10.0,35,A
215677000,2020-08-21T20:01:59,36.96291,-76.42420,0.1,256.1,39.0,RIZE,IMO9584035,9HA2781,70,5,229,32,14.5,,A
367821000,2020-08-21T20:13:20,36.97286,-76.43366,0.0,0.0,511.0,YANO,IMO7825409,NAQH,70,0,276,32,13.0,70,A
367822000,2020-08-21T20:05:55,36.97310,-76.43388,0.0,0.0,238.0,USNS SHUGHART,IMO7825394,NAOQ,70,5,276,32,13.0,70,A
215677000,2020-08-21T20:13:59,36.96289,-76.42420,0.0,256.1,39.0,RIZE,IMO9584035,9HA2781,70,5,229,32,14.5,,A
366842000,2020-08-21T20:08:27,36.85381,-76.31118,0.0,209.9,43.0,CAPE RACE,IMO7616377,KAFJ,70,5,197,32,10.0,35,A
367359930,2020-08-21T20:06:02,36.82407,-76.28902,0.1,307.0,511.0,SUNNY WILLIAMS,,WDE4940,80,0,25,8,,80,A
367932000,2020-08-21T20:03:09,36.94921,-76.32967,0.0,107.0,279.0,JOHN LENTHALL,IMO8325547,NJLN,80,5,193,29,,,A
538004202,2020-08-21T20:09:54,37.00027,-76.28829,13.2,240.8,240.0,MOL MISSION,IMO9475650,V7VS5,70,0,301,43,14.2,,A
367861000,2020-08-21T20:12:01,36.94638,-76.32976,0.0,0.0,265.0,LARAMIE,IMO8906626,NLAR,80,5,193,29,,,A
538005042,2020-08-21T20:15:17,36.92755,-76.32987,0.0,354.0,354.0,NILEDUTCH OSPREY,IMO9365829,V7AP5,70,5,182,28,11.0,71,A
355919000,2020-08-21T20:06:20,36.87386,-76.34898,0.0,257.1,347.0,MSC MARIA ELENA,IMO9304423,3EGR2,70,0,336,45,15.0,71,A
538004202,2020-08-21T20:06:35,37.00535,-76.27425,13.7,257.0,253.0,MOL MISSION,IMO9475650,V7VS5,70,0,301,43,14.2,,A
367822000,2020-08-21T20:14:54,36.97310,-76.43388,0.0,0.0,238.0,USNS SHUGHART,IMO7825394,NAOQ,70,5,276,32,13.0,70,A
215677000,2020-08-21T20:10:57,36.96290,-76.42419,0.0,256.1,39.0,RIZE,IMO9584035,9HA2781,70,5,229,32,14.5,,A
367359930,2020-08-21T20:11:52,36.82407,-76.28903,0.1,320.5,511.0,SUNNY WILLIAMS,,WDE4940,80,0,25,8,,80,A
477196100,2020-08-21T20:16:00,37.19761,-76.13444,0.1,306.3,190.0,DARYA MA,IMO9591674,VRJH5,70,1,229,32,14.5,,A
477196100,2020-08-21T20:03:57,37.19769,-76.13472,0.0,306.3,183.0,DARYA MA,IMO9591674,VRJH5,70,1,229,32,14.5,,A
367359930,2020-08-21T20:03:42,36.82407,-76.28903,0.0,307.8,511.0,SUNNY WILLIAMS,,WDE4940,80,0,25,8,,80,A
367359930,2020-08-21T20:07:12,36.82406,-76.28901,0.1,311.1,511.0,SUNNY WILLIAMS,,WDE4940,80,0,25,8,,80,A
215677000,2020-08-21T20:17:00,36.96292,-76.42419,0.0,256.1,39.0,RIZE,IMO9584035,9HA2781,70,5,229,32,14.5,,A
367821000,2020-08-21T20:17:10,36.97270,-76.43363,0.0,0.0,511.0,YANO,IMO7825409,NAQH,70,0,276,32,13.0,70,A
538004202,2020-08-21T20:08:44,37.00236,-76.28348,13.3,242.0,242.0,MOL MISSION,IMO9475650,V7VS5,70,0,301,43,14.2,,A
367359930,2020-08-21T20:17:52,36.82407,-76.28903,0.0,305.6,511.0,SUNNY WILLIAMS,,WDE4940,80,0,25,8,,80,A
355919000,2020-08-21T20:12:40,36.87385,-76.34899,0.0,257.1,347.0,MSC MARIA ELENA,IMO9304423,3EGR2,70,0,336,45,15.0,71,A
367861000,2020-08-21T20:18:00,36.94635,-76.32978,0.0,0.0,265.0,LARAMIE,IMO8906626,NLAR,80,5,193,29,,,A
538004202,2020-08-21T20:14:15,36.99220,-76.30544,13.2,240.3,240.0,MOL MISSION,IMO9475650,V7VS5,70,0,301,43,14.2,,A
538004202,2020-08-21T20:12:54,36.99468,-76.30011,13.2,239.7,240.0,MOL MISSION,IMO9475650,V7VS5,70,0,301,43,14.2,,A
367821000,2020-08-21T20:14:30,36.97286,-76.43366,0.0,0.0,511.0,YANO,IMO7825409,NAQH,70,0,276,32,13.0,70,A
367821000,2020-08-21T20:18:20,36.97283,-76.43364,0.0,0.0,511.0,YANO,IMO7825409,NAQH,70,0,276,32,13.0,70,A
367359930,2020-08-21T20:13:01,36.82407,-76.28902,0.0,318.9,511.0,SUNNY WILLIAMS,,WDE4940,80,0,25,8,,80,A
368026000,2020-08-21T20:12:21,36.86574,-76.31606,0.0,270.5,2.0,BENAVIDEZ,IMO9218210,NBHG,70,5,289,32,10.9,70,A
367821000,2020-08-21T20:15:59,36.97286,-76.43366,0.0,0.0,511.0,YANO,IMO7825409,NAQH,70,0,276,32,13.0,70,A
367822000,2020-08-21T20:08:55,36.97310,-76.43388,0.0,0.0,238.0,USNS SHUGHART,IMO7825394,NAOQ,70,5,276,32,13.0,70,A
538002652,2020-08-21T20:15:49,36.87940,-76.32643,0.0,104.0,276.0,NAIAS,IMO9330800,V7KN8,70,5,225,32,14.0,70,A
477196100,2020-08-21T20:19:02,37.19756,-76.13437,0.1,306.3,192.0,DARYA MA,IMO9591674,VRJH5,70,1,229,32,14.5,,A
538005042,2020-08-21T20:18:19,36.92757,-76.32989,0.0,354.0,354.0,NILEDUTCH OSPREY,IMO9365829,V7AP5,70,5,182,28,11.0,71,A
538002953,2020-08-21T20:04:37,36.87759,-76.34995,0.0,167.3,347.0,SCT SANTIAGO,IMO9302566,V7NF7,70,5,294,32,13.5,71,A
538002953,2020-08-21T20:13:37,36.87760,-76.34994,0.0,167.3,347.0,SCT SANTIAGO,IMO9302566,V7NF7,70,5,294,32,13.5,71,A
366839000,2020-08-21T20:13:14,36.85349,-76.31082,0.0,0.0,39.0,CAPE RISE,IMO7530808,KAFG,70,5,197,32,10.0,,A
368026000,2020-08-21T20:09:21,36.86574,-76.31605,0.0,270.5,2.0,BENAVIDEZ,IMO9218210,NBHG,70,5,289,32,10.9,70,A
367821000,2020-08-21T20:09:39,36.97287,-76.43366,0.0,0.0,511.0,YANO,IMO7825409,NAQH,70,0,276,32,13.0,70,A
366842000,2020-08-21T20:20:27,36.85381,-76.31118,0.0,209.9,40.0,CAPE RACE,IMO7616377,KAFJ,70,5,197,32,10.0,35,A
538004202,2020-08-21T20:20:06,36.97921,-76.32567,12.4,227.7,227.0,MOL MISSION,IMO9475650,V7VS5,70,0,301,43,14.2,,A
538002652,2020-08-21T20:09:53,36.87937,-76.32647,0.0,104.0,276.0,NAIAS,IMO9330800,V7KN8,70,5,225,32,14.0,70,A
367821000,2020-08-21T20:19:39,36.97281,-76.43364,0.0,0.0,511.0,YANO,IMO7825409,NAQH,70,0,276,32,13.0,70,A
367932000,2020-08-21T20:15:09,36.94912,-76.32965,0.0,107.0,279.0,JOHN LENTHALL,IMO8325547,NJLN,80,5,193,29,,,A
366839000,2020-08-21T20:19:15,36.85345,-76.31083,0.0,0.0,39.0,CAPE RISE,IMO7530808,KAFG,70,5,197,32,10.0,,A
368026000,2020-08-21T20:15:22,36.86577,-76.31605,0.1,270.5,2.0,BENAVIDEZ,IMO9218210,NBHG,70,5,289,32,10.9,70,A
367861000,2020-08-21T20:21:00,36.94637,-76.32980,0.0,0.0,265.0,LARAMIE,IMO8906626,NLAR,80,5,193,29,,,A
367822000,2020-08-21T20:17:56,36.97311,-76.43388,0.0,0.0,238.0,USNS SHUGHART,IMO7825394,NAOQ,70,5,276,32,13.0,70,A
366842000,2020-08-21T20:11:27,36.85383,-76.31121,0.0,209.9,42.0,CAPE RACE,IMO7616377,KAFJ,70,5,197,32,10.0,35,A
355919000,2020-08-21T20:22:00,36.87387,-76.34900,0.0,279.0,347.0,MSC MARIA ELENA,IMO9304423,3EGR2,70,0,336,45,15.0,71,A
367821000,2020-08-21T20:07:20,36.97287,-76.43366,0.0,0.0,511.0,YANO,IMO7825409,NAQH,70,0,276,32,13.0,70,A
367932000,2020-08-21T20:18:08,36.94912,-76.32975,0.0,107.0,279.0,JOHN LENTHALL,IMO8325547,NJLN,80,5,193,29,,,A
367822000,2020-08-21T20:20:55,36.97311,-76.43388,0.0,0.0,238.0,USNS SHUGHART,IMO7825394,NAOQ,70,5,276,32,13.0,70,A
538005042,2020-08-21T20:21:18,36.92768,-76.33006,0.0,355.0,355.0,NILEDUTCH OSPREY,IMO9365829,V7AP5,70,5,182,28,11.0,71,A
538004202,2020-08-21T20:15:25,36.99002,-76.30991,13.0,236.1,234.0,MOL MISSION,IMO9475650,V7VS5,70,0,301,43,14.2,,A
366839000,2020-08-21T20:16:19,36.85348,-76.31082,0.0,0.0,39.0,CAPE RISE,IMO7530808,KAFG,70,5,197,32,10.0,,A
355919000,2020-08-21T20:16:31,36.87384,-76.34899,0.0,257.1,347.0,MSC MARIA ELENA,IMO9304423,3EGR2,70,0,336,45,15.0,71,A
538005042,2020-08-21T20:09:13,36.92759,-76.32993,0.1,264.0,354.0,NILEDUTCH OSPREY,IMO9365829,V7AP5,70,5,182,28,11.0,71,A
367821000,2020-08-21T20:21:20,36.97283,-76.43364,0.0,0.0,511.0,YANO,IMO7825409,NAQH,70,0,276,32,13.0,70,A
538004202,2020-08-21T20:16:34,36.98754,-76.31411,12.9,232.3,230.0,MOL MISSION,IMO9475650,V7VS5,70,0,301,43,14.2,,A
538004202,2020-08-21T20:21:14,36.97661,-76.32920,12.0,228.7,226.0,MOL MISSION,IMO9475650,V7VS5,70,0,301,43,14.2,,A
355919000,2020-08-21T20:15:09,36.87385,-76.34894,0.0,257.1,347.0,MSC MARIA ELENA,IMO9304423,3EGR2,70,0,336,45,15.0,71,A
366839000,2020-08-21T20:10:17,36.85349,-76.31084,0.0,0.0,39.0,CAPE RISE,IMO7530808,KAFG,70,5,197,32,10.0,,A
538002652,2020-08-21T20:21:53,36.87945,-76.32643,0.0,202.0,276.0,NAIAS,IMO9330800,V7KN8,70,5,225,32,14.0,70,A
367821000,2020-08-21T20:22:30,36.97283,-76.43364,0.0,0.0,511.0,YANO,IMO7825409,NAQH,70,0,276,32,13.0,70,A
355919000,2020-08-21T20:10:10,36.87388,-76.34897,0.0,230.6,347.0,MSC MARIA ELENA,IMO9304423,3EGR2,70,0,336,45,15.0,71,A
355919000,2020-08-21T20:18:00,36.87383,-76.34900,0.0,230.6,347.0,MSC MARIA ELENA,IMO9304423,3EGR2,70,0,336,45,15.0,71,A
538004202,2020-08-21T20:17:46,36.98474,-76.31809,12.8,227.8,228.0,MOL MISSION,IMO9475650,V7VS5,70,0,301,43,14.2,,A
538004202,2020-08-21T20:27:15,36.96066,-76.33600,9.9,182.4,183.0,MOL MISSION,IMO9475650,V7VS5,70,0,301,43,14.2,,A
368026000,2020-08-21T20:27:21,36.86576,-76.31604,0.0,270.5,2.0,BENAVIDEZ,IMO9218210,NBHG,70,5,289,32,10.9,70,A
538002652,2020-08-21T20:18:51,36.87940,-76.32638,0.0,104.0,276.0,NAIAS,IMO9330800,V7KN8,70,5,225,32,14.0,70,A
477196100,2020-08-21T20:28:02,37.19732,-76.13391,0.3,115.7,200.0,DARYA MA,IMO9591674,VRJH5,70,1,229,32,14.5,,A
355919000,2020-08-21T20:19:21,36.87385,-76.34902,0.0,257.1,347.0,MSC MARIA ELENA,IMO9304423,3EGR2,70,0,336,45,15.0,71,A
367359930,2020-08-21T20:26:42,36.82404,-76.28902,0.0,307.8,511.0,SUNNY WILLIAMS,,WDE4940,80,0,25,8,,80,A
367359930,2020-08-21T20:20:12,36.82406,-76.28904,0.0,300.0,511.0,SUNNY WILLIAMS,,WDE4940,80,0,25,8,,80,A
538005042,2020-08-21T20:27:22,36.92753,-76.32986,0.1,84.0,354.0,NILEDUTCH OSPREY,IMO9365829,V7AP5,70,5,182,28,11.0,71,A
538005042,2020-08-21T20:12:15,36.92756,-76.32988,0.0,354.0,354.0,NILEDUTCH OSPREY,IMO9365829,V7AP5,70,5,182,28,11.0,71,A
367821000,2020-08-21T20:27:09,36.97282,-76.43364,0.0,0.0,511.0,YANO,IMO7825409,NAQH,70,0,276,32,13.0,70,A
367359930,2020-08-21T20:27:53,36.82401,-76.28898,0.0,305.3,511.0,SUNNY WILLIAMS,,WDE4940,80,0,25,8,,80,A
367359930,2020-08-21T20:29:42,36.82403,-76.28901,0.1,302.2,511.0,SUNNY WILLIAMS,,WDE4940,80,0,25,8,,80,A
538002652,2020-08-21T20:12:50,36.87943,-76.32650,0.0,104.0,276.0,NAIAS,IMO9330800,V7KN8,70,5,225,32,14.0,70,A
366842000,2020-08-21T20:29:29,36.85382,-76.31121,0.0,209.9,40.0,CAPE RACE,IMO7616377,KAFJ,70,5,197,32,10.0,35,A
215677000,2020-08-21T20:19:58,36.96291,-76.42419,0.0,256.1,39.0,RIZE,IMO9584035,9HA2781,70,5,229,32,14.5,,A
477196100,2020-08-21T20:22:01,37.19749,-76.13428,0.1,306.3,193.0,DARYA MA,IMO9591674,VRJH5,70,1,229,32,14.5,,A
368026000,2020-08-21T20:18:20,36.86577,-76.31603,0.0,270.5,2.0,BENAVIDEZ,IMO9218210,NBHG,70,5,289,32,10.9,70,A
355919000,2020-08-21T20:31:00,36.87388,-76.34898,0.0,122.2,347.0,MSC MARIA ELENA,IMO9304423,3EGR2,70,0,336,45,15.0,71,A
367359930,2020-08-21T20:22:52,36.82406,-76.28904,0.0,305.7,511.0,SUNNY WILLIAMS,,WDE4940,80,0,25,8,,80,A
538002953,2020-08-21T20:22:37,36.87760,-76.34996,0.0,0.0,347.0,SCT SANTIAGO,IMO9302566,V7NF7,70,5,294,32,13.5,71,A
367861000,2020-08-21T20:30:01,36.94637,-76.32979,0.0,0.0,265.0,LARAMIE,IMO8906626,NLAR,80,5,193,29,,,A
538004202,2020-08-21T20:31:14,36.94962,-76.33662,9.4,182.3,182.0,MOL MISSION,IMO9475650,V7VS5,70,0,301,43,14.2,,A
367359930,2020-08-21T20:15:22,36.82407,-76.28903,0.0,308.5,511.0,SUNNY WILLIAMS,,WDE4940,80,0,25,8,,80,A
215677000,2020-08-21T20:23:00,36.96289,-76.42419,0.0,256.1,39.0,RIZE,IMO9584035,9HA2781,70,5,229,32,14.5,,A
366839000,2020-08-21T20:22:19,36.85348,-76.31082,0.0,0.0,39.0,CAPE RISE,IMO7530808,KAFG,70,5,197,32,10.0,,A
477196100,2020-08-21T20:31:02,37.19717,-76.13358,0.3,118.3,207.0,DARYA MA,IMO9591674,VRJH5,70,1,229,32,14.5,,A
355919000,2020-08-21T20:32:09,36.87382,-76.34898,0.0,212.1,347.0,MSC MARIA ELENA,IMO9304423,3EGR2,70,0,336,45,15.0,71,A
366842000,2020-08-21T20:23:27,36.85382,-76.31122,0.0,209.9,40.0,CAPE RACE,IMO7616377,KAFJ,70,5,197,32,10.0,35,A
367821000,2020-08-21T20:32:00,36.97283,-76.43365,0.0,0.0,511.0,YANO,IMO7825409,NAQH,70,0,276,32,13.0,70,A
215677000,2020-08-21T20:32:00,36.96291,-76.42419,0.0,256.1,39.0,RIZE,IMO9584035,9HA2781,70,5,229,32,14.5,,A
355919000,2020-08-21T20:23:10,36.87386,-76.34899,0.0,280.3,347.0,MSC MARIA ELENA,IMO9304423,3EGR2,70,0,336,45,15.0,71,A
367861000,2020-08-21T20:24:00,36.94641,-76.32984,0.0,0.0,265.0,LARAMIE,IMO8906626,NLAR,80,5,193,29,,,A
367359930,2020-08-21T20:23:53,36.82406,-76.28904,0.0,307.9,511.0,SUNNY WILLIAMS,,WDE4940,80,0,25,8,,80,A
368026000,2020-08-21T20:24:21,36.86575,-76.31604,0.0,270.5,2.0,BENAVIDEZ,IMO9218210,NBHG,70,5,289,32,10.9,70,A
366842000,2020-08-21T20:17:29,36.85385,-76.31122,0.0,209.9,40.0,CAPE RACE,IMO7616377,KAFJ,70,5,197,32,10.0,35,A
367821000,2020-08-21T20:23:39,36.97282,-76.43364,0.0,0.0,511.0,YANO,IMO7825409,NAQH,70,0,276,32,13.0,70,A
367359930,2020-08-21T20:21:22,36.82405,-76.28904,0.0,302.0,511.0,SUNNY WILLIAMS,,WDE4940,80,0,25,8,,80,A
538002953,2020-08-21T20:34:38,36.87759,-76.34993,0.0,1.2,347.0,SCT SANTIAGO,IMO9302566,V7NF7,70,5,294,32,13.5,71,A
538005042,2020-08-21T20:30:25,36.92759,-76.32992,0.0,354.0,354.0,NILEDUTCH OSPREY,IMO9365829,V7AP5,70,5,182,28,11.0,71,A
538004202,2020-08-21T20:25:34,36.96531,-76.33580,9.9,181.5,182.0,MOL MISSION,IMO9475650,V7VS5,70,0,301,43,14.2,,A
367932000,2020-08-21T20:30:08,36.94913,-76.32961,0.0,107.0,279.0,JOHN LENTHALL,IMO8325547,NJLN,80,5,193,29,,,A
355919000,2020-08-21T20:25:29,36.87383,-76.34898,0.1,287.4,347.0,MSC MARIA ELENA,IMO9304423,3EGR2,70,0,336,45,15.0,71,A
367822000,2020-08-21T20:23:55,36.97310,-76.43388,0.0,0.0,238.0,USNS SHUGHART,IMO7825394,NAOQ,70,5,276,32,13.0,70,A
367359930,2020-08-21T20:25:02,36.82405,-76.28904,0.0,309.0,511.0,SUNNY WILLIAMS,,WDE4940,80,0,25,8,,80,A
367359930,2020-08-21T20:36:43,36.82408,-76.28900,0.0,308.4,511.0,SUNNY WILLIAMS,,WDE4940,80,0,25,8,,80,A
355919000,2020-08-21T20:24:19,36.87385,-76.34897,0.1,283.7,347.0,MSC MARIA ELENA,IMO9304423,3EGR2,70,0,336,45,15.0,71,A
367359930,2020-08-21T20:32:02,36.82406,-76.28901,0.1,303.5,511.0,SUNNY WILLIAMS,,WDE4940,80,0,25,8,,80,A
215677000,2020-08-21T20:25:59,36.96292,-76.42417,0.0,256.1,39.0,RIZE,IMO9584035,9HA2781,70,5,229,32,14.5,,A
538002953,2020-08-21T20:19:38,36.87757,-76.34995,0.0,0.0,347.0,SCT SANTIAGO,IMO9302566,V7NF7,70,5,294,32,13.5,71,A
367821000,2020-08-21T20:24:49,36.97282,-76.43364,0.0,0.0,511.0,YANO,IMO7825409,NAQH,70,0,276,32,13.0,70,A
538005042,2020-08-21T20:24:20,36.92732,-76.32981,0.0,355.0,355.0,NILEDUTCH OSPREY,IMO9365829,V7AP5,70,5,182,28,11.0,71,A
355919000,2020-08-21T20:26:40,36.87384,-76.34900,0.0,283.7,347.0,MSC MARIA ELENA,IMO9304423,3EGR2,70,0,336,45,15.0,71,A
477196100,2020-08-21T20:25:00,37.19740,-76.13417,0.2,125.5,195.0,DARYA MA,IMO9591674,VRJH5,70,1,229,32,14.5,,A
367821000,2020-08-21T20:34:10,36.97283,-76.43365,0.0,0.0,511.0,YANO,IMO7825409,NAQH,70,0,276,32,13.0,70,A
366839000,2020-08-21T20:25:16,36.85346,-76.31082,0.0,0.0,39.0,CAPE RISE,IMO7530808,KAFG,70,5,197,32,10.0,,A
538002652,2020-08-21T20:36:50,36.87942,-76.32642,0.0,95.0,276.0,NAIAS,IMO9330800,V7KN8,70,5,225,32,14.0,70,A
366839000,2020-08-21T20:34:10,36.85347,-76.31080,0.0,0.0,39.0,CAPE RISE,IMO7530808,KAFG,70,5,197,32,10.0,,A
367821000,2020-08-21T20:35:29,36.97283,-76.43365,0.0,0.0,511.0,YANO,IMO7825409,NAQH,70,0,276,32,13.0,70,A
367821000,2020-08-21T20:36:40,36.97283,-76.43364,0.0,0.0,511.0,YANO,IMO7825409,NAQH,70,0,276,32,13.0,70,A
367821000,2020-08-21T20:28:30,36.97282,-76.43365,0.0,0.0,511.0,YANO,IMO7825409,NAQH,70,0,276,32,13.0,70,A
538004202,2020-08-21T20:37:54,36.93440,-76.33741,7.2,182.6,182.0,MOL MISSION,IMO9475650,V7VS5,70,0,301,43,14.2,,A
355919000,2020-08-21T20:20:39,36.87384,-76.34900,0.0,290.8,347.0,MSC MARIA ELENA,IMO9304423,3EGR2,70,0,336,45,15.0,71,A
368026000,2020-08-21T20:36:20,36.86577,-76.31606,0.0,270.5,2.0,BENAVIDEZ,IMO9218210,NBHG,70,5,289,32,10.9,70,A
538004202,2020-08-21T20:39:54,36.93049,-76.33766,6.8,182.7,182.0,MOL MISSION,IMO9475650,V7VS5,70,0,301,43,14.2,,A
368026000,2020-08-21T20:21:20,36.86576,-76.31604,0.0,270.5,2.0,BENAVIDEZ,IMO9218210,NBHG,70,5,289,32,10.9,70,A
538002953,2020-08-21T20:37:38,36.87762,-76.34995,0.0,0.0,347.0,SCT SANTIAGO,IMO9302566,V7NF7,70,5,294,32,13.5,71,A
538005042,2020-08-21T20:39:27,36.92759,-76.32992,0.0,355.0,355.0,NILEDUTCH OSPREY,IMO9365829,V7AP5,70,5,182,28,11.0,71,A
538004202,2020-08-21T20:22:24,36.97387,-76.33261,11.3,220.9,213.0,MOL MISSION,IMO9475650,V7VS5,70,0,301,43,14.2,,A
367932000,2020-08-21T20:27:08,36.94915,-76.32963,0.0,107.0,279.0,JOHN LENTHALL,IMO8325547,NJLN,80,5,193,29,,,A
367822000,2020-08-21T20:26:55,36.97310,-76.43387,0.0,0.0,238.0,USNS SHUGHART,IMO7825394,NAOQ,70,5,276,32,13.0,70,A
368026000,2020-08-21T20:39:21,36.86574,-76.31605,0.0,270.5,2.0,BENAVIDEZ,IMO9218210,NBHG,70,5,289,32,10.9,70,A
367822000,2020-08-21T20:29:55,36.97310,-76.43387,0.0,0.0,238.0,USNS SHUGHART,IMO7825394,NAOQ,70,5,276,32,13.0,70,A
538002652,2020-08-21T20:39:50,36.87943,-76.32643,0.0,95.0,276.0,NAIAS,IMO9330800,V7KN8,70,5,225,32,14.0,70,A
368026000,2020-08-21T20:30:21,36.86575,-76.31604,0.0,270.5,2.0,BENAVIDEZ,IMO9218210,NBHG,70,5,289,32,10.9,70,A
477196100,2020-08-21T20:40:00,37.19646,-76.13227,0.6,140.1,237.0,DARYA MA,IMO9591674,VRJH5,70,1,229,32,14.5,,A
355919000,2020-08-21T20:40:19,36.87385,-76.34898,0.0,257.1,347.0,MSC MARIA ELENA,IMO9304423,3EGR2,70,0,336,45,15.0,71,A
538002652,2020-08-21T20:30:51,36.87942,-76.32642,0.0,95.0,276.0,NAIAS,IMO9330800,V7KN8,70,5,225,32,14.0,70,A
366839000,2020-08-21T20:31:16,36.85347,-76.31079,0.0,0.0,39.0,CAPE RISE,IMO7530808,KAFG,70,5,197,32,10.0,,A
538004202,2020-08-21T20:42:25,36.92588,-76.33794,6.3,182.3,181.0,MOL MISSION,IMO9475650,V7VS5,70,0,301,43,14.2,,A
366842000,2020-08-21T20:41:27,36.85385,-76.31122,0.0,209.9,41.0,CAPE RACE,IMO7616377,KAFJ,70,5,197,32,10.0,35,A
538002953,2020-08-21T20:28:37,36.87762,-76.34995,0.0,167.2,347.0,SCT SANTIAGO,IMO9302566,V7NF7,70,5,294,32,13.5,71,A
477196100,2020-08-21T20:43:02,37.19592,-76.13194,0.8,165.0,256.0,DARYA MA,IMO9591674,VRJH5,70,1,229,32,14.5,,A
538004202,2020-08-21T20:32:24,36.94670,-76.33678,8.9,182.7,182.0,MOL MISSION,IMO9475650,V7VS5,70,0,301,43,14.2,,A
366839000,2020-08-21T20:28:10,36.85347,-76.31079,0.0,0.0,39.0,CAPE RISE,IMO7530808,KAFG,70,5,197,32,10.0,,A
367932000,2020-08-21T20:42:07,36.94915,-76.32967,0.0,107.0,279.0,JOHN LENTHALL,IMO8325547,NJLN,80,5,193,29,,,A
477196100,2020-08-21T20:37:00,37.19681,-76.13275,0.5,122.6,223.0,DARYA MA,IMO9591674,VRJH5,70,1,229,32,14.5,,A
538002652,2020-08-21T20:24:51,36.87940,-76.32642,0.0,202.0,276.0,NAIAS,IMO9330800,V7KN8,70,5,225,32,14.0,70,A
367861000,2020-08-21T20:33:01,36.94641,-76.32979,0.0,0.0,265.0,LARAMIE,IMO8906626,NLAR,80,5,193,29,,,A
538005042,2020-08-21T20:42:28,36.92759,-76.32992,0.0,355.0,355.0,NILEDUTCH OSPREY,IMO9365829,V7AP5,70,5,182,28,11.0,71,A
368026000,2020-08-21T20:33:21,36.86579,-76.31606,0.0,270.5,2.0,BENAVIDEZ,IMO9218210,NBHG,70,5,289,32,10.9,70,A
477196100,2020-08-21T20:34:01,37.19700,-76.13319,0.4,118.8,215.0,DARYA MA,IMO9591674,VRJH5,70,1,229,32,14.5,,A
538004202,2020-08-21T20:29:54,36.95325,-76.33646,10.0,183.1,182.0,MOL MISSION,IMO9475650,V7VS5,70,0,301,43,14.2,,A
538002652,2020-08-21T20:33:53,36.87942,-76.32643,0.0,95.0,276.0,NAIAS,IMO9330800,V7KN8,70,5,225,32,14.0,70,A
366842000,2020-08-21T20:32:30,36.85379,-76.31122,0.0,209.9,40.0,CAPE RACE,IMO7616377,KAFJ,70,5,197,32,10.0,35,A
367932000,2020-08-21T20:33:07,36.94917,-76.32966,0.0,107.0,279.0,JOHN LENTHALL,IMO8325547,NJLN,80,5,193,29,,,A
367821000,2020-08-21T20:25:59,36.97282,-76.43364,0.0,0.0,511.0,YANO,IMO7825409,NAQH,70,0,276,32,13.0,70,A
538002953,2020-08-21T20:25:38,36.87760,-76.34993,0.0,0.0,347.0,SCT SANTIAGO,IMO9302566,V7NF7,70,5,294,32,13.5,71,A
366842000,2020-08-21T20:38:32,36.85380,-76.31121,0.0,209.9,41.0,CAPE RACE,IMO7616377,KAFJ,70,5,197,32,10.0,35,A
367359930,2020-08-21T20:30:53,36.82409,-76.28904,0.0,292.1,511.0,SUNNY WILLIAMS,,WDE4940,80,0,25,8,,80,A
355919000,2020-08-21T20:39:09,36.87384,-76.34896,0.0,257.1,347.0,MSC MARIA ELENA,IMO9304423,3EGR2,70,0,336,45,15.0,71,A
367821000,2020-08-21T20:40:09,36.97283,-76.43364,0.0,0.0,511.0,YANO,IMO7825409,NAQH,70,0,276,32,13.0,70,A
367932000,2020-08-21T20:39:09,36.94916,-76.32970,0.0,107.0,279.0,JOHN LENTHALL,IMO8325547,NJLN,80,5,193,29,,,A
538004202,2020-08-21T20:45:35,36.92088,-76.33829,4.8,183.5,182.0,MOL MISSION,IMO9475650,V7VS5,70,0,301,43,14.2,,A
366839000,2020-08-21T20:40:14,36.85348,-76.31085,0.0,0.0,39.0,CAPE RISE,IMO7530808,KAFG,70,5,197,32,10.0,,A
367932000,2020-08-21T20:45:08,36.94919,-76.32972,0.0,107.0,279.0,JOHN LENTHALL,IMO8325547,NJLN,80,5,193,29,,,A
538002652,2020-08-21T20:27:50,36.87943,-76.32645,0.0,202.0,276.0,NAIAS,IMO9330800,V7KN8,70,5,225,32,14.0,70,A
538005042,2020-08-21T20:36:28,36.92759,-76.32992,0.0,355.0,355.0,NILEDUTCH OSPREY,IMO9365829,V7AP5,70,5,182,28,11.0,71,A
538004202,2020-08-21T20:28:44,36.95649,-76.33623,10.1,182.7,182.0,MOL MISSION,IMO9475650,V7VS5,70,0,301,43,14.2,,A
366839000,2020-08-21T20:37:11,36.85342,-76.31083,0.0,0.0,39.0,CAPE RISE,IMO7530808,KAFG,70,5,197,32,10.0,,A
367821000,2020-08-21T20:42:20,36.97283,-76.43363,0.0,0.0,511.0,YANO,IMO7825409,NAQH,70,0,276,32,13.0,70,A
367821000,2020-08-21T20:37:50,36.97283,-76.43364,0.0,0.0,511.0,YANO,IMO7825409,NAQH,70,0,276,32,13.0,70,A
357928000,2020-08-21T20:38:14,37.04792,-76.07539,12.1,322.9,322.0,ROYAL KNIGHT,IMO9552355,3FMB9,70,0,196,32,12.7,70,A
367861000,2020-08-21T20:45:01,36.94638,-76.32981,0.0,0.0,265.0,LARAMIE,IMO8906626,NLAR,80,5,193,29,,,A
367861000,2020-08-21T20:42:01,36.94633,-76.32981,0.0,0.0,265.0,LARAMIE,IMO8906626,NLAR,80,5,193,29,,,A
357928000,2020-08-21T20:33:33,37.03528,-76.06415,11.7,323.5,323.0,ROYAL KNIGHT,IMO9552355,3FMB9,70,0,196,32,12.7,70,A
357928000,2020-08-21T20:39:53,37.05242,-76.07956,12.3,322.5,321.0,ROYAL KNIGHT,IMO9552355,3FMB9,70,0,196,32,12.7,70,A
355919000,2020-08-21T20:46:41,36.87385,-76.34898,0.0,257.1,347.0,MSC MARIA ELENA,IMO9304423,3EGR2,70,0,336,45,15.0,71,A
367359930,2020-08-21T20:34:33,36.82406,-76.28900,0.0,318.1,511.0,SUNNY WILLIAMS,,WDE4940,80,0,25,8,,80,A
538002953,2020-08-21T20:46:38,36.87757,-76.34996,0.0,185.6,347.0,SCT SANTIAGO,IMO9302566,V7NF7,70,5,294,32,13.5,71,A
367359930,2020-08-21T20:47:51,36.82405,-76.28903,0.0,288.3,511.0,SUNNY WILLIAMS,,WDE4940,80,0,25,8,,80,A
357928000,2020-08-21T20:36:53,37.04422,-76.07201,12.0,324.6,323.0,ROYAL KNIGHT,IMO9552355,3FMB9,70,0,196,32,12.7,70,A
355919000,2020-08-21T20:36:49,36.87386,-76.34899,0.0,257.1,347.0,MSC MARIA ELENA,IMO9304423,3EGR2,70,0,336,45,15.0,71,A
366842000,2020-08-21T20:47:29,36.85380,-76.31113,0.0,209.9,42.0,CAPE RACE,IMO7616377,KAFJ,70,5,197,32,10.0,35,A
538002953,2020-08-21T20:31:37,36.87759,-76.34995,0.0,13.7,347.0,SCT SANTIAGO,IMO9302566,V7NF7,70,5,294,32,13.5,71,A
355919000,2020-08-21T20:49:10,36.87385,-76.34897,0.0,230.6,347.0,MSC MARIA ELENA,IMO9304423,3EGR2,70,0,336,45,15.0,71,A
367359930,2020-08-21T20:38:12,36.82408,-76.28902,0.0,306.4,511.0,SUNNY WILLIAMS,,WDE4940,80,0,25,8,,80,A
367821000,2020-08-21T20:33:09,36.97283,-76.43365,0.0,0.0,511.0,YANO,IMO7825409,NAQH,70,0,276,32,13.0,70,A
368026000,2020-08-21T20:48:21,36.86577,-76.31602,0.0,270.5,2.0,BENAVIDEZ,IMO9218210,NBHG,70,5,289,32,10.9,70,A
355919000,2020-08-21T20:45:21,36.87384,-76.34900,0.0,212.1,347.0,MSC MARIA ELENA,IMO9304423,3EGR2,70,0,336,45,15.0,71,A
357928000,2020-08-21T20:50:44,37.08318,-76.10560,12.4,328.4,331.0,ROYAL KNIGHT,IMO9552355,3FMB9,70,0,196,32,12.7,70,A
357928000,2020-08-21T20:41:54,37.05787,-76.08484,12.2,319.7,320.0,ROYAL KNIGHT,IMO9552355,3FMB9,70,0,196,32,12.7,70,A
367822000,2020-08-21T20:35:54,36.97304,-76.43386,0.0,0.0,238.0,USNS SHUGHART,IMO7825394,NAOQ,70,5,276,32,13.0,70,A
367821000,2020-08-21T20:46:59,36.97284,-76.43364,0.0,0.0,511.0,YANO,IMO7825409,NAQH,70,0,276,32,13.0,70,A
477196100,2020-08-21T20:46:03,37.19531,-76.13194,0.7,195.2,275.0,DARYA MA,IMO9591674,VRJH5,70,1,229,32,14.5,,A
355919000,2020-08-21T20:33:49,36.87385,-76.34900,0.0,167.2,347.0,MSC MARIA ELENA,IMO9304423,3EGR2,70,0,336,45,15.0,71,A
538004202,2020-08-21T20:50:45,36.91629,-76.33870,2.2,184.8,193.0,MOL MISSION,IMO9475650,V7VS5,70,0,301,43,14.2,,A
538002953,2020-08-21T20:49:38,36.87756,-76.34990,0.0,0.0,347.0,SCT SANTIAGO,IMO9302566,V7NF7,70,5,294,32,13.5,71,A
538005042,2020-08-21T20:33:23,36.92759,-76.32992,0.0,354.0,354.0,NILEDUTCH OSPREY,IMO9365829,V7AP5,70,5,182,28,11.0,71,A
366839000,2020-08-21T20:49:14,36.85349,-76.31081,0.0,0.0,39.0,CAPE RISE,IMO7530808,KAFG,70,5,197,32,10.0,,A
357928000,2020-08-21T20:34:43,37.03831,-76.06693,11.8,324.9,324.0,ROYAL KNIGHT,IMO9552355,3FMB9,70,0,196,32,12.7,70,A
538004202,2020-08-21T20:35:04,36.94046,-76.33709,8.2,182.8,181.0,MOL MISSION,IMO9475650,V7VS5,70,0,301,43,14.2,,A
367932000,2020-08-21T20:51:08,36.94920,-76.32963,0.0,107.0,279.0,JOHN LENTHALL,IMO8325547,NJLN,80,5,193,29,,,A
355919000,2020-08-21T20:37:59,36.87385,-76.34900,0.0,212.1,347.0,MSC MARIA ELENA,IMO9304423,3EGR2,70,0,336,45,15.0,71,A
357928000,2020-08-21T20:44:03,37.06354,-76.09076,12.3,319.2,326.0,ROYAL KNIGHT,IMO9552355,3FMB9,70,0,196,32,12.7,70,A
367821000,2020-08-21T20:38:59,36.97283,-76.43364,0.0,0.0,511.0,YANO,IMO7825409,NAQH,70,0,276,32,13.0,70,A
355919000,2020-08-21T20:51:49,36.87385,-76.34898,0.0,257.1,347.0,MSC MARIA ELENA,IMO9304423,3EGR2,70,0,336,45,15.0,71,A
367359930,2020-08-21T20:50:41,36.82406,-76.28904,0.0,286.8,511.0,SUNNY WILLIAMS,,WDE4940,80,0,25,8,,80,A
538004202,2020-08-21T20:41:14,36.92798,-76.33782,6.6,182.6,181.0,MOL MISSION,IMO9475650,V7VS5,70,0,301,43,14.2,,A
367359930,2020-08-21T20:40:32,36.82406,-76.28903,0.0,303.6,511.0,SUNNY WILLIAMS,,WDE4940,80,0,25,8,,80,A
538002652,2020-08-21T20:45:49,36.87943,-76.32643,0.0,95.0,276.0,NAIAS,IMO9330800,V7KN8,70,5,225,32,14.0,70,A
538005042,2020-08-21T20:51:32,36.92759,-76.32992,0.0,355.0,355.0,NILEDUTCH OSPREY,IMO9365829,V7AP5,70,5,182,28,11.0,71,A
367822000,2020-08-21T20:41:54,36.97304,-76.43388,0.0,0.0,238.0,USNS SHUGHART,IMO7825394,NAOQ,70,5,276,32,13.0,70,A
367359930,2020-08-21T20:44:32,36.82406,-76.28901,0.0,292.7,511.0,SUNNY WILLIAMS,,WDE4940,80,0,25,8,,80,A
367359930,2020-08-21T20:42:12,36.82407,-76.28903,0.0,299.1,511.0,SUNNY WILLIAMS,,WDE4940,80,0,25,8,,80,A
538004202,2020-08-21T20:46:45,36.91948,-76.33840,3.9,184.5,181.0,MOL MISSION,IMO9475650,V7VS5,70,0,301,43,14.2,,A
357928000,2020-08-21T20:53:53,37.09269,-76.11233,12.5,330.3,330.0,ROYAL KNIGHT,IMO9552355,3FMB9,70,0,196,32,12.7,70,A
368026000,2020-08-21T20:45:21,36.86576,-76.31604,0.0,270.5,2.0,BENAVIDEZ,IMO9218210,NBHG,70,5,289,32,10.9,70,A
367932000,2020-08-21T20:54:07,36.94917,-76.32959,0.0,107.0,279.0,JOHN LENTHALL,IMO8325547,NJLN,80,5,193,29,,,A
367861000,2020-08-21T20:54:00,36.94640,-76.32979,0.0,0.0,265.0,LARAMIE,IMO8906626,NLAR,80,5,193,29,,,A
538004202,2020-08-21T20:43:55,36.92341,-76.33807,5.7,183.5,181.0,MOL MISSION,IMO9475650,V7VS5,70,0,301,43,14.2,,A
538004202,2020-08-21T20:56:04,36.91527,-76.33862,1.1,79.0,275.0,MOL MISSION,IMO9475650,V7VS5,70,0,301,43,14.2,,A
367821000,2020-08-21T20:52:49,36.97284,-76.43364,0.0,0.0,511.0,YANO,IMO7825409,NAQH,70,0,276,32,13.0,70,A
367822000,2020-08-21T20:38:55,36.97306,-76.43388,0.0,0.0,238.0,USNS SHUGHART,IMO7825394,NAOQ,70,5,276,32,13.0,70,A
215677000,2020-08-21T20:52:57,36.96291,-76.42421,0.0,256.1,39.0,RIZE,IMO9584035,9HA2781,70,5,229,32,14.5,,A
538002652,2020-08-21T20:42:50,36.87943,-76.32645,0.0,95.0,276.0,NAIAS,IMO9330800,V7KN8,70,5,225,32,14.0,70,A
355919000,2020-08-21T20:44:10,36.87383,-76.34897,0.0,257.1,347.0,MSC MARIA ELENA,IMO9304423,3EGR2,70,0,336,45,15.0,71,A
355919000,2020-08-21T20:54:10,36.87385,-76.34898,0.0,257.1,347.0,MSC MARIA ELENA,IMO9304423,3EGR2,70,0,336,45,15.0,71,A
366839000,2020-08-21T20:43:13,36.85345,-76.31084,0.0,0.0,39.0,CAPE RISE,IMO7530808,KAFG,70,5,197,32,10.0,,A
538005042,2020-08-21T20:54:33,36.92758,-76.32992,0.0,355.0,355.0,NILEDUTCH OSPREY,IMO9365829,V7AP5,70,5,182,28,11.0,71,A
367359930,2020-08-21T20:46:41,36.82406,-76.28903,0.0,289.8,511.0,SUNNY WILLIAMS,,WDE4940,80,0,25,8,,80,A
367821000,2020-08-21T20:45:20,36.97284,-76.43364,0.0,0.0,511.0,YANO,IMO7825409,NAQH,70,0,276,32,13.0,70,A
366839000,2020-08-21T20:55:13,36.85348,-76.31083,0.0,0.0,40.0,CAPE RISE,IMO7530808,KAFG,70,5,197,32,10.0,,A
367359930,2020-08-21T20:57:42,36.82407,-76.28901,0.0,294.0,511.0,SUNNY WILLIAMS,,WDE4940,80,0,25,8,,80,A
367821000,2020-08-21T20:56:00,36.97284,-76.43364,0.0,0.0,511.0,YANO,IMO7825409,NAQH,70,0,276,32,13.0,70,A
366842000,2020-08-21T20:44:31,36.85379,-76.31119,0.0,209.9,42.0,CAPE RACE,IMO7616377,KAFJ,70,5,197,32,10.0,35,A
355919000,2020-08-21T20:58:29,36.87385,-76.34899,0.0,257.1,347.0,MSC MARIA ELENA,IMO9304423,3EGR2,70,0,336,45,15.0,71,A
355919000,2020-08-21T20:56:29,36.87385,-76.34899,0.0,257.1,347.0,MSC MARIA ELENA,IMO9304423,3EGR2,70,0,336,45,15.0,71,A
357928000,2020-08-21T20:57:03,37.10225,-76.11907,12.5,331.5,331.0,ROYAL KNIGHT,IMO9552355,3FMB9,70,0,196,32,12.7,70,A
538002953,2020-08-21T20:40:38,36.87761,-76.34994,0.0,283.7,347.0,SCT SANTIAGO,IMO9302566,V7NF7,70,5,294,32,13.5,71,A
367822000,2020-08-21T20:56:55,36.97304,-76.43391,0.0,0.0,238.0,USNS SHUGHART,IMO7825394,NAOQ,70,5,276,32,13.0,70,A
366839000,2020-08-21T20:46:14,36.85349,-76.31078,0.0,0.0,39.0,CAPE RISE,IMO7530808,KAFG,70,5,197,32,10.0,,A
357928000,2020-08-21T20:47:44,37.07426,-76.09903,12.3,328.8,329.0,ROYAL KNIGHT,IMO9552355,3FMB9,70,0,196,32,12.7,70,A
477196100,2020-08-21T20:52:05,37.19433,-76.13289,0.7,234.6,311.0,DARYA MA,IMO9591674,VRJH5,70,1,229,32,14.5,,A
538002652,2020-08-21T20:51:51,36.87943,-76.32643,0.0,95.0,276.0,NAIAS,IMO9330800,V7KN8,70,5,225,32,14.0,70,A
367822000,2020-08-21T20:50:56,36.97305,-76.43390,0.0,0.0,238.0,USNS SHUGHART,IMO7825394,NAOQ,70,5,276,32,13.0,70,A
538002652,2020-08-21T20:57:49,36.87945,-76.32648,0.0,346.0,276.0,NAIAS,IMO9330800,V7KN8,70,5,225,32,14.0,70,A
538002953,2020-08-21T20:52:38,36.87755,-76.34991,0.0,193.8,347.0,SCT SANTIAGO,IMO9302566,V7NF7,70,5,294,32,13.5,71,A
538004202,2020-08-21T20:53:05,36.91535,-76.33897,0.8,204.8,233.0,MOL MISSION,IMO9475650,V7VS5,70,0,301,43,14.2,,A
367861000,2020-08-21T20:48:01,36.94638,-76.32995,0.0,0.0,265.0,LARAMIE,IMO8906626,NLAR,80,5,193,29,,,A
367821000,2020-08-21T20:48:39,36.97284,-76.43364,0.0,0.0,511.0,YANO,IMO7825409,NAQH,70,0,276,32,13.0,70,A
367359930,2020-08-21T20:49:22,36.82406,-76.28905,0.0,285.8,511.0,SUNNY WILLIAMS,,WDE4940,80,0,25,8,,80,A
355919000,2020-08-21T20:41:49,36.87384,-76.34898,0.0,257.1,347.0,MSC MARIA ELENA,IMO9304423,3EGR2,70,0,336,45,15.0,71,A
538005042,2020-08-21T20:48:31,36.92759,-76.32992,0.0,355.0,355.0,NILEDUTCH OSPREY,IMO9365829,V7AP5,70,5,182,28,11.0,71,A
367821000,2020-08-21T20:44:09,36.97284,-76.43364,0.0,0.0,511.0,YANO,IMO7825409,NAQH,70,0,276,32,13.0,70,A
367932000,2020-08-21T20:48:08,36.94917,-76.32968,0.0,107.0,279.0,JOHN LENTHALL,IMO8325547,NJLN,80,5,193,29,,,A
357928000,2020-08-21T20:59:24,37.10957,-76.12411,12.7,331.4,331.0,ROYAL KNIGHT,IMO9552355,3FMB9,70,0,196,32,12.7,70,A
367359930,2020-08-21T20:43:22,36.82407,-76.28901,0.0,298.4,511.0,SUNNY WILLIAMS,,WDE4940,80,0,25,8,,80,A
367821000,2020-08-21T20:50:30,36.97284,-76.43364,0.0,0.0,511.0,YANO,IMO7825409,NAQH,70,0,276,32,13.0,70,A
538002953,2020-08-21T20:43:39,36.87756,-76.34989,0.0,283.7,347.0,SCT SANTIAGO,IMO9302566,V7NF7,70,5,294,32,13.5,71,A
368026000,2020-08-21T21:00:21,36.86576,-76.31603,0.0,270.5,2.0,BENAVIDEZ,IMO9218210,NBHG,70,5,289,32,10.9,70,A
357928000,2020-08-21T20:45:54,37.06888,-76.09494,12.3,328.5,328.0,ROYAL KNIGHT,IMO9552355,3FMB9,70,0,196,32,12.7,70,A
367821000,2020-08-21T21:00:09,36.97291,-76.43354,0.0,0.0,511.0,YANO,IMO7825409,NAQH,70,0,276,32,13.0,70,A
367861000,2020-08-21T20:51:01,36.94637,-76.32980,0.0,0.0,265.0,LARAMIE,IMO8906626,NLAR,80,5,193,29,,,A
357928000,2020-08-21T21:00:03,37.11155,-76.12547,12.7,331.5,331.0,ROYAL KNIGHT,IMO9552355,3FMB9,70,0,196,32,12.7,70,A
538004202,2020-08-21T21:00:04,36.91495,-76.33593,2.5,106.3,292.0,MOL MISSION,IMO9475650,V7VS5,70,0,301,43,14.2,,A
538004202,2020-08-21T20:47:55,36.91837,-76.33848,3.2,183.4,179.0,MOL MISSION,IMO9475650,V7VS5,70,0,301,43,14.2,,A
538005042,2020-08-21T21:00:38,36.92759,-76.32991,0.1,85.0,355.0,NILEDUTCH OSPREY,IMO9365829,V7AP5,70,5,182,28,11.0,71,A
367359930,2020-08-21T21:01:02,36.82406,-76.28903,0.0,307.6,511.0,SUNNY WILLIAMS,,WDE4940,80,0,25,8,,80,A
215677000,2020-08-21T20:55:57,36.96292,-76.42421,0.0,256.1,39.0,RIZE,IMO9584035,9HA2781,70,5,229,32,14.5,,A
367821000,2020-08-21T20:51:39,36.97284,-76.43364,0.0,0.0,511.0,YANO,IMO7825409,NAQH,70,0,276,32,13.0,70,A
367821000,2020-08-21T20:54:30,36.97284,-76.43364,0.0,0.0,511.0,YANO,IMO7825409,NAQH,70,0,276,32,13.0,70,A
355919000,2020-08-21T20:53:00,36.87385,-76.34896,0.0,257.1,347.0,MSC MARIA ELENA,IMO9304423,3EGR2,70,0,336,45,15.0,71,A
366842000,2020-08-21T20:56:27,36.85377,-76.31118,0.0,209.9,43.0,CAPE RACE,IMO7616377,KAFJ,70,5,197,32,10.0,35,A
366842000,2020-08-21T21:02:26,36.85381,-76.31120,0.0,209.9,44.0,CAPE RACE,IMO7616377,KAFJ,70,5,197,32,10.0,35,A
355919000,2020-08-21T20:50:30,36.87386,-76.34899,0.0,238.7,347.0,MSC MARIA ELENA,IMO9304423,3EGR2,70,0,336,45,15.0,71,A
538004202,2020-08-21T20:49:05,36.91741,-76.33857,2.7,185.9,178.0,MOL MISSION,IMO9475650,V7VS5,70,0,301,43,14.2,,A
538002953,2020-08-21T21:01:38,36.87757,-76.34990,0.0,238.8,347.0,SCT SANTIAGO,IMO9302566,V7NF7,70,5,294,32,13.5,71,A
366839000,2020-08-21T21:01:16,36.85347,-76.31082,0.0,0.0,40.0,CAPE RISE,IMO7530808,KAFG,70,5,197,32,10.0,,A
367822000,2020-08-21T20:47:54,36.97305,-76.43389,0.0,0.0,238.0,USNS SHUGHART,IMO7825394,NAOQ,70,5,276,32,13.0,70,A
538002652,2020-08-21T20:48:50,36.87943,-76.32642,0.0,95.0,276.0,NAIAS,IMO9330800,V7KN8,70,5,225,32,14.0,70,A
366842000,2020-08-21T20:53:27,36.85381,-76.31119,0.0,209.9,43.0,CAPE RACE,IMO7616377,KAFJ,70,5,197,32,10.0,35,A
357928000,2020-08-21T20:55:34,37.09777,-76.11597,12.5,329.7,330.0,ROYAL KNIGHT,IMO9552355,3FMB9,70,0,196,32,12.7,70,A
538005042,2020-08-21T21:03:39,36.92759,-76.32991,0.0,355.0,355.0,NILEDUTCH OSPREY,IMO9365829,V7AP5,70,5,182,28,11.0,71,A
367359930,2020-08-21T21:03:22,36.82406,-76.28903,0.0,309.9,511.0,SUNNY WILLIAMS,,WDE4940,80,0,25,8,,80,A
538002953,2020-08-21T20:58:39,36.87758,-76.34996,0.0,0.0,347.0,SCT SANTIAGO,IMO9302566,V7NF7,70,5,294,32,13.5,71,A
367359930,2020-08-21T20:51:52,36.82406,-76.28904,0.0,284.4,511.0,SUNNY WILLIAMS,,WDE4940,80,0,25,8,,80,A
215677000,2020-08-21T20:58:57,36.96291,-76.42418,0.0,256.1,40.0,RIZE,IMO9584035,9HA2781,70,5,229,32,14.5,,A
477196100,2020-08-21T20:55:03,37.19408,-76.13345,0.5,249.8,329.0,DARYA MA,IMO9591674,VRJH5,70,1,229,32,14.5,,A
477196100,2020-08-21T20:49:01,37.19478,-76.13229,0.8,216.2,292.0,DARYA MA,IMO9591674,VRJH5,70,1,229,32,14.5,,A
355919000,2020-08-21T21:03:09,36.87385,-76.34896,0.0,257.1,347.0,MSC MARIA ELENA,IMO9304423,3EGR2,70,0,336,45,15.0,71,A
367861000,2020-08-21T21:00:01,36.94633,-76.32981,0.0,0.0,265.0,LARAMIE,IMO8906626,NLAR,80,5,193,29,,,A
357928000,2020-08-21T21:04:34,37.12558,-76.13520,12.8,331.0,331.0,ROYAL KNIGHT,IMO9552355,3FMB9,70,0,196,32,12.7,70,A
366842000,2020-08-21T20:50:24,36.85378,-76.31119,0.0,209.9,43.0,CAPE RACE,IMO7616377,KAFJ,70,5,197,32,10.0,35,A
367822000,2020-08-21T20:59:55,36.97304,-76.43391,0.0,0.0,238.0,USNS SHUGHART,IMO7825394,NAOQ,70,5,276,32,13.0,70,A
357928000,2020-08-21T20:58:14,37.10594,-76.12163,12.6,330.8,331.0,ROYAL KNIGHT,IMO9552355,3FMB9,70,0,196,32,12.7,70,A
357928000,2020-08-21T20:52:13,37.08765,-76.10873,12.4,329.6,330.0,ROYAL KNIGHT,IMO9552355,3FMB9,70,0,196,32,12.7,70,A
538002652,2020-08-21T21:03:52,36.87947,-76.32637,0.0,346.0,276.0,NAIAS,IMO9330800,V7KN8,70,5,225,32,14.0,70,A
477196100,2020-08-21T21:04:06,37.19412,-76.13422,0.1,303.7,16.0,DARYA MA,IMO9591674,VRJH5,70,1,229,32,14.5,,A
368026000,2020-08-21T20:51:20,36.86576,-76.31602,0.0,270.5,2.0,BENAVIDEZ,IMO9218210,NBHG,70,5,289,32,10.9,70,A
367821000,2020-08-21T21:01:20,36.97288,-76.43354,0.0,0.0,511.0,YANO,IMO7825409,NAQH,70,0,276,32,13.0,70,A
367359930,2020-08-21T21:02:11,36.82406,-76.28904,0.0,311.4,511.0,SUNNY WILLIAMS,,WDE4940,80,0,25,8,,80,A
355919000,2020-08-21T20:55:21,36.87385,-76.34898,0.0,257.1,347.0,MSC MARIA ELENA,IMO9304423,3EGR2,70,0,336,45,15.0,71,A
368026000,2020-08-21T20:54:21,36.86576,-76.31602,0.0,270.5,2.0,BENAVIDEZ,IMO9218210,NBHG,70,5,289,32,10.9,70,A
538004202,2020-08-21T20:59:04,36.91511,-76.33674,2.2,102.8,289.0,MOL MISSION,IMO9475650,V7VS5,70,0,301,43,14.2,,A
538005042,2020-08-21T20:57:34,36.92759,-76.32991,0.0,355.0,355.0,NILEDUTCH OSPREY,IMO9365829,V7AP5,70,5,182,28,11.0,71,A
366839000,2020-08-21T20:52:15,36.85348,-76.31085,0.0,0.0,40.0,CAPE RISE,IMO7530808,KAFG,70,5,197,32,10.0,,A
367821000,2020-08-21T21:05:59,36.97289,-76.43359,0.0,0.0,511.0,YANO,IMO7825409,NAQH,70,0,276,32,13.0,70,A
538002953,2020-08-21T20:55:38,36.87758,-76.34996,0.0,212.2,347.0,SCT SANTIAGO,IMO9302566,V7NF7,70,5,294,32,13.5,71,A
538002652,2020-08-21T21:06:50,36.87945,-76.32645,0.0,346.0,276.0,NAIAS,IMO9330800,V7KN8,70,5,225,32,14.0,70,A
367359930,2020-08-21T20:59:22,36.82406,-76.28903,0.0,294.9,511.0,SUNNY WILLIAMS,,WDE4940,80,0,25,8,,80,A
367861000,2020-08-21T21:06:01,36.94638,-76.32980,0.0,0.0,265.0,LARAMIE,IMO8906626,NLAR,80,5,193,29,,,A
367359930,2020-08-21T21:06:52,36.82406,-76.28903,0.0,295.3,511.0,SUNNY WILLIAMS,,WDE4940,80,0,25,8,,80,A
367359930,2020-08-21T21:00:01,36.82406,-76.28904,0.0,297.9,511.0,SUNNY WILLIAMS,,WDE4940,80,0,25,8,,80,A
366839000,2020-08-21T21:07:17,36.85354,-76.31079,0.0,0.0,40.0,CAPE RISE,IMO7530808,KAFG,70,5,197,32,10.0,,A
367821000,2020-08-21T21:07:10,36.97288,-76.43359,0.0,0.0,511.0,YANO,IMO7825409,NAQH,70,0,276,32,13.0,70,A
355919000,2020-08-21T21:07:59,36.87384,-76.34897,0.0,212.1,347.0,MSC MARIA ELENA,IMO9304423,3EGR2,70,0,336,45,15.0,71,A
367821000,2020-08-21T20:59:59,36.97291,-76.43354,0.0,0.0,511.0,YANO,IMO7825409,NAQH,70,0,276,32,13.0,70,A
366839000,2020-08-21T20:58:15,36.85350,-76.31077,0.0,0.0,40.0,CAPE RISE,IMO7530808,KAFG,70,5,197,32,10.0,,A
538004202,2020-08-21T20:57:34,36.91528,-76.33780,1.8,94.7,284.0,MOL MISSION,IMO9475650,V7VS5,70,0,301,43,14.2,,A
477196100,2020-08-21T20:58:06,37.19399,-76.13394,0.4,267.0,350.0,DARYA MA,IMO9591674,VRJH5,70,1,229,32,14.5,,A
215677000,2020-08-21T21:08:00,36.96291,-76.42420,0.0,256.1,40.0,RIZE,IMO9584035,9HA2781,70,5,229,32,14.5,,A
366842000,2020-08-21T20:59:26,36.85381,-76.31118,0.0,209.9,44.0,CAPE RACE,IMO7616377,KAFJ,70,5,197,32,10.0,35,A
357928000,2020-08-21T21:05:43,37.12920,-76.13771,12.8,330.8,331.0,ROYAL KNIGHT,IMO9552355,3FMB9,70,0,196,32,12.7,70,A
367861000,2020-08-21T20:57:00,36.94637,-76.32980,0.0,0.0,265.0,LARAMIE,IMO8906626,NLAR,80,5,193,29,,,A
367821000,2020-08-21T20:57:09,36.97284,-76.43364,0.0,0.0,511.0,YANO,IMO7825409,NAQH,70,0,276,32,13.0,70,A
355919000,2020-08-21T21:00:49,36.87384,-76.34897,0.0,257.1,347.0,MSC MARIA ELENA,IMO9304423,3EGR2,70,0,336,45,15.0,71,A
538004202,2020-08-21T21:02:24,36.91442,-76.33393,2.5,113.0,297.0,MOL MISSION,IMO9475650,V7VS5,70,0,301,43,14.2,,A
357928000,2020-08-21T21:06:54,37.13290,-76.14030,12.8,330.6,331.0,ROYAL KNIGHT,IMO9552355,3FMB9,70,0,196,32,12.7,70,A
367821000,2020-08-21T21:08:19,36.97289,-76.43360,0.0,0.0,511.0,YANO,IMO7825409,NAQH,70,0,276,32,13.0,70,A
538004202,2020-08-21T21:09:24,36.91207,-76.32897,1.7,129.8,328.0,MOL MISSION,IMO9475650,V7VS5,70,0,301,43,14.2,,A
355919000,2020-08-21T21:09:09,36.87387,-76.34896,0.0,212.1,347.0,MSC MARIA ELENA,IMO9304423,3EGR2,70,0,336,45,15.0,71,A
538005042,2020-08-21T21:09:41,36.92759,-76.32991,0.0,355.0,355.0,NILEDUTCH OSPREY,IMO9365829,V7AP5,70,5,182,28,11.0,71,A
355919000,2020-08-21T20:59:40,36.87386,-76.34898,0.0,257.1,347.0,MSC MARIA ELENA,IMO9304423,3EGR2,70,0,336,45,15.0,71,A
477196100,2020-08-21T21:10:07,37.19425,-76.13412,0.0,303.7,16.0,DARYA MA,IMO9591674,VRJH5,70,1,229,32,14.5,,A
215677000,2020-08-21T21:01:57,36.96291,-76.42418,0.0,256.1,40.0,RIZE,IMO9584035,9HA2781,70,5,229,32,14.5,,A
357928000,2020-08-21T21:02:24,37.11887,-76.13053,12.7,330.8,331.0,ROYAL KNIGHT,IMO9552355,3FMB9,70,0,196,32,12.7,70,A
538002953,2020-08-21T21:10:38,36.87758,-76.34995,0.0,333.3,347.0,SCT SANTIAGO,IMO9302566,V7NF7,70,5,294,32,13.5,71,A
367359930,2020-08-21T21:10:33,36.82405,-76.28904,0.0,286.1,511.0,SUNNY WILLIAMS,,WDE4940,80,0,25,8,,80,A
367822000,2020-08-21T21:02:56,36.97304,-76.43391,0.0,0.0,238.0,USNS SHUGHART,IMO7825394,NAOQ,70,5,276,32,13.0,70,A
538002652,2020-08-21T21:00:53,36.87945,-76.32650,0.0,346.0,276.0,NAIAS,IMO9330800,V7KN8,70,5,225,32,14.0,70,A
368026000,2020-08-21T21:03:21,36.86576,-76.31603,0.0,270.5,2.0,BENAVIDEZ,IMO9218210,NBHG,70,5,289,32,10.9,70,A
367932000,2020-08-21T21:00:07,36.94916,-76.32975,0.0,107.0,279.0,JOHN LENTHALL,IMO8325547,NJLN,80,5,193,29,,,A
355919000,2020-08-21T21:10:49,36.87384,-76.34896,0.0,257.1,347.0,MSC MARIA ELENA,IMO9304423,3EGR2,70,0,336,45,15.0,71,A
367821000,2020-08-21T21:12:00,36.97289,-76.43360,0.0,0.0,511.0,YANO,IMO7825409,NAQH,70,0,276,32,13.0,70,A
367822000,2020-08-21T21:11:55,36.97304,-76.43390,0.0,0.0,238.0,USNS SHUGHART,IMO7825394,NAOQ,70,5,276,32,13.0,70,A
366842000,2020-08-21T21:11:24,36.85379,-76.31117,0.0,209.9,44.0,CAPE RACE,IMO7616377,KAFJ,70,5,197,32,10.0,35,A
355919000,2020-08-21T21:02:00,36.87385,-76.34897,0.0,257.1,347.0,MSC MARIA ELENA,IMO9304423,3EGR2,70,0,336,45,15.0,71,A
355919000,2020-08-21T21:04:19,36.87385,-76.34895,0.0,257.1,347.0,MSC MARIA ELENA,IMO9304423,3EGR2,70,0,336,45,15.0,71,A
367359930,2020-08-21T21:05:42,36.82405,-76.28903,0.0,297.0,511.0,SUNNY WILLIAMS,,WDE4940,80,0,25,8,,80,A
367821000,2020-08-21T21:02:30,36.97288,-76.43356,0.0,0.0,511.0,YANO,IMO7825409,NAQH,70,0,276,32,13.0,70,A
367821000,2020-08-21T21:04:49,36.97290,-76.43358,0.0,0.0,511.0,YANO,IMO7825409,NAQH,70,0,276,32,13.0,70,A
368026000,2020-08-21T21:06:21,36.86577,-76.31605,0.0,270.5,2.0,BENAVIDEZ,IMO9218210,NBHG,70,5,289,32,10.9,70,A
367932000,2020-08-21T21:03:08,36.94917,-76.32971,0.0,107.0,279.0,JOHN LENTHALL,IMO8325547,NJLN,80,5,193,29,,,A
357928000,2020-08-21T21:11:35,37.14784,-76.14901,12.6,348.6,350.0,ROYAL KNIGHT,IMO9552355,3FMB9,70,0,196,32,12.7,70,A
355919000,2020-08-21T21:13:30,36.87386,-76.34894,0.0,167.2,347.0,MSC MARIA ELENA,IMO9304423,3EGR2,70,0,336,45,15.0,71,A
366842000,2020-08-21T21:05:27,36.85381,-76.31117,0.0,209.9,44.0,CAPE RACE,IMO7616377,KAFJ,70,5,197,32,10.0,35,A
477196100,2020-08-21T21:07:06,37.19418,-76.13414,0.1,303.7,17.0,DARYA MA,IMO9591674,VRJH5,70,1,229,32,14.5,,A
357928000,2020-08-21T21:03:25,37.12199,-76.13269,12.8,330.7,331.0,ROYAL KNIGHT,IMO9552355,3FMB9,70,0,196,32,12.7,70,A
367359930,2020-08-21T21:11:52,36.82405,-76.28902,0.0,286.0,511.0,SUNNY WILLIAMS,,WDE4940,80,0,25,8,,80,A
367821000,2020-08-21T21:03:39,36.97288,-76.43357,0.0,0.0,511.0,YANO,IMO7825409,NAQH,70,0,276,32,13.0,70,A
538004202,2020-08-21T21:03:35,36.91407,-76.33294,2.6,114.1,298.0,MOL MISSION,IMO9475650,V7VS5,70,0,301,43,14.2,,A
538004202,2020-08-21T21:11:55,36.91163,-76.32819,0.6,122.0,346.0,MOL MISSION,IMO9475650,V7VS5,70,0,301,43,14.2,,A
215677000,2020-08-21T21:13:59,36.96290,-76.42419,0.0,256.1,40.0,RIZE,IMO9584035,9HA2781,70,5,229,32,14.5,,A
538002953,2020-08-21T21:04:38,36.87756,-76.34993,0.0,320.7,347.0,SCT SANTIAGO,IMO9302566,V7NF7,70,5,294,32,13.5,71,A
357928000,2020-08-21T21:13:54,37.15597,-76.15038,12.7,355.8,354.0,ROYAL KNIGHT,IMO9552355,3FMB9,70,0,196,32,12.7,70,A
366842000,2020-08-21T21:14:30,36.85380,-76.31121,0.0,209.9,44.0,CAPE RACE,IMO7616377,KAFJ,70,5,197,32,10.0,35,A
367359930,2020-08-21T21:04:31,36.82405,-76.28903,0.0,305.8,511.0,SUNNY WILLIAMS,,WDE4940,80,0,25,8,,80,A
538004202,2020-08-21T21:14:35,36.91128,-76.32775,0.4,134.4,349.0,MOL MISSION,IMO9475650,V7VS5,70,0,301,43,14.2,,A
368026000,2020-08-21T21:12:20,36.86576,-76.31605,0.0,270.5,2.0,BENAVIDEZ,IMO9218210,NBHG,70,5,289,32,10.9,70,A
538004202,2020-08-21T21:08:15,36.91243,-76.32954,1.9,129.1,321.0,MOL MISSION,IMO9475650,V7VS5,70,0,301,43,14.2,,A
538004202,2020-08-21T21:15:44,36.91124,-76.32767,0.2,79.3,351.0,MOL MISSION,IMO9475650,V7VS5,70,0,301,43,14.2,,A
538005042,2020-08-21T21:06:41,36.92759,-76.32991,0.0,355.0,355.0,NILEDUTCH OSPREY,IMO9365829,V7AP5,70,5,182,28,11.0,71,A
367932000,2020-08-21T21:15:07,36.94915,-76.32970,0.0,107.0,279.0,JOHN LENTHALL,IMO8325547,NJLN,80,5,193,29,,,A
367821000,2020-08-21T21:15:29,36.97289,-76.43360,0.0,0.0,511.0,YANO,IMO7825409,NAQH,70,0,276,32,13.0,70,A
538002652,2020-08-21T21:15:50,36.87943,-76.32648,0.0,346.0,276.0,NAIAS,IMO9330800,V7KN8,70,5,225,32,14.0,70,A
215677000,2020-08-21T21:04:54,36.96292,-76.42419,0.0,256.1,40.0,RIZE,IMO9584035,9HA2781,70,5,229,32,14.5,,A
538005042,2020-08-21T21:15:41,36.92759,-76.32992,0.0,355.0,355.0,NILEDUTCH OSPREY,IMO9365829,V7AP5,70,5,182,28,11.0,71,A
368026000,2020-08-21T21:15:21,36.86576,-76.31604,0.0,270.5,2.0,BENAVIDEZ,IMO9218210,NBHG,70,5,289,32,10.9,70,A
367861000,2020-08-21T21:09:01,36.94634,-76.32983,0.0,0.0,265.0,LARAMIE,IMO8906626,NLAR,80,5,193,29,,,A
367821000,2020-08-21T21:09:29,36.97289,-76.43360,0.0,0.0,511.0,YANO,IMO7825409,NAQH,70,0,276,32,13.0,70,A
368026000,2020-08-21T21:09:21,36.86577,-76.31604,0.0,270.5,2.0,BENAVIDEZ,IMO9218210,NBHG,70,5,289,32,10.9,70,A
357928000,2020-08-21T21:17:35,37.16902,-76.15199,12.9,353.9,353.0,ROYAL KNIGHT,IMO9552355,3FMB9,70,0,196,32,12.7,70,A
367359930,2020-08-21T21:09:13,36.82404,-76.28903,0.0,287.9,511.0,SUNNY WILLIAMS,,WDE4940,80,0,25,8,,80,A
367932000,2020-08-21T21:09:08,36.94909,-76.32987,0.0,107.0,279.0,JOHN LENTHALL,IMO8325547,NJLN,80,5,193,29,,,A
366839000,2020-08-21T21:10:13,36.85351,-76.31080,0.0,0.0,40.0,CAPE RISE,IMO7530808,KAFG,70,5,197,32,10.0,,A
357928000,2020-08-21T21:09:15,37.14020,-76.14539,12.8,330.2,332.0,ROYAL KNIGHT,IMO9552355,3FMB9,70,0,196,32,12.7,70,A
357928000,2020-08-21T21:10:23,37.14385,-76.14767,12.6,337.5,343.0,ROYAL KNIGHT,IMO9552355,3FMB9,70,0,196,32,12.7,70,A
538004202,2020-08-21T21:07:04,36.91289,-76.33022,2.2,127.7,309.0,MOL MISSION,IMO9475650,V7VS5,70,0,301,43,14.2,,A
357928000,2020-08-21T21:15:04,37.16005,-76.15084,12.8,355.6,353.0,ROYAL KNIGHT,IMO9552355,3FMB9,70,0,196,32,12.7,70,A
538004202,2020-08-21T21:10:44,36.91176,-76.32846,1.0,117.9,339.0,MOL MISSION,IMO9475650,V7VS5,70,0,301,43,14.2,,A
367861000,2020-08-21T21:17:59,36.94634,-76.32977,0.0,0.0,265.0,LARAMIE,IMO8906626,NLAR,80,5,193,29,,,A
357928000,2020-08-21T21:08:04,37.13654,-76.14283,12.8,331.3,331.0,ROYAL KNIGHT,IMO9552355,3FMB9,70,0,196,32,12.7,70,A
215677000,2020-08-21T21:10:57,36.96292,-76.42418,0.0,256.1,40.0,RIZE,IMO9584035,9HA2781,70,5,229,32,14.5,,A
367359930,2020-08-21T21:15:31,36.82403,-76.28904,0.0,298.6,511.0,SUNNY WILLIAMS,,WDE4940,80,0,25,8,,80,A
367359930,2020-08-21T21:08:03,36.82404,-76.28902,0.0,289.0,511.0,SUNNY WILLIAMS,,WDE4940,80,0,25,8,,80,A
538002652,2020-08-21T21:18:52,36.87948,-76.32642,0.0,346.0,276.0,NAIAS,IMO9330800,V7KN8,70,5,225,32,14.0,70,A
366842000,2020-08-21T21:08:29,36.85382,-76.31114,0.0,209.9,44.0,CAPE RACE,IMO7616377,KAFJ,70,5,197,32,10.0,35,A
367821000,2020-08-21T21:13:10,36.97289,-76.43360,0.0,0.0,511.0,YANO,IMO7825409,NAQH,70,0,276,32,13.0,70,A
357928000,2020-08-21T21:19:13,37.17486,-76.15282,12.9,353.4,353.0,ROYAL KNIGHT,IMO9552355,3FMB9,70,0,196,32,12.7,70,A
215677000,2020-08-21T21:19:57,36.96291,-76.42420,0.0,256.1,40.0,RIZE,IMO9584035,9HA2781,70,5,229,32,14.5,,A
355919000,2020-08-21T21:20:01,36.87385,-76.34897,0.0,167.2,347.0,MSC MARIA ELENA,IMO9304423,3EGR2,70,0,336,45,15.0,71,A
355919000,2020-08-21T21:12:19,36.87385,-76.34896,0.0,167.2,347.0,MSC MARIA ELENA,IMO9304423,3EGR2,70,0,336,45,15.0,71,A
538004202,2020-08-21T21:17:16,36.91128,-76.32765,0.0,20.2,352.0,MOL MISSION,IMO9475650,V7VS5,70,0,301,43,14.2,,A
367861000,2020-08-21T21:12:01,36.94637,-76.32973,0.0,0.0,265.0,LARAMIE,IMO8906626,NLAR,80,5,193,29,,,A
215677000,2020-08-21T21:16:58,36.96291,-76.42421,0.0,256.1,40.0,RIZE,IMO9584035,9HA2781,70,5,229,32,14.5,,A
538002652,2020-08-21T21:12:52,36.87945,-76.32643,0.0,346.0,276.0,NAIAS,IMO9330800,V7KN8,70,5,225,32,14.0,70,A
355919000,2020-08-21T21:21:09,36.87386,-76.34898,0.0,167.2,347.0,MSC MARIA ELENA,IMO9304423,3EGR2,70,0,336,45,15.0,71,A
366842000,2020-08-21T21:20:31,36.85382,-76.31116,0.0,209.9,43.0,CAPE RACE,IMO7616377,KAFJ,70,5,197,32,10.0,35,A
477196100,2020-08-21T21:13:06,37.19425,-76.13416,0.1,303.7,17.0,DARYA MA,IMO9591674,VRJH5,70,1,229,32,14.5,,A
368026000,2020-08-21T21:21:21,36.86576,-76.31604,0.0,270.5,2.0,BENAVIDEZ,IMO9218210,NBHG,70,5,289,32,10.9,70,A
367359930,2020-08-21T21:21:51,36.82405,-76.28904,0.0,297.1,511.0,SUNNY WILLIAMS,,WDE4940,80,0,25,8,,80,A
367359930,2020-08-21T21:13:02,36.82403,-76.28902,0.0,293.1,511.0,SUNNY WILLIAMS,,WDE4940,80,0,25,8,,80,A
538002652,2020-08-21T21:09:50,36.87947,-76.32642,0.0,346.0,276.0,NAIAS,IMO9330800,V7KN8,70,5,225,32,14.0,70,A
538004202,2020-08-21T21:18:25,36.91128,-76.32765,0.1,20.2,353.0,MOL MISSION,IMO9475650,V7VS5,70,0,301,43,14.2,,A
367861000,2020-08-21T21:20:59,36.94639,-76.32981,0.0,0.0,265.0,LARAMIE,IMO8906626,NLAR,80,5,193,29,,,A
355919000,2020-08-21T21:18:49,36.87384,-76.34897,0.0,212.1,347.0,MSC MARIA ELENA,IMO9304423,3EGR2,70,0,336,45,15.0,71,A
367932000,2020-08-21T21:21:09,36.94919,-76.32966,0.0,107.0,279.0,JOHN LENTHALL,IMO8325547,NJLN,80,5,193,29,,,A
366839000,2020-08-21T21:22:15,36.85350,-76.31081,0.0,0.0,39.0,CAPE RISE,IMO7530808,KAFG,70,5,197,32,10.0,,A
367861000,2020-08-21T21:15:01,36.94640,-76.32973,0.0,0.0,265.0,LARAMIE,IMO8906626,NLAR,80,5,193,29,,,A
477196100,2020-08-21T21:16:06,37.19420,-76.13421,0.1,303.7,18.0,DARYA MA,IMO9591674,VRJH5,70,1,229,32,14.5,,A
215677000,2020-08-21T21:23:00,36.96292,-76.42419,0.0,256.1,40.0,RIZE,IMO9584035,9HA2781,70,5,229,32,14.5,,A
538002953,2020-08-21T21:16:39,36.87760,-76.34993,0.0,238.9,347.0,SCT SANTIAGO,IMO9302566,V7NF7,70,5,294,32,13.5,71,A
367359930,2020-08-21T21:23:03,36.82405,-76.28906,0.0,296.8,511.0,SUNNY WILLIAMS,,WDE4940,80,0,25,8,,80,A
357928000,2020-08-21T21:16:25,37.16491,-76.15144,12.9,354.4,353.0,ROYAL KNIGHT,IMO9552355,3FMB9,70,0,196,32,12.7,70,A
538002953,2020-08-21T21:19:39,36.87761,-76.34995,0.0,167.4,347.0,SCT SANTIAGO,IMO9302566,V7NF7,70,5,294,32,13.5,71,A
538002953,2020-08-21T21:22:39,36.87764,-76.34992,0.0,257.3,347.0,SCT SANTIAGO,IMO9302566,V7NF7,70,5,294,32,13.5,71,A
367359930,2020-08-21T21:24:11,36.82406,-76.28906,0.0,293.3,511.0,SUNNY WILLIAMS,,WDE4940,80,0,25,8,,80,A
367821000,2020-08-21T21:23:40,36.97288,-76.43360,0.0,0.0,511.0,YANO,IMO7825409,NAQH,70,0,276,32,13.0,70,A
367821000,2020-08-21T21:20:20,36.97288,-76.43360,0.0,0.0,511.0,YANO,IMO7825409,NAQH,70,0,276,32,13.0,70,A
355919000,2020-08-21T21:24:51,36.87381,-76.34897,0.0,193.7,347.0,MSC MARIA ELENA,IMO9304423,3EGR2,70,0,336,45,15.0,71,A
538002652,2020-08-21T21:24:52,36.87953,-76.32633,0.0,346.0,276.0,NAIAS,IMO9330800,V7KN8,70,5,225,32,14.0,70,A
366842000,2020-08-21T21:23:29,36.85382,-76.31122,0.0,209.9,43.0,CAPE RACE,IMO7616377,KAFJ,70,5,197,32,10.0,35,A
367822000,2020-08-21T21:20:56,36.97308,-76.43387,0.0,0.0,238.0,USNS SHUGHART,IMO7825394,NAOQ,70,5,276,32,13.0,70,A
367822000,2020-08-21T21:23:55,36.97307,-76.43392,0.0,0.0,238.0,USNS SHUGHART,IMO7825394,NAOQ,70,5,276,32,13.0,70,A
367861000,2020-08-21T21:24:00,36.94637,-76.32980,0.0,0.0,265.0,LARAMIE,IMO8906626,NLAR,80,5,193,29,,,A
538002953,2020-08-21T21:25:39,36.87759,-76.34997,0.1,103.9,347.0,SCT SANTIAGO,IMO9302566,V7NF7,70,5,294,32,13.5,71,A
368026000,2020-08-21T21:24:20,36.86575,-76.31604,0.0,270.5,2.0,BENAVIDEZ,IMO9218210,NBHG,70,5,289,32,10.9,70,A
538002953,2020-08-21T21:13:39,36.87756,-76.34992,0.0,302.3,347.0,SCT SANTIAGO,IMO9302566,V7NF7,70,5,294,32,13.5,71,A
367821000,2020-08-21T21:18:00,36.97288,-76.43359,0.0,0.0,511.0,YANO,IMO7825409,NAQH,70,0,276,32,13.0,70,A
357928000,2020-08-21T21:26:33,37.20074,-76.14904,13.1,18.1,17.0,ROYAL KNIGHT,IMO9552355,3FMB9,70,0,196,32,12.7,70,A
366842000,2020-08-21T21:17:29,36.85379,-76.31120,0.0,209.9,43.0,CAPE RACE,IMO7616377,KAFJ,70,5,197,32,10.0,35,A
367822000,2020-08-21T21:17:56,36.97305,-76.43390,0.0,0.0,238.0,USNS SHUGHART,IMO7825394,NAOQ,70,5,276,32,13.0,70,A
367359930,2020-08-21T21:14:21,36.82404,-76.28901,0.0,296.5,511.0,SUNNY WILLIAMS,,WDE4940,80,0,25,8,,80,A
355919000,2020-08-21T21:14:40,36.87384,-76.34894,0.0,167.2,347.0,MSC MARIA ELENA,IMO9304423,3EGR2,70,0,336,45,15.0,71,A
355919000,2020-08-21T21:22:19,36.87384,-76.34898,0.0,167.2,347.0,MSC MARIA ELENA,IMO9304423,3EGR2,70,0,336,45,15.0,71,A
538004202,2020-08-21T21:26:39,36.91132,-76.32760,0.0,325.2,352.0,MOL MISSION,IMO9475650,V7VS5,70,5,301,43,14.2,,A
477196100,2020-08-21T21:25:01,37.19419,-76.13419,0.1,303.7,18.0,DARYA MA,IMO9591674,VRJH5,70,1,229,32,14.5,,A
367932000,2020-08-21T21:18:08,36.94915,-76.32970,0.0,107.0,279.0,JOHN LENTHALL,IMO8325547,NJLN,80,5,193,29,,,A
368026000,2020-08-21T21:18:21,36.86577,-76.31604,0.0,270.5,2.0,BENAVIDEZ,IMO9218210,NBHG,70,5,289,32,10.9,70,A
367359930,2020-08-21T21:25:23,36.82405,-76.28903,0.0,290.9,511.0,SUNNY WILLIAMS,,WDE4940,80,0,25,8,,80,A
357928000,2020-08-21T21:23:54,37.19156,-76.15270,12.9,14.6,15.0,ROYAL KNIGHT,IMO9552355,3FMB9,70,0,196,32,12.7,70,A
366842000,2020-08-21T21:26:32,36.85382,-76.31118,0.0,209.9,43.0,CAPE RACE,IMO7616377,KAFJ,70,5,197,32,10.0,35,A
367821000,2020-08-21T21:26:39,36.97288,-76.43360,0.0,0.0,511.0,YANO,IMO7825409,NAQH,70,0,276,32,13.0,70,A
367359930,2020-08-21T21:16:42,36.82404,-76.28903,0.0,296.9,511.0,SUNNY WILLIAMS,,WDE4940,80,0,25,8,,80,A
366839000,2020-08-21T21:16:12,36.85347,-76.31081,0.0,0.0,39.0,CAPE RISE,IMO7530808,KAFG,70,5,197,32,10.0,,A
366839000,2020-08-21T21:19:15,36.85349,-76.31084,0.0,0.0,39.0,CAPE RISE,IMO7530808,KAFG,70,5,197,32,10.0,,A
367359930,2020-08-21T21:17:52,36.82404,-76.28903,0.0,294.5,511.0,SUNNY WILLIAMS,,WDE4940,80,0,25,8,,80,A
367359930,2020-08-21T21:28:03,36.82405,-76.28903,0.0,296.1,511.0,SUNNY WILLIAMS,,WDE4940,80,0,25,8,,80,A
366839000,2020-08-21T21:28:11,36.85348,-76.31079,0.0,0.0,39.0,CAPE RISE,IMO7530808,KAFG,70,5,197,32,10.0,,A
355919000,2020-08-21T21:17:31,36.87385,-76.34897,0.0,167.2,347.0,MSC MARIA ELENA,IMO9304423,3EGR2,70,0,336,45,15.0,71,A
367932000,2020-08-21T21:24:07,36.94916,-76.32974,0.0,107.0,279.0,JOHN LENTHALL,IMO8325547,NJLN,80,5,193,29,,,A
367359930,2020-08-21T21:29:13,36.82406,-76.28903,0.0,298.3,511.0,SUNNY WILLIAMS,,WDE4940,80,0,25,8,,80,A
357928000,2020-08-21T21:29:04,37.20943,-76.14534,13.2,19.6,19.0,ROYAL KNIGHT,IMO9552355,3FMB9,70,0,196,32,12.7,70,A
366839000,2020-08-21T21:25:14,36.85352,-76.31079,0.0,0.0,39.0,CAPE RISE,IMO7530808,KAFG,70,5,197,32,10.0,,A
215677000,2020-08-21T21:29:00,36.96291,-76.42423,0.0,256.1,40.0,RIZE,IMO9584035,9HA2781,70,5,229,32,14.5,,A
215677000,2020-08-21T21:26:00,36.96290,-76.42422,0.0,256.1,40.0,RIZE,IMO9584035,9HA2781,70,5,229,32,14.5,,A
357928000,2020-08-21T21:20:25,37.17919,-76.15344,12.9,353.4,354.0,ROYAL KNIGHT,IMO9552355,3FMB9,70,0,196,32,12.7,70,A
357928000,2020-08-21T21:21:34,37.18325,-76.15389,12.9,355.3,358.0,ROYAL KNIGHT,IMO9552355,3FMB9,70,0,196,32,12.7,70,A
367821000,2020-08-21T21:21:40,36.97288,-76.43360,0.0,0.0,511.0,YANO,IMO7825409,NAQH,70,0,276,32,13.0,70,A
538002652,2020-08-21T21:21:50,36.87943,-76.32652,0.0,346.0,276.0,NAIAS,IMO9330800,V7KN8,70,5,225,32,14.0,70,A
477196100,2020-08-21T21:27:57,37.19420,-76.13418,0.0,303.7,17.0,DARYA MA,IMO9591674,VRJH5,70,1,229,32,14.5,,A
367821000,2020-08-21T21:27:50,36.97288,-76.43360,0.0,0.0,511.0,YANO,IMO7825409,NAQH,70,0,276,32,13.0,70,A
367861000,2020-08-21T21:30:01,36.94640,-76.32980,0.0,0.0,265.0,LARAMIE,IMO8906626,NLAR,80,5,193,29,,,A
538005042,2020-08-21T21:18:44,36.92759,-76.32991,0.0,355.0,355.0,NILEDUTCH OSPREY,IMO9365829,V7AP5,70,5,182,28,11.0,71,A
538005042,2020-08-21T21:30:51,36.92759,-76.32992,0.0,355.0,355.0,NILEDUTCH OSPREY,IMO9365829,V7AP5,70,5,182,28,11.0,71,A
477196100,2020-08-21T21:18:57,37.19419,-76.13421,0.0,303.7,18.0,DARYA MA,IMO9591674,VRJH5,70,1,229,32,14.5,,A
477196100,2020-08-21T21:31:00,37.19417,-76.13416,0.0,303.7,17.0,DARYA MA,IMO9591674,VRJH5,70,1,229,32,14.5,,A
538004202,2020-08-21T21:20:04,36.91128,-76.32765,0.1,20.2,352.0,MOL MISSION,IMO9475650,V7VS5,70,0,301,43,14.2,,A
367822000,2020-08-21T21:29:55,36.97308,-76.43390,0.0,0.0,238.0,USNS SHUGHART,IMO7825394,NAOQ,70,5,276,32,13.0,70,A
538002652,2020-08-21T21:30:50,36.87945,-76.32655,0.0,56.0,276.0,NAIAS,IMO9330800,V7KN8,70,5,225,32,14.0,70,A
367359930,2020-08-21T21:20:22,36.82406,-76.28904,0.0,299.2,511.0,SUNNY WILLIAMS,,WDE4940,80,0,25,8,,80,A
355919000,2020-08-21T21:29:49,36.87384,-76.34897,0.0,167.2,347.0,MSC MARIA ELENA,IMO9304423,3EGR2,70,0,336,45,15.0,71,A
366839000,2020-08-21T21:31:13,36.85348,-76.31079,0.0,0.0,39.0,CAPE RISE,IMO7530808,KAFG,70,5,197,32,10.0,,A
538004202,2020-08-21T21:21:15,36.91132,-76.32766,0.0,325.2,353.0,MOL MISSION,IMO9475650,V7VS5,70,5,301,43,14.2,,A
357928000,2020-08-21T21:32:23,37.22098,-76.14036,13.2,18.1,17.0,ROYAL KNIGHT,IMO9552355,3FMB9,70,0,196,32,12.7,70,A
367821000,2020-08-21T21:24:50,36.97288,-76.43360,0.0,0.0,511.0,YANO,IMO7825409,NAQH,70,0,276,32,13.0,70,A
367932000,2020-08-21T21:33:08,36.94914,-76.32963,0.0,107.0,279.0,JOHN LENTHALL,IMO8325547,NJLN,80,5,193,29,,,A
357928000,2020-08-21T21:25:04,37.19555,-76.15120,13.0,17.2,17.0,ROYAL KNIGHT,IMO9552355,3FMB9,70,0,196,32,12.7,70,A
367359930,2020-08-21T21:32:22,36.82403,-76.28900,0.0,303.3,511.0,SUNNY WILLIAMS,,WDE4940,80,0,25,8,,80,A
355919000,2020-08-21T21:33:30,36.87385,-76.34897,0.0,167.2,347.0,MSC MARIA ELENA,IMO9304423,3EGR2,70,0,336,45,15.0,71,A
538002953,2020-08-21T21:31:39,36.87759,-76.34997,0.0,333.3,347.0,SCT SANTIAGO,IMO9302566,V7NF7,70,5,294,32,13.5,71,A
366842000,2020-08-21T21:32:33,36.85379,-76.31114,0.0,209.9,42.0,CAPE RACE,IMO7616377,KAFJ,70,5,197,32,10.0,35,A
357928000,2020-08-21T21:22:44,37.18743,-76.15381,12.8,5.0,10.0,ROYAL KNIGHT,IMO9552355,3FMB9,70,0,196,32,12.7,70,A
367359930,2020-08-21T21:35:31,36.82407,-76.28902,0.0,313.0,511.0,SUNNY WILLIAMS,,WDE4940,80,0,25,8,,80,A
355919000,2020-08-21T21:26:00,36.87384,-76.34897,0.0,212.1,347.0,MSC MARIA ELENA,IMO9304423,3EGR2,70,0,336,45,15.0,71,A
368026000,2020-08-21T21:33:20,36.86577,-76.31606,0.0,270.5,2.0,BENAVIDEZ,IMO9218210,NBHG,70,5,289,32,10.9,70,A
367861000,2020-08-21T21:27:01,36.94640,-76.32977,0.0,0.0,265.0,LARAMIE,IMO8906626,NLAR,80,5,193,29,,,A
367932000,2020-08-21T21:27:08,36.94920,-76.32964,0.0,107.0,279.0,JOHN LENTHALL,IMO8325547,NJLN,80,5,193,29,,,A
367822000,2020-08-21T21:26:54,36.97308,-76.43391,0.0,0.0,238.0,USNS SHUGHART,IMO7825394,NAOQ,70,5,276,32,13.0,70,A
538004202,2020-08-21T21:23:42,36.91129,-76.32761,0.0,325.2,352.0,MOL MISSION,IMO9475650,V7VS5,70,5,301,43,14.2,,A
355919000,2020-08-21T21:35:49,36.87385,-76.34897,0.0,167.2,347.0,MSC MARIA ELENA,IMO9304423,3EGR2,70,0,336,45,15.0,71,A
367359930,2020-08-21T21:33:33,36.82405,-76.28902,0.0,306.3,511.0,SUNNY WILLIAMS,,WDE4940,80,0,25,8,,80,A
367822000,2020-08-21T21:35:55,36.97308,-76.43390,0.0,0.0,238.0,USNS SHUGHART,IMO7825394,NAOQ,70,5,276,32,13.0,70,A
215677000,2020-08-21T21:31:58,36.96291,-76.42421,0.0,256.1,40.0,RIZE,IMO9584035,9HA2781,70,5,229,32,14.5,,A
367821000,2020-08-21T21:32:49,36.97288,-76.43360,0.0,0.0,511.0,YANO,IMO7825409,NAQH,70,0,276,32,13.0,70,A
477196100,2020-08-21T21:34:00,37.19416,-76.13410,0.0,303.7,16.0,DARYA MA,IMO9591674,VRJH5,70,1,229,32,14.5,,A
538005042,2020-08-21T21:24:48,36.92759,-76.32992,0.0,355.0,355.0,NILEDUTCH OSPREY,IMO9365829,V7AP5,70,5,182,28,11.0,71,A
538005042,2020-08-21T21:27:48,36.92759,-76.32992,0.1,85.0,355.0,NILEDUTCH OSPREY,IMO9365829,V7AP5,70,5,182,28,11.0,71,A
538004202,2020-08-21T21:32:40,36.91134,-76.32759,0.0,325.2,352.0,MOL MISSION,IMO9475650,V7VS5,70,5,301,43,14.2,,A
357928000,2020-08-21T21:30:43,37.21520,-76.14272,13.2,17.8,17.0,ROYAL KNIGHT,IMO9552355,3FMB9,70,0,196,32,12.7,70,A
366839000,2020-08-21T21:34:13,36.85350,-76.31080,0.0,0.0,39.0,CAPE RISE,IMO7530808,KAFG,70,5,197,32,10.0,,A
538002652,2020-08-21T21:27:52,36.87950,-76.32650,0.0,346.0,276.0,NAIAS,IMO9330800,V7KN8,70,5,225,32,14.0,70,A
355919000,2020-08-21T21:30:59,36.87387,-76.34896,0.0,167.2,347.0,MSC MARIA ELENA,IMO9304423,3EGR2,70,0,336,45,15.0,71,A
355919000,2020-08-21T21:28:39,36.87385,-76.34898,0.0,167.2,347.0,MSC MARIA ELENA,IMO9304423,3EGR2,70,0,336,45,15.0,71,A
538002953,2020-08-21T21:34:40,36.87761,-76.34995,0.1,341.6,347.0,SCT SANTIAGO,IMO9302566,V7NF7,70,5,294,32,13.5,71,A
357928000,2020-08-21T21:35:23,37.23155,-76.13648,13.1,13.2,12.0,ROYAL KNIGHT,IMO9552355,3FMB9,70,0,196,32,12.7,70,A
366842000,2020-08-21T21:35:29,36.85380,-76.31116,0.0,209.9,42.0,CAPE RACE,IMO7616377,KAFJ,70,5,197,32,10.0,35,A
366842000,2020-08-21T21:29:24,36.85384,-76.31113,0.0,209.9,42.0,CAPE RACE,IMO7616377,KAFJ,70,5,197,32,10.0,35,A
368026000,2020-08-21T21:36:20,36.86577,-76.31605,0.0,270.5,2.0,BENAVIDEZ,IMO9218210,NBHG,70,5,289,32,10.9,70,A
357928000,2020-08-21T21:27:54,37.20545,-76.14709,13.1,17.0,17.0,ROYAL KNIGHT,IMO9552355,3FMB9,70,0,196,32,12.7,70,A
355919000,2020-08-21T21:32:00,36.87385,-76.34896,0.0,185.6,347.0,MSC MARIA ELENA,IMO9304423,3EGR2,70,0,336,45,15.0,71,A
477196100,2020-08-21T21:37:00,37.19415,-76.13413,0.0,303.7,16.0,DARYA MA,IMO9591674,VRJH5,70,1,229,32,14.5,,A
367821000,2020-08-21T21:38:09,36.97288,-76.43361,0.0,0.0,511.0,YANO,IMO7825409,NAQH,70,0,276,32,13.0,70,A
367821000,2020-08-21T21:37:00,36.97288,-76.43361,0.0,0.0,511.0,YANO,IMO7825409,NAQH,70,0,276,32,13.0,70,A
355919000,2020-08-21T21:37:10,36.87382,-76.34896,0.0,193.7,347.0,MSC MARIA ELENA,IMO9304423,3EGR2,70,0,336,45,15.0,71,A
368026000,2020-08-21T21:30:21,36.86575,-76.31606,0.0,270.5,2.0,BENAVIDEZ,IMO9218210,NBHG,70,5,289,32,10.9,70,A
367821000,2020-08-21T21:30:30,36.97288,-76.43360,0.0,0.0,511.0,YANO,IMO7825409,NAQH,70,0,276,32,13.0,70,A
367359930,2020-08-21T21:39:31,36.82405,-76.28901,0.0,266.1,511.0,SUNNY WILLIAMS,,WDE4940,80,0,25,8,,80,A
355919000,2020-08-21T21:38:30,36.87384,-76.34897,0.0,212.1,347.0,MSC MARIA ELENA,IMO9304423,3EGR2,70,0,336,45,15.0,71,A
367932000,2020-08-21T21:36:08,36.94916,-76.32974,0.0,107.0,279.0,JOHN LENTHALL,IMO8325547,NJLN,80,5,193,29,,,A
367359930,2020-08-21T21:37:22,36.82405,-76.28902,0.0,294.9,511.0,SUNNY WILLIAMS,,WDE4940,80,0,25,8,,80,A
538002652,2020-08-21T21:33:50,36.87943,-76.32658,0.0,56.0,276.0,NAIAS,IMO9330800,V7KN8,70,5,225,32,14.0,70,A
367932000,2020-08-21T21:30:08,36.94915,-76.32966,0.0,107.0,279.0,JOHN LENTHALL,IMO8325547,NJLN,80,5,193,29,,,A
538005042,2020-08-21T21:36:52,36.92759,-76.32992,0.0,355.0,355.0,NILEDUTCH OSPREY,IMO9365829,V7AP5,70,5,182,28,11.0,71,A
355919000,2020-08-21T21:39:50,36.87384,-76.34898,0.0,185.6,347.0,MSC MARIA ELENA,IMO9304423,3EGR2,70,0,336,45,15.0,71,A
367821000,2020-08-21T21:31:40,36.97288,-76.43360,0.0,0.0,511.0,YANO,IMO7825409,NAQH,70,0,276,32,13.0,70,A
477196100,2020-08-21T21:39:59,37.19417,-76.13412,0.0,303.7,16.0,DARYA MA,IMO9591674,VRJH5,70,1,229,32,14.5,,A
215677000,2020-08-21T21:37:57,36.96290,-76.42420,0.1,256.1,40.0,RIZE,IMO9584035,9HA2781,70,5,229,32,14.5,,A
367822000,2020-08-21T21:32:56,36.97308,-76.43390,0.0,0.0,238.0,USNS SHUGHART,IMO7825394,NAOQ,70,5,276,32,13.0,70,A
357928000,2020-08-21T21:34:14,37.22751,-76.13777,13.2,17.0,14.0,ROYAL KNIGHT,IMO9552355,3FMB9,70,0,196,32,12.7,70,A
366839000,2020-08-21T21:40:14,36.85347,-76.31085,0.0,0.0,39.0,CAPE RISE,IMO7530808,KAFG,70,5,197,32,10.0,,A
538002953,2020-08-21T21:40:39,36.87755,-76.34993,0.0,50.7,347.0,SCT SANTIAGO,IMO9302566,V7NF7,70,5,294,32,13.5,71,A
357928000,2020-08-21T21:37:33,37.23930,-76.13424,13.3,12.8,11.0,ROYAL KNIGHT,IMO9552355,3FMB9,70,0,196,32,12.7,70,A
538005042,2020-08-21T21:33:52,36.92759,-76.32992,0.0,355.0,355.0,NILEDUTCH OSPREY,IMO9365829,V7AP5,70,5,182,28,11.0,71,A
367821000,2020-08-21T21:34:00,36.97288,-76.43360,0.0,0.0,511.0,YANO,IMO7825409,NAQH,70,0,276,32,13.0,70,A
538002953,2020-08-21T21:37:39,36.87758,-76.34992,0.0,156.0,347.0,SCT SANTIAGO,IMO9302566,V7NF7,70,5,294,32,13.5,71,A
367822000,2020-08-21T21:41:56,36.97308,-76.43389,0.0,0.0,239.0,USNS SHUGHART,IMO7825394,NAOQ,70,5,276,32,13.0,70,A
367861000,2020-08-21T21:42:01,36.94638,-76.32984,0.0,0.0,265.0,LARAMIE,IMO8906626,NLAR,80,5,193,29,,,A
368026000,2020-08-21T21:42:20,36.86577,-76.31601,0.0,270.5,2.0,BENAVIDEZ,IMO9218210,NBHG,70,5,289,32,10.9,70,A
367359930,2020-08-21T21:42:22,36.82407,-76.28902,0.0,248.4,511.0,SUNNY WILLIAMS,,WDE4940,80,0,25,8,,80,A
538005042,2020-08-21T21:39:55,36.92759,-76.32993,0.1,309.9,355.0,NILEDUTCH OSPREY,IMO9365829,V7AP5,70,5,182,28,11.0,71,A
355919000,2020-08-21T21:34:40,36.87385,-76.34900,0.0,167.2,347.0,MSC MARIA ELENA,IMO9304423,3EGR2,70,0,336,45,15.0,71,A
367821000,2020-08-21T21:35:09,36.97288,-76.43361,0.0,0.0,511.0,YANO,IMO7825409,NAQH,70,0,276,32,13.0,70,A
367821000,2020-08-21T21:45:00,36.97288,-76.43361,0.0,0.0,511.0,YANO,IMO7825409,NAQH,70,0,276,32,13.0,70,A
367822000,2020-08-21T21:38:56,36.97308,-76.43389,0.0,0.0,239.0,USNS SHUGHART,IMO7825394,NAOQ,70,5,276,32,13.0,70,A
215677000,2020-08-21T21:35:01,36.96289,-76.42420,0.1,256.1,40.0,RIZE,IMO9584035,9HA2781,70,5,229,32,14.5,,A
215677000,2020-08-21T21:41:01,36.96292,-76.42421,0.0,256.1,40.0,RIZE,IMO9584035,9HA2781,70,5,229,32,14.5,,A
538002652,2020-08-21T21:36:52,36.87945,-76.32652,0.0,56.0,276.0,NAIAS,IMO9330800,V7KN8,70,5,225,32,14.0,70,A
538002953,2020-08-21T21:43:39,36.87758,-76.34997,0.0,220.4,347.0,SCT SANTIAGO,IMO9302566,V7NF7,70,5,294,32,13.5,71,A
367932000,2020-08-21T21:39:07,36.94917,-76.32963,0.0,107.0,279.0,JOHN LENTHALL,IMO8325547,NJLN,80,5,193,29,,,A
538005042,2020-08-21T21:42:55,36.92759,-76.32992,0.0,355.0,355.0,NILEDUTCH OSPREY,IMO9365829,V7AP5,70,5,182,28,11.0,71,A
355919000,2020-08-21T21:42:59,36.87382,-76.34896,0.0,193.7,347.0,MSC MARIA ELENA,IMO9304423,3EGR2,70,0,336,45,15.0,71,A
538004202,2020-08-21T21:38:40,36.91135,-76.32762,0.0,325.2,352.0,MOL MISSION,IMO9475650,V7VS5,70,5,301,43,14.2,,A
366839000,2020-08-21T21:43:16,36.85350,-76.31082,0.0,0.0,39.0,CAPE RISE,IMO7530808,KAFG,70,5,197,32,10.0,,A
367359930,2020-08-21T21:41:12,36.82406,-76.28902,0.0,257.1,511.0,SUNNY WILLIAMS,,WDE4940,80,0,25,8,,80,A
367821000,2020-08-21T21:42:49,36.97288,-76.43361,0.0,0.0,511.0,YANO,IMO7825409,NAQH,70,0,276,32,13.0,70,A
366842000,2020-08-21T21:38:25,36.85381,-76.31116,0.0,209.9,42.0,CAPE RACE,IMO7616377,KAFJ,70,5,197,32,10.0,35,A
215677000,2020-08-21T21:43:59,36.96291,-76.42419,0.1,256.1,40.0,RIZE,IMO9584035,9HA2781,70,5,229,32,14.5,,A
357928000,2020-08-21T21:42:14,37.25641,-76.13006,13.3,12.1,11.0,ROYAL KNIGHT,IMO9552355,3FMB9,70,0,196,32,12.7,70,A
367821000,2020-08-21T21:39:39,36.97288,-76.43361,0.0,0.0,511.0,YANO,IMO7825409,NAQH,70,0,276,32,13.0,70,A
368026000,2020-08-21T21:45:21,36.86576,-76.31602,0.1,270.5,2.0,BENAVIDEZ,IMO9218210,NBHG,70,5,289,32,10.9,70,A
366842000,2020-08-21T21:41:29,36.85384,-76.31117,0.0,209.9,42.0,CAPE RACE,IMO7616377,KAFJ,70,5,197,32,10.0,35,A
366842000,2020-08-21T21:44:26,36.85386,-76.31117,0.0,209.9,42.0,CAPE RACE,IMO7616377,KAFJ,70,5,197,32,10.0,35,A
538002652,2020-08-21T21:45:50,36.87955,-76.32653,0.0,56.0,276.0,NAIAS,IMO9330800,V7KN8,70,5,225,32,14.0,70,A
538004202,2020-08-21T21:47:41,36.91135,-76.32767,0.0,325.2,352.0,MOL MISSION,IMO9475650,V7VS5,70,5,301,43,14.2,,A
538002953,2020-08-21T21:46:40,36.87759,-76.34994,0.0,167.3,347.0,SCT SANTIAGO,IMO9302566,V7NF7,70,5,294,32,13.5,71,A
357928000,2020-08-21T21:40:33,37.25030,-76.13162,13.3,9.8,10.0,ROYAL KNIGHT,IMO9552355,3FMB9,70,0,196,32,12.7,70,A
367821000,2020-08-21T21:47:00,36.97294,-76.43360,0.0,0.0,511.0,YANO,IMO7825409,NAQH,70,0,276,32,13.0,70,A
215677000,2020-08-21T21:46:54,36.96291,-76.42420,0.0,256.1,40.0,RIZE,IMO9584035,9HA2781,70,5,229,32,14.5,,A
357928000,2020-08-21T21:43:54,37.26246,-76.12848,13.3,11.4,11.0,ROYAL KNIGHT,IMO9552355,3FMB9,70,0,196,32,12.7,70,A
538002652,2020-08-21T21:42:50,36.87953,-76.32648,0.0,56.0,276.0,NAIAS,IMO9330800,V7KN8,70,5,225,32,14.0,70,A
367821000,2020-08-21T21:48:10,36.97290,-76.43362,0.0,0.0,511.0,YANO,IMO7825409,NAQH,70,0,276,32,13.0,70,A
368026000,2020-08-21T21:39:21,36.86575,-76.31603,0.0,270.5,2.0,BENAVIDEZ,IMO9218210,NBHG,70,5,289,32,10.9,70,A
367822000,2020-08-21T21:47:55,36.97308,-76.43389,0.0,0.0,239.0,USNS SHUGHART,IMO7825394,NAOQ,70,5,276,32,13.0,70,A
367932000,2020-08-21T21:42:08,36.94938,-76.32958,0.0,107.0,279.0,JOHN LENTHALL,IMO8325547,NJLN,80,5,193,29,,,A
367821000,2020-08-21T21:49:19,36.97290,-76.43362,0.0,0.0,511.0,YANO,IMO7825409,NAQH,70,0,276,32,13.0,70,A
538002652,2020-08-21T21:48:52,36.87965,-76.32635,0.0,56.0,276.0,NAIAS,IMO9330800,V7KN8,70,5,225,32,14.0,70,A
367822000,2020-08-21T21:44:56,36.97308,-76.43389,0.0,0.0,239.0,USNS SHUGHART,IMO7825394,NAOQ,70,5,276,32,13.0,70,A
367359930,2020-08-21T21:46:21,36.82406,-76.28902,0.0,228.8,511.0,SUNNY WILLIAMS,,WDE4940,80,0,25,8,,80,A
367359930,2020-08-21T21:44:02,36.82406,-76.28902,0.0,236.4,511.0,SUNNY WILLIAMS,,WDE4940,80,0,25,8,,80,A
477196100,2020-08-21T21:46:01,37.19418,-76.13424,0.1,303.7,18.0,DARYA MA,IMO9591674,VRJH5,70,1,229,32,14.5,,A
357928000,2020-08-21T21:49:24,37.28234,-76.12364,13.1,10.8,10.0,ROYAL KNIGHT,IMO9552355,3FMB9,70,0,196,32,12.7,70,A
357928000,2020-08-21T21:47:35,37.27574,-76.12519,13.1,10.9,10.0,ROYAL KNIGHT,IMO9552355,3FMB9,70,0,196,32,12.7,70,A
357928000,2020-08-21T21:52:43,37.29415,-76.12103,12.9,10.2,6.0,ROYAL KNIGHT,IMO9552355,3FMB9,70,0,196,32,12.7,70,A
367821000,2020-08-21T21:41:39,36.97288,-76.43361,0.0,0.0,511.0,YANO,IMO7825409,NAQH,70,0,276,32,13.0,70,A
538002953,2020-08-21T21:49:39,36.87755,-76.34993,0.0,9.1,347.0,SCT SANTIAGO,IMO9302566,V7NF7,70,5,294,32,13.5,71,A
368026000,2020-08-21T21:51:20,36.86578,-76.31603,0.1,270.5,2.0,BENAVIDEZ,IMO9218210,NBHG,70,5,289,32,10.9,70,A
477196100,2020-08-21T21:49:02,37.19417,-76.13425,0.1,303.7,20.0,DARYA MA,IMO9591674,VRJH5,70,1,229,32,14.5,,A
355919000,2020-08-21T21:53:10,36.87385,-76.34897,0.0,193.7,347.0,MSC MARIA ELENA,IMO9304423,3EGR2,70,0,336,45,15.0,71,A
357928000,2020-08-21T21:50:43,37.28706,-76.12257,13.0,10.0,10.0,ROYAL KNIGHT,IMO9552355,3FMB9,70,0,196,32,12.7,70,A
367861000,2020-08-21T21:54:00,36.94638,-76.32974,0.0,0.0,265.0,LARAMIE,IMO8906626,NLAR,80,5,193,29,,,A
366839000,2020-08-21T21:46:16,36.85349,-76.31081,0.0,0.0,39.0,CAPE RISE,IMO7530808,KAFG,70,5,197,32,10.0,,A
355919000,2020-08-21T21:47:31,36.87384,-76.34898,0.0,212.1,347.0,MSC MARIA ELENA,IMO9304423,3EGR2,70,0,336,45,15.0,71,A
367932000,2020-08-21T21:45:07,36.94915,-76.32956,0.0,107.0,279.0,JOHN LENTHALL,IMO8325547,NJLN,80,5,193,29,,,A
538004202,2020-08-21T21:44:39,36.91132,-76.32764,0.0,325.2,352.0,MOL MISSION,IMO9475650,V7VS5,70,5,301,43,14.2,,A
538005042,2020-08-21T21:54:59,36.92758,-76.32992,0.0,355.0,355.0,NILEDUTCH OSPREY,IMO9365829,V7AP5,70,5,182,28,11.0,71,A
355919000,2020-08-21T21:55:10,36.87386,-76.34896,0.0,212.1,347.0,MSC MARIA ELENA,IMO9304423,3EGR2,70,0,336,45,15.0,71,A
355919000,2020-08-21T21:44:59,36.87385,-76.34898,0.0,212.1,347.0,MSC MARIA ELENA,IMO9304423,3EGR2,70,0,336,45,15.0,71,A
367861000,2020-08-21T21:45:01,36.94633,-76.32976,0.0,0.0,265.0,LARAMIE,IMO8906626,NLAR,80,5,193,29,,,A
366842000,2020-08-21T21:47:24,36.85380,-76.31120,0.0,209.9,42.0,CAPE RACE,IMO7616377,KAFJ,70,5,197,32,10.0,35,A
215677000,2020-08-21T21:49:58,36.96291,-76.42420,0.0,256.1,40.0,RIZE,IMO9584035,9HA2781,70,5,229,32,14.5,,A
538004202,2020-08-21T21:53:42,36.91135,-76.32761,0.0,325.2,352.0,MOL MISSION,IMO9475650,V7VS5,70,5,301,43,14.2,,A
367932000,2020-08-21T21:48:08,36.94920,-76.32967,0.0,107.0,279.0,JOHN LENTHALL,IMO8325547,NJLN,80,5,193,29,,,A
367359930,2020-08-21T21:53:41,36.82407,-76.28903,0.0,226.2,511.0,SUNNY WILLIAMS,,WDE4940,80,0,25,8,,80,A
215677000,2020-08-21T21:52:58,36.96293,-76.42422,0.0,256.1,40.0,RIZE,IMO9584035,9HA2781,70,5,229,32,14.5,,A
367821000,2020-08-21T21:50:29,36.97289,-76.43362,0.0,0.0,511.0,YANO,IMO7825409,NAQH,70,0,276,32,13.0,70,A
355919000,2020-08-21T21:50:29,36.87384,-76.34896,0.0,193.7,347.0,MSC MARIA ELENA,IMO9304423,3EGR2,70,0,336,45,15.0,71,A
538004202,2020-08-21T21:50:41,36.91136,-76.32764,0.0,325.2,352.0,MOL MISSION,IMO9475650,V7VS5,70,5,301,43,14.2,,A
368026000,2020-08-21T21:54:21,36.86575,-76.31602,0.0,270.5,2.0,BENAVIDEZ,IMO9218210,NBHG,70,5,289,32,10.9,70,A
367861000,2020-08-21T21:57:00,36.94637,-76.32980,0.0,0.0,265.0,LARAMIE,IMO8906626,NLAR,80,5,193,29,,,A
357928000,2020-08-21T21:58:33,37.31493,-76.12220,12.7,353.7,356.0,ROYAL KNIGHT,IMO9552355,3FMB9,70,0,196,32,12.7,70,A
355919000,2020-08-21T21:46:10,36.87382,-76.34897,0.0,167.2,347.0,MSC MARIA ELENA,IMO9304423,3EGR2,70,0,336,45,15.0,71,A
538002953,2020-08-21T21:52:40,36.87749,-76.34989,0.0,178.6,347.0,SCT SANTIAGO,IMO9302566,V7NF7,70,5,294,32,13.5,71,A
367359930,2020-08-21T21:52:32,36.82407,-76.28903,0.0,223.9,511.0,SUNNY WILLIAMS,,WDE4940,80,0,25,8,,80,A
367822000,2020-08-21T21:53:56,36.97308,-76.43388,0.0,0.0,239.0,USNS SHUGHART,IMO7825394,NAOQ,70,5,276,32,13.0,70,A
366839000,2020-08-21T21:55:14,36.85352,-76.31078,0.0,0.0,39.0,CAPE RISE,IMO7530808,KAFG,70,5,197,32,10.0,,A
367359930,2020-08-21T21:54:42,36.82406,-76.28902,0.0,224.6,511.0,SUNNY WILLIAMS,,WDE4940,80,0,25,8,,80,A
366842000,2020-08-21T21:53:26,36.85379,-76.31115,0.0,209.9,42.0,CAPE RACE,IMO7616377,KAFJ,70,5,197,32,10.0,35,A
538002652,2020-08-21T21:57:50,36.87952,-76.32648,0.0,190.0,276.0,NAIAS,IMO9330800,V7KN8,70,5,225,32,14.0,70,A
477196100,2020-08-21T21:54:57,37.19418,-76.13440,0.1,303.7,22.0,DARYA MA,IMO9591674,VRJH5,70,1,229,32,14.5,,A
366839000,2020-08-21T21:52:16,36.85348,-76.31083,0.0,0.0,39.0,CAPE RISE,IMO7530808,KAFG,70,5,197,32,10.0,,A
367359930,2020-08-21T21:56:42,36.82407,-76.28902,0.0,224.7,511.0,SUNNY WILLIAMS,,WDE4940,80,0,25,8,,80,A
367359930,2020-08-21T21:59:03,36.82408,-76.28903,0.0,226.8,511.0,SUNNY WILLIAMS,,WDE4940,80,0,25,8,,80,A
538005042,2020-08-21T21:48:59,36.92759,-76.32992,0.0,355.0,355.0,NILEDUTCH OSPREY,IMO9365829,V7AP5,70,5,182,28,11.0,71,A
355919000,2020-08-21T21:49:19,36.87384,-76.34897,0.0,212.1,347.0,MSC MARIA ELENA,IMO9304423,3EGR2,70,0,336,45,15.0,71,A
477196100,2020-08-21T21:52:03,37.19417,-76.13431,0.1,303.7,21.0,DARYA MA,IMO9591674,VRJH5,70,1,229,32,14.5,,A
538004202,2020-08-21T21:56:41,36.91138,-76.32764,0.0,325.2,352.0,MOL MISSION,IMO9475650,V7VS5,70,5,301,43,14.2,,A
367822000,2020-08-21T21:56:55,36.97308,-76.43388,0.0,0.0,239.0,USNS SHUGHART,IMO7825394,NAOQ,70,5,276,32,13.0,70,A
367359930,2020-08-21T21:57:52,36.82408,-76.28903,0.0,226.5,511.0,SUNNY WILLIAMS,,WDE4940,80,0,25,8,,80,A
477196100,2020-08-21T21:57:57,37.19420,-76.13439,0.0,303.7,23.0,DARYA MA,IMO9591674,VRJH5,70,1,229,32,14.5,,A
366839000,2020-08-21T21:49:14,36.85344,-76.31084,0.0,0.0,39.0,CAPE RISE,IMO7530808,KAFG,70,5,197,32,10.0,,A
368026000,2020-08-21T22:00:20,36.86576,-76.31605,0.0,270.5,2.0,BENAVIDEZ,IMO9218210,NBHG,70,5,289,32,10.9,70,A
538005042,2020-08-21T22:00:37,36.92761,-76.33029,0.8,273.1,356.0,NILEDUTCH OSPREY,IMO9365829,V7AP5,70,0,182,28,11.0,71,A
367932000,2020-08-21T22:00:08,36.94911,-76.32967,0.0,107.0,279.0,JOHN LENTHALL,IMO8325547,NJLN,80,5,193,29,,,A
538002953,2020-08-21T21:58:40,36.87750,-76.34986,0.0,122.3,347.0,SCT SANTIAGO,IMO9302566,V7NF7,70,5,294,32,13.5,71,A
366839000,2020-08-21T21:58:18,36.85345,-76.31081,0.0,0.0,39.0,CAPE RISE,IMO7530808,KAFG,70,5,197,32,10.0,,A
367359930,2020-08-21T21:49:53,36.82409,-76.28904,0.0,227.6,511.0,SUNNY WILLIAMS,,WDE4940,80,0,25,8,,80,A
367861000,2020-08-21T21:51:00,36.94635,-76.32977,0.0,0.0,265.0,LARAMIE,IMO8906626,NLAR,80,5,193,29,,,A
357928000,2020-08-21T22:01:13,37.32431,-76.12347,12.6,354.1,356.0,ROYAL KNIGHT,IMO9552355,3FMB9,70,0,196,32,12.7,70,A
367359930,2020-08-21T22:02:12,36.82406,-76.28903,0.0,229.8,511.0,SUNNY WILLIAMS,,WDE4940,80,0,25,8,,80,A
538002953,2020-08-21T21:55:40,36.87747,-76.34982,0.0,122.3,347.0,SCT SANTIAGO,IMO9302566,V7NF7,70,5,294,32,13.5,71,A
538005042,2020-08-21T21:51:58,36.92758,-76.32992,0.0,355.0,355.0,NILEDUTCH OSPREY,IMO9365829,V7AP5,70,5,182,28,11.0,71,A
357928000,2020-08-21T22:00:05,37.32026,-76.12293,12.6,353.4,356.0,ROYAL KNIGHT,IMO9552355,3FMB9,70,0,196,32,12.7,70,A
367359930,2020-08-21T22:00:03,36.82408,-76.28903,0.0,230.7,511.0,SUNNY WILLIAMS,,WDE4940,80,0,25,8,,80,A
355919000,2020-08-21T22:00:01,36.87384,-76.34900,0.0,212.1,347.0,MSC MARIA ELENA,IMO9304423,3EGR2,70,0,336,45,15.0,71,A
367821000,2020-08-21T21:56:10,36.97288,-76.43363,0.0,0.0,511.0,YANO,IMO7825409,NAQH,70,0,276,32,13.0,70,A
366842000,2020-08-21T21:56:26,36.85380,-76.31114,0.0,209.9,42.0,CAPE RACE,IMO7616377,KAFJ,70,5,197,32,10.0,35,A
538005042,2020-08-21T21:58:03,36.92759,-76.32993,0.1,265.0,355.0,NILEDUTCH OSPREY,IMO9365829,V7AP5,70,5,182,28,11.0,71,A
367359930,2020-08-21T22:03:21,36.82407,-76.28904,0.0,232.3,511.0,SUNNY WILLIAMS,,WDE4940,80,0,25,8,,80,A
355919000,2020-08-21T21:56:30,36.87383,-76.34899,0.0,212.1,347.0,MSC MARIA ELENA,IMO9304423,3EGR2,70,0,336,45,15.0,71,A
367821000,2020-08-21T22:01:10,36.97288,-76.43364,0.0,0.0,511.0,YANO,IMO7825409,NAQH,70,0,276,32,13.0,70,A
355919000,2020-08-21T22:01:29,36.87384,-76.34897,0.0,212.1,347.0,MSC MARIA ELENA,IMO9304423,3EGR2,70,0,336,45,15.0,71,A
367932000,2020-08-21T21:57:09,36.94913,-76.32963,0.0,107.0,279.0,JOHN LENTHALL,IMO8325547,NJLN,80,5,193,29,,,A
357928000,2020-08-21T21:54:24,37.30024,-76.12072,12.8,359.5,1.0,ROYAL KNIGHT,IMO9552355,3FMB9,70,0,196,32,12.7,70,A
357928000,2020-08-21T21:57:05,37.30971,-76.12145,12.7,353.8,356.0,ROYAL KNIGHT,IMO9552355,3FMB9,70,0,196,32,12.7,70,A
366842000,2020-08-21T21:59:27,36.85383,-76.31119,0.0,209.9,42.0,CAPE RACE,IMO7616377,KAFJ,70,5,197,32,10.0,35,A
357928000,2020-08-21T22:02:14,37.32783,-76.12394,12.7,353.9,355.0,ROYAL KNIGHT,IMO9552355,3FMB9,70,0,196,32,12.7,70,A
357928000,2020-08-21T22:04:33,37.33605,-76.12510,12.7,353.4,356.0,ROYAL KNIGHT,IMO9552355,3FMB9,70,0,196,32,12.7,70,A
367359930,2020-08-21T22:01:11,36.82406,-76.28904,0.0,227.0,511.0,SUNNY WILLIAMS,,WDE4940,80,0,25,8,,80,A
366839000,2020-08-21T22:01:15,36.85348,-76.31083,0.0,0.0,39.0,CAPE RISE,IMO7530808,KAFG,70,5,197,32,10.0,,A
367821000,2020-08-21T21:58:40,36.97288,-76.43364,0.0,0.0,511.0,YANO,IMO7825409,NAQH,70,0,276,32,13.0,70,A
215677000,2020-08-21T21:56:00,36.96290,-76.42419,0.0,256.1,40.0,RIZE,IMO9584035,9HA2781,70,5,229,32,14.5,,A
215677000,2020-08-21T21:58:54,36.96291,-76.42421,0.1,256.1,40.0,RIZE,IMO9584035,9HA2781,70,5,229,32,14.5,,A
367822000,2020-08-21T22:02:55,36.97309,-76.43388,0.0,0.0,239.0,USNS SHUGHART,IMO7825394,NAOQ,70,5,276,32,13.0,70,A
367821000,2020-08-21T22:03:29,36.97288,-76.43364,0.0,0.0,511.0,YANO,IMO7825409,NAQH,70,0,276,32,13.0,70,A
367932000,2020-08-21T21:54:08,36.94919,-76.32969,0.0,107.0,279.0,JOHN LENTHALL,IMO8325547,NJLN,80,5,193,29,,,A
538004202,2020-08-21T21:59:42,36.91134,-76.32760,0.0,325.2,352.0,MOL MISSION,IMO9475650,V7VS5,70,5,301,43,14.2,,A
367822000,2020-08-21T21:59:54,36.97309,-76.43388,0.0,0.0,239.0,USNS SHUGHART,IMO7825394,NAOQ,70,5,276,32,13.0,70,A
367821000,2020-08-21T21:59:50,36.97288,-76.43364,0.0,0.0,511.0,YANO,IMO7825409,NAQH,70,0,276,32,13.0,70,A
367821000,2020-08-21T22:00:00,36.97288,-76.43364,0.0,0.0,511.0,YANO,IMO7825409,NAQH,70,0,276,32,13.0,70,A
357928000,2020-08-21T21:55:33,37.30440,-76.12079,12.7,358.0,357.0,ROYAL KNIGHT,IMO9552355,3FMB9,70,0,196,32,12.7,70,A
367821000,2020-08-21T21:57:29,36.97288,-76.43363,0.0,0.0,511.0,YANO,IMO7825409,NAQH,70,0,276,32,13.0,70,A
355919000,2020-08-21T22:05:29,36.87383,-76.34898,0.0,193.7,347.0,MSC MARIA ELENA,IMO9304423,3EGR2,70,0,336,45,15.0,71,A
538005042,2020-08-21T22:05:05,36.92726,-76.33098,0.2,96.5,340.0,NILEDUTCH OSPREY,IMO9365829,V7AP5,70,0,182,28,11.0,71,A
367861000,2020-08-21T22:00:01,36.94635,-76.32977,0.0,0.0,265.0,LARAMIE,IMO8906626,NLAR,80,5,193,29,,,A
357928000,2020-08-21T22:03:25,37.33205,-76.12453,12.7,353.8,356.0,ROYAL KNIGHT,IMO9552355,3FMB9,70,0,196,32,12.7,70,A
366842000,2020-08-21T22:05:24,36.85379,-76.31120,0.0,209.9,43.0,CAPE RACE,IMO7616377,KAFJ,70,5,197,32,10.0,35,A
538002652,2020-08-21T22:00:50,36.87952,-76.32650,0.0,188.0,276.0,NAIAS,IMO9330800,V7KN8,70,5,225,32,14.0,70,A
538002652,2020-08-21T22:03:52,36.87955,-76.32648,0.0,192.0,276.0,NAIAS,IMO9330800,V7KN8,70,5,225,32,14.0,70,A
366839000,2020-08-21T22:04:19,36.85349,-76.31080,0.0,0.0,39.0,CAPE RISE,IMO7530808,KAFG,70,5,197,32,10.0,,A
477196100,2020-08-21T22:04:01,37.19421,-76.13450,0.1,303.7,26.0,DARYA MA,IMO9591674,VRJH5,70,1,229,32,14.5,,A
355919000,2020-08-21T22:04:10,36.87385,-76.34898,0.0,193.7,347.0,MSC MARIA ELENA,IMO9304423,3EGR2,70,0,336,45,15.0,71,A
538005042,2020-08-21T22:03:54,36.92731,-76.33103,0.3,193.4,355.0,NILEDUTCH OSPREY,IMO9365829,V7AP5,70,0,182,28,11.0,71,A
355919000,2020-08-21T21:58:49,36.87384,-76.34897,0.0,212.1,347.0,MSC MARIA ELENA,IMO9304423,3EGR2,70,0,336,45,15.0,71,A
538005042,2020-08-21T22:06:13,36.92729,-76.33094,0.1,8.0,323.0,NILEDUTCH OSPREY,IMO9365829,V7AP5,70,0,182,28,11.0,71,A
367821000,2020-08-21T22:07:00,36.97288,-76.43363,0.0,0.0,511.0,YANO,IMO7825409,NAQH,70,0,276,32,13.0,70,A
367821000,2020-08-21T22:02:18,36.97288,-76.43364,0.0,0.0,511.0,YANO,IMO7825409,NAQH,70,0,276,32,13.0,70,A
477738200,2020-08-21T00:09:37,36.87744,-76.34984,0.0,7.5,347.0,COSCO PHILIPPINES,IMO9448762,VRGM7,70,5,334,42,14.5,72,A
366842000,2020-08-21T22:02:28,36.85382,-76.31114,0.0,209.9,42.0,CAPE RACE,IMO7616377,KAFJ,70,5,197,32,10.0,35,A
367861000,2020-08-21T22:03:01,36.94634,-76.32982,0.0,0.0,265.0,LARAMIE,IMO8906626,NLAR,80,5,193,29,,,A
477196100,2020-08-21T22:07:02,37.19423,-76.13454,0.1,303.7,26.0,DARYA MA,IMO9591674,VRJH5,70,1,229,32,14.5,,A
538005042,2020-08-21T22:07:21,36.92736,-76.33115,1.1,286.7,302.0,NILEDUTCH OSPREY,IMO9365829,V7AP5,70,0,182,28,11.0,71,A
355919000,2020-08-21T22:03:01,36.87386,-76.34895,0.0,193.7,347.0,MSC MARIA ELENA,IMO9304423,3EGR2,70,0,336,45,15.0,71,A
538004202,2020-08-21T22:02:39,36.91134,-76.32762,0.0,325.2,352.0,MOL MISSION,IMO9475650,V7VS5,70,5,301,43,14.2,,A
367932000,2020-08-21T22:03:08,36.94921,-76.32964,0.0,107.0,279.0,JOHN LENTHALL,IMO8325547,NJLN,80,5,193,29,,,A
368026000,2020-08-21T22:03:20,36.86575,-76.31605,0.0,270.5,2.0,BENAVIDEZ,IMO9218210,NBHG,70,5,289,32,10.9,70,A
538004202,2020-08-21T22:08:37,36.91133,-76.32766,0.0,325.2,352.0,MOL MISSION,IMO9475650,V7VS5,70,5,301,43,14.2,,A
538005042,2020-08-21T22:08:43,36.92772,-76.33219,3.3,297.1,292.0,NILEDUTCH OSPREY,IMO9365829,V7AP5,70,0,182,28,11.0,71,A
367359930,2020-08-21T22:04:22,36.82405,-76.28904,0.0,234.1,511.0,SUNNY WILLIAMS,,WDE4940,80,0,25,8,,80,A
366839000,2020-08-21T22:07:14,36.85346,-76.31080,0.0,0.0,39.0,CAPE RISE,IMO7530808,KAFG,70,5,197,32,10.0,,A
367861000,2020-08-21T22:06:00,36.94635,-76.32978,0.0,0.0,265.0,LARAMIE,IMO8906626,NLAR,80,5,193,29,,,A
215677000,2020-08-21T22:07:58,36.96291,-76.42421,0.0,256.1,40.0,RIZE,IMO9584035,9HA2781,70,5,229,32,14.5,,A
355919000,2020-08-21T22:07:50,36.87384,-76.34897,0.0,193.7,347.0,MSC MARIA ELENA,IMO9304423,3EGR2,70,0,336,45,15.0,71,A
477196100,2020-08-21T22:01:02,37.19423,-76.13446,0.1,303.7,25.0,DARYA MA,IMO9591674,VRJH5,70,1,229,32,14.5,,A
367821000,2020-08-21T22:04:39,36.97288,-76.43363,0.0,0.0,511.0,YANO,IMO7825409,NAQH,70,0,276,32,13.0,70,A
367932000,2020-08-21T22:09:07,36.94914,-76.32963,0.0,107.0,279.0,JOHN LENTHALL,IMO8325547,NJLN,80,5,193,29,,,A
215677000,2020-08-21T22:04:58,36.96291,-76.42419,0.0,256.1,40.0,RIZE,IMO9584035,9HA2781,70,5,229,32,14.5,,A
367821000,2020-08-21T22:09:19,36.97288,-76.43363,0.0,0.0,511.0,YANO,IMO7825409,NAQH,70,0,276,32,13.0,70,A
367359930,2020-08-21T22:10:21,36.82406,-76.28903,0.0,242.3,511.0,SUNNY WILLIAMS,,WDE4940,80,0,25,8,,80,A
367821000,2020-08-21T22:05:50,36.97288,-76.43363,0.0,0.0,511.0,YANO,IMO7825409,NAQH,70,0,276,32,13.0,70,A
367359930,2020-08-21T22:06:42,36.82406,-76.28903,0.0,234.9,511.0,SUNNY WILLIAMS,,WDE4940,80,0,25,8,,80,A
355919000,2020-08-21T22:12:09,36.87386,-76.34898,0.0,167.2,347.0,MSC MARIA ELENA,IMO9304423,3EGR2,70,0,336,45,15.0,71,A
538002652,2020-08-21T22:12:52,36.87955,-76.32645,0.0,194.0,276.0,NAIAS,IMO9330800,V7KN8,70,5,225,32,14.0,70,A
477196100,2020-08-21T22:13:00,37.19427,-76.13459,0.1,303.7,29.0,DARYA MA,IMO9591674,VRJH5,70,1,229,32,14.5,,A
367932000,2020-08-21T22:12:07,36.94914,-76.32970,0.0,107.0,279.0,JOHN LENTHALL,IMO8325547,NJLN,80,5,193,29,,,A
367861000,2020-08-21T22:09:01,36.94633,-76.32981,0.0,0.0,265.0,LARAMIE,IMO8906626,NLAR,80,5,193,29,,,A
538002953,2020-08-21T22:07:41,36.87752,-76.34989,0.0,122.3,347.0,SCT SANTIAGO,IMO9302566,V7NF7,70,5,294,32,13.5,71,A
538002953,2020-08-21T22:13:40,36.87759,-76.34993,0.0,0.0,347.0,SCT SANTIAGO,IMO9302566,V7NF7,70,5,294,32,13.5,71,A
367359930,2020-08-21T22:07:53,36.82406,-76.28903,0.0,240.1,511.0,SUNNY WILLIAMS,,WDE4940,80,0,25,8,,80,A
538005042,2020-08-21T22:13:21,36.93167,-76.33744,5.6,359.9,6.0,NILEDUTCH OSPREY,IMO9365829,V7AP5,70,0,182,28,11.0,71,A
366842000,2020-08-21T22:08:28,36.85381,-76.31120,0.0,209.9,43.0,CAPE RACE,IMO7616377,KAFJ,70,5,197,32,10.0,35,A
367821000,2020-08-21T22:08:09,36.97288,-76.43363,0.0,0.0,511.0,YANO,IMO7825409,NAQH,70,0,276,32,13.0,70,A
367821000,2020-08-21T22:10:29,36.97288,-76.43363,0.0,0.0,511.0,YANO,IMO7825409,NAQH,70,0,276,32,13.0,70,A
538005042,2020-08-21T22:09:54,36.92817,-76.33374,4.7,291.7,294.0,NILEDUTCH OSPREY,IMO9365829,V7AP5,70,0,182,28,11.0,71,A
367359930,2020-08-21T22:14:02,36.82406,-76.28903,0.0,244.6,511.0,SUNNY WILLIAMS,,WDE4940,80,0,25,8,,80,A
538002652,2020-08-21T22:09:51,36.87947,-76.32665,0.1,194.0,276.0,NAIAS,IMO9330800,V7KN8,70,5,225,32,14.0,70,A
368026000,2020-08-21T22:06:20,36.86577,-76.31605,0.0,270.5,2.0,BENAVIDEZ,IMO9218210,NBHG,70,5,289,32,10.9,70,A
355919000,2020-08-21T22:10:41,36.87386,-76.34899,0.0,212.1,347.0,MSC MARIA ELENA,IMO9304423,3EGR2,70,0,336,45,15.0,71,A
367359930,2020-08-21T22:15:12,36.82407,-76.28903,0.0,245.1,511.0,SUNNY WILLIAMS,,WDE4940,80,0,25,8,,80,A
538004202,2020-08-21T22:11:42,36.91134,-76.32763,0.0,325.2,352.0,MOL MISSION,IMO9475650,V7VS5,70,5,301,43,14.2,,A
367932000,2020-08-21T22:06:07,36.94920,-76.32969,0.0,107.0,279.0,JOHN LENTHALL,IMO8325547,NJLN,80,5,193,29,,,A
367932000,2020-08-21T22:15:07,36.94919,-76.32967,0.0,107.0,279.0,JOHN LENTHALL,IMO8325547,NJLN,80,5,193,29,,,A
538005042,2020-08-21T22:14:24,36.93340,-76.33727,6.3,7.0,8.0,NILEDUTCH OSPREY,IMO9365829,V7AP5,70,0,182,28,11.0,71,A
538005042,2020-08-21T22:15:33,36.93554,-76.33692,7.0,3.6,2.0,NILEDUTCH OSPREY,IMO9365829,V7AP5,70,0,182,28,11.0,71,A
367822000,2020-08-21T22:14:56,36.97313,-76.43385,0.0,0.0,239.0,USNS SHUGHART,IMO7825394,NAOQ,70,5,276,32,13.0,70,A
367821000,2020-08-21T22:15:39,36.97288,-76.43364,0.0,0.0,511.0,YANO,IMO7825409,NAQH,70,0,276,32,13.0,70,A
477196100,2020-08-21T22:16:02,37.19430,-76.13466,0.1,303.7,30.0,DARYA MA,IMO9591674,VRJH5,70,1,229,32,14.5,,A
367359930,2020-08-21T22:16:21,36.82408,-76.28902,0.0,249.0,511.0,SUNNY WILLIAMS,,WDE4940,80,0,25,8,,80,A
355919000,2020-08-21T22:16:10,36.87383,-76.34897,0.0,148.7,347.0,MSC MARIA ELENA,IMO9304423,3EGR2,70,0,336,45,15.0,71,A
367822000,2020-08-21T22:11:55,36.97309,-76.43387,0.0,0.0,239.0,USNS SHUGHART,IMO7825394,NAOQ,70,5,276,32,13.0,70,A
367359930,2020-08-21T22:12:51,36.82407,-76.28905,0.0,243.9,511.0,SUNNY WILLIAMS,,WDE4940,80,0,25,8,,80,A
366839000,2020-08-21T22:10:18,36.85347,-76.31081,0.0,0.0,39.0,CAPE RISE,IMO7530808,KAFG,70,5,197,32,10.0,,A
355919000,2020-08-21T22:13:30,36.87383,-76.34898,0.0,212.1,347.0,MSC MARIA ELENA,IMO9304423,3EGR2,70,0,336,45,15.0,71,A
367821000,2020-08-21T22:13:00,36.97288,-76.43363,0.0,0.0,511.0,YANO,IMO7825409,NAQH,70,0,276,32,13.0,70,A
538004202,2020-08-21T22:17:40,36.91139,-76.32764,0.0,325.2,352.0,MOL MISSION,IMO9475650,V7VS5,70,5,301,43,14.2,,A
538005042,2020-08-21T22:11:08,36.92880,-76.33572,5.2,301.9,321.0,NILEDUTCH OSPREY,IMO9365829,V7AP5,70,0,182,28,11.0,71,A
366842000,2020-08-21T22:11:27,36.85383,-76.31118,0.0,209.9,43.0,CAPE RACE,IMO7616377,KAFJ,70,5,197,32,10.0,35,A
355919000,2020-08-21T22:09:09,36.87384,-76.34895,0.0,167.2,347.0,MSC MARIA ELENA,IMO9304423,3EGR2,70,0,336,45,15.0,71,A
215677000,2020-08-21T22:14:00,36.96291,-76.42420,0.1,256.1,40.0,RIZE,IMO9584035,9HA2781,70,5,229,32,14.5,,A
367821000,2020-08-21T22:17:59,36.97288,-76.43364,0.0,0.0,511.0,YANO,IMO7825409,NAQH,70,0,276,32,13.0,70,A
367861000,2020-08-21T22:15:01,36.94634,-76.32972,0.0,0.0,265.0,LARAMIE,IMO8906626,NLAR,80,5,193,29,,,A
367821000,2020-08-21T22:19:20,36.97288,-76.43364,0.0,0.0,511.0,YANO,IMO7825409,NAQH,70,0,276,32,13.0,70,A
367821000,2020-08-21T22:11:49,36.97288,-76.43364,0.0,0.0,511.0,YANO,IMO7825409,NAQH,70,0,276,32,13.0,70,A
368026000,2020-08-21T22:12:21,36.86572,-76.31605,0.0,270.5,2.0,BENAVIDEZ,IMO9218210,NBHG,70,5,289,32,10.9,70,A
538002652,2020-08-21T00:09:52,36.87945,-76.32647,0.0,337.0,277.0,NAIAS,IMO9330800,V7KN8,70,5,225,32,14.0,70,A
215677000,2020-08-21T22:10:56,36.96290,-76.42420,0.0,256.1,40.0,RIZE,IMO9584035,9HA2781,70,5,229,32,14.5,,A
367861000,2020-08-21T22:12:00,36.94635,-76.32977,0.0,0.0,265.0,LARAMIE,IMO8906626,NLAR,80,5,193,29,,,A
538005042,2020-08-21T22:20:33,36.94803,-76.33635,10.2,5.6,4.0,NILEDUTCH OSPREY,IMO9365829,V7AP5,70,0,182,28,11.0,71,A
538005042,2020-08-21T22:19:24,36.94480,-76.33649,10.0,2.7,1.0,NILEDUTCH OSPREY,IMO9365829,V7AP5,70,0,182,28,11.0,71,A
367359930,2020-08-21T22:11:42,36.82407,-76.28904,0.0,245.0,511.0,SUNNY WILLIAMS,,WDE4940,80,0,25,8,,80,A
367821000,2020-08-21T22:20:40,36.97288,-76.43364,0.0,0.0,511.0,YANO,IMO7825409,NAQH,70,0,276,32,13.0,70,A
366842000,2020-08-21T22:20:29,36.85383,-76.31118,0.0,209.9,43.0,CAPE RACE,IMO7616377,KAFJ,70,5,197,32,10.0,35,A
538005042,2020-08-21T22:12:16,36.93007,-76.33702,5.4,335.2,349.0,NILEDUTCH OSPREY,IMO9365829,V7AP5,70,0,182,28,11.0,71,A
367821000,2020-08-21T22:14:29,36.97288,-76.43364,0.0,0.0,511.0,YANO,IMO7825409,NAQH,70,0,276,32,13.0,70,A
366842000,2020-08-21T22:14:24,36.85380,-76.31116,0.0,209.9,43.0,CAPE RACE,IMO7616377,KAFJ,70,5,197,32,10.0,35,A
366839000,2020-08-21T22:22:11,36.85345,-76.31084,0.0,0.0,39.0,CAPE RISE,IMO7530808,KAFG,70,5,197,32,10.0,,A
366839000,2020-08-21T22:13:15,36.85351,-76.31079,0.0,0.0,39.0,CAPE RISE,IMO7530808,KAFG,70,5,197,32,10.0,,A
538002652,2020-08-21T22:21:53,36.87952,-76.32652,0.0,196.0,276.0,NAIAS,IMO9330800,V7KN8,70,5,225,32,14.0,70,A
366842000,2020-08-21T22:23:29,36.85380,-76.31118,0.0,209.9,43.0,CAPE RACE,IMO7616377,KAFJ,70,5,197,32,10.0,35,A
368026000,2020-08-21T22:24:20,36.86575,-76.31604,0.0,270.5,2.0,BENAVIDEZ,IMO9218210,NBHG,70,5,289,32,10.9,70,A
477196100,2020-08-21T22:22:03,37.19430,-76.13469,0.1,303.7,32.0,DARYA MA,IMO9591674,VRJH5,70,1,229,32,14.5,,A
367821000,2020-08-21T22:21:50,36.97288,-76.43364,0.0,0.0,511.0,YANO,IMO7825409,NAQH,70,0,276,32,13.0,70,A
367821000,2020-08-21T22:16:49,36.97288,-76.43364,0.0,0.0,511.0,YANO,IMO7825409,NAQH,70,0,276,32,13.0,70,A
538005042,2020-08-21T22:17:04,36.93877,-76.33670,8.4,1.0,1.0,NILEDUTCH OSPREY,IMO9365829,V7AP5,70,0,182,28,11.0,71,A
367822000,2020-08-21T22:17:56,36.97311,-76.43387,0.0,0.0,239.0,USNS SHUGHART,IMO7825394,NAOQ,70,5,276,32,13.0,70,A
367359930,2020-08-21T22:22:43,36.82407,-76.28902,0.0,256.3,511.0,SUNNY WILLIAMS,,WDE4940,80,0,25,8,,80,A
355919000,2020-08-21T22:18:30,36.87385,-76.34895,0.0,167.2,347.0,MSC MARIA ELENA,IMO9304423,3EGR2,70,0,336,45,15.0,71,A
538002652,2020-08-21T22:18:51,36.87948,-76.32650,0.0,196.0,276.0,NAIAS,IMO9330800,V7KN8,70,5,225,32,14.0,70,A
215677000,2020-08-21T22:20:01,36.96292,-76.42422,0.1,256.1,40.0,RIZE,IMO9584035,9HA2781,70,5,229,32,14.5,,A
215677000,2020-08-21T22:22:59,36.96291,-76.42419,0.0,256.1,40.0,RIZE,IMO9584035,9HA2781,70,5,229,32,14.5,,A
477196100,2020-08-21T22:18:58,37.19430,-76.13471,0.1,303.7,31.0,DARYA MA,IMO9591674,VRJH5,70,1,229,32,14.5,,A
538002953,2020-08-21T22:19:41,36.87755,-76.34989,0.0,103.7,347.0,SCT SANTIAGO,IMO9302566,V7NF7,70,5,294,32,13.5,71,A
355919000,2020-08-21T22:26:20,36.87384,-76.34896,0.0,204.0,347.0,MSC MARIA ELENA,IMO9304423,3EGR2,70,0,336,45,15.0,71,A
538005042,2020-08-21T22:25:15,36.96139,-76.33511,10.4,4.5,4.0,NILEDUTCH OSPREY,IMO9365829,V7AP5,70,0,182,28,11.0,71,A
367359930,2020-08-21T22:25:13,36.82406,-76.28902,0.0,257.2,511.0,SUNNY WILLIAMS,,WDE4940,80,0,25,8,,80,A
366839000,2020-08-21T22:19:16,36.85348,-76.31080,0.0,0.0,39.0,CAPE RISE,IMO7530808,KAFG,70,5,197,32,10.0,,A
538002953,2020-08-21T22:16:40,36.87756,-76.34993,0.0,0.0,347.0,SCT SANTIAGO,IMO9302566,V7NF7,70,5,294,32,13.5,71,A
538002652,2020-08-21T22:15:52,36.87953,-76.32647,0.1,199.0,276.0,NAIAS,IMO9330800,V7KN8,70,5,225,32,14.0,70,A
366839000,2020-08-21T22:16:16,36.85348,-76.31080,0.0,0.0,40.0,CAPE RISE,IMO7530808,KAFG,70,5,197,32,10.0,,A
366842000,2020-08-21T22:26:27,36.85379,-76.31117,0.0,209.9,43.0,CAPE RACE,IMO7616377,KAFJ,70,5,197,32,10.0,35,A
538005042,2020-08-21T22:24:05,36.95808,-76.33544,10.3,3.5,3.0,NILEDUTCH OSPREY,IMO9365829,V7AP5,70,0,182,28,11.0,71,A
367932000,2020-08-21T22:21:08,36.94913,-76.32960,0.0,107.0,279.0,JOHN LENTHALL,IMO8325547,NJLN,80,5,193,29,,,A
368026000,2020-08-21T22:21:21,36.86578,-76.31605,0.1,270.5,2.0,BENAVIDEZ,IMO9218210,NBHG,70,5,289,32,10.9,70,A
368026000,2020-08-21T22:27:21,36.86577,-76.31603,0.0,270.5,2.0,BENAVIDEZ,IMO9218210,NBHG,70,5,289,32,10.9,70,A
367822000,2020-08-21T22:20:56,36.97309,-76.43385,0.0,0.0,239.0,USNS SHUGHART,IMO7825394,NAOQ,70,5,276,32,13.0,70,A
538002652,2020-08-21T22:24:51,36.87953,-76.32648,0.0,196.0,276.0,NAIAS,IMO9330800,V7KN8,70,5,225,32,14.0,70,A
355919000,2020-08-21T22:22:10,36.87387,-76.34896,0.0,193.7,347.0,MSC MARIA ELENA,IMO9304423,3EGR2,70,0,336,45,15.0,71,A
538004202,2020-08-21T22:20:42,36.91126,-76.32761,0.0,325.2,352.0,MOL MISSION,IMO9475650,V7VS5,70,5,301,43,14.2,,A
215677000,2020-08-21T22:26:00,36.96292,-76.42421,0.0,256.1,40.0,RIZE,IMO9584035,9HA2781,70,5,229,32,14.5,,A
355919000,2020-08-21T22:17:20,36.87387,-76.34898,0.0,193.7,347.0,MSC MARIA ELENA,IMO9304423,3EGR2,70,0,336,45,15.0,71,A
367821000,2020-08-21T22:25:29,36.97288,-76.43364,0.0,0.0,511.0,YANO,IMO7825409,NAQH,70,0,276,32,13.0,70,A
538005042,2020-08-21T22:18:14,36.94166,-76.33660,9.3,1.0,1.0,NILEDUTCH OSPREY,IMO9365829,V7AP5,70,0,182,28,11.0,71,A
367861000,2020-08-21T22:18:00,36.94638,-76.32975,0.0,0.0,265.0,LARAMIE,IMO8906626,NLAR,80,5,193,29,,,A
368026000,2020-08-21T22:18:20,36.86579,-76.31603,0.0,270.5,2.0,BENAVIDEZ,IMO9218210,NBHG,70,5,289,32,10.9,70,A
538002953,2020-08-21T22:28:41,36.87758,-76.34990,0.0,0.0,347.0,SCT SANTIAGO,IMO9302566,V7NF7,70,5,294,32,13.5,71,A
367821000,2020-08-21T22:24:19,36.97288,-76.43364,0.0,0.0,511.0,YANO,IMO7825409,NAQH,70,0,276,32,13.0,70,A
367822000,2020-08-21T22:23:55,36.97309,-76.43386,0.0,0.0,239.0,USNS SHUGHART,IMO7825394,NAOQ,70,5,276,32,13.0,70,A
367861000,2020-08-21T22:24:01,36.94638,-76.32980,0.0,0.0,265.0,LARAMIE,IMO8906626,NLAR,80,5,193,29,,,A
367821000,2020-08-21T22:26:39,36.97288,-76.43364,0.0,0.0,511.0,YANO,IMO7825409,NAQH,70,0,276,32,13.0,70,A
477196100,2020-08-21T22:28:02,37.19434,-76.13480,0.1,303.7,35.0,DARYA MA,IMO9591674,VRJH5,70,1,229,32,14.5,,A
538004202,2020-08-21T22:29:40,36.91132,-76.32764,0.0,325.2,352.0,MOL MISSION,IMO9475650,V7VS5,70,5,301,43,14.2,,A
538002953,2020-08-21T22:25:41,36.87746,-76.34982,0.0,103.7,347.0,SCT SANTIAGO,IMO9302566,V7NF7,70,5,294,32,13.5,71,A
538004202,2020-08-21T22:23:40,36.91130,-76.32761,0.0,325.2,352.0,MOL MISSION,IMO9475650,V7VS5,70,5,301,43,14.2,,A
367359930,2020-08-21T22:19:53,36.82408,-76.28900,0.0,254.8,511.0,SUNNY WILLIAMS,,WDE4940,80,0,25,8,,80,A
538005042,2020-08-21T22:30:44,36.97738,-76.32611,12.6,45.9,45.0,NILEDUTCH OSPREY,IMO9365829,V7AP5,70,0,182,28,11.0,71,A
355919000,2020-08-21T22:31:09,36.87384,-76.34901,0.0,257.1,347.0,MSC MARIA ELENA,IMO9304423,3EGR2,70,0,336,45,15.0,71,A
355919000,2020-08-21T22:19:49,36.87389,-76.34900,0.0,167.2,347.0,MSC MARIA ELENA,IMO9304423,3EGR2,70,0,336,45,15.0,71,A
367359930,2020-08-21T22:23:51,36.82407,-76.28902,0.0,257.9,511.0,SUNNY WILLIAMS,,WDE4940,80,0,25,8,,80,A
538002652,2020-08-21T22:30:50,36.87943,-76.32655,0.0,196.0,276.0,NAIAS,IMO9330800,V7KN8,70,5,225,32,14.0,70,A
367932000,2020-08-21T22:24:08,36.94917,-76.32961,0.0,107.0,279.0,JOHN LENTHALL,IMO8325547,NJLN,80,5,193,29,,,A
355919000,2020-08-21T22:24:30,36.87382,-76.34896,0.0,140.6,347.0,MSC MARIA ELENA,IMO9304423,3EGR2,70,0,336,45,15.0,71,A
366839000,2020-08-21T22:25:18,36.85348,-76.31078,0.0,0.0,40.0,CAPE RISE,IMO7530808,KAFG,70,5,197,32,10.0,,A
538002652,2020-08-21T22:27:49,36.87950,-76.32650,0.0,196.0,276.0,NAIAS,IMO9330800,V7KN8,70,5,225,32,14.0,70,A
477196100,2020-08-21T22:25:03,37.19431,-76.13473,0.0,303.7,33.0,DARYA MA,IMO9591674,VRJH5,70,1,229,32,14.5,,A
367359930,2020-08-21T22:26:23,36.82406,-76.28901,0.0,261.8,511.0,SUNNY WILLIAMS,,WDE4940,80,0,25,8,,80,A
366842000,2020-08-21T22:29:24,36.85386,-76.31123,0.0,209.9,43.0,CAPE RACE,IMO7616377,KAFJ,70,5,197,32,10.0,35,A
367821000,2020-08-21T22:30:20,36.97288,-76.43364,0.0,0.0,511.0,YANO,IMO7825409,NAQH,70,0,276,32,13.0,70,A
367359930,2020-08-21T22:30:13,36.82407,-76.28901,0.0,256.2,511.0,SUNNY WILLIAMS,,WDE4940,80,0,25,8,,80,A
367821000,2020-08-21T22:23:09,36.97288,-76.43364,0.0,0.0,511.0,YANO,IMO7825409,NAQH,70,0,276,32,13.0,70,A
355919000,2020-08-21T22:23:20,36.87383,-76.34896,0.0,167.2,347.0,MSC MARIA ELENA,IMO9304423,3EGR2,70,0,336,45,15.0,71,A
366839000,2020-08-21T22:34:15,36.85348,-76.31083,0.0,0.0,39.0,CAPE RISE,IMO7530808,KAFG,70,5,197,32,10.0,,A
538004202,2020-08-21T22:26:43,36.91125,-76.32764,0.0,325.2,352.0,MOL MISSION,IMO9475650,V7VS5,70,5,301,43,14.2,,A
477196100,2020-08-21T22:31:03,37.19438,-76.13484,0.1,303.7,37.0,DARYA MA,IMO9591674,VRJH5,70,1,229,32,14.5,,A
367861000,2020-08-21T22:30:01,36.94636,-76.32978,0.0,0.0,265.0,LARAMIE,IMO8906626,NLAR,80,5,193,29,,,A
367359930,2020-08-21T22:28:51,36.82408,-76.28902,0.0,256.4,511.0,SUNNY WILLIAMS,,WDE4940,80,0,25,8,,80,A
367822000,2020-08-21T22:26:55,36.97309,-76.43386,0.0,0.0,239.0,USNS SHUGHART,IMO7825394,NAOQ,70,5,276,32,13.0,70,A
367821000,2020-08-21T22:33:00,36.97288,-76.43364,0.0,0.0,511.0,YANO,IMO7825409,NAQH,70,0,276,32,13.0,70,A
477196100,2020-08-21T22:34:03,37.19441,-76.13492,0.1,303.7,38.0,DARYA MA,IMO9591674,VRJH5,70,1,229,32,14.5,,A
538005042,2020-08-21T22:29:11,36.97360,-76.33063,12.3,33.5,41.0,NILEDUTCH OSPREY,IMO9365829,V7AP5,70,0,182,28,11.0,71,A
367821000,2020-08-21T22:35:30,36.97287,-76.43364,0.0,0.0,511.0,YANO,IMO7825409,NAQH,70,0,276,32,13.0,70,A
355919000,2020-08-21T22:29:30,36.87380,-76.34901,0.0,257.1,347.0,MSC MARIA ELENA,IMO9304423,3EGR2,70,0,336,45,15.0,71,A
367821000,2020-08-21T22:27:50,36.97288,-76.43364,0.0,0.0,511.0,YANO,IMO7825409,NAQH,70,0,276,32,13.0,70,A
355919000,2020-08-21T22:35:30,36.87383,-76.34887,0.0,247.7,347.0,MSC MARIA ELENA,IMO9304423,3EGR2,70,0,336,45,15.0,71,A
538004202,2020-08-21T22:35:41,36.91132,-76.32764,0.0,325.2,352.0,MOL MISSION,IMO9475650,V7VS5,70,5,301,43,14.2,,A
538004202,2020-08-21T22:32:37,36.91130,-76.32761,0.0,325.2,352.0,MOL MISSION,IMO9475650,V7VS5,70,5,301,43,14.2,,A
538005042,2020-08-21T22:34:00,36.98624,-76.31553,14.3,45.1,46.0,NILEDUTCH OSPREY,IMO9365829,V7AP5,70,0,182,28,11.0,71,A
538005042,2020-08-21T22:26:34,36.96544,-76.33476,11.7,3.0,7.0,NILEDUTCH OSPREY,IMO9365829,V7AP5,70,0,182,28,11.0,71,A
367932000,2020-08-21T22:30:08,36.94907,-76.32972,0.0,107.0,279.0,JOHN LENTHALL,IMO8325547,NJLN,80,5,193,29,,,A
368026000,2020-08-21T22:30:20,36.86575,-76.31604,0.0,270.5,2.0,BENAVIDEZ,IMO9218210,NBHG,70,5,289,32,10.9,70,A
368026000,2020-08-21T22:36:21,36.86577,-76.31604,0.0,270.5,2.0,BENAVIDEZ,IMO9218210,NBHG,70,5,289,32,10.9,70,A
367822000,2020-08-21T22:35:55,36.97309,-76.43385,0.0,0.0,238.0,USNS SHUGHART,IMO7825394,NAOQ,70,5,276,32,13.0,70,A
367861000,2020-08-21T22:27:01,36.94639,-76.32980,0.0,0.0,265.0,LARAMIE,IMO8906626,NLAR,80,5,193,29,,,A
355919000,2020-08-21T22:38:49,36.87386,-76.34898,0.0,249.0,347.0,MSC MARIA ELENA,IMO9304423,3EGR2,70,0,336,45,15.0,71,A
367932000,2020-08-21T22:33:09,36.94914,-76.32965,0.0,107.0,279.0,JOHN LENTHALL,IMO8325547,NJLN,80,5,193,29,,,A
538005042,2020-08-21T22:32:24,36.98176,-76.32092,13.6,44.8,44.0,NILEDUTCH OSPREY,IMO9365829,V7AP5,70,0,182,28,11.0,71,A
538002652,2020-08-21T22:36:53,36.87953,-76.32638,0.0,196.0,276.0,NAIAS,IMO9330800,V7KN8,70,5,225,32,14.0,70,A
366839000,2020-08-21T22:31:19,36.85347,-76.31083,0.0,0.0,39.0,CAPE RISE,IMO7530808,KAFG,70,5,197,32,10.0,,A
368026000,2020-08-21T22:33:21,36.86574,-76.31603,0.0,270.5,2.0,BENAVIDEZ,IMO9218210,NBHG,70,5,289,32,10.9,70,A
367359930,2020-08-21T22:27:42,36.82407,-76.28903,0.0,258.4,511.0,SUNNY WILLIAMS,,WDE4940,80,0,25,8,,80,A
538005042,2020-08-21T22:40:21,37.00119,-76.28779,15.8,61.2,66.0,NILEDUTCH OSPREY,IMO9365829,V7AP5,70,0,182,28,11.0,71,A
538004202,2020-08-21T22:38:41,36.91122,-76.32758,0.0,325.2,352.0,MOL MISSION,IMO9475650,V7VS5,70,5,301,43,14.2,,A
367822000,2020-08-21T22:38:55,36.97309,-76.43385,0.0,0.0,238.0,USNS SHUGHART,IMO7825394,NAOQ,70,5,276,32,13.0,70,A
367861000,2020-08-21T22:36:01,36.94640,-76.32971,0.0,0.0,265.0,LARAMIE,IMO8906626,NLAR,80,5,193,29,,,A
367359930,2020-08-21T22:34:33,36.82409,-76.28903,0.0,260.4,511.0,SUNNY WILLIAMS,,WDE4940,80,0,25,8,,80,A
366842000,2020-08-21T22:35:28,36.85381,-76.31116,0.0,209.9,43.0,CAPE RACE,IMO7616377,KAFJ,70,5,197,32,10.0,35,A
355919000,2020-08-21T22:40:10,36.87389,-76.34892,0.0,247.7,347.0,MSC MARIA ELENA,IMO9304423,3EGR2,70,0,336,45,15.0,71,A
367932000,2020-08-21T22:36:07,36.94913,-76.32964,0.0,107.0,279.0,JOHN LENTHALL,IMO8325547,NJLN,80,5,193,29,,,A
355919000,2020-08-21T22:37:09,36.87383,-76.34892,0.0,249.0,347.0,MSC MARIA ELENA,IMO9304423,3EGR2,70,0,336,45,15.0,71,A
477196100,2020-08-21T22:37:03,37.19441,-76.13490,0.0,303.7,38.0,DARYA MA,IMO9591674,VRJH5,70,1,229,32,14.5,,A
215677000,2020-08-21T22:29:00,36.96294,-76.42419,0.1,256.1,40.0,RIZE,IMO9584035,9HA2781,70,5,229,32,14.5,,A
367359930,2020-08-21T22:31:33,36.82408,-76.28901,0.0,260.9,511.0,SUNNY WILLIAMS,,WDE4940,80,0,25,8,,80,A
367821000,2020-08-21T22:40:40,36.97291,-76.43366,0.0,0.0,511.0,YANO,IMO7825409,NAQH,70,0,276,32,13.0,70,A
367821000,2020-08-21T22:31:30,36.97288,-76.43364,0.0,0.0,511.0,YANO,IMO7825409,NAQH,70,0,276,32,13.0,70,A
215677000,2020-08-21T22:32:00,36.96291,-76.42419,0.0,256.1,40.0,RIZE,IMO9584035,9HA2781,70,5,229,32,14.5,,A
366842000,2020-08-21T22:38:29,36.85385,-76.31122,0.0,209.9,42.0,CAPE RACE,IMO7616377,KAFJ,70,5,197,32,10.0,35,A
355919000,2020-08-21T22:32:19,36.87387,-76.34900,0.0,257.1,347.0,MSC MARIA ELENA,IMO9304423,3EGR2,70,0,336,45,15.0,71,A
215677000,2020-08-21T22:35:01,36.96290,-76.42419,0.0,256.1,40.0,RIZE,IMO9584035,9HA2781,70,5,229,32,14.5,,A
367359930,2020-08-21T22:40:03,36.82406,-76.28903,0.0,265.8,511.0,SUNNY WILLIAMS,,WDE4940,80,0,25,8,,80,A
367359930,2020-08-21T22:32:43,36.82408,-76.28902,0.0,264.5,511.0,SUNNY WILLIAMS,,WDE4940,80,0,25,8,,80,A
367359930,2020-08-21T22:41:53,36.82406,-76.28902,0.0,274.2,511.0,SUNNY WILLIAMS,,WDE4940,80,0,25,8,,80,A
366842000,2020-08-21T22:41:27,36.85381,-76.31117,0.0,209.9,42.0,CAPE RACE,IMO7616377,KAFJ,70,5,197,32,10.0,35,A
538002652,2020-08-21T22:39:50,36.87948,-76.32648,0.0,196.0,276.0,NAIAS,IMO9330800,V7KN8,70,5,225,32,14.0,70,A
538002652,2020-08-21T22:33:51,36.87950,-76.32648,0.0,196.0,276.0,NAIAS,IMO9330800,V7KN8,70,5,225,32,14.0,70,A
367821000,2020-08-21T22:42:59,36.97289,-76.43366,0.0,0.0,511.0,YANO,IMO7825409,NAQH,70,0,276,32,13.0,70,A
367821000,2020-08-21T22:34:10,36.97287,-76.43364,0.0,0.0,511.0,YANO,IMO7825409,NAQH,70,0,276,32,13.0,70,A
538002953,2020-08-21T22:34:42,36.87760,-76.34996,0.0,167.3,347.0,SCT SANTIAGO,IMO9302566,V7NF7,70,5,294,32,13.5,71,A
538005042,2020-08-21T22:35:17,36.98984,-76.31073,14.7,54.4,58.0,NILEDUTCH OSPREY,IMO9365829,V7AP5,70,0,182,28,11.0,71,A
367821000,2020-08-21T22:36:39,36.97287,-76.43364,0.0,0.0,511.0,YANO,IMO7825409,NAQH,70,0,276,32,13.0,70,A
266338000,2020-08-21T00:11:08,37.24151,-76.13329,16.6,16.4,17.0,FIGARO,IMO9505041,SMIO,70,0,231,32,11.3,,A
368026000,2020-08-21T22:39:21,36.86576,-76.31604,0.1,270.5,2.0,BENAVIDEZ,IMO9218210,NBHG,70,5,289,32,10.9,70,A
538005042,2020-08-21T22:44:47,37.00651,-76.26448,15.9,76.2,77.0,NILEDUTCH OSPREY,IMO9365829,V7AP5,70,0,182,28,11.0,71,A
538002953,2020-08-21T22:40:41,36.87757,-76.34993,0.0,257.2,347.0,SCT SANTIAGO,IMO9302566,V7NF7,70,5,294,32,13.5,71,A
538004202,2020-08-21T22:44:41,36.91109,-76.32764,0.0,325.2,352.0,MOL MISSION,IMO9475650,V7VS5,70,5,301,43,14.2,,A
367821000,2020-08-21T22:39:39,36.97290,-76.43367,0.0,0.0,511.0,YANO,IMO7825409,NAQH,70,0,276,32,13.0,70,A
538005042,2020-08-21T22:41:35,37.00297,-76.28150,15.7,74.1,76.0,NILEDUTCH OSPREY,IMO9365829,V7AP5,70,0,182,28,11.0,71,A
367359930,2020-08-21T22:35:43,36.82409,-76.28902,0.0,260.8,511.0,SUNNY WILLIAMS,,WDE4940,80,0,25,8,,80,A
367932000,2020-08-21T22:39:08,36.94918,-76.32963,0.0,107.0,279.0,JOHN LENTHALL,IMO8325547,NJLN,80,5,193,29,,,A
367821000,2020-08-21T22:45:19,36.97289,-76.43366,0.0,0.0,511.0,YANO,IMO7825409,NAQH,70,0,276,32,13.0,70,A
368026000,2020-08-21T22:45:21,36.86578,-76.31603,0.0,270.5,2.0,BENAVIDEZ,IMO9218210,NBHG,70,5,289,32,10.9,70,A
477196100,2020-08-21T22:42:57,37.19443,-76.13487,0.1,303.7,38.0,DARYA MA,IMO9591674,VRJH5,70,1,229,32,14.5,,A
355919000,2020-08-21T22:45:30,36.87379,-76.34886,0.0,275.6,347.0,MSC MARIA ELENA,IMO9304423,3EGR2,70,0,336,45,15.0,71,A
538002953,2020-08-21T22:37:41,36.87759,-76.34997,0.0,0.0,347.0,SCT SANTIAGO,IMO9302566,V7NF7,70,5,294,32,13.5,71,A
366839000,2020-08-21T22:46:15,36.85345,-76.31080,0.0,0.0,39.0,CAPE RISE,IMO7530808,KAFG,70,5,197,32,10.0,,A
366839000,2020-08-21T22:37:18,36.85347,-76.31081,0.0,0.0,40.0,CAPE RISE,IMO7530808,KAFG,70,5,197,32,10.0,,A
367359930,2020-08-21T22:36:53,36.82408,-76.28902,0.0,268.0,511.0,SUNNY WILLIAMS,,WDE4940,80,0,25,8,,80,A
367359930,2020-08-21T22:48:22,36.82407,-76.28904,0.0,254.3,511.0,SUNNY WILLIAMS,,WDE4940,80,0,25,8,,80,A
367359930,2020-08-21T22:38:53,36.82407,-76.28903,0.0,267.7,511.0,SUNNY WILLIAMS,,WDE4940,80,0,25,8,,80,A
367359930,2020-08-21T22:43:42,36.82406,-76.28903,0.0,272.2,511.0,SUNNY WILLIAMS,,WDE4940,80,0,25,8,,80,A
215677000,2020-08-21T22:47:01,36.96292,-76.42421,0.1,256.1,40.0,RIZE,IMO9584035,9HA2781,70,5,229,32,14.5,,A
538005042,2020-08-21T22:43:35,37.00520,-76.27090,15.9,73.1,75.0,NILEDUTCH OSPREY,IMO9365829,V7AP5,70,0,182,28,11.0,71,A
366842000,2020-08-21T22:47:24,36.85381,-76.31119,0.0,209.9,42.0,CAPE RACE,IMO7616377,KAFJ,70,5,197,32,10.0,35,A
355919000,2020-08-21T22:44:20,36.87385,-76.34899,0.0,283.7,347.0,MSC MARIA ELENA,IMO9304423,3EGR2,70,0,336,45,15.0,71,A
367932000,2020-08-21T22:45:08,36.94920,-76.32960,0.0,107.0,279.0,JOHN LENTHALL,IMO8325547,NJLN,80,5,193,29,,,A
367821000,2020-08-21T22:47:39,36.97288,-76.43366,0.0,0.0,511.0,YANO,IMO7825409,NAQH,70,0,276,32,13.0,70,A
366842000,2020-08-21T22:44:24,36.85381,-76.31119,0.0,209.9,42.0,CAPE RACE,IMO7616377,KAFJ,70,5,197,32,10.0,35,A
538005042,2020-08-21T22:49:48,37.00668,-76.23778,15.6,103.1,102.0,NILEDUTCH OSPREY,IMO9365829,V7AP5,70,0,182,28,11.0,71,A
538004202,2020-08-21T22:47:41,36.91119,-76.32767,0.0,325.2,352.0,MOL MISSION,IMO9475650,V7VS5,70,5,301,43,14.2,,A
538002953,2020-08-21T22:49:41,36.87760,-76.34995,0.0,77.4,347.0,SCT SANTIAGO,IMO9302566,V7NF7,70,5,294,32,13.5,71,A
367359930,2020-08-21T22:45:32,36.82405,-76.28902,0.0,275.7,511.0,SUNNY WILLIAMS,,WDE4940,80,0,25,8,,80,A
366839000,2020-08-21T22:43:17,36.85344,-76.31080,0.0,0.0,39.0,CAPE RISE,IMO7530808,KAFG,70,5,197,32,10.0,,A
367932000,2020-08-21T22:48:09,36.94918,-76.32956,0.0,107.0,279.0,JOHN LENTHALL,IMO8325547,NJLN,80,5,193,29,,,A
367821000,2020-08-21T22:44:09,36.97289,-76.43366,0.0,0.0,511.0,YANO,IMO7825409,NAQH,70,0,276,32,13.0,70,A
215677000,2020-08-21T22:44:01,36.96292,-76.42419,0.1,256.1,40.0,RIZE,IMO9584035,9HA2781,70,5,229,32,14.5,,A
538002652,2020-08-21T22:45:51,36.87947,-76.32648,0.0,276.0,276.0,NAIAS,IMO9330800,V7KN8,70,5,225,32,14.0,70,A
367822000,2020-08-21T22:41:56,36.97309,-76.43386,0.0,0.0,238.0,USNS SHUGHART,IMO7825394,NAOQ,70,5,276,32,13.0,70,A
477196100,2020-08-21T22:49:03,37.19446,-76.13501,0.1,267.4,41.0,DARYA MA,IMO9591674,VRJH5,70,1,229,32,14.5,,A
367359930,2020-08-21T22:49:32,36.82407,-76.28904,0.0,235.5,511.0,SUNNY WILLIAMS,,WDE4940,80,0,25,8,,80,A
367821000,2020-08-21T22:50:49,36.97288,-76.43366,0.0,0.0,511.0,YANO,IMO7825409,NAQH,70,0,276,32,13.0,70,A
477196100,2020-08-21T22:40:03,37.19441,-76.13490,0.0,303.7,37.0,DARYA MA,IMO9591674,VRJH5,70,1,229,32,14.5,,A
367359930,2020-08-21T22:52:22,36.82407,-76.28904,0.0,217.3,511.0,SUNNY WILLIAMS,,WDE4940,80,0,25,8,,80,A
215677000,2020-08-21T22:41:02,36.96291,-76.42420,0.0,256.1,40.0,RIZE,IMO9584035,9HA2781,70,5,229,32,14.5,,A
367861000,2020-08-21T22:51:01,36.94637,-76.32971,0.0,0.0,265.0,LARAMIE,IMO8906626,NLAR,80,5,193,29,,,A
538002953,2020-08-21T22:43:41,36.87758,-76.34994,0.0,0.0,347.0,SCT SANTIAGO,IMO9302566,V7NF7,70,5,294,32,13.5,71,A
355919000,2020-08-21T22:46:49,36.87384,-76.34898,0.0,283.7,347.0,MSC MARIA ELENA,IMO9304423,3EGR2,70,0,336,45,15.0,71,A
366842000,2020-08-21T22:53:28,36.85383,-76.31122,0.0,209.9,42.0,CAPE RACE,IMO7616377,KAFJ,70,5,197,32,10.0,35,A
538005042,2020-08-21T22:46:29,37.00836,-76.25539,15.7,81.7,85.0,NILEDUTCH OSPREY,IMO9365829,V7AP5,70,0,182,28,11.0,71,A
367861000,2020-08-21T22:42:01,36.94641,-76.32977,0.0,0.0,265.0,LARAMIE,IMO8906626,NLAR,80,5,193,29,,,A
367861000,2020-08-21T22:45:00,36.94643,-76.32976,0.0,0.0,265.0,LARAMIE,IMO8906626,NLAR,80,5,193,29,,,A
367822000,2020-08-21T22:44:55,36.97309,-76.43386,0.0,0.0,238.0,USNS SHUGHART,IMO7825394,NAOQ,70,5,276,32,13.0,70,A
367821000,2020-08-21T22:53:10,36.97288,-76.43367,0.0,0.0,511.0,YANO,IMO7825409,NAQH,70,0,276,32,13.0,70,A
368026000,2020-08-21T22:42:20,36.86577,-76.31605,0.0,270.5,2.0,BENAVIDEZ,IMO9218210,NBHG,70,5,289,32,10.9,70,A
538005042,2020-08-21T22:54:47,37.00075,-76.21161,15.8,106.7,106.0,NILEDUTCH OSPREY,IMO9365829,V7AP5,70,0,182,28,11.0,71,A
366839000,2020-08-21T22:49:18,36.85348,-76.31084,0.0,0.0,39.0,CAPE RISE,IMO7530808,KAFG,70,5,197,32,10.0,,A
367861000,2020-08-21T22:47:59,36.94637,-76.32979,0.0,0.0,265.0,LARAMIE,IMO8906626,NLAR,80,5,193,29,,,A
355919000,2020-08-21T22:50:10,36.87383,-76.34896,0.0,302.1,347.0,MSC MARIA ELENA,IMO9304423,3EGR2,70,0,336,45,15.0,71,A
538002652,2020-08-21T22:48:53,36.87950,-76.32645,0.0,276.0,276.0,NAIAS,IMO9330800,V7KN8,70,5,225,32,14.0,70,A
367822000,2020-08-21T22:50:55,36.97309,-76.43385,0.0,0.0,238.0,USNS SHUGHART,IMO7825394,NAOQ,70,5,276,32,13.0,70,A
367821000,2020-08-21T22:49:39,36.97288,-76.43366,0.0,0.0,511.0,YANO,IMO7825409,NAQH,70,0,276,32,13.0,70,A
477196100,2020-08-21T22:46:04,37.19447,-76.13493,0.1,303.7,39.0,DARYA MA,IMO9591674,VRJH5,70,1,229,32,14.5,,A
538004202,2020-08-21T22:53:42,36.91117,-76.32739,0.0,325.2,352.0,MOL MISSION,IMO9475650,V7VS5,70,5,301,43,14.2,,A
538005042,2020-08-21T22:52:36,37.00364,-76.22310,15.8,107.7,107.0,NILEDUTCH OSPREY,IMO9365829,V7AP5,70,0,182,28,11.0,71,A
366839000,2020-08-21T22:52:14,36.85348,-76.31082,0.0,0.0,39.0,CAPE RISE,IMO7530808,KAFG,70,5,197,32,10.0,,A
367359930,2020-08-21T22:50:43,36.82407,-76.28904,0.0,226.7,511.0,SUNNY WILLIAMS,,WDE4940,80,0,25,8,,80,A
538004202,2020-08-21T22:50:43,36.91097,-76.32737,0.0,325.2,352.0,MOL MISSION,IMO9475650,V7VS5,70,5,301,43,14.2,,A
538002953,2020-08-21T22:52:42,36.87761,-76.34998,0.0,0.0,347.0,SCT SANTIAGO,IMO9302566,V7NF7,70,5,294,32,13.5,71,A
367821000,2020-08-21T22:46:30,36.97288,-76.43365,0.0,0.0,511.0,YANO,IMO7825409,NAQH,70,0,276,32,13.0,70,A
477196100,2020-08-21T22:52:03,37.19447,-76.13505,0.0,267.4,42.0,DARYA MA,IMO9591674,VRJH5,70,1,229,32,14.5,,A
538002652,2020-08-21T22:54:49,36.87947,-76.32642,0.0,276.0,276.0,NAIAS,IMO9330800,V7KN8,70,5,225,32,14.0,70,A
538002953,2020-08-21T22:46:41,36.87756,-76.34990,0.0,167.4,347.0,SCT SANTIAGO,IMO9302566,V7NF7,70,5,294,32,13.5,71,A
538002652,2020-08-21T22:51:51,36.87938,-76.32652,0.0,276.0,276.0,NAIAS,IMO9330800,V7KN8,70,5,225,32,14.0,70,A
367822000,2020-08-21T22:53:56,36.97309,-76.43385,0.0,0.0,238.0,USNS SHUGHART,IMO7825394,NAOQ,70,5,276,32,13.0,70,A
367821000,2020-08-21T22:54:19,36.97288,-76.43366,0.0,0.0,511.0,YANO,IMO7825409,NAQH,70,0,276,32,13.0,70,A
538005042,2020-08-21T22:53:42,37.00214,-76.21727,15.8,106.3,106.0,NILEDUTCH OSPREY,IMO9365829,V7AP5,70,0,182,28,11.0,71,A
538005042,2020-08-21T22:47:35,37.00843,-76.24958,15.4,95.1,98.0,NILEDUTCH OSPREY,IMO9365829,V7AP5,70,0,182,28,11.0,71,A
367932000,2020-08-21T22:51:08,36.94915,-76.32968,0.0,107.0,279.0,JOHN LENTHALL,IMO8325547,NJLN,80,5,193,29,,,A
368026000,2020-08-21T22:48:20,36.86576,-76.31605,0.1,270.5,2.0,BENAVIDEZ,IMO9218210,NBHG,70,5,289,32,10.9,70,A
215677000,2020-08-21T22:55:58,36.96292,-76.42420,0.0,256.1,40.0,RIZE,IMO9584035,9HA2781,70,5,229,32,14.5,,A
538005042,2020-08-21T22:48:41,37.00769,-76.24369,15.5,101.6,102.0,NILEDUTCH OSPREY,IMO9365829,V7AP5,70,0,182,28,11.0,71,A
367359930,2020-08-21T22:55:33,36.82408,-76.28902,0.0,206.1,511.0,SUNNY WILLIAMS,,WDE4940,80,0,25,8,,80,A
367861000,2020-08-21T22:54:00,36.94636,-76.32982,0.0,0.0,265.0,LARAMIE,IMO8906626,NLAR,80,5,193,29,,,A
367822000,2020-08-21T22:56:56,36.97308,-76.43385,0.0,0.0,238.0,USNS SHUGHART,IMO7825394,NAOQ,70,5,276,32,13.0,70,A
477196100,2020-08-21T22:58:02,37.19454,-76.13504,0.1,267.4,43.0,DARYA MA,IMO9591674,VRJH5,70,1,229,32,14.5,,A
367821000,2020-08-21T22:56:49,36.97288,-76.43367,0.0,0.0,511.0,YANO,IMO7825409,NAQH,70,0,276,32,13.0,70,A
477196100,2020-08-21T22:55:02,37.19451,-76.13507,0.1,267.4,43.0,DARYA MA,IMO9591674,VRJH5,70,1,229,32,14.5,,A
538005042,2020-08-21T22:56:30,36.99842,-76.20272,15.7,110.4,109.0,NILEDUTCH OSPREY,IMO9365829,V7AP5,70,0,182,28,11.0,71,A
215677000,2020-08-21T22:49:55,36.96292,-76.42421,0.0,256.1,40.0,RIZE,IMO9584035,9HA2781,70,5,229,32,14.5,,A
538002953,2020-08-21T22:55:41,36.87760,-76.34996,0.0,167.4,347.0,SCT SANTIAGO,IMO9302566,V7NF7,70,5,294,32,13.5,71,A
538005042,2020-08-21T22:51:11,37.00541,-76.23042,15.8,101.2,103.0,NILEDUTCH OSPREY,IMO9365829,V7AP5,70,0,182,28,11.0,71,A
355919000,2020-08-21T22:57:09,36.87393,-76.34912,0.0,257.1,347.0,MSC MARIA ELENA,IMO9304423,3EGR2,70,0,336,45,15.0,71,A
355919000,2020-08-21T22:48:49,36.87382,-76.34906,0.0,257.1,347.0,MSC MARIA ELENA,IMO9304423,3EGR2,70,0,336,45,15.0,71,A
367932000,2020-08-21T22:57:08,36.94913,-76.32970,0.0,107.0,279.0,JOHN LENTHALL,IMO8325547,NJLN,80,5,193,29,,,A
367861000,2020-08-21T22:57:01,36.94638,-76.32981,0.0,0.0,265.0,LARAMIE,IMO8906626,NLAR,80,5,193,29,,,A
366842000,2020-08-21T22:59:29,36.85385,-76.31118,0.0,209.9,42.0,CAPE RACE,IMO7616377,KAFJ,70,5,197,32,10.0,35,A
538002652,2020-08-21T22:57:50,36.87945,-76.32645,0.0,276.0,276.0,NAIAS,IMO9330800,V7KN8,70,5,225,32,14.0,70,A
367821000,2020-08-21T22:59:29,36.97287,-76.43367,0.0,0.0,511.0,YANO,IMO7825409,NAQH,70,0,276,32,13.0,70,A
367932000,2020-08-21T22:54:08,36.94913,-76.32967,0.0,107.0,279.0,JOHN LENTHALL,IMO8325547,NJLN,80,5,193,29,,,A
366842000,2020-08-21T22:50:28,36.85381,-76.31117,0.0,209.9,42.0,CAPE RACE,IMO7616377,KAFJ,70,5,197,32,10.0,35,A
215677000,2020-08-21T22:58:59,36.96294,-76.42419,0.0,256.1,40.0,RIZE,IMO9584035,9HA2781,70,5,229,32,14.5,,A
367822000,2020-08-21T22:59:56,36.97308,-76.43385,0.0,0.0,238.0,USNS SHUGHART,IMO7825394,NAOQ,70,5,276,32,13.0,70,A
355919000,2020-08-21T22:59:49,36.87385,-76.34895,0.0,302.1,347.0,MSC MARIA ELENA,IMO9304423,3EGR2,70,0,336,45,15.0,71,A
355919000,2020-08-21T22:51:31,36.87384,-76.34898,0.0,302.1,347.0,MSC MARIA ELENA,IMO9304423,3EGR2,70,0,336,45,15.0,71,A
367932000,2020-08-21T23:00:07,36.94916,-76.32971,0.0,107.0,279.0,JOHN LENTHALL,IMO8325547,NJLN,80,5,193,29,,,A
368026000,2020-08-21T23:00:20,36.86577,-76.31606,0.0,270.5,2.0,BENAVIDEZ,IMO9218210,NBHG,70,5,289,32,10.9,70,A
368026000,2020-08-21T22:51:21,36.86574,-76.31602,0.0,270.5,2.0,BENAVIDEZ,IMO9218210,NBHG,70,5,289,32,10.9,70,A
366839000,2020-08-21T23:01:11,36.85348,-76.31083,0.0,0.0,39.0,CAPE RISE,IMO7530808,KAFG,70,5,197,32,10.0,,A
538005042,2020-08-21T23:01:06,36.99165,-76.17934,15.6,109.7,109.0,NILEDUTCH OSPREY,IMO9365829,V7AP5,70,0,182,28,11.0,71,A
367821000,2020-08-21T23:01:29,36.97288,-76.43366,0.0,0.0,511.0,YANO,IMO7825409,NAQH,70,0,276,32,13.0,70,A
538002953,2020-08-21T23:01:42,36.87758,-76.34993,0.0,257.3,347.0,SCT SANTIAGO,IMO9302566,V7NF7,70,5,294,32,13.5,71,A
367359930,2020-08-21T23:01:22,36.82405,-76.28901,0.0,199.7,511.0,SUNNY WILLIAMS,,WDE4940,80,0,25,8,,80,A
367821000,2020-08-21T23:02:40,36.97288,-76.43366,0.0,0.0,511.0,YANO,IMO7825409,NAQH,70,0,276,32,13.0,70,A
538005042,2020-08-21T23:02:12,36.99004,-76.17375,15.5,110.1,109.0,NILEDUTCH OSPREY,IMO9365829,V7AP5,70,0,182,28,11.0,71,A
538004202,2020-08-21T23:02:44,36.91116,-76.32739,0.0,325.2,352.0,MOL MISSION,IMO9475650,V7VS5,70,5,301,43,14.2,,A
355919000,2020-08-21T23:00:30,36.87387,-76.34899,0.0,302.1,347.0,MSC MARIA ELENA,IMO9304423,3EGR2,70,0,336,45,15.0,71,A
367821000,2020-08-21T23:00:20,36.97288,-76.43366,0.0,0.0,511.0,YANO,IMO7825409,NAQH,70,0,276,32,13.0,70,A
538005042,2020-08-21T23:03:18,36.98842,-76.16807,15.6,109.7,109.0,NILEDUTCH OSPREY,IMO9365829,V7AP5,70,0,182,28,11.0,71,A
366839000,2020-08-21T22:55:18,36.85349,-76.31081,0.0,0.0,39.0,CAPE RISE,IMO7530808,KAFG,70,5,197,32,10.0,,A
367359930,2020-08-21T22:56:42,36.82408,-76.28902,0.0,205.5,511.0,SUNNY WILLIAMS,,WDE4940,80,0,25,8,,80,A
215677000,2020-08-21T23:01:59,36.96292,-76.42421,0.0,256.1,40.0,RIZE,IMO9584035,9HA2781,70,5,229,32,14.5,,A
538005042,2020-08-21T23:04:24,36.98685,-76.16250,15.5,109.3,109.0,NILEDUTCH OSPREY,IMO9365829,V7AP5,70,0,182,28,11.0,71,A
355919000,2020-08-21T22:55:50,36.87384,-76.34901,0.0,257.1,347.0,MSC MARIA ELENA,IMO9304423,3EGR2,70,0,336,45,15.0,71,A
366842000,2020-08-21T22:56:30,36.85384,-76.31119,0.0,209.9,42.0,CAPE RACE,IMO7616377,KAFJ,70,5,197,32,10.0,35,A
367821000,2020-08-21T23:03:49,36.97288,-76.43367,0.0,0.0,511.0,YANO,IMO7825409,NAQH,70,0,276,32,13.0,70,A
477196100,2020-08-21T23:04:01,37.19460,-76.13506,0.1,267.4,44.0,DARYA MA,IMO9591674,VRJH5,70,1,229,32,14.5,,A
538005042,2020-08-21T22:58:30,36.99543,-76.19252,15.7,110.0,109.0,NILEDUTCH OSPREY,IMO9365829,V7AP5,70,0,182,28,11.0,71,A
367359930,2020-08-21T23:04:51,36.82406,-76.28901,0.0,200.4,511.0,SUNNY WILLIAMS,,WDE4940,80,0,25,8,,80,A
538004202,2020-08-21T22:56:43,36.91131,-76.32778,0.0,325.2,352.0,MOL MISSION,IMO9475650,V7VS5,70,5,301,43,14.2,,A
538002953,2020-08-21T23:04:42,36.87759,-76.34995,0.0,257.3,347.0,SCT SANTIAGO,IMO9302566,V7NF7,70,5,294,32,13.5,71,A
368026000,2020-08-21T22:57:20,36.86574,-76.31606,0.0,270.5,2.0,BENAVIDEZ,IMO9218210,NBHG,70,5,289,32,10.9,70,A
367821000,2020-08-21T23:06:09,36.97287,-76.43366,0.0,0.0,511.0,YANO,IMO7825409,NAQH,70,0,276,32,13.0,70,A
366842000,2020-08-21T23:05:31,36.85384,-76.31119,0.0,209.9,42.0,CAPE RACE,IMO7616377,KAFJ,70,5,197,32,10.0,35,A
367359930,2020-08-21T23:06:01,36.82408,-76.28901,0.0,198.5,511.0,SUNNY WILLIAMS,,WDE4940,80,0,25,8,,80,A
355919000,2020-08-21T23:06:00,36.87386,-76.34896,0.1,46.9,347.0,MSC MARIA ELENA,IMO9304423,3EGR2,70,0,336,45,15.0,71,A
366839000,2020-08-21T22:58:13,36.85346,-76.31085,0.0,0.0,39.0,CAPE RISE,IMO7530808,KAFG,70,5,197,32,10.0,,A
367359930,2020-08-21T22:59:13,36.82407,-76.28903,0.0,194.3,511.0,SUNNY WILLIAMS,,WDE4940,80,0,25,8,,80,A
538002953,2020-08-21T22:58:42,36.87760,-76.34990,0.0,0.0,347.0,SCT SANTIAGO,IMO9302566,V7NF7,70,5,294,32,13.5,71,A
538005042,2020-08-21T23:07:42,36.98252,-76.14578,15.4,107.7,107.0,NILEDUTCH OSPREY,IMO9365829,V7AP5,70,0,182,28,11.0,71,A
366839000,2020-08-21T23:07:14,36.85348,-76.31078,0.0,0.0,39.0,CAPE RISE,IMO7530808,KAFG,70,5,197,32,10.0,,A
538005042,2020-08-21T23:00:00,36.99321,-76.18488,15.6,109.4,108.0,NILEDUTCH OSPREY,IMO9365829,V7AP5,70,0,182,28,11.0,71,A
538002652,2020-08-21T23:06:51,36.87945,-76.32643,0.0,276.0,276.0,NAIAS,IMO9330800,V7KN8,70,5,225,32,14.0,70,A
367932000,2020-08-21T23:09:07,36.94914,-76.32965,0.0,107.0,279.0,JOHN LENTHALL,IMO8325547,NJLN,80,5,193,29,,,A
367359930,2020-08-21T23:09:33,36.82413,-76.28901,0.0,203.7,511.0,SUNNY WILLIAMS,,WDE4940,80,0,25,8,,80,A
366842000,2020-08-21T23:08:31,36.85382,-76.31118,0.0,209.9,42.0,CAPE RACE,IMO7616377,KAFJ,70,5,197,32,10.0,35,A
538004202,2020-08-21T22:59:36,36.91092,-76.32756,0.0,325.2,352.0,MOL MISSION,IMO9475650,V7VS5,70,5,301,43,14.2,,A
367861000,2020-08-21T23:09:01,36.94640,-76.32982,0.0,0.0,265.0,LARAMIE,IMO8906626,NLAR,80,5,193,29,,,A
538005042,2020-08-21T23:09:48,36.97975,-76.13505,15.4,108.1,107.0,NILEDUTCH OSPREY,IMO9365829,V7AP5,70,0,182,28,11.0,71,A
366839000,2020-08-21T23:10:17,36.85352,-76.31079,0.0,0.0,39.0,CAPE RISE,IMO7530808,KAFG,70,5,197,32,10.0,,A
367359930,2020-08-21T23:08:23,36.82411,-76.28903,0.0,201.4,511.0,SUNNY WILLIAMS,,WDE4940,80,0,25,8,,80,A
368026000,2020-08-21T23:06:20,36.86576,-76.31603,0.0,270.5,2.0,BENAVIDEZ,IMO9218210,NBHG,70,5,289,32,10.9,70,A
538005042,2020-08-21T23:10:54,36.97829,-76.12948,15.3,108.4,107.0,NILEDUTCH OSPREY,IMO9365829,V7AP5,70,0,182,28,11.0,71,A
367359930,2020-08-21T23:10:43,36.82410,-76.28903,0.0,206.2,511.0,SUNNY WILLIAMS,,WDE4940,80,0,25,8,,80,A
367359930,2020-08-21T23:00:13,36.82406,-76.28903,0.0,201.5,511.0,SUNNY WILLIAMS,,WDE4940,80,0,25,8,,80,A
215677000,2020-08-21T23:11:00,36.96292,-76.42418,0.1,256.1,40.0,RIZE,IMO9584035,9HA2781,70,5,229,32,14.5,,A
366842000,2020-08-21T23:11:32,36.85379,-76.31117,0.0,209.9,42.0,CAPE RACE,IMO7616377,KAFJ,70,5,197,32,10.0,35,A
538002652,2020-08-21T23:00:52,36.87943,-76.32647,0.0,276.0,276.0,NAIAS,IMO9330800,V7KN8,70,5,225,32,14.0,70,A
538004202,2020-08-21T23:11:42,36.91112,-76.32777,0.1,325.2,352.0,MOL MISSION,IMO9475650,V7VS5,70,5,301,43,14.2,,A
367932000,2020-08-21T23:06:08,36.94902,-76.32968,0.0,107.0,279.0,JOHN LENTHALL,IMO8325547,NJLN,80,5,193,29,,,A
367359930,2020-08-21T23:02:33,36.82406,-76.28902,0.0,193.8,511.0,SUNNY WILLIAMS,,WDE4940,80,0,25,8,,80,A
367821000,2020-08-21T23:13:00,36.97287,-76.43365,0.0,0.0,511.0,YANO,IMO7825409,NAQH,70,0,276,32,13.0,70,A
367932000,2020-08-21T23:12:08,36.94910,-76.32955,0.0,107.0,279.0,JOHN LENTHALL,IMO8325547,NJLN,80,5,193,29,,,A
368026000,2020-08-21T23:12:21,36.86577,-76.31605,0.0,270.5,2.0,BENAVIDEZ,IMO9218210,NBHG,70,5,289,32,10.9,70,A
215677000,2020-08-21T23:07:57,36.96292,-76.42419,0.1,256.1,40.0,RIZE,IMO9584035,9HA2781,70,5,229,32,14.5,,A
355919000,2020-08-21T23:12:39,36.87373,-76.34884,0.0,257.1,347.0,MSC MARIA ELENA,IMO9304423,3EGR2,70,0,336,45,15.0,71,A
367359930,2020-08-21T23:03:41,36.82406,-76.28902,0.0,196.3,511.0,SUNNY WILLIAMS,,WDE4940,80,0,25,8,,80,A
367821000,2020-08-21T23:10:39,36.97287,-76.43366,0.0,0.0,511.0,YANO,IMO7825409,NAQH,70,0,276,32,13.0,70,A
367861000,2020-08-21T23:15:00,36.94641,-76.32979,0.0,0.0,265.0,LARAMIE,IMO8906626,NLAR,80,5,193,29,,,A
366839000,2020-08-21T23:13:15,36.85348,-76.31083,0.0,0.0,39.0,CAPE RISE,IMO7530808,KAFG,70,5,197,32,10.0,,A
538002953,2020-08-21T23:13:42,36.87755,-76.34990,0.0,0.0,347.0,SCT SANTIAGO,IMO9302566,V7NF7,70,5,294,32,13.5,71,A
538002953,2020-08-21T23:07:42,36.87760,-76.34995,0.1,77.3,347.0,SCT SANTIAGO,IMO9302566,V7NF7,70,5,294,32,13.5,71,A
367821000,2020-08-21T23:11:49,36.97287,-76.43365,0.0,0.0,511.0,YANO,IMO7825409,NAQH,70,0,276,32,13.0,70,A
367821000,2020-08-21T23:14:20,36.97286,-76.43365,0.0,0.0,511.0,YANO,IMO7825409,NAQH,70,0,276,32,13.0,70,A
355919000,2020-08-21T23:14:49,36.87380,-76.34902,0.0,257.1,347.0,MSC MARIA ELENA,IMO9304423,3EGR2,70,0,336,45,15.0,71,A
355919000,2020-08-21T23:13:41,36.87379,-76.34896,0.0,257.1,347.0,MSC MARIA ELENA,IMO9304423,3EGR2,70,0,336,45,15.0,71,A
215677000,2020-08-21T23:13:57,36.96292,-76.42420,0.0,256.1,40.0,RIZE,IMO9584035,9HA2781,70,5,229,32,14.5,,A
538005042,2020-08-21T23:12:00,36.97681,-76.12399,15.4,109.2,107.0,NILEDUTCH OSPREY,IMO9365829,V7AP5,70,0,182,28,11.0,71,A
367821000,2020-08-21T23:04:59,36.97288,-76.43367,0.0,0.0,511.0,YANO,IMO7825409,NAQH,70,0,276,32,13.0,70,A
367359930,2020-08-21T23:14:31,36.82406,-76.28904,0.0,236.0,511.0,SUNNY WILLIAMS,,WDE4940,80,0,25,8,,80,A
538002652,2020-08-21T23:12:52,36.87943,-76.32642,0.0,276.0,276.0,NAIAS,IMO9330800,V7KN8,70,5,225,32,14.0,70,A
367359930,2020-08-21T23:15:43,36.82406,-76.28903,0.0,256.1,511.0,SUNNY WILLIAMS,,WDE4940,80,0,25,8,,80,A
538002652,2020-08-21T23:03:53,36.87945,-76.32645,0.0,276.0,276.0,NAIAS,IMO9330800,V7KN8,70,5,225,32,14.0,70,A
538005042,2020-08-21T23:15:42,36.97209,-76.10511,15.5,105.7,105.0,NILEDUTCH OSPREY,IMO9365829,V7AP5,70,0,182,28,11.0,71,A
538005042,2020-08-21T23:06:35,36.98395,-76.15138,15.4,107.7,107.0,NILEDUTCH OSPREY,IMO9365829,V7AP5,70,0,182,28,11.0,71,A
367821000,2020-08-21T23:09:30,36.97287,-76.43366,0.0,0.0,511.0,YANO,IMO7825409,NAQH,70,0,276,32,13.0,70,A
367359930,2020-08-21T23:16:53,36.82408,-76.28905,0.0,250.5,511.0,SUNNY WILLIAMS,,WDE4940,80,0,25,8,,80,A
538002953,2020-08-21T23:10:42,36.87751,-76.34984,0.0,193.8,347.0,SCT SANTIAGO,IMO9302566,V7NF7,70,5,294,32,13.5,71,A
367359930,2020-08-21T23:07:12,36.82411,-76.28902,0.0,194.4,511.0,SUNNY WILLIAMS,,WDE4940,80,0,25,8,,80,A
367821000,2020-08-21T23:16:40,36.97287,-76.43365,0.0,0.0,511.0,YANO,IMO7825409,NAQH,70,0,276,32,13.0,70,A
538005042,2020-08-21T23:05:29,36.98536,-76.15700,15.4,107.7,107.0,NILEDUTCH OSPREY,IMO9365829,V7AP5,70,0,182,28,11.0,71,A
367821000,2020-08-21T23:07:10,36.97288,-76.43366,0.0,0.0,511.0,YANO,IMO7825409,NAQH,70,0,276,32,13.0,70,A
538002652,2020-08-21T23:15:49,36.87947,-76.32642,0.0,276.0,276.0,NAIAS,IMO9330800,V7KN8,70,5,225,32,14.0,70,A
367822000,2020-08-21T23:17:55,36.97307,-76.43384,0.0,0.0,238.0,USNS SHUGHART,IMO7825394,NAOQ,70,5,276,32,13.0,70,A
366839000,2020-08-21T23:16:16,36.85350,-76.31082,0.0,0.0,39.0,CAPE RISE,IMO7530808,KAFG,70,5,197,32,10.0,,A
538004202,2020-08-21T23:08:37,36.91130,-76.32758,0.0,325.2,352.0,MOL MISSION,IMO9475650,V7VS5,70,5,301,43,14.2,,A
368026000,2020-08-21T23:18:21,36.86574,-76.31603,0.0,270.5,2.0,BENAVIDEZ,IMO9218210,NBHG,70,5,289,32,10.9,70,A
538002652,2020-08-21T23:09:52,36.87945,-76.32645,0.0,276.0,276.0,NAIAS,IMO9330800,V7KN8,70,5,225,32,14.0,70,A
538004202,2020-08-21T23:17:37,36.91123,-76.32771,0.0,325.2,352.0,MOL MISSION,IMO9475650,V7VS5,70,5,301,43,14.2,,A
355919000,2020-08-21T23:10:00,36.87386,-76.34891,0.0,0.0,347.0,MSC MARIA ELENA,IMO9304423,3EGR2,70,0,336,45,15.0,71,A
368026000,2020-08-21T23:09:21,36.86576,-76.31603,0.0,270.5,2.0,BENAVIDEZ,IMO9218210,NBHG,70,5,289,32,10.9,70,A
367932000,2020-08-21T23:18:09,36.94915,-76.32964,0.0,107.0,279.0,JOHN LENTHALL,IMO8325547,NJLN,80,5,193,29,,,A
477196100,2020-08-21T23:19:01,37.19479,-76.13520,0.1,267.4,51.0,DARYA MA,IMO9591674,VRJH5,70,1,229,32,14.5,,A
538005042,2020-08-21T23:14:35,36.97341,-76.11076,15.4,106.4,105.0,NILEDUTCH OSPREY,IMO9365829,V7AP5,70,0,182,28,11.0,71,A
367821000,2020-08-21T23:20:09,36.97286,-76.43365,0.0,0.0,511.0,YANO,IMO7825409,NAQH,70,0,276,32,13.0,70,A
355919000,2020-08-21T23:19:29,36.87363,-76.34854,0.0,347.2,347.0,MSC MARIA ELENA,IMO9304423,3EGR2,70,0,336,45,15.0,71,A
355919000,2020-08-21T23:11:21,36.87376,-76.34892,0.0,0.0,347.0,MSC MARIA ELENA,IMO9304423,3EGR2,70,0,336,45,15.0,71,A
355919000,2020-08-21T23:21:59,36.87356,-76.34867,0.0,257.1,347.0,MSC MARIA ELENA,IMO9304423,3EGR2,70,0,336,45,15.0,71,A
367359930,2020-08-21T23:18:31,36.82406,-76.28903,0.0,243.5,511.0,SUNNY WILLIAMS,,WDE4940,80,0,25,8,,80,A
367822000,2020-08-21T23:14:56,36.97306,-76.43384,0.0,0.0,238.0,USNS SHUGHART,IMO7825394,NAOQ,70,5,276,32,13.0,70,A
367861000,2020-08-21T23:20:59,36.94640,-76.32983,0.0,0.0,265.0,LARAMIE,IMO8906626,NLAR,80,5,193,29,,,A
538004202,2020-08-21T23:20:40,36.91139,-76.32764,0.0,325.2,352.0,MOL MISSION,IMO9475650,V7VS5,70,5,301,43,14.2,,A
367821000,2020-08-21T23:15:29,36.97286,-76.43365,0.0,0.0,511.0,YANO,IMO7825409,NAQH,70,0,276,32,13.0,70,A
367359930,2020-08-21T23:11:53,36.82410,-76.28902,0.0,224.2,511.0,SUNNY WILLIAMS,,WDE4940,80,0,25,8,,80,A
367359930,2020-08-21T23:20:53,36.82406,-76.28903,0.0,239.2,511.0,SUNNY WILLIAMS,,WDE4940,80,0,25,8,,80,A
477196100,2020-08-21T23:16:00,37.19475,-76.13519,0.1,267.4,49.0,DARYA MA,IMO9591674,VRJH5,70,1,229,32,14.5,,A
355919000,2020-08-21T23:16:00,36.87376,-76.34888,0.0,257.1,347.0,MSC MARIA ELENA,IMO9304423,3EGR2,70,0,336,45,15.0,71,A
368026000,2020-08-21T23:21:21,36.86575,-76.31604,0.1,270.5,2.0,BENAVIDEZ,IMO9218210,NBHG,70,5,289,32,10.9,70,A
215677000,2020-08-21T23:19:58,36.96288,-76.42421,0.1,256.1,40.0,RIZE,IMO9584035,9HA2781,70,5,229,32,14.5,,A
355919000,2020-08-21T23:17:10,36.87379,-76.34892,0.0,257.1,347.0,MSC MARIA ELENA,IMO9304423,3EGR2,70,0,336,45,15.0,71,A
538005042,2020-08-21T23:18:00,36.96927,-76.09317,15.5,106.4,105.0,NILEDUTCH OSPREY,IMO9365829,V7AP5,70,0,182,28,11.0,71,A
367359930,2020-08-21T23:23:11,36.82406,-76.28904,0.0,239.1,511.0,SUNNY WILLIAMS,,WDE4940,80,0,25,8,,80,A
367821000,2020-08-21T23:17:49,36.97286,-76.43365,0.0,0.0,511.0,YANO,IMO7825409,NAQH,70,0,276,32,13.0,70,A
366839000,2020-08-21T23:22:15,36.85347,-76.31085,0.0,0.0,39.0,CAPE RISE,IMO7530808,KAFG,70,5,197,32,10.0,,A
367861000,2020-08-21T23:18:00,36.94641,-76.32982,0.0,0.0,265.0,LARAMIE,IMO8906626,NLAR,80,5,193,29,,,A
232013520,2020-08-21T23:22:18,37.03556,-76.06453,16.4,323.2,322.0,SPIRIT OF HAMBURG,IMO9391660,MCMA9,72,0,254,32,10.2,72,A
538004202,2020-08-21T23:23:40,36.91131,-76.32764,0.0,325.2,352.0,MOL MISSION,IMO9475650,V7VS5,70,5,301,43,14.2,,A
367359930,2020-08-21T23:13:02,36.82407,-76.28902,0.0,230.7,511.0,SUNNY WILLIAMS,,WDE4940,80,0,25,8,,80,A
368026000,2020-08-21T23:24:21,36.86575,-76.31604,0.0,270.5,2.0,BENAVIDEZ,IMO9218210,NBHG,70,5,289,32,10.9,70,A
538002652,2020-08-21T23:21:52,36.87945,-76.32640,0.0,276.0,276.0,NAIAS,IMO9330800,V7KN8,70,5,225,32,14.0,70,A
538005042,2020-08-21T23:19:06,36.96789,-76.08761,15.5,110.2,108.0,NILEDUTCH OSPREY,IMO9365829,V7AP5,70,0,182,28,11.0,71,A
538005042,2020-08-21T23:21:17,36.96486,-76.07629,15.5,107.3,107.0,NILEDUTCH OSPREY,IMO9365829,V7AP5,70,0,182,28,11.0,71,A
367822000,2020-08-21T23:11:55,36.97306,-76.43384,0.0,0.0,238.0,USNS SHUGHART,IMO7825394,NAOQ,70,5,276,32,13.0,70,A
232013520,2020-08-21T23:23:36,37.04035,-76.06901,16.4,322.7,323.0,SPIRIT OF HAMBURG,IMO9391660,MCMA9,72,0,254,32,10.2,72,A
367861000,2020-08-21T23:12:00,36.94641,-76.32982,0.0,0.0,265.0,LARAMIE,IMO8906626,NLAR,80,5,193,29,,,A
366839000,2020-08-21T23:25:11,36.85353,-76.31077,0.0,0.0,39.0,CAPE RISE,IMO7530808,KAFG,70,5,197,32,10.0,,A
367822000,2020-08-21T23:23:56,36.97308,-76.43384,0.0,0.0,238.0,USNS SHUGHART,IMO7825394,NAOQ,70,5,276,32,13.0,70,A
366842000,2020-08-21T23:20:33,36.85383,-76.31119,0.0,209.9,42.0,CAPE RACE,IMO7616377,KAFJ,70,5,197,32,10.0,35,A
538002953,2020-08-21T23:22:43,36.87756,-76.34998,0.0,347.3,347.0,SCT SANTIAGO,IMO9302566,V7NF7,70,5,294,32,13.5,71,A
355919000,2020-08-21T23:20:40,36.87364,-76.34884,0.0,257.1,347.0,MSC MARIA ELENA,IMO9304423,3EGR2,70,0,336,45,15.0,71,A
232013520,2020-08-21T23:26:00,37.04904,-76.07724,16.4,322.2,323.0,SPIRIT OF HAMBURG,IMO9391660,MCMA9,72,0,254,32,10.2,72,A
366842000,2020-08-21T23:23:25,36.85381,-76.31119,0.0,209.9,42.0,CAPE RACE,IMO7616377,KAFJ,70,5,197,32,10.0,35,A
215677000,2020-08-21T23:26:00,36.96292,-76.42421,0.0,256.1,40.0,RIZE,IMO9584035,9HA2781,70,5,229,32,14.5,,A
477196100,2020-08-21T23:13:01,37.19473,-76.13517,0.1,267.4,48.0,DARYA MA,IMO9591674,VRJH5,70,1,229,32,14.5,,A
538005042,2020-08-21T23:13:17,36.97503,-76.11741,15.4,108.2,106.0,NILEDUTCH OSPREY,IMO9365829,V7AP5,70,0,182,28,11.0,71,A
367821000,2020-08-21T23:27:30,36.97287,-76.43363,0.0,0.0,511.0,YANO,IMO7825409,NAQH,70,0,276,32,13.0,70,A
367821000,2020-08-21T23:25:19,36.97288,-76.43364,0.0,0.0,511.0,YANO,IMO7825409,NAQH,70,0,276,32,13.0,70,A
538005042,2020-08-21T23:16:47,36.97077,-76.09944,15.4,106.8,105.0,NILEDUTCH OSPREY,IMO9365829,V7AP5,70,0,182,28,11.0,71,A
368026000,2020-08-21T23:27:21,36.86577,-76.31607,0.0,270.5,2.0,BENAVIDEZ,IMO9218210,NBHG,70,5,289,32,10.9,70,A
367932000,2020-08-21T23:27:09,36.94915,-76.32957,0.0,107.0,279.0,JOHN LENTHALL,IMO8325547,NJLN,80,5,193,29,,,A
367359930,2020-08-21T23:22:03,36.82406,-76.28904,0.0,235.5,511.0,SUNNY WILLIAMS,,WDE4940,80,0,25,8,,80,A
232013520,2020-08-21T23:28:24,37.05774,-76.08555,16.4,322.6,322.0,SPIRIT OF HAMBURG,IMO9391660,MCMA9,72,0,254,32,10.2,72,A
355919000,2020-08-21T23:18:20,36.87379,-76.34878,0.0,257.1,347.0,MSC MARIA ELENA,IMO9304423,3EGR2,70,0,336,45,15.0,71,A
232013520,2020-08-21T23:27:18,37.05375,-76.08174,16.5,322.1,323.0,SPIRIT OF HAMBURG,IMO9391660,MCMA9,72,0,254,32,10.2,72,A
477196100,2020-08-21T23:31:02,37.19505,-76.13539,0.1,333.7,60.0,DARYA MA,IMO9591674,VRJH5,70,1,229,32,14.5,,A
366839000,2020-08-21T23:28:16,36.85350,-76.31076,0.0,0.0,39.0,CAPE RISE,IMO7530808,KAFG,70,5,197,32,10.0,,A
367861000,2020-08-21T23:24:00,36.94639,-76.32975,0.0,0.0,265.0,LARAMIE,IMO8906626,NLAR,80,5,193,29,,,A
367861000,2020-08-21T23:30:01,36.94635,-76.32987,0.0,0.0,265.0,LARAMIE,IMO8906626,NLAR,80,5,193,29,,,A
355919000,2020-08-21T23:31:10,36.87388,-76.34889,0.0,257.0,347.0,MSC MARIA ELENA,IMO9304423,3EGR2,70,0,336,45,15.0,71,A
367821000,2020-08-21T23:31:20,36.97286,-76.43363,0.0,0.0,511.0,YANO,IMO7825409,NAQH,70,0,276,32,13.0,70,A
215677000,2020-08-21T23:29:02,36.96294,-76.42419,0.0,256.1,40.0,RIZE,IMO9584035,9HA2781,70,5,229,32,14.5,,A
368026000,2020-08-21T23:15:21,36.86573,-76.31603,0.0,270.5,2.0,BENAVIDEZ,IMO9218210,NBHG,70,5,289,32,10.9,70,A
368026000,2020-08-21T23:30:21,36.86577,-76.31603,0.0,270.5,2.0,BENAVIDEZ,IMO9218210,NBHG,70,5,289,32,10.9,70,A
538005042,2020-08-21T23:20:11,36.96640,-76.08200,15.5,108.8,107.0,NILEDUTCH OSPREY,IMO9365829,V7AP5,70,0,182,28,11.0,71,A
215677000,2020-08-21T23:17:01,36.96292,-76.42419,0.0,256.1,40.0,RIZE,IMO9584035,9HA2781,70,5,229,32,14.5,,A
538002953,2020-08-21T23:16:42,36.87751,-76.35004,0.0,320.7,347.0,SCT SANTIAGO,IMO9302566,V7NF7,70,5,294,32,13.5,71,A
367932000,2020-08-21T23:30:07,36.94917,-76.32967,0.0,107.0,279.0,JOHN LENTHALL,IMO8325547,NJLN,80,5,193,29,,,A
538002953,2020-08-21T23:28:42,36.87746,-76.35000,0.0,347.2,347.0,SCT SANTIAGO,IMO9302566,V7NF7,70,5,294,32,13.5,71,A
355919000,2020-08-21T23:24:40,36.87385,-76.34887,0.0,257.0,347.0,MSC MARIA ELENA,IMO9304423,3EGR2,70,0,336,45,15.0,71,A
366842000,2020-08-21T23:29:28,36.85381,-76.31117,0.0,209.9,42.0,CAPE RACE,IMO7616377,KAFJ,70,5,197,32,10.0,35,A
367822000,2020-08-21T23:29:56,36.97308,-76.43384,0.0,0.0,238.0,USNS SHUGHART,IMO7825394,NAOQ,70,5,276,32,13.0,70,A
367932000,2020-08-21T23:24:08,36.94902,-76.32971,0.0,107.0,279.0,JOHN LENTHALL,IMO8325547,NJLN,80,5,193,29,,,A
366842000,2020-08-21T23:17:25,36.85379,-76.31119,0.0,209.9,42.0,CAPE RACE,IMO7616377,KAFJ,70,5,197,32,10.0,35,A
538002953,2020-08-21T23:31:43,36.87748,-76.34985,0.0,257.1,347.0,SCT SANTIAGO,IMO9302566,V7NF7,70,5,294,32,13.5,71,A
538004202,2020-08-21T23:32:42,36.91138,-76.32768,0.0,325.2,352.0,MOL MISSION,IMO9475650,V7VS5,70,5,301,43,14.2,,A
367359930,2020-08-21T23:30:13,36.82406,-76.28900,0.0,229.8,511.0,SUNNY WILLIAMS,,WDE4940,80,0,25,8,,80,A
367821000,2020-08-21T23:22:19,36.97294,-76.43361,0.0,0.0,511.0,YANO,IMO7825409,NAQH,70,0,276,32,13.0,70,A
538002652,2020-08-21T23:18:52,36.87945,-76.32640,0.0,276.0,276.0,NAIAS,IMO9330800,V7KN8,70,5,225,32,14.0,70,A
367359930,2020-08-21T23:19:43,36.82405,-76.28904,0.0,244.3,511.0,SUNNY WILLIAMS,,WDE4940,80,0,25,8,,80,A
232013520,2020-08-21T23:33:24,37.07715,-76.10107,16.7,330.7,331.0,SPIRIT OF HAMBURG,IMO9391660,MCMA9,72,0,254,32,10.2,72,A
355919000,2020-08-21T23:33:21,36.87377,-76.34884,0.0,256.9,347.0,MSC MARIA ELENA,IMO9304423,3EGR2,70,0,336,45,15.0,71,A
477196100,2020-08-21T23:34:03,37.19511,-76.13541,0.1,290.1,61.0,DARYA MA,IMO9591674,VRJH5,70,1,229,32,14.5,,A
355919000,2020-08-21T23:34:59,36.87371,-76.34887,0.0,256.9,347.0,MSC MARIA ELENA,IMO9304423,3EGR2,70,0,336,45,15.0,71,A
366733250,2020-08-21T00:10:32,37.18842,-76.26575,3.5,313.2,511.0,ATLANTIC SURVEYOR,,WTR5417,70,15,31,7,,,A
367821000,2020-08-21T23:23:29,36.97293,-76.43364,0.0,0.0,511.0,YANO,IMO7825409,NAQH,70,0,276,32,13.0,70,A
367359930,2020-08-21T23:28:03,36.82405,-76.28902,0.0,234.5,511.0,SUNNY WILLIAMS,,WDE4940,80,0,25,8,,80,A
538002652,2020-08-21T23:33:51,36.87943,-76.32640,0.0,100.0,277.0,NAIAS,IMO9330800,V7KN8,70,5,225,32,14.0,70,A
538002953,2020-08-21T23:34:43,36.87746,-76.34985,0.2,88.0,347.0,SCT SANTIAGO,IMO9302566,V7NF7,70,5,294,32,13.5,71,A
538002652,2020-08-21T23:27:51,36.87957,-76.32632,0.0,276.0,276.0,NAIAS,IMO9330800,V7KN8,70,5,225,32,14.0,70,A
355919000,2020-08-21T23:36:11,36.87384,-76.34892,0.0,256.9,347.0,MSC MARIA ELENA,IMO9304423,3EGR2,70,0,336,45,15.0,71,A
477196100,2020-08-21T23:21:59,37.19484,-76.13523,0.1,267.4,52.0,DARYA MA,IMO9591674,VRJH5,70,1,229,32,14.5,,A
367932000,2020-08-21T23:21:09,36.94909,-76.32969,0.0,107.0,279.0,JOHN LENTHALL,IMO8325547,NJLN,80,5,193,29,,,A
367932000,2020-08-21T23:33:07,36.94909,-76.32948,0.0,107.0,279.0,JOHN LENTHALL,IMO8325547,NJLN,80,5,193,29,,,A
367359930,2020-08-21T23:31:32,36.82407,-76.28903,0.1,224.6,511.0,SUNNY WILLIAMS,,WDE4940,80,0,25,8,,80,A
367359930,2020-08-21T23:29:11,36.82406,-76.28902,0.0,232.2,511.0,SUNNY WILLIAMS,,WDE4940,80,0,25,8,,80,A
538005042,2020-08-21T23:22:18,36.96353,-76.07122,15.6,109.4,108.0,NILEDUTCH OSPREY,IMO9365829,V7AP5,70,0,182,28,11.0,71,A
368026000,2020-08-21T23:36:21,36.86576,-76.31604,0.0,270.5,2.0,BENAVIDEZ,IMO9218210,NBHG,70,5,289,32,10.9,70,A
367821000,2020-08-21T23:33:20,36.97286,-76.43363,0.0,0.0,511.0,YANO,IMO7825409,NAQH,70,0,276,32,13.0,70,A
367821000,2020-08-21T23:37:50,36.97286,-76.43365,0.0,0.0,511.0,YANO,IMO7825409,NAQH,70,0,276,32,13.0,70,A
366839000,2020-08-21T23:37:17,36.85350,-76.31084,0.0,0.0,40.0,CAPE RISE,IMO7530808,KAFG,70,5,197,32,10.0,,A
366839000,2020-08-21T23:34:14,36.85350,-76.31083,0.0,0.0,40.0,CAPE RISE,IMO7530808,KAFG,70,5,197,32,10.0,,A
355919000,2020-08-21T23:25:49,36.87375,-76.34892,0.0,257.0,347.0,MSC MARIA ELENA,IMO9304423,3EGR2,70,0,336,45,15.0,71,A
215677000,2020-08-21T23:23:02,36.96296,-76.42418,0.1,256.1,40.0,RIZE,IMO9584035,9HA2781,70,5,229,32,14.5,,A
538004202,2020-08-21T23:35:43,36.91123,-76.32768,0.0,325.2,352.0,MOL MISSION,IMO9475650,V7VS5,70,5,301,43,14.2,,A
367359930,2020-08-21T23:24:21,36.82406,-76.28903,0.0,237.8,511.0,SUNNY WILLIAMS,,WDE4940,80,0,25,8,,80,A
538004202,2020-08-21T23:26:42,36.91132,-76.32769,0.0,325.2,352.0,MOL MISSION,IMO9475650,V7VS5,70,5,301,43,14.2,,A
538002953,2020-08-21T23:25:43,36.87742,-76.34981,0.0,122.2,347.0,SCT SANTIAGO,IMO9302566,V7NF7,70,5,294,32,13.5,71,A
355919000,2020-08-21T23:32:11,36.87374,-76.34874,0.0,257.0,347.0,MSC MARIA ELENA,IMO9304423,3EGR2,70,0,336,45,15.0,71,A
367822000,2020-08-21T23:26:54,36.97308,-76.43384,0.0,0.0,238.0,USNS SHUGHART,IMO7825394,NAOQ,70,5,276,32,13.0,70,A
366842000,2020-08-21T23:32:30,36.85381,-76.31116,0.0,209.9,43.0,CAPE RACE,IMO7616377,KAFJ,70,5,197,32,10.0,35,A
367932000,2020-08-21T23:36:09,36.94917,-76.32952,0.0,107.0,279.0,JOHN LENTHALL,IMO8325547,NJLN,80,5,193,29,,,A
232013520,2020-08-21T23:36:54,37.09146,-76.11133,17.0,329.3,331.0,SPIRIT OF HAMBURG,IMO9391660,MCMA9,72,0,254,32,10.2,72,A
367861000,2020-08-21T23:26:59,36.94641,-76.32982,0.0,0.0,265.0,LARAMIE,IMO8906626,NLAR,80,5,193,29,,,A
368026000,2020-08-21T23:39:20,36.86575,-76.31605,0.0,270.5,2.0,BENAVIDEZ,IMO9218210,NBHG,70,5,289,32,10.9,70,A
538002652,2020-08-21T23:39:50,36.87937,-76.32618,0.0,100.0,277.0,NAIAS,IMO9330800,V7KN8,70,5,225,32,14.0,70,A
355919000,2020-08-21T23:37:20,36.87379,-76.34887,0.0,256.9,347.0,MSC MARIA ELENA,IMO9304423,3EGR2,70,0,336,45,15.0,71,A
538002652,2020-08-21T23:36:51,36.87950,-76.32627,0.0,100.0,277.0,NAIAS,IMO9330800,V7KN8,70,5,225,32,14.0,70,A
232013520,2020-08-21T23:34:30,37.08160,-76.10424,16.8,330.4,331.0,SPIRIT OF HAMBURG,IMO9391660,MCMA9,72,0,254,32,10.2,72,A
366842000,2020-08-21T23:38:29,36.85387,-76.31115,0.0,209.9,43.0,CAPE RACE,IMO7616377,KAFJ,70,5,197,32,10.0,35,A
538002953,2020-08-21T23:40:43,36.87746,-76.34978,0.0,257.1,347.0,SCT SANTIAGO,IMO9302566,V7NF7,70,5,294,32,13.5,71,A
367822000,2020-08-21T23:38:55,36.97308,-76.43383,0.0,0.0,238.0,USNS SHUGHART,IMO7825394,NAOQ,70,5,276,32,13.0,70,A
367359930,2020-08-21T23:37:21,36.82411,-76.28902,0.0,221.8,511.0,SUNNY WILLIAMS,,WDE4940,80,0,25,8,,80,A
367821000,2020-08-21T23:35:50,36.97286,-76.43364,0.0,0.0,511.0,YANO,IMO7825409,NAQH,70,0,276,32,13.0,70,A
355919000,2020-08-21T23:29:21,36.87374,-76.34864,0.0,257.0,347.0,MSC MARIA ELENA,IMO9304423,3EGR2,70,0,336,45,15.0,71,A
232013520,2020-08-21T23:38:18,37.09714,-76.11547,16.8,329.6,330.0,SPIRIT OF HAMBURG,IMO9391660,MCMA9,72,0,254,32,10.2,72,A
367821000,2020-08-21T23:29:59,36.97287,-76.43363,0.0,0.0,511.0,YANO,IMO7825409,NAQH,70,0,276,32,13.0,70,A
232013520,2020-08-21T23:42:12,37.11263,-76.12645,16.0,330.9,332.0,SPIRIT OF HAMBURG,IMO9391660,MCMA9,72,0,254,32,10.2,72,A
366839000,2020-08-21T23:40:14,36.85349,-76.31085,0.0,0.0,40.0,CAPE RISE,IMO7530808,KAFG,70,5,197,32,10.0,,A
538004202,2020-08-21T23:29:42,36.91134,-76.32762,0.0,325.2,352.0,MOL MISSION,IMO9475650,V7VS5,70,5,301,43,14.2,,A
355919000,2020-08-21T23:40:00,36.87368,-76.34889,0.0,256.9,347.0,MSC MARIA ELENA,IMO9304423,3EGR2,70,0,336,45,15.0,71,A
367359930,2020-08-21T23:40:12,36.82408,-76.28903,0.0,217.8,511.0,SUNNY WILLIAMS,,WDE4940,80,0,25,8,,80,A
367932000,2020-08-21T23:39:08,36.94912,-76.32951,0.0,107.0,279.0,JOHN LENTHALL,IMO8325547,NJLN,80,5,193,29,,,A
367822000,2020-08-21T23:41:55,36.97309,-76.43383,0.0,0.0,238.0,USNS SHUGHART,IMO7825394,NAOQ,70,5,276,32,13.0,70,A
538004202,2020-08-21T23:41:42,36.91133,-76.32764,0.0,325.2,352.0,MOL MISSION,IMO9475650,V7VS5,70,5,301,43,14.2,,A
368026000,2020-08-21T23:42:21,36.86577,-76.31605,0.0,270.5,2.0,BENAVIDEZ,IMO9218210,NBHG,70,5,289,32,10.9,70,A
367861000,2020-08-21T23:42:00,36.94641,-76.32984,0.0,0.0,265.0,LARAMIE,IMO8906626,NLAR,80,5,193,29,,,A
367861000,2020-08-21T23:36:01,36.94641,-76.32990,0.0,0.0,265.0,LARAMIE,IMO8906626,NLAR,80,5,193,29,,,A
538002652,2020-08-21T23:30:49,36.87947,-76.32645,0.0,100.0,277.0,NAIAS,IMO9330800,V7KN8,70,5,225,32,14.0,70,A
366842000,2020-08-21T23:26:31,36.85383,-76.31113,0.0,209.9,42.0,CAPE RACE,IMO7616377,KAFJ,70,5,197,32,10.0,35,A
367359930,2020-08-21T23:43:42,36.82407,-76.28903,0.0,223.7,511.0,SUNNY WILLIAMS,,WDE4940,80,0,25,8,,80,A
232013520,2020-08-21T23:31:00,37.06757,-76.09424,16.5,329.3,330.0,SPIRIT OF HAMBURG,IMO9391660,MCMA9,72,0,254,32,10.2,72,A
366839000,2020-08-21T23:31:11,36.85347,-76.31079,0.0,0.0,40.0,CAPE RISE,IMO7530808,KAFG,70,5,197,32,10.0,,A
215677000,2020-08-21T23:31:59,36.96294,-76.42419,0.0,256.1,40.0,RIZE,IMO9584035,9HA2781,70,5,229,32,14.5,,A
367821000,2020-08-21T23:41:59,36.97286,-76.43364,0.0,0.0,511.0,YANO,IMO7825409,NAQH,70,0,276,32,13.0,70,A
232013520,2020-08-21T23:44:30,37.12144,-76.13267,15.7,330.4,332.0,SPIRIT OF HAMBURG,IMO9391660,MCMA9,72,0,254,32,10.2,72,A
367821000,2020-08-21T23:43:09,36.97286,-76.43364,0.0,0.0,511.0,YANO,IMO7825409,NAQH,70,0,276,32,13.0,70,A
367861000,2020-08-21T23:33:00,36.94640,-76.32992,0.0,0.0,265.0,LARAMIE,IMO8906626,NLAR,80,5,193,29,,,A
367822000,2020-08-21T23:32:55,36.97308,-76.43384,0.0,0.0,238.0,USNS SHUGHART,IMO7825394,NAOQ,70,5,276,32,13.0,70,A
368026000,2020-08-21T23:33:21,36.86575,-76.31602,0.0,270.5,2.0,BENAVIDEZ,IMO9218210,NBHG,70,5,289,32,10.9,70,A
477196100,2020-08-21T23:28:02,37.19500,-76.13533,0.1,333.7,58.0,DARYA MA,IMO9591674,VRJH5,70,1,229,32,14.5,,A
367821000,2020-08-21T23:34:30,36.97286,-76.43364,0.0,0.0,511.0,YANO,IMO7825409,NAQH,70,0,276,32,13.0,70,A
367359930,2020-08-21T23:35:01,36.82408,-76.28902,0.0,218.8,511.0,SUNNY WILLIAMS,,WDE4940,80,0,25,8,,80,A
355919000,2020-08-21T23:28:10,36.87373,-76.34870,0.0,257.0,347.0,MSC MARIA ELENA,IMO9304423,3EGR2,70,0,336,45,15.0,71,A
538002652,2020-08-21T23:45:51,36.87947,-76.32645,0.0,100.0,276.0,NAIAS,IMO9330800,V7KN8,70,5,225,32,14.0,70,A
367932000,2020-08-21T23:45:09,36.94923,-76.32960,0.0,107.0,279.0,JOHN LENTHALL,IMO8325547,NJLN,80,5,193,29,,,A
366842000,2020-08-21T23:41:25,36.85383,-76.31117,0.0,209.9,43.0,CAPE RACE,IMO7616377,KAFJ,70,5,197,32,10.0,35,A
355919000,2020-08-21T23:41:09,36.87378,-76.34895,0.0,193.5,347.0,MSC MARIA ELENA,IMO9304423,3EGR2,70,0,336,45,15.0,71,A
355919000,2020-08-21T23:45:09,36.87374,-76.34897,0.0,211.9,347.0,MSC MARIA ELENA,IMO9304423,3EGR2,70,0,336,45,15.0,71,A
215677000,2020-08-21T23:43:57,36.96291,-76.42419,0.0,256.1,39.0,RIZE,IMO9584035,9HA2781,70,5,229,32,14.5,,A
232013520,2020-08-21T23:46:12,37.12792,-76.13724,15.5,330.8,332.0,SPIRIT OF HAMBURG,IMO9391660,MCMA9,72,0,254,32,10.2,72,A
355919000,2020-08-21T23:42:30,36.87382,-76.34895,0.0,230.4,347.0,MSC MARIA ELENA,IMO9304423,3EGR2,70,0,336,45,15.0,71,A
367932000,2020-08-21T23:42:08,36.94918,-76.32972,0.0,107.0,279.0,JOHN LENTHALL,IMO8325547,NJLN,80,5,193,29,,,A
367821000,2020-08-21T23:45:39,36.97286,-76.43364,0.0,0.0,511.0,YANO,IMO7825409,NAQH,70,0,276,32,13.0,70,A
538004202,2020-08-21T23:44:37,36.91138,-76.32762,0.0,325.2,352.0,MOL MISSION,IMO9475650,V7VS5,70,5,301,43,14.2,,A
477196100,2020-08-21T23:37:01,37.19523,-76.13540,0.1,356.3,63.0,DARYA MA,IMO9591674,VRJH5,70,1,229,32,14.5,,A
368026000,2020-08-21T23:48:21,36.86576,-76.31602,0.0,270.5,2.0,BENAVIDEZ,IMO9218210,NBHG,70,5,289,32,10.9,70,A
538002953,2020-08-21T23:37:43,36.87750,-76.34985,0.0,283.7,347.0,SCT SANTIAGO,IMO9302566,V7NF7,70,5,294,32,13.5,71,A
232013520,2020-08-21T23:39:43,37.10280,-76.11955,16.7,331.1,332.0,SPIRIT OF HAMBURG,IMO9391660,MCMA9,72,0,254,32,10.2,72,A
355919000,2020-08-21T23:48:51,36.87363,-76.34876,0.0,167.0,347.0,MSC MARIA ELENA,IMO9304423,3EGR2,70,0,336,45,15.0,71,A
366839000,2020-08-21T23:46:16,36.85350,-76.31082,0.0,0.0,40.0,CAPE RISE,IMO7530808,KAFG,70,5,197,32,10.0,,A
366839000,2020-08-21T23:49:18,36.85353,-76.31082,0.0,0.0,40.0,CAPE RISE,IMO7530808,KAFG,70,5,197,32,10.0,,A
367359930,2020-08-21T23:45:22,36.82407,-76.28903,0.0,224.3,511.0,SUNNY WILLIAMS,,WDE4940,80,0,25,8,,80,A
367359930,2020-08-21T23:38:22,36.82406,-76.28903,0.0,218.3,511.0,SUNNY WILLIAMS,,WDE4940,80,0,25,8,,80,A
538002652,2020-08-21T23:48:53,36.87947,-76.32645,0.0,100.0,276.0,NAIAS,IMO9330800,V7KN8,70,5,225,32,14.0,70,A
232013520,2020-08-21T23:32:12,37.07229,-76.09763,16.6,330.6,331.0,SPIRIT OF HAMBURG,IMO9391660,MCMA9,72,0,254,32,10.2,72,A
538004202,2020-08-21T23:50:39,36.91139,-76.32765,0.0,325.2,352.0,MOL MISSION,IMO9475650,V7VS5,70,5,301,43,14.2,,A
367359930,2020-08-21T23:50:42,36.82406,-76.28904,0.0,235.3,511.0,SUNNY WILLIAMS,,WDE4940,80,0,25,8,,80,A
367821000,2020-08-21T23:39:10,36.97286,-76.43364,0.0,0.0,511.0,YANO,IMO7825409,NAQH,70,0,276,32,13.0,70,A
232013520,2020-08-21T23:41:06,37.10839,-76.12348,16.3,331.0,332.0,SPIRIT OF HAMBURG,IMO9391660,MCMA9,72,0,254,32,10.2,72,A
232013520,2020-08-21T23:47:49,37.13390,-76.14149,15.5,329.9,332.0,SPIRIT OF HAMBURG,IMO9391660,MCMA9,72,0,254,32,10.2,72,A
538002652,2020-08-21T23:51:51,36.87950,-76.32645,0.0,100.0,276.0,NAIAS,IMO9330800,V7KN8,70,5,225,32,14.0,70,A
367359930,2020-08-21T23:42:12,36.82408,-76.28903,0.0,219.4,511.0,SUNNY WILLIAMS,,WDE4940,80,0,25,8,,80,A
232013520,2020-08-21T23:49:18,37.13952,-76.14548,15.4,330.3,332.0,SPIRIT OF HAMBURG,IMO9391660,MCMA9,72,0,254,32,10.2,72,A
215677000,2020-08-21T23:41:00,36.96291,-76.42418,0.0,256.1,39.0,RIZE,IMO9584035,9HA2781,70,5,229,32,14.5,,A
366839000,2020-08-21T23:52:15,36.85352,-76.31078,0.0,0.0,40.0,CAPE RISE,IMO7530808,KAFG,70,5,197,32,10.0,,A
538002953,2020-08-21T23:52:43,36.87752,-76.34992,0.0,243.3,347.0,SCT SANTIAGO,IMO9302566,V7NF7,70,5,294,32,13.5,71,A
355919000,2020-08-21T23:52:39,36.87382,-76.34892,0.0,256.9,347.0,MSC MARIA ELENA,IMO9304423,3EGR2,70,0,336,45,15.0,71,A
366842000,2020-08-21T23:35:28,36.85382,-76.31121,0.0,209.9,43.0,CAPE RACE,IMO7616377,KAFJ,70,5,197,32,10.0,35,A
366842000,2020-08-21T23:50:28,36.85385,-76.31115,0.0,209.9,43.0,CAPE RACE,IMO7616377,KAFJ,70,5,197,32,10.0,35,A
367359930,2020-08-21T23:36:13,36.82410,-76.28902,0.1,219.6,511.0,SUNNY WILLIAMS,,WDE4940,80,0,25,8,,80,A
232013520,2020-08-21T23:53:48,37.15770,-76.15104,15.1,351.9,352.0,SPIRIT OF HAMBURG,IMO9391660,MCMA9,72,0,254,32,10.2,72,A
367822000,2020-08-21T23:53:54,36.97308,-76.43383,0.0,0.0,238.0,USNS SHUGHART,IMO7825394,NAOQ,70,5,276,32,13.0,70,A
367822000,2020-08-21T23:50:54,36.97308,-76.43383,0.0,0.0,238.0,USNS SHUGHART,IMO7825394,NAOQ,70,5,276,32,13.0,70,A
367359930,2020-08-21T23:52:42,36.82406,-76.28903,0.0,226.5,511.0,SUNNY WILLIAMS,,WDE4940,80,0,25,8,,80,A
232013520,2020-08-21T23:55:06,37.16311,-76.15201,15.1,352.1,352.0,SPIRIT OF HAMBURG,IMO9391660,MCMA9,72,0,254,32,10.2,72,A
355919000,2020-08-21T23:51:09,36.87389,-76.34905,0.0,256.9,347.0,MSC MARIA ELENA,IMO9304423,3EGR2,70,0,336,45,15.0,71,A
215677000,2020-08-21T23:53:00,36.96291,-76.42418,0.0,256.1,39.0,RIZE,IMO9584035,9HA2781,70,5,229,32,14.5,,A
538004202,2020-08-21T23:53:39,36.91138,-76.32765,0.0,325.2,352.0,MOL MISSION,IMO9475650,V7VS5,70,5,301,43,14.2,,A
367932000,2020-08-21T23:54:08,36.94921,-76.32968,0.0,107.0,279.0,JOHN LENTHALL,IMO8325547,NJLN,80,5,193,29,,,A
367861000,2020-08-21T23:39:01,36.94637,-76.32989,0.0,0.0,265.0,LARAMIE,IMO8906626,NLAR,80,5,193,29,,,A
355919000,2020-08-21T23:38:31,36.87373,-76.34890,0.0,256.9,347.0,MSC MARIA ELENA,IMO9304423,3EGR2,70,0,336,45,15.0,71,A
477196100,2020-08-21T23:46:05,37.19555,-76.13555,0.2,334.9,67.0,DARYA MA,IMO9591674,VRJH5,70,1,229,32,14.5,,A
367821000,2020-08-21T23:55:09,36.97286,-76.43364,0.0,0.0,511.0,YANO,IMO7825409,NAQH,70,0,276,32,13.0,70,A
366842000,2020-08-21T23:47:29,36.85383,-76.31117,0.0,209.9,43.0,CAPE RACE,IMO7616377,KAFJ,70,5,197,32,10.0,35,A
355919000,2020-08-21T23:55:30,36.87375,-76.34883,0.0,256.8,346.0,MSC MARIA ELENA,IMO9304423,3EGR2,70,0,336,45,15.0,71,A
367821000,2020-08-21T23:57:09,36.97286,-76.43364,0.0,0.0,511.0,YANO,IMO7825409,NAQH,70,0,276,32,13.0,70,A
538002953,2020-08-21T23:58:43,36.87750,-76.34988,0.0,243.3,347.0,SCT SANTIAGO,IMO9302566,V7NF7,70,5,294,32,13.5,71,A
355919000,2020-08-21T23:56:39,36.87382,-76.34897,0.0,256.8,346.0,MSC MARIA ELENA,IMO9304423,3EGR2,70,0,336,45,15.0,71,A
538004202,2020-08-21T23:47:41,36.91129,-76.32764,0.0,325.2,352.0,MOL MISSION,IMO9475650,V7VS5,70,5,301,43,14.2,,A
215677000,2020-08-21T23:46:59,36.96291,-76.42418,0.0,256.1,39.0,RIZE,IMO9584035,9HA2781,70,5,229,32,14.5,,A
367861000,2020-08-21T23:57:01,36.94637,-76.32985,0.0,0.0,265.0,LARAMIE,IMO8906626,NLAR,80,5,193,29,,,A
367821000,2020-08-21T23:48:08,36.97286,-76.43364,0.0,0.0,511.0,YANO,IMO7825409,NAQH,70,0,276,32,13.0,70,A
538004202,2020-08-21T23:59:41,36.91137,-76.32763,0.0,325.2,352.0,MOL MISSION,IMO9475650,V7VS5,70,5,301,43,14.2,,A
355919000,2020-08-21T23:57:50,36.87367,-76.34879,0.0,256.8,346.0,MSC MARIA ELENA,IMO9304423,3EGR2,70,0,336,45,15.0,71,A
215677000,2020-08-21T23:58:59,36.96290,-76.42419,0.0,256.1,39.0,RIZE,IMO9584035,9HA2781,70,5,229,32,14.5,,A
477196100,2020-08-21T23:43:01,37.19542,-76.13549,0.1,328.9,65.0,DARYA MA,IMO9591674,VRJH5,70,1,229,32,14.5,,A
367861000,2020-08-21T23:48:00,36.94639,-76.32981,0.0,0.0,265.0,LARAMIE,IMO8906626,NLAR,80,5,193,29,,,A
367359930,2020-08-21T23:59:41,36.82409,-76.28903,0.0,241.1,511.0,SUNNY WILLIAMS,,WDE4940,80,0,25,8,,80,A
367821000,2020-08-21T23:50:00,36.97286,-76.43364,0.0,0.0,511.0,YANO,IMO7825409,NAQH,70,0,276,32,13.0,70,A
538002652,2020-08-21T23:42:50,36.87953,-76.32638,0.0,100.0,277.0,NAIAS,IMO9330800,V7KN8,70,5,225,32,14.0,70,A
367821000,2020-08-21T23:51:09,36.97286,-76.43364,0.0,0.0,511.0,YANO,IMO7825409,NAQH,70,0,276,32,13.0,70,A
355919000,2020-08-21T23:50:01,36.87382,-76.34893,0.0,256.9,347.0,MSC MARIA ELENA,IMO9304423,3EGR2,70,0,336,45,15.0,71,A
538002652,2020-08-21T23:57:51,36.87942,-76.32648,0.0,100.0,276.0,NAIAS,IMO9330800,V7KN8,70,5,225,32,14.0,70,A
366839000,2020-08-21T23:43:18,36.85352,-76.31081,0.0,0.0,40.0,CAPE RISE,IMO7530808,KAFG,70,5,197,32,10.0,,A
538002953,2020-08-21T23:43:43,36.87756,-76.34995,0.0,1.3,347.0,SCT SANTIAGO,IMO9302566,V7NF7,70,5,294,32,13.5,71,A
232013520,2020-08-21T23:43:19,37.11694,-76.12949,15.8,330.8,332.0,SPIRIT OF HAMBURG,IMO9391660,MCMA9,72,0,254,32,10.2,72,A
232013520,2020-08-21T23:51:36,37.14866,-76.14944,15.0,351.5,352.0,SPIRIT OF HAMBURG,IMO9391660,MCMA9,72,0,254,32,10.2,72,A
367821000,2020-08-21T23:44:20,36.97285,-76.43364,0.0,0.0,511.0,YANO,IMO7825409,NAQH,70,0,276,32,13.0,70,A
367821000,2020-08-21T23:52:39,36.97286,-76.43364,0.0,0.0,511.0,YANO,IMO7825409,NAQH,70,0,276,32,13.0,70,A
366842000,2020-08-21T23:59:27,36.85385,-76.31122,0.0,209.9,42.0,CAPE RACE,IMO7616377,KAFJ,70,5,197,32,10.0,35,A
355919000,2020-08-21T23:43:50,36.87382,-76.34892,0.0,193.5,347.0,MSC MARIA ELENA,IMO9304423,3EGR2,70,0,336,45,15.0,71,A
368026000,2020-08-21T23:51:21,36.86577,-76.31604,0.0,270.5,2.0,BENAVIDEZ,IMO9218210,NBHG,70,5,289,32,10.9,70,A
367861000,2020-08-21T23:51:00,36.94642,-76.32980,0.0,0.0,265.0,LARAMIE,IMO8906626,NLAR,80,5,193,29,,,A
367932000,2020-08-21T23:51:08,36.94919,-76.32966,0.0,107.0,279.0,JOHN LENTHALL,IMO8325547,NJLN,80,5,193,29,,,A
232013520,2020-08-21T23:52:43,37.15320,-76.15026,15.0,351.7,353.0,SPIRIT OF HAMBURG,IMO9391660,MCMA9,72,0,254,32,10.2,72,A
477196100,2020-08-21T23:52:05,37.19579,-76.13571,0.2,313.7,73.0,DARYA MA,IMO9591674,VRJH5,70,1,229,32,14.5,,A
355919000,2020-08-21T23:46:30,36.87374,-76.34893,0.0,211.9,347.0,MSC MARIA ELENA,IMO9304423,3EGR2,70,0,336,45,15.0,71,A
367861000,2020-08-21T23:54:01,36.94640,-76.32982,0.0,0.0,265.0,LARAMIE,IMO8906626,NLAR,80,5,193,29,,,A
368026000,2020-08-21T23:54:21,36.86579,-76.31601,0.0,270.5,2.0,BENAVIDEZ,IMO9218210,NBHG,70,5,289,32,10.9,70,A
355919000,2020-08-21T23:54:11,36.87378,-76.34894,0.0,256.9,347.0,MSC MARIA ELENA,IMO9304423,3EGR2,70,0,336,45,15.0,71,A
538002953,2020-08-21T23:49:43,36.87754,-76.34993,0.0,283.8,347.0,SCT SANTIAGO,IMO9302566,V7NF7,70,5,294,32,13.5,71,A
367359930,2020-08-21T23:47:33,36.82408,-76.28904,0.0,226.6,511.0,SUNNY WILLIAMS,,WDE4940,80,0,25,8,,80,A
367822000,2020-08-21T23:47:56,36.97309,-76.43383,0.0,0.0,238.0,USNS SHUGHART,IMO7825394,NAOQ,70,5,276,32,13.0,70,A
366839000,2020-08-21T23:55:19,36.85352,-76.31079,0.0,0.0,40.0,CAPE RISE,IMO7530808,KAFG,70,5,197,32,10.0,,A
338794000,2020-08-21T00:12:26,37.20401,-76.14786,12.6,19.4,23.0,ARC INDEPENDENCE,IMO9332925,WAIE,70,0,228,32,8.3,70,A
477196100,2020-08-21T23:48:58,37.19568,-76.13564,0.1,324.2,70.0,DARYA MA,IMO9591674,VRJH5,70,1,229,32,14.5,,A
477196100,2020-08-21T23:54:58,37.19586,-76.13583,0.1,301.7,75.0,DARYA MA,IMO9591674,VRJH5,70,1,229,32,14.5,,A
538002652,2020-08-21T23:54:50,36.87950,-76.32645,0.0,100.0,276.0,NAIAS,IMO9330800,V7KN8,70,5,225,32,14.0,70,A
538004202,2020-08-21T23:56:41,36.91132,-76.32764,0.0,325.2,352.0,MOL MISSION,IMO9475650,V7VS5,70,5,301,43,14.2,,A
368026000,2020-08-21T23:57:21,36.86575,-76.31604,0.0,270.5,2.0,BENAVIDEZ,IMO9218210,NBHG,70,5,289,32,10.9,70,A
477196100,2020-08-21T23:58:05,37.19591,-76.13599,0.1,291.3,76.0,DARYA MA,IMO9591674,VRJH5,70,1,229,32,14.5,,A
367359930,2020-08-21T23:56:22,36.82409,-76.28902,0.0,223.7,511.0,SUNNY WILLIAMS,,WDE4940,80,0,25,8,,80,A
367822000,2020-08-21T23:56:56,36.97308,-76.43383,0.0,0.0,238.0,USNS SHUGHART,IMO7825394,NAOQ,70,5,276,32,13.0,70,A
232013520,2020-08-21T23:50:24,37.14366,-76.14809,15.2,339.7,347.0,SPIRIT OF HAMBURG,IMO9391660,MCMA9,72,0,254,32,10.2,72,A
232013520,2020-08-21T23:57:24,37.17247,-76.15349,13.5,354.0,355.0,SPIRIT OF HAMBURG,IMO9391660,MCMA9,72,0,254,32,10.2,72,A
366842000,2020-08-21T23:56:27,36.85384,-76.31119,0.0,209.9,42.0,CAPE RACE,IMO7616377,KAFJ,70,5,197,32,10.0,35,A
367822000,2020-08-21T23:59:55,36.97309,-76.43383,0.0,0.0,238.0,USNS SHUGHART,IMO7825394,NAOQ,70,5,276,32,13.0,70,A
367932000,2020-08-21T23:57:07,36.94918,-76.32953,0.0,107.0,279.0,JOHN LENTHALL,IMO8325547,NJLN,80,5,193,29,,,A
355919000,2020-08-21T23:59:10,36.87371,-76.34886,0.0,256.7,346.0,MSC MARIA ELENA,IMO9304423,3EGR2,70,0,336,45,15.0,71,A
367821000,2020-08-21T23:54:00,36.97286,-76.43364,0.0,0.0,511.0,YANO,IMO7825409,NAQH,70,0,276,32,13.0,70,A
367359930,2020-08-21T23:55:11,36.82408,-76.28901,0.0,223.2,511.0,SUNNY WILLIAMS,,WDE4940,80,0,25,8,,80,A
366842000,2020-08-21T23:53:27,36.85386,-76.31114,0.0,209.9,43.0,CAPE RACE,IMO7616377,KAFJ,70,5,197,32,10.0,35,A
538002953,2020-08-21T23:55:43,36.87745,-76.34992,0.0,257.3,347.0,SCT SANTIAGO,IMO9302566,V7NF7,70,5,294,32,13.5,71,A
232013520,2020-08-21T23:59:06,37.17837,-76.15433,12.1,353.3,355.0,SPIRIT OF HAMBURG,IMO9391660,MCMA9,72,0,254,32,10.2,72,A
538002652,2020-08-21T00:12:49,36.87942,-76.32647,0.0,337.0,277.0,NAIAS,IMO9330800,V7KN8,70,5,225,32,14.0,70,A
367359930,2020-08-21T23:58:11,36.82408,-76.28902,0.0,234.5,511.0,SUNNY WILLIAMS,,WDE4940,80,0,25,8,,80,A
367821000,2020-08-21T23:59:09,36.97286,-76.43364,0.0,0.0,511.0,YANO,IMO7825409,NAQH,70,0,276,32,13.0,70,A
366839000,2020-08-21T23:58:16,36.85354,-76.31081,0.0,0.0,39.0,CAPE RISE,IMO7530808,KAFG,70,5,197,32,10.0,,A
215677000,2020-08-21T00:16:49,36.96291,-76.42420,0.0,147.3,39.0,RIZE,IMO9584035,9HA2781,70,5,229,32,14.5,,A
367359930,2020-08-21T00:19:32,36.82407,-76.28906,0.0,256.5,511.0,SUNNY WILLIAMS,,WDE4940,80,0,25,8,,80,A
367359930,2020-08-21T00:20:42,36.82406,-76.28906,0.0,245.8,511.0,SUNNY WILLIAMS,,WDE4940,80,0,25,8,,80,A
366733250,2020-08-21T00:19:53,37.19985,-76.28026,6.7,312.3,511.0,ATLANTIC SURVEYOR,,WTR5417,70,15,31,7,,,A
367821000,2020-08-21T00:20:38,36.97284,-76.43364,0.0,0.0,511.0,YANO,IMO7825409,NAQH,70,0,276,32,13.0,70,A
338403000,2020-08-21T00:19:26,36.92483,-76.32967,0.0,121.6,355.0,MAERSK HARTFORD,IMO9333008,WMHA,70,5,299,40,14.5,,A
215677000,2020-08-21T00:19:54,36.96291,-76.42422,0.0,147.3,39.0,RIZE,IMO9584035,9HA2781,70,5,229,32,14.5,,A
367359930,2020-08-21T00:24:02,36.82406,-76.28905,0.0,232.6,511.0,SUNNY WILLIAMS,,WDE4940,80,0,25,8,,80,A
367861000,2020-08-21T00:24:01,36.94639,-76.32979,0.0,0.0,266.0,LARAMIE,IMO8906626,NLAR,80,5,193,29,,,A
366839000,2020-08-21T00:22:07,36.85350,-76.31083,0.0,0.0,39.0,CAPE RISE,IMO7530808,KAFG,70,5,197,32,10.0,,A
367821000,2020-08-21T00:25:56,36.97285,-76.43364,0.0,0.0,511.0,YANO,IMO7825409,NAQH,70,0,276,32,13.0,70,A
367821000,2020-08-21T00:26:57,36.97285,-76.43364,0.0,0.0,511.0,YANO,IMO7825409,NAQH,70,0,276,32,13.0,70,A
338794000,2020-08-21T00:27:22,37.26000,-76.12641,14.9,17.2,20.0,ARC INDEPENDENCE,IMO9332925,WAIE,70,0,228,32,8.3,70,A
367359930,2020-08-21T00:30:03,36.82404,-76.28906,0.0,232.1,511.0,SUNNY WILLIAMS,,WDE4940,80,0,25,8,,80,A
367821000,2020-08-21T00:31:58,36.97284,-76.43364,0.0,0.0,511.0,YANO,IMO7825409,NAQH,70,0,276,32,13.0,70,A
368026000,2020-08-21T00:30:21,36.86577,-76.31604,0.0,270.5,2.0,BENAVIDEZ,IMO9218210,NBHG,70,5,289,32,10.9,70,A
477196100,2020-08-21T00:33:57,37.19632,-76.13696,0.1,25.4,100.0,DARYA MA,IMO9591674,VRJH5,70,1,229,32,14.5,,A
367359930,2020-08-21T00:31:12,36.82405,-76.28906,0.0,228.0,511.0,SUNNY WILLIAMS,,WDE4940,80,0,25,8,,80,A
367822000,2020-08-21T00:32:55,36.97313,-76.43382,0.0,0.0,238.0,USNS SHUGHART,IMO7825394,NAOQ,70,5,276,32,13.0,70,A
368026000,2020-08-21T00:33:21,36.86574,-76.31602,0.0,270.5,2.0,BENAVIDEZ,IMO9218210,NBHG,70,5,289,32,10.9,70,A
367932000,2020-08-21T00:27:08,36.94916,-76.32963,0.0,107.0,279.0,JOHN LENTHALL,IMO8325547,NJLN,80,5,193,29,,,A
367821000,2020-08-21T00:33:07,36.97284,-76.43364,0.0,0.0,511.0,YANO,IMO7825409,NAQH,70,0,276,32,13.0,70,A
367821000,2020-08-21T00:34:37,36.97285,-76.43364,0.0,0.0,511.0,YANO,IMO7825409,NAQH,70,0,276,32,13.0,70,A
477196100,2020-08-21T00:36:54,37.19638,-76.13695,0.1,25.4,101.0,DARYA MA,IMO9591674,VRJH5,70,1,229,32,14.5,,A
366733250,2020-08-21T00:35:41,37.21958,-76.31340,8.0,297.1,511.0,ATLANTIC SURVEYOR,,WTR5417,70,15,31,7,,,A
368026000,2020-08-21T00:39:21,36.86575,-76.31604,0.0,270.5,2.0,BENAVIDEZ,IMO9218210,NBHG,70,5,289,32,10.9,70,A
366733250,2020-08-21T00:44:31,37.22621,-76.32277,5.4,135.8,511.0,ATLANTIC SURVEYOR,,WTR5417,70,15,31,7,,,A
416498000,2020-08-21T00:35:04,37.26249,-76.12583,16.3,197.2,196.0,EVER LYRIC,IMO9629108,BKKH,70,0,334,45,14.2,74,A
338794000,2020-08-21T00:45:05,37.33027,-76.08823,16.3,16.8,18.0,ARC INDEPENDENCE,IMO9332925,WAIE,70,0,228,32,8.3,70,A
215677000,2020-08-21T00:40:49,36.96291,-76.42420,0.0,147.3,39.0,RIZE,IMO9584035,9HA2781,70,5,229,32,14.5,,A
367821000,2020-08-21T00:45:37,36.97291,-76.43361,0.0,0.0,511.0,YANO,IMO7825409,NAQH,70,0,276,32,13.0,70,A
367821000,2020-08-21T00:46:47,36.97288,-76.43362,0.0,0.0,511.0,YANO,IMO7825409,NAQH,70,0,276,32,13.0,70,A
367821000,2020-08-21T00:47:56,36.97288,-76.43363,0.0,0.0,511.0,YANO,IMO7825409,NAQH,70,0,276,32,13.0,70,A
366839000,2020-08-21T00:46:05,36.85349,-76.31078,0.0,0.0,39.0,CAPE RISE,IMO7530808,KAFG,70,5,197,32,10.0,,A
338403000,2020-08-21T00:46:22,36.92479,-76.32971,0.0,121.6,355.0,MAERSK HARTFORD,IMO9333008,WMHA,70,5,299,40,14.5,,A
367359930,2020-08-21T00:50:21,36.82405,-76.28905,0.0,254.7,511.0,SUNNY WILLIAMS,,WDE4940,80,0,25,8,,80,A
538006982,2020-08-21T00:50:16,36.96260,-76.42367,0.1,143.9,40.0,ANTE TOPIC,IMO9737072,V7TR4,70,5,,,,,A
338403000,2020-08-21T00:52:28,36.92474,-76.32965,0.0,121.6,355.0,MAERSK HARTFORD,IMO9333008,WMHA,70,5,299,40,14.5,,A
477738200,2020-08-21T00:54:38,36.87745,-76.34984,0.1,124.9,347.0,COSCO PHILIPPINES,IMO9448762,VRGM7,70,5,334,42,14.5,72,A
368026000,2020-08-21T00:54:21,36.86576,-76.31602,0.0,270.5,2.0,BENAVIDEZ,IMO9218210,NBHG,70,5,289,32,10.9,70,A
416498000,2020-08-21T00:49:29,37.19784,-76.15090,15.3,198.6,197.0,EVER LYRIC,IMO9629108,BKKH,70,0,334,45,14.2,74,A
367821000,2020-08-21T00:53:38,36.97285,-76.43363,0.0,0.0,511.0,YANO,IMO7825409,NAQH,70,0,276,32,13.0,70,A
369390000,2020-08-21T00:57:05,36.87100,-76.34817,0.0,283.0,347.0,SAFMARINE MAFADI,IMO9314210,KRIJ,70,5,292,32,11.8,70,A
477196100,2020-08-21T00:58:01,37.19675,-76.13684,0.1,353.0,112.0,DARYA MA,IMO9591674,VRJH5,70,1,229,32,14.5,,A
538006982,2020-08-21T00:59:16,36.96257,-76.42367,0.1,151.8,40.0,ANTE TOPIC,IMO9737072,V7TR4,70,5,,,,,A
367932000,2020-08-21T00:51:09,36.94919,-76.32972,0.0,107.0,279.0,JOHN LENTHALL,IMO8325547,NJLN,80,5,193,29,,,A
538002652,2020-08-21T01:00:52,36.87948,-76.32647,0.0,196.0,276.0,NAIAS,IMO9330800,V7KN8,70,5,225,32,14.0,70,A
538006982,2020-08-21T01:05:16,36.96257,-76.42364,0.1,126.5,40.0,ANTE TOPIC,IMO9737072,V7TR4,70,5,,,,,A
538002652,2020-08-21T01:03:51,36.87948,-76.32648,0.0,196.0,276.0,NAIAS,IMO9330800,V7KN8,70,5,225,32,14.0,70,A
367822000,2020-08-21T01:05:54,36.97310,-76.43382,0.0,0.0,238.0,USNS SHUGHART,IMO7825394,NAOQ,70,5,276,32,13.0,70,A
416498000,2020-08-21T01:00:05,37.14953,-76.14993,15.7,166.6,163.0,EVER LYRIC,IMO9629108,BKKH,70,0,334,45,14.2,74,A
366839000,2020-08-21T01:07:09,36.85349,-76.31081,0.0,0.0,39.0,CAPE RISE,IMO7530808,KAFG,70,5,197,32,10.0,,A
538006982,2020-08-21T01:08:16,36.96260,-76.42363,0.0,117.2,40.0,ANTE TOPIC,IMO9737072,V7TR4,70,5,,,,,A
538002652,2020-08-21T01:09:52,36.87948,-76.32645,0.0,53.0,276.0,NAIAS,IMO9330800,V7KN8,70,5,225,32,14.0,70,A
416498000,2020-08-21T01:03:23,37.13586,-76.14202,15.9,152.6,152.0,EVER LYRIC,IMO9629108,BKKH,70,0,334,45,14.2,74,A
416498000,2020-08-21T01:05:29,37.12735,-76.13623,15.6,151.3,151.0,EVER LYRIC,IMO9629108,BKKH,70,0,334,45,14.2,74,A
367821000,2020-08-21T01:07:18,36.97285,-76.43363,0.0,0.0,511.0,YANO,IMO7825409,NAQH,70,0,276,32,13.0,70,A
369390000,2020-08-21T01:12:05,36.87100,-76.34817,0.0,209.0,347.0,SAFMARINE MAFADI,IMO9314210,KRIJ,70,5,292,32,11.8,70,A
366839000,2020-08-21T01:13:08,36.85350,-76.31079,0.0,0.0,39.0,CAPE RISE,IMO7530808,KAFG,70,5,197,32,10.0,,A
367359930,2020-08-21T01:10:21,36.82408,-76.28905,0.0,291.6,511.0,SUNNY WILLIAMS,,WDE4940,80,0,25,8,,80,A
477196100,2020-08-21T01:12:54,37.19702,-76.13669,0.1,16.0,118.0,DARYA MA,IMO9591674,VRJH5,70,1,229,32,14.5,,A
367821000,2020-08-21T01:14:18,36.97285,-76.43363,0.0,0.0,511.0,YANO,IMO7825409,NAQH,70,0,276,32,13.0,70,A
367932000,2020-08-21T01:09:07,36.94919,-76.32966,0.0,107.0,279.0,JOHN LENTHALL,IMO8325547,NJLN,80,5,193,29,,,A
367821000,2020-08-21T01:15:38,36.97285,-76.43363,0.0,0.0,511.0,YANO,IMO7825409,NAQH,70,0,276,32,13.0,70,A
366733250,2020-08-21T01:19:02,37.19452,-76.27219,5.4,134.7,511.0,ATLANTIC SURVEYOR,,WTR5417,70,15,31,7,,,A
538006982,2020-08-21T01:17:16,36.96261,-76.42367,0.0,105.4,40.0,ANTE TOPIC,IMO9737072,V7TR4,70,5,,,,,A
416498000,2020-08-21T01:11:53,37.10146,-76.11839,16.0,150.8,151.0,EVER LYRIC,IMO9629108,BKKH,70,0,334,45,14.2,74,A
367932000,2020-08-21T01:12:08,36.94921,-76.32964,0.0,107.0,279.0,JOHN LENTHALL,IMO8325547,NJLN,80,5,193,29,,,A
369390000,2020-08-21T01:21:05,36.87100,-76.34817,0.0,111.0,347.0,SAFMARINE MAFADI,IMO9314210,KRIJ,70,5,292,32,11.8,70,A
367932000,2020-08-21T01:15:08,36.94919,-76.32968,0.0,107.0,279.0,JOHN LENTHALL,IMO8325547,NJLN,80,5,193,29,,,A
366733250,2020-08-21T01:23:02,37.19021,-76.26663,5.5,134.2,511.0,ATLANTIC SURVEYOR,,WTR5417,70,15,31,7,,,A
368026000,2020-08-21T01:27:21,36.86576,-76.31603,0.0,270.5,2.0,BENAVIDEZ,IMO9218210,NBHG,70,5,289,32,10.9,70,A
366733250,2020-08-21T01:30:22,37.18438,-76.25571,5.7,82.1,511.0,ATLANTIC SURVEYOR,,WTR5417,70,15,31,7,,,A
416498000,2020-08-21T01:27:28,37.04181,-76.07033,15.8,142.0,142.0,EVER LYRIC,IMO9629108,BKKH,70,0,334,45,14.2,74,A
367932000,2020-08-21T01:27:07,36.94920,-76.32964,0.0,107.0,279.0,JOHN LENTHALL,IMO8325547,NJLN,80,5,193,29,,,A
338403000,2020-08-21T01:37:28,36.92476,-76.32971,0.0,121.6,355.0,MAERSK HARTFORD,IMO9333008,WMHA,70,5,299,40,14.5,,A
368026000,2020-08-21T01:45:20,36.86577,-76.31604,0.0,270.5,2.0,BENAVIDEZ,IMO9218210,NBHG,70,5,289,32,10.9,70,A
215677000,2020-08-21T01:46:57,36.96291,-76.42419,0.0,147.3,39.0,RIZE,IMO9584035,9HA2781,70,5,229,32,14.5,,A
367359930,2020-08-21T01:48:21,36.82406,-76.28906,0.0,308.1,511.0,SUNNY WILLIAMS,,WDE4940,80,0,25,8,,80,A
367861000,2020-08-21T01:51:00,36.94638,-76.32981,0.0,0.0,265.0,LARAMIE,IMO8906626,NLAR,80,5,193,29,,,A
367359930,2020-08-21T01:54:33,36.82404,-76.28904,0.0,307.5,511.0,SUNNY WILLIAMS,,WDE4940,80,0,25,8,,80,A
538002652,2020-08-21T01:51:50,36.87943,-76.32648,0.0,36.0,276.0,NAIAS,IMO9330800,V7KN8,70,5,225,32,14.0,70,A
538006982,2020-08-21T01:53:16,36.96258,-76.42364,0.1,10.4,40.0,ANTE TOPIC,IMO9737072,V7TR4,70,5,,,,,A
215677000,2020-08-21T01:52:59,36.96289,-76.42419,0.0,147.3,39.0,RIZE,IMO9584035,9HA2781,70,5,229,32,14.5,,A
367861000,2020-08-21T01:57:00,36.94636,-76.32988,0.0,0.0,265.0,LARAMIE,IMO8906626,NLAR,80,5,193,29,,,A
367932000,2020-08-21T01:48:07,36.94915,-76.32971,0.0,107.0,279.0,JOHN LENTHALL,IMO8325547,NJLN,80,5,193,29,,,A
367932000,2020-08-21T01:51:08,36.94913,-76.32960,0.0,107.0,279.0,JOHN LENTHALL,IMO8325547,NJLN,80,5,193,29,,,A
538006982,2020-08-21T01:59:16,36.96256,-76.42362,0.1,9.9,40.0,ANTE TOPIC,IMO9737072,V7TR4,70,5,,,,,A
368026000,2020-08-21T02:00:21,36.86575,-76.31607,0.0,270.5,2.0,BENAVIDEZ,IMO9218210,NBHG,70,5,289,32,10.9,70,A
369390000,2020-08-21T01:57:06,36.87096,-76.34821,0.0,299.0,347.0,SAFMARINE MAFADI,IMO9314210,KRIJ,70,5,292,32,11.8,70,A
538002652,2020-08-21T01:57:52,36.87945,-76.32650,0.0,36.0,276.0,NAIAS,IMO9330800,V7KN8,70,5,225,32,14.0,70,A
538005042,2020-08-21T02:00:03,36.97740,-76.12017,17.1,289.3,290.0,NILEDUTCH OSPREY,IMO9365829,V7AP5,70,0,182,28,11.0,71,A
538005042,2020-08-21T02:02:15,36.98060,-76.13246,16.9,286.3,286.0,NILEDUTCH OSPREY,IMO9365829,V7AP5,70,0,182,28,11.0,71,A
367932000,2020-08-21T01:54:08,36.94917,-76.32961,0.0,107.0,279.0,JOHN LENTHALL,IMO8325547,NJLN,80,5,193,29,,,A
538005042,2020-08-21T02:05:33,36.98518,-76.15086,16.8,288.0,286.0,NILEDUTCH OSPREY,IMO9365829,V7AP5,70,0,182,28,11.0,71,A
366839000,2020-08-21T02:07:09,36.85346,-76.31081,0.0,0.0,39.0,CAPE RISE,IMO7530808,KAFG,70,5,197,32,10.0,,A
538005042,2020-08-21T02:06:45,36.98655,-76.15765,16.8,283.6,286.0,NILEDUTCH OSPREY,IMO9365829,V7AP5,70,0,182,28,11.0,71,A
367359930,2020-08-21T02:10:43,36.82403,-76.28907,0.0,320.2,511.0,SUNNY WILLIAMS,,WDE4940,80,0,25,8,,80,A
477196100,2020-08-21T02:09:52,37.19776,-76.13575,0.0,46.0,147.0,DARYA MA,IMO9591674,VRJH5,70,1,229,32,14.5,,A
367821000,2020-08-21T02:12:07,36.97286,-76.43363,0.0,0.0,511.0,YANO,IMO7825409,NAQH,70,0,276,32,13.0,70,A
367821000,2020-08-21T02:14:27,36.97286,-76.43363,0.0,0.0,511.0,YANO,IMO7825409,NAQH,70,0,276,32,13.0,70,A
366839000,2020-08-21T02:16:10,36.85350,-76.31083,0.0,0.0,39.0,CAPE RISE,IMO7530808,KAFG,70,5,197,32,10.0,,A
367359930,2020-08-21T02:14:22,36.82404,-76.28907,0.0,292.5,511.0,SUNNY WILLIAMS,,WDE4940,80,0,25,8,,80,A
367359930,2020-08-21T02:17:02,36.82406,-76.28906,0.0,287.4,511.0,SUNNY WILLIAMS,,WDE4940,80,0,25,8,,80,A
538005042,2020-08-21T02:16:39,37.00125,-76.21228,16.8,287.6,287.0,NILEDUTCH OSPREY,IMO9365829,V7AP5,70,0,182,28,11.0,71,A
538006982,2020-08-21T02:17:16,36.96256,-76.42365,0.0,166.9,40.0,ANTE TOPIC,IMO9737072,V7TR4,70,5,,,,,A
369390000,2020-08-21T02:21:05,36.87100,-76.34817,0.0,215.0,347.0,SAFMARINE MAFADI,IMO9314210,KRIJ,70,5,292,32,11.8,70,A
366839000,2020-08-21T02:19:11,36.85352,-76.31079,0.0,0.0,39.0,CAPE RISE,IMO7530808,KAFG,70,5,197,32,10.0,,A
367822000,2020-08-21T02:17:56,36.97310,-76.43381,0.0,0.0,238.0,USNS SHUGHART,IMO7825394,NAOQ,70,5,276,32,13.0,70,A
538005042,2020-08-21T02:22:46,37.00930,-76.24527,15.2,276.3,273.0,NILEDUTCH OSPREY,IMO9365829,V7AP5,70,0,182,28,11.0,71,A
366839000,2020-08-21T02:22:10,36.85351,-76.31082,0.0,0.0,39.0,CAPE RISE,IMO7530808,KAFG,70,5,197,32,10.0,,A
477196100,2020-08-21T02:21:56,37.19788,-76.13528,0.1,46.0,153.0,DARYA MA,IMO9591674,VRJH5,70,1,229,32,14.5,,A
538005042,2020-08-21T02:26:03,37.00760,-76.26213,15.0,256.5,255.0,NILEDUTCH OSPREY,IMO9365829,V7AP5,70,0,182,28,11.0,71,A
367359930,2020-08-21T02:24:03,36.82403,-76.28906,0.0,291.7,511.0,SUNNY WILLIAMS,,WDE4940,80,0,25,8,,80,A
367821000,2020-08-21T02:27:47,36.97282,-76.43369,0.0,0.0,511.0,YANO,IMO7825409,NAQH,70,0,276,32,13.0,70,A
367821000,2020-08-21T02:30:57,36.97282,-76.43369,0.0,0.0,511.0,YANO,IMO7825409,NAQH,70,0,276,32,13.0,70,A
367822000,2020-08-21T02:26:54,36.97311,-76.43381,0.0,0.0,238.0,USNS SHUGHART,IMO7825394,NAOQ,70,5,276,32,13.0,70,A
538005042,2020-08-21T02:32:30,37.00144,-76.29005,10.7,249.0,249.0,NILEDUTCH OSPREY,IMO9365829,V7AP5,70,0,182,28,11.0,71,A
367932000,2020-08-21T02:27:09,36.94915,-76.32975,0.0,107.0,279.0,JOHN LENTHALL,IMO8325547,NJLN,80,5,193,29,,,A
477196100,2020-08-21T02:30:53,37.19795,-76.13504,0.0,69.1,162.0,DARYA MA,IMO9591674,VRJH5,70,1,229,32,14.5,,A
368026000,2020-08-21T02:33:21,36.86575,-76.31606,0.0,270.5,2.0,BENAVIDEZ,IMO9218210,NBHG,70,5,289,32,10.9,70,A
215677000,2020-08-21T02:31:52,36.96292,-76.42419,0.0,147.3,39.0,RIZE,IMO9584035,9HA2781,70,5,229,32,14.5,,A
366733250,2020-08-21T02:34:02,37.18955,-76.12387,6.2,87.3,511.0,ATLANTIC SURVEYOR,,WTR5417,70,15,31,7,,,A
366733250,2020-08-21T02:36:02,37.18974,-76.11951,6.2,85.4,511.0,ATLANTIC SURVEYOR,,WTR5417,70,15,31,7,,,A
366839000,2020-08-21T02:37:05,36.85345,-76.31087,0.0,0.0,39.0,CAPE RISE,IMO7530808,KAFG,70,5,197,32,10.0,,A
367822000,2020-08-21T02:38:56,36.97314,-76.43384,0.0,0.0,238.0,USNS SHUGHART,IMO7825394,NAOQ,70,5,276,32,13.0,70,A
367834000,2020-08-21T02:39:08,37.14612,-76.14869,17.9,342.0,348.0,USNS GORDON,IMO7234430,NAKL,70,0,290,32,11.3,,A
368026000,2020-08-21T02:39:20,36.86576,-76.31603,0.0,270.5,2.0,BENAVIDEZ,IMO9218210,NBHG,70,5,289,32,10.9,70,A
367821000,2020-08-21T02:42:48,36.97281,-76.43367,0.0,0.0,511.0,YANO,IMO7825409,NAQH,70,0,276,32,13.0,70,A
367861000,2020-08-21T02:45:01,36.94640,-76.32976,0.0,0.0,265.0,LARAMIE,IMO8906626,NLAR,80,5,193,29,,,A
367359930,2020-08-21T02:42:41,36.82405,-76.28903,0.0,282.4,511.0,SUNNY WILLIAMS,,WDE4940,80,0,25,8,,80,A
369390000,2020-08-21T02:48:05,36.87100,-76.34817,0.0,65.0,347.0,SAFMARINE MAFADI,IMO9314210,KRIJ,70,5,292,32,11.8,70,A
477196100,2020-08-21T02:51:56,37.19796,-76.13504,0.1,69.1,166.0,DARYA MA,IMO9591674,VRJH5,70,1,229,32,14.5,,A
338403000,2020-08-21T02:52:26,36.92480,-76.32969,0.0,121.6,355.0,MAERSK HARTFORD,IMO9333008,WMHA,70,5,299,40,14.5,,A
368026000,2020-08-21T02:54:21,36.86577,-76.31604,0.0,270.5,2.0,BENAVIDEZ,IMO9218210,NBHG,70,5,289,32,10.9,70,A
366839000,2020-08-21T02:55:11,36.85350,-76.31082,0.0,0.0,39.0,CAPE RISE,IMO7530808,KAFG,70,5,197,32,10.0,,A
367821000,2020-08-21T02:52:07,36.97283,-76.43366,0.0,0.0,511.0,YANO,IMO7825409,NAQH,70,0,276,32,13.0,70,A
477738200,2020-08-21T02:52:54,36.97573,-76.32880,11.4,42.1,45.0,COSCO PHILIPPINES,IMO9448762,VRGM7,70,0,334,42,14.5,72,A
477738200,2020-08-21T02:55:34,36.98249,-76.32052,13.4,43.8,45.0,COSCO PHILIPPINES,IMO9448762,VRGM7,70,0,334,42,14.5,72,A
366733250,2020-08-21T02:56:22,37.18868,-76.08377,4.8,95.3,511.0,ATLANTIC SURVEYOR,,WTR5417,70,15,31,7,,,A
367822000,2020-08-21T02:53:56,36.97313,-76.43383,0.0,0.0,238.0,USNS SHUGHART,IMO7825394,NAOQ,70,5,276,32,13.0,70,A
538006982,2020-08-21T02:59:16,36.96259,-76.42365,0.0,350.7,40.0,ANTE TOPIC,IMO9737072,V7TR4,70,5,,,,,A
367861000,2020-08-21T02:57:00,36.94638,-76.32986,0.0,0.0,265.0,LARAMIE,IMO8906626,NLAR,80,5,193,29,,,A
538005042,2020-08-21T03:00:01,36.95604,-76.33704,7.2,181.5,180.0,NILEDUTCH OSPREY,IMO9365829,V7AP5,70,0,182,28,11.0,71,A
215677000,2020-08-21T02:58:54,36.96291,-76.42420,0.0,147.3,39.0,RIZE,IMO9584035,9HA2781,70,5,229,32,14.5,,A
366733250,2020-08-21T03:00:12,37.18828,-76.07733,4.8,93.6,511.0,ATLANTIC SURVEYOR,,WTR5417,70,15,31,7,,,A
366839000,2020-08-21T03:01:09,36.85347,-76.31083,0.0,0.0,39.0,CAPE RISE,IMO7530808,KAFG,70,5,197,32,10.0,,A
368026000,2020-08-21T03:03:20,36.86577,-76.31603,0.0,270.5,2.0,BENAVIDEZ,IMO9218210,NBHG,70,5,289,32,10.9,70,A
367834000,2020-08-21T03:02:14,37.25528,-76.12783,17.4,17.5,20.0,USNS GORDON,IMO7234430,NAKL,70,0,290,32,11.3,,A
367821000,2020-08-21T03:03:47,36.97286,-76.43365,0.0,0.0,511.0,YANO,IMO7825409,NAQH,70,0,276,32,13.0,70,A
367359930,2020-08-21T03:06:03,36.82406,-76.28905,0.0,225.2,511.0,SUNNY WILLIAMS,,WDE4940,80,0,25,8,,80,A
369390000,2020-08-21T03:07:32,36.87090,-76.34817,0.0,11.0,347.0,SAFMARINE MAFADI,IMO9314210,KRIJ,70,0,292,32,11.8,70,A
477738200,2020-08-21T03:08:49,37.00650,-76.26458,14.2,75.5,82.0,COSCO PHILIPPINES,IMO9448762,VRGM7,70,0,334,42,14.5,72,A
215677000,2020-08-21T03:10:50,36.96290,-76.42421,0.0,147.3,39.0,RIZE,IMO9584035,9HA2781,70,5,229,32,14.5,,A
538005042,2020-08-21T03:11:32,36.93728,-76.33787,4.7,183.6,180.0,NILEDUTCH OSPREY,IMO9365829,V7AP5,70,0,182,28,11.0,71,A
369390000,2020-08-21T03:10:53,36.87100,-76.34817,0.0,22.0,347.0,SAFMARINE MAFADI,IMO9314210,KRIJ,70,0,292,32,11.8,70,A
477196100,2020-08-21T03:12:54,37.19794,-76.13474,0.1,69.1,167.0,DARYA MA,IMO9591674,VRJH5,70,1,229,32,14.5,,A
367834000,2020-08-21T03:11:08,37.29650,-76.11137,17.7,26.8,33.0,USNS GORDON,IMO7234430,NAKL,70,0,290,32,11.3,,A
368026000,2020-08-21T03:12:20,36.86577,-76.31606,0.1,270.5,2.0,BENAVIDEZ,IMO9218210,NBHG,70,5,289,32,10.9,70,A
368026000,2020-08-21T03:15:20,36.86578,-76.31604,0.0,270.5,2.0,BENAVIDEZ,IMO9218210,NBHG,70,5,289,32,10.9,70,A
367821000,2020-08-21T03:14:18,36.97285,-76.43366,0.0,0.0,511.0,YANO,IMO7825409,NAQH,70,0,276,32,13.0,70,A
369390000,2020-08-21T03:15:34,36.87100,-76.34792,0.3,71.0,355.0,SAFMARINE MAFADI,IMO9314210,KRIJ,70,0,292,32,11.8,70,A
369390000,2020-08-21T03:16:52,36.87130,-76.34770,1.0,30.0,1.0,SAFMARINE MAFADI,IMO9314210,KRIJ,70,0,292,32,11.8,70,A
538005042,2020-08-21T03:16:32,36.93139,-76.33786,3.6,166.9,148.0,NILEDUTCH OSPREY,IMO9365829,V7AP5,70,0,182,28,11.0,71,A
368026000,2020-08-21T03:18:21,36.86577,-76.31605,0.0,270.5,2.0,BENAVIDEZ,IMO9218210,NBHG,70,5,289,32,10.9,70,A
366839000,2020-08-21T03:19:12,36.85347,-76.31086,0.0,0.0,39.0,CAPE RISE,IMO7530808,KAFG,70,5,197,32,10.0,,A
538006982,2020-08-21T03:20:16,36.96259,-76.42364,0.0,224.3,40.0,ANTE TOPIC,IMO9737072,V7TR4,70,5,,,,,A
477196100,2020-08-21T03:18:56,37.19802,-76.13470,0.1,69.1,170.0,DARYA MA,IMO9591674,VRJH5,70,1,229,32,14.5,,A
368026000,2020-08-21T03:21:20,36.86574,-76.31602,0.0,270.5,2.0,BENAVIDEZ,IMO9218210,NBHG,70,5,289,32,10.9,70,A
367822000,2020-08-21T03:20:56,36.97313,-76.43384,0.0,0.0,238.0,USNS SHUGHART,IMO7825394,NAOQ,70,5,276,32,13.0,70,A
367821000,2020-08-21T03:22:17,36.97284,-76.43366,0.0,0.0,511.0,YANO,IMO7825409,NAQH,70,0,276,32,13.0,70,A
477196100,2020-08-21T03:24:55,37.19801,-76.13475,0.1,69.1,172.0,DARYA MA,IMO9591674,VRJH5,70,1,229,32,14.5,,A
538005042,2020-08-21T03:24:58,36.92783,-76.33277,1.4,116.9,48.0,NILEDUTCH OSPREY,IMO9365829,V7AP5,70,0,182,28,11.0,71,A
367359930,2020-08-21T03:25:32,36.82405,-76.28905,0.0,237.4,511.0,SUNNY WILLIAMS,,WDE4940,80,0,25,8,,80,A
367359930,2020-08-21T03:26:43,36.82406,-76.28906,0.0,233.6,511.0,SUNNY WILLIAMS,,WDE4940,80,0,25,8,,80,A
367932000,2020-08-21T03:21:07,36.94918,-76.32956,0.0,107.0,279.0,JOHN LENTHALL,IMO8325547,NJLN,80,5,193,29,,,A
538005042,2020-08-21T03:31:47,36.92741,-76.33073,0.7,87.0,357.0,NILEDUTCH OSPREY,IMO9365829,V7AP5,70,0,182,28,11.0,71,A
367359930,2020-08-21T03:31:02,36.82403,-76.28902,0.0,231.4,511.0,SUNNY WILLIAMS,,WDE4940,80,0,25,8,,80,A
369390000,2020-08-21T03:32:19,36.88167,-76.33517,4.7,26.0,6.0,SAFMARINE MAFADI,IMO9314210,KRIJ,70,0,292,32,11.8,70,A
538002652,2020-08-21T03:30:53,36.87935,-76.32653,0.0,7.0,276.0,NAIAS,IMO9330800,V7KN8,70,5,225,32,14.0,70,A
215677000,2020-08-21T03:31:51,36.96291,-76.42419,0.0,147.3,39.0,RIZE,IMO9584035,9HA2781,70,5,229,32,14.5,,A
367821000,2020-08-21T03:32:47,36.97284,-76.43365,0.0,0.0,511.0,YANO,IMO7825409,NAQH,70,0,276,32,13.0,70,A
477196100,2020-08-21T03:33:58,37.19801,-76.13483,0.1,69.1,167.0,DARYA MA,IMO9591674,VRJH5,70,1,229,32,14.5,,A
477738200,2020-08-21T03:35:30,36.98081,-76.13821,14.4,108.5,108.0,COSCO PHILIPPINES,IMO9448762,VRGM7,70,0,334,42,14.5,72,A
366839000,2020-08-21T03:34:08,36.85348,-76.31081,0.0,0.0,39.0,CAPE RISE,IMO7530808,KAFG,70,5,197,32,10.0,,A
367932000,2020-08-21T03:30:08,36.94916,-76.32968,0.0,107.0,279.0,JOHN LENTHALL,IMO8325547,NJLN,80,5,193,29,,,A
369390000,2020-08-21T03:35:53,36.88678,-76.33536,5.7,352.0,355.0,SAFMARINE MAFADI,IMO9314210,KRIJ,70,0,292,32,11.8,70,A
367861000,2020-08-21T03:39:01,36.94637,-76.32978,0.0,0.0,265.0,LARAMIE,IMO8906626,NLAR,80,5,193,29,,,A
477738200,2020-08-21T03:40:36,36.97467,-76.11413,14.0,106.3,108.0,COSCO PHILIPPINES,IMO9448762,VRGM7,70,0,334,42,14.5,72,A
369390000,2020-08-21T03:39:32,36.89569,-76.33643,10.2,354.0,352.0,SAFMARINE MAFADI,IMO9314210,KRIJ,70,0,292,32,11.8,70,A
477196100,2020-08-21T03:40:00,37.19797,-76.13473,0.1,69.1,169.0,DARYA MA,IMO9591674,VRJH5,70,1,229,32,14.5,,A
477196100,2020-08-21T03:42:56,37.19795,-76.13470,0.1,69.1,169.0,DARYA MA,IMO9591674,VRJH5,70,1,229,32,14.5,,A
477196100,2020-08-21T03:45:59,37.19794,-76.13469,0.0,69.1,169.0,DARYA MA,IMO9591674,VRJH5,70,1,229,32,14.5,,A
477738200,2020-08-21T03:47:28,36.96637,-76.08280,13.8,109.4,108.0,COSCO PHILIPPINES,IMO9448762,VRGM7,70,0,334,42,14.5,72,A
538006982,2020-08-21T03:44:16,36.96256,-76.42367,0.0,248.7,40.0,ANTE TOPIC,IMO9737072,V7TR4,70,5,,,,,A
367821000,2020-08-21T03:46:58,36.97283,-76.43366,0.0,0.0,511.0,YANO,IMO7825409,NAQH,70,0,276,32,13.0,70,A
367821000,2020-08-21T03:50:47,36.97283,-76.43366,0.0,0.0,511.0,YANO,IMO7825409,NAQH,70,0,276,32,13.0,70,A
215677000,2020-08-21T03:49:57,36.96291,-76.42420,0.0,147.3,39.0,RIZE,IMO9584035,9HA2781,70,5,229,32,14.5,,A
369390000,2020-08-21T03:50:22,36.92426,-76.33889,8.9,1.0,0.0,SAFMARINE MAFADI,IMO9314210,KRIJ,70,0,292,32,11.8,70,A
369390000,2020-08-21T03:54:03,36.93333,-76.33883,8.9,1.0,0.0,SAFMARINE MAFADI,IMO9314210,KRIJ,70,0,292,32,11.8,70,A
366839000,2020-08-21T03:49:09,36.85352,-76.31081,0.0,0.0,39.0,CAPE RISE,IMO7530808,KAFG,70,5,197,32,10.0,,A
368026000,2020-08-21T03:51:20,36.86575,-76.31604,0.0,270.5,2.0,BENAVIDEZ,IMO9218210,NBHG,70,5,289,32,10.9,70,A
338403000,2020-08-21T03:52:28,36.92468,-76.32978,0.0,121.6,355.0,MAERSK HARTFORD,IMO9333008,WMHA,70,5,299,40,14.5,,A
338403000,2020-08-21T03:55:25,36.92478,-76.32972,0.0,355.2,355.0,MAERSK HARTFORD,IMO9333008,WMHA,70,5,299,40,14.5,,A
369390000,2020-08-21T03:59:02,36.94583,-76.33794,9.0,5.0,5.0,SAFMARINE MAFADI,IMO9314210,KRIJ,70,0,292,32,11.8,70,A
369390000,2020-08-21T04:02:22,36.95422,-76.33696,9.1,5.0,5.0,SAFMARINE MAFADI,IMO9314210,KRIJ,70,0,292,32,11.8,70,A
338403000,2020-08-21T04:01:25,36.92476,-76.32974,0.0,121.6,355.0,MAERSK HARTFORD,IMO9333008,WMHA,70,5,299,40,14.5,,A
367822000,2020-08-21T04:02:56,36.97311,-76.43384,0.0,0.0,238.0,USNS SHUGHART,IMO7825394,NAOQ,70,5,276,32,13.0,70,A
367359930,2020-08-21T04:03:51,36.82407,-76.28905,0.0,259.2,511.0,SUNNY WILLIAMS,,WDE4940,80,0,25,8,,80,A
367861000,2020-08-21T04:03:01,36.94639,-76.32979,0.0,0.0,265.0,LARAMIE,IMO8906626,NLAR,80,5,193,29,,,A
369390000,2020-08-21T04:04:43,36.96033,-76.33633,9.7,5.0,4.0,SAFMARINE MAFADI,IMO9314210,KRIJ,70,0,292,32,11.8,70,A
367821000,2020-08-21T04:09:27,36.97283,-76.43366,0.0,0.0,511.0,YANO,IMO7825409,NAQH,70,0,276,32,13.0,70,A
367359930,2020-08-21T04:10:01,36.82406,-76.28905,0.0,272.8,511.0,SUNNY WILLIAMS,,WDE4940,80,0,25,8,,80,A
366839000,2020-08-21T04:07:12,36.85350,-76.31082,0.0,0.0,39.0,CAPE RISE,IMO7530808,KAFG,70,5,197,32,10.0,,A
369390000,2020-08-21T04:10:22,36.97744,-76.32775,12.8,45.0,46.0,SAFMARINE MAFADI,IMO9314210,KRIJ,70,0,292,32,11.8,70,A
367821000,2020-08-21T04:17:27,36.97283,-76.43371,0.0,0.0,511.0,YANO,IMO7825409,NAQH,70,0,276,32,13.0,70,A
367822000,2020-08-21T04:11:55,36.97311,-76.43383,0.0,0.0,238.0,USNS SHUGHART,IMO7825394,NAOQ,70,5,276,32,13.0,70,A
369390000,2020-08-21T04:18:28,36.99840,-76.29491,16.0,58.0,59.0,SAFMARINE MAFADI,IMO9314210,KRIJ,70,0,292,32,11.8,70,A
367932000,2020-08-21T04:09:07,36.94912,-76.32966,0.0,107.0,279.0,JOHN LENTHALL,IMO8325547,NJLN,80,5,193,29,,,A
369390000,2020-08-21T04:22:11,37.00483,-76.27583,16.1,75.0,77.0,SAFMARINE MAFADI,IMO9314210,KRIJ,70,0,292,32,11.8,70,A
369390000,2020-08-21T04:23:22,37.00607,-76.26938,16.1,76.0,77.0,SAFMARINE MAFADI,IMO9314210,KRIJ,70,0,292,32,11.8,70,A
367861000,2020-08-21T04:18:00,36.94637,-76.32973,0.0,0.0,265.0,LARAMIE,IMO8906626,NLAR,80,5,193,29,,,A
338403000,2020-08-21T04:19:31,36.92483,-76.32970,0.0,121.6,355.0,MAERSK HARTFORD,IMO9333008,WMHA,70,5,299,40,14.5,,A
366733250,2020-08-21T04:27:42,37.23790,-76.06851,1.5,336.5,511.0,ATLANTIC SURVEYOR,,WTR5417,70,15,31,7,,,A
366733250,2020-08-21T04:30:42,37.23912,-76.06913,1.6,337.7,511.0,ATLANTIC SURVEYOR,,WTR5417,70,15,31,7,,,A
369390000,2020-08-21T04:25:11,37.00750,-76.25950,16.1,82.0,88.0,SAFMARINE MAFADI,IMO9314210,KRIJ,70,0,292,32,11.8,70,A
366839000,2020-08-21T04:22:06,36.85348,-76.31078,0.0,0.0,39.0,CAPE RISE,IMO7530808,KAFG,70,5,197,32,10.0,,A
367932000,2020-08-21T04:15:07,36.94915,-76.32969,0.0,107.0,279.0,JOHN LENTHALL,IMO8325547,NJLN,80,5,193,29,,,A
477196100,2020-08-21T04:24:55,37.19790,-76.13469,0.1,69.1,171.0,DARYA MA,IMO9591674,VRJH5,70,1,229,32,14.5,,A
366733250,2020-08-21T04:38:12,37.24215,-76.07049,1.3,340.9,511.0,ATLANTIC SURVEYOR,,WTR5417,70,15,31,7,,,A
369390000,2020-08-21T04:34:22,36.99951,-76.21117,15.7,108.0,109.0,SAFMARINE MAFADI,IMO9314210,KRIJ,70,0,292,32,11.8,70,A
369390000,2020-08-21T04:43:59,36.98683,-76.16183,15.5,108.0,109.0,SAFMARINE MAFADI,IMO9314210,KRIJ,70,0,292,32,11.8,70,A
367932000,2020-08-21T04:21:09,36.94922,-76.32971,0.0,107.0,279.0,JOHN LENTHALL,IMO8325547,NJLN,80,5,193,29,,,A
366733250,2020-08-21T04:42:51,37.24384,-76.07113,1.3,342.0,511.0,ATLANTIC SURVEYOR,,WTR5417,70,15,31,7,,,A
369390000,2020-08-21T04:49:34,36.97954,-76.13300,15.8,107.0,109.0,SAFMARINE MAFADI,IMO9314210,KRIJ,70,0,292,32,11.8,70,A
367359930,2020-08-21T04:52:51,36.82405,-76.28905,0.0,301.8,511.0,SUNNY WILLIAMS,,WDE4940,80,0,25,8,,80,A
369390000,2020-08-21T04:53:41,36.97400,-76.11150,15.8,107.0,109.0,SAFMARINE MAFADI,IMO9314210,KRIJ,70,0,292,32,11.8,70,A
367932000,2020-08-21T04:57:07,36.94918,-76.32970,0.0,107.0,279.0,JOHN LENTHALL,IMO8325547,NJLN,80,5,193,29,,,A
368026000,2020-08-21T04:54:21,36.86577,-76.31603,0.0,270.5,2.0,BENAVIDEZ,IMO9218210,NBHG,70,5,289,32,10.9,70,A
538006982,2020-08-21T04:50:16,36.96258,-76.42361,0.0,246.3,40.0,ANTE TOPIC,IMO9737072,V7TR4,70,5,,,,,A
538002652,2020-08-21T04:48:51,36.87942,-76.32650,0.0,321.0,277.0,NAIAS,IMO9330800,V7KN8,70,5,225,32,14.0,70,A
338403000,2020-08-21T05:01:28,36.92484,-76.32975,0.0,355.3,355.0,MAERSK HARTFORD,IMO9333008,WMHA,70,5,299,40,14.5,,A
366839000,2020-08-21T05:01:06,36.85349,-76.31083,0.0,0.0,39.0,CAPE RISE,IMO7530808,KAFG,70,5,197,32,10.0,,A
369390000,2020-08-21T05:00:04,36.96536,-76.07848,15.8,108.0,108.0,SAFMARINE MAFADI,IMO9314210,KRIJ,70,0,292,32,11.8,70,A
366733250,2020-08-21T05:02:13,37.25007,-76.07349,1.2,6.7,511.0,ATLANTIC SURVEYOR,,WTR5417,70,15,31,7,,,A
367822000,2020-08-21T05:05:55,36.97313,-76.43385,0.0,0.0,238.0,USNS SHUGHART,IMO7825394,NAOQ,70,5,276,32,13.0,70,A
366839000,2020-08-21T05:04:10,36.85350,-76.31080,0.0,0.0,39.0,CAPE RISE,IMO7530808,KAFG,70,5,197,32,10.0,,A
366733250,2020-08-21T05:11:41,37.24733,-76.07281,1.6,154.4,511.0,ATLANTIC SURVEYOR,,WTR5417,70,15,31,7,,,A
367359930,2020-08-21T05:07:12,36.82408,-76.28907,0.0,319.8,511.0,SUNNY WILLIAMS,,WDE4940,80,0,25,8,,80,A
367821000,2020-08-21T05:14:27,36.97286,-76.43365,0.0,0.0,511.0,YANO,IMO7825409,NAQH,70,0,276,32,13.0,70,A
368026000,2020-08-21T05:09:21,36.86577,-76.31607,0.0,270.5,2.0,BENAVIDEZ,IMO9218210,NBHG,70,5,289,32,10.9,70,A
367359930,2020-08-21T05:14:12,36.82406,-76.28906,0.0,294.0,511.0,SUNNY WILLIAMS,,WDE4940,80,0,25,8,,80,A
367359930,2020-08-21T05:23:13,36.82407,-76.28907,0.0,326.2,511.0,SUNNY WILLIAMS,,WDE4940,80,0,25,8,,80,A
367821000,2020-08-21T05:29:27,36.97286,-76.43365,0.0,0.0,511.0,YANO,IMO7825409,NAQH,70,0,276,32,13.0,70,A
538006982,2020-08-21T05:17:16,36.96260,-76.42367,0.0,322.3,40.0,ANTE TOPIC,IMO9737072,V7TR4,70,5,,,,,A
538002652,2020-08-21T05:21:50,36.87947,-76.32645,0.0,300.0,276.0,NAIAS,IMO9330800,V7KN8,70,5,225,32,14.0,70,A
367822000,2020-08-21T05:20:56,36.97314,-76.43385,0.0,0.0,238.0,USNS SHUGHART,IMO7825394,NAOQ,70,5,276,32,13.0,70,A
538006982,2020-08-21T05:23:16,36.96256,-76.42363,0.0,322.3,40.0,ANTE TOPIC,IMO9737072,V7TR4,70,5,,,,,A
538005042,2020-08-21T05:23:47,36.92760,-76.32992,0.0,355.0,355.0,NILEDUTCH OSPREY,IMO9365829,V7AP5,70,5,182,28,11.0,71,A
538005042,2020-08-21T05:26:48,36.92760,-76.32992,0.0,355.0,355.0,NILEDUTCH OSPREY,IMO9365829,V7AP5,70,5,182,28,11.0,71,A
368026000,2020-08-21T05:27:20,36.86577,-76.31606,0.0,270.5,2.0,BENAVIDEZ,IMO9218210,NBHG,70,5,289,32,10.9,70,A
366733250,2020-08-21T05:41:42,37.23393,-76.06529,2.0,159.2,511.0,ATLANTIC SURVEYOR,,WTR5417,70,15,31,7,,,A
367821000,2020-08-21T05:51:07,36.97287,-76.43366,0.0,0.0,511.0,YANO,IMO7825409,NAQH,70,0,276,32,13.0,70,A
477196100,2020-08-21T05:54:53,37.19781,-76.13402,0.1,82.6,179.0,DARYA MA,IMO9591674,VRJH5,70,1,229,32,14.5,,A
368026000,2020-08-21T05:51:22,36.86576,-76.31604,0.0,270.5,2.0,BENAVIDEZ,IMO9218210,NBHG,70,5,289,32,10.9,70,A
367861000,2020-08-21T05:51:01,36.94642,-76.32981,0.0,0.0,265.0,LARAMIE,IMO8906626,NLAR,80,5,193,29,,,A
538002652,2020-08-21T05:54:52,36.87942,-76.32648,0.0,300.0,277.0,NAIAS,IMO9330800,V7KN8,70,5,225,32,14.0,70,A
338403000,2020-08-21T05:52:23,36.92481,-76.32967,0.0,355.2,355.0,MAERSK HARTFORD,IMO9333008,WMHA,70,5,299,40,14.5,,A
367822000,2020-08-21T05:53:56,36.97310,-76.43383,0.0,0.0,238.0,USNS SHUGHART,IMO7825394,NAOQ,70,5,276,32,13.0,70,A
538002652,2020-08-21T05:57:53,36.87940,-76.32635,0.0,300.0,277.0,NAIAS,IMO9330800,V7KN8,70,5,225,32,14.0,70,A
367861000,2020-08-21T05:57:00,36.94642,-76.32990,0.0,0.0,265.0,LARAMIE,IMO8906626,NLAR,80,5,193,29,,,A
338403000,2020-08-21T06:01:29,36.92482,-76.32970,0.0,355.3,355.0,MAERSK HARTFORD,IMO9333008,WMHA,70,5,299,40,14.5,,A
538005042,2020-08-21T06:00:05,36.92759,-76.32993,0.0,354.0,354.0,NILEDUTCH OSPREY,IMO9365829,V7AP5,70,5,182,28,11.0,71,A
367932000,2020-08-21T05:51:09,36.94921,-76.32966,0.0,107.0,279.0,JOHN LENTHALL,IMO8325547,NJLN,80,5,193,29,,,A
367359930,2020-08-21T06:05:12,36.82403,-76.28905,0.0,329.2,511.0,SUNNY WILLIAMS,,WDE4940,80,0,25,8,,80,A
338403000,2020-08-21T06:04:28,36.92475,-76.32966,0.0,121.6,355.0,MAERSK HARTFORD,IMO9333008,WMHA,70,5,299,40,14.5,,A
338403000,2020-08-21T06:07:27,36.92483,-76.32963,0.0,121.6,355.0,MAERSK HARTFORD,IMO9333008,WMHA,70,5,299,40,14.5,,A
366839000,2020-08-21T06:10:10,36.85347,-76.31083,0.0,0.0,39.0,CAPE RISE,IMO7530808,KAFG,70,5,197,32,10.0,,A
477196100,2020-08-21T06:09:55,37.19777,-76.13347,0.1,85.6,196.0,DARYA MA,IMO9591674,VRJH5,70,1,229,32,14.5,,A
538005042,2020-08-21T06:09:07,36.92759,-76.32992,0.0,355.0,355.0,NILEDUTCH OSPREY,IMO9365829,V7AP5,70,5,182,28,11.0,71,A
338403000,2020-08-21T06:25:28,36.92480,-76.32975,0.0,121.6,355.0,MAERSK HARTFORD,IMO9333008,WMHA,70,5,299,40,14.5,,A
338403000,2020-08-21T06:28:29,36.92484,-76.32973,0.0,355.3,355.0,MAERSK HARTFORD,IMO9333008,WMHA,70,5,299,40,14.5,,A
538006982,2020-08-21T06:23:16,36.96256,-76.42366,0.0,295.1,40.0,ANTE TOPIC,IMO9737072,V7TR4,70,5,,,,,A
538005042,2020-08-21T06:27:14,36.92758,-76.32993,0.0,355.0,355.0,NILEDUTCH OSPREY,IMO9365829,V7AP5,70,5,182,28,11.0,71,A
538005042,2020-08-21T06:30:18,36.92758,-76.32993,0.0,355.0,355.0,NILEDUTCH OSPREY,IMO9365829,V7AP5,70,5,182,28,11.0,71,A
538002652,2020-08-21T06:33:53,36.87945,-76.32645,0.0,300.0,276.0,NAIAS,IMO9330800,V7KN8,70,5,225,32,14.0,70,A
215677000,2020-08-21T06:16:50,36.96291,-76.42420,0.0,147.3,39.0,RIZE,IMO9584035,9HA2781,70,5,229,32,14.5,,A
367932000,2020-08-21T06:15:09,36.94910,-76.32966,0.0,107.0,279.0,JOHN LENTHALL,IMO8325547,NJLN,80,5,193,29,,,A
477196100,2020-08-21T06:24:58,37.19750,-76.13290,0.1,107.4,208.0,DARYA MA,IMO9591674,VRJH5,70,1,229,32,14.5,,A
538006982,2020-08-21T06:29:16,36.96259,-76.42365,0.0,295.1,40.0,ANTE TOPIC,IMO9737072,V7TR4,70,5,,,,,A
368026000,2020-08-21T06:48:20,36.86576,-76.31603,0.0,270.5,2.0,BENAVIDEZ,IMO9218210,NBHG,70,5,289,32,10.9,70,A
367861000,2020-08-21T06:36:01,36.94642,-76.32974,0.0,0.0,265.0,LARAMIE,IMO8906626,NLAR,80,5,193,29,,,A
367861000,2020-08-21T06:57:00,36.94637,-76.32971,0.0,0.0,265.0,LARAMIE,IMO8906626,NLAR,80,5,193,29,,,A
367821000,2020-08-21T06:53:07,36.97281,-76.43370,0.0,0.0,511.0,YANO,IMO7825409,NAQH,70,0,276,32,13.0,70,A
367359930,2020-08-21T06:56:13,36.82406,-76.28907,0.0,217.2,511.0,SUNNY WILLIAMS,,WDE4940,80,0,25,8,,80,A
538005042,2020-08-21T06:39:22,36.92758,-76.32993,0.0,355.0,355.0,NILEDUTCH OSPREY,IMO9365829,V7AP5,70,5,182,28,11.0,71,A
538006982,2020-08-21T06:44:16,36.96261,-76.42363,0.0,295.1,40.0,ANTE TOPIC,IMO9737072,V7TR4,70,5,,,,,A
538006982,2020-08-21T06:47:16,36.96258,-76.42364,0.0,295.1,40.0,ANTE TOPIC,IMO9737072,V7TR4,70,5,,,,,A
367932000,2020-08-21T06:33:09,36.94917,-76.32965,0.0,107.0,279.0,JOHN LENTHALL,IMO8325547,NJLN,80,5,193,29,,,A
366839000,2020-08-21T06:46:12,36.85350,-76.31083,0.0,0.0,39.0,CAPE RISE,IMO7530808,KAFG,70,5,197,32,10.0,,A
366839000,2020-08-21T06:49:10,36.85351,-76.31082,0.0,0.0,39.0,CAPE RISE,IMO7530808,KAFG,70,5,197,32,10.0,,A
538005042,2020-08-21T06:48:26,36.92758,-76.32993,0.0,355.0,355.0,NILEDUTCH OSPREY,IMO9365829,V7AP5,70,5,182,28,11.0,71,A
215677000,2020-08-21T07:01:56,36.96291,-76.42419,0.0,147.3,39.0,RIZE,IMO9584035,9HA2781,70,5,229,32,14.5,,A
367359930,2020-08-21T07:01:12,36.82406,-76.28907,0.0,209.8,511.0,SUNNY WILLIAMS,,WDE4940,80,0,25,8,,80,A
367359930,2020-08-21T07:02:22,36.82406,-76.28906,0.0,208.9,511.0,SUNNY WILLIAMS,,WDE4940,80,0,25,8,,80,A
367861000,2020-08-21T07:03:00,36.94642,-76.32978,0.0,0.0,265.0,LARAMIE,IMO8906626,NLAR,80,5,193,29,,,A
366839000,2020-08-21T07:04:12,36.85348,-76.31079,0.0,0.0,39.0,CAPE RISE,IMO7530808,KAFG,70,5,197,32,10.0,,A
367359930,2020-08-21T07:06:03,36.82406,-76.28906,0.0,209.8,511.0,SUNNY WILLIAMS,,WDE4940,80,0,25,8,,80,A
366839000,2020-08-21T07:07:12,36.85350,-76.31083,0.0,0.0,39.0,CAPE RISE,IMO7530808,KAFG,70,5,197,32,10.0,,A
367932000,2020-08-21T07:00:07,36.94911,-76.32959,0.0,107.0,279.0,JOHN LENTHALL,IMO8325547,NJLN,80,5,193,29,,,A
367359930,2020-08-21T07:08:22,36.82406,-76.28905,0.0,207.2,511.0,SUNNY WILLIAMS,,WDE4940,80,0,25,8,,80,A
538005042,2020-08-21T07:12:35,36.92759,-76.32992,0.0,355.0,355.0,NILEDUTCH OSPREY,IMO9365829,V7AP5,70,5,182,28,11.0,71,A
366839000,2020-08-21T07:10:07,36.85349,-76.31085,0.0,0.0,39.0,CAPE RISE,IMO7530808,KAFG,70,5,197,32,10.0,,A
367359930,2020-08-21T07:11:51,36.82404,-76.28907,0.0,203.3,511.0,SUNNY WILLIAMS,,WDE4940,80,0,25,8,,80,A
538005042,2020-08-21T07:15:37,36.92759,-76.32992,0.0,355.0,355.0,NILEDUTCH OSPREY,IMO9365829,V7AP5,70,5,182,28,11.0,71,A
477196100,2020-08-21T07:16:02,37.19595,-76.13194,0.2,177.6,265.0,DARYA MA,IMO9591674,VRJH5,70,1,229,32,14.5,,A
367359930,2020-08-21T07:18:13,36.82404,-76.28907,0.0,200.7,511.0,SUNNY WILLIAMS,,WDE4940,80,0,25,8,,80,A
367932000,2020-08-21T07:12:08,36.94915,-76.32959,0.0,107.0,279.0,JOHN LENTHALL,IMO8325547,NJLN,80,5,193,29,,,A
367821000,2020-08-21T07:19:17,36.97285,-76.43367,0.0,0.0,511.0,YANO,IMO7825409,NAQH,70,0,276,32,13.0,70,A
367821000,2020-08-21T07:20:38,36.97284,-76.43366,0.0,0.0,511.0,YANO,IMO7825409,NAQH,70,0,276,32,13.0,70,A
367359930,2020-08-21T07:19:22,36.82404,-76.28906,0.0,201.9,511.0,SUNNY WILLIAMS,,WDE4940,80,0,25,8,,80,A
367359930,2020-08-21T07:20:32,36.82404,-76.28906,0.0,202.0,511.0,SUNNY WILLIAMS,,WDE4940,80,0,25,8,,80,A
367359930,2020-08-21T07:22:53,36.82406,-76.28906,0.0,213.4,511.0,SUNNY WILLIAMS,,WDE4940,80,0,25,8,,80,A
368026000,2020-08-21T07:24:21,36.86578,-76.31605,0.0,270.5,2.0,BENAVIDEZ,IMO9218210,NBHG,70,5,289,32,10.9,70,A
538002652,2020-08-21T07:24:50,36.87947,-76.32647,0.0,34.0,276.0,NAIAS,IMO9330800,V7KN8,70,5,225,32,14.0,70,A
367359930,2020-08-21T07:34:42,36.82404,-76.28906,0.0,246.0,511.0,SUNNY WILLIAMS,,WDE4940,80,0,25,8,,80,A
366839000,2020-08-21T07:31:11,36.85348,-76.31081,0.0,0.0,39.0,CAPE RISE,IMO7530808,KAFG,70,5,197,32,10.0,,A
367821000,2020-08-21T07:39:48,36.97283,-76.43366,0.0,0.0,511.0,YANO,IMO7825409,NAQH,70,0,276,32,13.0,70,A
338403000,2020-08-21T07:34:27,36.92477,-76.32972,0.0,121.6,355.0,MAERSK HARTFORD,IMO9333008,WMHA,70,5,299,40,14.5,,A
477196100,2020-08-21T07:45:57,37.19492,-76.13231,0.1,220.8,305.0,DARYA MA,IMO9591674,VRJH5,70,1,229,32,14.5,,A
367861000,2020-08-21T07:39:00,36.94638,-76.32982,0.0,0.0,265.0,LARAMIE,IMO8906626,NLAR,80,5,193,29,,,A
368026000,2020-08-21T07:39:21,36.86576,-76.31604,0.0,270.5,2.0,BENAVIDEZ,IMO9218210,NBHG,70,5,289,32,10.9,70,A
538006982,2020-08-21T07:44:16,36.96258,-76.42365,0.0,280.5,40.0,ANTE TOPIC,IMO9737072,V7TR4,70,5,,,,,A
215677000,2020-08-21T07:43:55,36.96293,-76.42420,0.0,147.3,39.0,RIZE,IMO9584035,9HA2781,70,5,229,32,14.5,,A
215677000,2020-08-21T07:46:55,36.96291,-76.42420,0.0,147.3,39.0,RIZE,IMO9584035,9HA2781,70,5,229,32,14.5,,A
367861000,2020-08-21T07:48:00,36.94637,-76.32983,0.0,0.0,265.0,LARAMIE,IMO8906626,NLAR,80,5,193,29,,,A
367932000,2020-08-21T07:42:09,36.94912,-76.32964,0.0,107.0,279.0,JOHN LENTHALL,IMO8325547,NJLN,80,5,193,29,,,A
367821000,2020-08-21T07:58:17,36.97285,-76.43366,0.0,0.0,511.0,YANO,IMO7825409,NAQH,70,0,276,32,13.0,70,A
538006982,2020-08-21T08:02:16,36.96261,-76.42368,0.0,280.5,40.0,ANTE TOPIC,IMO9737072,V7TR4,70,5,,,,,A
367861000,2020-08-21T08:09:00,36.94640,-76.32980,0.0,0.0,265.0,LARAMIE,IMO8906626,NLAR,80,5,193,29,,,A
367822000,2020-08-21T08:14:56,36.97311,-76.43383,0.0,0.0,238.0,USNS SHUGHART,IMO7825394,NAOQ,70,5,276,32,13.0,70,A
368026000,2020-08-21T08:12:20,36.86576,-76.31603,0.0,270.5,2.0,BENAVIDEZ,IMO9218210,NBHG,70,5,289,32,10.9,70,A
367861000,2020-08-21T08:21:01,36.94635,-76.32986,0.0,0.0,265.0,LARAMIE,IMO8906626,NLAR,80,5,193,29,,,A
367822000,2020-08-21T08:20:55,36.97311,-76.43383,0.0,0.0,238.0,USNS SHUGHART,IMO7825394,NAOQ,70,5,276,32,13.0,70,A
538002652,2020-08-21T08:24:53,36.87943,-76.32645,0.0,252.0,277.0,NAIAS,IMO9330800,V7KN8,70,5,225,32,14.0,70,A
538006982,2020-08-21T08:26:16,36.96256,-76.42362,0.0,280.5,40.0,ANTE TOPIC,IMO9737072,V7TR4,70,5,,,,,A
338403000,2020-08-21T08:28:20,36.93818,-76.33764,7.7,358.7,0.0,MAERSK HARTFORD,IMO9333008,WMHA,70,0,299,40,14.5,,A
367861000,2020-08-21T08:27:00,36.94638,-76.32981,0.0,0.0,265.0,LARAMIE,IMO8906626,NLAR,80,5,193,29,,,A
367822000,2020-08-21T08:26:56,36.97311,-76.43383,0.0,0.0,238.0,USNS SHUGHART,IMO7825394,NAOQ,70,5,276,32,13.0,70,A
367932000,2020-08-21T08:21:07,36.94916,-76.32963,0.0,107.0,279.0,JOHN LENTHALL,IMO8325547,NJLN,80,5,193,29,,,A
367359930,2020-08-21T08:27:43,36.82406,-76.28907,0.0,283.7,511.0,SUNNY WILLIAMS,,WDE4940,80,0,25,8,,80,A
338403000,2020-08-21T08:34:30,36.95273,-76.33710,8.5,15.6,2.0,MAERSK HARTFORD,IMO9333008,WMHA,70,0,299,40,14.5,,A
367359930,2020-08-21T08:39:12,36.82408,-76.28907,0.0,295.3,511.0,SUNNY WILLIAMS,,WDE4940,80,0,25,8,,80,A
367932000,2020-08-21T08:30:07,36.94915,-76.32965,0.0,107.0,279.0,JOHN LENTHALL,IMO8325547,NJLN,80,5,193,29,,,A
538006982,2020-08-21T08:38:16,36.96259,-76.42364,0.0,280.5,40.0,ANTE TOPIC,IMO9737072,V7TR4,70,5,,,,,A
538002652,2020-08-21T08:36:53,36.87943,-76.32648,0.0,252.0,277.0,NAIAS,IMO9330800,V7KN8,70,5,225,32,14.0,70,A
367822000,2020-08-21T08:38:56,36.97311,-76.43384,0.0,0.0,238.0,USNS SHUGHART,IMO7825394,NAOQ,70,5,276,32,13.0,70,A
366839000,2020-08-21T08:43:11,36.85349,-76.31084,0.0,0.0,39.0,CAPE RISE,IMO7530808,KAFG,70,5,197,32,10.0,,A
367821000,2020-08-21T08:47:18,36.97285,-76.43366,0.0,0.0,511.0,YANO,IMO7825409,NAQH,70,0,276,32,13.0,70,A
367822000,2020-08-21T08:44:56,36.97311,-76.43383,0.0,0.0,238.0,USNS SHUGHART,IMO7825394,NAOQ,70,5,276,32,13.0,70,A
215677000,2020-08-21T08:46:56,36.96292,-76.42420,0.0,147.3,39.0,RIZE,IMO9584035,9HA2781,70,5,229,32,14.5,,A
367359930,2020-08-21T08:46:23,36.82404,-76.28905,0.0,291.4,511.0,SUNNY WILLIAMS,,WDE4940,80,0,25,8,,80,A
367359930,2020-08-21T08:49:32,36.82406,-76.28906,0.0,291.2,511.0,SUNNY WILLIAMS,,WDE4940,80,0,25,8,,80,A
368026000,2020-08-21T08:48:21,36.86578,-76.31603,0.0,270.5,2.0,BENAVIDEZ,IMO9218210,NBHG,70,5,289,32,10.9,70,A
367359930,2020-08-21T08:51:32,36.82407,-76.28907,0.0,293.4,511.0,SUNNY WILLIAMS,,WDE4940,80,0,25,8,,80,A
367861000,2020-08-21T08:51:01,36.94640,-76.32986,0.0,0.0,265.0,LARAMIE,IMO8906626,NLAR,80,5,193,29,,,A
367821000,2020-08-21T08:50:57,36.97286,-76.43366,0.0,0.0,511.0,YANO,IMO7825409,NAQH,70,0,276,32,13.0,70,A
538006982,2020-08-21T08:50:16,36.96260,-76.42365,0.0,280.5,40.0,ANTE TOPIC,IMO9737072,V7TR4,70,5,,,,,A
338403000,2020-08-21T08:53:55,37.00263,-76.28196,16.8,74.2,75.0,MAERSK HARTFORD,IMO9333008,WMHA,70,0,299,40,14.5,,A
367821000,2020-08-21T08:58:28,36.97282,-76.43364,0.0,0.0,511.0,YANO,IMO7825409,NAQH,70,0,276,32,13.0,70,A
538006982,2020-08-21T08:59:16,36.96258,-76.42365,0.0,280.5,40.0,ANTE TOPIC,IMO9737072,V7TR4,70,5,,,,,A
367861000,2020-08-21T08:56:59,36.94639,-76.32986,0.0,0.0,265.0,LARAMIE,IMO8906626,NLAR,80,5,193,29,,,A
215677000,2020-08-21T09:01:51,36.96292,-76.42420,0.0,147.3,39.0,RIZE,IMO9584035,9HA2781,70,5,229,32,14.5,,A
538005042,2020-08-21T09:04:26,36.92760,-76.32993,0.0,355.0,355.0,NILEDUTCH OSPREY,IMO9365829,V7AP5,70,5,182,28,11.0,71,A
338403000,2020-08-21T09:07:37,36.99906,-76.20528,16.2,109.5,109.0,MAERSK HARTFORD,IMO9333008,WMHA,70,0,299,40,14.5,,A
368026000,2020-08-21T09:06:21,36.86575,-76.31606,0.0,270.5,2.0,BENAVIDEZ,IMO9218210,NBHG,70,5,289,32,10.9,70,A
215677000,2020-08-21T09:07:51,36.96291,-76.42419,0.0,147.3,39.0,RIZE,IMO9584035,9HA2781,70,5,229,32,14.5,,A
538005042,2020-08-21T09:10:26,36.92760,-76.32993,0.0,355.0,355.0,NILEDUTCH OSPREY,IMO9365829,V7AP5,70,5,182,28,11.0,71,A
338403000,2020-08-21T09:18:02,36.98374,-76.15078,15.6,108.4,108.0,MAERSK HARTFORD,IMO9333008,WMHA,70,0,299,40,14.5,,A
538006982,2020-08-21T09:17:16,36.96260,-76.42364,0.0,280.5,40.0,ANTE TOPIC,IMO9737072,V7TR4,70,5,,,,,A
338403000,2020-08-21T09:20:19,36.98063,-76.13904,15.6,108.4,107.0,MAERSK HARTFORD,IMO9333008,WMHA,70,0,299,40,14.5,,A
338403000,2020-08-21T09:22:44,36.97741,-76.12645,15.5,119.4,107.0,MAERSK HARTFORD,IMO9333008,WMHA,70,0,299,40,14.5,,A
366733250,2020-08-21T09:25:02,37.23205,-76.06338,1.1,303.2,511.0,ATLANTIC SURVEYOR,,WTR5417,70,15,31,7,,,A
367821000,2020-08-21T09:23:47,36.97274,-76.43373,0.0,0.0,511.0,YANO,IMO7825409,NAQH,70,0,276,32,13.0,70,A
367821000,2020-08-21T09:25:47,36.97281,-76.43364,0.0,0.0,511.0,YANO,IMO7825409,NAQH,70,0,276,32,13.0,70,A
367932000,2020-08-21T09:18:07,36.94918,-76.32969,0.0,107.0,279.0,JOHN LENTHALL,IMO8325547,NJLN,80,5,193,29,,,A
367822000,2020-08-21T09:26:55,36.97308,-76.43384,0.0,0.0,238.0,USNS SHUGHART,IMO7825394,NAOQ,70,5,276,32,13.0,70,A
477196100,2020-08-21T09:24:57,37.19418,-76.13334,0.1,187.2,335.0,DARYA MA,IMO9591674,VRJH5,70,1,229,32,14.5,,A
538005042,2020-08-21T09:31:38,36.92760,-76.32993,0.0,355.0,355.0,NILEDUTCH OSPREY,IMO9365829,V7AP5,70,5,182,28,11.0,71,A
366839000,2020-08-21T09:28:12,36.85353,-76.31083,0.0,0.0,39.0,CAPE RISE,IMO7530808,KAFG,70,5,197,32,10.0,,A
367821000,2020-08-21T09:30:17,36.97282,-76.43364,0.0,0.0,511.0,YANO,IMO7825409,NAQH,70,0,276,32,13.0,70,A
215677000,2020-08-21T09:28:57,36.96291,-76.42420,0.0,147.3,39.0,RIZE,IMO9584035,9HA2781,70,5,229,32,14.5,,A
367359930,2020-08-21T09:33:13,36.82408,-76.28906,0.0,271.5,511.0,SUNNY WILLIAMS,,WDE4940,80,0,25,8,,80,A
368026000,2020-08-21T09:39:21,36.86576,-76.31604,0.0,270.5,2.0,BENAVIDEZ,IMO9218210,NBHG,70,5,289,32,10.9,70,A
367861000,2020-08-21T09:39:01,36.94642,-76.32980,0.0,0.0,265.0,LARAMIE,IMO8906626,NLAR,80,5,193,29,,,A
477196100,2020-08-21T09:40:02,37.19409,-76.13354,0.1,187.2,339.0,DARYA MA,IMO9591674,VRJH5,70,1,229,32,14.5,,A
538005042,2020-08-21T09:43:41,36.92759,-76.32993,0.0,355.0,355.0,NILEDUTCH OSPREY,IMO9365829,V7AP5,70,5,182,28,11.0,71,A
367821000,2020-08-21T09:52:07,36.97284,-76.43365,0.0,0.0,511.0,YANO,IMO7825409,NAQH,70,0,276,32,13.0,70,A
477196100,2020-08-21T09:48:58,37.19400,-76.13371,0.1,187.2,343.0,DARYA MA,IMO9591674,VRJH5,70,1,229,32,14.5,,A
538006982,2020-08-21T09:50:16,36.96256,-76.42363,0.1,184.1,40.0,ANTE TOPIC,IMO9737072,V7TR4,70,5,,,,,A
538005042,2020-08-21T10:01:52,36.92760,-76.32993,0.0,355.0,355.0,NILEDUTCH OSPREY,IMO9365829,V7AP5,70,5,182,28,11.0,71,A
367821000,2020-08-21T10:11:58,36.97286,-76.43365,0.0,0.0,511.0,YANO,IMO7825409,NAQH,70,0,276,32,13.0,70,A
367861000,2020-08-21T10:12:01,36.94644,-76.32983,0.0,0.0,265.0,LARAMIE,IMO8906626,NLAR,80,5,193,29,,,A
538005042,2020-08-21T10:13:54,36.92761,-76.32993,0.0,354.0,354.0,NILEDUTCH OSPREY,IMO9365829,V7AP5,70,5,182,28,11.0,71,A
367821000,2020-08-21T10:17:18,36.97286,-76.43365,0.0,0.0,511.0,YANO,IMO7825409,NAQH,70,0,276,32,13.0,70,A
538006982,2020-08-21T10:14:16,36.96259,-76.42365,0.1,170.6,40.0,ANTE TOPIC,IMO9737072,V7TR4,70,5,,,,,A
367861000,2020-08-21T10:15:01,36.94639,-76.32982,0.0,0.0,265.0,LARAMIE,IMO8906626,NLAR,80,5,193,29,,,A
477196100,2020-08-21T10:15:58,37.19398,-76.13402,0.1,187.2,348.0,DARYA MA,IMO9591674,VRJH5,70,1,229,32,14.5,,A
367861000,2020-08-21T10:21:00,36.94635,-76.32985,0.0,0.0,265.0,LARAMIE,IMO8906626,NLAR,80,5,193,29,,,A
477196100,2020-08-21T10:18:56,37.19397,-76.13407,0.1,187.2,350.0,DARYA MA,IMO9591674,VRJH5,70,1,229,32,14.5,,A
367822000,2020-08-21T10:23:56,36.97313,-76.43384,0.0,0.0,238.0,USNS SHUGHART,IMO7825394,NAOQ,70,5,276,32,13.0,70,A
538005042,2020-08-21T10:22:58,36.92761,-76.32994,0.0,354.0,354.0,NILEDUTCH OSPREY,IMO9365829,V7AP5,70,5,182,28,11.0,71,A
538005042,2020-08-21T10:24:58,36.92761,-76.32994,0.0,354.0,354.0,NILEDUTCH OSPREY,IMO9365829,V7AP5,70,5,182,28,11.0,71,A
368026000,2020-08-21T10:24:20,36.86574,-76.31601,0.0,270.5,2.0,BENAVIDEZ,IMO9218210,NBHG,70,5,289,32,10.9,70,A
477196100,2020-08-21T10:24:57,37.19394,-76.13411,0.0,187.2,351.0,DARYA MA,IMO9591674,VRJH5,70,1,229,32,14.5,,A
215677000,2020-08-21T10:25:59,36.96292,-76.42419,0.0,147.3,40.0,RIZE,IMO9584035,9HA2781,70,5,229,32,14.5,,A
367932000,2020-08-21T10:24:09,36.94920,-76.32962,0.0,107.0,279.0,JOHN LENTHALL,IMO8325547,NJLN,80,5,193,29,,,A
215677000,2020-08-21T10:37:57,36.96290,-76.42420,0.0,147.3,40.0,RIZE,IMO9584035,9HA2781,70,5,229,32,14.5,,A
366839000,2020-08-21T10:34:16,36.85351,-76.31084,0.0,0.0,39.0,CAPE RISE,IMO7530808,KAFG,70,5,197,32,10.0,,A
477196100,2020-08-21T10:37:01,37.19394,-76.13432,0.1,187.2,357.0,DARYA MA,IMO9591674,VRJH5,70,1,229,32,14.5,,A
367861000,2020-08-21T10:44:59,36.94642,-76.32981,0.0,0.0,265.0,LARAMIE,IMO8906626,NLAR,80,5,193,29,,,A
366839000,2020-08-21T10:46:13,36.85350,-76.31081,0.0,0.0,40.0,CAPE RISE,IMO7530808,KAFG,70,5,197,32,10.0,,A
366839000,2020-08-21T10:49:14,36.85349,-76.31083,0.0,0.0,40.0,CAPE RISE,IMO7530808,KAFG,70,5,197,32,10.0,,A
367821000,2020-08-21T10:52:37,36.97286,-76.43365,0.0,0.0,511.0,YANO,IMO7825409,NAQH,70,0,276,32,13.0,70,A
538006982,2020-08-21T10:53:16,36.96257,-76.42365,0.1,158.9,40.0,ANTE TOPIC,IMO9737072,V7TR4,70,5,,,,,A
538002652,2020-08-21T10:51:51,36.87945,-76.32640,0.0,216.0,276.0,NAIAS,IMO9330800,V7KN8,70,5,225,32,14.0,70,A
367821000,2020-08-21T11:00:17,36.97286,-76.43365,0.0,0.0,511.0,YANO,IMO7825409,NAQH,70,0,276,32,13.0,70,A
368026000,2020-08-21T11:00:22,36.86579,-76.31606,0.0,270.5,2.0,BENAVIDEZ,IMO9218210,NBHG,70,5,289,32,10.9,70,A
538005042,2020-08-21T10:59:16,36.92761,-76.32994,0.0,355.0,355.0,NILEDUTCH OSPREY,IMO9365829,V7AP5,70,5,182,28,11.0,71,A
215677000,2020-08-21T11:01:58,36.96292,-76.42420,0.0,147.3,40.0,RIZE,IMO9584035,9HA2781,70,5,229,32,14.5,,A
477196100,2020-08-21T11:00:57,37.19393,-76.13451,0.1,187.2,1.0,DARYA MA,IMO9591674,VRJH5,70,1,229,32,14.5,,A
538006982,2020-08-21T11:02:16,36.96258,-76.42364,0.0,158.5,40.0,ANTE TOPIC,IMO9737072,V7TR4,70,5,,,,,A
538005042,2020-08-21T11:05:16,36.92761,-76.32994,0.0,355.0,355.0,NILEDUTCH OSPREY,IMO9365829,V7AP5,70,5,182,28,11.0,71,A
367821000,2020-08-21T11:08:18,36.97286,-76.43365,0.0,0.0,511.0,YANO,IMO7825409,NAQH,70,0,276,32,13.0,70,A
368026000,2020-08-21T11:12:21,36.86574,-76.31603,0.0,270.5,2.0,BENAVIDEZ,IMO9218210,NBHG,70,5,289,32,10.9,70,A
538006982,2020-08-21T11:14:16,36.96258,-76.42365,0.0,132.6,40.0,ANTE TOPIC,IMO9737072,V7TR4,70,5,,,,,A
367359930,2020-08-21T11:17:33,36.82400,-76.28901,0.2,97.8,511.0,SUNNY WILLIAMS,,WDE4940,80,0,25,8,,80,A
367861000,2020-08-21T11:21:01,36.94638,-76.32980,0.0,0.0,265.0,LARAMIE,IMO8906626,NLAR,80,5,193,29,,,A
215677000,2020-08-21T11:19:58,36.96293,-76.42420,0.0,147.3,40.0,RIZE,IMO9584035,9HA2781,70,5,229,32,14.5,,A
367822000,2020-08-21T11:20:55,36.97311,-76.43383,0.0,0.0,238.0,USNS SHUGHART,IMO7825394,NAOQ,70,5,276,32,13.0,70,A
367821000,2020-08-21T11:21:57,36.97285,-76.43365,0.0,0.0,511.0,YANO,IMO7825409,NAQH,70,0,276,32,13.0,70,A
366839000,2020-08-21T11:22:13,36.85345,-76.31079,0.0,0.0,39.0,CAPE RISE,IMO7530808,KAFG,70,5,197,32,10.0,,A
368026000,2020-08-21T11:24:21,36.86573,-76.31602,0.0,270.5,2.0,BENAVIDEZ,IMO9218210,NBHG,70,5,289,32,10.9,70,A
367822000,2020-08-21T11:26:55,36.97308,-76.43383,0.0,0.0,238.0,USNS SHUGHART,IMO7825394,NAOQ,70,5,276,32,13.0,70,A
368026000,2020-08-21T11:27:20,36.86577,-76.31605,0.0,270.5,2.0,BENAVIDEZ,IMO9218210,NBHG,70,5,289,32,10.9,70,A
367821000,2020-08-21T11:31:18,36.97284,-76.43365,0.0,0.0,511.0,YANO,IMO7825409,NAQH,70,0,276,32,13.0,70,A
367359930,2020-08-21T11:33:33,36.82409,-76.28902,0.0,274.1,511.0,SUNNY WILLIAMS,,WDE4940,80,0,25,8,,80,A
368026000,2020-08-21T11:33:20,36.86573,-76.31604,0.0,270.5,2.0,BENAVIDEZ,IMO9218210,NBHG,70,5,289,32,10.9,70,A
367822000,2020-08-21T11:35:56,36.97309,-76.43384,0.0,0.0,238.0,USNS SHUGHART,IMO7825394,NAOQ,70,5,276,32,13.0,70,A
367359930,2020-08-21T11:38:02,36.82409,-76.28903,0.0,277.8,511.0,SUNNY WILLIAMS,,WDE4940,80,0,25,8,,80,A
368026000,2020-08-21T11:42:20,36.86577,-76.31603,0.0,270.5,2.0,BENAVIDEZ,IMO9218210,NBHG,70,5,289,32,10.9,70,A
367822000,2020-08-21T11:41:56,36.97309,-76.43385,0.0,0.0,238.0,USNS SHUGHART,IMO7825394,NAOQ,70,5,276,32,13.0,70,A
538002953,2020-08-21T11:48:25,37.26220,-76.12470,13.5,199.3,196.0,SCT SANTIAGO,IMO9302566,V7NF7,70,0,294,32,13.5,71,A
367359930,2020-08-21T11:49:33,36.82405,-76.28902,0.0,317.9,511.0,SUNNY WILLIAMS,,WDE4940,80,0,25,8,,80,A
477196100,2020-08-21T11:46:00,37.19413,-76.13532,0.2,299.8,21.0,DARYA MA,IMO9591674,VRJH5,70,1,229,32,14.5,,A
215677000,2020-08-21T11:52:58,36.96292,-76.42420,0.0,147.3,39.0,RIZE,IMO9584035,9HA2781,70,5,229,32,14.5,,A
538006982,2020-08-21T11:50:16,36.96259,-76.42367,0.0,128.4,40.0,ANTE TOPIC,IMO9737072,V7TR4,70,5,,,,,A
538002953,2020-08-21T11:54:44,37.23970,-76.13331,13.4,201.3,197.0,SCT SANTIAGO,IMO9302566,V7NF7,70,0,294,32,13.5,71,A
538002652,2020-08-21T12:00:52,36.87940,-76.32635,0.0,132.0,277.0,NAIAS,IMO9330800,V7KN8,70,5,225,32,14.0,70,A
367821000,2020-08-21T12:02:28,36.97283,-76.43363,0.0,0.0,511.0,YANO,IMO7825409,NAQH,70,0,276,32,13.0,70,A
367821000,2020-08-21T12:03:38,36.97283,-76.43363,0.0,0.0,511.0,YANO,IMO7825409,NAQH,70,0,276,32,13.0,70,A
367359930,2020-08-21T12:05:02,36.82406,-76.28903,0.0,318.7,511.0,SUNNY WILLIAMS,,WDE4940,80,0,25,8,,80,A
367822000,2020-08-21T12:05:56,36.97310,-76.43384,0.0,0.0,238.0,USNS SHUGHART,IMO7825394,NAOQ,70,5,276,32,13.0,70,A
366839000,2020-08-21T12:07:12,36.85349,-76.31078,0.0,0.0,39.0,CAPE RISE,IMO7530808,KAFG,70,5,197,32,10.0,,A
538002953,2020-08-21T12:09:45,37.18674,-76.15455,13.0,188.2,185.0,SCT SANTIAGO,IMO9302566,V7NF7,70,0,294,32,13.5,71,A
368026000,2020-08-21T12:09:20,36.86575,-76.31604,0.0,270.5,2.0,BENAVIDEZ,IMO9218210,NBHG,70,5,289,32,10.9,70,A
215677000,2020-08-21T12:13:59,36.96291,-76.42421,0.0,147.3,40.0,RIZE,IMO9584035,9HA2781,70,5,229,32,14.5,,A
367932000,2020-08-21T12:06:07,36.94907,-76.32962,0.0,107.0,279.0,JOHN LENTHALL,IMO8325547,NJLN,80,5,193,29,,,A
367861000,2020-08-21T12:15:00,36.94640,-76.32983,0.0,0.0,265.0,LARAMIE,IMO8906626,NLAR,80,5,193,29,,,A
367821000,2020-08-21T12:15:28,36.97283,-76.43364,0.0,0.0,511.0,YANO,IMO7825409,NAQH,70,0,276,32,13.0,70,A
538006982,2020-08-21T12:14:16,36.96257,-76.42361,0.0,128.4,40.0,ANTE TOPIC,IMO9737072,V7TR4,70,5,,,,,A
367359930,2020-08-21T12:17:22,36.82407,-76.28903,0.0,305.3,511.0,SUNNY WILLIAMS,,WDE4940,80,0,25,8,,80,A
366839000,2020-08-21T12:16:08,36.85349,-76.31083,0.0,0.0,39.0,CAPE RISE,IMO7530808,KAFG,70,5,197,32,10.0,,A
215677000,2020-08-21T12:16:58,36.96291,-76.42419,0.0,147.3,40.0,RIZE,IMO9584035,9HA2781,70,5,229,32,14.5,,A
367359930,2020-08-21T12:22:02,36.82405,-76.28901,0.0,309.3,511.0,SUNNY WILLIAMS,,WDE4940,80,0,25,8,,80,A
367359930,2020-08-21T12:28:43,36.82407,-76.28902,0.0,308.9,511.0,SUNNY WILLIAMS,,WDE4940,80,0,25,8,,80,A
367821000,2020-08-21T12:32:18,36.97283,-76.43362,0.0,0.0,511.0,YANO,IMO7825409,NAQH,70,0,276,32,13.0,70,A
367821000,2020-08-21T12:33:37,36.97283,-76.43362,0.0,0.0,511.0,YANO,IMO7825409,NAQH,70,0,276,32,13.0,70,A
366842000,2020-08-21T12:35:19,36.98544,-76.14699,16.5,274.6,276.0,CAPE RACE,IMO7616377,KAFJ,70,0,197,32,10.0,35,A
367359930,2020-08-21T12:31:32,36.82406,-76.28903,0.0,309.8,511.0,SUNNY WILLIAMS,,WDE4940,80,0,25,8,,80,A
538002953,2020-08-21T12:35:45,37.10471,-76.12055,12.4,153.1,148.0,SCT SANTIAGO,IMO9302566,V7NF7,70,0,294,32,13.5,71,A
538002953,2020-08-21T12:37:45,37.09871,-76.11630,12.7,152.5,147.0,SCT SANTIAGO,IMO9302566,V7NF7,70,0,294,32,13.5,71,A
367861000,2020-08-21T12:33:01,36.94635,-76.32988,0.0,0.0,265.0,LARAMIE,IMO8906626,NLAR,80,5,193,29,,,A
538002652,2020-08-21T12:42:50,36.87945,-76.32653,0.0,132.0,277.0,NAIAS,IMO9330800,V7KN8,70,5,225,32,14.0,70,A
538002953,2020-08-21T12:44:36,37.07812,-76.10170,12.5,152.5,147.0,SCT SANTIAGO,IMO9302566,V7NF7,70,0,294,32,13.5,71,A
367821000,2020-08-21T12:48:27,36.97285,-76.43363,0.0,0.0,511.0,YANO,IMO7825409,NAQH,70,0,276,32,13.0,70,A
366842000,2020-08-21T12:51:15,37.00614,-76.23515,16.5,287.1,289.0,CAPE RACE,IMO7616377,KAFJ,70,0,197,32,10.0,35,A
477196100,2020-08-21T12:39:58,37.19449,-76.13599,0.2,315.1,41.0,DARYA MA,IMO9591674,VRJH5,70,1,229,32,14.5,,A
367359930,2020-08-21T12:52:02,36.82406,-76.28902,0.0,296.8,511.0,SUNNY WILLIAMS,,WDE4940,80,0,25,8,,80,A
538002953,2020-08-21T12:52:06,37.05683,-76.08478,12.1,145.6,139.0,SCT SANTIAGO,IMO9302566,V7NF7,70,0,294,32,13.5,71,A
366842000,2020-08-21T12:57:33,37.00577,-76.27095,16.2,256.3,257.0,CAPE RACE,IMO7616377,KAFJ,70,0,197,32,10.0,35,A
538002953,2020-08-21T12:57:25,37.04277,-76.07128,12.1,144.8,139.0,SCT SANTIAGO,IMO9302566,V7NF7,70,0,294,32,13.5,71,A
367359930,2020-08-21T12:57:31,36.82405,-76.28901,0.0,307.2,511.0,SUNNY WILLIAMS,,WDE4940,80,0,25,8,,80,A
367821000,2020-08-21T12:58:27,36.97285,-76.43362,0.0,0.0,511.0,YANO,IMO7825409,NAQH,70,0,276,32,13.0,70,A
538005042,2020-08-21T12:57:07,36.92759,-76.32992,0.0,355.0,355.0,NILEDUTCH OSPREY,IMO9365829,V7AP5,70,5,182,28,11.0,71,A
538006982,2020-08-21T12:58:27,36.96018,-76.42521,2.8,122.0,125.0,ANTE TOPIC,IMO9737072,V7TR4,70,0,,,,,A
538002652,2020-08-21T12:54:51,36.87942,-76.32650,0.0,132.0,277.0,NAIAS,IMO9330800,V7KN8,70,5,225,32,14.0,70,A
215677000,2020-08-21T12:58:54,36.96289,-76.42418,0.0,147.3,40.0,RIZE,IMO9584035,9HA2781,70,5,229,32,14.5,,A
538002953,2020-08-21T12:59:46,37.03653,-76.06525,12.2,146.2,141.0,SCT SANTIAGO,IMO9302566,V7NF7,70,0,294,32,13.5,71,A
538006982,2020-08-21T12:59:28,36.95968,-76.42424,3.5,123.1,125.0,ANTE TOPIC,IMO9737072,V7TR4,70,0,,,,,A
367821000,2020-08-21T12:59:38,36.97285,-76.43363,0.0,0.0,511.0,YANO,IMO7825409,NAQH,70,0,276,32,13.0,70,A
367359930,2020-08-21T13:01:12,36.82404,-76.28899,0.0,310.6,511.0,SUNNY WILLIAMS,,WDE4940,80,0,25,8,,80,A
367359930,2020-08-21T13:02:32,36.82404,-76.28900,0.0,310.1,511.0,SUNNY WILLIAMS,,WDE4940,80,0,25,8,,80,A
366839000,2020-08-21T13:04:15,36.85347,-76.31075,0.0,0.0,39.0,CAPE RISE,IMO7530808,KAFG,70,5,197,32,10.0,,A
538006982,2020-08-21T13:02:39,36.95756,-76.42035,4.9,125.2,125.0,ANTE TOPIC,IMO9737072,V7TR4,70,0,,,,,A
367861000,2020-08-21T13:03:00,36.94639,-76.32974,0.0,0.0,265.0,LARAMIE,IMO8906626,NLAR,80,5,193,29,,,A
538002652,2020-08-21T13:03:51,36.87945,-76.32655,0.0,43.0,276.0,NAIAS,IMO9330800,V7KN8,70,5,225,32,14.0,70,A
538005042,2020-08-21T13:06:12,36.92759,-76.32992,0.0,355.0,355.0,NILEDUTCH OSPREY,IMO9365829,V7AP5,70,5,182,28,11.0,71,A
538005042,2020-08-21T13:09:12,36.92759,-76.32991,0.0,355.0,355.0,NILEDUTCH OSPREY,IMO9365829,V7AP5,70,5,182,28,11.0,71,A
215677000,2020-08-21T13:07:57,36.96290,-76.42419,0.0,147.3,40.0,RIZE,IMO9584035,9HA2781,70,5,229,32,14.5,,A
538002652,2020-08-21T13:12:51,36.87943,-76.32657,0.0,43.0,277.0,NAIAS,IMO9330800,V7KN8,70,5,225,32,14.0,70,A
367821000,2020-08-21T13:09:47,36.97283,-76.43367,0.0,0.0,511.0,YANO,IMO7825409,NAQH,70,0,276,32,13.0,70,A
367821000,2020-08-21T13:12:08,36.97283,-76.43367,0.0,0.0,511.0,YANO,IMO7825409,NAQH,70,0,276,32,13.0,70,A
367861000,2020-08-21T13:15:00,36.94637,-76.32983,0.0,0.0,265.0,LARAMIE,IMO8906626,NLAR,80,5,193,29,,,A
367821000,2020-08-21T13:21:57,36.97283,-76.43365,0.0,0.0,511.0,YANO,IMO7825409,NAQH,70,0,276,32,13.0,70,A
366839000,2020-08-21T13:19:11,36.85347,-76.31081,0.0,0.0,39.0,CAPE RISE,IMO7530808,KAFG,70,5,197,32,10.0,,A
368026000,2020-08-21T13:21:21,36.86576,-76.31604,0.0,270.5,2.0,BENAVIDEZ,IMO9218210,NBHG,70,5,289,32,10.9,70,A
366842000,2020-08-21T13:25:27,36.94002,-76.33817,9.2,183.9,184.0,CAPE RACE,IMO7616377,KAFJ,70,0,197,32,10.0,35,A
367359930,2020-08-21T13:27:51,36.82405,-76.28903,0.0,262.6,511.0,SUNNY WILLIAMS,,WDE4940,80,0,25,8,,80,A
368026000,2020-08-21T13:24:21,36.86575,-76.31603,0.0,270.5,2.0,BENAVIDEZ,IMO9218210,NBHG,70,5,289,32,10.9,70,A
366842000,2020-08-21T13:30:27,36.92632,-76.33880,11.2,181.6,182.0,CAPE RACE,IMO7616377,KAFJ,70,0,197,32,10.0,35,A
215677000,2020-08-21T13:28:55,36.96290,-76.42418,0.0,147.3,39.0,RIZE,IMO9584035,9HA2781,70,5,229,32,14.5,,A
367821000,2020-08-21T13:32:28,36.97283,-76.43365,0.0,0.0,511.0,YANO,IMO7825409,NAQH,70,0,276,32,13.0,70,A
366842000,2020-08-21T13:34:07,36.91432,-76.33950,11.3,181.8,182.0,CAPE RACE,IMO7616377,KAFJ,70,0,197,32,10.0,35,A
477196100,2020-08-21T13:33:58,37.19566,-76.13678,0.1,352.7,83.0,DARYA MA,IMO9591674,VRJH5,70,1,229,32,14.5,,A
367821000,2020-08-21T13:34:58,36.97283,-76.43365,0.0,0.0,511.0,YANO,IMO7825409,NAQH,70,0,276,32,13.0,70,A
477196100,2020-08-21T13:37:01,37.19579,-76.13678,0.1,356.7,87.0,DARYA MA,IMO9591674,VRJH5,70,1,229,32,14.5,,A
368026000,2020-08-21T13:42:20,36.86576,-76.31605,0.0,270.5,2.0,BENAVIDEZ,IMO9218210,NBHG,70,5,289,32,10.9,70,A
538002652,2020-08-21T13:51:51,36.87945,-76.32662,0.0,237.0,276.0,NAIAS,IMO9330800,V7KN8,70,5,225,32,14.0,70,A
477196100,2020-08-21T13:46:02,37.19614,-76.13677,0.2,355.5,98.0,DARYA MA,IMO9591674,VRJH5,70,1,229,32,14.5,,A
366839000,2020-08-21T13:49:09,36.85346,-76.31078,0.0,0.0,39.0,CAPE RISE,IMO7530808,KAFG,70,5,197,32,10.0,,A
367821000,2020-08-21T13:53:48,36.97286,-76.43364,0.0,0.0,511.0,YANO,IMO7825409,NAQH,70,0,276,32,13.0,70,A
538002953,2020-08-21T13:52:59,36.96655,-76.07886,16.8,290.7,287.0,SCT SANTIAGO,IMO9302566,V7NF7,70,0,294,32,13.5,71,A
368026000,2020-08-21T13:51:21,36.86578,-76.31608,0.0,270.5,2.0,BENAVIDEZ,IMO9218210,NBHG,70,5,289,32,10.9,70,A
538002953,2020-08-21T13:54:41,36.96881,-76.08813,16.6,290.8,287.0,SCT SANTIAGO,IMO9302566,V7NF7,70,0,294,32,13.5,71,A
538002953,2020-08-21T13:58:41,36.97483,-76.11017,17.2,291.5,288.0,SCT SANTIAGO,IMO9302566,V7NF7,70,0,294,32,13.5,71,A
367822000,2020-08-21T13:56:54,36.97308,-76.43386,0.0,0.0,238.0,USNS SHUGHART,IMO7825394,NAOQ,70,5,276,32,13.0,70,A
367822000,2020-08-21T13:59:55,36.97308,-76.43386,0.0,0.0,238.0,USNS SHUGHART,IMO7825394,NAOQ,70,5,276,32,13.0,70,A
367861000,2020-08-21T14:00:01,36.94640,-76.32977,0.0,0.0,265.0,LARAMIE,IMO8906626,NLAR,80,5,193,29,,,A
368026000,2020-08-21T14:00:21,36.86576,-76.31605,0.0,270.5,2.0,BENAVIDEZ,IMO9218210,NBHG,70,5,289,32,10.9,70,A
215677000,2020-08-21T14:04:57,36.96292,-76.42421,0.0,147.3,40.0,RIZE,IMO9584035,9HA2781,70,5,229,32,14.5,,A
366842000,2020-08-21T14:02:27,36.85792,-76.31411,4.1,133.7,134.0,CAPE RACE,IMO7616377,KAFJ,70,0,197,32,10.0,35,A
367359930,2020-08-21T14:03:22,36.82402,-76.28902,0.0,295.5,511.0,SUNNY WILLIAMS,,WDE4940,80,0,25,8,,80,A
367932000,2020-08-21T14:00:08,36.94922,-76.32973,0.0,107.0,279.0,JOHN LENTHALL,IMO8325547,NJLN,80,5,193,29,,,A
366839000,2020-08-21T14:10:14,36.85349,-76.31082,0.0,0.0,39.0,CAPE RISE,IMO7530808,KAFG,70,5,197,32,10.0,,A
538006982,2020-08-21T14:12:47,36.99979,-76.21375,10.6,107.0,109.0,ANTE TOPIC,IMO9737072,V7TR4,70,0,,,,,A
538002953,2020-08-21T14:15:47,36.99950,-76.20539,17.4,291.7,287.0,SCT SANTIAGO,IMO9302566,V7NF7,70,0,294,32,13.5,71,A
538006982,2020-08-21T14:18:08,36.99520,-76.19490,10.6,107.5,109.0,ANTE TOPIC,IMO9737072,V7TR4,70,0,,,,,A
477196100,2020-08-21T14:21:59,37.19736,-76.13602,0.1,30.4,137.0,DARYA MA,IMO9591674,VRJH5,70,1,229,32,14.5,,A
368026000,2020-08-21T14:21:21,36.86572,-76.31605,0.0,270.5,2.0,BENAVIDEZ,IMO9218210,NBHG,70,5,289,32,10.9,70,A
367932000,2020-08-21T14:18:09,36.94923,-76.32966,0.0,107.0,279.0,JOHN LENTHALL,IMO8325547,NJLN,80,5,193,29,,,A
366842000,2020-08-21T14:24:36,36.85438,-76.31076,0.9,223.4,40.0,CAPE RACE,IMO7616377,KAFJ,70,0,197,32,10.0,35,A
367821000,2020-08-21T14:27:48,36.97284,-76.43363,0.0,0.0,511.0,YANO,IMO7825409,NAQH,70,0,276,32,13.0,70,A
538006982,2020-08-21T14:29:08,36.98485,-76.15605,10.8,109.0,109.0,ANTE TOPIC,IMO9737072,V7TR4,70,0,,,,,A
367861000,2020-08-21T14:30:00,36.94639,-76.32982,0.0,0.0,265.0,LARAMIE,IMO8906626,NLAR,80,5,193,29,,,A
366842000,2020-08-21T14:32:28,36.85384,-76.31117,0.0,179.5,42.0,CAPE RACE,IMO7616377,KAFJ,70,5,197,32,10.0,35,A
368026000,2020-08-21T14:33:21,36.86577,-76.31604,0.0,270.5,2.0,BENAVIDEZ,IMO9218210,NBHG,70,5,289,32,10.9,70,A
367821000,2020-08-21T14:32:47,36.97285,-76.43363,0.0,0.0,511.0,YANO,IMO7825409,NAQH,70,0,276,32,13.0,70,A
367821000,2020-08-21T14:33:57,36.97285,-76.43363,0.0,0.0,511.0,YANO,IMO7825409,NAQH,70,0,276,32,13.0,70,A
215677000,2020-08-21T14:34:53,36.96290,-76.42421,0.0,147.3,40.0,RIZE,IMO9584035,9HA2781,70,5,229,32,14.5,,A
538005042,2020-08-21T14:33:50,36.92760,-76.32991,0.0,355.0,355.0,NILEDUTCH OSPREY,IMO9365829,V7AP5,70,5,182,28,11.0,71,A
538002953,2020-08-21T14:35:41,36.99004,-76.31482,16.8,230.3,224.0,SCT SANTIAGO,IMO9302566,V7NF7,70,0,294,32,13.5,71,A
477196100,2020-08-21T14:37:01,37.19756,-76.13563,0.1,30.4,146.0,DARYA MA,IMO9591674,VRJH5,70,1,229,32,14.5,,A
366842000,2020-08-21T14:38:08,36.85383,-76.31113,0.2,215.9,42.0,CAPE RACE,IMO7616377,KAFJ,70,5,197,32,10.0,35,A
367821000,2020-08-21T14:41:15,36.97286,-76.43365,0.0,51.0,511.0,YANO,IMO7825409,NAQH,70,0,276,32,13.0,70,A
367821000,2020-08-21T14:43:55,36.97286,-76.43364,0.0,0.0,511.0,YANO,IMO7825409,NAQH,70,0,276,32,13.0,70,A
367822000,2020-08-21T14:41:56,36.97317,-76.43388,0.0,0.0,238.0,USNS SHUGHART,IMO7825394,NAOQ,70,5,276,32,13.0,70,A
367932000,2020-08-21T14:36:07,36.94922,-76.32968,0.0,107.0,279.0,JOHN LENTHALL,IMO8325547,NJLN,80,5,193,29,,,A
367932000,2020-08-21T14:39:07,36.94917,-76.32968,0.0,107.0,279.0,JOHN LENTHALL,IMO8325547,NJLN,80,5,193,29,,,A
538006982,2020-08-21T14:45:18,36.97089,-76.09818,10.8,108.2,111.0,ANTE TOPIC,IMO9737072,V7TR4,70,0,,,,,A
367359930,2020-08-21T14:41:41,36.82407,-76.28902,0.0,1.9,511.0,SUNNY WILLIAMS,,WDE4940,80,0,25,8,,80,A
368026000,2020-08-21T14:45:20,36.86582,-76.31602,0.0,270.5,2.0,BENAVIDEZ,IMO9218210,NBHG,70,5,289,32,10.9,70,A
538002953,2020-08-21T14:49:11,36.95131,-76.33760,10.2,186.6,182.0,SCT SANTIAGO,IMO9302566,V7NF7,70,0,294,32,13.5,71,A
367821000,2020-08-21T14:51:25,36.97287,-76.43366,0.0,0.0,511.0,YANO,IMO7825409,NAQH,70,0,276,32,13.0,70,A
477196100,2020-08-21T14:49:01,37.19767,-76.13546,0.0,30.4,151.0,DARYA MA,IMO9591674,VRJH5,70,1,229,32,14.5,,A
538006982,2020-08-21T14:51:27,36.96496,-76.07622,10.9,108.0,110.0,ANTE TOPIC,IMO9737072,V7TR4,70,0,,,,,A
367359930,2020-08-21T14:53:33,36.82404,-76.28905,0.0,81.8,511.0,SUNNY WILLIAMS,,WDE4940,80,0,25,8,,80,A
367861000,2020-08-21T14:57:00,36.94640,-76.32983,0.0,0.0,265.0,LARAMIE,IMO8906626,NLAR,80,5,193,29,,,A
366839000,2020-08-21T14:58:12,36.85355,-76.31084,0.0,0.0,39.0,CAPE RISE,IMO7530808,KAFG,70,5,197,32,10.0,,A
367821000,2020-08-21T15:00:39,36.97286,-76.43369,0.0,51.0,511.0,YANO,IMO7825409,NAQH,70,0,276,32,13.0,70,A
215677000,2020-08-21T15:02:00,36.96290,-76.42421,0.0,147.3,40.0,RIZE,IMO9584035,9HA2781,70,5,229,32,14.5,,A
367932000,2020-08-21T14:57:08,36.94921,-76.32955,0.0,107.0,279.0,JOHN LENTHALL,IMO8325547,NJLN,80,5,193,29,,,A
367359930,2020-08-21T15:03:52,36.82404,-76.28905,0.0,318.2,511.0,SUNNY WILLIAMS,,WDE4940,80,0,25,8,,80,A
367359930,2020-08-21T15:06:11,36.82402,-76.28901,0.0,310.2,511.0,SUNNY WILLIAMS,,WDE4940,80,0,25,8,,80,A
538002652,2020-08-21T15:06:51,36.87945,-76.32648,0.0,196.0,276.0,NAIAS,IMO9330800,V7KN8,70,5,225,32,14.0,70,A
367932000,2020-08-21T15:03:08,36.94915,-76.32960,0.0,107.0,279.0,JOHN LENTHALL,IMO8325547,NJLN,80,5,193,29,,,A
367821000,2020-08-21T15:11:09,36.97286,-76.43362,0.0,0.0,511.0,YANO,IMO7825409,NAQH,70,0,276,32,13.0,70,A
367932000,2020-08-21T15:06:08,36.94911,-76.32972,0.0,107.0,279.0,JOHN LENTHALL,IMO8325547,NJLN,80,5,193,29,,,A
368026000,2020-08-21T15:12:21,36.86575,-76.31604,0.0,270.5,2.0,BENAVIDEZ,IMO9218210,NBHG,70,5,289,32,10.9,70,A
367932000,2020-08-21T15:09:09,36.94919,-76.32968,0.0,107.0,279.0,JOHN LENTHALL,IMO8325547,NJLN,80,5,193,29,,,A
215677000,2020-08-21T15:14:02,36.96289,-76.42419,0.0,256.1,40.0,RIZE,IMO9584035,9HA2781,70,5,229,32,14.5,,A
215677000,2020-08-21T15:16:55,36.96291,-76.42419,0.0,256.1,40.0,RIZE,IMO9584035,9HA2781,70,5,229,32,14.5,,A
368026000,2020-08-21T15:18:20,36.86578,-76.31603,0.0,270.5,2.0,BENAVIDEZ,IMO9218210,NBHG,70,5,289,32,10.9,70,A
367821000,2020-08-21T15:19:30,36.97286,-76.43363,0.0,0.0,511.0,YANO,IMO7825409,NAQH,70,0,276,32,13.0,70,A
368026000,2020-08-21T15:24:20,36.86575,-76.31604,0.0,270.5,2.0,BENAVIDEZ,IMO9218210,NBHG,70,5,289,32,10.9,70,A
367932000,2020-08-21T15:18:08,36.94917,-76.32963,0.0,107.0,279.0,JOHN LENTHALL,IMO8325547,NJLN,80,5,193,29,,,A
368026000,2020-08-21T15:27:21,36.86574,-76.31604,0.0,270.5,2.0,BENAVIDEZ,IMO9218210,NBHG,70,5,289,32,10.9,70,A
367359930,2020-08-21T15:27:01,36.82404,-76.28904,0.0,266.2,511.0,SUNNY WILLIAMS,,WDE4940,80,0,25,8,,80,A
367861000,2020-08-21T15:30:00,36.94635,-76.32982,0.0,0.0,265.0,LARAMIE,IMO8906626,NLAR,80,5,193,29,,,A
367821000,2020-08-21T15:29:10,36.97285,-76.43363,0.0,0.0,511.0,YANO,IMO7825409,NAQH,70,0,276,32,13.0,70,A
215677000,2020-08-21T15:26:00,36.96293,-76.42420,0.0,256.1,40.0,RIZE,IMO9584035,9HA2781,70,5,229,32,14.5,,A
367822000,2020-08-21T15:29:55,36.97308,-76.43385,0.0,0.0,238.0,USNS SHUGHART,IMO7825394,NAOQ,70,5,276,32,13.0,70,A
368026000,2020-08-21T15:33:21,36.86578,-76.31600,0.0,270.5,2.0,BENAVIDEZ,IMO9218210,NBHG,70,5,289,32,10.9,70,A
538002652,2020-08-21T15:33:49,36.87953,-76.32647,0.0,196.0,277.0,NAIAS,IMO9330800,V7KN8,70,5,225,32,14.0,70,A
355919000,2020-08-21T15:33:56,37.31391,-76.10124,16.8,209.6,208.0,MSC MARIA ELENA,IMO9304423,3EGR2,70,0,336,45,15.0,71,A
367822000,2020-08-21T15:32:56,36.97308,-76.43384,0.0,0.0,238.0,USNS SHUGHART,IMO7825394,NAOQ,70,5,276,32,13.0,70,A
367821000,2020-08-21T15:31:30,36.97285,-76.43363,0.0,0.0,511.0,YANO,IMO7825409,NAQH,70,0,276,32,13.0,70,A
367821000,2020-08-21T15:34:19,36.97282,-76.43365,0.0,0.0,511.0,YANO,IMO7825409,NAQH,70,0,276,32,13.0,70,A
366839000,2020-08-21T15:37:13,36.85343,-76.31083,0.0,0.0,39.0,CAPE RISE,IMO7530808,KAFG,70,5,197,32,10.0,,A
366842000,2020-08-21T15:38:07,36.85383,-76.31117,0.0,209.9,42.0,CAPE RACE,IMO7616377,KAFJ,70,5,197,32,10.0,35,A
367821000,2020-08-21T15:38:10,36.97283,-76.43364,0.0,0.0,511.0,YANO,IMO7825409,NAQH,70,0,276,32,13.0,70,A
367821000,2020-08-21T15:39:40,36.97283,-76.43365,0.0,0.0,511.0,YANO,IMO7825409,NAQH,70,0,276,32,13.0,70,A
367822000,2020-08-21T15:38:54,36.97308,-76.43384,0.0,0.0,238.0,USNS SHUGHART,IMO7825394,NAOQ,70,5,276,32,13.0,70,A
368026000,2020-08-21T15:39:21,36.86575,-76.31605,0.0,270.5,2.0,BENAVIDEZ,IMO9218210,NBHG,70,5,289,32,10.9,70,A
538002652,2020-08-21T15:42:53,36.87947,-76.32647,0.0,196.0,277.0,NAIAS,IMO9330800,V7KN8,70,5,225,32,14.0,70,A
355919000,2020-08-21T15:45:26,37.26406,-76.12481,16.1,195.0,194.0,MSC MARIA ELENA,IMO9304423,3EGR2,70,0,336,45,15.0,71,A
367822000,2020-08-21T15:47:56,36.97308,-76.43385,0.0,0.0,238.0,USNS SHUGHART,IMO7825394,NAOQ,70,5,276,32,13.0,70,A
538002953,2020-08-21T15:49:29,36.87755,-76.34996,0.0,179.9,347.0,SCT SANTIAGO,IMO9302566,V7NF7,70,5,294,32,13.5,71,A
367932000,2020-08-21T15:45:08,36.94915,-76.32968,0.0,107.0,279.0,JOHN LENTHALL,IMO8325547,NJLN,80,5,193,29,,,A
366842000,2020-08-21T15:53:09,36.85381,-76.31116,0.0,209.9,43.0,CAPE RACE,IMO7616377,KAFJ,70,5,197,32,10.0,35,A
215677000,2020-08-21T15:49:59,36.96291,-76.42419,0.0,256.1,40.0,RIZE,IMO9584035,9HA2781,70,5,229,32,14.5,,A
538002652,2020-08-21T15:51:53,36.87943,-76.32648,0.0,211.0,276.0,NAIAS,IMO9330800,V7KN8,70,5,225,32,14.0,70,A
367821000,2020-08-21T15:59:19,36.97284,-76.43365,0.0,0.0,511.0,YANO,IMO7825409,NAQH,70,0,276,32,13.0,70,A
538005042,2020-08-21T16:01:27,36.92759,-76.32992,0.0,355.0,355.0,NILEDUTCH OSPREY,IMO9365829,V7AP5,70,5,182,28,11.0,71,A
367359930,2020-08-21T16:03:32,36.82405,-76.28904,0.0,260.9,511.0,SUNNY WILLIAMS,,WDE4940,80,0,25,8,,80,A
538002652,2020-08-21T16:06:49,36.87943,-76.32643,0.1,205.0,276.0,NAIAS,IMO9330800,V7KN8,70,5,225,32,14.0,70,A
355919000,2020-08-21T16:06:56,37.17166,-76.15305,15.3,171.6,172.0,MSC MARIA ELENA,IMO9304423,3EGR2,70,0,336,45,15.0,71,A
538002953,2020-08-21T16:10:30,36.87761,-76.34995,0.0,347.9,347.0,SCT SANTIAGO,IMO9302566,V7NF7,70,5,294,32,13.5,71,A
538005042,2020-08-21T16:10:29,36.92759,-76.32992,0.0,355.0,355.0,NILEDUTCH OSPREY,IMO9365829,V7AP5,70,5,182,28,11.0,71,A
367822000,2020-08-21T16:11:55,36.97310,-76.43385,0.0,0.0,239.0,USNS SHUGHART,IMO7825394,NAOQ,70,5,276,32,13.0,70,A
538005042,2020-08-21T16:13:31,36.92760,-76.32993,0.0,355.0,355.0,NILEDUTCH OSPREY,IMO9365829,V7AP5,70,5,182,28,11.0,71,A
215677000,2020-08-21T16:16:53,36.96290,-76.42419,0.1,256.1,40.0,RIZE,IMO9584035,9HA2781,70,5,229,32,14.5,,A
367822000,2020-08-21T16:17:54,36.97310,-76.43385,0.0,0.0,238.0,USNS SHUGHART,IMO7825394,NAOQ,70,5,276,32,13.0,70,A
366839000,2020-08-21T16:16:13,36.85347,-76.31083,0.0,0.0,39.0,CAPE RISE,IMO7530808,KAFG,70,5,197,32,10.0,,A
538002953,2020-08-21T16:16:30,36.87758,-76.34996,0.0,217.9,347.0,SCT SANTIAGO,IMO9302566,V7NF7,70,5,294,32,13.5,71,A
355919000,2020-08-21T16:16:56,37.13086,-76.13873,15.2,147.6,149.0,MSC MARIA ELENA,IMO9304423,3EGR2,70,0,336,45,15.0,71,A
367861000,2020-08-21T16:21:00,36.94635,-76.32976,0.0,0.0,265.0,LARAMIE,IMO8906626,NLAR,80,5,193,29,,,A
538002953,2020-08-21T16:19:30,36.87759,-76.34995,0.0,231.2,347.0,SCT SANTIAGO,IMO9302566,V7NF7,70,5,294,32,13.5,71,A
538002652,2020-08-21T16:21:51,36.87953,-76.32643,0.0,207.0,277.0,NAIAS,IMO9330800,V7KN8,70,5,225,32,14.0,70,A
367359930,2020-08-21T16:22:32,36.82406,-76.28902,0.0,294.1,511.0,SUNNY WILLIAMS,,WDE4940,80,0,25,8,,80,A
538005042,2020-08-21T16:22:36,36.92759,-76.32992,0.0,355.0,355.0,NILEDUTCH OSPREY,IMO9365829,V7AP5,70,5,182,28,11.0,71,A
355919000,2020-08-21T16:23:26,37.10626,-76.12111,15.6,151.0,151.0,MSC MARIA ELENA,IMO9304423,3EGR2,70,0,336,45,15.0,71,A
355919000,2020-08-21T16:26:44,37.09350,-76.11240,15.6,149.1,150.0,MSC MARIA ELENA,IMO9304423,3EGR2,70,0,336,45,15.0,71,A
367821000,2020-08-21T16:27:30,36.97288,-76.43363,0.0,0.0,511.0,YANO,IMO7825409,NAQH,70,0,276,32,13.0,70,A
538002953,2020-08-21T16:28:30,36.87759,-76.34995,0.0,257.5,347.0,SCT SANTIAGO,IMO9302566,V7NF7,70,5,294,32,13.5,71,A
538002652,2020-08-21T16:30:49,36.87950,-76.32643,0.0,207.0,276.0,NAIAS,IMO9330800,V7KN8,70,5,225,32,14.0,70,A
367821000,2020-08-21T16:34:09,36.97286,-76.43362,0.0,0.0,511.0,YANO,IMO7825409,NAQH,70,0,276,32,13.0,70,A
368026000,2020-08-21T16:33:20,36.86576,-76.31603,0.0,270.5,2.0,BENAVIDEZ,IMO9218210,NBHG,70,5,289,32,10.9,70,A
367359930,2020-08-21T16:34:52,36.82403,-76.28902,0.0,292.4,511.0,SUNNY WILLIAMS,,WDE4940,80,0,25,8,,80,A
366842000,2020-08-21T16:38:03,36.85378,-76.31116,0.0,209.9,42.0,CAPE RACE,IMO7616377,KAFJ,70,5,197,32,10.0,35,A
355919000,2020-08-21T16:41:08,37.04071,-76.06837,16.0,141.9,142.0,MSC MARIA ELENA,IMO9304423,3EGR2,70,0,336,45,15.0,71,A
366839000,2020-08-21T16:40:13,36.85345,-76.31082,0.0,0.0,39.0,CAPE RISE,IMO7530808,KAFG,70,5,197,32,10.0,,A
367861000,2020-08-21T16:39:01,36.94639,-76.32981,0.0,0.0,265.0,LARAMIE,IMO8906626,NLAR,80,5,193,29,,,A
367359930,2020-08-21T16:41:52,36.82408,-76.28902,0.0,302.3,511.0,SUNNY WILLIAMS,,WDE4940,80,0,25,8,,80,A
538002953,2020-08-21T16:43:30,36.87759,-76.34995,0.0,275.7,347.0,SCT SANTIAGO,IMO9302566,V7NF7,70,5,294,32,13.5,71,A
367359930,2020-08-21T16:46:22,36.82407,-76.28902,0.0,306.1,511.0,SUNNY WILLIAMS,,WDE4940,80,0,25,8,,80,A
367359930,2020-08-21T16:50:21,36.82408,-76.28903,0.0,311.6,511.0,SUNNY WILLIAMS,,WDE4940,80,0,25,8,,80,A
367861000,2020-08-21T16:48:00,36.94638,-76.32979,0.0,0.0,265.0,LARAMIE,IMO8906626,NLAR,80,5,193,29,,,A
367821000,2020-08-21T16:52:19,36.97285,-76.43363,0.0,0.0,511.0,YANO,IMO7825409,NAQH,70,0,276,32,13.0,70,A
367821000,2020-08-21T16:54:40,36.97285,-76.43363,0.0,0.0,511.0,YANO,IMO7825409,NAQH,70,0,276,32,13.0,70,A
366842000,2020-08-21T16:53:08,36.85377,-76.31114,0.0,209.9,42.0,CAPE RACE,IMO7616377,KAFJ,70,5,197,32,10.0,35,A
366842000,2020-08-21T16:56:03,36.85385,-76.31118,0.0,209.9,42.0,CAPE RACE,IMO7616377,KAFJ,70,5,197,32,10.0,35,A
367932000,2020-08-21T16:48:08,36.94918,-76.32970,0.0,107.0,279.0,JOHN LENTHALL,IMO8325547,NJLN,80,5,193,29,,,A
367861000,2020-08-21T16:54:01,36.94638,-76.32982,0.0,0.0,265.0,LARAMIE,IMO8906626,NLAR,80,5,193,29,,,A
215677000,2020-08-21T16:55:57,36.96290,-76.42420,0.0,256.1,39.0,RIZE,IMO9584035,9HA2781,70,5,229,32,14.5,,A
367821000,2020-08-21T16:55:49,36.97280,-76.43370,0.0,0.0,511.0,YANO,IMO7825409,NAQH,70,0,276,32,13.0,70,A
538005042,2020-08-21T16:58:53,36.92759,-76.32992,0.0,354.0,354.0,NILEDUTCH OSPREY,IMO9365829,V7AP5,70,5,182,28,11.0,71,A
367821000,2020-08-21T17:00:10,36.97285,-76.43364,0.0,0.0,511.0,YANO,IMO7825409,NAQH,70,0,276,32,13.0,70,A
367821000,2020-08-21T17:02:29,36.97285,-76.43364,0.0,0.0,511.0,YANO,IMO7825409,NAQH,70,0,276,32,13.0,70,A
538002953,2020-08-21T17:01:31,36.87757,-76.34996,0.0,347.2,347.0,SCT SANTIAGO,IMO9302566,V7NF7,70,5,294,32,13.5,71,A
367932000,2020-08-21T17:00:07,36.94919,-76.32966,0.0,107.0,279.0,JOHN LENTHALL,IMO8325547,NJLN,80,5,193,29,,,A
367359930,2020-08-21T17:02:22,36.82404,-76.28902,0.0,328.0,511.0,SUNNY WILLIAMS,,WDE4940,80,0,25,8,,80,A
538005042,2020-08-21T17:04:54,36.92759,-76.32992,0.0,354.0,354.0,NILEDUTCH OSPREY,IMO9365829,V7AP5,70,5,182,28,11.0,71,A
366839000,2020-08-21T17:07:18,36.85351,-76.31083,0.0,0.0,39.0,CAPE RISE,IMO7530808,KAFG,70,5,197,32,10.0,,A
367861000,2020-08-21T17:09:00,36.94637,-76.32979,0.0,0.0,265.0,LARAMIE,IMO8906626,NLAR,80,5,193,29,,,A
367821000,2020-08-21T17:07:19,36.97286,-76.43363,0.0,0.0,511.0,YANO,IMO7825409,NAQH,70,0,276,32,13.0,70,A
367821000,2020-08-21T17:09:50,36.97286,-76.43363,0.0,0.0,511.0,YANO,IMO7825409,NAQH,70,0,276,32,13.0,70,A
477196100,2020-08-21T17:10:01,37.19811,-76.13445,0.0,72.2,175.0,DARYA MA,IMO9591674,VRJH5,70,1,229,32,14.5,,A
538002953,2020-08-21T17:10:31,36.87759,-76.34992,0.0,283.8,347.0,SCT SANTIAGO,IMO9302566,V7NF7,70,5,294,32,13.5,71,A
367359930,2020-08-21T17:12:53,36.82406,-76.28902,0.0,332.0,511.0,SUNNY WILLIAMS,,WDE4940,80,0,25,8,,80,A
538002652,2020-08-21T17:12:50,36.87940,-76.32643,0.0,207.0,276.0,NAIAS,IMO9330800,V7KN8,70,5,225,32,14.0,70,A
215677000,2020-08-21T17:13:59,36.96291,-76.42418,0.0,256.1,39.0,RIZE,IMO9584035,9HA2781,70,5,229,32,14.5,,A
367821000,2020-08-21T17:12:09,36.97286,-76.43364,0.0,0.0,511.0,YANO,IMO7825409,NAQH,70,0,276,32,13.0,70,A
477196100,2020-08-21T17:13:00,37.19810,-76.13441,0.0,72.2,176.0,DARYA MA,IMO9591674,VRJH5,70,1,229,32,14.5,,A
538005042,2020-08-21T17:13:57,36.92759,-76.32992,0.0,354.0,354.0,NILEDUTCH OSPREY,IMO9365829,V7AP5,70,5,182,28,11.0,71,A
367821000,2020-08-21T17:17:09,36.97286,-76.43364,0.0,0.0,511.0,YANO,IMO7825409,NAQH,70,0,276,32,13.0,70,A
367821000,2020-08-21T17:23:20,36.97286,-76.43364,0.0,0.0,511.0,YANO,IMO7825409,NAQH,70,0,276,32,13.0,70,A
367359930,2020-08-21T17:23:52,36.82409,-76.28903,0.0,316.9,511.0,SUNNY WILLIAMS,,WDE4940,80,0,25,8,,80,A
367821000,2020-08-21T17:28:09,36.97287,-76.43364,0.0,0.0,511.0,YANO,IMO7825409,NAQH,70,0,276,32,13.0,70,A
538005042,2020-08-21T17:29:07,36.92760,-76.32992,0.0,355.0,355.0,NILEDUTCH OSPREY,IMO9365829,V7AP5,70,5,182,28,11.0,71,A
366839000,2020-08-21T17:34:17,36.85350,-76.31084,0.0,0.0,39.0,CAPE RISE,IMO7530808,KAFG,70,5,197,32,10.0,,A
367359930,2020-08-21T17:36:32,36.82404,-76.28903,0.0,294.4,511.0,SUNNY WILLIAMS,,WDE4940,80,0,25,8,,80,A
367359930,2020-08-21T17:37:42,36.82404,-76.28903,0.0,288.5,511.0,SUNNY WILLIAMS,,WDE4940,80,0,25,8,,80,A
215677000,2020-08-21T17:34:55,36.96291,-76.42419,0.0,256.1,39.0,RIZE,IMO9584035,9HA2781,70,5,229,32,14.5,,A
367821000,2020-08-21T17:36:09,36.97288,-76.43361,0.0,0.0,511.0,YANO,IMO7825409,NAQH,70,0,276,32,13.0,70,A
368026000,2020-08-21T17:39:21,36.86577,-76.31603,0.0,270.5,2.0,BENAVIDEZ,IMO9218210,NBHG,70,5,289,32,10.9,70,A
477196100,2020-08-21T17:39:58,37.19806,-76.13415,0.1,72.2,185.0,DARYA MA,IMO9591674,VRJH5,70,1,229,32,14.5,,A
367359930,2020-08-21T17:44:03,36.82402,-76.28904,0.0,270.0,511.0,SUNNY WILLIAMS,,WDE4940,80,0,25,8,,80,A
538002953,2020-08-21T17:43:33,36.87770,-76.34996,0.0,167.4,347.0,SCT SANTIAGO,IMO9302566,V7NF7,70,5,294,32,13.5,71,A
366839000,2020-08-21T17:43:13,36.85347,-76.31086,0.0,0.0,39.0,CAPE RISE,IMO7530808,KAFG,70,5,197,32,10.0,,A
215677000,2020-08-21T17:43:56,36.96293,-76.42419,0.0,256.1,39.0,RIZE,IMO9584035,9HA2781,70,5,229,32,14.5,,A
538005042,2020-08-21T17:53:15,36.92758,-76.32993,0.0,355.0,355.0,NILEDUTCH OSPREY,IMO9365829,V7AP5,70,5,182,28,11.0,71,A
367822000,2020-08-21T17:56:55,36.97311,-76.43385,0.0,0.0,238.0,USNS SHUGHART,IMO7825394,NAOQ,70,5,276,32,13.0,70,A
215677000,2020-08-21T17:58:59,36.96291,-76.42419,0.0,256.1,39.0,RIZE,IMO9584035,9HA2781,70,5,229,32,14.5,,A
367822000,2020-08-21T17:59:56,36.97315,-76.43385,0.0,0.0,238.0,USNS SHUGHART,IMO7825394,NAOQ,70,5,276,32,13.0,70,A
538002652,2020-08-21T18:00:50,36.87938,-76.32647,0.0,298.0,277.0,NAIAS,IMO9330800,V7KN8,70,5,225,32,14.0,70,A
368026000,2020-08-21T18:03:20,36.86581,-76.31606,0.1,270.5,2.0,BENAVIDEZ,IMO9218210,NBHG,70,5,289,32,10.9,70,A
355919000,2020-08-21T18:03:32,37.00489,-76.23108,16.0,290.9,290.0,MSC MARIA ELENA,IMO9304423,3EGR2,70,0,336,45,15.0,71,A
366839000,2020-08-21T18:07:13,36.85352,-76.31084,0.0,0.0,39.0,CAPE RISE,IMO7530808,KAFG,70,5,197,32,10.0,,A
367359930,2020-08-21T18:07:13,36.82405,-76.28902,0.0,283.9,511.0,SUNNY WILLIAMS,,WDE4940,80,0,25,8,,80,A
366842000,2020-08-21T18:08:12,36.85386,-76.31117,0.0,209.9,42.0,CAPE RACE,IMO7616377,KAFJ,70,5,197,32,10.0,35,A
368026000,2020-08-21T18:09:21,36.86578,-76.31604,0.0,270.5,2.0,BENAVIDEZ,IMO9218210,NBHG,70,5,289,32,10.9,70,A
538005042,2020-08-21T18:11:22,36.92759,-76.32993,0.0,354.0,354.0,NILEDUTCH OSPREY,IMO9365829,V7AP5,70,5,182,28,11.0,71,A
355919000,2020-08-21T18:13:02,37.00339,-76.28036,15.0,254.2,251.0,MSC MARIA ELENA,IMO9304423,3EGR2,70,0,336,45,15.0,71,A
367359930,2020-08-21T18:14:31,36.82407,-76.28904,0.0,310.6,511.0,SUNNY WILLIAMS,,WDE4940,80,0,25,8,,80,A
477196100,2020-08-21T18:16:02,37.19804,-76.13453,0.1,72.2,179.0,DARYA MA,IMO9591674,VRJH5,70,1,229,32,14.5,,A
215677000,2020-08-21T18:16:54,36.96290,-76.42418,0.0,256.1,39.0,RIZE,IMO9584035,9HA2781,70,5,229,32,14.5,,A
367821000,2020-08-21T18:16:59,36.97288,-76.43363,0.0,0.0,511.0,YANO,IMO7825409,NAQH,70,0,276,32,13.0,70,A
367822000,2020-08-21T18:20:55,36.97317,-76.43384,0.0,0.0,238.0,USNS SHUGHART,IMO7825394,NAOQ,70,5,276,32,13.0,70,A
368026000,2020-08-21T18:21:21,36.86578,-76.31606,0.1,270.5,2.0,BENAVIDEZ,IMO9218210,NBHG,70,5,289,32,10.9,70,A
477196100,2020-08-21T18:22:03,37.19797,-76.13466,0.1,72.2,177.0,DARYA MA,IMO9591674,VRJH5,70,1,229,32,14.5,,A
366839000,2020-08-21T18:22:15,36.85347,-76.31078,0.0,0.0,39.0,CAPE RISE,IMO7530808,KAFG,70,5,197,32,10.0,,A
538002652,2020-08-21T18:24:52,36.87940,-76.32637,0.0,63.0,276.0,NAIAS,IMO9330800,V7KN8,70,5,225,32,14.0,70,A
367359930,2020-08-21T18:22:43,36.82407,-76.28904,0.0,320.4,511.0,SUNNY WILLIAMS,,WDE4940,80,0,25,8,,80,A
477196100,2020-08-21T18:25:00,37.19798,-76.13473,0.1,72.2,175.0,DARYA MA,IMO9591674,VRJH5,70,1,229,32,14.5,,A
538005042,2020-08-21T18:26:28,36.92759,-76.32993,0.0,354.0,354.0,NILEDUTCH OSPREY,IMO9365829,V7AP5,70,5,182,28,11.0,71,A
538005042,2020-08-21T18:29:33,36.92760,-76.32992,0.1,84.0,354.0,NILEDUTCH OSPREY,IMO9365829,V7AP5,70,5,182,28,11.0,71,A
355919000,2020-08-21T18:30:30,36.96379,-76.33699,9.1,181.7,181.0,MSC MARIA ELENA,IMO9304423,3EGR2,70,0,336,45,15.0,71,A
367821000,2020-08-21T18:32:10,36.97287,-76.43362,0.0,0.0,511.0,YANO,IMO7825409,NAQH,70,0,276,32,13.0,70,A
367861000,2020-08-21T18:30:01,36.94634,-76.32990,0.0,0.0,265.0,LARAMIE,IMO8906626,NLAR,80,5,193,29,,,A
538005042,2020-08-21T18:32:34,36.92760,-76.32993,0.2,264.0,354.0,NILEDUTCH OSPREY,IMO9365829,V7AP5,70,5,182,28,11.0,71,A
367359930,2020-08-21T18:33:02,36.82405,-76.28903,0.0,329.5,511.0,SUNNY WILLIAMS,,WDE4940,80,0,25,8,,80,A
367359930,2020-08-21T18:34:13,36.82406,-76.28902,0.0,330.9,511.0,SUNNY WILLIAMS,,WDE4940,80,0,25,8,,80,A
355919000,2020-08-21T18:36:00,36.94919,-76.33737,9.0,182.6,181.0,MSC MARIA ELENA,IMO9304423,3EGR2,70,0,336,45,15.0,71,A
355919000,2020-08-21T18:40:59,36.93724,-76.33795,8.2,182.3,181.0,MSC MARIA ELENA,IMO9304423,3EGR2,70,0,336,45,15.0,71,A
538002652,2020-08-21T18:42:53,36.87953,-76.32642,0.0,63.0,276.0,NAIAS,IMO9330800,V7KN8,70,5,225,32,14.0,70,A
367861000,2020-08-21T18:42:01,36.94634,-76.32976,0.0,0.0,265.0,LARAMIE,IMO8906626,NLAR,80,5,193,29,,,A
367359930,2020-08-21T18:42:31,36.82404,-76.28903,0.0,319.1,511.0,SUNNY WILLIAMS,,WDE4940,80,0,25,8,,80,A
538002953,2020-08-21T18:43:35,36.87761,-76.34996,0.0,77.4,347.0,SCT SANTIAGO,IMO9302566,V7NF7,70,5,294,32,13.5,71,A
215677000,2020-08-21T18:46:58,36.96294,-76.42421,0.0,256.1,39.0,RIZE,IMO9584035,9HA2781,70,5,229,32,14.5,,A
538002652,2020-08-21T18:48:50,36.87950,-76.32647,0.0,63.0,276.0,NAIAS,IMO9330800,V7KN8,70,5,225,32,14.0,70,A
367359930,2020-08-21T18:58:42,36.82408,-76.28901,0.0,257.9,511.0,SUNNY WILLIAMS,,WDE4940,80,0,25,8,,80,A
367359930,2020-08-21T19:01:12,36.82406,-76.28902,0.0,253.6,511.0,SUNNY WILLIAMS,,WDE4940,80,0,25,8,,80,A
477196100,2020-08-21T19:00:59,37.19804,-76.13464,0.0,67.3,176.0,DARYA MA,IMO9591674,VRJH5,70,1,229,32,14.5,,A
367861000,2020-08-21T18:59:59,36.94641,-76.32982,0.0,0.0,265.0,LARAMIE,IMO8906626,NLAR,80,5,193,29,,,A
367861000,2020-08-21T19:03:01,36.94640,-76.32987,0.0,0.0,265.0,LARAMIE,IMO8906626,NLAR,80,5,193,29,,,A
355919000,2020-08-21T19:02:29,36.89227,-76.33576,6.4,172.1,173.0,MSC MARIA ELENA,IMO9304423,3EGR2,70,0,336,45,15.0,71,A
366842000,2020-08-21T19:05:28,36.85382,-76.31121,0.0,209.9,33.0,CAPE RACE,IMO7616377,KAFJ,70,5,197,32,10.0,35,A
367359930,2020-08-21T19:07:12,36.82408,-76.28903,0.0,249.5,511.0,SUNNY WILLIAMS,,WDE4940,80,0,25,8,,80,A
367822000,2020-08-21T19:08:55,36.97315,-76.43386,0.0,0.0,238.0,USNS SHUGHART,IMO7825394,NAOQ,70,5,276,32,13.0,70,A
366842000,2020-08-21T19:11:30,36.85381,-76.31120,0.0,209.9,34.0,CAPE RACE,IMO7616377,KAFJ,70,5,197,32,10.0,35,A
366839000,2020-08-21T19:13:15,36.85349,-76.31083,0.0,0.0,39.0,CAPE RISE,IMO7530808,KAFG,70,5,197,32,10.0,,A
366842000,2020-08-21T19:14:28,36.85383,-76.31119,0.0,209.9,36.0,CAPE RACE,IMO7616377,KAFJ,70,5,197,32,10.0,35,A
367822000,2020-08-21T19:14:56,36.97314,-76.43385,0.0,0.0,238.0,USNS SHUGHART,IMO7825394,NAOQ,70,5,276,32,13.0,70,A
367359930,2020-08-21T19:17:13,36.82409,-76.28903,0.0,254.0,511.0,SUNNY WILLIAMS,,WDE4940,80,0,25,8,,80,A
367822000,2020-08-21T19:20:55,36.97314,-76.43385,0.0,0.0,238.0,USNS SHUGHART,IMO7825394,NAOQ,70,5,276,32,13.0,70,A
368026000,2020-08-21T19:24:21,36.86576,-76.31605,0.1,270.5,2.0,BENAVIDEZ,IMO9218210,NBHG,70,5,289,32,10.9,70,A
367861000,2020-08-21T19:24:01,36.94642,-76.32978,0.0,0.0,265.0,LARAMIE,IMO8906626,NLAR,80,5,193,29,,,A
538005042,2020-08-21T19:26:57,36.92760,-76.32993,0.0,354.0,354.0,NILEDUTCH OSPREY,IMO9365829,V7AP5,70,5,182,28,11.0,71,A
538002652,2020-08-21T19:27:53,36.87953,-76.32642,0.0,200.0,277.0,NAIAS,IMO9330800,V7KN8,70,5,225,32,14.0,70,A
355919000,2020-08-21T19:31:09,36.87384,-76.34826,0.8,277.9,347.0,MSC MARIA ELENA,IMO9304423,3EGR2,70,0,336,45,15.0,71,A
355919000,2020-08-21T19:32:31,36.87389,-76.34859,0.7,281.2,348.0,MSC MARIA ELENA,IMO9304423,3EGR2,70,0,336,45,15.0,71,A
367861000,2020-08-21T19:33:00,36.94641,-76.32976,0.0,0.0,265.0,LARAMIE,IMO8906626,NLAR,80,5,193,29,,,A
538002953,2020-08-21T19:34:36,36.87759,-76.34994,0.0,32.3,347.0,SCT SANTIAGO,IMO9302566,V7NF7,70,5,294,32,13.5,71,A
367359930,2020-08-21T19:35:42,36.82402,-76.28902,0.0,297.6,511.0,SUNNY WILLIAMS,,WDE4940,80,0,25,8,,80,A
367821000,2020-08-21T19:36:30,36.97289,-76.43366,0.0,0.0,511.0,YANO,IMO7825409,NAQH,70,0,276,32,13.0,70,A
538002953,2020-08-21T19:37:36,36.87760,-76.34996,0.0,43.6,347.0,SCT SANTIAGO,IMO9302566,V7NF7,70,5,294,32,13.5,71,A
477196100,2020-08-21T19:39:57,37.19759,-76.13411,0.1,306.3,198.0,DARYA MA,IMO9591674,VRJH5,70,1,229,32,14.5,,A
538004202,2020-08-21T19:40:16,36.98309,-76.14498,14.6,288.4,287.0,MOL MISSION,IMO9475650,V7VS5,70,0,301,43,14.2,,A
538004202,2020-08-21T19:42:47,36.98628,-76.15717,14.8,287.3,287.0,MOL MISSION,IMO9475650,V7VS5,70,0,301,43,14.2,,A
355919000,2020-08-21T19:43:30,36.87382,-76.34898,0.0,245.6,347.0,MSC MARIA ELENA,IMO9304423,3EGR2,70,0,336,45,15.0,71,A
366839000,2020-08-21T19:46:10,36.85350,-76.31085,0.0,0.0,39.0,CAPE RISE,IMO7530808,KAFG,70,5,197,32,10.0,,A
367821000,2020-08-21T19:44:49,36.97289,-76.43365,0.0,0.0,511.0,YANO,IMO7825409,NAQH,70,0,276,32,13.0,70,A
355919000,2020-08-21T19:45:50,36.87385,-76.34899,0.0,50.4,347.0,MSC MARIA ELENA,IMO9304423,3EGR2,70,0,336,45,15.0,71,A
538002652,2020-08-21T19:48:52,36.87947,-76.32645,0.0,104.0,276.0,NAIAS,IMO9330800,V7KN8,70,5,225,32,14.0,70,A
215677000,2020-08-21T19:49:56,36.96291,-76.42421,0.0,256.1,39.0,RIZE,IMO9584035,9HA2781,70,5,229,32,14.5,,A
367822000,2020-08-21T19:50:56,36.97310,-76.43389,0.0,0.0,238.0,USNS SHUGHART,IMO7825394,NAOQ,70,5,276,32,13.0,70,A
367932000,2020-08-21T19:48:08,36.94915,-76.32968,0.0,107.0,279.0,JOHN LENTHALL,IMO8325547,NJLN,80,5,193,29,,,A
538004202,2020-08-21T19:57:22,37.00541,-76.22984,15.1,289.2,288.0,MOL MISSION,IMO9475650,V7VS5,70,0,301,43,14.2,,A
538004202,2020-08-21T19:58:23,37.00685,-76.23484,14.9,287.5,286.0,MOL MISSION,IMO9475650,V7VS5,70,0,301,43,14.2,,A
367861000,2020-08-21T19:56:59,36.94636,-76.32976,0.0,0.0,265.0,LARAMIE,IMO8906626,NLAR,80,5,193,29,,,A
538002652,2020-08-21T19:57:50,36.87938,-76.32648,0.0,104.0,276.0,NAIAS,IMO9330800,V7KN8,70,5,225,32,14.0,70,A
538005042,2020-08-21T19:57:10,36.92760,-76.32993,0.0,355.0,355.0,NILEDUTCH OSPREY,IMO9365829,V7AP5,70,5,182,28,11.0,71,A
367821000,2020-08-21T20:01:20,36.97288,-76.43366,0.0,0.0,511.0,YANO,IMO7825409,NAQH,70,0,276,32,13.0,70,A
367932000,2020-08-21T19:54:08,36.94917,-76.32967,0.0,107.0,279.0,JOHN LENTHALL,IMO8325547,NJLN,80,5,193,29,,,A
367861000,2020-08-21T20:00:01,36.94637,-76.32983,0.0,0.0,265.0,LARAMIE,IMO8906626,NLAR,80,5,193,29,,,A
538004202,2020-08-21T20:01:10,37.00953,-76.24858,14.3,270.9,265.0,MOL MISSION,IMO9475650,V7VS5,70,0,301,43,14.2,,A
367821000,2020-08-21T20:03:40,36.97287,-76.43366,0.0,0.0,511.0,YANO,IMO7825409,NAQH,70,0,276,32,13.0,70,A
538005042,2020-08-21T20:03:10,36.92760,-76.32994,0.1,85.0,355.0,NILEDUTCH OSPREY,IMO9365829,V7AP5,70,5,182,28,11.0,71,A
366842000,2020-08-21T20:05:28,36.85385,-76.31119,0.0,209.9,44.0,CAPE RACE,IMO7616377,KAFJ,70,5,197,32,10.0,35,A
368026000,2020-08-21T20:06:21,36.86576,-76.31603,0.0,270.5,2.0,BENAVIDEZ,IMO9218210,NBHG,70,5,289,32,10.9,70,A
538002652,2020-08-21T20:06:53,36.87943,-76.32645,0.0,104.0,276.0,NAIAS,IMO9330800,V7KN8,70,5,225,32,14.0,70,A
538004202,2020-08-21T20:04:28,37.00728,-76.26443,14.0,257.0,255.0,MOL MISSION,IMO9475650,V7VS5,70,0,301,43,14.2,,A
477196100,2020-08-21T20:06:57,37.19766,-76.13468,0.1,306.3,183.0,DARYA MA,IMO9591674,VRJH5,70,1,229,32,14.5,,A
477196100,2020-08-21T20:10:02,37.19766,-76.13461,0.1,306.3,185.0,DARYA MA,IMO9591674,VRJH5,70,1,229,32,14.5,,A
367821000,2020-08-21T20:11:00,36.97287,-76.43366,0.0,0.0,511.0,YANO,IMO7825409,NAQH,70,0,276,32,13.0,70,A
538004202,2020-08-21T20:11:25,36.99746,-76.29428,13.2,239.4,240.0,MOL MISSION,IMO9475650,V7VS5,70,0,301,43,14.2,,A
367822000,2020-08-21T20:11:55,36.97310,-76.43388,0.0,0.0,238.0,USNS SHUGHART,IMO7825394,NAOQ,70,5,276,32,13.0,70,A
538002953,2020-08-21T20:10:37,36.87759,-76.34993,0.0,313.6,347.0,SCT SANTIAGO,IMO9302566,V7NF7,70,5,294,32,13.5,71,A
367932000,2020-08-21T20:06:07,36.94924,-76.32969,0.0,107.0,279.0,JOHN LENTHALL,IMO8325547,NJLN,80,5,193,29,,,A
477196100,2020-08-21T20:13:01,37.19764,-76.13453,0.1,306.3,187.0,DARYA MA,IMO9591674,VRJH5,70,1,229,32,14.5,,A
355919000,2020-08-21T20:11:31,36.87383,-76.34897,0.0,257.1,347.0,MSC MARIA ELENA,IMO9304423,3EGR2,70,0,336,45,15.0,71,A
367359930,2020-08-21T20:14:13,36.82406,-76.28903,0.0,318.9,511.0,SUNNY WILLIAMS,,WDE4940,80,0,25,8,,80,A
367359930,2020-08-21T20:16:42,36.82406,-76.28903,0.0,309.3,511.0,SUNNY WILLIAMS,,WDE4940,80,0,25,8,,80,A
367861000,2020-08-21T20:15:01,36.94635,-76.32979,0.0,0.0,265.0,LARAMIE,IMO8906626,NLAR,80,5,193,29,,,A
538002953,2020-08-21T20:16:37,36.87761,-76.34995,0.1,185.6,347.0,SCT SANTIAGO,IMO9302566,V7NF7,70,5,294,32,13.5,71,A
538004202,2020-08-21T20:18:54,36.98200,-76.32188,12.7,228.1,227.0,MOL MISSION,IMO9475650,V7VS5,70,0,301,43,14.2,,A
367359930,2020-08-21T20:19:03,36.82406,-76.28904,0.0,302.6,511.0,SUNNY WILLIAMS,,WDE4940,80,0,25,8,,80,A
538004202,2020-08-21T20:24:15,36.96896,-76.33542,10.0,191.7,187.0,MOL MISSION,IMO9475650,V7VS5,70,0,301,43,14.2,,A
367932000,2020-08-21T20:21:08,36.94917,-76.32973,0.0,107.0,279.0,JOHN LENTHALL,IMO8325547,NJLN,80,5,193,29,,,A
366842000,2020-08-21T20:26:29,36.85385,-76.31119,0.0,209.9,40.0,CAPE RACE,IMO7616377,KAFJ,70,5,197,32,10.0,35,A
215677000,2020-08-21T20:28:59,36.96293,-76.42421,0.0,256.1,39.0,RIZE,IMO9584035,9HA2781,70,5,229,32,14.5,,A
355919000,2020-08-21T20:27:51,36.87384,-76.34899,0.0,108.1,347.0,MSC MARIA ELENA,IMO9304423,3EGR2,70,0,336,45,15.0,71,A
355919000,2020-08-21T20:29:09,36.87384,-76.34899,0.1,106.2,347.0,MSC MARIA ELENA,IMO9304423,3EGR2,70,0,336,45,15.0,71,A
367821000,2020-08-21T20:29:40,36.97283,-76.43365,0.0,0.0,511.0,YANO,IMO7825409,NAQH,70,0,276,32,13.0,70,A
367821000,2020-08-21T20:30:49,36.97283,-76.43365,0.0,0.0,511.0,YANO,IMO7825409,NAQH,70,0,276,32,13.0,70,A
367359930,2020-08-21T20:33:21,36.82405,-76.28899,0.1,310.0,511.0,SUNNY WILLIAMS,,WDE4940,80,0,25,8,,80,A
215677000,2020-08-21T20:34:54,36.96290,-76.42419,0.0,256.1,39.0,RIZE,IMO9584035,9HA2781,70,5,229,32,14.5,,A
355919000,2020-08-21T20:35:30,36.87384,-76.34897,0.0,257.1,347.0,MSC MARIA ELENA,IMO9304423,3EGR2,70,0,336,45,15.0,71,A
538004202,2020-08-21T20:33:25,36.94420,-76.33692,8.5,182.7,181.0,MOL MISSION,IMO9475650,V7VS5,70,0,301,43,14.2,,A
366842000,2020-08-21T20:35:29,36.85380,-76.31115,0.0,209.9,40.0,CAPE RACE,IMO7616377,KAFJ,70,5,197,32,10.0,35,A
538004202,2020-08-21T20:36:25,36.93748,-76.33724,7.7,183.0,181.0,MOL MISSION,IMO9475650,V7VS5,70,0,301,43,14.2,,A
367861000,2020-08-21T20:36:01,36.94633,-76.32979,0.0,0.0,265.0,LARAMIE,IMO8906626,NLAR,80,5,193,29,,,A
367861000,2020-08-21T20:39:00,36.94639,-76.32983,0.0,0.0,265.0,LARAMIE,IMO8906626,NLAR,80,5,193,29,,,A
367359930,2020-08-21T20:39:21,36.82405,-76.28903,0.0,310.0,511.0,SUNNY WILLIAMS,,WDE4940,80,0,25,8,,80,A
368026000,2020-08-21T20:42:20,36.86576,-76.31605,0.0,270.5,2.0,BENAVIDEZ,IMO9218210,NBHG,70,5,289,32,10.9,70,A
538005042,2020-08-21T20:45:31,36.92759,-76.32992,0.0,355.0,355.0,NILEDUTCH OSPREY,IMO9365829,V7AP5,70,5,182,28,11.0,71,A
215677000,2020-08-21T20:44:00,36.96290,-76.42421,0.0,256.1,39.0,RIZE,IMO9584035,9HA2781,70,5,229,32,14.5,,A
367822000,2020-08-21T20:44:55,36.97304,-76.43388,0.0,0.0,238.0,USNS SHUGHART,IMO7825394,NAOQ,70,5,276,32,13.0,70,A
215677000,2020-08-21T20:46:59,36.96291,-76.42419,0.0,256.1,39.0,RIZE,IMO9584035,9HA2781,70,5,229,32,14.5,,A
357928000,2020-08-21T20:48:54,37.07775,-76.10155,12.4,329.5,329.0,ROYAL KNIGHT,IMO9552355,3FMB9,70,0,196,32,12.7,70,A
215677000,2020-08-21T20:49:59,36.96291,-76.42421,0.0,256.1,39.0,RIZE,IMO9584035,9HA2781,70,5,229,32,14.5,,A
367359930,2020-08-21T20:54:03,36.82406,-76.28903,0.0,283.5,511.0,SUNNY WILLIAMS,,WDE4940,80,0,25,8,,80,A
538004202,2020-08-21T20:51:56,36.91569,-76.33881,1.6,194.6,212.0,MOL MISSION,IMO9475650,V7VS5,70,0,301,43,14.2,,A
538004202,2020-08-21T20:54:45,36.91522,-76.33896,0.3,120.3,260.0,MOL MISSION,IMO9475650,V7VS5,70,0,301,43,14.2,,A
367359930,2020-08-21T20:56:22,36.82404,-76.28901,0.0,288.3,511.0,SUNNY WILLIAMS,,WDE4940,80,0,25,8,,80,A
368026000,2020-08-21T20:57:20,36.86576,-76.31601,0.0,270.5,2.0,BENAVIDEZ,IMO9218210,NBHG,70,5,289,32,10.9,70,A
538002652,2020-08-21T20:54:52,36.87943,-76.32647,0.0,95.0,276.0,NAIAS,IMO9330800,V7KN8,70,5,225,32,14.0,70,A
477196100,2020-08-21T21:01:04,37.19406,-76.13422,0.2,296.4,9.0,DARYA MA,IMO9591674,VRJH5,70,1,229,32,14.5,,A
367932000,2020-08-21T20:57:09,36.94918,-76.32970,0.0,107.0,279.0,JOHN LENTHALL,IMO8325547,NJLN,80,5,193,29,,,A
538004202,2020-08-21T21:01:15,36.91473,-76.33492,2.6,106.2,294.0,MOL MISSION,IMO9475650,V7VS5,70,0,301,43,14.2,,A
357928000,2020-08-21T21:01:14,37.11526,-76.12804,12.7,331.2,331.0,ROYAL KNIGHT,IMO9552355,3FMB9,70,0,196,32,12.7,70,A
367861000,2020-08-21T21:02:59,36.94641,-76.32977,0.0,0.0,265.0,LARAMIE,IMO8906626,NLAR,80,5,193,29,,,A
366839000,2020-08-21T21:04:10,36.85346,-76.31079,0.0,0.0,40.0,CAPE RISE,IMO7530808,KAFG,70,5,197,32,10.0,,A
367822000,2020-08-21T21:05:55,36.97304,-76.43391,0.0,0.0,238.0,USNS SHUGHART,IMO7825394,NAOQ,70,5,276,32,13.0,70,A
538004202,2020-08-21T21:04:44,36.91373,-76.33194,2.7,115.1,298.0,MOL MISSION,IMO9475650,V7VS5,70,0,301,43,14.2,,A
538004202,2020-08-21T21:05:55,36.91332,-76.33101,2.5,121.2,302.0,MOL MISSION,IMO9475650,V7VS5,70,0,301,43,14.2,,A
355919000,2020-08-21T21:05:30,36.87384,-76.34896,0.0,212.1,347.0,MSC MARIA ELENA,IMO9304423,3EGR2,70,0,336,45,15.0,71,A
355919000,2020-08-21T21:06:49,36.87385,-76.34896,0.0,257.1,347.0,MSC MARIA ELENA,IMO9304423,3EGR2,70,0,336,45,15.0,71,A
538002953,2020-08-21T21:07:39,36.87756,-76.34999,0.1,347.3,347.0,SCT SANTIAGO,IMO9302566,V7NF7,70,5,294,32,13.5,71,A
367822000,2020-08-21T21:08:56,36.97304,-76.43390,0.0,0.0,238.0,USNS SHUGHART,IMO7825394,NAOQ,70,5,276,32,13.0,70,A
367821000,2020-08-21T21:10:40,36.97289,-76.43360,0.0,0.0,511.0,YANO,IMO7825409,NAQH,70,0,276,32,13.0,70,A
538005042,2020-08-21T21:12:44,36.92759,-76.32991,0.0,355.0,355.0,NILEDUTCH OSPREY,IMO9365829,V7AP5,70,5,182,28,11.0,71,A
366839000,2020-08-21T21:13:16,36.85351,-76.31080,0.0,0.0,40.0,CAPE RISE,IMO7530808,KAFG,70,5,197,32,10.0,,A
538004202,2020-08-21T21:13:04,36.91147,-76.32798,0.7,137.8,348.0,MOL MISSION,IMO9475650,V7VS5,70,0,301,43,14.2,,A
357928000,2020-08-21T21:12:43,37.15181,-76.14984,12.6,350.0,351.0,ROYAL KNIGHT,IMO9552355,3FMB9,70,0,196,32,12.7,70,A
367822000,2020-08-21T21:14:55,36.97304,-76.43390,0.0,0.0,238.0,USNS SHUGHART,IMO7825394,NAOQ,70,5,276,32,13.0,70,A
367821000,2020-08-21T21:14:20,36.97289,-76.43360,0.0,0.0,511.0,YANO,IMO7825409,NAQH,70,0,276,32,13.0,70,A
355919000,2020-08-21T21:16:09,36.87387,-76.34896,0.0,167.2,347.0,MSC MARIA ELENA,IMO9304423,3EGR2,70,0,336,45,15.0,71,A
367821000,2020-08-21T21:16:40,36.97288,-76.43359,0.0,0.0,511.0,YANO,IMO7825409,NAQH,70,0,276,32,13.0,70,A
367359930,2020-08-21T21:19:13,36.82406,-76.28903,0.0,294.7,511.0,SUNNY WILLIAMS,,WDE4940,80,0,25,8,,80,A
367932000,2020-08-21T21:12:09,36.94919,-76.32958,0.0,107.0,279.0,JOHN LENTHALL,IMO8325547,NJLN,80,5,193,29,,,A
367821000,2020-08-21T21:19:10,36.97288,-76.43360,0.0,0.0,511.0,YANO,IMO7825409,NAQH,70,0,276,32,13.0,70,A
477196100,2020-08-21T21:22:07,37.19416,-76.13420,0.1,303.7,18.0,DARYA MA,IMO9591674,VRJH5,70,1,229,32,14.5,,A
538005042,2020-08-21T21:21:47,36.92759,-76.32992,0.0,355.0,355.0,NILEDUTCH OSPREY,IMO9365829,V7AP5,70,5,182,28,11.0,71,A
368026000,2020-08-21T21:27:21,36.86574,-76.31605,0.0,270.5,2.0,BENAVIDEZ,IMO9218210,NBHG,70,5,289,32,10.9,70,A
355919000,2020-08-21T21:27:09,36.87384,-76.34895,0.0,167.2,347.0,MSC MARIA ELENA,IMO9304423,3EGR2,70,0,336,45,15.0,71,A
367821000,2020-08-21T21:28:59,36.97288,-76.43360,0.0,0.0,511.0,YANO,IMO7825409,NAQH,70,0,276,32,13.0,70,A
538002953,2020-08-21T21:28:39,36.87756,-76.34992,0.0,183.3,347.0,SCT SANTIAGO,IMO9302566,V7NF7,70,5,294,32,13.5,71,A
538004202,2020-08-21T21:29:43,36.91131,-76.32764,0.0,325.2,352.0,MOL MISSION,IMO9475650,V7VS5,70,5,301,43,14.2,,A
367359930,2020-08-21T21:26:51,36.82406,-76.28903,0.0,293.0,511.0,SUNNY WILLIAMS,,WDE4940,80,0,25,8,,80,A
367359930,2020-08-21T21:30:32,36.82404,-76.28902,0.0,301.1,511.0,SUNNY WILLIAMS,,WDE4940,80,0,25,8,,80,A
538004202,2020-08-21T21:35:43,36.91132,-76.32763,0.0,325.2,352.0,MOL MISSION,IMO9475650,V7VS5,70,5,301,43,14.2,,A
367861000,2020-08-21T21:36:00,36.94637,-76.32984,0.0,0.0,265.0,LARAMIE,IMO8906626,NLAR,80,5,193,29,,,A
357928000,2020-08-21T21:36:24,37.23524,-76.13542,13.2,12.3,12.0,ROYAL KNIGHT,IMO9552355,3FMB9,70,0,196,32,12.7,70,A
357928000,2020-08-21T21:38:44,37.24366,-76.13313,13.3,10.3,10.0,ROYAL KNIGHT,IMO9552355,3FMB9,70,0,196,32,12.7,70,A
366839000,2020-08-21T21:37:16,36.85347,-76.31080,0.0,0.0,39.0,CAPE RISE,IMO7530808,KAFG,70,5,197,32,10.0,,A
538002652,2020-08-21T21:39:51,36.87947,-76.32655,0.0,56.0,276.0,NAIAS,IMO9330800,V7KN8,70,5,225,32,14.0,70,A
355919000,2020-08-21T21:41:19,36.87380,-76.34897,0.0,193.7,347.0,MSC MARIA ELENA,IMO9304423,3EGR2,70,0,336,45,15.0,71,A
538004202,2020-08-21T21:41:42,36.91134,-76.32762,0.0,325.2,352.0,MOL MISSION,IMO9475650,V7VS5,70,5,301,43,14.2,,A
357928000,2020-08-21T21:45:24,37.26784,-76.12709,13.2,11.1,10.0,ROYAL KNIGHT,IMO9552355,3FMB9,70,0,196,32,12.7,70,A
477196100,2020-08-21T21:43:00,37.19416,-76.13419,0.1,303.7,17.0,DARYA MA,IMO9591674,VRJH5,70,1,229,32,14.5,,A
367359930,2020-08-21T21:47:32,36.82410,-76.28903,0.0,228.4,511.0,SUNNY WILLIAMS,,WDE4940,80,0,25,8,,80,A
367359930,2020-08-21T21:48:43,36.82410,-76.28903,0.0,224.4,511.0,SUNNY WILLIAMS,,WDE4940,80,0,25,8,,80,A
357928000,2020-08-21T21:46:34,37.27212,-76.12607,13.1,11.1,11.0,ROYAL KNIGHT,IMO9552355,3FMB9,70,0,196,32,12.7,70,A
368026000,2020-08-21T21:48:21,36.86580,-76.31601,0.0,270.5,2.0,BENAVIDEZ,IMO9218210,NBHG,70,5,289,32,10.9,70,A
367822000,2020-08-21T21:50:56,36.97308,-76.43388,0.0,0.0,239.0,USNS SHUGHART,IMO7825394,NAOQ,70,5,276,32,13.0,70,A
366842000,2020-08-21T21:50:24,36.85378,-76.31116,0.0,209.9,42.0,CAPE RACE,IMO7616377,KAFJ,70,5,197,32,10.0,35,A
367821000,2020-08-21T21:51:39,36.97289,-76.43362,0.0,0.0,511.0,YANO,IMO7825409,NAQH,70,0,276,32,13.0,70,A
355919000,2020-08-21T21:52:00,36.87385,-76.34898,0.0,193.7,347.0,MSC MARIA ELENA,IMO9304423,3EGR2,70,0,336,45,15.0,71,A
538002652,2020-08-21T21:51:53,36.87950,-76.32650,0.0,193.0,276.0,NAIAS,IMO9330800,V7KN8,70,5,225,32,14.0,70,A
367359930,2020-08-21T21:51:21,36.82407,-76.28903,0.0,225.2,511.0,SUNNY WILLIAMS,,WDE4940,80,0,25,8,,80,A
367821000,2020-08-21T21:53:50,36.97288,-76.43364,0.0,0.0,511.0,YANO,IMO7825409,NAQH,70,0,276,32,13.0,70,A
367932000,2020-08-21T21:51:09,36.94915,-76.32964,0.0,107.0,279.0,JOHN LENTHALL,IMO8325547,NJLN,80,5,193,29,,,A
357928000,2020-08-21T21:59:44,37.31909,-76.12277,12.7,353.4,355.0,ROYAL KNIGHT,IMO9552355,3FMB9,70,0,196,32,12.7,70,A
368026000,2020-08-21T21:57:20,36.86576,-76.31605,0.0,270.5,2.0,BENAVIDEZ,IMO9218210,NBHG,70,5,289,32,10.9,70,A
215677000,2020-08-21T22:01:59,36.96289,-76.42420,0.0,256.1,40.0,RIZE,IMO9584035,9HA2781,70,5,229,32,14.5,,A
538005042,2020-08-21T22:01:44,36.92757,-76.33063,1.0,255.3,2.0,NILEDUTCH OSPREY,IMO9365829,V7AP5,70,0,182,28,11.0,71,A
538002953,2020-08-21T22:01:40,36.87754,-76.34992,0.0,0.0,347.0,SCT SANTIAGO,IMO9302566,V7NF7,70,5,294,32,13.5,71,A
538002953,2020-08-21T22:04:40,36.87757,-76.34995,0.0,122.3,347.0,SCT SANTIAGO,IMO9302566,V7NF7,70,5,294,32,13.5,71,A
538005042,2020-08-21T22:02:53,36.92742,-76.33096,0.7,228.0,3.0,NILEDUTCH OSPREY,IMO9365829,V7AP5,70,0,182,28,11.0,71,A
367822000,2020-08-21T22:05:55,36.97309,-76.43388,0.0,0.0,239.0,USNS SHUGHART,IMO7825394,NAOQ,70,5,276,32,13.0,70,A
367359930,2020-08-21T22:05:33,36.82405,-76.28903,0.0,237.4,511.0,SUNNY WILLIAMS,,WDE4940,80,0,25,8,,80,A
538002652,2020-08-21T22:06:52,36.87950,-76.32670,0.1,194.0,276.0,NAIAS,IMO9330800,V7KN8,70,5,225,32,14.0,70,A
538004202,2020-08-21T22:05:42,36.91136,-76.32760,0.0,325.2,352.0,MOL MISSION,IMO9475650,V7VS5,70,5,301,43,14.2,,A
367359930,2020-08-21T22:09:02,36.82405,-76.28903,0.0,240.0,511.0,SUNNY WILLIAMS,,WDE4940,80,0,25,8,,80,A
368026000,2020-08-21T22:09:21,36.86578,-76.31603,0.0,270.5,2.0,BENAVIDEZ,IMO9218210,NBHG,70,5,289,32,10.9,70,A
538002953,2020-08-21T22:10:40,36.87755,-76.34989,0.0,122.2,347.0,SCT SANTIAGO,IMO9302566,V7NF7,70,5,294,32,13.5,71,A
477196100,2020-08-21T22:10:02,37.19425,-76.13459,0.1,303.7,28.0,DARYA MA,IMO9591674,VRJH5,70,1,229,32,14.5,,A
538004202,2020-08-21T22:14:39,36.91134,-76.32761,0.0,325.2,352.0,MOL MISSION,IMO9475650,V7VS5,70,5,301,43,14.2,,A
368026000,2020-08-21T22:15:22,36.86577,-76.31607,0.0,270.5,2.0,BENAVIDEZ,IMO9218210,NBHG,70,5,289,32,10.9,70,A
355919000,2020-08-21T22:14:49,36.87382,-76.34895,0.0,167.2,347.0,MSC MARIA ELENA,IMO9304423,3EGR2,70,0,336,45,15.0,71,A
366842000,2020-08-21T22:17:24,36.85379,-76.31120,0.0,209.9,43.0,CAPE RACE,IMO7616377,KAFJ,70,5,197,32,10.0,35,A
215677000,2020-08-21T22:16:58,36.96290,-76.42420,0.0,256.1,40.0,RIZE,IMO9584035,9HA2781,70,5,229,32,14.5,,A
367861000,2020-08-21T22:21:00,36.94636,-76.32973,0.0,0.0,265.0,LARAMIE,IMO8906626,NLAR,80,5,193,29,,,A
367359930,2020-08-21T22:17:32,36.82407,-76.28903,0.0,247.7,511.0,SUNNY WILLIAMS,,WDE4940,80,0,25,8,,80,A
367359930,2020-08-21T22:18:43,36.82408,-76.28901,0.0,248.3,511.0,SUNNY WILLIAMS,,WDE4940,80,0,25,8,,80,A
367359930,2020-08-21T22:21:32,36.82408,-76.28901,0.0,256.6,511.0,SUNNY WILLIAMS,,WDE4940,80,0,25,8,,80,A
538005042,2020-08-21T22:21:45,36.95137,-76.33605,10.2,4.0,4.0,NILEDUTCH OSPREY,IMO9365829,V7AP5,70,0,182,28,11.0,71,A
538002953,2020-08-21T22:22:41,36.87753,-76.34989,0.0,110.8,347.0,SCT SANTIAGO,IMO9302566,V7NF7,70,5,294,32,13.5,71,A
538005042,2020-08-21T22:22:55,36.95475,-76.33576,10.3,4.5,4.0,NILEDUTCH OSPREY,IMO9365829,V7AP5,70,0,182,28,11.0,71,A
355919000,2020-08-21T22:27:30,36.87385,-76.34896,0.0,167.2,347.0,MSC MARIA ELENA,IMO9304423,3EGR2,70,0,336,45,15.0,71,A
538005042,2020-08-21T22:28:05,36.97024,-76.33288,12.3,27.4,27.0,NILEDUTCH OSPREY,IMO9365829,V7AP5,70,0,182,28,11.0,71,A
367821000,2020-08-21T22:29:10,36.97288,-76.43364,0.0,0.0,511.0,YANO,IMO7825409,NAQH,70,0,276,32,13.0,70,A
367822000,2020-08-21T22:29:55,36.97309,-76.43385,0.0,0.0,239.0,USNS SHUGHART,IMO7825394,NAOQ,70,5,276,32,13.0,70,A
367822000,2020-08-21T22:32:55,36.97309,-76.43385,0.0,0.0,238.0,USNS SHUGHART,IMO7825394,NAOQ,70,5,276,32,13.0,70,A
367932000,2020-08-21T22:27:08,36.94921,-76.32964,0.0,107.0,279.0,JOHN LENTHALL,IMO8325547,NJLN,80,5,193,29,,,A
538002953,2020-08-21T22:31:41,36.87761,-76.34996,0.0,122.3,347.0,SCT SANTIAGO,IMO9302566,V7NF7,70,5,294,32,13.5,71,A
355919000,2020-08-21T22:33:30,36.87386,-76.34897,0.0,247.7,347.0,MSC MARIA ELENA,IMO9304423,3EGR2,70,0,336,45,15.0,71,A
367861000,2020-08-21T22:33:01,36.94638,-76.32973,0.0,0.0,265.0,LARAMIE,IMO8906626,NLAR,80,5,193,29,,,A
366842000,2020-08-21T22:32:30,36.85374,-76.31118,0.0,209.9,43.0,CAPE RACE,IMO7616377,KAFJ,70,5,197,32,10.0,35,A
538005042,2020-08-21T22:36:47,36.99314,-76.30417,15.1,59.0,59.0,NILEDUTCH OSPREY,IMO9365829,V7AP5,70,0,182,28,11.0,71,A
215677000,2020-08-21T22:38:00,36.96290,-76.42419,0.0,256.1,40.0,RIZE,IMO9584035,9HA2781,70,5,229,32,14.5,,A
367861000,2020-08-21T22:38:59,36.94638,-76.32974,0.0,0.0,265.0,LARAMIE,IMO8906626,NLAR,80,5,193,29,,,A
538005042,2020-08-21T22:38:47,36.99763,-76.29508,15.6,58.7,58.0,NILEDUTCH OSPREY,IMO9365829,V7AP5,70,0,182,28,11.0,71,A
538004202,2020-08-21T22:41:42,36.91114,-76.32751,0.0,325.2,352.0,MOL MISSION,IMO9475650,V7VS5,70,5,301,43,14.2,,A
366839000,2020-08-21T22:40:15,36.85348,-76.31080,0.0,0.0,39.0,CAPE RISE,IMO7530808,KAFG,70,5,197,32,10.0,,A
367821000,2020-08-21T22:41:50,36.97290,-76.43366,0.0,0.0,511.0,YANO,IMO7825409,NAQH,70,0,276,32,13.0,70,A
355919000,2020-08-21T22:41:49,36.87385,-76.34897,0.0,257.1,347.0,MSC MARIA ELENA,IMO9304423,3EGR2,70,0,336,45,15.0,71,A
367359930,2020-08-21T22:47:02,36.82403,-76.28902,0.0,276.0,511.0,SUNNY WILLIAMS,,WDE4940,80,0,25,8,,80,A
355919000,2020-08-21T22:54:09,36.87386,-76.34898,0.0,257.1,347.0,MSC MARIA ELENA,IMO9304423,3EGR2,70,0,336,45,15.0,71,A
367932000,2020-08-21T22:42:08,36.94916,-76.32970,0.0,107.0,279.0,JOHN LENTHALL,IMO8325547,NJLN,80,5,193,29,,,A
367359930,2020-08-21T22:53:51,36.82408,-76.28902,0.0,206.5,511.0,SUNNY WILLIAMS,,WDE4940,80,0,25,8,,80,A
367821000,2020-08-21T22:52:00,36.97288,-76.43367,0.0,0.0,511.0,YANO,IMO7825409,NAQH,70,0,276,32,13.0,70,A
215677000,2020-08-21T22:53:00,36.96292,-76.42419,0.0,256.1,40.0,RIZE,IMO9584035,9HA2781,70,5,229,32,14.5,,A
368026000,2020-08-21T22:54:21,36.86575,-76.31603,0.0,270.5,2.0,BENAVIDEZ,IMO9218210,NBHG,70,5,289,32,10.9,70,A
538005042,2020-08-21T22:59:36,36.99380,-76.18691,15.6,110.7,109.0,NILEDUTCH OSPREY,IMO9365829,V7AP5,70,0,182,28,11.0,71,A
367359930,2020-08-21T22:57:51,36.82407,-76.28902,0.0,199.1,511.0,SUNNY WILLIAMS,,WDE4940,80,0,25,8,,80,A
367861000,2020-08-21T22:59:59,36.94640,-76.32979,0.0,0.0,265.0,LARAMIE,IMO8906626,NLAR,80,5,193,29,,,A
355919000,2020-08-21T23:02:49,36.87384,-76.34894,0.0,257.1,347.0,MSC MARIA ELENA,IMO9304423,3EGR2,70,0,336,45,15.0,71,A
477196100,2020-08-21T23:01:02,37.19458,-76.13505,0.1,267.4,43.0,DARYA MA,IMO9591674,VRJH5,70,1,229,32,14.5,,A
366842000,2020-08-21T23:02:30,36.85383,-76.31120,0.0,209.9,41.0,CAPE RACE,IMO7616377,KAFJ,70,5,197,32,10.0,35,A
367822000,2020-08-21T23:02:56,36.97301,-76.43387,0.0,0.0,238.0,USNS SHUGHART,IMO7825394,NAOQ,70,5,276,32,13.0,70,A
215677000,2020-08-21T23:04:55,36.96292,-76.42419,0.0,256.1,40.0,RIZE,IMO9584035,9HA2781,70,5,229,32,14.5,,A
367861000,2020-08-21T23:03:01,36.94639,-76.32979,0.0,0.0,265.0,LARAMIE,IMO8906626,NLAR,80,5,193,29,,,A
367861000,2020-08-21T23:06:01,36.94639,-76.32981,0.0,0.0,265.0,LARAMIE,IMO8906626,NLAR,80,5,193,29,,,A
368026000,2020-08-21T23:03:20,36.86576,-76.31602,0.0,270.5,2.0,BENAVIDEZ,IMO9218210,NBHG,70,5,289,32,10.9,70,A
366839000,2020-08-21T23:04:15,36.85350,-76.31080,0.0,0.0,39.0,CAPE RISE,IMO7530808,KAFG,70,5,197,32,10.0,,A
538004202,2020-08-21T23:05:41,36.91117,-76.32769,0.0,325.2,352.0,MOL MISSION,IMO9475650,V7VS5,70,5,301,43,14.2,,A
367822000,2020-08-21T23:05:56,36.97306,-76.43383,0.0,0.0,238.0,USNS SHUGHART,IMO7825394,NAOQ,70,5,276,32,13.0,70,A
367821000,2020-08-21T23:08:20,36.97287,-76.43366,0.0,0.0,511.0,YANO,IMO7825409,NAQH,70,0,276,32,13.0,70,A
355919000,2020-08-21T23:07:10,36.87380,-76.34893,0.0,40.3,347.0,MSC MARIA ELENA,IMO9304423,3EGR2,70,0,336,45,15.0,71,A
355919000,2020-08-21T23:08:21,36.87387,-76.34890,0.0,257.1,347.0,MSC MARIA ELENA,IMO9304423,3EGR2,70,0,336,45,15.0,71,A
477196100,2020-08-21T23:06:58,37.19466,-76.13509,0.1,267.4,45.0,DARYA MA,IMO9591674,VRJH5,70,1,229,32,14.5,,A
477196100,2020-08-21T23:10:01,37.19472,-76.13511,0.1,267.4,47.0,DARYA MA,IMO9591674,VRJH5,70,1,229,32,14.5,,A
538005042,2020-08-21T23:08:47,36.98109,-76.14020,15.3,107.7,107.0,NILEDUTCH OSPREY,IMO9365829,V7AP5,70,0,182,28,11.0,71,A
538004202,2020-08-21T23:14:39,36.91119,-76.32768,0.0,325.2,352.0,MOL MISSION,IMO9475650,V7VS5,70,5,301,43,14.2,,A
367821000,2020-08-21T23:19:00,36.97287,-76.43365,0.0,0.0,511.0,YANO,IMO7825409,NAQH,70,0,276,32,13.0,70,A
366839000,2020-08-21T23:19:15,36.85352,-76.31085,0.0,0.0,39.0,CAPE RISE,IMO7530808,KAFG,70,5,197,32,10.0,,A
538002953,2020-08-21T23:19:42,36.87747,-76.35004,0.0,279.1,347.0,SCT SANTIAGO,IMO9302566,V7NF7,70,5,294,32,13.5,71,A
367932000,2020-08-21T23:15:07,36.94915,-76.32968,0.0,107.0,279.0,JOHN LENTHALL,IMO8325547,NJLN,80,5,193,29,,,A
367821000,2020-08-21T23:21:10,36.97286,-76.43365,0.0,0.0,511.0,YANO,IMO7825409,NAQH,70,0,276,32,13.0,70,A
355919000,2020-08-21T23:23:29,36.87379,-76.34874,0.0,230.6,347.0,MSC MARIA ELENA,IMO9304423,3EGR2,70,0,336,45,15.0,71,A
367822000,2020-08-21T23:20:55,36.97307,-76.43384,0.0,0.0,238.0,USNS SHUGHART,IMO7825394,NAOQ,70,5,276,32,13.0,70,A
538005042,2020-08-21T23:23:24,36.96198,-76.06546,15.7,108.8,107.0,NILEDUTCH OSPREY,IMO9365829,V7AP5,70,0,182,28,11.0,71,A
367359930,2020-08-21T23:26:03,36.82406,-76.28903,0.0,233.2,511.0,SUNNY WILLIAMS,,WDE4940,80,0,25,8,,80,A
538002652,2020-08-21T23:24:51,36.87943,-76.32638,0.0,276.0,276.0,NAIAS,IMO9330800,V7KN8,70,5,225,32,14.0,70,A
367821000,2020-08-21T23:26:20,36.97287,-76.43364,0.0,0.0,511.0,YANO,IMO7825409,NAQH,70,0,276,32,13.0,70,A
355919000,2020-08-21T23:27:00,36.87368,-76.34857,0.0,257.0,347.0,MSC MARIA ELENA,IMO9304423,3EGR2,70,0,336,45,15.0,71,A
232013520,2020-08-21T23:24:49,37.04471,-76.07312,16.1,322.7,323.0,SPIRIT OF HAMBURG,IMO9391660,MCMA9,72,0,254,32,10.2,72,A
367821000,2020-08-21T23:28:40,36.97287,-76.43363,0.0,0.0,511.0,YANO,IMO7825409,NAQH,70,0,276,32,13.0,70,A
367359930,2020-08-21T23:32:43,36.82408,-76.28901,0.0,220.3,511.0,SUNNY WILLIAMS,,WDE4940,80,0,25,8,,80,A
367359930,2020-08-21T23:33:52,36.82408,-76.28904,0.0,220.2,511.0,SUNNY WILLIAMS,,WDE4940,80,0,25,8,,80,A
232013520,2020-08-21T23:29:42,37.06254,-76.09021,16.6,321.7,324.0,SPIRIT OF HAMBURG,IMO9391660,MCMA9,72,0,254,32,10.2,72,A
215677000,2020-08-21T23:34:55,36.96291,-76.42420,0.1,256.1,39.0,RIZE,IMO9584035,9HA2781,70,5,229,32,14.5,,A
367822000,2020-08-21T23:35:55,36.97308,-76.43384,0.0,0.0,238.0,USNS SHUGHART,IMO7825394,NAOQ,70,5,276,32,13.0,70,A
538004202,2020-08-21T23:38:43,36.91132,-76.32765,0.0,325.2,352.0,MOL MISSION,IMO9475650,V7VS5,70,5,301,43,14.2,,A
215677000,2020-08-21T23:37:58,36.96292,-76.42419,0.0,256.1,39.0,RIZE,IMO9584035,9HA2781,70,5,229,32,14.5,,A
477196100,2020-08-21T23:40:04,37.19529,-76.13543,0.1,336.1,63.0,DARYA MA,IMO9591674,VRJH5,70,1,229,32,14.5,,A
367821000,2020-08-21T23:40:40,36.97286,-76.43364,0.0,0.0,511.0,YANO,IMO7825409,NAQH,70,0,276,32,13.0,70,A
232013520,2020-08-21T23:35:48,37.08696,-76.10808,16.9,329.7,331.0,SPIRIT OF HAMBURG,IMO9391660,MCMA9,72,0,254,32,10.2,72,A
366842000,2020-08-21T23:44:27,36.85384,-76.31120,0.0,209.9,43.0,CAPE RACE,IMO7616377,KAFJ,70,5,197,32,10.0,35,A
368026000,2020-08-21T23:45:20,36.86575,-76.31605,0.0,270.5,2.0,BENAVIDEZ,IMO9218210,NBHG,70,5,289,32,10.9,70,A
367861000,2020-08-21T23:45:00,36.94641,-76.32982,0.0,0.0,265.0,LARAMIE,IMO8906626,NLAR,80,5,193,29,,,A
367359930,2020-08-21T23:46:32,36.82407,-76.28902,0.0,222.6,511.0,SUNNY WILLIAMS,,WDE4940,80,0,25,8,,80,A
367359930,2020-08-21T23:49:21,36.82403,-76.28903,0.0,231.0,511.0,SUNNY WILLIAMS,,WDE4940,80,0,25,8,,80,A
538002953,2020-08-21T23:46:43,36.87750,-76.34982,0.0,347.3,347.0,SCT SANTIAGO,IMO9302566,V7NF7,70,5,294,32,13.5,71,A
367821000,2020-08-21T23:46:50,36.97286,-76.43364,0.0,0.0,511.0,YANO,IMO7825409,NAQH,70,0,276,32,13.0,70,A
355919000,2020-08-21T23:47:40,36.87382,-76.34897,0.0,256.9,347.0,MSC MARIA ELENA,IMO9304423,3EGR2,70,0,336,45,15.0,71,A
215677000,2020-08-21T23:55:58,36.96291,-76.42418,0.0,256.1,39.0,RIZE,IMO9584035,9HA2781,70,5,229,32,14.5,,A
367932000,2020-08-21T23:48:08,36.94913,-76.32965,0.0,107.0,279.0,JOHN LENTHALL,IMO8325547,NJLN,80,5,193,29,,,A
232013520,2020-08-21T23:56:18,37.16812,-76.15290,14.9,353.3,355.0,SPIRIT OF HAMBURG,IMO9391660,MCMA9,72,0,254,32,10.2,72,A
