MMSI,BaseDateTime,LAT,LON,SOG,COG,Heading,VesselName,IMO,CallSign,VesselType,Status,Length,Width,Draft,Cargo,TransceiverClass
218158000,2021-05-16T00:48:45,36.99057,-76.31015,14.1,49.5,54.0,BREMEN EXPRESS,IMO9343728,DGZL,70,0,335,42,14.5,71,A
218158000,2021-05-16T00:55:13,36.98479,-76.32204,12.8,227.1,228.0,BREMEN EXPRESS,IMO9343728,DGZL,70,0,335,42,14.5,71,A
218158000,2021-05-16T03:56:29,36.91222,-76.32770,0.0,353.0,353.0,BREMEN EXPRESS,IMO9343728,DGZL,70,5,335,42,14.5,71,A
218158000,2021-05-16T12:53:41,36.91224,-76.32770,0.0,353.0,353.0,BREMEN EXPRESS,IMO9343728,DGZL,70,5,335,42,14.5,71,A
218158000,2021-05-16T13:55:10,36.91222,-76.32770,0.0,353.0,353.0,BREMEN EXPRESS,IMO9343728,DGZL,70,5,335,42,14.5,71,A
218158000,2021-05-16T13:02:44,37.00923,-76.24494,16.1,286.1,279.0,BREMEN EXPRESS,IMO9343728,DGZL,70,0,335,42,14.5,71,A
218158000,2021-05-16T15:17:22,36.91220,-76.32767,0.0,353.0,353.0,BREMEN EXPRESS,IMO9343728,DGZL,70,5,335,42,14.5,71,A
218158000,2021-05-16T18:31:01,36.98312,-76.14342,15.4,287.6,288.0,BREMEN EXPRESS,IMO9343728,DGZL,70,0,335,42,14.5,71,A
218158000,2021-05-16T19:48:10,36.91219,-76.32768,0.0,353.0,353.0,BREMEN EXPRESS,IMO9343728,DGZL,70,5,335,42,14.5,71,A
218158000,2021-05-16T20:58:08,36.91222,-76.32771,0.0,353.0,353.0,BREMEN EXPRESS,IMO9343728,DGZL,70,5,335,42,14.5,71,A
477286200,2021-05-16T21:49:44,36.94448,-76.33802,7.6,3.2,4.0,COSCOSHIPPING ORCHID,IMO9785770,VRSK7,71,0,366,48,14.3,71,A
338846000,2021-05-16T21:49:44,36.86555,-76.31582,0.0,0.1,227.0,USNS MENDONCA,IMO9147320,NBMK,70,3,289,32,10.9,35,A
367359930,2021-05-16T21:50:59,36.82420,-76.28912,0.0,257.6,511.0,SUNNY WILLIAMS,,WDE4940,80,0,25,8,,80,A
477286200,2021-05-16T21:52:04,36.94963,-76.33759,8.2,3.5,4.0,COSCOSHIPPING ORCHID,IMO9785770,VRSK7,71,0,366,48,12.0,71,A
477286200,2021-05-16T21:50:55,36.94704,-76.33781,7.9,3.6,4.0,COSCOSHIPPING ORCHID,IMO9785770,VRSK7,71,0,366,48,12.0,71,A
367865000,2021-05-16T21:50:18,36.96247,-76.41933,0.0,0.0,188.0,KANAWHA,IMO8704080,NPTD,80,5,206,29,,35,A
367633000,2021-05-16T21:51:13,36.96641,-76.42772,0.0,338.0,223.0,LONESTAR STATE,IMO9697985,WLSY,80,5,178,,,80,A
229821000,2021-05-16T21:50:52,36.98367,-76.15165,14.5,108.2,107.0,GALANI,IMO9337597,9HA3640,70,0,176,27,10.9,71,A
229821000,2021-05-16T21:51:57,36.98229,-76.14638,14.5,107.8,108.0,GALANI,IMO9337597,9HA3640,70,0,176,27,10.9,71,A
367822000,2021-05-16T21:51:55,36.97311,-76.43384,0.0,0.0,0.0,USNS SHUGHART,IMO7825394,NAOQ,70,5,276,32,13.0,70,A
357997000,2021-05-16T21:52:41,37.20193,-76.08898,0.0,241.9,357.0,NORD TREASURE,IMO9566459,3ESI7,70,1,189,32,12.7,70,A
636012908,2021-05-16T21:50:59,37.22759,-76.43676,0.0,256.0,256.0,TAVRICHESKY BRIDGE,IMO9292060,A8IZ6,80,5,182,32,12.2,80,A
368445000,2021-05-16T21:53:21,36.96314,-76.42014,0.0,0.0,188.0,OVERSEAS NIKISKI,IMO9353577,WDBH,80,5,183,32,12.2,80,A
338846000,2021-05-16T21:53:15,36.86558,-76.31580,0.0,0.1,227.0,USNS MENDONCA,IMO9147320,NBMK,70,3,289,32,10.9,35,A
366841000,2021-05-16T21:52:03,36.85325,-76.31054,0.0,0.0,41.0,CAPE RAY,IMO7530810,KAFI,70,5,197,32,10.0,70,A
565003000,2021-05-16T21:53:04,37.24412,-76.10945,0.6,345.9,352.0,BULK FINLAND,IMO9691577,9V2513,70,1,224,32,14.4,70,A
229821000,2021-05-16T21:53:03,36.98090,-76.14111,14.6,108.1,107.0,GALANI,IMO9337597,9HA3640,70,0,176,27,10.9,71,A
366842000,2021-05-16T21:52:18,36.85384,-76.31114,0.0,0.0,42.0,CAPE RACE,IMO7616377,KAFJ,70,5,197,32,10.0,79,A
538003886,2021-05-16T21:54:33,36.91108,-76.32743,0.0,75.8,351.0,MOL MAXIM,IMO9424936,V7TU3,70,5,302,43,14.2,71,A
338678000,2021-05-16T21:54:08,36.91626,-76.16854,0.0,252.8,10.0,DOLORES CHOUEST,IMO8225931,WCP8847,70,5,54,12,4.0,35,A
636015650,2021-05-16T21:54:53,36.96283,-76.42409,0.0,36.0,39.0,NS ENERGY,IMO9609732,D5CA8,70,5,225,32,14.2,79,A
367359930,2021-05-16T21:54:39,36.82419,-76.28912,0.0,256.0,511.0,SUNNY WILLIAMS,,WDE4940,80,0,25,8,,80,A
636018070,2021-05-16T21:51:41,36.87747,-76.34990,0.0,305.9,347.0,ARISTOMENIS,IMO9408841,D5OA5,70,5,349,45,15.0,71,A
368026000,2021-05-16T21:55:25,36.86578,-76.31604,0.0,218.7,511.0,BENAVIDEZ,IMO9218210,NBHG,70,5,289,32,10.9,70,A
477286200,2021-05-16T21:53:15,36.95243,-76.33736,8.5,3.9,4.0,COSCOSHIPPING ORCHID,IMO9785770,VRSK7,71,0,366,48,12.0,71,A
373327000,2021-05-16T21:56:22,37.21660,-76.09068,0.1,241.3,355.0,ENERGY TRITON,IMO9602368,3FLG8,70,1,228,32,14.4,79,A
367865000,2021-05-16T21:56:17,36.96250,-76.41937,0.0,0.0,188.0,KANAWHA,IMO8704080,NPTD,80,5,206,29,,35,A
538009119,2021-05-16T21:56:36,36.87946,-76.32641,0.0,109.0,273.0,ARMONIA.GR,IMO9758868,V7A4344,70,5,199,32,6.5,70,A
338846000,2021-05-16T21:56:44,36.86558,-76.31575,0.0,0.1,227.0,USNS MENDONCA,IMO9147320,NBMK,70,3,289,32,10.9,35,A
538003886,2021-05-16T21:57:36,36.91111,-76.32743,0.0,75.8,351.0,MOL MAXIM,IMO9424936,V7TU3,70,5,302,43,14.2,71,A
256116000,2021-05-16T21:57:28,36.90818,-76.32685,0.0,195.4,352.0,VIRGINIA TRADER,IMO9344552,9HA3823,70,5,211,29,11.4,71,A
367633000,2021-05-16T21:57:13,36.96628,-76.42776,0.0,332.8,223.0,LONESTAR STATE,IMO9697985,WLSY,80,5,178,,,80,A
477286200,2021-05-16T21:57:34,36.96322,-76.33639,9.8,4.1,5.0,COSCOSHIPPING ORCHID,IMO9785770,VRSK7,71,0,366,48,12.0,71,A
366839000,2021-05-16T21:58:05,36.85351,-76.31080,0.0,0.0,40.0,CAPE RISE,IMO7530808,KAFG,70,5,197,32,10.0,70,A
538005067,2021-05-16T21:58:08,37.26816,-76.10264,0.0,90.1,31.0,AM KRAKOW,IMO9624122,V7AU2,70,1,229,32,14.5,70,A
368026000,2021-05-16T21:58:27,36.86577,-76.31605,0.0,218.7,511.0,BENAVIDEZ,IMO9218210,NBHG,70,5,289,32,10.9,70,A
367222000,2021-05-16T21:57:51,36.94834,-76.33070,0.0,0.0,101.0,WALTER S DIEHL,IMO8511495,NWSD,80,5,206,29,,0,A
367822000,2021-05-16T21:57:55,36.97312,-76.43384,0.0,0.0,0.0,USNS SHUGHART,IMO7825394,NAOQ,70,5,276,32,13.0,70,A
371420000,2021-05-16T21:57:56,37.21120,-76.13230,0.0,169.9,14.0,DIONE,IMO9729881,3FOB6,70,1,229,32,7.5,70,A
357997000,2021-05-16T21:58:41,37.20192,-76.08895,0.1,307.0,354.0,NORD TREASURE,IMO9566459,3ESI7,70,1,189,32,12.7,70,A
368445000,2021-05-16T21:59:22,36.96310,-76.42013,0.0,0.0,188.0,OVERSEAS NIKISKI,IMO9353577,WDBH,80,5,183,32,12.2,80,A
366841000,2021-05-16T21:58:03,36.85327,-76.31054,0.0,0.0,40.0,CAPE RAY,IMO7530810,KAFI,70,5,197,32,10.0,70,A
477286200,2021-05-16T21:59:44,36.96924,-76.33474,10.3,20.2,25.0,COSCOSHIPPING ORCHID,IMO9785770,VRSK7,71,0,366,48,12.0,71,A
367821000,2021-05-16T21:58:10,36.97287,-76.43365,0.0,0.0,511.0,YANO,IMO7825409,NAQH,70,5,276,32,13.0,70,A
229821000,2021-05-16T21:59:39,36.97269,-76.10900,14.8,105.5,106.0,GALANI,IMO9337597,9HA3640,70,0,176,27,10.9,71,A
229821000,2021-05-16T21:58:34,36.97389,-76.11444,14.6,106.7,105.0,GALANI,IMO9337597,9HA3640,70,0,176,27,10.9,71,A
477286200,2021-05-16T22:00:05,36.97017,-76.33422,10.3,23.9,29.0,COSCOSHIPPING ORCHID,IMO9785770,VRSK7,71,0,366,48,12.0,71,A
636012908,2021-05-16T21:59:58,37.22758,-76.43675,0.0,256.1,256.0,TAVRICHESKY BRIDGE,IMO9292060,A8IZ6,80,5,182,32,12.2,80,A
538005113,2021-05-16T21:56:28,37.20840,-76.11662,0.0,223.0,355.0,ALGOMA VISION,IMO9640944,V7BC3,70,1,228,32,13.5,70,A
636015650,2021-05-16T22:00:54,36.96280,-76.42410,0.0,36.0,39.0,NS ENERGY,IMO9609732,D5CA8,70,5,225,32,14.2,79,A
367633000,2021-05-16T22:00:13,36.96632,-76.42775,0.0,329.5,223.0,LONESTAR STATE,IMO9697985,WLSY,80,5,178,,,80,A
367359930,2021-05-16T22:00:09,36.82418,-76.28912,0.0,262.7,511.0,SUNNY WILLIAMS,,WDE4940,80,0,25,8,,80,A
636018070,2021-05-16T22:00:39,36.87749,-76.34994,0.0,301.2,347.0,ARISTOMENIS,IMO9408841,D5OA5,70,5,349,45,15.0,71,A
366839000,2021-05-16T22:01:04,36.85348,-76.31080,0.0,0.0,40.0,CAPE RISE,IMO7530808,KAFG,70,5,197,32,10.0,70,A
477286200,2021-05-16T22:01:13,36.97296,-76.33207,10.3,35.5,40.0,COSCOSHIPPING ORCHID,IMO9785770,VRSK7,71,0,366,48,12.0,71,A
477286200,2021-05-16T22:02:25,36.97548,-76.32925,10.0,43.1,45.0,COSCOSHIPPING ORCHID,IMO9785770,VRSK7,71,0,366,48,12.0,71,A
367222000,2021-05-16T22:00:51,36.94833,-76.33078,0.0,0.0,100.0,WALTER S DIEHL,IMO8511495,NWSD,80,5,206,29,,0,A
371420000,2021-05-16T22:01:02,37.21123,-76.13231,0.0,169.9,15.0,DIONE,IMO9729881,3FOB6,70,1,229,32,7.5,70,A
367359930,2021-05-16T22:01:18,36.82419,-76.28913,0.0,259.4,511.0,SUNNY WILLIAMS,,WDE4940,80,0,25,8,,80,A
636015650,2021-05-16T21:57:55,36.96284,-76.42407,0.0,36.0,39.0,NS ENERGY,IMO9609732,D5CA8,70,5,225,32,14.2,79,A
366842000,2021-05-16T22:01:20,36.85383,-76.31119,0.0,0.0,42.0,CAPE RACE,IMO7616377,KAFJ,70,5,197,32,10.0,79,A
368445000,2021-05-16T22:02:22,36.96303,-76.42013,0.0,0.0,188.0,OVERSEAS NIKISKI,IMO9353577,WDBH,80,5,183,32,12.2,80,A
368026000,2021-05-16T22:01:25,36.86576,-76.31606,0.0,218.7,511.0,BENAVIDEZ,IMO9218210,NBHG,70,5,289,32,10.9,70,A
367633000,2021-05-16T22:03:13,36.96638,-76.42777,0.0,332.4,223.0,LONESTAR STATE,IMO9697985,WLSY,80,5,178,,,80,A
367359930,2021-05-16T22:02:29,36.82421,-76.28914,0.0,264.0,511.0,SUNNY WILLIAMS,,WDE4940,80,0,25,8,,80,A
538003886,2021-05-16T22:03:37,36.91110,-76.32744,0.0,75.8,351.0,MOL MAXIM,IMO9424936,V7TU3,70,5,302,43,14.2,71,A
538005113,2021-05-16T22:02:29,37.20840,-76.11669,0.0,223.0,356.0,ALGOMA VISION,IMO9640944,V7BC3,70,1,228,32,13.5,70,A
538009119,2021-05-16T21:59:39,36.87947,-76.32640,0.0,109.0,273.0,ARMONIA.GR,IMO9758868,V7A4344,70,5,199,32,6.5,70,A
477286200,2021-05-16T22:03:35,36.97780,-76.32640,10.0,44.3,45.0,COSCOSHIPPING ORCHID,IMO9785770,VRSK7,71,0,366,48,12.0,71,A
338846000,2021-05-16T22:03:56,36.86557,-76.31577,0.0,0.1,227.0,USNS MENDONCA,IMO9147320,NBMK,70,3,289,32,10.9,35,A
636015650,2021-05-16T22:03:54,36.96281,-76.42408,0.0,36.0,39.0,NS ENERGY,IMO9609732,D5CA8,70,5,225,32,14.2,79,A
371420000,2021-05-16T22:03:56,37.21119,-76.13231,0.0,169.9,15.0,DIONE,IMO9729881,3FOB6,70,1,229,32,7.5,70,A
366839000,2021-05-16T22:04:04,36.85350,-76.31083,0.0,0.0,40.0,CAPE RISE,IMO7530808,KAFG,70,5,197,32,10.0,70,A
538005067,2021-05-16T22:04:07,37.26816,-76.10257,0.0,101.5,31.0,AM KRAKOW,IMO9624122,V7AU2,70,1,229,32,14.5,70,A
477231100,2021-05-16T22:03:53,37.18316,-76.10995,0.1,300.0,2.0,CL CHRISTINA,IMO9710892,VRSE5,70,1,200,32,6.9,70,A
368445000,2021-05-16T22:05:22,36.96307,-76.42013,0.0,0.0,188.0,OVERSEAS NIKISKI,IMO9353577,WDBH,80,5,183,32,12.2,80,A
366841000,2021-05-16T22:01:01,36.85328,-76.31054,0.0,0.0,40.0,CAPE RAY,IMO7530810,KAFI,70,5,197,32,10.0,70,A
367865000,2021-05-16T22:05:18,36.96248,-76.41926,0.0,0.0,188.0,KANAWHA,IMO8704080,NPTD,80,5,206,29,,35,A
373327000,2021-05-16T22:05:22,37.21664,-76.09079,0.1,255.0,357.0,ENERGY TRITON,IMO9602368,3FLG8,70,1,228,32,14.4,79,A
538009119,2021-05-16T22:05:38,36.87949,-76.32641,0.0,109.0,273.0,ARMONIA.GR,IMO9758868,V7A4344,70,5,199,32,6.5,70,A
565003000,2021-05-16T22:01:56,37.24404,-76.10964,0.1,107.2,7.0,BULK FINLAND,IMO9691577,9V2513,70,1,224,32,14.4,70,A
636018070,2021-05-16T22:06:40,36.87748,-76.34994,0.1,273.0,347.0,ARISTOMENIS,IMO9408841,D5OA5,70,5,349,45,15.0,71,A
367633000,2021-05-16T22:06:13,36.96625,-76.42767,0.0,325.6,223.0,LONESTAR STATE,IMO9697985,WLSY,80,5,178,,,80,A
338846000,2021-05-16T22:06:15,36.86552,-76.31578,0.0,0.1,227.0,USNS MENDONCA,IMO9147320,NBMK,70,3,289,32,10.9,35,A
229821000,2021-05-16T22:03:22,36.96842,-76.09046,15.0,106.2,106.0,GALANI,IMO9337597,9HA3640,70,0,176,27,10.9,71,A
229821000,2021-05-16T22:07:45,36.96323,-76.06834,15.2,107.3,108.0,GALANI,IMO9337597,9HA3640,70,0,176,27,10.9,71,A
477286200,2021-05-16T22:06:55,36.98443,-76.31816,10.1,45.1,45.0,COSCOSHIPPING ORCHID,IMO9785770,VRSK7,71,0,366,48,12.0,71,A
636012908,2021-05-16T22:05:56,37.22757,-76.43675,0.0,256.1,256.0,TAVRICHESKY BRIDGE,IMO9292060,A8IZ6,80,5,182,32,12.2,80,A
338846000,2021-05-16T22:07:26,36.86552,-76.31577,0.0,0.1,227.0,USNS MENDONCA,IMO9147320,NBMK,70,3,289,32,10.9,35,A
366842000,2021-05-16T22:04:18,36.85380,-76.31116,0.0,0.0,42.0,CAPE RACE,IMO7616377,KAFJ,70,5,197,32,10.0,79,A
367821000,2021-05-16T22:04:12,36.97287,-76.43366,0.0,0.0,511.0,YANO,IMO7825409,NAQH,70,5,276,32,13.0,70,A
367822000,2021-05-16T22:03:55,36.97312,-76.43384,0.0,0.0,0.0,USNS SHUGHART,IMO7825394,NAOQ,70,5,276,32,13.0,70,A
338846000,2021-05-16T22:08:35,36.86560,-76.31573,0.0,0.1,227.0,USNS MENDONCA,IMO9147320,NBMK,70,3,289,32,10.9,35,A
366842000,2021-05-16T22:07:19,36.85385,-76.31117,0.0,0.0,42.0,CAPE RACE,IMO7616377,KAFJ,70,5,197,32,10.0,79,A
338846000,2021-05-16T22:05:04,36.86553,-76.31578,0.0,0.1,227.0,USNS MENDONCA,IMO9147320,NBMK,70,3,289,32,10.9,35,A
477286200,2021-05-16T22:04:45,36.98011,-76.32351,10.1,44.2,45.0,COSCOSHIPPING ORCHID,IMO9785770,VRSK7,71,0,366,48,12.0,71,A
367865000,2021-05-16T22:08:17,36.96245,-76.41929,0.0,0.0,188.0,KANAWHA,IMO8704080,NPTD,80,5,206,29,,35,A
368445000,2021-05-16T22:08:22,36.96304,-76.42009,0.0,0.0,188.0,OVERSEAS NIKISKI,IMO9353577,WDBH,80,5,183,32,12.2,80,A
371420000,2021-05-16T22:09:58,37.21125,-76.13229,0.0,169.9,17.0,DIONE,IMO9729881,3FOB6,70,1,229,32,7.5,70,A
636018070,2021-05-16T22:09:42,36.87745,-76.34992,0.1,247.1,347.0,ARISTOMENIS,IMO9408841,D5OA5,70,5,349,45,15.0,71,A
256116000,2021-05-16T22:09:29,36.90818,-76.32687,0.0,195.4,352.0,VIRGINIA TRADER,IMO9344552,9HA3823,70,5,211,29,11.4,71,A
366842000,2021-05-16T22:10:18,36.85384,-76.31120,0.0,0.0,42.0,CAPE RACE,IMO7616377,KAFJ,70,5,197,32,10.0,79,A
367821000,2021-05-16T22:10:12,36.97287,-76.43366,0.0,0.0,511.0,YANO,IMO7825409,NAQH,70,5,276,32,13.0,70,A
538009119,2021-05-16T22:08:37,36.87951,-76.32638,0.0,109.0,273.0,ARMONIA.GR,IMO9758868,V7A4344,70,5,199,32,6.5,70,A
636015650,2021-05-16T22:06:52,36.96284,-76.42408,0.0,36.0,39.0,NS ENERGY,IMO9609732,D5CA8,70,5,225,32,14.2,79,A
636015650,2021-05-16T22:09:56,36.96280,-76.42409,0.0,36.0,39.0,NS ENERGY,IMO9609732,D5CA8,70,5,225,32,14.2,79,A
477286200,2021-05-16T22:11:33,36.99261,-76.30528,10.8,58.5,58.0,COSCOSHIPPING ORCHID,IMO9785770,VRSK7,71,0,366,48,12.0,71,A
338678000,2021-05-16T22:09:09,36.91626,-76.16849,0.0,286.9,10.0,DOLORES CHOUEST,IMO8225931,WCP8847,70,5,54,12,4.0,35,A
565003000,2021-05-16T22:11:48,37.24414,-76.10949,0.5,358.6,6.0,BULK FINLAND,IMO9691577,9V2513,70,0,224,32,14.4,70,A
477286200,2021-05-16T22:08:04,36.98673,-76.31528,10.1,45.6,45.0,COSCOSHIPPING ORCHID,IMO9785770,VRSK7,71,0,366,48,12.0,71,A
367359930,2021-05-16T22:09:38,36.82420,-76.28913,0.0,279.1,511.0,SUNNY WILLIAMS,,WDE4940,80,0,25,8,,80,A
368026000,2021-05-16T22:07:26,36.86577,-76.31606,0.0,218.7,511.0,BENAVIDEZ,IMO9218210,NBHG,70,5,289,32,10.9,70,A
367822000,2021-05-16T22:09:55,36.97317,-76.43385,0.0,0.0,0.0,USNS SHUGHART,IMO7825394,NAOQ,70,5,276,32,13.0,70,A
357997000,2021-05-16T22:10:41,37.20193,-76.08911,0.1,0.2,1.0,NORD TREASURE,IMO9566459,3ESI7,70,1,189,32,12.7,70,A
368026000,2021-05-16T22:13:25,36.86577,-76.31606,0.0,218.7,511.0,BENAVIDEZ,IMO9218210,NBHG,70,5,289,32,10.9,70,A
477286200,2021-05-16T22:09:14,36.98900,-76.31220,10.1,49.4,51.0,COSCOSHIPPING ORCHID,IMO9785770,VRSK7,71,0,366,48,12.0,71,A
366841000,2021-05-16T22:10:02,36.85330,-76.31055,0.0,0.0,40.0,CAPE RAY,IMO7530810,KAFI,70,5,197,32,10.0,70,A
367222000,2021-05-16T22:09:51,36.94833,-76.33073,0.0,0.0,101.0,WALTER S DIEHL,IMO8511495,NWSD,80,5,206,29,,0,A
477231100,2021-05-16T22:12:53,37.18318,-76.10995,0.0,288.1,4.0,CL CHRISTINA,IMO9710892,VRSE5,70,1,200,32,6.9,70,A
538003886,2021-05-16T22:09:37,36.91111,-76.32743,0.0,75.8,351.0,MOL MAXIM,IMO9424936,V7TU3,70,5,302,43,14.2,71,A
367865000,2021-05-16T22:14:18,36.96249,-76.41936,0.0,0.0,188.0,KANAWHA,IMO8704080,NPTD,80,5,206,29,,35,A
565003000,2021-05-16T22:13:00,37.24441,-76.10940,1.0,11.2,6.0,BULK FINLAND,IMO9691577,9V2513,70,0,224,32,14.4,70,A
371420000,2021-05-16T22:13:00,37.21132,-76.13229,0.0,169.9,18.0,DIONE,IMO9729881,3FOB6,70,1,229,32,7.5,70,A
367359930,2021-05-16T22:11:49,36.82420,-76.28911,0.0,286.7,511.0,SUNNY WILLIAMS,,WDE4940,80,0,25,8,,80,A
366839000,2021-05-16T22:13:07,36.85344,-76.31079,0.0,0.0,40.0,CAPE RISE,IMO7530808,KAFG,70,5,197,32,10.0,70,A
565003000,2021-05-16T22:14:08,37.24487,-76.10929,1.8,9.4,6.0,BULK FINLAND,IMO9691577,9V2513,70,0,224,32,14.4,70,A
538005113,2021-05-16T22:14:30,37.20836,-76.11686,0.0,223.0,2.0,ALGOMA VISION,IMO9640944,V7BC3,70,1,228,32,13.5,70,A
366841000,2021-05-16T22:15:57,36.85329,-76.31051,0.0,0.0,40.0,CAPE RAY,IMO7530810,KAFI,70,5,197,32,10.0,70,A
373327000,2021-05-16T22:14:22,37.21665,-76.09093,0.0,261.1,1.0,ENERGY TRITON,IMO9602368,3FLG8,70,1,228,32,14.4,79,A
366839000,2021-05-16T22:16:03,36.85346,-76.31078,0.0,0.0,40.0,CAPE RISE,IMO7530808,KAFG,70,5,197,32,10.0,70,A
368445000,2021-05-16T22:17:22,36.96308,-76.42014,0.0,0.0,188.0,OVERSEAS NIKISKI,IMO9353577,WDBH,80,5,183,32,12.2,80,A
256116000,2021-05-16T22:15:29,36.90820,-76.32687,0.0,195.4,352.0,VIRGINIA TRADER,IMO9344552,9HA3823,70,5,211,29,11.4,71,A
565003000,2021-05-16T22:15:18,37.24556,-76.10912,2.4,11.1,4.0,BULK FINLAND,IMO9691577,9V2513,70,0,224,32,14.4,70,A
538009119,2021-05-16T22:14:39,36.87947,-76.32636,0.0,109.0,273.0,ARMONIA.GR,IMO9758868,V7A4344,70,5,199,32,6.5,70,A
565003000,2021-05-16T22:16:19,37.24631,-76.10904,2.9,3.2,3.0,BULK FINLAND,IMO9691577,9V2513,70,0,224,32,14.4,70,A
565003000,2021-05-16T22:18:38,37.24851,-76.10882,3.8,3.5,4.0,BULK FINLAND,IMO9691577,9V2513,70,0,224,32,14.4,70,A
367359930,2021-05-16T22:17:49,36.82420,-76.28914,0.0,294.7,511.0,SUNNY WILLIAMS,,WDE4940,80,0,25,8,,80,A
371420000,2021-05-16T22:16:00,37.21131,-76.13223,0.0,169.9,18.0,DIONE,IMO9729881,3FOB6,70,1,229,32,7.5,70,A
477286200,2021-05-16T22:19:23,37.00486,-76.27380,14.4,75.1,76.0,COSCOSHIPPING ORCHID,IMO9785770,VRSK7,71,0,366,48,12.0,71,A
477231100,2021-05-16T22:18:53,37.18319,-76.10985,0.0,35.6,2.0,CL CHRISTINA,IMO9710892,VRSE5,70,1,200,32,6.9,70,A
367821000,2021-05-16T22:19:12,36.97288,-76.43366,0.0,0.0,511.0,YANO,IMO7825409,NAQH,70,5,276,32,13.0,70,A
367359930,2021-05-16T22:16:28,36.82421,-76.28911,0.0,295.2,511.0,SUNNY WILLIAMS,,WDE4940,80,0,25,8,,80,A
477231100,2021-05-16T22:15:53,37.18318,-76.10988,0.1,33.7,2.0,CL CHRISTINA,IMO9710892,VRSE5,70,1,200,32,6.9,70,A
636018070,2021-05-16T22:15:43,36.87755,-76.34998,0.0,270.6,347.0,ARISTOMENIS,IMO9408841,D5OA5,70,5,349,45,15.0,71,A
366842000,2021-05-16T22:16:16,36.85383,-76.31119,0.0,0.0,42.0,CAPE RACE,IMO7616377,KAFJ,70,5,197,32,10.0,79,A
477286200,2021-05-16T22:18:17,37.00375,-76.27908,14.2,73.4,76.0,COSCOSHIPPING ORCHID,IMO9785770,VRSK7,71,0,366,48,12.0,71,A
256116000,2021-05-16T22:18:29,36.90820,-76.32687,0.0,195.4,352.0,VIRGINIA TRADER,IMO9344552,9HA3823,70,5,211,29,11.4,71,A
367822000,2021-05-16T22:18:54,36.97312,-76.43385,0.0,0.0,0.0,USNS SHUGHART,IMO7825394,NAOQ,70,5,276,32,13.0,70,A
357997000,2021-05-16T22:19:41,37.20196,-76.08898,0.0,29.9,356.0,NORD TREASURE,IMO9566459,3ESI7,70,1,189,32,12.7,70,A
357997000,2021-05-16T22:16:41,37.20195,-76.08902,0.0,29.9,357.0,NORD TREASURE,IMO9566459,3ESI7,70,1,189,32,12.7,70,A
477286200,2021-05-16T22:20:29,37.00597,-76.26837,14.5,75.4,76.0,COSCOSHIPPING ORCHID,IMO9785770,VRSK7,71,0,366,48,12.0,71,A
338846000,2021-05-16T22:16:45,36.86558,-76.31580,0.0,0.1,227.0,USNS MENDONCA,IMO9147320,NBMK,70,3,289,32,10.9,35,A
565003000,2021-05-16T22:20:48,37.25119,-76.10858,5.2,4.6,4.0,BULK FINLAND,IMO9691577,9V2513,70,0,224,32,14.4,70,A
636018070,2021-05-16T22:18:42,36.87751,-76.34993,0.1,299.0,347.0,ARISTOMENIS,IMO9408841,D5OA5,70,5,349,45,15.0,71,A
367633000,2021-05-16T22:21:13,36.96634,-76.42775,0.0,285.0,223.0,LONESTAR STATE,IMO9697985,WLSY,80,5,178,,,80,A
477286200,2021-05-16T22:17:15,37.00253,-76.28391,13.9,67.4,73.0,COSCOSHIPPING ORCHID,IMO9785770,VRSK7,71,0,366,48,12.0,71,A
338846000,2021-05-16T22:21:26,36.86553,-76.31582,0.0,0.1,227.0,USNS MENDONCA,IMO9147320,NBMK,70,3,289,32,10.9,35,A
256116000,2021-05-16T22:21:28,36.90822,-76.32687,0.0,195.4,352.0,VIRGINIA TRADER,IMO9344552,9HA3823,70,5,211,29,11.4,71,A
366841000,2021-05-16T22:19:00,36.85332,-76.31057,0.0,0.0,40.0,CAPE RAY,IMO7530810,KAFI,70,5,197,32,10.0,70,A
367633000,2021-05-16T22:18:13,36.96632,-76.42782,0.0,312.3,223.0,LONESTAR STATE,IMO9697985,WLSY,80,5,178,,,80,A
338678000,2021-05-16T22:21:09,36.91621,-76.16841,0.0,305.7,10.0,DOLORES CHOUEST,IMO8225931,WCP8847,70,5,54,12,4.0,35,A
338678000,2021-05-16T22:18:09,36.91623,-76.16846,0.0,302.1,10.0,DOLORES CHOUEST,IMO8225931,WCP8847,70,5,54,12,4.0,35,A
367359930,2021-05-16T22:20:08,36.82420,-76.28913,0.0,301.0,511.0,SUNNY WILLIAMS,,WDE4940,80,0,25,8,,80,A
338846000,2021-05-16T22:20:15,36.86552,-76.31582,0.0,0.1,227.0,USNS MENDONCA,IMO9147320,NBMK,70,3,289,32,10.9,35,A
367359930,2021-05-16T22:21:19,36.82418,-76.28911,0.0,294.8,511.0,SUNNY WILLIAMS,,WDE4940,80,0,25,8,,80,A
367222000,2021-05-16T22:18:51,36.94830,-76.33072,0.0,0.0,101.0,WALTER S DIEHL,IMO8511495,NWSD,80,5,206,29,,0,A
373327000,2021-05-16T22:23:22,37.21663,-76.09091,0.0,233.6,2.0,ENERGY TRITON,IMO9602368,3FLG8,70,1,228,32,14.4,79,A
367865000,2021-05-16T22:20:19,36.96245,-76.41931,0.0,0.0,188.0,KANAWHA,IMO8704080,NPTD,80,5,206,29,,35,A
565003000,2021-05-16T22:23:10,37.25506,-76.10839,6.3,353.6,346.0,BULK FINLAND,IMO9691577,9V2513,70,0,224,32,14.4,70,A
565003000,2021-05-16T22:21:59,37.25304,-76.10837,5.9,5.2,359.0,BULK FINLAND,IMO9691577,9V2513,70,0,224,32,14.4,70,A
368026000,2021-05-16T22:22:27,36.86579,-76.31606,0.0,218.7,511.0,BENAVIDEZ,IMO9218210,NBHG,70,5,289,32,10.9,70,A
477286200,2021-05-16T22:22:42,37.00767,-76.25744,14.5,83.5,85.0,COSCOSHIPPING ORCHID,IMO9785770,VRSK7,71,0,366,48,12.0,71,A
372348000,2021-05-16T22:23:43,37.19118,-76.09658,0.0,308.3,4.0,PRT KAHO,IMO9701152,3FGE7,70,1,224,32,14.4,70,A
477286200,2021-05-16T22:23:47,37.00807,-76.25193,14.5,85.2,85.0,COSCOSHIPPING ORCHID,IMO9785770,VRSK7,71,0,366,48,12.0,71,A
338846000,2021-05-16T22:23:45,36.86552,-76.31582,0.0,0.1,227.0,USNS MENDONCA,IMO9147320,NBMK,70,3,289,32,10.9,35,A
367822000,2021-05-16T22:21:55,36.97312,-76.43385,0.0,0.0,1.0,USNS SHUGHART,IMO7825394,NAOQ,70,5,276,32,13.0,70,A
636018070,2021-05-16T22:21:40,36.87753,-76.34994,0.0,289.5,347.0,ARISTOMENIS,IMO9408841,D5OA5,70,5,349,45,15.0,71,A
538005067,2021-05-16T22:22:08,37.26794,-76.10218,0.1,131.6,27.0,AM KRAKOW,IMO9624122,V7AU2,70,1,229,32,14.5,70,A
366841000,2021-05-16T22:22:01,36.85330,-76.31055,0.0,0.0,40.0,CAPE RAY,IMO7530810,KAFI,70,5,197,32,10.0,70,A
565003000,2021-05-16T22:24:18,37.25708,-76.10906,6.6,339.7,332.0,BULK FINLAND,IMO9691577,9V2513,70,0,224,32,14.4,70,A
338678000,2021-05-16T22:24:08,36.91622,-76.16846,0.0,278.9,10.0,DOLORES CHOUEST,IMO8225931,WCP8847,70,5,54,12,4.0,35,A
538009119,2021-05-16T22:23:36,36.87946,-76.32641,0.0,109.0,273.0,ARMONIA.GR,IMO9758868,V7A4344,70,5,199,32,6.5,70,A
368026000,2021-05-16T22:25:26,36.86576,-76.31605,0.0,218.7,511.0,BENAVIDEZ,IMO9218210,NBHG,70,5,289,32,10.9,70,A
636018070,2021-05-16T22:24:42,36.87747,-76.34989,0.1,299.9,347.0,ARISTOMENIS,IMO9408841,D5OA5,70,5,349,45,15.0,71,A
367222000,2021-05-16T22:24:51,36.94834,-76.33069,0.0,0.0,100.0,WALTER S DIEHL,IMO8511495,NWSD,80,5,206,29,,0,A
357997000,2021-05-16T22:25:41,37.20197,-76.08894,0.0,29.9,356.0,NORD TREASURE,IMO9566459,3ESI7,70,1,189,32,12.7,70,A
477231100,2021-05-16T22:24:53,37.18317,-76.10988,0.0,320.3,2.0,CL CHRISTINA,IMO9710892,VRSE5,70,1,200,32,6.9,70,A
477286200,2021-05-16T22:24:48,37.00815,-76.24697,14.4,91.9,95.0,COSCOSHIPPING ORCHID,IMO9785770,VRSK7,71,0,366,48,12.0,71,A
636012908,2021-05-16T22:23:57,37.22760,-76.43676,0.0,256.3,256.0,TAVRICHESKY BRIDGE,IMO9292060,A8IZ6,80,5,182,32,12.2,80,A
256116000,2021-05-16T22:27:28,36.90823,-76.32688,0.0,195.4,352.0,VIRGINIA TRADER,IMO9344552,9HA3823,70,5,211,29,11.4,71,A
367359930,2021-05-16T22:24:58,36.82418,-76.28912,0.0,255.7,511.0,SUNNY WILLIAMS,,WDE4940,80,0,25,8,,80,A
367822000,2021-05-16T22:24:55,36.97312,-76.43385,0.0,0.0,1.0,USNS SHUGHART,IMO7825394,NAOQ,70,5,276,32,13.0,70,A
565003000,2021-05-16T22:26:48,37.26052,-76.11299,7.0,294.8,289.0,BULK FINLAND,IMO9691577,9V2513,70,0,224,32,14.4,70,A
220413000,2021-05-16T22:27:28,37.03828,-76.06647,12.7,321.6,323.0,GUNVOR MAERSK,IMO9302891,OYGC2,70,0,367,42,15.0,71,A
367359930,2021-05-16T22:27:20,36.82420,-76.28913,0.0,253.8,511.0,SUNNY WILLIAMS,,WDE4940,80,0,25,8,,80,A
372348000,2021-05-16T22:26:43,37.19118,-76.09659,0.1,297.7,3.0,PRT KAHO,IMO9701152,3FGE7,70,1,224,32,14.4,70,A
538009119,2021-05-16T22:26:36,36.87948,-76.32642,0.0,109.0,273.0,ARMONIA.GR,IMO9758868,V7A4344,70,5,199,32,6.5,70,A
366841000,2021-05-16T22:27:59,36.85331,-76.31055,0.0,0.0,40.0,CAPE RAY,IMO7530810,KAFI,70,5,197,32,10.0,70,A
636018070,2021-05-16T22:27:41,36.87749,-76.34991,0.1,298.3,347.0,ARISTOMENIS,IMO9408841,D5OA5,70,5,349,45,15.0,71,A
371420000,2021-05-16T22:27:56,37.21128,-76.13221,0.0,169.9,19.0,DIONE,IMO9729881,3FOB6,70,1,229,32,7.5,70,A
636015650,2021-05-16T22:27:56,36.96284,-76.42409,0.0,36.0,38.0,NS ENERGY,IMO9609732,D5CA8,70,5,225,32,14.2,79,A
367359930,2021-05-16T22:28:29,36.82420,-76.28912,0.0,248.7,511.0,SUNNY WILLIAMS,,WDE4940,80,0,25,8,,80,A
367821000,2021-05-16T22:28:11,36.97287,-76.43365,0.0,0.0,511.0,YANO,IMO7825409,NAQH,70,5,276,32,13.0,70,A
477286200,2021-05-16T22:26:59,37.00604,-76.23623,14.3,107.9,108.0,COSCOSHIPPING ORCHID,IMO9785770,VRSK7,71,0,366,48,12.0,71,A
367633000,2021-05-16T22:27:13,36.96639,-76.42775,0.0,316.3,223.0,LONESTAR STATE,IMO9697985,WLSY,80,5,178,,,80,A
366842000,2021-05-16T22:28:17,36.85383,-76.31118,0.0,0.0,42.0,CAPE RACE,IMO7616377,KAFJ,70,5,197,32,10.0,79,A
220413000,2021-05-16T22:28:38,37.04156,-76.06963,12.6,320.5,322.0,GUNVOR MAERSK,IMO9302891,OYGC2,70,0,367,42,15.0,71,A
372348000,2021-05-16T22:29:43,37.19121,-76.09661,0.1,258.6,3.0,PRT KAHO,IMO9701152,3FGE7,70,1,224,32,14.4,70,A
538009119,2021-05-16T22:29:35,36.87952,-76.32641,0.0,109.0,273.0,ARMONIA.GR,IMO9758868,V7A4344,70,5,199,32,6.5,70,A
477286200,2021-05-16T22:30:17,37.00187,-76.22051,14.5,108.2,108.0,COSCOSHIPPING ORCHID,IMO9785770,VRSK7,71,0,366,48,12.0,71,A
367633000,2021-05-16T22:30:13,36.96632,-76.42784,0.0,311.9,223.0,LONESTAR STATE,IMO9697985,WLSY,80,5,178,,,80,A
366839000,2021-05-16T22:31:06,36.85349,-76.31085,0.0,0.0,40.0,CAPE RISE,IMO7530808,KAFG,70,5,197,32,10.0,70,A
477286200,2021-05-16T22:31:23,37.00048,-76.21529,14.6,108.1,108.0,COSCOSHIPPING ORCHID,IMO9785770,VRSK7,71,0,366,48,12.0,71,A
357997000,2021-05-16T22:31:41,37.20194,-76.08899,0.1,248.2,354.0,NORD TREASURE,IMO9566459,3ESI7,70,1,189,32,12.7,70,A
367821000,2021-05-16T22:31:11,36.97282,-76.43353,0.0,0.0,511.0,YANO,IMO7825409,NAQH,70,5,276,32,13.0,70,A
477286200,2021-05-16T22:32:29,36.99903,-76.20989,14.6,108.2,108.0,COSCOSHIPPING ORCHID,IMO9785770,VRSK7,71,0,366,48,12.0,71,A
565003000,2021-05-16T22:28:58,37.26103,-76.11840,7.5,262.2,257.0,BULK FINLAND,IMO9691577,9V2513,70,0,224,32,14.4,70,A
636015650,2021-05-16T22:30:51,36.96283,-76.42411,0.0,36.0,38.0,NS ENERGY,IMO9609732,D5CA8,70,5,225,32,14.2,79,A
367865000,2021-05-16T22:32:17,36.96243,-76.41929,0.0,0.0,188.0,KANAWHA,IMO8704080,NPTD,80,5,206,29,,35,A
636018070,2021-05-16T22:30:40,36.87743,-76.34986,0.0,185.9,347.0,ARISTOMENIS,IMO9408841,D5OA5,70,5,349,45,15.0,71,A
220413000,2021-05-16T22:30:57,37.04777,-76.07577,12.1,322.1,322.0,GUNVOR MAERSK,IMO9302891,OYGC2,70,0,367,42,15.0,71,A
477286200,2021-05-16T22:29:12,37.00327,-76.22579,14.5,107.9,108.0,COSCOSHIPPING ORCHID,IMO9785770,VRSK7,71,0,366,48,12.0,71,A
372348000,2021-05-16T22:32:43,37.19120,-76.09666,0.1,266.9,3.0,PRT KAHO,IMO9701152,3FGE7,70,1,224,32,14.4,70,A
373327000,2021-05-16T21:50:22,37.21661,-76.09057,0.0,253.0,356.0,ENERGY TRITON,IMO9602368,3FLG8,70,1,228,32,14.4,79,A
565003000,2021-05-16T22:30:08,37.26027,-76.12130,7.8,246.3,243.0,BULK FINLAND,IMO9691577,9V2513,70,0,224,32,14.4,70,A
338846000,2021-05-16T22:29:35,36.86553,-76.31580,0.0,0.1,227.0,USNS MENDONCA,IMO9147320,NBMK,70,3,289,32,10.9,35,A
367359930,2021-05-16T22:33:09,36.82421,-76.28913,0.0,269.1,511.0,SUNNY WILLIAMS,,WDE4940,80,0,25,8,,80,A
367633000,2021-05-16T22:33:13,36.96631,-76.42780,0.0,331.5,223.0,LONESTAR STATE,IMO9697985,WLSY,80,5,178,,,80,A
538003886,2021-05-16T22:33:38,36.91108,-76.32744,0.0,75.8,351.0,MOL MAXIM,IMO9424936,V7TU3,70,5,302,43,14.2,71,A
367222000,2021-05-16T22:33:51,36.94834,-76.33071,0.0,0.0,101.0,WALTER S DIEHL,IMO8511495,NWSD,80,5,206,29,,0,A
636015650,2021-05-16T22:33:51,36.96283,-76.42409,0.0,36.0,38.0,NS ENERGY,IMO9609732,D5CA8,70,5,225,32,14.2,79,A
367359930,2021-05-16T22:34:19,36.82420,-76.28912,0.0,275.5,511.0,SUNNY WILLIAMS,,WDE4940,80,0,25,8,,80,A
477286200,2021-05-16T22:34:35,36.99634,-76.19980,14.7,108.6,108.0,COSCOSHIPPING ORCHID,IMO9785770,VRSK7,71,0,366,48,12.0,71,A
636012908,2021-05-16T22:29:55,37.22758,-76.43677,0.0,256.3,256.0,TAVRICHESKY BRIDGE,IMO9292060,A8IZ6,80,5,182,32,12.2,80,A
368026000,2021-05-16T22:34:25,36.86576,-76.31602,0.0,218.7,511.0,BENAVIDEZ,IMO9218210,NBHG,70,5,289,32,10.9,70,A
538005113,2021-05-16T22:29:28,37.20840,-76.11677,0.0,223.0,5.0,ALGOMA VISION,IMO9640944,V7BC3,70,1,228,32,13.5,70,A
477231100,2021-05-16T22:33:53,37.18317,-76.11002,0.1,287.2,3.0,CL CHRISTINA,IMO9710892,VRSE5,70,1,200,32,6.9,70,A
366842000,2021-05-16T22:31:19,36.85379,-76.31114,0.0,0.0,42.0,CAPE RACE,IMO7616377,KAFJ,70,5,197,32,10.0,79,A
220413000,2021-05-16T22:34:27,37.05700,-76.08482,11.9,321.8,322.0,GUNVOR MAERSK,IMO9302891,OYGC2,70,0,367,42,15.0,71,A
538003886,2021-05-16T22:30:37,36.91109,-76.32744,0.0,75.8,351.0,MOL MAXIM,IMO9424936,V7TU3,70,5,302,43,14.2,71,A
366841000,2021-05-16T22:30:57,36.85330,-76.31056,0.0,0.0,40.0,CAPE RAY,IMO7530810,KAFI,70,5,197,32,10.0,70,A
371420000,2021-05-16T22:31:00,37.21124,-76.13219,0.0,169.9,19.0,DIONE,IMO9729881,3FOB6,70,1,229,32,7.5,70,A
373327000,2021-05-16T22:35:22,37.21664,-76.09092,0.1,235.1,2.0,ENERGY TRITON,IMO9602368,3FLG8,70,1,228,32,14.4,79,A
220413000,2021-05-16T22:32:08,37.05087,-76.07881,12.1,320.8,322.0,GUNVOR MAERSK,IMO9302891,OYGC2,70,0,367,42,15.0,71,A
636015650,2021-05-16T21:51:55,36.96283,-76.42408,0.0,36.0,38.0,NS ENERGY,IMO9609732,D5CA8,70,5,225,32,14.2,79,A
565003000,2021-05-16T22:35:58,37.24902,-76.13054,9.4,197.4,198.0,BULK FINLAND,IMO9691577,9V2513,70,0,224,32,14.4,70,A
256116000,2021-05-16T22:33:28,36.90825,-76.32688,0.0,195.4,352.0,VIRGINIA TRADER,IMO9344552,9HA3823,70,5,211,29,11.4,71,A
636012908,2021-05-16T22:35:55,37.22758,-76.43676,0.0,256.2,256.0,TAVRICHESKY BRIDGE,IMO9292060,A8IZ6,80,5,182,32,12.2,80,A
367359930,2021-05-16T22:36:39,36.82422,-76.28913,0.0,280.2,511.0,SUNNY WILLIAMS,,WDE4940,80,0,25,8,,80,A
538005067,2021-05-16T22:34:08,37.26790,-76.10188,0.0,86.8,18.0,AM KRAKOW,IMO9624122,V7AU2,70,1,229,32,14.5,70,A
477231100,2021-05-16T22:30:53,37.18316,-76.10995,0.1,240.9,2.0,CL CHRISTINA,IMO9710892,VRSE5,70,1,200,32,6.9,70,A
338846000,2021-05-16T22:34:06,36.86555,-76.31582,0.0,0.1,227.0,USNS MENDONCA,IMO9147320,NBMK,70,3,289,32,10.9,35,A
366839000,2021-05-16T22:34:06,36.85347,-76.31080,0.0,0.0,40.0,CAPE RISE,IMO7530808,KAFG,70,5,197,32,10.0,70,A
366839000,2021-05-16T21:52:03,36.85351,-76.31081,0.0,0.0,40.0,CAPE RISE,IMO7530808,KAFG,70,5,197,32,10.0,70,A
256116000,2021-05-16T22:36:29,36.90822,-76.32687,0.0,195.4,352.0,VIRGINIA TRADER,IMO9344552,9HA3823,70,5,211,29,11.4,71,A
565003000,2021-05-16T22:34:49,37.25185,-76.12940,9.0,198.3,198.0,BULK FINLAND,IMO9691577,9V2513,70,0,224,32,14.4,70,A
538005113,2021-05-16T22:32:32,37.20839,-76.11677,0.0,223.0,6.0,ALGOMA VISION,IMO9640944,V7BC3,70,1,228,32,13.5,70,A
357997000,2021-05-16T22:34:41,37.20192,-76.08911,0.2,275.9,358.0,NORD TREASURE,IMO9566459,3ESI7,70,1,189,32,12.7,70,A
367865000,2021-05-16T22:35:19,36.96245,-76.41926,0.0,0.0,188.0,KANAWHA,IMO8704080,NPTD,80,5,206,29,,35,A
220413000,2021-05-16T22:35:38,37.06009,-76.08786,11.9,323.3,325.0,GUNVOR MAERSK,IMO9302891,OYGC2,70,0,367,42,15.0,71,A
477231100,2021-05-16T22:36:53,37.18317,-76.11011,0.2,300.3,5.0,CL CHRISTINA,IMO9710892,VRSE5,70,1,200,32,6.9,70,A
636012908,2021-05-16T22:33:01,37.22760,-76.43679,0.0,256.3,256.0,TAVRICHESKY BRIDGE,IMO9292060,A8IZ6,80,5,182,32,12.2,80,A
220413000,2021-05-16T22:36:47,37.06324,-76.09046,11.9,330.6,330.0,GUNVOR MAERSK,IMO9302891,OYGC2,70,0,367,42,15.0,71,A
477286200,2021-05-16T22:35:41,36.99486,-76.19438,14.8,108.7,108.0,COSCOSHIPPING ORCHID,IMO9785770,VRSK7,71,0,366,48,12.0,71,A
636018070,2021-05-16T22:33:42,36.87748,-76.34995,0.0,274.0,347.0,ARISTOMENIS,IMO9408841,D5OA5,70,5,349,45,15.0,71,A
366841000,2021-05-16T22:37:01,36.85330,-76.31054,0.0,0.0,40.0,CAPE RAY,IMO7530810,KAFI,70,5,197,32,10.0,70,A
367359930,2021-05-16T22:37:49,36.82420,-76.28912,0.0,282.7,511.0,SUNNY WILLIAMS,,WDE4940,80,0,25,8,,80,A
367821000,2021-05-16T22:37:12,36.97288,-76.43365,0.0,0.0,511.0,YANO,IMO7825409,NAQH,70,5,276,32,13.0,70,A
366842000,2021-05-16T22:37:16,36.85384,-76.31114,0.0,0.0,42.0,CAPE RACE,IMO7616377,KAFJ,70,5,197,32,10.0,79,A
371420000,2021-05-16T21:54:58,37.21120,-76.13229,0.0,169.9,14.0,DIONE,IMO9729881,3FOB6,70,1,229,32,7.5,70,A
373327000,2021-05-16T22:38:22,37.21665,-76.09093,0.1,255.8,3.0,ENERGY TRITON,IMO9602368,3FLG8,70,1,228,32,14.4,79,A
477231100,2021-05-16T21:54:53,37.18317,-76.11005,0.1,113.7,7.0,CL CHRISTINA,IMO9710892,VRSE5,70,1,200,32,6.9,70,A
538005113,2021-05-16T22:38:34,37.20840,-76.11679,0.0,223.0,6.0,ALGOMA VISION,IMO9640944,V7BC3,70,1,228,32,13.5,70,A
538005067,2021-05-16T21:55:11,37.26817,-76.10269,0.0,99.5,32.0,AM KRAKOW,IMO9624122,V7AU2,70,1,229,32,14.5,70,A
338846000,2021-05-16T22:38:45,36.86553,-76.31577,0.0,0.1,227.0,USNS MENDONCA,IMO9147320,NBMK,70,3,289,32,10.9,35,A
477286200,2021-05-16T22:38:53,36.99078,-76.17896,14.6,106.8,106.0,COSCOSHIPPING ORCHID,IMO9785770,VRSK7,71,0,366,48,12.0,71,A
565003000,2021-05-16T22:39:28,37.23986,-76.13423,10.0,198.8,199.0,BULK FINLAND,IMO9691577,9V2513,70,0,224,32,14.4,70,A
338678000,2021-05-16T22:39:08,36.91625,-76.16842,0.0,246.3,10.0,DOLORES CHOUEST,IMO8225931,WCP8847,70,5,54,12,4.0,35,A
477231100,2021-05-16T22:39:53,37.18320,-76.11023,0.2,296.9,9.0,CL CHRISTINA,IMO9710892,VRSE5,70,1,200,32,6.9,70,A
338678000,2021-05-16T21:57:08,36.91628,-76.16855,0.0,256.5,10.0,DOLORES CHOUEST,IMO8225931,WCP8847,70,5,54,12,4.0,35,A
373327000,2021-05-16T22:41:22,37.21664,-76.09098,0.1,283.6,4.0,ENERGY TRITON,IMO9602368,3FLG8,70,1,228,32,14.4,79,A
477286200,2021-05-16T22:36:42,36.99356,-76.18961,14.8,108.8,108.0,COSCOSHIPPING ORCHID,IMO9785770,VRSK7,71,0,366,48,12.0,71,A
367822000,2021-05-16T22:39:54,36.97312,-76.43385,0.0,0.0,1.0,USNS SHUGHART,IMO7825394,NAOQ,70,5,276,32,13.0,70,A
477286200,2021-05-16T21:58:35,36.96606,-76.33593,10.2,9.6,13.0,COSCOSHIPPING ORCHID,IMO9785770,VRSK7,71,0,366,48,12.0,71,A
338846000,2021-05-16T21:57:55,36.86555,-76.31580,0.0,0.1,227.0,USNS MENDONCA,IMO9147320,NBMK,70,3,289,32,10.9,35,A
538005067,2021-05-16T22:40:07,37.26789,-76.10179,0.1,100.8,16.0,AM KRAKOW,IMO9624122,V7AU2,70,1,229,32,14.5,70,A
367865000,2021-05-16T22:41:19,36.96244,-76.41935,0.0,0.0,188.0,KANAWHA,IMO8704080,NPTD,80,5,206,29,,35,A
338846000,2021-05-16T22:41:05,36.86553,-76.31577,0.0,0.1,227.0,USNS MENDONCA,IMO9147320,NBMK,70,3,289,32,10.9,35,A
372348000,2021-05-16T21:59:43,37.19116,-76.09642,0.0,311.7,0.0,PRT KAHO,IMO9701152,3FGE7,70,1,224,32,14.4,70,A
538003886,2021-05-16T22:42:31,36.91112,-76.32747,0.0,75.8,351.0,MOL MAXIM,IMO9424936,V7TU3,70,5,302,43,14.2,71,A
367359930,2021-05-16T22:41:19,36.82420,-76.28913,0.0,295.6,511.0,SUNNY WILLIAMS,,WDE4940,80,0,25,8,,80,A
477231100,2021-05-16T22:42:53,37.18321,-76.11029,0.1,237.8,9.0,CL CHRISTINA,IMO9710892,VRSE5,70,1,200,32,6.9,70,A
338678000,2021-05-16T22:42:08,36.91622,-76.16845,0.0,248.0,11.0,DOLORES CHOUEST,IMO8225931,WCP8847,70,5,54,12,4.0,35,A
565003000,2021-05-16T22:38:20,37.24291,-76.13295,9.9,197.0,198.0,BULK FINLAND,IMO9691577,9V2513,70,0,224,32,14.4,70,A
636015650,2021-05-16T22:42:54,36.96280,-76.42409,0.0,36.0,38.0,NS ENERGY,IMO9609732,D5CA8,70,5,225,32,14.2,79,A
371420000,2021-05-16T22:43:00,37.21122,-76.13208,0.0,169.9,19.0,DIONE,IMO9729881,3FOB6,70,1,229,32,7.5,70,A
367359930,2021-05-16T22:43:40,36.82422,-76.28914,0.0,292.3,511.0,SUNNY WILLIAMS,,WDE4940,80,0,25,8,,80,A
367222000,2021-05-16T22:42:50,36.94832,-76.33074,0.0,0.0,101.0,WALTER S DIEHL,IMO8511495,NWSD,80,5,206,29,,0,A
538003886,2021-05-16T22:39:40,36.91109,-76.32744,0.0,75.8,351.0,MOL MAXIM,IMO9424936,V7TU3,70,5,302,43,14.2,71,A
366839000,2021-05-16T22:40:04,36.85352,-76.31085,0.0,0.0,40.0,CAPE RISE,IMO7530808,KAFG,70,5,197,32,10.0,70,A
366842000,2021-05-16T22:40:17,36.85385,-76.31121,0.0,0.0,42.0,CAPE RACE,IMO7616377,KAFJ,70,5,197,32,10.0,79,A
636018070,2021-05-16T22:39:39,36.87749,-76.34994,0.1,320.3,347.0,ARISTOMENIS,IMO9408841,D5OA5,70,5,349,45,15.0,71,A
367821000,2021-05-16T22:43:11,36.97287,-76.43365,0.0,0.0,511.0,YANO,IMO7825409,NAQH,70,5,276,32,13.0,70,A
636015650,2021-05-16T22:39:51,36.96282,-76.42410,0.0,36.0,38.0,NS ENERGY,IMO9609732,D5CA8,70,5,225,32,14.2,79,A
357997000,2021-05-16T22:01:41,37.20196,-76.08902,0.1,284.8,355.0,NORD TREASURE,IMO9566459,3ESI7,70,1,189,32,12.7,70,A
371420000,2021-05-16T22:40:03,37.21118,-76.13212,0.0,169.9,19.0,DIONE,IMO9729881,3FOB6,70,1,229,32,7.5,70,A
367865000,2021-05-16T22:44:18,36.96248,-76.41930,0.0,0.0,188.0,KANAWHA,IMO8704080,NPTD,80,5,206,29,,35,A
538009119,2021-05-16T22:44:35,36.87953,-76.32644,0.0,109.0,273.0,ARMONIA.GR,IMO9758868,V7A4344,70,5,199,32,6.5,70,A
477286200,2021-05-16T22:41:05,36.98812,-76.16832,14.6,107.3,106.0,COSCOSHIPPING ORCHID,IMO9785770,VRSK7,71,0,366,48,12.0,71,A
368026000,2021-05-16T22:40:26,36.86577,-76.31602,0.0,218.7,511.0,BENAVIDEZ,IMO9218210,NBHG,70,5,289,32,10.9,70,A
565003000,2021-05-16T22:44:18,37.22706,-76.13953,10.0,196.6,197.0,BULK FINLAND,IMO9691577,9V2513,70,0,224,32,14.4,70,A
338678000,2021-05-16T22:03:08,36.91633,-76.16849,0.0,272.5,10.0,DOLORES CHOUEST,IMO8225931,WCP8847,70,5,54,12,4.0,35,A
538009119,2021-05-16T22:02:36,36.87949,-76.32642,0.0,109.0,273.0,ARMONIA.GR,IMO9758868,V7A4344,70,5,199,32,6.5,70,A
636015650,2021-05-16T22:45:54,36.96281,-76.42411,0.0,36.0,38.0,NS ENERGY,IMO9609732,D5CA8,70,5,225,32,14.2,79,A
367359930,2021-05-16T22:42:30,36.82422,-76.28914,0.0,297.2,511.0,SUNNY WILLIAMS,,WDE4940,80,0,25,8,,80,A
636018070,2021-05-16T22:03:41,36.87747,-76.34993,0.0,301.2,347.0,ARISTOMENIS,IMO9408841,D5OA5,70,5,349,45,15.0,71,A
220413000,2021-05-16T22:44:59,37.08671,-76.10772,12.0,329.4,331.0,GUNVOR MAERSK,IMO9302891,OYGC2,70,0,367,42,15.0,71,A
636018070,2021-05-16T22:42:40,36.87750,-76.34995,0.0,286.5,347.0,ARISTOMENIS,IMO9408841,D5OA5,70,5,349,45,15.0,71,A
357997000,2021-05-16T22:04:41,37.20197,-76.08906,0.1,262.8,357.0,NORD TREASURE,IMO9566459,3ESI7,70,1,189,32,12.7,70,A
477286200,2021-05-16T22:43:18,36.98542,-76.15758,14.5,107.5,106.0,COSCOSHIPPING ORCHID,IMO9785770,VRSK7,71,0,366,48,12.0,71,A
538005113,2021-05-16T22:47:25,37.20840,-76.11683,0.0,223.0,6.0,ALGOMA VISION,IMO9640944,V7BC3,70,1,228,32,13.5,70,A
538005067,2021-05-16T22:43:07,37.26790,-76.10172,0.1,113.5,15.0,AM KRAKOW,IMO9624122,V7AU2,70,1,229,32,14.5,70,A
636012908,2021-05-16T22:45:01,37.22758,-76.43676,0.0,256.1,256.0,TAVRICHESKY BRIDGE,IMO9292060,A8IZ6,80,5,182,32,12.2,80,A
338846000,2021-05-16T22:47:55,36.86557,-76.31580,0.0,0.1,227.0,USNS MENDONCA,IMO9147320,NBMK,70,3,289,32,10.9,35,A
367359930,2021-05-16T22:45:58,36.82419,-76.28913,0.0,299.5,511.0,SUNNY WILLIAMS,,WDE4940,80,0,25,8,,80,A
357997000,2021-05-16T22:43:41,37.20193,-76.08954,0.2,279.6,8.0,NORD TREASURE,IMO9566459,3ESI7,70,1,189,32,12.7,70,A
366842000,2021-05-16T22:43:17,36.85384,-76.31121,0.0,0.0,42.0,CAPE RACE,IMO7616377,KAFJ,70,5,197,32,10.0,79,A
367359930,2021-05-16T22:05:59,36.82418,-76.28911,0.0,267.2,511.0,SUNNY WILLIAMS,,WDE4940,80,0,25,8,,80,A
477286200,2021-05-16T22:44:23,36.98411,-76.15229,14.5,107.5,106.0,COSCOSHIPPING ORCHID,IMO9785770,VRSK7,71,0,366,48,12.0,71,A
368026000,2021-05-16T22:46:27,36.86576,-76.31603,0.0,218.7,511.0,BENAVIDEZ,IMO9218210,NBHG,70,5,289,32,10.9,70,A
371420000,2021-05-16T22:46:01,37.21122,-76.13199,0.0,169.9,17.0,DIONE,IMO9729881,3FOB6,70,1,229,32,7.5,70,A
367359930,2021-05-16T22:47:09,36.82421,-76.28913,0.0,300.5,511.0,SUNNY WILLIAMS,,WDE4940,80,0,25,8,,80,A
367359930,2021-05-16T22:49:28,36.82420,-76.28914,0.0,291.0,511.0,SUNNY WILLIAMS,,WDE4940,80,0,25,8,,80,A
367359930,2021-05-16T22:44:50,36.82422,-76.28914,0.0,295.7,511.0,SUNNY WILLIAMS,,WDE4940,80,0,25,8,,80,A
372348000,2021-05-16T22:44:43,37.19124,-76.09695,0.0,261.3,11.0,PRT KAHO,IMO9701152,3FGE7,70,1,224,32,14.4,70,A
338846000,2021-05-16T22:44:34,36.86553,-76.31580,0.0,0.1,227.0,USNS MENDONCA,IMO9147320,NBMK,70,3,289,32,10.9,35,A
371420000,2021-05-16T22:49:02,37.21117,-76.13192,0.0,169.9,15.0,DIONE,IMO9729881,3FOB6,70,1,229,32,7.5,70,A
367822000,2021-05-16T22:06:53,36.97312,-76.43384,0.0,0.0,0.0,USNS SHUGHART,IMO7825394,NAOQ,70,5,276,32,13.0,70,A
538005113,2021-05-16T22:44:33,37.20841,-76.11683,0.0,223.0,7.0,ALGOMA VISION,IMO9640944,V7BC3,70,1,228,32,13.5,70,A
367359930,2021-05-16T22:07:18,36.82419,-76.28912,0.0,275.2,511.0,SUNNY WILLIAMS,,WDE4940,80,0,25,8,,80,A
538003886,2021-05-16T22:06:31,36.91111,-76.32744,0.0,75.8,351.0,MOL MAXIM,IMO9424936,V7TU3,70,5,302,43,14.2,71,A
538009119,2021-05-16T22:47:39,36.87946,-76.32639,0.0,109.0,273.0,ARMONIA.GR,IMO9758868,V7A4344,70,5,199,32,6.5,70,A
338678000,2021-05-16T22:45:09,36.91622,-76.16845,0.0,239.0,11.0,DOLORES CHOUEST,IMO8225931,WCP8847,70,5,54,12,4.0,35,A
477231100,2021-05-16T22:06:53,37.18317,-76.10998,0.1,217.7,2.0,CL CHRISTINA,IMO9710892,VRSE5,70,1,200,32,6.9,70,A
372348000,2021-05-16T22:47:43,37.19120,-76.09691,0.0,261.3,10.0,PRT KAHO,IMO9701152,3FGE7,70,1,224,32,14.4,70,A
338678000,2021-05-16T22:48:08,36.91621,-76.16841,0.0,246.2,11.0,DOLORES CHOUEST,IMO8225931,WCP8847,70,5,54,12,4.0,35,A
367633000,2021-05-16T22:48:13,36.96638,-76.42777,0.0,313.6,223.0,LONESTAR STATE,IMO9697985,WLSY,80,5,178,,,80,A
256116000,2021-05-16T22:48:28,36.90813,-76.32683,0.0,195.4,352.0,VIRGINIA TRADER,IMO9344552,9HA3823,70,5,211,29,11.4,71,A
367359930,2021-05-16T22:48:19,36.82422,-76.28914,0.0,292.8,511.0,SUNNY WILLIAMS,,WDE4940,80,0,25,8,,80,A
366841000,2021-05-16T22:49:00,36.85331,-76.31057,0.0,0.0,40.0,CAPE RAY,IMO7530810,KAFI,70,5,197,32,10.0,70,A
367222000,2021-05-16T22:48:51,36.94837,-76.33070,0.0,0.0,101.0,WALTER S DIEHL,IMO8511495,NWSD,80,5,206,29,,0,A
366839000,2021-05-16T22:49:06,36.85349,-76.31082,0.0,0.0,40.0,CAPE RISE,IMO7530808,KAFG,70,5,197,32,10.0,70,A
565003000,2021-05-16T22:48:59,37.21459,-76.14426,9.9,197.6,198.0,BULK FINLAND,IMO9691577,9V2513,70,0,224,32,14.4,70,A
538005067,2021-05-16T22:49:05,37.26787,-76.10165,0.0,173.7,13.0,AM KRAKOW,IMO9624122,V7AU2,70,1,229,32,14.5,70,A
538005113,2021-05-16T22:50:33,37.20840,-76.11686,0.0,223.0,8.0,ALGOMA VISION,IMO9640944,V7BC3,70,1,228,32,13.5,70,A
538009119,2021-05-16T22:50:35,36.87947,-76.32639,0.0,109.0,273.0,ARMONIA.GR,IMO9758868,V7A4344,70,5,199,32,6.5,70,A
477286200,2021-05-16T22:50:47,36.97588,-76.12111,14.9,108.1,107.0,COSCOSHIPPING ORCHID,IMO9785770,VRSK7,71,0,366,48,12.0,71,A
357997000,2021-05-16T22:49:41,37.20198,-76.08974,0.1,262.6,14.0,NORD TREASURE,IMO9566459,3ESI7,70,1,189,32,12.7,70,A
367822000,2021-05-16T22:45:53,36.97312,-76.43386,0.0,0.0,1.0,USNS SHUGHART,IMO7825394,NAOQ,70,5,276,32,13.0,70,A
538005067,2021-05-16T22:10:08,37.26810,-76.10247,0.0,104.9,29.0,AM KRAKOW,IMO9624122,V7AU2,70,1,229,32,14.5,70,A
565003000,2021-05-16T22:51:18,37.20850,-76.14673,9.9,198.1,198.0,BULK FINLAND,IMO9691577,9V2513,70,0,224,32,14.4,70,A
477286200,2021-05-16T22:46:29,36.98157,-76.14221,14.6,107.4,106.0,COSCOSHIPPING ORCHID,IMO9785770,VRSK7,71,0,366,48,12.0,71,A
373327000,2021-05-16T22:50:22,37.21661,-76.09105,0.1,230.4,5.0,ENERGY TRITON,IMO9602368,3FLG8,70,1,228,32,14.4,79,A
368445000,2021-05-16T22:50:22,36.96311,-76.42015,0.0,0.0,188.0,OVERSEAS NIKISKI,IMO9353577,WDBH,80,5,183,32,12.2,80,A
256116000,2021-05-16T22:51:29,36.90815,-76.32687,0.0,195.4,352.0,VIRGINIA TRADER,IMO9344552,9HA3823,70,5,211,29,11.4,71,A
368026000,2021-05-16T22:10:26,36.86578,-76.31606,0.0,218.7,511.0,BENAVIDEZ,IMO9218210,NBHG,70,5,289,32,10.9,70,A
367821000,2021-05-16T22:46:10,36.97286,-76.43365,0.0,0.0,511.0,YANO,IMO7825409,NAQH,70,5,276,32,13.0,70,A
636015650,2021-05-16T22:51:53,36.96282,-76.42409,0.0,36.0,39.0,NS ENERGY,IMO9609732,D5CA8,70,5,225,32,14.2,79,A
366842000,2021-05-16T22:46:18,36.85382,-76.31117,0.0,0.0,42.0,CAPE RACE,IMO7616377,KAFJ,70,5,197,32,10.0,79,A
338846000,2021-05-16T22:46:54,36.86560,-76.31580,0.0,0.1,227.0,USNS MENDONCA,IMO9147320,NBMK,70,3,289,32,10.9,35,A
338678000,2021-05-16T22:51:08,36.91621,-76.16846,0.0,250.9,11.0,DOLORES CHOUEST,IMO8225931,WCP8847,70,5,54,12,4.0,35,A
565003000,2021-05-16T22:10:38,37.24406,-76.10951,0.1,179.8,4.0,BULK FINLAND,IMO9691577,9V2513,70,0,224,32,14.4,70,A
372348000,2021-05-16T22:11:43,37.19118,-76.09650,0.1,327.0,1.0,PRT KAHO,IMO9701152,3FGE7,70,1,224,32,14.4,70,A
371420000,2021-05-16T22:52:01,37.21115,-76.13188,0.0,169.9,14.0,DIONE,IMO9729881,3FOB6,70,1,229,32,7.5,70,A
220413000,2021-05-16T22:50:38,37.10332,-76.11940,12.4,330.3,331.0,GUNVOR MAERSK,IMO9302891,OYGC2,70,0,367,42,15.0,71,A
477286200,2021-05-16T22:52:59,36.97318,-76.11038,14.9,107.2,106.0,COSCOSHIPPING ORCHID,IMO9785770,VRSK7,71,0,366,48,12.0,71,A
373327000,2021-05-16T22:53:22,37.21665,-76.09112,0.0,291.8,6.0,ENERGY TRITON,IMO9602368,3FLG8,70,1,228,32,14.4,79,A
367822000,2021-05-16T22:12:55,36.97313,-76.43386,0.0,0.0,0.0,USNS SHUGHART,IMO7825394,NAOQ,70,5,276,32,13.0,70,A
538005113,2021-05-16T22:53:28,37.20842,-76.11689,0.0,223.0,8.0,ALGOMA VISION,IMO9640944,V7BC3,70,1,228,32,13.5,70,A
367821000,2021-05-16T22:13:12,36.97287,-76.43366,0.0,0.0,511.0,YANO,IMO7825409,NAQH,70,5,276,32,13.0,70,A
338846000,2021-05-16T22:13:15,36.86553,-76.31582,0.0,0.1,227.0,USNS MENDONCA,IMO9147320,NBMK,70,3,289,32,10.9,35,A
636010915,2021-05-16T22:52:23,37.33138,-76.09856,11.9,197.3,196.0,STOLT SPAN,IMO9149524,ELVQ7,80,0,162,23,10.1,80,A
636010915,2021-05-16T22:53:32,37.32768,-76.10001,11.9,197.4,196.0,STOLT SPAN,IMO9149524,ELVQ7,80,0,162,23,10.1,80,A
565003000,2021-05-16T22:47:49,37.21769,-76.14305,9.9,198.0,198.0,BULK FINLAND,IMO9691577,9V2513,70,0,224,32,14.4,70,A
538009119,2021-05-16T22:53:38,36.87950,-76.32642,0.0,109.0,273.0,ARMONIA.GR,IMO9758868,V7A4344,70,5,199,32,6.5,70,A
636018070,2021-05-16T22:12:41,36.87745,-76.34991,0.0,264.2,347.0,ARISTOMENIS,IMO9408841,D5OA5,70,5,349,45,15.0,71,A
367359930,2021-05-16T22:53:00,36.82421,-76.28914,0.0,281.3,511.0,SUNNY WILLIAMS,,WDE4940,80,0,25,8,,80,A
372348000,2021-05-16T22:14:43,37.19118,-76.09651,0.1,293.9,1.0,PRT KAHO,IMO9701152,3FGE7,70,1,224,32,14.4,70,A
367633000,2021-05-16T22:54:13,36.96640,-76.42776,0.0,313.8,223.0,LONESTAR STATE,IMO9697985,WLSY,80,5,178,,,80,A
367359930,2021-05-16T22:15:19,36.82420,-76.28911,0.0,291.3,511.0,SUNNY WILLIAMS,,WDE4940,80,0,25,8,,80,A
357997000,2021-05-16T22:55:41,37.20201,-76.08986,0.1,315.1,13.0,NORD TREASURE,IMO9566459,3ESI7,70,1,189,32,12.7,70,A
368026000,2021-05-16T22:55:25,36.86576,-76.31604,0.0,218.7,511.0,BENAVIDEZ,IMO9218210,NBHG,70,5,289,32,10.9,70,A
367222000,2021-05-16T22:54:51,36.94832,-76.33073,0.0,0.0,101.0,WALTER S DIEHL,IMO8511495,NWSD,80,5,206,29,,0,A
256116000,2021-05-16T22:54:28,36.90815,-76.32683,0.0,195.4,352.0,VIRGINIA TRADER,IMO9344552,9HA3823,70,5,211,29,11.4,71,A
220413000,2021-05-16T22:55:17,37.11732,-76.12962,12.7,329.9,331.0,GUNVOR MAERSK,IMO9302891,OYGC2,70,0,367,42,15.0,71,A
636018070,2021-05-16T22:54:42,36.87731,-76.34986,0.0,303.9,347.0,ARISTOMENIS,IMO9408841,D5OA5,70,5,349,45,15.0,71,A
338846000,2021-05-16T22:54:36,36.86557,-76.31578,0.0,0.1,227.0,USNS MENDONCA,IMO9147320,NBMK,70,3,289,32,10.9,35,A
538003886,2021-05-16T22:54:35,36.91109,-76.32743,0.0,75.8,351.0,MOL MAXIM,IMO9424936,V7TU3,70,5,302,43,14.2,71,A
538005067,2021-05-16T22:55:05,37.26783,-76.10167,0.0,217.6,13.0,AM KRAKOW,IMO9624122,V7AU2,70,1,229,32,14.5,70,A
477231100,2021-05-16T22:54:53,37.18322,-76.11030,0.1,339.9,11.0,CL CHRISTINA,IMO9710892,VRSE5,70,1,200,32,6.9,70,A
565003000,2021-05-16T22:55:58,37.19620,-76.15166,9.9,197.4,197.0,BULK FINLAND,IMO9691577,9V2513,70,0,224,32,14.4,70,A
368445000,2021-05-16T22:56:22,36.96316,-76.42016,0.0,0.0,188.0,OVERSEAS NIKISKI,IMO9353577,WDBH,80,5,183,32,12.2,80,A
636010915,2021-05-16T22:50:03,37.33875,-76.09570,11.9,197.4,196.0,STOLT SPAN,IMO9149524,ELVQ7,80,0,162,23,10.1,80,A
338846000,2021-05-16T22:50:14,36.86557,-76.31578,0.0,0.1,227.0,USNS MENDONCA,IMO9147320,NBMK,70,3,289,32,10.9,35,A
220413000,2021-05-16T22:56:29,37.12107,-76.13233,12.5,329.6,331.0,GUNVOR MAERSK,IMO9302891,OYGC2,70,0,367,42,15.0,71,A
338678000,2021-05-16T22:57:08,36.91623,-76.16843,0.0,250.1,11.0,DOLORES CHOUEST,IMO8225931,WCP8847,70,5,54,12,4.0,35,A
636018660,2021-05-16T22:56:34,37.03662,-76.06558,15.0,323.2,323.0,MSC ANTONIA,IMO9398216,D5QT7,70,0,304,40,13.5,70,A
372348000,2021-05-16T22:56:43,37.19120,-76.09683,0.0,261.3,8.0,PRT KAHO,IMO9701152,3FGE7,70,1,224,32,14.4,70,A
477286200,2021-05-16T22:56:18,36.96908,-76.09394,14.9,107.6,106.0,COSCOSHIPPING ORCHID,IMO9785770,VRSK7,71,0,366,48,12.0,71,A
538003886,2021-05-16T22:57:36,36.91112,-76.32746,0.0,75.8,351.0,MOL MAXIM,IMO9424936,V7TU3,70,5,302,43,14.2,71,A
636010915,2021-05-16T22:58:13,37.31291,-76.10576,11.8,197.1,195.0,STOLT SPAN,IMO9149524,ELVQ7,80,0,162,23,10.1,80,A
256116000,2021-05-16T22:57:28,36.90820,-76.32688,0.0,195.4,352.0,VIRGINIA TRADER,IMO9344552,9HA3823,70,5,211,29,11.4,79,A
371420000,2021-05-16T22:58:03,37.21112,-76.13193,0.0,169.9,15.0,DIONE,IMO9729881,3FOB6,70,1,229,32,7.5,70,A
477286200,2021-05-16T22:51:54,36.97451,-76.11571,14.8,107.1,106.0,COSCOSHIPPING ORCHID,IMO9785770,VRSK7,71,0,366,48,12.0,71,A
367222000,2021-05-16T22:57:50,36.94832,-76.33071,0.0,0.0,101.0,WALTER S DIEHL,IMO8511495,NWSD,80,5,206,29,,0,A
477286200,2021-05-16T22:57:23,36.96769,-76.08856,15.0,107.3,106.0,COSCOSHIPPING ORCHID,IMO9785770,VRSK7,71,0,366,48,12.0,71,A
477286200,2021-05-16T22:58:30,36.96634,-76.08306,15.1,107.1,106.0,COSCOSHIPPING ORCHID,IMO9785770,VRSK7,71,0,366,48,12.0,71,A
357997000,2021-05-16T22:58:41,37.20208,-76.08992,0.1,290.1,15.0,NORD TREASURE,IMO9566459,3ESI7,70,1,189,32,12.7,70,A
367222000,2021-05-16T22:51:51,36.94833,-76.33074,0.0,0.0,101.0,WALTER S DIEHL,IMO8511495,NWSD,80,5,206,29,,0,A
636018660,2021-05-16T22:58:46,37.04381,-76.07234,14.9,322.4,322.0,MSC ANTONIA,IMO9398216,D5QT7,70,0,304,40,13.5,70,A
366839000,2021-05-16T22:52:05,36.85352,-76.31086,0.0,0.0,40.0,CAPE RISE,IMO7530808,KAFG,70,5,197,32,10.0,70,A
357997000,2021-05-16T22:52:41,37.20197,-76.08979,0.1,265.1,13.0,NORD TREASURE,IMO9566459,3ESI7,70,1,189,32,12.7,70,A
538005067,2021-05-16T22:58:07,37.26787,-76.10167,0.1,230.1,13.0,AM KRAKOW,IMO9624122,V7AU2,70,1,229,32,14.5,70,A
538005067,2021-05-16T22:52:07,37.26787,-76.10161,0.0,214.8,13.0,AM KRAKOW,IMO9624122,V7AU2,70,1,229,32,14.5,70,A
477231100,2021-05-16T22:51:53,37.18325,-76.11032,0.0,326.8,11.0,CL CHRISTINA,IMO9710892,VRSE5,70,1,200,32,6.9,70,A
338846000,2021-05-16T22:52:26,36.86570,-76.31580,0.0,0.1,227.0,USNS MENDONCA,IMO9147320,NBMK,70,3,289,32,10.9,35,A
565003000,2021-05-16T22:52:29,37.20534,-76.14801,9.9,198.3,198.0,BULK FINLAND,IMO9691577,9V2513,70,0,224,32,14.4,70,A
366841000,2021-05-16T22:58:04,36.85331,-76.31055,0.0,0.0,40.0,CAPE RAY,IMO7530810,KAFI,70,5,197,32,10.0,70,A
367359930,2021-05-16T22:59:08,36.82420,-76.28914,0.0,299.4,511.0,SUNNY WILLIAMS,,WDE4940,80,0,25,8,,80,A
538009119,2021-05-16T22:59:38,36.87951,-76.32639,0.0,109.0,273.0,ARMONIA.GR,IMO9758868,V7A4344,70,5,199,32,6.5,70,A
477286200,2021-05-16T23:00:05,36.96433,-76.07498,15.2,107.2,106.0,COSCOSHIPPING ORCHID,IMO9785770,VRSK7,71,0,366,48,12.0,71,A
367359930,2021-05-16T23:00:08,36.82420,-76.28914,0.0,304.3,511.0,SUNNY WILLIAMS,,WDE4940,80,0,25,8,,80,A
366839000,2021-05-16T23:01:06,36.85349,-76.31083,0.0,0.0,40.0,CAPE RISE,IMO7530808,KAFG,70,5,197,32,10.0,70,A
373327000,2021-05-16T22:59:22,37.21665,-76.09114,0.0,313.5,5.0,ENERGY TRITON,IMO9602368,3FLG8,70,1,228,32,14.4,79,A
367222000,2021-05-16T23:00:51,36.94832,-76.33072,0.0,0.0,101.0,WALTER S DIEHL,IMO8511495,NWSD,80,5,206,29,,0,A
338846000,2021-05-16T22:19:05,36.86552,-76.31582,0.0,0.1,227.0,USNS MENDONCA,IMO9147320,NBMK,70,3,289,32,10.9,35,A
636018070,2021-05-16T23:00:41,36.87748,-76.34992,0.1,317.0,347.0,ARISTOMENIS,IMO9408841,D5OA5,70,5,349,45,15.0,71,A
371420000,2021-05-16T23:01:05,37.21111,-76.13195,0.0,169.9,16.0,DIONE,IMO9729881,3FOB6,70,1,229,32,7.5,70,A
565003000,2021-05-16T22:19:39,37.24963,-76.10871,4.2,3.8,4.0,BULK FINLAND,IMO9691577,9V2513,70,0,224,32,14.4,70,A
636018660,2021-05-16T22:59:52,37.04727,-76.07572,14.8,322.1,322.0,MSC ANTONIA,IMO9398216,D5QT7,70,0,304,40,13.5,70,A
538005113,2021-05-16T22:20:30,37.20839,-76.11684,0.0,223.0,4.0,ALGOMA VISION,IMO9640944,V7BC3,70,1,228,32,13.5,70,A
338846000,2021-05-16T23:00:06,36.86558,-76.31580,0.0,0.1,227.0,USNS MENDONCA,IMO9147320,NBMK,70,3,289,32,10.9,35,A
636018660,2021-05-16T23:02:15,37.05494,-76.08320,14.9,321.6,322.0,MSC ANTONIA,IMO9398216,D5QT7,70,0,304,40,13.5,70,A
367821000,2021-05-16T22:55:10,36.97287,-76.43365,0.0,0.0,511.0,YANO,IMO7825409,NAQH,70,5,276,32,13.0,70,A
636010915,2021-05-16T22:55:53,37.32029,-76.10291,11.9,197.4,196.0,STOLT SPAN,IMO9149524,ELVQ7,80,0,162,23,10.1,80,A
565003000,2021-05-16T23:02:28,37.17855,-76.15488,9.9,175.2,172.0,BULK FINLAND,IMO9691577,9V2513,70,0,224,32,14.4,70,A
367359930,2021-05-16T23:01:19,36.82420,-76.28914,0.0,305.7,511.0,SUNNY WILLIAMS,,WDE4940,80,0,25,8,,80,A
373327000,2021-05-16T22:56:22,37.21663,-76.09112,0.0,330.7,6.0,ENERGY TRITON,IMO9602368,3FLG8,70,1,228,32,14.4,79,A
372348000,2021-05-16T22:20:43,37.19119,-76.09658,0.0,272.0,3.0,PRT KAHO,IMO9701152,3FGE7,70,1,224,32,14.4,70,A
565003000,2021-05-16T22:57:08,37.19309,-76.15287,10.0,197.8,197.0,BULK FINLAND,IMO9691577,9V2513,70,0,224,32,14.4,70,A
477286200,2021-05-16T23:02:17,36.96157,-76.06387,15.3,106.9,106.0,COSCOSHIPPING ORCHID,IMO9785770,VRSK7,71,0,366,48,12.0,71,A
538009119,2021-05-16T22:20:31,36.87945,-76.32639,0.0,109.0,273.0,ARMONIA.GR,IMO9758868,V7A4344,70,5,199,32,6.5,70,A
367359930,2021-05-16T22:56:40,36.82419,-76.28911,0.0,292.6,511.0,SUNNY WILLIAMS,,WDE4940,80,0,25,8,,80,A
338846000,2021-05-16T23:02:24,36.86568,-76.31583,0.0,0.1,227.0,USNS MENDONCA,IMO9147320,NBMK,70,3,289,32,10.9,35,A
366839000,2021-05-16T23:04:06,36.85342,-76.31081,0.0,0.0,40.0,CAPE RISE,IMO7530808,KAFG,70,5,197,32,10.0,70,A
367359930,2021-05-16T23:02:40,36.82420,-76.28913,0.0,302.2,511.0,SUNNY WILLIAMS,,WDE4940,80,0,25,8,,80,A
366839000,2021-05-16T22:58:04,36.85349,-76.31076,0.0,0.0,40.0,CAPE RISE,IMO7530808,KAFG,70,5,197,32,10.0,70,A
256116000,2021-05-16T23:03:29,36.90817,-76.32687,0.0,195.4,352.0,VIRGINIA TRADER,IMO9344552,9HA3823,70,5,211,29,11.4,79,A
367359930,2021-05-16T23:03:50,36.82419,-76.28914,0.0,296.8,511.0,SUNNY WILLIAMS,,WDE4940,80,0,25,8,,80,A
477231100,2021-05-16T23:03:53,37.18320,-76.11032,0.1,286.2,9.0,CL CHRISTINA,IMO9710892,VRSE5,70,1,200,32,6.9,70,A
477231100,2021-05-16T22:21:53,37.18319,-76.10986,0.0,341.1,1.0,CL CHRISTINA,IMO9710892,VRSE5,70,1,200,32,6.9,70,A
338846000,2021-05-16T23:04:36,36.86567,-76.31583,0.0,0.1,227.0,USNS MENDONCA,IMO9147320,NBMK,70,3,289,32,10.9,35,A
366842000,2021-05-16T23:04:20,36.85383,-76.31118,0.0,0.0,43.0,CAPE RACE,IMO7616377,KAFJ,70,5,197,32,10.0,79,A
538005067,2021-05-16T23:04:08,37.26784,-76.10161,0.0,224.9,13.0,AM KRAKOW,IMO9624122,V7AU2,70,1,229,32,14.5,70,A
367222000,2021-05-16T23:03:51,36.94831,-76.33067,0.0,0.0,100.0,WALTER S DIEHL,IMO8511495,NWSD,80,5,206,29,,0,A
367865000,2021-05-16T23:05:18,36.96249,-76.41938,0.0,0.0,188.0,KANAWHA,IMO8704080,NPTD,80,5,206,29,,35,A
338846000,2021-05-16T22:58:16,36.86557,-76.31577,0.0,0.1,227.0,USNS MENDONCA,IMO9147320,NBMK,70,3,289,32,10.9,35,A
366841000,2021-05-16T23:03:57,36.85330,-76.31052,0.0,0.0,40.0,CAPE RAY,IMO7530810,KAFI,70,5,197,32,10.0,70,A
338678000,2021-05-16T23:03:09,36.91625,-76.16845,0.0,245.8,11.0,DOLORES CHOUEST,IMO8225931,WCP8847,70,5,54,12,4.0,35,A
636018660,2021-05-16T23:03:21,37.05838,-76.08662,14.8,321.3,322.0,MSC ANTONIA,IMO9398216,D5QT7,70,0,304,40,13.5,70,A
368026000,2021-05-16T22:58:26,36.86577,-76.31602,0.0,218.7,511.0,BENAVIDEZ,IMO9218210,NBHG,70,5,289,32,10.9,70,A
636015650,2021-05-16T22:21:55,36.96285,-76.42407,0.0,36.0,38.0,NS ENERGY,IMO9609732,D5CA8,70,5,225,32,14.2,79,A
357997000,2021-05-16T22:22:41,37.20195,-76.08894,0.0,29.9,356.0,NORD TREASURE,IMO9566459,3ESI7,70,1,189,32,12.7,70,A
338846000,2021-05-16T22:59:24,36.86557,-76.31578,0.0,0.1,227.0,USNS MENDONCA,IMO9147320,NBMK,70,3,289,32,10.9,35,A
477286200,2021-05-16T22:59:35,36.96494,-76.07743,15.2,107.1,106.0,COSCOSHIPPING ORCHID,IMO9785770,VRSK7,71,0,366,48,12.0,71,A
368445000,2021-05-16T23:05:22,36.96312,-76.42015,0.0,0.0,188.0,OVERSEAS NIKISKI,IMO9353577,WDBH,80,5,183,32,12.2,80,A
367633000,2021-05-16T23:00:13,36.96634,-76.42775,0.0,310.2,223.0,LONESTAR STATE,IMO9697985,WLSY,80,5,178,,,80,A
538009119,2021-05-16T23:05:38,36.87949,-76.32637,0.0,109.0,273.0,ARMONIA.GR,IMO9758868,V7A4344,70,5,199,32,6.5,70,A
636018660,2021-05-16T23:00:04,37.04786,-76.07628,14.8,322.4,322.0,MSC ANTONIA,IMO9398216,D5QT7,70,0,304,40,13.5,70,A
338846000,2021-05-16T22:24:54,36.86562,-76.31573,0.0,0.1,227.0,USNS MENDONCA,IMO9147320,NBMK,70,3,289,32,10.9,35,A
538003886,2021-05-16T23:06:32,36.91119,-76.32745,0.0,75.8,351.0,MOL MAXIM,IMO9424936,V7TU3,70,5,302,43,14.2,71,A
538005067,2021-05-16T23:07:06,37.26785,-76.10156,0.0,180.0,12.0,AM KRAKOW,IMO9624122,V7AU2,70,1,229,32,14.5,70,A
367633000,2021-05-16T23:06:13,36.96637,-76.42783,0.0,313.7,223.0,LONESTAR STATE,IMO9697985,WLSY,80,5,178,,,80,A
636015650,2021-05-16T22:24:56,36.96283,-76.42407,0.0,36.0,38.0,NS ENERGY,IMO9609732,D5CA8,70,5,225,32,14.2,79,A
371420000,2021-05-16T21:52:04,37.21117,-76.13231,0.0,169.9,13.0,DIONE,IMO9729881,3FOB6,70,1,229,32,7.5,70,A
367359930,2021-05-16T21:52:10,36.82419,-76.28912,0.0,254.8,511.0,SUNNY WILLIAMS,,WDE4940,80,0,25,8,,80,A
636010915,2021-05-16T23:05:44,37.28915,-76.11489,11.9,197.5,196.0,STOLT SPAN,IMO9149524,ELVQ7,80,0,162,23,10.1,80,A
338846000,2021-05-16T23:06:56,36.86557,-76.31580,0.0,0.1,227.0,USNS MENDONCA,IMO9147320,NBMK,70,3,289,32,10.9,35,A
477231100,2021-05-16T23:06:53,37.18318,-76.11037,0.1,239.8,10.0,CL CHRISTINA,IMO9710892,VRSE5,70,1,200,32,6.9,70,A
338678000,2021-05-16T21:51:08,36.91623,-76.16843,0.0,251.5,10.0,DOLORES CHOUEST,IMO8225931,WCP8847,70,5,54,12,4.0,35,A
538009119,2021-05-16T21:53:37,36.87953,-76.32644,0.0,109.0,273.0,ARMONIA.GR,IMO9758868,V7A4344,70,5,199,32,6.5,70,A
357997000,2021-05-16T23:01:41,37.20208,-76.08992,0.1,232.4,16.0,NORD TREASURE,IMO9566459,3ESI7,70,1,189,32,12.7,70,A
373327000,2021-05-16T21:53:22,37.21667,-76.09061,0.1,347.3,355.0,ENERGY TRITON,IMO9602368,3FLG8,70,1,228,32,14.4,79,A
256116000,2021-05-16T21:54:28,36.90820,-76.32688,0.0,195.4,352.0,VIRGINIA TRADER,IMO9344552,9HA3823,70,5,211,29,11.4,71,A
477286200,2021-05-16T21:54:23,36.95510,-76.33713,8.7,3.9,4.0,COSCOSHIPPING ORCHID,IMO9785770,VRSK7,71,0,366,48,12.0,71,A
367821000,2021-05-16T21:52:11,36.97286,-76.43364,0.0,0.0,511.0,YANO,IMO7825409,NAQH,70,5,276,32,13.0,70,A
229821000,2021-05-16T21:54:09,36.97951,-76.13583,14.6,108.2,108.0,GALANI,IMO9337597,9HA3640,70,0,176,27,10.9,71,A
220413000,2021-05-16T23:08:18,37.15785,-76.15036,12.0,353.5,353.0,GUNVOR MAERSK,IMO9302891,OYGC2,70,0,367,42,15.0,71,A
366841000,2021-05-16T21:55:00,36.85327,-76.31055,0.0,0.0,40.0,CAPE RAY,IMO7530810,KAFI,70,5,197,32,10.0,70,A
367821000,2021-05-16T23:07:11,36.97287,-76.43365,0.0,0.0,511.0,YANO,IMO7825409,NAQH,70,5,276,32,13.0,70,A
367222000,2021-05-16T23:06:51,36.94834,-76.33075,0.0,0.0,101.0,WALTER S DIEHL,IMO8511495,NWSD,80,5,206,29,,0,A
357997000,2021-05-16T21:55:41,37.20192,-76.08895,0.0,241.9,354.0,NORD TREASURE,IMO9566459,3ESI7,70,1,189,32,12.7,70,A
229821000,2021-05-16T21:55:15,36.97812,-76.13058,14.7,108.5,108.0,GALANI,IMO9337597,9HA3640,70,0,176,27,10.9,71,A
338846000,2021-05-16T22:27:15,36.86553,-76.31580,0.0,0.1,227.0,USNS MENDONCA,IMO9147320,NBMK,70,3,289,32,10.9,35,A
256116000,2021-05-16T23:06:28,36.90817,-76.32683,0.0,195.4,352.0,VIRGINIA TRADER,IMO9344552,9HA3823,70,5,211,29,11.4,79,A
538005067,2021-05-16T23:10:09,37.26784,-76.10163,0.0,171.1,12.0,AM KRAKOW,IMO9624122,V7AU2,70,1,229,32,14.5,70,A
338678000,2021-05-16T22:27:09,36.91624,-76.16842,0.0,256.2,10.0,DOLORES CHOUEST,IMO8225931,WCP8847,70,5,54,12,4.0,35,A
372348000,2021-05-16T21:56:43,37.19116,-76.09645,0.0,311.7,1.0,PRT KAHO,IMO9701152,3FGE7,70,1,224,32,14.4,70,A
220413000,2021-05-16T23:03:29,37.14200,-76.14666,12.2,338.5,340.0,GUNVOR MAERSK,IMO9302891,OYGC2,70,0,367,42,15.0,71,A
636012908,2021-05-16T21:57:01,37.22757,-76.43675,0.0,256.0,256.0,TAVRICHESKY BRIDGE,IMO9292060,A8IZ6,80,5,182,32,12.2,80,A
366842000,2021-05-16T23:07:18,36.85388,-76.31117,0.0,0.0,43.0,CAPE RACE,IMO7616377,KAFJ,70,5,197,32,10.0,79,A
366842000,2021-05-16T23:10:22,36.85382,-76.31117,0.0,0.0,42.0,CAPE RACE,IMO7616377,KAFJ,70,5,197,32,10.0,79,A
373327000,2021-05-16T23:11:22,37.21662,-76.09121,0.0,12.5,7.0,ENERGY TRITON,IMO9602368,3FLG8,70,1,228,32,14.4,79,A
636018070,2021-05-16T23:09:42,36.87743,-76.34989,0.1,328.2,347.0,ARISTOMENIS,IMO9408841,D5OA5,70,5,349,45,15.0,71,A
338846000,2021-05-16T23:08:06,36.86550,-76.31578,0.0,0.1,227.0,USNS MENDONCA,IMO9147320,NBMK,70,3,289,32,10.9,35,A
477231100,2021-05-16T21:57:53,37.18319,-76.10998,0.0,112.6,4.0,CL CHRISTINA,IMO9710892,VRSE5,70,1,200,32,6.9,70,A
538005113,2021-05-16T23:08:33,37.20837,-76.11691,0.0,223.0,8.0,ALGOMA VISION,IMO9640944,V7BC3,70,1,228,32,13.5,70,A
357997000,2021-05-16T22:28:41,37.20197,-76.08893,0.0,292.4,354.0,NORD TREASURE,IMO9566459,3ESI7,70,1,189,32,12.7,70,A
636018070,2021-05-16T21:57:39,36.87749,-76.34995,0.0,301.2,347.0,ARISTOMENIS,IMO9408841,D5OA5,70,5,349,45,15.0,71,A
636010915,2021-05-16T23:03:34,37.29596,-76.11217,11.9,197.8,196.0,STOLT SPAN,IMO9149524,ELVQ7,80,0,162,23,10.1,80,A
338846000,2021-05-16T22:28:25,36.86553,-76.31580,0.0,0.1,227.0,USNS MENDONCA,IMO9147320,NBMK,70,3,289,32,10.9,35,A
366842000,2021-05-16T21:58:18,36.85379,-76.31121,0.0,0.0,42.0,CAPE RACE,IMO7616377,KAFJ,70,5,197,32,10.0,79,A
636010915,2021-05-16T23:08:03,37.28177,-76.11780,11.9,197.7,196.0,STOLT SPAN,IMO9149524,ELVQ7,80,0,162,23,10.1,80,A
636010915,2021-05-16T23:11:32,37.27075,-76.12213,12.0,198.2,197.0,STOLT SPAN,IMO9149524,ELVQ7,80,0,162,23,10.1,80,A
367359930,2021-05-16T21:59:30,36.82419,-76.28912,0.0,263.4,511.0,SUNNY WILLIAMS,,WDE4940,80,0,25,8,,80,A
367865000,2021-05-16T21:59:19,36.96246,-76.41932,0.0,0.0,188.0,KANAWHA,IMO8704080,NPTD,80,5,206,29,,35,A
373327000,2021-05-16T21:59:22,37.21664,-76.09073,0.1,288.4,357.0,ENERGY TRITON,IMO9602368,3FLG8,70,1,228,32,14.4,79,A
367865000,2021-05-16T22:29:18,36.96245,-76.41930,0.0,0.0,188.0,KANAWHA,IMO8704080,NPTD,80,5,206,29,,35,A
538005113,2021-05-16T21:59:31,37.20840,-76.11665,0.0,223.0,355.0,ALGOMA VISION,IMO9640944,V7BC3,70,1,228,32,13.5,70,A
367633000,2021-05-16T23:12:13,36.96630,-76.42787,0.0,298.7,223.0,LONESTAR STATE,IMO9697985,WLSY,80,5,178,,,80,A
367633000,2021-05-16T23:09:13,36.96637,-76.42780,0.0,308.7,223.0,LONESTAR STATE,IMO9697985,WLSY,80,5,178,,,80,A
371420000,2021-05-16T23:04:04,37.21112,-76.13197,0.0,169.9,17.0,DIONE,IMO9729881,3FOB6,70,1,229,32,7.5,70,A
367821000,2021-05-16T23:04:11,36.97287,-76.43365,0.0,0.0,511.0,YANO,IMO7825409,NAQH,70,5,276,32,13.0,70,A
220413000,2021-05-16T23:12:17,37.17130,-76.15300,12.4,350.5,351.0,GUNVOR MAERSK,IMO9302891,OYGC2,70,0,367,42,15.0,71,A
636018660,2021-05-16T23:09:52,37.08115,-76.10392,15.1,330.7,331.0,MSC ANTONIA,IMO9398216,D5QT7,70,0,304,40,13.5,70,A
367822000,2021-05-16T23:09:55,36.97312,-76.43386,0.0,0.0,1.0,USNS SHUGHART,IMO7825394,NAOQ,70,5,276,32,13.0,70,A
636018660,2021-05-16T23:10:57,37.08505,-76.10664,15.2,330.7,331.0,MSC ANTONIA,IMO9398216,D5QT7,70,0,304,40,13.5,70,A
477231100,2021-05-16T23:09:53,37.18321,-76.11038,0.0,242.3,10.0,CL CHRISTINA,IMO9710892,VRSE5,70,1,200,32,6.9,70,A
367821000,2021-05-16T23:13:11,36.97286,-76.43368,0.0,0.0,511.0,YANO,IMO7825409,NAQH,70,5,276,32,13.0,70,A
636018660,2021-05-16T23:05:28,37.06536,-76.09297,14.7,330.3,332.0,MSC ANTONIA,IMO9398216,D5QT7,70,0,304,40,13.5,70,A
538005113,2021-05-16T23:05:29,37.20838,-76.11693,0.0,223.0,8.0,ALGOMA VISION,IMO9640944,V7BC3,70,1,228,32,13.5,70,A
367359930,2021-05-16T22:31:59,36.82420,-76.28912,0.0,265.7,511.0,SUNNY WILLIAMS,,WDE4940,80,0,25,8,,80,A
368026000,2021-05-16T23:13:25,36.86575,-76.31605,0.0,218.7,511.0,BENAVIDEZ,IMO9218210,NBHG,70,5,289,32,10.9,70,A
565003000,2021-05-16T23:10:29,37.15563,-76.15137,10.6,170.2,169.0,BULK FINLAND,IMO9691577,9V2513,70,0,224,32,14.4,70,A
373327000,2021-05-16T22:32:22,37.21665,-76.09092,0.1,293.2,3.0,ENERGY TRITON,IMO9602368,3FLG8,70,1,228,32,14.4,79,A
368445000,2021-05-16T23:14:22,36.96310,-76.42014,0.0,0.0,188.0,OVERSEAS NIKISKI,IMO9353577,WDBH,80,5,183,32,12.2,80,A
565003000,2021-05-16T23:04:48,37.17203,-76.15392,10.2,173.3,172.0,BULK FINLAND,IMO9691577,9V2513,70,0,224,32,14.4,70,A
538003886,2021-05-16T22:00:36,36.91110,-76.32745,0.0,75.8,351.0,MOL MAXIM,IMO9424936,V7TU3,70,5,302,43,14.2,71,A
565003000,2021-05-16T23:13:59,37.14529,-76.14910,10.6,166.6,157.0,BULK FINLAND,IMO9691577,9V2513,70,0,224,32,14.4,70,A
256116000,2021-05-16T22:00:29,36.90818,-76.32685,0.0,195.4,352.0,VIRGINIA TRADER,IMO9344552,9HA3823,70,5,211,29,11.4,71,A
338846000,2021-05-16T23:11:24,36.86555,-76.31578,0.0,0.1,227.0,USNS MENDONCA,IMO9147320,NBMK,70,3,289,32,10.9,35,A
366841000,2021-05-16T23:13:00,36.85329,-76.31053,0.0,0.0,40.0,CAPE RAY,IMO7530810,KAFI,70,5,197,32,10.0,70,A
565003000,2021-05-16T23:11:39,37.15221,-76.15060,10.7,169.3,168.0,BULK FINLAND,IMO9691577,9V2513,70,0,224,32,14.4,70,A
366842000,2021-05-16T23:13:19,36.85382,-76.31115,0.0,0.0,42.0,CAPE RACE,IMO7616377,KAFJ,70,5,197,32,10.0,79,A
338846000,2021-05-16T23:12:34,36.86557,-76.31570,0.0,0.1,227.0,USNS MENDONCA,IMO9147320,NBMK,70,3,289,32,10.9,35,A
636018070,2021-05-16T23:06:40,36.87741,-76.34988,0.1,318.0,347.0,ARISTOMENIS,IMO9408841,D5OA5,70,5,349,45,15.0,71,A
565003000,2021-05-16T22:33:28,37.25494,-76.12800,8.6,203.7,201.0,BULK FINLAND,IMO9691577,9V2513,70,0,224,32,14.4,70,A
477231100,2021-05-16T23:12:53,37.18324,-76.11033,0.0,242.3,9.0,CL CHRISTINA,IMO9710892,VRSE5,70,1,200,32,6.9,70,A
636015650,2021-05-16T23:06:54,36.96283,-76.42409,0.0,36.0,39.0,NS ENERGY,IMO9609732,D5CA8,70,5,225,32,14.2,79,A
366839000,2021-05-16T23:07:04,36.85349,-76.31081,0.0,0.0,40.0,CAPE RISE,IMO7530808,KAFG,70,5,197,32,10.0,70,A
565003000,2021-05-16T23:06:58,37.16582,-76.15306,10.4,175.7,173.0,BULK FINLAND,IMO9691577,9V2513,70,0,224,32,14.4,70,A
367359930,2021-05-16T23:14:18,36.82414,-76.28910,0.0,285.9,511.0,SUNNY WILLIAMS,,WDE4940,80,0,25,8,,80,A
367359930,2021-05-16T23:15:30,36.82420,-76.28913,0.0,280.1,511.0,SUNNY WILLIAMS,,WDE4940,80,0,25,8,,80,A
373327000,2021-05-16T23:14:22,37.21665,-76.09119,0.1,299.9,5.0,ENERGY TRITON,IMO9602368,3FLG8,70,1,228,32,14.4,79,A
220413000,2021-05-16T23:07:08,37.15397,-76.14986,12.0,354.3,354.0,GUNVOR MAERSK,IMO9302891,OYGC2,70,0,367,42,15.0,71,A
636010915,2021-05-16T23:13:54,37.26322,-76.12521,12.0,198.2,197.0,STOLT SPAN,IMO9149524,ELVQ7,80,0,162,23,10.1,80,A
367222000,2021-05-16T23:12:50,36.94832,-76.33077,0.0,0.0,101.0,WALTER S DIEHL,IMO8511495,NWSD,80,5,206,29,,0,A
338846000,2021-05-16T22:02:44,36.86560,-76.31575,0.0,0.1,227.0,USNS MENDONCA,IMO9147320,NBMK,70,3,289,32,10.9,35,A
538005067,2021-05-16T23:16:10,37.26782,-76.10156,0.1,183.5,11.0,AM KRAKOW,IMO9624122,V7AU2,70,1,229,32,14.5,70,A
220413000,2021-05-16T23:14:44,37.17959,-76.15456,12.4,354.9,357.0,GUNVOR MAERSK,IMO9302891,OYGC2,70,0,367,42,15.0,71,A
373327000,2021-05-16T23:08:22,37.21662,-76.09120,0.0,273.1,7.0,ENERGY TRITON,IMO9602368,3FLG8,70,1,228,32,14.4,79,A
220413000,2021-05-16T23:13:38,37.17584,-76.15397,12.4,349.8,352.0,GUNVOR MAERSK,IMO9302891,OYGC2,70,0,367,42,15.0,71,A
220413000,2021-05-16T23:15:57,37.18381,-76.15468,12.5,1.5,5.0,GUNVOR MAERSK,IMO9302891,OYGC2,70,0,367,42,15.0,71,A
538009119,2021-05-16T22:35:32,36.87949,-76.32637,0.0,109.0,273.0,ARMONIA.GR,IMO9758868,V7A4344,70,5,199,32,6.5,70,A
371420000,2021-05-16T22:34:02,37.21124,-76.13217,0.0,169.9,18.0,DIONE,IMO9729881,3FOB6,70,1,229,32,7.5,70,A
565003000,2021-05-16T23:08:08,37.16246,-76.15260,10.4,173.0,172.0,BULK FINLAND,IMO9691577,9V2513,70,0,224,32,14.4,70,A
565003000,2021-05-16T23:16:09,37.13954,-76.14598,10.4,153.3,150.0,BULK FINLAND,IMO9691577,9V2513,70,0,224,32,14.4,70,A
368026000,2021-05-16T23:16:25,36.86577,-76.31605,0.0,218.7,511.0,BENAVIDEZ,IMO9218210,NBHG,70,5,289,32,10.9,70,A
636018660,2021-05-16T23:16:33,37.10552,-76.12067,15.1,332.5,334.0,MSC ANTONIA,IMO9398216,D5QT7,70,0,304,40,13.5,70,A
538009119,2021-05-16T23:14:37,36.87953,-76.32640,0.0,109.0,273.0,ARMONIA.GR,IMO9758868,V7A4344,70,5,199,32,6.5,70,A
357997000,2021-05-16T23:16:41,37.20196,-76.08965,0.1,300.6,7.0,NORD TREASURE,IMO9566459,3ESI7,70,1,189,32,12.7,70,A
372348000,2021-05-16T23:08:43,37.19125,-76.09688,0.1,290.0,7.0,PRT KAHO,IMO9701152,3FGE7,70,1,224,32,14.4,70,A
366841000,2021-05-16T22:04:01,36.85325,-76.31054,0.0,0.0,40.0,CAPE RAY,IMO7530810,KAFI,70,5,197,32,10.0,70,A
367222000,2021-05-16T22:03:50,36.94834,-76.33070,0.0,0.0,100.0,WALTER S DIEHL,IMO8511495,NWSD,80,5,206,29,,0,A
220413000,2021-05-16T23:17:01,37.18750,-76.15420,12.4,11.8,14.0,GUNVOR MAERSK,IMO9302891,OYGC2,70,0,367,42,15.0,71,A
367633000,2021-05-16T23:18:13,36.96636,-76.42779,0.0,291.2,223.0,LONESTAR STATE,IMO9697985,WLSY,80,5,178,,,80,A
636015650,2021-05-16T23:09:55,36.96286,-76.42407,0.0,36.0,39.0,NS ENERGY,IMO9609732,D5CA8,70,5,225,32,14.2,79,A
636015650,2021-05-16T22:36:54,36.96281,-76.42408,0.0,36.0,38.0,NS ENERGY,IMO9609732,D5CA8,70,5,225,32,14.2,79,A
338846000,2021-05-16T22:36:24,36.86552,-76.31578,0.0,0.1,227.0,USNS MENDONCA,IMO9147320,NBMK,70,3,289,32,10.9,35,A
565003000,2021-05-16T22:05:04,37.24420,-76.10952,0.1,17.3,4.0,BULK FINLAND,IMO9691577,9V2513,70,1,224,32,14.4,70,A
367222000,2021-05-16T23:18:51,36.94832,-76.33073,0.0,0.0,101.0,WALTER S DIEHL,IMO8511495,NWSD,80,5,206,29,,0,A
636018070,2021-05-16T23:15:41,36.87754,-76.34997,0.1,332.3,347.0,ARISTOMENIS,IMO9408841,D5OA5,70,5,349,45,15.0,71,A
538003886,2021-05-16T23:15:36,36.91110,-76.32743,0.0,75.8,351.0,MOL MAXIM,IMO9424936,V7TU3,70,5,302,43,14.2,71,A
366839000,2021-05-16T22:37:05,36.85354,-76.31086,0.0,0.0,40.0,CAPE RISE,IMO7530808,KAFG,70,5,197,32,10.0,70,A
338846000,2021-05-16T22:37:35,36.86555,-76.31578,0.0,0.1,227.0,USNS MENDONCA,IMO9147320,NBMK,70,3,289,32,10.9,35,A
256116000,2021-05-16T23:15:28,36.90822,-76.32687,0.0,195.4,352.0,VIRGINIA TRADER,IMO9344552,9HA3823,70,5,211,29,11.4,79,A
368026000,2021-05-16T23:10:26,36.86579,-76.31605,0.0,218.7,511.0,BENAVIDEZ,IMO9218210,NBHG,70,5,289,32,10.9,70,A
367359930,2021-05-16T23:16:58,36.82420,-76.28914,0.0,270.8,511.0,SUNNY WILLIAMS,,WDE4940,80,0,25,8,,80,A
338846000,2021-05-16T23:18:15,36.86530,-76.31572,0.0,0.1,227.0,USNS MENDONCA,IMO9147320,NBMK,70,3,289,32,10.9,35,A
220413000,2021-05-16T22:39:08,37.07005,-76.09553,11.8,329.4,329.0,GUNVOR MAERSK,IMO9302891,OYGC2,70,0,367,42,15.0,71,A
636010915,2021-05-16T23:17:22,37.25214,-76.12995,12.1,197.8,197.0,STOLT SPAN,IMO9149524,ELVQ7,80,0,162,23,10.1,80,A
366842000,2021-05-16T23:19:19,36.85386,-76.31123,0.0,0.0,42.0,CAPE RACE,IMO7616377,KAFJ,70,5,197,32,10.0,79,A
371420000,2021-05-16T22:07:01,37.21122,-76.13231,0.0,169.9,16.0,DIONE,IMO9729881,3FOB6,70,1,229,32,7.5,70,A
220413000,2021-05-16T23:18:08,37.19116,-76.15301,12.3,17.4,18.0,GUNVOR MAERSK,IMO9302891,OYGC2,70,0,367,42,15.0,71,A
538003886,2021-05-16T23:18:37,36.91111,-76.32744,0.0,75.8,351.0,MOL MAXIM,IMO9424936,V7TU3,70,5,302,43,14.2,71,A
636010915,2021-05-16T23:19:33,37.24513,-76.13277,12.1,198.1,197.0,STOLT SPAN,IMO9149524,ELVQ7,80,0,162,23,10.1,80,A
367222000,2021-05-16T22:06:50,36.94830,-76.33077,0.0,0.0,101.0,WALTER S DIEHL,IMO8511495,NWSD,80,5,206,29,,0,A
636018660,2021-05-16T23:12:03,37.08904,-76.10947,15.2,330.2,331.0,MSC ANTONIA,IMO9398216,D5QT7,70,0,304,40,13.5,70,A
220413000,2021-05-16T23:20:37,37.19924,-76.14977,12.2,18.1,18.0,GUNVOR MAERSK,IMO9302891,OYGC2,70,0,367,42,15.0,71,A
538005067,2021-05-16T23:19:09,37.26782,-76.10154,0.0,153.5,11.0,AM KRAKOW,IMO9624122,V7AU2,70,1,229,32,14.5,70,A
357997000,2021-05-16T22:07:41,37.20194,-76.08911,0.1,241.4,359.0,NORD TREASURE,IMO9566459,3ESI7,70,1,189,32,12.7,70,A
366841000,2021-05-16T23:19:01,36.85326,-76.31055,0.0,0.0,40.0,CAPE RAY,IMO7530810,KAFI,70,5,197,32,10.0,70,A
338846000,2021-05-16T23:19:24,36.86543,-76.31575,0.0,0.1,227.0,USNS MENDONCA,IMO9147320,NBMK,70,3,289,32,10.9,35,A
636018660,2021-05-16T23:19:51,37.11765,-76.12868,15.2,330.3,331.0,MSC ANTONIA,IMO9398216,D5QT7,70,0,304,40,13.5,70,A
565003000,2021-05-16T22:08:02,37.24416,-76.10950,0.2,173.3,3.0,BULK FINLAND,IMO9691577,9V2513,70,1,224,32,14.4,70,A
373327000,2021-05-16T23:20:22,37.21667,-76.09127,0.1,283.2,5.0,ENERGY TRITON,IMO9602368,3FLG8,70,1,228,32,14.4,79,A
366841000,2021-05-16T22:40:01,36.85328,-76.31054,0.0,0.0,40.0,CAPE RAY,IMO7530810,KAFI,70,5,197,32,10.0,70,A
636010915,2021-05-16T23:20:43,37.24137,-76.13431,12.1,198.3,197.0,STOLT SPAN,IMO9149524,ELVQ7,80,0,162,23,10.1,80,A
256116000,2021-05-16T23:12:29,36.90820,-76.32687,0.0,195.4,352.0,VIRGINIA TRADER,IMO9344552,9HA3823,70,5,211,29,11.4,79,A
367359930,2021-05-16T23:13:09,36.82416,-76.28910,0.1,285.8,511.0,SUNNY WILLIAMS,,WDE4940,80,0,25,8,,80,A
372348000,2021-05-16T23:20:43,37.19120,-76.09679,0.0,293.7,6.0,PRT KAHO,IMO9701152,3FGE7,70,1,224,32,14.4,70,A
367865000,2021-05-16T23:14:18,36.96241,-76.41933,0.0,0.0,188.0,KANAWHA,IMO8704080,NPTD,80,5,206,29,,35,A
538005113,2021-05-16T23:14:33,37.20837,-76.11692,0.0,223.0,6.0,ALGOMA VISION,IMO9640944,V7BC3,70,1,228,32,13.5,70,A
367222000,2021-05-16T23:21:50,36.94837,-76.33070,0.0,0.0,101.0,WALTER S DIEHL,IMO8511495,NWSD,80,5,206,29,,0,A
565003000,2021-05-16T23:20:58,37.12733,-76.13741,10.5,150.5,147.0,BULK FINLAND,IMO9691577,9V2513,70,0,224,32,14.4,70,A
372348000,2021-05-16T23:14:43,37.19120,-76.09682,0.0,278.0,6.0,PRT KAHO,IMO9701152,3FGE7,70,1,224,32,14.4,70,A
636015650,2021-05-16T23:21:54,36.96283,-76.42405,0.0,36.0,39.0,NS ENERGY,IMO9609732,D5CA8,70,5,225,32,14.2,79,A
636012908,2021-05-16T23:14:58,37.22758,-76.43677,0.0,256.0,256.0,TAVRICHESKY BRIDGE,IMO9292060,A8IZ6,80,5,182,32,12.2,80,A
366842000,2021-05-16T23:22:22,36.85383,-76.31119,0.0,0.0,42.0,CAPE RACE,IMO7616377,KAFJ,70,5,197,32,10.0,79,A
538005067,2021-05-16T23:22:10,37.26789,-76.10150,0.0,157.0,11.0,AM KRAKOW,IMO9624122,V7AU2,70,1,229,32,14.5,70,A
371420000,2021-05-16T23:22:02,37.21109,-76.13189,0.0,169.9,15.0,DIONE,IMO9729881,3FOB6,70,1,229,32,7.5,70,A
220413000,2021-05-16T23:22:08,37.20416,-76.14775,12.3,17.5,18.0,GUNVOR MAERSK,IMO9302891,OYGC2,70,0,367,42,15.0,71,A
538003886,2021-05-16T23:21:38,36.91132,-76.32743,0.0,75.8,351.0,MOL MAXIM,IMO9424936,V7TU3,70,5,302,43,14.2,71,A
366839000,2021-05-16T22:43:07,36.85351,-76.31081,0.0,0.0,40.0,CAPE RISE,IMO7530808,KAFG,70,5,197,32,10.0,70,A
368026000,2021-05-16T23:22:27,36.86574,-76.31604,0.0,218.7,511.0,BENAVIDEZ,IMO9218210,NBHG,70,5,289,32,10.9,70,A
367359930,2021-05-16T23:23:10,36.82417,-76.28912,0.0,248.6,511.0,SUNNY WILLIAMS,,WDE4940,80,0,25,8,,80,A
636018660,2021-05-16T23:23:04,37.12897,-76.13714,14.8,326.9,328.0,MSC ANTONIA,IMO9398216,D5QT7,70,0,304,40,13.5,70,A
367633000,2021-05-16T23:15:13,36.96641,-76.42779,0.0,307.2,223.0,LONESTAR STATE,IMO9697985,WLSY,80,5,178,,,80,A
636010915,2021-05-16T23:22:53,37.23443,-76.13714,12.1,197.8,198.0,STOLT SPAN,IMO9149524,ELVQ7,80,0,162,23,10.1,80,A
636018660,2021-05-16T23:24:09,37.13276,-76.14020,14.8,326.7,328.0,MSC ANTONIA,IMO9398216,D5QT7,70,0,304,40,13.5,70,A
366841000,2021-05-16T22:43:00,36.85329,-76.31057,0.0,0.0,40.0,CAPE RAY,IMO7530810,KAFI,70,5,197,32,10.0,70,A
565003000,2021-05-16T23:24:29,37.11840,-76.13084,10.6,148.0,147.0,BULK FINLAND,IMO9691577,9V2513,70,0,224,32,14.4,70,A
256116000,2021-05-16T23:24:28,36.90825,-76.32692,0.0,195.4,352.0,VIRGINIA TRADER,IMO9344552,9HA3823,70,5,211,29,11.4,79,A
373327000,2021-05-16T23:23:22,37.21665,-76.09134,0.1,284.3,6.0,ENERGY TRITON,IMO9602368,3FLG8,70,1,228,32,14.4,79,A
477231100,2021-05-16T23:15:53,37.18319,-76.11030,0.0,232.0,10.0,CL CHRISTINA,IMO9710892,VRSE5,70,1,200,32,6.9,70,A
366839000,2021-05-16T23:25:04,36.85348,-76.31086,0.0,0.0,40.0,CAPE RISE,IMO7530808,KAFG,70,5,197,32,10.0,70,A
366842000,2021-05-16T23:25:19,36.85383,-76.31120,0.0,0.0,42.0,CAPE RACE,IMO7616377,KAFJ,70,5,197,32,10.0,79,A
220413000,2021-05-16T23:23:48,37.20964,-76.14552,12.3,18.3,18.0,GUNVOR MAERSK,IMO9302891,OYGC2,70,0,367,42,15.0,71,A
636010915,2021-05-16T23:25:03,37.22803,-76.13985,10.3,198.9,198.0,STOLT SPAN,IMO9149524,ELVQ7,80,0,162,23,10.1,80,A
367633000,2021-05-16T22:09:13,36.96632,-76.42775,0.0,328.7,223.0,LONESTAR STATE,IMO9697985,WLSY,80,5,178,,,80,A
367633000,2021-05-16T23:24:13,36.96626,-76.42786,0.0,314.5,223.0,LONESTAR STATE,IMO9697985,WLSY,80,5,178,,,80,A
357997000,2021-05-16T23:25:41,37.20201,-76.08989,0.1,294.2,15.0,NORD TREASURE,IMO9566459,3ESI7,70,1,189,32,12.7,70,A
367822000,2021-05-16T23:15:55,36.97312,-76.43386,0.0,0.0,1.0,USNS SHUGHART,IMO7825394,NAOQ,70,5,276,32,13.0,70,A
367821000,2021-05-16T23:16:12,36.97286,-76.43368,0.0,0.0,511.0,YANO,IMO7825409,NAQH,70,5,276,32,13.0,70,A
636015650,2021-05-16T23:24:51,36.96280,-76.42408,0.0,36.0,39.0,NS ENERGY,IMO9609732,D5CA8,70,5,225,32,14.2,79,A
367359930,2021-05-16T23:25:28,36.82416,-76.28913,0.0,239.9,511.0,SUNNY WILLIAMS,,WDE4940,80,0,25,8,,80,A
477286200,2021-05-16T22:10:24,36.99087,-76.30882,10.2,57.5,58.0,COSCOSHIPPING ORCHID,IMO9785770,VRSK7,71,0,366,48,12.0,71,A
477231100,2021-05-16T22:09:53,37.18318,-76.10999,0.1,288.9,3.0,CL CHRISTINA,IMO9710892,VRSE5,70,1,200,32,6.9,70,A
538003886,2021-05-16T23:24:39,36.91133,-76.32742,0.0,75.8,351.0,MOL MAXIM,IMO9424936,V7TU3,70,5,302,43,14.2,71,A
636018660,2021-05-16T23:26:16,37.14010,-76.14597,14.8,330.7,337.0,MSC ANTONIA,IMO9398216,D5QT7,70,0,304,40,13.5,70,A
538005113,2021-05-16T23:26:31,37.20837,-76.11702,0.0,223.0,9.0,ALGOMA VISION,IMO9640944,V7BC3,70,1,228,32,13.5,70,A
373327000,2021-05-16T22:11:22,37.21664,-76.09089,0.1,260.1,359.0,ENERGY TRITON,IMO9602368,3FLG8,70,1,228,32,14.4,79,A
338846000,2021-05-16T22:10:55,36.86563,-76.31572,0.0,0.1,227.0,USNS MENDONCA,IMO9147320,NBMK,70,3,289,32,10.9,35,A
565003000,2021-05-16T22:45:28,37.22395,-76.14070,10.0,196.6,196.0,BULK FINLAND,IMO9691577,9V2513,70,0,224,32,14.4,70,A
538009119,2021-05-16T22:11:38,36.87946,-76.32637,0.0,109.0,273.0,ARMONIA.GR,IMO9758868,V7A4344,70,5,199,32,6.5,70,A
367633000,2021-05-16T23:27:13,36.96636,-76.42780,0.0,307.3,223.0,LONESTAR STATE,IMO9697985,WLSY,80,5,178,,,80,A
366839000,2021-05-16T22:46:03,36.85348,-76.31086,0.0,0.0,40.0,CAPE RISE,IMO7530808,KAFG,70,5,197,32,10.0,70,A
636018660,2021-05-16T23:27:27,37.14473,-76.14809,14.9,343.1,346.0,MSC ANTONIA,IMO9398216,D5QT7,70,0,304,40,13.5,70,A
338678000,2021-05-16T23:27:08,36.91622,-76.16841,0.0,210.0,10.0,DOLORES CHOUEST,IMO8225931,WCP8847,70,5,54,12,4.0,35,A
367865000,2021-05-16T23:26:19,36.96257,-76.41931,0.0,0.0,188.0,KANAWHA,IMO8704080,NPTD,80,5,206,29,,35,A
538003886,2021-05-16T22:45:39,36.91108,-76.32747,0.0,75.8,351.0,MOL MAXIM,IMO9424936,V7TU3,70,5,302,43,14.2,71,A
220413000,2021-05-16T22:46:07,37.09005,-76.11007,12.0,331.1,331.0,GUNVOR MAERSK,IMO9302891,OYGC2,70,0,367,42,15.0,71,A
538003886,2021-05-16T23:27:39,36.91116,-76.32740,0.0,75.8,351.0,MOL MAXIM,IMO9424936,V7TU3,70,5,302,43,14.2,71,A
220413000,2021-05-16T23:28:27,37.22485,-76.13952,12.3,15.5,15.0,GUNVOR MAERSK,IMO9302891,OYGC2,70,0,367,42,15.0,71,A
477286200,2021-05-16T22:12:44,36.99449,-76.30139,11.2,58.6,58.0,COSCOSHIPPING ORCHID,IMO9785770,VRSK7,71,0,366,48,12.0,71,A
338846000,2021-05-16T23:27:35,36.86553,-76.31580,0.0,0.1,227.0,USNS MENDONCA,IMO9147320,NBMK,70,3,289,32,10.9,35,A
366839000,2021-05-16T23:28:05,36.85349,-76.31083,0.0,0.0,40.0,CAPE RISE,IMO7530808,KAFG,70,5,197,32,10.0,70,A
636015650,2021-05-16T22:12:51,36.96285,-76.42407,0.0,36.0,39.0,NS ENERGY,IMO9609732,D5CA8,70,5,225,32,14.2,79,A
367865000,2021-05-16T22:47:19,36.96249,-76.41926,0.0,0.0,188.0,KANAWHA,IMO8704080,NPTD,80,5,206,29,,35,A
636012908,2021-05-16T22:47:57,37.22758,-76.43677,0.0,256.0,256.0,TAVRICHESKY BRIDGE,IMO9292060,A8IZ6,80,5,182,32,12.2,80,A
636018070,2021-05-16T23:27:41,36.87751,-76.34993,0.0,337.8,347.0,ARISTOMENIS,IMO9408841,D5OA5,70,5,349,45,15.0,71,A
311072300,2021-05-16T23:28:04,37.04498,-76.07323,14.5,321.7,322.0,MORNING CLASSIC,IMO9441609,C6ZY7,70,0,199,32,10.0,70,A
338846000,2021-05-16T23:28:45,36.86545,-76.31583,0.0,0.1,227.0,USNS MENDONCA,IMO9147320,NBMK,70,3,289,32,10.9,35,A
373327000,2021-05-16T23:29:22,37.21671,-76.09146,0.1,290.0,9.0,ENERGY TRITON,IMO9602368,3FLG8,70,1,228,32,14.4,79,A
368445000,2021-05-16T23:29:22,36.96308,-76.42010,0.0,0.0,188.0,OVERSEAS NIKISKI,IMO9353577,WDBH,80,5,183,32,12.2,80,A
311072300,2021-05-16T23:29:10,37.04853,-76.07668,14.8,321.9,322.0,MORNING CLASSIC,IMO9441609,C6ZY7,70,0,199,32,10.0,70,A
338846000,2021-05-16T23:29:55,36.86555,-76.31577,0.0,0.1,227.0,USNS MENDONCA,IMO9147320,NBMK,70,3,289,32,10.9,35,A
338678000,2021-05-16T23:18:08,36.91624,-76.16847,0.0,215.7,11.0,DOLORES CHOUEST,IMO8225931,WCP8847,70,5,54,12,4.0,35,A
256116000,2021-05-16T23:18:29,36.90813,-76.32688,0.0,195.4,352.0,VIRGINIA TRADER,IMO9344552,9HA3823,70,5,211,29,11.4,79,A
367822000,2021-05-16T22:48:55,36.97316,-76.43387,0.0,0.0,1.0,USNS SHUGHART,IMO7825394,NAOQ,70,5,276,32,13.0,70,A
565003000,2021-05-16T23:18:29,37.13365,-76.14191,10.5,150.5,147.0,BULK FINLAND,IMO9691577,9V2513,70,0,224,32,14.4,70,A
367359930,2021-05-16T23:30:09,36.82420,-76.28913,0.0,227.6,511.0,SUNNY WILLIAMS,,WDE4940,80,0,25,8,,80,A
367359930,2021-05-16T23:28:58,36.82422,-76.28914,0.0,230.1,511.0,SUNNY WILLIAMS,,WDE4940,80,0,25,8,,80,A
367359930,2021-05-16T22:12:59,36.82419,-76.28912,0.0,284.4,511.0,SUNNY WILLIAMS,,WDE4940,80,0,25,8,,80,A
636018660,2021-05-16T23:29:40,37.15353,-76.15037,14.9,349.4,350.0,MSC ANTONIA,IMO9398216,D5QT7,70,0,304,40,13.5,70,A
636018070,2021-05-16T22:48:42,36.87743,-76.34989,0.1,305.6,347.0,ARISTOMENIS,IMO9408841,D5OA5,70,5,349,45,15.0,71,A
367633000,2021-05-16T23:30:13,36.96639,-76.42772,0.0,314.2,223.0,LONESTAR STATE,IMO9697985,WLSY,80,5,178,,,80,A
366839000,2021-05-16T23:19:03,36.85349,-76.31083,0.0,0.0,40.0,CAPE RISE,IMO7530808,KAFG,70,5,197,32,10.0,70,A
366841000,2021-05-16T22:13:01,36.85326,-76.31054,0.0,0.0,40.0,CAPE RAY,IMO7530810,KAFI,70,5,197,32,10.0,70,A
636012908,2021-05-16T23:29:56,37.22756,-76.43678,0.0,256.1,256.0,TAVRICHESKY BRIDGE,IMO9292060,A8IZ6,80,5,182,32,12.2,80,A
357997000,2021-05-16T22:13:41,37.20195,-76.08908,0.0,29.9,0.0,NORD TREASURE,IMO9566459,3ESI7,70,1,189,32,12.7,70,A
366842000,2021-05-16T22:49:17,36.85385,-76.31118,0.0,0.0,42.0,CAPE RACE,IMO7616377,KAFJ,70,5,197,32,10.0,79,A
636018070,2021-05-16T23:18:40,36.87745,-76.34991,0.0,329.5,347.0,ARISTOMENIS,IMO9408841,D5OA5,70,5,349,45,15.0,71,A
477231100,2021-05-16T23:18:53,37.18321,-76.11031,0.0,232.0,11.0,CL CHRISTINA,IMO9710892,VRSE5,70,1,200,32,6.9,70,A
636018660,2021-05-16T23:18:46,37.11373,-76.12592,15.3,331.6,332.0,MSC ANTONIA,IMO9398216,D5QT7,70,0,304,40,13.5,70,A
366842000,2021-05-16T23:31:19,36.85382,-76.31118,0.0,0.0,42.0,CAPE RACE,IMO7616377,KAFJ,70,5,197,32,10.0,79,A
366839000,2021-05-16T23:31:05,36.85346,-76.31082,0.0,0.0,40.0,CAPE RISE,IMO7530808,KAFG,70,5,197,32,10.0,70,A
372348000,2021-05-16T22:50:43,37.19121,-76.09688,0.0,261.3,11.0,PRT KAHO,IMO9701152,3FGE7,70,1,224,32,14.4,70,A
338678000,2021-05-16T23:30:08,36.91623,-76.16840,0.0,205.3,10.0,DOLORES CHOUEST,IMO8225931,WCP8847,70,5,54,12,4.0,35,A
477231100,2021-05-16T23:30:53,37.18321,-76.11037,0.1,175.9,12.0,CL CHRISTINA,IMO9710892,VRSE5,70,1,200,32,6.9,70,A
220413000,2021-05-16T23:30:49,37.23263,-76.13689,12.3,14.7,15.0,GUNVOR MAERSK,IMO9302891,OYGC2,70,0,367,42,15.0,71,A
311072300,2021-05-16T23:31:21,37.05580,-76.08382,15.0,321.9,322.0,MORNING CLASSIC,IMO9441609,C6ZY7,70,0,199,32,10.0,70,A
367359930,2021-05-16T22:14:08,36.82420,-76.28911,0.0,285.0,511.0,SUNNY WILLIAMS,,WDE4940,80,0,25,8,,80,A
367222000,2021-05-16T23:30:51,36.94838,-76.33068,0.0,0.0,101.0,WALTER S DIEHL,IMO8511495,NWSD,80,5,206,29,,0,A
338846000,2021-05-16T23:32:16,36.86555,-76.31582,0.0,0.1,227.0,USNS MENDONCA,IMO9147320,NBMK,70,3,289,32,10.9,35,A
367821000,2021-05-16T23:31:11,36.97285,-76.43367,0.0,0.0,511.0,YANO,IMO7825409,NAQH,70,5,276,32,13.0,70,A
538005113,2021-05-16T23:32:29,37.20839,-76.11698,0.0,223.0,9.0,ALGOMA VISION,IMO9640944,V7BC3,70,1,228,32,13.5,70,A
636010915,2021-05-16T23:31:52,37.20836,-76.14719,12.2,196.0,195.0,STOLT SPAN,IMO9149524,ELVQ7,80,0,162,23,10.1,80,A
538005113,2021-05-16T23:20:31,37.20835,-76.11699,0.0,223.0,7.0,ALGOMA VISION,IMO9640944,V7BC3,70,1,228,32,13.5,70,A
338846000,2021-05-16T23:20:34,36.86557,-76.31577,0.0,0.1,227.0,USNS MENDONCA,IMO9147320,NBMK,70,3,289,32,10.9,35,A
367359930,2021-05-16T23:32:28,36.82419,-76.28912,0.0,224.9,511.0,SUNNY WILLIAMS,,WDE4940,80,0,25,8,,80,A
538005067,2021-05-16T22:16:06,37.26804,-76.10235,0.1,106.9,27.0,AM KRAKOW,IMO9624122,V7AU2,70,1,229,32,14.5,70,A
477231100,2021-05-16T23:21:53,37.18322,-76.11029,0.0,232.0,11.0,CL CHRISTINA,IMO9710892,VRSE5,70,1,200,32,6.9,70,A
367822000,2021-05-16T22:15:53,36.97312,-76.43386,0.0,0.0,0.0,USNS SHUGHART,IMO7825394,NAOQ,70,5,276,32,13.0,70,A
368026000,2021-05-16T22:16:25,36.86576,-76.31605,0.0,218.7,511.0,BENAVIDEZ,IMO9218210,NBHG,70,5,289,32,10.9,70,A
367865000,2021-05-16T23:32:19,36.96252,-76.41931,0.0,0.0,188.0,KANAWHA,IMO8704080,NPTD,80,5,206,29,,35,A
367821000,2021-05-16T22:16:11,36.97288,-76.43366,0.0,0.0,511.0,YANO,IMO7825409,NAQH,70,5,276,32,13.0,70,A
367633000,2021-05-16T22:51:13,36.96641,-76.42779,0.0,307.9,223.0,LONESTAR STATE,IMO9697985,WLSY,80,5,178,,,80,A
367633000,2021-05-16T23:33:13,36.96640,-76.42777,0.0,327.1,223.0,LONESTAR STATE,IMO9697985,WLSY,80,5,178,,,80,A
220413000,2021-05-16T23:33:08,37.24027,-76.13398,12.4,16.9,17.0,GUNVOR MAERSK,IMO9302891,OYGC2,70,0,367,42,15.0,71,A
338678000,2021-05-16T23:33:09,36.91624,-76.16844,0.0,204.2,10.0,DOLORES CHOUEST,IMO8225931,WCP8847,70,5,54,12,4.0,35,A
367222000,2021-05-16T23:33:51,36.94832,-76.33070,0.0,0.0,101.0,WALTER S DIEHL,IMO8511495,NWSD,80,5,206,29,,0,A
371420000,2021-05-16T23:34:02,37.21115,-76.13208,0.0,169.9,21.0,DIONE,IMO9729881,3FOB6,70,1,229,32,7.5,70,A
368026000,2021-05-16T23:34:26,36.86575,-76.31606,0.0,218.7,511.0,BENAVIDEZ,IMO9218210,NBHG,70,5,289,32,10.9,70,A
538005067,2021-05-16T23:34:12,37.26787,-76.10155,0.0,180.2,10.0,AM KRAKOW,IMO9624122,V7AU2,70,1,229,32,14.5,70,A
636010915,2021-05-16T23:34:12,37.20060,-76.15026,12.6,198.5,197.0,STOLT SPAN,IMO9149524,ELVQ7,80,0,162,23,10.1,80,A
538003886,2021-05-16T23:33:39,36.91118,-76.32743,0.0,75.8,351.0,MOL MAXIM,IMO9424936,V7TU3,70,5,302,43,14.2,71,A
218023000,2021-05-16T23:34:19,37.05179,-76.07962,17.8,320.5,323.0,DUBLIN EXPRESS,IMO9232577,DDSB2,70,0,280,32,12.5,79,A
538005113,2021-05-16T22:17:25,37.20837,-76.11686,0.0,223.0,3.0,ALGOMA VISION,IMO9640944,V7BC3,70,1,228,32,13.5,70,A
220413000,2021-05-16T23:34:18,37.24419,-76.13245,12.3,17.9,17.0,GUNVOR MAERSK,IMO9302891,OYGC2,70,0,367,42,15.0,71,A
366841000,2021-05-16T22:52:05,36.85325,-76.31056,0.0,0.0,41.0,CAPE RAY,IMO7530810,KAFI,70,5,197,32,10.0,70,A
636015650,2021-05-16T22:18:55,36.96283,-76.42410,0.0,36.0,38.0,NS ENERGY,IMO9609732,D5CA8,70,5,225,32,14.2,79,A
373327000,2021-05-16T23:35:22,37.21666,-76.09157,0.0,247.1,14.0,ENERGY TRITON,IMO9602368,3FLG8,70,1,228,32,14.4,79,A
368026000,2021-05-16T22:52:26,36.86577,-76.31604,0.0,218.7,511.0,BENAVIDEZ,IMO9218210,NBHG,70,5,289,32,10.9,70,A
636018070,2021-05-16T22:51:42,36.87738,-76.34987,0.1,305.7,347.0,ARISTOMENIS,IMO9408841,D5OA5,70,5,349,45,15.0,71,A
338846000,2021-05-16T22:17:55,36.86553,-76.31585,0.0,0.1,227.0,USNS MENDONCA,IMO9147320,NBMK,70,3,289,32,10.9,35,A
538005067,2021-05-16T22:19:13,37.26799,-76.10228,0.1,121.2,27.0,AM KRAKOW,IMO9624122,V7AU2,70,1,229,32,14.5,70,A
220413000,2021-05-16T22:51:49,37.10690,-76.12191,12.5,330.6,331.0,GUNVOR MAERSK,IMO9302891,OYGC2,70,0,367,42,15.0,71,A
220413000,2021-05-16T22:52:57,37.11038,-76.12445,12.6,329.3,331.0,GUNVOR MAERSK,IMO9302891,OYGC2,70,0,367,42,15.0,71,A
372348000,2021-05-16T23:35:43,37.19127,-76.09707,0.0,306.4,11.0,PRT KAHO,IMO9701152,3FGE7,70,1,224,32,14.4,70,A
366839000,2021-05-16T23:22:06,36.85347,-76.31081,0.0,0.0,40.0,CAPE RISE,IMO7530808,KAFG,70,5,197,32,10.0,70,A
538009119,2021-05-16T23:35:39,36.87949,-76.32643,0.0,109.0,273.0,ARMONIA.GR,IMO9758868,V7A4344,70,5,199,32,6.5,70,A
367359930,2021-05-16T23:35:58,36.82419,-76.28913,0.0,219.9,511.0,SUNNY WILLIAMS,,WDE4940,80,0,25,8,,80,A
218023000,2021-05-16T23:35:26,37.05608,-76.08385,17.3,320.8,323.0,DUBLIN EXPRESS,IMO9232577,DDSB2,70,0,280,32,12.5,79,A
366839000,2021-05-16T23:37:04,36.85348,-76.31081,0.0,0.0,40.0,CAPE RISE,IMO7530808,KAFG,70,5,197,32,10.0,70,A
367865000,2021-05-16T22:53:19,36.96252,-76.41934,0.0,0.0,188.0,KANAWHA,IMO8704080,NPTD,80,5,206,29,,35,A
367222000,2021-05-16T23:36:50,36.94835,-76.33066,0.0,0.0,101.0,WALTER S DIEHL,IMO8511495,NWSD,80,5,206,29,,0,A
636010915,2021-05-16T23:35:24,37.19665,-76.15190,12.7,198.4,197.0,STOLT SPAN,IMO9149524,ELVQ7,80,0,162,23,10.1,80,A
366841000,2021-05-16T23:37:02,36.85327,-76.31052,0.0,0.0,40.0,CAPE RAY,IMO7530810,KAFI,70,5,197,32,10.0,70,A
256116000,2021-05-16T23:36:28,36.90817,-76.32682,0.0,195.4,352.0,VIRGINIA TRADER,IMO9344552,9HA3823,70,5,211,29,11.4,79,A
538005067,2021-05-16T23:37:07,37.26786,-76.10164,0.0,193.5,10.0,AM KRAKOW,IMO9624122,V7AU2,70,1,229,32,14.5,70,A
636010915,2021-05-16T23:36:33,37.19271,-76.15356,13.0,197.9,197.0,STOLT SPAN,IMO9149524,ELVQ7,80,0,162,23,10.1,80,A
367359930,2021-05-16T22:54:09,36.82419,-76.28912,0.0,281.3,511.0,SUNNY WILLIAMS,,WDE4940,80,0,25,8,,80,A
220413000,2021-05-16T23:35:28,37.24801,-76.13091,12.4,17.5,17.0,GUNVOR MAERSK,IMO9302891,OYGC2,70,0,367,42,15.0,71,A
311072300,2021-05-16T23:35:40,37.07110,-76.09607,15.3,332.0,332.0,MORNING CLASSIC,IMO9441609,C6ZY7,70,0,199,32,10.0,70,A
367821000,2021-05-16T23:37:10,36.97285,-76.43367,0.0,0.0,511.0,YANO,IMO7825409,NAQH,70,5,276,32,13.0,70,A
311072300,2021-05-16T23:36:46,37.07523,-76.09890,15.4,331.3,332.0,MORNING CLASSIC,IMO9441609,C6ZY7,70,0,199,32,10.0,70,A
366842000,2021-05-16T23:37:21,36.85379,-76.31120,0.0,0.0,42.0,CAPE RACE,IMO7616377,KAFJ,70,5,197,32,10.0,79,A
371420000,2021-05-16T22:55:03,37.21113,-76.13190,0.0,169.9,15.0,DIONE,IMO9729881,3FOB6,70,1,229,32,7.5,70,A
636015650,2021-05-16T23:36:55,36.96280,-76.42411,0.0,36.0,39.0,NS ENERGY,IMO9609732,D5CA8,70,5,225,32,14.2,79,A
538005113,2021-05-16T23:23:32,37.20836,-76.11702,0.0,223.0,9.0,ALGOMA VISION,IMO9640944,V7BC3,70,1,228,32,13.5,70,A
636018660,2021-05-16T23:38:28,37.18865,-76.15289,14.3,4.4,5.0,MSC ANTONIA,IMO9398216,D5QT7,70,0,304,40,13.5,70,A
338846000,2021-05-16T23:36:55,36.86555,-76.31580,0.0,0.1,227.0,USNS MENDONCA,IMO9147320,NBMK,70,3,289,32,10.9,35,A
218023000,2021-05-16T23:37:37,37.06455,-76.09157,17.3,329.0,332.0,DUBLIN EXPRESS,IMO9232577,DDSB2,70,0,280,32,12.5,79,A
477231100,2021-05-16T23:36:53,37.18323,-76.11038,0.0,338.2,14.0,CL CHRISTINA,IMO9710892,VRSE5,70,1,200,32,6.9,70,A
367359930,2021-05-16T23:37:09,36.82419,-76.28912,0.0,225.1,511.0,SUNNY WILLIAMS,,WDE4940,80,0,25,8,,80,A
220413000,2021-05-16T23:38:07,37.25684,-76.12760,12.4,16.6,17.0,GUNVOR MAERSK,IMO9302891,OYGC2,70,0,367,42,15.0,71,A
636010915,2021-05-16T22:57:03,37.31660,-76.10435,11.9,197.5,195.0,STOLT SPAN,IMO9149524,ELVQ7,80,0,162,23,10.1,80,A
371420000,2021-05-16T23:37:04,37.21114,-76.13207,0.0,169.9,22.0,DIONE,IMO9729881,3FOB6,70,1,229,32,7.5,70,A
367865000,2021-05-16T23:38:18,36.96248,-76.41933,0.0,0.0,188.0,KANAWHA,IMO8704080,NPTD,80,5,206,29,,35,A
366839000,2021-05-16T22:22:03,36.85348,-76.31081,0.0,0.0,40.0,CAPE RISE,IMO7530808,KAFG,70,5,197,32,10.0,70,A
338846000,2021-05-16T23:38:04,36.86555,-76.31580,0.0,0.1,227.0,USNS MENDONCA,IMO9147320,NBMK,70,3,289,32,10.9,35,A
538009119,2021-05-16T23:38:39,36.87948,-76.32643,0.0,109.0,273.0,ARMONIA.GR,IMO9758868,V7A4344,70,5,199,32,6.5,70,A
311072300,2021-05-16T23:37:52,37.07941,-76.10173,15.6,331.8,332.0,MORNING CLASSIC,IMO9441609,C6ZY7,70,0,199,32,10.0,70,A
636018660,2021-05-16T22:57:40,37.04025,-76.06897,15.0,323.3,323.0,MSC ANTONIA,IMO9398216,D5QT7,70,0,304,40,13.5,70,A
373327000,2021-05-16T23:38:22,37.21667,-76.09156,0.0,336.3,17.0,ENERGY TRITON,IMO9602368,3FLG8,70,1,228,32,14.4,79,A
367821000,2021-05-16T22:22:10,36.97288,-76.43366,0.0,0.0,511.0,YANO,IMO7825409,NAQH,70,5,276,32,13.0,70,A
538005113,2021-05-16T23:38:28,37.20841,-76.11698,0.0,223.0,10.0,ALGOMA VISION,IMO9640944,V7BC3,70,1,228,32,13.5,70,A
636012908,2021-05-16T23:38:58,37.22756,-76.43675,0.0,256.4,256.0,TAVRICHESKY BRIDGE,IMO9292060,A8IZ6,80,5,182,32,12.2,80,A
218023000,2021-05-16T23:38:50,37.06966,-76.09505,17.2,332.8,334.0,DUBLIN EXPRESS,IMO9232577,DDSB2,70,0,280,32,12.5,79,A
338678000,2021-05-16T23:39:09,36.91625,-76.16845,0.0,211.7,10.0,DOLORES CHOUEST,IMO8225931,WCP8847,70,5,54,12,4.0,35,A
636010915,2021-05-16T23:38:43,37.18503,-76.15563,12.9,178.0,173.0,STOLT SPAN,IMO9149524,ELVQ7,80,0,162,23,10.1,80,A
367822000,2021-05-16T22:57:55,36.97313,-76.43385,0.0,0.0,1.0,USNS SHUGHART,IMO7825394,NAOQ,70,5,276,32,13.0,70,A
636018070,2021-05-16T22:57:42,36.87751,-76.34995,0.0,313.0,347.0,ARISTOMENIS,IMO9408841,D5OA5,70,5,349,45,15.0,71,A
367865000,2021-05-16T22:23:18,36.96248,-76.41929,0.0,0.0,188.0,KANAWHA,IMO8704080,NPTD,80,5,206,29,,35,A
367222000,2021-05-16T23:39:51,36.94835,-76.33074,0.0,0.0,101.0,WALTER S DIEHL,IMO8511495,NWSD,80,5,206,29,,0,A
220413000,2021-05-16T23:25:28,37.21506,-76.14328,12.3,18.4,18.0,GUNVOR MAERSK,IMO9302891,OYGC2,70,0,367,42,15.0,71,A
636010915,2021-05-16T23:39:53,37.18084,-76.15514,13.0,173.2,170.0,STOLT SPAN,IMO9149524,ELVQ7,80,0,162,23,10.1,80,A
367822000,2021-05-16T23:39:54,36.97312,-76.43385,0.0,0.0,1.0,USNS SHUGHART,IMO7825394,NAOQ,70,5,276,32,13.0,70,A
368445000,2021-05-16T22:59:22,36.96311,-76.42016,0.0,0.0,188.0,OVERSEAS NIKISKI,IMO9353577,WDBH,80,5,183,32,12.2,80,A
311072300,2021-05-16T23:40:03,37.08765,-76.10772,15.6,327.9,328.0,MORNING CLASSIC,IMO9441609,C6ZY7,70,0,199,32,10.0,70,A
367359930,2021-05-16T22:23:49,36.82420,-76.28911,0.0,270.9,511.0,SUNNY WILLIAMS,,WDE4940,80,0,25,8,,80,A
538005113,2021-05-16T22:59:27,37.20838,-76.11688,0.0,223.0,8.0,ALGOMA VISION,IMO9640944,V7BC3,70,1,228,32,13.5,70,A
367821000,2021-05-16T23:40:11,36.97285,-76.43367,0.0,0.0,511.0,YANO,IMO7825409,NAQH,70,5,276,32,13.0,70,A
371420000,2021-05-16T23:40:01,37.21109,-76.13205,0.0,169.9,22.0,DIONE,IMO9729881,3FOB6,70,1,229,32,7.5,70,A
565003000,2021-05-16T22:59:28,37.18677,-76.15485,9.9,189.3,185.0,BULK FINLAND,IMO9691577,9V2513,70,0,224,32,14.4,70,A
338846000,2021-05-16T23:41:34,36.86558,-76.31578,0.0,0.1,227.0,USNS MENDONCA,IMO9147320,NBMK,70,3,289,32,10.9,35,A
366841000,2021-05-16T23:40:01,36.85329,-76.31052,0.0,0.0,40.0,CAPE RAY,IMO7530810,KAFI,70,5,197,32,10.0,70,A
636018660,2021-05-16T23:40:40,37.19724,-76.15078,14.3,16.7,17.0,MSC ANTONIA,IMO9398216,D5QT7,70,0,304,40,13.5,70,A
636018660,2021-05-16T23:41:46,37.20142,-76.14923,14.3,16.6,17.0,MSC ANTONIA,IMO9398216,D5QT7,70,0,304,40,13.5,70,A
636010915,2021-05-16T23:41:03,37.17653,-76.15447,13.2,172.9,170.0,STOLT SPAN,IMO9149524,ELVQ7,80,0,162,23,10.1,80,A
366842000,2021-05-16T23:40:22,36.85384,-76.31122,0.0,0.0,42.0,CAPE RACE,IMO7616377,KAFJ,70,5,197,32,10.0,79,A
368026000,2021-05-16T23:40:27,36.86576,-76.31604,0.0,218.7,511.0,BENAVIDEZ,IMO9218210,NBHG,70,5,289,32,10.9,70,A
367865000,2021-05-16T23:41:18,36.96248,-76.41926,0.0,0.0,188.0,KANAWHA,IMO8704080,NPTD,80,5,206,29,,35,A
538009119,2021-05-16T23:41:40,36.87950,-76.32639,0.0,109.0,273.0,ARMONIA.GR,IMO9758868,V7A4344,70,5,199,32,6.5,70,A
311072300,2021-05-16T23:41:11,37.09175,-76.11099,15.7,327.2,328.0,MORNING CLASSIC,IMO9441609,C6ZY7,70,0,199,32,10.0,70,A
338846000,2021-05-16T23:26:25,36.86555,-76.31577,0.0,0.1,227.0,USNS MENDONCA,IMO9147320,NBMK,70,3,289,32,10.9,35,A
565003000,2021-05-16T23:00:09,37.18488,-76.15512,9.9,184.6,180.0,BULK FINLAND,IMO9691577,9V2513,70,0,224,32,14.4,70,A
368445000,2021-05-16T23:41:22,36.96312,-76.42015,0.0,0.0,188.0,OVERSEAS NIKISKI,IMO9353577,WDBH,80,5,183,32,12.2,80,A
636012908,2021-05-16T23:26:57,37.22756,-76.43681,0.0,256.1,256.0,TAVRICHESKY BRIDGE,IMO9292060,A8IZ6,80,5,182,32,12.2,80,A
366839000,2021-05-16T22:25:08,36.85347,-76.31080,0.0,0.0,40.0,CAPE RISE,IMO7530808,KAFG,70,5,197,32,10.0,70,A
565003000,2021-05-16T23:41:49,37.07400,-76.09956,10.4,148.0,146.0,BULK FINLAND,IMO9691577,9V2513,70,0,224,32,14.4,70,A
477231100,2021-05-16T23:00:53,37.18323,-76.11027,0.1,278.3,8.0,CL CHRISTINA,IMO9710892,VRSE5,70,1,200,32,6.9,70,A
366842000,2021-05-16T23:01:16,36.85381,-76.31119,0.0,0.0,43.0,CAPE RACE,IMO7616377,KAFJ,70,5,197,32,10.0,79,A
256116000,2021-05-16T23:42:29,36.90812,-76.32680,0.0,195.4,352.0,VIRGINIA TRADER,IMO9344552,9HA3823,70,5,211,29,11.4,79,A
371420000,2021-05-16T22:25:01,37.21128,-76.13218,0.0,169.9,18.0,DIONE,IMO9729881,3FOB6,70,1,229,32,7.5,70,A
565003000,2021-05-16T22:25:38,37.25922,-76.11065,6.9,320.7,310.0,BULK FINLAND,IMO9691577,9V2513,70,0,224,32,14.4,70,A
538003886,2021-05-16T23:42:40,36.91123,-76.32731,0.0,75.8,351.0,MOL MAXIM,IMO9424936,V7TU3,70,5,302,43,14.2,71,A
636015650,2021-05-16T23:42:54,36.96283,-76.42409,0.0,36.0,39.0,NS ENERGY,IMO9609732,D5CA8,70,5,225,32,14.2,79,A
636010915,2021-05-16T23:27:23,37.22201,-76.14246,10.2,196.4,195.0,STOLT SPAN,IMO9149524,ELVQ7,80,0,162,23,10.1,80,A
357997000,2021-05-16T23:43:41,37.20196,-76.08971,0.0,88.5,12.0,NORD TREASURE,IMO9566459,3ESI7,70,1,189,32,12.7,70,A
477231100,2021-05-16T23:42:53,37.18321,-76.11038,0.1,354.2,13.0,CL CHRISTINA,IMO9710892,VRSE5,70,1,200,32,6.9,70,A
373327000,2021-05-16T23:02:22,37.21665,-76.09118,0.1,291.9,7.0,ENERGY TRITON,IMO9602368,3FLG8,70,1,228,32,14.4,79,A
636018660,2021-05-16T23:42:52,37.20556,-76.14768,14.4,16.7,17.0,MSC ANTONIA,IMO9398216,D5QT7,70,0,304,40,13.5,70,A
311072300,2021-05-16T23:43:23,37.09992,-76.11740,15.7,329.8,330.0,MORNING CLASSIC,IMO9441609,C6ZY7,70,0,199,32,10.0,70,A
636018070,2021-05-16T23:42:39,36.87752,-76.34996,0.0,338.4,347.0,ARISTOMENIS,IMO9408841,D5OA5,70,5,349,45,15.0,71,A
367222000,2021-05-16T23:42:50,36.94839,-76.33075,0.0,0.0,101.0,WALTER S DIEHL,IMO8511495,NWSD,80,5,206,29,,0,A
373327000,2021-05-16T23:44:22,37.21667,-76.09145,0.0,63.9,16.0,ENERGY TRITON,IMO9602368,3FLG8,70,1,228,32,14.4,79,A
218023000,2021-05-16T23:43:26,37.08835,-76.10856,16.6,327.2,329.0,DUBLIN EXPRESS,IMO9232577,DDSB2,70,0,280,32,12.5,79,A
367865000,2021-05-16T23:44:18,36.96251,-76.41930,0.0,0.0,188.0,KANAWHA,IMO8704080,NPTD,80,5,206,29,,35,A
367865000,2021-05-16T22:26:18,36.96247,-76.41926,0.0,0.0,188.0,KANAWHA,IMO8704080,NPTD,80,5,206,29,,35,A
477286200,2021-05-16T22:25:53,37.00739,-76.24146,14.3,103.7,107.0,COSCOSHIPPING ORCHID,IMO9785770,VRSK7,71,0,366,48,12.0,71,A
218023000,2021-05-16T23:44:32,37.09261,-76.11199,16.5,327.1,329.0,DUBLIN EXPRESS,IMO9232577,DDSB2,70,0,280,32,12.5,79,A
538005113,2021-05-16T22:26:32,37.20838,-76.11679,0.0,223.0,6.0,ALGOMA VISION,IMO9640944,V7BC3,70,1,228,32,13.5,70,A
368026000,2021-05-16T23:43:26,36.86578,-76.31604,0.0,218.7,511.0,BENAVIDEZ,IMO9218210,NBHG,70,5,289,32,10.9,70,A
367359930,2021-05-16T23:44:20,36.82420,-76.28912,0.0,248.0,511.0,SUNNY WILLIAMS,,WDE4940,80,0,25,8,,80,A
636015650,2021-05-16T23:27:55,36.96281,-76.42405,0.0,36.0,39.0,NS ENERGY,IMO9609732,D5CA8,70,5,225,32,14.2,79,A
636015650,2021-05-16T23:45:56,36.96286,-76.42409,0.0,36.0,39.0,NS ENERGY,IMO9609732,D5CA8,70,5,225,32,14.2,79,A
220413000,2021-05-16T23:44:18,37.27723,-76.11964,12.4,18.0,18.0,GUNVOR MAERSK,IMO9302891,OYGC2,70,0,367,42,15.0,71,A
311072300,2021-05-16T23:44:28,37.10404,-76.12034,15.8,330.1,331.0,MORNING CLASSIC,IMO9441609,C6ZY7,70,0,199,32,10.0,70,A
636010915,2021-05-16T23:44:42,37.16302,-76.15232,13.5,173.1,171.0,STOLT SPAN,IMO9149524,ELVQ7,80,0,162,23,10.1,80,A
367222000,2021-05-16T23:45:51,36.94836,-76.33072,0.0,0.0,101.0,WALTER S DIEHL,IMO8511495,NWSD,80,5,206,29,,0,A
367822000,2021-05-16T23:27:53,36.97314,-76.43387,0.0,0.0,0.0,USNS SHUGHART,IMO7825394,NAOQ,70,5,276,32,13.0,70,A
338846000,2021-05-16T23:46:15,36.86550,-76.31582,0.0,0.1,227.0,USNS MENDONCA,IMO9147320,NBMK,70,3,289,32,10.9,35,A
477286200,2021-05-16T22:28:06,37.00466,-76.23102,14.4,108.1,108.0,COSCOSHIPPING ORCHID,IMO9785770,VRSK7,71,0,366,48,12.0,71,A
368445000,2021-05-16T23:44:22,36.96310,-76.42012,0.0,0.0,188.0,OVERSEAS NIKISKI,IMO9353577,WDBH,80,5,183,32,12.2,80,A
372348000,2021-05-16T23:44:43,37.19124,-76.09700,0.1,60.2,14.0,PRT KAHO,IMO9701152,3FGE7,70,1,224,32,14.4,70,A
636010915,2021-05-16T23:28:24,37.21923,-76.14342,10.6,195.3,195.0,STOLT SPAN,IMO9149524,ELVQ7,80,0,162,23,10.1,80,A
477231100,2021-05-16T23:45:53,37.18324,-76.11039,0.0,338.0,15.0,CL CHRISTINA,IMO9710892,VRSE5,70,1,200,32,6.9,70,A
357997000,2021-05-16T23:46:41,37.20197,-76.08975,0.1,330.7,12.0,NORD TREASURE,IMO9566459,3ESI7,70,1,189,32,12.7,70,A
477231100,2021-05-16T22:27:53,37.18318,-76.10993,0.1,266.9,3.0,CL CHRISTINA,IMO9710892,VRSE5,70,1,200,32,6.9,70,A
367822000,2021-05-16T22:27:54,36.97312,-76.43385,0.0,0.0,1.0,USNS SHUGHART,IMO7825394,NAOQ,70,5,276,32,13.0,70,A
367222000,2021-05-16T22:27:51,36.94834,-76.33070,0.0,0.0,101.0,WALTER S DIEHL,IMO8511495,NWSD,80,5,206,29,,0,A
373327000,2021-05-16T23:05:22,37.21663,-76.09119,0.1,261.0,7.0,ENERGY TRITON,IMO9602368,3FLG8,70,1,228,32,14.4,79,A
538005113,2021-05-16T23:29:32,37.20838,-76.11700,0.0,223.0,10.0,ALGOMA VISION,IMO9640944,V7BC3,70,1,228,32,13.5,70,A
372348000,2021-05-16T23:05:43,37.19121,-76.09683,0.1,287.4,5.0,PRT KAHO,IMO9701152,3FGE7,70,1,224,32,14.4,70,A
367359930,2021-05-16T23:45:28,36.82422,-76.28912,0.0,247.4,511.0,SUNNY WILLIAMS,,WDE4940,80,0,25,8,,80,A
368026000,2021-05-16T22:28:27,36.86574,-76.31602,0.0,218.7,511.0,BENAVIDEZ,IMO9218210,NBHG,70,5,289,32,10.9,70,A
636010915,2021-05-16T23:45:43,37.15921,-76.15171,13.6,172.5,171.0,STOLT SPAN,IMO9149524,ELVQ7,80,0,162,23,10.1,80,A
371420000,2021-05-16T23:46:03,37.21108,-76.13195,0.0,169.9,20.0,DIONE,IMO9729881,3FOB6,70,1,229,32,7.5,70,A
565003000,2021-05-16T23:46:28,37.06273,-76.09034,10.4,144.2,141.0,BULK FINLAND,IMO9691577,9V2513,70,0,224,32,14.4,70,A
636010915,2021-05-16T23:46:53,37.15486,-76.15100,13.7,172.8,171.0,STOLT SPAN,IMO9149524,ELVQ7,80,0,162,23,10.1,80,A
636012908,2021-05-16T23:05:58,37.22758,-76.43677,0.0,255.9,255.0,TAVRICHESKY BRIDGE,IMO9292060,A8IZ6,80,5,182,32,12.2,80,A
372348000,2021-05-16T23:47:43,37.19121,-76.09694,0.0,52.5,12.0,PRT KAHO,IMO9701152,3FGE7,70,1,224,32,14.4,70,A
311072300,2021-05-16T23:47:52,37.11712,-76.12945,15.8,331.5,332.0,MORNING CLASSIC,IMO9441609,C6ZY7,70,0,199,32,10.0,70,A
367359930,2021-05-16T22:29:38,36.82420,-76.28912,0.0,251.5,511.0,SUNNY WILLIAMS,,WDE4940,80,0,25,8,,80,A
636012908,2021-05-16T23:47:57,37.22759,-76.43677,0.0,256.4,256.0,TAVRICHESKY BRIDGE,IMO9292060,A8IZ6,80,5,182,32,12.2,80,A
538009119,2021-05-16T23:47:38,36.87947,-76.32639,0.0,109.0,273.0,ARMONIA.GR,IMO9758868,V7A4344,70,5,199,32,6.5,70,A
220413000,2021-05-16T22:29:48,37.04466,-76.07272,12.1,321.9,323.0,GUNVOR MAERSK,IMO9302891,OYGC2,70,0,367,42,15.0,71,A
357997000,2021-05-16T23:07:41,37.20196,-76.08983,0.1,103.6,15.0,NORD TREASURE,IMO9566459,3ESI7,70,1,189,32,12.7,70,A
366839000,2021-05-16T23:49:07,36.85347,-76.31082,0.0,0.0,40.0,CAPE RISE,IMO7530808,KAFG,70,5,197,32,10.0,70,A
220413000,2021-05-16T23:48:37,37.29142,-76.11397,12.7,20.2,25.0,GUNVOR MAERSK,IMO9302891,OYGC2,70,0,367,42,15.0,71,A
371420000,2021-05-16T23:49:04,37.21109,-76.13196,0.0,169.9,20.0,DIONE,IMO9729881,3FOB6,70,1,229,32,7.5,70,A
256116000,2021-05-16T23:30:29,36.90810,-76.32687,0.0,195.4,352.0,VIRGINIA TRADER,IMO9344552,9HA3823,70,5,211,29,11.4,79,A
538005067,2021-05-16T23:31:07,37.26788,-76.10153,0.0,153.1,10.0,AM KRAKOW,IMO9624122,V7AU2,70,1,229,32,14.5,70,A
256116000,2021-05-16T22:30:29,36.90825,-76.32683,0.0,195.4,352.0,VIRGINIA TRADER,IMO9344552,9HA3823,70,5,211,29,11.4,71,A
538009119,2021-05-16T23:08:36,36.87951,-76.32634,0.0,109.0,273.0,ARMONIA.GR,IMO9758868,V7A4344,70,5,199,32,6.5,70,A
565003000,2021-05-16T23:31:18,37.10083,-76.11844,10.6,150.6,148.0,BULK FINLAND,IMO9691577,9V2513,70,0,224,32,14.4,70,A
338846000,2021-05-16T22:30:46,36.86553,-76.31580,0.0,0.1,227.0,USNS MENDONCA,IMO9147320,NBMK,70,3,289,32,10.9,35,A
367222000,2021-05-16T22:30:51,36.94835,-76.33069,0.0,0.0,101.0,WALTER S DIEHL,IMO8511495,NWSD,80,5,206,29,,0,A
367865000,2021-05-16T23:50:18,36.96247,-76.41934,0.0,0.0,188.0,KANAWHA,IMO8704080,NPTD,80,5,206,29,,35,A
338678000,2021-05-16T23:09:09,36.91625,-76.16843,0.0,231.7,11.0,DOLORES CHOUEST,IMO8225931,WCP8847,70,5,54,12,4.0,35,A
338846000,2021-05-16T23:49:45,36.86557,-76.31578,0.0,0.1,227.0,USNS MENDONCA,IMO9147320,NBMK,70,3,289,32,10.9,35,A
338846000,2021-05-16T23:10:15,36.86557,-76.31580,0.0,0.1,227.0,USNS MENDONCA,IMO9147320,NBMK,70,3,289,32,10.9,35,A
636012908,2021-05-16T23:08:55,37.22756,-76.43678,0.0,255.9,255.0,TAVRICHESKY BRIDGE,IMO9292060,A8IZ6,80,5,182,32,12.2,80,A
636012908,2021-05-16T23:50:58,37.22756,-76.43680,0.0,256.4,256.0,TAVRICHESKY BRIDGE,IMO9292060,A8IZ6,80,5,182,32,12.2,80,A
367822000,2021-05-16T22:30:55,36.97312,-76.43385,0.0,0.0,1.0,USNS SHUGHART,IMO7825394,NAOQ,70,5,276,32,13.0,70,A
565003000,2021-05-16T22:31:09,37.25910,-76.12370,8.1,233.7,231.0,BULK FINLAND,IMO9691577,9V2513,70,0,224,32,14.4,70,A
220413000,2021-05-16T23:31:57,37.23635,-76.13551,12.3,17.3,17.0,GUNVOR MAERSK,IMO9302891,OYGC2,70,0,367,42,15.0,71,A
220413000,2021-05-16T23:09:57,37.16341,-76.15136,12.1,350.1,351.0,GUNVOR MAERSK,IMO9302891,OYGC2,70,0,367,42,15.0,71,A
338846000,2021-05-16T22:31:54,36.86558,-76.31580,0.0,0.1,227.0,USNS MENDONCA,IMO9147320,NBMK,70,3,289,32,10.9,35,A
538005113,2021-05-16T23:50:29,37.20842,-76.11704,0.0,223.0,13.0,ALGOMA VISION,IMO9640944,V7BC3,70,1,228,32,13.5,70,A
311072300,2021-05-16T23:51:10,37.12994,-76.13804,15.8,330.8,330.0,MORNING CLASSIC,IMO9441609,C6ZY7,70,0,199,32,10.0,70,A
636010915,2021-05-16T23:10:22,37.27437,-76.12072,12.0,197.4,197.0,STOLT SPAN,IMO9149524,ELVQ7,80,0,162,23,10.1,80,A
366839000,2021-05-16T23:52:00,36.85352,-76.31082,0.0,0.0,40.0,CAPE RISE,IMO7530808,KAFG,70,5,197,32,10.0,70,A
368445000,2021-05-16T22:32:22,36.96309,-76.42006,0.0,0.0,188.0,OVERSEAS NIKISKI,IMO9353577,WDBH,80,5,183,32,12.2,80,A
367359930,2021-05-16T23:51:10,36.82421,-76.28912,0.0,251.1,511.0,SUNNY WILLIAMS,,WDE4940,80,0,25,8,,80,A
636010915,2021-05-16T23:51:33,37.13789,-76.14580,13.1,153.1,150.0,STOLT SPAN,IMO9149524,ELVQ7,80,0,162,23,10.1,80,A
538009119,2021-05-16T22:32:36,36.87949,-76.32637,0.0,109.0,273.0,ARMONIA.GR,IMO9758868,V7A4344,70,5,199,32,6.5,70,A
357997000,2021-05-16T23:10:41,37.20195,-76.08969,0.1,80.5,11.0,NORD TREASURE,IMO9566459,3ESI7,70,1,189,32,12.7,70,A
311072300,2021-05-16T23:52:16,37.13413,-76.14104,15.8,329.5,330.0,MORNING CLASSIC,IMO9441609,C6ZY7,70,0,199,32,10.0,70,A
368445000,2021-05-16T23:32:22,36.96309,-76.42015,0.0,0.0,188.0,OVERSEAS NIKISKI,IMO9353577,WDBH,80,5,183,32,12.2,80,A
256116000,2021-05-16T23:51:30,36.90830,-76.32687,0.0,195.4,352.0,VIRGINIA TRADER,IMO9344552,9HA3823,70,5,211,29,11.4,79,A
636018660,2021-05-16T23:51:34,37.23930,-76.13468,14.6,17.6,18.0,MSC ANTONIA,IMO9398216,D5QT7,70,0,304,40,13.5,70,A
565003000,2021-05-16T23:52:19,37.04915,-76.07752,10.5,142.0,139.0,BULK FINLAND,IMO9691577,9V2513,70,0,224,32,14.4,70,A
368026000,2021-05-16T23:52:27,36.86577,-76.31605,0.0,218.7,511.0,BENAVIDEZ,IMO9218210,NBHG,70,5,289,32,10.9,70,A
220413000,2021-05-16T23:52:08,37.30274,-76.10590,13.8,30.0,30.0,GUNVOR MAERSK,IMO9302891,OYGC2,70,0,367,42,15.0,71,A
367822000,2021-05-16T23:51:54,36.97312,-76.43385,0.0,0.0,1.0,USNS SHUGHART,IMO7825394,NAOQ,70,5,276,32,13.0,70,A
373327000,2021-05-16T23:53:22,37.21665,-76.09131,0.1,106.9,15.0,ENERGY TRITON,IMO9602368,3FLG8,70,1,228,32,14.4,79,A
565003000,2021-05-16T23:51:09,37.05186,-76.08013,10.5,143.1,139.0,BULK FINLAND,IMO9691577,9V2513,70,0,224,32,14.4,70,A
220413000,2021-05-16T23:53:12,37.30635,-76.10326,14.2,29.9,30.0,GUNVOR MAERSK,IMO9302891,OYGC2,70,0,367,42,15.0,71,A
338846000,2021-05-16T23:52:06,36.86553,-76.31580,0.0,0.1,227.0,USNS MENDONCA,IMO9147320,NBMK,70,3,289,32,10.9,35,A
372348000,2021-05-16T23:11:43,37.19122,-76.09687,0.0,278.0,7.0,PRT KAHO,IMO9701152,3FGE7,70,1,224,32,14.4,70,A
538003886,2021-05-16T23:54:35,36.91134,-76.32730,0.0,75.8,351.0,MOL MAXIM,IMO9424936,V7TU3,70,5,302,43,14.2,71,A
338846000,2021-05-16T23:54:35,36.86555,-76.31582,0.0,0.1,227.0,USNS MENDONCA,IMO9147320,NBMK,70,3,289,32,10.9,35,A
367633000,2021-05-16T23:54:13,36.96627,-76.42779,0.0,332.4,223.0,LONESTAR STATE,IMO9697985,WLSY,80,5,178,,,80,A
538003886,2021-05-16T23:12:37,36.91112,-76.32745,0.0,75.8,351.0,MOL MAXIM,IMO9424936,V7TU3,70,5,302,43,14.2,71,A
636010915,2021-05-16T23:12:43,37.26694,-76.12370,12.0,198.0,198.0,STOLT SPAN,IMO9149524,ELVQ7,80,0,162,23,10.1,80,A
636018070,2021-05-16T23:12:41,36.87745,-76.34993,0.1,323.2,347.0,ARISTOMENIS,IMO9408841,D5OA5,70,5,349,45,15.0,71,A
636012908,2021-05-16T23:11:57,37.22755,-76.43680,0.0,256.0,256.0,TAVRICHESKY BRIDGE,IMO9292060,A8IZ6,80,5,182,32,12.2,80,A
565003000,2021-05-16T23:12:49,37.14875,-76.14983,10.8,169.8,169.0,BULK FINLAND,IMO9691577,9V2513,70,0,224,32,14.4,70,A
220413000,2021-05-16T23:54:18,37.31005,-76.10056,14.3,30.4,27.0,GUNVOR MAERSK,IMO9302891,OYGC2,70,0,367,42,15.0,71,A
636015650,2021-05-16T23:54:56,36.96285,-76.42411,0.0,36.0,39.0,NS ENERGY,IMO9609732,D5CA8,70,5,225,32,14.2,79,A
565003000,2021-05-16T23:54:29,37.04415,-76.07267,10.5,143.2,139.0,BULK FINLAND,IMO9691577,9V2513,70,0,224,32,14.4,70,A
256116000,2021-05-16T23:54:28,36.90828,-76.32680,0.0,195.4,352.0,VIRGINIA TRADER,IMO9344552,9HA3823,70,5,211,29,11.4,79,A
218023000,2021-05-16T23:54:31,37.13133,-76.13850,14.9,328.3,330.0,DUBLIN EXPRESS,IMO9232577,DDSB2,70,0,280,32,12.5,79,A
218023000,2021-05-16T23:53:25,37.12739,-76.13561,15.1,331.8,332.0,DUBLIN EXPRESS,IMO9232577,DDSB2,70,0,280,32,12.5,79,A
636018070,2021-05-16T23:54:43,36.87746,-76.34994,0.1,357.8,347.0,ARISTOMENIS,IMO9408841,D5OA5,70,5,349,45,15.0,71,A
636010915,2021-05-16T23:54:53,37.12713,-76.13840,13.2,147.2,143.0,STOLT SPAN,IMO9149524,ELVQ7,80,0,162,23,10.1,80,A
538005113,2021-05-16T22:35:28,37.20839,-76.11678,0.0,223.0,6.0,ALGOMA VISION,IMO9640944,V7BC3,70,1,228,32,13.5,70,A
371420000,2021-05-16T22:36:59,37.21119,-76.13214,0.0,169.9,18.0,DIONE,IMO9729881,3FOB6,70,1,229,32,7.5,70,A
218023000,2021-05-16T23:55:37,37.13514,-76.14151,14.8,328.2,331.0,DUBLIN EXPRESS,IMO9232577,DDSB2,70,0,280,32,12.5,79,A
366842000,2021-05-16T23:55:16,36.85383,-76.31115,0.0,0.0,42.0,CAPE RACE,IMO7616377,KAFJ,70,5,197,32,10.0,79,A
367822000,2021-05-16T22:36:54,36.97312,-76.43385,0.0,0.0,1.0,USNS SHUGHART,IMO7825394,NAOQ,70,5,276,32,13.0,70,A
538005067,2021-05-16T22:37:07,37.26791,-76.10178,0.0,92.9,17.0,AM KRAKOW,IMO9624122,V7AU2,70,1,229,32,14.5,70,A
311072300,2021-05-16T23:54:28,37.14271,-76.14660,15.8,338.7,340.0,MORNING CLASSIC,IMO9441609,C6ZY7,70,0,199,32,10.0,70,A
368026000,2021-05-16T22:37:26,36.86577,-76.31601,0.0,218.7,511.0,BENAVIDEZ,IMO9218210,NBHG,70,5,289,32,10.9,70,A
357997000,2021-05-16T23:34:41,37.20201,-76.08990,0.1,147.9,16.0,NORD TREASURE,IMO9566459,3ESI7,70,1,189,32,12.7,70,A
367821000,2021-05-16T23:55:11,36.97284,-76.43366,0.0,0.0,511.0,YANO,IMO7825409,NAQH,70,5,276,32,13.0,70,A
367865000,2021-05-16T22:38:19,36.96244,-76.41930,0.0,0.0,188.0,KANAWHA,IMO8704080,NPTD,80,5,206,29,,35,A
636018660,2021-05-16T23:55:57,37.25631,-76.12783,14.7,17.6,18.0,MSC ANTONIA,IMO9398216,D5QT7,70,0,304,40,13.5,70,A
311072300,2021-05-16T23:56:41,37.15199,-76.15027,15.7,351.2,351.0,MORNING CLASSIC,IMO9441609,C6ZY7,70,0,199,32,10.0,70,A
220413000,2021-05-16T22:37:57,37.06663,-76.09297,11.9,330.2,329.0,GUNVOR MAERSK,IMO9302891,OYGC2,70,0,367,42,15.0,71,A
367822000,2021-05-16T23:54:55,36.97311,-76.43384,0.0,0.0,1.0,USNS SHUGHART,IMO7825394,NAOQ,70,5,276,32,13.0,70,A
368026000,2021-05-16T23:55:27,36.86577,-76.31603,0.0,218.7,511.0,BENAVIDEZ,IMO9218210,NBHG,70,5,289,32,10.9,70,A
636012908,2021-05-16T23:35:57,37.22757,-76.43676,0.0,256.3,256.0,TAVRICHESKY BRIDGE,IMO9292060,A8IZ6,80,5,182,32,12.2,80,A
636018660,2021-05-16T23:36:16,37.18003,-76.15446,14.8,2.3,8.0,MSC ANTONIA,IMO9398216,D5QT7,70,0,304,40,13.5,70,A
338678000,2021-05-16T23:57:09,36.91623,-76.16845,0.0,276.8,10.0,DOLORES CHOUEST,IMO8225931,WCP8847,70,5,54,12,4.0,35,A
367359930,2021-05-16T23:56:00,36.82419,-76.28913,0.0,260.4,511.0,SUNNY WILLIAMS,,WDE4940,80,0,25,8,,80,A
366839000,2021-05-16T23:16:07,36.85346,-76.31086,0.0,0.0,40.0,CAPE RISE,IMO7530808,KAFG,70,5,197,32,10.0,70,A
371420000,2021-05-16T23:58:02,37.21106,-76.13199,0.0,169.9,20.0,DIONE,IMO9729881,3FOB6,70,1,229,32,7.5,70,A
229821000,2021-05-16T21:49:45,36.98505,-76.15694,14.5,108.3,108.0,GALANI,IMO9337597,9HA3640,70,0,176,27,10.9,71,A
218023000,2021-05-16T23:57:49,37.14287,-76.14752,15.1,329.1,338.0,DUBLIN EXPRESS,IMO9232577,DDSB2,70,0,280,32,12.5,79,A
477231100,2021-05-16T23:57:53,37.18323,-76.11045,0.1,286.6,18.0,CL CHRISTINA,IMO9710892,VRSE5,70,1,200,32,6.9,70,A
538003886,2021-05-16T23:57:37,36.91119,-76.32741,0.0,75.8,351.0,MOL MAXIM,IMO9424936,V7TU3,70,5,302,43,14.2,71,A
220413000,2021-05-16T23:57:54,37.32330,-76.09342,14.5,25.1,25.0,GUNVOR MAERSK,IMO9302891,OYGC2,70,0,367,42,15.0,71,A
367821000,2021-05-16T23:58:11,36.97286,-76.43367,0.0,0.0,511.0,YANO,IMO7825409,NAQH,70,5,276,32,13.0,70,A
565003000,2021-05-16T21:50:02,37.24351,-76.10934,0.8,359.6,354.0,BULK FINLAND,IMO9691577,9V2513,70,1,224,32,14.4,70,A
367359930,2021-05-16T23:58:20,36.82420,-76.28913,0.0,284.5,511.0,SUNNY WILLIAMS,,WDE4940,80,0,25,8,,80,A
477286200,2021-05-16T22:39:59,36.98946,-76.17364,14.6,107.2,106.0,COSCOSHIPPING ORCHID,IMO9785770,VRSK7,71,0,366,48,12.0,71,A
367822000,2021-05-16T23:36:55,36.97312,-76.43385,0.0,0.0,1.0,USNS SHUGHART,IMO7825394,NAOQ,70,5,276,32,13.0,70,A
636018660,2021-05-16T23:17:40,37.10963,-76.12326,15.2,333.3,334.0,MSC ANTONIA,IMO9398216,D5QT7,70,0,304,40,13.5,70,A
367359930,2021-05-16T21:49:48,36.82420,-76.28912,0.0,258.5,511.0,SUNNY WILLIAMS,,WDE4940,80,0,25,8,,80,A
220413000,2021-05-16T22:40:09,37.07292,-76.09769,11.8,329.9,330.0,GUNVOR MAERSK,IMO9302891,OYGC2,70,0,367,42,15.0,71,A
366839000,2021-05-16T23:58:05,36.85349,-76.31082,0.0,0.0,40.0,CAPE RISE,IMO7530808,KAFG,70,5,197,32,10.0,70,A
372348000,2021-05-16T21:50:43,37.19116,-76.09650,0.1,315.5,2.0,PRT KAHO,IMO9701152,3FGE7,70,1,224,32,14.4,70,A
357997000,2021-05-16T23:58:41,37.20192,-76.08968,0.1,87.2,15.0,NORD TREASURE,IMO9566459,3ESI7,70,1,189,32,12.7,70,A
338846000,2021-05-16T23:17:05,36.86552,-76.31580,0.0,0.1,227.0,USNS MENDONCA,IMO9147320,NBMK,70,3,289,32,10.9,35,A
367222000,2021-05-16T22:39:50,36.94834,-76.33071,0.0,0.0,101.0,WALTER S DIEHL,IMO8511495,NWSD,80,5,206,29,,0,A
636010915,2021-05-16T23:59:33,37.11254,-76.12639,13.6,150.5,147.0,STOLT SPAN,IMO9149524,ELVQ7,80,0,162,23,10.1,80,A
357997000,2021-05-16T22:40:41,37.20190,-76.08943,0.3,281.0,6.0,NORD TREASURE,IMO9566459,3ESI7,70,1,189,32,12.7,70,A
368445000,2021-05-16T23:38:23,36.96307,-76.42011,0.0,0.0,188.0,OVERSEAS NIKISKI,IMO9353577,WDBH,80,5,183,32,12.2,80,A
220413000,2021-05-16T22:41:18,37.07612,-76.10000,11.9,330.7,330.0,GUNVOR MAERSK,IMO9302891,OYGC2,70,0,367,42,15.0,71,A
311072300,2021-05-16T23:59:58,37.16619,-76.15261,15.7,352.6,353.0,MORNING CLASSIC,IMO9441609,C6ZY7,70,0,199,32,10.0,70,A
636012908,2021-05-16T23:59:59,37.22756,-76.43676,0.0,256.2,256.0,TAVRICHESKY BRIDGE,IMO9292060,A8IZ6,80,5,182,32,12.2,80,A
372348000,2021-05-16T23:59:43,37.19126,-76.09700,0.0,351.0,15.0,PRT KAHO,IMO9701152,3FGE7,70,1,224,32,14.4,70,A
636015650,2021-05-16T23:39:51,36.96280,-76.42407,0.0,36.0,39.0,NS ENERGY,IMO9609732,D5CA8,70,5,225,32,14.2,79,A
636015650,2021-05-16T23:18:53,36.96285,-76.42408,0.0,36.0,39.0,NS ENERGY,IMO9609732,D5CA8,70,5,225,32,14.2,79,A
477231100,2021-05-16T23:39:53,37.18320,-76.11039,0.0,338.2,13.0,CL CHRISTINA,IMO9710892,VRSE5,70,1,200,32,6.9,70,A
256116000,2021-05-16T21:51:28,36.90818,-76.32683,0.0,195.4,352.0,VIRGINIA TRADER,IMO9344552,9HA3823,70,5,211,29,11.4,71,A
220413000,2021-05-16T22:42:37,37.07993,-76.10277,11.9,329.4,330.0,GUNVOR MAERSK,IMO9302891,OYGC2,70,0,367,42,15.0,71,A
367359930,2021-05-16T23:59:39,36.82417,-76.28911,0.0,293.4,511.0,SUNNY WILLIAMS,,WDE4940,80,0,25,8,,80,A
367865000,2021-05-16T23:20:19,36.96246,-76.41931,0.0,0.0,188.0,KANAWHA,IMO8704080,NPTD,80,5,206,29,,35,A
565003000,2021-05-16T22:41:58,37.23325,-76.13701,10.0,198.9,199.0,BULK FINLAND,IMO9691577,9V2513,70,0,224,32,14.4,70,A
636018660,2021-05-16T23:20:52,37.12124,-76.13126,15.0,329.7,331.0,MSC ANTONIA,IMO9398216,D5QT7,70,0,304,40,13.5,70,A
256116000,2021-05-16T23:39:28,36.90818,-76.32687,0.0,195.4,352.0,VIRGINIA TRADER,IMO9344552,9HA3823,70,5,211,29,11.4,79,A
565003000,2021-05-16T23:19:49,37.13022,-76.13945,10.5,150.5,148.0,BULK FINLAND,IMO9691577,9V2513,70,0,224,32,14.4,70,A
538005067,2021-05-16T21:52:08,37.26817,-76.10275,0.0,100.3,32.0,AM KRAKOW,IMO9624122,V7AU2,70,1,229,32,14.5,70,A
357997000,2021-05-16T23:40:41,37.20195,-76.08974,0.1,88.3,14.0,NORD TREASURE,IMO9566459,3ESI7,70,1,189,32,12.7,70,A
338846000,2021-05-16T23:40:24,36.86560,-76.31573,0.0,0.1,227.0,USNS MENDONCA,IMO9147320,NBMK,70,3,289,32,10.9,35,A
366839000,2021-05-16T23:40:05,36.85350,-76.31080,0.0,0.0,40.0,CAPE RISE,IMO7530808,KAFG,70,5,197,32,10.0,70,A
373327000,2021-05-16T23:41:22,37.21666,-76.09150,0.1,75.1,17.0,ENERGY TRITON,IMO9602368,3FLG8,70,1,228,32,14.4,79,A
367359930,2021-05-16T21:53:19,36.82419,-76.28912,0.0,255.9,511.0,SUNNY WILLIAMS,,WDE4940,80,0,25,8,,80,A
367359930,2021-05-16T23:40:50,36.82422,-76.28914,0.0,254.0,511.0,SUNNY WILLIAMS,,WDE4940,80,0,25,8,,80,A
338846000,2021-05-16T22:43:25,36.86553,-76.31578,0.0,0.1,227.0,USNS MENDONCA,IMO9147320,NBMK,70,3,289,32,10.9,35,A
220413000,2021-05-16T23:40:37,37.26504,-76.12440,12.4,16.9,17.0,GUNVOR MAERSK,IMO9302891,OYGC2,70,0,367,42,15.0,71,A
220413000,2021-05-16T22:43:48,37.08329,-76.10523,11.9,330.1,330.0,GUNVOR MAERSK,IMO9302891,OYGC2,70,0,367,42,15.0,71,A
372348000,2021-05-16T23:41:43,37.19123,-76.09704,0.0,306.4,14.0,PRT KAHO,IMO9701152,3FGE7,70,1,224,32,14.4,70,A
636018070,2021-05-16T21:54:41,36.87747,-76.34992,0.1,304.8,347.0,ARISTOMENIS,IMO9408841,D5OA5,70,5,349,45,15.0,71,A
368445000,2021-05-16T23:23:22,36.96306,-76.42016,0.0,0.0,188.0,OVERSEAS NIKISKI,IMO9353577,WDBH,80,5,183,32,12.2,80,A
338846000,2021-05-16T23:21:45,36.86557,-76.31578,0.0,0.1,227.0,USNS MENDONCA,IMO9147320,NBMK,70,3,289,32,10.9,35,A
538009119,2021-05-16T23:44:38,36.87951,-76.32637,0.0,109.0,273.0,ARMONIA.GR,IMO9758868,V7A4344,70,5,199,32,6.5,70,A
366839000,2021-05-16T23:43:06,36.85351,-76.31078,0.0,0.0,40.0,CAPE RISE,IMO7530808,KAFG,70,5,197,32,10.0,70,A
372348000,2021-05-16T23:23:43,37.19122,-76.09682,0.1,309.2,5.0,PRT KAHO,IMO9701152,3FGE7,70,1,224,32,14.4,70,A
338678000,2021-05-16T23:24:08,36.91624,-76.16846,0.0,210.3,10.0,DOLORES CHOUEST,IMO8225931,WCP8847,70,5,54,12,4.0,35,A
367865000,2021-05-16T23:23:18,36.96253,-76.41935,0.0,0.0,188.0,KANAWHA,IMO8704080,NPTD,80,5,206,29,,35,A
229821000,2021-05-16T21:56:22,36.97668,-76.12511,14.8,107.9,108.0,GALANI,IMO9337597,9HA3640,70,0,176,27,10.9,71,A
338846000,2021-05-16T21:55:34,36.86555,-76.31577,0.0,0.1,227.0,USNS MENDONCA,IMO9147320,NBMK,70,3,289,32,10.9,35,A
338846000,2021-05-16T23:23:05,36.86553,-76.31578,0.0,0.1,227.0,USNS MENDONCA,IMO9147320,NBMK,70,3,289,32,10.9,35,A
367359930,2021-05-16T23:43:09,36.82420,-76.28912,0.0,250.7,511.0,SUNNY WILLIAMS,,WDE4940,80,0,25,8,,80,A
636018660,2021-05-16T23:45:04,37.21408,-76.14444,14.5,16.8,17.0,MSC ANTONIA,IMO9398216,D5QT7,70,0,304,40,13.5,70,A
338678000,2021-05-16T23:45:09,36.91622,-76.16846,0.0,218.7,10.0,DOLORES CHOUEST,IMO8225931,WCP8847,70,5,54,12,4.0,35,A
636012908,2021-05-16T23:23:56,37.22756,-76.43678,0.0,256.1,256.0,TAVRICHESKY BRIDGE,IMO9292060,A8IZ6,80,5,182,32,12.2,80,A
338846000,2021-05-16T23:43:55,36.86555,-76.31580,0.0,0.1,227.0,USNS MENDONCA,IMO9147320,NBMK,70,3,289,32,10.9,35,A
565003000,2021-05-16T22:46:39,37.22080,-76.14187,10.0,196.9,197.0,BULK FINLAND,IMO9691577,9V2513,70,0,224,32,14.4,70,A
311072300,2021-05-16T23:45:40,37.10861,-76.12363,15.8,329.9,331.0,MORNING CLASSIC,IMO9441609,C6ZY7,70,0,199,32,10.0,70,A
477286200,2021-05-16T21:56:25,36.96014,-76.33668,9.3,4.0,4.0,COSCOSHIPPING ORCHID,IMO9785770,VRSK7,71,0,366,48,12.0,71,A
367359930,2021-05-16T23:24:19,36.82420,-76.28914,0.0,247.2,511.0,SUNNY WILLIAMS,,WDE4940,80,0,25,8,,80,A
229821000,2021-05-16T21:57:27,36.97525,-76.11978,14.7,107.9,108.0,GALANI,IMO9337597,9HA3640,70,0,176,27,10.9,71,A
367822000,2021-05-16T23:24:55,36.97312,-76.43386,0.0,0.0,1.0,USNS SHUGHART,IMO7825394,NAOQ,70,5,276,32,13.0,70,A
367222000,2021-05-16T23:24:51,36.94837,-76.33075,0.0,0.0,101.0,WALTER S DIEHL,IMO8511495,NWSD,80,5,206,29,,0,A
220413000,2021-05-16T22:47:17,37.09341,-76.11243,12.0,330.6,331.0,GUNVOR MAERSK,IMO9302891,OYGC2,70,0,367,42,15.0,71,A
218023000,2021-05-16T23:45:37,37.09678,-76.11533,16.4,327.7,331.0,DUBLIN EXPRESS,IMO9232577,DDSB2,70,0,280,32,12.5,79,A
636018660,2021-05-16T23:47:16,37.22262,-76.14120,14.6,16.7,17.0,MSC ANTONIA,IMO9398216,D5QT7,70,0,304,40,13.5,70,A
367359930,2021-05-16T21:57:09,36.82421,-76.28913,0.0,261.1,511.0,SUNNY WILLIAMS,,WDE4940,80,0,25,8,,80,A
367359930,2021-05-16T23:46:38,36.82421,-76.28912,0.0,246.6,511.0,SUNNY WILLIAMS,,WDE4940,80,0,25,8,,80,A
565003000,2021-05-16T23:26:49,37.11236,-76.12656,10.6,150.3,147.0,BULK FINLAND,IMO9691577,9V2513,70,0,224,32,14.4,70,A
368445000,2021-05-16T23:47:23,36.96307,-76.42017,0.0,0.0,188.0,OVERSEAS NIKISKI,IMO9353577,WDBH,80,5,183,32,12.2,80,A
538003886,2021-05-16T22:48:33,36.91111,-76.32748,0.0,75.8,351.0,MOL MAXIM,IMO9424936,V7TU3,70,5,302,43,14.2,71,A
218023000,2021-05-16T23:46:43,37.10109,-76.11851,16.4,330.2,332.0,DUBLIN EXPRESS,IMO9232577,DDSB2,70,0,280,32,12.5,79,A
636015650,2021-05-16T22:48:55,36.96282,-76.42409,0.0,36.0,39.0,NS ENERGY,IMO9609732,D5CA8,70,5,225,32,14.2,79,A
367359930,2021-05-16T23:47:39,36.82422,-76.28912,0.0,255.1,511.0,SUNNY WILLIAMS,,WDE4940,80,0,25,8,,80,A
565003000,2021-05-16T23:47:39,37.05989,-76.08781,10.4,145.2,141.0,BULK FINLAND,IMO9691577,9V2513,70,0,224,32,14.4,70,A
538005113,2021-05-16T23:47:25,37.20839,-76.11701,0.0,223.0,11.0,ALGOMA VISION,IMO9640944,V7BC3,70,1,228,32,13.5,70,A
256116000,2021-05-16T23:27:28,36.90817,-76.32688,0.0,195.4,352.0,VIRGINIA TRADER,IMO9344552,9HA3823,70,5,211,29,11.4,79,A
477286200,2021-05-16T22:49:41,36.97739,-76.12661,14.9,108.4,107.0,COSCOSHIPPING ORCHID,IMO9785770,VRSK7,71,0,366,48,12.0,71,A
477231100,2021-05-16T23:48:53,37.18328,-76.11041,0.0,141.2,15.0,CL CHRISTINA,IMO9710892,VRSE5,70,1,200,32,6.9,70,A
256116000,2021-05-16T23:48:29,36.90825,-76.32677,0.0,195.4,352.0,VIRGINIA TRADER,IMO9344552,9HA3823,70,5,211,29,11.4,79,A
636018070,2021-05-16T23:48:42,36.87752,-76.34993,0.1,351.2,347.0,ARISTOMENIS,IMO9408841,D5OA5,70,5,349,45,15.0,71,A
220413000,2021-05-16T22:49:28,37.09980,-76.11692,12.3,331.0,331.0,GUNVOR MAERSK,IMO9302891,OYGC2,70,0,367,42,15.0,71,A
565003000,2021-05-16T23:50:00,37.05450,-76.08271,10.4,141.3,139.0,BULK FINLAND,IMO9691577,9V2513,70,0,224,32,14.4,70,A
565003000,2021-05-16T23:27:50,37.10976,-76.12475,10.6,150.3,147.0,BULK FINLAND,IMO9691577,9V2513,70,0,224,32,14.4,70,A
477231100,2021-05-16T22:00:53,37.18317,-76.10993,0.1,311.3,3.0,CL CHRISTINA,IMO9710892,VRSE5,70,1,200,32,6.9,70,A
538005067,2021-05-16T23:28:11,37.26787,-76.10156,0.0,125.0,11.0,AM KRAKOW,IMO9624122,V7AU2,70,1,229,32,14.5,70,A
338846000,2021-05-16T22:00:14,36.86557,-76.31570,0.0,0.1,227.0,USNS MENDONCA,IMO9147320,NBMK,70,3,289,32,10.9,35,A
636015650,2021-05-16T23:51:57,36.96284,-76.42409,0.0,36.0,39.0,NS ENERGY,IMO9609732,D5CA8,70,5,225,32,14.2,79,A
636018070,2021-05-16T23:51:40,36.87750,-76.34992,0.1,357.5,347.0,ARISTOMENIS,IMO9408841,D5OA5,70,5,349,45,15.0,71,A
538003886,2021-05-16T23:51:36,36.91133,-76.32731,0.0,75.8,351.0,MOL MAXIM,IMO9424936,V7TU3,70,5,302,43,14.2,71,A
636010915,2021-05-16T22:51:13,37.33506,-76.09714,11.9,197.5,196.0,STOLT SPAN,IMO9149524,ELVQ7,80,0,162,23,10.1,80,A
371420000,2021-05-16T23:52:03,37.21108,-76.13195,0.0,169.9,20.0,DIONE,IMO9729881,3FOB6,70,1,229,32,7.5,70,A
538005067,2021-05-16T22:01:11,37.26819,-76.10256,0.0,96.9,31.0,AM KRAKOW,IMO9624122,V7AU2,70,1,229,32,14.5,70,A
538009119,2021-05-16T23:53:37,36.87949,-76.32639,0.0,109.0,273.0,ARMONIA.GR,IMO9758868,V7A4344,70,5,199,32,6.5,70,A
373327000,2021-05-16T22:02:22,37.21661,-76.09076,0.0,279.2,357.0,ENERGY TRITON,IMO9602368,3FLG8,70,1,228,32,14.4,79,A
636015650,2021-05-16T23:30:54,36.96282,-76.42409,0.0,36.0,39.0,NS ENERGY,IMO9609732,D5CA8,70,5,225,32,14.2,79,A
565003000,2021-05-16T23:53:28,37.04651,-76.07496,10.4,141.9,139.0,BULK FINLAND,IMO9691577,9V2513,70,0,224,32,14.4,70,A
371420000,2021-05-16T23:31:03,37.21117,-76.13202,0.1,169.9,20.0,DIONE,IMO9729881,3FOB6,70,1,229,32,7.5,70,A
636010915,2021-05-16T23:52:43,37.13408,-76.14333,13.3,151.0,149.0,STOLT SPAN,IMO9149524,ELVQ7,80,0,162,23,10.1,80,A
636010915,2021-05-16T23:29:32,37.21583,-76.14459,11.4,195.4,195.0,STOLT SPAN,IMO9149524,ELVQ7,80,0,162,23,10.1,80,A
636018070,2021-05-16T23:30:39,36.87751,-76.34993,0.1,340.1,347.0,ARISTOMENIS,IMO9408841,D5OA5,70,5,349,45,15.0,71,A
357997000,2021-05-16T23:31:41,37.20201,-76.08995,0.0,278.6,17.0,NORD TREASURE,IMO9566459,3ESI7,70,1,189,32,12.7,70,A
367359930,2021-05-16T23:53:29,36.82420,-76.28912,0.0,246.4,511.0,SUNNY WILLIAMS,,WDE4940,80,0,25,8,,80,A
372348000,2021-05-16T22:02:43,37.19119,-76.09645,0.1,300.4,0.0,PRT KAHO,IMO9701152,3FGE7,70,1,224,32,14.4,70,A
338846000,2021-05-16T22:01:34,36.86552,-76.31583,0.0,0.1,227.0,USNS MENDONCA,IMO9147320,NBMK,70,3,289,32,10.9,35,A
368026000,2021-05-16T23:31:25,36.86577,-76.31605,0.0,218.7,511.0,BENAVIDEZ,IMO9218210,NBHG,70,5,289,32,10.9,70,A
636010915,2021-05-16T23:33:04,37.20441,-76.14869,12.5,198.3,198.0,STOLT SPAN,IMO9149524,ELVQ7,80,0,162,23,10.1,80,A
368026000,2021-05-16T22:04:26,36.86573,-76.31601,0.0,218.7,511.0,BENAVIDEZ,IMO9218210,NBHG,70,5,289,32,10.9,70,A
220413000,2021-05-16T23:55:42,37.31524,-76.09772,14.3,19.3,20.0,GUNVOR MAERSK,IMO9302891,OYGC2,70,0,367,42,15.0,71,A
367222000,2021-05-16T23:54:49,36.94835,-76.33074,0.0,0.0,101.0,WALTER S DIEHL,IMO8511495,NWSD,80,5,206,29,,0,A
372348000,2021-05-16T22:53:43,37.19121,-76.09686,0.0,261.3,10.0,PRT KAHO,IMO9701152,3FGE7,70,1,224,32,14.4,70,A
538009119,2021-05-16T23:56:39,36.87950,-76.32641,0.0,109.0,273.0,ARMONIA.GR,IMO9758868,V7A4344,70,5,199,32,6.5,70,A
372348000,2021-05-16T22:05:43,37.19120,-76.09648,0.1,274.7,1.0,PRT KAHO,IMO9701152,3FGE7,70,1,224,32,14.4,70,A
477286200,2021-05-16T22:05:54,36.98244,-76.32063,10.1,44.3,45.0,COSCOSHIPPING ORCHID,IMO9785770,VRSK7,71,0,366,48,12.0,71,A
367865000,2021-05-16T23:56:19,36.96248,-76.41929,0.0,0.0,188.0,KANAWHA,IMO8704080,NPTD,80,5,206,29,,35,A
218023000,2021-05-16T23:33:14,37.04764,-76.07551,17.4,322.6,323.0,DUBLIN EXPRESS,IMO9232577,DDSB2,70,0,280,32,12.5,79,A
636015650,2021-05-16T22:54:53,36.96282,-76.42409,0.0,36.0,39.0,NS ENERGY,IMO9609732,D5CA8,70,5,225,32,14.2,79,A
565003000,2021-05-16T22:54:48,37.19929,-76.15046,9.9,197.4,197.0,BULK FINLAND,IMO9691577,9V2513,70,0,224,32,14.4,70,A
565003000,2021-05-16T23:56:48,37.03874,-76.06744,10.6,141.5,139.0,BULK FINLAND,IMO9691577,9V2513,70,0,224,32,14.4,70,A
256116000,2021-05-16T23:57:29,36.90823,-76.32695,0.0,195.4,352.0,VIRGINIA TRADER,IMO9344552,9HA3823,70,5,211,29,11.4,79,A
367359930,2021-05-16T22:04:48,36.82418,-76.28912,0.0,263.0,511.0,SUNNY WILLIAMS,,WDE4940,80,0,25,8,,80,A
338846000,2021-05-16T22:53:35,36.86550,-76.31578,0.0,0.1,227.0,USNS MENDONCA,IMO9147320,NBMK,70,3,289,32,10.9,35,A
636018660,2021-05-16T23:58:10,37.26486,-76.12443,14.7,17.5,18.0,MSC ANTONIA,IMO9398216,D5QT7,70,0,304,40,13.5,70,A
636015650,2021-05-16T23:57:55,36.96284,-76.42409,0.0,36.0,39.0,NS ENERGY,IMO9609732,D5CA8,70,5,225,32,14.2,79,A
366839000,2021-05-16T23:34:04,36.85344,-76.31085,0.0,0.0,40.0,CAPE RISE,IMO7530808,KAFG,70,5,197,32,10.0,70,A
636010915,2021-05-16T23:57:14,37.12006,-76.13208,13.4,145.6,144.0,STOLT SPAN,IMO9149524,ELVQ7,80,0,162,23,10.1,80,A
366841000,2021-05-16T22:55:02,36.85329,-76.31056,0.0,0.0,41.0,CAPE RAY,IMO7530810,KAFI,70,5,197,32,10.0,70,A
367821000,2021-05-16T23:34:11,36.97285,-76.43367,0.0,0.0,511.0,YANO,IMO7825409,NAQH,70,5,276,32,13.0,70,A
636018660,2021-05-16T23:59:16,37.26919,-76.12271,14.7,17.4,18.0,MSC ANTONIA,IMO9398216,D5QT7,70,0,304,40,13.5,70,A
366839000,2021-05-16T22:55:06,36.85345,-76.31082,0.0,0.0,40.0,CAPE RISE,IMO7530808,KAFG,70,5,197,32,10.0,70,A
311072300,2021-05-16T23:58:53,37.16148,-76.15189,15.6,353.3,353.0,MORNING CLASSIC,IMO9441609,C6ZY7,70,0,199,32,10.0,70,A
367821000,2021-05-16T22:58:12,36.97287,-76.43365,0.0,0.0,511.0,YANO,IMO7825409,NAQH,70,5,276,32,13.0,70,A
338678000,2021-05-16T22:06:08,36.91625,-76.16845,0.0,272.9,10.0,DOLORES CHOUEST,IMO8225931,WCP8847,70,5,54,12,4.0,35,A
565003000,2021-05-16T22:58:18,37.18999,-76.15405,9.9,195.6,191.0,BULK FINLAND,IMO9691577,9V2513,70,0,224,32,14.4,70,A
338846000,2021-05-16T23:58:05,36.86557,-76.31578,0.0,0.1,227.0,USNS MENDONCA,IMO9147320,NBMK,70,3,289,32,10.9,35,A
367865000,2021-05-16T22:59:18,36.96250,-76.41931,0.0,0.0,188.0,KANAWHA,IMO8704080,NPTD,80,5,206,29,,35,A
367359930,2021-05-16T23:34:50,36.82419,-76.28913,0.0,219.3,511.0,SUNNY WILLIAMS,,WDE4940,80,0,25,8,,80,A
538005113,2021-05-16T23:59:29,37.20839,-76.11693,0.0,223.0,11.0,ALGOMA VISION,IMO9640944,V7BC3,70,1,228,32,13.5,70,A
367821000,2021-05-16T22:07:11,36.97287,-76.43366,0.0,0.0,511.0,YANO,IMO7825409,NAQH,70,5,276,32,13.0,70,A
367633000,2021-05-16T23:36:13,36.96627,-76.42784,0.0,338.3,223.0,LONESTAR STATE,IMO9697985,WLSY,80,5,178,,,80,A
338678000,2021-05-16T23:00:09,36.91625,-76.16843,0.0,251.8,11.0,DOLORES CHOUEST,IMO8225931,WCP8847,70,5,54,12,4.0,35,A
338678000,2021-05-16T23:36:08,36.91626,-76.16848,0.0,205.5,10.0,DOLORES CHOUEST,IMO8225931,WCP8847,70,5,54,12,4.0,35,A
367865000,2021-05-16T23:35:19,36.96245,-76.41932,0.0,0.0,188.0,KANAWHA,IMO8704080,NPTD,80,5,206,29,,35,A
220413000,2021-05-16T22:58:48,37.12803,-76.13736,12.4,330.3,331.0,GUNVOR MAERSK,IMO9302891,OYGC2,70,0,367,42,15.0,71,A
538005113,2021-05-16T23:35:33,37.20840,-76.11698,0.0,223.0,9.0,ALGOMA VISION,IMO9640944,V7BC3,70,1,228,32,13.5,70,A
366841000,2021-05-16T22:06:59,36.85326,-76.31052,0.0,0.0,40.0,CAPE RAY,IMO7530810,KAFI,70,5,197,32,10.0,70,A
256116000,2021-05-16T22:06:29,36.90820,-76.32687,0.0,195.4,352.0,VIRGINIA TRADER,IMO9344552,9HA3823,70,5,211,29,11.4,71,A
366839000,2021-05-16T22:07:06,36.85347,-76.31081,0.0,0.0,40.0,CAPE RISE,IMO7530808,KAFG,70,5,197,32,10.0,70,A
538005067,2021-05-16T22:07:10,37.26810,-76.10257,0.0,110.6,30.0,AM KRAKOW,IMO9624122,V7AU2,70,1,229,32,14.5,70,A
218023000,2021-05-16T23:36:32,37.06023,-76.08793,17.3,321.8,326.0,DUBLIN EXPRESS,IMO9232577,DDSB2,70,0,280,32,12.5,79,A
636018070,2021-05-16T23:36:40,36.87753,-76.34994,0.0,340.3,347.0,ARISTOMENIS,IMO9408841,D5OA5,70,5,349,45,15.0,71,A
220413000,2021-05-16T23:36:37,37.25178,-76.12949,12.4,16.7,17.0,GUNVOR MAERSK,IMO9302891,OYGC2,70,0,367,42,15.0,71,A
538005067,2021-05-16T23:01:06,37.26784,-76.10165,0.1,231.8,13.0,AM KRAKOW,IMO9624122,V7AU2,70,1,229,32,14.5,70,A
220413000,2021-05-16T23:01:17,37.13544,-76.14271,12.1,329.3,331.0,GUNVOR MAERSK,IMO9302891,OYGC2,70,0,367,42,15.0,71,A
367359930,2021-05-16T22:08:29,36.82419,-76.28913,0.0,273.1,511.0,SUNNY WILLIAMS,,WDE4940,80,0,25,8,,80,A
338846000,2021-05-16T23:01:15,36.86558,-76.31577,0.0,0.1,227.0,USNS MENDONCA,IMO9147320,NBMK,70,3,289,32,10.9,35,A
367633000,2021-05-16T23:03:13,36.96629,-76.42768,0.0,312.6,223.0,LONESTAR STATE,IMO9697985,WLSY,80,5,178,,,80,A
636010915,2021-05-16T23:01:13,37.30342,-76.10934,11.8,197.0,196.0,STOLT SPAN,IMO9149524,ELVQ7,80,0,162,23,10.1,80,A
366841000,2021-05-16T23:01:01,36.85327,-76.31052,0.0,0.0,40.0,CAPE RAY,IMO7530810,KAFI,70,5,197,32,10.0,70,A
538005113,2021-05-16T22:08:29,37.20841,-76.11677,0.0,223.0,358.0,ALGOMA VISION,IMO9640944,V7BC3,70,1,228,32,13.5,70,A
636012908,2021-05-16T22:09:00,37.22756,-76.43674,0.0,256.2,256.0,TAVRICHESKY BRIDGE,IMO9292060,A8IZ6,80,5,182,32,12.2,80,A
368026000,2021-05-16T23:37:26,36.86578,-76.31604,0.0,218.7,511.0,BENAVIDEZ,IMO9218210,NBHG,70,5,289,32,10.9,70,A
636010915,2021-05-16T23:37:42,37.18865,-76.15514,13.2,194.5,187.0,STOLT SPAN,IMO9149524,ELVQ7,80,0,162,23,10.1,80,A
372348000,2021-05-16T23:38:43,37.19123,-76.09704,0.0,306.4,13.0,PRT KAHO,IMO9701152,3FGE7,70,1,224,32,14.4,70,A
367359930,2021-05-16T23:38:20,36.82420,-76.28913,0.0,243.6,511.0,SUNNY WILLIAMS,,WDE4940,80,0,25,8,,80,A
636012908,2021-05-16T23:02:52,37.22758,-76.43675,0.0,255.9,255.0,TAVRICHESKY BRIDGE,IMO9292060,A8IZ6,80,5,182,32,12.2,80,A
636018660,2021-05-16T23:04:22,37.06167,-76.08992,14.8,320.7,324.0,MSC ANTONIA,IMO9398216,D5QT7,70,0,304,40,13.5,70,A
367865000,2021-05-16T22:11:19,36.96245,-76.41933,0.0,0.0,188.0,KANAWHA,IMO8704080,NPTD,80,5,206,29,,35,A
311072300,2021-05-16T23:38:59,37.08362,-76.10470,15.6,328.8,330.0,MORNING CLASSIC,IMO9441609,C6ZY7,70,0,199,32,10.0,70,A
636015650,2021-05-16T23:03:55,36.96285,-76.42410,0.0,36.0,39.0,NS ENERGY,IMO9609732,D5CA8,70,5,225,32,14.2,79,A
538005113,2021-05-16T22:11:28,37.20836,-76.11684,0.0,223.0,0.0,ALGOMA VISION,IMO9640944,V7BC3,70,1,228,32,13.5,70,A
538005067,2021-05-16T23:40:13,37.26787,-76.10156,0.0,206.2,10.0,AM KRAKOW,IMO9624122,V7AU2,70,1,229,32,14.5,70,A
338678000,2021-05-16T22:12:08,36.91628,-76.16848,0.0,301.9,10.0,DOLORES CHOUEST,IMO8225931,WCP8847,70,5,54,12,4.0,35,A
538005113,2021-05-16T23:41:34,37.20844,-76.11699,0.0,223.0,11.0,ALGOMA VISION,IMO9640944,V7BC3,70,1,228,32,13.5,70,A
338846000,2021-05-16T22:12:04,36.86547,-76.31578,0.0,0.1,227.0,USNS MENDONCA,IMO9147320,NBMK,70,3,289,32,10.9,35,A
636018660,2021-05-16T23:06:34,37.06933,-76.09571,14.6,330.8,331.0,MSC ANTONIA,IMO9398216,D5QT7,70,0,304,40,13.5,70,A
218023000,2021-05-16T23:41:08,37.07931,-76.10146,16.9,331.0,330.0,DUBLIN EXPRESS,IMO9232577,DDSB2,70,0,280,32,12.5,79,A
368026000,2021-05-16T23:04:27,36.86579,-76.31608,0.0,218.7,511.0,BENAVIDEZ,IMO9218210,NBHG,70,5,289,32,10.9,70,A
218023000,2021-05-16T23:42:13,37.08360,-76.10479,16.8,328.0,329.0,DUBLIN EXPRESS,IMO9232577,DDSB2,70,0,280,32,12.5,79,A
367359930,2021-05-16T23:04:59,36.82419,-76.28914,0.0,301.4,511.0,SUNNY WILLIAMS,,WDE4940,80,0,25,8,,80,A
256116000,2021-05-16T22:12:28,36.90820,-76.32685,0.0,195.4,352.0,VIRGINIA TRADER,IMO9344552,9HA3823,70,5,211,29,11.4,71,A
565003000,2021-05-16T23:05:49,37.16910,-76.15348,10.3,173.1,172.0,BULK FINLAND,IMO9691577,9V2513,70,0,224,32,14.4,70,A
538005067,2021-05-16T22:13:12,37.26807,-76.10242,0.1,101.4,28.0,AM KRAKOW,IMO9624122,V7AU2,70,1,229,32,14.5,70,A
538003886,2021-05-16T22:12:36,36.91110,-76.32744,0.0,75.8,351.0,MOL MAXIM,IMO9424936,V7TU3,70,5,302,43,14.2,71,A
477286200,2021-05-16T22:15:05,36.99861,-76.29292,13.0,58.4,58.0,COSCOSHIPPING ORCHID,IMO9785770,VRSK7,71,0,366,48,12.0,71,A
371420000,2021-05-16T23:07:04,37.21113,-76.13194,0.0,169.9,17.0,DIONE,IMO9729881,3FOB6,70,1,229,32,7.5,70,A
338678000,2021-05-16T22:15:08,36.91623,-76.16842,0.0,302.6,10.0,DOLORES CHOUEST,IMO8225931,WCP8847,70,5,54,12,4.0,35,A
636012908,2021-05-16T22:15:02,37.22759,-76.43678,0.0,256.2,256.0,TAVRICHESKY BRIDGE,IMO9292060,A8IZ6,80,5,182,32,12.2,80,A
368026000,2021-05-16T23:07:27,36.86577,-76.31604,0.0,218.7,511.0,BENAVIDEZ,IMO9218210,NBHG,70,5,289,32,10.9,70,A
477286200,2021-05-16T22:16:14,37.00082,-76.28834,13.6,59.5,62.0,COSCOSHIPPING ORCHID,IMO9785770,VRSK7,71,0,366,48,12.0,71,A
367865000,2021-05-16T22:17:19,36.96251,-76.41932,0.0,0.0,188.0,KANAWHA,IMO8704080,NPTD,80,5,206,29,,35,A
538003886,2021-05-16T22:15:38,36.91109,-76.32744,0.0,75.8,351.0,MOL MAXIM,IMO9424936,V7TU3,70,5,302,43,14.2,71,A
367222000,2021-05-16T22:15:51,36.94838,-76.33069,0.0,0.0,101.0,WALTER S DIEHL,IMO8511495,NWSD,80,5,206,29,,0,A
368445000,2021-05-16T21:50:22,36.96308,-76.42015,0.0,0.0,188.0,OVERSEAS NIKISKI,IMO9353577,WDBH,80,5,183,32,12.2,80,A
636018660,2021-05-16T23:08:46,37.07719,-76.10116,15.0,331.0,331.0,MSC ANTONIA,IMO9398216,D5QT7,70,0,304,40,13.5,70,A
538005113,2021-05-16T23:44:30,37.20843,-76.11697,0.0,223.0,11.0,ALGOMA VISION,IMO9640944,V7BC3,70,1,228,32,13.5,70,A
538009119,2021-05-16T21:50:36,36.87951,-76.32637,0.0,109.0,273.0,ARMONIA.GR,IMO9758868,V7A4344,70,5,199,32,6.5,70,A
338846000,2021-05-16T22:15:35,36.86560,-76.31577,0.0,0.1,227.0,USNS MENDONCA,IMO9147320,NBMK,70,3,289,32,10.9,35,A
538005113,2021-05-16T21:50:28,37.20842,-76.11663,0.0,223.0,354.0,ALGOMA VISION,IMO9640944,V7BC3,70,1,228,32,13.5,70,A
373327000,2021-05-16T22:17:22,37.21664,-76.09094,0.0,233.6,2.0,ENERGY TRITON,IMO9602368,3FLG8,70,1,228,32,14.4,79,A
477231100,2021-05-16T21:51:53,37.18319,-76.11012,0.1,330.1,10.0,CL CHRISTINA,IMO9710892,VRSE5,70,1,200,32,6.9,70,A
367865000,2021-05-16T21:53:19,36.96245,-76.41928,0.0,0.0,188.0,KANAWHA,IMO8704080,NPTD,80,5,206,29,,35,A
367821000,2021-05-16T23:46:12,36.97285,-76.43367,0.0,0.0,511.0,YANO,IMO7825409,NAQH,70,5,276,32,13.0,70,A
372348000,2021-05-16T22:17:43,37.19118,-76.09656,0.1,286.4,2.0,PRT KAHO,IMO9701152,3FGE7,70,1,224,32,14.4,70,A
338846000,2021-05-16T21:50:54,36.86555,-76.31580,0.0,0.1,227.0,USNS MENDONCA,IMO9147320,NBMK,70,3,289,32,10.9,35,A
565003000,2021-05-16T22:17:29,37.24735,-76.10894,3.4,5.3,4.0,BULK FINLAND,IMO9691577,9V2513,70,0,224,32,14.4,70,A
367633000,2021-05-16T21:54:13,36.96639,-76.42776,0.0,335.9,223.0,LONESTAR STATE,IMO9697985,WLSY,80,5,178,,,80,A
538003886,2021-05-16T22:18:36,36.91111,-76.32746,0.0,75.8,351.0,MOL MAXIM,IMO9424936,V7TU3,70,5,302,43,14.2,71,A
366839000,2021-05-16T23:46:00,36.85351,-76.31081,0.0,0.0,40.0,CAPE RISE,IMO7530808,KAFG,70,5,197,32,10.0,70,A
338846000,2021-05-16T21:52:05,36.86560,-76.31582,0.0,0.1,227.0,USNS MENDONCA,IMO9147320,NBMK,70,3,289,32,10.9,35,A
372348000,2021-05-16T21:53:43,37.19116,-76.09649,0.0,311.7,2.0,PRT KAHO,IMO9701152,3FGE7,70,1,224,32,14.4,70,A
373327000,2021-05-16T23:47:22,37.21665,-76.09143,0.0,63.9,18.0,ENERGY TRITON,IMO9602368,3FLG8,70,1,228,32,14.4,79,A
538005113,2021-05-16T21:53:30,37.20842,-76.11664,0.0,223.0,355.0,ALGOMA VISION,IMO9640944,V7BC3,70,1,228,32,13.5,70,A
367821000,2021-05-16T23:10:11,36.97286,-76.43367,0.0,0.0,511.0,YANO,IMO7825409,NAQH,70,5,276,32,13.0,70,A
367359930,2021-05-16T23:08:29,36.82416,-76.28912,0.0,277.6,511.0,SUNNY WILLIAMS,,WDE4940,80,0,25,8,,80,A
367822000,2021-05-16T23:45:53,36.97312,-76.43385,0.0,0.0,1.0,USNS SHUGHART,IMO7825394,NAOQ,70,5,276,32,13.0,70,A
338846000,2021-05-16T23:47:24,36.86555,-76.31582,0.0,0.1,227.0,USNS MENDONCA,IMO9147320,NBMK,70,3,289,32,10.9,35,A
338846000,2021-05-16T21:54:25,36.86555,-76.31577,0.0,0.1,227.0,USNS MENDONCA,IMO9147320,NBMK,70,3,289,32,10.9,35,A
367222000,2021-05-16T21:51:51,36.94831,-76.33070,0.0,0.0,101.0,WALTER S DIEHL,IMO8511495,NWSD,80,5,206,29,,0,A
256116000,2021-05-16T23:09:29,36.90822,-76.32688,0.0,195.4,352.0,VIRGINIA TRADER,IMO9344552,9HA3823,70,5,211,29,11.4,79,A
636012908,2021-05-16T21:53:57,37.22758,-76.43676,0.0,256.0,256.0,TAVRICHESKY BRIDGE,IMO9292060,A8IZ6,80,5,182,32,12.2,80,A
311072300,2021-05-16T23:48:58,37.12140,-76.13232,15.9,331.8,333.0,MORNING CLASSIC,IMO9441609,C6ZY7,70,0,199,32,10.0,70,A
367359930,2021-05-16T22:18:58,36.82422,-76.28914,0.0,297.2,511.0,SUNNY WILLIAMS,,WDE4940,80,0,25,8,,80,A
366842000,2021-05-16T21:55:21,36.85382,-76.31118,0.0,0.0,42.0,CAPE RACE,IMO7616377,KAFJ,70,5,197,32,10.0,79,A
477286200,2021-05-16T21:55:24,36.95759,-76.33691,8.9,3.7,4.0,COSCOSHIPPING ORCHID,IMO9785770,VRSK7,71,0,366,48,12.0,71,A
218023000,2021-05-16T23:47:55,37.10582,-76.12188,16.3,331.2,334.0,DUBLIN EXPRESS,IMO9232577,DDSB2,70,0,280,32,12.5,79,A
538003886,2021-05-16T22:21:39,36.91112,-76.32744,0.0,75.8,351.0,MOL MAXIM,IMO9424936,V7TU3,70,5,302,43,14.2,71,A
367222000,2021-05-16T21:54:50,36.94832,-76.33070,0.0,0.0,101.0,WALTER S DIEHL,IMO8511495,NWSD,80,5,206,29,,0,A
367822000,2021-05-16T21:54:54,36.97311,-76.43384,0.0,0.0,0.0,USNS SHUGHART,IMO7825394,NAOQ,70,5,276,32,13.0,70,A
538005113,2021-05-16T23:11:30,37.20836,-76.11691,0.0,223.0,7.0,ALGOMA VISION,IMO9640944,V7BC3,70,1,228,32,13.5,70,A
367359930,2021-05-16T23:10:49,36.82419,-76.28912,0.0,278.8,511.0,SUNNY WILLIAMS,,WDE4940,80,0,25,8,,80,A
636010915,2021-05-16T23:50:22,37.14177,-76.14807,13.3,158.2,153.0,STOLT SPAN,IMO9149524,ELVQ7,80,0,162,23,10.1,80,A
372348000,2021-05-16T23:50:43,37.19123,-76.09696,0.1,302.4,13.0,PRT KAHO,IMO9701152,3FGE7,70,1,224,32,14.4,70,A
220413000,2021-05-16T23:49:49,37.29521,-76.11145,12.9,30.4,31.0,GUNVOR MAERSK,IMO9302891,OYGC2,70,0,367,42,15.0,71,A
636018660,2021-05-16T23:14:22,37.09743,-76.11530,15.2,331.2,332.0,MSC ANTONIA,IMO9398216,D5QT7,70,0,304,40,13.5,70,A
636010915,2021-05-16T23:15:03,37.25951,-76.12676,12.1,199.0,198.0,STOLT SPAN,IMO9149524,ELVQ7,80,0,162,23,10.1,80,A
367359930,2021-05-16T21:55:49,36.82421,-76.28914,0.0,254.9,511.0,SUNNY WILLIAMS,,WDE4940,80,0,25,8,,80,A
338846000,2021-05-16T22:22:34,36.86552,-76.31582,0.0,0.1,227.0,USNS MENDONCA,IMO9147320,NBMK,70,3,289,32,10.9,35,A
357997000,2021-05-16T23:13:41,37.20194,-76.08963,0.1,348.8,7.0,NORD TREASURE,IMO9566459,3ESI7,70,1,189,32,12.7,70,A
565003000,2021-05-16T21:56:02,37.24442,-76.10962,0.3,316.8,358.0,BULK FINLAND,IMO9691577,9V2513,70,1,224,32,14.4,70,A
538009119,2021-05-16T23:50:40,36.87949,-76.32633,0.0,109.0,273.0,ARMONIA.GR,IMO9758868,V7A4344,70,5,199,32,6.5,70,A
367222000,2021-05-16T22:21:51,36.94835,-76.33060,0.0,0.0,100.0,WALTER S DIEHL,IMO8511495,NWSD,80,5,206,29,,0,A
367359930,2021-05-16T23:49:59,36.82420,-76.28911,0.0,249.1,511.0,SUNNY WILLIAMS,,WDE4940,80,0,25,8,,80,A
338678000,2021-05-16T23:15:09,36.91628,-76.16848,0.0,222.4,11.0,DOLORES CHOUEST,IMO8225931,WCP8847,70,5,54,12,4.0,35,A
636015650,2021-05-16T23:15:55,36.96282,-76.42408,0.0,36.0,39.0,NS ENERGY,IMO9609732,D5CA8,70,5,225,32,14.2,79,A
338846000,2021-05-16T23:14:45,36.86568,-76.31585,0.0,0.1,227.0,USNS MENDONCA,IMO9147320,NBMK,70,3,289,32,10.9,35,A
367359930,2021-05-16T22:22:28,36.82422,-76.28912,0.0,287.5,511.0,SUNNY WILLIAMS,,WDE4940,80,0,25,8,,80,A
538003886,2021-05-16T22:24:37,36.91110,-76.32744,0.0,75.8,351.0,MOL MAXIM,IMO9424936,V7TU3,70,5,302,43,14.2,71,A
538009119,2021-05-16T23:17:37,36.87952,-76.32640,0.0,109.0,273.0,ARMONIA.GR,IMO9758868,V7A4344,70,5,199,32,6.5,70,A
367821000,2021-05-16T23:52:12,36.97285,-76.43363,0.0,0.0,511.0,YANO,IMO7825409,NAQH,70,5,276,32,13.0,70,A
218023000,2021-05-16T23:51:13,37.11902,-76.13017,15.9,333.6,335.0,DUBLIN EXPRESS,IMO9232577,DDSB2,70,0,280,32,12.5,79,A
565003000,2021-05-16T23:15:08,37.14218,-76.14760,10.4,156.9,151.0,BULK FINLAND,IMO9691577,9V2513,70,0,224,32,14.4,70,A
338678000,2021-05-16T22:00:09,36.91626,-76.16848,0.0,265.3,10.0,DOLORES CHOUEST,IMO8225931,WCP8847,70,5,54,12,4.0,35,A
366842000,2021-05-16T23:16:22,36.85384,-76.31118,0.0,0.0,42.0,CAPE RACE,IMO7616377,KAFJ,70,5,197,32,10.0,79,A
366842000,2021-05-16T23:52:16,36.85382,-76.31122,0.0,0.0,42.0,CAPE RACE,IMO7616377,KAFJ,70,5,197,32,10.0,79,A
367222000,2021-05-16T23:15:51,36.94833,-76.33077,0.0,0.0,101.0,WALTER S DIEHL,IMO8511495,NWSD,80,5,206,29,,0,A
367359930,2021-05-16T21:58:19,36.82420,-76.28912,0.0,261.2,511.0,SUNNY WILLIAMS,,WDE4940,80,0,25,8,,80,A
373327000,2021-05-16T23:17:22,37.21666,-76.09121,0.1,297.7,5.0,ENERGY TRITON,IMO9602368,3FLG8,70,1,228,32,14.4,79,A
229821000,2021-05-16T22:00:03,36.97223,-76.10702,14.9,105.7,106.0,GALANI,IMO9337597,9HA3640,70,0,176,27,10.9,71,A
366841000,2021-05-16T23:52:00,36.85329,-76.31053,0.0,0.0,40.0,CAPE RAY,IMO7530810,KAFI,70,5,197,32,10.0,70,A
256116000,2021-05-16T22:24:28,36.90823,-76.32685,0.0,195.4,352.0,VIRGINIA TRADER,IMO9344552,9HA3823,70,5,211,29,11.4,71,A
338846000,2021-05-16T21:59:06,36.86555,-76.31578,0.0,0.1,227.0,USNS MENDONCA,IMO9147320,NBMK,70,3,289,32,10.9,35,A
565003000,2021-05-16T21:59:03,37.24424,-76.10972,0.4,183.0,7.0,BULK FINLAND,IMO9691577,9V2513,70,1,224,32,14.4,70,A
371420000,2021-05-16T23:16:03,37.21107,-76.13184,0.0,169.9,14.0,DIONE,IMO9729881,3FOB6,70,1,229,32,7.5,70,A
367359930,2021-05-16T23:52:19,36.82420,-76.28912,0.0,248.2,511.0,SUNNY WILLIAMS,,WDE4940,80,0,25,8,,80,A
636012908,2021-05-16T23:17:58,37.22756,-76.43677,0.0,256.0,256.0,TAVRICHESKY BRIDGE,IMO9292060,A8IZ6,80,5,182,32,12.2,80,A
636018660,2021-05-16T23:53:46,37.24775,-76.13127,14.7,17.7,18.0,MSC ANTONIA,IMO9398216,D5QT7,70,0,304,40,13.5,70,A
636010915,2021-05-16T23:53:44,37.13078,-76.14110,13.2,151.0,148.0,STOLT SPAN,IMO9149524,ELVQ7,80,0,162,23,10.1,80,A
538005067,2021-05-16T23:52:10,37.26789,-76.10161,0.0,318.2,11.0,AM KRAKOW,IMO9624122,V7AU2,70,1,229,32,14.5,70,A
538005067,2021-05-16T22:25:03,37.26792,-76.10202,0.1,124.7,22.0,AM KRAKOW,IMO9624122,V7AU2,70,1,229,32,14.5,70,A
229821000,2021-05-16T22:01:09,36.97098,-76.10151,15.1,106.1,106.0,GALANI,IMO9337597,9HA3640,70,0,176,27,10.9,71,A
218158000,2021-05-16T22:26:30,36.91222,-76.32770,0.0,353.0,353.0,BREMEN EXPRESS,IMO9343728,DGZL,70,5,335,42,14.5,71,A
338846000,2021-05-16T23:53:15,36.86555,-76.31580,0.0,0.1,227.0,USNS MENDONCA,IMO9147320,NBMK,70,3,289,32,10.9,35,A
338846000,2021-05-16T22:26:04,36.86558,-76.31575,0.0,0.1,227.0,USNS MENDONCA,IMO9147320,NBMK,70,3,289,32,10.9,35,A
373327000,2021-05-16T22:26:22,37.21663,-76.09092,0.0,233.6,3.0,ENERGY TRITON,IMO9602368,3FLG8,70,1,228,32,14.4,79,A
367359930,2021-05-16T22:26:10,36.82419,-76.28913,0.0,252.6,511.0,SUNNY WILLIAMS,,WDE4940,80,0,25,8,,80,A
357997000,2021-05-16T23:55:41,37.20193,-76.08979,0.0,289.0,17.0,NORD TREASURE,IMO9566459,3ESI7,70,1,189,32,12.7,70,A
368026000,2021-05-16T23:19:25,36.86572,-76.31605,0.0,218.7,511.0,BENAVIDEZ,IMO9218210,NBHG,70,5,289,32,10.9,70,A
371420000,2021-05-16T23:55:04,37.21112,-76.13196,0.0,169.9,20.0,DIONE,IMO9729881,3FOB6,70,1,229,32,7.5,70,A
538003886,2021-05-16T22:27:37,36.91108,-76.32743,0.0,75.8,351.0,MOL MAXIM,IMO9424936,V7TU3,70,5,302,43,14.2,71,A
229821000,2021-05-16T22:02:15,36.96970,-76.09596,15.1,106.6,106.0,GALANI,IMO9337597,9HA3640,70,0,176,27,10.9,71,A
366839000,2021-05-16T23:55:07,36.85351,-76.31078,0.0,0.0,40.0,CAPE RISE,IMO7530808,KAFG,70,5,197,32,10.0,70,A
338678000,2021-05-16T23:21:09,36.91625,-76.16842,0.0,211.3,10.0,DOLORES CHOUEST,IMO8225931,WCP8847,70,5,54,12,4.0,35,A
367822000,2021-05-16T22:00:55,36.97312,-76.43384,0.0,0.0,0.0,USNS SHUGHART,IMO7825394,NAOQ,70,5,276,32,13.0,70,A
367633000,2021-05-16T23:57:13,36.96627,-76.42785,0.0,355.4,223.0,LONESTAR STATE,IMO9697985,WLSY,80,5,178,,,80,A
367865000,2021-05-16T22:02:19,36.96245,-76.41930,0.0,0.0,188.0,KANAWHA,IMO8704080,NPTD,80,5,206,29,,35,A
229821000,2021-05-16T22:04:27,36.96711,-76.08498,15.0,106.4,106.0,GALANI,IMO9337597,9HA3640,70,0,176,27,10.9,71,A
538005067,2021-05-16T22:28:08,37.26789,-76.10197,0.1,117.7,20.0,AM KRAKOW,IMO9624122,V7AU2,70,1,229,32,14.5,70,A
311072300,2021-05-16T23:57:46,37.15666,-76.15111,15.6,352.0,352.0,MORNING CLASSIC,IMO9441609,C6ZY7,70,0,199,32,10.0,70,A
636018070,2021-05-16T23:21:42,36.87750,-76.34995,0.0,329.5,347.0,ARISTOMENIS,IMO9408841,D5OA5,70,5,349,45,15.0,71,A
636018070,2021-05-16T23:57:40,36.87750,-76.34993,0.0,336.6,347.0,ARISTOMENIS,IMO9408841,D5OA5,70,5,349,45,15.0,71,A
373327000,2021-05-16T22:29:22,37.21663,-76.09090,0.0,233.6,3.0,ENERGY TRITON,IMO9602368,3FLG8,70,1,228,32,14.4,79,A
366839000,2021-05-16T22:28:04,36.85349,-76.31082,0.0,0.0,40.0,CAPE RISE,IMO7530808,KAFG,70,5,197,32,10.0,70,A
538005113,2021-05-16T23:56:28,37.20842,-76.11709,0.0,223.0,12.0,ALGOMA VISION,IMO9640944,V7BC3,70,1,228,32,13.5,70,A
229821000,2021-05-16T22:05:33,36.96589,-76.07950,15.1,105.8,106.0,GALANI,IMO9337597,9HA3640,70,0,176,27,10.9,71,A
366841000,2021-05-16T23:22:02,36.85329,-76.31057,0.0,0.0,40.0,CAPE RAY,IMO7530810,KAFI,70,5,197,32,10.0,70,A
256116000,2021-05-16T22:03:29,36.90818,-76.32687,0.0,195.4,352.0,VIRGINIA TRADER,IMO9344552,9HA3823,70,5,211,29,11.4,71,A
367359930,2021-05-16T22:03:38,36.82418,-76.28912,0.0,267.0,511.0,SUNNY WILLIAMS,,WDE4940,80,0,25,8,,80,A
367822000,2021-05-16T23:57:55,36.97312,-76.43384,0.0,0.0,1.0,USNS SHUGHART,IMO7825394,NAOQ,70,5,276,32,13.0,70,A
367865000,2021-05-16T23:59:18,36.96249,-76.41930,0.0,0.0,188.0,KANAWHA,IMO8704080,NPTD,80,5,206,29,,35,A
229821000,2021-05-16T22:06:39,36.96461,-76.07386,15.1,107.4,108.0,GALANI,IMO9337597,9HA3640,70,0,176,27,10.9,71,A
636018070,2021-05-16T23:24:39,36.87765,-76.34999,0.0,329.5,347.0,ARISTOMENIS,IMO9408841,D5OA5,70,5,349,45,15.0,71,A
538005067,2021-05-16T23:58:10,37.26786,-76.10154,0.0,35.2,11.0,AM KRAKOW,IMO9624122,V7AU2,70,1,229,32,14.5,70,A
636018660,2021-05-16T23:25:15,37.13659,-76.14325,14.9,327.3,328.0,MSC ANTONIA,IMO9398216,D5QT7,70,0,304,40,13.5,70,A
373327000,2021-05-16T22:08:22,37.21664,-76.09085,0.1,256.7,358.0,ENERGY TRITON,IMO9602368,3FLG8,70,1,228,32,14.4,79,A
367359930,2021-05-16T22:30:58,36.82420,-76.28912,0.0,260.0,511.0,SUNNY WILLIAMS,,WDE4940,80,0,25,8,,80,A
477286200,2021-05-16T22:33:30,36.99773,-76.20504,14.7,108.5,108.0,COSCOSHIPPING ORCHID,IMO9785770,VRSK7,71,0,366,48,12.0,71,A
372348000,2021-05-16T22:08:43,37.19118,-76.09649,0.0,277.5,1.0,PRT KAHO,IMO9701152,3FGE7,70,1,224,32,14.4,70,A
338846000,2021-05-16T23:24:15,36.86563,-76.31583,0.0,0.1,227.0,USNS MENDONCA,IMO9147320,NBMK,70,3,289,32,10.9,35,A
368026000,2021-05-16T22:31:25,36.86580,-76.31604,0.0,218.7,511.0,BENAVIDEZ,IMO9218210,NBHG,70,5,289,32,10.9,70,A
538005067,2021-05-16T22:31:08,37.26788,-76.10192,0.0,93.3,19.0,AM KRAKOW,IMO9624122,V7AU2,70,1,229,32,14.5,70,A
367821000,2021-05-16T22:34:11,36.97289,-76.43365,0.0,0.0,511.0,YANO,IMO7825409,NAQH,70,5,276,32,13.0,70,A
367822000,2021-05-16T22:33:54,36.97312,-76.43386,0.0,0.0,1.0,USNS SHUGHART,IMO7825394,NAOQ,70,5,276,32,13.0,70,A
367633000,2021-05-16T22:36:13,36.96636,-76.42776,0.0,329.8,223.0,LONESTAR STATE,IMO9697985,WLSY,80,5,178,,,80,A
367359930,2021-05-16T23:26:39,36.82419,-76.28914,0.0,232.8,511.0,SUNNY WILLIAMS,,WDE4940,80,0,25,8,,80,A
372348000,2021-05-16T22:35:43,37.19122,-76.09673,0.1,282.3,4.0,PRT KAHO,IMO9701152,3FGE7,70,1,224,32,14.4,70,A
338678000,2021-05-16T22:36:09,36.91627,-76.16846,0.0,241.9,10.0,DOLORES CHOUEST,IMO8225931,WCP8847,70,5,54,12,4.0,35,A
367821000,2021-05-16T23:28:10,36.97285,-76.43367,0.0,0.0,511.0,YANO,IMO7825409,NAQH,70,5,276,32,13.0,70,A
367359930,2021-05-16T22:35:29,36.82421,-76.28914,0.0,278.1,511.0,SUNNY WILLIAMS,,WDE4940,80,0,25,8,,80,A
367359930,2021-05-16T23:27:49,36.82420,-76.28913,0.0,235.6,511.0,SUNNY WILLIAMS,,WDE4940,80,0,25,8,,80,A
338846000,2021-05-16T22:33:04,36.86558,-76.31567,0.0,0.1,227.0,USNS MENDONCA,IMO9147320,NBMK,70,3,289,32,10.9,35,A
367359930,2021-05-16T22:10:48,36.82419,-76.28912,0.0,282.6,511.0,SUNNY WILLIAMS,,WDE4940,80,0,25,8,,80,A
366839000,2021-05-16T22:10:02,36.85344,-76.31075,0.0,0.0,40.0,CAPE RISE,IMO7530808,KAFG,70,5,197,32,10.0,70,A
371420000,2021-05-16T23:27:57,37.21109,-76.13199,0.0,169.9,18.0,DIONE,IMO9729881,3FOB6,70,1,229,32,7.5,70,A
367633000,2021-05-16T22:12:13,36.96638,-76.42777,0.0,308.6,223.0,LONESTAR STATE,IMO9697985,WLSY,80,5,178,,,80,A
338846000,2021-05-16T22:09:45,36.86553,-76.31582,0.0,0.1,227.0,USNS MENDONCA,IMO9147320,NBMK,70,3,289,32,10.9,35,A
338846000,2021-05-16T22:35:15,36.86557,-76.31577,0.0,0.1,227.0,USNS MENDONCA,IMO9147320,NBMK,70,3,289,32,10.9,35,A
368445000,2021-05-16T22:38:22,36.96309,-76.42011,0.0,0.0,188.0,OVERSEAS NIKISKI,IMO9353577,WDBH,80,5,183,32,12.2,80,A
357997000,2021-05-16T22:37:41,37.20193,-76.08922,0.2,272.7,2.0,NORD TREASURE,IMO9566459,3ESI7,70,1,189,32,12.7,70,A
477286200,2021-05-16T22:37:47,36.99212,-76.18428,14.6,107.4,106.0,COSCOSHIPPING ORCHID,IMO9785770,VRSK7,71,0,366,48,12.0,71,A
372348000,2021-05-16T23:29:43,37.19126,-76.09701,0.1,290.5,8.0,PRT KAHO,IMO9701152,3FGE7,70,1,224,32,14.4,70,A
372348000,2021-05-16T22:38:43,37.19124,-76.09686,0.1,273.9,8.0,PRT KAHO,IMO9701152,3FGE7,70,1,224,32,14.4,70,A
636010915,2021-05-16T23:30:43,37.21204,-76.14589,11.9,195.0,195.0,STOLT SPAN,IMO9149524,ELVQ7,80,0,162,23,10.1,80,A
366842000,2021-05-16T22:13:18,36.85384,-76.31117,0.0,0.0,42.0,CAPE RACE,IMO7616377,KAFJ,70,5,197,32,10.0,79,A
477286200,2021-05-16T22:13:54,36.99648,-76.29730,12.1,58.4,58.0,COSCOSHIPPING ORCHID,IMO9785770,VRSK7,71,0,366,48,12.0,71,A
565003000,2021-05-16T22:37:09,37.24596,-76.13174,9.7,197.5,198.0,BULK FINLAND,IMO9691577,9V2513,70,0,224,32,14.4,70,A
367359930,2021-05-16T22:38:58,36.82420,-76.28913,0.0,282.9,511.0,SUNNY WILLIAMS,,WDE4940,80,0,25,8,,80,A
218023000,2021-05-16T23:31:07,37.03955,-76.06774,17.4,323.2,325.0,DUBLIN EXPRESS,IMO9232577,DDSB2,70,0,280,32,12.5,79,A
538003886,2021-05-16T23:30:40,36.91114,-76.32741,0.0,75.8,351.0,MOL MAXIM,IMO9424936,V7TU3,70,5,302,43,14.2,71,A
636012908,2021-05-16T22:39:01,37.22759,-76.43677,0.0,256.2,256.0,TAVRICHESKY BRIDGE,IMO9292060,A8IZ6,80,5,182,32,12.2,80,A
373327000,2021-05-16T23:32:22,37.21668,-76.09155,0.1,258.3,12.0,ENERGY TRITON,IMO9602368,3FLG8,70,1,228,32,14.4,79,A
636015650,2021-05-16T22:15:56,36.96282,-76.42409,0.0,36.0,38.0,NS ENERGY,IMO9609732,D5CA8,70,5,225,32,14.2,79,A
372348000,2021-05-16T23:32:43,37.19128,-76.09705,0.1,277.0,9.0,PRT KAHO,IMO9701152,3FGE7,70,1,224,32,14.4,70,A
367822000,2021-05-16T23:30:55,36.97313,-76.43386,0.0,0.0,0.0,USNS SHUGHART,IMO7825394,NAOQ,70,5,276,32,13.0,70,A
636018660,2021-05-16T23:32:57,37.16666,-76.15266,14.7,352.5,353.0,MSC ANTONIA,IMO9398216,D5QT7,70,0,304,40,13.5,70,A
565003000,2021-05-16T23:30:09,37.10380,-76.12052,10.6,150.3,148.0,BULK FINLAND,IMO9691577,9V2513,70,0,224,32,14.4,70,A
366841000,2021-05-16T23:33:59,36.85330,-76.31053,0.0,0.0,40.0,CAPE RAY,IMO7530810,KAFI,70,5,197,32,10.0,70,A
367359930,2021-05-16T22:40:09,36.82419,-76.28912,0.0,285.0,511.0,SUNNY WILLIAMS,,WDE4940,80,0,25,8,,80,A
311072300,2021-05-16T23:33:28,37.06286,-76.09051,15.2,328.8,330.0,MORNING CLASSIC,IMO9441609,C6ZY7,70,0,199,32,10.0,70,A
538009119,2021-05-16T22:17:37,36.87949,-76.32636,0.0,109.0,273.0,ARMONIA.GR,IMO9758868,V7A4344,70,5,199,32,6.5,70,A
636015650,2021-05-16T23:33:54,36.96282,-76.42409,0.0,36.0,39.0,NS ENERGY,IMO9609732,D5CA8,70,5,225,32,14.2,79,A
636012908,2021-05-16T22:17:57,37.22759,-76.43679,0.0,256.2,256.0,TAVRICHESKY BRIDGE,IMO9292060,A8IZ6,80,5,182,32,12.2,80,A
372348000,2021-05-16T22:41:43,37.19125,-76.09693,0.1,273.1,10.0,PRT KAHO,IMO9701152,3FGE7,70,1,224,32,14.4,70,A
338846000,2021-05-16T22:14:25,36.86557,-76.31580,0.0,0.1,227.0,USNS MENDONCA,IMO9147320,NBMK,70,3,289,32,10.9,35,A
367633000,2021-05-16T22:42:13,36.96640,-76.42777,0.0,307.3,223.0,LONESTAR STATE,IMO9697985,WLSY,80,5,178,,,80,A
367822000,2021-05-16T22:42:53,36.97312,-76.43385,0.0,0.0,1.0,USNS SHUGHART,IMO7825394,NAOQ,70,5,276,32,13.0,70,A
477286200,2021-05-16T22:42:11,36.98676,-76.16291,14.6,107.4,106.0,COSCOSHIPPING ORCHID,IMO9785770,VRSK7,71,0,366,48,12.0,71,A
565003000,2021-05-16T23:32:29,37.09775,-76.11627,10.5,150.9,148.0,BULK FINLAND,IMO9691577,9V2513,70,0,224,32,14.4,70,A
565003000,2021-05-16T22:40:49,37.23631,-76.13572,10.1,199.2,199.0,BULK FINLAND,IMO9691577,9V2513,70,0,224,32,14.4,70,A
565003000,2021-05-16T23:33:39,37.09475,-76.11418,10.5,151.3,149.0,BULK FINLAND,IMO9691577,9V2513,70,0,224,32,14.4,70,A
338846000,2021-05-16T23:33:24,36.86555,-76.31582,0.0,0.1,227.0,USNS MENDONCA,IMO9147320,NBMK,70,3,289,32,10.9,35,A
338846000,2021-05-16T23:34:35,36.86557,-76.31582,0.0,0.1,227.0,USNS MENDONCA,IMO9147320,NBMK,70,3,289,32,10.9,35,A
373327000,2021-05-16T22:44:22,37.21664,-76.09103,0.1,187.5,4.0,ENERGY TRITON,IMO9602368,3FLG8,70,1,228,32,14.4,79,A
256116000,2021-05-16T22:42:29,36.90817,-76.32688,0.0,195.4,352.0,VIRGINIA TRADER,IMO9344552,9HA3823,70,5,211,29,11.4,71,A
367222000,2021-05-16T22:45:50,36.94832,-76.33070,0.0,0.0,101.0,WALTER S DIEHL,IMO8511495,NWSD,80,5,206,29,,0,A
565003000,2021-05-16T23:34:48,37.09178,-76.11217,10.5,151.4,149.0,BULK FINLAND,IMO9691577,9V2513,70,0,224,32,14.4,70,A
373327000,2021-05-16T22:20:22,37.21663,-76.09094,0.0,233.6,3.0,ENERGY TRITON,IMO9602368,3FLG8,70,1,228,32,14.4,79,A
636018070,2021-05-16T22:45:39,36.87745,-76.34992,0.0,286.5,347.0,ARISTOMENIS,IMO9408841,D5OA5,70,5,349,45,15.0,71,A
366841000,2021-05-16T22:46:03,36.85326,-76.31056,0.0,0.0,40.0,CAPE RAY,IMO7530810,KAFI,70,5,197,32,10.0,70,A
565003000,2021-05-16T23:35:59,37.08873,-76.11009,10.5,151.1,149.0,BULK FINLAND,IMO9691577,9V2513,70,0,224,32,14.4,70,A
477286200,2021-05-16T22:21:35,37.00702,-76.26303,14.5,76.7,79.0,COSCOSHIPPING ORCHID,IMO9785770,VRSK7,71,0,366,48,12.0,71,A
477231100,2021-05-16T22:45:53,37.18321,-76.11030,0.0,235.6,9.0,CL CHRISTINA,IMO9710892,VRSE5,70,1,200,32,6.9,70,A
368026000,2021-05-16T22:19:26,36.86577,-76.31604,0.0,218.7,511.0,BENAVIDEZ,IMO9218210,NBHG,70,5,289,32,10.9,70,A
368026000,2021-05-16T22:43:27,36.86577,-76.31602,0.0,218.7,511.0,BENAVIDEZ,IMO9218210,NBHG,70,5,289,32,10.9,70,A
366839000,2021-05-16T22:19:06,36.85349,-76.31083,0.0,0.0,40.0,CAPE RISE,IMO7530808,KAFG,70,5,197,32,10.0,70,A
366842000,2021-05-16T22:22:18,36.85381,-76.31119,0.0,0.0,42.0,CAPE RACE,IMO7616377,KAFJ,70,5,197,32,10.0,79,A
338846000,2021-05-16T23:35:46,36.86557,-76.31580,0.0,0.1,227.0,USNS MENDONCA,IMO9147320,NBMK,70,3,289,32,10.9,35,A
477286200,2021-05-16T22:47:35,36.98017,-76.13681,14.7,108.6,107.0,COSCOSHIPPING ORCHID,IMO9785770,VRSK7,71,0,366,48,12.0,71,A
220413000,2021-05-16T22:48:27,37.09686,-76.11485,12.0,330.3,331.0,GUNVOR MAERSK,IMO9302891,OYGC2,70,0,367,42,15.0,71,A
256116000,2021-05-16T22:45:29,36.90820,-76.32688,0.0,195.4,352.0,VIRGINIA TRADER,IMO9344552,9HA3823,70,5,211,29,11.4,71,A
371420000,2021-05-16T22:21:59,37.21126,-76.13222,0.0,169.9,18.0,DIONE,IMO9729881,3FOB6,70,1,229,32,7.5,70,A
636018070,2021-05-16T23:39:42,36.87754,-76.34996,0.1,349.8,347.0,ARISTOMENIS,IMO9408841,D5OA5,70,5,349,45,15.0,71,A
366842000,2021-05-16T22:25:18,36.85379,-76.31118,0.0,0.0,42.0,CAPE RACE,IMO7616377,KAFJ,70,5,197,32,10.0,79,A
338846000,2021-05-16T22:45:46,36.86555,-76.31580,0.0,0.1,227.0,USNS MENDONCA,IMO9147320,NBMK,70,3,289,32,10.9,35,A
636018660,2021-05-16T23:39:33,37.19300,-76.15230,14.3,9.4,15.0,MSC ANTONIA,IMO9398216,D5QT7,70,0,304,40,13.5,70,A
367633000,2021-05-16T22:24:13,36.96640,-76.42779,0.0,257.4,223.0,LONESTAR STATE,IMO9697985,WLSY,80,5,178,,,80,A
538005113,2021-05-16T22:23:30,37.20837,-76.11678,0.0,223.0,5.0,ALGOMA VISION,IMO9640944,V7BC3,70,1,228,32,13.5,70,A
366841000,2021-05-16T22:24:57,36.85331,-76.31054,0.0,0.0,40.0,CAPE RAY,IMO7530810,KAFI,70,5,197,32,10.0,70,A
338678000,2021-05-16T23:42:09,36.91620,-76.16845,0.0,215.8,10.0,DOLORES CHOUEST,IMO8225931,WCP8847,70,5,54,12,4.0,35,A
367359930,2021-05-16T23:39:39,36.82420,-76.28913,0.0,241.0,511.0,SUNNY WILLIAMS,,WDE4940,80,0,25,8,,80,A
220413000,2021-05-16T23:41:57,37.26950,-76.12269,12.5,16.5,17.0,GUNVOR MAERSK,IMO9302891,OYGC2,70,0,367,42,15.0,71,A
636010915,2021-05-16T23:42:13,37.17231,-76.15376,13.3,172.2,171.0,STOLT SPAN,IMO9149524,ELVQ7,80,0,162,23,10.1,80,A
565003000,2021-05-16T22:50:08,37.21157,-76.14549,9.9,198.3,198.0,BULK FINLAND,IMO9691577,9V2513,70,0,224,32,14.4,70,A
367359930,2021-05-16T22:50:39,36.82421,-76.28914,0.0,286.9,511.0,SUNNY WILLIAMS,,WDE4940,80,0,25,8,,80,A
366842000,2021-05-16T22:52:20,36.85382,-76.31119,0.0,0.0,42.0,CAPE RACE,IMO7616377,KAFJ,70,5,197,32,10.0,79,A
366842000,2021-05-16T23:43:22,36.85384,-76.31122,0.0,0.0,42.0,CAPE RACE,IMO7616377,KAFJ,70,5,197,32,10.0,79,A
538003886,2021-05-16T22:51:38,36.91110,-76.32751,0.0,75.8,351.0,MOL MAXIM,IMO9424936,V7TU3,70,5,302,43,14.2,71,A
367821000,2021-05-16T23:43:12,36.97285,-76.43367,0.0,0.0,511.0,YANO,IMO7825409,NAQH,70,5,276,32,13.0,70,A
636012908,2021-05-16T22:27:01,37.22758,-76.43676,0.0,256.3,256.0,TAVRICHESKY BRIDGE,IMO9292060,A8IZ6,80,5,182,32,12.2,80,A
368445000,2021-05-16T22:53:22,36.96305,-76.42012,0.0,0.0,188.0,OVERSEAS NIKISKI,IMO9353577,WDBH,80,5,183,32,12.2,80,A
367359930,2021-05-16T23:41:59,36.82421,-76.28912,0.0,252.8,511.0,SUNNY WILLIAMS,,WDE4940,80,0,25,8,,80,A
367359930,2021-05-16T22:51:48,36.82420,-76.28912,0.0,281.1,511.0,SUNNY WILLIAMS,,WDE4940,80,0,25,8,,80,A
338846000,2021-05-16T22:51:25,36.86550,-76.31578,0.0,0.1,227.0,USNS MENDONCA,IMO9147320,NBMK,70,3,289,32,10.9,35,A
636018660,2021-05-16T23:43:58,37.20985,-76.14606,14.5,16.5,17.0,MSC ANTONIA,IMO9398216,D5QT7,70,0,304,40,13.5,70,A
565003000,2021-05-16T22:27:49,37.26107,-76.11540,7.2,279.9,274.0,BULK FINLAND,IMO9691577,9V2513,70,0,224,32,14.4,70,A
220413000,2021-05-16T22:54:08,37.11386,-76.12700,12.4,329.3,330.0,GUNVOR MAERSK,IMO9302891,OYGC2,70,0,367,42,15.0,71,A
338678000,2021-05-16T22:30:08,36.91620,-76.16844,0.0,242.1,10.0,DOLORES CHOUEST,IMO8225931,WCP8847,70,5,54,12,4.0,35,A
220413000,2021-05-16T23:45:37,37.28157,-76.11787,12.4,17.3,18.0,GUNVOR MAERSK,IMO9302891,OYGC2,70,0,367,42,15.0,71,A
565003000,2021-05-16T22:53:39,37.20227,-76.14928,9.9,198.4,197.0,BULK FINLAND,IMO9691577,9V2513,70,0,224,32,14.4,70,A
636010915,2021-05-16T22:54:43,37.32398,-76.10147,11.9,197.4,195.0,STOLT SPAN,IMO9149524,ELVQ7,80,0,162,23,10.1,80,A
367865000,2021-05-16T22:56:19,36.96246,-76.41931,0.0,0.0,188.0,KANAWHA,IMO8704080,NPTD,80,5,206,29,,35,A
477286200,2021-05-16T22:55:12,36.97047,-76.09946,14.9,107.2,106.0,COSCOSHIPPING ORCHID,IMO9785770,VRSK7,71,0,366,48,12.0,71,A
220413000,2021-05-16T22:33:18,37.05400,-76.08190,11.9,321.7,322.0,GUNVOR MAERSK,IMO9302891,OYGC2,70,0,367,42,15.0,71,A
338846000,2021-05-16T23:45:05,36.86553,-76.31580,0.0,0.1,227.0,USNS MENDONCA,IMO9147320,NBMK,70,3,289,32,10.9,35,A
636018070,2021-05-16T23:45:42,36.87748,-76.34994,0.1,345.8,347.0,ARISTOMENIS,IMO9408841,D5OA5,70,5,349,45,15.0,71,A
338678000,2021-05-16T22:33:08,36.91625,-76.16844,0.0,239.6,10.0,DOLORES CHOUEST,IMO8225931,WCP8847,70,5,54,12,4.0,35,A
565003000,2021-05-16T22:32:19,37.25726,-76.12622,8.4,222.6,215.0,BULK FINLAND,IMO9691577,9V2513,70,0,224,32,14.4,70,A
311072300,2021-05-16T23:46:46,37.11283,-76.12660,15.8,331.9,333.0,MORNING CLASSIC,IMO9441609,C6ZY7,70,0,199,32,10.0,70,A
220413000,2021-05-16T23:46:47,37.28541,-76.11630,12.4,17.1,18.0,GUNVOR MAERSK,IMO9302891,OYGC2,70,0,367,42,15.0,71,A
636015650,2021-05-16T22:57:55,36.96284,-76.42407,0.0,36.0,39.0,NS ENERGY,IMO9609732,D5CA8,70,5,225,32,14.2,79,A
477231100,2021-05-16T22:57:53,37.18318,-76.11028,0.1,318.3,9.0,CL CHRISTINA,IMO9710892,VRSE5,70,1,200,32,6.9,70,A
367359930,2021-05-16T22:55:18,36.82417,-76.28911,0.0,281.5,511.0,SUNNY WILLIAMS,,WDE4940,80,0,25,8,,80,A
367633000,2021-05-16T22:57:13,36.96634,-76.42776,0.0,313.0,223.0,LONESTAR STATE,IMO9697985,WLSY,80,5,178,,,80,A
338846000,2021-05-16T22:55:44,36.86557,-76.31580,0.0,0.1,227.0,USNS MENDONCA,IMO9147320,NBMK,70,3,289,32,10.9,35,A
368445000,2021-05-16T22:35:22,36.96311,-76.42012,0.0,0.0,188.0,OVERSEAS NIKISKI,IMO9353577,WDBH,80,5,183,32,12.2,80,A
538005113,2021-05-16T22:56:32,37.20839,-76.11690,0.0,223.0,9.0,ALGOMA VISION,IMO9640944,V7BC3,70,1,228,32,13.5,70,A
367865000,2021-05-16T23:47:18,36.96246,-76.41933,0.0,0.0,188.0,KANAWHA,IMO8704080,NPTD,80,5,206,29,,35,A
368026000,2021-05-16T23:46:26,36.86577,-76.31604,0.0,218.7,511.0,BENAVIDEZ,IMO9218210,NBHG,70,5,289,32,10.9,70,A
338846000,2021-05-16T22:56:55,36.86558,-76.31580,0.0,0.1,227.0,USNS MENDONCA,IMO9147320,NBMK,70,3,289,32,10.9,35,A
636010915,2021-05-16T23:48:02,37.15048,-76.15028,13.8,172.7,171.0,STOLT SPAN,IMO9149524,ELVQ7,80,0,162,23,10.1,80,A
636010915,2021-05-16T22:59:32,37.30869,-76.10737,11.9,196.9,195.0,STOLT SPAN,IMO9149524,ELVQ7,80,0,162,23,10.1,80,A
366842000,2021-05-16T22:34:19,36.85384,-76.31120,0.0,0.0,42.0,CAPE RACE,IMO7616377,KAFJ,70,5,197,32,10.0,79,A
366841000,2021-05-16T22:34:00,36.85327,-76.31053,0.0,0.0,40.0,CAPE RAY,IMO7530810,KAFI,70,5,197,32,10.0,70,A
636012908,2021-05-16T22:57:01,37.22756,-76.43676,0.0,255.9,255.0,TAVRICHESKY BRIDGE,IMO9292060,A8IZ6,80,5,182,32,12.2,80,A
538003886,2021-05-16T23:48:32,36.91116,-76.32737,0.0,75.8,351.0,MOL MAXIM,IMO9424936,V7TU3,70,5,302,43,14.2,71,A
636018660,2021-05-16T23:48:21,37.22682,-76.13960,14.6,16.9,17.0,MSC ANTONIA,IMO9398216,D5QT7,70,0,304,40,13.5,70,A
565003000,2021-05-16T23:48:49,37.05722,-76.08532,10.4,141.9,140.0,BULK FINLAND,IMO9691577,9V2513,70,0,224,32,14.4,70,A
220413000,2021-05-16T22:59:59,37.13161,-76.13994,12.3,330.4,331.0,GUNVOR MAERSK,IMO9302891,OYGC2,70,0,367,42,15.0,71,A
220413000,2021-05-16T23:00:08,37.13210,-76.14030,12.3,329.6,331.0,GUNVOR MAERSK,IMO9302891,OYGC2,70,0,367,42,15.0,71,A
372348000,2021-05-16T22:59:43,37.19122,-76.09680,0.0,261.3,7.0,PRT KAHO,IMO9701152,3FGE7,70,1,224,32,14.4,70,A
636018660,2021-05-16T23:50:28,37.23505,-76.13638,14.6,17.5,18.0,MSC ANTONIA,IMO9398216,D5QT7,70,0,304,40,13.5,70,A
636018070,2021-05-16T22:36:41,36.87747,-76.34995,0.0,313.7,347.0,ARISTOMENIS,IMO9408841,D5OA5,70,5,349,45,15.0,71,A
538003886,2021-05-16T22:36:37,36.91109,-76.32745,0.0,75.8,351.0,MOL MAXIM,IMO9424936,V7TU3,70,5,302,43,14.2,71,A
538003886,2021-05-16T23:00:36,36.91112,-76.32744,0.0,75.8,351.0,MOL MAXIM,IMO9424936,V7TU3,70,5,302,43,14.2,71,A
636015650,2021-05-16T23:00:56,36.96283,-76.42409,0.0,36.0,39.0,NS ENERGY,IMO9609732,D5CA8,70,5,225,32,14.2,79,A
367821000,2021-05-16T23:01:11,36.97287,-76.43365,0.0,0.0,511.0,YANO,IMO7825409,NAQH,70,5,276,32,13.0,70,A
367222000,2021-05-16T23:48:50,36.94832,-76.33074,0.0,0.0,101.0,WALTER S DIEHL,IMO8511495,NWSD,80,5,206,29,,0,A
538009119,2021-05-16T22:38:36,36.87946,-76.32640,0.0,109.0,273.0,ARMONIA.GR,IMO9758868,V7A4344,70,5,199,32,6.5,70,A
538005067,2021-05-16T23:49:10,37.26783,-76.10163,0.0,263.8,11.0,AM KRAKOW,IMO9624122,V7AU2,70,1,229,32,14.5,70,A
367222000,2021-05-16T22:36:51,36.94831,-76.33069,0.0,0.0,101.0,WALTER S DIEHL,IMO8511495,NWSD,80,5,206,29,,0,A
477286200,2021-05-16T23:01:11,36.96293,-76.06944,15.2,107.2,106.0,COSCOSHIPPING ORCHID,IMO9785770,VRSK7,71,0,366,48,12.0,71,A
636018660,2021-05-16T23:52:39,37.24348,-76.13299,14.6,17.7,18.0,MSC ANTONIA,IMO9398216,D5QT7,70,0,304,40,13.5,70,A
367633000,2021-05-16T22:39:13,36.96634,-76.42775,0.0,324.9,223.0,LONESTAR STATE,IMO9697985,WLSY,80,5,178,,,80,A
366841000,2021-05-16T23:49:01,36.85327,-76.31055,0.0,0.0,40.0,CAPE RAY,IMO7530810,KAFI,70,5,197,32,10.0,70,A
367822000,2021-05-16T23:00:54,36.97313,-76.43385,0.0,0.0,1.0,USNS SHUGHART,IMO7825394,NAOQ,70,5,276,32,13.0,70,A
367865000,2021-05-16T23:02:19,36.96252,-76.41927,0.0,0.0,188.0,KANAWHA,IMO8704080,NPTD,80,5,206,29,,35,A
565003000,2021-05-16T23:01:19,37.18167,-76.15515,9.9,179.0,175.0,BULK FINLAND,IMO9691577,9V2513,70,0,224,32,14.4,70,A
338678000,2021-05-16T23:54:09,36.91620,-76.16844,0.0,233.3,10.0,DOLORES CHOUEST,IMO8225931,WCP8847,70,5,54,12,4.0,35,A
311072300,2021-05-16T23:55:34,37.14723,-76.14872,15.8,339.8,340.0,MORNING CLASSIC,IMO9441609,C6ZY7,70,0,199,32,10.0,70,A
338846000,2021-05-16T22:39:55,36.86553,-76.31578,0.0,0.1,227.0,USNS MENDONCA,IMO9147320,NBMK,70,3,289,32,10.9,35,A
538005113,2021-05-16T23:53:28,37.20841,-76.11706,0.0,223.0,13.0,ALGOMA VISION,IMO9640944,V7BC3,70,1,228,32,13.5,70,A
218023000,2021-05-16T23:52:20,37.12335,-76.13289,15.4,332.4,334.0,DUBLIN EXPRESS,IMO9232577,DDSB2,70,0,280,32,12.5,79,A
538009119,2021-05-16T22:41:37,36.87950,-76.32641,0.0,109.0,273.0,ARMONIA.GR,IMO9758868,V7A4344,70,5,199,32,6.5,70,A
538003886,2021-05-16T23:03:35,36.91112,-76.32744,0.0,75.8,351.0,MOL MAXIM,IMO9424936,V7TU3,70,5,302,43,14.2,71,A
220413000,2021-05-16T23:04:47,37.14619,-76.14834,11.9,345.9,347.0,GUNVOR MAERSK,IMO9302891,OYGC2,70,0,367,42,15.0,71,A
256116000,2021-05-16T22:39:28,36.90817,-76.32687,0.0,195.4,352.0,VIRGINIA TRADER,IMO9344552,9HA3823,70,5,211,29,11.4,71,A
357997000,2021-05-16T23:04:41,37.20203,-76.08992,0.1,159.4,17.0,NORD TREASURE,IMO9566459,3ESI7,70,1,189,32,12.7,70,A
636012908,2021-05-16T22:41:55,37.22757,-76.43678,0.0,256.1,256.0,TAVRICHESKY BRIDGE,IMO9292060,A8IZ6,80,5,182,32,12.2,80,A
538005113,2021-05-16T22:41:27,37.20842,-76.11682,0.0,223.0,6.0,ALGOMA VISION,IMO9640944,V7BC3,70,1,228,32,13.5,70,A
636010915,2021-05-16T23:04:43,37.29226,-76.11365,11.9,197.5,196.0,STOLT SPAN,IMO9149524,ELVQ7,80,0,162,23,10.1,80,A
220413000,2021-05-16T23:05:57,37.15000,-76.14930,12.0,353.0,353.0,GUNVOR MAERSK,IMO9302891,OYGC2,70,0,367,42,15.0,71,A
338678000,2021-05-16T23:06:08,36.91621,-76.16845,0.0,231.7,11.0,DOLORES CHOUEST,IMO8225931,WCP8847,70,5,54,12,4.0,35,A
565003000,2021-05-16T23:55:38,37.04147,-76.07010,10.6,142.4,140.0,BULK FINLAND,IMO9691577,9V2513,70,0,224,32,14.4,70,A
538005067,2021-05-16T23:55:08,37.26788,-76.10154,0.0,8.9,11.0,AM KRAKOW,IMO9624122,V7AU2,70,1,229,32,14.5,70,A
477286200,2021-05-16T22:45:24,36.98289,-76.14746,14.6,107.4,106.0,COSCOSHIPPING ORCHID,IMO9785770,VRSK7,71,0,366,48,12.0,71,A
636010915,2021-05-16T23:06:52,37.28547,-76.11635,11.9,197.8,196.0,STOLT SPAN,IMO9149524,ELVQ7,80,0,162,23,10.1,80,A
338846000,2021-05-16T22:42:14,36.86553,-76.31578,0.0,0.1,227.0,USNS MENDONCA,IMO9147320,NBMK,70,3,289,32,10.9,35,A
565003000,2021-05-16T22:43:09,37.23008,-76.13834,10.0,198.0,198.0,BULK FINLAND,IMO9691577,9V2513,70,0,224,32,14.4,70,A
367822000,2021-05-16T23:03:54,36.97313,-76.43385,0.0,0.0,1.0,USNS SHUGHART,IMO7825394,NAOQ,70,5,276,32,13.0,70,A
636012908,2021-05-16T23:56:59,37.22756,-76.43676,0.0,256.3,256.0,TAVRICHESKY BRIDGE,IMO9292060,A8IZ6,80,5,182,32,12.2,80,A
366842000,2021-05-16T23:58:18,36.85386,-76.31115,0.0,0.0,42.0,CAPE RACE,IMO7616377,KAFJ,70,5,197,32,10.0,79,A
357997000,2021-05-16T22:46:41,37.20194,-76.08967,0.1,283.0,13.0,NORD TREASURE,IMO9566459,3ESI7,70,1,189,32,12.7,70,A
538009119,2021-05-16T23:59:38,36.87951,-76.32637,0.0,109.0,273.0,ARMONIA.GR,IMO9758868,V7A4344,70,5,199,32,6.5,70,A
367359930,2021-05-16T23:06:09,36.82419,-76.28912,0.0,299.4,511.0,SUNNY WILLIAMS,,WDE4940,80,0,25,8,,80,A
373327000,2021-05-16T23:59:22,37.21665,-76.09125,0.1,287.7,13.0,ENERGY TRITON,IMO9602368,3FLG8,70,1,228,32,14.4,79,A
368445000,2021-05-16T23:59:22,36.96312,-76.42014,0.0,0.0,188.0,OVERSEAS NIKISKI,IMO9353577,WDBH,80,5,183,32,12.2,80,A
373327000,2021-05-16T22:47:22,37.21661,-76.09102,0.1,238.1,3.0,ENERGY TRITON,IMO9602368,3FLG8,70,1,228,32,14.4,79,A
367822000,2021-05-16T23:06:54,36.97312,-76.43386,0.0,0.0,1.0,USNS SHUGHART,IMO7825394,NAOQ,70,5,276,32,13.0,70,A
538005067,2021-05-16T22:46:06,37.26787,-76.10162,0.0,125.9,14.0,AM KRAKOW,IMO9624122,V7AU2,70,1,229,32,14.5,70,A
367359930,2021-05-16T23:07:19,36.82419,-76.28912,0.0,286.6,511.0,SUNNY WILLIAMS,,WDE4940,80,0,25,8,,80,A
338846000,2021-05-16T23:09:14,36.86558,-76.31578,0.0,0.1,227.0,USNS MENDONCA,IMO9147320,NBMK,70,3,289,32,10.9,35,A
477286200,2021-05-16T22:48:36,36.97887,-76.13201,14.8,108.2,107.0,COSCOSHIPPING ORCHID,IMO9785770,VRSK7,71,0,366,48,12.0,71,A
565003000,2021-05-16T23:09:20,37.15897,-76.15207,10.5,170.5,170.0,BULK FINLAND,IMO9691577,9V2513,70,0,224,32,14.4,70,A
477231100,2021-05-16T22:48:53,37.18323,-76.11031,0.0,326.8,10.0,CL CHRISTINA,IMO9710892,VRSE5,70,1,200,32,6.9,70,A
367222000,2021-05-16T23:57:50,36.94832,-76.33069,0.0,0.0,101.0,WALTER S DIEHL,IMO8511495,NWSD,80,5,206,29,,0,A
338678000,2021-05-16T23:12:08,36.91622,-76.16844,0.0,236.4,11.0,DOLORES CHOUEST,IMO8225931,WCP8847,70,5,54,12,4.0,35,A
368026000,2021-05-16T22:49:27,36.86574,-76.31603,0.0,218.7,511.0,BENAVIDEZ,IMO9218210,NBHG,70,5,289,32,10.9,70,A
367865000,2021-05-16T22:50:18,36.96242,-76.41936,0.0,0.0,188.0,KANAWHA,IMO8704080,NPTD,80,5,206,29,,35,A
367222000,2021-05-16T23:09:50,36.94835,-76.33073,0.0,0.0,101.0,WALTER S DIEHL,IMO8511495,NWSD,80,5,206,29,,0,A
371420000,2021-05-16T23:13:03,37.21108,-76.13184,0.0,169.9,14.0,DIONE,IMO9729881,3FOB6,70,1,229,32,7.5,70,A
338846000,2021-05-16T22:49:05,36.86552,-76.31578,0.0,0.1,227.0,USNS MENDONCA,IMO9147320,NBMK,70,3,289,32,10.9,35,A
538005067,2021-05-16T23:13:08,37.26784,-76.10161,0.0,201.0,11.0,AM KRAKOW,IMO9624122,V7AU2,70,1,229,32,14.5,70,A
338678000,2021-05-16T22:54:08,36.91627,-76.16845,0.0,243.8,11.0,DOLORES CHOUEST,IMO8225931,WCP8847,70,5,54,12,4.0,35,A
477286200,2021-05-16T22:54:06,36.97181,-76.10484,15.0,107.3,106.0,COSCOSHIPPING ORCHID,IMO9785770,VRSK7,71,0,366,48,12.0,71,A
338846000,2021-05-16T23:13:35,36.86558,-76.31577,0.0,0.1,227.0,USNS MENDONCA,IMO9147320,NBMK,70,3,289,32,10.9,35,A
538009119,2021-05-16T22:56:37,36.87944,-76.32636,0.0,109.0,273.0,ARMONIA.GR,IMO9758868,V7A4344,70,5,199,32,6.5,70,A
366842000,2021-05-16T22:55:20,36.85382,-76.31121,0.0,0.0,43.0,CAPE RACE,IMO7616377,KAFJ,70,5,197,32,10.0,79,A
220413000,2021-05-16T22:57:38,37.12449,-76.13478,12.5,330.0,331.0,GUNVOR MAERSK,IMO9302891,OYGC2,70,0,367,42,15.0,71,A
220413000,2021-05-16T23:19:18,37.19496,-76.15144,12.2,16.5,17.0,GUNVOR MAERSK,IMO9302891,OYGC2,70,0,367,42,15.0,71,A
636010915,2021-05-16T23:18:32,37.24835,-76.13148,12.1,198.1,197.0,STOLT SPAN,IMO9149524,ELVQ7,80,0,162,23,10.1,80,A
366842000,2021-05-16T22:58:21,36.85382,-76.31118,0.0,0.0,43.0,CAPE RACE,IMO7616377,KAFJ,70,5,197,32,10.0,79,A
636010915,2021-05-16T23:00:03,37.30711,-76.10796,11.8,196.9,195.0,STOLT SPAN,IMO9149524,ELVQ7,80,0,162,23,10.1,80,A
636010915,2021-05-16T23:21:52,37.23768,-76.13581,12.1,197.9,197.0,STOLT SPAN,IMO9149524,ELVQ7,80,0,162,23,10.1,80,A
538009119,2021-05-16T23:20:39,36.87947,-76.32640,0.0,109.0,273.0,ARMONIA.GR,IMO9758868,V7A4344,70,5,199,32,6.5,70,A
256116000,2021-05-16T23:21:29,36.90815,-76.32683,0.0,195.4,352.0,VIRGINIA TRADER,IMO9344552,9HA3823,70,5,211,29,11.4,79,A
367822000,2021-05-16T22:54:54,36.97314,-76.43385,0.0,0.0,1.0,USNS SHUGHART,IMO7825394,NAOQ,70,5,276,32,13.0,70,A
367359930,2021-05-16T23:18:09,36.82421,-76.28914,0.0,273.9,511.0,SUNNY WILLIAMS,,WDE4940,80,0,25,8,,80,A
367359930,2021-05-16T22:57:50,36.82420,-76.28913,0.0,298.7,511.0,SUNNY WILLIAMS,,WDE4940,80,0,25,8,,80,A
538005113,2021-05-16T23:17:31,37.20836,-76.11695,0.0,223.0,6.0,ALGOMA VISION,IMO9640944,V7BC3,70,1,228,32,13.5,70,A
367822000,2021-05-16T23:18:54,36.97312,-76.43386,0.0,0.0,1.0,USNS SHUGHART,IMO7825394,NAOQ,70,5,276,32,13.0,70,A
636018660,2021-05-16T23:21:58,37.12524,-76.13411,14.9,329.5,328.0,MSC ANTONIA,IMO9398216,D5QT7,70,0,304,40,13.5,70,A
636018660,2021-05-16T23:01:09,37.05139,-76.07972,14.7,322.0,322.0,MSC ANTONIA,IMO9398216,D5QT7,70,0,304,40,13.5,70,A
256116000,2021-05-16T23:00:28,36.90817,-76.32688,0.0,195.4,352.0,VIRGINIA TRADER,IMO9344552,9HA3823,70,5,211,29,11.4,79,A
565003000,2021-05-16T23:22:09,37.12421,-76.13525,10.6,148.1,146.0,BULK FINLAND,IMO9691577,9V2513,70,0,224,32,14.4,70,A
565003000,2021-05-16T23:23:18,37.12137,-76.13311,10.5,149.4,145.0,BULK FINLAND,IMO9691577,9V2513,70,0,224,32,14.4,70,A
357997000,2021-05-16T23:22:41,37.20199,-76.08981,0.1,275.2,12.0,NORD TREASURE,IMO9566459,3ESI7,70,1,189,32,12.7,70,A
538009119,2021-05-16T23:02:36,36.87947,-76.32639,0.0,109.0,273.0,ARMONIA.GR,IMO9758868,V7A4344,70,5,199,32,6.5,70,A
220413000,2021-05-16T23:02:18,37.13835,-76.14476,12.0,333.7,337.0,GUNVOR MAERSK,IMO9302891,OYGC2,70,0,367,42,15.0,71,A
368026000,2021-05-16T23:01:27,36.86577,-76.31604,0.0,218.7,511.0,BENAVIDEZ,IMO9218210,NBHG,70,5,289,32,10.9,70,A
636012908,2021-05-16T23:20:56,37.22755,-76.43677,0.0,256.0,256.0,TAVRICHESKY BRIDGE,IMO9292060,A8IZ6,80,5,182,32,12.2,80,A
636010915,2021-05-16T23:23:54,37.23129,-76.13846,11.2,199.0,198.0,STOLT SPAN,IMO9149524,ELVQ7,80,0,162,23,10.1,80,A
636010915,2021-05-16T23:02:23,37.29972,-76.11074,11.9,196.7,195.0,STOLT SPAN,IMO9149524,ELVQ7,80,0,162,23,10.1,80,A
477231100,2021-05-16T23:24:53,37.18319,-76.11033,0.0,272.2,10.0,CL CHRISTINA,IMO9710892,VRSE5,70,1,200,32,6.9,70,A
636018070,2021-05-16T23:03:42,36.87750,-76.34993,0.0,318.0,347.0,ARISTOMENIS,IMO9408841,D5OA5,70,5,349,45,15.0,71,A
372348000,2021-05-16T23:02:43,37.19123,-76.09680,0.0,261.3,5.0,PRT KAHO,IMO9701152,3FGE7,70,1,224,32,14.4,70,A
311072300,2021-05-16T23:25:52,37.03782,-76.06660,14.6,324.4,324.0,MORNING CLASSIC,IMO9441609,C6ZY7,70,0,199,32,10.0,70,A
565003000,2021-05-16T23:25:39,37.11541,-76.12869,10.6,151.2,147.0,BULK FINLAND,IMO9691577,9V2513,70,0,224,32,14.4,70,A
565003000,2021-05-16T23:03:38,37.17530,-76.15442,10.0,172.8,172.0,BULK FINLAND,IMO9691577,9V2513,70,0,224,32,14.4,70,A
538005067,2021-05-16T23:25:08,37.26788,-76.10154,0.1,145.8,11.0,AM KRAKOW,IMO9624122,V7AU2,70,1,229,32,14.5,70,A
366842000,2021-05-16T23:28:24,36.85384,-76.31119,0.0,0.0,42.0,CAPE RACE,IMO7616377,KAFJ,70,5,197,32,10.0,79,A
357997000,2021-05-16T23:28:41,37.20202,-76.08992,0.1,279.3,17.0,NORD TREASURE,IMO9566459,3ESI7,70,1,189,32,12.7,70,A
311072300,2021-05-16T23:26:58,37.04148,-76.06990,14.7,323.6,324.0,MORNING CLASSIC,IMO9441609,C6ZY7,70,0,199,32,10.0,70,A
220413000,2021-05-16T23:27:17,37.22102,-76.14087,12.3,16.5,16.0,GUNVOR MAERSK,IMO9302891,OYGC2,70,0,367,42,15.0,71,A
636018660,2021-05-16T23:07:40,37.07323,-76.09843,14.9,330.4,331.0,MSC ANTONIA,IMO9398216,D5QT7,70,0,304,40,13.5,70,A
367865000,2021-05-16T23:29:19,36.96249,-76.41927,0.0,0.0,188.0,KANAWHA,IMO8704080,NPTD,80,5,206,29,,35,A
338846000,2021-05-16T23:03:25,36.86562,-76.31578,0.0,0.1,227.0,USNS MENDONCA,IMO9147320,NBMK,70,3,289,32,10.9,35,A
220413000,2021-05-16T23:29:48,37.22933,-76.13802,12.3,15.6,15.0,GUNVOR MAERSK,IMO9302891,OYGC2,70,0,367,42,15.0,71,A
366841000,2021-05-16T23:24:59,36.85328,-76.31054,0.0,0.0,40.0,CAPE RAY,IMO7530810,KAFI,70,5,197,32,10.0,70,A
636018660,2021-05-16T23:30:46,37.15785,-76.15124,14.8,352.2,353.0,MSC ANTONIA,IMO9398216,D5QT7,70,0,304,40,13.5,70,A
538009119,2021-05-16T23:29:38,36.87948,-76.32636,0.0,109.0,273.0,ARMONIA.GR,IMO9758868,V7A4344,70,5,199,32,6.5,70,A
367865000,2021-05-16T23:08:19,36.96248,-76.41936,0.0,0.0,188.0,KANAWHA,IMO8704080,NPTD,80,5,206,29,,35,A
636018660,2021-05-16T23:31:52,37.16231,-76.15194,14.7,352.7,353.0,MSC ANTONIA,IMO9398216,D5QT7,70,0,304,40,13.5,70,A
338846000,2021-05-16T23:05:46,36.86560,-76.31580,0.0,0.1,227.0,USNS MENDONCA,IMO9147320,NBMK,70,3,289,32,10.9,35,A
636010915,2021-05-16T23:09:13,37.27809,-76.11928,12.0,197.6,196.0,STOLT SPAN,IMO9149524,ELVQ7,80,0,162,23,10.1,80,A
371420000,2021-05-16T23:10:04,37.21110,-76.13188,0.0,169.9,15.0,DIONE,IMO9729881,3FOB6,70,1,229,32,7.5,70,A
366842000,2021-05-16T23:34:23,36.85383,-76.31113,0.0,0.0,42.0,CAPE RACE,IMO7616377,KAFJ,70,5,197,32,10.0,79,A
366841000,2021-05-16T23:06:59,36.85327,-76.31060,0.0,0.0,40.0,CAPE RAY,IMO7530810,KAFI,70,5,197,32,10.0,70,A
477231100,2021-05-16T23:33:53,37.18319,-76.11037,0.1,314.7,12.0,CL CHRISTINA,IMO9710892,VRSE5,70,1,200,32,6.9,70,A
366841000,2021-05-16T23:31:01,36.85330,-76.31055,0.0,0.0,40.0,CAPE RAY,IMO7530810,KAFI,70,5,197,32,10.0,70,A
538003886,2021-05-16T23:09:34,36.91105,-76.32746,0.0,75.8,351.0,MOL MAXIM,IMO9424936,V7TU3,70,5,302,43,14.2,71,A
338846000,2021-05-16T23:31:04,36.86555,-76.31578,0.0,0.1,227.0,USNS MENDONCA,IMO9147320,NBMK,70,3,289,32,10.9,35,A
218023000,2021-05-16T23:30:01,37.03522,-76.06382,17.7,324.2,325.0,DUBLIN EXPRESS,IMO9232577,DDSB2,70,0,280,32,12.5,79,A
218023000,2021-05-16T23:32:13,37.04386,-76.07180,17.3,321.5,323.0,DUBLIN EXPRESS,IMO9232577,DDSB2,70,0,280,32,12.5,79,A
636018660,2021-05-16T23:34:03,37.17108,-76.15340,14.6,351.9,353.0,MSC ANTONIA,IMO9398216,D5QT7,70,0,304,40,13.5,70,A
636015650,2021-05-16T23:12:54,36.96284,-76.42411,0.0,36.0,39.0,NS ENERGY,IMO9609732,D5CA8,70,5,225,32,14.2,79,A
366841000,2021-05-16T23:10:00,36.85327,-76.31058,0.0,0.0,40.0,CAPE RAY,IMO7530810,KAFI,70,5,197,32,10.0,70,A
636012908,2021-05-16T23:32:58,37.22756,-76.43678,0.0,256.2,256.0,TAVRICHESKY BRIDGE,IMO9292060,A8IZ6,80,5,182,32,12.2,80,A
311072300,2021-05-16T23:34:34,37.06696,-76.09331,15.2,331.8,332.0,MORNING CLASSIC,IMO9441609,C6ZY7,70,0,199,32,10.0,70,A
367359930,2021-05-16T23:09:38,36.82416,-76.28912,0.0,275.9,511.0,SUNNY WILLIAMS,,WDE4940,80,0,25,8,,80,A
367359930,2021-05-16T23:33:39,36.82421,-76.28913,0.0,219.6,511.0,SUNNY WILLIAMS,,WDE4940,80,0,25,8,,80,A
367865000,2021-05-16T23:11:18,36.96247,-76.41928,0.0,0.0,188.0,KANAWHA,IMO8704080,NPTD,80,5,206,29,,35,A
636018660,2021-05-16T23:13:16,37.09347,-76.11255,15.2,330.5,331.0,MSC ANTONIA,IMO9398216,D5QT7,70,0,304,40,13.5,70,A
366839000,2021-05-16T23:10:06,36.85348,-76.31081,0.0,0.0,40.0,CAPE RISE,IMO7530808,KAFG,70,5,197,32,10.0,70,A
367822000,2021-05-16T23:33:54,36.97312,-76.43385,0.0,0.0,0.0,USNS SHUGHART,IMO7825394,NAOQ,70,5,276,32,13.0,70,A
636018660,2021-05-16T23:37:22,37.18431,-76.15353,14.3,11.2,10.0,MSC ANTONIA,IMO9398216,D5QT7,70,0,304,40,13.5,70,A
636018660,2021-05-16T23:15:28,37.10150,-76.11805,15.1,331.9,333.0,MSC ANTONIA,IMO9398216,D5QT7,70,0,304,40,13.5,70,A
538003886,2021-05-16T23:36:42,36.91134,-76.32738,0.0,75.8,351.0,MOL MAXIM,IMO9424936,V7TU3,70,5,302,43,14.2,71,A
367359930,2021-05-16T23:11:58,36.82414,-76.28910,0.0,274.4,511.0,SUNNY WILLIAMS,,WDE4940,80,0,25,8,,80,A
357997000,2021-05-16T23:37:41,37.20197,-76.08982,0.1,96.1,15.0,NORD TREASURE,IMO9566459,3ESI7,70,1,189,32,12.7,70,A
636010915,2021-05-16T23:16:13,37.25581,-76.12835,12.1,199.3,198.0,STOLT SPAN,IMO9149524,ELVQ7,80,0,162,23,10.1,80,A
366839000,2021-05-16T23:13:03,36.85346,-76.31085,0.0,0.0,40.0,CAPE RISE,IMO7530808,KAFG,70,5,197,32,10.0,70,A
538003886,2021-05-16T23:39:38,36.91125,-76.32738,0.0,75.8,351.0,MOL MAXIM,IMO9424936,V7TU3,70,5,302,43,14.2,71,A
565003000,2021-05-16T23:17:20,37.13656,-76.14397,10.4,150.6,148.0,BULK FINLAND,IMO9691577,9V2513,70,0,224,32,14.4,70,A
565003000,2021-05-16T23:40:39,37.07687,-76.10178,10.7,150.7,147.0,BULK FINLAND,IMO9691577,9V2513,70,0,224,32,14.4,70,A
372348000,2021-05-16T23:17:43,37.19118,-76.09677,0.0,113.5,6.0,PRT KAHO,IMO9701152,3FGE7,70,1,224,32,14.4,70,A
367821000,2021-05-16T23:19:12,36.97285,-76.43367,0.0,0.0,511.0,YANO,IMO7825409,NAQH,70,5,276,32,13.0,70,A
357997000,2021-05-16T23:19:41,37.20200,-76.08970,0.1,257.7,9.0,NORD TREASURE,IMO9566459,3ESI7,70,1,189,32,12.7,70,A
338846000,2021-05-16T23:15:55,36.86550,-76.31577,0.0,0.1,227.0,USNS MENDONCA,IMO9147320,NBMK,70,3,289,32,10.9,35,A
371420000,2021-05-16T23:19:04,37.21110,-76.13188,0.0,169.9,15.0,DIONE,IMO9729881,3FOB6,70,1,229,32,7.5,70,A
338846000,2021-05-16T23:39:14,36.86555,-76.31580,0.0,0.1,227.0,USNS MENDONCA,IMO9147320,NBMK,70,3,289,32,10.9,35,A
367633000,2021-05-16T23:42:13,36.96629,-76.42775,0.0,322.5,223.0,LONESTAR STATE,IMO9697985,WLSY,80,5,178,,,80,A
218023000,2021-05-16T23:39:56,37.07433,-76.09805,17.1,331.1,333.0,DUBLIN EXPRESS,IMO9232577,DDSB2,70,0,280,32,12.5,79,A
368445000,2021-05-16T23:20:22,36.96317,-76.42010,0.0,0.0,188.0,OVERSEAS NIKISKI,IMO9353577,WDBH,80,5,183,32,12.2,80,A
367359930,2021-05-16T23:19:28,36.82419,-76.28914,0.0,271.9,511.0,SUNNY WILLIAMS,,WDE4940,80,0,25,8,,80,A
311072300,2021-05-16T23:42:16,37.09574,-76.11419,15.7,327.4,327.0,MORNING CLASSIC,IMO9441609,C6ZY7,70,0,199,32,10.0,70,A
367359930,2021-05-16T23:20:39,36.82420,-76.28915,0.0,263.2,511.0,SUNNY WILLIAMS,,WDE4940,80,0,25,8,,80,A
636010915,2021-05-16T23:43:32,37.16744,-76.15301,13.4,172.9,171.0,STOLT SPAN,IMO9149524,ELVQ7,80,0,162,23,10.1,80,A
565003000,2021-05-16T23:42:59,37.07107,-76.09730,10.4,148.4,145.0,BULK FINLAND,IMO9691577,9V2513,70,0,224,32,14.4,70,A
371420000,2021-05-16T23:43:04,37.21111,-76.13201,0.0,169.9,21.0,DIONE,IMO9729881,3FOB6,70,1,229,32,7.5,70,A
367359930,2021-05-16T23:21:49,36.82420,-76.28914,0.0,264.6,511.0,SUNNY WILLIAMS,,WDE4940,80,0,25,8,,80,A
367821000,2021-05-16T23:22:12,36.97285,-76.43367,0.0,0.0,511.0,YANO,IMO7825409,NAQH,70,5,276,32,13.0,70,A
367822000,2021-05-16T23:21:54,36.97312,-76.43386,0.0,0.0,1.0,USNS SHUGHART,IMO7825394,NAOQ,70,5,276,32,13.0,70,A
338846000,2021-05-16T23:42:44,36.86555,-76.31582,0.0,0.1,227.0,USNS MENDONCA,IMO9147320,NBMK,70,3,289,32,10.9,35,A
538005067,2021-05-16T23:43:09,37.26787,-76.10161,0.0,223.7,10.0,AM KRAKOW,IMO9624122,V7AU2,70,1,229,32,14.5,70,A
538003886,2021-05-16T23:45:37,36.91129,-76.32730,0.0,75.8,351.0,MOL MAXIM,IMO9424936,V7TU3,70,5,302,43,14.2,71,A
366842000,2021-05-16T23:46:20,36.85383,-76.31122,0.0,0.0,42.0,CAPE RACE,IMO7616377,KAFJ,70,5,197,32,10.0,79,A
538009119,2021-05-16T23:23:38,36.87949,-76.32636,0.0,109.0,273.0,ARMONIA.GR,IMO9758868,V7A4344,70,5,199,32,6.5,70,A
565003000,2021-05-16T23:45:18,37.06544,-76.09282,10.3,143.9,141.0,BULK FINLAND,IMO9691577,9V2513,70,0,224,32,14.4,70,A
368026000,2021-05-16T23:25:26,36.86577,-76.31603,0.0,218.7,511.0,BENAVIDEZ,IMO9218210,NBHG,70,5,289,32,10.9,70,A
538009119,2021-05-16T23:26:38,36.87950,-76.32639,0.0,109.0,273.0,ARMONIA.GR,IMO9758868,V7A4344,70,5,199,32,6.5,70,A
371420000,2021-05-16T23:25:04,37.21106,-76.13195,0.0,169.9,17.0,DIONE,IMO9729881,3FOB6,70,1,229,32,7.5,70,A
372348000,2021-05-16T23:26:43,37.19126,-76.09692,0.1,294.6,7.0,PRT KAHO,IMO9701152,3FGE7,70,1,224,32,14.4,70,A
373327000,2021-05-16T23:26:22,37.21670,-76.09142,0.1,298.0,8.0,ENERGY TRITON,IMO9602368,3FLG8,70,1,228,32,14.4,79,A
368445000,2021-05-16T23:26:22,36.96308,-76.42016,0.0,0.0,188.0,OVERSEAS NIKISKI,IMO9353577,WDBH,80,5,183,32,12.2,80,A
636018660,2021-05-16T23:49:22,37.23072,-76.13810,14.6,16.9,17.0,MSC ANTONIA,IMO9398216,D5QT7,70,0,304,40,13.5,70,A
538005067,2021-05-16T23:46:12,37.26785,-76.10160,0.0,242.1,11.0,AM KRAKOW,IMO9624122,V7AU2,70,1,229,32,14.5,70,A
636015650,2021-05-16T23:48:56,36.96282,-76.42409,0.0,36.0,39.0,NS ENERGY,IMO9609732,D5CA8,70,5,225,32,14.2,79,A
636010915,2021-05-16T23:26:14,37.22492,-76.14119,9.6,199.8,198.0,STOLT SPAN,IMO9149524,ELVQ7,80,0,162,23,10.1,80,A
636010915,2021-05-16T23:49:13,37.14598,-76.14957,13.7,171.0,164.0,STOLT SPAN,IMO9149524,ELVQ7,80,0,162,23,10.1,80,A
368026000,2021-05-16T23:49:25,36.86577,-76.31604,0.0,218.7,511.0,BENAVIDEZ,IMO9218210,NBHG,70,5,289,32,10.9,70,A
368026000,2021-05-16T23:28:26,36.86578,-76.31602,0.0,218.7,511.0,BENAVIDEZ,IMO9218210,NBHG,70,5,289,32,10.9,70,A
367222000,2021-05-16T23:27:51,36.94836,-76.33072,0.0,0.0,101.0,WALTER S DIEHL,IMO8511495,NWSD,80,5,206,29,,0,A
477231100,2021-05-16T23:27:53,37.18324,-76.11034,0.1,326.2,12.0,CL CHRISTINA,IMO9710892,VRSE5,70,1,200,32,6.9,70,A
338846000,2021-05-16T23:25:24,36.86560,-76.31575,0.0,0.1,227.0,USNS MENDONCA,IMO9147320,NBMK,70,3,289,32,10.9,35,A
366842000,2021-05-16T23:49:21,36.85382,-76.31118,0.0,0.0,42.0,CAPE RACE,IMO7616377,KAFJ,70,5,197,32,10.0,79,A
368445000,2021-05-16T23:50:22,36.96314,-76.42013,0.0,0.0,188.0,OVERSEAS NIKISKI,IMO9353577,WDBH,80,5,183,32,12.2,80,A
636018660,2021-05-16T23:28:34,37.14909,-76.14936,14.9,348.4,350.0,MSC ANTONIA,IMO9398216,D5QT7,70,0,304,40,13.5,70,A
565003000,2021-05-16T23:28:59,37.10677,-76.12267,10.6,150.6,147.0,BULK FINLAND,IMO9691577,9V2513,70,0,224,32,14.4,70,A
357997000,2021-05-16T23:49:41,37.20197,-76.08980,0.0,289.0,13.0,NORD TREASURE,IMO9566459,3ESI7,70,1,189,32,12.7,70,A
338678000,2021-05-16T23:51:08,36.91626,-76.16843,0.0,235.4,10.0,DOLORES CHOUEST,IMO8225931,WCP8847,70,5,54,12,4.0,35,A
220413000,2021-05-16T23:50:57,37.29884,-76.10874,13.4,30.1,30.0,GUNVOR MAERSK,IMO9302891,OYGC2,70,0,367,42,15.0,71,A
311072300,2021-05-16T23:30:16,37.05215,-76.08024,15.2,321.7,321.0,MORNING CLASSIC,IMO9441609,C6ZY7,70,0,199,32,10.0,70,A
366841000,2021-05-16T23:28:00,36.85331,-76.31058,0.0,0.0,40.0,CAPE RAY,IMO7530810,KAFI,70,5,197,32,10.0,70,A
311072300,2021-05-16T23:32:22,37.05910,-76.08706,15.1,321.2,321.0,MORNING CLASSIC,IMO9441609,C6ZY7,70,0,199,32,10.0,70,A
218023000,2021-05-16T23:50:07,37.11465,-76.12751,16.1,333.8,336.0,DUBLIN EXPRESS,IMO9232577,DDSB2,70,0,280,32,12.5,79,A
477231100,2021-05-16T23:51:53,37.18326,-76.11041,0.0,141.2,15.0,CL CHRISTINA,IMO9710892,VRSE5,70,1,200,32,6.9,70,A
338846000,2021-05-16T23:48:35,36.86558,-76.31575,0.0,0.1,227.0,USNS MENDONCA,IMO9147320,NBMK,70,3,289,32,10.9,35,A
311072300,2021-05-16T23:53:22,37.13832,-76.14409,15.8,329.7,331.0,MORNING CLASSIC,IMO9441609,C6ZY7,70,0,199,32,10.0,70,A
538009119,2021-05-16T23:32:38,36.87953,-76.32635,0.0,109.0,273.0,ARMONIA.GR,IMO9758868,V7A4344,70,5,199,32,6.5,70,A
636018070,2021-05-16T23:33:43,36.87747,-76.34994,0.0,340.3,347.0,ARISTOMENIS,IMO9408841,D5OA5,70,5,349,45,15.0,71,A
256116000,2021-05-16T23:33:29,36.90815,-76.32687,0.0,195.4,352.0,VIRGINIA TRADER,IMO9344552,9HA3823,70,5,211,29,11.4,79,A
372348000,2021-05-16T23:53:43,37.19125,-76.09696,0.1,347.4,14.0,PRT KAHO,IMO9701152,3FGE7,70,1,224,32,14.4,70,A
636018660,2021-05-16T23:35:10,37.17552,-76.15416,14.6,351.9,354.0,MSC ANTONIA,IMO9398216,D5QT7,70,0,304,40,13.5,70,A
367359930,2021-05-16T23:31:19,36.82420,-76.28913,0.0,227.2,511.0,SUNNY WILLIAMS,,WDE4940,80,0,25,8,,80,A
636010915,2021-05-16T23:56:02,37.12360,-76.13535,13.2,144.3,140.0,STOLT SPAN,IMO9149524,ELVQ7,80,0,162,23,10.1,80,A
565003000,2021-05-16T23:37:08,37.08583,-76.10809,10.5,150.2,148.0,BULK FINLAND,IMO9691577,9V2513,70,0,224,32,14.4,70,A
565003000,2021-05-16T23:38:19,37.08284,-76.10596,10.4,150.2,148.0,BULK FINLAND,IMO9691577,9V2513,70,0,224,32,14.4,70,A
373327000,2021-05-16T23:56:22,37.21662,-76.09126,0.0,111.9,13.0,ENERGY TRITON,IMO9602368,3FLG8,70,1,228,32,14.4,79,A
368445000,2021-05-16T23:56:22,36.96310,-76.42012,0.0,0.0,188.0,OVERSEAS NIKISKI,IMO9353577,WDBH,80,5,183,32,12.2,80,A
367359930,2021-05-16T23:54:39,36.82419,-76.28911,0.0,261.0,511.0,SUNNY WILLIAMS,,WDE4940,80,0,25,8,,80,A
220413000,2021-05-16T23:59:00,37.32736,-76.09107,14.6,24.4,26.0,GUNVOR MAERSK,IMO9302891,OYGC2,70,0,367,42,15.0,71,A
565003000,2021-05-16T23:39:29,37.07988,-76.10384,10.4,149.4,148.0,BULK FINLAND,IMO9691577,9V2513,70,0,224,32,14.4,70,A
565003000,2021-05-16T23:57:58,37.03600,-76.06475,10.7,141.9,140.0,BULK FINLAND,IMO9691577,9V2513,70,0,224,32,14.4,70,A
368026000,2021-05-16T23:58:26,36.86577,-76.31603,0.1,218.7,511.0,BENAVIDEZ,IMO9218210,NBHG,70,5,289,32,10.9,70,A
338846000,2021-05-16T23:56:54,36.86558,-76.31578,0.0,0.1,227.0,USNS MENDONCA,IMO9147320,NBMK,70,3,289,32,10.9,35,A
367633000,2021-05-16T23:45:13,36.96641,-76.42776,0.0,353.1,223.0,LONESTAR STATE,IMO9697985,WLSY,80,5,178,,,80,A
565003000,2021-05-16T23:44:08,37.06822,-76.09510,10.4,148.9,145.0,BULK FINLAND,IMO9691577,9V2513,70,0,224,32,14.4,70,A
218023000,2021-05-16T23:59:01,37.14753,-76.14962,14.9,348.4,353.0,DUBLIN EXPRESS,IMO9232577,DDSB2,70,0,280,32,12.5,79,A
366841000,2021-05-16T23:43:01,36.85329,-76.31055,0.0,0.0,40.0,CAPE RAY,IMO7530810,KAFI,70,5,197,32,10.0,70,A
256116000,2021-05-16T23:45:28,36.90827,-76.32685,0.0,195.4,352.0,VIRGINIA TRADER,IMO9344552,9HA3823,70,5,211,29,11.4,79,A
636018660,2021-05-16T23:46:10,37.21829,-76.14285,14.6,16.5,17.0,MSC ANTONIA,IMO9398216,D5QT7,70,0,304,40,13.5,70,A
338678000,2021-05-16T23:48:08,36.91634,-76.16843,0.0,226.7,10.0,DOLORES CHOUEST,IMO8225931,WCP8847,70,5,54,12,4.0,35,A
338846000,2021-05-16T23:50:56,36.86555,-76.31580,0.0,0.1,227.0,USNS MENDONCA,IMO9147320,NBMK,70,3,289,32,10.9,35,A
367359930,2021-05-16T23:48:49,36.82421,-76.28912,0.0,255.2,511.0,SUNNY WILLIAMS,,WDE4940,80,0,25,8,,80,A
218023000,2021-05-16T23:49:01,37.11023,-76.12479,16.2,331.5,335.0,DUBLIN EXPRESS,IMO9232577,DDSB2,70,0,280,32,12.5,79,A
636012908,2021-05-16T23:44:56,37.22760,-76.43675,0.0,256.4,256.0,TAVRICHESKY BRIDGE,IMO9292060,A8IZ6,80,5,182,32,12.2,80,A
311072300,2021-05-16T23:50:04,37.12567,-76.13517,15.8,331.9,332.0,MORNING CLASSIC,IMO9441609,C6ZY7,70,0,199,32,10.0,70,A
636018660,2021-05-16T23:54:52,37.25210,-76.12951,14.7,17.6,18.0,MSC ANTONIA,IMO9398216,D5QT7,70,0,304,40,13.5,70,A
477231100,2021-05-16T23:54:53,37.18327,-76.11040,0.0,16.4,15.0,CL CHRISTINA,IMO9710892,VRSE5,70,1,200,32,6.9,70,A
636018660,2021-05-16T23:57:04,37.26065,-76.12610,14.7,17.3,18.0,MSC ANTONIA,IMO9398216,D5QT7,70,0,304,40,13.5,70,A
367222000,2021-05-16T23:51:50,36.94831,-76.33069,0.0,0.0,101.0,WALTER S DIEHL,IMO8511495,NWSD,80,5,206,29,,0,A
338846000,2021-05-16T23:55:46,36.86560,-76.31575,0.0,0.1,227.0,USNS MENDONCA,IMO9147320,NBMK,70,3,289,32,10.9,35,A
373327000,2021-05-16T23:50:22,37.21668,-76.09137,0.1,72.3,17.0,ENERGY TRITON,IMO9602368,3FLG8,70,1,228,32,14.4,79,A
357997000,2021-05-16T23:52:41,37.20196,-76.08980,0.0,289.0,14.0,NORD TREASURE,IMO9566459,3ESI7,70,1,189,32,12.7,70,A
338846000,2021-05-16T23:59:15,36.86562,-76.31577,0.4,27.9,227.0,USNS MENDONCA,IMO9147320,NBMK,70,3,289,32,10.9,35,A
368445000,2021-05-16T23:53:22,36.96309,-76.42018,0.0,0.0,188.0,OVERSEAS NIKISKI,IMO9353577,WDBH,80,5,183,32,12.2,80,A
367359930,2021-05-16T23:57:09,36.82421,-76.28912,0.0,273.3,511.0,SUNNY WILLIAMS,,WDE4940,80,0,25,8,,80,A
366841000,2021-05-16T23:58:02,36.85326,-76.31055,0.0,0.0,40.0,CAPE RAY,IMO7530810,KAFI,70,5,197,32,10.0,70,A
220413000,2021-05-16T23:56:47,37.31928,-76.09575,14.5,24.3,25.0,GUNVOR MAERSK,IMO9302891,OYGC2,70,0,367,42,15.0,71,A
218023000,2021-05-16T23:56:43,37.13897,-76.14450,14.7,328.2,331.0,DUBLIN EXPRESS,IMO9232577,DDSB2,70,0,280,32,12.5,79,A
636010915,2021-05-16T23:58:22,37.11647,-76.12922,13.5,149.5,147.0,STOLT SPAN,IMO9149524,ELVQ7,80,0,162,23,10.1,80,A
